$MeshFormat
2.2 0 8
$EndMeshFormat
$PhysicalNames
4
2 1 "EXTERIOR (1) (1)"
2 2 "INTERFACE"
2 3 "SURROUND"
2 4 "CONE"
$EndPhysicalNames
$Nodes
1302
1 0.0000000000000000e+00 0.0000000000000000e+00 -5.0000000000000000e+02
2 0.0000000000000000e+00 2.4854370449312000e+02 -5.0000000000000000e+02
3 6.6574973084603403e+02 2.4854370449312000e+02 -5.0000000000000000e+02
4 6.6574973084603403e+02 0.0000000000000000e+00 -5.0000000000000000e+02
5 6.6574973084603403e+02 0.0000000000000000e+00 0.0000000000000000e+00
6 6.6574973084603403e+02 2.4854370449312000e+02 0.0000000000000000e+00
7 0.0000000000000000e+00 2.4854370449312000e+02 0.0000000000000000e+00
8 3.0953734059447999e+02 3.7907391337561302e-14 -7.5092532539826607e+01
9 4.9326498722873299e+02 0.0000000000000000e+00 -7.5092532539826607e+01
10 5.7733456850348500e+02 0.0000000000000000e+00 -5.7202658523140197e+00
11 2.2546775931972701e+02 2.7611836976183001e-14 -5.7202658523140100e+00
12 1.0149914179821300e+02 2.3054370449312000e+02 -2.8847791156241903e-14
13 1.0149914179821300e+02 0.0000000000000000e+00 -2.8847791156241903e-14
14 1.9653180669923901e+02 4.9157465055837100e-14 0.0000000000000000e+00
15 6.0627052112397303e+02 0.0000000000000000e+00 0.0000000000000000e+00
16 0.0000000000000000e+00 2.3054370449312000e+02 -1.4428397449124000e-14
17 2.2338676066339201e+02 2.7356988141831901e-14 0.0000000000000000e+00
18 5.7941556715982097e+02 0.0000000000000000e+00 0.0000000000000000e+00
19 0.0000000000000000e+00 3.5506243499017209e+01 -5.0000000000000000e+02
20 0.0000000000000000e+00 7.1012486998034419e+01 -5.0000000000000000e+02
21 0.0000000000000000e+00 1.0651873049705161e+02 -5.0000000000000000e+02
22 0.0000000000000000e+00 1.4202497399606889e+02 -5.0000000000000000e+02
23 0.0000000000000000e+00 1.7753121749508611e+02 -5.0000000000000000e+02
24 0.0000000000000000e+00 2.1303746099410310e+02 -5.0000000000000000e+02
25 3.9161748873296119e+01 2.4854370449312009e+02 -5.0000000000000000e+02
26 7.8323497746592125e+01 2.4854370449312009e+02 -5.0000000000000000e+02
27 1.1748524661988820e+02 2.4854370449312009e+02 -5.0000000000000000e+02
28 1.5664699549318419e+02 2.4854370449312009e+02 -5.0000000000000000e+02
29 1.9580874436648040e+02 2.4854370449312009e+02 -5.0000000000000000e+02
30 2.3497049323977649e+02 2.4854370449312009e+02 -5.0000000000000000e+02
31 2.7413224211307261e+02 2.4854370449312009e+02 -5.0000000000000000e+02
32 3.1329399098636873e+02 2.4854370449312009e+02 -5.0000000000000000e+02
33 3.5245573985966467e+02 2.4854370449312009e+02 -5.0000000000000000e+02
34 3.9161748873296091e+02 2.4854370449312009e+02 -5.0000000000000000e+02
35 4.3077923760625720e+02 2.4854370449312009e+02 -5.0000000000000000e+02
36 4.6994098647955332e+02 2.4854370449312009e+02 -5.0000000000000000e+02
37 5.0910273535284944e+02 2.4854370449312009e+02 -5.0000000000000000e+02
38 5.4826448422614578e+02 2.4854370449312009e+02 -5.0000000000000000e+02
39 5.8742623309944190e+02 2.4854370449312009e+02 -5.0000000000000000e+02
40 6.2658798197273802e+02 2.4854370449312009e+02 -5.0000000000000000e+02
41 6.6574973084603403e+02 2.1303746099410279e+02 -5.0000000000000000e+02
42 6.6574973084603403e+02 1.7753121749508560e+02 -5.0000000000000000e+02
43 6.6574973084603403e+02 1.4202497399606830e+02 -5.0000000000000000e+02
44 6.6574973084603403e+02 1.0651873049705110e+02 -5.0000000000000000e+02
45 6.6574973084603403e+02 7.1012486998033921e+01 -5.0000000000000000e+02
46 6.6574973084603403e+02 3.5506243499016961e+01 -5.0000000000000000e+02
47 6.2658798197273791e+02 0.0000000000000000e+00 -5.0000000000000000e+02
48 5.8742623309944167e+02 0.0000000000000000e+00 -5.0000000000000000e+02
49 5.4826448422614556e+02 0.0000000000000000e+00 -5.0000000000000000e+02
50 5.0910273535284944e+02 0.0000000000000000e+00 -5.0000000000000000e+02
51 4.6994098647955320e+02 0.0000000000000000e+00 -5.0000000000000000e+02
52 4.3077923760625703e+02 0.0000000000000000e+00 -5.0000000000000000e+02
53 3.9161748873296068e+02 0.0000000000000000e+00 -5.0000000000000000e+02
54 3.5245573985966462e+02 0.0000000000000000e+00 -5.0000000000000000e+02
55 3.1329399098636833e+02 0.0000000000000000e+00 -5.0000000000000000e+02
56 2.7413224211307210e+02 0.0000000000000000e+00 -5.0000000000000000e+02
57 2.3497049323977600e+02 0.0000000000000000e+00 -5.0000000000000000e+02
58 1.9580874436648011e+02 0.0000000000000000e+00 -5.0000000000000000e+02
59 1.5664699549318411e+02 0.0000000000000000e+00 -5.0000000000000000e+02
60 1.1748524661988810e+02 0.0000000000000000e+00 -5.0000000000000000e+02
61 7.8323497746592082e+01 0.0000000000000000e+00 -5.0000000000000000e+02
62 3.9161748873296069e+01 0.0000000000000000e+00 -5.0000000000000000e+02
63 6.6574973084603403e+02 0.0000000000000000e+00 -2.6612904070020601e+01
64 6.6574973084603403e+02 0.0000000000000000e+00 -5.5278305626067898e+01
65 6.6574973084603403e+02 0.0000000000000000e+00 -8.7781361775714856e+01
66 6.6574973084603403e+02 0.0000000000000000e+00 -1.2472313424410430e+02
67 6.6574973084603403e+02 0.0000000000000000e+00 -1.6225082081969390e+02
68 6.6574973084603403e+02 0.0000000000000000e+00 -1.9977850739528341e+02
69 6.6574973084603403e+02 0.0000000000000000e+00 -2.3730619397087301e+02
70 6.6574973084603403e+02 0.0000000000000000e+00 -2.7483388054646252e+02
71 6.6574973084603403e+02 0.0000000000000000e+00 -3.1236156712205218e+02
72 6.6574973084603403e+02 0.0000000000000000e+00 -3.4988925369764172e+02
73 6.6574973084603403e+02 0.0000000000000000e+00 -3.8741694027323132e+02
74 6.6574973084603403e+02 0.0000000000000000e+00 -4.2494462684882092e+02
75 6.6574973084603403e+02 0.0000000000000000e+00 -4.6247231342441040e+02
76 6.6574973084603403e+02 2.4854370449312000e+02 -3.8461538461538460e+01
77 6.6574973084603403e+02 2.4854370449312000e+02 -7.6923076923076920e+01
78 6.6574973084603403e+02 2.4854370449312000e+02 -1.1538461538461540e+02
79 6.6574973084603403e+02 2.4854370449312000e+02 -1.5384615384615381e+02
80 6.6574973084603403e+02 2.4854370449312000e+02 -1.9230769230769229e+02
81 6.6574973084603403e+02 2.4854370449312000e+02 -2.3076923076923080e+02
82 6.6574973084603403e+02 2.4854370449312000e+02 -2.6923076923076923e+02
83 6.6574973084603403e+02 2.4854370449312000e+02 -3.0769230769230768e+02
84 6.6574973084603403e+02 2.4854370449312000e+02 -3.4615384615384608e+02
85 6.6574973084603403e+02 2.4854370449312000e+02 -3.8461538461538458e+02
86 6.6574973084603403e+02 2.4854370449312000e+02 -4.2307692307692309e+02
87 6.6574973084603403e+02 2.4854370449312000e+02 -4.6153846153846149e+02
88 6.6574973084603403e+02 2.1130677462110029e+02 0.0000000000000000e+00
89 6.6574973084603403e+02 1.7437489623386671e+02 0.0000000000000000e+00
90 6.6574973084603403e+02 1.4034506518479890e+02 0.0000000000000000e+00
91 6.6574973084603403e+02 1.0916053959556849e+02 0.0000000000000000e+00
92 6.6574973084603403e+02 8.0115529477895564e+01 0.0000000000000000e+00
93 6.6574973084603403e+02 5.2597723959441169e+01 0.0000000000000000e+00
94 6.6574973084603403e+02 2.6062049142658172e+01 0.0000000000000000e+00
95 0.0000000000000000e+00 2.4854370449312000e+02 -4.6134797166668949e+02
96 0.0000000000000000e+00 2.4854370449312000e+02 -4.2269594333337898e+02
97 0.0000000000000000e+00 2.4854370449312000e+02 -3.8404391500006852e+02
98 0.0000000000000000e+00 2.4854370449312000e+02 -3.4539188666675801e+02
99 0.0000000000000000e+00 2.4854370449312000e+02 -3.0673985833344739e+02
100 0.0000000000000000e+00 2.4854370449312000e+02 -2.6808783000013688e+02
101 0.0000000000000000e+00 2.4854370449312000e+02 -2.2943580166682639e+02
102 0.0000000000000000e+00 2.4854370449312000e+02 -1.9078377333351591e+02
103 0.0000000000000000e+00 2.4854370449312000e+02 -1.5213174500020531e+02
104 0.0000000000000000e+00 2.4854370449312000e+02 -1.1353411627644890e+02
105 0.0000000000000000e+00 2.4854370449312000e+02 -7.8541097314904292e+01
106 0.0000000000000000e+00 2.4854370449312000e+02 -4.8624089206011043e+01
107 0.0000000000000000e+00 2.4854370449312000e+02 -2.2870278828717559e+01
108 2.2297807808634840e+01 2.4854370449312009e+02 0.0000000000000000e+00
109 4.4595552680664127e+01 2.4854370449312009e+02 0.0000000000000000e+00
110 6.6893299635837366e+01 2.4854370449312009e+02 0.0000000000000000e+00
111 8.9191053277366450e+01 2.4854370449312009e+02 0.0000000000000000e+00
112 1.1157456670894490e+02 2.4854370449312009e+02 0.0000000000000000e+00
113 1.3572675447858180e+02 2.4854370449312009e+02 0.0000000000000000e+00
114 1.6351494837435609e+02 2.4854370449312009e+02 0.0000000000000000e+00
115 1.9590021233002409e+02 2.4854370449312009e+02 0.0000000000000000e+00
116 2.3153082809567221e+02 2.4854370449312009e+02 0.0000000000000000e+00
117 2.6397359193915179e+02 2.4854370449312009e+02 0.0000000000000000e+00
118 2.9351063431269790e+02 2.4854370449312009e+02 0.0000000000000000e+00
119 3.2085281152454712e+02 2.4854370449312009e+02 0.0000000000000000e+00
120 3.4660834146470052e+02 2.4854370449312009e+02 0.0000000000000000e+00
121 3.7131086208233239e+02 2.4854370449312009e+02 0.0000000000000000e+00
122 3.9544435886830399e+02 2.4854370449312009e+02 0.0000000000000000e+00
123 4.1946594601153481e+02 2.4854370449312009e+02 0.0000000000000000e+00
124 4.4382746286026719e+02 2.4854370449312009e+02 0.0000000000000000e+00
125 4.6899683259640381e+02 2.4854370449312009e+02 0.0000000000000000e+00
126 4.9548013309743982e+02 2.4854370449312009e+02 0.0000000000000000e+00
127 5.2384532557323303e+02 2.4854370449312009e+02 0.0000000000000000e+00
128 5.5474862409768423e+02 2.4854370449312009e+02 0.0000000000000000e+00
129 5.8896441130654728e+02 2.4854370449312009e+02 0.0000000000000000e+00
130 6.2697172026534770e+02 2.4854370449312009e+02 0.0000000000000000e+00
131 3.2155845224578587e+02 0.0000000000000000e+00 -6.5302042486505684e+01
132 3.3461451735920639e+02 0.0000000000000000e+00 -5.6941421422765103e+01
133 3.4853629794784450e+02 0.0000000000000000e+00 -5.0119043094120599e+01
134 3.6314333427131322e+02 0.0000000000000000e+00 -4.4923341922747568e+01
135 3.7824628402774403e+02 0.0000000000000000e+00 -4.1421666684799021e+01
136 3.9364937668514438e+02 0.0000000000000000e+00 -3.9659407508379331e+01
137 4.0915295113806781e+02 0.0000000000000000e+00 -3.9659407508379360e+01
138 4.2455604379546821e+02 0.0000000000000000e+00 -4.1421666684799050e+01
139 4.3965899355189907e+02 0.0000000000000000e+00 -4.4923341922747682e+01
140 4.5426602987536779e+02 0.0000000000000000e+00 -5.0119043094120769e+01
141 4.6818781046400608e+02 0.0000000000000000e+00 -5.6941421422765401e+01
142 4.8124387557742659e+02 0.0000000000000000e+00 -6.5302042486506053e+01
143 4.9201208441424438e+02 1.5120288360504190e+01 -7.5092532539826607e+01
144 4.8828755189348510e+02 2.9828134670183850e+01 -7.5092532539826607e+01
145 4.8219298520448950e+02 4.3722347222204711e+01 -7.5092532539826607e+01
146 4.7389462823918359e+02 5.6423928117656672e+01 -7.5092532539826607e+01
147 4.6361883854337901e+02 6.7586411340262003e+01 -7.5092532539826607e+01
148 4.5164591287299248e+02 7.6905313446130037e+01 -7.5092532539826607e+01
149 4.3830244142922447e+02 8.4126439078377487e+01 -7.5092532539826607e+01
150 4.2395239932922709e+02 8.9052814753826212e+01 -7.5092532539826607e+01
151 4.0898721831372029e+02 9.1550061786152952e+01 -7.5092532539826607e+01
152 3.9381510950949172e+02 9.1550061786152952e+01 -7.5092532539826607e+01
153 3.7884992849398492e+02 8.9052814753826240e+01 -7.5092532539826607e+01
154 3.6449988639398742e+02 8.4126439078377501e+01 -7.5092532539826607e+01
155 3.5115641495021953e+02 7.6905313446130052e+01 -7.5092532539826607e+01
156 3.3918348927983311e+02 6.7586411340262018e+01 -7.5092532539826607e+01
157 3.2890769958402842e+02 5.6423928117656693e+01 -7.5092532539826607e+01
158 3.2060934261872251e+02 4.3722347222204768e+01 -7.5092532539826607e+01
159 3.1451477592972691e+02 2.9828134670183822e+01 -7.5092532539826607e+01
160 3.1079024340896763e+02 1.5120288360504210e+01 -7.5092532539826607e+01
161 5.7662631234018136e+02 1.5770548800644240e+01 -5.7202658523140100e+00
162 5.7450724631244975e+02 3.1414122415278236e+01 -5.7202658523140100e+00
163 5.7099443189395458e+02 4.6804767987429202e+01 -5.7202658523140100e+00
164 5.6611615220089232e+02 6.1818569088503303e+01 -5.7202658523140100e+00
165 5.5991168427296941e+02 7.6334643420006799e+01 -5.7202658523140100e+00
166 5.5243098283777340e+02 9.0236116086735834e+01 -5.7202658523140100e+00
167 5.4373427810467933e+02 1.0341106060471159e+02 -5.7202658523140100e+00
168 5.3389159082661854e+02 1.1575340006741710e+02 -5.7202658523140100e+00
169 5.2298216853414760e+02 1.2716376121467678e+02 -5.7202658523140100e+00
170 5.1109384748092879e+02 1.3755027452771671e+02 -5.7202658523140100e+00
171 4.9832234543786342e+02 1.4682931390851101e+02 -5.7202658523140100e+00
172 4.8477049102988030e+02 1.5492616998795259e+02 -5.7202658523140100e+00
173 4.7054739582031141e+02 1.6177565164176389e+02 -5.7202658523140100e+00
174 4.5576757580873959e+02 1.6732261087109839e+02 -5.7202658523140100e+00
175 4.4055002941550458e+02 1.7152238682180081e+02 -5.7202658523140100e+00
176 4.2501727937639242e+02 1.7434116536734430e+02 -5.7202658523140100e+00
177 4.0929438626160868e+02 1.7575625136029510e+02 -5.7202658523140100e+00
178 3.9350794156160242e+02 1.7575625136029510e+02 -5.7202658523140100e+00
179 3.7778504844681879e+02 1.7434116536734419e+02 -5.7202658523140100e+00
180 3.6225229840770658e+02 1.7152238682180061e+02 -5.7202658523140100e+00
181 3.4703475201447168e+02 1.6732261087109819e+02 -5.7202658523140100e+00
182 3.3225493200289992e+02 1.6177565164176360e+02 -5.7202658523140100e+00
183 3.1803183679333131e+02 1.5492616998795239e+02 -5.7202658523140100e+00
184 3.0447998238534831e+02 1.4682931390851081e+02 -5.7202658523140100e+00
185 2.9170848034228283e+02 1.3755027452771640e+02 -5.7202658523140100e+00
186 2.7982015928906418e+02 1.2716376121467660e+02 -5.7202658523140100e+00
187 2.6891073699659330e+02 1.1575340006741691e+02 -5.7202658523140100e+00
188 2.5906804971853251e+02 1.0341106060471139e+02 -5.7202658523140100e+00
189 2.5037134498543850e+02 9.0236116086735734e+01 -5.7202658523140100e+00
190 2.4289064355024260e+02 7.6334643420006827e+01 -5.7202658523140100e+00
191 2.3668617562231969e+02 6.1818569088503381e+01 -5.7202658523140100e+00
192 2.3180789592925740e+02 4.6804767987429457e+01 -5.7202658523140100e+00
193 2.2829508151076229e+02 3.1414122415278495e+01 -5.7202658523140100e+00
194 2.2617601548303060e+02 1.5770548800644411e+01 -5.7202658523140100e+00
195 5.0527492741084046e+02 0.0000000000000000e+00 -6.5182208727324706e+01
196 5.1728486759294788e+02 0.0000000000000000e+00 -5.5271884914822927e+01
197 5.2929480777505535e+02 0.0000000000000000e+00 -4.5361561102321147e+01
198 5.4130474795716282e+02 0.0000000000000000e+00 -3.5451237289819339e+01
199 5.5331468813927029e+02 0.0000000000000000e+00 -2.5540913477317599e+01
200 5.6532462832137765e+02 0.0000000000000000e+00 -1.5630589664815869e+01
201 2.3747769950183439e+02 0.0000000000000000e+00 -1.5630589664815970e+01
202 2.4948763968394201e+02 0.0000000000000000e+00 -2.5540913477317801e+01
203 2.6149757986604948e+02 0.0000000000000000e+00 -3.5451237289819623e+01
204 2.7350752004815712e+02 0.0000000000000000e+00 -4.5361561102321467e+01
205 2.8551746023026459e+02 0.0000000000000000e+00 -5.5271884914823303e+01
206 2.9752740041237212e+02 0.0000000000000000e+00 -6.5182208727325133e+01
207 1.0149914179821290e+02 2.1133172911869340e+02 -2.8847791156241903e-14
208 1.0149914179821290e+02 1.9211975374426660e+02 -2.8847791156241903e-14
209 1.0149914179821300e+02 1.7290777836984000e+02 -2.8847791156241903e-14
210 1.0149914179821300e+02 1.5369580299541329e+02 -2.8847791156241903e-14
211 1.0149914179821300e+02 1.3448382762098660e+02 -2.8847791156241903e-14
212 1.0149914179821300e+02 1.1527185224656000e+02 -2.8847791156241903e-14
213 1.0149914179821300e+02 9.6059876872133316e+01 -2.8847791156241903e-14
214 1.0149914179821300e+02 7.6847901497706630e+01 -2.8847791156241903e-14
215 1.0149914179821300e+02 5.7635926123280001e+01 -2.8847791156241903e-14
216 1.0149914179821300e+02 3.8423950748853308e+01 -2.8847791156241903e-14
217 1.0149914179821300e+02 1.9211975374426661e+01 -2.8847791156241903e-14
218 1.2009697960322710e+02 0.0000000000000000e+00 0.0000000000000000e+00
219 1.4151774420835750e+02 0.0000000000000000e+00 0.0000000000000000e+00
220 1.6297788620055641e+02 0.0000000000000000e+00 0.0000000000000000e+00
221 1.8111344098427659e+02 0.0000000000000000e+00 0.0000000000000000e+00
222 1.9713293412465941e+02 1.5682596223699861e+01 0.0000000000000000e+00
223 1.9893278874616030e+02 3.1273160736848723e+01 0.0000000000000000e+00
224 2.0192080830114219e+02 4.6680201907568147e+01 0.0000000000000000e+00
225 2.0607945790272251e+02 6.1813305091927617e+01 0.0000000000000000e+00
226 2.1138433294142499e+02 7.6583663223027500e+01 0.0000000000000000e+00
227 2.1780430230113171e+02 9.0904597966179736e+01 0.0000000000000000e+00
228 2.2530169104885110e+02 1.0469206838184211e+02 0.0000000000000000e+00
229 2.3383250152620630e+02 1.1786516411126900e+02 0.0000000000000000e+00
230 2.4334667154518820e+02 1.3034658019066879e+02 0.0000000000000000e+00
231 2.5378836817298227e+02 1.4206307070747070e+02 0.0000000000000000e+00
232 2.6509631538181839e+02 1.5294587863646441e+02 0.0000000000000000e+00
233 2.7720415364106771e+02 1.6293113933336451e+02 0.0000000000000000e+00
234 2.9004082934135442e+02 1.7196025531793700e+02 0.0000000000000000e+00
235 3.0353101176538979e+02 1.7998024014731439e+02 0.0000000000000000e+00
236 3.1759553515857419e+02 1.8694402936151101e+02 0.0000000000000000e+00
237 3.3215186330512478e+02 1.9281075667638891e+02 0.0000000000000000e+00
238 3.4711457388340801e+02 1.9754599380326289e+02 0.0000000000000000e+00
239 3.6239585975809030e+02 2.0112195248778829e+02 0.0000000000000000e+00
240 3.7790604426732278e+02 2.0351764758248669e+02 0.0000000000000000e+00
241 3.9355410748105129e+02 2.0471902019593620e+02 0.0000000000000000e+00
242 4.0924822034215941e+02 2.0471902019593631e+02 0.0000000000000000e+00
243 4.2489628355588798e+02 2.0351764758248689e+02 0.0000000000000000e+00
244 4.4040646806512052e+02 2.0112195248778849e+02 0.0000000000000000e+00
245 4.5568775393980292e+02 1.9754599380326329e+02 0.0000000000000000e+00
246 4.7065046451808598e+02 1.9281075667638930e+02 0.0000000000000000e+00
247 4.8520679266463662e+02 1.8694402936151141e+02 0.0000000000000000e+00
248 4.9927131605782108e+02 1.7998024014731490e+02 0.0000000000000000e+00
249 5.1276149848185651e+02 1.7196025531793759e+02 0.0000000000000000e+00
250 5.2559817418214334e+02 1.6293113933336531e+02 0.0000000000000000e+00
251 5.3770601244139266e+02 1.5294587863646530e+02 0.0000000000000000e+00
252 5.4901395965022880e+02 1.4206307070747150e+02 0.0000000000000000e+00
253 5.5945565627802284e+02 1.3034658019066970e+02 0.0000000000000000e+00
254 5.6896982629700506e+02 1.1786516411126991e+02 0.0000000000000000e+00
255 5.7750063677436026e+02 1.0469206838184310e+02 0.0000000000000000e+00
256 5.8499802552207996e+02 9.0904597966180532e+01 0.0000000000000000e+00
257 5.9141799488178663e+02 7.6583663223028296e+01 0.0000000000000000e+00
258 5.9672286992048930e+02 6.1813305091928250e+01 0.0000000000000000e+00
259 6.0088151952206965e+02 4.6680201907568708e+01 0.0000000000000000e+00
260 6.0386953907705163e+02 3.1273160736849110e+01 0.0000000000000000e+00
261 6.0566939369855254e+02 1.5682596223700170e+01 0.0000000000000000e+00
262 6.2273852985388498e+02 0.0000000000000000e+00 0.0000000000000000e+00
263 6.4231605575651895e+02 0.0000000000000000e+00 0.0000000000000000e+00
264 1.6916523633035538e+01 2.3054370449312000e+02 -1.6832380045477500e-14
265 3.3833047266071020e+01 2.3054370449312000e+02 -1.9236362641830981e-14
266 5.0749570899106523e+01 2.3054370449312000e+02 -2.1640345238184469e-14
267 6.7666094532142012e+01 2.3054370449312000e+02 -2.4044327834537950e-14
268 8.4582618165177522e+01 2.3054370449312000e+02 -2.6448310430891441e-14
269 2.0995928368131550e+02 0.0000000000000000e+00 0.0000000000000000e+00
270 2.2410339431548229e+02 1.5957088082027049e+01 0.0000000000000000e+00
271 2.2624752535896019e+02 3.1785699073433445e+01 0.0000000000000000e+00
272 2.2980189051139240e+02 4.7358390305588962e+01 0.0000000000000000e+00
273 2.3473787211450431e+02 6.2549779625286419e+01 0.0000000000000000e+00
274 2.4101572854673790e+02 7.7237554898115889e+01 0.0000000000000000e+00
275 2.4858491419942061e+02 9.1303458793852556e+01 0.0000000000000000e+00
276 2.5738448644028603e+02 1.0463424092494550e+02 0.0000000000000000e+00
277 2.6734359628771551e+02 1.1712256967204820e+02 0.0000000000000000e+00
278 2.7838205884507931e+02 1.2866789635510719e+02 0.0000000000000000e+00
279 2.9041099890237632e+02 1.3917726479221281e+02 0.0000000000000000e+00
280 3.0333356650716752e+02 1.4856605972811801e+02 0.0000000000000000e+00
281 3.1704571674344578e+02 1.5675868810652091e+02 0.0000000000000000e+00
282 3.3143704744012229e+02 1.6368918770090599e+02 0.0000000000000000e+00
283 3.4639168806439301e+02 1.6930175820360711e+02 0.0000000000000000e+00
284 3.6178923264313738e+02 1.7355121049707461e+02 0.0000000000000000e+00
285 3.7750570920101711e+02 1.7640333049007879e+02 0.0000000000000000e+00
286 3.9341457790992672e+02 1.7783515458945550e+02 0.0000000000000000e+00
287 4.0938774991328518e+02 1.7783515458945550e+02 0.0000000000000000e+00
288 4.2529661862219479e+02 1.7640333049007879e+02 0.0000000000000000e+00
289 4.4101309518007452e+02 1.7355121049707461e+02 0.0000000000000000e+00
290 4.5641063975881889e+02 1.6930175820360711e+02 0.0000000000000000e+00
291 4.7136528038308961e+02 1.6368918770090599e+02 0.0000000000000000e+00
292 4.8575661107976612e+02 1.5675868810652091e+02 0.0000000000000000e+00
293 4.9946876131604438e+02 1.4856605972811801e+02 0.0000000000000000e+00
294 5.1239132892083569e+02 1.3917726479221281e+02 0.0000000000000000e+00
295 5.2442026897813264e+02 1.2866789635510730e+02 0.0000000000000000e+00
296 5.3545873153549644e+02 1.1712256967204820e+02 0.0000000000000000e+00
297 5.4541784138292599e+02 1.0463424092494550e+02 0.0000000000000000e+00
298 5.5421741362379146e+02 9.1303458793852542e+01 0.0000000000000000e+00
299 5.6178659927647413e+02 7.7237554898115874e+01 0.0000000000000000e+00
300 5.6806445570870756e+02 6.2549779625286490e+01 0.0000000000000000e+00
301 5.7300043731181950e+02 4.7358390305588948e+01 0.0000000000000000e+00
302 5.7655480246425168e+02 3.1785699073433523e+01 0.0000000000000000e+00
303 5.7869893350772963e+02 1.5957088082027038e+01 0.0000000000000000e+00
304 5.9284304414189705e+02 0.0000000000000000e+00 0.0000000000000000e+00
305 1.1895749834162380e+02 1.2176211831334210e+02 -5.0000000000000000e+02
306 5.4372152679730368e+02 1.2395920771871630e+02 -5.0000000000000000e+02
307 2.5407228644635299e+02 1.2553142019686780e+02 -5.0000000000000000e+02
308 4.0782702921899102e+02 1.2655315610760839e+02 -5.0000000000000000e+02
309 3.3287486542301667e+02 1.6210365525182030e+02 -5.0000000000000000e+02
310 3.3287486542301639e+02 6.7099026151395250e+01 -5.0000000000000000e+02
311 4.7795342099420333e+02 1.6875156855503209e+02 -5.0000000000000000e+02
312 1.9032040265383699e+02 8.0452453962446995e+01 -5.0000000000000000e+02
313 4.7928815258099962e+02 8.0391536778090725e+01 -5.0000000000000000e+02
314 1.8376787786376070e+02 1.7478856060838800e+02 -5.0000000000000000e+02
315 5.9322585777663232e+02 1.7624057681558469e+02 -5.0000000000000000e+02
316 7.1750412269721693e+01 7.2388464743254758e+01 -5.0000000000000000e+02
317 5.9419475176856633e+02 6.7116162423341748e+01 -5.0000000000000000e+02
318 7.1554979077467820e+01 1.8142754206977821e+02 -5.0000000000000000e+02
319 2.5685142114400361e+02 6.3857533444167032e+01 -5.0000000000000000e+02
320 2.5706815084872619e+02 1.8386650319558231e+02 -5.0000000000000000e+02
321 4.0942401487244291e+02 1.8571759938270739e+02 -5.0000000000000000e+02
322 4.0871320915441959e+02 6.4298434370701429e+01 -5.0000000000000000e+02
323 5.3227426587235698e+02 5.9140338265154107e+01 -5.0000000000000000e+02
324 5.2798886658775621e+02 1.8933155250387301e+02 -5.0000000000000000e+02
325 1.3169648756469189e+02 1.8957543103888349e+02 -5.0000000000000000e+02
326 1.3169648756469189e+02 5.8968273454236467e+01 -5.0000000000000000e+02
327 5.3403493986345993e+01 1.2217527478007381e+02 -5.0000000000000000e+02
328 6.1231268049429866e+02 1.2637213203611111e+02 -5.0000000000000000e+02
329 2.9213158634772151e+02 1.2295756785676670e+02 -5.0000000000000000e+02
330 3.7289837960863599e+02 1.2319292468186300e+02 -5.0000000000000000e+02
331 3.7278729889775599e+02 1.9613472852020411e+02 -5.0000000000000000e+02
332 2.9308617109413342e+02 1.9582621248901671e+02 -5.0000000000000000e+02
333 4.9421618928443348e+02 1.2342687275408070e+02 -5.0000000000000000e+02
334 2.0745027700204960e+02 1.1821214931751150e+02 -5.0000000000000000e+02
335 2.9315352745679718e+02 3.9058015661600777e+01 -5.0000000000000000e+02
336 3.7256976045386278e+02 3.9121001508248533e+01 -5.0000000000000000e+02
337 4.4794671118912191e+02 2.0697562643453480e+02 -5.0000000000000000e+02
338 4.4755550531889401e+02 4.3550081900786267e+01 -5.0000000000000000e+02
339 2.1772215404536041e+02 2.0620971209031831e+02 -5.0000000000000000e+02
340 2.1862726762898211e+02 4.3173655577708082e+01 -5.0000000000000000e+02
341 4.2037416483758427e+01 2.0602205266140501e+02 -5.0000000000000000e+02
342 4.2037416483758591e+01 4.2521651831715133e+01 -5.0000000000000000e+02
343 6.2371231436227561e+02 4.2521651831715232e+01 -5.0000000000000000e+02
344 6.2371231436227549e+02 2.0602205266140450e+02 -5.0000000000000000e+02
345 4.9531803513838958e+02 2.0794852183303689e+02 -5.0000000000000000e+02
346 4.9531803513838997e+02 4.0595182660083317e+01 -5.0000000000000000e+02
347 1.6993801812951281e+02 4.0092851256815727e+01 -5.0000000000000000e+02
348 1.6962849605126470e+02 2.0907823126585939e+02 -5.0000000000000000e+02
349 3.6129904756048617e+01 1.5900362118722390e+02 -5.0000000000000000e+02
350 6.3217598210260462e+02 1.5925039428106609e+02 -5.0000000000000000e+02
351 6.2961857823323726e+02 8.9540220983763291e+01 -5.0000000000000000e+02
352 3.4024708533286422e+01 8.9147946491191703e+01 -5.0000000000000000e+02
353 4.4949548703609162e+02 1.3456032366751111e+02 -5.0000000000000000e+02
354 1.6418644540142000e+02 1.1289001903849720e+02 -5.0000000000000000e+02
355 3.7986607585210868e+02 1.6018968173939481e+02 -5.0000000000000000e+02
356 2.8579821600016220e+02 1.5997380008413180e+02 -5.0000000000000000e+02
357 5.6991499607366120e+02 3.7788787972541677e+01 -5.0000000000000000e+02
358 5.6707053025177913e+02 2.1029169827544240e+02 -5.0000000000000000e+02
359 9.5834734772372670e+01 2.1075491652057860e+02 -5.0000000000000000e+02
360 9.9765776958578840e+01 3.7834404559914162e+01 -5.0000000000000000e+02
361 4.3841000496449328e+02 9.3113831627672639e+01 -5.0000000000000000e+02
362 2.9097787224824799e+02 8.3818746790235579e+01 -5.0000000000000000e+02
363 3.7465285498128628e+02 8.3914805347898493e+01 -5.0000000000000000e+02
364 1.5115458254956471e+02 1.5380777961050401e+02 -5.0000000000000000e+02
365 2.2620032213807539e+02 1.5817189818547311e+02 -5.0000000000000000e+02
366 2.2745674861470971e+02 9.0177574331748460e+01 -5.0000000000000000e+02
367 5.7783208127843830e+02 1.4060909119469250e+02 -5.0000000000000000e+02
368 8.7917649567595404e+01 1.0793461329842761e+02 -5.0000000000000000e+02
369 1.0767467940913430e+02 1.6330969817290091e+02 -5.0000000000000000e+02
370 5.5799518041382362e+02 8.4965002482647819e+01 -5.0000000000000000e+02
371 5.1800045156000090e+02 1.5520783591664789e+02 -5.0000000000000000e+02
372 5.1856454163484625e+02 9.2106614693725192e+01 -5.0000000000000000e+02
373 3.3287108786082030e+02 2.9483154811983539e+01 -5.0000000000000000e+02
374 3.3287486542301667e+02 2.1859210983070491e+02 -5.0000000000000000e+02
375 4.4101292006339833e+02 1.6791342643711809e+02 -5.0000000000000000e+02
376 1.3775381336817799e+02 9.2977308691792089e+01 -5.0000000000000000e+02
377 2.5554699031652621e+02 2.9217840936695179e+01 -5.0000000000000000e+02
378 4.0757601508943873e+02 2.2018470652276201e+02 -5.0000000000000000e+02
379 2.5824049368256772e+02 2.1993593725724079e+02 -5.0000000000000000e+02
380 4.1024704025327878e+02 2.9393903555947240e+01 -5.0000000000000000e+02
381 5.5463988570865172e+02 1.6593999373749281e+02 -5.0000000000000000e+02
382 1.0620825297291741e+02 8.0294131805903888e+01 -5.0000000000000000e+02
383 5.2868360978949704e+02 2.6477624418917930e+01 -5.0000000000000000e+02
384 5.2868360978949772e+02 2.2206608007420260e+02 -5.0000000000000000e+02
385 1.3706612105653619e+02 2.2206608007420260e+02 -5.0000000000000000e+02
386 1.3655601690634739e+02 2.6712287433097849e+01 -5.0000000000000000e+02
387 7.8585845785984958e+01 1.4416720672647341e+02 -5.0000000000000000e+02
388 5.8716388506004967e+02 1.0437649776664610e+02 -5.0000000000000000e+02
389 4.1752510540860658e+02 1.5498683746686800e+02 -5.0000000000000000e+02
390 2.3715254723362211e+01 1.2414228569714381e+02 -5.0000000000000000e+02
391 6.4205614186443177e+02 1.2439405083887860e+02 -5.0000000000000000e+02
392 2.5966671179756349e+02 9.4620617267512358e+01 -5.0000000000000000e+02
393 4.0548904362525337e+02 9.5155664347998140e+01 -5.0000000000000000e+02
394 2.5578474385832922e+02 1.5688590541551369e+02 -5.0000000000000000e+02
395 1.5940010814287831e+02 7.1577951384401260e+01 -5.0000000000000000e+02
396 3.3273507067198739e+02 1.0718112101332990e+02 -5.0000000000000000e+02
397 1.8067416918501939e+02 1.4017958601564999e+02 -5.0000000000000000e+02
398 4.6535245846650452e+02 1.0787314120683880e+02 -5.0000000000000000e+02
399 5.9790014833890382e+02 2.2073838900078371e+02 -5.0000000000000000e+02
400 5.9790014833890405e+02 2.7805315492336540e+01 -5.0000000000000000e+02
401 6.7849582507130094e+01 2.2073838900078329e+02 -5.0000000000000000e+02
402 6.7849582507130151e+01 2.7805315492336639e+01 -5.0000000000000000e+02
403 5.0452941899858303e+02 1.8014630901265360e+02 -5.0000000000000000e+02
404 5.0531822269070568e+02 6.8307897168369919e+01 -5.0000000000000000e+02
405 1.9580874436648131e+01 2.3079058274361151e+02 -5.0000000000000000e+02
406 6.4616885640938608e+02 1.7753121749508470e+01 -5.0000000000000000e+02
407 1.9580874436648031e+01 1.7753121749508601e+01 -5.0000000000000000e+02
408 6.4616885640938619e+02 2.3079058274361100e+02 -5.0000000000000000e+02
409 1.5906186100732049e+02 1.8181250063090869e+02 -5.0000000000000000e+02
410 2.9371311654972072e+02 2.2813023266176711e+02 -5.0000000000000000e+02
411 3.7203661429631279e+02 2.2813023266176711e+02 -5.0000000000000000e+02
412 6.6574973084603403e+02 1.2231406765768401e+02 -1.2103325061645771e+02
413 6.6574973084603403e+02 1.2431039142492941e+02 -3.7734062073712909e+02
414 6.6574973084603403e+02 1.2574808598801540e+02 -2.4986564478179170e+02
415 6.6574973084603403e+02 6.8323162815758906e+01 -7.7718192105074465e+01
416 6.6574973084603403e+02 7.8567843215468287e+01 -1.8571271614004780e+02
417 6.6574973084603403e+02 7.8371034815748914e+01 -3.1322309229048477e+02
418 6.6574973084603403e+02 1.6928165356694410e+02 -3.1529553486454682e+02
419 6.6574973084603403e+02 1.6928271385723440e+02 -1.8477918064286899e+02
420 6.6574973084603403e+02 1.8260169731210451e+02 -6.4731112291741667e+01
421 6.6574973084603403e+02 6.7324893669454951e+01 -4.2836613587715408e+02
422 6.6574973084603403e+02 1.7613512710014970e+02 -4.2747161696252249e+02
423 6.6574973084603403e+02 1.1865706314859899e+02 -5.4913318471603567e+01
424 6.6574973084603403e+02 1.8811069226333589e+02 -2.4999999999999989e+02
425 6.6574973084603403e+02 6.1098220525098213e+01 -2.5223127224208801e+02
426 6.6574973084603403e+02 5.9256499817929921e+01 -1.2997686857855621e+02
427 6.6574973084603403e+02 4.0848896687420222e+01 -3.7943542808656289e+01
428 6.6574973084603403e+02 5.6541442412240912e+01 -3.6865309698543649e+02
429 6.6574973084603403e+02 1.9040344284821921e+02 -1.3217794188897949e+02
430 6.6574973084603403e+02 1.9012088062422839e+02 -3.6347075410312709e+02
431 6.6574973084603403e+02 1.3286821916954989e+02 -4.4403441372857208e+02
432 6.6574973084603403e+02 1.2462077974608020e+02 -1.7066574733011510e+02
433 6.6574973084603403e+02 1.2477087690935450e+02 -3.2894493393453070e+02
434 6.6574973084603403e+02 9.4023833948049202e+01 -3.8320308682220293e+01
435 6.6574973084603403e+02 4.0237368616023730e+01 -2.9025333245724079e+02
436 6.6574973084603403e+02 4.2452236559341259e+01 -4.5786746909322102e+02
437 6.6574973084603403e+02 4.0946818809547807e+01 -2.1710692632659811e+02
438 6.6574973084603403e+02 2.0914788218426759e+02 -2.8846153846153851e+02
439 6.6574973084603403e+02 2.0914788218426779e+02 -2.1153846153846149e+02
440 6.6574973084603403e+02 2.0603144860818901e+02 -4.5791253078786508e+02
441 6.6574973084603403e+02 1.5456299594315831e+02 -3.4915170409315948e+01
442 6.6574973084603403e+02 2.1099550771254980e+02 -3.7703305689308444e+01
443 6.6574973084603403e+02 3.8493927671480378e+01 -9.8026571984962899e+01
444 6.6574973084603403e+02 3.6941801167696667e+01 -4.0618078356102581e+02
445 6.6574973084603403e+02 2.0884218461860891e+02 -1.6857769483531871e+02
446 6.6574973084603403e+02 2.0887500762098929e+02 -3.3134388388526799e+02
447 6.6574973084603403e+02 9.1017607522091794e+01 -4.6271042206627737e+02
448 6.6574973084603403e+02 1.5979461480528281e+02 -4.6623296417557611e+02
449 6.6574973084603403e+02 1.0637547849009390e+02 -8.7961863021705952e+01
450 6.6574973084603403e+02 4.0687842922144398e+01 -1.6804511177840581e+02
451 6.6574973084603403e+02 2.1064464976973679e+02 -4.0263301377207881e+02
452 6.6574973084603403e+02 2.1101130905746800e+02 -9.5843555943486251e+01
453 6.6574973084603403e+02 1.1394981983659420e+02 -2.1413957908355741e+02
454 6.6574973084603403e+02 1.1423008145198089e+02 -2.8560499400566778e+02
455 6.6574973084603403e+02 3.6761576441568913e+01 -3.3368552132800011e+02
456 6.6574973084603403e+02 1.5690209829672850e+02 -2.7481109034010660e+02
457 6.6574973084603403e+02 1.5711461788779400e+02 -2.2537103095555611e+02
458 6.6574973084603403e+02 9.2824397021267345e+01 -3.5248204063486787e+02
459 6.6574973084603403e+02 1.5540003442153699e+02 -1.4774801123101599e+02
460 6.6574973084603403e+02 1.5695813939421291e+02 -3.5220962713186310e+02
461 6.6574973084603403e+02 8.6268853292545316e+01 -3.9174206892771048e+02
462 6.6574973084603403e+02 1.4046894114701519e+02 -4.1103048795441111e+02
463 6.6574973084603403e+02 9.4173728028748457e+01 -1.4700080881401499e+02
464 6.6574973084603403e+02 1.6671319186980250e+02 -1.0733251847947091e+02
465 6.6574973084603403e+02 6.6356626718668309e+01 -2.3207965193258620e+01
466 6.6574973084603403e+02 3.1319028811692025e+01 -6.5307175272889737e+01
467 6.6574973084603403e+02 1.1856458872615100e+02 -2.4097262861053071e+01
468 6.6574973084603403e+02 2.7989012177989391e+01 -2.5607003725866781e+02
469 6.6574973084603403e+02 7.7757302513032471e+01 -2.2200824882885911e+02
470 6.6574973084603403e+02 2.3206764552106449e+01 -2.3191045194892091e+01
471 6.6574973084603403e+02 2.2138697044288131e+02 -2.4999999999999989e+02
472 6.6574973084603403e+02 7.9616723731437276e+01 -1.0681234694144270e+02
473 6.6574973084603403e+02 1.4187074907024041e+02 -7.8481205548382604e+01
474 6.6574973084603403e+02 1.6643968824337881e+02 -3.8902602011018860e+02
475 6.6574973084603403e+02 1.0704315103759780e+02 -4.1920402488187563e+02
476 6.6574973084603403e+02 7.9169763574231268e+01 -2.7951077614685153e+02
477 6.6574973084603403e+02 2.2234693170416000e+02 -1.3423809592429919e+02
478 6.6574973084603403e+02 2.2271093386837359e+02 -3.6538461538461547e+02
479 6.6574973084603403e+02 2.5157236654719071e+01 -3.6865309698543649e+02
480 6.6574973084603403e+02 2.8672194626030201e+01 -1.3813328166355959e+02
481 6.6574973084603403e+02 9.3614989873455983e+01 -2.4958236285125699e+02
482 6.6574973084603403e+02 1.2483749597611219e+02 -4.7615643227898352e+02
483 6.6574973084603403e+02 1.4124198283192570e+02 -1.9873888450302439e+02
484 6.6574973084603403e+02 1.4129617755625199e+02 -3.0116413828621302e+02
485 6.6574973084603403e+02 6.4748117658588029e+01 -4.8921247586169798e+01
486 6.6574973084603403e+02 4.1814412212058869e+01 -1.6868510639361400e+01
487 6.6574973084603403e+02 6.6124612672706547e+01 -3.4201093780969728e+02
488 6.6574973084603403e+02 1.8462085337392239e+02 -2.6345500889160629e+01
489 6.6574973084603403e+02 9.1952361748329253e+01 -6.2117673741985413e+01
490 6.6574973084603403e+02 2.2111393748540240e+02 -4.3296061626433868e+02
491 6.6574973084603403e+02 9.4638034536732050e+01 -1.6434779603178651e+01
492 6.6574973084603403e+02 2.2093571706294779e+02 -6.5995802804528495e+01
493 6.6574973084603403e+02 2.7493013549488271e+01 -4.3332522315911842e+02
494 6.6574973084603403e+02 1.9074938010243731e+01 -4.1666594594505327e+01
495 6.6574973084603403e+02 1.8130892030159370e+02 -3.4057994999620121e+02
496 6.6574973084603403e+02 1.8098209393639979e+02 -1.5832070714954580e+02
497 6.6574973084603403e+02 2.3079058274361140e+02 -4.8076923076923060e+02
498 6.6574973084603403e+02 1.7753121749508491e+01 -4.8123615671220517e+02
499 6.6574973084603403e+02 2.2992523955711010e+02 -1.9230769230769230e+01
500 6.6574973084603403e+02 6.8469099188618998e+01 -1.5905200062587400e+02
501 4.0745515243991542e+02 2.4854370449312009e+02 -2.5010657242947460e+02
502 2.1371552021284739e+02 2.4854370449312009e+02 -1.9945688852513700e+02
503 5.0662144836572764e+02 2.4854370449312009e+02 -1.3845697763799319e+02
504 3.3023050887203391e+02 2.4854370449312009e+02 -1.3858534546176051e+02
505 1.2692217085821430e+02 2.4854370449312009e+02 -1.1278725405151640e+02
506 1.5497219113321219e+02 2.4854370449312009e+02 -3.4297855145213941e+02
507 5.0768320977680656e+02 2.4854370449312009e+02 -3.5130648099476031e+02
508 3.0447060754150891e+02 2.4854370449312009e+02 -3.5929028774493418e+02
509 4.3495641370695228e+02 2.4854370449312009e+02 -9.6232100509563907e+01
510 4.1222876095082700e+02 2.4854370449312009e+02 -3.8895033725674830e+02
511 1.1150720700008880e+02 2.4854370449312009e+02 -2.4040814554418330e+02
512 5.5420770671119942e+02 2.4854370449312009e+02 -2.4531944075321579e+02
513 2.4728800584793450e+02 2.4854370449312009e+02 -9.2208909577427789e+01
514 3.0668327167066980e+02 2.4854370449312009e+02 -2.4905900025219219e+02
515 5.6357859156197844e+02 2.4854370449312009e+02 -9.1050879011147316e+01
516 6.4520273729581959e+01 2.4854370449312009e+02 -6.6625520305297414e+01
517 3.5942515752930677e+02 2.4854370449312009e+02 -6.9396780762304786e+01
518 2.2482045763493659e+02 2.4854370449312009e+02 -4.0579060319947740e+02
519 9.0815148277545518e+01 2.4854370449312009e+02 -4.0901339717870661e+02
520 5.7885887536821190e+02 2.4854370449312009e+02 -4.1294042408183702e+02
521 2.2383042625816569e+02 2.4854370449312009e+02 -2.8742671699990689e+02
522 1.8281749015564620e+02 2.4854370449312009e+02 -7.0177013575239300e+01
523 5.0076524838866243e+02 2.4854370449312009e+02 -7.2072707835394255e+01
524 4.3976350831965090e+02 2.4854370449312009e+02 -1.7629158462161959e+02
525 5.7786736976072359e+02 2.4854370449312009e+02 -1.7723214171848161e+02
526 1.2583302024464221e+02 2.4854370449312009e+02 -4.7071511666090842e+01
527 7.9979300947012575e+01 2.4854370449312009e+02 -3.3982730512737862e+02
528 4.8006420750384461e+02 2.4854370449312009e+02 -2.7900487795520809e+02
529 5.9171630998357648e+02 2.4854370449312009e+02 -3.3327675087276151e+02
530 4.8038262982175883e+02 2.4854370449312009e+02 -4.2367605489197518e+02
531 3.4333524782786901e+02 2.4854370449312009e+02 -4.1887034795834768e+02
532 3.7557043122590937e+02 2.4854370449312009e+02 -3.2457145088993440e+02
533 8.0026983467370314e+01 2.4854370449312009e+02 -1.7675666271035411e+02
534 3.0722879743209143e+02 2.4854370449312009e+02 -5.4912481708389357e+01
535 4.0694416874550518e+02 2.4854370449312009e+02 -4.8155182856938779e+01
536 4.5762350872442869e+02 2.4854370449312009e+02 -4.7577836227062988e+01
537 1.5762431669446389e+02 2.4854370449312009e+02 -4.3215072470225772e+02
538 3.5806459639310282e+02 2.4854370449312009e+02 -1.9864289242859911e+02
539 2.8374791672818441e+02 2.4854370449312009e+02 -1.8658358932568120e+02
540 1.8871866602297351e+02 2.4854370449312009e+02 -1.3695283622272461e+02
541 4.9291253267923332e+02 2.4854370449312009e+02 -2.1032747103886291e+02
542 1.4465054550358059e+02 2.4854370449312009e+02 -1.8463952487026361e+02
543 4.3937508676903911e+02 2.4854370449312009e+02 -3.2946933455926830e+02
544 5.8699810333126948e+01 2.4854370449312009e+02 -1.1663291694413600e+02
545 1.7376847919862459e+02 2.4854370449312009e+02 -2.4861648863713069e+02
546 2.7934748254851291e+02 2.4854370449312009e+02 -4.3828708768527969e+02
547 3.5128905485198523e+01 2.4854370449312009e+02 -3.4236401960754037e+01
548 2.3569600892273880e+02 2.4854370449312009e+02 -3.4644463207463701e+02
549 5.3929697483545931e+02 2.4854370449312009e+02 -4.4679989736775909e+01
550 5.8901569237590138e+01 2.4854370449312009e+02 -2.7022782749105119e+02
551 3.9305942046224220e+02 2.4854370449312009e+02 -1.3587303643576249e+02
552 6.0933485908633736e+02 2.4854370449312009e+02 -2.7450420997975402e+02
553 4.1132095516288763e+02 2.4854370449312009e+02 -4.4443573904605472e+02
554 2.7421629424067231e+02 2.4854370449312009e+02 -2.9804189756270250e+02
555 2.4664611159256509e+02 2.4854370449312009e+02 -5.2822025561819800e+01
556 5.3357703296358966e+02 2.4854370449312009e+02 -4.4593303673528749e+02
557 1.2575026687387231e+02 2.4854370449312009e+02 -2.9651448697442038e+02
558 5.4027579656568503e+02 2.4854370449312009e+02 -3.0224066519314061e+02
559 6.1078236071531899e+02 2.4854370449312009e+02 -1.2049268554462191e+02
560 5.1913323240143768e+01 2.4854370449312009e+02 -4.5002814493995191e+02
561 6.0754777687091644e+02 2.4854370449312009e+02 -4.8948577662874342e+01
562 7.7995541917803280e+01 2.4854370449312009e+02 -3.4504684421854819e+01
563 3.5344205338328499e+02 2.4854370449312009e+02 -2.6867464721280669e+02
564 2.4237913594595520e+02 2.4854370449312009e+02 -2.3509884665141001e+02
565 2.4155604464237391e+02 2.4854370449312009e+02 -1.4756807131241439e+02
566 5.2011975829444623e+01 2.4854370449312009e+02 -3.6815819621937550e+02
567 3.6239066892406669e+02 2.4854370449312009e+02 -3.6607412681082587e+02
568 6.0839338079479546e+02 2.4854370449312009e+02 -2.1173866244763340e+02
569 2.9119712824525789e+02 2.4854370449312009e+02 -9.7071465976593586e+01
570 6.0666056113042362e+02 2.4854370449312009e+02 -3.6959929201084998e+02
571 6.1134153207950919e+02 2.4854370449312009e+02 -4.4589585023696583e+02
572 3.5926887164561612e+02 2.4854370449312009e+02 -3.9084242710228452e+01
573 5.4641454007897858e+02 2.4854370449312009e+02 -1.9977392931976900e+02
574 4.7387491677678571e+02 2.4854370449312009e+02 -3.7019540739866829e+02
575 1.4818046000905551e+02 2.4854370449312009e+02 -2.7806606744847780e+01
576 4.7320818076057452e+02 2.4854370449312009e+02 -1.1328615002859020e+02
577 4.7697777123166929e+01 2.4854370449312009e+02 -2.1556023039941729e+02
578 2.0433869092546041e+02 2.4854370449312009e+02 -4.4833940249027609e+02
579 5.5570598459338328e+02 2.4854370449312009e+02 -1.3294156726188899e+02
580 1.7539386166512881e+02 2.4854370449312009e+02 -2.9848406538660879e+02
581 9.4118438647800076e+01 2.4854370449312009e+02 -8.8408060293057659e+01
582 1.1205493479256270e+02 2.4854370449312009e+02 -3.6563513494815038e+02
583 1.1508044143834650e+02 2.4854370449312009e+02 -4.5130281281858970e+02
584 1.8276690776021499e+02 2.4854370449312009e+02 -3.8971168699097223e+02
585 5.3724440961060793e+02 2.4854370449312009e+02 -3.9728917112207489e+02
586 2.7450130256068041e+02 2.4854370449312009e+02 -3.9507350022148518e+02
587 3.2713330352242218e+02 2.4854370449312009e+02 -3.0778013004785601e+02
588 4.8956091856318028e+02 2.4854370449312009e+02 -3.6628444033053469e+01
589 4.3182700060691752e+02 2.4854370449312009e+02 -2.8682307479582299e+01
590 4.3805028235762148e+02 2.4854370449312009e+02 -2.2099202255034189e+02
591 3.9687344981797912e+02 2.4854370449312009e+02 -8.0484226210544691e+01
592 2.1536993360586399e+02 2.4854370449312009e+02 -3.4118932262721003e+01
593 5.6732357452635335e+02 2.4854370449312009e+02 -3.6973728534891922e+02
594 1.0831752948524471e+02 2.4854370449312009e+02 -3.0213950880310119e+01
595 4.0211639624843491e+02 2.4854370449312009e+02 -2.0756492544855519e+02
596 4.4867003570712762e+02 2.4854370449312009e+02 -4.6058965144598568e+02
597 4.3722152529123230e+02 2.4854370449312009e+02 -2.8423497687138399e+02
598 3.7619725775829090e+02 2.4854370449312009e+02 -4.6149323983821262e+02
599 3.5657611116368912e+01 2.4854370449312009e+02 -9.0380742996118030e+01
600 2.7687460735991579e+02 2.4854370449312009e+02 -3.0831943974696632e+01
601 4.8586808050259572e+02 2.4854370449312009e+02 -3.2072605477008233e+02
602 5.2966572653311403e+02 2.4854370449312009e+02 -1.0713048477409360e+02
603 1.9878934065850800e+02 2.4854370449312009e+02 -3.3552241094493729e+02
604 3.3393761911469647e+02 2.4854370449312009e+02 -2.6261350160083872e+01
605 3.6286193498550790e+02 2.4854370449312009e+02 -1.0830141411055010e+02
606 3.8322802516469699e+02 2.4854370449312009e+02 -2.5276279787119520e+01
607 5.0909175601727782e+02 2.4854370449312009e+02 -2.5257645535159162e+02
608 5.7188000838641085e+02 2.4854370449312009e+02 -4.5970516726595571e+02
609 5.7170358548057072e+02 2.4854370449312009e+02 -2.7093305430815811e+01
610 1.4764259018642699e+02 2.4854370449312009e+02 -8.7451771702835188e+01
611 3.1218110822549971e+02 2.4854370449312009e+02 -4.5398470941693068e+02
612 6.2610619880823958e+02 2.4854370449312009e+02 -1.6946395016888539e+02
613 4.7847057256411159e+02 2.4854370449312009e+02 -1.7305294933638930e+02
614 3.4415100982155991e+01 2.4854370449312009e+02 -3.3059767039854921e+02
615 4.3541125637362450e+02 2.4854370449312009e+02 -1.3410727512467611e+02
616 2.8779295700872501e+02 2.4854370449312009e+02 -1.4333966090703109e+02
617 5.5922996934550838e+01 2.4854370449312009e+02 -2.1376032359171159e+01
618 2.4659015483741001e+02 2.4854370449312009e+02 -4.6277802738528641e+02
619 3.1462023097095232e+02 2.4854370449312009e+02 -2.0939986868106701e+02
620 2.0567229065191609e+02 2.4854370449312009e+02 -1.0074245281749280e+02
621 4.3784713619091269e+02 2.4854370449312009e+02 -4.1428886996314702e+02
622 6.2935975691687770e+02 2.4854370449312009e+02 -8.7667452112524543e+01
623 1.4223252112145860e+02 2.4854370449312009e+02 -3.8918916119655307e+02
624 3.8412120525598573e+02 2.4854370449312009e+02 -4.2401712667960157e+02
625 4.9774604645822490e+02 2.4854370449312009e+02 -4.6120025531989842e+02
626 9.8602664044582639e+01 2.4854370449312009e+02 -5.8109585523079360e+01
627 6.3123091439831626e+02 2.4854370449312009e+02 -3.2945405390216018e+02
628 4.0249267775277519e+02 2.4854370449312009e+02 -3.5440424312708899e+02
629 3.1234304414964089e+02 2.4854370449312009e+02 -3.9379338773499228e+02
630 1.7398700906899739e+02 2.4854370449312009e+02 -2.0798380329721101e+02
631 4.0805621365555112e+01 2.4854370449312009e+02 -1.7882391349618231e+02
632 2.7517644491205021e+02 2.4854370449312009e+02 -6.4752121603672492e+01
633 1.1042978216224300e+02 2.4854370449312009e+02 -1.5564425072101969e+02
634 1.0553926190244159e+02 2.4854370449312009e+02 -2.0354433674090799e+02
635 4.2865629227673942e+01 2.4854370449312009e+02 -4.0718791768983931e+02
636 6.3071147169057701e+02 2.4854370449312009e+02 -4.0626002595918118e+02
637 3.3092436867063930e+02 2.4854370449312009e+02 -8.1820701829172251e+01
638 3.6224942972140718e+02 2.4854370449312009e+02 -1.6044146193067920e+02
639 3.8972921989774261e+02 2.4854370449312009e+02 -2.9062650891079119e+02
640 2.6737545024729680e+01 2.4854370449312009e+02 -6.1054257721795580e+01
641 2.1265084696075479e+02 2.4854370449312009e+02 -2.5309580699143692e+02
642 4.6797491275553358e+02 2.4854370449312009e+02 -7.8785171032898873e+01
643 3.1875022377611373e+02 2.4854370449312009e+02 -1.7100841955482139e+02
644 5.7512826829088874e+02 2.4854370449312009e+02 -2.1572894371603411e+02
645 1.5535681126067561e+02 2.4854370449312009e+02 -1.4503669431654461e+02
646 4.6234570103301951e+02 2.4854370449312009e+02 -2.1654541916463220e+01
647 1.7621105989771669e+02 2.4854370449312009e+02 -3.2110826139221047e+01
648 3.7167673833897049e+02 2.4854370449312009e+02 -2.3239058769188921e+02
649 1.7524520278587610e+02 2.4854370449312009e+02 -4.7010375015956288e+02
650 2.5063883663933089e+02 2.4854370449312009e+02 -2.0273512841500840e+02
651 5.7240951449042689e+02 2.4854370449312009e+02 -2.8863343572982200e+02
652 3.3667575385581711e+02 2.4854370449312009e+02 -3.3574788807259807e+02
653 9.5459886162553289e+01 2.4854370449312009e+02 -2.7404869893497369e+02
654 1.8386838547452751e+02 2.4854370449312009e+02 -1.7374996474170331e+02
655 4.7262780641163971e+02 2.4854370449312009e+02 -2.4133484220088170e+02
656 4.3254458687199809e+02 2.4854370449312009e+02 -6.3751716832996514e+01
657 3.8114793458062070e+02 2.4854370449312009e+02 -5.2479342465427237e+01
658 1.4062349539799871e+02 2.4854370449312009e+02 -2.2236276099789001e+02
659 6.3472503588395091e+02 2.4854370449312009e+02 -2.4928688257751449e+02
660 1.4044472635548479e+02 2.4854370449312009e+02 -2.6322746330426429e+02
661 5.4996901419098606e+02 2.4854370449312009e+02 -3.3615572436635449e+02
662 2.1123993274199361e+02 2.4854370449312009e+02 -3.6860345829509231e+02
663 4.0802894316830350e+02 2.4854370449312009e+02 -2.0607929347423770e+01
664 5.1156787138296579e+02 2.4854370449312009e+02 -2.3781341075951950e+01
665 2.1955876637078529e+02 2.4854370449312009e+02 -7.0013866758940139e+01
666 3.3987112531674438e+02 2.4854370449312009e+02 -2.3315639973522491e+02
667 3.3474124169082067e+01 2.4854370449312009e+02 -2.4601244700389120e+02
668 2.7975433135664548e+02 2.4854370449312009e+02 -2.2321996635565810e+02
669 3.9870746903065140e+02 2.4854370449312009e+02 -1.6962748817647019e+02
670 2.8787511505682460e+01 2.4854370449312009e+02 -2.8741384416679222e+02
671 8.3037425867816296e+01 2.4854370449312009e+02 -4.6724295566069628e+02
672 3.0450153780350632e+02 2.4854370449312009e+02 -2.3226816210849311e+01
673 2.7562522285943038e+02 2.4854370449312009e+02 -2.5929773940775442e+02
674 5.1221518495623252e+02 2.4854370449312009e+02 -1.8224386817049231e+02
675 6.3760604071641558e+02 2.4854370449312009e+02 -2.8846153846153851e+02
676 4.4197545819629192e+02 2.4854370449312009e+02 -3.7168179061334757e+02
677 5.0239239419895199e+02 2.4854370449312009e+02 -3.9055729696957991e+02
678 1.2104614947652171e+02 2.4854370449312009e+02 -3.2849409263093480e+02
679 1.6961250771973579e+02 2.4854370449312009e+02 -1.0817601033109609e+02
680 5.2967213729067760e+02 2.4854370449312009e+02 -7.4640414126739856e+01
681 3.2501423474377248e+01 2.4854370449312009e+02 -1.3291650773081111e+02
682 8.8498599073989112e+01 2.4854370449312009e+02 -1.1876882157786210e+02
683 2.0592782889063979e+01 2.4854370449312009e+02 -2.0642626570373899e+01
684 1.5085541620963531e+02 2.4854370449312009e+02 -5.9123381283554821e+01
685 5.3978867268769511e+02 2.4854370449312009e+02 -1.6427087226103279e+02
686 2.6876930411713653e+02 2.4854370449312009e+02 -3.4450493456777940e+02
687 2.3876852604180030e+02 2.4854370449312009e+02 -3.1255220714973342e+02
688 1.9238759325376910e+02 2.4854370449312009e+02 -4.1899810434574579e+02
689 7.5492475845111358e+01 2.4854370449312009e+02 -2.3657452397259351e+02
690 3.3815696287847021e+02 2.4854370449312009e+02 -5.4295111434035753e+01
691 1.2819189294477081e+02 2.4854370449312009e+02 -2.1567533535553849e+01
692 6.6726955192409036e+01 2.4854370449312009e+02 -9.2944250763704787e+01
693 5.1241909675287968e+02 2.4854370449312009e+02 -2.9143072522943561e+02
694 5.9059922001054258e+02 2.4854370449312009e+02 -2.4608805362317531e+02
695 2.8550421368422832e+02 2.4854370449312009e+02 -4.7066628894728018e+02
696 6.3480065070441435e+02 2.4854370449312009e+02 -3.0885963558075151e+01
697 1.2196394295319890e+02 2.4854370449312009e+02 -4.1924680718716019e+02
698 3.0614573262231858e+02 2.4854370449312009e+02 -2.8259372336297719e+02
699 1.4231634930640450e+02 2.4854370449312009e+02 -4.7182963231425930e+02
700 6.4077356042559461e+02 2.4854370449312009e+02 -1.3461538461538461e+02
701 4.4569897458345793e+02 2.4854370449312009e+02 -2.5435646914911047e+02
702 3.0326580478882761e+01 2.4854370449312009e+02 -4.6978657164997043e+02
703 2.4932303443699081e+02 2.4854370449312009e+02 -4.2799834595441121e+02
704 6.5882070504285593e+01 2.4854370449312009e+02 -3.0114863435068639e+02
705 4.0945055964397233e+02 2.4854370449312009e+02 -3.1753827205571372e+02
706 4.8311098609756630e+02 2.4854370449312009e+02 -1.6875763312915758e+01
707 3.0627744434828998e+02 2.4854370449312009e+02 -4.2219962464323589e+02
708 2.4687901451863380e+02 2.4854370449312009e+02 -2.3554580359847488e+01
709 9.2328566575636273e+01 2.4854370449312009e+02 -1.6985500613004859e+01
710 4.0816692711726580e+02 2.4854370449312009e+02 -1.1066672030530590e+02
711 8.0897125417378106e+01 2.4854370449312009e+02 -3.7848711474522690e+02
712 5.3996519014869011e+02 2.4854370449312009e+02 -1.8724097749580942e+01
713 2.2060300998504420e+02 2.4854370449312009e+02 -1.6682005188995001e+02
714 5.3043384024253203e+02 2.4854370449312009e+02 -4.7479940664607062e+02
715 5.3691878710330218e+02 2.4854370449312009e+02 -2.7439821405149900e+02
716 5.4717586295031992e+01 2.4854370449312009e+02 -4.3465017110385567e+01
717 6.3682975910406810e+02 2.4854370449312009e+02 -4.7126011080150158e+02
718 4.7876164331467368e+02 2.4854370449312009e+02 -5.7494675123457533e+01
719 5.1386529509319723e+02 2.4854370449312009e+02 -4.2191226795555059e+02
720 6.0845952773501438e+02 2.4854370449312009e+02 -3.0286599778920731e+02
721 4.1146297124302612e+02 2.4854370449312009e+02 -4.7501121103319832e+02
722 2.4040883218942099e+01 2.4854370449312009e+02 -3.6557723624212503e+02
723 5.8717160425365466e+02 2.4854370449312009e+02 -1.4237890602693301e+02
724 6.4002048178227699e+02 2.4854370449312009e+02 -3.6721652052828438e+02
725 1.9769515473702029e+02 2.4854370449312009e+02 -2.7893674080737441e+02
726 6.4014481543581076e+02 2.4854370449312009e+02 -2.1071328365419129e+02
727 5.6842107705893716e+02 2.4854370449312009e+02 -6.0263436210734397e+01
728 2.5889865972519999e+02 2.4854370449312009e+02 -1.2244882801697860e+02
729 5.2145927099146172e+02 2.4854370449312009e+02 -2.1877306995982289e+02
730 4.6845237233234900e+02 2.4854370449312009e+02 -1.4342328186162820e+02
731 3.7386339299170913e+01 2.4854370449312009e+02 -1.6370748590267930e+01
732 2.2257490524676481e+02 2.4854370449312009e+02 -1.2829473036518439e+02
733 6.8493703312776915e+01 2.4854370449312009e+02 -1.4659051219672750e+02
734 3.0114393982793598e+02 2.4854370449312009e+02 -3.2314515199649628e+02
735 1.4785197249342730e+02 2.4854370449312009e+02 -3.1532845850263209e+02
736 4.6182457789976132e+02 2.4854370449312009e+02 -3.0401127970909391e+02
737 5.1047914213479913e+02 2.4854370449312009e+02 -5.0673556640544277e+01
738 6.4064152923685526e+02 2.4854370449312009e+02 -5.6577321743617887e+01
739 2.2193902296414191e+01 2.4854370449312009e+02 -2.1010978750017100e+02
740 2.3867831274797819e+01 2.4854370449312009e+02 -4.4123850526556220e+02
741 6.0686853281633569e+02 2.4854370449312009e+02 -4.7607613164802558e+02
742 6.4314876490556628e+02 2.4854370449312009e+02 -4.4205207350846308e+02
743 3.5887074389440852e+02 2.4854370449312009e+02 -1.8124374531486371e+01
744 2.1538961880312809e+02 2.4854370449312009e+02 -4.7787209971950892e+02
745 2.4373291581886340e+02 2.4854370449312009e+02 -3.7429422470370048e+02
746 1.2244573965881490e+02 2.4854370449312009e+02 -7.8598143657659733e+01
747 5.8319318748767125e+02 2.4854370449312009e+02 -1.1240629782812890e+02
748 7.4317348776675544e+01 2.4854370449312009e+02 -2.0518706618200571e+02
749 5.4945761349509746e+02 2.4854370449312009e+02 -4.2293157928722673e+02
750 6.0796806578594703e+02 2.4854370449312009e+02 -2.0277877429758711e+01
751 3.4158680315934691e+02 2.4854370449312009e+02 -4.7100087059723103e+02
752 4.6441720778109692e+02 2.4854370449312009e+02 -2.0276089962637161e+02
753 3.5651015237703518e+02 2.4854370449312009e+02 -3.0548012502679723e+02
754 1.6406463293017278e+01 2.4854370449312009e+02 -3.7910503105527091e+01
755 2.0187185879258701e+02 2.4854370449312009e+02 -2.2759384853239439e+02
756 7.9450323770524278e+01 2.4854370449312009e+02 -4.3602251397615720e+02
757 2.5440830432602851e+02 2.4854370449312009e+02 -1.7378328605231579e+02
758 9.7716380461578069e+01 2.4854370449312009e+02 -3.0561730328459942e+02
759 3.3184306445978052e+02 2.4854370449312009e+02 -3.7475520766433971e+02
760 5.3479959372176256e+02 2.4854370449312009e+02 -3.6905295115442351e+02
761 7.4981174223592575e+01 2.4854370449312009e+02 -1.5566509738799370e+01
762 2.0573451836649690e+02 2.4854370449312009e+02 -3.0386334190459098e+02
763 4.6578079980539098e+02 2.4854370449312009e+02 -3.9715553922467370e+02
764 3.2355486975460872e+02 2.4854370449312009e+02 -1.0966828155568329e+02
765 5.7504434682147007e+01 2.4854370449312009e+02 -4.7823760888967831e+02
766 5.9381379176861640e+02 2.4854370449312009e+02 -8.6804888061671889e+01
767 2.4457674088994631e+02 2.4854370449312009e+02 -2.7240100240366081e+02
768 4.0920300379157158e+02 2.4854370449312009e+02 -4.1502411408243290e+02
769 4.6711128427477422e+02 2.4854370449312009e+02 -3.4205265911132233e+02
770 5.1924303955779044e+02 2.4854370449312009e+02 -3.2037193011075470e+02
771 1.7940881178068560e+02 2.4854370449312009e+02 -3.6145569332984110e+02
772 3.8483724403033250e+02 2.4854370449312009e+02 -3.9314463084753498e+02
773 4.9987006440031280e+02 2.4854370449312009e+02 -9.8538441421634559e+01
774 1.7650689023869970e+02 1.6924077295887699e+02 0.0000000000000000e+00
775 1.5683634150918110e+02 1.0788815295279331e+02 0.0000000000000000e+00
776 1.5241936577651151e+02 4.3390085437995793e+01 0.0000000000000000e+00
777 6.0339636958641324e+02 1.8442722348197219e+02 0.0000000000000000e+00
778 2.3864715535573109e+02 1.9735080249339671e+02 0.0000000000000000e+00
779 6.2345344176478261e+02 1.2150282527299450e+02 0.0000000000000000e+00
780 5.5690571892062030e+02 1.8882021245494559e+02 0.0000000000000000e+00
781 2.2174877296472241e+02 1.6230507392971231e+02 0.0000000000000000e+00
782 2.7733990175125439e+02 2.0782819947291449e+02 0.0000000000000000e+00
783 5.2218153892531166e+02 2.0538164448941859e+02 0.0000000000000000e+00
784 1.9863882143420659e+02 1.2812935663490691e+02 0.0000000000000000e+00
785 1.4561855005664239e+02 2.0172574143148000e+02 0.0000000000000000e+00
786 6.2837455238258565e+02 8.3566072466796143e+01 0.0000000000000000e+00
787 1.3991114932135471e+02 1.4553375191987050e+02 0.0000000000000000e+00
788 5.8970035510738683e+02 1.4398647394119359e+02 0.0000000000000000e+00
789 6.3033959876473978e+02 2.8868116615118769e+01 0.0000000000000000e+00
790 1.7210136253214651e+02 3.0564587445714629e+01 0.0000000000000000e+00
791 1.8001626392430009e+02 7.8024395984222053e+01 0.0000000000000000e+00
792 3.1404821910566818e+02 2.1800550398995091e+02 0.0000000000000000e+00
793 4.8923437579428520e+02 2.1792883590949779e+02 0.0000000000000000e+00
794 1.3342164900586380e+02 8.6868194446309658e+01 0.0000000000000000e+00
795 4.5345593625701770e+02 2.2899138395123470e+02 0.0000000000000000e+00
796 1.3000682618962631e+02 3.2096163006770773e+01 0.0000000000000000e+00
797 5.6315254139667536e+02 1.6840593057477059e+02 0.0000000000000000e+00
798 1.9803248620996891e+02 2.0688052652855609e+02 0.0000000000000000e+00
799 6.2905170501863620e+02 5.1082590597009379e+01 0.0000000000000000e+00
800 3.4891079707756319e+02 2.2573655224422870e+02 0.0000000000000000e+00
801 1.9346249358615231e+02 1.0815660931606200e+02 0.0000000000000000e+00
802 2.5528214103229129e+02 1.7717970009250999e+02 0.0000000000000000e+00
803 6.2758879553219049e+02 1.4652499452658921e+02 0.0000000000000000e+00
804 3.8411638262857559e+02 2.3171384610346669e+02 0.0000000000000000e+00
805 5.3286421755242986e+02 1.8701319774885280e+02 0.0000000000000000e+00
806 1.2807512610560059e+02 2.2098434596955431e+02 0.0000000000000000e+00
807 6.0810392044925368e+02 9.2663320330619825e+01 0.0000000000000000e+00
808 2.1709005394359630e+02 1.4004956343208269e+02 0.0000000000000000e+00
809 1.3361069646244661e+02 1.7560510236313979e+02 0.0000000000000000e+00
810 1.3326701860781739e+02 1.2002871528211480e+02 0.0000000000000000e+00
811 4.1885256978342278e+02 2.2881434288226211e+02 0.0000000000000000e+00
812 5.9225725381986604e+02 2.0915411834426661e+02 0.0000000000000000e+00
813 5.8861902725203981e+02 1.2225290023406980e+02 0.0000000000000000e+00
814 1.7302690390228989e+02 5.4003559309215660e+01 0.0000000000000000e+00
815 6.2730487632652546e+02 2.0752607468589841e+02 0.0000000000000000e+00
816 3.0207068887595881e+02 2.0130215199710750e+02 0.0000000000000000e+00
817 5.0076228347201732e+02 2.0067620478539260e+02 0.0000000000000000e+00
818 1.3346323012798101e+02 5.8415747847072609e+01 0.0000000000000000e+00
819 1.6983882389052690e+02 1.3605540315512701e+02 0.0000000000000000e+00
820 5.5442350595944549e+02 2.2343737622641589e+02 0.0000000000000000e+00
821 2.4093076000271171e+02 1.6353225540983331e+02 0.0000000000000000e+00
822 2.7185768873239158e+02 1.8964955576476370e+02 0.0000000000000000e+00
823 4.6816839678643362e+02 2.1153752914983789e+02 0.0000000000000000e+00
824 5.6709909815153969e+02 1.4766943725208949e+02 0.0000000000000000e+00
825 3.3498705868430193e+02 2.1117709356597621e+02 0.0000000000000000e+00
826 2.5217586208521453e+02 2.2193589738315711e+02 0.0000000000000000e+00
827 3.6745514789388972e+02 2.1727644371221851e+02 0.0000000000000000e+00
828 5.4173129078175464e+02 1.7015272900005601e+02 0.0000000000000000e+00
829 6.0800896477278320e+02 7.5489028161291145e+01 0.0000000000000000e+00
830 2.1918565535304239e+02 1.2085027983387970e+02 0.0000000000000000e+00
831 4.0213724817857138e+02 2.1915911331165259e+02 0.0000000000000000e+00
832 4.3413521844092901e+02 2.1738180331510080e+02 0.0000000000000000e+00
833 5.9359418334146267e+02 1.0257273722095810e+02 0.0000000000000000e+00
834 1.5340393577784721e+02 1.8970324543015579e+01 0.0000000000000000e+00
835 1.7028652738996610e+02 2.2076485373788140e+02 0.0000000000000000e+00
836 5.1543053565373486e+02 1.8672757791885181e+02 0.0000000000000000e+00
837 1.5786688804165220e+02 7.5230813150034180e+01 0.0000000000000000e+00
838 5.7625213086245549e+02 1.3328310000813661e+02 0.0000000000000000e+00
839 6.3941152141140196e+02 1.0422386854158610e+02 0.0000000000000000e+00
840 5.1104642750654102e+02 2.2675307934584990e+02 0.0000000000000000e+00
841 1.2016680394385931e+02 2.0014204306506281e+02 0.0000000000000000e+00
842 5.8489184095001394e+02 1.6475085103337750e+02 0.0000000000000000e+00
843 2.2281867011872779e+02 2.2120404348808651e+02 0.0000000000000000e+00
844 1.1953667352962630e+02 1.4271608089284439e+02 0.0000000000000000e+00
845 6.4346735857818567e+02 6.6293891891324265e+01 0.0000000000000000e+00
846 1.9712081278345431e+02 7.3178407340458705e+01 0.0000000000000000e+00
847 6.4713541568926314e+02 4.0491887069962488e+01 0.0000000000000000e+00
848 6.1628720211681821e+02 4.1449786263005230e+01 0.0000000000000000e+00
849 1.9886036647389801e+02 8.9838561280144518e+01 0.0000000000000000e+00
850 2.1866245769398071e+02 1.8917849767533369e+02 0.0000000000000000e+00
851 2.9347813707669610e+02 2.2471199075000641e+02 0.0000000000000000e+00
852 1.9745270390576761e+02 1.5240298300256649e+02 0.0000000000000000e+00
853 2.0887555503288030e+02 1.0709524556883579e+02 0.0000000000000000e+00
854 3.3084164437458082e+02 2.3114854958175789e+02 0.0000000000000000e+00
855 3.1979290438714088e+02 2.0266646226226189e+02 0.0000000000000000e+00
856 1.8685947339921691e+02 4.1607908975292759e+01 0.0000000000000000e+00
857 4.8305646402959883e+02 2.0260198210881231e+02 0.0000000000000000e+00
858 6.1222970682959397e+02 5.7461810551945000e+01 0.0000000000000000e+00
859 2.8854525335224531e+02 1.8753294330461620e+02 0.0000000000000000e+00
860 2.3868673914133811e+02 1.4501054372729661e+02 0.0000000000000000e+00
861 6.4414360805077229e+02 1.2822675583164579e+02 0.0000000000000000e+00
862 1.4864438128102941e+02 2.2811247002503120e+02 0.0000000000000000e+00
863 6.3480634643858809e+02 1.7722184590551259e+02 0.0000000000000000e+00
864 1.8225714196539730e+02 1.5100203956223551e+01 0.0000000000000000e+00
865 1.5408485363125331e+02 1.6253631083897099e+02 0.0000000000000000e+00
866 1.1723246834716940e+02 1.6330179068262669e+02 0.0000000000000000e+00
867 4.7506713490631603e+02 2.3110903159936211e+02 0.0000000000000000e+00
868 2.5884498253359942e+02 1.9977708566143781e+02 0.0000000000000000e+00
869 5.7827387269615940e+02 1.8747814411901939e+02 0.0000000000000000e+00
870 6.0684390631524275e+02 1.3456388402843021e+02 0.0000000000000000e+00
871 6.1909972676358007e+02 1.3596474747900130e+01 0.0000000000000000e+00
872 6.4730297078463184e+02 1.7375650654748291e+01 0.0000000000000000e+00
873 1.1480165046998020e+02 1.8081529364498721e+02 0.0000000000000000e+00
874 1.1704220373736540e+02 1.0492672799430190e+02 0.0000000000000000e+00
875 1.9083728670218761e+02 5.9217963101447481e+01 0.0000000000000000e+00
876 2.3505425740988741e+02 1.7790926592015720e+02 0.0000000000000000e+00
877 1.7263055648989939e+02 1.9280115585456781e+02 0.0000000000000000e+00
878 5.4412288071198725e+02 2.0529363080518439e+02 0.0000000000000000e+00
879 1.1352357419919539e+02 8.6388922924188961e+01 0.0000000000000000e+00
880 1.1456883589424700e+02 1.2348544080736160e+02 0.0000000000000000e+00
881 1.1612481491407100e+02 5.0762740307293988e+01 0.0000000000000000e+00
882 5.3330626191182046e+02 2.2720827176411521e+02 0.0000000000000000e+00
883 1.7986092550617499e+02 1.1702363197392930e+02 0.0000000000000000e+00
884 4.3289241020127912e+02 2.3530781954170780e+02 0.0000000000000000e+00
885 1.1807317098692010e+02 1.6648538933476100e+01 0.0000000000000000e+00
886 4.5037075469786078e+02 2.1131573254144499e+02 0.0000000000000000e+00
887 3.6217125210077148e+02 2.3454168560264091e+02 0.0000000000000000e+00
888 2.6561546490026888e+02 1.6464981050106911e+02 0.0000000000000000e+00
889 5.5174058048431823e+02 1.5624740923417059e+02 0.0000000000000000e+00
890 2.7498244956110659e+02 2.3014823717627360e+02 0.0000000000000000e+00
891 1.4996333333222000e+02 1.2737650582747639e+02 0.0000000000000000e+00
892 1.1710468330176769e+02 2.3362840626842669e+02 0.0000000000000000e+00
893 6.4840256310470465e+02 1.5735998070933280e+02 0.0000000000000000e+00
894 3.5217268745945057e+02 2.1057160716269490e+02 0.0000000000000000e+00
895 4.0645064580408979e+02 2.3643622361300481e+02 0.0000000000000000e+00
896 5.7314708433022849e+02 2.3045608621583841e+02 0.0000000000000000e+00
897 1.7658881741282929e+02 9.7297229312511448e+01 0.0000000000000000e+00
898 1.1539698838979160e+02 6.8387147678086137e+01 0.0000000000000000e+00
899 6.1632418605124371e+02 2.7459310192686811e+01 0.0000000000000000e+00
900 6.0796806578594760e+02 2.3047218149716701e+02 0.0000000000000000e+00
901 1.8581418890196991e+02 2.8167230163669299e+01 0.0000000000000000e+00
902 3.0801722405458679e+02 2.3549898185697839e+02 0.0000000000000000e+00
903 3.8503378608988220e+02 2.1527721418115209e+02 0.0000000000000000e+00
904 6.0545235882821498e+02 1.5903297707982850e+02 0.0000000000000000e+00
905 6.4761361698668145e+02 8.7287008131533881e+01 0.0000000000000000e+00
906 6.2096389482197833e+02 1.0385070572001931e+02 0.0000000000000000e+00
907 2.7475758849993650e+02 1.7565056738570999e+02 0.0000000000000000e+00
908 2.5323329810523509e+02 1.5756354317910731e+02 0.0000000000000000e+00
909 7.7083266402630812e+01 2.3954370449312000e+02 0.0000000000000000e+00
910 6.0651438873681457e+02 1.1415717066411089e+02 0.0000000000000000e+00
911 1.9750564458383980e+02 1.7880150165826890e+02 0.0000000000000000e+00
912 6.4468233448334081e+02 2.2817738690153899e+02 0.0000000000000000e+00
913 5.2567714333038373e+02 1.7575697986381269e+02 0.0000000000000000e+00
914 6.3235937638467112e+02 1.1968048403553439e+01 0.0000000000000000e+00
915 1.6923880121640451e+02 1.2965057088272429e+01 0.0000000000000000e+00
916 5.6652171940638436e+02 2.0743992802761170e+02 0.0000000000000000e+00
917 9.8035828604175794e+00 2.3954370449312000e+02 0.0000000000000000e+00
918 5.9686745194917489e+02 8.7626094424935786e+01 0.0000000000000000e+00
919 6.2422645751635696e+02 6.6778678733673175e+01 0.0000000000000000e+00
920 2.3042832430187431e+02 1.3082442625903931e+02 0.0000000000000000e+00
921 1.5447695139142300e+02 1.8107898756998051e+02 0.0000000000000000e+00
922 4.1783509804312229e+02 2.1435370768907779e+02 0.0000000000000000e+00
923 4.0140116391160569e+02 1.9080570291328979e+02 0.0000000000000000e+00
924 3.0366683889990787e+02 1.6387563079873351e+02 0.0000000000000000e+00
925 4.9913548892330351e+02 1.6387563079873379e+02 0.0000000000000000e+00
926 2.3351884098922591e+02 9.0686049571745613e+01 0.0000000000000000e+00
927 5.6928348683398553e+02 9.0686049571745841e+01 0.0000000000000000e+00
928 5.6093754683563679e+02 1.0464547726532460e+02 0.0000000000000000e+00
929 2.4186478098757470e+02 1.0464547726532450e+02 0.0000000000000000e+00
930 4.8414872392173902e+02 1.7182707887519561e+02 0.0000000000000000e+00
931 3.1865360390147248e+02 1.7182707887519521e+02 0.0000000000000000e+00
932 3.8431319056865198e+02 1.8986293395447771e+02 0.0000000000000000e+00
933 4.1848913725455958e+02 1.8986293395447780e+02 0.0000000000000000e+00
934 2.8939630514061741e+02 1.5416146261731600e+02 0.0000000000000000e+00
935 5.1340602268259408e+02 1.5416146261731600e+02 0.0000000000000000e+00
936 2.2624516640666511e+02 7.4865266192818808e+01 0.0000000000000000e+00
937 5.7655716141654614e+02 7.4865266192818481e+01 0.0000000000000000e+00
938 2.1055493727736771e+02 2.2032265907623390e+01 0.0000000000000000e+00
939 5.9224739054584484e+02 2.2032265907623710e+01 0.0000000000000000e+00
940 2.5256625172145851e+02 1.1869188180829210e+02 0.0000000000000000e+00
941 5.5023607610175338e+02 1.1869188180829110e+02 0.0000000000000000e+00
942 4.6827431523719792e+02 1.7818287449670430e+02 0.0000000000000000e+00
943 3.3452801258601392e+02 1.7818287449670419e+02 0.0000000000000000e+00
944 3.6742588201104712e+02 1.8721923441062830e+02 0.0000000000000000e+00
945 4.3537644581216512e+02 1.8721923441062810e+02 0.0000000000000000e+00
946 2.7623325734231719e+02 1.4326619665396379e+02 0.0000000000000000e+00
947 5.2656907048089533e+02 1.4326619665396331e+02 0.0000000000000000e+00
948 5.8230623900756700e+02 5.8779622047171998e+01 0.0000000000000000e+00
949 2.2049608881564509e+02 5.8779622047170562e+01 0.0000000000000000e+00
950 2.1597560371046589e+02 4.2322174101048212e+01 0.0000000000000000e+00
951 5.8682672411274598e+02 4.2322174101047978e+01 0.0000000000000000e+00
952 5.3886251325112403e+02 1.3142650696887310e+02 0.0000000000000000e+00
953 2.6393981457208753e+02 1.3142650696887330e+02 0.0000000000000000e+00
954 4.5199429528959132e+02 1.8332009444331129e+02 0.0000000000000000e+00
955 3.5080803253362080e+02 1.8332009444331149e+02 0.0000000000000000e+00
956 5.8855234359764495e+02 9.1169659173281232e+00 0.0000000000000000e+00
957 2.1424998422556689e+02 9.1169659173277662e+00 0.0000000000000000e+00
958 5.9831176017816244e+02 8.4989909096125533e+00 0.0000000000000000e+00
959 2.0449056764504891e+02 8.4989909096117593e+00 0.0000000000000000e+00
960 3.4984048988308069e+02 6.4723946933930094e+01 -6.7466503065941993e+01
961 3.5734941065221062e+02 5.6279444397826467e+01 -5.9701586647834823e+01
962 3.4073607006140560e+02 5.1766891745866992e+01 -6.5235006126433888e+01
963 3.5441929768414269e+02 4.1456907647632761e+01 -5.4710403732518969e+01
964 4.6178236561110009e+02 5.1513918892213958e+01 -6.4961321425039003e+01
965 4.4566062094191329e+02 5.8239574648682087e+01 -6.0753796055270513e+01
966 4.5275361496981247e+02 6.4851999094697661e+01 -6.7444144564965725e+01
967 4.4850930168577668e+02 4.6777565893750662e+01 -5.6717738077485727e+01
968 4.4436280245036983e+02 2.7111856321835720e+01 -4.9269517520340223e+01
969 4.4145290248014589e+02 3.8478546331211398e+01 -5.1280050649575728e+01
970 4.5541753473918931e+02 3.4629568094541042e+01 -5.5502924545912578e+01
971 4.5082664969826408e+02 1.5690637018307800e+01 -4.9698925192202807e+01
972 4.3301649122717748e+02 1.6559580242383991e+01 -4.4198759658894367e+01
973 3.6045796226616920e+02 2.7522600056234069e+01 -4.8689425467046121e+01
974 3.4848213557253138e+02 2.8420533242765671e+01 -5.3403083299856377e+01
975 3.4210995296036128e+02 3.6897660681959493e+01 -5.8709161224308637e+01
976 3.6516478133713707e+02 1.6156716362457111e+01 -4.5346612769943313e+01
977 3.5206914934533671e+02 1.5002697071578879e+01 -4.9578477444253288e+01
978 3.7127436541709829e+02 6.1549410836193367e+01 -5.7937846574752939e+01
979 3.6118552893523031e+02 7.0343261500030110e+01 -6.6169449639624503e+01
980 3.6710629545841488e+02 4.9454194342733423e+01 -5.3459168937738880e+01
981 4.4169463266922548e+02 7.0309491192099870e+01 -6.6176377947306051e+01
982 4.3274895364448861e+02 6.2505965870236992e+01 -5.8763897869150227e+01
983 4.3578976683485962e+02 5.1748058729474828e+01 -5.4439685156319982e+01
984 3.7341736877132672e+02 7.5786274882685348e+01 -6.5992240491838785e+01
985 3.8536257371011231e+02 6.6662491031627923e+01 -5.7959816785340507e+01
986 3.8009421541072749e+02 5.3298365482170027e+01 -5.2127303075160341e+01
987 4.2743914510595607e+02 7.4908794566868849e+01 -6.4914926173022991e+01
988 4.1887711156972000e+02 6.6503002523132778e+01 -5.8074338049654102e+01
989 4.2317904695672019e+02 5.3540156593631927e+01 -5.2314200939823117e+01
990 4.0576536567876252e+02 2.9737548034263281e+01 -4.2797003882740910e+01
991 4.2190383407386639e+02 2.8884951361635238e+01 -4.4126302660725059e+01
992 4.1607512262137698e+02 1.4473110185633260e+01 -4.1007397999962649e+01
993 4.1511064576056208e+02 4.2729212279083157e+01 -4.7045102710576941e+01
994 3.7649454920399182e+02 2.6588811748795550e+01 -4.4402687930051769e+01
995 3.9298405325782522e+02 2.5367908536414529e+01 -4.2087417524916823e+01
996 3.8738251150056789e+02 1.2844200683200970e+01 -4.0772468576205107e+01
997 3.8994527159576421e+02 3.9255027178874627e+01 -4.5723622460971853e+01
998 4.0272148992621902e+02 4.5982415168429213e+01 -4.7443922950347172e+01
999 4.0058762357313532e+02 1.3608244424542789e+01 -4.0122699678228258e+01
1000 4.1024870124184048e+02 5.5920993652853831e+01 -5.1766384494316739e+01
1001 3.9348855148469841e+02 5.6204981083605979e+01 -5.1831696798178498e+01
1002 4.6571985593317868e+02 2.2048364531088879e+01 -5.7628372088228190e+01
1003 4.7301388954753600e+02 3.7700159837712263e+01 -6.6097347160312609e+01
1004 3.2950727282992960e+02 3.8258933381375023e+01 -6.6476005107942356e+01
1005 3.3802660280921071e+02 2.3279083941065309e+01 -5.7354185070019348e+01
1006 4.6145579155351390e+02 8.5115180080877817e+00 -5.3693319071013782e+01
1007 3.4135084429564569e+02 8.4830079946308317e+00 -5.3689210099033723e+01
1008 4.3286247033533431e+02 2.8737530591656789e+01 -4.6277067933738287e+01
1009 4.7856160885127059e+02 2.3016500782221922e+01 -6.5795558812426151e+01
1010 3.6649558786410029e+02 3.6499890553131188e+01 -4.9150397086204997e+01
1011 3.2424071889625787e+02 2.3016500732606740e+01 -6.5795558855205158e+01
1012 4.2835490558295601e+02 4.0112759453428573e+01 -4.8302761025974647e+01
1013 3.7403503430712999e+02 1.1214322461561579e+01 -4.2688994631555182e+01
1014 3.7599250192262042e+02 4.1230868993854749e+01 -4.8342226500229728e+01
1015 4.1496843047623838e+02 7.9433359258988759e+01 -6.5842172877910102e+01
1016 4.0450245212729823e+02 7.0385723129213204e+01 -5.9081360227189712e+01
1017 3.8960692562669948e+02 7.9800331995633854e+01 -6.5903536045839672e+01
1018 4.0245035658139511e+02 8.3098371992273258e+01 -6.7738462315224211e+01
1019 4.8482583075017629e+02 1.2903802696937881e+01 -6.8761847365054436e+01
1020 4.7345685611649628e+02 1.1149260439284999e+01 -6.0604060608483508e+01
1021 3.2949078639624838e+02 1.1301608510595520e+01 -6.0528003213818828e+01
1022 3.1800807693167951e+02 1.2908578799433180e+01 -6.8737775017113535e+01
1023 2.9382797401479451e+02 1.2373919995796901e+02 -1.5599185187727620e+01
1024 3.0745256317499951e+02 1.2173847074583600e+02 -2.4005284868780329e+01
1025 3.0380583757853640e+02 1.3329311410008219e+02 -1.4575069325446909e+01
1026 2.9817320596653832e+02 1.1410511530296290e+02 -2.3926443612786251e+01
1027 3.7505258794369240e+02 1.0661489709740771e+02 -6.0273441087503294e+01
1028 3.7384292632603359e+02 1.1795989626954299e+02 -5.0937597044875893e+01
1029 3.6034065748752317e+02 1.0962534221549291e+02 -5.4298986505932127e+01
1030 3.6221027533819421e+02 1.2277408111175950e+02 -4.4549735524830247e+01
1031 5.4271409758419099e+02 7.3155294406334846e+01 -1.9589453657427221e+01
1032 5.5436088725073728e+02 6.3460390608903928e+01 -1.4245810661877480e+01
1033 5.5033546376887148e+02 7.7978542329286753e+01 -1.2173241723121491e+01
1034 5.4246590773039190e+02 6.0159718425881309e+01 -2.4349564196603481e+01
1035 3.3001278112552581e+02 9.0268204285833832e+01 -5.5930624397032432e+01
1036 3.1624285877108520e+02 8.6939802792492529e+01 -5.0473848856773188e+01
1037 3.2217227451296009e+02 7.6534886574795252e+01 -5.9996524704734391e+01
1038 3.6680487939443378e+02 1.5340818641366590e+02 -2.1128425395999081e+01
1039 3.5856726198671362e+02 1.4503339141296200e+02 -2.6107902283151759e+01
1040 3.7320435513129291e+02 1.4278418104246049e+02 -3.0798806402598728e+01
1041 3.1907370696504819e+02 9.8633126325051336e+01 -4.4880303978481429e+01
1042 5.0041546524324752e+02 2.4031061832159981e+01 -6.6820169767309096e+01
1043 5.1152127943395965e+02 1.3711006857534500e+01 -5.9326222070900393e+01
1044 5.0976471141459257e+02 3.0788944503959460e+01 -5.7938082801310763e+01
1045 4.5330713019627188e+02 1.0420231926548090e+02 -5.4833824340448878e+01
1046 4.4641353874537509e+02 1.1332228490824470e+02 -5.0278800482961827e+01
1047 4.4188394891855950e+02 1.0250167365294230e+02 -5.9956670162102427e+01
1048 4.5914549092790003e+02 1.1413640057636781e+02 -4.5346267297347879e+01
1049 3.0010843148387909e+02 4.9994354721894673e+01 -5.7685583953033763e+01
1050 2.9807662057536561e+02 6.5422722632071213e+01 -4.9981341396587801e+01
1051 2.8908069289402061e+02 5.2117219400336360e+01 -4.8720703731411383e+01
1052 2.8343230910914667e+02 6.5170212805970323e+01 -3.9684735885738540e+01
1053 3.0740189464978067e+02 4.1157716749967790e+01 -6.6220983336262506e+01
1054 3.1194282215182352e+02 5.2598878702971042e+01 -6.5262965281848423e+01
1055 5.1315270602056580e+02 5.6468698759557647e+01 -4.7577435570165093e+01
1056 5.0534038047097141e+02 6.7439670963693800e+01 -4.8656157639392191e+01
1057 5.0211415743799557e+02 5.2807598068649938e+01 -5.7059096834952619e+01
1058 5.1781093071726264e+02 6.9830041790250263e+01 -3.8880483653001278e+01
1059 4.9143959480904988e+02 5.1946382918526233e+01 -6.5120319262825632e+01
1060 4.9773758987503811e+02 3.9292954918226897e+01 -6.5043758584095798e+01
1061 3.0706126900474419e+02 7.8130254391608290e+01 -4.9818662171882018e+01
1062 3.0415587692792292e+02 9.3017518079776679e+01 -3.9852940090383967e+01
1063 2.9319963062710349e+02 8.1432886919281557e+01 -3.9150040815741598e+01
1064 2.8732684946878737e+02 9.5115018367637617e+01 -2.8336655234783571e+01
1065 2.8120542370364848e+02 2.6092727628015410e+01 -4.9403552092306263e+01
1066 2.6915172428277981e+02 1.6214337593587182e+01 -4.0950115452582303e+01
1067 2.8243368379696182e+02 1.2379511600360621e+01 -5.2197164395714729e+01
1068 5.2293554937327372e+02 1.1066555566693539e+01 -5.0194171681813643e+01
1069 5.3357374542664934e+02 1.6609353715114040e+01 -4.0972899687270200e+01
1070 5.2154900495502852e+02 2.3484776974905351e+01 -4.9876997314254680e+01
1071 5.5201172171589576e+02 3.9923734615610002e+01 -2.2323808695557709e+01
1072 5.6388797628252041e+02 3.7354080934639022e+01 -1.3318664377612951e+01
1073 5.6157290697982069e+02 4.9426010294798857e+01 -1.2576716960005861e+01
1074 5.5457291961250871e+02 2.6717647225332779e+01 -2.2594254566079311e+01
1075 2.4122150848869589e+02 4.9428280702289143e+01 -1.2569925732620320e+01
1076 2.3892832271253329e+02 3.7361812976338967e+01 -1.3328470227820580e+01
1077 2.5027717626335837e+02 4.2199919066725549e+01 -2.1421764346052221e+01
1078 2.4820210016927521e+02 2.7013579407679970e+01 -2.2529876122373079e+01
1079 4.5460292198519431e+02 1.3526985251758350e+02 -3.0952049172095240e+01
1080 4.6486582928930352e+02 1.2795685089635080e+02 -3.3035529733068628e+01
1081 4.6241371632805948e+02 1.4266025646905689e+02 -2.2862383336119009e+01
1082 5.0953119698257422e+02 8.1728405199647554e+01 -3.9050307561201294e+01
1083 4.9914185155213869e+02 9.1059758905338171e+01 -4.0664662675864093e+01
1084 4.9703750625176048e+02 7.6789655450919966e+01 -4.9688700623963072e+01
1085 3.6064133115907111e+02 1.3457334141325941e+02 -3.4867802563475777e+01
1086 5.1437693571414673e+02 9.3183183307684118e+01 -3.0052024772676290e+01
1087 3.4844908833044951e+02 1.1287232481136290e+02 -4.8016755477216662e+01
1088 3.4966895486130551e+02 1.2633787034819279e+02 -3.8243991814712587e+01
1089 3.3679402028367451e+02 1.1747656458205731e+02 -4.0264786661279437e+01
1090 3.3888906947070762e+02 1.2992810032426721e+02 -3.1919001927657849e+01
1091 4.6814716881157489e+02 1.0330283755127989e+02 -4.9408050526113847e+01
1092 4.8018114152306350e+02 1.0877228422183789e+02 -4.0071483843856413e+01
1093 4.6868000720170278e+02 1.1668790641538770e+02 -3.9749952918275291e+01
1094 4.8058735161210382e+02 1.2150138760798750e+02 -3.1222919420453700e+01
1095 3.3406638391655991e+02 1.0338372712215930e+02 -4.9087642697716973e+01
1096 3.2219422040179450e+02 1.1015032495684000e+02 -3.8943217355647633e+01
1097 3.2009147189005171e+02 1.1957916266250430e+02 -3.1572205536427685e+01
1098 4.5357353167588519e+02 1.2391013403504510e+02 -3.9954861279047613e+01
1099 4.0433266695792622e+02 1.4547697333427229e+02 -3.0827835626624498e+01
1100 4.1206960105002219e+02 1.5511338332455219e+02 -2.2598081544901369e+01
1101 3.9730584927527292e+02 1.5529898386732680e+02 -2.2702760806333881e+01
1102 5.2242350990911405e+02 8.1213332097706854e+01 -3.0629880000331958e+01
1103 3.8472139194565830e+02 1.3539503368321840e+02 -3.8326978786700153e+01
1104 3.9054804659440390e+02 1.4486627518522431e+02 -3.1021135315373900e+01
1105 3.7321068959898707e+02 1.2991036956304660e+02 -4.1202504711663330e+01
1106 3.1604983464774921e+02 1.4362998429436709e+02 -1.3029111414772480e+01
1107 3.9939681929777652e+02 1.3376163470209710e+02 -4.0507040309542781e+01
1108 5.3315079927168085e+02 5.6259726398552388e+01 -3.2682477349963868e+01
1109 5.3936301393603048e+02 4.5043757331634161e+01 -3.1139386593136219e+01
1110 5.2483619432224259e+02 4.6758808943156950e+01 -4.1977489426580647e+01
1111 2.5998293681531783e+02 6.0493555941785267e+01 -2.3973117743079179e+01
1112 2.6226182834096039e+02 4.7208599890700327e+01 -2.9653253340007321e+01
1113 2.7041350856363010e+02 5.8223014622806062e+01 -3.2611759334160581e+01
1114 2.7616104320435340e+02 4.9768238395729767e+01 -3.9690374898389607e+01
1115 3.7181974965566542e+02 9.5239793219151167e+01 -6.8603178737191982e+01
1116 3.8465278785992518e+02 9.9062281929770009e+01 -6.7992463945006165e+01
1117 4.3423859479890018e+02 9.4455339741125599e+01 -6.8378302537639968e+01
1118 4.4756582816883008e+02 8.9371324235557054e+01 -6.7891640968109527e+01
1119 5.3254602950778929e+02 6.9014359540427890e+01 -2.8608797719938629e+01
1120 5.2363452726947139e+02 5.9597149264572671e+01 -3.8682046124183060e+01
1121 3.9280508876316429e+02 1.0901547239607810e+02 -6.0660163971402987e+01
1122 3.9898323445910802e+02 1.0046150403207690e+02 -6.7973918809325966e+01
1123 4.0887307781757448e+02 1.1018108852761659e+02 -5.9768729047150877e+01
1124 4.5885932761073082e+02 8.1550430223582751e+01 -6.8577387886377011e+01
1125 4.6982654610569512e+02 7.9868566002451900e+01 -6.4111439468932332e+01
1126 4.1305317524883299e+02 1.3718536433499690e+02 -3.7286653135120361e+01
1127 4.1494117527600179e+02 1.6503262548228400e+02 -1.4257767059277761e+01
1128 4.0268297574422269e+02 1.6512681065082731e+02 -1.4633511016748050e+01
1129 4.2097034670153892e+02 1.4527810997790519e+02 -2.9933609939345551e+01
1130 2.6439484588333681e+02 9.7217505118958371e+01 -1.2271701664600840e+01
1131 3.8662914984602781e+02 1.1603493998160720e+02 -5.4374303384025723e+01
1132 3.8691346291544949e+02 1.2533919337881579e+02 -4.6780804769396418e+01
1133 3.2020572896947129e+02 6.0816382263845377e+01 -6.7185379749997210e+01
1134 4.8365092882660531e+02 5.9294248229817391e+01 -6.7228092015736976e+01
1135 3.6350566773000469e+02 1.6417777572913300e+02 -1.1858642584084290e+01
1136 3.7627228697432861e+02 1.6202634616862929e+02 -1.5597633807026639e+01
1137 5.4689988166915077e+02 1.3381125718183799e+01 -3.0327589890752339e+01
1138 5.5858997553787526e+02 1.3548243319504740e+01 -2.0706966317605211e+01
1139 3.2949519526095281e+02 6.9340927861887351e+01 -6.8466954970583032e+01
1140 4.8346002489484817e+02 7.3608418670872169e+01 -5.9932687000947134e+01
1141 4.7470814037847953e+02 6.6677611068724715e+01 -6.9125543449674808e+01
1142 4.2782987413885331e+02 1.5778409122563480e+02 -1.8882850569497410e+01
1143 4.4175496666189599e+02 1.6273073079811539e+02 -1.2547669804341270e+01
1144 4.3534100791610717e+02 1.4434877605414840e+02 -2.8534973533435871e+01
1145 4.4770725322602709e+02 1.4440185199336040e+02 -2.5762649221554341e+01
1146 4.4193656061742831e+02 1.5265203856851301e+02 -2.0566125606373809e+01
1147 3.1834853024098959e+02 1.3306224153304620e+02 -2.1463824647826701e+01
1148 4.4306953851995848e+02 1.3411224662232070e+02 -3.5011670728882123e+01
1149 2.4994425615348609e+02 5.4907147951353018e+01 -1.7958449828306641e+01
1150 2.5045986827318299e+02 6.8056640577835509e+01 -1.4268028950289500e+01
1151 5.4332507427906171e+02 3.0673006473415381e+01 -3.1080218885759791e+01
1152 4.8879389082713101e+02 8.4880465848599300e+01 -5.0366381112611677e+01
1153 2.4419134183920519e+02 1.3531505963686239e+01 -2.0690878143152261e+01
1154 2.5588122898182891e+02 1.3367213718667751e+01 -3.0311206177782630e+01
1155 3.2863467640642921e+02 1.2730943127486910e+02 -2.9894294411632831e+01
1156 2.5946623072072953e+02 2.9911376402628761e+01 -3.1202505680748018e+01
1157 2.7301718178904281e+02 9.0514045479750436e+01 -2.1274734505148590e+01
1158 2.6830262382462809e+02 8.0060814538554283e+01 -2.2728234159168618e+01
1159 2.8042767345145978e+02 8.1942290162237015e+01 -3.0327045140450199e+01
1160 5.1569173170320346e+02 1.2224298864673371e+02 -1.2803931132831609e+01
1161 5.1923066904601558e+02 1.0762155125480500e+02 -1.9213644827233029e+01
1162 3.4723229758449548e+02 1.3920086774382381e+02 -2.7640459069727889e+01
1163 5.0517665186755886e+02 1.0386357809066740e+02 -2.9741491881878940e+01
1164 4.5445583677557948e+02 1.5213330704617249e+02 -1.7944744862357879e+01
1165 4.5872876541152351e+02 1.5898255406668849e+02 -1.1439337551734919e+01
1166 2.9602597386090201e+02 1.0424099189333950e+02 -2.8586088779966211e+01
1167 2.8450059240018061e+02 1.1231531300986759e+02 -1.7124928728798491e+01
1168 4.4026609293922542e+02 1.2363338149626711e+02 -4.3954993676420550e+01
1169 4.1206740485342289e+02 1.2881815674978600e+02 -4.4234910099361961e+01
1170 4.2680156788389240e+02 1.3047259481523551e+02 -4.1212214925612287e+01
1171 4.2516756589784620e+02 1.0489937032948779e+02 -6.2142076130096633e+01
1172 3.3762184259494973e+02 8.1924229561909669e+01 -6.5223438359001108e+01
1173 4.5862878203857588e+02 9.3589614095189376e+01 -6.0374811411466887e+01
1174 2.5936900909972019e+02 8.1901852068858062e+01 -1.5605059582303401e+01
1175 3.4553402327281492e+02 9.8200605362605302e+01 -5.7667895726741548e+01
1176 3.0945010667927551e+02 1.0794471539772650e+02 -3.3886886950018337e+01
1177 3.3057613904565699e+02 1.3841409564094951e+02 -2.2596306846649409e+01
1178 3.6089868969086172e+02 9.7666974729994237e+01 -6.3648708103408723e+01
1179 4.7107991334457290e+02 9.2075951820741750e+01 -5.5614020641816779e+01
1180 4.8268880970493097e+02 9.6006111306569949e+01 -4.7091762786359517e+01
1181 4.8684173134647392e+02 1.3123792556596459e+02 -2.1673943575258090e+01
1182 4.8615916395295812e+02 1.4245173669249641e+02 -1.4115027907089059e+01
1183 4.7471152906671261e+02 1.3614513026429620e+02 -2.3300756950326459e+01
1184 4.9366036310236859e+02 1.2256133580200280e+02 -2.4310325261849250e+01
1185 5.0060901917015752e+02 1.3246487719193229e+02 -1.4332430763575850e+01
1186 5.6549386468066234e+02 2.5387567940918760e+01 -1.3879945198871759e+01
1187 5.6877790679406166e+02 1.1046563999446819e+01 -1.2480552330167701e+01
1188 2.3401847748033649e+02 1.1044118272221560e+01 -1.2475791384169019e+01
1189 2.3731242739647649e+02 2.5389540480459559e+01 -1.3882929063741720e+01
1190 3.3953166122583912e+02 1.4574083119876781e+02 -2.0246613112054931e+01
1191 3.2820655299048411e+02 1.4904776793557750e+02 -1.3875608939009670e+01
1192 4.7108148358945181e+02 1.4983755620561351e+02 -1.4538266067253620e+01
1193 4.7914296715704711e+02 8.5085837081954878e+01 -5.5791848558862434e+01
1194 3.1039455374237281e+02 6.5533838876412503e+01 -5.8355555891976032e+01
1195 4.9434900206855241e+02 6.2821052522789948e+01 -5.8322825427621027e+01
1196 3.0237359016447789e+02 2.7383650787266880e+01 -6.6114482787303487e+01
1197 2.9203547531794612e+02 2.1986933965457549e+01 -5.8844714344490299e+01
1198 2.9732277077888563e+02 1.1371207201395810e+01 -6.4502284382666630e+01
1199 4.0300878327323892e+02 1.2039008971238420e+02 -5.1544463054230746e+01
1200 2.9380690201852872e+02 3.5798148274262488e+01 -5.7326936860160536e+01
1201 3.5142737832049608e+02 8.8416217008826962e+01 -6.7089957037298376e+01
1202 4.1925857135151830e+02 1.1842261246728209e+02 -5.2072068194896673e+01
1203 5.1106727346930722e+02 4.3815665230725330e+01 -5.3447037996546570e+01
1204 5.3436345567105377e+02 8.0953185837166231e+01 -2.2443170072070739e+01
1205 5.2752977545516637e+02 9.2651669815658039e+01 -2.1754919391662739e+01
1206 2.8357605375528038e+02 3.8012350302246958e+01 -4.8735357329267330e+01
1207 5.3305761682666673e+02 1.0189413388414860e+02 -1.3520386895347480e+01
1208 4.1382219872839607e+02 9.9682533233949599e+01 -6.8004596988259664e+01
1209 2.7035472450933821e+02 6.8524509146886629e+01 -2.8868493800727940e+01
1210 2.6156232480836678e+02 7.2155924108074927e+01 -2.1048682859224680e+01
1211 3.3910682218031673e+02 1.5556194013517569e+02 -1.2620574857140859e+01
1212 5.0088758209328398e+02 9.4415129638972193e+00 -6.8433684009584383e+01
1213 2.7123953739588961e+02 3.3051522464235347e+01 -4.0081445473615567e+01
1214 5.3163333319440790e+02 3.3507739128610758e+01 -3.9931819308689967e+01
1215 5.1980008650954176e+02 3.5641946158100602e+01 -4.8865550809832769e+01
1216 5.0517097228882147e+02 1.1736226609428060e+02 -2.1624971836486498e+01
1217 5.5021972044188237e+02 5.1737861233469140e+01 -2.0885198401517119e+01
1218 4.3277828402654131e+02 1.1560219320695580e+02 -5.2052816875964673e+01
1219 3.5141559759881721e+02 1.5322150872825929e+02 -1.7903660746086160e+01
1220 4.9338421772014158e+02 1.1219916029511759e+02 -3.1176004247060600e+01
1221 4.9269939511825100e+02 1.0170264396906130e+02 -3.8119196039579272e+01
1222 3.8777160884358068e+02 1.6511282609671409e+02 -1.4185750053627130e+01
1223 2.7598078899357898e+02 1.0264498792134469e+02 -1.7161096997911450e+01
1224 3.8131471090743690e+02 1.5374332266264520e+02 -2.2952840043596641e+01
1225 5.4206031436492026e+02 8.8032016310209116e+01 -1.3970199327845760e+01
1226 0.0000000000000000e+00 0.0000000000000000e+00 -7.2119477890605104e-15
1227 0.0000000000000000e+00 2.1133172911869329e+02 -1.7763568394002501e-14
1228 0.0000000000000000e+00 1.9211975374426669e+02 -1.7763568394002501e-14
1229 0.0000000000000000e+00 1.7290777836984000e+02 -1.7763568394002501e-14
1230 0.0000000000000000e+00 1.5369580299541329e+02 -1.7763568394002501e-14
1231 0.0000000000000000e+00 1.3448382762098660e+02 -1.7763568394002501e-14
1232 0.0000000000000000e+00 1.1527185224655990e+02 -1.7763568394002501e-14
1233 0.0000000000000000e+00 9.6059876872133259e+01 -1.7763568394002501e-14
1234 0.0000000000000000e+00 7.6847901497706573e+01 -1.7763568394002501e-14
1235 0.0000000000000000e+00 5.7635926123279937e+01 -1.7763568394002501e-14
1236 0.0000000000000000e+00 3.8423950748853272e+01 -1.7763568394002501e-14
1237 0.0000000000000000e+00 1.9211975374426640e+01 -1.7763568394002501e-14
1238 1.6916523633035510e+01 0.0000000000000000e+00 -9.6159303854140013e-15
1239 3.3833047266071013e+01 0.0000000000000000e+00 -1.2019912981767491e-14
1240 5.0749570899106502e+01 0.0000000000000000e+00 -1.4423895578120970e-14
1241 6.7666094532141997e+01 0.0000000000000000e+00 -1.6827878174474461e-14
1242 8.4582618165177493e+01 0.0000000000000000e+00 -1.9231860770827939e-14
1243 1.6672260898352519e+01 6.7396613230878302e+01 -1.6793166352125229e-14
1244 8.4852468284981825e+01 1.2474798452005230e+02 -2.6482156568362551e-14
1245 1.6822256603923410e+01 1.6317879159163789e+02 -1.6814482023922949e-14
1246 5.9605328610759130e+01 1.6017437316138881e+01 -2.2894322229514630e-14
1247 5.9207832715624278e+01 2.1589356528319141e+02 -2.2837834665358132e-14
1248 8.4861083067078425e+01 8.6453889184920001e+01 -2.6483380802530320e-14
1249 1.6626555488769650e+01 1.0553689302927870e+02 -1.6786671222772420e-14
1250 8.4843559820107117e+01 1.6303037028119019e+02 -2.6480890599361838e-14
1251 8.4676885194289412e+01 4.8152937527055492e+01 -2.6457204710439779e-14
1252 1.6269689605312148e+01 2.0107825308695411e+02 -1.6735957530546151e-14
1253 1.6245065829226181e+01 2.9613464627381749e+01 -1.6732458281501181e-14
1254 8.6959898187522754e+01 2.0200673342969031e+02 -2.6781640370037361e-14
1255 1.6890726906614351e+01 1.8248595279312539e+02 -1.6824212239161419e-14
1256 3.4017421503595443e+01 1.7282556337406459e+02 -1.9258061925854758e-14
1257 3.3818045864325093e+01 1.5307906507037069e+02 -1.9229728943420541e-14
1258 5.1021102584026778e+01 1.6271579333144859e+02 -2.1674430340431139e-14
1259 5.0700516056581790e+01 1.4273694569668601e+02 -2.1628872254779419e-14
1260 5.0944925008676222e+01 1.8222630127009501e+02 -2.1663604855872510e-14
1261 3.3484365193631021e+01 1.3366602686159749e+02 -1.9182310068095490e-14
1262 5.0585389927006162e+01 1.2338265288277060e+02 -2.1612511847766192e-14
1263 6.7792159829225795e+01 1.5292573744175041e+02 -2.4057740919749729e-14
1264 3.3541263759721687e+01 1.9178419699837829e+02 -1.9190395840657670e-14
1265 3.0019109642886718e+01 2.1260797437241081e+02 -1.8689867636268750e-14
1266 8.6822554577766880e+01 2.8557470911927911e+01 -2.6762122669194329e-14
1267 6.7916548152837748e+01 3.4945524240907218e+01 -2.4075417563700901e-14
1268 6.7808398274028946e+01 5.7467715302674208e+01 -2.4060048541548709e-14
1269 5.0469780101875642e+01 4.8439768718076039e+01 -2.1596082703480390e-14
1270 5.1144890877320186e+01 6.7564475266142040e+01 -2.1692021714945490e-14
1271 8.5136520708313441e+01 1.8244780235955969e+02 -2.6522522845557210e-14
1272 1.6764575789423830e+01 4.8390575178653933e+01 -1.6806285087175870e-14
1273 1.6638058731134539e+01 8.6453889184919717e+01 -1.6788305931832430e-14
1274 3.3958566806823342e+01 9.6059876872133202e+01 -1.9249698170403391e-14
1275 8.4861083067078738e+01 1.0566586455934670e+02 -2.6483380802530361e-14
1276 6.7540574991389832e+01 9.6059876872133714e+01 -2.4021988563959381e-14
1277 1.6674418529094179e+01 1.4399521267363869e+02 -1.6793472969895219e-14
1278 8.4861083067078624e+01 6.7241913810493202e+01 -2.6483380802530349e-14
1279 3.3466170839676522e+01 3.9150629550945041e+01 -1.9179724494888651e-14
1280 3.2162810777698887e+01 2.1055617682166542e+01 -1.8994505890065041e-14
1281 8.4610397341361505e+01 1.4356046638404430e+02 -2.6447756218256940e-14
1282 1.6607622361268700e+01 1.2457530591636920e+02 -1.6783980663530221e-14
1283 6.7875861833224832e+01 1.7252200023799350e+02 -2.4069635689931750e-14
1284 3.3578558057050863e+01 5.8065934859455410e+01 -1.9195695679068171e-14
1285 6.7883109875126678e+01 1.3360621266731260e+02 -2.4070665698636121e-14
1286 6.8081312813857750e+01 1.9594556569423341e+02 -2.4098832030300449e-14
1287 6.8239277461958210e+01 7.6790350154953387e+01 -2.4121280156943381e-14
1288 7.6015497291693578e+01 2.1547283750243071e+02 -2.5226347459281810e-14
1289 7.6031395229086712e+01 1.5360064223477419e+01 -2.5228606692067459e-14
1290 3.4201994977589102e+01 7.6915836651147629e+01 -1.9284291394086792e-14
1291 3.3254103920069753e+01 1.1453787070272290e+02 -1.9149587973044321e-14
1292 6.7708752253478110e+01 1.1461643042374050e+02 -2.4045887990338749e-14
1293 4.9093433982904571e+01 2.9549636352686431e+01 -2.1400492156135092e-14
1294 4.8563594546648517e+01 2.0205477773913501e+02 -2.1325197443624910e-14
1295 5.0935865415060960e+01 8.6271067809556143e+01 -2.1662317410186051e-14
1296 5.0578716885860963e+01 1.0457077173313100e+02 -2.1611563551583960e-14
1297 1.3881205837962360e+01 1.4380996967180810e+01 -1.6396533572471889e-14
1298 1.3881205837962010e+01 2.1616270752593960e+02 -1.6396533572471841e-14
1299 4.5138586867695352e+01 2.1784320991515099e+02 -2.0838474578384359e-14
1300 4.5516339123750441e+01 1.2788167247519080e+01 -2.0892156402675740e-14
1301 8.9595227335837166e+01 1.2639952871890589e+01 -2.7156143166571689e-14
1302 8.9595227335837222e+01 2.1790375162122939e+02 -2.7156143166571699e-14
$EndNodes
$Elements
2490
1 2 2 1 1 309 374 331
2 2 2 1 1 332 374 309
3 2 2 1 1 315 350 328
4 2 2 1 1 316 352 327
5 2 2 1 1 20 342 19
6 2 2 1 1 24 341 23
7 2 2 1 1 46 343 45
8 2 2 1 1 42 344 41
9 2 2 1 1 328 367 315
10 2 2 1 1 327 368 316
11 2 2 1 1 20 352 342
12 2 2 1 1 341 349 23
13 2 2 1 1 42 350 344
14 2 2 1 1 343 351 45
15 2 2 1 1 56 335 55
16 2 2 1 1 54 336 53
17 2 2 1 1 329 392 307
18 2 2 1 1 307 356 329
19 2 2 1 1 330 355 308
20 2 2 1 1 362 392 329
21 2 2 1 1 315 381 358
22 2 2 1 1 338 361 313
23 2 2 1 1 322 361 338
24 2 2 1 1 308 393 330
25 2 2 1 1 56 377 335
26 2 2 1 1 336 380 53
27 2 2 1 1 330 393 363
28 2 2 1 1 309 396 329
29 2 2 1 1 330 396 309
30 2 2 1 1 309 355 330
31 2 2 1 1 329 356 309
32 2 2 1 1 320 379 332
33 2 2 1 1 331 378 321
34 2 2 1 1 358 381 324
35 2 2 1 1 359 369 318
36 2 2 1 1 325 369 359
37 2 2 1 1 323 370 357
38 2 2 1 1 357 370 317
39 2 2 1 1 312 366 340
40 2 2 1 1 340 366 319
41 2 2 1 1 339 365 314
42 2 2 1 1 320 365 339
43 2 2 1 1 331 355 309
44 2 2 1 1 309 356 332
45 2 2 1 1 338 346 51
46 2 2 1 1 36 345 337
47 2 2 1 1 339 348 29
48 2 2 1 1 58 347 340
49 2 2 1 1 310 373 335
50 2 2 1 1 336 373 310
51 2 2 1 1 362 396 310
52 2 2 1 1 310 396 363
53 2 2 1 1 329 396 362
54 2 2 1 1 363 396 330
55 2 2 1 1 332 356 320
56 2 2 1 1 321 355 331
57 2 2 1 1 335 362 310
58 2 2 1 1 310 363 336
59 2 2 1 1 333 353 311
60 2 2 1 1 312 354 334
61 2 2 1 1 379 410 332
62 2 2 1 1 331 411 378
63 2 2 1 1 307 394 356
64 2 2 1 1 322 380 336
65 2 2 1 1 335 377 319
66 2 2 1 1 58 340 57
67 2 2 1 1 30 339 29
68 2 2 1 1 36 337 35
69 2 2 1 1 52 338 51
70 2 2 1 1 51 346 50
71 2 2 1 1 37 345 36
72 2 2 1 1 29 348 28
73 2 2 1 1 59 347 58
74 2 2 1 1 334 365 307
75 2 2 1 1 307 366 334
76 2 2 1 1 311 371 333
77 2 2 1 1 333 372 313
78 2 2 1 1 313 346 338
79 2 2 1 1 337 345 311
80 2 2 1 1 314 348 339
81 2 2 1 1 340 347 312
82 2 2 1 1 319 362 335
83 2 2 1 1 336 363 322
84 2 2 1 1 342 352 316
85 2 2 1 1 344 350 315
86 2 2 1 1 318 349 341
87 2 2 1 1 317 351 343
88 2 2 1 1 313 398 333
89 2 2 1 1 334 366 312
90 2 2 1 1 365 397 314
91 2 2 1 1 334 397 365
92 2 2 1 1 355 389 308
93 2 2 1 1 367 388 306
94 2 2 1 1 368 387 305
95 2 2 1 1 353 361 308
96 2 2 1 1 333 371 306
97 2 2 1 1 306 372 333
98 2 2 1 1 308 389 353
99 2 2 1 1 340 377 57
100 2 2 1 1 30 379 339
101 2 2 1 1 52 380 338
102 2 2 1 1 337 378 35
103 2 2 1 1 306 388 370
104 2 2 1 1 305 387 369
105 2 2 1 1 49 357 48
106 2 2 1 1 27 359 26
107 2 2 1 1 61 360 60
108 2 2 1 1 39 358 38
109 2 2 1 1 305 382 368
110 2 2 1 1 335 373 55
111 2 2 1 1 54 373 336
112 2 2 1 1 376 382 305
113 2 2 1 1 353 389 375
114 2 2 1 1 305 364 354
115 2 2 1 1 339 379 320
116 2 2 1 1 319 377 340
117 2 2 1 1 338 380 322
118 2 2 1 1 321 378 337
119 2 2 1 1 23 349 22
120 2 2 1 1 21 352 20
121 2 2 1 1 45 351 44
122 2 2 1 1 43 350 42
123 2 2 1 1 305 369 364
124 2 2 1 1 364 369 325
125 2 2 1 1 311 375 337
126 2 2 1 1 337 375 321
127 2 2 1 1 318 387 349
128 2 2 1 1 317 388 351
129 2 2 1 1 49 383 357
130 2 2 1 1 360 386 60
131 2 2 1 1 27 385 359
132 2 2 1 1 358 384 38
133 2 2 1 1 349 387 327
134 2 2 1 1 351 388 328
135 2 2 1 1 315 399 344
136 2 2 1 1 343 400 317
137 2 2 1 1 316 402 342
138 2 2 1 1 341 401 318
139 2 2 1 1 358 399 315
140 2 2 1 1 317 400 357
141 2 2 1 1 360 402 316
142 2 2 1 1 318 401 359
143 2 2 1 1 367 381 315
144 2 2 1 1 312 395 354
145 2 2 1 1 360 382 326
146 2 2 1 1 316 382 360
147 2 2 1 1 357 383 323
148 2 2 1 1 324 384 358
149 2 2 1 1 326 386 360
150 2 2 1 1 359 385 325
151 2 2 1 1 370 372 306
152 2 2 1 1 323 372 370
153 2 2 1 1 344 399 40
154 2 2 1 1 342 402 62
155 2 2 1 1 25 401 341
156 2 2 1 1 47 400 343
157 2 2 1 1 353 375 311
158 2 2 1 1 311 403 371
159 2 2 1 1 372 404 313
160 2 2 1 1 37 384 345
161 2 2 1 1 59 386 347
162 2 2 1 1 348 385 28
163 2 2 1 1 346 383 50
164 2 2 1 1 353 398 361
165 2 2 1 1 342 407 19
166 2 2 1 1 24 405 341
167 2 2 1 1 344 408 41
168 2 2 1 1 46 406 343
169 2 2 1 1 347 386 326
170 2 2 1 1 325 385 348
171 2 2 1 1 345 384 324
172 2 2 1 1 323 383 346
173 2 2 1 1 354 376 305
174 2 2 1 1 55 373 54
175 2 2 1 1 354 395 376
176 2 2 1 1 365 394 307
177 2 2 1 1 307 392 366
178 2 2 1 1 33 374 32
179 2 2 1 1 21 390 352
180 2 2 1 1 349 390 22
181 2 2 1 1 351 391 44
182 2 2 1 1 43 391 350
183 2 2 1 1 26 401 25
184 2 2 1 1 62 402 61
185 2 2 1 1 40 399 39
186 2 2 1 1 48 400 47
187 2 2 1 1 348 409 325
188 2 2 1 1 347 395 312
189 2 2 1 1 326 395 347
190 2 2 1 1 313 404 346
191 2 2 1 1 345 403 311
192 2 2 1 1 40 408 344
193 2 2 1 1 343 406 47
194 2 2 1 1 62 407 342
195 2 2 1 1 341 405 25
196 2 2 1 1 356 394 320
197 2 2 1 1 314 409 348
198 2 2 1 1 346 404 323
199 2 2 1 1 324 403 345
200 2 2 1 1 321 389 355
201 2 2 1 1 333 398 353
202 2 2 1 1 354 397 334
203 2 2 1 1 306 381 367
204 2 2 1 1 371 381 306
205 2 2 1 1 361 398 313
206 2 2 1 1 328 388 367
207 2 2 1 1 327 387 368
208 2 2 1 1 322 393 361
209 2 2 1 1 357 400 48
210 2 2 1 1 359 401 26
211 2 2 1 1 39 399 358
212 2 2 1 1 61 402 360
213 2 2 1 1 35 378 34
214 2 2 1 1 57 377 56
215 2 2 1 1 31 379 30
216 2 2 1 1 53 380 52
217 2 2 1 1 364 397 354
218 2 2 1 1 350 391 328
219 2 2 1 1 327 390 349
220 2 2 1 1 328 391 351
221 2 2 1 1 352 390 327
222 2 2 1 1 33 411 374
223 2 2 1 1 374 410 32
224 2 2 1 1 363 393 322
225 2 2 1 1 319 392 362
226 2 2 1 1 50 383 49
227 2 2 1 1 38 384 37
228 2 2 1 1 28 385 27
229 2 2 1 1 60 386 59
230 2 2 1 1 361 393 308
231 2 2 1 1 374 411 331
232 2 2 1 1 332 410 374
233 2 2 1 1 314 397 364
234 2 2 1 1 25 405 2
235 2 2 1 1 47 406 4
236 2 2 1 1 1 407 62
237 2 2 1 1 3 408 40
238 2 2 1 1 366 392 319
239 2 2 1 1 320 394 365
240 2 2 1 1 368 382 316
241 2 2 1 1 364 409 314
242 2 2 1 1 324 381 371
243 2 2 1 1 325 409 364
244 2 2 1 1 378 411 34
245 2 2 1 1 31 410 379
246 2 2 1 1 369 387 318
247 2 2 1 1 370 388 317
248 2 2 1 1 22 390 21
249 2 2 1 1 44 391 43
250 2 2 1 1 326 382 376
251 2 2 1 1 34 411 33
252 2 2 1 1 32 410 31
253 2 2 1 1 371 403 324
254 2 2 1 1 323 404 372
255 2 2 1 1 375 389 321
256 2 2 1 1 19 407 1
257 2 2 1 1 41 408 3
258 2 2 1 1 2 405 24
259 2 2 1 1 4 406 46
260 2 2 1 1 376 395 326
261 2 2 1 2 437 450 68
262 2 2 1 2 45 436 46
263 2 2 1 2 41 440 42
264 2 2 1 2 438 456 418
265 2 2 1 2 45 447 436
266 2 2 1 2 419 457 439
267 2 2 1 2 440 448 42
268 2 2 1 2 431 448 422
269 2 2 1 2 422 462 431
270 2 2 1 2 439 457 424
271 2 2 1 2 424 456 438
272 2 2 1 2 423 473 441
273 2 2 1 2 68 450 67
274 2 2 1 2 451 474 422
275 2 2 1 2 66 443 65
276 2 2 1 2 441 473 420
277 2 2 1 2 444 461 428
278 2 2 1 2 430 474 451
279 2 2 1 2 421 461 444
280 2 2 1 2 412 472 463
281 2 2 1 2 69 437 68
282 2 2 1 2 420 464 452
283 2 2 1 2 452 464 429
284 2 2 1 2 466 485 427
285 2 2 1 2 415 485 466
286 2 2 1 2 456 457 414
287 2 2 1 2 424 457 456
288 2 2 1 2 80 445 439
289 2 2 1 2 69 468 437
290 2 2 1 2 438 446 83
291 2 2 1 2 66 480 443
292 2 2 1 2 449 472 412
293 2 2 1 2 416 453 432
294 2 2 1 2 433 454 417
295 2 2 1 2 432 463 416
296 2 2 1 2 417 458 433
297 2 2 1 2 419 459 432
298 2 2 1 2 418 446 438
299 2 2 1 2 439 445 419
300 2 2 1 2 447 475 421
301 2 2 1 2 79 445 80
302 2 2 1 2 433 460 418
303 2 2 1 2 83 446 84
304 2 2 1 2 416 450 437
305 2 2 1 2 71 435 70
306 2 2 1 2 436 447 421
307 2 2 1 2 435 455 417
308 2 2 1 2 422 448 440
309 2 2 1 2 414 457 453
310 2 2 1 2 433 458 413
311 2 2 1 2 431 475 447
312 2 2 1 2 432 459 412
313 2 2 1 2 82 438 83
314 2 2 1 2 80 439 81
315 2 2 1 2 432 483 419
316 2 2 1 2 413 460 433
317 2 2 1 2 5 470 94
318 2 2 1 2 412 463 432
319 2 2 1 2 454 456 414
320 2 2 1 2 71 455 435
321 2 2 1 2 63 470 5
322 2 2 1 2 418 484 433
323 2 2 1 2 90 441 89
324 2 2 1 2 415 466 443
325 2 2 1 2 420 488 441
326 2 2 1 2 85 451 86
327 2 2 1 2 77 452 78
328 2 2 1 2 437 468 425
329 2 2 1 2 435 476 425
330 2 2 1 2 74 444 73
331 2 2 1 2 72 455 71
332 2 2 1 2 423 467 434
333 2 2 1 2 44 447 45
334 2 2 1 2 42 448 43
335 2 2 1 2 425 468 435
336 2 2 1 2 442 488 420
337 2 2 1 2 455 487 417
338 2 2 1 2 457 483 453
339 2 2 1 2 463 472 426
340 2 2 1 2 454 484 456
341 2 2 1 2 440 490 422
342 2 2 1 2 417 476 435
343 2 2 1 2 421 493 436
344 2 2 1 2 65 466 64
345 2 2 1 2 82 471 438
346 2 2 1 2 439 471 81
347 2 2 1 2 435 468 70
348 2 2 1 2 420 492 442
349 2 2 1 2 467 491 434
350 2 2 1 2 85 478 451
351 2 2 1 2 452 477 78
352 2 2 1 2 443 466 65
353 2 2 1 2 422 490 451
354 2 2 1 2 444 493 421
355 2 2 1 2 461 475 413
356 2 2 1 2 452 492 420
357 2 2 1 2 413 475 462
358 2 2 1 2 414 481 454
359 2 2 1 2 438 471 424
360 2 2 1 2 424 471 439
361 2 2 1 2 90 467 441
362 2 2 1 2 422 474 462
363 2 2 1 2 429 464 459
364 2 2 1 2 459 464 412
365 2 2 1 2 443 480 426
366 2 2 1 2 428 461 458
367 2 2 1 2 458 461 413
368 2 2 1 2 425 469 437
369 2 2 1 2 437 469 416
370 2 2 1 2 443 472 415
371 2 2 1 2 453 481 414
372 2 2 1 2 436 493 75
373 2 2 1 2 412 473 449
374 2 2 1 2 451 478 430
375 2 2 1 2 429 477 452
376 2 2 1 2 444 479 73
377 2 2 1 2 87 490 440
378 2 2 1 2 464 473 412
379 2 2 1 2 442 492 76
380 2 2 1 2 93 465 92
381 2 2 1 2 434 489 423
382 2 2 1 2 454 481 476
383 2 2 1 2 428 479 444
384 2 2 1 2 436 498 46
385 2 2 1 2 88 488 442
386 2 2 1 2 41 497 440
387 2 2 1 2 446 478 84
388 2 2 1 2 79 477 445
389 2 2 1 2 450 480 67
390 2 2 1 2 426 472 443
391 2 2 1 2 430 478 446
392 2 2 1 2 445 477 429
393 2 2 1 2 441 467 423
394 2 2 1 2 75 493 74
395 2 2 1 2 75 498 436
396 2 2 1 2 442 499 88
397 2 2 1 2 91 467 90
398 2 2 1 2 89 488 88
399 2 2 1 2 67 480 66
400 2 2 1 2 416 469 453
401 2 2 1 2 44 482 447
402 2 2 1 2 448 482 43
403 2 2 1 2 76 492 77
404 2 2 1 2 440 497 87
405 2 2 1 2 72 479 455
406 2 2 1 2 86 490 87
407 2 2 1 2 469 481 453
408 2 2 1 2 94 486 93
409 2 2 1 2 463 500 416
410 2 2 1 2 76 499 442
411 2 2 1 2 413 474 460
412 2 2 1 2 449 489 415
413 2 2 1 2 420 473 464
414 2 2 1 2 462 474 413
415 2 2 1 2 485 489 434
416 2 2 1 2 415 472 449
417 2 2 1 2 445 496 419
418 2 2 1 2 423 489 449
419 2 2 1 2 418 495 446
420 2 2 1 2 449 473 423
421 2 2 1 2 454 476 417
422 2 2 1 2 429 496 445
423 2 2 1 2 446 495 430
424 2 2 1 2 74 493 444
425 2 2 1 2 455 479 428
426 2 2 1 2 70 468 69
427 2 2 1 2 421 475 461
428 2 2 1 2 460 495 418
429 2 2 1 2 453 483 432
430 2 2 1 2 465 486 427
431 2 2 1 2 426 480 450
432 2 2 1 2 81 471 82
433 2 2 1 2 417 487 458
434 2 2 1 2 451 490 86
435 2 2 1 2 77 492 452
436 2 2 1 2 64 494 63
437 2 2 1 2 433 484 454
438 2 2 1 2 431 482 448
439 2 2 1 2 447 482 431
440 2 2 1 2 419 496 459
441 2 2 1 2 416 500 450
442 2 2 1 2 450 500 426
443 2 2 1 2 460 474 430
444 2 2 1 2 78 477 79
445 2 2 1 2 84 478 85
446 2 2 1 2 427 485 465
447 2 2 1 2 419 483 457
448 2 2 1 2 456 484 418
449 2 2 1 2 465 491 92
450 2 2 1 2 462 475 431
451 2 2 1 2 415 489 485
452 2 2 1 2 91 491 467
453 2 2 1 2 73 479 72
454 2 2 1 2 441 488 89
455 2 2 1 2 87 497 3
456 2 2 1 2 470 486 94
457 2 2 1 2 428 487 455
458 2 2 1 2 458 487 428
459 2 2 1 2 6 499 76
460 2 2 1 2 4 498 75
461 2 2 1 2 92 491 91
462 2 2 1 2 43 482 44
463 2 2 1 2 459 496 429
464 2 2 1 2 430 495 460
465 2 2 1 2 426 500 463
466 2 2 1 2 88 499 6
467 2 2 1 2 466 494 64
468 2 2 1 2 434 491 465
469 2 2 1 2 63 494 470
470 2 2 1 2 93 486 465
471 2 2 1 2 3 497 41
472 2 2 1 2 46 498 4
473 2 2 1 2 465 485 434
474 2 2 1 2 427 494 466
475 2 2 1 2 425 481 469
476 2 2 1 2 476 481 425
477 2 2 1 2 427 486 470
478 2 2 1 2 470 494 427
479 2 2 1 3 564 755 502
480 2 2 1 3 569 632 534
481 2 2 1 3 520 593 570
482 2 2 1 3 532 628 567
483 2 2 1 3 635 711 519
484 2 2 1 3 570 593 529
485 2 2 1 3 563 698 514
486 2 2 1 3 114 575 113
487 2 2 1 3 566 614 527
488 2 2 1 3 501 639 563
489 2 2 1 3 641 755 564
490 2 2 1 3 567 772 531
491 2 2 1 3 615 669 551
492 2 2 1 3 582 623 519
493 2 2 1 3 116 592 115
494 2 2 1 3 525 612 568
495 2 2 1 3 529 627 570
496 2 2 1 3 586 686 508
497 2 2 1 3 514 666 563
498 2 2 1 3 579 602 515
499 2 2 1 3 646 706 588
500 2 2 1 3 586 745 686
501 2 2 1 3 535 656 591
502 2 2 1 3 527 711 566
503 2 2 1 3 534 637 569
504 2 2 1 3 566 711 635
505 2 2 1 3 570 636 520
506 2 2 1 3 563 648 501
507 2 2 1 3 120 604 119
508 2 2 1 3 631 748 577
509 2 2 1 3 536 646 588
510 2 2 1 3 647 684 575
511 2 2 1 3 531 759 567
512 2 2 1 3 524 669 615
513 2 2 1 3 120 743 604
514 2 2 1 3 506 623 582
515 2 2 1 3 533 748 631
516 2 2 1 3 571 608 520
517 2 2 1 3 574 769 507
518 2 2 1 3 531 772 624
519 2 2 1 3 520 636 571
520 2 2 1 3 605 638 504
521 2 2 1 3 551 638 605
522 2 2 1 3 612 723 559
523 2 2 1 3 502 650 564
524 2 2 1 3 585 593 520
525 2 2 1 3 78 700 622
526 2 2 1 3 116 708 592
527 2 2 1 3 623 697 519
528 2 2 1 3 538 669 595
529 2 2 1 3 676 763 621
530 2 2 1 3 510 676 621
531 2 2 1 3 506 771 623
532 2 2 1 3 513 632 569
533 2 2 1 3 582 711 527
534 2 2 1 3 573 685 525
535 2 2 1 3 122 606 121
536 2 2 1 3 124 589 123
537 2 2 1 3 567 652 532
538 2 2 1 3 638 669 538
539 2 2 1 3 516 626 581
540 2 2 1 3 623 771 584
541 2 2 1 3 505 679 645
542 2 2 1 3 568 644 525
543 2 2 1 3 105 599 104
544 2 2 1 3 507 769 601
545 2 2 1 3 519 756 635
546 2 2 1 3 522 684 647
547 2 2 1 3 610 679 505
548 2 2 1 3 501 595 590
549 2 2 1 3 590 595 524
550 2 2 1 3 580 660 545
551 2 2 1 3 575 691 113
552 2 2 1 3 557 660 580
553 2 2 1 3 504 643 616
554 2 2 1 3 518 703 578
555 2 2 1 3 603 687 548
556 2 2 1 3 664 706 126
557 2 2 1 3 580 603 506
558 2 2 1 3 506 735 580
559 2 2 1 3 580 735 557
560 2 2 1 3 616 764 504
561 2 2 1 3 603 762 687
562 2 2 1 3 587 698 563
563 2 2 1 3 525 644 573
564 2 2 1 3 555 632 513
565 2 2 1 3 559 700 612
566 2 2 1 3 27 671 583
567 2 2 1 3 681 733 631
568 2 2 1 3 512 694 651
569 2 2 1 3 525 685 579
570 2 2 1 3 545 725 580
571 2 2 1 3 78 622 77
572 2 2 1 3 579 723 525
573 2 2 1 3 30 618 31
574 2 2 1 3 507 677 574
575 2 2 1 3 35 596 36
576 2 2 1 3 606 743 121
577 2 2 1 3 607 693 528
578 2 2 1 3 602 680 515
579 2 2 1 3 33 598 34
580 2 2 1 3 586 707 546
581 2 2 1 3 537 699 583
582 2 2 1 3 573 644 512
583 2 2 1 3 503 602 579
584 2 2 1 3 607 715 693
585 2 2 1 3 512 729 573
586 2 2 1 3 562 626 516
587 2 2 1 3 629 759 531
588 2 2 1 3 529 661 651
589 2 2 1 3 686 745 548
590 2 2 1 3 525 723 612
591 2 2 1 3 515 747 579
592 2 2 1 3 622 700 559
593 2 2 1 3 538 643 638
594 2 2 1 3 576 615 509
595 2 2 1 3 651 715 512
596 2 2 1 3 605 637 517
597 2 2 1 3 520 749 585
598 2 2 1 3 509 642 576
599 2 2 1 3 563 753 587
600 2 2 1 3 578 703 618
601 2 2 1 3 651 661 558
602 2 2 1 3 618 695 31
603 2 2 1 3 596 625 36
604 2 2 1 3 591 656 509
605 2 2 1 3 527 678 582
606 2 2 1 3 577 739 631
607 2 2 1 3 118 600 117
608 2 2 1 3 537 623 584
609 2 2 1 3 569 764 616
610 2 2 1 3 589 656 535
611 2 2 1 3 38 608 39
612 2 2 1 3 35 721 596
613 2 2 1 3 38 714 608
614 2 2 1 3 594 709 112
615 2 2 1 3 519 711 582
616 2 2 1 3 594 691 526
617 2 2 1 3 598 721 34
618 2 2 1 3 112 691 594
619 2 2 1 3 526 691 575
620 2 2 1 3 636 724 85
621 2 2 1 3 108 683 7
622 2 2 1 3 604 743 572
623 2 2 1 3 645 654 542
624 2 2 1 3 536 656 589
625 2 2 1 3 544 733 681
626 2 2 1 3 508 629 586
627 2 2 1 3 640 716 516
628 2 2 1 3 629 707 586
629 2 2 1 3 598 751 531
630 2 2 1 3 599 681 104
631 2 2 1 3 7 683 107
632 2 2 1 3 619 643 538
633 2 2 1 3 592 708 555
634 2 2 1 3 687 767 554
635 2 2 1 3 127 664 126
636 2 2 1 3 569 728 513
637 2 2 1 3 26 671 27
638 2 2 1 3 513 665 555
639 2 2 1 3 649 699 537
640 2 2 1 3 531 751 611
641 2 2 1 3 97 722 635
642 2 2 1 3 588 706 664
643 2 2 1 3 86 636 85
644 2 2 1 3 591 605 517
645 2 2 1 3 591 657 535
646 2 2 1 3 628 772 567
647 2 2 1 3 579 685 503
648 2 2 1 3 576 773 503
649 2 2 1 3 547 716 640
650 2 2 1 3 578 649 537
651 2 2 1 3 747 766 559
652 2 2 1 3 36 625 37
653 2 2 1 3 559 766 622
654 2 2 1 3 599 640 516
655 2 2 1 3 597 701 528
656 2 2 1 3 627 724 570
657 2 2 1 3 583 699 27
658 2 2 1 3 578 688 518
659 2 2 1 3 97 635 96
660 2 2 1 3 537 688 578
661 2 2 1 3 596 621 530
662 2 2 1 3 553 621 596
663 2 2 1 3 649 744 29
664 2 2 1 3 642 656 536
665 2 2 1 3 522 647 592
666 2 2 1 3 586 703 518
667 2 2 1 3 546 703 586
668 2 2 1 3 598 624 553
669 2 2 1 3 531 624 598
670 2 2 1 3 582 678 506
671 2 2 1 3 581 692 516
672 2 2 1 3 124 646 589
673 2 2 1 3 616 643 539
674 2 2 1 3 511 689 634
675 2 2 1 3 594 626 562
676 2 2 1 3 596 721 553
677 2 2 1 3 651 694 552
678 2 2 1 3 566 722 614
679 2 2 1 3 584 662 518
680 2 2 1 3 530 625 596
681 2 2 1 3 516 716 562
682 2 2 1 3 553 721 598
683 2 2 1 3 589 663 123
684 2 2 1 3 584 688 537
685 2 2 1 3 608 714 556
686 2 2 1 3 689 748 634
687 2 2 1 3 518 688 584
688 2 2 1 3 635 756 560
689 2 2 1 3 583 697 537
690 2 2 1 3 114 647 575
691 2 2 1 3 542 654 630
692 2 2 1 3 572 657 517
693 2 2 1 3 562 709 594
694 2 2 1 3 518 745 586
695 2 2 1 3 570 724 636
696 2 2 1 3 554 767 673
697 2 2 1 3 551 710 615
698 2 2 1 3 608 749 520
699 2 2 1 3 593 661 529
700 2 2 1 3 612 726 568
701 2 2 1 3 534 690 637
702 2 2 1 3 597 639 501
703 2 2 1 3 588 718 536
704 2 2 1 3 633 634 533
705 2 2 1 3 542 634 633
706 2 2 1 3 667 689 550
707 2 2 1 3 652 753 532
708 2 2 1 3 578 744 649
709 2 2 1 3 545 660 658
710 2 2 1 3 585 760 593
711 2 2 1 3 501 648 595
712 2 2 1 3 595 648 538
713 2 2 1 3 577 689 667
714 2 2 1 3 659 694 568
715 2 2 1 3 509 656 642
716 2 2 1 3 112 709 111
717 2 2 1 3 572 743 606
718 2 2 1 3 113 691 112
719 2 2 1 3 517 657 591
720 2 2 1 3 524 730 613
721 2 2 1 3 503 730 576
722 2 2 1 3 503 773 602
723 2 2 1 3 528 701 655
724 2 2 1 3 591 710 605
725 2 2 1 3 80 612 79
726 2 2 1 3 535 663 589
727 2 2 1 3 604 672 119
728 2 2 1 3 635 722 566
729 2 2 1 3 534 632 600
730 2 2 1 3 110 617 109
731 2 2 1 3 587 753 652
732 2 2 1 3 561 727 609
733 2 2 1 3 638 643 504
734 2 2 1 3 507 760 677
735 2 2 1 3 639 753 563
736 2 2 1 3 129 609 128
737 2 2 1 3 99 614 98
738 2 2 1 3 122 663 606
739 2 2 1 3 615 730 524
740 2 2 1 3 592 665 522
741 2 2 1 3 524 752 590
742 2 2 1 3 558 715 651
743 2 2 1 3 543 705 597
744 2 2 1 3 105 640 599
745 2 2 1 3 511 660 653
746 2 2 1 3 653 660 557
747 2 2 1 3 590 701 501
748 2 2 1 3 552 694 659
749 2 2 1 3 28 649 29
750 2 2 1 3 606 657 572
751 2 2 1 3 545 658 630
752 2 2 1 3 517 690 572
753 2 2 1 3 522 665 620
754 2 2 1 3 605 764 637
755 2 2 1 3 631 733 533
756 2 2 1 3 502 713 650
757 2 2 1 3 106 640 105
758 2 2 1 3 713 757 650
759 2 2 1 3 540 654 645
760 2 2 1 3 633 645 542
761 2 2 1 3 505 645 633
762 2 2 1 3 728 732 513
763 2 2 1 3 592 647 115
764 2 2 1 3 653 758 704
765 2 2 1 3 84 627 83
766 2 2 1 3 118 672 600
767 2 2 1 3 607 729 512
768 2 2 1 3 513 732 620
769 2 2 1 3 645 679 540
770 2 2 1 3 604 690 534
771 2 2 1 3 526 626 594
772 2 2 1 3 581 746 505
773 2 2 1 3 526 746 626
774 2 2 1 3 556 749 608
775 2 2 1 3 600 672 534
776 2 2 1 3 514 673 668
777 2 2 1 3 677 760 585
778 2 2 1 3 548 662 603
779 2 2 1 3 544 681 599
780 2 2 1 3 583 756 697
781 2 2 1 3 653 704 550
782 2 2 1 3 668 673 564
783 2 2 1 3 103 631 102
784 2 2 1 3 6 696 130
785 2 2 1 3 574 763 676
786 2 2 1 3 119 672 118
787 2 2 1 3 528 655 607
788 2 2 1 3 607 655 541
789 2 2 1 3 546 695 618
790 2 2 1 3 589 646 536
791 2 2 1 3 561 766 727
792 2 2 1 3 595 669 524
793 2 2 1 3 76 696 6
794 2 2 1 3 510 772 628
795 2 2 1 3 606 663 535
796 2 2 1 3 527 758 678
797 2 2 1 3 605 710 551
798 2 2 1 3 115 647 114
799 2 2 1 3 575 684 526
800 2 2 1 3 539 643 619
801 2 2 1 3 33 751 598
802 2 2 1 3 600 708 117
803 2 2 1 3 697 756 519
804 2 2 1 3 125 646 124
805 2 2 1 3 616 728 569
806 2 2 1 3 528 736 597
807 2 2 1 3 626 746 581
808 2 2 1 3 655 752 541
809 2 2 1 3 590 752 655
810 2 2 1 3 123 663 122
811 2 2 1 3 600 632 555
812 2 2 1 3 530 719 625
813 2 2 1 3 616 757 565
814 2 2 1 3 539 757 616
815 2 2 1 3 625 719 556
816 2 2 1 3 684 746 526
817 2 2 1 3 501 701 597
818 2 2 1 3 516 692 599
819 2 2 1 3 95 702 2
820 2 2 1 3 2 702 25
821 2 2 1 3 601 770 507
822 2 2 1 3 597 736 543
823 2 2 1 3 32 695 611
824 2 2 1 3 597 705 639
825 2 2 1 3 658 660 511
826 2 2 1 3 538 666 619
827 2 2 1 3 521 767 687
828 2 2 1 3 99 670 614
829 2 2 1 3 633 682 505
830 2 2 1 3 609 712 128
831 2 2 1 3 637 690 517
832 2 2 1 3 532 753 639
833 2 2 1 3 619 668 539
834 2 2 1 3 612 700 79
835 2 2 1 3 535 657 606
836 2 2 1 3 555 665 592
837 2 2 1 3 80 726 612
838 2 2 1 3 540 732 713
839 2 2 1 3 505 682 581
840 2 2 1 3 614 722 98
841 2 2 1 3 613 730 503
842 2 2 1 3 603 771 506
843 2 2 1 3 542 658 634
844 2 2 1 3 634 658 511
845 2 2 1 3 549 712 609
846 2 2 1 3 534 672 604
847 2 2 1 3 611 751 32
848 2 2 1 3 528 693 601
849 2 2 1 3 687 762 521
850 2 2 1 3 627 675 83
851 2 2 1 3 580 762 603
852 2 2 1 3 615 710 509
853 2 2 1 3 514 668 619
854 2 2 1 3 613 674 541
855 2 2 1 3 572 690 604
856 2 2 1 3 31 695 32
857 2 2 1 3 601 736 528
858 2 2 1 3 40 717 3
859 2 2 1 3 3 717 87
860 2 2 1 3 620 679 522
861 2 2 1 3 630 654 502
862 2 2 1 3 540 713 654
863 2 2 1 3 522 679 610
864 2 2 1 3 619 666 514
865 2 2 1 3 103 681 631
866 2 2 1 3 608 741 39
867 2 2 1 3 503 674 613
868 2 2 1 3 613 752 524
869 2 2 1 3 630 658 542
870 2 2 1 3 84 724 627
871 2 2 1 3 505 746 610
872 2 2 1 3 537 697 623
873 2 2 1 3 680 773 523
874 2 2 1 3 571 741 608
875 2 2 1 3 631 739 102
876 2 2 1 3 680 727 515
877 2 2 1 3 109 731 108
878 2 2 1 3 633 733 682
879 2 2 1 3 648 666 538
880 2 2 1 3 551 669 638
881 2 2 1 3 82 659 81
882 2 2 1 3 32 751 33
883 2 2 1 3 628 676 510
884 2 2 1 3 543 676 628
885 2 2 1 3 736 769 543
886 2 2 1 3 652 734 587
887 2 2 1 3 508 734 652
888 2 2 1 3 555 708 600
889 2 2 1 3 512 715 607
890 2 2 1 3 546 707 611
891 2 2 1 3 611 707 531
892 2 2 1 3 610 684 522
893 2 2 1 3 541 729 607
894 2 2 1 3 609 750 561
895 2 2 1 3 129 750 609
896 2 2 1 3 104 681 103
897 2 2 1 3 101 667 100
898 2 2 1 3 601 769 736
899 2 2 1 3 620 665 513
900 2 2 1 3 611 695 546
901 2 2 1 3 539 668 650
902 2 2 1 3 610 746 684
903 2 2 1 3 625 714 37
904 2 2 1 3 125 706 646
905 2 2 1 3 100 670 99
906 2 2 1 3 532 705 628
907 2 2 1 3 533 733 633
908 2 2 1 3 653 689 511
909 2 2 1 3 550 689 653
910 2 2 1 3 540 679 620
911 2 2 1 3 550 670 667
912 2 2 1 3 556 714 625
913 2 2 1 3 504 764 605
914 2 2 1 3 562 716 617
915 2 2 1 3 83 675 82
916 2 2 1 3 30 744 618
917 2 2 1 3 541 752 613
918 2 2 1 3 106 754 640
919 2 2 1 3 523 773 642
920 2 2 1 3 667 670 100
921 2 2 1 3 110 761 617
922 2 2 1 3 82 675 659
923 2 2 1 3 563 666 648
924 2 2 1 3 588 737 718
925 2 2 1 3 536 718 642
926 2 2 1 3 107 754 106
927 2 2 1 3 618 744 578
928 2 2 1 3 618 703 546
929 2 2 1 3 565 728 616
930 2 2 1 3 639 705 532
931 2 2 1 3 561 738 622
932 2 2 1 3 682 692 581
933 2 2 1 3 602 773 680
934 2 2 1 3 640 754 547
935 2 2 1 3 617 731 109
936 2 2 1 3 568 726 659
937 2 2 1 3 614 704 527
938 2 2 1 3 599 692 544
939 2 2 1 3 659 675 552
940 2 2 1 3 650 668 564
941 2 2 1 3 674 729 541
942 2 2 1 3 568 694 644
943 2 2 1 3 509 710 591
944 2 2 1 3 693 715 558
945 2 2 1 3 621 768 510
946 2 2 1 3 553 768 621
947 2 2 1 3 565 732 728
948 2 2 1 3 621 763 530
949 2 2 1 3 628 705 543
950 2 2 1 3 111 761 110
951 2 2 1 3 622 738 77
952 2 2 1 3 698 734 554
953 2 2 1 3 86 742 636
954 2 2 1 3 693 770 601
955 2 2 1 3 624 768 553
956 2 2 1 3 662 771 603
957 2 2 1 3 117 708 116
958 2 2 1 3 635 740 96
959 2 2 1 3 630 755 545
960 2 2 1 3 573 729 674
961 2 2 1 3 659 726 81
962 2 2 1 3 587 734 698
963 2 2 1 3 531 707 629
964 2 2 1 3 549 727 680
965 2 2 1 3 624 772 768
966 2 2 1 3 680 737 549
967 2 2 1 3 768 772 510
968 2 2 1 3 508 759 629
969 2 2 1 3 126 706 125
970 2 2 1 3 108 731 683
971 2 2 1 3 101 739 667
972 2 2 1 3 576 730 615
973 2 2 1 3 620 732 540
974 2 2 1 3 27 699 28
975 2 2 1 3 636 742 571
976 2 2 1 3 560 740 635
977 2 2 1 3 704 758 527
978 2 2 1 3 622 766 561
979 2 2 1 3 128 712 127
980 2 2 1 3 641 767 521
981 2 2 1 3 564 767 641
982 2 2 1 3 79 700 78
983 2 2 1 3 644 694 512
984 2 2 1 3 529 720 627
985 2 2 1 3 521 725 641
986 2 2 1 3 130 750 129
987 2 2 1 3 667 739 577
988 2 2 1 3 634 748 533
989 2 2 1 3 502 755 630
990 2 2 1 3 77 738 76
991 2 2 1 3 515 766 747
992 2 2 1 3 642 773 576
993 2 2 1 3 670 704 614
994 2 2 1 3 671 756 583
995 2 2 1 3 37 714 38
996 2 2 1 3 545 755 641
997 2 2 1 3 514 698 673
998 2 2 1 3 673 698 554
999 2 2 1 3 718 737 523
1000 2 2 1 3 96 740 95
1001 2 2 1 3 34 721 35
1002 2 2 1 3 713 732 565
1003 2 2 1 3 121 743 120
1004 2 2 1 3 544 692 682
1005 2 2 1 3 674 685 573
1006 2 2 1 3 503 685 674
1007 2 2 1 3 98 722 97
1008 2 2 1 3 627 720 675
1009 2 2 1 3 642 718 523
1010 2 2 1 3 617 761 562
1011 2 2 1 3 85 724 84
1012 2 2 1 3 609 727 549
1013 2 2 1 3 81 726 80
1014 2 2 1 3 39 741 40
1015 2 2 1 3 29 744 30
1016 2 2 1 3 28 699 649
1017 2 2 1 3 25 765 26
1018 2 2 1 3 547 731 617
1019 2 2 1 3 617 716 547
1020 2 2 1 3 102 739 101
1021 2 2 1 3 87 742 86
1022 2 2 1 3 686 687 554
1023 2 2 1 3 548 687 686
1024 2 2 1 3 584 771 662
1025 2 2 1 3 651 720 529
1026 2 2 1 3 552 720 651
1027 2 2 1 3 641 725 545
1028 2 2 1 3 523 737 680
1029 2 2 1 3 662 745 518
1030 2 2 1 3 727 766 515
1031 2 2 1 3 678 758 557
1032 2 2 1 3 655 701 590
1033 2 2 1 3 683 754 107
1034 2 2 1 3 661 760 507
1035 2 2 1 3 593 760 661
1036 2 2 1 3 652 759 508
1037 2 2 1 3 677 719 530
1038 2 2 1 3 585 719 677
1039 2 2 1 3 654 713 502
1040 2 2 1 3 530 763 677
1041 2 2 1 3 677 763 574
1042 2 2 1 3 521 762 725
1043 2 2 1 3 709 761 111
1044 2 2 1 3 577 748 689
1045 2 2 1 3 549 737 664
1046 2 2 1 3 127 712 664
1047 2 2 1 3 543 769 676
1048 2 2 1 3 676 769 574
1049 2 2 1 3 719 749 556
1050 2 2 1 3 585 749 719
1051 2 2 1 3 565 757 713
1052 2 2 1 3 550 704 670
1053 2 2 1 3 664 737 588
1054 2 2 1 3 650 757 539
1055 2 2 1 3 696 738 561
1056 2 2 1 3 548 745 662
1057 2 2 1 3 557 758 653
1058 2 2 1 3 567 759 652
1059 2 2 1 3 664 712 549
1060 2 2 1 3 678 735 506
1061 2 2 1 3 557 735 678
1062 2 2 1 3 675 720 552
1063 2 2 1 3 725 762 580
1064 2 2 1 3 637 764 569
1065 2 2 1 3 507 770 661
1066 2 2 1 3 661 770 558
1067 2 2 1 3 554 734 686
1068 2 2 1 3 671 765 560
1069 2 2 1 3 26 765 671
1070 2 2 1 3 686 734 508
1071 2 2 1 3 76 738 696
1072 2 2 1 3 560 756 671
1073 2 2 1 3 673 767 564
1074 2 2 1 3 682 733 544
1075 2 2 1 3 95 740 702
1076 2 2 1 3 579 747 723
1077 2 2 1 3 683 731 547
1078 2 2 1 3 560 765 702
1079 2 2 1 3 558 770 693
1080 2 2 1 3 40 741 717
1081 2 2 1 3 702 740 560
1082 2 2 1 3 717 742 87
1083 2 2 1 3 717 741 571
1084 2 2 1 3 723 747 559
1085 2 2 1 3 696 750 130
1086 2 2 1 3 547 754 683
1087 2 2 1 3 571 742 717
1088 2 2 1 3 702 765 25
1089 2 2 1 3 561 750 696
1090 2 2 1 3 562 761 709
1091 2 2 1 4 207 892 12
1092 2 2 1 4 790 856 814
1093 2 2 1 4 784 853 830
1094 2 2 1 4 790 814 776
1095 2 2 1 4 794 837 775
1096 2 2 1 4 775 810 794
1097 2 2 1 4 267 110 266
1098 2 2 1 4 841 873 809
1099 2 2 1 4 255 813 254
1100 2 2 1 4 801 853 784
1101 2 2 1 4 219 885 218
1102 2 2 1 4 776 818 796
1103 2 2 1 4 216 885 796
1104 2 2 1 4 774 911 877
1105 2 2 1 4 796 881 216
1106 2 2 1 4 837 897 775
1107 2 2 1 4 805 828 780
1108 2 2 1 4 265 109 108
1109 2 2 1 4 791 897 837
1110 2 2 1 4 217 885 216
1111 2 2 1 4 777 815 812
1112 2 2 1 4 782 859 816
1113 2 2 1 4 877 911 798
1114 2 2 1 4 785 841 809
1115 2 2 1 4 115 835 798
1116 2 2 1 4 796 885 219
1117 2 2 1 4 818 881 796
1118 2 2 1 4 844 880 810
1119 2 2 1 4 799 848 789
1120 2 2 1 4 12 112 111
1121 2 2 1 4 791 875 846
1122 2 2 1 4 783 840 817
1123 2 2 1 4 781 852 808
1124 2 2 1 4 798 843 115
1125 2 2 1 4 780 828 797
1126 2 2 1 4 124 795 125
1127 2 2 1 4 126 867 793
1128 2 2 1 4 791 837 814
1129 2 2 1 4 808 852 784
1130 2 2 1 4 808 860 781
1131 2 2 1 4 776 834 790
1132 2 2 1 4 236 816 235
1133 2 2 1 4 817 840 793
1134 2 2 1 4 248 817 247
1135 2 2 1 4 114 835 115
1136 2 2 1 4 796 834 776
1137 2 2 1 4 803 870 779
1138 2 2 1 4 814 875 791
1139 2 2 1 4 809 866 787
1140 2 2 1 4 793 840 126
1141 2 2 1 4 784 852 819
1142 2 2 1 4 787 866 844
1143 2 2 1 4 219 834 796
1144 2 2 1 4 816 851 782
1145 2 2 1 4 12 111 268
1146 2 2 1 4 806 892 207
1147 2 2 1 4 787 844 810
1148 2 2 1 4 14 864 221
1149 2 2 1 4 777 904 863
1150 2 2 1 4 801 897 849
1151 2 2 1 4 265 108 264
1152 2 2 1 4 849 897 791
1153 2 2 1 4 222 864 14
1154 2 2 1 4 779 861 803
1155 2 2 1 4 863 904 803
1156 2 2 1 4 814 837 776
1157 2 2 1 4 819 852 774
1158 2 2 1 4 15 871 261
1159 2 2 1 4 266 109 265
1160 2 2 1 4 789 847 799
1161 2 2 1 4 262 871 15
1162 2 2 1 4 115 843 116
1163 2 2 1 4 812 869 777
1164 2 2 1 4 781 860 821
1165 2 2 1 4 795 867 125
1166 2 2 1 4 906 910 807
1167 2 2 1 4 822 859 782
1168 2 2 1 4 255 833 813
1169 2 2 1 4 813 838 254
1170 2 2 1 4 846 849 791
1171 2 2 1 4 792 851 816
1172 2 2 1 4 817 836 783
1173 2 2 1 4 88 863 89
1174 2 2 1 4 818 837 794
1175 2 2 1 4 246 823 245
1176 2 2 1 4 810 874 794
1177 2 2 1 4 121 804 122
1178 2 2 1 4 797 869 780
1179 2 2 1 4 776 837 818
1180 2 2 1 4 207 841 806
1181 2 2 1 4 253 824 252
1182 2 2 1 4 843 850 778
1183 2 2 1 4 113 892 806
1184 2 2 1 4 815 863 88
1185 2 2 1 4 774 865 819
1186 2 2 1 4 780 878 805
1187 2 2 1 4 238 825 237
1188 2 2 1 4 777 863 815
1189 2 2 1 4 807 910 833
1190 2 2 1 4 824 838 788
1191 2 2 1 4 809 921 785
1192 2 2 1 4 240 827 239
1193 2 2 1 4 888 907 802
1194 2 2 1 4 802 908 888
1195 2 2 1 4 879 898 794
1196 2 2 1 4 798 911 850
1197 2 2 1 4 819 865 787
1198 2 2 1 4 784 883 801
1199 2 2 1 4 116 826 117
1200 2 2 1 4 124 884 795
1201 2 2 1 4 794 898 818
1202 2 2 1 4 842 869 797
1203 2 2 1 4 251 828 250
1204 2 2 1 4 248 836 817
1205 2 2 1 4 258 829 257
1206 2 2 1 4 229 830 228
1207 2 2 1 4 236 855 816
1208 2 2 1 4 218 885 13
1209 2 2 1 4 244 832 243
1210 2 2 1 4 817 857 247
1211 2 2 1 4 110 909 111
1212 2 2 1 4 816 859 235
1213 2 2 1 4 242 831 241
1214 2 2 1 4 802 907 822
1215 2 2 1 4 783 836 805
1216 2 2 1 4 821 908 802
1217 2 2 1 4 806 862 113
1218 2 2 1 4 13 885 217
1219 2 2 1 4 256 833 255
1220 2 2 1 4 831 895 804
1221 2 2 1 4 120 854 800
1222 2 2 1 4 5 872 263
1223 2 2 1 4 788 842 824
1224 2 2 1 4 125 867 126
1225 2 2 1 4 787 865 809
1226 2 2 1 4 7 917 108
1227 2 2 1 4 822 868 802
1228 2 2 1 4 819 883 784
1229 2 2 1 4 804 895 122
1230 2 2 1 4 249 836 248
1231 2 2 1 4 806 841 785
1232 2 2 1 4 121 887 804
1233 2 2 1 4 211 844 210
1234 2 2 1 4 795 884 832
1235 2 2 1 4 807 829 786
1236 2 2 1 4 802 868 778
1237 2 2 1 4 784 830 808
1238 2 2 1 4 226 846 225
1239 2 2 1 4 254 838 253
1240 2 2 1 4 127 882 128
1241 2 2 1 4 826 843 778
1242 2 2 1 4 878 882 783
1243 2 2 1 4 785 862 806
1244 2 2 1 4 775 891 810
1245 2 2 1 4 825 854 792
1246 2 2 1 4 804 887 827
1247 2 2 1 4 798 850 843
1248 2 2 1 4 220 834 219
1249 2 2 1 4 253 838 824
1250 2 2 1 4 126 840 127
1251 2 2 1 4 779 910 906
1252 2 2 1 4 208 841 207
1253 2 2 1 4 826 868 782
1254 2 2 1 4 112 892 113
1255 2 2 1 4 800 887 120
1256 2 2 1 4 91 905 92
1257 2 2 1 4 246 857 823
1258 2 2 1 4 810 891 787
1259 2 2 1 4 790 901 856
1260 2 2 1 4 788 838 813
1261 2 2 1 4 825 855 237
1262 2 2 1 4 116 843 826
1263 2 2 1 4 823 886 245
1264 2 2 1 4 799 847 845
1265 2 2 1 4 260 848 259
1266 2 2 1 4 227 849 226
1267 2 2 1 4 94 872 5
1268 2 2 1 4 824 889 252
1269 2 2 1 4 93 847 94
1270 2 2 1 4 781 876 850
1271 2 2 1 4 821 876 781
1272 2 2 1 4 238 894 825
1273 2 2 1 4 778 876 802
1274 2 2 1 4 874 879 794
1275 2 2 1 4 113 862 114
1276 2 2 1 4 128 882 820
1277 2 2 1 4 815 900 812
1278 2 2 1 4 237 855 236
1279 2 2 1 4 792 855 825
1280 2 2 1 4 247 857 246
1281 2 2 1 4 228 853 227
1282 2 2 1 4 830 853 228
1283 2 2 1 4 119 854 120
1284 2 2 1 4 117 890 118
1285 2 2 1 4 90 861 91
1286 2 2 1 4 258 858 829
1287 2 2 1 4 775 883 819
1288 2 2 1 4 835 862 785
1289 2 2 1 4 240 903 827
1290 2 2 1 4 778 868 826
1291 2 2 1 4 848 899 789
1292 2 2 1 4 827 894 239
1293 2 2 1 4 224 856 223
1294 2 2 1 4 259 858 258
1295 2 2 1 4 823 857 793
1296 2 2 1 4 845 919 799
1297 2 2 1 4 824 842 797
1298 2 2 1 4 92 845 93
1299 2 2 1 4 839 905 91
1300 2 2 1 4 828 913 250
1301 2 2 1 4 789 872 847
1302 2 2 1 4 251 889 828
1303 2 2 1 4 829 918 257
1304 2 2 1 4 832 922 243
1305 2 2 1 4 229 920 830
1306 2 2 1 4 242 922 831
1307 2 2 1 4 823 867 795
1308 2 2 1 4 226 849 846
1309 2 2 1 4 244 886 832
1310 2 2 1 4 861 893 803
1311 2 2 1 4 831 903 241
1312 2 2 1 4 847 872 94
1313 2 2 1 4 261 899 260
1314 2 2 1 4 256 918 833
1315 2 2 1 4 793 867 823
1316 2 2 1 4 223 901 222
1317 2 2 1 4 802 876 821
1318 2 2 1 4 231 860 230
1319 2 2 1 4 820 882 878
1320 2 2 1 4 221 915 220
1321 2 2 1 4 235 859 234
1322 2 2 1 4 118 890 851
1323 2 2 1 4 782 890 826
1324 2 2 1 4 800 854 825
1325 2 2 1 4 787 891 819
1326 2 2 1 4 227 853 849
1327 2 2 1 4 805 878 783
1328 2 2 1 4 249 913 836
1329 2 2 1 4 91 861 839
1330 2 2 1 4 813 870 788
1331 2 2 1 4 114 862 835
1332 2 2 1 4 848 858 259
1333 2 2 1 4 870 904 788
1334 2 2 1 4 774 921 865
1335 2 2 1 4 846 875 225
1336 2 2 1 4 210 866 209
1337 2 2 1 4 803 904 870
1338 2 2 1 4 786 919 845
1339 2 2 1 4 816 855 792
1340 2 2 1 4 782 868 822
1341 2 2 1 4 780 916 878
1342 2 2 1 4 793 857 817
1343 2 2 1 4 845 847 93
1344 2 2 1 4 835 877 798
1345 2 2 1 4 844 866 210
1346 2 2 1 4 839 861 779
1347 2 2 1 4 128 896 129
1348 2 2 1 4 819 891 775
1349 2 2 1 4 811 884 123
1350 2 2 1 4 225 875 224
1351 2 2 1 4 877 921 774
1352 2 2 1 4 120 887 121
1353 2 2 1 4 209 873 208
1354 2 2 1 4 785 877 835
1355 2 2 1 4 211 880 844
1356 2 2 1 4 129 900 130
1357 2 2 1 4 213 874 212
1358 2 2 1 4 788 904 842
1359 2 2 1 4 842 904 777
1360 2 2 1 4 118 902 119
1361 2 2 1 4 854 902 792
1362 2 2 1 4 214 879 213
1363 2 2 1 4 777 869 842
1364 2 2 1 4 12 892 112
1365 2 2 1 4 123 895 811
1366 2 2 1 4 224 875 856
1367 2 2 1 4 786 906 807
1368 2 2 1 4 208 873 841
1369 2 2 1 4 123 884 124
1370 2 2 1 4 812 900 896
1371 2 2 1 4 89 893 90
1372 2 2 1 4 812 916 869
1373 2 2 1 4 212 880 211
1374 2 2 1 4 869 916 780
1375 2 2 1 4 832 886 795
1376 2 2 1 4 263 914 262
1377 2 2 1 4 839 906 786
1378 2 2 1 4 850 876 778
1379 2 2 1 4 216 881 215
1380 2 2 1 4 122 895 123
1381 2 2 1 4 88 912 815
1382 2 2 1 4 828 889 797
1383 2 2 1 4 808 920 860
1384 2 2 1 4 883 897 801
1385 2 2 1 4 795 886 823
1386 2 2 1 4 878 916 820
1387 2 2 1 4 245 886 244
1388 2 2 1 4 775 897 883
1389 2 2 1 4 797 889 824
1390 2 2 1 4 800 894 827
1391 2 2 1 4 779 906 839
1392 2 2 1 4 825 894 800
1393 2 2 1 4 231 908 860
1394 2 2 1 4 130 912 6
1395 2 2 1 4 859 907 234
1396 2 2 1 4 233 888 232
1397 2 2 1 4 252 889 251
1398 2 2 1 4 860 920 230
1399 2 2 1 4 896 900 129
1400 2 2 1 4 804 903 831
1401 2 2 1 4 783 882 840
1402 2 2 1 4 864 915 221
1403 2 2 1 4 871 899 261
1404 2 2 1 4 827 903 804
1405 2 2 1 4 820 896 128
1406 2 2 1 4 836 913 805
1407 2 2 1 4 239 894 238
1408 2 2 1 4 222 901 864
1409 2 2 1 4 805 913 828
1410 2 2 1 4 108 917 264
1411 2 2 1 4 826 890 117
1412 2 2 1 4 807 918 829
1413 2 2 1 4 833 918 807
1414 2 2 1 4 811 922 832
1415 2 2 1 4 866 873 209
1416 2 2 1 4 831 922 811
1417 2 2 1 4 830 920 808
1418 2 2 1 4 213 879 874
1419 2 2 1 4 215 898 214
1420 2 2 1 4 815 912 900
1421 2 2 1 4 111 909 268
1422 2 2 1 4 786 905 839
1423 2 2 1 4 6 912 88
1424 2 2 1 4 874 880 212
1425 2 2 1 4 241 903 240
1426 2 2 1 4 234 907 233
1427 2 2 1 4 232 908 231
1428 2 2 1 4 233 907 888
1429 2 2 1 4 888 908 232
1430 2 2 1 4 827 887 800
1431 2 2 1 4 250 913 249
1432 2 2 1 4 832 884 811
1433 2 2 1 4 850 911 781
1434 2 2 1 4 220 915 834
1435 2 2 1 4 257 918 256
1436 2 2 1 4 90 893 861
1437 2 2 1 4 243 922 242
1438 2 2 1 4 230 920 229
1439 2 2 1 4 214 898 879
1440 2 2 1 4 119 902 854
1441 2 2 1 4 840 882 127
1442 2 2 1 4 260 899 848
1443 2 2 1 4 881 898 215
1444 2 2 1 4 900 912 130
1445 2 2 1 4 849 853 801
1446 2 2 1 4 851 890 782
1447 2 2 1 4 16 917 7
1448 2 2 1 4 799 858 848
1449 2 2 1 4 267 909 110
1450 2 2 1 4 792 902 851
1451 2 2 1 4 829 919 786
1452 2 2 1 4 803 893 863
1453 2 2 1 4 789 914 872
1454 2 2 1 4 811 895 831
1455 2 2 1 4 856 901 223
1456 2 2 1 4 781 911 852
1457 2 2 1 4 852 911 774
1458 2 2 1 4 856 875 814
1459 2 2 1 4 845 905 786
1460 2 2 1 4 833 910 813
1461 2 2 1 4 860 908 821
1462 2 2 1 4 822 907 859
1463 2 2 1 4 834 915 790
1464 2 2 1 4 268 909 267
1465 2 2 1 4 264 917 16
1466 2 2 1 4 872 914 263
1467 2 2 1 4 809 873 866
1468 2 2 1 4 785 921 877
1469 2 2 1 4 813 910 870
1470 2 2 1 4 858 919 829
1471 2 2 1 4 810 880 874
1472 2 2 1 4 863 893 89
1473 2 2 1 4 865 921 809
1474 2 2 1 4 851 902 118
1475 2 2 1 4 92 905 845
1476 2 2 1 4 818 898 881
1477 2 2 1 4 871 914 789
1478 2 2 1 4 799 919 858
1479 2 2 1 4 820 916 896
1480 2 2 1 4 262 914 871
1481 2 2 1 4 789 899 871
1482 2 2 1 4 864 901 790
1483 2 2 1 4 870 910 779
1484 2 2 1 4 896 916 812
1485 2 2 1 4 790 915 864
1486 2 2 1 4 266 110 109
1487 2 2 3 6 938 950 223
1488 2 2 3 6 260 951 939
1489 2 2 3 6 258 951 259
1490 2 2 3 6 224 950 225
1491 2 2 3 6 948 951 258
1492 2 2 3 6 225 950 949
1493 2 2 3 6 251 952 252
1494 2 2 3 6 231 953 232
1495 2 2 3 6 947 952 251
1496 2 2 3 6 232 953 946
1497 2 2 3 6 945 954 244
1498 2 2 3 6 239 955 944
1499 2 2 3 6 244 954 245
1500 2 2 3 6 238 955 239
1501 2 2 3 6 271 950 938
1502 2 2 3 6 939 951 302
1503 2 2 3 6 943 955 237
1504 2 2 3 6 246 954 942
1505 2 2 3 6 237 955 238
1506 2 2 3 6 245 954 246
1507 2 2 3 6 253 952 941
1508 2 2 3 6 940 953 230
1509 2 2 3 6 230 953 231
1510 2 2 3 6 252 952 253
1511 2 2 3 6 223 950 224
1512 2 2 3 6 259 951 260
1513 2 2 3 6 226 949 936
1514 2 2 3 6 937 948 257
1515 2 2 3 6 935 947 250
1516 2 2 3 6 233 946 934
1517 2 2 3 6 225 949 226
1518 2 2 3 6 257 948 258
1519 2 2 3 6 933 945 243
1520 2 2 3 6 240 944 932
1521 2 2 3 6 250 947 251
1522 2 2 3 6 232 946 233
1523 2 2 3 6 931 943 236
1524 2 2 3 6 247 942 930
1525 2 2 3 6 927 937 256
1526 2 2 3 6 227 936 926
1527 2 2 3 6 929 940 229
1528 2 2 3 6 254 941 928
1529 2 2 3 6 243 945 244
1530 2 2 3 6 239 944 240
1531 2 2 3 6 925 935 249
1532 2 2 3 6 234 934 924
1533 2 2 3 6 236 943 237
1534 2 2 3 6 246 942 247
1535 2 2 3 6 229 940 230
1536 2 2 3 6 253 941 254
1537 2 2 3 6 923 933 242
1538 2 2 3 6 241 932 923
1539 2 2 3 6 303 939 302
1540 2 2 3 6 271 938 270
1541 2 2 3 6 256 937 257
1542 2 2 3 6 226 936 227
1543 2 2 3 6 924 931 235
1544 2 2 3 6 248 930 925
1545 2 2 3 6 299 937 927
1546 2 2 3 6 926 936 274
1547 2 2 3 6 249 935 250
1548 2 2 3 6 233 934 234
1549 2 2 3 6 242 933 243
1550 2 2 3 6 240 932 241
1551 2 2 3 6 255 928 927
1552 2 2 3 6 926 929 228
1553 2 2 3 6 235 931 236
1554 2 2 3 6 247 930 248
1555 2 2 3 6 293 935 925
1556 2 2 3 6 924 934 280
1557 2 2 3 6 254 928 255
1558 2 2 3 6 228 929 229
1559 2 2 3 6 287 933 923
1560 2 2 3 6 923 932 286
1561 2 2 3 6 275 926 274
1562 2 2 3 6 299 927 298
1563 2 2 3 6 281 931 924
1564 2 2 3 6 925 930 292
1565 2 2 3 6 276 940 929
1566 2 2 3 6 928 941 297
1567 2 2 3 6 241 923 242
1568 2 2 3 6 293 925 292
1569 2 2 3 6 281 924 280
1570 2 2 3 6 282 943 931
1571 2 2 3 6 930 942 291
1572 2 2 3 6 288 945 933
1573 2 2 3 6 932 944 285
1574 2 2 3 6 234 924 235
1575 2 2 3 6 248 925 249
1576 2 2 3 6 294 947 935
1577 2 2 3 6 934 946 279
1578 2 2 3 6 287 923 286
1579 2 2 3 6 936 949 273
1580 2 2 3 6 300 948 937
1581 2 2 3 6 255 927 256
1582 2 2 3 6 227 926 228
1583 2 2 3 6 941 952 296
1584 2 2 3 6 277 953 940
1585 2 2 3 6 275 929 926
1586 2 2 3 6 927 928 298
1587 2 2 3 6 283 955 943
1588 2 2 3 6 942 954 290
1589 2 2 3 6 944 955 284
1590 2 2 3 6 289 954 945
1591 2 2 3 6 946 953 278
1592 2 2 3 6 295 952 947
1593 2 2 3 6 301 951 948
1594 2 2 3 6 949 950 272
1595 2 2 3 6 276 929 275
1596 2 2 3 6 298 928 297
1597 2 2 3 6 292 930 291
1598 2 2 3 6 282 931 281
1599 2 2 3 6 288 933 287
1600 2 2 3 6 286 932 285
1601 2 2 3 6 280 934 279
1602 2 2 3 6 294 935 293
1603 2 2 3 6 222 938 223
1604 2 2 3 6 260 939 261
1605 2 2 3 6 274 936 273
1606 2 2 3 6 300 937 299
1607 2 2 3 6 277 940 276
1608 2 2 3 6 297 941 296
1609 2 2 3 6 291 942 290
1610 2 2 3 6 283 943 282
1611 2 2 3 6 285 944 284
1612 2 2 3 6 289 945 288
1613 2 2 3 6 295 947 294
1614 2 2 3 6 279 946 278
1615 2 2 3 6 301 948 300
1616 2 2 3 6 273 949 272
1617 2 2 3 6 270 957 17
1618 2 2 3 6 18 956 303
1619 2 2 3 6 272 950 271
1620 2 2 3 6 302 951 301
1621 2 2 3 6 278 953 277
1622 2 2 3 6 296 952 295
1623 2 2 3 6 284 955 283
1624 2 2 3 6 290 954 289
1625 2 2 3 6 17 957 269
1626 2 2 3 6 304 956 18
1627 2 2 3 6 261 958 15
1628 2 2 3 6 14 959 222
1629 2 2 3 6 222 959 938
1630 2 2 3 6 939 958 261
1631 2 2 3 6 938 959 957
1632 2 2 3 6 956 958 939
1633 2 2 3 6 15 958 304
1634 2 2 3 6 269 959 14
1635 2 2 3 6 303 956 939
1636 2 2 3 6 938 957 270
1637 2 2 3 6 957 959 269
1638 2 2 3 6 304 958 956
1639 2 2 4 7 960 962 961
1640 2 2 4 7 961 962 963
1641 2 2 4 7 964 966 965
1642 2 2 4 7 964 965 967
1643 2 2 4 7 968 970 969
1644 2 2 4 7 969 970 967
1645 2 2 4 7 971 968 972
1646 2 2 4 7 971 972 139
1647 2 2 4 7 973 963 974
1648 2 2 4 7 974 963 975
1649 2 2 4 7 973 977 976
1650 2 2 4 7 976 977 134
1651 2 2 4 7 978 979 961
1652 2 2 4 7 978 961 980
1653 2 2 4 7 981 982 965
1654 2 2 4 7 965 982 983
1655 2 2 4 7 984 978 985
1656 2 2 4 7 985 978 986
1657 2 2 4 7 987 988 982
1658 2 2 4 7 982 988 989
1659 2 2 4 7 990 992 991
1660 2 2 4 7 990 991 993
1661 2 2 4 7 994 996 995
1662 2 2 4 7 994 995 997
1663 2 2 4 7 995 990 997
1664 2 2 4 7 997 990 998
1665 2 2 4 7 999 995 996
1666 2 2 4 7 999 996 136
1667 2 2 4 7 991 992 972
1668 2 2 4 7 1000 1001 998
1669 2 2 4 7 998 990 993
1670 2 2 4 7 998 993 1000
1671 2 2 4 7 971 1002 970
1672 2 2 4 7 968 971 970
1673 2 2 4 7 1002 1003 970
1674 2 2 4 7 1004 1005 975
1675 2 2 4 7 975 1005 974
1676 2 2 4 7 985 986 1001
1677 2 2 4 7 971 140 1006
1678 2 2 4 7 977 973 974
1679 2 2 4 7 139 140 971
1680 2 2 4 7 133 977 1007
1681 2 2 4 7 133 134 977
1682 2 2 4 7 1005 1007 977
1683 2 2 4 7 1005 977 974
1684 2 2 4 7 1006 1002 971
1685 2 2 4 7 1008 968 969
1686 2 2 4 7 1003 1009 144
1687 2 2 4 7 973 976 994
1688 2 2 4 7 961 963 980
1689 2 2 4 7 980 963 1010
1690 2 2 4 7 145 1003 144
1691 2 2 4 7 1011 1004 159
1692 2 2 4 7 967 965 983
1693 2 2 4 7 967 983 969
1694 2 2 4 7 1004 158 159
1695 2 2 4 7 975 962 1004
1696 2 2 4 7 963 962 975
1697 2 2 4 7 1004 962 157
1698 2 2 4 7 964 970 1003
1699 2 2 4 7 964 967 970
1700 2 2 4 7 1012 1008 969
1701 2 2 4 7 1012 969 983
1702 2 2 4 7 972 1008 991
1703 2 2 4 7 976 134 1013
1704 2 2 4 7 973 994 1010
1705 2 2 4 7 1010 1014 980
1706 2 2 4 7 994 1014 1010
1707 2 2 4 7 1013 134 135
1708 2 2 4 7 978 984 979
1709 2 2 4 7 979 984 154
1710 2 2 4 7 987 982 981
1711 2 2 4 7 987 981 149
1712 2 2 4 7 1012 991 1008
1713 2 2 4 7 137 999 136
1714 2 2 4 7 993 991 1012
1715 2 2 4 7 993 1012 989
1716 2 2 4 7 994 997 1014
1717 2 2 4 7 1014 997 986
1718 2 2 4 7 964 1003 146
1719 2 2 4 7 1001 986 997
1720 2 2 4 7 146 1003 145
1721 2 2 4 7 992 138 972
1722 2 2 4 7 989 988 1000
1723 2 2 4 7 989 1000 993
1724 2 2 4 7 1015 1016 988
1725 2 2 4 7 1015 987 150
1726 2 2 4 7 990 999 992
1727 2 2 4 7 992 999 137
1728 2 2 4 7 1004 157 158
1729 2 2 4 7 981 965 966
1730 2 2 4 7 1015 988 987
1731 2 2 4 7 1016 1000 988
1732 2 2 4 7 981 966 148
1733 2 2 4 7 997 998 1001
1734 2 2 4 7 999 990 995
1735 2 2 4 7 961 979 960
1736 2 2 4 7 985 1017 984
1737 2 2 4 7 153 1017 152
1738 2 2 4 7 1017 153 984
1739 2 2 4 7 1017 985 1016
1740 2 2 4 7 1015 150 151
1741 2 2 4 7 1016 1018 1017
1742 2 2 4 7 1017 1018 152
1743 2 2 4 7 1016 1001 1000
1744 2 2 4 7 960 979 155
1745 2 2 4 7 1009 1020 1019
1746 2 2 4 7 1009 1019 144
1747 2 2 4 7 1021 1011 1022
1748 2 2 4 7 1022 1011 159
1749 2 2 4 7 9 143 1019
1750 2 2 4 7 9 1019 142
1751 2 2 4 7 160 8 1022
1752 2 2 4 7 1022 8 131
1753 2 2 4 7 960 156 962
1754 2 2 4 7 147 966 964
1755 2 2 4 7 1003 1002 1009
1756 2 2 4 7 1005 1004 1011
1757 2 2 4 7 972 968 1008
1758 2 2 4 7 1015 151 1018
1759 2 2 4 7 1002 1006 1020
1760 2 2 4 7 1006 141 1020
1761 2 2 4 7 1007 1005 1021
1762 2 2 4 7 132 1007 1021
1763 2 2 4 7 1020 1009 1002
1764 2 2 4 7 1011 1021 1005
1765 2 2 4 7 1014 986 980
1766 2 2 4 7 989 1012 983
1767 2 2 4 7 984 153 154
1768 2 2 4 7 982 989 983
1769 2 2 4 7 150 987 149
1770 2 2 4 7 1016 985 1001
1771 2 2 4 7 132 1021 131
1772 2 2 4 7 986 978 980
1773 2 2 4 7 1016 1015 1018
1774 2 2 4 7 149 981 148
1775 2 2 4 7 1020 141 142
1776 2 2 4 7 979 154 155
1777 2 2 4 7 992 137 138
1778 2 2 4 7 1013 994 976
1779 2 2 4 7 972 138 139
1780 2 2 4 7 136 996 135
1781 2 2 4 7 1022 159 160
1782 2 2 4 7 1022 131 1021
1783 2 2 4 7 1006 140 141
1784 2 2 4 7 133 1007 132
1785 2 2 4 7 144 1019 143
1786 2 2 4 7 142 1019 1020
1787 2 2 4 7 1018 151 152
1788 2 2 4 7 963 973 1010
1789 2 2 4 7 148 966 147
1790 2 2 4 7 960 155 156
1791 2 2 4 7 147 964 146
1792 2 2 4 7 962 156 157
1793 2 2 4 7 1013 135 996
1794 2 2 4 7 994 1013 996
1795 2 2 4 8 1023 1024 1025
1796 2 2 4 8 1023 1026 1024
1797 2 2 4 8 1027 1028 1029
1798 2 2 4 8 1028 1030 1029
1799 2 2 4 8 1031 1032 1033
1800 2 2 4 8 1031 1034 1032
1801 2 2 4 8 1035 1036 1037
1802 2 2 4 8 1038 1039 1040
1803 2 2 4 8 1035 1041 1036
1804 2 2 4 8 1042 1043 1044
1805 2 2 4 8 1045 1046 1047
1806 2 2 4 8 1045 1048 1046
1807 2 2 4 8 1049 1050 1051
1808 2 2 4 8 1050 1052 1051
1809 2 2 4 8 1049 1053 1054
1810 2 2 4 8 1053 158 1054
1811 2 2 4 8 1055 1056 1057
1812 2 2 4 8 1055 1058 1056
1813 2 2 4 8 1059 1060 1057
1814 2 2 4 8 1059 145 1060
1815 2 2 4 8 1061 1062 1063
1816 2 2 4 8 1062 1064 1063
1817 2 2 4 8 1065 1066 1067
1818 2 2 4 8 1066 204 1067
1819 2 2 4 8 1068 1069 1070
1820 2 2 4 8 1068 197 1069
1821 2 2 4 8 1071 1072 1073
1822 2 2 4 8 1071 1074 1072
1823 2 2 4 8 1075 1076 1077
1824 2 2 4 8 1076 1078 1077
1825 2 2 4 8 1079 1080 1081
1826 2 2 4 8 1082 1083 1084
1827 2 2 4 8 1039 1085 1040
1828 2 2 4 8 1082 1086 1083
1829 2 2 4 8 1087 1088 1089
1830 2 2 4 8 1088 1090 1089
1831 2 2 4 8 1091 1092 1093
1832 2 2 4 8 1092 1094 1093
1833 2 2 4 8 1095 1089 1096
1834 2 2 4 8 1089 1097 1096
1835 2 2 4 8 1093 1098 1048
1836 2 2 4 8 1093 1080 1098
1837 2 2 4 8 1099 1100 1101
1838 2 2 4 8 1086 1082 1102
1839 2 2 4 8 1040 1103 1104
1840 2 2 4 8 1040 1105 1103
1841 2 2 4 8 184 1025 1106
1842 2 2 4 8 1104 1107 1099
1843 2 2 4 8 1108 1109 1034
1844 2 2 4 8 1108 1110 1109
1845 2 2 4 8 1111 1112 1113
1846 2 2 4 8 1112 1114 1113
1847 2 2 4 8 1115 153 1116
1848 2 2 4 8 184 185 1025
1849 2 2 4 8 1117 149 1118
1850 2 2 4 8 1108 1119 1120
1851 2 2 4 8 1121 1122 1123
1852 2 2 4 8 1119 1058 1120
1853 2 2 4 8 1124 147 1125
1854 2 2 4 8 1126 1099 1107
1855 2 2 4 8 1100 1127 1128
1856 2 2 4 8 1129 1099 1126
1857 2 2 4 8 1130 188 189
1858 2 2 4 8 1131 1132 1028
1859 2 2 4 8 1132 1105 1028
1860 2 2 4 8 158 1133 1054
1861 2 2 4 8 158 157 1133
1862 2 2 4 8 1059 1134 145
1863 2 2 4 8 1134 146 145
1864 2 2 4 8 1100 1099 1129
1865 2 2 4 8 179 1135 1136
1866 2 2 4 8 179 180 1135
1867 2 2 4 8 1137 1138 1074
1868 2 2 4 8 1133 157 1139
1869 2 2 4 8 1140 1141 1134
1870 2 2 4 8 1141 146 1134
1871 2 2 4 8 1142 1143 176
1872 2 2 4 8 1143 175 176
1873 2 2 4 8 1144 1145 1146
1874 2 2 4 8 1036 1062 1061
1875 2 2 4 8 1024 1147 1025
1876 2 2 4 8 1144 1148 1145
1877 2 2 4 8 1149 1150 191
1878 2 2 4 8 1137 1074 1151
1879 2 2 4 8 1140 1084 1152
1880 2 2 4 8 1078 1153 1154
1881 2 2 4 8 1084 1083 1152
1882 2 2 4 8 1097 1089 1155
1883 2 2 4 8 1150 190 191
1884 2 2 4 8 1156 1078 1154
1885 2 2 4 8 1157 1158 1159
1886 2 2 4 8 168 1160 1161
1887 2 2 4 8 1148 1098 1079
1888 2 2 4 8 168 169 1160
1889 2 2 4 8 1162 1088 1085
1890 2 2 4 8 1030 1087 1029
1891 2 2 4 8 1161 1163 1086
1892 2 2 4 8 1163 1083 1086
1893 2 2 4 8 1030 1088 1087
1894 2 2 4 8 1159 1064 1157
1895 2 2 4 8 1159 1063 1064
1896 2 2 4 8 1164 1165 1143
1897 2 2 4 8 1143 1146 1164
1898 2 2 4 8 1023 185 186
1899 2 2 4 8 1064 1166 1167
1900 2 2 4 8 1064 1062 1166
1901 2 2 4 8 1046 1098 1168
1902 2 2 4 8 1169 1126 1107
1903 2 2 4 8 1165 174 1143
1904 2 2 4 8 1129 1144 1142
1905 2 2 4 8 1129 1170 1144
1906 2 2 4 8 1143 174 175
1907 2 2 4 8 1047 1171 1117
1908 2 2 4 8 1100 1128 1101
1909 2 2 4 8 150 1117 1171
1910 2 2 4 8 1026 1023 1167
1911 2 2 4 8 156 155 1172
1912 2 2 4 8 1095 1041 1035
1913 2 2 4 8 1095 1096 1041
1914 2 2 4 8 183 184 1106
1915 2 2 4 8 1173 1118 1124
1916 2 2 4 8 1118 148 1124
1917 2 2 4 8 1167 186 187
1918 2 2 4 8 1167 1023 186
1919 2 2 4 8 1150 1174 190
1920 2 2 4 8 1087 1095 1175
1921 2 2 4 8 1087 1089 1095
1922 2 2 4 8 1127 176 177
1923 2 2 4 8 189 190 1174
1924 2 2 4 8 1024 1176 1097
1925 2 2 4 8 1176 1096 1097
1926 2 2 4 8 1177 1147 1155
1927 2 2 4 8 1178 1029 1175
1928 2 2 4 8 1175 1029 1087
1929 2 2 4 8 1179 1180 1091
1930 2 2 4 8 1181 1182 1183
1931 2 2 4 8 1091 1180 1092
1932 2 2 4 8 1184 1185 1181
1933 2 2 4 8 1109 1151 1071
1934 2 2 4 8 1130 1174 1157
1935 2 2 4 8 1077 1112 1149
1936 2 2 4 8 1077 1156 1112
1937 2 2 4 8 1149 1112 1111
1938 2 2 4 8 1091 1048 1045
1939 2 2 4 8 1091 1093 1048
1940 2 2 4 8 161 1186 1187
1941 2 2 4 8 161 162 1186
1942 2 2 4 8 1188 1189 194
1943 2 2 4 8 1189 193 194
1944 2 2 4 8 1177 1190 1191
1945 2 2 4 8 1157 1174 1158
1946 2 2 4 8 1192 1081 1183
1947 2 2 4 8 1081 1080 1183
1948 2 2 4 8 1193 1152 1180
1949 2 2 4 8 1026 1176 1024
1950 2 2 4 8 1081 1145 1079
1951 2 2 4 8 1147 1097 1155
1952 2 2 4 8 1081 1164 1145
1953 2 2 4 8 1174 1130 189
1954 2 2 4 8 1061 1050 1194
1955 2 2 4 8 1061 1063 1050
1956 2 2 4 8 1195 1056 1084
1957 2 2 4 8 1056 1082 1084
1958 2 2 4 8 1196 1197 1198
1959 2 2 4 8 1199 1107 1132
1960 2 2 4 8 1200 1197 1196
1961 2 2 4 8 1198 160 1196
1962 2 2 4 8 1178 154 1115
1963 2 2 4 8 1178 1201 154
1964 2 2 4 8 1123 1202 1199
1965 2 2 4 8 1202 1169 1199
1966 2 2 4 8 1127 1100 1142
1967 2 2 4 8 1121 1116 1122
1968 2 2 4 8 1116 152 1122
1969 2 2 4 8 154 1201 155
1970 2 2 4 8 1147 1177 1106
1971 2 2 4 8 1140 1195 1084
1972 2 2 4 8 1177 1191 1106
1973 2 2 4 8 1100 1129 1142
1974 2 2 4 8 183 1106 1191
1975 2 2 4 8 1149 1075 1077
1976 2 2 4 8 1123 1199 1121
1977 2 2 4 8 1149 191 1075
1978 2 2 4 8 1199 1131 1121
1979 2 2 4 8 1179 1193 1180
1980 2 2 4 8 1132 1131 1199
1981 2 2 4 8 1201 1175 1172
1982 2 2 4 8 1175 1035 1172
1983 2 2 4 8 1073 164 1032
1984 2 2 4 8 1095 1035 1175
1985 2 2 4 8 1203 1057 1060
1986 2 2 4 8 1044 1060 1042
1987 2 2 4 8 1045 1173 1091
1988 2 2 4 8 1203 1055 1057
1989 2 2 4 8 1102 1204 1205
1990 2 2 4 8 1049 1200 1053
1991 2 2 4 8 1049 1051 1200
1992 2 2 4 8 1200 1051 1206
1993 2 2 4 8 1206 1051 1114
1994 2 2 4 8 1113 1114 1052
1995 2 2 4 8 143 1042 144
1996 2 2 4 8 1042 1060 144
1997 2 2 4 8 1207 1161 1205
1998 2 2 4 8 1086 1205 1161
1999 2 2 4 8 1152 1193 1140
2000 2 2 4 8 1161 1207 168
2001 2 2 4 8 1028 1027 1131
2002 2 2 4 8 1208 150 1171
2003 2 2 4 8 1185 1182 1181
2004 2 2 4 8 151 150 1208
2005 2 2 4 8 1113 1209 1111
2006 2 2 4 8 1209 1210 1111
2007 2 2 4 8 1034 1119 1108
2008 2 2 4 8 1034 1031 1119
2009 2 2 4 8 1051 1052 1114
2010 2 2 4 8 1190 1211 1191
2011 2 2 4 8 195 1043 1212
2012 2 2 4 8 1042 1212 1043
2013 2 2 4 8 195 196 1043
2014 2 2 4 8 1110 1055 1203
2015 2 2 4 8 1110 1120 1055
2016 2 2 4 8 1043 196 1068
2017 2 2 4 8 1065 1206 1213
2018 2 2 4 8 1065 1200 1206
2019 2 2 4 8 1066 1065 1213
2020 2 2 4 8 1214 1215 1070
2021 2 2 4 8 1215 1044 1070
2022 2 2 4 8 1214 1070 1069
2023 2 2 4 8 1211 182 1191
2024 2 2 4 8 170 171 1185
2025 2 2 4 8 159 1196 160
2026 2 2 4 8 171 1182 1185
2027 2 2 4 8 1160 1185 1216
2028 2 2 4 8 1199 1169 1107
2029 2 2 4 8 1073 1217 1071
2030 2 2 4 8 1073 1032 1217
2031 2 2 4 8 1185 1160 170
2032 2 2 4 8 1171 1218 1202
2033 2 2 4 8 1047 1218 1171
2034 2 2 4 8 202 1154 1153
2035 2 2 4 8 1154 202 203
2036 2 2 4 8 1202 1218 1170
2037 2 2 4 8 1030 1085 1088
2038 2 2 4 8 1138 1137 199
2039 2 2 4 8 1098 1148 1168
2040 2 2 4 8 198 199 1137
2041 2 2 4 8 1096 1176 1041
2042 2 2 4 8 1168 1170 1218
2043 2 2 4 8 1169 1202 1170
2044 2 2 4 8 1135 1219 1038
2045 2 2 4 8 1186 1074 1138
2046 2 2 4 8 1039 1038 1219
2047 2 2 4 8 1219 181 1211
2048 2 2 4 8 1153 1078 1189
2049 2 2 4 8 1219 1135 181
2050 2 2 4 8 1144 1170 1148
2051 2 2 4 8 1148 1170 1168
2052 2 2 4 8 1041 1062 1036
2053 2 2 4 8 1042 143 1212
2054 2 2 4 8 1166 1062 1176
2055 2 2 4 8 1176 1062 1041
2056 2 2 4 8 1152 1083 1180
2057 2 2 4 8 1220 1221 1163
2058 2 2 4 8 1115 1027 1178
2059 2 2 4 8 1028 1105 1030
2060 2 2 4 8 1085 1105 1040
2061 2 2 4 8 1030 1105 1085
2062 2 2 4 8 1067 1198 1197
2063 2 2 4 8 1029 1178 1027
2064 2 2 4 8 1198 205 206
2065 2 2 4 8 1067 205 1198
2066 2 2 4 8 10 1187 200
2067 2 2 4 8 10 161 1187
2068 2 2 4 8 201 1188 11
2069 2 2 4 8 1188 194 11
2070 2 2 4 8 1074 1186 1072
2071 2 2 4 8 1076 1189 1078
2072 2 2 4 8 1048 1098 1046
2073 2 2 4 8 1079 1098 1080
2074 2 2 4 8 1094 1181 1183
2075 2 2 4 8 1090 1088 1162
2076 2 2 4 8 201 202 1153
2077 2 2 4 8 1138 199 200
2078 2 2 4 8 1186 162 1072
2079 2 2 4 8 1072 162 163
2080 2 2 4 8 1076 193 1189
2081 2 2 4 8 192 193 1076
2082 2 2 4 8 1080 1094 1183
2083 2 2 4 8 1094 1080 1093
2084 2 2 4 8 1050 1049 1194
2085 2 2 4 8 1050 1063 1052
2086 2 2 4 8 1222 178 179
2087 2 2 4 8 1196 1053 1200
2088 2 2 4 8 1058 1082 1056
2089 2 2 4 8 159 1053 1196
2090 2 2 4 8 1091 1173 1179
2091 2 2 4 8 1194 1049 1054
2092 2 2 4 8 1103 1105 1132
2093 2 2 4 8 1208 1171 1123
2094 2 2 4 8 1159 1052 1063
2095 2 2 4 8 206 8 1198
2096 2 2 4 8 1202 1123 1171
2097 2 2 4 8 1198 8 160
2098 2 2 4 8 1216 1220 1163
2099 2 2 4 8 1161 1216 1163
2100 2 2 4 8 187 1130 1223
2101 2 2 4 8 1166 1176 1026
2102 2 2 4 8 1166 1026 1167
2103 2 2 4 8 187 188 1130
2104 2 2 4 8 1101 1104 1099
2105 2 2 4 8 163 1073 1072
2106 2 2 4 8 1133 1139 1037
2107 2 2 4 8 1076 1075 192
2108 2 2 4 8 1154 1066 1156
2109 2 2 4 8 1133 1037 1194
2110 2 2 4 8 203 1066 1154
2111 2 2 4 8 1151 1069 1137
2112 2 2 4 8 1061 1194 1037
2113 2 2 4 8 1137 1069 198
2114 2 2 4 8 1197 1065 1067
2115 2 2 4 8 204 205 1067
2116 2 2 4 8 1068 1070 1043
2117 2 2 4 8 1068 196 197
2118 2 2 4 8 1207 167 168
2119 2 2 4 8 1036 1061 1037
2120 2 2 4 8 1037 1139 1172
2121 2 2 4 8 1035 1037 1172
2122 2 2 4 8 1139 156 1172
2123 2 2 4 8 1144 1146 1142
2124 2 2 4 8 1135 180 181
2125 2 2 4 8 1053 159 158
2126 2 2 4 8 1044 1203 1060
2127 2 2 4 8 145 144 1060
2128 2 2 4 8 1040 1224 1038
2129 2 2 4 8 1205 1086 1102
2130 2 2 4 8 1224 1136 1038
2131 2 2 4 8 1224 1040 1104
2132 2 2 4 8 1110 1203 1215
2133 2 2 4 8 1215 1203 1044
2134 2 2 4 8 1215 1214 1110
2135 2 2 4 8 1160 169 170
2136 2 2 4 8 1102 1119 1204
2137 2 2 4 8 1114 1213 1206
2138 2 2 4 8 1065 1197 1200
2139 2 2 4 8 1044 1043 1070
2140 2 2 4 8 1190 1177 1162
2141 2 2 4 8 1073 163 164
2142 2 2 4 8 1177 1090 1162
2143 2 2 4 8 191 192 1075
2144 2 2 4 8 1066 1213 1156
2145 2 2 4 8 1066 203 204
2146 2 2 4 8 1151 1214 1069
2147 2 2 4 8 197 198 1069
2148 2 2 4 8 1109 1214 1151
2149 2 2 4 8 1110 1214 1109
2150 2 2 4 8 1156 1213 1112
2151 2 2 4 8 1112 1213 1114
2152 2 2 4 8 1138 1187 1186
2153 2 2 4 8 1151 1074 1071
2154 2 2 4 8 1187 1138 200
2155 2 2 4 8 1077 1078 1156
2156 2 2 4 8 1189 1188 1153
2157 2 2 4 8 1082 1058 1102
2158 2 2 4 8 1217 1034 1109
2159 2 2 4 8 201 1153 1188
2160 2 2 4 8 1147 1024 1097
2161 2 2 4 8 1109 1071 1217
2162 2 2 4 8 1032 1034 1217
2163 2 2 4 8 1211 1190 1219
2164 2 2 4 8 1212 9 195
2165 2 2 4 8 143 9 1212
2166 2 2 4 8 1211 181 182
2167 2 2 4 8 1058 1119 1102
2168 2 2 4 8 1124 1125 1173
2169 2 2 4 8 1125 1193 1179
2170 2 2 4 8 1179 1173 1125
2171 2 2 4 8 1126 1170 1129
2172 2 2 4 8 1027 1115 1116
2173 2 2 4 8 1169 1170 1126
2174 2 2 4 8 1122 152 151
2175 2 2 4 8 1121 1027 1116
2176 2 2 4 8 1141 1125 147
2177 2 2 4 8 1140 1125 1141
2178 2 2 4 8 147 146 1141
2179 2 2 4 8 1027 1121 1131
2180 2 2 4 8 1150 1210 1174
2181 2 2 4 8 1150 1111 1210
2182 2 2 4 8 1162 1219 1190
2183 2 2 4 8 1162 1039 1219
2184 2 2 4 8 1085 1039 1162
2185 2 2 4 8 1120 1110 1108
2186 2 2 4 8 1120 1058 1055
2187 2 2 4 8 1127 1142 176
2188 2 2 4 8 1047 1046 1218
2189 2 2 4 8 1157 1223 1130
2190 2 2 4 8 164 165 1032
2191 2 2 4 8 1184 1216 1185
2192 2 2 4 8 1220 1216 1184
2193 2 2 4 8 1184 1094 1220
2194 2 2 4 8 1139 157 156
2195 2 2 4 8 1094 1184 1181
2196 2 2 4 8 1094 1092 1220
2197 2 2 4 8 1056 1195 1057
2198 2 2 4 8 1223 1167 187
2199 2 2 4 8 1223 1157 1064
2200 2 2 4 8 1064 1167 1223
2201 2 2 4 8 1057 1195 1059
2202 2 2 4 8 1205 1225 1207
2203 2 2 4 8 1204 1225 1205
2204 2 2 4 8 1207 1225 167
2205 2 2 4 8 166 167 1225
2206 2 2 4 8 1047 1117 1118
2207 2 2 4 8 1173 1047 1118
2208 2 2 4 8 1047 1173 1045
2209 2 2 4 8 1164 1192 1165
2210 2 2 4 8 1192 1164 1081
2211 2 2 4 8 1165 1192 173
2212 2 2 4 8 1222 1136 1224
2213 2 2 4 8 1224 1101 1222
2214 2 2 4 8 1023 1025 185
2215 2 2 4 8 179 1136 1222
2216 2 2 4 8 153 152 1116
2217 2 2 4 8 1128 177 178
2218 2 2 4 8 182 183 1191
2219 2 2 4 8 1128 1127 177
2220 2 2 4 8 1216 1161 1160
2221 2 2 4 8 1221 1083 1163
2222 2 2 4 8 1221 1092 1180
2223 2 2 4 8 1192 172 173
2224 2 2 4 8 1177 1155 1090
2225 2 2 4 8 1180 1083 1221
2226 2 2 4 8 1182 1192 1183
2227 2 2 4 8 171 172 1182
2228 2 2 4 8 1089 1090 1155
2229 2 2 4 8 1220 1092 1221
2230 2 2 4 8 172 1192 1182
2231 2 2 4 8 1103 1107 1104
2232 2 2 4 8 1033 1032 165
2233 2 2 4 8 1033 1225 1031
2234 2 2 4 8 166 1225 1033
2235 2 2 4 8 1033 165 166
2236 2 2 4 8 1106 1025 1147
2237 2 2 4 8 1218 1046 1168
2238 2 2 4 8 1194 1054 1133
2239 2 2 4 8 149 148 1118
2240 2 2 4 8 1143 1142 1146
2241 2 2 4 8 1117 150 149
2242 2 2 4 8 1150 1149 1111
2243 2 2 4 8 1115 154 153
2244 2 2 4 8 1159 1209 1052
2245 2 2 4 8 1158 1209 1159
2246 2 2 4 8 1104 1101 1224
2247 2 2 4 8 1123 1122 1208
2248 2 2 4 8 1208 1122 151
2249 2 2 4 8 1148 1079 1145
2250 2 2 4 8 1164 1146 1145
2251 2 2 4 8 1125 1140 1193
2252 2 2 4 8 173 174 1165
2253 2 2 4 8 1038 1136 1135
2254 2 2 4 8 1124 148 147
2255 2 2 4 8 1209 1158 1210
2256 2 2 4 8 1209 1113 1052
2257 2 2 4 8 1201 1172 155
2258 2 2 4 8 1201 1178 1175
2259 2 2 4 8 1134 1059 1195
2260 2 2 4 8 1195 1140 1134
2261 2 2 4 8 1031 1204 1119
2262 2 2 4 8 1101 1128 1222
2263 2 2 4 8 1222 1128 178
2264 2 2 4 8 1132 1107 1103
2265 2 2 4 8 1204 1031 1225
2266 2 2 4 8 1174 1210 1158
2267 2 2 4 9 194 17 11
2268 2 2 4 9 194 270 17
2269 2 2 4 9 180 179 284
2270 2 2 4 9 179 285 284
2271 2 2 4 9 184 183 280
2272 2 2 4 9 183 281 280
2273 2 2 4 9 176 175 288
2274 2 2 4 9 175 289 288
2275 2 2 4 9 274 191 190
2276 2 2 4 9 274 273 191
2277 2 2 4 9 175 174 289
2278 2 2 4 9 174 290 289
2279 2 2 4 9 188 275 189
2280 2 2 4 9 276 275 188
2281 2 2 4 9 167 166 297
2282 2 2 4 9 166 298 297
2283 2 2 4 9 164 163 300
2284 2 2 4 9 163 301 300
2285 2 2 4 9 185 184 279
2286 2 2 4 9 184 280 279
2287 2 2 4 9 278 187 186
2288 2 2 4 9 278 277 187
2289 2 2 4 9 273 192 191
2290 2 2 4 9 273 272 192
2291 2 2 4 9 271 194 193
2292 2 2 4 9 271 270 194
2293 2 2 4 9 178 285 179
2294 2 2 4 9 178 286 285
2295 2 2 4 9 171 170 293
2296 2 2 4 9 170 294 293
2297 2 2 4 9 167 296 168
2298 2 2 4 9 167 297 296
2299 2 2 4 9 164 299 165
2300 2 2 4 9 164 300 299
2301 2 2 4 9 177 286 178
2302 2 2 4 9 177 287 286
2303 2 2 4 9 185 278 186
2304 2 2 4 9 185 279 278
2305 2 2 4 9 181 282 182
2306 2 2 4 9 181 283 282
2307 2 2 4 9 18 303 10
2308 2 2 4 9 10 303 161
2309 2 2 4 9 183 182 281
2310 2 2 4 9 182 282 281
2311 2 2 4 9 181 180 283
2312 2 2 4 9 180 284 283
2313 2 2 4 9 177 176 287
2314 2 2 4 9 176 288 287
2315 2 2 4 9 174 173 290
2316 2 2 4 9 173 291 290
2317 2 2 4 9 169 168 295
2318 2 2 4 9 168 296 295
2319 2 2 4 9 165 298 166
2320 2 2 4 9 165 299 298
2321 2 2 4 9 162 301 163
2322 2 2 4 9 162 302 301
2323 2 2 4 9 161 302 162
2324 2 2 4 9 161 303 302
2325 2 2 4 9 295 294 169
2326 2 2 4 9 169 294 170
2327 2 2 4 9 188 187 276
2328 2 2 4 9 187 277 276
2329 2 2 4 9 171 293 292
2330 2 2 4 9 171 292 172
2331 2 2 4 9 172 292 291
2332 2 2 4 9 172 291 173
2333 2 2 4 9 275 190 189
2334 2 2 4 9 275 274 190
2335 2 2 4 9 272 193 192
2336 2 2 4 9 272 271 193
2337 2 2 2 5 16 1298 264
2338 2 2 2 5 1227 1298 16
2339 2 2 2 5 268 1302 12
2340 2 2 2 5 12 1302 207
2341 2 2 2 5 1226 1297 1237
2342 2 2 2 5 1238 1297 1226
2343 2 2 2 5 13 1301 1242
2344 2 2 2 5 217 1301 13
2345 2 2 2 5 267 1288 268
2346 2 2 2 5 1288 1302 268
2347 2 2 2 5 266 1247 267
2348 2 2 2 5 1247 1288 267
2349 2 2 2 5 265 1299 266
2350 2 2 2 5 266 1299 1247
2351 2 2 2 5 264 1265 265
2352 2 2 2 5 1265 1299 265
2353 2 2 2 5 264 1298 1265
2354 2 2 2 5 1228 1252 1227
2355 2 2 2 5 1252 1298 1227
2356 2 2 2 5 1229 1255 1228
2357 2 2 2 5 1228 1255 1252
2358 2 2 2 5 1230 1245 1229
2359 2 2 2 5 1245 1255 1229
2360 2 2 2 5 1231 1277 1230
2361 2 2 2 5 1230 1277 1245
2362 2 2 2 5 1232 1282 1231
2363 2 2 2 5 1231 1282 1277
2364 2 2 2 5 1233 1249 1232
2365 2 2 2 5 1249 1282 1232
2366 2 2 2 5 1234 1273 1233
2367 2 2 2 5 1233 1273 1249
2368 2 2 2 5 1235 1243 1234
2369 2 2 2 5 1243 1273 1234
2370 2 2 2 5 1236 1272 1235
2371 2 2 2 5 1235 1272 1243
2372 2 2 2 5 1237 1253 1236
2373 2 2 2 5 1253 1272 1236
2374 2 2 2 5 1237 1297 1253
2375 2 2 2 5 1239 1297 1238
2376 2 2 2 5 1240 1300 1239
2377 2 2 2 5 1280 1297 1239
2378 2 2 2 5 1239 1300 1280
2379 2 2 2 5 1241 1246 1240
2380 2 2 2 5 1246 1300 1240
2381 2 2 2 5 1242 1289 1241
2382 2 2 2 5 1241 1289 1246
2383 2 2 2 5 1242 1301 1289
2384 2 2 2 5 216 1266 217
2385 2 2 2 5 1266 1301 217
2386 2 2 2 5 215 1251 216
2387 2 2 2 5 1251 1266 216
2388 2 2 2 5 214 1278 215
2389 2 2 2 5 215 1278 1251
2390 2 2 2 5 213 1248 214
2391 2 2 2 5 1248 1278 214
2392 2 2 2 5 212 1275 213
2393 2 2 2 5 213 1275 1248
2394 2 2 2 5 211 1244 212
2395 2 2 2 5 1244 1275 212
2396 2 2 2 5 210 1281 211
2397 2 2 2 5 211 1281 1244
2398 2 2 2 5 209 1250 210
2399 2 2 2 5 1250 1281 210
2400 2 2 2 5 208 1271 209
2401 2 2 2 5 209 1271 1250
2402 2 2 2 5 207 1254 208
2403 2 2 2 5 1254 1271 208
2404 2 2 2 5 207 1302 1254
2405 2 2 2 5 1272 1284 1243
2406 2 2 2 5 1243 1290 1273
2407 2 2 2 5 1284 1290 1243
2408 2 2 2 5 1244 1292 1275
2409 2 2 2 5 1281 1285 1244
2410 2 2 2 5 1285 1292 1244
2411 2 2 2 5 1245 1256 1255
2412 2 2 2 5 1245 1257 1256
2413 2 2 2 5 1245 1277 1257
2414 2 2 2 5 1246 1289 1267
2415 2 2 2 5 1267 1293 1246
2416 2 2 2 5 1293 1300 1246
2417 2 2 2 5 1286 1288 1247
2418 2 2 2 5 1247 1294 1286
2419 2 2 2 5 1247 1299 1294
2420 2 2 2 5 1275 1276 1248
2421 2 2 2 5 1276 1287 1248
2422 2 2 2 5 1248 1287 1278
2423 2 2 2 5 1273 1274 1249
2424 2 2 2 5 1274 1291 1249
2425 2 2 2 5 1249 1291 1282
2426 2 2 2 5 1263 1281 1250
2427 2 2 2 5 1250 1283 1263
2428 2 2 2 5 1271 1283 1250
2429 2 2 2 5 1251 1267 1266
2430 2 2 2 5 1251 1268 1267
2431 2 2 2 5 1251 1278 1268
2432 2 2 2 5 1255 1264 1252
2433 2 2 2 5 1264 1265 1252
2434 2 2 2 5 1265 1298 1252
2435 2 2 2 5 1253 1279 1272
2436 2 2 2 5 1253 1280 1279
2437 2 2 2 5 1253 1297 1280
2438 2 2 2 5 1254 1286 1271
2439 2 2 2 5 1254 1288 1286
2440 2 2 2 5 1254 1302 1288
2441 2 2 2 5 1256 1264 1255
2442 2 2 2 5 1257 1258 1256
2443 2 2 2 5 1258 1260 1256
2444 2 2 2 5 1260 1264 1256
2445 2 2 2 5 1257 1259 1258
2446 2 2 2 5 1257 1261 1259
2447 2 2 2 5 1257 1277 1261
2448 2 2 2 5 1259 1263 1258
2449 2 2 2 5 1258 1283 1260
2450 2 2 2 5 1263 1283 1258
2451 2 2 2 5 1261 1262 1259
2452 2 2 2 5 1262 1285 1259
2453 2 2 2 5 1259 1285 1263
2454 2 2 2 5 1260 1294 1264
2455 2 2 2 5 1283 1286 1260
2456 2 2 2 5 1286 1294 1260
2457 2 2 2 5 1261 1291 1262
2458 2 2 2 5 1277 1282 1261
2459 2 2 2 5 1282 1291 1261
2460 2 2 2 5 1262 1292 1285
2461 2 2 2 5 1291 1296 1262
2462 2 2 2 5 1262 1296 1292
2463 2 2 2 5 1263 1285 1281
2464 2 2 2 5 1264 1294 1265
2465 2 2 2 5 1294 1299 1265
2466 2 2 2 5 1267 1289 1266
2467 2 2 2 5 1289 1301 1266
2468 2 2 2 5 1268 1269 1267
2469 2 2 2 5 1269 1293 1267
2470 2 2 2 5 1268 1270 1269
2471 2 2 2 5 1268 1287 1270
2472 2 2 2 5 1278 1287 1268
2473 2 2 2 5 1270 1284 1269
2474 2 2 2 5 1269 1284 1279
2475 2 2 2 5 1279 1293 1269
2476 2 2 2 5 1270 1290 1284
2477 2 2 2 5 1287 1295 1270
2478 2 2 2 5 1270 1295 1290
2479 2 2 2 5 1271 1286 1283
2480 2 2 2 5 1279 1284 1272
2481 2 2 2 5 1273 1290 1274
2482 2 2 2 5 1290 1295 1274
2483 2 2 2 5 1274 1296 1291
2484 2 2 2 5 1295 1296 1274
2485 2 2 2 5 1275 1292 1276
2486 2 2 2 5 1276 1295 1287
2487 2 2 2 5 1292 1296 1276
2488 2 2 2 5 1276 1296 1295
2489 2 2 2 5 1280 1293 1279
2490 2 2 2 5 1280 1300 1293
$EndElements
