$MeshFormat
2.2 0 8
$EndMeshFormat
$PhysicalNames
4
2 1 "EXTERIOR (1) (1)"
2 2 "INTERFACE"
2 3 "SURROUND"
2 4 "CONE"
$EndPhysicalNames
$Nodes
1305
1 0 0 -500
2 0 248.54370449312 -500
3 665.749730846034 248.54370449312 -500
4 665.749730846034 0 -500
5 665.749730846034 0 0
6 665.749730846034 248.54370449312 0
7 0 248.54370449312 0
8 309.53734059448 3.79073913375613e-14 -75.09253253982661
9 493.264987228733 0 -75.09253253982661
10 577.334568503485 0 -5.72026585231402
11 225.467759319727 2.7611836976183e-14 -5.72026585231401
12 101.499141798213 230.54370449312 0
13 101.499141798213 0 0
14 196.531806699239 4.91574650558371e-14 0
15 606.270521123973 0 0
16 0 230.54370449312 0
17 0 0 0
18 223.386760663392 2.73569881418319e-14 0
19 579.415567159821 0 0
20 0 35.50624349901721 -500
21 0 71.01248699803442 -500
22 0 106.5187304970516 -500
23 0 142.0249739960689 -500
24 0 177.5312174950861 -500
25 0 213.0374609941031 -500
26 39.16174887329612 248.5437044931201 -500
27 78.32349774659212 248.5437044931201 -500
28 117.4852466198882 248.5437044931201 -500
29 156.6469954931842 248.5437044931201 -500
30 195.8087443664804 248.5437044931201 -500
31 234.9704932397765 248.5437044931201 -500
32 274.1322421130726 248.5437044931201 -500
33 313.2939909863687 248.5437044931201 -500
34 352.4557398596647 248.5437044931201 -500
35 391.6174887329609 248.5437044931201 -500
36 430.7792376062572 248.5437044931201 -500
37 469.9409864795533 248.5437044931201 -500
38 509.1027353528494 248.5437044931201 -500
39 548.2644842261458 248.5437044931201 -500
40 587.4262330994419 248.5437044931201 -500
41 626.587981972738 248.5437044931201 -500
42 665.749730846034 213.0374609941028 -500
43 665.749730846034 177.5312174950856 -500
44 665.749730846034 142.0249739960683 -500
45 665.749730846034 106.5187304970511 -500
46 665.749730846034 71.01248699803392 -500
47 665.749730846034 35.50624349901696 -500
48 626.5879819727379 0 -500
49 587.4262330994417 0 -500
50 548.2644842261456 0 -500
51 509.1027353528494 0 -500
52 469.9409864795532 0 -500
53 430.779237606257 0 -500
54 391.6174887329607 0 -500
55 352.4557398596646 0 -500
56 313.2939909863683 0 -500
57 274.1322421130721 0 -500
58 234.970493239776 0 -500
59 195.8087443664801 0 -500
60 156.6469954931841 0 -500
61 117.4852466198881 0 -500
62 78.32349774659208 0 -500
63 39.16174887329607 0 -500
64 665.749730846034 0 -26.6129040700206
65 665.749730846034 0 -55.2783056260679
66 665.749730846034 0 -87.78136177571486
67 665.749730846034 0 -124.7231342441043
68 665.749730846034 0 -162.2508208196939
69 665.749730846034 0 -199.7785073952834
70 665.749730846034 0 -237.306193970873
71 665.749730846034 0 -274.8338805464625
72 665.749730846034 0 -312.3615671220522
73 665.749730846034 0 -349.8892536976417
74 665.749730846034 0 -387.4169402732313
75 665.749730846034 0 -424.9446268488209
76 665.749730846034 0 -462.4723134244104
77 665.749730846034 248.54370449312 -38.46153846153846
78 665.749730846034 248.54370449312 -76.92307692307692
79 665.749730846034 248.54370449312 -115.3846153846154
80 665.749730846034 248.54370449312 -153.8461538461538
81 665.749730846034 248.54370449312 -192.3076923076923
82 665.749730846034 248.54370449312 -230.7692307692308
83 665.749730846034 248.54370449312 -269.2307692307692
84 665.749730846034 248.54370449312 -307.6923076923077
85 665.749730846034 248.54370449312 -346.1538461538461
86 665.749730846034 248.54370449312 -384.6153846153846
87 665.749730846034 248.54370449312 -423.0769230769231
88 665.749730846034 248.54370449312 -461.5384615384615
89 665.749730846034 211.3067746211003 0
90 665.749730846034 174.3748962338667 0
91 665.749730846034 140.3450651847989 0
92 665.749730846034 109.1605395955685 0
93 665.749730846034 80.11552947789556 0
94 665.749730846034 52.59772395944117 0
95 665.749730846034 26.06204914265817 0
96 0 248.54370449312 -461.3479716666895
97 0 248.54370449312 -422.695943333379
98 0 248.54370449312 -384.0439150000685
99 0 248.54370449312 -345.391886666758
100 0 248.54370449312 -306.7398583334474
101 0 248.54370449312 -268.0878300001369
102 0 248.54370449312 -229.4358016668264
103 0 248.54370449312 -190.7837733335159
104 0 248.54370449312 -152.1317450002053
105 0 248.54370449312 -113.5341162764489
106 0 248.54370449312 -78.54109731490429
107 0 248.54370449312 -48.62408920601104
108 0 248.54370449312 -22.87027882871756
109 22.29780780863484 248.5437044931201 0
110 44.59555268066413 248.5437044931201 0
111 66.89329963583737 248.5437044931201 0
112 89.19105327736645 248.5437044931201 0
113 111.5745667089449 248.5437044931201 0
114 135.7267544785818 248.5437044931201 0
115 163.5149483743561 248.5437044931201 0
116 195.9002123300241 248.5437044931201 0
117 231.5308280956722 248.5437044931201 0
118 263.9735919391518 248.5437044931201 0
119 293.5106343126979 248.5437044931201 0
120 320.8528115245471 248.5437044931201 0
121 346.6083414647005 248.5437044931201 0
122 371.3108620823324 248.5437044931201 0
123 395.444358868304 248.5437044931201 0
124 419.4659460115348 248.5437044931201 0
125 443.8274628602672 248.5437044931201 0
126 468.9968325964038 248.5437044931201 0
127 495.4801330974398 248.5437044931201 0
128 523.845325573233 248.5437044931201 0
129 554.7486240976842 248.5437044931201 0
130 588.9644113065473 248.5437044931201 0
131 626.9717202653477 248.5437044931201 0
132 321.5584522457859 0 -65.30204248650568
133 334.6145173592064 0 -56.9414214227651
134 348.5362979478445 0 -50.1190430941206
135 363.1433342713132 0 -44.92334192274757
136 378.246284027744 0 -41.42166668479902
137 393.6493766851444 0 -39.65940750837933
138 409.1529511380678 0 -39.65940750837936
139 424.5560437954682 0 -41.42166668479905
140 439.6589935518991 0 -44.92334192274768
141 454.2660298753678 0 -50.11904309412077
142 468.1878104640061 0 -56.9414214227654
143 481.2438755774266 0 -65.30204248650605
144 492.0120844142444 15.12028836050419 -75.09253253982661
145 488.2875518934851 29.82813467018385 -75.09253253982661
146 482.1929852044895 43.72234722220471 -75.09253253982661
147 473.8946282391836 56.42392811765667 -75.09253253982661
148 463.618838543379 67.586411340262 -75.09253253982661
149 451.6459128729925 76.90531344613004 -75.09253253982661
150 438.3024414292245 84.12643907837749 -75.09253253982661
151 423.9523993292271 89.05281475382621 -75.09253253982661
152 408.9872183137203 91.55006178615295 -75.09253253982661
153 393.8151095094917 91.55006178615295 -75.09253253982661
154 378.8499284939849 89.05281475382624 -75.09253253982661
155 364.4998863939874 84.1264390783775 -75.09253253982661
156 351.1564149502195 76.90531344613005 -75.09253253982661
157 339.1834892798331 67.58641134026202 -75.09253253982661
158 328.9076995840284 56.42392811765669 -75.09253253982661
159 320.6093426187225 43.72234722220477 -75.09253253982661
160 314.5147759297269 29.82813467018382 -75.09253253982661
161 310.7902434089676 15.12028836050421 -75.09253253982661
162 576.6263123401814 15.77054880064424 -5.72026585231401
163 574.5072463124498 31.41412241527824 -5.72026585231401
164 570.9944318939546 46.8047679874292 -5.72026585231401
165 566.1161522008923 61.8185690885033 -5.72026585231401
166 559.9116842729694 76.3346434200068 -5.72026585231401
167 552.4309828377734 90.23611608673583 -5.72026585231401
168 543.7342781046793 103.4110606047116 -5.72026585231401
169 533.8915908266185 115.7534000674171 -5.72026585231401
170 522.9821685341476 127.1637612146768 -5.72026585231401
171 511.0938474809288 137.5502745277167 -5.72026585231401
172 498.3223454378634 146.829313908511 -5.72026585231401
173 484.7704910298803 154.9261699879526 -5.72026585231401
174 470.5473958203114 161.7756516417639 -5.72026585231401
175 455.7675758087396 167.3226108710984 -5.72026585231401
176 440.5500294155046 171.5223868218008 -5.72026585231401
177 425.0172793763924 174.3411653673443 -5.72026585231401
178 409.2943862616087 175.7562513602951 -5.72026585231401
179 393.5079415616024 175.7562513602951 -5.72026585231401
180 377.7850484468188 174.3411653673442 -5.72026585231401
181 362.2522984077066 171.5223868218006 -5.72026585231401
182 347.0347520144717 167.3226108710982 -5.72026585231401
183 332.2549320028999 161.7756516417636 -5.72026585231401
184 318.0318367933313 154.9261699879524 -5.72026585231401
185 304.4799823853483 146.8293139085108 -5.72026585231401
186 291.7084803422828 137.5502745277164 -5.72026585231401
187 279.8201592890642 127.1637612146766 -5.72026585231401
188 268.9107369965933 115.7534000674169 -5.72026585231401
189 259.0680497185325 103.4110606047114 -5.72026585231401
190 250.3713449854385 90.23611608673573 -5.72026585231401
191 242.8906435502426 76.33464342000683 -5.72026585231401
192 236.6861756223197 61.81856908850338 -5.72026585231401
193 231.8078959292574 46.80476798742946 -5.72026585231401
194 228.2950815107623 31.41412241527849 -5.72026585231401
195 226.1760154830306 15.77054880064441 -5.72026585231401
196 505.2749274108404 0 -65.18220872732471
197 517.2848675929479 0 -55.27188491482293
198 529.2948077750553 0 -45.36156110232115
199 541.3047479571628 0 -35.45123728981934
200 553.3146881392703 0 -25.5409134773176
201 565.3246283213776 0 -15.63058966481587
202 237.4776995018344 0 -15.63058966481597
203 249.487639683942 0 -25.5409134773178
204 261.4975798660495 0 -35.45123728981962
205 273.5075200481571 0 -45.36156110232147
206 285.5174602302646 0 -55.2718849148233
207 297.5274004123721 0 -65.18220872732513
208 101.499141798213 211.3317291186933 0
209 101.499141798213 192.1197537442667 0
210 101.499141798213 172.90777836984 0
211 101.499141798213 153.6958029954134 0
212 101.499141798213 134.4838276209867 0
213 101.499141798213 115.27185224656 0
214 101.499141798213 96.05987687213332 0
215 101.499141798213 76.84790149770666 0
216 101.499141798213 57.63592612327997 0
217 101.499141798213 38.42395074885329 0
218 101.499141798213 19.21197537442663 0
219 120.0969796032271 0 0
220 141.5177442083575 0 0
221 162.9778862005564 0 0
222 181.1134409842766 0 0
223 197.1329341246594 15.68259622369986 0
224 198.9327887461603 31.27316073684872 0
225 201.9208083011422 46.68020190756815 0
226 206.0794579027225 61.81330509192762 0
227 211.384332941425 76.5836632230275 0
228 217.8043023011317 90.90459796617974 0
229 225.3016910488511 104.6920683818421 0
230 233.8325015262063 117.865164111269 0
231 243.3466715451882 130.3465801906688 0
232 253.7883681729823 142.0630707074707 0
233 265.0963153818184 152.9458786364644 0
234 277.2041536410677 162.9311393333645 0
235 290.0408293413544 171.960255317937 0
236 303.5310117653898 179.9802401473144 0
237 317.5955351585742 186.944029361511 0
238 332.1518633051248 192.8107566763889 0
239 347.114573883408 197.5459938032629 0
240 362.3958597580903 201.1219524877883 0
241 377.9060442673228 203.5176475824867 0
242 393.5541074810513 204.7190201959362 0
243 409.2482203421594 204.7190201959363 0
244 424.896283555888 203.5176475824869 0
245 440.4064680651205 201.1219524877885 0
246 455.6877539398029 197.5459938032633 0
247 470.650464518086 192.8107566763893 0
248 485.2067926646366 186.9440293615114 0
249 499.2713160578211 179.9802401473149 0
250 512.7614984818565 171.9602553179376 0
251 525.5981741821433 162.9311393333653 0
252 537.7060124413927 152.9458786364653 0
253 549.0139596502288 142.0630707074715 0
254 559.4556562780228 130.3465801906697 0
255 568.9698262970051 117.8651641112699 0
256 577.5006367743603 104.6920683818431 0
257 584.99802552208 90.90459796618053 0
258 591.4179948817866 76.5836632230283 0
259 596.7228699204893 61.81330509192825 0
260 600.8815195220697 46.68020190756871 0
261 603.8695390770516 31.27316073684911 0
262 605.6693936985525 15.68259622370017 0
263 622.738529853885 0 0
264 642.3160557565189 0 0
265 16.91652363303548 230.54370449312 0
266 33.83304726607095 230.54370449312 0
267 50.74957089910646 230.54370449312 0
268 67.66609453214197 230.54370449312 0
269 84.58261816517748 230.54370449312 0
270 0 211.3317291186933 0
271 0 192.1197537442666 0
272 0 172.9077783698399 0
273 0 153.6958029954133 0
274 0 134.4838276209866 0
275 0 115.2718522465599 0
276 0 96.05987687213326 0
277 0 76.84790149770662 0
278 0 57.63592612327993 0
279 0 38.42395074885327 0
280 0 19.21197537442665 0
281 16.9165236330355 0 0
282 33.833047266071 0 0
283 50.7495708991065 0 0
284 67.66609453214201 0 0
285 84.58261816517751 0 0
286 209.9592836813155 0 0
287 224.1033943154823 15.95708808202705 0
288 226.2475253589602 31.78569907343345 0
289 229.8018905113924 47.35839030558896 0
290 234.7378721145043 62.54977962528641 0
291 241.0157285467379 77.23755489811589 0
292 248.5849141994206 91.30345879385256 0
293 257.384486440286 104.6342409249455 0
294 267.3435962877155 117.1225696720482 0
295 278.3820588450793 128.6678963551072 0
296 290.4109989023763 139.1772647922128 0
297 303.3335665071675 148.566059728118 0
298 317.0457167434458 156.7586881065209 0
299 331.4370474401223 163.689187700906 0
300 346.391688064393 169.3017582036071 0
301 361.7892326431374 173.5512104970746 0
302 377.5057092010171 176.4033304900788 0
303 393.4145779099267 177.8351545894555 0
304 409.3877499132852 177.8351545894555 0
305 425.2966186221948 176.4033304900788 0
306 441.0130951800745 173.5512104970746 0
307 456.4106397588189 169.3017582036071 0
308 471.3652803830896 163.689187700906 0
309 485.7566110797661 156.7586881065209 0
310 499.4687613160444 148.566059728118 0
311 512.3913289208357 139.1772647922128 0
312 524.4202689781326 128.6678963551073 0
313 535.4587315354964 117.1225696720482 0
314 545.417841382926 104.6342409249455 0
315 554.2174136237915 91.30345879385254 0
316 561.7865992764741 77.23755489811587 0
317 568.0644557087076 62.54977962528648 0
318 573.0004373118195 47.35839030558895 0
319 576.5548024642517 31.78569907343352 0
320 578.6989335077296 15.95708808202704 0
321 592.8430441418971 0 0
322 118.9574983416238 121.7621183133421 -500
323 543.7215267973037 123.9592077187163 -500
324 254.072286446353 125.5314201968678 -500
325 407.827029218991 126.5531561076084 -500
326 332.8748654230167 162.1036552518203 -500
327 332.8748654230164 67.09902615139525 -500
328 477.9534209942033 168.7515685550321 -500
329 190.320402653837 80.452453962447 -500
330 479.2881525809996 80.39153677809072 -500
331 183.7678778637607 174.788560608388 -500
332 593.2258577766323 176.2405768155847 -500
333 71.75041226972169 72.38846474325476 -500
334 594.1947517685663 67.11616242334175 -500
335 71.55497907746782 181.4275420697782 -500
336 256.8514211440036 63.85753344416703 -500
337 257.0681508487262 183.8665031955823 -500
338 409.4240148724429 185.7175993827074 -500
339 408.7132091544196 64.29843437070143 -500
340 532.274265872357 59.14033826515411 -500
341 527.9888665877562 189.331552503873 -500
342 131.6964875646919 189.5754310388835 -500
343 131.6964875646919 58.96827345423647 -500
344 53.40349398634599 122.1752747800738 -500
345 612.3126804942987 126.3721320361111 -500
346 292.1315863477215 122.9575678567667 -500
347 372.898379608636 123.192924681863 -500
348 372.787298897756 196.1347285202041 -500
349 293.0861710941334 195.8262124890167 -500
350 494.2161892844335 123.4268727540807 -500
351 207.4502770020496 118.2121493175115 -500
352 293.1535274567972 39.05801566160078 -500
353 372.5697604538628 39.12100150824853 -500
354 447.9467111891219 206.9756264345348 -500
355 447.555505318894 43.55008190078627 -500
356 217.7221540453604 206.2097120903183 -500
357 218.6272676289821 43.17365557770808 -500
358 42.03741648375843 206.022052661405 -500
359 42.03741648375859 42.52165183171513 -500
360 623.7123143622756 42.52165183171523 -500
361 623.7123143622755 206.0220526614045 -500
362 495.3180351383896 207.9485218330369 -500
363 495.31803513839 40.59518266008332 -500
364 169.9380181295128 40.09285125681573 -500
365 169.6284960512647 209.0782312658594 -500
366 36.12990475604862 159.0036211872239 -500
367 632.1759821026046 159.2503942810661 -500
368 629.6185782332373 89.54022098376329 -500
369 34.02470853328642 89.1479464911917 -500
370 449.4954870360916 134.5603236675111 -500
371 164.18644540142 112.8900190384972 -500
372 379.8660758521087 160.1896817393948 -500
373 285.7982160001622 159.9738000841318 -500
374 569.9149960736612 37.78878797254168 -500
375 567.0705302517791 210.2916982754424 -500
376 95.83473477237267 210.7549165205786 -500
377 99.76577695857884 37.83440455991416 -500
378 438.4100049644933 93.11383162767264 -500
379 290.977872248248 83.81874679023558 -500
380 374.6528549812863 83.91480534789849 -500
381 151.1545825495647 153.807779610504 -500
382 226.2003221380754 158.1718981854731 -500
383 227.4567486147097 90.17757433174846 -500
384 577.8320812784383 140.6090911946925 -500
385 87.9176495675954 107.9346132984276 -500
386 107.6746794091343 163.3096981729009 -500
387 557.9951804138236 84.96500248264782 -500
388 518.0004515600009 155.2078359166479 -500
389 518.5645416348463 92.10661469372519 -500
390 332.8710878608203 29.48315481198354 -500
391 332.8748654230167 218.5921098307049 -500
392 441.0129200633983 167.9134264371181 -500
393 137.753813368178 92.97730869179209 -500
394 255.5469903165262 29.21784093669518 -500
395 407.5760150894387 220.184706522762 -500
396 258.2404936825677 219.9359372572408 -500
397 410.2470402532788 29.39390355594724 -500
398 554.6398857086517 165.9399937374928 -500
399 106.2082529729174 80.29413180590389 -500
400 528.683609789497 26.47762441891793 -500
401 528.6836097894977 222.0660800742026 -500
402 137.0661210565362 222.0660800742026 -500
403 136.5560169063474 26.71228743309785 -500
404 78.58584578598496 144.1672067264734 -500
405 587.1638850600497 104.3764977666461 -500
406 417.5251054086066 154.986837466868 -500
407 23.71525472336221 124.1422856971438 -500
408 642.0561418644318 124.3940508388786 -500
409 259.6667117975635 94.62061726751236 -500
410 405.4890436252534 95.15566434799814 -500
411 255.7847438583292 156.8859054155137 -500
412 159.4001081428783 71.57795138440126 -500
413 332.7350706719874 107.1811210133299 -500
414 180.6741691850194 140.17958601565 -500
415 465.3524584665045 107.8731412068388 -500
416 597.9001483389038 220.7383890007837 -500
417 597.900148338904 27.80531549233654 -500
418 67.84958250713009 220.7383890007833 -500
419 67.84958250713015 27.80531549233664 -500
420 504.529418998583 180.1463090126536 -500
421 505.3182226907057 68.30789716836992 -500
422 19.58087443664813 230.7905827436115 -500
423 646.1688564093861 17.75312174950847 -500
424 19.58087443664803 17.7531217495086 -500
425 646.1688564093862 230.790582743611 -500
426 159.0618610073205 181.8125006309087 -500
427 293.7131165497207 228.1302326617671 -500
428 372.0366142963128 228.1302326617671 -500
429 665.749730846034 122.314067657684 -121.0332506164577
430 665.749730846034 124.3103914249294 -377.3406207371291
431 665.749730846034 125.7480859880154 -249.8656447817917
432 665.749730846034 68.32316281575891 -77.71819210507446
433 665.749730846034 78.56784321546829 -185.7127161400478
434 665.749730846034 78.37103481574891 -313.2230922904848
435 665.749730846034 169.2816535669441 -315.2955348645468
436 665.749730846034 169.2827138572344 -184.779180642869
437 665.749730846034 182.6016973121045 -64.73111229174167
438 665.749730846034 67.32489366945495 -428.3661358771541
439 665.749730846034 176.1351271001497 -427.4716169625225
440 665.749730846034 118.657063148599 -54.91331847160357
441 665.749730846034 188.1106922633359 -249.9999999999999
442 665.749730846034 61.09822052509821 -252.231272242088
443 665.749730846034 59.25649981792992 -129.9768685785562
444 665.749730846034 40.84889668742022 -37.94354280865629
445 665.749730846034 56.54144241224091 -368.6530969854365
446 665.749730846034 190.4034428482192 -132.1779418889795
447 665.749730846034 190.1208806242284 -363.4707541031271
448 665.749730846034 132.8682191695499 -444.0344137285721
449 665.749730846034 124.6207797460802 -170.6657473301151
450 665.749730846034 124.7708769093545 -328.9449339345307
451 665.749730846034 94.0238339480492 -38.32030868222029
452 665.749730846034 40.23736861602373 -290.2533324572408
453 665.749730846034 42.45223655934126 -457.867469093221
454 665.749730846034 40.94681880954781 -217.1069263265981
455 665.749730846034 209.1478821842676 -288.4615384615385
456 665.749730846034 209.1478821842678 -211.5384615384615
457 665.749730846034 206.031448608189 -457.9125307878651
458 665.749730846034 154.5629959431583 -34.91517040931595
459 665.749730846034 210.9955077125498 -37.70330568930844
460 665.749730846034 38.49392767148038 -98.0265719849629
461 665.749730846034 36.94180116769667 -406.1807835610258
462 665.749730846034 208.8421846186089 -168.5776948353187
463 665.749730846034 208.8750076209893 -331.343883885268
464 665.749730846034 91.01760752209179 -462.7104220662774
465 665.749730846034 159.7946148052828 -466.2329641755761
466 665.749730846034 106.3754784900939 -87.96186302170595
467 665.749730846034 40.6878429221444 -168.0451117784058
468 665.749730846034 210.6446497697368 -402.6330137720788
469 665.749730846034 211.011309057468 -95.84355594348625
470 665.749730846034 113.9498198365942 -214.1395790835574
471 665.749730846034 114.2300814519809 -285.6049940056678
472 665.749730846034 36.76157644156891 -333.6855213280001
473 665.749730846034 156.9020982967285 -274.8110903401066
474 665.749730846034 157.114617887794 -225.3710309555561
475 665.749730846034 92.82439702126734 -352.4820406348679
476 665.749730846034 155.400034421537 -147.748011231016
477 665.749730846034 156.9581393942129 -352.2096271318631
478 665.749730846034 86.26885329254532 -391.7420689277105
479 665.749730846034 140.4689411470152 -411.0304879544111
480 665.749730846034 94.17372802874846 -147.000808814015
481 665.749730846034 166.7131918698025 -107.3325184794709
482 665.749730846034 66.35662671866831 -23.20796519325862
483 665.749730846034 31.31902881169202 -65.30717527288974
484 665.749730846034 118.564588726151 -24.09726286105307
485 665.749730846034 27.98901217798939 -256.0700372586678
486 665.749730846034 77.75730251303247 -222.0082488288591
487 665.749730846034 23.20676455210645 -23.19104519489209
488 665.749730846034 221.3869704428813 -249.9999999999999
489 665.749730846034 79.61672373143728 -106.8123469414427
490 665.749730846034 141.8707490702404 -78.4812055483826
491 665.749730846034 166.4396882433788 -389.0260201101886
492 665.749730846034 107.0431510375978 -419.2040248818756
493 665.749730846034 79.16976357423127 -279.5107761468515
494 665.749730846034 222.34693170416 -134.2380959242992
495 665.749730846034 222.7109338683736 -365.3846153846155
496 665.749730846034 25.15723665471907 -368.6530969854365
497 665.749730846034 28.6721946260302 -138.1332816635596
498 665.749730846034 93.61498987345598 -249.582362851257
499 665.749730846034 124.8374959761122 -476.1564322789835
500 665.749730846034 141.2419828319257 -198.7388845030244
501 665.749730846034 141.296177556252 -301.164138286213
502 665.749730846034 64.74811765858803 -48.9212475861698
503 665.749730846034 41.81441221205887 -16.8685106393614
504 665.749730846034 66.12461267270655 -342.0109378096973
505 665.749730846034 184.6208533739224 -26.34550088916063
506 665.749730846034 91.95236174832925 -62.11767374198541
507 665.749730846034 221.1139374854024 -432.9606162643387
508 665.749730846034 94.63803453673205 -16.43477960317865
509 665.749730846034 220.9357170629478 -65.99580280452849
510 665.749730846034 27.49301354948827 -433.3252231591184
511 665.749730846034 19.07493801024373 -41.66659459450533
512 665.749730846034 181.3089203015937 -340.5799499962012
513 665.749730846034 180.9820939363998 -158.3207071495458
514 665.749730846034 230.7905827436114 -480.7692307692306
515 665.749730846034 17.75312174950849 -481.2361567122052
516 665.749730846034 229.9252395571101 -19.23076923076923
517 665.749730846034 68.469099188619 -159.052000625874
518 407.4551524399154 248.5437044931201 -250.1065724294746
519 213.7155202128474 248.5437044931201 -199.456888525137
520 506.6214483657276 248.5437044931201 -138.4569776379932
521 330.2305088720339 248.5437044931201 -138.5853454617605
522 126.9221708582143 248.5437044931201 -112.7872540515164
523 154.9721911332122 248.5437044931201 -342.9785514521394
524 507.6832097768066 248.5437044931201 -351.3064809947603
525 304.4706075415089 248.5437044931201 -359.2902877449342
526 434.9564137069523 248.5437044931201 -96.23210050956391
527 412.228760950827 248.5437044931201 -388.9503372567483
528 111.5072070000888 248.5437044931201 -240.4081455441833
529 554.2077067111994 248.5437044931201 -245.3194407532158
530 247.2880058479345 248.5437044931201 -92.20890957742779
531 306.6832716706698 248.5437044931201 -249.0590002521922
532 563.5785915619784 248.5437044931201 -91.05087901114732
533 64.52027372958196 248.5437044931201 -66.62552030529741
534 359.4251575293068 248.5437044931201 -69.39678076230479
535 224.8204576349366 248.5437044931201 -405.7906031994774
536 90.81514827754552 248.5437044931201 -409.0133971787066
537 578.8588753682119 248.5437044931201 -412.940424081837
538 223.8304262581657 248.5437044931201 -287.4267169999069
539 182.8174901556462 248.5437044931201 -70.1770135752393
540 500.7652483886624 248.5437044931201 -72.07270783539425
541 439.7635083196509 248.5437044931201 -176.2915846216196
542 577.8673697607236 248.5437044931201 -177.2321417184816
543 125.8330202446422 248.5437044931201 -47.07151166609084
544 79.97930094701258 248.5437044931201 -339.8273051273786
545 480.0642075038446 248.5437044931201 -279.0048779552081
546 591.7163099835765 248.5437044931201 -333.2767508727615
547 480.3826298217588 248.5437044931201 -423.6760548919752
548 343.335247827869 248.5437044931201 -418.8703479583477
549 375.5704312259094 248.5437044931201 -324.5714508899344
550 80.02698346737031 248.5437044931201 -176.7566627103541
551 307.2287974320914 248.5437044931201 -54.91248170838936
552 406.9441687455052 248.5437044931201 -48.15518285693878
553 457.6235087244287 248.5437044931201 -47.57783622706299
554 157.6243166944639 248.5437044931201 -432.1507247022577
555 358.0645963931028 248.5437044931201 -198.6428924285991
556 283.7479167281844 248.5437044931201 -186.5835893256812
557 188.7186660229735 248.5437044931201 -136.9528362227246
558 492.9125326792333 248.5437044931201 -210.3274710388629
559 144.6505455035806 248.5437044931201 -184.6395248702636
560 439.3750867690391 248.5437044931201 -329.4693345592683
561 58.69981033312695 248.5437044931201 -116.632916944136
562 173.7684791986246 248.5437044931201 -248.6164886371307
563 279.3474825485129 248.5437044931201 -438.2870876852797
564 35.12890548519852 248.5437044931201 -34.23640196075404
565 235.6960089227388 248.5437044931201 -346.444632074637
566 539.2969748354593 248.5437044931201 -44.67998973677591
567 58.90156923759014 248.5437044931201 -270.2278274910512
568 393.0594204622422 248.5437044931201 -135.8730364357625
569 609.3348590863374 248.5437044931201 -274.504209979754
570 411.3209551628876 248.5437044931201 -444.4357390460547
571 274.2162942406723 248.5437044931201 -298.0418975627025
572 246.6461115925651 248.5437044931201 -52.8220255618198
573 533.5770329635897 248.5437044931201 -445.9330367352875
574 125.7502668738723 248.5437044931201 -296.5144869744204
575 540.275796565685 248.5437044931201 -302.2406651931406
576 610.782360715319 248.5437044931201 -120.4926855446219
577 51.91332324014377 248.5437044931201 -450.0281449399519
578 607.5477768709164 248.5437044931201 -48.94857766287434
579 77.99554191780328 248.5437044931201 -34.50468442185482
580 353.442053383285 248.5437044931201 -268.6746472128067
581 242.3791359459552 248.5437044931201 -235.09884665141
582 241.5560446423739 248.5437044931201 -147.5680713124144
583 52.01197582944462 248.5437044931201 -368.1581962193755
584 362.3906689240667 248.5437044931201 -366.0741268108259
585 608.3933807947955 248.5437044931201 -211.7386624476334
586 291.1971282452579 248.5437044931201 -97.07146597659359
587 606.6605611304236 248.5437044931201 -369.59929201085
588 611.3415320795092 248.5437044931201 -445.8958502369658
589 359.2688716456161 248.5437044931201 -39.08424271022845
590 546.4145400789786 248.5437044931201 -199.773929319769
591 473.8749167767857 248.5437044931201 -370.1954073986683
592 148.1804600090555 248.5437044931201 -27.80660674484778
593 473.2081807605745 248.5437044931201 -113.2861500285902
594 47.69777712316693 248.5437044931201 -215.5602303994173
595 204.3386909254604 248.5437044931201 -448.3394024902761
596 555.7059845933833 248.5437044931201 -132.941567261889
597 175.3938616651288 248.5437044931201 -298.4840653866088
598 94.11843864780008 248.5437044931201 -88.40806029305766
599 112.0549347925627 248.5437044931201 -365.6351349481504
600 115.0804414383465 248.5437044931201 -451.3028128185897
601 182.766907760215 248.5437044931201 -389.7116869909722
602 537.2444096106079 248.5437044931201 -397.2891711220749
603 274.5013025606804 248.5437044931201 -395.0735002214852
604 327.1333035224222 248.5437044931201 -307.780130047856
605 489.5609185631803 248.5437044931201 -36.62844403305347
606 431.8270006069175 248.5437044931201 -28.6823074795823
607 438.0502823576215 248.5437044931201 -220.9920225503419
608 396.8734498179791 248.5437044931201 -80.48422621054469
609 215.369933605864 248.5437044931201 -34.118932262721
610 567.3235745263534 248.5437044931201 -369.7372853489192
611 108.3175294852447 248.5437044931201 -30.21395088031012
612 402.1163962484349 248.5437044931201 -207.5649254485552
613 448.6700357071276 248.5437044931201 -460.5896514459857
614 437.2215252912323 248.5437044931201 -284.234976871384
615 376.1972577582909 248.5437044931201 -461.4932398382126
616 35.65761111636891 248.5437044931201 -90.38074299611803
617 276.8746073599158 248.5437044931201 -30.83194397469663
618 485.8680805025957 248.5437044931201 -320.7260547700823
619 529.665726533114 248.5437044931201 -107.1304847740936
620 198.789340658508 248.5437044931201 -335.5224109449373
621 333.9376191146965 248.5437044931201 -26.26135016008387
622 362.8619349855079 248.5437044931201 -108.3014141105501
623 383.228025164697 248.5437044931201 -25.27627978711952
624 509.0917560172778 248.5437044931201 -252.5764553515916
625 571.8800083864109 248.5437044931201 -459.7051672659557
626 571.7035854805707 248.5437044931201 -27.09330543081581
627 147.642590186427 248.5437044931201 -87.45177170283519
628 312.1811082254997 248.5437044931201 -453.9847094169307
629 626.1061988082396 248.5437044931201 -169.4639501688854
630 478.4705725641116 248.5437044931201 -173.0529493363893
631 34.41510098215599 248.5437044931201 -330.5976703985492
632 435.4112563736245 248.5437044931201 -134.1072751246761
633 287.792957008725 248.5437044931201 -143.3396609070311
634 55.92299693455084 248.5437044931201 -21.37603235917116
635 246.59015483741 248.5437044931201 -462.7780273852864
636 314.6202309709523 248.5437044931201 -209.399868681067
637 205.6722906519161 248.5437044931201 -100.7424528174928
638 437.8471361909127 248.5437044931201 -414.288869963147
639 629.3597569168777 248.5437044931201 -87.66745211252454
640 142.2325211214586 248.5437044931201 -389.1891611965531
641 384.1212052559857 248.5437044931201 -424.0171266796016
642 497.7460464582249 248.5437044931201 -461.2002553198984
643 98.60266404458264 248.5437044931201 -58.10958552307936
644 631.2309143983163 248.5437044931201 -329.4540539021602
645 402.4926777527752 248.5437044931201 -354.404243127089
646 312.3430441496409 248.5437044931201 -393.7933877349923
647 173.9870090689974 248.5437044931201 -207.983803297211
648 40.80562136555511 248.5437044931201 -178.8239134961823
649 275.1764449120502 248.5437044931201 -64.75212160367249
650 110.429782162243 248.5437044931201 -155.6442507210197
651 105.5392619024416 248.5437044931201 -203.544336740908
652 42.86562922767394 248.5437044931201 -407.1879176898393
653 630.711471690577 248.5437044931201 -406.2600259591812
654 330.9243686706393 248.5437044931201 -81.82070182917225
655 362.2494297214072 248.5437044931201 -160.4414619306792
656 389.7292198977426 248.5437044931201 -290.6265089107912
657 26.73754502472968 248.5437044931201 -61.05425772179558
658 212.6508469607548 248.5437044931201 -253.0958069914369
659 467.9749127555336 248.5437044931201 -78.78517103289887
660 318.7502237761137 248.5437044931201 -171.0084195548214
661 575.1282682908887 248.5437044931201 -215.7289437160341
662 155.3568112606756 248.5437044931201 -145.0366943165446
663 462.3457010330195 248.5437044931201 -21.65454191646322
664 176.2110598977167 248.5437044931201 -32.11082613922105
665 371.6767383389705 248.5437044931201 -232.3905876918892
666 175.2452027858761 248.5437044931201 -470.1037501595629
667 250.6388366393309 248.5437044931201 -202.7351284150084
668 572.4095144904269 248.5437044931201 -288.633435729822
669 336.6757538558171 248.5437044931201 -335.7478880725981
670 95.45988616255329 248.5437044931201 -274.0486989349737
671 183.8683854745275 248.5437044931201 -173.7499647417033
672 472.6278064116397 248.5437044931201 -241.3348422008817
673 432.5445868719981 248.5437044931201 -63.75171683299652
674 381.1479345806207 248.5437044931201 -52.47934246542724
675 140.6234953979987 248.5437044931201 -222.36276099789
676 634.7250358839509 248.5437044931201 -249.2868825775145
677 140.4447263554848 248.5437044931201 -263.2274633042643
678 549.9690141909861 248.5437044931201 -336.1557243663545
679 211.2399327419936 248.5437044931201 -368.6034582950923
680 408.0289431683035 248.5437044931201 -20.60792934742377
681 511.5678713829658 248.5437044931201 -23.78134107595195
682 219.5587663707853 248.5437044931201 -70.01386675894014
683 339.8711253167444 248.5437044931201 -233.1563997352249
684 33.47412416908207 248.5437044931201 -246.0124470038912
685 279.7543313566455 248.5437044931201 -223.2199663556581
686 398.7074690306514 248.5437044931201 -169.6274881764702
687 28.78751150568246 248.5437044931201 -287.4138441667922
688 83.0374258678163 248.5437044931201 -467.2429556606963
689 304.5015378035063 248.5437044931201 -23.22681621084931
690 275.6252228594304 248.5437044931201 -259.2977394077544
691 512.2151849562325 248.5437044931201 -182.2438681704923
692 637.6060407164156 248.5437044931201 -288.4615384615385
693 441.9754581962919 248.5437044931201 -371.6817906133476
694 502.392394198952 248.5437044931201 -390.5572969695799
695 121.0461494765217 248.5437044931201 -328.4940926309348
696 169.6125077197358 248.5437044931201 -108.1760103310961
697 529.6721372906776 248.5437044931201 -74.64041412673986
698 32.50142347437725 248.5437044931201 -132.9165077308111
699 88.49859907398911 248.5437044931201 -118.7688215778621
700 20.59278288906398 248.5437044931201 -20.6426265703739
701 150.8554162096353 248.5437044931201 -59.12338128355482
702 539.7886726876951 248.5437044931201 -164.2708722610328
703 268.7693041171365 248.5437044931201 -344.5049345677794
704 238.7685260418003 248.5437044931201 -312.5522071497334
705 192.3875932537691 248.5437044931201 -418.9981043457458
706 75.49247584511136 248.5437044931201 -236.5745239725935
707 338.1569628784702 248.5437044931201 -54.29511143403575
708 128.1918929447708 248.5437044931201 -21.56753353555385
709 66.72695519240904 248.5437044931201 -92.94425076370479
710 512.4190967528797 248.5437044931201 -291.4307252294356
711 590.5992200105426 248.5437044931201 -246.0880536231753
712 285.5042136842283 248.5437044931201 -470.6662889472802
713 634.8006507044144 248.5437044931201 -30.88596355807515
714 121.9639429531989 248.5437044931201 -419.2468071871602
715 306.1457326223186 248.5437044931201 -282.5937233629772
716 142.3163493064045 248.5437044931201 -471.8296323142593
717 640.7735604255946 248.5437044931201 -134.6153846153846
718 445.6989745834579 248.5437044931201 -254.3564691491105
719 30.32658047888276 248.5437044931201 -469.7865716499704
720 249.3230344369908 248.5437044931201 -427.9983459544112
721 65.88207050428559 248.5437044931201 -301.1486343506864
722 409.4505596439723 248.5437044931201 -317.5382720557137
723 483.1109860975663 248.5437044931201 -16.87576331291576
724 306.27744434829 248.5437044931201 -422.1996246432359
725 246.8790145186338 248.5437044931201 -23.55458035984749
726 92.32856657563627 248.5437044931201 -16.98550061300486
727 408.1669271172658 248.5437044931201 -110.6667203053059
728 80.89712541737811 248.5437044931201 -378.4871147452269
729 539.9651901486901 248.5437044931201 -18.72409774958094
730 220.6030099850442 248.5437044931201 -166.82005188995
731 530.433840242532 248.5437044931201 -474.7994066460706
732 536.9187871033022 248.5437044931201 -274.398214051499
733 54.71758629503199 248.5437044931201 -43.46501711038557
734 636.8297591040681 248.5437044931201 -471.2601108015016
735 478.7616433146737 248.5437044931201 -57.49467512345753
736 513.8652950931972 248.5437044931201 -421.9122679555506
737 608.4595277350144 248.5437044931201 -302.8659977892073
738 411.4629712430261 248.5437044931201 -475.0112110331983
739 24.0408832189421 248.5437044931201 -365.577236242125
740 587.1716042536547 248.5437044931201 -142.378906026933
741 640.020481782277 248.5437044931201 -367.2165205282844
742 197.6951547370203 248.5437044931201 -278.9367408073744
743 640.1448154358108 248.5437044931201 -210.7132836541913
744 568.4210770589372 248.5437044931201 -60.2634362107344
745 258.8986597252 248.5437044931201 -122.4488280169786
746 521.4592709914617 248.5437044931201 -218.7730699598229
747 468.452372332349 248.5437044931201 -143.4232818616282
748 37.38633929917091 248.5437044931201 -16.37074859026793
749 222.5749052467648 248.5437044931201 -128.2947303651844
750 68.49370331277692 248.5437044931201 -146.5905121967275
751 301.143939827936 248.5437044931201 -323.1451519964963
752 147.8519724934273 248.5437044931201 -315.3284585026321
753 461.8245778997613 248.5437044931201 -304.0112797090939
754 510.4791421347992 248.5437044931201 -50.67355664054428
755 640.6415292368553 248.5437044931201 -56.57732174361789
756 22.19390229641419 248.5437044931201 -210.109787500171
757 23.86783127479782 248.5437044931201 -441.2385052655622
758 606.8685328163357 248.5437044931201 -476.0761316480256
759 643.1487649055663 248.5437044931201 -442.0520735084631
760 358.8707438944085 248.5437044931201 -18.12437453148637
761 215.3896188031281 248.5437044931201 -477.8720997195089
762 243.7329158188634 248.5437044931201 -374.2942247037005
763 122.4457396588149 248.5437044931201 -78.59814365765973
764 583.1931874876713 248.5437044931201 -112.4062978281289
765 74.31734877667554 248.5437044931201 -205.1870661820057
766 549.4576134950975 248.5437044931201 -422.9315792872267
767 607.968065785947 248.5437044931201 -20.27787742975871
768 341.5868031593469 248.5437044931201 -471.000870597231
769 464.4172077810969 248.5437044931201 -202.7608996263716
770 356.5101523770352 248.5437044931201 -305.4801250267972
771 16.40646329301728 248.5437044931201 -37.91050310552709
772 201.871858792587 248.5437044931201 -227.5938485323944
773 79.45032377052428 248.5437044931201 -436.0225139761572
774 254.4083043260285 248.5437044931201 -173.7832860523158
775 97.71638046157807 248.5437044931201 -305.6173032845994
776 331.8430644597805 248.5437044931201 -374.7552076643397
777 534.7995937217626 248.5437044931201 -369.0529511544235
778 74.98117422359257 248.5437044931201 -15.56650973879937
779 205.7345183664969 248.5437044931201 -303.863341904591
780 465.780799805391 248.5437044931201 -397.1555392246737
781 323.5548697546087 248.5437044931201 -109.6682815556833
782 57.50443468214701 248.5437044931201 -478.2376088896783
783 593.8137917686164 248.5437044931201 -86.80488806167189
784 244.5767408899463 248.5437044931201 -272.4010024036608
785 409.2030037915716 248.5437044931201 -415.0241140824329
786 467.1112842747742 248.5437044931201 -342.0526591113223
787 519.2430395577904 248.5437044931201 -320.3719301107547
788 179.4088117806856 248.5437044931201 -361.4556933298411
789 384.8372440303325 248.5437044931201 -393.144630847535
790 499.8700644003128 248.5437044931201 -98.53844142163456
791 176.5068902386997 169.240772958877 0
792 156.8363415091811 107.8881529527933 0
793 152.4193657765115 43.39008543799579 0
794 603.3963695864132 184.4272234819722 0
795 238.6471553557311 197.3508024933967 0
796 623.4534417647826 121.5028252729945 0
797 556.9057189206203 188.8202124549456 0
798 221.7487729647224 162.3050739297123 0
799 277.3399017512544 207.8281994729145 0
800 522.1815389253117 205.3816444894186 0
801 198.6388214342066 128.1293566349069 0
802 145.6185500566424 201.72574143148 0
803 628.3745523825856 83.56607246679614 0
804 139.9111493213547 145.5337519198705 0
805 589.7003551073868 143.9864739411936 0
806 630.3395987647398 28.86811661511877 0
807 172.1013625321465 30.56458744571463 0
808 180.0162639243001 78.02439598422205 0
809 314.0482191056682 218.0055039899509 0
810 489.2343757942852 217.9288359094978 0
811 133.4216490058638 86.86819444630966 0
812 453.4559362570177 228.9913839512347 0
813 130.0068261896263 32.09616300677077 0
814 563.1525413966754 168.4059305747706 0
815 198.0324862099689 206.8805265285561 0
816 629.0517050186362 51.08259059700938 0
817 348.9107970775632 225.7365522442287 0
818 193.4624935861523 108.156609316062 0
819 255.2821410322913 177.17970009251 0
820 627.5887955321905 146.5249945265892 0
821 384.1163826285756 231.7138461034667 0
822 532.8642175524299 187.0131977488528 0
823 128.0751261056006 220.9843459695543 0
824 608.1039204492537 92.66332033061983 0
825 217.0900539435963 140.0495634320827 0
826 133.6106964624466 175.6051023631398 0
827 133.2670186078174 120.0287152821148 0
828 418.8525697834228 228.8143428822621 0
829 592.257253819866 209.1541183442666 0
830 588.6190272520398 122.2529002340698 0
831 173.0269039022899 54.00355930921566 0
832 627.3048763265255 207.5260746858984 0
833 302.0706888759588 201.3021519971075 0
834 500.7622834720173 200.6762047853926 0
835 133.463230127981 58.41574784707261 0
836 169.8388238905269 136.055403155127 0
837 554.4235059594455 223.4373762264159 0
838 240.9307600027117 163.5322554098333 0
839 271.8576887323916 189.6495557647637 0
840 468.1683967864336 211.5375291498379 0
841 567.0990981515397 147.6694372520895 0
842 334.9870586843019 211.1770935659762 0
843 252.1758620852145 221.9358973831571 0
844 367.4551478938897 217.2764437122185 0
845 541.7312907817546 170.152729000056 0
846 608.0089647727832 75.48902816129115 0
847 219.1856553530424 120.8502798338797 0
848 402.1372481785714 219.1591133116526 0
849 434.135218440929 217.3818033151008 0
850 593.5941833414627 102.5727372209581 0
851 153.4039357778472 18.97032454301558 0
852 170.2865273899661 220.7648537378814 0
853 515.4305356537349 186.7275779188518 0
854 157.8668880416522 75.23081315003418 0
855 576.2521308624555 133.2831000081366 0
856 639.411521411402 104.2238685415861 0
857 511.046427506541 226.7530793458499 0
858 120.1668039438593 200.1420430650628 0
859 584.8918409500139 164.7508510333775 0
860 222.8186701187278 221.2040434880865 0
861 119.5366735296263 142.7160808928444 0
862 643.4673585781857 66.29389189132426 0
863 197.1208127834543 73.1784073404587 0
864 647.1354156892631 40.49188706996249 0
865 616.2872021168182 41.44978626300523 0
866 198.860366473898 89.83856128014452 0
867 218.6624576939807 189.1784976753337 0
868 293.4781370766961 224.7119907500064 0
869 197.4527039057676 152.4029830025665 0
870 208.8755550328803 107.0952455688358 0
871 330.8416443745808 231.1485495817579 0
872 319.7929043871409 202.6664622622619 0
873 186.8594733992169 41.60790897529276 0
874 483.0564640295988 202.6019821088123 0
875 612.229706829594 57.461810551945 0
876 288.5452533522453 187.5329433046162 0
877 238.6867391413381 145.0105437272966 0
878 644.1436080507723 128.2267558316458 0
879 148.6443812810294 228.1124700250312 0
880 634.8063464385881 177.2218459055126 0
881 182.2571419653973 15.10020395622355 0
882 154.0848536312533 162.536310838971 0
883 117.2324683471694 163.3017906826267 0
884 475.067134906316 231.1090315993621 0
885 258.8449825335994 199.7770856614378 0
886 578.2738726961594 187.4781441190194 0
887 606.8439063152427 134.5638840284302 0
888 619.0997267635801 13.59647474790013 0
889 647.3029707846318 17.37565065474829 0
890 114.8016504699802 180.8152936449872 0
891 117.0422037373654 104.9267279943019 0
892 190.8372867021876 59.21796310144748 0
893 235.0542574098874 177.9092659201572 0
894 172.6305564898994 192.8011558545678 0
895 544.1228807119872 205.2936308051844 0
896 113.5235741991954 86.38892292418896 0
897 114.568835894247 123.4854408073616 0
898 116.124814914071 50.76274030729399 0
899 533.3062619118205 227.2082717641152 0
900 179.860925506175 117.0236319739293 0
901 432.8924102012791 235.3078195417078 0
902 118.0731709869201 16.6485389334761 0
903 450.3707546978608 211.315732541445 0
904 362.1712521007715 234.5416856026409 0
905 265.6154649002689 164.6498105010691 0
906 551.7405804843182 156.2474092341706 0
907 274.9824495611066 230.1482371762736 0
908 149.96333333222 127.3765058274764 0
909 117.1046833017677 233.6284062684267 0
910 648.4025631047047 157.3599807093328 0
911 352.1726874594506 210.5716071626949 0
912 406.4506458040898 236.4362236130048 0
913 573.1470843302285 230.4560862158384 0
914 176.5888174128293 97.29722931251145 0
915 115.3969883897916 68.38714767808614 0
916 616.3241860512437 27.45931019268681 0
917 607.9680657859476 230.472181497167 0
918 185.8141889019699 28.1672301636693 0
919 308.0172240545868 235.4989818569784 0
920 385.0337860898822 215.2772141811521 0
921 605.452358828215 159.0329770798285 0
922 647.6136169866814 87.28700813153388 0
923 620.9638948219783 103.8507057200193 0
924 274.7575884999365 175.65056738571 0
925 253.2332981052351 157.5635431791073 0
926 77.08326640263081 239.54370449312 0
927 606.5143887368146 114.1571706641109 0
928 197.5056445838398 178.8015016582689 0
929 644.6823344833408 228.177386901539 0
930 525.6771433303837 175.7569798638127 0
931 632.3593763846711 11.96804840355344 0
932 169.2388012164045 12.96505708827243 0
933 566.5217194063844 207.4399280276117 0
934 9.803582860417579 239.54370449312 0
935 596.8674519491749 87.62609442493579 0
936 624.226457516357 66.77867873367317 0
937 230.4283243018743 130.8244262590393 0
938 154.476951391423 181.0789875699805 0
939 417.8350980431223 214.3537076890778 0
940 56.44815455179572 173.7023040000263 0
941 50.00109629316557 52.00662074395101 0
942 50.74957089910649 105.6658645593466 0
943 39.92877221158717 144.7420484681265 0
944 70.25408024632205 140.4092382117256 0
945 31.440871229596 79.04869361059924 0
946 68.49825237859019 80.14068263370324 0
947 28.07398225312507 32.14569356147753 0
948 32.22519650894039 199.6411940043097 0
949 70.74653281831621 199.9832400626481 0
950 70.02229967603192 28.05398379600491 0
951 27.34961888286425 164.7839588573248 0
952 25.91146216387592 113.1755602126683 0
953 72.41780048988169 116.5473723796219 0
954 76.07600185650121 170.8720727417556 0
955 27.06475612833707 54.64585851477335 0
956 79.83513059494547 55.15710830109044 0
957 51.88159880933733 22.95674363831569 0
958 51.43554584299196 208.5603787678136 0
959 55.17537551522754 128.1226583113367 0
960 21.28401705045508 96.90001395897548 0
961 80.01980148732554 96.76201306089233 0
962 53.62039804895176 157.8071714664573 0
963 16.97313980320194 145.5168383245474 0
964 17.51839605867337 183.4425575617991 0
965 50.54219403404551 86.42799138150447 0
966 84.31703215813108 186.6973832228258 0
967 83.91690998308025 214.1444293492104 0
968 17.22466475130935 17.3249785526979 0
969 83.5218729179585 16.39846188916288 0
970 17.67757503297606 214.0985793851312 0
971 84.82271247420978 70.48410193796362 0
972 15.78548790983224 70.53733178031973 0
973 84.78280862385961 131.169782155403 0
974 48.39844707455909 69.25672160176462 0
975 84.88571149866347 153.743321971835 0
976 68.52537885668904 184.9640157027429 0
977 36.71086661092998 16.39937209677946 0
978 64.96459970272831 14.92571127368372 0
979 36.42197768274788 214.7900841546503 0
980 65.03180975781778 215.3015916719691 0
981 37.35955836440313 181.6409011634771 0
982 16.38028266390828 40.45873828680338 0
983 85.62440883021006 38.68078862620157 0
984 64.44552385778988 97.10878480301371 0
985 65.1513685381593 62.24174835623301 0
986 37.41706846418431 97.9532682125411 0
987 14.01485487258316 125.1895195755772 0
988 43.4277763565644 36.97862600666131 0
989 63.70623987120199 42.29651706692255 0
990 11.94516636039672 163.5016023598336 0
991 39.39454046292986 120.3986665796 0
992 13.40228318702827 84.1912434972721 0
993 87.55233785496786 109.7385813055455 0
994 13.11266286347616 109.6314011912745 0
995 42.58768811312666 165.2967177470802 0
996 56.41368302745539 144.3256122347683 0
997 13.38879524087759 199.1433521487032 0
998 88.07155198733709 84.42620897806083 0
999 52.79006115718941 191.4153389501696 0
1000 27.18499352359774 132.732599713581 0
1001 88.63560512916794 200.5218451493801 0
1002 67.78428488331623 157.9882634079424 0
1003 401.4011639116057 190.8057029132898 0
1004 303.6668388999079 163.8756307987335 0
1005 499.1354889233035 163.8756307987338 0
1006 233.5188409892259 90.68604957174561 0
1007 569.2834868339855 90.68604957174584 0
1008 560.9375468356368 104.6454772653246 0
1009 241.8647809875747 104.6454772653245 0
1010 484.148723921739 171.8270788751956 0
1011 318.6536039014725 171.8270788751952 0
1012 384.313190568652 189.8629339544777 0
1013 418.4891372545596 189.8629339544778 0
1014 289.3963051406174 154.161462617316 0
1015 513.4060226825941 154.161462617316 0
1016 226.2451664066651 74.86526619281881 0
1017 576.5571614165461 74.86526619281848 0
1018 210.5549372773677 22.03226590762339 0
1019 592.2473905458448 22.03226590762371 0
1020 252.5662517214585 118.6918818082921 0
1021 550.2360761017534 118.6918818082911 0
1022 468.2743152371979 178.1828744967043 0
1023 334.5280125860139 178.1828744967042 0
1024 367.4258820110471 187.2192344106283 0
1025 435.3764458121651 187.2192344106281 0
1026 276.2332573423172 143.2661966539638 0
1027 526.5690704808953 143.2661966539633 0
1028 582.306239007567 58.779622047172 0
1029 220.4960888156451 58.77962204717056 0
1030 215.9756037104659 42.32217410104821 0
1031 586.826724112746 42.32217410104798 0
1032 538.862513251124 131.4265069688731 0
1033 263.9398145720875 131.4265069688733 0
1034 451.9942952895913 183.3200944433113 0
1035 350.8080325336208 183.3200944433115 0
1036 588.5523435976449 9.116965917328123 0
1037 214.2499842255669 9.116965917327766 0
1038 598.3117601781624 8.498990909612553 0
1039 204.4905676450489 8.498990909611759 0
1040 349.8404898830807 64.72394693393009 -67.46650306594199
1041 357.3494106522106 56.27944439782647 -59.70158664783482
1042 340.7360700614056 51.76689174586699 -65.23500612643389
1043 354.4192976841427 41.45690764763276 -54.71040373251897
1044 461.7823656111001 51.51391889221396 -64.961321425039
1045 445.6606209419133 58.23957464868209 -60.75379605527051
1046 452.7536149698125 64.85199909469766 -67.44414456496573
1047 448.5093016857767 46.77756589375066 -56.71773807748573
1048 444.3628024503698 27.11185632183572 -49.26951752034022
1049 441.4529024801459 38.4785463312114 -51.28005064957573
1050 455.4175347391893 34.62956809454104 -55.50292454591258
1051 450.8266496982641 15.6906370183078 -49.69892519220281
1052 433.0164912271775 16.55958024238399 -44.19875965889437
1053 360.4579622661692 27.52260005623407 -48.68942546704612
1054 348.4821355725314 28.42053324276567 -53.40308329985638
1055 342.1099529603613 36.89766068195949 -58.70916122430864
1056 365.1647813371371 16.15671636245711 -45.34661276994331
1057 352.0691493453367 15.00269707157888 -49.57847744425329
1058 371.2743654170983 61.54941083619337 -57.93784657475294
1059 361.1855289352303 70.34326150003011 -66.1694496396245
1060 367.1062954584149 49.45419434273342 -53.45916893773888
1061 441.6946326692255 70.30949119209987 -66.17637794730605
1062 432.7489536444886 62.50596587023699 -58.76389786915023
1063 435.7897668348596 51.74805872947483 -54.43968515631998
1064 373.4173687713267 75.78627488268535 -65.99224049183879
1065 385.3625737101123 66.66249103162792 -57.95981678534051
1066 380.0942154107275 53.29836548217003 -52.12730307516034
1067 427.4391451059561 74.90879456686885 -64.91492617302299
1068 418.87711156972 66.50300252313278 -58.0743380496541
1069 423.1790469567202 53.54015659363193 -52.31420093982312
1070 405.7653656787625 29.73754803426328 -42.79700388274091
1071 421.9038340738664 28.88495136163524 -44.12630266072506
1072 416.075122621377 14.47311018563326 -41.00739799996265
1073 415.1106457605621 42.72921227908316 -47.04510271057694
1074 376.4945492039918 26.58881174879555 -44.40268793005177
1075 392.9840532578252 25.36790853641453 -42.08741752491682
1076 387.3825115005679 12.84420068320097 -40.77246857620511
1077 389.9452715957642 39.25502717887463 -45.72362246097185
1078 402.721489926219 45.98241516842921 -47.44392295034717
1079 400.5876235731353 13.60824442454279 -40.12269967822826
1080 410.2487012418405 55.92099365285383 -51.76638449431674
1081 393.4885514846984 56.20498108360598 -51.8316967981785
1082 465.7198559331787 22.04836453108888 -57.62837208822819
1083 473.013889547536 37.70015983771226 -66.09734716031261
1084 329.5072728299296 38.25893338137502 -66.47600510794236
1085 338.0266028092107 23.27908394106531 -57.35418507001935
1086 461.4557915535139 8.511518008087782 -53.69331907101378
1087 341.3508442956457 8.483007994630832 -53.68921009903372
1088 432.8624703353343 28.73753059165679 -46.27706793373829
1089 478.5616088512706 23.01650078222192 -65.79555881242615
1090 366.4955878641003 36.49989055313119 -49.150397086205
1091 324.2407188962579 23.01650073260674 -65.79555885520516
1092 428.354905582956 40.11275945342857 -48.30276102597465
1093 374.03503430713 11.21432246156158 -42.68899463155518
1094 375.9925019226204 41.23086899385475 -48.34222650022973
1095 414.9684304762384 79.43335925898876 -65.8421728779101
1096 404.5024521272982 70.3857231292132 -59.08136022718971
1097 389.6069256266995 79.80033199563385 -65.90353604583967
1098 402.4503565813951 83.09837199227326 -67.73846231522421
1099 484.8258307501763 12.90380269693788 -68.76184736505444
1100 473.4568561164963 11.149260439285 -60.60406060848351
1101 329.4907863962484 11.30160851059552 -60.52800321381883
1102 318.0080769316795 12.90857879943318 -68.73777501711353
1103 293.8279740147945 123.739199957969 -15.59918518772762
1104 307.4525631749995 121.738470745836 -24.00528486878033
1105 303.8058375785364 133.2931141000822 -14.57506932544691
1106 298.1732059665383 114.1051153029629 -23.92644361278625
1107 375.0525879436924 106.6148970974077 -60.27344108750329
1108 373.8429263260336 117.959896269543 -50.93759704487589
1109 360.3406574875232 109.6253422154929 -54.29898650593213
1110 362.2102753381942 122.7740811117595 -44.54973552483025
1111 542.714097584191 73.15529440633485 -19.58945365742722
1112 554.3608872507373 63.46039060890393 -14.24581066187748
1113 550.3354637688715 77.97854232928675 -12.17324172312149
1114 542.4659077303919 60.15971842588131 -24.34956419660348
1115 330.0127811255258 90.26820428583383 -55.93062439703243
1116 316.2428587710852 86.93980279249253 -50.47384885677319
1117 322.1722745129601 76.53488657479525 -59.99652470473439
1118 366.8048793944338 153.4081864136659 -21.12842539599908
1119 358.5672619867136 145.033391412962 -26.10790228315176
1120 373.2043551312929 142.7841810424605 -30.79880640259873
1121 319.0737069650482 98.63312632505134 -44.88030397848143
1122 500.4154652432475 24.03106183215998 -66.8201697673091
1123 511.5212794339596 13.7110068575345 -59.32622207090039
1124 509.7647114145925 30.78894450395946 -57.93808280131076
1125 453.3071301962719 104.2023192654809 -54.83382434044888
1126 446.4135387453751 113.3222849082447 -50.27880048296183
1127 441.8839489185595 102.5016736529423 -59.95667016210243
1128 459.1454909279 114.1364005763678 -45.34626729734788
1129 300.1084314838791 49.99435472189467 -57.68558395303376
1130 298.0766205753656 65.42272263207121 -49.9813413965878
1131 289.0806928940206 52.11721940033636 -48.72070373141138
1132 283.4323091091467 65.17021280597032 -39.68473588573854
1133 307.4018946497807 41.15771674996779 -66.22098333626251
1134 311.9428221518235 52.59887870297104 -65.26296528184842
1135 513.1527060205658 56.46869875955765 -47.57743557016509
1136 505.3403804709714 67.4396709636938 -48.65615763939219
1137 502.1141574379956 52.80759806864994 -57.05909683495262
1138 517.8109307172626 69.83004179025026 -38.88048365300128
1139 491.4395948090499 51.94638291852623 -65.12031926282563
1140 497.7375898750381 39.2929549182269 -65.0437585840958
1141 307.0612690047442 78.13025439160829 -49.81866217188202
1142 304.1558769279229 93.01751807977668 -39.85294009038397
1143 293.1996306271035 81.43288691928156 -39.1500408157416
1144 287.3268494687874 95.11501836763762 -28.33665523478357
1145 281.2054237036485 26.09272762801541 -49.40355209230626
1146 269.1517242827798 16.21433759358718 -40.9501154525823
1147 282.4336837969618 12.37951160036062 -52.19716439571473
1148 522.9355493732737 11.06655556669354 -50.19417168181364
1149 533.5737454266493 16.60935371511404 -40.9728996872702
1150 521.5490049550285 23.48477697490535 -49.87699731425468
1151 552.0117217158958 39.92373461561 -22.32380869555771
1152 563.8879762825204 37.35408093463902 -13.31866437761295
1153 561.5729069798207 49.42601029479886 -12.57671696000586
1154 554.5729196125087 26.71764722533278 -22.59425456607931
1155 241.2215084886959 49.42828070228914 -12.56992573262032
1156 238.9283227125333 37.36181297633897 -13.32847022782058
1157 250.2771762633584 42.19991906672555 -21.42176434605222
1158 248.2021001692752 27.01357940767997 -22.52987612237308
1159 454.6029219851943 135.2698525175835 -30.95204917209524
1160 464.8658292893035 127.9568508963508 -33.03552973306863
1161 462.4137163280595 142.6602564690569 -22.86238333611901
1162 509.5311969825742 81.72840519964755 -39.05030756120129
1163 499.1418515521387 91.05975890533817 -40.66466267586409
1164 497.0375062517605 76.78965545091997 -49.68870062396307
1165 360.6413311590711 134.5733414132594 -34.86780256347578
1166 514.3769357141467 93.18318330768412 -30.05202477267629
1167 348.4490883304495 112.8723248113629 -48.01675547721666
1168 349.6689548613055 126.3378703481928 -38.24399181471259
1169 336.7940202836745 117.4765645820573 -40.26478666127944
1170 338.8890694707076 129.9281003242672 -31.91900192765785
1171 468.1471688115749 103.3028375512799 -49.40805052611385
1172 480.1811415230635 108.7722842218379 -40.07148384385641
1173 468.6800072017028 116.6879064153877 -39.74995291827529
1174 480.5873516121038 121.5013876079875 -31.2229194204537
1175 334.0663839165599 103.3837271221593 -49.08764269771697
1176 322.1942204017945 110.15032495684 -38.94321735564763
1177 320.0914718900517 119.5791626625043 -31.57220553642769
1178 453.5735316758852 123.9101340350451 -39.95486127904761
1179 404.3326669579262 145.4769733342723 -30.8278356266245
1180 412.0696010500222 155.1133833245522 -22.59808154490137
1181 397.3058492752729 155.2989838673268 -22.70276080633388
1182 522.423509909114 81.21333209770685 -30.62988000033196
1183 384.7213919456583 135.3950336832184 -38.32697878670015
1184 390.5480465944039 144.8662751852243 -31.0211353153739
1185 373.2106895989871 129.9103695630466 -41.20250471166333
1186 316.0498346477492 143.6299842943671 -13.02911141477248
1187 399.3968192977765 133.7616347020971 -40.50704030954278
1188 533.1507992716809 56.25972639855239 -32.68247734996387
1189 539.3630139360305 45.04375733163416 -31.13938659313622
1190 524.8361943222426 46.75880894315695 -41.97748942658065
1191 259.9829368153178 60.49355594178527 -23.97311774307918
1192 262.2618283409604 47.20859989070033 -29.65325334000732
1193 270.4135085636301 58.22301462280606 -32.61175933416058
1194 276.1610432043534 49.76823839572977 -39.69037489838961
1195 371.8197496556654 95.23979321915117 -68.60317873719198
1196 384.6527878599252 99.06228192977001 -67.99246394500616
1197 434.2385947989002 94.4553397411256 -68.37830253763997
1198 447.5658281688301 89.37132423555705 -67.89164096810953
1199 532.5460295077893 69.01435954042789 -28.60879771993863
1200 523.6345272694714 59.59714926457267 -38.68204612418306
1201 392.8050887631643 109.0154723960781 -60.66016397140299
1202 398.983234459108 100.4615040320769 -67.97391880932597
1203 408.8730778175745 110.1810885276166 -59.76872904715088
1204 458.8593276107308 81.55043022358275 -68.57738788637701
1205 469.8265461056951 79.8685660024519 -64.11143946893233
1206 413.053175248833 137.1853643349969 -37.28665313512036
1207 414.9411752760018 165.032625482284 -14.25776705927776
1208 402.6829757442227 165.1268106508273 -14.63351101674805
1209 420.9703467015389 145.2781099779052 -29.93360993934555
1210 264.3948458833368 97.21750511895837 -12.27170166460084
1211 386.6291498460278 116.0349399816072 -54.37430338402572
1212 386.9134629154495 125.3391933788158 -46.78080476939642
1213 320.2057289694713 60.81638226384538 -67.18537974999721
1214 483.6509288266053 59.29424822981739 -67.22809201573698
1215 363.5056677300047 164.177775729133 -11.85864258408429
1216 376.2722869743286 162.0263461686293 -15.59763380702664
1217 546.8998816691508 13.3811257181838 -30.32758989075234
1218 558.5899755378753 13.54824331950474 -20.70696631760521
1219 329.4951952609528 69.34092786188735 -68.46695497058303
1220 483.4600248948482 73.60841867087217 -59.93268700094713
1221 474.7081403784795 66.67761106872472 -69.12554344967481
1222 427.8298741388533 157.7840912256348 -18.88285056949741
1223 441.754966661896 162.7307307981154 -12.54766980434127
1224 435.3410079161072 144.3487760541484 -28.53497353343587
1225 447.7072532260271 144.4018519933604 -25.76264922155434
1226 441.9365606174283 152.652038568513 -20.56612560637381
1227 318.3485302409896 133.0622415330462 -21.4638246478267
1228 443.0695385199585 134.1122466223207 -35.01167072888212
1229 249.9442561534861 54.90714795135302 -17.95844982830664
1230 250.459868273183 68.05664057783551 -14.2680289502895
1231 543.3250742790617 30.67300647341538 -31.08021888575979
1232 488.793890827131 84.8804658485993 -50.36638111261168
1233 244.1913418392052 13.53150596368624 -20.69087814315226
1234 255.8812289818289 13.36721371866775 -30.31120617778263
1235 328.6346764064292 127.3094312748691 -29.89429441163283
1236 259.4662307207295 29.91137640262876 -31.20250568074802
1237 273.0171817890428 90.51404547975044 -21.27473450514859
1238 268.3026238246281 80.06081453855428 -22.72823415916862
1239 280.4276734514598 81.94229016223701 -30.3270451404502
1240 515.6917317032035 122.2429886467337 -12.80393113283161
1241 519.2306690460156 107.621551254805 -19.21364482723303
1242 347.2322975844955 139.2008677438238 -27.64045906972789
1243 505.1766518675589 103.8635780906674 -29.74149188187894
1244 454.4558367755795 152.1333070461725 -17.94474486235788
1245 458.7287654115235 158.9825540666885 -11.43933755173492
1246 296.025973860902 104.2409918933395 -28.58608877996621
1247 284.5005924001806 112.3153130098676 -17.12492872879849
1248 440.2660929392254 123.6333814962671 -43.95499367642055
1249 412.0674048534229 128.818156749786 -44.23491009936196
1250 426.8015678838924 130.4725948152355 -41.21221492561229
1251 425.1675658978462 104.8993703294878 -62.14207613009663
1252 337.6218425949497 81.92422956190967 -65.22343835900111
1253 458.6287820385759 93.58961409518938 -60.37481141146689
1254 259.3690090997202 81.90185206885806 -15.6050595823034
1255 345.5340232728149 98.2006053626053 -57.66789572674155
1256 309.4501066792755 107.9447153977265 -33.88688695001834
1257 330.576139045657 138.4140956409495 -22.59630684664941
1258 360.8986896908617 97.66697472999424 -63.64870810340872
1259 471.0799133445729 92.07595182074175 -55.61402064181678
1260 482.688809704931 96.00611130656995 -47.09176278635952
1261 486.8417313464739 131.2379255659646 -21.67394357525809
1262 486.1591639529581 142.4517366924964 -14.11502790708906
1263 474.7115290667126 136.1451302642962 -23.30075695032646
1264 493.6603631023686 122.5613358020028 -24.31032526184925
1265 500.6090191701575 132.4648771919323 -14.33243076357585
1266 565.4938646806623 25.38756794091876 -13.87994519887176
1267 568.7779067940617 11.04656399944682 -12.4805523301677
1268 234.0184774803365 11.04411827222156 -12.47579138416902
1269 237.3124273964765 25.38954048045956 -13.88292906374172
1270 339.5316612258391 145.7408311987678 -20.24661311205493
1271 328.2065529904841 149.0477679355775 -13.87560893900967
1272 471.0814835894518 149.8375562056135 -14.53826606725362
1273 479.1429671570471 85.08583708195488 -55.79184855886243
1274 310.3945537423728 65.5338388764125 -58.35555589197603
1275 494.3490020685524 62.82105252278995 -58.32282542762103
1276 302.3735901644779 27.38365078726688 -66.11448278730349
1277 292.0354753179461 21.98693396545755 -58.8447143444903
1278 297.3227707788856 11.37120720139581 -64.50228438266663
1279 403.0087832732389 120.3900897123842 -51.54446305423075
1280 293.8069020185287 35.79814827426249 -57.32693686016054
1281 351.4273783204961 88.41621700882696 -67.08995703729838
1282 419.2585713515183 118.4226124672821 -52.07206819489667
1283 511.0672734693072 43.81566523072533 -53.44703799654657
1284 534.3634556710538 80.95318583716623 -22.44317007207074
1285 527.5297754551664 92.65166981565804 -21.75491939166274
1286 283.5760537552804 38.01235030224696 -48.73535732926733
1287 533.0576168266667 101.8941338841486 -13.52038689534748
1288 413.8221987283961 99.6825332339496 -68.00459698825966
1289 270.3547245093382 68.52450914688663 -28.86849380072794
1290 261.5623248083668 72.15592410807493 -21.04868285922468
1291 339.1068221803167 155.5619401351757 -12.62057485714086
1292 500.887582093284 9.441512963897219 -68.43368400958438
1293 271.2395373958896 33.05152246423535 -40.08144547361557
1294 531.6333331944079 33.50773912861076 -39.93181930868997
1295 519.8000865095418 35.6419461581006 -48.86555080983277
1296 505.1709722888214 117.3622660942806 -21.6249718364865
1297 550.2197204418824 51.73786123346914 -20.88519840151712
1298 432.7782840265413 115.6021932069558 -52.05281687596467
1299 351.4155975988172 153.2215087282593 -17.90366074608616
1300 493.3842177201416 112.1991602951176 -31.1760042470606
1301 492.699395118251 101.7026439690613 -38.11919603957927
1302 387.7716088435807 165.1128260967141 -14.18575005362713
1303 275.980788993579 102.6449879213447 -17.16109699791145
1304 381.3147109074369 153.7433226626452 -22.95284004359664
1305 542.0603143649203 88.03201631020912 -13.97019932784576
$EndNodes
$Elements
2496
1 2 2 1 1 326 391 348
2 2 2 1 1 349 391 326
3 2 2 1 1 332 367 345
4 2 2 1 1 333 369 344
5 2 2 1 1 21 359 20
6 2 2 1 1 25 358 24
7 2 2 1 1 47 360 46
8 2 2 1 1 43 361 42
9 2 2 1 1 345 384 332
10 2 2 1 1 344 385 333
11 2 2 1 1 21 369 359
12 2 2 1 1 358 366 24
13 2 2 1 1 43 367 361
14 2 2 1 1 360 368 46
15 2 2 1 1 57 352 56
16 2 2 1 1 55 353 54
17 2 2 1 1 346 409 324
18 2 2 1 1 324 373 346
19 2 2 1 1 347 372 325
20 2 2 1 1 379 409 346
21 2 2 1 1 332 398 375
22 2 2 1 1 355 378 330
23 2 2 1 1 339 378 355
24 2 2 1 1 325 410 347
25 2 2 1 1 57 394 352
26 2 2 1 1 353 397 54
27 2 2 1 1 347 410 380
28 2 2 1 1 326 413 346
29 2 2 1 1 347 413 326
30 2 2 1 1 326 372 347
31 2 2 1 1 346 373 326
32 2 2 1 1 337 396 349
33 2 2 1 1 348 395 338
34 2 2 1 1 375 398 341
35 2 2 1 1 376 386 335
36 2 2 1 1 342 386 376
37 2 2 1 1 340 387 374
38 2 2 1 1 374 387 334
39 2 2 1 1 329 383 357
40 2 2 1 1 357 383 336
41 2 2 1 1 356 382 331
42 2 2 1 1 337 382 356
43 2 2 1 1 348 372 326
44 2 2 1 1 326 373 349
45 2 2 1 1 355 363 52
46 2 2 1 1 37 362 354
47 2 2 1 1 356 365 30
48 2 2 1 1 59 364 357
49 2 2 1 1 327 390 352
50 2 2 1 1 353 390 327
51 2 2 1 1 379 413 327
52 2 2 1 1 327 413 380
53 2 2 1 1 346 413 379
54 2 2 1 1 380 413 347
55 2 2 1 1 349 373 337
56 2 2 1 1 338 372 348
57 2 2 1 1 352 379 327
58 2 2 1 1 327 380 353
59 2 2 1 1 350 370 328
60 2 2 1 1 329 371 351
61 2 2 1 1 396 427 349
62 2 2 1 1 348 428 395
63 2 2 1 1 324 411 373
64 2 2 1 1 339 397 353
65 2 2 1 1 352 394 336
66 2 2 1 1 59 357 58
67 2 2 1 1 31 356 30
68 2 2 1 1 37 354 36
69 2 2 1 1 53 355 52
70 2 2 1 1 52 363 51
71 2 2 1 1 38 362 37
72 2 2 1 1 30 365 29
73 2 2 1 1 60 364 59
74 2 2 1 1 351 382 324
75 2 2 1 1 324 383 351
76 2 2 1 1 328 388 350
77 2 2 1 1 350 389 330
78 2 2 1 1 330 363 355
79 2 2 1 1 354 362 328
80 2 2 1 1 331 365 356
81 2 2 1 1 357 364 329
82 2 2 1 1 336 379 352
83 2 2 1 1 353 380 339
84 2 2 1 1 359 369 333
85 2 2 1 1 361 367 332
86 2 2 1 1 335 366 358
87 2 2 1 1 334 368 360
88 2 2 1 1 330 415 350
89 2 2 1 1 351 383 329
90 2 2 1 1 382 414 331
91 2 2 1 1 351 414 382
92 2 2 1 1 372 406 325
93 2 2 1 1 384 405 323
94 2 2 1 1 385 404 322
95 2 2 1 1 370 378 325
96 2 2 1 1 350 388 323
97 2 2 1 1 323 389 350
98 2 2 1 1 325 406 370
99 2 2 1 1 357 394 58
100 2 2 1 1 31 396 356
101 2 2 1 1 53 397 355
102 2 2 1 1 354 395 36
103 2 2 1 1 323 405 387
104 2 2 1 1 322 404 386
105 2 2 1 1 50 374 49
106 2 2 1 1 28 376 27
107 2 2 1 1 62 377 61
108 2 2 1 1 40 375 39
109 2 2 1 1 322 399 385
110 2 2 1 1 352 390 56
111 2 2 1 1 55 390 353
112 2 2 1 1 393 399 322
113 2 2 1 1 370 406 392
114 2 2 1 1 322 381 371
115 2 2 1 1 356 396 337
116 2 2 1 1 336 394 357
117 2 2 1 1 355 397 339
118 2 2 1 1 338 395 354
119 2 2 1 1 24 366 23
120 2 2 1 1 22 369 21
121 2 2 1 1 46 368 45
122 2 2 1 1 44 367 43
123 2 2 1 1 322 386 381
124 2 2 1 1 381 386 342
125 2 2 1 1 328 392 354
126 2 2 1 1 354 392 338
127 2 2 1 1 335 404 366
128 2 2 1 1 334 405 368
129 2 2 1 1 50 400 374
130 2 2 1 1 377 403 61
131 2 2 1 1 28 402 376
132 2 2 1 1 375 401 39
133 2 2 1 1 366 404 344
134 2 2 1 1 368 405 345
135 2 2 1 1 332 416 361
136 2 2 1 1 360 417 334
137 2 2 1 1 333 419 359
138 2 2 1 1 358 418 335
139 2 2 1 1 375 416 332
140 2 2 1 1 334 417 374
141 2 2 1 1 377 419 333
142 2 2 1 1 335 418 376
143 2 2 1 1 384 398 332
144 2 2 1 1 329 412 371
145 2 2 1 1 377 399 343
146 2 2 1 1 333 399 377
147 2 2 1 1 374 400 340
148 2 2 1 1 341 401 375
149 2 2 1 1 343 403 377
150 2 2 1 1 376 402 342
151 2 2 1 1 387 389 323
152 2 2 1 1 340 389 387
153 2 2 1 1 361 416 41
154 2 2 1 1 359 419 63
155 2 2 1 1 26 418 358
156 2 2 1 1 48 417 360
157 2 2 1 1 370 392 328
158 2 2 1 1 328 420 388
159 2 2 1 1 389 421 330
160 2 2 1 1 38 401 362
161 2 2 1 1 60 403 364
162 2 2 1 1 365 402 29
163 2 2 1 1 363 400 51
164 2 2 1 1 370 415 378
165 2 2 1 1 359 424 20
166 2 2 1 1 25 422 358
167 2 2 1 1 361 425 42
168 2 2 1 1 47 423 360
169 2 2 1 1 364 403 343
170 2 2 1 1 342 402 365
171 2 2 1 1 362 401 341
172 2 2 1 1 340 400 363
173 2 2 1 1 371 393 322
174 2 2 1 1 56 390 55
175 2 2 1 1 371 412 393
176 2 2 1 1 382 411 324
177 2 2 1 1 324 409 383
178 2 2 1 1 34 391 33
179 2 2 1 1 22 407 369
180 2 2 1 1 366 407 23
181 2 2 1 1 368 408 45
182 2 2 1 1 44 408 367
183 2 2 1 1 27 418 26
184 2 2 1 1 63 419 62
185 2 2 1 1 41 416 40
186 2 2 1 1 49 417 48
187 2 2 1 1 365 426 342
188 2 2 1 1 364 412 329
189 2 2 1 1 343 412 364
190 2 2 1 1 330 421 363
191 2 2 1 1 362 420 328
192 2 2 1 1 41 425 361
193 2 2 1 1 360 423 48
194 2 2 1 1 63 424 359
195 2 2 1 1 358 422 26
196 2 2 1 1 373 411 337
197 2 2 1 1 331 426 365
198 2 2 1 1 363 421 340
199 2 2 1 1 341 420 362
200 2 2 1 1 338 406 372
201 2 2 1 1 350 415 370
202 2 2 1 1 371 414 351
203 2 2 1 1 323 398 384
204 2 2 1 1 388 398 323
205 2 2 1 1 378 415 330
206 2 2 1 1 345 405 384
207 2 2 1 1 344 404 385
208 2 2 1 1 339 410 378
209 2 2 1 1 374 417 49
210 2 2 1 1 376 418 27
211 2 2 1 1 40 416 375
212 2 2 1 1 62 419 377
213 2 2 1 1 36 395 35
214 2 2 1 1 58 394 57
215 2 2 1 1 32 396 31
216 2 2 1 1 54 397 53
217 2 2 1 1 381 414 371
218 2 2 1 1 367 408 345
219 2 2 1 1 344 407 366
220 2 2 1 1 345 408 368
221 2 2 1 1 369 407 344
222 2 2 1 1 34 428 391
223 2 2 1 1 391 427 33
224 2 2 1 1 380 410 339
225 2 2 1 1 336 409 379
226 2 2 1 1 51 400 50
227 2 2 1 1 39 401 38
228 2 2 1 1 29 402 28
229 2 2 1 1 61 403 60
230 2 2 1 1 378 410 325
231 2 2 1 1 391 428 348
232 2 2 1 1 349 427 391
233 2 2 1 1 331 414 381
234 2 2 1 1 26 422 2
235 2 2 1 1 48 423 4
236 2 2 1 1 1 424 63
237 2 2 1 1 3 425 41
238 2 2 1 1 383 409 336
239 2 2 1 1 337 411 382
240 2 2 1 1 385 399 333
241 2 2 1 1 381 426 331
242 2 2 1 1 341 398 388
243 2 2 1 1 342 426 381
244 2 2 1 1 395 428 35
245 2 2 1 1 32 427 396
246 2 2 1 1 386 404 335
247 2 2 1 1 387 405 334
248 2 2 1 1 23 407 22
249 2 2 1 1 45 408 44
250 2 2 1 1 343 399 393
251 2 2 1 1 35 428 34
252 2 2 1 1 33 427 32
253 2 2 1 1 388 420 341
254 2 2 1 1 340 421 389
255 2 2 1 1 392 406 338
256 2 2 1 1 20 424 1
257 2 2 1 1 42 425 3
258 2 2 1 1 2 422 25
259 2 2 1 1 4 423 47
260 2 2 1 1 393 412 343
261 2 2 1 2 454 467 69
262 2 2 1 2 46 453 47
263 2 2 1 2 42 457 43
264 2 2 1 2 455 473 435
265 2 2 1 2 46 464 453
266 2 2 1 2 436 474 456
267 2 2 1 2 457 465 43
268 2 2 1 2 448 465 439
269 2 2 1 2 439 479 448
270 2 2 1 2 456 474 441
271 2 2 1 2 441 473 455
272 2 2 1 2 440 490 458
273 2 2 1 2 69 467 68
274 2 2 1 2 468 491 439
275 2 2 1 2 67 460 66
276 2 2 1 2 458 490 437
277 2 2 1 2 461 478 445
278 2 2 1 2 447 491 468
279 2 2 1 2 438 478 461
280 2 2 1 2 429 489 480
281 2 2 1 2 70 454 69
282 2 2 1 2 437 481 469
283 2 2 1 2 469 481 446
284 2 2 1 2 483 502 444
285 2 2 1 2 432 502 483
286 2 2 1 2 473 474 431
287 2 2 1 2 441 474 473
288 2 2 1 2 81 462 456
289 2 2 1 2 70 485 454
290 2 2 1 2 455 463 84
291 2 2 1 2 67 497 460
292 2 2 1 2 466 489 429
293 2 2 1 2 433 470 449
294 2 2 1 2 450 471 434
295 2 2 1 2 449 480 433
296 2 2 1 2 434 475 450
297 2 2 1 2 436 476 449
298 2 2 1 2 435 463 455
299 2 2 1 2 456 462 436
300 2 2 1 2 464 492 438
301 2 2 1 2 80 462 81
302 2 2 1 2 450 477 435
303 2 2 1 2 84 463 85
304 2 2 1 2 433 467 454
305 2 2 1 2 72 452 71
306 2 2 1 2 453 464 438
307 2 2 1 2 452 472 434
308 2 2 1 2 439 465 457
309 2 2 1 2 431 474 470
310 2 2 1 2 450 475 430
311 2 2 1 2 448 492 464
312 2 2 1 2 449 476 429
313 2 2 1 2 83 455 84
314 2 2 1 2 81 456 82
315 2 2 1 2 449 500 436
316 2 2 1 2 430 477 450
317 2 2 1 2 5 487 95
318 2 2 1 2 429 480 449
319 2 2 1 2 471 473 431
320 2 2 1 2 72 472 452
321 2 2 1 2 64 487 5
322 2 2 1 2 435 501 450
323 2 2 1 2 91 458 90
324 2 2 1 2 432 483 460
325 2 2 1 2 437 505 458
326 2 2 1 2 86 468 87
327 2 2 1 2 78 469 79
328 2 2 1 2 454 485 442
329 2 2 1 2 452 493 442
330 2 2 1 2 75 461 74
331 2 2 1 2 73 472 72
332 2 2 1 2 440 484 451
333 2 2 1 2 45 464 46
334 2 2 1 2 43 465 44
335 2 2 1 2 442 485 452
336 2 2 1 2 459 505 437
337 2 2 1 2 472 504 434
338 2 2 1 2 474 500 470
339 2 2 1 2 480 489 443
340 2 2 1 2 471 501 473
341 2 2 1 2 457 507 439
342 2 2 1 2 434 493 452
343 2 2 1 2 438 510 453
344 2 2 1 2 66 483 65
345 2 2 1 2 83 488 455
346 2 2 1 2 456 488 82
347 2 2 1 2 452 485 71
348 2 2 1 2 437 509 459
349 2 2 1 2 484 508 451
350 2 2 1 2 86 495 468
351 2 2 1 2 469 494 79
352 2 2 1 2 460 483 66
353 2 2 1 2 439 507 468
354 2 2 1 2 461 510 438
355 2 2 1 2 478 492 430
356 2 2 1 2 469 509 437
357 2 2 1 2 430 492 479
358 2 2 1 2 431 498 471
359 2 2 1 2 455 488 441
360 2 2 1 2 441 488 456
361 2 2 1 2 91 484 458
362 2 2 1 2 439 491 479
363 2 2 1 2 446 481 476
364 2 2 1 2 476 481 429
365 2 2 1 2 460 497 443
366 2 2 1 2 445 478 475
367 2 2 1 2 475 478 430
368 2 2 1 2 442 486 454
369 2 2 1 2 454 486 433
370 2 2 1 2 460 489 432
371 2 2 1 2 470 498 431
372 2 2 1 2 453 510 76
373 2 2 1 2 429 490 466
374 2 2 1 2 468 495 447
375 2 2 1 2 446 494 469
376 2 2 1 2 461 496 74
377 2 2 1 2 88 507 457
378 2 2 1 2 481 490 429
379 2 2 1 2 459 509 77
380 2 2 1 2 94 482 93
381 2 2 1 2 451 506 440
382 2 2 1 2 471 498 493
383 2 2 1 2 445 496 461
384 2 2 1 2 453 515 47
385 2 2 1 2 89 505 459
386 2 2 1 2 42 514 457
387 2 2 1 2 463 495 85
388 2 2 1 2 80 494 462
389 2 2 1 2 467 497 68
390 2 2 1 2 443 489 460
391 2 2 1 2 447 495 463
392 2 2 1 2 462 494 446
393 2 2 1 2 458 484 440
394 2 2 1 2 76 510 75
395 2 2 1 2 76 515 453
396 2 2 1 2 459 516 89
397 2 2 1 2 92 484 91
398 2 2 1 2 90 505 89
399 2 2 1 2 68 497 67
400 2 2 1 2 433 486 470
401 2 2 1 2 45 499 464
402 2 2 1 2 465 499 44
403 2 2 1 2 77 509 78
404 2 2 1 2 457 514 88
405 2 2 1 2 73 496 472
406 2 2 1 2 87 507 88
407 2 2 1 2 486 498 470
408 2 2 1 2 95 503 94
409 2 2 1 2 480 517 433
410 2 2 1 2 77 516 459
411 2 2 1 2 430 491 477
412 2 2 1 2 466 506 432
413 2 2 1 2 437 490 481
414 2 2 1 2 479 491 430
415 2 2 1 2 502 506 451
416 2 2 1 2 432 489 466
417 2 2 1 2 462 513 436
418 2 2 1 2 440 506 466
419 2 2 1 2 435 512 463
420 2 2 1 2 466 490 440
421 2 2 1 2 471 493 434
422 2 2 1 2 446 513 462
423 2 2 1 2 463 512 447
424 2 2 1 2 75 510 461
425 2 2 1 2 472 496 445
426 2 2 1 2 71 485 70
427 2 2 1 2 438 492 478
428 2 2 1 2 477 512 435
429 2 2 1 2 470 500 449
430 2 2 1 2 482 503 444
431 2 2 1 2 443 497 467
432 2 2 1 2 82 488 83
433 2 2 1 2 434 504 475
434 2 2 1 2 468 507 87
435 2 2 1 2 78 509 469
436 2 2 1 2 65 511 64
437 2 2 1 2 450 501 471
438 2 2 1 2 448 499 465
439 2 2 1 2 464 499 448
440 2 2 1 2 436 513 476
441 2 2 1 2 433 517 467
442 2 2 1 2 467 517 443
443 2 2 1 2 477 491 447
444 2 2 1 2 79 494 80
445 2 2 1 2 85 495 86
446 2 2 1 2 444 502 482
447 2 2 1 2 436 500 474
448 2 2 1 2 473 501 435
449 2 2 1 2 482 508 93
450 2 2 1 2 479 492 448
451 2 2 1 2 432 506 502
452 2 2 1 2 92 508 484
453 2 2 1 2 74 496 73
454 2 2 1 2 458 505 90
455 2 2 1 2 88 514 3
456 2 2 1 2 487 503 95
457 2 2 1 2 445 504 472
458 2 2 1 2 475 504 445
459 2 2 1 2 6 516 77
460 2 2 1 2 4 515 76
461 2 2 1 2 93 508 92
462 2 2 1 2 44 499 45
463 2 2 1 2 476 513 446
464 2 2 1 2 447 512 477
465 2 2 1 2 443 517 480
466 2 2 1 2 89 516 6
467 2 2 1 2 483 511 65
468 2 2 1 2 451 508 482
469 2 2 1 2 64 511 487
470 2 2 1 2 94 503 482
471 2 2 1 2 3 514 42
472 2 2 1 2 47 515 4
473 2 2 1 2 482 502 451
474 2 2 1 2 444 511 483
475 2 2 1 2 442 498 486
476 2 2 1 2 493 498 442
477 2 2 1 2 444 503 487
478 2 2 1 2 487 511 444
479 2 2 1 3 581 772 519
480 2 2 1 3 586 649 551
481 2 2 1 3 537 610 587
482 2 2 1 3 549 645 584
483 2 2 1 3 652 728 536
484 2 2 1 3 587 610 546
485 2 2 1 3 580 715 531
486 2 2 1 3 115 592 114
487 2 2 1 3 583 631 544
488 2 2 1 3 518 656 580
489 2 2 1 3 658 772 581
490 2 2 1 3 584 789 548
491 2 2 1 3 632 686 568
492 2 2 1 3 599 640 536
493 2 2 1 3 117 609 116
494 2 2 1 3 542 629 585
495 2 2 1 3 546 644 587
496 2 2 1 3 603 703 525
497 2 2 1 3 531 683 580
498 2 2 1 3 596 619 532
499 2 2 1 3 663 723 605
500 2 2 1 3 603 762 703
501 2 2 1 3 552 673 608
502 2 2 1 3 544 728 583
503 2 2 1 3 551 654 586
504 2 2 1 3 583 728 652
505 2 2 1 3 587 653 537
506 2 2 1 3 580 665 518
507 2 2 1 3 121 621 120
508 2 2 1 3 648 765 594
509 2 2 1 3 553 663 605
510 2 2 1 3 664 701 592
511 2 2 1 3 548 776 584
512 2 2 1 3 541 686 632
513 2 2 1 3 121 760 621
514 2 2 1 3 523 640 599
515 2 2 1 3 550 765 648
516 2 2 1 3 588 625 537
517 2 2 1 3 591 786 524
518 2 2 1 3 548 789 641
519 2 2 1 3 537 653 588
520 2 2 1 3 622 655 521
521 2 2 1 3 568 655 622
522 2 2 1 3 629 740 576
523 2 2 1 3 519 667 581
524 2 2 1 3 602 610 537
525 2 2 1 3 79 717 639
526 2 2 1 3 117 725 609
527 2 2 1 3 640 714 536
528 2 2 1 3 555 686 612
529 2 2 1 3 693 780 638
530 2 2 1 3 527 693 638
531 2 2 1 3 523 788 640
532 2 2 1 3 530 649 586
533 2 2 1 3 599 728 544
534 2 2 1 3 590 702 542
535 2 2 1 3 123 623 122
536 2 2 1 3 125 606 124
537 2 2 1 3 584 669 549
538 2 2 1 3 655 686 555
539 2 2 1 3 533 643 598
540 2 2 1 3 640 788 601
541 2 2 1 3 522 696 662
542 2 2 1 3 585 661 542
543 2 2 1 3 106 616 105
544 2 2 1 3 524 786 618
545 2 2 1 3 536 773 652
546 2 2 1 3 539 701 664
547 2 2 1 3 627 696 522
548 2 2 1 3 518 612 607
549 2 2 1 3 607 612 541
550 2 2 1 3 597 677 562
551 2 2 1 3 592 708 114
552 2 2 1 3 574 677 597
553 2 2 1 3 521 660 633
554 2 2 1 3 535 720 595
555 2 2 1 3 620 704 565
556 2 2 1 3 681 723 127
557 2 2 1 3 597 620 523
558 2 2 1 3 523 752 597
559 2 2 1 3 597 752 574
560 2 2 1 3 633 781 521
561 2 2 1 3 620 779 704
562 2 2 1 3 604 715 580
563 2 2 1 3 542 661 590
564 2 2 1 3 572 649 530
565 2 2 1 3 576 717 629
566 2 2 1 3 28 688 600
567 2 2 1 3 698 750 648
568 2 2 1 3 529 711 668
569 2 2 1 3 542 702 596
570 2 2 1 3 562 742 597
571 2 2 1 3 79 639 78
572 2 2 1 3 596 740 542
573 2 2 1 3 31 635 32
574 2 2 1 3 524 694 591
575 2 2 1 3 36 613 37
576 2 2 1 3 623 760 122
577 2 2 1 3 624 710 545
578 2 2 1 3 619 697 532
579 2 2 1 3 34 615 35
580 2 2 1 3 603 724 563
581 2 2 1 3 554 716 600
582 2 2 1 3 590 661 529
583 2 2 1 3 520 619 596
584 2 2 1 3 624 732 710
585 2 2 1 3 529 746 590
586 2 2 1 3 579 643 533
587 2 2 1 3 646 776 548
588 2 2 1 3 546 678 668
589 2 2 1 3 703 762 565
590 2 2 1 3 542 740 629
591 2 2 1 3 532 764 596
592 2 2 1 3 639 717 576
593 2 2 1 3 555 660 655
594 2 2 1 3 593 632 526
595 2 2 1 3 668 732 529
596 2 2 1 3 622 654 534
597 2 2 1 3 537 766 602
598 2 2 1 3 526 659 593
599 2 2 1 3 580 770 604
600 2 2 1 3 595 720 635
601 2 2 1 3 668 678 575
602 2 2 1 3 635 712 32
603 2 2 1 3 613 642 37
604 2 2 1 3 608 673 526
605 2 2 1 3 544 695 599
606 2 2 1 3 594 756 648
607 2 2 1 3 119 617 118
608 2 2 1 3 554 640 601
609 2 2 1 3 586 781 633
610 2 2 1 3 606 673 552
611 2 2 1 3 39 625 40
612 2 2 1 3 36 738 613
613 2 2 1 3 39 731 625
614 2 2 1 3 611 726 113
615 2 2 1 3 536 728 599
616 2 2 1 3 611 708 543
617 2 2 1 3 615 738 35
618 2 2 1 3 113 708 611
619 2 2 1 3 543 708 592
620 2 2 1 3 653 741 86
621 2 2 1 3 109 700 7
622 2 2 1 3 621 760 589
623 2 2 1 3 662 671 559
624 2 2 1 3 553 673 606
625 2 2 1 3 561 750 698
626 2 2 1 3 525 646 603
627 2 2 1 3 657 733 533
628 2 2 1 3 646 724 603
629 2 2 1 3 615 768 548
630 2 2 1 3 616 698 105
631 2 2 1 3 7 700 108
632 2 2 1 3 636 660 555
633 2 2 1 3 609 725 572
634 2 2 1 3 704 784 571
635 2 2 1 3 128 681 127
636 2 2 1 3 586 745 530
637 2 2 1 3 27 688 28
638 2 2 1 3 530 682 572
639 2 2 1 3 666 716 554
640 2 2 1 3 548 768 628
641 2 2 1 3 98 739 652
642 2 2 1 3 605 723 681
643 2 2 1 3 87 653 86
644 2 2 1 3 608 622 534
645 2 2 1 3 608 674 552
646 2 2 1 3 645 789 584
647 2 2 1 3 596 702 520
648 2 2 1 3 593 790 520
649 2 2 1 3 564 733 657
650 2 2 1 3 595 666 554
651 2 2 1 3 764 783 576
652 2 2 1 3 37 642 38
653 2 2 1 3 576 783 639
654 2 2 1 3 616 657 533
655 2 2 1 3 614 718 545
656 2 2 1 3 644 741 587
657 2 2 1 3 600 716 28
658 2 2 1 3 595 705 535
659 2 2 1 3 98 652 97
660 2 2 1 3 554 705 595
661 2 2 1 3 613 638 547
662 2 2 1 3 570 638 613
663 2 2 1 3 666 761 30
664 2 2 1 3 659 673 553
665 2 2 1 3 539 664 609
666 2 2 1 3 603 720 535
667 2 2 1 3 563 720 603
668 2 2 1 3 615 641 570
669 2 2 1 3 548 641 615
670 2 2 1 3 599 695 523
671 2 2 1 3 598 709 533
672 2 2 1 3 125 663 606
673 2 2 1 3 633 660 556
674 2 2 1 3 528 706 651
675 2 2 1 3 611 643 579
676 2 2 1 3 613 738 570
677 2 2 1 3 668 711 569
678 2 2 1 3 583 739 631
679 2 2 1 3 601 679 535
680 2 2 1 3 547 642 613
681 2 2 1 3 533 733 579
682 2 2 1 3 570 738 615
683 2 2 1 3 606 680 124
684 2 2 1 3 601 705 554
685 2 2 1 3 625 731 573
686 2 2 1 3 706 765 651
687 2 2 1 3 535 705 601
688 2 2 1 3 652 773 577
689 2 2 1 3 600 714 554
690 2 2 1 3 115 664 592
691 2 2 1 3 559 671 647
692 2 2 1 3 589 674 534
693 2 2 1 3 579 726 611
694 2 2 1 3 535 762 603
695 2 2 1 3 587 741 653
696 2 2 1 3 571 784 690
697 2 2 1 3 568 727 632
698 2 2 1 3 625 766 537
699 2 2 1 3 610 678 546
700 2 2 1 3 629 743 585
701 2 2 1 3 551 707 654
702 2 2 1 3 614 656 518
703 2 2 1 3 605 735 553
704 2 2 1 3 650 651 550
705 2 2 1 3 559 651 650
706 2 2 1 3 684 706 567
707 2 2 1 3 669 770 549
708 2 2 1 3 595 761 666
709 2 2 1 3 562 677 675
710 2 2 1 3 602 777 610
711 2 2 1 3 518 665 612
712 2 2 1 3 612 665 555
713 2 2 1 3 594 706 684
714 2 2 1 3 676 711 585
715 2 2 1 3 526 673 659
716 2 2 1 3 113 726 112
717 2 2 1 3 589 760 623
718 2 2 1 3 114 708 113
719 2 2 1 3 534 674 608
720 2 2 1 3 541 747 630
721 2 2 1 3 520 747 593
722 2 2 1 3 520 790 619
723 2 2 1 3 545 718 672
724 2 2 1 3 608 727 622
725 2 2 1 3 81 629 80
726 2 2 1 3 552 680 606
727 2 2 1 3 621 689 120
728 2 2 1 3 652 739 583
729 2 2 1 3 551 649 617
730 2 2 1 3 111 634 110
731 2 2 1 3 604 770 669
732 2 2 1 3 578 744 626
733 2 2 1 3 655 660 521
734 2 2 1 3 524 777 694
735 2 2 1 3 656 770 580
736 2 2 1 3 130 626 129
737 2 2 1 3 100 631 99
738 2 2 1 3 123 680 623
739 2 2 1 3 632 747 541
740 2 2 1 3 609 682 539
741 2 2 1 3 541 769 607
742 2 2 1 3 575 732 668
743 2 2 1 3 560 722 614
744 2 2 1 3 106 657 616
745 2 2 1 3 528 677 670
746 2 2 1 3 670 677 574
747 2 2 1 3 607 718 518
748 2 2 1 3 569 711 676
749 2 2 1 3 29 666 30
750 2 2 1 3 623 674 589
751 2 2 1 3 562 675 647
752 2 2 1 3 534 707 589
753 2 2 1 3 539 682 637
754 2 2 1 3 622 781 654
755 2 2 1 3 648 750 550
756 2 2 1 3 519 730 667
757 2 2 1 3 107 657 106
758 2 2 1 3 730 774 667
759 2 2 1 3 557 671 662
760 2 2 1 3 650 662 559
761 2 2 1 3 522 662 650
762 2 2 1 3 745 749 530
763 2 2 1 3 609 664 116
764 2 2 1 3 670 775 721
765 2 2 1 3 85 644 84
766 2 2 1 3 119 689 617
767 2 2 1 3 624 746 529
768 2 2 1 3 530 749 637
769 2 2 1 3 662 696 557
770 2 2 1 3 621 707 551
771 2 2 1 3 543 643 611
772 2 2 1 3 598 763 522
773 2 2 1 3 543 763 643
774 2 2 1 3 573 766 625
775 2 2 1 3 617 689 551
776 2 2 1 3 531 690 685
777 2 2 1 3 694 777 602
778 2 2 1 3 565 679 620
779 2 2 1 3 561 698 616
780 2 2 1 3 600 773 714
781 2 2 1 3 670 721 567
782 2 2 1 3 685 690 581
783 2 2 1 3 104 648 103
784 2 2 1 3 6 713 131
785 2 2 1 3 591 780 693
786 2 2 1 3 120 689 119
787 2 2 1 3 545 672 624
788 2 2 1 3 624 672 558
789 2 2 1 3 563 712 635
790 2 2 1 3 606 663 553
791 2 2 1 3 578 783 744
792 2 2 1 3 612 686 541
793 2 2 1 3 77 713 6
794 2 2 1 3 527 789 645
795 2 2 1 3 623 680 552
796 2 2 1 3 544 775 695
797 2 2 1 3 622 727 568
798 2 2 1 3 116 664 115
799 2 2 1 3 592 701 543
800 2 2 1 3 556 660 636
801 2 2 1 3 34 768 615
802 2 2 1 3 617 725 118
803 2 2 1 3 714 773 536
804 2 2 1 3 126 663 125
805 2 2 1 3 633 745 586
806 2 2 1 3 545 753 614
807 2 2 1 3 643 763 598
808 2 2 1 3 672 769 558
809 2 2 1 3 607 769 672
810 2 2 1 3 124 680 123
811 2 2 1 3 617 649 572
812 2 2 1 3 547 736 642
813 2 2 1 3 633 774 582
814 2 2 1 3 556 774 633
815 2 2 1 3 642 736 573
816 2 2 1 3 701 763 543
817 2 2 1 3 518 718 614
818 2 2 1 3 533 709 616
819 2 2 1 3 96 719 2
820 2 2 1 3 2 719 26
821 2 2 1 3 618 787 524
822 2 2 1 3 614 753 560
823 2 2 1 3 33 712 628
824 2 2 1 3 614 722 656
825 2 2 1 3 675 677 528
826 2 2 1 3 555 683 636
827 2 2 1 3 538 784 704
828 2 2 1 3 100 687 631
829 2 2 1 3 650 699 522
830 2 2 1 3 626 729 129
831 2 2 1 3 654 707 534
832 2 2 1 3 549 770 656
833 2 2 1 3 636 685 556
834 2 2 1 3 629 717 80
835 2 2 1 3 552 674 623
836 2 2 1 3 572 682 609
837 2 2 1 3 81 743 629
838 2 2 1 3 557 749 730
839 2 2 1 3 522 699 598
840 2 2 1 3 631 739 99
841 2 2 1 3 630 747 520
842 2 2 1 3 620 788 523
843 2 2 1 3 559 675 651
844 2 2 1 3 651 675 528
845 2 2 1 3 566 729 626
846 2 2 1 3 551 689 621
847 2 2 1 3 628 768 33
848 2 2 1 3 545 710 618
849 2 2 1 3 704 779 538
850 2 2 1 3 644 692 84
851 2 2 1 3 597 779 620
852 2 2 1 3 632 727 526
853 2 2 1 3 531 685 636
854 2 2 1 3 630 691 558
855 2 2 1 3 589 707 621
856 2 2 1 3 32 712 33
857 2 2 1 3 618 753 545
858 2 2 1 3 41 734 3
859 2 2 1 3 3 734 88
860 2 2 1 3 637 696 539
861 2 2 1 3 647 671 519
862 2 2 1 3 557 730 671
863 2 2 1 3 539 696 627
864 2 2 1 3 636 683 531
865 2 2 1 3 104 698 648
866 2 2 1 3 625 758 40
867 2 2 1 3 520 691 630
868 2 2 1 3 630 769 541
869 2 2 1 3 647 675 559
870 2 2 1 3 85 741 644
871 2 2 1 3 522 763 627
872 2 2 1 3 554 714 640
873 2 2 1 3 697 790 540
874 2 2 1 3 588 758 625
875 2 2 1 3 648 756 103
876 2 2 1 3 697 744 532
877 2 2 1 3 110 748 109
878 2 2 1 3 650 750 699
879 2 2 1 3 665 683 555
880 2 2 1 3 568 686 655
881 2 2 1 3 83 676 82
882 2 2 1 3 33 768 34
883 2 2 1 3 645 693 527
884 2 2 1 3 560 693 645
885 2 2 1 3 753 786 560
886 2 2 1 3 669 751 604
887 2 2 1 3 525 751 669
888 2 2 1 3 572 725 617
889 2 2 1 3 529 732 624
890 2 2 1 3 563 724 628
891 2 2 1 3 628 724 548
892 2 2 1 3 627 701 539
893 2 2 1 3 558 746 624
894 2 2 1 3 626 767 578
895 2 2 1 3 130 767 626
896 2 2 1 3 105 698 104
897 2 2 1 3 102 684 101
898 2 2 1 3 618 786 753
899 2 2 1 3 637 682 530
900 2 2 1 3 628 712 563
901 2 2 1 3 556 685 667
902 2 2 1 3 627 763 701
903 2 2 1 3 642 731 38
904 2 2 1 3 126 723 663
905 2 2 1 3 101 687 100
906 2 2 1 3 549 722 645
907 2 2 1 3 550 750 650
908 2 2 1 3 670 706 528
909 2 2 1 3 567 706 670
910 2 2 1 3 557 696 637
911 2 2 1 3 567 687 684
912 2 2 1 3 573 731 642
913 2 2 1 3 521 781 622
914 2 2 1 3 579 733 634
915 2 2 1 3 84 692 83
916 2 2 1 3 31 761 635
917 2 2 1 3 558 769 630
918 2 2 1 3 107 771 657
919 2 2 1 3 540 790 659
920 2 2 1 3 684 687 101
921 2 2 1 3 111 778 634
922 2 2 1 3 83 692 676
923 2 2 1 3 580 683 665
924 2 2 1 3 605 754 735
925 2 2 1 3 553 735 659
926 2 2 1 3 108 771 107
927 2 2 1 3 635 761 595
928 2 2 1 3 635 720 563
929 2 2 1 3 582 745 633
930 2 2 1 3 656 722 549
931 2 2 1 3 578 755 639
932 2 2 1 3 699 709 598
933 2 2 1 3 619 790 697
934 2 2 1 3 657 771 564
935 2 2 1 3 634 748 110
936 2 2 1 3 585 743 676
937 2 2 1 3 631 721 544
938 2 2 1 3 616 709 561
939 2 2 1 3 676 692 569
940 2 2 1 3 667 685 581
941 2 2 1 3 691 746 558
942 2 2 1 3 585 711 661
943 2 2 1 3 526 727 608
944 2 2 1 3 710 732 575
945 2 2 1 3 638 785 527
946 2 2 1 3 570 785 638
947 2 2 1 3 582 749 745
948 2 2 1 3 638 780 547
949 2 2 1 3 645 722 560
950 2 2 1 3 112 778 111
951 2 2 1 3 639 755 78
952 2 2 1 3 715 751 571
953 2 2 1 3 87 759 653
954 2 2 1 3 710 787 618
955 2 2 1 3 641 785 570
956 2 2 1 3 679 788 620
957 2 2 1 3 118 725 117
958 2 2 1 3 652 757 97
959 2 2 1 3 647 772 562
960 2 2 1 3 590 746 691
961 2 2 1 3 676 743 82
962 2 2 1 3 604 751 715
963 2 2 1 3 548 724 646
964 2 2 1 3 566 744 697
965 2 2 1 3 641 789 785
966 2 2 1 3 697 754 566
967 2 2 1 3 785 789 527
968 2 2 1 3 525 776 646
969 2 2 1 3 127 723 126
970 2 2 1 3 109 748 700
971 2 2 1 3 102 756 684
972 2 2 1 3 593 747 632
973 2 2 1 3 637 749 557
974 2 2 1 3 28 716 29
975 2 2 1 3 653 759 588
976 2 2 1 3 577 757 652
977 2 2 1 3 721 775 544
978 2 2 1 3 639 783 578
979 2 2 1 3 129 729 128
980 2 2 1 3 658 784 538
981 2 2 1 3 581 784 658
982 2 2 1 3 80 717 79
983 2 2 1 3 661 711 529
984 2 2 1 3 546 737 644
985 2 2 1 3 538 742 658
986 2 2 1 3 131 767 130
987 2 2 1 3 684 756 594
988 2 2 1 3 651 765 550
989 2 2 1 3 519 772 647
990 2 2 1 3 78 755 77
991 2 2 1 3 532 783 764
992 2 2 1 3 659 790 593
993 2 2 1 3 687 721 631
994 2 2 1 3 688 773 600
995 2 2 1 3 38 731 39
996 2 2 1 3 562 772 658
997 2 2 1 3 531 715 690
998 2 2 1 3 690 715 571
999 2 2 1 3 735 754 540
1000 2 2 1 3 97 757 96
1001 2 2 1 3 35 738 36
1002 2 2 1 3 730 749 582
1003 2 2 1 3 122 760 121
1004 2 2 1 3 561 709 699
1005 2 2 1 3 691 702 590
1006 2 2 1 3 520 702 691
1007 2 2 1 3 99 739 98
1008 2 2 1 3 644 737 692
1009 2 2 1 3 659 735 540
1010 2 2 1 3 634 778 579
1011 2 2 1 3 86 741 85
1012 2 2 1 3 626 744 566
1013 2 2 1 3 82 743 81
1014 2 2 1 3 40 758 41
1015 2 2 1 3 30 761 31
1016 2 2 1 3 29 716 666
1017 2 2 1 3 26 782 27
1018 2 2 1 3 564 748 634
1019 2 2 1 3 634 733 564
1020 2 2 1 3 103 756 102
1021 2 2 1 3 88 759 87
1022 2 2 1 3 703 704 571
1023 2 2 1 3 565 704 703
1024 2 2 1 3 601 788 679
1025 2 2 1 3 668 737 546
1026 2 2 1 3 569 737 668
1027 2 2 1 3 658 742 562
1028 2 2 1 3 540 754 697
1029 2 2 1 3 679 762 535
1030 2 2 1 3 744 783 532
1031 2 2 1 3 695 775 574
1032 2 2 1 3 672 718 607
1033 2 2 1 3 700 771 108
1034 2 2 1 3 678 777 524
1035 2 2 1 3 610 777 678
1036 2 2 1 3 669 776 525
1037 2 2 1 3 694 736 547
1038 2 2 1 3 602 736 694
1039 2 2 1 3 671 730 519
1040 2 2 1 3 547 780 694
1041 2 2 1 3 694 780 591
1042 2 2 1 3 538 779 742
1043 2 2 1 3 726 778 112
1044 2 2 1 3 594 765 706
1045 2 2 1 3 566 754 681
1046 2 2 1 3 128 729 681
1047 2 2 1 3 560 786 693
1048 2 2 1 3 693 786 591
1049 2 2 1 3 736 766 573
1050 2 2 1 3 602 766 736
1051 2 2 1 3 582 774 730
1052 2 2 1 3 567 721 687
1053 2 2 1 3 681 754 605
1054 2 2 1 3 667 774 556
1055 2 2 1 3 713 755 578
1056 2 2 1 3 565 762 679
1057 2 2 1 3 574 775 670
1058 2 2 1 3 584 776 669
1059 2 2 1 3 681 729 566
1060 2 2 1 3 695 752 523
1061 2 2 1 3 574 752 695
1062 2 2 1 3 692 737 569
1063 2 2 1 3 742 779 597
1064 2 2 1 3 654 781 586
1065 2 2 1 3 524 787 678
1066 2 2 1 3 678 787 575
1067 2 2 1 3 571 751 703
1068 2 2 1 3 688 782 577
1069 2 2 1 3 27 782 688
1070 2 2 1 3 703 751 525
1071 2 2 1 3 77 755 713
1072 2 2 1 3 577 773 688
1073 2 2 1 3 690 784 581
1074 2 2 1 3 699 750 561
1075 2 2 1 3 96 757 719
1076 2 2 1 3 596 764 740
1077 2 2 1 3 700 748 564
1078 2 2 1 3 577 782 719
1079 2 2 1 3 575 787 710
1080 2 2 1 3 41 758 734
1081 2 2 1 3 719 757 577
1082 2 2 1 3 734 759 88
1083 2 2 1 3 734 758 588
1084 2 2 1 3 740 764 576
1085 2 2 1 3 713 767 131
1086 2 2 1 3 564 771 700
1087 2 2 1 3 588 759 734
1088 2 2 1 3 719 782 26
1089 2 2 1 3 578 767 713
1090 2 2 1 3 579 778 726
1091 2 2 1 4 208 909 12
1092 2 2 1 4 807 873 831
1093 2 2 1 4 801 870 847
1094 2 2 1 4 807 831 793
1095 2 2 1 4 811 854 792
1096 2 2 1 4 792 827 811
1097 2 2 1 4 268 111 267
1098 2 2 1 4 858 890 826
1099 2 2 1 4 256 830 255
1100 2 2 1 4 818 870 801
1101 2 2 1 4 220 902 219
1102 2 2 1 4 793 835 813
1103 2 2 1 4 217 902 813
1104 2 2 1 4 791 928 894
1105 2 2 1 4 813 898 217
1106 2 2 1 4 854 914 792
1107 2 2 1 4 822 845 797
1108 2 2 1 4 266 110 109
1109 2 2 1 4 808 914 854
1110 2 2 1 4 218 902 217
1111 2 2 1 4 794 832 829
1112 2 2 1 4 799 876 833
1113 2 2 1 4 894 928 815
1114 2 2 1 4 802 858 826
1115 2 2 1 4 116 852 815
1116 2 2 1 4 813 902 220
1117 2 2 1 4 835 898 813
1118 2 2 1 4 861 897 827
1119 2 2 1 4 816 865 806
1120 2 2 1 4 12 113 112
1121 2 2 1 4 808 892 863
1122 2 2 1 4 800 857 834
1123 2 2 1 4 798 869 825
1124 2 2 1 4 815 860 116
1125 2 2 1 4 797 845 814
1126 2 2 1 4 125 812 126
1127 2 2 1 4 127 884 810
1128 2 2 1 4 808 854 831
1129 2 2 1 4 825 869 801
1130 2 2 1 4 825 877 798
1131 2 2 1 4 793 851 807
1132 2 2 1 4 237 833 236
1133 2 2 1 4 834 857 810
1134 2 2 1 4 249 834 248
1135 2 2 1 4 115 852 116
1136 2 2 1 4 813 851 793
1137 2 2 1 4 820 887 796
1138 2 2 1 4 831 892 808
1139 2 2 1 4 826 883 804
1140 2 2 1 4 810 857 127
1141 2 2 1 4 801 869 836
1142 2 2 1 4 804 883 861
1143 2 2 1 4 220 851 813
1144 2 2 1 4 833 868 799
1145 2 2 1 4 12 112 269
1146 2 2 1 4 823 909 208
1147 2 2 1 4 804 861 827
1148 2 2 1 4 14 881 222
1149 2 2 1 4 794 921 880
1150 2 2 1 4 818 914 866
1151 2 2 1 4 266 109 265
1152 2 2 1 4 866 914 808
1153 2 2 1 4 223 881 14
1154 2 2 1 4 796 878 820
1155 2 2 1 4 880 921 820
1156 2 2 1 4 831 854 793
1157 2 2 1 4 836 869 791
1158 2 2 1 4 15 888 262
1159 2 2 1 4 267 110 266
1160 2 2 1 4 806 864 816
1161 2 2 1 4 263 888 15
1162 2 2 1 4 116 860 117
1163 2 2 1 4 829 886 794
1164 2 2 1 4 798 877 838
1165 2 2 1 4 812 884 126
1166 2 2 1 4 923 927 824
1167 2 2 1 4 839 876 799
1168 2 2 1 4 256 850 830
1169 2 2 1 4 830 855 255
1170 2 2 1 4 863 866 808
1171 2 2 1 4 809 868 833
1172 2 2 1 4 834 853 800
1173 2 2 1 4 89 880 90
1174 2 2 1 4 835 854 811
1175 2 2 1 4 247 840 246
1176 2 2 1 4 827 891 811
1177 2 2 1 4 122 821 123
1178 2 2 1 4 814 886 797
1179 2 2 1 4 793 854 835
1180 2 2 1 4 208 858 823
1181 2 2 1 4 254 841 253
1182 2 2 1 4 860 867 795
1183 2 2 1 4 114 909 823
1184 2 2 1 4 832 880 89
1185 2 2 1 4 791 882 836
1186 2 2 1 4 797 895 822
1187 2 2 1 4 239 842 238
1188 2 2 1 4 794 880 832
1189 2 2 1 4 824 927 850
1190 2 2 1 4 841 855 805
1191 2 2 1 4 826 938 802
1192 2 2 1 4 241 844 240
1193 2 2 1 4 905 924 819
1194 2 2 1 4 819 925 905
1195 2 2 1 4 896 915 811
1196 2 2 1 4 815 928 867
1197 2 2 1 4 836 882 804
1198 2 2 1 4 801 900 818
1199 2 2 1 4 117 843 118
1200 2 2 1 4 125 901 812
1201 2 2 1 4 811 915 835
1202 2 2 1 4 859 886 814
1203 2 2 1 4 252 845 251
1204 2 2 1 4 249 853 834
1205 2 2 1 4 259 846 258
1206 2 2 1 4 230 847 229
1207 2 2 1 4 237 872 833
1208 2 2 1 4 219 902 13
1209 2 2 1 4 245 849 244
1210 2 2 1 4 834 874 248
1211 2 2 1 4 111 926 112
1212 2 2 1 4 833 876 236
1213 2 2 1 4 243 848 242
1214 2 2 1 4 819 924 839
1215 2 2 1 4 800 853 822
1216 2 2 1 4 838 925 819
1217 2 2 1 4 823 879 114
1218 2 2 1 4 13 902 218
1219 2 2 1 4 257 850 256
1220 2 2 1 4 848 912 821
1221 2 2 1 4 121 871 817
1222 2 2 1 4 5 889 264
1223 2 2 1 4 805 859 841
1224 2 2 1 4 126 884 127
1225 2 2 1 4 804 882 826
1226 2 2 1 4 7 934 109
1227 2 2 1 4 839 885 819
1228 2 2 1 4 836 900 801
1229 2 2 1 4 821 912 123
1230 2 2 1 4 250 853 249
1231 2 2 1 4 823 858 802
1232 2 2 1 4 122 904 821
1233 2 2 1 4 212 861 211
1234 2 2 1 4 812 901 849
1235 2 2 1 4 824 846 803
1236 2 2 1 4 819 885 795
1237 2 2 1 4 801 847 825
1238 2 2 1 4 227 863 226
1239 2 2 1 4 255 855 254
1240 2 2 1 4 128 899 129
1241 2 2 1 4 843 860 795
1242 2 2 1 4 895 899 800
1243 2 2 1 4 802 879 823
1244 2 2 1 4 792 908 827
1245 2 2 1 4 842 871 809
1246 2 2 1 4 821 904 844
1247 2 2 1 4 815 867 860
1248 2 2 1 4 221 851 220
1249 2 2 1 4 254 855 841
1250 2 2 1 4 127 857 128
1251 2 2 1 4 796 927 923
1252 2 2 1 4 209 858 208
1253 2 2 1 4 843 885 799
1254 2 2 1 4 113 909 114
1255 2 2 1 4 817 904 121
1256 2 2 1 4 92 922 93
1257 2 2 1 4 247 874 840
1258 2 2 1 4 827 908 804
1259 2 2 1 4 807 918 873
1260 2 2 1 4 805 855 830
1261 2 2 1 4 842 872 238
1262 2 2 1 4 117 860 843
1263 2 2 1 4 840 903 246
1264 2 2 1 4 816 864 862
1265 2 2 1 4 261 865 260
1266 2 2 1 4 228 866 227
1267 2 2 1 4 95 889 5
1268 2 2 1 4 841 906 253
1269 2 2 1 4 94 864 95
1270 2 2 1 4 798 893 867
1271 2 2 1 4 838 893 798
1272 2 2 1 4 239 911 842
1273 2 2 1 4 795 893 819
1274 2 2 1 4 891 896 811
1275 2 2 1 4 114 879 115
1276 2 2 1 4 129 899 837
1277 2 2 1 4 832 917 829
1278 2 2 1 4 238 872 237
1279 2 2 1 4 809 872 842
1280 2 2 1 4 248 874 247
1281 2 2 1 4 229 870 228
1282 2 2 1 4 847 870 229
1283 2 2 1 4 120 871 121
1284 2 2 1 4 118 907 119
1285 2 2 1 4 91 878 92
1286 2 2 1 4 259 875 846
1287 2 2 1 4 792 900 836
1288 2 2 1 4 852 879 802
1289 2 2 1 4 241 920 844
1290 2 2 1 4 795 885 843
1291 2 2 1 4 865 916 806
1292 2 2 1 4 844 911 240
1293 2 2 1 4 225 873 224
1294 2 2 1 4 260 875 259
1295 2 2 1 4 840 874 810
1296 2 2 1 4 862 936 816
1297 2 2 1 4 841 859 814
1298 2 2 1 4 93 862 94
1299 2 2 1 4 856 922 92
1300 2 2 1 4 845 930 251
1301 2 2 1 4 806 889 864
1302 2 2 1 4 252 906 845
1303 2 2 1 4 846 935 258
1304 2 2 1 4 849 939 244
1305 2 2 1 4 230 937 847
1306 2 2 1 4 243 939 848
1307 2 2 1 4 840 884 812
1308 2 2 1 4 227 866 863
1309 2 2 1 4 245 903 849
1310 2 2 1 4 878 910 820
1311 2 2 1 4 848 920 242
1312 2 2 1 4 864 889 95
1313 2 2 1 4 262 916 261
1314 2 2 1 4 257 935 850
1315 2 2 1 4 810 884 840
1316 2 2 1 4 224 918 223
1317 2 2 1 4 819 893 838
1318 2 2 1 4 232 877 231
1319 2 2 1 4 837 899 895
1320 2 2 1 4 222 932 221
1321 2 2 1 4 236 876 235
1322 2 2 1 4 119 907 868
1323 2 2 1 4 799 907 843
1324 2 2 1 4 817 871 842
1325 2 2 1 4 804 908 836
1326 2 2 1 4 228 870 866
1327 2 2 1 4 822 895 800
1328 2 2 1 4 250 930 853
1329 2 2 1 4 92 878 856
1330 2 2 1 4 830 887 805
1331 2 2 1 4 115 879 852
1332 2 2 1 4 865 875 260
1333 2 2 1 4 887 921 805
1334 2 2 1 4 791 938 882
1335 2 2 1 4 863 892 226
1336 2 2 1 4 211 883 210
1337 2 2 1 4 820 921 887
1338 2 2 1 4 803 936 862
1339 2 2 1 4 833 872 809
1340 2 2 1 4 799 885 839
1341 2 2 1 4 797 933 895
1342 2 2 1 4 810 874 834
1343 2 2 1 4 862 864 94
1344 2 2 1 4 852 894 815
1345 2 2 1 4 861 883 211
1346 2 2 1 4 856 878 796
1347 2 2 1 4 129 913 130
1348 2 2 1 4 836 908 792
1349 2 2 1 4 828 901 124
1350 2 2 1 4 226 892 225
1351 2 2 1 4 894 938 791
1352 2 2 1 4 121 904 122
1353 2 2 1 4 210 890 209
1354 2 2 1 4 802 894 852
1355 2 2 1 4 212 897 861
1356 2 2 1 4 130 917 131
1357 2 2 1 4 214 891 213
1358 2 2 1 4 805 921 859
1359 2 2 1 4 859 921 794
1360 2 2 1 4 119 919 120
1361 2 2 1 4 871 919 809
1362 2 2 1 4 215 896 214
1363 2 2 1 4 794 886 859
1364 2 2 1 4 12 909 113
1365 2 2 1 4 124 912 828
1366 2 2 1 4 225 892 873
1367 2 2 1 4 803 923 824
1368 2 2 1 4 209 890 858
1369 2 2 1 4 124 901 125
1370 2 2 1 4 829 917 913
1371 2 2 1 4 90 910 91
1372 2 2 1 4 829 933 886
1373 2 2 1 4 213 897 212
1374 2 2 1 4 886 933 797
1375 2 2 1 4 849 903 812
1376 2 2 1 4 264 931 263
1377 2 2 1 4 856 923 803
1378 2 2 1 4 867 893 795
1379 2 2 1 4 217 898 216
1380 2 2 1 4 123 912 124
1381 2 2 1 4 89 929 832
1382 2 2 1 4 845 906 814
1383 2 2 1 4 825 937 877
1384 2 2 1 4 900 914 818
1385 2 2 1 4 812 903 840
1386 2 2 1 4 895 933 837
1387 2 2 1 4 246 903 245
1388 2 2 1 4 792 914 900
1389 2 2 1 4 814 906 841
1390 2 2 1 4 817 911 844
1391 2 2 1 4 796 923 856
1392 2 2 1 4 842 911 817
1393 2 2 1 4 232 925 877
1394 2 2 1 4 131 929 6
1395 2 2 1 4 876 924 235
1396 2 2 1 4 234 905 233
1397 2 2 1 4 253 906 252
1398 2 2 1 4 877 937 231
1399 2 2 1 4 913 917 130
1400 2 2 1 4 821 920 848
1401 2 2 1 4 800 899 857
1402 2 2 1 4 881 932 222
1403 2 2 1 4 888 916 262
1404 2 2 1 4 844 920 821
1405 2 2 1 4 837 913 129
1406 2 2 1 4 853 930 822
1407 2 2 1 4 240 911 239
1408 2 2 1 4 223 918 881
1409 2 2 1 4 822 930 845
1410 2 2 1 4 109 934 265
1411 2 2 1 4 843 907 118
1412 2 2 1 4 824 935 846
1413 2 2 1 4 850 935 824
1414 2 2 1 4 828 939 849
1415 2 2 1 4 883 890 210
1416 2 2 1 4 848 939 828
1417 2 2 1 4 847 937 825
1418 2 2 1 4 214 896 891
1419 2 2 1 4 216 915 215
1420 2 2 1 4 832 929 917
1421 2 2 1 4 112 926 269
1422 2 2 1 4 803 922 856
1423 2 2 1 4 6 929 89
1424 2 2 1 4 891 897 213
1425 2 2 1 4 242 920 241
1426 2 2 1 4 235 924 234
1427 2 2 1 4 233 925 232
1428 2 2 1 4 234 924 905
1429 2 2 1 4 905 925 233
1430 2 2 1 4 844 904 817
1431 2 2 1 4 251 930 250
1432 2 2 1 4 849 901 828
1433 2 2 1 4 867 928 798
1434 2 2 1 4 221 932 851
1435 2 2 1 4 258 935 257
1436 2 2 1 4 91 910 878
1437 2 2 1 4 244 939 243
1438 2 2 1 4 231 937 230
1439 2 2 1 4 215 915 896
1440 2 2 1 4 120 919 871
1441 2 2 1 4 857 899 128
1442 2 2 1 4 261 916 865
1443 2 2 1 4 898 915 216
1444 2 2 1 4 917 929 131
1445 2 2 1 4 866 870 818
1446 2 2 1 4 868 907 799
1447 2 2 1 4 16 934 7
1448 2 2 1 4 816 875 865
1449 2 2 1 4 268 926 111
1450 2 2 1 4 809 919 868
1451 2 2 1 4 846 936 803
1452 2 2 1 4 820 910 880
1453 2 2 1 4 806 931 889
1454 2 2 1 4 828 912 848
1455 2 2 1 4 873 918 224
1456 2 2 1 4 798 928 869
1457 2 2 1 4 869 928 791
1458 2 2 1 4 873 892 831
1459 2 2 1 4 862 922 803
1460 2 2 1 4 850 927 830
1461 2 2 1 4 877 925 838
1462 2 2 1 4 839 924 876
1463 2 2 1 4 851 932 807
1464 2 2 1 4 269 926 268
1465 2 2 1 4 265 934 16
1466 2 2 1 4 889 931 264
1467 2 2 1 4 826 890 883
1468 2 2 1 4 802 938 894
1469 2 2 1 4 830 927 887
1470 2 2 1 4 875 936 846
1471 2 2 1 4 827 897 891
1472 2 2 1 4 880 910 90
1473 2 2 1 4 882 938 826
1474 2 2 1 4 868 919 119
1475 2 2 1 4 93 922 862
1476 2 2 1 4 835 915 898
1477 2 2 1 4 888 931 806
1478 2 2 1 4 816 936 875
1479 2 2 1 4 837 933 913
1480 2 2 1 4 263 931 888
1481 2 2 1 4 806 916 888
1482 2 2 1 4 881 918 807
1483 2 2 1 4 887 927 796
1484 2 2 1 4 913 933 829
1485 2 2 1 4 807 932 881
1486 2 2 1 4 267 111 110
1487 2 2 2 5 951 963 943
1488 2 2 2 5 944 959 953
1489 2 2 2 5 941 974 955
1490 2 2 2 5 953 959 942
1491 2 2 2 5 940 1002 954
1492 2 2 2 5 217 983 218
1493 2 2 2 5 280 982 279
1494 2 2 2 5 954 975 210
1495 2 2 2 5 211 975 212
1496 2 2 2 5 955 974 945
1497 2 2 2 5 962 1002 940
1498 2 2 2 5 943 995 951
1499 2 2 2 5 968 982 280
1500 2 2 2 5 218 983 969
1501 2 2 2 5 212 975 973
1502 2 2 2 5 942 984 953
1503 2 2 2 5 16 970 265
1504 2 2 2 5 13 969 285
1505 2 2 2 5 281 968 17
1506 2 2 2 5 269 967 12
1507 2 2 2 5 955 988 941
1508 2 2 2 5 953 973 944
1509 2 2 2 5 210 966 954
1510 2 2 2 5 981 999 948
1511 2 2 2 5 954 976 940
1512 2 2 2 5 948 999 958
1513 2 2 2 5 285 969 284
1514 2 2 2 5 282 968 281
1515 2 2 2 5 268 967 269
1516 2 2 2 5 265 970 266
1517 2 2 2 5 947 988 955
1518 2 2 2 5 278 982 955
1519 2 2 2 5 956 983 216
1520 2 2 2 5 17 968 280
1521 2 2 2 5 218 969 13
1522 2 2 2 5 270 970 16
1523 2 2 2 5 12 967 208
1524 2 2 2 5 950 989 957
1525 2 2 2 5 955 972 278
1526 2 2 2 5 216 971 956
1527 2 2 2 5 957 989 988
1528 2 2 2 5 210 975 211
1529 2 2 2 5 973 993 213
1530 2 2 2 5 212 973 213
1531 2 2 2 5 986 991 952
1532 2 2 2 5 969 978 284
1533 2 2 2 5 282 977 968
1534 2 2 2 5 268 980 967
1535 2 2 2 5 970 979 266
1536 2 2 2 5 955 982 947
1537 2 2 2 5 960 986 952
1538 2 2 2 5 962 995 943
1539 2 2 2 5 945 972 955
1540 2 2 2 5 283 978 957
1541 2 2 2 5 957 977 283
1542 2 2 2 5 958 980 267
1543 2 2 2 5 267 979 958
1544 2 2 2 5 943 991 959
1545 2 2 2 5 953 984 961
1546 2 2 2 5 951 990 963
1547 2 2 2 5 279 982 278
1548 2 2 2 5 216 983 217
1549 2 2 2 5 943 1000 991
1550 2 2 2 5 965 974 946
1551 2 2 2 5 284 978 283
1552 2 2 2 5 283 977 282
1553 2 2 2 5 266 979 267
1554 2 2 2 5 267 980 268
1555 2 2 2 5 272 964 271
1556 2 2 2 5 209 966 210
1557 2 2 2 5 274 963 273
1558 2 2 2 5 272 990 964
1559 2 2 2 5 974 985 946
1560 2 2 2 5 942 991 986
1561 2 2 2 5 971 985 956
1562 2 2 2 5 946 985 971
1563 2 2 2 5 953 993 973
1564 2 2 2 5 969 983 950
1565 2 2 2 5 947 982 968
1566 2 2 2 5 278 972 277
1567 2 2 2 5 215 971 216
1568 2 2 2 5 944 996 959
1569 2 2 2 5 958 999 949
1570 2 2 2 5 960 992 945
1571 2 2 2 5 949 980 958
1572 2 2 2 5 958 979 948
1573 2 2 2 5 957 978 950
1574 2 2 2 5 946 998 961
1575 2 2 2 5 973 975 944
1576 2 2 2 5 964 990 951
1577 2 2 2 5 960 994 276
1578 2 2 2 5 988 989 941
1579 2 2 2 5 214 993 961
1580 2 2 2 5 959 996 943
1581 2 2 2 5 959 991 942
1582 2 2 2 5 977 988 947
1583 2 2 2 5 957 988 977
1584 2 2 2 5 274 987 963
1585 2 2 2 5 945 986 960
1586 2 2 2 5 963 990 273
1587 2 2 2 5 940 999 981
1588 2 2 2 5 961 984 946
1589 2 2 2 5 276 992 960
1590 2 2 2 5 943 996 962
1591 2 2 2 5 961 998 214
1592 2 2 2 5 940 995 962
1593 2 2 2 5 276 994 275
1594 2 2 2 5 952 994 960
1595 2 2 2 5 951 981 964
1596 2 2 2 5 213 993 214
1597 2 2 2 5 961 993 953
1598 2 2 2 5 945 992 972
1599 2 2 2 5 971 998 946
1600 2 2 2 5 945 974 965
1601 2 2 2 5 271 997 270
1602 2 2 2 5 946 984 965
1603 2 2 2 5 965 986 945
1604 2 2 2 5 956 989 983
1605 2 2 2 5 983 989 950
1606 2 2 2 5 951 995 981
1607 2 2 2 5 991 1000 952
1608 2 2 2 5 964 981 948
1609 2 2 2 5 277 992 276
1610 2 2 2 5 214 998 215
1611 2 2 2 5 275 987 274
1612 2 2 2 5 941 989 985
1613 2 2 2 5 967 980 949
1614 2 2 2 5 948 979 970
1615 2 2 2 5 968 977 947
1616 2 2 2 5 950 978 969
1617 2 2 2 5 965 984 942
1618 2 2 2 5 208 1001 209
1619 2 2 2 5 942 986 965
1620 2 2 2 5 963 1000 943
1621 2 2 2 5 987 1000 963
1622 2 2 2 5 949 976 966
1623 2 2 2 5 966 976 954
1624 2 2 2 5 985 989 956
1625 2 2 2 5 273 990 272
1626 2 2 2 5 964 997 271
1627 2 2 2 5 270 997 970
1628 2 2 2 5 948 997 964
1629 2 2 2 5 981 995 940
1630 2 2 2 5 941 985 974
1631 2 2 2 5 944 1002 996
1632 2 2 2 5 996 1002 962
1633 2 2 2 5 949 999 976
1634 2 2 2 5 966 1001 949
1635 2 2 2 5 967 1001 208
1636 2 2 2 5 209 1001 966
1637 2 2 2 5 972 992 277
1638 2 2 2 5 949 1001 967
1639 2 2 2 5 215 998 971
1640 2 2 2 5 975 1002 944
1641 2 2 2 5 954 1002 975
1642 2 2 2 5 970 997 948
1643 2 2 2 5 952 1000 987
1644 2 2 2 5 976 999 940
1645 2 2 2 5 275 994 987
1646 2 2 2 5 987 994 952
1647 2 2 3 6 1018 1030 224
1648 2 2 3 6 261 1031 1019
1649 2 2 3 6 259 1031 260
1650 2 2 3 6 225 1030 226
1651 2 2 3 6 1028 1031 259
1652 2 2 3 6 226 1030 1029
1653 2 2 3 6 252 1032 253
1654 2 2 3 6 232 1033 233
1655 2 2 3 6 1027 1032 252
1656 2 2 3 6 233 1033 1026
1657 2 2 3 6 1025 1034 245
1658 2 2 3 6 240 1035 1024
1659 2 2 3 6 245 1034 246
1660 2 2 3 6 239 1035 240
1661 2 2 3 6 288 1030 1018
1662 2 2 3 6 1019 1031 319
1663 2 2 3 6 1023 1035 238
1664 2 2 3 6 247 1034 1022
1665 2 2 3 6 238 1035 239
1666 2 2 3 6 246 1034 247
1667 2 2 3 6 254 1032 1021
1668 2 2 3 6 1020 1033 231
1669 2 2 3 6 231 1033 232
1670 2 2 3 6 253 1032 254
1671 2 2 3 6 224 1030 225
1672 2 2 3 6 260 1031 261
1673 2 2 3 6 227 1029 1016
1674 2 2 3 6 1017 1028 258
1675 2 2 3 6 1015 1027 251
1676 2 2 3 6 234 1026 1014
1677 2 2 3 6 226 1029 227
1678 2 2 3 6 258 1028 259
1679 2 2 3 6 1013 1025 244
1680 2 2 3 6 241 1024 1012
1681 2 2 3 6 251 1027 252
1682 2 2 3 6 233 1026 234
1683 2 2 3 6 1011 1023 237
1684 2 2 3 6 248 1022 1010
1685 2 2 3 6 1007 1017 257
1686 2 2 3 6 228 1016 1006
1687 2 2 3 6 1009 1020 230
1688 2 2 3 6 255 1021 1008
1689 2 2 3 6 244 1025 245
1690 2 2 3 6 240 1024 241
1691 2 2 3 6 1005 1015 250
1692 2 2 3 6 235 1014 1004
1693 2 2 3 6 237 1023 238
1694 2 2 3 6 247 1022 248
1695 2 2 3 6 230 1020 231
1696 2 2 3 6 254 1021 255
1697 2 2 3 6 1003 1013 243
1698 2 2 3 6 242 1012 1003
1699 2 2 3 6 320 1019 319
1700 2 2 3 6 288 1018 287
1701 2 2 3 6 257 1017 258
1702 2 2 3 6 227 1016 228
1703 2 2 3 6 1004 1011 236
1704 2 2 3 6 249 1010 1005
1705 2 2 3 6 316 1017 1007
1706 2 2 3 6 1006 1016 291
1707 2 2 3 6 250 1015 251
1708 2 2 3 6 234 1014 235
1709 2 2 3 6 243 1013 244
1710 2 2 3 6 241 1012 242
1711 2 2 3 6 256 1008 1007
1712 2 2 3 6 1006 1009 229
1713 2 2 3 6 236 1011 237
1714 2 2 3 6 248 1010 249
1715 2 2 3 6 310 1015 1005
1716 2 2 3 6 1004 1014 297
1717 2 2 3 6 255 1008 256
1718 2 2 3 6 229 1009 230
1719 2 2 3 6 304 1013 1003
1720 2 2 3 6 1003 1012 303
1721 2 2 3 6 292 1006 291
1722 2 2 3 6 316 1007 315
1723 2 2 3 6 298 1011 1004
1724 2 2 3 6 1005 1010 309
1725 2 2 3 6 293 1020 1009
1726 2 2 3 6 1008 1021 314
1727 2 2 3 6 242 1003 243
1728 2 2 3 6 310 1005 309
1729 2 2 3 6 298 1004 297
1730 2 2 3 6 299 1023 1011
1731 2 2 3 6 1010 1022 308
1732 2 2 3 6 305 1025 1013
1733 2 2 3 6 1012 1024 302
1734 2 2 3 6 235 1004 236
1735 2 2 3 6 249 1005 250
1736 2 2 3 6 311 1027 1015
1737 2 2 3 6 1014 1026 296
1738 2 2 3 6 304 1003 303
1739 2 2 3 6 1016 1029 290
1740 2 2 3 6 317 1028 1017
1741 2 2 3 6 256 1007 257
1742 2 2 3 6 228 1006 229
1743 2 2 3 6 1021 1032 313
1744 2 2 3 6 294 1033 1020
1745 2 2 3 6 292 1009 1006
1746 2 2 3 6 1007 1008 315
1747 2 2 3 6 300 1035 1023
1748 2 2 3 6 1022 1034 307
1749 2 2 3 6 1024 1035 301
1750 2 2 3 6 306 1034 1025
1751 2 2 3 6 1026 1033 295
1752 2 2 3 6 312 1032 1027
1753 2 2 3 6 318 1031 1028
1754 2 2 3 6 1029 1030 289
1755 2 2 3 6 293 1009 292
1756 2 2 3 6 315 1008 314
1757 2 2 3 6 309 1010 308
1758 2 2 3 6 299 1011 298
1759 2 2 3 6 305 1013 304
1760 2 2 3 6 303 1012 302
1761 2 2 3 6 297 1014 296
1762 2 2 3 6 311 1015 310
1763 2 2 3 6 223 1018 224
1764 2 2 3 6 261 1019 262
1765 2 2 3 6 291 1016 290
1766 2 2 3 6 317 1017 316
1767 2 2 3 6 294 1020 293
1768 2 2 3 6 314 1021 313
1769 2 2 3 6 308 1022 307
1770 2 2 3 6 300 1023 299
1771 2 2 3 6 302 1024 301
1772 2 2 3 6 306 1025 305
1773 2 2 3 6 312 1027 311
1774 2 2 3 6 296 1026 295
1775 2 2 3 6 318 1028 317
1776 2 2 3 6 290 1029 289
1777 2 2 3 6 287 1037 18
1778 2 2 3 6 19 1036 320
1779 2 2 3 6 289 1030 288
1780 2 2 3 6 319 1031 318
1781 2 2 3 6 295 1033 294
1782 2 2 3 6 313 1032 312
1783 2 2 3 6 301 1035 300
1784 2 2 3 6 307 1034 306
1785 2 2 3 6 18 1037 286
1786 2 2 3 6 321 1036 19
1787 2 2 3 6 262 1038 15
1788 2 2 3 6 14 1039 223
1789 2 2 3 6 223 1039 1018
1790 2 2 3 6 1019 1038 262
1791 2 2 3 6 1018 1039 1037
1792 2 2 3 6 1036 1038 1019
1793 2 2 3 6 15 1038 321
1794 2 2 3 6 286 1039 14
1795 2 2 3 6 320 1036 1019
1796 2 2 3 6 1018 1037 287
1797 2 2 3 6 1037 1039 286
1798 2 2 3 6 321 1038 1036
1799 2 2 4 7 1040 1042 1041
1800 2 2 4 7 1041 1042 1043
1801 2 2 4 7 1044 1046 1045
1802 2 2 4 7 1044 1045 1047
1803 2 2 4 7 1048 1050 1049
1804 2 2 4 7 1049 1050 1047
1805 2 2 4 7 1051 1048 1052
1806 2 2 4 7 1051 1052 140
1807 2 2 4 7 1053 1043 1054
1808 2 2 4 7 1054 1043 1055
1809 2 2 4 7 1053 1057 1056
1810 2 2 4 7 1056 1057 135
1811 2 2 4 7 1058 1059 1041
1812 2 2 4 7 1058 1041 1060
1813 2 2 4 7 1061 1062 1045
1814 2 2 4 7 1045 1062 1063
1815 2 2 4 7 1064 1058 1065
1816 2 2 4 7 1065 1058 1066
1817 2 2 4 7 1067 1068 1062
1818 2 2 4 7 1062 1068 1069
1819 2 2 4 7 1070 1072 1071
1820 2 2 4 7 1070 1071 1073
1821 2 2 4 7 1074 1076 1075
1822 2 2 4 7 1074 1075 1077
1823 2 2 4 7 1075 1070 1077
1824 2 2 4 7 1077 1070 1078
1825 2 2 4 7 1079 1075 1076
1826 2 2 4 7 1079 1076 137
1827 2 2 4 7 1071 1072 1052
1828 2 2 4 7 1080 1081 1078
1829 2 2 4 7 1078 1070 1073
1830 2 2 4 7 1078 1073 1080
1831 2 2 4 7 1051 1082 1050
1832 2 2 4 7 1048 1051 1050
1833 2 2 4 7 1082 1083 1050
1834 2 2 4 7 1084 1085 1055
1835 2 2 4 7 1055 1085 1054
1836 2 2 4 7 1065 1066 1081
1837 2 2 4 7 1051 141 1086
1838 2 2 4 7 1057 1053 1054
1839 2 2 4 7 140 141 1051
1840 2 2 4 7 134 1057 1087
1841 2 2 4 7 134 135 1057
1842 2 2 4 7 1085 1087 1057
1843 2 2 4 7 1085 1057 1054
1844 2 2 4 7 1086 1082 1051
1845 2 2 4 7 1088 1048 1049
1846 2 2 4 7 1083 1089 145
1847 2 2 4 7 1053 1056 1074
1848 2 2 4 7 1041 1043 1060
1849 2 2 4 7 1060 1043 1090
1850 2 2 4 7 146 1083 145
1851 2 2 4 7 1091 1084 160
1852 2 2 4 7 1047 1045 1063
1853 2 2 4 7 1047 1063 1049
1854 2 2 4 7 1084 159 160
1855 2 2 4 7 1055 1042 1084
1856 2 2 4 7 1043 1042 1055
1857 2 2 4 7 1084 1042 158
1858 2 2 4 7 1044 1050 1083
1859 2 2 4 7 1044 1047 1050
1860 2 2 4 7 1092 1088 1049
1861 2 2 4 7 1092 1049 1063
1862 2 2 4 7 1052 1088 1071
1863 2 2 4 7 1056 135 1093
1864 2 2 4 7 1053 1074 1090
1865 2 2 4 7 1090 1094 1060
1866 2 2 4 7 1074 1094 1090
1867 2 2 4 7 1093 135 136
1868 2 2 4 7 1058 1064 1059
1869 2 2 4 7 1059 1064 155
1870 2 2 4 7 1067 1062 1061
1871 2 2 4 7 1067 1061 150
1872 2 2 4 7 1092 1071 1088
1873 2 2 4 7 138 1079 137
1874 2 2 4 7 1073 1071 1092
1875 2 2 4 7 1073 1092 1069
1876 2 2 4 7 1074 1077 1094
1877 2 2 4 7 1094 1077 1066
1878 2 2 4 7 1044 1083 147
1879 2 2 4 7 1081 1066 1077
1880 2 2 4 7 147 1083 146
1881 2 2 4 7 1072 139 1052
1882 2 2 4 7 1069 1068 1080
1883 2 2 4 7 1069 1080 1073
1884 2 2 4 7 1095 1096 1068
1885 2 2 4 7 1095 1067 151
1886 2 2 4 7 1070 1079 1072
1887 2 2 4 7 1072 1079 138
1888 2 2 4 7 1084 158 159
1889 2 2 4 7 1061 1045 1046
1890 2 2 4 7 1095 1068 1067
1891 2 2 4 7 1096 1080 1068
1892 2 2 4 7 1061 1046 149
1893 2 2 4 7 1077 1078 1081
1894 2 2 4 7 1079 1070 1075
1895 2 2 4 7 1041 1059 1040
1896 2 2 4 7 1065 1097 1064
1897 2 2 4 7 154 1097 153
1898 2 2 4 7 1097 154 1064
1899 2 2 4 7 1097 1065 1096
1900 2 2 4 7 1095 151 152
1901 2 2 4 7 1096 1098 1097
1902 2 2 4 7 1097 1098 153
1903 2 2 4 7 1096 1081 1080
1904 2 2 4 7 1040 1059 156
1905 2 2 4 7 1089 1100 1099
1906 2 2 4 7 1089 1099 145
1907 2 2 4 7 1101 1091 1102
1908 2 2 4 7 1102 1091 160
1909 2 2 4 7 9 144 1099
1910 2 2 4 7 9 1099 143
1911 2 2 4 7 161 8 1102
1912 2 2 4 7 1102 8 132
1913 2 2 4 7 1040 157 1042
1914 2 2 4 7 148 1046 1044
1915 2 2 4 7 1083 1082 1089
1916 2 2 4 7 1085 1084 1091
1917 2 2 4 7 1052 1048 1088
1918 2 2 4 7 1095 152 1098
1919 2 2 4 7 1082 1086 1100
1920 2 2 4 7 1086 142 1100
1921 2 2 4 7 1087 1085 1101
1922 2 2 4 7 133 1087 1101
1923 2 2 4 7 1100 1089 1082
1924 2 2 4 7 1091 1101 1085
1925 2 2 4 7 1094 1066 1060
1926 2 2 4 7 1069 1092 1063
1927 2 2 4 7 1064 154 155
1928 2 2 4 7 1062 1069 1063
1929 2 2 4 7 151 1067 150
1930 2 2 4 7 1096 1065 1081
1931 2 2 4 7 133 1101 132
1932 2 2 4 7 1066 1058 1060
1933 2 2 4 7 1096 1095 1098
1934 2 2 4 7 150 1061 149
1935 2 2 4 7 1100 142 143
1936 2 2 4 7 1059 155 156
1937 2 2 4 7 1072 138 139
1938 2 2 4 7 1093 1074 1056
1939 2 2 4 7 1052 139 140
1940 2 2 4 7 137 1076 136
1941 2 2 4 7 1102 160 161
1942 2 2 4 7 1102 132 1101
1943 2 2 4 7 1086 141 142
1944 2 2 4 7 134 1087 133
1945 2 2 4 7 145 1099 144
1946 2 2 4 7 143 1099 1100
1947 2 2 4 7 1098 152 153
1948 2 2 4 7 1043 1053 1090
1949 2 2 4 7 149 1046 148
1950 2 2 4 7 1040 156 157
1951 2 2 4 7 148 1044 147
1952 2 2 4 7 1042 157 158
1953 2 2 4 7 1093 136 1076
1954 2 2 4 7 1074 1093 1076
1955 2 2 4 8 1103 1104 1105
1956 2 2 4 8 1103 1106 1104
1957 2 2 4 8 1107 1108 1109
1958 2 2 4 8 1108 1110 1109
1959 2 2 4 8 1111 1112 1113
1960 2 2 4 8 1111 1114 1112
1961 2 2 4 8 1115 1116 1117
1962 2 2 4 8 1118 1119 1120
1963 2 2 4 8 1115 1121 1116
1964 2 2 4 8 1122 1123 1124
1965 2 2 4 8 1125 1126 1127
1966 2 2 4 8 1125 1128 1126
1967 2 2 4 8 1129 1130 1131
1968 2 2 4 8 1130 1132 1131
1969 2 2 4 8 1129 1133 1134
1970 2 2 4 8 1133 159 1134
1971 2 2 4 8 1135 1136 1137
1972 2 2 4 8 1135 1138 1136
1973 2 2 4 8 1139 1140 1137
1974 2 2 4 8 1139 146 1140
1975 2 2 4 8 1141 1142 1143
1976 2 2 4 8 1142 1144 1143
1977 2 2 4 8 1145 1146 1147
1978 2 2 4 8 1146 205 1147
1979 2 2 4 8 1148 1149 1150
1980 2 2 4 8 1148 198 1149
1981 2 2 4 8 1151 1152 1153
1982 2 2 4 8 1151 1154 1152
1983 2 2 4 8 1155 1156 1157
1984 2 2 4 8 1156 1158 1157
1985 2 2 4 8 1159 1160 1161
1986 2 2 4 8 1162 1163 1164
1987 2 2 4 8 1119 1165 1120
1988 2 2 4 8 1162 1166 1163
1989 2 2 4 8 1167 1168 1169
1990 2 2 4 8 1168 1170 1169
1991 2 2 4 8 1171 1172 1173
1992 2 2 4 8 1172 1174 1173
1993 2 2 4 8 1175 1169 1176
1994 2 2 4 8 1169 1177 1176
1995 2 2 4 8 1173 1178 1128
1996 2 2 4 8 1173 1160 1178
1997 2 2 4 8 1179 1180 1181
1998 2 2 4 8 1166 1162 1182
1999 2 2 4 8 1120 1183 1184
2000 2 2 4 8 1120 1185 1183
2001 2 2 4 8 185 1105 1186
2002 2 2 4 8 1184 1187 1179
2003 2 2 4 8 1188 1189 1114
2004 2 2 4 8 1188 1190 1189
2005 2 2 4 8 1191 1192 1193
2006 2 2 4 8 1192 1194 1193
2007 2 2 4 8 1195 154 1196
2008 2 2 4 8 185 186 1105
2009 2 2 4 8 1197 150 1198
2010 2 2 4 8 1188 1199 1200
2011 2 2 4 8 1201 1202 1203
2012 2 2 4 8 1199 1138 1200
2013 2 2 4 8 1204 148 1205
2014 2 2 4 8 1206 1179 1187
2015 2 2 4 8 1180 1207 1208
2016 2 2 4 8 1209 1179 1206
2017 2 2 4 8 1210 189 190
2018 2 2 4 8 1211 1212 1108
2019 2 2 4 8 1212 1185 1108
2020 2 2 4 8 159 1213 1134
2021 2 2 4 8 159 158 1213
2022 2 2 4 8 1139 1214 146
2023 2 2 4 8 1214 147 146
2024 2 2 4 8 1180 1179 1209
2025 2 2 4 8 180 1215 1216
2026 2 2 4 8 180 181 1215
2027 2 2 4 8 1217 1218 1154
2028 2 2 4 8 1213 158 1219
2029 2 2 4 8 1220 1221 1214
2030 2 2 4 8 1221 147 1214
2031 2 2 4 8 1222 1223 177
2032 2 2 4 8 1223 176 177
2033 2 2 4 8 1224 1225 1226
2034 2 2 4 8 1116 1142 1141
2035 2 2 4 8 1104 1227 1105
2036 2 2 4 8 1224 1228 1225
2037 2 2 4 8 1229 1230 192
2038 2 2 4 8 1217 1154 1231
2039 2 2 4 8 1220 1164 1232
2040 2 2 4 8 1158 1233 1234
2041 2 2 4 8 1164 1163 1232
2042 2 2 4 8 1177 1169 1235
2043 2 2 4 8 1230 191 192
2044 2 2 4 8 1236 1158 1234
2045 2 2 4 8 1237 1238 1239
2046 2 2 4 8 169 1240 1241
2047 2 2 4 8 1228 1178 1159
2048 2 2 4 8 169 170 1240
2049 2 2 4 8 1242 1168 1165
2050 2 2 4 8 1110 1167 1109
2051 2 2 4 8 1241 1243 1166
2052 2 2 4 8 1243 1163 1166
2053 2 2 4 8 1110 1168 1167
2054 2 2 4 8 1239 1144 1237
2055 2 2 4 8 1239 1143 1144
2056 2 2 4 8 1244 1245 1223
2057 2 2 4 8 1223 1226 1244
2058 2 2 4 8 1103 186 187
2059 2 2 4 8 1144 1246 1247
2060 2 2 4 8 1144 1142 1246
2061 2 2 4 8 1126 1178 1248
2062 2 2 4 8 1249 1206 1187
2063 2 2 4 8 1245 175 1223
2064 2 2 4 8 1209 1224 1222
2065 2 2 4 8 1209 1250 1224
2066 2 2 4 8 1223 175 176
2067 2 2 4 8 1127 1251 1197
2068 2 2 4 8 1180 1208 1181
2069 2 2 4 8 151 1197 1251
2070 2 2 4 8 1106 1103 1247
2071 2 2 4 8 157 156 1252
2072 2 2 4 8 1175 1121 1115
2073 2 2 4 8 1175 1176 1121
2074 2 2 4 8 184 185 1186
2075 2 2 4 8 1253 1198 1204
2076 2 2 4 8 1198 149 1204
2077 2 2 4 8 1247 187 188
2078 2 2 4 8 1247 1103 187
2079 2 2 4 8 1230 1254 191
2080 2 2 4 8 1167 1175 1255
2081 2 2 4 8 1167 1169 1175
2082 2 2 4 8 1207 177 178
2083 2 2 4 8 190 191 1254
2084 2 2 4 8 1104 1256 1177
2085 2 2 4 8 1256 1176 1177
2086 2 2 4 8 1257 1227 1235
2087 2 2 4 8 1258 1109 1255
2088 2 2 4 8 1255 1109 1167
2089 2 2 4 8 1259 1260 1171
2090 2 2 4 8 1261 1262 1263
2091 2 2 4 8 1171 1260 1172
2092 2 2 4 8 1264 1265 1261
2093 2 2 4 8 1189 1231 1151
2094 2 2 4 8 1210 1254 1237
2095 2 2 4 8 1157 1192 1229
2096 2 2 4 8 1157 1236 1192
2097 2 2 4 8 1229 1192 1191
2098 2 2 4 8 1171 1128 1125
2099 2 2 4 8 1171 1173 1128
2100 2 2 4 8 162 1266 1267
2101 2 2 4 8 162 163 1266
2102 2 2 4 8 1268 1269 195
2103 2 2 4 8 1269 194 195
2104 2 2 4 8 1257 1270 1271
2105 2 2 4 8 1237 1254 1238
2106 2 2 4 8 1272 1161 1263
2107 2 2 4 8 1161 1160 1263
2108 2 2 4 8 1273 1232 1260
2109 2 2 4 8 1106 1256 1104
2110 2 2 4 8 1161 1225 1159
2111 2 2 4 8 1227 1177 1235
2112 2 2 4 8 1161 1244 1225
2113 2 2 4 8 1254 1210 190
2114 2 2 4 8 1141 1130 1274
2115 2 2 4 8 1141 1143 1130
2116 2 2 4 8 1275 1136 1164
2117 2 2 4 8 1136 1162 1164
2118 2 2 4 8 1276 1277 1278
2119 2 2 4 8 1279 1187 1212
2120 2 2 4 8 1280 1277 1276
2121 2 2 4 8 1278 161 1276
2122 2 2 4 8 1258 155 1195
2123 2 2 4 8 1258 1281 155
2124 2 2 4 8 1203 1282 1279
2125 2 2 4 8 1282 1249 1279
2126 2 2 4 8 1207 1180 1222
2127 2 2 4 8 1201 1196 1202
2128 2 2 4 8 1196 153 1202
2129 2 2 4 8 155 1281 156
2130 2 2 4 8 1227 1257 1186
2131 2 2 4 8 1220 1275 1164
2132 2 2 4 8 1257 1271 1186
2133 2 2 4 8 1180 1209 1222
2134 2 2 4 8 184 1186 1271
2135 2 2 4 8 1229 1155 1157
2136 2 2 4 8 1203 1279 1201
2137 2 2 4 8 1229 192 1155
2138 2 2 4 8 1279 1211 1201
2139 2 2 4 8 1259 1273 1260
2140 2 2 4 8 1212 1211 1279
2141 2 2 4 8 1281 1255 1252
2142 2 2 4 8 1255 1115 1252
2143 2 2 4 8 1153 165 1112
2144 2 2 4 8 1175 1115 1255
2145 2 2 4 8 1283 1137 1140
2146 2 2 4 8 1124 1140 1122
2147 2 2 4 8 1125 1253 1171
2148 2 2 4 8 1283 1135 1137
2149 2 2 4 8 1182 1284 1285
2150 2 2 4 8 1129 1280 1133
2151 2 2 4 8 1129 1131 1280
2152 2 2 4 8 1280 1131 1286
2153 2 2 4 8 1286 1131 1194
2154 2 2 4 8 1193 1194 1132
2155 2 2 4 8 144 1122 145
2156 2 2 4 8 1122 1140 145
2157 2 2 4 8 1287 1241 1285
2158 2 2 4 8 1166 1285 1241
2159 2 2 4 8 1232 1273 1220
2160 2 2 4 8 1241 1287 169
2161 2 2 4 8 1108 1107 1211
2162 2 2 4 8 1288 151 1251
2163 2 2 4 8 1265 1262 1261
2164 2 2 4 8 152 151 1288
2165 2 2 4 8 1193 1289 1191
2166 2 2 4 8 1289 1290 1191
2167 2 2 4 8 1114 1199 1188
2168 2 2 4 8 1114 1111 1199
2169 2 2 4 8 1131 1132 1194
2170 2 2 4 8 1270 1291 1271
2171 2 2 4 8 196 1123 1292
2172 2 2 4 8 1122 1292 1123
2173 2 2 4 8 196 197 1123
2174 2 2 4 8 1190 1135 1283
2175 2 2 4 8 1190 1200 1135
2176 2 2 4 8 1123 197 1148
2177 2 2 4 8 1145 1286 1293
2178 2 2 4 8 1145 1280 1286
2179 2 2 4 8 1146 1145 1293
2180 2 2 4 8 1294 1295 1150
2181 2 2 4 8 1295 1124 1150
2182 2 2 4 8 1294 1150 1149
2183 2 2 4 8 1291 183 1271
2184 2 2 4 8 171 172 1265
2185 2 2 4 8 160 1276 161
2186 2 2 4 8 172 1262 1265
2187 2 2 4 8 1240 1265 1296
2188 2 2 4 8 1279 1249 1187
2189 2 2 4 8 1153 1297 1151
2190 2 2 4 8 1153 1112 1297
2191 2 2 4 8 1265 1240 171
2192 2 2 4 8 1251 1298 1282
2193 2 2 4 8 1127 1298 1251
2194 2 2 4 8 203 1234 1233
2195 2 2 4 8 1234 203 204
2196 2 2 4 8 1282 1298 1250
2197 2 2 4 8 1110 1165 1168
2198 2 2 4 8 1218 1217 200
2199 2 2 4 8 1178 1228 1248
2200 2 2 4 8 199 200 1217
2201 2 2 4 8 1176 1256 1121
2202 2 2 4 8 1248 1250 1298
2203 2 2 4 8 1249 1282 1250
2204 2 2 4 8 1215 1299 1118
2205 2 2 4 8 1266 1154 1218
2206 2 2 4 8 1119 1118 1299
2207 2 2 4 8 1299 182 1291
2208 2 2 4 8 1233 1158 1269
2209 2 2 4 8 1299 1215 182
2210 2 2 4 8 1224 1250 1228
2211 2 2 4 8 1228 1250 1248
2212 2 2 4 8 1121 1142 1116
2213 2 2 4 8 1122 144 1292
2214 2 2 4 8 1246 1142 1256
2215 2 2 4 8 1256 1142 1121
2216 2 2 4 8 1232 1163 1260
2217 2 2 4 8 1300 1301 1243
2218 2 2 4 8 1195 1107 1258
2219 2 2 4 8 1108 1185 1110
2220 2 2 4 8 1165 1185 1120
2221 2 2 4 8 1110 1185 1165
2222 2 2 4 8 1147 1278 1277
2223 2 2 4 8 1109 1258 1107
2224 2 2 4 8 1278 206 207
2225 2 2 4 8 1147 206 1278
2226 2 2 4 8 10 1267 201
2227 2 2 4 8 10 162 1267
2228 2 2 4 8 202 1268 11
2229 2 2 4 8 1268 195 11
2230 2 2 4 8 1154 1266 1152
2231 2 2 4 8 1156 1269 1158
2232 2 2 4 8 1128 1178 1126
2233 2 2 4 8 1159 1178 1160
2234 2 2 4 8 1174 1261 1263
2235 2 2 4 8 1170 1168 1242
2236 2 2 4 8 202 203 1233
2237 2 2 4 8 1218 200 201
2238 2 2 4 8 1266 163 1152
2239 2 2 4 8 1152 163 164
2240 2 2 4 8 1156 194 1269
2241 2 2 4 8 193 194 1156
2242 2 2 4 8 1160 1174 1263
2243 2 2 4 8 1174 1160 1173
2244 2 2 4 8 1130 1129 1274
2245 2 2 4 8 1130 1143 1132
2246 2 2 4 8 1302 179 180
2247 2 2 4 8 1276 1133 1280
2248 2 2 4 8 1138 1162 1136
2249 2 2 4 8 160 1133 1276
2250 2 2 4 8 1171 1253 1259
2251 2 2 4 8 1274 1129 1134
2252 2 2 4 8 1183 1185 1212
2253 2 2 4 8 1288 1251 1203
2254 2 2 4 8 1239 1132 1143
2255 2 2 4 8 207 8 1278
2256 2 2 4 8 1282 1203 1251
2257 2 2 4 8 1278 8 161
2258 2 2 4 8 1296 1300 1243
2259 2 2 4 8 1241 1296 1243
2260 2 2 4 8 188 1210 1303
2261 2 2 4 8 1246 1256 1106
2262 2 2 4 8 1246 1106 1247
2263 2 2 4 8 188 189 1210
2264 2 2 4 8 1181 1184 1179
2265 2 2 4 8 164 1153 1152
2266 2 2 4 8 1213 1219 1117
2267 2 2 4 8 1156 1155 193
2268 2 2 4 8 1234 1146 1236
2269 2 2 4 8 1213 1117 1274
2270 2 2 4 8 204 1146 1234
2271 2 2 4 8 1231 1149 1217
2272 2 2 4 8 1141 1274 1117
2273 2 2 4 8 1217 1149 199
2274 2 2 4 8 1277 1145 1147
2275 2 2 4 8 205 206 1147
2276 2 2 4 8 1148 1150 1123
2277 2 2 4 8 1148 197 198
2278 2 2 4 8 1287 168 169
2279 2 2 4 8 1116 1141 1117
2280 2 2 4 8 1117 1219 1252
2281 2 2 4 8 1115 1117 1252
2282 2 2 4 8 1219 157 1252
2283 2 2 4 8 1224 1226 1222
2284 2 2 4 8 1215 181 182
2285 2 2 4 8 1133 160 159
2286 2 2 4 8 1124 1283 1140
2287 2 2 4 8 146 145 1140
2288 2 2 4 8 1120 1304 1118
2289 2 2 4 8 1285 1166 1182
2290 2 2 4 8 1304 1216 1118
2291 2 2 4 8 1304 1120 1184
2292 2 2 4 8 1190 1283 1295
2293 2 2 4 8 1295 1283 1124
2294 2 2 4 8 1295 1294 1190
2295 2 2 4 8 1240 170 171
2296 2 2 4 8 1182 1199 1284
2297 2 2 4 8 1194 1293 1286
2298 2 2 4 8 1145 1277 1280
2299 2 2 4 8 1124 1123 1150
2300 2 2 4 8 1270 1257 1242
2301 2 2 4 8 1153 164 165
2302 2 2 4 8 1257 1170 1242
2303 2 2 4 8 192 193 1155
2304 2 2 4 8 1146 1293 1236
2305 2 2 4 8 1146 204 205
2306 2 2 4 8 1231 1294 1149
2307 2 2 4 8 198 199 1149
2308 2 2 4 8 1189 1294 1231
2309 2 2 4 8 1190 1294 1189
2310 2 2 4 8 1236 1293 1192
2311 2 2 4 8 1192 1293 1194
2312 2 2 4 8 1218 1267 1266
2313 2 2 4 8 1231 1154 1151
2314 2 2 4 8 1267 1218 201
2315 2 2 4 8 1157 1158 1236
2316 2 2 4 8 1269 1268 1233
2317 2 2 4 8 1162 1138 1182
2318 2 2 4 8 1297 1114 1189
2319 2 2 4 8 202 1233 1268
2320 2 2 4 8 1227 1104 1177
2321 2 2 4 8 1189 1151 1297
2322 2 2 4 8 1112 1114 1297
2323 2 2 4 8 1291 1270 1299
2324 2 2 4 8 1292 9 196
2325 2 2 4 8 144 9 1292
2326 2 2 4 8 1291 182 183
2327 2 2 4 8 1138 1199 1182
2328 2 2 4 8 1204 1205 1253
2329 2 2 4 8 1205 1273 1259
2330 2 2 4 8 1259 1253 1205
2331 2 2 4 8 1206 1250 1209
2332 2 2 4 8 1107 1195 1196
2333 2 2 4 8 1249 1250 1206
2334 2 2 4 8 1202 153 152
2335 2 2 4 8 1201 1107 1196
2336 2 2 4 8 1221 1205 148
2337 2 2 4 8 1220 1205 1221
2338 2 2 4 8 148 147 1221
2339 2 2 4 8 1107 1201 1211
2340 2 2 4 8 1230 1290 1254
2341 2 2 4 8 1230 1191 1290
2342 2 2 4 8 1242 1299 1270
2343 2 2 4 8 1242 1119 1299
2344 2 2 4 8 1165 1119 1242
2345 2 2 4 8 1200 1190 1188
2346 2 2 4 8 1200 1138 1135
2347 2 2 4 8 1207 1222 177
2348 2 2 4 8 1127 1126 1298
2349 2 2 4 8 1237 1303 1210
2350 2 2 4 8 165 166 1112
2351 2 2 4 8 1264 1296 1265
2352 2 2 4 8 1300 1296 1264
2353 2 2 4 8 1264 1174 1300
2354 2 2 4 8 1219 158 157
2355 2 2 4 8 1174 1264 1261
2356 2 2 4 8 1174 1172 1300
2357 2 2 4 8 1136 1275 1137
2358 2 2 4 8 1303 1247 188
2359 2 2 4 8 1303 1237 1144
2360 2 2 4 8 1144 1247 1303
2361 2 2 4 8 1137 1275 1139
2362 2 2 4 8 1285 1305 1287
2363 2 2 4 8 1284 1305 1285
2364 2 2 4 8 1287 1305 168
2365 2 2 4 8 167 168 1305
2366 2 2 4 8 1127 1197 1198
2367 2 2 4 8 1253 1127 1198
2368 2 2 4 8 1127 1253 1125
2369 2 2 4 8 1244 1272 1245
2370 2 2 4 8 1272 1244 1161
2371 2 2 4 8 1245 1272 174
2372 2 2 4 8 1302 1216 1304
2373 2 2 4 8 1304 1181 1302
2374 2 2 4 8 1103 1105 186
2375 2 2 4 8 180 1216 1302
2376 2 2 4 8 154 153 1196
2377 2 2 4 8 1208 178 179
2378 2 2 4 8 183 184 1271
2379 2 2 4 8 1208 1207 178
2380 2 2 4 8 1296 1241 1240
2381 2 2 4 8 1301 1163 1243
2382 2 2 4 8 1301 1172 1260
2383 2 2 4 8 1272 173 174
2384 2 2 4 8 1257 1235 1170
2385 2 2 4 8 1260 1163 1301
2386 2 2 4 8 1262 1272 1263
2387 2 2 4 8 172 173 1262
2388 2 2 4 8 1169 1170 1235
2389 2 2 4 8 1300 1172 1301
2390 2 2 4 8 173 1272 1262
2391 2 2 4 8 1183 1187 1184
2392 2 2 4 8 1113 1112 166
2393 2 2 4 8 1113 1305 1111
2394 2 2 4 8 167 1305 1113
2395 2 2 4 8 1113 166 167
2396 2 2 4 8 1186 1105 1227
2397 2 2 4 8 1298 1126 1248
2398 2 2 4 8 1274 1134 1213
2399 2 2 4 8 150 149 1198
2400 2 2 4 8 1223 1222 1226
2401 2 2 4 8 1197 151 150
2402 2 2 4 8 1230 1229 1191
2403 2 2 4 8 1195 155 154
2404 2 2 4 8 1239 1289 1132
2405 2 2 4 8 1238 1289 1239
2406 2 2 4 8 1184 1181 1304
2407 2 2 4 8 1203 1202 1288
2408 2 2 4 8 1288 1202 152
2409 2 2 4 8 1228 1159 1225
2410 2 2 4 8 1244 1226 1225
2411 2 2 4 8 1205 1220 1273
2412 2 2 4 8 174 175 1245
2413 2 2 4 8 1118 1216 1215
2414 2 2 4 8 1204 149 148
2415 2 2 4 8 1289 1238 1290
2416 2 2 4 8 1289 1193 1132
2417 2 2 4 8 1281 1252 156
2418 2 2 4 8 1281 1258 1255
2419 2 2 4 8 1214 1139 1275
2420 2 2 4 8 1275 1220 1214
2421 2 2 4 8 1111 1284 1199
2422 2 2 4 8 1181 1208 1302
2423 2 2 4 8 1302 1208 179
2424 2 2 4 8 1212 1187 1183
2425 2 2 4 8 1284 1111 1305
2426 2 2 4 8 1254 1290 1238
2427 2 2 4 9 195 18 11
2428 2 2 4 9 195 287 18
2429 2 2 4 9 181 180 301
2430 2 2 4 9 180 302 301
2431 2 2 4 9 185 184 297
2432 2 2 4 9 184 298 297
2433 2 2 4 9 177 176 305
2434 2 2 4 9 176 306 305
2435 2 2 4 9 291 192 191
2436 2 2 4 9 291 290 192
2437 2 2 4 9 176 175 306
2438 2 2 4 9 175 307 306
2439 2 2 4 9 189 292 190
2440 2 2 4 9 293 292 189
2441 2 2 4 9 168 167 314
2442 2 2 4 9 167 315 314
2443 2 2 4 9 165 164 317
2444 2 2 4 9 164 318 317
2445 2 2 4 9 186 185 296
2446 2 2 4 9 185 297 296
2447 2 2 4 9 295 188 187
2448 2 2 4 9 295 294 188
2449 2 2 4 9 290 193 192
2450 2 2 4 9 290 289 193
2451 2 2 4 9 288 195 194
2452 2 2 4 9 288 287 195
2453 2 2 4 9 179 302 180
2454 2 2 4 9 179 303 302
2455 2 2 4 9 172 171 310
2456 2 2 4 9 171 311 310
2457 2 2 4 9 168 313 169
2458 2 2 4 9 168 314 313
2459 2 2 4 9 165 316 166
2460 2 2 4 9 165 317 316
2461 2 2 4 9 178 303 179
2462 2 2 4 9 178 304 303
2463 2 2 4 9 186 295 187
2464 2 2 4 9 186 296 295
2465 2 2 4 9 182 299 183
2466 2 2 4 9 182 300 299
2467 2 2 4 9 19 320 10
2468 2 2 4 9 10 320 162
2469 2 2 4 9 184 183 298
2470 2 2 4 9 183 299 298
2471 2 2 4 9 182 181 300
2472 2 2 4 9 181 301 300
2473 2 2 4 9 178 177 304
2474 2 2 4 9 177 305 304
2475 2 2 4 9 175 174 307
2476 2 2 4 9 174 308 307
2477 2 2 4 9 170 169 312
2478 2 2 4 9 169 313 312
2479 2 2 4 9 166 315 167
2480 2 2 4 9 166 316 315
2481 2 2 4 9 163 318 164
2482 2 2 4 9 163 319 318
2483 2 2 4 9 162 319 163
2484 2 2 4 9 162 320 319
2485 2 2 4 9 312 311 170
2486 2 2 4 9 170 311 171
2487 2 2 4 9 189 188 293
2488 2 2 4 9 188 294 293
2489 2 2 4 9 172 310 309
2490 2 2 4 9 172 309 173
2491 2 2 4 9 173 309 308
2492 2 2 4 9 173 308 174
2493 2 2 4 9 292 191 190
2494 2 2 4 9 292 291 191
2495 2 2 4 9 289 194 193
2496 2 2 4 9 289 288 194
$EndElements
