$MeshFormat
2.2 0 8
$EndMeshFormat
$PhysicalNames
2
2 1 "BEMInterface"
2 2 "BEMExt"
$EndPhysicalNames
$Nodes
1369
1 181 -98.9999999999998 130
2 171 -109 130
3 0 -109 130
4 -171 -109 130
5 -181 -98.9999999999998 130
6 -181 5.32907051820075e-14 130
7 -181 98.9999999999998 130
8 -171 109 130
9 0 109 130
10 171 109 130
11 181 98.9999999999998 130
12 181 5.32907051820075e-14 130
13 199 127 115
14 199 -127 115
15 199 -127 -85
16 199 127 -85
17 -199 127 115
18 -199 127 -85
19 -199 -127 115
20 -199 -127 -85
21 0 109 115
22 -171 109 115
23 -174.8867347234107 108.2137549426232 115
24 -174.9373465420829 108.1922405819003 115
25 -179.3703579577917 104.4714804135694 115
26 -179.3921903942148 104.4379341874453 115
27 -181 98.99999999999982 115
28 -181 5.32907051820075e-14 115
29 -181 -98.99999999999982 115
30 -179.3921903942148 -104.4379341874453 115
31 -179.3703579577917 -104.4714804135694 115
32 -174.9373465355451 -108.1922405847006 115
33 -174.8867347317521 -108.2137549391044 115
34 -171 -109 115
35 0 -109 115
36 171 -109 115
37 174.8867347234107 -108.2137549426232 115
38 174.9373465420829 -108.1922405819003 115
39 179.3703579577917 -104.4714804135694 115
40 179.3921903942148 -104.4379341874453 115
41 181 -98.99999999999982 115
42 181 5.32907051820075e-14 115
43 181 98.99999999999982 115
44 179.3921903942148 104.4379341874453 115
45 179.3703579577917 104.4714804135694 115
46 174.9373465355451 108.1922405847006 115
47 174.8867347317521 108.2137549391044 115
48 171 109 115
49 178.0691329071114 -106.0692817801868 130
50 15.54545454545453 -109 130
51 31.09090909090907 -109 130
52 46.6363636363636 -109 130
53 62.18181818181807 -109 130
54 77.72727272727268 -109 130
55 93.2727272727272 -109 130
56 108.8181818181817 -109 130
57 124.3636363636363 -109 130
58 139.9090909090908 -109 130
59 155.4545454545454 -109 130
60 -155.4545454545454 -109 130
61 -139.9090909090909 -109 130
62 -124.3636363636364 -109 130
63 -108.8181818181819 -109 130
64 -93.27272727272732 -109 130
65 -77.7272727272728 -109 130
66 -62.18181818181826 -109 130
67 -46.63636363636367 -109 130
68 -31.09090909090913 -109 130
69 -15.5454545454546 -109 130
70 -178.0691329071115 -106.0692817801867 130
71 -181 -14.1428571428572 130
72 -181 -28.28571428571434 130
73 -181 -42.42857142857137 130
74 -181 -56.57142857142854 130
75 -181 -70.71428571428555 130
76 -181 -84.85714285714285 130
77 -181 84.85714285714285 130
78 -181 70.71428571428581 130
79 -181 56.57142857142865 130
80 -181 42.42857142857162 130
81 -181 28.28571428571447 130
82 -181 14.1428571428572 130
83 -178.0691329071114 106.0692817801868 130
84 -15.54545454545453 109 130
85 -31.09090909090907 109 130
86 -46.6363636363636 109 130
87 -62.18181818181807 109 130
88 -77.72727272727268 109 130
89 -93.2727272727272 109 130
90 -108.8181818181817 109 130
91 -124.3636363636363 109 130
92 -139.9090909090908 109 130
93 -155.4545454545454 109 130
94 155.4545454545454 109 130
95 139.9090909090909 109 130
96 124.3636363636364 109 130
97 108.8181818181819 109 130
98 93.27272727272732 109 130
99 77.7272727272728 109 130
100 62.18181818181826 109 130
101 46.63636363636367 109 130
102 31.09090909090913 109 130
103 15.5454545454546 109 130
104 178.0691329071115 106.0692817801867 130
105 181 14.1428571428572 130
106 181 28.28571428571434 130
107 181 42.42857142857137 130
108 181 56.57142857142854 130
109 181 70.71428571428555 130
110 181 84.85714285714285 130
111 181 -84.85714285714285 130
112 181 -70.71428571428581 130
113 181 -56.57142857142865 130
114 181 -42.42857142857162 130
115 181 -28.28571428571447 130
116 181 -14.1428571428572 130
117 199 108.0632072765037 115
118 199 89.99302947533673 115
119 199 71.99432562929547 115
120 199 53.99525729242544 115
121 199 35.99657844082107 115
122 199 17.99825187455066 115
123 199 -1.56319401867222e-13 115
124 199 -17.99825187455096 115
125 199 -35.99657844082139 115
126 199 -53.99525729242575 115
127 199 -71.99432562929579 115
128 199 -89.99302947533698 115
129 199 -108.0632072765041 115
130 199 -127 96.26574546175837
131 199 -127 76.07908013744087
132 199 -127 53.43805189201219
133 199 -127 27.61820559254467
134 199 -127 -0.5085239762501885
135 199 -127 -28.67234931750011
136 199 -127 -56.83617465875005
137 199 95.25 -85
138 199 63.5 -85
139 199 31.75 -85
140 199 0 -85
141 199 -31.75 -85
142 199 -63.5 -85
143 199 -95.25 -85
144 199 127 96.26574546175837
145 199 127 76.07908013744087
146 199 127 53.43805189201219
147 199 127 27.61820559254467
148 199 127 -0.5085239762501885
149 199 127 -28.67234931750011
150 199 127 -56.83617465875005
151 -179.1815545093081 127 115
152 -160.2766527613103 127 115
153 -141.4206091842918 127 115
154 -122.5645634360438 127 115
155 -103.708516961156 127 115
156 -84.8524711911235 127 115
157 -65.99642762078 127 115
158 -47.1403876806734 127 115
159 -28.2843528299482 127 115
160 -9.428324530574969 127 115
161 9.428324530316331 127 115
162 28.28435282968957 127 115
163 47.14038768041488 127 115
164 65.99642762052105 127 115
165 84.85247119086443 127 115
166 103.7085169608969 127 115
167 122.5645634357847 127 115
168 141.4206091840324 127 115
169 160.276652761051 127 115
170 179.1815545091468 127 115
171 -168.3846153846154 127 -85
172 -137.7692307692308 127 -85
173 -107.1538461538461 127 -85
174 -76.53846153846153 127 -85
175 -45.92307692307691 127 -85
176 -15.30769230769229 127 -85
177 15.30769230769232 127 -85
178 45.92307692307693 127 -85
179 76.53846153846155 127 -85
180 107.1538461538462 127 -85
181 137.7692307692308 127 -85
182 168.3846153846154 127 -85
183 -199 127 96.26574546175837
184 -199 127 76.07908013744087
185 -199 127 53.43805189201219
186 -199 127 27.61820559254467
187 -199 127 -0.5085239762501885
188 -199 127 -28.67234931750011
189 -199 127 -56.83617465875005
190 -199 -108.0632072765037 115
191 -199 -89.99302947533673 115
192 -199 -71.99432562929547 115
193 -199 -53.99525729242544 115
194 -199 -35.99657844082107 115
195 -199 -17.99825187455066 115
196 -199 1.56319401867222e-13 115
197 -199 17.99825187455096 115
198 -199 35.99657844082139 115
199 -199 53.99525729242575 115
200 -199 71.99432562929579 115
201 -199 89.99302947533698 115
202 -199 108.0632072765041 115
203 -199 -95.25 -85
204 -199 -63.5 -85
205 -199 -31.75 -85
206 -199 0 -85
207 -199 31.75 -85
208 -199 63.5 -85
209 -199 95.25 -85
210 -199 -127 96.26574546175837
211 -199 -127 76.07908013744087
212 -199 -127 53.43805189201219
213 -199 -127 27.61820559254467
214 -199 -127 -0.5085239762501885
215 -199 -127 -28.67234931750011
216 -199 -127 -56.83617465875005
217 179.1815545093081 -127 115
218 160.2766527613103 -127 115
219 141.4206091842918 -127 115
220 122.5645634360438 -127 115
221 103.708516961156 -127 115
222 84.8524711911235 -127 115
223 65.99642762078 -127 115
224 47.1403876806734 -127 115
225 28.2843528299482 -127 115
226 9.428324530574969 -127 115
227 -9.428324530316331 -127 115
228 -28.28435282968957 -127 115
229 -47.14038768041488 -127 115
230 -65.99642762052105 -127 115
231 -84.85247119086443 -127 115
232 -103.7085169608969 -127 115
233 -122.5645634357847 -127 115
234 -141.4206091840324 -127 115
235 -160.276652761051 -127 115
236 -179.1815545091468 -127 115
237 168.3846153846154 -127 -85
238 137.7692307692308 -127 -85
239 107.1538461538461 -127 -85
240 76.53846153846153 -127 -85
241 45.92307692307691 -127 -85
242 15.30769230769229 -127 -85
243 -15.30769230769232 -127 -85
244 -45.92307692307693 -127 -85
245 -76.53846153846155 -127 -85
246 -107.1538461538462 -127 -85
247 -137.7692307692308 -127 -85
248 -168.3846153846154 -127 -85
249 -15.54545454545453 109 115
250 -31.09090909090907 109 115
251 -46.6363636363636 109 115
252 -62.18181818181807 109 115
253 -77.72727272727268 109 115
254 -93.2727272727272 109 115
255 -108.8181818181817 109 115
256 -124.3636363636363 109 115
257 -139.9090909090908 109 115
258 -155.4545454545454 109 115
259 -172.989634603778 108.800068455386 115
260 -174.9120556954094 108.2030331963837 115
261 -177.4289139090601 106.6595726357625 115
262 -179.381291416527 104.4547185209215 115
263 -180.5864948716478 101.8458939039552 115
264 -181 84.85714285714269 115
265 -181 70.71428571428569 115
266 -181 56.57142857142856 115
267 -181 42.42857142857144 115
268 -181 28.28571428571432 115
269 -181 14.14285714285719 115
270 -181 -84.85714285714269 115
271 -181 -70.71428571428569 115
272 -181 -56.57142857142856 115
273 -181 -42.42857142857144 115
274 -181 -28.28571428571432 115
275 -181 -14.14285714285719 115
276 -180.5864948716478 -101.8458939039552 115
277 -179.381291416527 -104.4547185209215 115
278 -177.4289139063345 -106.6595726380503 115
279 -174.9120556963024 -108.2030331960036 115
280 -172.9896346082463 -108.8000684544788 115
281 -15.54545454545453 -109 115
282 -31.09090909090907 -109 115
283 -46.6363636363636 -109 115
284 -62.18181818181807 -109 115
285 -77.72727272727268 -109 115
286 -93.2727272727272 -109 115
287 -108.8181818181817 -109 115
288 -124.3636363636363 -109 115
289 -139.9090909090908 -109 115
290 -155.4545454545454 -109 115
291 15.54545454545453 -109 115
292 31.09090909090907 -109 115
293 46.6363636363636 -109 115
294 62.18181818181807 -109 115
295 77.72727272727268 -109 115
296 93.2727272727272 -109 115
297 108.8181818181817 -109 115
298 124.3636363636363 -109 115
299 139.9090909090908 -109 115
300 155.4545454545454 -109 115
301 172.989634603778 -108.800068455386 115
302 174.9120556954094 -108.2030331963837 115
303 177.4289139090601 -106.6595726357625 115
304 179.381291416527 -104.4547185209215 115
305 180.5864948716478 -101.8458939039552 115
306 181 -84.85714285714269 115
307 181 -70.71428571428569 115
308 181 -56.57142857142856 115
309 181 -42.42857142857144 115
310 181 -28.28571428571432 115
311 181 -14.14285714285719 115
312 181 84.85714285714269 115
313 181 70.71428571428569 115
314 181 56.57142857142856 115
315 181 42.42857142857144 115
316 181 28.28571428571432 115
317 181 14.14285714285719 115
318 180.5864948716478 101.8458939039552 115
319 179.381291416527 104.4547185209215 115
320 177.4289139063345 106.6595726380503 115
321 174.9120556963024 108.2030331960036 115
322 172.9896346082463 108.8000684544788 115
323 15.54545454545453 109 115
324 31.09090909090907 109 115
325 46.6363636363636 109 115
326 62.18181818181807 109 115
327 77.72727272727268 109 115
328 93.2727272727272 109 115
329 108.8181818181817 109 115
330 124.3636363636363 109 115
331 139.9090909090908 109 115
332 155.4545454545454 109 115
333 -174.9120554197044 108.2030325480882 115
334 174.9120554205976 108.2030325477085 115
335 -174.9120554205976 -108.2030325477085 115
336 174.9120554197044 -108.2030325480882 115
337 172.9825950262439 -108.8008013117492 115
338 177.4268776105047 -106.6571489506074 115
339 180.5868740145337 -101.8345037597476 115
340 -172.9825950306807 -108.8008013108515 115
341 -177.4268776077809 -106.6571489528935 115
342 -180.5868740145337 -101.8345037597476 115
343 -172.9825950262439 108.8008013117492 115
344 -177.4268776105047 106.6571489506074 115
345 -180.5868740145337 101.8345037597476 115
346 172.9825950306807 108.8008013108515 115
347 177.4268776077809 106.6571489528935 115
348 180.5868740145337 101.8345037597476 115
349 177.9952395095133 -106.1422478240948 118.6965045620313
350 163.2272727272726 -109 122.5
351 69.95454545454535 -109 122.5
352 116.590909090909 -109 122.5
353 -163.2272727272727 -109 122.5
354 101.0454545454544 -109 122.5
355 147.6818181818181 -109 122.5
356 7.772727272727252 -109 122.5
357 -7.772727272727309 -109 122.5
358 23.31818181818181 -109 122.5
359 85.49999999999989 -109 122.5
360 38.86363636363635 -109 122.5
361 132.1363636363636 -109 122.5
362 -23.31818181818181 -109 122.5
363 -38.86363636363635 -109 122.5
364 54.40909090909082 -109 122.5
365 -147.6818181818181 -109 122.5
366 -101.0454545454545 -109 122.4999999999999
367 -69.95454545454547 -109 122.5
368 -132.1363636363636 -109 122.5
369 -85.49999999999997 -109 122.5
370 -54.40909090909088 -109 122.5
371 -116.5909090909091 -109 122.5
372 -177.9952344026528 -106.1422528153283 118.6964903743925
373 -181 -77.78571428571419 122.5
374 -181 63.64285714285723 122.5000000000001
375 -181 -49.49999999999997 122.5
376 -181 -91.19227107752724 122.5000000000001
377 -181 -7.071428571428569 122.5
378 -181 91.1922710775272 122.5000000000001
379 -181 -21.21428571428575 122.5
380 -181 -63.64285714285708 122.5
381 -181 -35.35714285714286 122.5
382 -181 77.78571428571432 122.5000000000001
383 -181 7.071428571428626 122.5
384 -181 21.21428571428581 122.5
385 -181 49.50000000000011 122.5
386 -181 35.35714285714299 122.5
387 -177.9952102775351 106.1422763941214 118.6964033820879
388 -163.2272727272726 109 122.5
389 -69.95454545454535 109 122.5
390 -116.590909090909 109 122.5
391 163.2272727272727 109 122.5
392 -101.0454545454544 109 122.5
393 -147.6818181818181 109 122.5
394 7.772727272727309 109 122.5
395 -23.31818181818181 109 122.5
396 -38.86363636363635 109 122.5
397 -85.49999999999989 109 122.5
398 -7.772727272727252 109 122.5
399 -132.1363636363636 109 122.5
400 23.31818181818181 109 122.5
401 38.86363636363635 109 122.5
402 -54.40909090909082 109 122.5
403 147.6818181818182 109 122.5
404 132.1363636363636 109 122.5
405 101.0454545454546 109 122.5
406 69.95454545454547 109 122.5
407 54.40909090909088 109 122.5
408 116.5909090909091 109 122.5
409 85.5 109 122.5
410 177.9952402432195 106.1422471070003 118.6965015785114
411 181 77.78571428571422 122.5
412 181 -63.64285714285723 122.5000000000001
413 181 -91.1922710775272 122.5000000000001
414 181 91.19227107752724 122.5000000000001
415 181 49.49999999999997 122.5
416 181 35.35714285714286 122.5
417 181 63.64285714285708 122.5
418 181 21.21428571428575 122.5
419 181 -7.071428571428584 122.5
420 181 -77.78571428571432 122.5000000000001
421 181 7.071428571428584 122.5
422 181 -49.50000000000011 122.5
423 181 -21.21428571428581 122.5
424 181 -35.35714285714299 122.5
425 71.14398273880229 -0.3754894929890143 130
426 -74.1399097119567 2.81912348590471 130
427 -0.4738640604760456 30.60781171562799 130
428 7.353944375066188 -38.2175333585801 130
429 -119.3137749057555 -46.80533551791608 130
430 117.2640850837828 45.60767867352842 130
431 116.954355810428 -42.8619429995791 130
432 -116.8116457065434 43.03022749210533 130
433 -44.74645669010938 -52.15021611924266 130
434 -53.57420167398366 51.84032411002555 130
435 54.0227543807783 53.73833362671978 130
436 57.85742415386252 -52.88654896482279 130
437 132.9175526282675 1.580098144129157e-14 130
438 -132.9175526282675 -1.580098144129157e-14 130
439 -26.63569584810308 -9.145979224248798 130
440 27.44091210210582 -1.318549855323688 130
441 17.92047517454851 68.70636823052494 130
442 -84.40073063904096 -69.17427656449063 130
443 -143.4180583135366 -72.32135272480073 130
444 142.9583427054153 72.94400206049086 130
445 142.9599989254733 -73.74423067202619 130
446 -142.9965886127768 72.97911704941754 130
447 -14.05854295899901 -67.80622545765299 130
448 -88.47639077689291 70.96468893434891 130
449 89.62871441842488 72.69556948977095 130
450 -19.24857882564741 69.55034400004369 130
451 27.30640259788443 -71.41731678808094 130
452 90.19006232743429 -70.23290294501007 130
453 -150.5115892334921 -30.70422732369376 130
454 148.619216286997 35.35714285714285 130
455 -148.7615763992657 34.65399139442585 130
456 148.619216286997 -35.35714285714304 130
457 -85.74707159016852 -32.05155553892182 130
458 -84.61248557439416 31.24568696991275 130
459 83.40346909998442 31.7886758811238 130
460 -33.92019687287581 25.90633651704831 130
461 87.12487006425805 -28.50927308120309 130
462 27.88680701339833 30.1230624090356 130
463 35.99637624043137 -32.50616317739992 130
464 -103.8786331152006 -6.082822073174428 130
465 102.0704411627832 7.314079776090322 130
466 -114.8636406077919 -80.1431237748003 130
467 -53.60814590824104 -78.93659645139347 130
468 159.466719326346 93.44785667954147 130
469 -159.2677406743441 -93.35416487320532 130
470 160.7826660009524 -91.38410230082933 130
471 -159.466719326346 93.44785667954142 130
472 -22.00962780433475 -37.03633071984182 130
473 -52.47841515185153 -24.2097862140762 130
474 -114.7888699850194 79.3927293410817 130
475 114.7888699850195 79.39272934108169 130
476 40.96456192745659 79.88765263194786 130
477 53.45638742186803 -82.21282608798062 130
478 -55.03603125905322 81.46737334481546 130
479 2.11159730026335 -12.47210193545645 130
480 -109.0225190171889 18.6975858460658 130
481 118.1153297307046 -82.19154857808338 130
482 114.0890875000947 -18.1270321845309 130
483 57.22605959564098 22.80677831797078 130
484 -156.9587763141337 -7.071428571428626 130
485 155.595588327187 10.87840197613573 130
486 -59.79050913438569 23.06756954773064 130
487 66.95233774518529 83.83354966758019 130
488 6.573705714706752 -85.61479080892747 130
489 -22.73424349084262 47.82452087630647 130
490 62.45090542504015 -23.61926503828341 130
491 -1.784976913768925 85.14620967625402 130
492 124.3949523321484 22.78883548625838 130
493 -124.201780695245 -22.70324987505424 130
494 -49.25033201210644 1.527920172595697 130
495 -10.68389623269828 9.911962279497029 130
496 -31.50343790779828 -87.40181613154084 130
497 -155.4332936499551 15.00614048884447 130
498 158.609911952836 -15.28698888853084 130
499 -160.1431949174015 -55.78426935487451 130
500 160.1431949174015 55.78426935487451 130
501 -159.2495331871851 55.22082408746431 130
502 159.2495331871851 -55.22082408746431 130
503 5.429056025696879 -61.99309461441074 130
504 -131.2683100588735 23.06279868121466 130
505 -71.21944318035654 -50.80707742655304 130
506 75.18873227103727 -86.44059609053662 130
507 32.01042900788963 53.27746278735652 130
508 95.73620023760448 -50.72802008659465 130
509 49.66384309705914 -7.586550126907284 130
510 23.31818181818183 88.94826017396785 130
511 13.19330622683165 11.20035102338937 130
512 1.060337994573414 53.13268483234668 130
513 27.20521325867011 -47.6130332861954 130
514 -74.83549492249583 87.92834898017668 130
515 -94.08722388820424 -54.47346943875301 130
516 -96.22313113888872 50.88684387987975 130
517 96.74959462133745 52.13920093270182 130
518 -73.75361159705504 -89.7336446892115 130
519 -132.9730332181286 -87.50343998097961 130
520 91.11764890280216 -10.21400088537815 130
521 -34.33439118090174 88.17005336319531 130
522 132.7543133477969 -23.65672373691374 130
523 -74.95995979318472 54.61511182198876 130
524 75.45168513734285 54.40589310178842 130
525 -94.54903178071407 -88.47716877411676 130
526 20.83460899947465 -19.14277745333302 130
527 -133.875810484006 -52.78937455620733 130
528 136.5896784449741 52.23955536932677 130
529 136.3746706233395 -52.52178506360953 130
530 -136.1371549654745 52.87176022861991 130
531 -85.68291856101825 14.20808489170768 130
532 -99.95134881818092 -30.51783110713846 130
533 -101.1630830341733 88.50786857901295 130
534 97.84098471247356 86.37459637471925 130
535 134.0877342552344 89.62025140390908 130
536 -134.0877342552343 89.62025140390899 130
537 104.4883386266333 30.60737637155989 130
538 38.12300132032072 -88.22299626972492 130
539 -27.0396742536753 -56.611896908839 130
540 101.3424446681476 -91.97984698082075 130
541 -40.62751481049722 67.55896817384581 130
542 112.6883034266357 -65.32261156697 130
543 135.0450524960616 -88.84302046813482 130
544 42.56233291495566 13.78769543856253 130
545 -13.45836394074868 -87.41354270911947 130
546 -162.1138969301414 -72.39078683443768 130
547 162.0966285124195 72.41591756733568 130
548 -162.0882341230261 72.41776958209174 130
549 161.4500070941966 -73.09480698132506 130
550 -8.784488588124628 -52.77463218257134 130
551 141.0371229165914 17.74944644853453 130
552 -71.6187073717615 -23.91551565708625 130
553 74.59195493070766 -69.41524145111035 130
554 -139.6888202437877 -15.37709698625319 130
555 44.71544967353347 -60.19480166360673 130
556 84.54495893724273 14.74112246560382 130
557 -163.5577759517136 -26.05167845931257 130
558 162.6051538569342 24.6183756276343 130
559 20.79444418746848 41.06690652200895 130
560 -38.14849134715135 44.13088061032016 130
561 110.8524683359515 60.04144023294884 130
562 -112.495214539792 65.12764954551473 130
563 -164.4887511707379 38.29015656502609 130
564 162.8329744073297 -35.32118169758694 130
565 -6.38986143928793 -27.48311070777222 130
566 76.76703382460275 -47.29586031077174 130
567 -39.972451006631 -35.71241870725004 130
568 -40.38576565426639 -69.28837665257907 130
569 -120.3924343553825 -63.28064597792589 130
570 -70.48244043113334 71.78643550603347 130
571 103.2533536284235 -35.90054139626362 130
572 67.53091669758753 41.2376258990147 130
573 -68.1149011119406 41.25358296247585 130
574 -18.30551251733269 90.66731969155177 130
575 -115.6114383870896 3.397792617461924 130
576 -63.66648926066176 -37.18940057707739 130
577 -15.30059217318255 24.68900285965632 130
578 -26.93472572638285 9.941156170416573 130
579 57.03663630828294 70.47139024545612 130
580 -66.789577594398 -65.34802490369675 130
581 50.39184806811896 39.27842605375867 130
582 -128.4107693925421 66.45044510695651 130
583 128.2753357737008 65.98895368286937 130
584 128.0870487013741 -66.63628298500866 130
585 54.75145889282849 -36.36277009210599 130
586 -90.88297393706976 -17.59450403095339 130
587 53.21261798103609 93.48430895265777 130
588 132.2387230712098 38.60329640229 130
589 -132.8035012760656 -35.66514219779796 130
590 -101.3554275583975 37.13853993797047 130
591 -4.226189076950817 70.27606640653494 130
592 -101.1880228184077 -67.21631063657297 130
593 117.0068349120809 -3.304319645008665 130
594 -164.9438922061686 -40.36233031527217 130
595 164.6698585909956 40.7640192610107 130
596 -145.3393246267923 -96.93136375300477 130
597 -119.5556407014257 -97.26922095224099 130
598 83.70304431856053 95.2340735454969 130
599 23.42820627786854 -96.28279247658554 130
600 37.16044078939419 -13.62879186843393 130
601 132.2575938799219 -41.1691315017417 130
602 -35.66642825135351 -20.88538466064639 130
603 -141.3725401273958 12.52874817424158 130
604 32.2073311291695 68.49521846639963 130
605 75.88535010898498 -15.02873603381521 130
606 -45.3605858167844 -92.92500947553822 130
607 36.42346937868819 96.80013946890905 130
608 -146.4500296337354 96.65033266204364 130
609 146.4500296337354 96.6503326620437 130
610 74.35352925020845 68.69636175921498 130
611 -132.4634824164457 38.67138252552229 130
612 117.6432056374882 94.16417955398177 130
613 -117.6391654029029 94.86189679808459 130
614 -61.61659205634496 -7.909736379095158 130
615 56.25985330914682 4.598749970210145 130
616 143.1497000729394 -10.38720576953514 130
617 -50.61939208559466 35.11044810829602 130
618 171.0303499606926 -97.36108213547104 130
619 -170.8139320568914 -97.64251964581044 130
620 170.842357578606 97.65590418957274 130
621 -170.842357578606 97.65590418957278 130
622 -20.61289404841417 -21.77405246989424 130
623 -72.12997931578705 15.24433208749763 130
624 -88.91226303413495 -1.716580605053309 130
625 29.19558372093114 15.61257830952994 130
626 9.72871646270953 95.21288223435373 130
627 -60.76983565490288 -94.12249840517092 130
628 149.5839085397004 -85.05156790473058 130
629 62.6737844104708 -94.08193654348881 130
630 166.9383243771082 -3.709420671114745 130
631 -165.5548508525719 4.376511748566267 130
632 -51.63231454866367 94.35961963423529 130
633 -28.97281185807915 58.95631999350299 130
634 -45.17540968712889 15.06486204532319 130
635 -118.8880774302946 29.06881711634611 130
636 20.35208811696946 -35.50460735466463 130
637 13.40777356074262 -3.074236222072579 130
638 119.9701681188492 -96.9311219234623 130
639 -11.62002256498999 -4.421334449687063 130
640 72.57981946773776 24.48076414797367 130
641 39.44436788831512 -73.29346396456769 130
642 -99.91758303791138 8.162881679777673 130
643 -100.900890050918 75.05357366576085 130
644 102.3603077654755 73.65879206512217 130
645 -129.1841500833155 -73.46592024612943 130
646 72.21030223604504 -33.93021189031031 130
647 41.82048845334843 -47.03215519121612 130
648 86.39810849351778 -96.16992947763836 130
649 58.34391410517131 -67.60683353626592 130
650 -86.36751846619723 96.72530339946977 130
651 13.62031517532749 26.8461990078081 130
652 118.9130878837578 -31.72790080398861 130
653 -53.26763387241559 -64.76424360593955 130
654 -52.77140764430829 66.75219916425984 130
655 48.7373538819871 -95.179219764092 130
656 -168.2031373410891 21.19916462233223 130
657 170.137072901302 -21.21428571428583 130
658 85.09883698861995 -57.01117413194275 130
659 7.788068979476831 -25.46732723303439 130
660 -60.35045531961828 8.302345159992782 130
661 -171.2638240406851 51.23076755906957 130
662 170.9326686880034 -50.63697258558175 130
663 16.9421541853959 55.29224918931368 130
664 -84.65583578096795 -97.11921734300546 130
665 43.83677034851279 63.0488041229919 130
666 -25.38937445081044 -98.26518006160714 130
667 101.440128703856 -75.9676156779129 130
668 10.70057564696763 78.3878622124037 130
669 -13.52479108245547 56.9801329989911 130
670 13.91914024992011 -73.06224910899275 130
671 -0.9884597838538838 -73.14023237346261 130
672 -95.31521135463953 23.44074242635192 130
673 -170.9203182701793 61.23101510286803 130
674 -170.8739722157494 -61.35196805852749 130
675 170.8705185322051 61.3569942051071 130
676 170.726441793877 -61.24766358801711 130
677 -83.18713457389212 -46.84403927133505 130
678 98.64672207515159 -21.15066663305293 130
679 145.4852711727857 -97.30850103123825 130
680 8.315780560179515 -99.56865361590224 130
681 -108.0755831553715 -55.11322103097148 130
682 -121.9707585873513 -8.729053571086659 130
683 152.3944694528514 83.31363045030639 130
684 -152.3970078472364 83.31677390300047 130
685 49.97737939143684 -21.21264089291146 130
686 -152.2311531127962 -83.06844554512973 130
687 104.5861469105825 -9.096387914376063 130
688 62.08254419162104 -10.08509049407891 130
689 68.99916259019147 97.86929971193959 130
690 -9.278123209676357 41.58943900123985 130
691 -27.49761544855092 -73.78003685177258 130
692 -44.76898649145913 -10.48443842607621 130
693 168.3711482642532 12.67501799299338 130
694 -168.3711482642532 -12.67501799299338 130
695 -5.298937487106588 97.48745863836884 130
696 1.095994411382844 3.169409603917011 130
697 19.57368892749234 -60.89658960039186 130
698 -145.9836648383591 0.0187454583984376 130
699 -72.37051666257673 27.3246990360932 130
700 83.13280080120457 1.379728201611872 130
701 0.2418772245308511 17.7374560816493 130
702 122.6563151888417 9.470366440755392 130
703 96.41934751159289 21.55115665641473 130
704 111.0161308094841 20.74969266755181 130
705 126.4416850169606 -10.76373434245419 130
706 -109.477606031975 -19.72654703181141 130
707 -103.7497581326015 -96.44400674214495 130
708 -69.95454545454535 99.16399789911637 130
709 -24.49824256369562 35.60713017012993 130
710 82.49572208897055 81.36683016735645 130
711 148.5744771024412 -23.13411369904179 130
712 -51.99844036320111 -40.83098467530799 130
713 145.3448026078157 2.771034068095612 130
714 -115.4162869082685 -33.06724059448985 130
715 115.9996280780068 33.00127354677704 130
716 64.85095462785101 -79.95148674187647 130
717 -4.140783257959783 -40.6351182033264 130
718 -148.3544246891212 47.61773992893131 130
719 148.2777851919354 -47.61261838263493 130
720 -146.8395931551222 -59.57543870361192 130
721 146.762988670342 59.98737892247697 130
722 -125.6970546231219 11.545081218455 130
723 -171.1695139716755 -51.29952962341378 130
724 171.1298729290016 51.35763177945922 130
725 84.69684378669226 45.9141037957603 130
726 -84.6968437866922 45.91410379576028 130
727 -37.69076419770794 1.216981760753256 130
728 130.8019492054495 -78.11915378546838 130
729 10.36590150155843 -48.93625987883135 130
730 -38.86363636363633 99.54281183646629 130
731 40.65184892669599 27.1904212782592 130
732 -93.67384773591061 -41.53544778796756 130
733 -98.75829792596267 62.08099404627472 130
734 97.28796032995291 63.43013860070108 130
735 64.8905199226227 59.71816034481365 130
736 -86.57405130671172 83.20515225809824 130
737 95.03539239491298 38.10334571062528 130
738 -84.5428097367422 -82.73699188619948 130
739 128.0644197835414 78.8834982654861 130
740 -128.0644197835411 78.88349826548618 130
741 -13.76455609940596 79.37489320444769 130
742 87.8769913555297 -83.03490604748957 130
743 -142.6685641562791 25.01122782844294 130
744 -148.6870369163422 -46.67625282613004 130
745 148.1706099969866 47.12261036118696 130
746 146.9580614974384 -60.63396041897428 130
747 -147.4692737739223 60.15357188130008 130
748 -42.62784950416797 56.70916906461639 130
749 -86.39346655724518 58.89229598549544 130
750 86.36138792399312 59.54687794665625 130
751 -123.5000692216318 53.85247361170248 130
752 124.7286636258479 54.74237965377063 130
753 -33.4420524386876 -45.37771561379338 130
754 123.8476461428881 -54.28631638091412 130
755 -134.7420092782725 -64.28654644173506 130
756 -43.81079734586415 79.28809800658837 130
757 -64.30851460236428 58.43086669478089 130
758 35.85541189716866 40.26500380560331 130
759 70.1936930082332 11.82961817615522 130
760 100.8398564109356 99.87682006753394 130
761 -101.0454545454545 100.2717560798842 130
762 40.26666755280183 1.554980953432119 130
763 98.77415063515085 -61.95581892261674 130
764 -27.50381746813205 98.875443621857 130
765 151.9642703469273 22.15084172736185 130
766 108.5423349801884 -51.84254189215636 130
767 -157.1004830287588 27.05731688229624 130
768 -169.906105362239 -82.21704801013837 130
769 169.906105362239 82.21704801013837 130
770 -169.906105362239 82.21704801013841 130
771 170.3239257882337 -82.67813984238053 130
772 -3.383975321382835 -98.0343136882796 130
773 -152.9622500546543 -18.23110237888918 130
774 25.0222251392648 76.8850723430488 130
775 153.9276654675773 -3.146835856989879 130
776 -71.66493194300192 -99.63713556838252 130
777 25.58016987937233 -82.4789727997599 130
778 -41.87834032317101 -81.04901508408753 130
779 23.31818181818184 100.4806150548809 130
780 -77.9799145860877 -9.840611513596647 130
781 -105.0863442352819 -43.58542424620607 130
782 105.4402242844485 43.65626295345521 130
783 54.54153849049023 81.91922537441047 130
784 132.1363636363636 -100.5723155137349 130
785 -64.38816532317828 86.94115507287546 130
786 -79.92202640734756 -57.64103415508264 130
787 7.718418878618304 64.62259514661577 130
788 73.41497029574302 -98.297346127251 130
789 -100.7511519859555 -79.31742166733207 130
790 -58.61467349352371 -51.84832455130289 130
791 -5.199522271102145 -63.30158904339467 130
792 7.11087737876881 41.42254837805754 130
793 38.40428158151296 -100.306885220522 130
794 65.68014687609218 -44.28974175535953 130
795 -132.3447790131145 -100.1740553078329 130
796 -132.1363636363636 100.7706049667739 130
797 132.1363636363637 100.7706049667739 130
798 31.7775569813968 -60.46375848615691 130
799 -68.32018985150295 -80.109795599477 130
800 -29.27477153816255 76.46988376910039 130
801 -11.97468860524875 -15.5416705339757 130
802 -35.5172374364134 -98.72083396694896 130
803 87.0872558742744 -42.24018926261477 130
804 -108.0234348796331 51.96747281422444 130
805 -75.08776919536808 -38.16151769419471 130
806 43.22344274049367 49.92160607928604 130
807 70.71058094682814 -56.63399729811547 130
808 199 -8.999125937275551 15
809 199 63.92181032118356 51.01515785085647
810 199 -55.83783220310158 46.93223151795499
811 199 62.62214902353631 -9.11468357475114
812 199 8.093109032556569 63.33038917431445
813 199 -64.65745845005608 -16.85461127636697
814 199 -25.81996194138131 80.50900943267436
815 199 89.70774619760165 77.67471554729786
816 199 -92.85420461491054 79.16396216516196
817 199 12.69385070849515 -33.45274305027806
818 199 42.40107991870497 81.12040068844651
819 199 -58.33946985167063 83.40916992048251
820 199 31.04195325292326 26.00108725916328
821 199 88.00286098867457 20.12542267015027
822 199 -87.3702761655646 19.2585682347889
823 199 -29.11655186028966 -37.90537614440376
824 199 90.15591462680828 -42.9743063442034
825 199 -94.34550037180009 -42.23827302445341
826 199 8.179306105316272 85.20396094134304
827 199 -29.44085217547286 42.97313741415662
828 199 48.69472109975145 -59.27415155476587
829 199 93.33212499848831 49.14332738252637
830 199 65.56075312898763 86.53239133518713
831 199 -94.52331190367335 50.16934210109753
832 199 -54.24049902114771 20.38760379773593
833 199 106.7175078923178 93.50611745518678
834 199 -105.2426685464138 93.21108054525436
835 199 30.25150496530323 -4.937730407093994
836 199 35.90748177222747 55.15856191106483
837 199 -8.723608548973317 96.73331065141754
838 199 -80.07042470940348 95.98182209816801
839 199 -101.6072073420494 -9.243391425272421
840 199 -32.32770751210245 -3.694619656057228
841 199 97.56121714188433 -13.92950309649743
842 199 26.99741515768586 97.69667612282372
843 199 -61.88674483503365 -51.86276141699182
844 199 -41.17259912566308 94.28947122810058
845 199 58.09470242305741 22.76726838465494
846 199 24.31567839729823 76.50199776759851
847 199 46.52401040061525 99.62933450719822
848 199 -44.90094265995486 66.02837189412629
849 199 -5.975893149513837 37.93446465855681
850 199 82.70226866243242 97.94583058054452
851 199 108.7557341161205 65.53785122808594
852 199 -10.95419677047241 -60.60633715316459
853 199 -108.4735822628492 66.22409314532814
854 199 -62.99479146086088 100.1434586114642
855 199 -2.272476055268214 -8.931135156612783
856 199 -7.562626855733214 77.08325920644666
857 199 21.08905326986624 -59.13107844195412
858 199 70.85487810550882 70.27123057710484
859 199 -72.19167100461937 65.6934341328698
860 199 -26.24369003525177 100.9114404032777
861 199 78.10350537746947 -62.02627933695956
862 199 110.6656228933842 14.76674598644514
863 199 -110.7639492763029 14.96609554062627
864 199 104.4703354494137 -62.45785657114405
865 199 -17.60119462491656 61.30977196337921
866 199 -104.2718150904145 -64.39943580931254
867 199 40.44893642568768 -33.88278329821827
868 199 64.15532302275123 102.821511284586
869 199 -82.11549857864918 -66.00250257106632
870 199 17.37625950217927 43.57033024740687
871 199 8.890272917715876 101.9267895431169
872 199 -39.39307795857425 -62.86079660970765
873 199 -30.92642646831044 20.43194055591903
874 199 12.91926029721388 13.14837695502996
875 199 67.3423394871736 -37.38631276046664
876 199 113.7640363363623 40.52812874227843
877 199 -113.8301432967538 40.52812874227843
878 199 76.56296535467222 36.22030252088869
879 199 -75.76306566615187 39.35235184727691
880 199 117.1951787922054 104.9429657292363
881 199 -117.531603638252 105.6328727308792
882 199 110.4937374500282 -42.1054923122847
883 199 55.20230344111701 68.13632789106431
884 199 -94.0102261668226 101.5806355204369
885 1.886091402733001 127 16.03587421992761
886 -103.6440165220875 127 18.78944589909216
887 103.6440165218029 127 18.78944589916603
888 157.6708203743163 127 66.41315578632201
889 -157.6708203744824 127 66.41315578648513
890 -37.18802718773296 127 56.38818286906348
891 39.0191913812817 127 56.14115204690267
892 -91.90539609851871 127 69.56719368891018
893 91.90539609825606 127 69.56719368890154
894 140.704982411709 127 -27.85618273930561
895 -140.7049824117685 127 -27.85618273935296
896 -50.80198158859972 127 -25.74409323996846
897 49.58308678747588 127 -19.5815900194479
898 0.2262500018659352 127 75.57593384818682
899 -151.1561584898753 127 21.37447853653276
900 151.1561584898739 127 21.37447853644453
901 2.842170943040401e-14 127 -36.3576927450375
902 -59.685949711739 127 83.45865956979972
903 59.68594971148025 127 83.45865956979988
904 93.57863746812495 127 -40.01857201475642
905 -93.57863746827664 127 -40.01857201480146
906 124.2432574692321 127 84.49873652376397
907 118.7676558714797 127 44.58942802155923
908 -124.2432574695025 127 84.4987365238426
909 -118.7676558718425 127 44.58942802158562
910 -54.01116714610967 127 16.88207667602715
911 56.1404598403094 127 11.21225124150605
912 169.0514850206665 127 84.29245479588243
913 -169.0514850207915 127 84.29245479600306
914 -27.26678923654532 127 85.68070890432612
915 27.2667892362868 127 85.68070890432625
916 -65.8574575920062 127 58.17603125257779
917 65.97424102247453 127 58.16027673585862
918 163.4401234239407 127 -42.72603256903653
919 -163.4401234239796 127 -42.72603256906098
920 -92.81950586135363 127 93.42111554831968
921 92.81950586109463 127 93.42111554829094
922 -9.634870785941303 127 42.74262731379562
923 145.9474106098939 127 88.8966308129059
924 -145.9474106101309 127 88.89663081301913
925 -28.70782080315504 127 -52.05622104853157
926 27.77066744949803 127 -50.61720388763302
927 -171.1286599852417 127 43.83416748796571
928 171.1286599852455 127 43.83416748789472
929 173.1750711418773 127 -18.80349090981699
930 -173.1750711418737 127 -18.80349090981881
931 121.9479900232033 127 -54.42809670420974
932 -121.9479900232858 127 -54.42809670423838
933 -63.73935910114827 127 -54.43300271878192
934 63.73935910110129 127 -54.43300271885045
935 -74.50094371022107 127 -6.337125457988023
936 79.41227419116757 127 -6.992131516551026
937 0.02308673476821355 127 96.92737873328056
938 125.4298839275936 127 5.598095977333628
939 -125.4298839277017 127 5.598095977200458
940 -73.05074711696869 127 96.78064135678007
941 73.05074711670977 127 96.78064135677678
942 -17.78773572795549 127 -12.43043184833989
943 16.29367614226069 127 -13.78742413398854
944 19.05809399023443 127 41.8884124108025
945 -180.3741566194497 127 68.06888330026081
946 180.3741566193871 127 68.06888330018521
947 113.1365401983409 127 98.81383826971116
948 -113.1365401985999 127 98.81383826976524
949 129.4624761794568 127 100.4418411212762
950 -129.4624761797138 127 100.4418411213254
951 -40.13640490321333 127 96.54352254381698
952 40.13640490295469 127 96.54352254381706
953 -175.6664975267542 127 12.66401302715246
954 175.6664975268125 127 12.66401302713405
955 -76.16363637906204 127 78.91433046947219
956 76.1803197260495 127 78.91207982422085
957 -92.52969545491085 127 47.06871133185082
958 92.5435982440041 127 47.06683579415949
959 -29.91466807478631 127 22.77320518812607
960 -17.68186297647335 127 68.57415293923727
961 20.41855547164977 127 68.41683212135817
962 -19.20879183902423 127 99.99593956618537
963 19.21271815422426 127 99.99593956618544
964 110.7862974239334 127 -17.48457351638717
965 -109.9677423438902 127 -17.37540584001468
966 143.3803627173999 127 45.11256894569692
967 -143.3803627176411 127 45.11256894575142
968 -0.1338790505224097 127 -62.17230400651812
969 182.2969722714936 127 99.00550703091733
970 -182.2969722715872 127 99.00550703097159
971 -57.508996429554 127 101.1650835252595
972 57.50899642929522 127 101.1650835252591
973 27.79527281810334 127 13.20220926994594
974 92.11783934571412 127 -64.60514716928029
975 -92.11783934573468 127 -64.60514716929288
976 -51.64906445126701 127 36.99428180560189
977 46.54354355130718 127 35.22603579120633
978 -112.2624025875905 127 66.13186906229333
979 -133.7119849385317 127 65.94039819216287
980 112.2635847972824 127 66.13170957779484
981 133.7121819732673 127 65.94037161134048
982 161.1548197630544 127 99.1184522263043
983 -161.1548197632408 127 99.11845222641014
984 -128.4756155058296 127 27.09280347603249
985 128.47561550563 127 27.09280347604006
986 -41.44448719657402 127 75.32900088133869
987 41.44448719631546 127 75.32900088133879
988 -73.69872414610039 127 28.59557025119364
989 74.04302222851089 127 27.24378565755759
990 106.8736568848412 127 82.48651872169249
991 -106.873420443113 127 82.48655061862621
992 -152.0010484671255 127 -1.763848468780736
993 152.0010484671171 127 -1.76384846878679
994 71.52878668482242 127 -30.81426180291402
995 -70.65523046706141 127 -31.63319835788496
996 176.4419546676079 127 -62.59067851035422
997 -176.4419546676277 127 -62.59067851036559
998 -12.19009646310414 127 87.05716991218074
999 12.19009646284567 127 87.05716991218083
1000 147.5816721896643 127 -61.90564967454361
1001 -147.5816721897182 127 -61.90564967457826
1002 186.1646623188573 127 84.55330013200684
1003 -186.1646623189291 127 84.55330013208088
1004 -41.03202823563942 127 -1.259405261774504
1005 183.4623337832602 127 -42.75426198812511
1006 -183.4623337832749 127 -42.75426198812508
1007 2.477233140267089 127 59.43959172667608
1008 -199 8.999125937275551 15
1009 -199 -63.92181032118356 51.01515785085647
1010 -199 55.83783220310158 46.93223151795499
1011 -199 -62.62214902353631 -9.11468357475114
1012 -199 -8.093109032556569 63.33038917431445
1013 -199 64.65745845005608 -16.85461127636697
1014 -199 25.81996194138131 80.50900943267436
1015 -199 -89.70774619760165 77.67471554729786
1016 -199 92.85420461491054 79.16396216516196
1017 -199 -12.69385070849515 -33.45274305027806
1018 -199 -42.40107991870497 81.12040068844651
1019 -199 58.33946985167063 83.40916992048251
1020 -199 -31.04195325292326 26.00108725916328
1021 -199 -88.00286098867457 20.12542267015027
1022 -199 87.3702761655646 19.2585682347889
1023 -199 29.11655186028966 -37.90537614440376
1024 -199 -90.15591462680828 -42.9743063442034
1025 -199 94.34550037180009 -42.23827302445341
1026 -199 -8.179306105316272 85.20396094134304
1027 -199 29.44085217547286 42.97313741415662
1028 -199 -48.69472109975145 -59.27415155476587
1029 -199 -93.33212499848831 49.14332738252637
1030 -199 -65.56075312898763 86.53239133518713
1031 -199 94.52331190367335 50.16934210109753
1032 -199 54.24049902114771 20.38760379773593
1033 -199 -106.7175078923178 93.50611745518678
1034 -199 105.2426685464138 93.21108054525436
1035 -199 -30.25150496530323 -4.937730407093994
1036 -199 -35.90748177222747 55.15856191106483
1037 -199 8.723608548973317 96.73331065141754
1038 -199 80.07042470940348 95.98182209816801
1039 -199 101.6072073420494 -9.243391425272421
1040 -199 32.32770751210245 -3.694619656057228
1041 -199 -97.56121714188433 -13.92950309649743
1042 -199 -26.99741515768586 97.69667612282372
1043 -199 61.88674483503365 -51.86276141699182
1044 -199 41.17259912566308 94.28947122810058
1045 -199 -58.09470242305741 22.76726838465494
1046 -199 -24.31567839729823 76.50199776759851
1047 -199 -46.52401040061525 99.62933450719822
1048 -199 44.90094265995486 66.02837189412629
1049 -199 5.975893149513837 37.93446465855681
1050 -199 -82.70226866243242 97.94583058054452
1051 -199 -108.7557341161205 65.53785122808594
1052 -199 10.95419677047241 -60.60633715316459
1053 -199 108.4735822628492 66.22409314532814
1054 -199 62.99479146086088 100.1434586114642
1055 -199 2.272476055268214 -8.931135156612783
1056 -199 7.562626855733214 77.08325920644666
1057 -199 -21.08905326986624 -59.13107844195412
1058 -199 -70.85487810550882 70.27123057710484
1059 -199 72.19167100461937 65.6934341328698
1060 -199 26.24369003525177 100.9114404032777
1061 -199 -78.10350537746947 -62.02627933695956
1062 -199 -110.6656228933842 14.76674598644514
1063 -199 110.7639492763029 14.96609554062627
1064 -199 -104.4703354494137 -62.45785657114405
1065 -199 17.60119462491656 61.30977196337921
1066 -199 104.2718150904145 -64.39943580931254
1067 -199 -40.44893642568768 -33.88278329821827
1068 -199 -64.15532302275123 102.821511284586
1069 -199 82.11549857864918 -66.00250257106632
1070 -199 -17.37625950217927 43.57033024740687
1071 -199 -8.890272917715876 101.9267895431169
1072 -199 39.39307795857425 -62.86079660970765
1073 -199 30.92642646831044 20.43194055591903
1074 -199 -12.91926029721388 13.14837695502996
1075 -199 -67.3423394871736 -37.38631276046664
1076 -199 -113.7640363363623 40.52812874227843
1077 -199 113.8301432967538 40.52812874227843
1078 -199 -76.56296535467222 36.22030252088869
1079 -199 75.76306566615187 39.35235184727691
1080 -199 -117.1951787922054 104.9429657292363
1081 -199 117.531603638252 105.6328727308792
1082 -199 -110.4937374500282 -42.1054923122847
1083 -199 -55.20230344111701 68.13632789106431
1084 -199 94.0102261668226 101.5806355204369
1085 -1.886091402732973 -127 16.03587421992761
1086 103.6440165220875 -127 18.78944589909213
1087 -103.6440165218029 -127 18.78944589916603
1088 -157.6708203743163 -127 66.41315578632204
1089 157.6708203744824 -127 66.41315578648513
1090 37.18802718773296 -127 56.38818286906349
1091 -39.01919138128164 -127 56.14115204690269
1092 91.90539609851869 -127 69.56719368891017
1093 -91.90539609825606 -127 69.5671936889016
1094 -140.7049824117091 -127 -27.85618273930561
1095 140.7049824117685 -127 -27.85618273935299
1096 50.80198158859974 -127 -25.74409323996846
1097 -49.58308678747588 -127 -19.58159001944793
1098 -0.2262500018659352 -127 75.57593384818681
1099 151.1561584898753 -127 21.37447853653276
1100 -151.1561584898739 -127 21.37447853644454
1101 -2.842170943040401e-14 -127 -36.3576927450375
1102 59.685949711739 -127 83.45865956979975
1103 -59.68594971148025 -127 83.45865956979988
1104 -93.57863746812495 -127 -40.01857201475639
1105 93.57863746827661 -127 -40.01857201480152
1106 -124.2432574692322 -127 84.49873652376402
1107 -118.7676558714797 -127 44.5894280215593
1108 124.2432574695025 -127 84.4987365238426
1109 118.7676558718425 -127 44.58942802158562
1110 54.01116714610967 -127 16.88207667602714
1111 -56.14045984030938 -127 11.21225124150607
1112 -169.0514850206665 -127 84.29245479588245
1113 169.0514850207915 -127 84.29245479600307
1114 27.26678923654529 -127 85.6807089043261
1115 -27.2667892362868 -127 85.68070890432624
1116 65.85745759200614 -127 58.17603125257781
1117 -65.97424102247453 -127 58.16027673585864
1118 -163.4401234239408 -127 -42.72603256903653
1119 163.4401234239796 -127 -42.72603256906098
1120 92.81950586135363 -127 93.42111554831969
1121 -92.81950586109457 -127 93.42111554829096
1122 9.634870785941359 -127 42.74262731379565
1123 -145.9474106098939 -127 88.89663081290593
1124 145.9474106101309 -127 88.89663081301913
1125 28.70782080315502 -127 -52.0562210485316
1126 -27.77066744949803 -127 -50.61720388763302
1127 171.1286599852417 -127 43.8341674879657
1128 -171.1286599852455 -127 43.83416748789473
1129 -173.1750711418773 -127 -18.80349090981699
1130 173.1750711418737 -127 -18.80349090981878
1131 -121.9479900232034 -127 -54.42809670420974
1132 121.9479900232858 -127 -54.42809670423838
1133 63.73935910114827 -127 -54.43300271878201
1134 -63.73935910110123 -127 -54.43300271885045
1135 74.50094371022104 -127 -6.337125457988023
1136 -79.41227419116757 -127 -6.992131516551055
1137 -0.02308673476824197 -127 96.92737873328053
1138 -125.4298839275936 -127 5.598095977333628
1139 125.4298839277018 -127 5.598095977200458
1140 73.05074711696871 -127 96.78064135678008
1141 -73.05074711670977 -127 96.78064135677678
1142 17.78773572795549 -127 -12.43043184833989
1143 -16.29367614226072 -127 -13.78742413398857
1144 -19.0580939902344 -127 41.88841241080253
1145 180.3741566194497 -127 68.06888330026081
1146 -180.3741566193871 -127 68.06888330018521
1147 -113.1365401983409 -127 98.81383826971116
1148 113.1365401985999 -127 98.81383826976523
1149 -129.4624761794569 -127 100.4418411212762
1150 129.4624761797138 -127 100.4418411213254
1151 40.13640490321333 -127 96.54352254381698
1152 -40.13640490295469 -127 96.54352254381706
1153 175.6664975267542 -127 12.66401302715246
1154 -175.6664975268125 -127 12.66401302713405
1155 76.16363637906204 -127 78.91433046947219
1156 -76.1803197260495 -127 78.91207982422088
1157 92.52969545491082 -127 47.06871133185084
1158 -92.5435982440041 -127 47.06683579415952
1159 29.91466807478628 -127 22.77320518812607
1160 17.68186297647333 -127 68.57415293923728
1161 -20.41855547164977 -127 68.4168321213582
1162 19.20879183902423 -127 99.99593956618536
1163 -19.21271815422426 -127 99.99593956618543
1164 -110.7862974239335 -127 -17.48457351638717
1165 109.9677423438902 -127 -17.37540584001471
1166 -143.3803627173999 -127 45.11256894569696
1167 143.3803627176411 -127 45.11256894575141
1168 0.1338790505224097 -127 -62.17230400651812
1169 -182.2969722714936 -127 99.00550703091733
1170 182.2969722715872 -127 99.00550703097159
1171 57.50899642955403 -127 101.1650835252595
1172 -57.50899642929522 -127 101.1650835252591
1173 -27.79527281810329 -127 13.20220926994595
1174 -92.11783934571406 -127 -64.60514716928029
1175 92.11783934573469 -127 -64.60514716929291
1176 51.64906445126695 -127 36.99428180560189
1177 -46.54354355130715 -127 35.22603579120634
1178 112.2624025875905 -127 66.13186906229333
1179 133.7119849385317 -127 65.94039819216287
1180 -112.2635847972824 -127 66.13170957779494
1181 -133.7121819732673 -127 65.94037161134054
1182 -161.1548197630544 -127 99.1184522263043
1183 161.1548197632408 -127 99.11845222641014
1184 128.4756155058296 -127 27.09280347603246
1185 -128.47561550563 -127 27.09280347604009
1186 41.44448719657399 -127 75.32900088133871
1187 -41.44448719631541 -127 75.3290008813388
1188 73.69872414610039 -127 28.59557025119364
1189 -74.04302222851089 -127 27.24378565755759
1190 -106.8736568848412 -127 82.48651872169253
1191 106.873420443113 -127 82.48655061862621
1192 152.0010484671255 -127 -1.763848468780736
1193 -152.0010484671171 -127 -1.76384846878679
1194 -71.52878668482242 -127 -30.81426180291405
1195 70.65523046706141 -127 -31.63319835788499
1196 -176.4419546676079 -127 -62.59067851035422
1197 176.4419546676277 -127 -62.59067851036559
1198 12.19009646310406 -127 87.05716991218068
1199 -12.19009646284564 -127 87.0571699121808
1200 -147.5816721896645 -127 -61.90564967454367
1201 147.5816721897182 -127 -61.90564967457826
1202 -186.1646623188573 -127 84.55330013200684
1203 186.1646623189291 -127 84.55330013208088
1204 41.03202823563947 -127 -1.259405261774532
1205 -183.4623337832602 -127 -42.75426198812511
1206 183.462333783275 -127 -42.75426198812508
1207 -2.477233140267089 -127 59.43959172667608
1208 -61.23076923076924 1.480476687471077e-15 -85
1209 72.52675997764111 4.664524596116029 -85
1210 6.492558915151883 45.29934238203735 -85
1211 5.787753883819811 -46.14171055173436 -85
1212 -119.2702963234914 -47.16662724683439 -85
1213 -114.8236024692343 46.26767597234132 -85
1214 121.7970619190517 51.65721903319935 -85
1215 116.331418443377 -53.09551120182959 -85
1216 -59.90283092784077 -63.43438869474937 -85
1217 -59.59785138830452 64.22572061415197 -85
1218 62.96497708882238 69.93440889881833 -85
1219 63.14048598327581 -63.73300594006901 -85
1220 145.538153289296 -0.262122292404293 -85
1221 -146.7887633694976 2.374391311415918 -85
1222 23.54087811836133 2.438026865883139 -85
1223 -147.4784315111786 -84.15613404542857 -85
1224 -147.4784315111786 84.15613404542857 -85
1225 148.2382715573113 84.34637240421382 -85
1226 148.2382715573114 -84.34637240421381 -85
1227 -18.36493597103789 83.64098638593561 -85
1228 -19.55540701588671 -82.98544119062996 -85
1229 -96.64742347352698 -86.40208196028981 -85
1230 -92.36700136803303 84.37756528818485 -85
1231 29.46868950513691 84.90162468951171 -85
1232 29.48958342114324 -84.16336243251776 -85
1233 -20.21083115998641 -11.17479491326926 -85
1234 -102.4956897689686 -12.69012409590686 -85
1235 -34.60387725510515 33.13885236263412 -85
1236 96.48826365291846 86.64593140902879 -85
1237 93.71599684655662 -85.57465740041923 -85
1238 -92.56734809494647 33.84413495576638 -85
1239 158.8091194579961 36.55308413306193 -85
1240 159.3067159534495 -34.71265970393151 -85
1241 -155.9238495670594 -34.16106521170148 -85
1242 -160.3163883356754 35.88076496244621 -85
1243 47.24905593075549 -36.4707693949748 -85
1244 45.51522746743995 26.15451219827879 -85
1245 91.36796144567931 -37.83823959089619 -85
1246 89.19281319599827 35.50596322056057 -85
1247 102.5718565188005 -6.68097944068046 -85
1248 -26.85792507245428 -46.48858019098742 -85
1249 -83.65975665819366 -39.86313626862367 -85
1250 -61.83634800947908 98.34514098614548 -85
1251 -65.93688770594719 -95.93603609811163 -85
1252 -115.3078814979936 12.07123429410269 -85
1253 61.50303196268145 100.1639190327226 -85
1254 61.36892825610592 -99.74685639088833 -85
1255 118.3965710645267 21.59403922669807 -85
1256 -59.07888790314433 -31.75459103325276 -85
1257 -120.9067662648304 101.9803794653683 -85
1258 -121.5182551370438 -102.2695961328119 -85
1259 121.5996114067711 102.6710618044174 -85
1260 121.2035732915765 -102.5180226603303 -85
1261 -6.942952875400247 17.23630504843089 -85
1262 175.9405899936606 -9.939522124343382 -85
1263 33.35173838452359 53.85981333429132 -85
1264 28.76926275907895 -55.86133152970474 -85
1265 -175.5652693120761 -9.43127178511625 -85
1266 1.972836454276764 101.2099559721055 -85
1267 1.805754007299248 -101.010840621777 -85
1268 128.0707951899894 -27.61181598862004 -85
1269 -172.0428570945398 -64.13838171710492 -85
1270 -172.271539870915 64.22791210812662 -85
1271 -128.2448497353586 -20.74789019767706 -85
1272 173.2364743653826 -64.45526817136681 -85
1273 173.2002063992417 64.58940989360664 -85
1274 -21.95290986375522 56.66005918982456 -85
1275 -88.14739012177394 58.441800892977 -85
1276 -176.6139124909797 14.2040200374823 -85
1277 -172.8364565860682 100.8791953011432 -85
1278 -172.7983427900057 -100.8642735693063 -85
1279 176.4205777454676 15.05673280634046 -85
1280 -65.60743218485385 29.04971575591589 -85
1281 -30.57748032125937 105.4531373080435 -85
1282 -31.16114823091143 -103.6486120372018 -85
1283 5.342566196366413 -20.07755113951325 -85
1284 88.66393969213284 -62.73130580703783 -85
1285 92.45460364909827 60.85385598225285 -85
1286 173.1608490772828 100.9348855689485 -85
1287 173.1668937383063 -100.9125286152419 -85
1288 21.14601901442467 27.12502906293352 -85
1289 -85.95959959959083 7.52520026545851 -85
1290 46.96087273806847 -9.87822843005431 -85
1291 -141.6385584442562 56.11870688007704 -85
1292 -144.9708181104296 -60.48681655547206 -85
1293 2.900611613523583 -70.68596173019228 -85
1294 5.161329570716005 70.92863032561766 -85
1295 -38.44032906450688 8.707420728303765 -85
1296 30.61538461538461 108.262714635933 -85
1297 30.61538461538458 -108.262714635933 -85
1298 142.2907766883555 -58.03496309436076 -85
1299 146.4580566363616 61.04564978232924 -85
1300 -91.84615384615388 -108.6975425462569 -85
1301 -91.84615384615385 108.6975425462569 -85
1302 -78.51606039762555 -16.22211182189129 -85
1303 -118.757930460229 -74.58176386078472 -85
1304 -117.928364770585 72.77606612892211 -85
1305 95.67200018924163 13.77088690067355 -85
1306 150.1495124265854 -108.0891408445039 -85
1307 150.2052257771812 108.1141974299029 -85
1308 -135.7750388233314 30.54255468407663 -85
1309 91.84615384615387 109.5190946567305 -85
1310 91.84615384615383 -109.5190946567304 -85
1311 -39.86404996981343 81.66926204086427 -85
1312 -43.35941211742899 -81.67989490097435 -85
1313 -150.4124407849461 -107.8659343618338 -85
1314 -150.5173647846556 107.7874230577929 -85
1315 -82.66235820570363 -67.00932722387165 -85
1316 -42.04611168092641 -16.00555388388904 -85
1317 26.27506493774174 -27.66526069668305 -85
1318 66.00101996058724 41.82884637171965 -85
1319 69.19713484947562 -23.36685210412088 -85
1320 118.5595127454086 -76.76250304507859 -85
1321 119.8927433873356 75.62687992815427 -85
1322 -188.5947285712444 114.8458061962361 115
1323 188.5947285712444 -114.8458061962361 115
1324 188.594728572278 114.8458061940055 115
1325 -188.594728572278 -114.8458061940055 115
1326 -177.3210197759906 112.1535264718714 115
1327 177.3210197759906 -112.1535264718714 115
1328 -177.3210197775012 -112.1535264722214 115
1329 177.3210197775013 112.1535264722214 115
1330 -188.7825169158274 101.9562636874838 115
1331 188.7825169158274 -101.9562636874838 115
1332 -188.7825169162202 -101.9562636873184 115
1333 188.7825169162202 101.9562636873184 115
1334 181.3571892265644 106.3531495021859 115
1335 -181.3571892265644 -106.3531495021859 115
1336 -181.357189226538 106.3531495021556 115
1337 181.357189226538 -106.3531495021556 115
1338 -188.1321150879801 91.31115236355299 115
1339 188.1321150879801 -91.31115236355299 115
1340 -188.1321150880201 -91.31115236353608 115
1341 188.1321150880201 91.31115236353608 115
1342 -190.54838677331 63.64285714285713 115
1343 190.5483867733101 -63.64285714285713 115
1344 190.5483867733099 63.64285714285713 115
1345 -190.5483867733099 -63.64285714285713 115
1346 -132.0996857470279 118.3507745052793 115
1347 132.0996857470279 -118.3507745052793 115
1348 -132.0996857469618 -118.3507745052138 115
1349 132.0996857469618 118.3507745052138 115
1350 190.0000000000001 7.071428571428569 115
1351 -190.0000000000001 -7.071428571428568 115
1352 -189.9999999999999 7.071428571428624 115
1353 190 -7.071428571428624 115
1354 169.3705678517484 115.4922658211167 115
1355 -169.3705678517485 -115.4922658211167 115
1356 -169.370567850822 115.4922658212095 115
1357 169.370567850822 -115.4922658212095 115
1358 38.86363636363633 -118.2247034196633 115
1359 -38.86363636363633 118.2247034196633 115
1360 -38.86363636363633 -118.2247034195444 115
1361 38.86363636363633 118.2247034195444 115
1362 189.780083643555 78.75213219707561 115
1363 -189.780083643555 -78.75213219707561 115
1364 -189.7800836435484 78.75213219707854 115
1365 189.7800836435484 -78.75213219707854 115
1366 54.40909090909084 117.7894099269546 115
1367 -54.40909090909084 -117.7894099269546 115
1368 -54.40909090909084 117.7894099268502 115
1369 54.40909090909084 -117.7894099268502 115
$EndNodes
$Elements
2710
1 2 2 1 1 39 349 338
2 2 2 1 1 349 304 40
3 2 2 1 1 338 349 38
4 2 2 1 1 38 349 302
5 2 2 1 1 349 40 339
6 2 2 1 1 302 349 37
7 2 2 1 1 349 39 304
8 2 2 1 1 37 349 2
9 2 2 1 1 37 2 337
10 2 2 1 1 49 349 1
11 2 2 1 1 337 2 36
12 2 2 1 1 1 349 339
13 2 2 1 1 349 49 2
14 2 2 1 1 1 339 41
15 2 2 1 2 59 350 2
16 2 2 1 2 290 353 34
17 2 2 1 2 36 350 300
18 2 2 1 2 53 351 54
19 2 2 1 2 284 367 285
20 2 2 1 2 63 366 64
21 2 2 1 2 69 357 3
22 2 2 1 2 295 351 294
23 2 2 1 2 66 370 67
24 2 2 1 2 289 365 290
25 2 2 1 2 300 355 299
26 2 2 1 2 4 353 60
27 2 2 1 2 55 354 56
28 2 2 1 2 56 352 57
29 2 2 1 2 287 371 288
30 2 2 1 2 297 354 296
31 2 2 1 2 298 352 297
32 2 2 1 2 58 355 59
33 2 2 1 2 67 363 68
34 2 2 1 2 50 358 51
35 2 2 1 2 65 367 66
36 2 2 1 2 281 362 282
37 2 2 1 2 286 366 287
38 2 2 1 2 292 358 291
39 2 2 1 2 3 356 50
40 2 2 1 2 35 357 281
41 2 2 1 2 282 363 283
42 2 2 1 2 293 360 292
43 2 2 1 2 291 356 35
44 2 2 1 2 51 360 52
45 2 2 1 2 68 362 69
46 2 2 1 2 285 369 286
47 2 2 1 2 288 368 289
48 2 2 1 2 54 359 55
49 2 2 1 2 57 361 58
50 2 2 1 2 296 359 295
51 2 2 1 2 299 361 298
52 2 2 1 2 60 365 61
53 2 2 1 2 61 368 62
54 2 2 1 2 64 369 65
55 2 2 1 2 62 371 63
56 2 2 1 2 283 370 284
57 2 2 1 2 52 364 53
58 2 2 1 2 294 364 293
59 2 2 1 2 2 350 36
60 2 2 1 2 297 352 56
61 2 2 1 2 54 351 295
62 2 2 1 2 55 359 296
63 2 2 1 2 292 360 51
64 2 2 1 2 50 356 291
65 2 2 1 2 56 354 297
66 2 2 1 2 3 357 35
67 2 2 1 2 291 358 50
68 2 2 1 2 298 361 57
69 2 2 1 2 299 355 58
70 2 2 1 2 60 353 290
71 2 2 1 2 53 364 294
72 2 2 1 2 283 363 67
73 2 2 1 2 282 362 68
74 2 2 1 2 34 353 4
75 2 2 1 2 59 355 300
76 2 2 1 2 290 365 60
77 2 2 1 2 287 366 63
78 2 2 1 2 63 371 287
79 2 2 1 2 286 369 64
80 2 2 1 2 66 367 284
81 2 2 1 2 51 358 292
82 2 2 1 2 289 368 61
83 2 2 1 2 284 370 66
84 2 2 1 2 293 364 52
85 2 2 1 2 296 354 55
86 2 2 1 2 58 361 299
87 2 2 1 2 61 365 289
88 2 2 1 2 62 368 288
89 2 2 1 2 285 367 65
90 2 2 1 2 68 363 282
91 2 2 1 2 281 357 69
92 2 2 1 2 35 356 3
93 2 2 1 2 67 370 283
94 2 2 1 2 69 362 281
95 2 2 1 2 288 371 62
96 2 2 1 2 64 366 286
97 2 2 1 2 65 369 285
98 2 2 1 2 52 360 293
99 2 2 1 2 294 351 53
100 2 2 1 2 295 359 54
101 2 2 1 2 57 352 298
102 2 2 1 2 300 350 59
103 2 2 1 3 372 341 32
104 2 2 1 3 372 32 279
105 2 2 1 3 30 372 342
106 2 2 1 3 372 279 33
107 2 2 1 3 372 31 341
108 2 2 1 3 372 33 4
109 2 2 1 3 4 33 340
110 2 2 1 3 31 372 277
111 2 2 1 3 277 372 30
112 2 2 1 3 372 70 5
113 2 2 1 3 4 340 34
114 2 2 1 3 372 5 342
115 2 2 1 3 70 372 4
116 2 2 1 3 342 5 29
117 2 2 1 4 5 376 29
118 2 2 1 4 27 378 7
119 2 2 1 4 75 373 76
120 2 2 1 4 81 384 82
121 2 2 1 4 73 375 74
122 2 2 1 4 275 377 28
123 2 2 1 4 6 377 71
124 2 2 1 4 78 374 79
125 2 2 1 4 29 376 270
126 2 2 1 4 271 380 272
127 2 2 1 4 266 374 265
128 2 2 1 4 71 379 72
129 2 2 1 4 264 378 27
130 2 2 1 4 80 386 81
131 2 2 1 4 82 383 6
132 2 2 1 4 28 383 269
133 2 2 1 4 269 384 268
134 2 2 1 4 274 379 275
135 2 2 1 4 268 386 267
136 2 2 1 4 273 381 274
137 2 2 1 4 272 375 273
138 2 2 1 4 267 385 266
139 2 2 1 4 77 382 78
140 2 2 1 4 72 381 73
141 2 2 1 4 79 385 80
142 2 2 1 4 265 382 264
143 2 2 1 4 74 380 75
144 2 2 1 4 270 373 271
145 2 2 1 4 7 378 77
146 2 2 1 4 76 376 5
147 2 2 1 4 270 376 373
148 2 2 1 4 373 376 76
149 2 2 1 4 384 386 268
150 2 2 1 4 81 386 384
151 2 2 1 4 75 380 373
152 2 2 1 4 377 383 28
153 2 2 1 4 6 383 377
154 2 2 1 4 373 380 271
155 2 2 1 4 275 379 377
156 2 2 1 4 377 379 71
157 2 2 1 4 73 381 375
158 2 2 1 4 374 382 265
159 2 2 1 4 375 381 273
160 2 2 1 4 264 382 378
161 2 2 1 4 379 381 72
162 2 2 1 4 378 382 77
163 2 2 1 4 78 382 374
164 2 2 1 4 82 384 383
165 2 2 1 4 374 385 79
166 2 2 1 4 383 384 269
167 2 2 1 4 385 386 80
168 2 2 1 4 266 385 374
169 2 2 1 4 267 386 385
170 2 2 1 4 274 381 379
171 2 2 1 4 375 380 74
172 2 2 1 4 272 380 375
173 2 2 1 5 24 387 260
174 2 2 1 5 260 387 23
175 2 2 1 5 23 387 8
176 2 2 1 5 387 26 345
177 2 2 1 5 23 8 343
178 2 2 1 5 83 387 7
179 2 2 1 5 343 8 22
180 2 2 1 5 344 387 24
181 2 2 1 5 7 387 345
182 2 2 1 5 7 345 27
183 2 2 1 5 387 83 8
184 2 2 1 5 387 262 26
185 2 2 1 5 25 387 344
186 2 2 1 5 262 387 25
187 2 2 1 6 93 388 8
188 2 2 1 6 22 388 258
189 2 2 1 6 332 391 48
190 2 2 1 6 326 406 327
191 2 2 1 6 103 394 9
192 2 2 1 6 87 389 88
193 2 2 1 6 253 389 252
194 2 2 1 6 97 405 98
195 2 2 1 6 100 407 101
196 2 2 1 6 90 390 91
197 2 2 1 6 258 393 257
198 2 2 1 6 328 405 329
199 2 2 1 6 10 391 94
200 2 2 1 6 89 392 90
201 2 2 1 6 255 392 254
202 2 2 1 6 329 408 330
203 2 2 1 6 92 393 93
204 2 2 1 6 256 390 255
205 2 2 1 6 331 403 332
206 2 2 1 6 101 401 102
207 2 2 1 6 84 395 85
208 2 2 1 6 99 406 100
209 2 2 1 6 250 395 249
210 2 2 1 6 323 400 324
211 2 2 1 6 9 398 84
212 2 2 1 6 249 398 21
213 2 2 1 6 251 396 250
214 2 2 1 6 324 401 325
215 2 2 1 6 21 394 323
216 2 2 1 6 85 396 86
217 2 2 1 6 102 400 103
218 2 2 1 6 95 404 96
219 2 2 1 6 98 409 99
220 2 2 1 6 88 397 89
221 2 2 1 6 91 399 92
222 2 2 1 6 94 403 95
223 2 2 1 6 254 397 253
224 2 2 1 6 257 399 256
225 2 2 1 6 327 409 328
226 2 2 1 6 330 404 331
227 2 2 1 6 96 408 97
228 2 2 1 6 325 407 326
229 2 2 1 6 86 402 87
230 2 2 1 6 252 402 251
231 2 2 1 6 8 388 22
232 2 2 1 6 255 390 90
233 2 2 1 6 88 389 253
234 2 2 1 6 89 397 254
235 2 2 1 6 250 396 85
236 2 2 1 6 84 398 249
237 2 2 1 6 90 392 255
238 2 2 1 6 9 394 21
239 2 2 1 6 249 395 84
240 2 2 1 6 256 399 91
241 2 2 1 6 257 393 92
242 2 2 1 6 94 391 332
243 2 2 1 6 87 402 252
244 2 2 1 6 96 404 330
245 2 2 1 6 99 409 327
246 2 2 1 6 325 401 101
247 2 2 1 6 324 400 102
248 2 2 1 6 48 391 10
249 2 2 1 6 93 393 258
250 2 2 1 6 95 403 331
251 2 2 1 6 329 405 97
252 2 2 1 6 97 408 329
253 2 2 1 6 100 406 326
254 2 2 1 6 85 395 250
255 2 2 1 6 326 407 100
256 2 2 1 6 251 402 86
257 2 2 1 6 254 392 89
258 2 2 1 6 92 399 257
259 2 2 1 6 332 403 94
260 2 2 1 6 327 406 99
261 2 2 1 6 102 401 324
262 2 2 1 6 21 398 9
263 2 2 1 6 101 407 325
264 2 2 1 6 323 394 103
265 2 2 1 6 103 400 323
266 2 2 1 6 330 408 96
267 2 2 1 6 98 405 328
268 2 2 1 6 86 396 251
269 2 2 1 6 252 389 87
270 2 2 1 6 331 404 95
271 2 2 1 6 328 409 98
272 2 2 1 6 253 397 88
273 2 2 1 6 91 390 256
274 2 2 1 6 258 388 93
275 2 2 1 7 44 410 348
276 2 2 1 7 410 47 10
277 2 2 1 7 410 104 11
278 2 2 1 7 10 346 48
279 2 2 1 7 410 11 348
280 2 2 1 7 10 47 346
281 2 2 1 7 410 321 47
282 2 2 1 7 321 410 46
283 2 2 1 7 410 347 46
284 2 2 1 7 104 410 10
285 2 2 1 7 348 11 43
286 2 2 1 7 410 45 347
287 2 2 1 7 319 410 44
288 2 2 1 7 410 319 45
289 2 2 1 8 11 414 43
290 2 2 1 8 41 413 1
291 2 2 1 8 109 411 110
292 2 2 1 8 42 419 311
293 2 2 1 8 107 415 108
294 2 2 1 8 115 423 116
295 2 2 1 8 112 412 113
296 2 2 1 8 43 414 312
297 2 2 1 8 116 419 12
298 2 2 1 8 308 412 307
299 2 2 1 8 105 418 106
300 2 2 1 8 306 413 41
301 2 2 1 8 313 417 314
302 2 2 1 8 114 424 115
303 2 2 1 8 311 423 310
304 2 2 1 8 316 418 317
305 2 2 1 8 317 421 42
306 2 2 1 8 310 424 309
307 2 2 1 8 12 421 105
308 2 2 1 8 315 416 316
309 2 2 1 8 314 415 315
310 2 2 1 8 309 422 308
311 2 2 1 8 108 417 109
312 2 2 1 8 111 420 112
313 2 2 1 8 106 416 107
314 2 2 1 8 113 422 114
315 2 2 1 8 307 420 306
316 2 2 1 8 312 411 313
317 2 2 1 8 1 413 111
318 2 2 1 8 110 414 11
319 2 2 1 8 312 414 411
320 2 2 1 8 411 414 110
321 2 2 1 8 423 424 310
322 2 2 1 8 115 424 423
323 2 2 1 8 419 423 311
324 2 2 1 8 105 421 418
325 2 2 1 8 418 421 317
326 2 2 1 8 415 417 108
327 2 2 1 8 42 421 419
328 2 2 1 8 116 423 419
329 2 2 1 8 412 420 307
330 2 2 1 8 306 420 413
331 2 2 1 8 106 418 416
332 2 2 1 8 107 416 415
333 2 2 1 8 314 417 415
334 2 2 1 8 419 421 12
335 2 2 1 8 413 420 111
336 2 2 1 8 112 420 412
337 2 2 1 8 412 422 113
338 2 2 1 8 415 416 315
339 2 2 1 8 422 424 114
340 2 2 1 8 109 417 411
341 2 2 1 8 308 422 412
342 2 2 1 8 309 424 422
343 2 2 1 8 416 418 316
344 2 2 1 8 411 417 313
345 2 2 1 9 447 550 539
346 2 2 1 9 8 621 93
347 2 2 1 9 2 618 59
348 2 2 1 9 60 619 4
349 2 2 1 9 94 620 10
350 2 2 1 9 635 722 480
351 2 2 1 9 539 550 472
352 2 2 1 9 531 699 458
353 2 2 1 9 623 699 531
354 2 2 1 9 586 706 532
355 2 2 1 9 457 586 532
356 2 2 1 9 443 686 519
357 2 2 1 9 498 711 564
358 2 2 1 9 545 691 496
359 2 2 1 9 472 602 567
360 2 2 1 9 504 722 635
361 2 2 1 9 447 691 545
362 2 2 1 9 550 729 717
363 2 2 1 9 433 568 539
364 2 2 1 9 464 706 586
365 2 2 1 9 632 756 521
366 2 2 1 9 563 718 501
367 2 2 1 9 564 719 502
368 2 2 1 9 56 540 55
369 2 2 1 9 448 749 570
370 2 2 1 9 72 594 557
371 2 2 1 9 106 595 558
372 2 2 1 9 521 730 632
373 2 2 1 9 520 605 461
374 2 2 1 9 503 729 550
375 2 2 1 9 527 569 429
376 2 2 1 9 472 622 602
377 2 2 1 9 631 698 497
378 2 2 1 9 551 588 492
379 2 2 1 9 454 588 551
380 2 2 1 9 466 592 569
381 2 2 1 9 5 619 76
382 2 2 1 9 11 620 110
383 2 2 1 9 111 618 1
384 2 2 1 9 77 621 7
385 2 2 1 9 440 625 511
386 2 2 1 9 554 589 493
387 2 2 1 9 453 589 554
388 2 2 1 9 515 592 442
389 2 2 1 9 570 749 523
390 2 2 1 9 73 594 72
391 2 2 1 9 107 595 106
392 2 2 1 9 570 736 448
393 2 2 1 9 532 732 457
394 2 2 1 9 106 693 105
395 2 2 1 9 72 694 71
396 2 2 1 9 475 612 534
397 2 2 1 9 533 613 474
398 2 2 1 9 592 681 569
399 2 2 1 9 511 637 440
400 2 2 1 9 526 637 479
401 2 2 1 9 440 637 526
402 2 2 1 9 439 639 578
403 2 2 1 9 578 639 495
404 2 2 1 9 463 636 513
405 2 2 1 9 522 601 456
406 2 2 1 9 513 647 463
407 2 2 1 9 458 726 590
408 2 2 1 9 738 799 442
409 2 2 1 9 514 736 570
410 2 2 1 9 472 753 539
411 2 2 1 9 554 682 438
412 2 2 1 9 465 700 520
413 2 2 1 9 481 638 543
414 2 2 1 9 519 597 466
415 2 2 1 9 526 600 440
416 2 2 1 9 463 600 526
417 2 2 1 9 442 799 580
418 2 2 1 9 442 786 515
419 2 2 1 9 484 698 631
420 2 2 1 9 510 774 476
421 2 2 1 9 520 687 465
422 2 2 1 9 436 647 555
423 2 2 1 9 429 589 527
424 2 2 1 9 476 607 510
425 2 2 1 9 564 711 456
426 2 2 1 9 564 657 498
427 2 2 1 9 519 686 596
428 2 2 1 9 493 682 554
429 2 2 1 9 461 678 520
430 2 2 1 9 598 760 98
431 2 2 1 9 482 652 522
432 2 2 1 9 466 645 519
433 2 2 1 9 457 805 552
434 2 2 1 9 456 711 522
435 2 2 1 9 443 720 546
436 2 2 1 9 444 721 547
437 2 2 1 9 501 661 563
438 2 2 1 9 502 662 564
439 2 2 1 9 552 805 576
440 2 2 1 9 553 742 452
441 2 2 1 9 506 742 553
442 2 2 1 9 557 694 72
443 2 2 1 9 558 693 106
444 2 2 1 9 590 726 516
445 2 2 1 9 447 791 550
446 2 2 1 9 522 705 482
447 2 2 1 9 481 584 542
448 2 2 1 9 455 718 563
449 2 2 1 9 456 719 564
450 2 2 1 9 559 758 507
451 2 2 1 9 582 747 530
452 2 2 1 9 591 787 668
453 2 2 1 9 444 683 535
454 2 2 1 9 536 684 446
455 2 2 1 9 446 747 582
456 2 2 1 9 584 746 529
457 2 2 1 9 546 720 499
458 2 2 1 9 547 721 500
459 2 2 1 9 717 729 428
460 2 2 1 9 445 746 584
461 2 2 1 9 545 671 447
462 2 2 1 9 488 671 545
463 2 2 1 9 591 668 491
464 2 2 1 9 593 702 465
465 2 2 1 9 702 704 465
466 2 2 1 9 478 756 632
467 2 2 1 9 588 745 528
468 2 2 1 9 519 645 443
469 2 2 1 9 454 745 588
470 2 2 1 9 526 636 463
471 2 2 1 9 534 710 449
472 2 2 1 9 585 647 436
473 2 2 1 9 589 744 527
474 2 2 1 9 634 727 578
475 2 2 1 9 67 627 66
476 2 2 1 9 552 576 473
477 2 2 1 9 453 744 589
478 2 2 1 9 56 638 540
479 2 2 1 9 707 789 466
480 2 2 1 9 617 634 460
481 2 2 1 9 458 672 531
482 2 2 1 9 460 634 578
483 2 2 1 9 479 659 526
484 2 2 1 9 560 617 460
485 2 2 1 9 606 627 67
486 2 2 1 9 462 758 559
487 2 2 1 9 534 760 598
488 2 2 1 9 597 707 466
489 2 2 1 9 612 739 535
490 2 2 1 9 536 740 613
491 2 2 1 9 583 721 444
492 2 2 1 9 528 721 583
493 2 2 1 9 574 800 741
494 2 2 1 9 524 735 572
495 2 2 1 9 572 735 435
496 2 2 1 9 638 784 543
497 2 2 1 9 561 583 475
498 2 2 1 9 474 582 562
499 2 2 1 9 51 793 599
500 2 2 1 9 551 702 437
501 2 2 1 9 426 623 531
502 2 2 1 9 601 719 456
503 2 2 1 9 531 624 426
504 2 2 1 9 99 598 98
505 2 2 1 9 549 746 445
506 2 2 1 9 548 747 446
507 2 2 1 9 459 725 572
508 2 2 1 9 573 726 458
509 2 2 1 9 611 718 455
510 2 2 1 9 475 739 612
511 2 2 1 9 613 740 474
512 2 2 1 9 544 615 483
513 2 2 1 9 552 586 457
514 2 2 1 9 529 719 601
515 2 2 1 9 492 702 551
516 2 2 1 9 460 578 577
517 2 2 1 9 577 578 495
518 2 2 1 9 605 646 461
519 2 2 1 9 501 747 548
520 2 2 1 9 502 746 549
521 2 2 1 9 530 718 611
522 2 2 1 9 690 709 577
523 2 2 1 9 480 722 575
524 2 2 1 9 540 638 481
525 2 2 1 9 60 596 469
526 2 2 1 9 435 581 572
527 2 2 1 9 572 581 483
528 2 2 1 9 575 682 464
529 2 2 1 9 612 760 534
530 2 2 1 9 533 761 613
531 2 2 1 9 539 691 447
532 2 2 1 9 521 800 574
533 2 2 1 9 561 782 430
534 2 2 1 9 517 782 561
535 2 2 1 9 539 753 433
536 2 2 1 9 534 644 475
537 2 2 1 9 474 643 533
538 2 2 1 9 449 644 534
539 2 2 1 9 51 599 50
540 2 2 1 9 572 725 524
541 2 2 1 9 446 740 536
542 2 2 1 9 535 739 444
543 2 2 1 9 438 698 554
544 2 2 1 9 434 617 560
545 2 2 1 9 523 726 573
546 2 2 1 9 477 641 538
547 2 2 1 9 505 790 576
548 2 2 1 9 81 563 80
549 2 2 1 9 115 564 114
550 2 2 1 9 576 790 712
551 2 2 1 9 442 789 738
552 2 2 1 9 440 762 625
553 2 2 1 9 556 703 459
554 2 2 1 9 572 640 459
555 2 2 1 9 556 700 465
556 2 2 1 9 599 793 538
557 2 2 1 9 703 737 459
558 2 2 1 9 573 757 523
559 2 2 1 9 434 757 573
560 2 2 1 9 588 752 430
561 2 2 1 9 551 765 454
562 2 2 1 9 664 707 64
563 2 2 1 9 592 789 442
564 2 2 1 9 625 762 544
565 2 2 1 9 528 752 588
566 2 2 1 9 538 655 477
567 2 2 1 9 507 663 559
568 2 2 1 9 554 698 484
569 2 2 1 9 484 773 554
570 2 2 1 9 544 762 615
571 2 2 1 9 543 728 481
572 2 2 1 9 741 800 450
573 2 2 1 9 445 628 549
574 2 2 1 9 685 688 509
575 2 2 1 9 553 807 649
576 2 2 1 9 682 706 464
577 2 2 1 9 631 656 82
578 2 2 1 9 630 657 116
579 2 2 1 9 540 648 55
580 2 2 1 9 488 777 670
581 2 2 1 9 557 594 453
582 2 2 1 9 558 595 454
583 2 2 1 9 427 690 577
584 2 2 1 9 508 766 571
585 2 2 1 9 470 679 59
586 2 2 1 9 497 698 603
587 2 2 1 9 599 777 488
588 2 2 1 9 550 791 503
589 2 2 1 9 53 655 52
590 2 2 1 9 471 608 93
591 2 2 1 9 94 609 468
592 2 2 1 9 642 672 480
593 2 2 1 9 489 633 560
594 2 2 1 9 437 713 551
595 2 2 1 9 101 587 100
596 2 2 1 9 573 617 434
597 2 2 1 9 604 663 507
598 2 2 1 9 441 663 604
599 2 2 1 9 531 672 642
600 2 2 1 9 473 614 552
601 2 2 1 9 543 628 445
602 2 2 1 9 518 799 738
603 2 2 1 9 535 683 609
604 2 2 1 9 608 684 536
605 2 2 1 9 439 692 602
606 2 2 1 9 669 690 512
607 2 2 1 9 542 667 481
608 2 2 1 9 481 667 540
609 2 2 1 9 496 666 545
610 2 2 1 9 590 672 458
611 2 2 1 9 12 630 116
612 2 2 1 9 6 631 82
613 2 2 1 9 615 762 509
614 2 2 1 9 59 618 470
615 2 2 1 9 93 621 471
616 2 2 1 9 469 619 60
617 2 2 1 9 468 620 94
618 2 2 1 9 598 710 534
619 2 2 1 9 549 628 470
620 2 2 1 9 649 807 436
621 2 2 1 9 6 694 631
622 2 2 1 9 12 693 630
623 2 2 1 9 439 727 692
624 2 2 1 9 550 717 472
625 2 2 1 9 545 666 69
626 2 2 1 9 525 707 664
627 2 2 1 9 470 771 549
628 2 2 1 9 433 653 568
629 2 2 1 9 490 646 605
630 2 2 1 9 483 731 544
631 2 2 1 9 69 772 545
632 2 2 1 9 629 655 53
633 2 2 1 9 485 765 551
634 2 2 1 9 445 728 543
635 2 2 1 9 571 766 431
636 2 2 1 9 554 773 453
637 2 2 1 9 71 694 6
638 2 2 1 9 105 693 12
639 2 2 1 9 537 737 703
640 2 2 1 9 486 634 617
641 2 2 1 9 483 640 572
642 2 2 1 9 559 651 462
643 2 2 1 9 545 772 488
644 2 2 1 9 478 785 570
645 2 2 1 9 570 785 514
646 2 2 1 9 75 768 546
647 2 2 1 9 109 769 547
648 2 2 1 9 548 770 78
649 2 2 1 9 549 771 112
650 2 2 1 9 567 602 473
651 2 2 1 9 585 646 490
652 2 2 1 9 494 727 634
653 2 2 1 9 651 792 427
654 2 2 1 9 546 674 75
655 2 2 1 9 547 675 109
656 2 2 1 9 78 673 548
657 2 2 1 9 112 676 549
658 2 2 1 9 551 713 485
659 2 2 1 9 553 716 506
660 2 2 1 9 489 709 690
661 2 2 1 9 512 792 663
662 2 2 1 9 459 640 556
663 2 2 1 9 603 743 497
664 2 2 1 9 544 731 625
665 2 2 1 9 625 731 462
666 2 2 1 9 555 649 436
667 2 2 1 9 559 792 651
668 2 2 1 9 614 780 552
669 2 2 1 9 571 803 508
670 2 2 1 9 426 780 614
671 2 2 1 9 667 742 540
672 2 2 1 9 458 699 573
673 2 2 1 9 743 767 497
674 2 2 1 9 452 658 553
675 2 2 1 9 577 701 427
676 2 2 1 9 495 701 577
677 2 2 1 9 472 717 565
678 2 2 1 9 465 703 556
679 2 2 1 9 546 686 443
680 2 2 1 9 547 683 444
681 2 2 1 9 446 684 548
682 2 2 1 9 663 792 559
683 2 2 1 9 101 607 587
684 2 2 1 9 565 622 472
685 2 2 1 9 476 774 604
686 2 2 1 9 433 753 567
687 2 2 1 9 520 700 605
688 2 2 1 9 605 700 425
689 2 2 1 9 452 742 667
690 2 2 1 9 668 787 441
691 2 2 1 9 490 688 685
692 2 2 1 9 427 701 651
693 2 2 1 9 453 773 557
694 2 2 1 9 558 765 485
695 2 2 1 9 568 691 539
696 2 2 1 9 473 712 567
697 2 2 1 9 560 748 434
698 2 2 1 9 460 709 560
699 2 2 1 9 560 709 489
700 2 2 1 9 489 690 669
701 2 2 1 9 475 644 561
702 2 2 1 9 562 643 474
703 2 2 1 9 569 645 466
704 2 2 1 9 61 596 60
705 2 2 1 9 455 743 611
706 2 2 1 9 430 752 561
707 2 2 1 9 633 800 541
708 2 2 1 9 63 597 62
709 2 2 1 9 586 624 464
710 2 2 1 9 587 689 100
711 2 2 1 9 600 685 509
712 2 2 1 9 591 669 512
713 2 2 1 9 576 712 473
714 2 2 1 9 619 768 76
715 2 2 1 9 620 769 110
716 2 2 1 9 111 771 618
717 2 2 1 9 77 770 621
718 2 2 1 9 522 652 601
719 2 2 1 9 431 754 601
720 2 2 1 9 601 754 529
721 2 2 1 9 561 734 517
722 2 2 1 9 579 610 487
723 2 2 1 9 649 716 553
724 2 2 1 9 102 607 101
725 2 2 1 9 615 688 425
726 2 2 1 9 509 688 615
727 2 2 1 9 486 617 573
728 2 2 1 9 613 796 536
729 2 2 1 9 535 797 612
730 2 2 1 9 450 800 633
731 2 2 1 9 525 789 707
732 2 2 1 9 585 794 646
733 2 2 1 9 568 653 467
734 2 2 1 9 461 803 571
735 2 2 1 9 93 608 92
736 2 2 1 9 95 609 94
737 2 2 1 9 636 729 513
738 2 2 1 9 565 659 479
739 2 2 1 9 9 626 103
740 2 2 1 9 437 705 616
741 2 2 1 9 616 705 522
742 2 2 1 9 614 660 426
743 2 2 1 9 454 765 558
744 2 2 1 9 499 674 546
745 2 2 1 9 500 675 547
746 2 2 1 9 548 673 501
747 2 2 1 9 549 676 502
748 2 2 1 9 476 665 579
749 2 2 1 9 636 659 428
750 2 2 1 9 526 659 636
751 2 2 1 9 587 607 476
752 2 2 1 9 571 678 461
753 2 2 1 9 428 659 565
754 2 2 1 9 575 642 480
755 2 2 1 9 464 642 575
756 2 2 1 9 651 701 511
757 2 2 1 9 494 660 614
758 2 2 1 9 594 744 453
759 2 2 1 9 595 745 454
760 2 2 1 9 513 798 647
761 2 2 1 9 622 801 439
762 2 2 1 9 754 766 542
763 2 2 1 9 467 653 580
764 2 2 1 9 479 801 565
765 2 2 1 9 624 642 464
766 2 2 1 9 565 717 428
767 2 2 1 9 582 740 446
768 2 2 1 9 444 739 583
769 2 2 1 9 428 729 636
770 2 2 1 9 439 801 639
771 2 2 1 9 431 652 571
772 2 2 1 9 571 652 482
773 2 2 1 9 485 693 558
774 2 2 1 9 574 695 84
775 2 2 1 9 81 656 563
776 2 2 1 9 115 657 564
777 2 2 1 9 608 796 92
778 2 2 1 9 95 797 609
779 2 2 1 9 563 661 80
780 2 2 1 9 564 662 114
781 2 2 1 9 585 685 463
782 2 2 1 9 490 685 585
783 2 2 1 9 570 654 478
784 2 2 1 9 467 778 568
785 2 2 1 9 584 754 542
786 2 2 1 9 647 798 555
787 2 2 1 9 497 656 631
788 2 2 1 9 498 657 630
789 2 2 1 9 610 750 449
790 2 2 1 9 658 803 566
791 2 2 1 9 583 739 475
792 2 2 1 9 474 740 582
793 2 2 1 9 507 665 604
794 2 2 1 9 84 764 574
795 2 2 1 9 646 803 461
796 2 2 1 9 566 803 646
797 2 2 1 9 524 750 610
798 2 2 1 9 487 689 587
799 2 2 1 9 508 803 658
800 2 2 1 9 590 635 480
801 2 2 1 9 432 635 590
802 2 2 1 9 429 714 589
803 2 2 1 9 432 751 611
804 2 2 1 9 611 751 530
805 2 2 1 9 481 728 584
806 2 2 1 9 567 753 472
807 2 2 1 9 569 681 429
808 2 2 1 9 556 759 700
809 2 2 1 9 643 736 533
810 2 2 1 9 602 622 439
811 2 2 1 9 641 777 538
812 2 2 1 9 430 715 588
813 2 2 1 9 527 755 569
814 2 2 1 9 499 744 594
815 2 2 1 9 500 745 595
816 2 2 1 9 505 786 580
817 2 2 1 9 580 786 442
818 2 2 1 9 448 736 643
819 2 2 1 9 91 613 90
820 2 2 1 9 97 612 96
821 2 2 1 9 55 648 54
822 2 2 1 9 567 712 433
823 2 2 1 9 523 757 570
824 2 2 1 9 628 679 470
825 2 2 1 9 582 751 562
826 2 2 1 9 561 752 583
827 2 2 1 9 751 804 562
828 2 2 1 9 516 804 590
829 2 2 1 9 590 804 432
830 2 2 1 9 463 647 585
831 2 2 1 9 482 678 571
832 2 2 1 9 700 759 425
833 2 2 1 9 604 665 476
834 2 2 1 9 589 714 493
835 2 2 1 9 515 786 677
836 2 2 1 9 580 790 505
837 2 2 1 9 588 715 492
838 2 2 1 9 438 722 603
839 2 2 1 9 603 722 504
840 2 2 1 9 9 695 626
841 2 2 1 9 686 768 469
842 2 2 1 9 611 743 504
843 2 2 1 9 471 770 684
844 2 2 1 9 683 769 468
845 2 2 1 9 438 682 575
846 2 2 1 9 509 762 600
847 2 2 1 9 600 762 440
848 2 2 1 9 536 796 608
849 2 2 1 9 609 797 535
850 2 2 1 9 76 768 75
851 2 2 1 9 110 769 109
852 2 2 1 9 78 770 77
853 2 2 1 9 112 771 111
854 2 2 1 9 465 687 593
855 2 2 1 9 451 777 641
856 2 2 1 9 61 795 596
857 2 2 1 9 579 665 435
858 2 2 1 9 576 805 505
859 2 2 1 9 482 705 593
860 2 2 1 9 597 795 62
861 2 2 1 9 573 699 486
862 2 2 1 9 531 642 624
863 2 2 1 9 581 731 483
864 2 2 1 9 87 632 86
865 2 2 1 9 467 627 606
866 2 2 1 9 462 651 625
867 2 2 1 9 584 728 445
868 2 2 1 9 515 681 592
869 2 2 1 9 663 787 512
870 2 2 1 9 575 722 438
871 2 2 1 9 596 795 519
872 2 2 1 9 519 795 597
873 2 2 1 9 684 770 548
874 2 2 1 9 547 769 683
875 2 2 1 9 546 768 686
876 2 2 1 9 480 672 590
877 2 2 1 9 555 798 641
878 2 2 1 9 641 798 451
879 2 2 1 9 64 707 63
880 2 2 1 9 611 635 432
881 2 2 1 9 504 635 611
882 2 2 1 9 596 686 469
883 2 2 1 9 491 695 574
884 2 2 1 9 57 638 56
885 2 2 1 9 654 748 541
886 2 2 1 9 434 748 654
887 2 2 1 9 574 764 521
888 2 2 1 9 486 660 634
889 2 2 1 9 634 660 494
890 2 2 1 9 580 799 467
891 2 2 1 9 574 741 491
892 2 2 1 9 577 709 460
893 2 2 1 9 84 695 9
894 2 2 1 9 579 783 476
895 2 2 1 9 633 748 560
896 2 2 1 9 578 727 439
897 2 2 1 9 432 804 751
898 2 2 1 9 450 669 591
899 2 2 1 9 431 766 754
900 2 2 1 9 85 764 84
901 2 2 1 9 487 783 579
902 2 2 1 9 615 759 483
903 2 2 1 9 435 735 579
904 2 2 1 9 435 806 581
905 2 2 1 9 541 756 654
906 2 2 1 9 73 723 594
907 2 2 1 9 107 724 595
908 2 2 1 9 3 772 69
909 2 2 1 9 738 789 525
910 2 2 1 9 654 756 478
911 2 2 1 9 691 778 496
912 2 2 1 9 568 778 691
913 2 2 1 9 65 664 64
914 2 2 1 9 601 652 431
915 2 2 1 9 468 769 620
916 2 2 1 9 469 768 619
917 2 2 1 9 621 770 471
918 2 2 1 9 618 771 470
919 2 2 1 9 69 666 68
920 2 2 1 9 99 689 598
921 2 2 1 9 731 758 462
922 2 2 1 9 581 758 731
923 2 2 1 9 593 687 482
924 2 2 1 9 89 650 88
925 2 2 1 9 591 741 450
926 2 2 1 9 491 741 591
927 2 2 1 9 616 713 437
928 2 2 1 9 477 649 641
929 2 2 1 9 641 649 555
930 2 2 1 9 511 701 696
931 2 2 1 9 471 684 608
932 2 2 1 9 609 683 468
933 2 2 1 9 483 759 640
934 2 2 1 9 583 752 528
935 2 2 1 9 530 751 582
936 2 2 1 9 436 794 585
937 2 2 1 9 507 806 665
938 2 2 1 9 529 754 584
939 2 2 1 9 97 760 612
940 2 2 1 9 613 761 90
941 2 2 1 9 91 796 613
942 2 2 1 9 612 797 96
943 2 2 1 9 506 716 629
944 2 2 1 9 629 716 477
945 2 2 1 9 437 702 593
946 2 2 1 9 54 788 53
947 2 2 1 9 552 780 586
948 2 2 1 9 593 705 437
949 2 2 1 9 492 704 702
950 2 2 1 9 599 680 50
951 2 2 1 9 463 685 600
952 2 2 1 9 100 689 99
953 2 2 1 9 563 767 455
954 2 2 1 9 68 802 67
955 2 2 1 9 426 660 623
956 2 2 1 9 631 694 484
957 2 2 1 9 630 693 485
958 2 2 1 9 512 787 591
959 2 2 1 9 87 708 632
960 2 2 1 9 625 651 511
961 2 2 1 9 587 783 487
962 2 2 1 9 466 789 592
963 2 2 1 9 74 723 73
964 2 2 1 9 108 724 107
965 2 2 1 9 522 711 616
966 2 2 1 9 632 730 86
967 2 2 1 9 488 680 599
968 2 2 1 9 476 783 587
969 2 2 1 9 102 779 607
970 2 2 1 9 598 689 487
971 2 2 1 9 67 802 606
972 2 2 1 9 425 688 605
973 2 2 1 9 605 688 490
974 2 2 1 9 488 772 680
975 2 2 1 9 477 655 629
976 2 2 1 9 82 656 81
977 2 2 1 9 116 657 115
978 2 2 1 9 626 695 491
979 2 2 1 9 57 784 638
980 2 2 1 9 477 716 649
981 2 2 1 9 59 679 58
982 2 2 1 9 80 661 79
983 2 2 1 9 114 662 113
984 2 2 1 9 511 696 637
985 2 2 1 9 487 710 598
986 2 2 1 9 63 707 597
987 2 2 1 9 607 779 510
988 2 2 1 9 712 790 433
989 2 2 1 9 50 680 3
990 2 2 1 9 602 692 473
991 2 2 1 9 493 706 682
992 2 2 1 9 650 708 88
993 2 2 1 9 623 660 486
994 2 2 1 9 53 788 629
995 2 2 1 9 1 618 49
996 2 2 1 9 7 621 83
997 2 2 1 9 70 619 5
998 2 2 1 9 104 620 11
999 2 2 1 9 603 698 438
1000 2 2 1 9 89 761 650
1001 2 2 1 9 696 701 495
1002 2 2 1 9 626 668 510
1003 2 2 1 9 491 668 626
1004 2 2 1 9 49 618 2
1005 2 2 1 9 83 621 8
1006 2 2 1 9 4 619 70
1007 2 2 1 9 10 620 104
1008 2 2 1 9 616 775 713
1009 2 2 1 9 514 708 650
1010 2 2 1 9 653 790 580
1011 2 2 1 9 113 676 112
1012 2 2 1 9 79 673 78
1013 2 2 1 9 75 674 74
1014 2 2 1 9 109 675 108
1015 2 2 1 9 542 763 667
1016 2 2 1 9 667 763 452
1017 2 2 1 9 650 761 533
1018 2 2 1 9 557 773 694
1019 2 2 1 9 694 773 484
1020 2 2 1 9 543 679 628
1021 2 2 1 9 479 696 639
1022 2 2 1 9 639 696 495
1023 2 2 1 9 473 692 614
1024 2 2 1 9 614 692 494
1025 2 2 1 9 648 788 54
1026 2 2 1 9 633 669 450
1027 2 2 1 9 489 669 633
1028 2 2 1 9 543 784 679
1029 2 2 1 9 538 777 599
1030 2 2 1 9 714 781 532
1031 2 2 1 9 610 710 487
1032 2 2 1 9 664 738 525
1033 2 2 1 9 518 738 664
1034 2 2 1 9 66 776 65
1035 2 2 1 9 88 708 87
1036 2 2 1 9 594 723 499
1037 2 2 1 9 595 724 500
1038 2 2 1 9 504 743 603
1039 2 2 1 9 679 784 58
1040 2 2 1 9 503 671 670
1041 2 2 1 9 670 671 488
1042 2 2 1 9 626 779 103
1043 2 2 1 9 715 782 537
1044 2 2 1 9 86 730 85
1045 2 2 1 9 678 687 520
1046 2 2 1 9 482 687 678
1047 2 2 1 9 467 799 627
1048 2 2 1 9 627 799 518
1049 2 2 1 9 670 777 451
1050 2 2 1 9 449 710 610
1051 2 2 1 9 704 715 537
1052 2 2 1 9 492 715 704
1053 2 2 1 9 441 787 663
1054 2 2 1 9 541 748 633
1055 2 2 1 9 501 673 661
1056 2 2 1 9 502 676 662
1057 2 2 1 9 510 779 626
1058 2 2 1 9 486 699 623
1059 2 2 1 9 794 807 566
1060 2 2 1 9 692 727 494
1061 2 2 1 9 656 767 563
1062 2 2 1 9 579 735 610
1063 2 2 1 9 610 735 524
1064 2 2 1 9 616 711 498
1065 2 2 1 9 98 760 97
1066 2 2 1 9 90 761 89
1067 2 2 1 9 706 714 532
1068 2 2 1 9 493 714 706
1069 2 2 1 9 637 696 479
1070 2 2 1 9 640 759 556
1071 2 2 1 9 662 676 113
1072 2 2 1 9 661 673 79
1073 2 2 1 9 606 802 496
1074 2 2 1 9 604 774 441
1075 2 2 1 9 103 779 102
1076 2 2 1 9 58 784 57
1077 2 2 1 9 52 793 51
1078 2 2 1 9 62 795 61
1079 2 2 1 9 708 785 632
1080 2 2 1 9 96 797 95
1081 2 2 1 9 92 796 91
1082 2 2 1 9 496 778 606
1083 2 2 1 9 606 778 467
1084 2 2 1 9 566 807 658
1085 2 2 1 9 540 742 648
1086 2 2 1 9 533 736 650
1087 2 2 1 9 627 776 66
1088 2 2 1 9 451 697 670
1089 2 2 1 9 670 697 503
1090 2 2 1 9 650 736 514
1091 2 2 1 9 429 781 714
1092 2 2 1 9 457 732 677
1093 2 2 1 9 677 732 515
1094 2 2 1 9 515 781 681
1095 2 2 1 9 425 759 615
1096 2 2 1 9 430 782 715
1097 2 2 1 9 436 807 794
1098 2 2 1 9 639 801 479
1099 2 2 1 9 498 775 616
1100 2 2 1 9 646 794 566
1101 2 2 1 9 455 767 743
1102 2 2 1 9 513 729 697
1103 2 2 1 9 586 780 624
1104 2 2 1 9 506 788 648
1105 2 2 1 9 562 733 643
1106 2 2 1 9 643 733 448
1107 2 2 1 9 644 734 561
1108 2 2 1 9 449 734 644
1109 2 2 1 9 565 801 622
1110 2 2 1 9 624 780 426
1111 2 2 1 9 658 807 553
1112 2 2 1 9 630 775 498
1113 2 2 1 9 485 775 630
1114 2 2 1 9 65 776 664
1115 2 2 1 9 569 755 645
1116 2 2 1 9 518 776 627
1117 2 2 1 9 499 723 674
1118 2 2 1 9 500 724 675
1119 2 2 1 9 658 763 508
1120 2 2 1 9 452 763 658
1121 2 2 1 9 497 767 656
1122 2 2 1 9 733 804 516
1123 2 2 1 9 562 804 733
1124 2 2 1 9 648 742 506
1125 2 2 1 9 465 704 703
1126 2 2 1 9 703 704 537
1127 2 2 1 9 629 788 506
1128 2 2 1 9 645 755 443
1129 2 2 1 9 664 776 518
1130 2 2 1 9 681 781 429
1131 2 2 1 9 632 785 478
1132 2 2 1 9 570 757 654
1133 2 2 1 9 654 757 434
1134 2 2 1 9 665 806 435
1135 2 2 1 9 713 775 485
1136 2 2 1 9 496 802 666
1137 2 2 1 9 532 781 732
1138 2 2 1 9 674 723 74
1139 2 2 1 9 675 724 108
1140 2 2 1 9 441 774 668
1141 2 2 1 9 668 774 510
1142 2 2 1 9 527 744 720
1143 2 2 1 9 528 745 721
1144 2 2 1 9 529 746 719
1145 2 2 1 9 530 747 718
1146 2 2 1 9 433 790 653
1147 2 2 1 9 720 755 527
1148 2 2 1 9 443 755 720
1149 2 2 1 9 537 782 737
1150 2 2 1 9 697 729 503
1151 2 2 1 9 503 791 671
1152 2 2 1 9 581 806 758
1153 2 2 1 9 655 793 52
1154 2 2 1 9 726 749 516
1155 2 2 1 9 523 749 726
1156 2 2 1 9 725 750 524
1157 2 2 1 9 517 750 725
1158 2 2 1 9 538 793 655
1159 2 2 1 9 505 805 677
1160 2 2 1 9 459 737 725
1161 2 2 1 9 725 737 517
1162 2 2 1 9 666 802 68
1163 2 2 1 9 680 772 3
1164 2 2 1 9 677 786 505
1165 2 2 1 9 671 791 447
1166 2 2 1 9 763 766 508
1167 2 2 1 9 542 766 763
1168 2 2 1 9 718 747 501
1169 2 2 1 9 719 746 502
1170 2 2 1 9 720 744 499
1171 2 2 1 9 721 745 500
1172 2 2 1 9 541 800 756
1173 2 2 1 9 449 750 734
1174 2 2 1 9 733 749 448
1175 2 2 1 9 677 805 457
1176 2 2 1 9 427 792 690
1177 2 2 1 9 690 792 512
1178 2 2 1 9 516 749 733
1179 2 2 1 9 734 750 517
1180 2 2 1 9 697 798 513
1181 2 2 1 9 451 798 697
1182 2 2 1 9 514 785 708
1183 2 2 1 9 730 764 85
1184 2 2 1 9 521 764 730
1185 2 2 1 9 732 781 515
1186 2 2 1 9 737 782 517
1187 2 2 1 9 756 800 521
1188 2 2 1 9 758 806 507
1189 2 2 2 10 118 833 117
1190 2 2 2 10 813 843 823
1191 2 2 2 10 836 845 809
1192 2 2 2 10 131 834 130
1193 2 2 2 10 144 833 145
1194 2 2 2 10 136 825 135
1195 2 2 2 10 815 858 829
1196 2 2 2 10 817 855 823
1197 2 2 2 10 823 840 813
1198 2 2 2 10 823 852 817
1199 2 2 2 10 829 858 809
1200 2 2 2 10 833 851 145
1201 2 2 2 10 810 832 827
1202 2 2 2 10 131 853 834
1203 2 2 2 10 126 844 125
1204 2 2 2 10 118 850 833
1205 2 2 2 10 820 845 836
1206 2 2 2 10 124 837 123
1207 2 2 2 10 831 859 816
1208 2 2 2 10 811 845 835
1209 2 2 2 10 126 854 844
1210 2 2 2 10 813 832 822
1211 2 2 2 10 821 845 811
1212 2 2 2 10 838 859 819
1213 2 2 2 10 825 839 135
1214 2 2 2 10 811 841 821
1215 2 2 2 10 825 843 813
1216 2 2 2 10 138 828 139
1217 2 2 2 10 119 868 850
1218 2 2 2 10 819 848 844
1219 2 2 2 10 136 866 825
1220 2 2 2 10 837 871 123
1221 2 2 2 10 827 848 810
1222 2 2 2 10 844 848 814
1223 2 2 2 10 822 839 813
1224 2 2 2 10 119 850 118
1225 2 2 2 10 835 845 820
1226 2 2 2 10 816 859 838
1227 2 2 2 10 809 878 829
1228 2 2 2 10 830 847 818
1229 2 2 2 10 831 879 859
1230 2 2 2 10 819 854 838
1231 2 2 2 10 135 839 134
1232 2 2 2 10 813 839 825
1233 2 2 2 10 818 883 830
1234 2 2 2 10 830 868 847
1235 2 2 2 10 140 852 141
1236 2 2 2 10 811 875 841
1237 2 2 2 10 148 841 149
1238 2 2 2 10 813 840 832
1239 2 2 2 10 852 872 141
1240 2 2 2 10 841 875 824
1241 2 2 2 10 829 851 815
1242 2 2 2 10 823 855 840
1243 2 2 2 10 815 851 833
1244 2 2 2 10 128 838 127
1245 2 2 2 10 859 879 810
1246 2 2 2 10 850 868 830
1247 2 2 2 10 816 853 831
1248 2 2 2 10 849 874 870
1249 2 2 2 10 138 861 828
1250 2 2 2 10 834 853 816
1251 2 2 2 10 830 883 858
1252 2 2 2 10 837 860 814
1253 2 2 2 10 828 857 139
1254 2 2 2 10 835 855 817
1255 2 2 2 10 818 846 836
1256 2 2 2 10 814 860 844
1257 2 2 2 10 826 871 837
1258 2 2 2 10 821 876 829
1259 2 2 2 10 810 879 832
1260 2 2 2 10 815 850 830
1261 2 2 2 10 844 854 819
1262 2 2 2 10 122 842 121
1263 2 2 2 10 856 865 812
1264 2 2 2 10 818 847 842
1265 2 2 2 10 812 865 849
1266 2 2 2 10 826 856 812
1267 2 2 2 10 812 846 826
1268 2 2 2 10 841 882 149
1269 2 2 2 10 842 846 818
1270 2 2 2 10 816 884 834
1271 2 2 2 10 838 884 816
1272 2 2 2 10 831 877 822
1273 2 2 2 10 870 874 820
1274 2 2 2 10 836 846 812
1275 2 2 2 10 827 873 849
1276 2 2 2 10 132 853 131
1277 2 2 2 10 819 859 848
1278 2 2 2 10 145 851 146
1279 2 2 2 10 837 856 826
1280 2 2 2 10 835 874 855
1281 2 2 2 10 834 884 129
1282 2 2 2 10 139 857 140
1283 2 2 2 10 830 858 815
1284 2 2 2 10 150 864 16
1285 2 2 2 10 137 861 138
1286 2 2 2 10 836 883 818
1287 2 2 2 10 838 854 127
1288 2 2 2 10 16 864 137
1289 2 2 2 10 124 860 837
1290 2 2 2 10 862 876 821
1291 2 2 2 10 137 864 861
1292 2 2 2 10 15 866 136
1293 2 2 2 10 143 866 15
1294 2 2 2 10 832 879 822
1295 2 2 2 10 121 847 120
1296 2 2 2 10 833 880 117
1297 2 2 2 10 129 881 834
1298 2 2 2 10 832 873 827
1299 2 2 2 10 842 847 121
1300 2 2 2 10 849 873 808
1301 2 2 2 10 848 865 814
1302 2 2 2 10 140 857 852
1303 2 2 2 10 827 865 848
1304 2 2 2 10 144 880 833
1305 2 2 2 10 834 881 130
1306 2 2 2 10 822 877 863
1307 2 2 2 10 808 874 849
1308 2 2 2 10 844 860 125
1309 2 2 2 10 823 872 852
1310 2 2 2 10 142 872 843
1311 2 2 2 10 129 884 128
1312 2 2 2 10 127 854 126
1313 2 2 2 10 824 882 841
1314 2 2 2 10 833 850 815
1315 2 2 2 10 141 872 142
1316 2 2 2 10 826 846 842
1317 2 2 2 10 840 873 832
1318 2 2 2 10 857 867 817
1319 2 2 2 10 828 867 857
1320 2 2 2 10 122 871 842
1321 2 2 2 10 840 855 808
1322 2 2 2 10 835 867 811
1323 2 2 2 10 809 883 836
1324 2 2 2 10 848 859 810
1325 2 2 2 10 128 884 838
1326 2 2 2 10 132 877 853
1327 2 2 2 10 839 863 134
1328 2 2 2 10 814 856 837
1329 2 2 2 10 148 862 841
1330 2 2 2 10 820 874 835
1331 2 2 2 10 808 873 840
1332 2 2 2 10 851 876 146
1333 2 2 2 10 817 867 835
1334 2 2 2 10 812 870 836
1335 2 2 2 10 829 878 821
1336 2 2 2 10 867 875 811
1337 2 2 2 10 847 868 120
1338 2 2 2 10 822 879 831
1339 2 2 2 10 861 864 824
1340 2 2 2 10 125 860 124
1341 2 2 2 10 842 871 826
1342 2 2 2 10 825 869 843
1343 2 2 2 10 822 863 839
1344 2 2 2 10 843 869 142
1345 2 2 2 10 841 862 821
1346 2 2 2 10 845 878 809
1347 2 2 2 10 852 857 817
1348 2 2 2 10 843 872 823
1349 2 2 2 10 142 869 143
1350 2 2 2 10 147 862 148
1351 2 2 2 10 828 875 867
1352 2 2 2 10 134 863 133
1353 2 2 2 10 849 865 827
1354 2 2 2 10 146 876 147
1355 2 2 2 10 133 877 132
1356 2 2 2 10 855 874 808
1357 2 2 2 10 120 868 119
1358 2 2 2 10 117 880 13
1359 2 2 2 10 14 881 129
1360 2 2 2 10 853 877 831
1361 2 2 2 10 123 871 122
1362 2 2 2 10 849 870 812
1363 2 2 2 10 836 870 820
1364 2 2 2 10 829 876 851
1365 2 2 2 10 13 880 144
1366 2 2 2 10 130 881 14
1367 2 2 2 10 821 878 845
1368 2 2 2 10 149 882 150
1369 2 2 2 10 147 876 862
1370 2 2 2 10 863 877 133
1371 2 2 2 10 814 865 856
1372 2 2 2 10 866 869 825
1373 2 2 2 10 861 875 828
1374 2 2 2 10 824 875 861
1375 2 2 2 10 143 869 866
1376 2 2 2 10 858 883 809
1377 2 2 2 10 150 882 864
1378 2 2 2 10 864 882 824
1379 2 2 2 11 911 936 897
1380 2 2 2 11 926 943 897
1381 2 2 2 11 896 942 925
1382 2 2 2 11 901 943 926
1383 2 2 2 11 925 942 901
1384 2 2 2 11 897 973 911
1385 2 2 2 11 909 957 886
1386 2 2 2 11 887 958 907
1387 2 2 2 11 888 923 912
1388 2 2 2 11 913 924 889
1389 2 2 2 11 185 927 186
1390 2 2 2 11 147 928 146
1391 2 2 2 11 902 986 916
1392 2 2 2 11 917 987 903
1393 2 2 2 11 156 920 155
1394 2 2 2 11 166 921 165
1395 2 2 2 11 911 989 936
1396 2 2 2 11 935 988 910
1397 2 2 2 11 935 965 886
1398 2 2 2 11 887 964 936
1399 2 2 2 11 886 984 909
1400 2 2 2 11 907 985 887
1401 2 2 2 11 922 959 890
1402 2 2 2 11 943 973 897
1403 2 2 2 11 168 982 923
1404 2 2 2 11 924 983 153
1405 2 2 2 11 169 982 168
1406 2 2 2 11 153 983 152
1407 2 2 2 11 886 965 939
1408 2 2 2 11 938 964 887
1409 2 2 2 11 912 946 888
1410 2 2 2 11 889 945 913
1411 2 2 2 11 936 989 887
1412 2 2 2 11 886 988 935
1413 2 2 2 11 910 1004 935
1414 2 2 2 11 908 979 924
1415 2 2 2 11 923 981 906
1416 2 2 2 11 909 978 957
1417 2 2 2 11 958 980 907
1418 2 2 2 11 156 940 920
1419 2 2 2 11 921 941 165
1420 2 2 2 11 959 976 890
1421 2 2 2 11 893 980 958
1422 2 2 2 11 957 978 892
1423 2 2 2 11 159 962 951
1424 2 2 2 11 952 963 162
1425 2 2 2 11 918 1000 894
1426 2 2 2 11 895 1001 919
1427 2 2 2 11 916 986 890
1428 2 2 2 11 891 987 917
1429 2 2 2 11 942 943 901
1430 2 2 2 11 885 943 942
1431 2 2 2 11 894 1000 931
1432 2 2 2 11 932 1001 895
1433 2 2 2 11 175 933 925
1434 2 2 2 11 926 934 178
1435 2 2 2 11 944 977 973
1436 2 2 2 11 935 1004 896
1437 2 2 2 11 894 929 918
1438 2 2 2 11 919 930 895
1439 2 2 2 11 175 925 176
1440 2 2 2 11 177 926 178
1441 2 2 2 11 925 933 896
1442 2 2 2 11 897 934 926
1443 2 2 2 11 170 982 169
1444 2 2 2 11 152 983 151
1445 2 2 2 11 969 982 170
1446 2 2 2 11 151 983 970
1447 2 2 2 11 924 979 889
1448 2 2 2 11 888 981 923
1449 2 2 2 11 166 947 921
1450 2 2 2 11 920 948 155
1451 2 2 2 11 916 955 902
1452 2 2 2 11 903 956 917
1453 2 2 2 11 931 964 894
1454 2 2 2 11 904 964 931
1455 2 2 2 11 895 965 932
1456 2 2 2 11 932 965 905
1457 2 2 2 11 180 931 181
1458 2 2 2 11 172 932 173
1459 2 2 2 11 149 929 148
1460 2 2 2 11 187 930 188
1461 2 2 2 11 157 940 156
1462 2 2 2 11 165 941 164
1463 2 2 2 11 159 951 158
1464 2 2 2 11 163 952 162
1465 2 2 2 11 927 953 186
1466 2 2 2 11 147 954 928
1467 2 2 2 11 174 933 175
1468 2 2 2 11 178 934 179
1469 2 2 2 11 923 949 168
1470 2 2 2 11 153 950 924
1471 2 2 2 11 940 955 920
1472 2 2 2 11 921 956 941
1473 2 2 2 11 924 950 908
1474 2 2 2 11 906 949 923
1475 2 2 2 11 161 937 160
1476 2 2 2 11 888 946 928
1477 2 2 2 11 927 945 889
1478 2 2 2 11 891 977 944
1479 2 2 2 11 920 955 892
1480 2 2 2 11 893 956 921
1481 2 2 2 11 973 977 911
1482 2 2 2 11 13 969 170
1483 2 2 2 11 151 970 17
1484 2 2 2 11 892 955 916
1485 2 2 2 11 917 956 893
1486 2 2 2 11 890 960 922
1487 2 2 2 11 923 982 912
1488 2 2 2 11 913 983 924
1489 2 2 2 11 185 945 927
1490 2 2 2 11 928 946 146
1491 2 2 2 11 144 969 13
1492 2 2 2 11 17 970 183
1493 2 2 2 11 944 961 891
1494 2 2 2 11 932 975 173
1495 2 2 2 11 180 974 931
1496 2 2 2 11 184 945 185
1497 2 2 2 11 146 946 145
1498 2 2 2 11 916 957 892
1499 2 2 2 11 893 958 917
1500 2 2 2 11 951 962 914
1501 2 2 2 11 915 963 952
1502 2 2 2 11 925 968 176
1503 2 2 2 11 177 968 926
1504 2 2 2 11 939 984 886
1505 2 2 2 11 887 985 938
1506 2 2 2 11 922 944 885
1507 2 2 2 11 942 959 885
1508 2 2 2 11 926 968 901
1509 2 2 2 11 901 968 925
1510 2 2 2 11 928 966 888
1511 2 2 2 11 889 967 927
1512 2 2 2 11 937 962 160
1513 2 2 2 11 161 963 937
1514 2 2 2 11 905 975 932
1515 2 2 2 11 931 974 904
1516 2 2 2 11 944 1007 961
1517 2 2 2 11 167 947 166
1518 2 2 2 11 155 948 154
1519 2 2 2 11 929 954 148
1520 2 2 2 11 187 953 930
1521 2 2 2 11 936 964 904
1522 2 2 2 11 905 965 935
1523 2 2 2 11 149 1005 929
1524 2 2 2 11 930 1006 188
1525 2 2 2 11 899 953 927
1526 2 2 2 11 928 954 900
1527 2 2 2 11 919 1006 930
1528 2 2 2 11 929 1005 918
1529 2 2 2 11 890 976 916
1530 2 2 2 11 917 977 891
1531 2 2 2 11 174 975 933
1532 2 2 2 11 934 974 179
1533 2 2 2 11 182 1000 996
1534 2 2 2 11 997 1001 171
1535 2 2 2 11 942 1004 959
1536 2 2 2 11 892 991 920
1537 2 2 2 11 921 990 893
1538 2 2 2 11 885 959 922
1539 2 2 2 11 168 949 167
1540 2 2 2 11 154 950 153
1541 2 2 2 11 167 949 947
1542 2 2 2 11 948 950 154
1543 2 2 2 11 897 994 934
1544 2 2 2 11 933 995 896
1545 2 2 2 11 933 975 905
1546 2 2 2 11 904 974 934
1547 2 2 2 11 902 955 940
1548 2 2 2 11 941 956 903
1549 2 2 2 11 181 1000 182
1550 2 2 2 11 171 1001 172
1551 2 2 2 11 158 971 157
1552 2 2 2 11 164 972 163
1553 2 2 2 11 894 964 938
1554 2 2 2 11 939 965 895
1555 2 2 2 11 157 971 940
1556 2 2 2 11 941 972 164
1557 2 2 2 11 160 962 159
1558 2 2 2 11 162 963 161
1559 2 2 2 11 931 1000 181
1560 2 2 2 11 172 1001 932
1561 2 2 2 11 186 953 187
1562 2 2 2 11 148 954 147
1563 2 2 2 11 966 981 888
1564 2 2 2 11 889 979 967
1565 2 2 2 11 929 993 954
1566 2 2 2 11 953 992 930
1567 2 2 2 11 960 986 914
1568 2 2 2 11 915 987 961
1569 2 2 2 11 908 950 948
1570 2 2 2 11 947 949 906
1571 2 2 2 11 182 996 16
1572 2 2 2 11 18 997 171
1573 2 2 2 11 912 982 969
1574 2 2 2 11 970 983 913
1575 2 2 2 11 176 968 177
1576 2 2 2 11 900 966 928
1577 2 2 2 11 927 967 899
1578 2 2 2 11 951 971 158
1579 2 2 2 11 163 972 952
1580 2 2 2 11 885 973 943
1581 2 2 2 11 16 996 150
1582 2 2 2 11 189 997 18
1583 2 2 2 11 922 1007 944
1584 2 2 2 11 896 995 935
1585 2 2 2 11 935 995 905
1586 2 2 2 11 904 994 936
1587 2 2 2 11 936 994 897
1588 2 2 2 11 910 976 959
1589 2 2 2 11 907 981 966
1590 2 2 2 11 967 979 909
1591 2 2 2 11 996 1000 918
1592 2 2 2 11 919 1001 997
1593 2 2 2 11 938 993 894
1594 2 2 2 11 900 993 938
1595 2 2 2 11 895 992 939
1596 2 2 2 11 939 992 899
1597 2 2 2 11 954 993 900
1598 2 2 2 11 899 992 953
1599 2 2 2 11 938 985 900
1600 2 2 2 11 899 984 939
1601 2 2 2 11 914 986 951
1602 2 2 2 11 952 987 915
1603 2 2 2 11 905 995 933
1604 2 2 2 11 934 994 904
1605 2 2 2 11 951 986 902
1606 2 2 2 11 903 987 952
1607 2 2 2 11 184 1003 945
1608 2 2 2 11 946 1002 145
1609 2 2 2 11 894 993 929
1610 2 2 2 11 930 992 895
1611 2 2 2 11 940 971 902
1612 2 2 2 11 903 972 941
1613 2 2 2 11 179 974 180
1614 2 2 2 11 173 975 174
1615 2 2 2 11 944 973 885
1616 2 2 2 11 898 1007 960
1617 2 2 2 11 145 1002 144
1618 2 2 2 11 183 1003 184
1619 2 2 2 11 896 1004 942
1620 2 2 2 11 945 1003 913
1621 2 2 2 11 912 1002 946
1622 2 2 2 11 916 988 957
1623 2 2 2 11 958 989 917
1624 2 2 2 11 890 986 960
1625 2 2 2 11 961 987 891
1626 2 2 2 11 960 1007 922
1627 2 2 2 11 914 998 960
1628 2 2 2 11 961 999 915
1629 2 2 2 11 960 998 898
1630 2 2 2 11 898 999 961
1631 2 2 2 11 937 999 898
1632 2 2 2 11 898 998 937
1633 2 2 2 11 902 971 951
1634 2 2 2 11 952 972 903
1635 2 2 2 11 959 1004 910
1636 2 2 2 11 976 988 916
1637 2 2 2 11 917 989 977
1638 2 2 2 11 947 990 921
1639 2 2 2 11 920 991 948
1640 2 2 2 11 150 1005 149
1641 2 2 2 11 188 1006 189
1642 2 2 2 11 978 991 892
1643 2 2 2 11 893 990 980
1644 2 2 2 11 937 998 962
1645 2 2 2 11 963 999 937
1646 2 2 2 11 144 1002 969
1647 2 2 2 11 970 1003 183
1648 2 2 2 11 909 984 967
1649 2 2 2 11 966 985 907
1650 2 2 2 11 887 989 958
1651 2 2 2 11 957 988 886
1652 2 2 2 11 978 979 908
1653 2 2 2 11 906 981 980
1654 2 2 2 11 908 991 978
1655 2 2 2 11 980 990 906
1656 2 2 2 11 906 990 947
1657 2 2 2 11 948 991 908
1658 2 2 2 11 900 985 966
1659 2 2 2 11 967 984 899
1660 2 2 2 11 961 1007 898
1661 2 2 2 11 909 979 978
1662 2 2 2 11 980 981 907
1663 2 2 2 11 962 998 914
1664 2 2 2 11 915 999 963
1665 2 2 2 11 910 988 976
1666 2 2 2 11 977 989 911
1667 2 2 2 11 969 1002 912
1668 2 2 2 11 913 1003 970
1669 2 2 2 11 189 1006 997
1670 2 2 2 11 996 1005 150
1671 2 2 2 11 997 1006 919
1672 2 2 2 11 918 1005 996
1673 2 2 2 12 191 1033 190
1674 2 2 2 12 1013 1043 1023
1675 2 2 2 12 1036 1045 1009
1676 2 2 2 12 184 1034 183
1677 2 2 2 12 210 1033 211
1678 2 2 2 12 189 1025 188
1679 2 2 2 12 1015 1058 1029
1680 2 2 2 12 1017 1055 1023
1681 2 2 2 12 1023 1040 1013
1682 2 2 2 12 1023 1052 1017
1683 2 2 2 12 1029 1058 1009
1684 2 2 2 12 1033 1051 211
1685 2 2 2 12 1010 1032 1027
1686 2 2 2 12 184 1053 1034
1687 2 2 2 12 199 1044 198
1688 2 2 2 12 191 1050 1033
1689 2 2 2 12 1020 1045 1036
1690 2 2 2 12 197 1037 196
1691 2 2 2 12 1031 1059 1016
1692 2 2 2 12 1011 1045 1035
1693 2 2 2 12 199 1054 1044
1694 2 2 2 12 1013 1032 1022
1695 2 2 2 12 1021 1045 1011
1696 2 2 2 12 1038 1059 1019
1697 2 2 2 12 1025 1039 188
1698 2 2 2 12 1011 1041 1021
1699 2 2 2 12 1025 1043 1013
1700 2 2 2 12 204 1028 205
1701 2 2 2 12 192 1068 1050
1702 2 2 2 12 1019 1048 1044
1703 2 2 2 12 189 1066 1025
1704 2 2 2 12 1037 1071 196
1705 2 2 2 12 1027 1048 1010
1706 2 2 2 12 1044 1048 1014
1707 2 2 2 12 1022 1039 1013
1708 2 2 2 12 192 1050 191
1709 2 2 2 12 1035 1045 1020
1710 2 2 2 12 1016 1059 1038
1711 2 2 2 12 1009 1078 1029
1712 2 2 2 12 1030 1047 1018
1713 2 2 2 12 1031 1079 1059
1714 2 2 2 12 1019 1054 1038
1715 2 2 2 12 188 1039 187
1716 2 2 2 12 1013 1039 1025
1717 2 2 2 12 1018 1083 1030
1718 2 2 2 12 1030 1068 1047
1719 2 2 2 12 206 1052 207
1720 2 2 2 12 1011 1075 1041
1721 2 2 2 12 214 1041 215
1722 2 2 2 12 1013 1040 1032
1723 2 2 2 12 1052 1072 207
1724 2 2 2 12 1041 1075 1024
1725 2 2 2 12 1029 1051 1015
1726 2 2 2 12 1023 1055 1040
1727 2 2 2 12 1015 1051 1033
1728 2 2 2 12 201 1038 200
1729 2 2 2 12 1059 1079 1010
1730 2 2 2 12 1050 1068 1030
1731 2 2 2 12 1016 1053 1031
1732 2 2 2 12 1049 1074 1070
1733 2 2 2 12 204 1061 1028
1734 2 2 2 12 1034 1053 1016
1735 2 2 2 12 1030 1083 1058
1736 2 2 2 12 1037 1060 1014
1737 2 2 2 12 1028 1057 205
1738 2 2 2 12 1035 1055 1017
1739 2 2 2 12 1018 1046 1036
1740 2 2 2 12 1014 1060 1044
1741 2 2 2 12 1026 1071 1037
1742 2 2 2 12 1021 1076 1029
1743 2 2 2 12 1010 1079 1032
1744 2 2 2 12 1015 1050 1030
1745 2 2 2 12 1044 1054 1019
1746 2 2 2 12 195 1042 194
1747 2 2 2 12 1056 1065 1012
1748 2 2 2 12 1018 1047 1042
1749 2 2 2 12 1012 1065 1049
1750 2 2 2 12 1026 1056 1012
1751 2 2 2 12 1012 1046 1026
1752 2 2 2 12 1041 1082 215
1753 2 2 2 12 1042 1046 1018
1754 2 2 2 12 1016 1084 1034
1755 2 2 2 12 1038 1084 1016
1756 2 2 2 12 1031 1077 1022
1757 2 2 2 12 1070 1074 1020
1758 2 2 2 12 1036 1046 1012
1759 2 2 2 12 1027 1073 1049
1760 2 2 2 12 185 1053 184
1761 2 2 2 12 1019 1059 1048
1762 2 2 2 12 211 1051 212
1763 2 2 2 12 1037 1056 1026
1764 2 2 2 12 1035 1074 1055
1765 2 2 2 12 1034 1084 202
1766 2 2 2 12 205 1057 206
1767 2 2 2 12 1030 1058 1015
1768 2 2 2 12 216 1064 20
1769 2 2 2 12 203 1061 204
1770 2 2 2 12 1036 1083 1018
1771 2 2 2 12 1038 1054 200
1772 2 2 2 12 20 1064 203
1773 2 2 2 12 197 1060 1037
1774 2 2 2 12 1062 1076 1021
1775 2 2 2 12 203 1064 1061
1776 2 2 2 12 18 1066 189
1777 2 2 2 12 209 1066 18
1778 2 2 2 12 1032 1079 1022
1779 2 2 2 12 194 1047 193
1780 2 2 2 12 1033 1080 190
1781 2 2 2 12 202 1081 1034
1782 2 2 2 12 1032 1073 1027
1783 2 2 2 12 1042 1047 194
1784 2 2 2 12 1049 1073 1008
1785 2 2 2 12 1048 1065 1014
1786 2 2 2 12 206 1057 1052
1787 2 2 2 12 1027 1065 1048
1788 2 2 2 12 210 1080 1033
1789 2 2 2 12 1034 1081 183
1790 2 2 2 12 1022 1077 1063
1791 2 2 2 12 1008 1074 1049
1792 2 2 2 12 1044 1060 198
1793 2 2 2 12 1023 1072 1052
1794 2 2 2 12 208 1072 1043
1795 2 2 2 12 202 1084 201
1796 2 2 2 12 200 1054 199
1797 2 2 2 12 1024 1082 1041
1798 2 2 2 12 1033 1050 1015
1799 2 2 2 12 207 1072 208
1800 2 2 2 12 1026 1046 1042
1801 2 2 2 12 1040 1073 1032
1802 2 2 2 12 1057 1067 1017
1803 2 2 2 12 1028 1067 1057
1804 2 2 2 12 195 1071 1042
1805 2 2 2 12 1040 1055 1008
1806 2 2 2 12 1035 1067 1011
1807 2 2 2 12 1009 1083 1036
1808 2 2 2 12 1048 1059 1010
1809 2 2 2 12 201 1084 1038
1810 2 2 2 12 185 1077 1053
1811 2 2 2 12 1039 1063 187
1812 2 2 2 12 1014 1056 1037
1813 2 2 2 12 214 1062 1041
1814 2 2 2 12 1020 1074 1035
1815 2 2 2 12 1008 1073 1040
1816 2 2 2 12 1051 1076 212
1817 2 2 2 12 1017 1067 1035
1818 2 2 2 12 1012 1070 1036
1819 2 2 2 12 1029 1078 1021
1820 2 2 2 12 1067 1075 1011
1821 2 2 2 12 1047 1068 193
1822 2 2 2 12 1022 1079 1031
1823 2 2 2 12 1061 1064 1024
1824 2 2 2 12 198 1060 197
1825 2 2 2 12 1042 1071 1026
1826 2 2 2 12 1025 1069 1043
1827 2 2 2 12 1022 1063 1039
1828 2 2 2 12 1043 1069 208
1829 2 2 2 12 1041 1062 1021
1830 2 2 2 12 1045 1078 1009
1831 2 2 2 12 1052 1057 1017
1832 2 2 2 12 1043 1072 1023
1833 2 2 2 12 208 1069 209
1834 2 2 2 12 213 1062 214
1835 2 2 2 12 1028 1075 1067
1836 2 2 2 12 187 1063 186
1837 2 2 2 12 1049 1065 1027
1838 2 2 2 12 212 1076 213
1839 2 2 2 12 186 1077 185
1840 2 2 2 12 1055 1074 1008
1841 2 2 2 12 193 1068 192
1842 2 2 2 12 190 1080 19
1843 2 2 2 12 17 1081 202
1844 2 2 2 12 1053 1077 1031
1845 2 2 2 12 196 1071 195
1846 2 2 2 12 1049 1070 1012
1847 2 2 2 12 1036 1070 1020
1848 2 2 2 12 1029 1076 1051
1849 2 2 2 12 19 1080 210
1850 2 2 2 12 183 1081 17
1851 2 2 2 12 1021 1078 1045
1852 2 2 2 12 215 1082 216
1853 2 2 2 12 213 1076 1062
1854 2 2 2 12 1063 1077 186
1855 2 2 2 12 1014 1065 1056
1856 2 2 2 12 1066 1069 1025
1857 2 2 2 12 1061 1075 1028
1858 2 2 2 12 1024 1075 1061
1859 2 2 2 12 209 1069 1066
1860 2 2 2 12 1058 1083 1009
1861 2 2 2 12 216 1082 1064
1862 2 2 2 12 1064 1082 1024
1863 2 2 2 13 1111 1136 1097
1864 2 2 2 13 1126 1143 1097
1865 2 2 2 13 1096 1142 1125
1866 2 2 2 13 1101 1143 1126
1867 2 2 2 13 1125 1142 1101
1868 2 2 2 13 1097 1173 1111
1869 2 2 2 13 1109 1157 1086
1870 2 2 2 13 1087 1158 1107
1871 2 2 2 13 1088 1123 1112
1872 2 2 2 13 1113 1124 1089
1873 2 2 2 13 132 1127 133
1874 2 2 2 13 213 1128 212
1875 2 2 2 13 1102 1186 1116
1876 2 2 2 13 1117 1187 1103
1877 2 2 2 13 222 1120 221
1878 2 2 2 13 232 1121 231
1879 2 2 2 13 1111 1189 1136
1880 2 2 2 13 1135 1188 1110
1881 2 2 2 13 1135 1165 1086
1882 2 2 2 13 1087 1164 1136
1883 2 2 2 13 1086 1184 1109
1884 2 2 2 13 1107 1185 1087
1885 2 2 2 13 1122 1159 1090
1886 2 2 2 13 1143 1173 1097
1887 2 2 2 13 234 1182 1123
1888 2 2 2 13 1124 1183 219
1889 2 2 2 13 235 1182 234
1890 2 2 2 13 219 1183 218
1891 2 2 2 13 1086 1165 1139
1892 2 2 2 13 1138 1164 1087
1893 2 2 2 13 1112 1146 1088
1894 2 2 2 13 1089 1145 1113
1895 2 2 2 13 1136 1189 1087
1896 2 2 2 13 1086 1188 1135
1897 2 2 2 13 1110 1204 1135
1898 2 2 2 13 1108 1179 1124
1899 2 2 2 13 1123 1181 1106
1900 2 2 2 13 1109 1178 1157
1901 2 2 2 13 1158 1180 1107
1902 2 2 2 13 222 1140 1120
1903 2 2 2 13 1121 1141 231
1904 2 2 2 13 1159 1176 1090
1905 2 2 2 13 1093 1180 1158
1906 2 2 2 13 1157 1178 1092
1907 2 2 2 13 225 1162 1151
1908 2 2 2 13 1152 1163 228
1909 2 2 2 13 1118 1200 1094
1910 2 2 2 13 1095 1201 1119
1911 2 2 2 13 1116 1186 1090
1912 2 2 2 13 1091 1187 1117
1913 2 2 2 13 1085 1143 1142
1914 2 2 2 13 1142 1143 1101
1915 2 2 2 13 1094 1200 1131
1916 2 2 2 13 1132 1201 1095
1917 2 2 2 13 241 1133 1125
1918 2 2 2 13 1126 1134 244
1919 2 2 2 13 1144 1177 1173
1920 2 2 2 13 1135 1204 1096
1921 2 2 2 13 1094 1129 1118
1922 2 2 2 13 1119 1130 1095
1923 2 2 2 13 241 1125 242
1924 2 2 2 13 243 1126 244
1925 2 2 2 13 1125 1133 1096
1926 2 2 2 13 1097 1134 1126
1927 2 2 2 13 236 1182 235
1928 2 2 2 13 218 1183 217
1929 2 2 2 13 1169 1182 236
1930 2 2 2 13 217 1183 1170
1931 2 2 2 13 1124 1179 1089
1932 2 2 2 13 1088 1181 1123
1933 2 2 2 13 232 1147 1121
1934 2 2 2 13 1120 1148 221
1935 2 2 2 13 1116 1155 1102
1936 2 2 2 13 1103 1156 1117
1937 2 2 2 13 1104 1164 1131
1938 2 2 2 13 1131 1164 1094
1939 2 2 2 13 1095 1165 1132
1940 2 2 2 13 1132 1165 1105
1941 2 2 2 13 246 1131 247
1942 2 2 2 13 238 1132 239
1943 2 2 2 13 215 1129 214
1944 2 2 2 13 134 1130 135
1945 2 2 2 13 223 1140 222
1946 2 2 2 13 231 1141 230
1947 2 2 2 13 225 1151 224
1948 2 2 2 13 229 1152 228
1949 2 2 2 13 1127 1153 133
1950 2 2 2 13 213 1154 1128
1951 2 2 2 13 240 1133 241
1952 2 2 2 13 244 1134 245
1953 2 2 2 13 1123 1149 234
1954 2 2 2 13 219 1150 1124
1955 2 2 2 13 1140 1155 1120
1956 2 2 2 13 1121 1156 1141
1957 2 2 2 13 1124 1150 1108
1958 2 2 2 13 1106 1149 1123
1959 2 2 2 13 227 1137 226
1960 2 2 2 13 1088 1146 1128
1961 2 2 2 13 1127 1145 1089
1962 2 2 2 13 1091 1177 1144
1963 2 2 2 13 1120 1155 1092
1964 2 2 2 13 1093 1156 1121
1965 2 2 2 13 1173 1177 1111
1966 2 2 2 13 19 1169 236
1967 2 2 2 13 217 1170 14
1968 2 2 2 13 1092 1155 1116
1969 2 2 2 13 1117 1156 1093
1970 2 2 2 13 1090 1160 1122
1971 2 2 2 13 1123 1182 1112
1972 2 2 2 13 1113 1183 1124
1973 2 2 2 13 132 1145 1127
1974 2 2 2 13 1128 1146 212
1975 2 2 2 13 210 1169 19
1976 2 2 2 13 14 1170 130
1977 2 2 2 13 1144 1161 1091
1978 2 2 2 13 1132 1175 239
1979 2 2 2 13 246 1174 1131
1980 2 2 2 13 131 1145 132
1981 2 2 2 13 212 1146 211
1982 2 2 2 13 1116 1157 1092
1983 2 2 2 13 1093 1158 1117
1984 2 2 2 13 1151 1162 1114
1985 2 2 2 13 1115 1163 1152
1986 2 2 2 13 1125 1168 242
1987 2 2 2 13 243 1168 1126
1988 2 2 2 13 1139 1184 1086
1989 2 2 2 13 1087 1185 1138
1990 2 2 2 13 1122 1144 1085
1991 2 2 2 13 1142 1159 1085
1992 2 2 2 13 1126 1168 1101
1993 2 2 2 13 1101 1168 1125
1994 2 2 2 13 1128 1166 1088
1995 2 2 2 13 1089 1167 1127
1996 2 2 2 13 1137 1162 226
1997 2 2 2 13 227 1163 1137
1998 2 2 2 13 1105 1175 1132
1999 2 2 2 13 1131 1174 1104
2000 2 2 2 13 1144 1207 1161
2001 2 2 2 13 233 1147 232
2002 2 2 2 13 221 1148 220
2003 2 2 2 13 1129 1154 214
2004 2 2 2 13 134 1153 1130
2005 2 2 2 13 1136 1164 1104
2006 2 2 2 13 1105 1165 1135
2007 2 2 2 13 215 1205 1129
2008 2 2 2 13 1130 1206 135
2009 2 2 2 13 1099 1153 1127
2010 2 2 2 13 1128 1154 1100
2011 2 2 2 13 1119 1206 1130
2012 2 2 2 13 1129 1205 1118
2013 2 2 2 13 1090 1176 1116
2014 2 2 2 13 1117 1177 1091
2015 2 2 2 13 240 1175 1133
2016 2 2 2 13 1134 1174 245
2017 2 2 2 13 248 1200 1196
2018 2 2 2 13 1197 1201 237
2019 2 2 2 13 1142 1204 1159
2020 2 2 2 13 1092 1191 1120
2021 2 2 2 13 1121 1190 1093
2022 2 2 2 13 1085 1159 1122
2023 2 2 2 13 234 1149 233
2024 2 2 2 13 220 1150 219
2025 2 2 2 13 233 1149 1147
2026 2 2 2 13 1148 1150 220
2027 2 2 2 13 1097 1194 1134
2028 2 2 2 13 1133 1195 1096
2029 2 2 2 13 1133 1175 1105
2030 2 2 2 13 1104 1174 1134
2031 2 2 2 13 1102 1155 1140
2032 2 2 2 13 1141 1156 1103
2033 2 2 2 13 247 1200 248
2034 2 2 2 13 237 1201 238
2035 2 2 2 13 224 1171 223
2036 2 2 2 13 230 1172 229
2037 2 2 2 13 1094 1164 1138
2038 2 2 2 13 1139 1165 1095
2039 2 2 2 13 223 1171 1140
2040 2 2 2 13 1141 1172 230
2041 2 2 2 13 226 1162 225
2042 2 2 2 13 228 1163 227
2043 2 2 2 13 1131 1200 247
2044 2 2 2 13 238 1201 1132
2045 2 2 2 13 133 1153 134
2046 2 2 2 13 214 1154 213
2047 2 2 2 13 1166 1181 1088
2048 2 2 2 13 1089 1179 1167
2049 2 2 2 13 1129 1193 1154
2050 2 2 2 13 1153 1192 1130
2051 2 2 2 13 1160 1186 1114
2052 2 2 2 13 1115 1187 1161
2053 2 2 2 13 1108 1150 1148
2054 2 2 2 13 1147 1149 1106
2055 2 2 2 13 248 1196 20
2056 2 2 2 13 15 1197 237
2057 2 2 2 13 1112 1182 1169
2058 2 2 2 13 1170 1183 1113
2059 2 2 2 13 242 1168 243
2060 2 2 2 13 1100 1166 1128
2061 2 2 2 13 1127 1167 1099
2062 2 2 2 13 1151 1171 224
2063 2 2 2 13 229 1172 1152
2064 2 2 2 13 1085 1173 1143
2065 2 2 2 13 20 1196 216
2066 2 2 2 13 136 1197 15
2067 2 2 2 13 1122 1207 1144
2068 2 2 2 13 1135 1195 1105
2069 2 2 2 13 1096 1195 1135
2070 2 2 2 13 1104 1194 1136
2071 2 2 2 13 1136 1194 1097
2072 2 2 2 13 1110 1176 1159
2073 2 2 2 13 1107 1181 1166
2074 2 2 2 13 1167 1179 1109
2075 2 2 2 13 1196 1200 1118
2076 2 2 2 13 1119 1201 1197
2077 2 2 2 13 1138 1193 1094
2078 2 2 2 13 1100 1193 1138
2079 2 2 2 13 1095 1192 1139
2080 2 2 2 13 1139 1192 1099
2081 2 2 2 13 1154 1193 1100
2082 2 2 2 13 1099 1192 1153
2083 2 2 2 13 1138 1185 1100
2084 2 2 2 13 1099 1184 1139
2085 2 2 2 13 1114 1186 1151
2086 2 2 2 13 1152 1187 1115
2087 2 2 2 13 1105 1195 1133
2088 2 2 2 13 1134 1194 1104
2089 2 2 2 13 1151 1186 1102
2090 2 2 2 13 1103 1187 1152
2091 2 2 2 13 131 1203 1145
2092 2 2 2 13 1146 1202 211
2093 2 2 2 13 1094 1193 1129
2094 2 2 2 13 1130 1192 1095
2095 2 2 2 13 1140 1171 1102
2096 2 2 2 13 1103 1172 1141
2097 2 2 2 13 245 1174 246
2098 2 2 2 13 239 1175 240
2099 2 2 2 13 1144 1173 1085
2100 2 2 2 13 1098 1207 1160
2101 2 2 2 13 211 1202 210
2102 2 2 2 13 130 1203 131
2103 2 2 2 13 1096 1204 1142
2104 2 2 2 13 1145 1203 1113
2105 2 2 2 13 1112 1202 1146
2106 2 2 2 13 1116 1188 1157
2107 2 2 2 13 1158 1189 1117
2108 2 2 2 13 1090 1186 1160
2109 2 2 2 13 1161 1187 1091
2110 2 2 2 13 1160 1207 1122
2111 2 2 2 13 1114 1198 1160
2112 2 2 2 13 1161 1199 1115
2113 2 2 2 13 1160 1198 1098
2114 2 2 2 13 1098 1199 1161
2115 2 2 2 13 1137 1199 1098
2116 2 2 2 13 1098 1198 1137
2117 2 2 2 13 1102 1171 1151
2118 2 2 2 13 1152 1172 1103
2119 2 2 2 13 1159 1204 1110
2120 2 2 2 13 1176 1188 1116
2121 2 2 2 13 1117 1189 1177
2122 2 2 2 13 1147 1190 1121
2123 2 2 2 13 1120 1191 1148
2124 2 2 2 13 216 1205 215
2125 2 2 2 13 135 1206 136
2126 2 2 2 13 1178 1191 1092
2127 2 2 2 13 1093 1190 1180
2128 2 2 2 13 1137 1198 1162
2129 2 2 2 13 1163 1199 1137
2130 2 2 2 13 210 1202 1169
2131 2 2 2 13 1170 1203 130
2132 2 2 2 13 1109 1184 1167
2133 2 2 2 13 1166 1185 1107
2134 2 2 2 13 1087 1189 1158
2135 2 2 2 13 1157 1188 1086
2136 2 2 2 13 1178 1179 1108
2137 2 2 2 13 1106 1181 1180
2138 2 2 2 13 1108 1191 1178
2139 2 2 2 13 1180 1190 1106
2140 2 2 2 13 1106 1190 1147
2141 2 2 2 13 1148 1191 1108
2142 2 2 2 13 1100 1185 1166
2143 2 2 2 13 1167 1184 1099
2144 2 2 2 13 1161 1207 1098
2145 2 2 2 13 1109 1179 1178
2146 2 2 2 13 1180 1181 1107
2147 2 2 2 13 1162 1198 1114
2148 2 2 2 13 1115 1199 1163
2149 2 2 2 13 1110 1188 1176
2150 2 2 2 13 1177 1189 1111
2151 2 2 2 13 1169 1202 1112
2152 2 2 2 13 1113 1203 1170
2153 2 2 2 13 136 1206 1197
2154 2 2 2 13 1196 1205 216
2155 2 2 2 13 1197 1206 1119
2156 2 2 2 13 1118 1205 1196
2157 2 2 2 15 1243 1319 1219
2158 2 2 2 15 1244 1318 1209
2159 2 2 2 15 1219 1319 1245
2160 2 2 2 15 1209 1318 1246
2161 2 2 2 15 1231 1253 1218
2162 2 2 2 15 1219 1254 1232
2163 2 2 2 15 1239 1255 1214
2164 2 2 2 15 1220 1255 1239
2165 2 2 2 15 143 1287 1272
2166 2 2 2 15 1273 1286 137
2167 2 2 2 15 1230 1250 1217
2168 2 2 2 15 1234 1249 1212
2169 2 2 2 15 138 1273 137
2170 2 2 2 15 143 1272 142
2171 2 2 2 15 1217 1275 1230
2172 2 2 2 15 1245 1268 1215
2173 2 2 2 15 1269 1278 203
2174 2 2 2 15 209 1277 1270
2175 2 2 2 15 1212 1271 1234
2176 2 2 2 15 1234 1271 1252
2177 2 2 2 15 1252 1271 1221
2178 2 2 2 15 1241 1269 205
2179 2 2 2 15 207 1270 1242
2180 2 2 2 15 204 1269 203
2181 2 2 2 15 209 1270 208
2182 2 2 2 15 1218 1253 1236
2183 2 2 2 15 1237 1254 1219
2184 2 2 2 15 1217 1274 1235
2185 2 2 2 15 1248 1293 1228
2186 2 2 2 15 141 1272 1240
2187 2 2 2 15 1239 1273 139
2188 2 2 2 15 1233 1283 1248
2189 2 2 2 15 1248 1283 1211
2190 2 2 2 15 1212 1315 1303
2191 2 2 2 15 1249 1315 1212
2192 2 2 2 15 1235 1280 1217
2193 2 2 2 15 1247 1268 1245
2194 2 2 2 15 1218 1263 1231
2195 2 2 2 15 1232 1264 1219
2196 2 2 2 15 1239 1279 1220
2197 2 2 2 15 1240 1262 141
2198 2 2 2 15 1235 1274 1261
2199 2 2 2 15 1261 1274 1210
2200 2 2 2 15 1211 1293 1248
2201 2 2 2 15 1238 1252 1213
2202 2 2 2 15 1213 1275 1238
2203 2 2 2 15 1246 1305 1209
2204 2 2 2 15 205 1269 204
2205 2 2 2 15 208 1270 207
2206 2 2 2 15 1219 1284 1237
2207 2 2 2 15 1208 1289 1280
2208 2 2 2 15 1272 1287 1226
2209 2 2 2 15 1225 1286 1273
2210 2 2 2 15 1228 1312 1248
2211 2 2 2 15 1214 1255 1246
2212 2 2 2 15 1214 1299 1239
2213 2 2 2 15 1245 1319 1247
2214 2 2 2 15 1247 1319 1209
2215 2 2 2 15 205 1265 1241
2216 2 2 2 15 1221 1276 1242
2217 2 2 2 15 1236 1285 1218
2218 2 2 2 15 1280 1289 1238
2219 2 2 2 15 139 1279 1239
2220 2 2 2 15 1240 1268 1220
2221 2 2 2 15 139 1273 138
2222 2 2 2 15 142 1272 141
2223 2 2 2 15 1220 1262 1240
2224 2 2 2 15 1209 1290 1244
2225 2 2 2 15 1244 1290 1222
2226 2 2 2 15 1221 1271 1241
2227 2 2 2 15 1241 1271 1212
2228 2 2 2 15 1215 1284 1245
2229 2 2 2 15 1217 1311 1274
2230 2 2 2 15 1280 1295 1208
2231 2 2 2 15 1212 1292 1241
2232 2 2 2 15 1219 1264 1243
2233 2 2 2 15 1222 1288 1244
2234 2 2 2 15 1242 1276 207
2235 2 2 2 15 1231 1296 1253
2236 2 2 2 15 1254 1297 1232
2237 2 2 2 15 1241 1265 1221
2238 2 2 2 15 1246 1285 1214
2239 2 2 2 15 1245 1284 1219
2240 2 2 2 15 1248 1312 1216
2241 2 2 2 15 1242 1308 1221
2242 2 2 2 15 1240 1298 1268
2243 2 2 2 15 1268 1298 1215
2244 2 2 2 15 239 1310 1260
2245 2 2 2 15 1259 1309 180
2246 2 2 2 15 1229 1315 1251
2247 2 2 2 15 1220 1279 1262
2248 2 2 2 15 1237 1310 1254
2249 2 2 2 15 1253 1309 1236
2250 2 2 2 15 239 1260 238
2251 2 2 2 15 181 1259 180
2252 2 2 2 15 1223 1278 1269
2253 2 2 2 15 1270 1277 1224
2254 2 2 2 15 141 1262 140
2255 2 2 2 15 175 1250 174
2256 2 2 2 15 245 1251 244
2257 2 2 2 15 1213 1304 1275
2258 2 2 2 15 1216 1256 1248
2259 2 2 2 15 1235 1295 1280
2260 2 2 2 15 1247 1255 1220
2261 2 2 2 15 1261 1283 1233
2262 2 2 2 15 1222 1283 1261
2263 2 2 2 15 1249 1256 1216
2264 2 2 2 15 1299 1321 1225
2265 2 2 2 15 1226 1320 1298
2266 2 2 2 15 20 1278 248
2267 2 2 2 15 171 1277 18
2268 2 2 2 15 173 1257 172
2269 2 2 2 15 247 1258 246
2270 2 2 2 15 203 1278 20
2271 2 2 2 15 18 1277 209
2272 2 2 2 15 1251 1300 1229
2273 2 2 2 15 1230 1301 1250
2274 2 2 2 15 1303 1315 1229
2275 2 2 2 15 1260 1320 1226
2276 2 2 2 15 1225 1321 1259
2277 2 2 2 15 1260 1310 1237
2278 2 2 2 15 1236 1309 1259
2279 2 2 2 15 1251 1315 1216
2280 2 2 2 15 206 1265 205
2281 2 2 2 15 1265 1276 1221
2282 2 2 2 15 1290 1317 1222
2283 2 2 2 15 179 1253 178
2284 2 2 2 15 241 1254 240
2285 2 2 2 15 16 1286 182
2286 2 2 2 15 237 1287 15
2287 2 2 2 15 1258 1300 246
2288 2 2 2 15 173 1301 1257
2289 2 2 2 15 137 1286 16
2290 2 2 2 15 15 1287 143
2291 2 2 2 15 1285 1318 1218
2292 2 2 2 15 1220 1268 1247
2293 2 2 2 15 1261 1295 1235
2294 2 2 2 15 1224 1304 1291
2295 2 2 2 15 1292 1303 1223
2296 2 2 2 15 1257 1304 1224
2297 2 2 2 15 1223 1303 1258
2298 2 2 2 15 1243 1317 1290
2299 2 2 2 15 1215 1320 1284
2300 2 2 2 15 175 1281 1250
2301 2 2 2 15 1251 1282 244
2302 2 2 2 15 1248 1316 1233
2303 2 2 2 15 245 1300 1251
2304 2 2 2 15 1250 1301 174
2305 2 2 2 15 1229 1300 1258
2306 2 2 2 15 1257 1301 1230
2307 2 2 2 15 1218 1318 1263
2308 2 2 2 15 1252 1289 1234
2309 2 2 2 15 1233 1295 1261
2310 2 2 2 15 1275 1304 1230
2311 2 2 2 15 1217 1280 1275
2312 2 2 2 15 1275 1280 1238
2313 2 2 2 15 1238 1289 1252
2314 2 2 2 15 1209 1305 1247
2315 2 2 2 15 1263 1318 1244
2316 2 2 2 15 1234 1302 1249
2317 2 2 2 15 1221 1308 1252
2318 2 2 2 15 1246 1318 1285
2319 2 2 2 15 1216 1315 1249
2320 2 2 2 15 1253 1296 178
2321 2 2 2 15 241 1297 1254
2322 2 2 2 15 1255 1305 1246
2323 2 2 2 15 179 1309 1253
2324 2 2 2 15 1254 1310 240
2325 2 2 2 15 1274 1311 1227
2326 2 2 2 15 1264 1293 1211
2327 2 2 2 15 1210 1294 1263
2328 2 2 2 15 1232 1293 1264
2329 2 2 2 15 1263 1294 1231
2330 2 2 2 15 1263 1288 1210
2331 2 2 2 15 1244 1288 1263
2332 2 2 2 15 243 1267 242
2333 2 2 2 15 177 1266 176
2334 2 2 2 15 1267 1293 1232
2335 2 2 2 15 1231 1294 1266
2336 2 2 2 15 1256 1316 1248
2337 2 2 2 15 140 1279 139
2338 2 2 2 15 207 1276 206
2339 2 2 2 15 1222 1317 1283
2340 2 2 2 15 1252 1308 1213
2341 2 2 2 15 1266 1294 1227
2342 2 2 2 15 1228 1293 1267
2343 2 2 2 15 243 1282 1267
2344 2 2 2 15 1266 1281 176
2345 2 2 2 15 1249 1302 1256
2346 2 2 2 15 1250 1311 1217
2347 2 2 2 15 1216 1312 1251
2348 2 2 2 15 1232 1297 1267
2349 2 2 2 15 1266 1296 1231
2350 2 2 2 15 1284 1320 1237
2351 2 2 2 15 1247 1305 1255
2352 2 2 2 15 1210 1288 1261
2353 2 2 2 15 1261 1288 1222
2354 2 2 2 15 1267 1297 242
2355 2 2 2 15 177 1296 1266
2356 2 2 2 15 176 1281 175
2357 2 2 2 15 244 1282 243
2358 2 2 2 15 1227 1281 1266
2359 2 2 2 15 1267 1282 1228
2360 2 2 2 15 1281 1311 1250
2361 2 2 2 15 1251 1312 1282
2362 2 2 2 15 1262 1279 140
2363 2 2 2 15 1257 1314 172
2364 2 2 2 15 247 1313 1258
2365 2 2 2 15 182 1307 181
2366 2 2 2 15 238 1306 237
2367 2 2 2 15 248 1313 247
2368 2 2 2 15 172 1314 171
2369 2 2 2 15 206 1276 1265
2370 2 2 2 15 1224 1314 1257
2371 2 2 2 15 1258 1313 1223
2372 2 2 2 15 1260 1306 238
2373 2 2 2 15 181 1307 1259
2374 2 2 2 15 1298 1320 1215
2375 2 2 2 15 1214 1321 1299
2376 2 2 2 15 1256 1302 1208
2377 2 2 2 15 178 1296 177
2378 2 2 2 15 242 1297 241
2379 2 2 2 15 1291 1308 1242
2380 2 2 2 15 1208 1316 1256
2381 2 2 2 15 246 1300 245
2382 2 2 2 15 174 1301 173
2383 2 2 2 15 180 1309 179
2384 2 2 2 15 240 1310 239
2385 2 2 2 15 1259 1307 1225
2386 2 2 2 15 1226 1306 1260
2387 2 2 2 15 1258 1303 1229
2388 2 2 2 15 1230 1304 1257
2389 2 2 2 15 1291 1304 1213
2390 2 2 2 15 1212 1303 1292
2391 2 2 2 15 1213 1308 1291
2392 2 2 2 15 1270 1291 1242
2393 2 2 2 15 1241 1292 1269
2394 2 2 2 15 1274 1294 1210
2395 2 2 2 15 1227 1294 1274
2396 2 2 2 15 1259 1321 1236
2397 2 2 2 15 1237 1320 1260
2398 2 2 2 15 1239 1299 1273
2399 2 2 2 15 1272 1298 1240
2400 2 2 2 15 1264 1317 1243
2401 2 2 2 15 1211 1317 1264
2402 2 2 2 15 1269 1292 1223
2403 2 2 2 15 1224 1291 1270
2404 2 2 2 15 1226 1298 1272
2405 2 2 2 15 1273 1299 1225
2406 2 2 2 15 1282 1312 1228
2407 2 2 2 15 1227 1311 1281
2408 2 2 2 15 1278 1313 248
2409 2 2 2 15 171 1314 1277
2410 2 2 2 15 1286 1307 182
2411 2 2 2 15 237 1306 1287
2412 2 2 2 15 1209 1319 1290
2413 2 2 2 15 1290 1319 1243
2414 2 2 2 15 1285 1321 1214
2415 2 2 2 15 1236 1321 1285
2416 2 2 2 15 1208 1302 1289
2417 2 2 2 15 1289 1302 1234
2418 2 2 2 15 1277 1314 1224
2419 2 2 2 15 1223 1313 1278
2420 2 2 2 15 1295 1316 1208
2421 2 2 2 15 1287 1306 1226
2422 2 2 2 15 1225 1307 1286
2423 2 2 2 15 1283 1317 1211
2424 2 2 2 15 1233 1316 1295
2425 2 2 2 16 126 309 308
2426 2 2 2 16 266 199 267
2427 2 2 2 16 314 315 120
2428 2 2 2 16 273 193 272
2429 2 2 2 16 331 332 168
2430 2 2 2 16 290 234 289
2431 2 2 2 16 153 258 257
2432 2 2 2 16 219 300 299
2433 2 2 2 16 220 298 297
2434 2 2 2 16 256 255 154
2435 2 2 2 16 329 330 167
2436 2 2 2 16 288 233 287
2437 2 2 2 16 275 195 274
2438 2 2 2 16 122 316 317
2439 2 2 2 16 268 197 269
2440 2 2 2 16 124 311 310
2441 2 2 2 16 22 1356 259
2442 2 2 2 16 36 1357 301
2443 2 2 2 16 280 1355 34
2444 2 2 2 16 322 1354 48
2445 2 2 2 16 125 309 126
2446 2 2 2 16 267 199 198
2447 2 2 2 16 273 194 193
2448 2 2 2 16 120 315 121
2449 2 2 2 16 250 249 159
2450 2 2 2 16 291 225 292
2451 2 2 2 16 323 324 162
2452 2 2 2 16 282 228 281
2453 2 2 2 16 290 235 234
2454 2 2 2 16 168 332 169
2455 2 2 2 16 152 258 153
2456 2 2 2 16 218 300 219
2457 2 2 2 16 274 195 194
2458 2 2 2 16 268 198 197
2459 2 2 2 16 121 316 122
2460 2 2 2 16 124 310 125
2461 2 2 2 16 221 220 297
2462 2 2 2 16 154 255 155
2463 2 2 2 16 166 329 167
2464 2 2 2 16 287 233 232
2465 2 2 2 16 125 310 309
2466 2 2 2 16 315 316 121
2467 2 2 2 16 274 194 273
2468 2 2 2 16 267 198 268
2469 2 2 2 16 326 327 164
2470 2 2 2 16 285 230 284
2471 2 2 2 16 253 252 157
2472 2 2 2 16 294 223 295
2473 2 2 2 16 159 249 160
2474 2 2 2 16 226 225 291
2475 2 2 2 16 161 323 162
2476 2 2 2 16 281 228 227
2477 2 2 2 16 285 231 230
2478 2 2 2 16 164 327 165
2479 2 2 2 16 156 253 157
2480 2 2 2 16 223 222 295
2481 2 2 2 16 255 254 155
2482 2 2 2 16 296 221 297
2483 2 2 2 16 328 329 166
2484 2 2 2 16 287 232 286
2485 2 2 2 16 296 222 221
2486 2 2 2 16 155 254 156
2487 2 2 2 16 286 232 231
2488 2 2 2 16 165 328 166
2489 2 2 2 16 160 21 161
2490 2 2 2 16 35 227 226
2491 2 2 2 16 249 21 160
2492 2 2 2 16 35 226 291
2493 2 2 2 16 281 227 35
2494 2 2 2 16 161 21 323
2495 2 2 2 16 327 328 165
2496 2 2 2 16 286 231 285
2497 2 2 2 16 254 253 156
2498 2 2 2 16 295 222 296
2499 2 2 2 16 48 1354 332
2500 2 2 2 16 34 1355 290
2501 2 2 2 16 258 1356 22
2502 2 2 2 16 300 1357 36
2503 2 2 2 16 263 1330 27
2504 2 2 2 16 305 1331 41
2505 2 2 2 16 29 1332 276
2506 2 2 2 16 43 1333 318
2507 2 2 2 16 124 1353 311
2508 2 2 2 16 197 1352 269
2509 2 2 2 16 275 1351 195
2510 2 2 2 16 317 1350 122
2511 2 2 2 16 14 1323 217
2512 2 2 2 16 17 1322 151
2513 2 2 2 16 236 1325 19
2514 2 2 2 16 170 1324 13
2515 2 2 2 16 27 1338 264
2516 2 2 2 16 41 1339 306
2517 2 2 2 16 270 1340 29
2518 2 2 2 16 312 1341 43
2519 2 2 2 16 120 1344 314
2520 2 2 2 16 193 1345 272
2521 2 2 2 16 266 1342 199
2522 2 2 2 16 308 1343 126
2523 2 2 2 16 332 1354 169
2524 2 2 2 16 290 1355 235
2525 2 2 2 16 152 1356 258
2526 2 2 2 16 218 1357 300
2527 2 2 2 16 252 1368 157
2528 2 2 2 16 294 1369 223
2529 2 2 2 16 164 1366 326
2530 2 2 2 16 230 1367 284
2531 2 2 2 16 45 1334 320
2532 2 2 2 16 31 1335 278
2533 2 2 2 16 261 1336 25
2534 2 2 2 16 303 1337 39
2535 2 2 2 16 318 1334 44
2536 2 2 2 16 276 1335 30
2537 2 2 2 16 26 1336 263
2538 2 2 2 16 40 1337 305
2539 2 2 2 16 324 1361 162
2540 2 2 2 16 282 1360 228
2541 2 2 2 16 159 1359 250
2542 2 2 2 16 225 1358 292
2543 2 2 2 16 44 1334 319
2544 2 2 2 16 30 1335 277
2545 2 2 2 16 262 1336 26
2546 2 2 2 16 304 1337 40
2547 2 2 2 16 153 1346 154
2548 2 2 2 16 219 1347 220
2549 2 2 2 16 167 1349 168
2550 2 2 2 16 233 1348 234
2551 2 2 2 16 330 1349 167
2552 2 2 2 16 288 1348 233
2553 2 2 2 16 154 1346 256
2554 2 2 2 16 220 1347 298
2555 2 2 2 16 168 1349 331
2556 2 2 2 16 234 1348 289
2557 2 2 2 16 257 1346 153
2558 2 2 2 16 299 1347 219
2559 2 2 2 16 319 1334 45
2560 2 2 2 16 277 1335 31
2561 2 2 2 16 25 1336 262
2562 2 2 2 16 39 1337 304
2563 2 2 2 16 129 1323 14
2564 2 2 2 16 202 1322 17
2565 2 2 2 16 19 1325 190
2566 2 2 2 16 13 1324 117
2567 2 2 2 16 158 1359 159
2568 2 2 2 16 224 1358 225
2569 2 2 2 16 162 1361 163
2570 2 2 2 16 228 1360 229
2571 2 2 2 16 163 1366 164
2572 2 2 2 16 229 1367 230
2573 2 2 2 16 157 1368 158
2574 2 2 2 16 223 1369 224
2575 2 2 2 16 169 1354 170
2576 2 2 2 16 235 1355 236
2577 2 2 2 16 151 1356 152
2578 2 2 2 16 217 1357 218
2579 2 2 2 16 127 1365 128
2580 2 2 2 16 200 1364 201
2581 2 2 2 16 118 1362 119
2582 2 2 2 16 191 1363 192
2583 2 2 2 16 259 1356 1326
2584 2 2 2 16 301 1357 1327
2585 2 2 2 16 1328 1355 280
2586 2 2 2 16 1329 1354 322
2587 2 2 2 16 196 1352 197
2588 2 2 2 16 123 1353 124
2589 2 2 2 16 195 1351 196
2590 2 2 2 16 122 1350 123
2591 2 2 2 16 126 1343 127
2592 2 2 2 16 199 1342 200
2593 2 2 2 16 119 1344 120
2594 2 2 2 16 192 1345 193
2595 2 2 2 16 128 1331 129
2596 2 2 2 16 201 1330 202
2597 2 2 2 16 117 1333 118
2598 2 2 2 16 190 1332 191
2599 2 2 2 16 256 1346 257
2600 2 2 2 16 298 1347 299
2601 2 2 2 16 289 1348 288
2602 2 2 2 16 331 1349 330
2603 2 2 2 16 250 1359 251
2604 2 2 2 16 292 1358 293
2605 2 2 2 16 283 1360 282
2606 2 2 2 16 325 1361 324
2607 2 2 2 16 284 1367 283
2608 2 2 2 16 326 1366 325
2609 2 2 2 16 251 1368 252
2610 2 2 2 16 293 1369 294
2611 2 2 2 16 307 1343 308
2612 2 2 2 16 265 1342 266
2613 2 2 2 16 272 1345 271
2614 2 2 2 16 314 1344 313
2615 2 2 2 16 28 1351 275
2616 2 2 2 16 311 1353 42
2617 2 2 2 16 42 1350 317
2618 2 2 2 16 269 1352 28
2619 2 2 2 16 271 1363 270
2620 2 2 2 16 313 1362 312
2621 2 2 2 16 306 1365 307
2622 2 2 2 16 264 1364 265
2623 2 2 2 16 1359 1368 251
2624 2 2 2 16 1358 1369 293
2625 2 2 2 16 325 1366 1361
2626 2 2 2 16 283 1367 1360
2627 2 2 2 16 1326 1336 261
2628 2 2 2 16 1327 1337 303
2629 2 2 2 16 320 1334 1329
2630 2 2 2 16 278 1335 1328
2631 2 2 2 16 128 1365 1339
2632 2 2 2 16 201 1364 1338
2633 2 2 2 16 1341 1362 118
2634 2 2 2 16 1340 1363 191
2635 2 2 2 16 1322 1326 151
2636 2 2 2 16 1323 1327 217
2637 2 2 2 16 236 1328 1325
2638 2 2 2 16 170 1329 1324
2639 2 2 2 16 1345 1363 271
2640 2 2 2 16 1344 1362 313
2641 2 2 2 16 265 1364 1342
2642 2 2 2 16 307 1365 1343
2643 2 2 2 16 224 1369 1358
2644 2 2 2 16 158 1368 1359
2645 2 2 2 16 1361 1366 163
2646 2 2 2 16 1360 1367 229
2647 2 2 2 16 28 1352 1351
2648 2 2 2 16 42 1353 1350
2649 2 2 2 16 1338 1364 264
2650 2 2 2 16 1339 1365 306
2651 2 2 2 16 270 1363 1340
2652 2 2 2 16 312 1362 1341
2653 2 2 2 16 29 1340 1332
2654 2 2 2 16 43 1341 1333
2655 2 2 2 16 1330 1338 27
2656 2 2 2 16 1331 1339 41
2657 2 2 2 16 1333 1334 318
2658 2 2 2 16 1332 1335 276
2659 2 2 2 16 263 1336 1330
2660 2 2 2 16 305 1337 1331
2661 2 2 2 16 1343 1365 127
2662 2 2 2 16 1342 1364 200
2663 2 2 2 16 119 1362 1344
2664 2 2 2 16 192 1363 1345
2665 2 2 2 16 1350 1353 123
2666 2 2 2 16 1351 1352 196
2667 2 2 2 16 1333 1341 118
2668 2 2 2 16 1332 1340 191
2669 2 2 2 16 128 1339 1331
2670 2 2 2 16 201 1338 1330
2671 2 2 2 16 1324 1333 117
2672 2 2 2 16 1325 1332 190
2673 2 2 2 16 129 1331 1323
2674 2 2 2 16 202 1330 1322
2675 2 2 2 16 1326 1356 151
2676 2 2 2 16 1327 1357 217
2677 2 2 2 16 236 1355 1328
2678 2 2 2 16 170 1354 1329
2679 2 2 2 16 1324 1334 1333
2680 2 2 2 16 1325 1335 1332
2681 2 2 2 16 1330 1336 1322
2682 2 2 2 16 1331 1337 1323
2683 2 2 2 16 1322 1336 1326
2684 2 2 2 16 1323 1337 1327
2685 2 2 2 16 1329 1334 1324
2686 2 2 2 16 1328 1335 1325
2687 2 2 2 16 259 1326 23
2688 2 2 2 16 23 1326 260
2689 2 2 2 16 260 1326 24
2690 2 2 2 16 24 1326 261
2691 2 2 2 16 278 1328 32
2692 2 2 2 16 32 1328 279
2693 2 2 2 16 279 1328 33
2694 2 2 2 16 33 1328 280
2695 2 2 2 16 301 1327 37
2696 2 2 2 16 37 1327 302
2697 2 2 2 16 302 1327 38
2698 2 2 2 16 38 1327 303
2699 2 2 2 16 320 1329 46
2700 2 2 2 16 46 1329 321
2701 2 2 2 16 321 1329 47
2702 2 2 2 16 47 1329 322
2703 2 2 2 17 333 23 260
2704 2 2 2 17 260 24 333
2705 2 2 2 18 334 46 321
2706 2 2 2 18 321 47 334
2707 2 2 2 19 335 32 279
2708 2 2 2 19 335 279 33
2709 2 2 2 20 336 37 302
2710 2 2 2 20 38 336 302
$EndElements
