$MeshFormat
2.2 0 8
$EndMeshFormat
$PhysicalNames
3
2 1 "Exterior"
2 2 "SideInterface"
2 3 "RearInterface"
$EndPhysicalNames
$Nodes
1092
1 5.8139999999999998e+02 0.0000000000000000e+00 0.0000000000000000e+00
2 5.8139999999999998e+02 2.4650000000000000e+02 -5.4733995114020199e-14
3 5.8200000000000000e+02 0.0000000000000000e+00 0.0000000000000000e+00
4 5.8200000000000000e+02 4.4408920985006301e-15 2.0000000000000000e+01
5 5.8200000000000000e+02 2.5150000000000000e+02 1.9999999999999901e+01
6 5.8200000000000000e+02 2.5150000000000000e+02 -5.5844218138645298e-14
7 6.0000000000000000e+02 4.4408920985006301e-15 2.0000000000000000e+01
8 6.0000000000000000e+02 2.6950000000000000e+02 1.9999999999999901e+01
9 0.0000000000000000e+00 2.6950000000000000e+02 1.9999999999999901e+01
10 0.0000000000000000e+00 2.5150000000000000e+02 1.9999999999999901e+01
11 4.4084852813742401e+02 0.0000000000000000e+00 0.0000000000000000e+00
12 4.4084852813742401e+02 2.4650000000000000e+02 -5.4733995114020199e-14
13 0.0000000000000000e+00 2.5150000000000000e+02 -5.5844218138645298e-14
14 6.0000000000000000e+02 -1.7319479184152399e-13 -7.8000000000000000e+02
15 6.0000000000000000e+02 2.6950000000000000e+02 -7.8000000000000000e+02
16 0.0000000000000000e+00 -1.7319479184152399e-13 -7.8000000000000000e+02
17 0.0000000000000000e+00 2.6950000000000000e+02 -7.8000000000000000e+02
18 5.8139999999999998e+02 2.4480090873840501e-14 -4.9751471862576203e+01
19 5.8139999999999998e+02 2.4650000000000000e+02 -4.9751471862576203e+01
20 1.4235655361504899e+02 0.0000000000000000e+00 0.0000000000000000e+00
21 0.0000000000000000e+00 2.4650000000000000e+02 -5.4733995114020199e-14
22 1.4235655361504899e+02 2.4650000000000000e+02 -5.4733995114020199e-14
23 4.9060000000000002e+02 2.4650000000000000e+02 -4.9751471862576203e+01
24 4.9060000000000002e+02 2.4480090873840501e-14 -4.9751471862576203e+01
25 0.0000000000000000e+00 0.0000000000000000e+00 0.0000000000000000e+00
26 5.8139999999999998e+02 2.1911108220227939e+02 -4.8652433682301111e-14
27 5.8139999999999998e+02 1.9172222868283109e+02 -4.2570886523225659e-14
28 5.8139999999999998e+02 1.6433337513247611e+02 -3.6489339357287559e-14
29 5.8139999999999998e+02 1.3694452154625361e+02 -3.0407792183385270e-14
30 5.8139999999999998e+02 1.0955566813922850e+02 -2.4326245049272801e-14
31 5.8139999999999998e+02 8.2166814553007072e+01 -1.8244697875370740e-14
32 5.8139999999999998e+02 5.4777961002654187e+01 -1.2163150709433110e-14
33 5.8139999999999998e+02 2.7389107483209060e+01 -6.0816035503583679e-15
34 5.8200000000000000e+02 2.2006066706155499e+02 1.9999999999999950e+01
35 5.8200000000000000e+02 1.8862346889729770e+02 1.9999999999999961e+01
36 5.8200000000000000e+02 1.5718623593416581e+02 1.9999999999999961e+01
37 5.8200000000000000e+02 1.2574902652340542e+02 1.9999999999999972e+01
38 5.8200000000000000e+02 9.4311815663753464e+01 1.9999999999999979e+01
39 5.8200000000000000e+02 6.2874582954412880e+01 1.9999999999999989e+01
40 5.8200000000000000e+02 3.1437385522343387e+01 1.9999999999999989e+01
41 5.8200000000000000e+02 2.2355263103064530e+02 -4.9638655637150861e-14
42 5.8200000000000000e+02 1.9560857916788561e+02 -4.3433829681279812e-14
43 5.8200000000000000e+02 1.6766450977990780e+02 -3.7228999834028638e-14
44 5.8200000000000000e+02 1.3972047070328711e+02 -3.1024176717250752e-14
45 5.8200000000000000e+02 1.1177644372982660e+02 -2.4819356287914321e-14
46 5.8200000000000000e+02 8.3832405360346200e+01 -1.8614533328153130e-14
47 5.8200000000000000e+02 5.5888337152594431e+01 -1.2409703742964770e-14
48 5.8200000000000000e+02 2.7944284249174959e+01 -6.2048775560208219e-15
49 6.0000000000000000e+02 3.3664709389852703e+01 2.0000000000000028e+01
50 6.0000000000000000e+02 6.7329259806073651e+01 2.0000000000000021e+01
51 6.0000000000000000e+02 1.0099382185791630e+02 2.0000000000000021e+01
52 6.0000000000000000e+02 1.3465836752361119e+02 2.0000000000000011e+01
53 6.0000000000000000e+02 1.6832293382143499e+02 2.0000000000000000e+01
54 6.0000000000000000e+02 2.0198747537469140e+02 2.0000000000000000e+01
55 6.0000000000000000e+02 2.3565204483012889e+02 1.9999999999999989e+01
56 2.5484851787168282e+01 2.6950000000000000e+02 1.9999999999999901e+01
57 5.0969597745405508e+01 2.6950000000000000e+02 1.9999999999999901e+01
58 7.6454350501943395e+01 2.6950000000000000e+02 1.9999999999999901e+01
59 1.0193911273359400e+02 2.6950000000000000e+02 1.9999999999999901e+01
60 1.2742386891576018e+02 2.6950000000000000e+02 1.9999999999999901e+01
61 1.5297796325542180e+02 2.6950000000000000e+02 1.9999999999999901e+01
62 1.8031564388484091e+02 2.6950000000000000e+02 1.9999999999999901e+01
63 2.1193657245529181e+02 2.6950000000000000e+02 1.9999999999999901e+01
64 2.4949694960995080e+02 2.6950000000000000e+02 1.9999999999999901e+01
65 2.9430956437856150e+02 2.6950000000000000e+02 1.9999999999999901e+01
66 3.4149059440419438e+02 2.6950000000000000e+02 1.9999999999999901e+01
67 3.8790558856232548e+02 2.6950000000000000e+02 1.9999999999999901e+01
68 4.2873465509083968e+02 2.6950000000000000e+02 1.9999999999999901e+01
69 4.6488628347656538e+02 2.6950000000000000e+02 1.9999999999999901e+01
70 4.9881727762556079e+02 2.6950000000000000e+02 1.9999999999999901e+01
71 5.3251357358104394e+02 2.6950000000000000e+02 1.9999999999999901e+01
72 5.6620986857865660e+02 2.6950000000000000e+02 1.9999999999999901e+01
73 2.3815840887324210e+01 2.5150000000000000e+02 1.9999999999999901e+01
74 4.7631520743345618e+01 2.5150000000000000e+02 1.9999999999999901e+01
75 7.1447225779470500e+01 2.5150000000000000e+02 1.9999999999999901e+01
76 9.5262897581578272e+01 2.5150000000000000e+02 1.9999999999999901e+01
77 1.1907860497921430e+02 2.5150000000000000e+02 1.9999999999999901e+01
78 1.4289472484861861e+02 2.5150000000000000e+02 1.9999999999999901e+01
79 1.6764871040121469e+02 2.5150000000000000e+02 1.9999999999999901e+01
80 1.9611999400311711e+02 2.5150000000000000e+02 1.9999999999999901e+01
81 2.3013078365966680e+02 2.5150000000000000e+02 1.9999999999999901e+01
82 2.7113851224694832e+02 2.5150000000000000e+02 1.9999999999999901e+01
83 3.1836557759789099e+02 2.5150000000000000e+02 1.9999999999999901e+01
84 3.6597605332949439e+02 2.5150000000000000e+02 1.9999999999999901e+01
85 4.0975662825259678e+02 2.5150000000000000e+02 1.9999999999999901e+01
86 4.4765856295069358e+02 2.5150000000000000e+02 1.9999999999999901e+01
87 4.8200828337349458e+02 2.5150000000000000e+02 1.9999999999999901e+01
88 5.1534669017237422e+02 2.5150000000000000e+02 1.9999999999999901e+01
89 5.4867332312821770e+02 2.5150000000000000e+02 1.9999999999999901e+01
90 4.4084852813742401e+02 3.0812610152118111e+01 -6.8417738479360654e-15
91 4.4084852813742401e+02 6.1625089199214820e+01 -1.3683518584709450e-14
92 4.4084852813742401e+02 9.2437533301090014e+01 -2.0525255562084929e-14
93 4.4084852813742401e+02 1.2324999999999980e+02 -2.7366997557010030e-14
94 4.4084852813742401e+02 1.5406246669890979e+02 -3.4208739551935159e-14
95 4.4084852813742401e+02 1.8487491080078510e+02 -4.1050476529310681e-14
96 4.4084852813742401e+02 2.1568738984788189e+02 -4.7892221266084067e-14
97 4.7056651545758967e+02 2.4650000000000000e+02 -5.4733995114020199e-14
98 4.9840768835904709e+02 2.4650000000000000e+02 -5.4733995114020199e-14
99 5.2607178868552262e+02 2.4650000000000000e+02 -5.4733995114020199e-14
100 5.5373588857140555e+02 2.4650000000000000e+02 -5.4733995114020199e-14
101 5.5302925977404868e+02 2.5150000000000000e+02 -5.5844218138645298e-14
102 5.2405858985984401e+02 2.5150000000000000e+02 -5.5844218138645298e-14
103 4.9508791969806822e+02 2.5150000000000000e+02 -5.5844218138645298e-14
104 4.6577094686151457e+02 2.5150000000000000e+02 -5.5844218138645298e-14
105 4.3397041326019979e+02 2.5150000000000000e+02 -5.5844218138645298e-14
106 3.9741223487790222e+02 2.5150000000000000e+02 -5.5844218138645298e-14
107 3.5426173462116827e+02 2.5150000000000000e+02 -5.5844218138645298e-14
108 3.0747631092493361e+02 2.5150000000000000e+02 -5.5844218138645298e-14
109 2.6195899687941443e+02 2.5150000000000000e+02 -5.5844218138645298e-14
110 2.2350255849618111e+02 2.5150000000000000e+02 -5.5844218138645298e-14
111 1.9165821903339460e+02 2.5150000000000000e+02 -5.5844218138645298e-14
112 1.6524633440034469e+02 2.5150000000000000e+02 -5.5844218138645298e-14
113 1.4311714168063409e+02 2.5150000000000000e+02 -5.5844218138645298e-14
114 1.2266945848535730e+02 2.5150000000000000e+02 -5.5844218138645298e-14
115 1.0222467800341801e+02 2.5150000000000000e+02 -5.5844218138645298e-14
116 8.1779921307264544e+01 2.5150000000000000e+02 -5.5844218138645298e-14
117 6.1335131287581021e+01 2.5150000000000000e+02 -5.5844218138645298e-14
118 4.0890262355548771e+01 2.5150000000000000e+02 -5.5844218138645298e-14
119 2.0445441528783700e+01 2.5150000000000000e+02 -5.5844218138645298e-14
120 6.0000000000000000e+02 -2.1709361072464992e-15 -9.7770270436404019e+00
121 6.0000000000000000e+02 -7.7752441746358726e-15 -3.5016586767604707e+01
122 6.0000000000000000e+02 -1.2840483564903430e-14 -5.7828396998156080e+01
123 6.0000000000000000e+02 -1.8223400341329669e-14 -8.2070898986635711e+01
124 6.0000000000000000e+02 -2.4514377585691759e-14 -1.1040294176014110e+02
125 6.0000000000000000e+02 -3.2019665816526152e-14 -1.4420375503983510e+02
126 6.0000000000000000e+02 -4.1021208494911133e-14 -1.8474309929196929e+02
127 6.0000000000000000e+02 -5.1162966766238497e-14 -2.3041751806360099e+02
128 6.0000000000000000e+02 -6.1332285522512296e-14 -2.7621605822496753e+02
129 6.0000000000000000e+02 -7.1501604278786056e-14 -3.2201459838633389e+02
130 6.0000000000000000e+02 -8.1670923035059830e-14 -3.6781313854770042e+02
131 6.0000000000000000e+02 -9.1840241791333578e-14 -4.1361167870906672e+02
132 6.0000000000000000e+02 -1.0200956054760740e-13 -4.5941021887043308e+02
133 6.0000000000000000e+02 -1.1217887930388109e-13 -5.0520875903179950e+02
134 6.0000000000000000e+02 -1.2234819806015491e-13 -5.5100729919316586e+02
135 6.0000000000000000e+02 -1.3251751681642870e-13 -5.9680583935453228e+02
136 6.0000000000000000e+02 -1.4268683557270251e-13 -6.4260437951589881e+02
137 6.0000000000000000e+02 -1.5285615432897639e-13 -6.8840291967726591e+02
138 6.0000000000000000e+02 -1.6302547308525031e-13 -7.3420145983863290e+02
139 6.0000000000000000e+02 4.4916666666666572e+01 -7.8000000000000011e+02
140 6.0000000000000000e+02 8.9833333333333258e+01 -7.8000000000000011e+02
141 6.0000000000000000e+02 1.3475000000000011e+02 -7.8000000000000011e+02
142 6.0000000000000000e+02 1.7966666666666700e+02 -7.8000000000000011e+02
143 6.0000000000000000e+02 2.2458333333333360e+02 -7.8000000000000011e+02
144 6.0000000000000000e+02 2.6950000000000023e+02 -1.1641064259956581e+01
145 6.0000000000000000e+02 2.6950000000000023e+02 -3.8967975461650887e+01
146 6.0000000000000000e+02 2.6950000000000023e+02 -6.4748783972298952e+01
147 6.0000000000000000e+02 2.6950000000000023e+02 -9.2624086820238745e+01
148 6.0000000000000000e+02 2.6950000000000023e+02 -1.2513787521676569e+02
149 6.0000000000000000e+02 2.6950000000000011e+02 -1.6397758546002720e+02
150 6.0000000000000000e+02 2.6950000000000011e+02 -2.0997883581815361e+02
151 6.0000000000000000e+02 2.6950000000000011e+02 -2.5748059949997418e+02
152 6.0000000000000000e+02 2.6950000000000011e+02 -3.0498236318179471e+02
153 6.0000000000000000e+02 2.6950000000000011e+02 -3.5248412686361502e+02
154 6.0000000000000000e+02 2.6950000000000011e+02 -3.9998589054543538e+02
155 6.0000000000000000e+02 2.6950000000000011e+02 -4.4748765422725569e+02
156 6.0000000000000000e+02 2.6950000000000011e+02 -4.9498941790907611e+02
157 6.0000000000000000e+02 2.6950000000000011e+02 -5.4249118159089642e+02
158 6.0000000000000000e+02 2.6950000000000011e+02 -5.8999294527271684e+02
159 6.0000000000000000e+02 2.6950000000000011e+02 -6.3749470895453715e+02
160 6.0000000000000000e+02 2.6950000000000000e+02 -6.8499647263635802e+02
161 6.0000000000000000e+02 2.6950000000000000e+02 -7.3249823631817912e+02
162 5.5384615384615381e+02 -1.7319479184152399e-13 -7.8000000000000000e+02
163 5.0769230769230768e+02 -1.7319479184152399e-13 -7.8000000000000000e+02
164 4.6153846153846149e+02 -1.7319479184152399e-13 -7.8000000000000000e+02
165 4.1538461538461542e+02 -1.7319479184152399e-13 -7.8000000000000000e+02
166 3.6923076923076923e+02 -1.7319479184152399e-13 -7.8000000000000000e+02
167 3.2307692307692309e+02 -1.7319479184152399e-13 -7.8000000000000000e+02
168 2.7692307692307691e+02 -1.7319479184152399e-13 -7.8000000000000000e+02
169 2.3076923076923080e+02 -1.7319479184152399e-13 -7.8000000000000000e+02
170 1.8461538461538450e+02 -1.7319479184152399e-13 -7.8000000000000000e+02
171 1.3846153846153840e+02 -1.7319479184152399e-13 -7.8000000000000000e+02
172 9.2307692307692264e+01 -1.7319479184152399e-13 -7.8000000000000000e+02
173 4.6153846153846189e+01 -1.7319479184152399e-13 -7.8000000000000000e+02
174 0.0000000000000000e+00 4.4916666666666572e+01 -7.8000000000000000e+02
175 0.0000000000000000e+00 8.9833333333333258e+01 -7.8000000000000000e+02
176 0.0000000000000000e+00 1.3475000000000011e+02 -7.8000000000000011e+02
177 0.0000000000000000e+00 1.7966666666666700e+02 -7.8000000000000011e+02
178 0.0000000000000000e+00 2.2458333333333360e+02 -7.8000000000000011e+02
179 5.5384615384615381e+02 2.6950000000000000e+02 -7.8000000000000000e+02
180 5.0769230769230768e+02 2.6950000000000000e+02 -7.8000000000000000e+02
181 4.6153846153846138e+02 2.6950000000000000e+02 -7.8000000000000000e+02
182 4.1538461538461542e+02 2.6950000000000000e+02 -7.8000000000000000e+02
183 3.6923076923076923e+02 2.6950000000000000e+02 -7.8000000000000000e+02
184 3.2307692307692309e+02 2.6950000000000000e+02 -7.8000000000000000e+02
185 2.7692307692307691e+02 2.6950000000000000e+02 -7.8000000000000000e+02
186 2.3076923076923069e+02 2.6950000000000000e+02 -7.8000000000000000e+02
187 1.8461538461538450e+02 2.6950000000000000e+02 -7.8000000000000000e+02
188 1.3846153846153831e+02 2.6950000000000000e+02 -7.8000000000000000e+02
189 9.2307692307692264e+01 2.6950000000000000e+02 -7.8000000000000000e+02
190 4.6153846153846189e+01 2.6950000000000000e+02 -7.8000000000000000e+02
191 0.0000000000000000e+00 2.6949999999999989e+02 -7.3366087254825175e+02
192 0.0000000000000000e+00 2.6949999999999989e+02 -6.8732174509650349e+02
193 0.0000000000000000e+00 2.6949999999999989e+02 -6.4098261764475524e+02
194 0.0000000000000000e+00 2.6949999999999989e+02 -5.9464349019300698e+02
195 0.0000000000000000e+00 2.6949999999999989e+02 -5.4830436274125861e+02
196 0.0000000000000000e+00 2.6950000000000000e+02 -5.0196523528951030e+02
197 0.0000000000000000e+00 2.6950000000000000e+02 -4.5562610783776188e+02
198 0.0000000000000000e+00 2.6950000000000000e+02 -4.0928698038601362e+02
199 0.0000000000000000e+00 2.6950000000000000e+02 -3.6294785293426543e+02
200 0.0000000000000000e+00 2.6950000000000000e+02 -3.1660872548251729e+02
201 0.0000000000000000e+00 2.6950000000000000e+02 -2.7026959803076920e+02
202 0.0000000000000000e+00 2.6950000000000011e+02 -2.2393047057902120e+02
203 0.0000000000000000e+00 2.6950000000000011e+02 -1.7759134312727309e+02
204 0.0000000000000000e+00 2.6950000000000011e+02 -1.3148584392200959e+02
205 0.0000000000000000e+00 2.6950000000000011e+02 -9.0964791545940784e+01
206 0.0000000000000000e+00 2.6950000000000011e+02 -5.7174983060631121e+01
207 0.0000000000000000e+00 2.6950000000000011e+02 -2.8749194465856188e+01
208 0.0000000000000000e+00 2.6950000000000011e+02 -4.0410388172331864e+00
209 5.8139999999999998e+02 -7.8283720833418541e-15 -3.5255853597455939e+01
210 5.8139999999999998e+02 -4.1696994429834972e-15 -1.8778656857667389e+01
211 5.8139999999999998e+02 2.4650000000000000e+02 -3.5286437745079567e+01
212 5.8139999999999998e+02 2.4650000000000000e+02 -1.8800660689331782e+01
213 5.8139999999999998e+02 1.8961538461538510e+01 -4.9751471862576160e+01
214 5.8139999999999998e+02 3.7923076923077019e+01 -4.9751471862576167e+01
215 5.8139999999999998e+02 5.6884615384615529e+01 -4.9751471862576167e+01
216 5.8139999999999998e+02 7.5846153846154095e+01 -4.9751471862576167e+01
217 5.8139999999999998e+02 9.4807692307692548e+01 -4.9751471862576182e+01
218 5.8139999999999998e+02 1.1376923076923090e+02 -4.9751471862576182e+01
219 5.8139999999999998e+02 1.3273076923076940e+02 -4.9751471862576189e+01
220 5.8139999999999998e+02 1.5169230769230779e+02 -4.9751471862576189e+01
221 5.8139999999999998e+02 1.7065384615384630e+02 -4.9751471862576203e+01
222 5.8139999999999998e+02 1.8961538461538470e+02 -4.9751471862576203e+01
223 5.8139999999999998e+02 2.0857692307692309e+02 -4.9751471862576203e+01
224 5.8139999999999998e+02 2.2753846153846149e+02 -4.9751471862576210e+01
225 1.6201838025514519e+02 3.5527136788005003e-14 -7.8886090522101195e-30
226 1.8536044322236009e+02 3.5527136788005003e-14 -7.8886090522101195e-30
227 2.1313628459819361e+02 3.5527136788005003e-14 -7.8886090522101195e-30
228 2.4619552463662981e+02 3.5527136788005003e-14 -7.8886090522101195e-30
229 2.8554564521671108e+02 3.5527136788005003e-14 -7.8886090522101195e-30
230 3.2855924574274258e+02 3.5527136788005003e-14 -7.8886090522101195e-30
231 3.7109474024579453e+02 3.5527136788005003e-14 -7.8886090522101195e-30
232 4.0854856159308002e+02 3.5527136788005003e-14 -7.8886090522101195e-30
233 1.7794569201881160e+01 2.4650000000000000e+02 -5.4733995114020199e-14
234 3.5589138403762348e+01 2.4650000000000000e+02 -5.4733995114020199e-14
235 5.3383707605643536e+01 2.4650000000000000e+02 -5.4733995114020199e-14
236 7.1178276807524725e+01 2.4650000000000000e+02 -5.4733995114020199e-14
237 8.8972846009405799e+01 2.4650000000000000e+02 -5.4733995114020199e-14
238 1.0676741521128690e+02 2.4650000000000000e+02 -5.4733995114020199e-14
239 1.2456198441316791e+02 2.4650000000000000e+02 -5.4733995114020199e-14
240 1.4235655361504899e+02 2.2753846153846149e+02 -5.0523687797557037e-14
241 1.4235655361504899e+02 2.0857692307692301e+02 -4.6313380481093939e-14
242 1.4235655361504899e+02 1.8961538461538450e+02 -4.2103073164630841e-14
243 1.4235655361504899e+02 1.7065384615384590e+02 -3.7892765848167731e-14
244 1.4235655361504899e+02 1.5169230769230751e+02 -3.3682458531704652e-14
245 1.4235655361504899e+02 1.3273076923076911e+02 -2.9472151215241573e-14
246 1.4235655361504899e+02 1.1376923076923060e+02 -2.5261843898778490e-14
247 1.4235655361504899e+02 9.4807692307692164e+01 -2.1051536582315411e-14
248 1.4235655361504899e+02 7.5846153846153712e+01 -1.6841229265852319e-14
249 1.4235655361504899e+02 5.6884615384615273e+01 -1.2630921949389240e-14
250 1.4235655361504899e+02 3.7923076923076827e+01 -8.4206146329261566e-15
251 1.4235655361504899e+02 1.8961538461538439e+01 -4.2103073164630807e-15
252 4.6036062937078663e+02 2.4650000000000000e+02 -1.9512101233362639e+01
253 4.7677099113436952e+02 2.4650000000000000e+02 -3.5922462996945612e+01
254 5.0875999999999999e+02 2.4650000000000000e+02 -4.9751471862576203e+01
255 5.2692000000000007e+02 2.4650000000000000e+02 -4.9751471862576203e+01
256 5.4507999999999993e+02 2.4650000000000000e+02 -4.9751471862576203e+01
257 5.6324000000000001e+02 2.4650000000000000e+02 -4.9751471862576203e+01
258 4.6035828922521188e+02 -4.3320371929196718e-15 -1.9509761087788039e+01
259 4.7676705410860001e+02 -7.9755149087592819e-15 -3.5918525971176066e+01
260 4.9060000000000002e+02 1.8961538461538510e+01 -4.9751471862576160e+01
261 4.9060000000000002e+02 3.7923076923077019e+01 -4.9751471862576167e+01
262 4.9060000000000002e+02 5.6884615384615529e+01 -4.9751471862576167e+01
263 4.9060000000000002e+02 7.5846153846154095e+01 -4.9751471862576167e+01
264 4.9060000000000002e+02 9.4807692307692548e+01 -4.9751471862576182e+01
265 4.9060000000000002e+02 1.1376923076923090e+02 -4.9751471862576182e+01
266 4.9060000000000002e+02 1.3273076923076940e+02 -4.9751471862576189e+01
267 4.9060000000000002e+02 1.5169230769230779e+02 -4.9751471862576189e+01
268 4.9060000000000002e+02 1.7065384615384630e+02 -4.9751471862576203e+01
269 4.9060000000000002e+02 1.8961538461538470e+02 -4.9751471862576203e+01
270 4.9060000000000002e+02 2.0857692307692309e+02 -4.9751471862576203e+01
271 4.9060000000000002e+02 2.2753846153846149e+02 -4.9751471862576210e+01
272 5.0875999999999999e+02 -1.1047045914164500e-14 -4.9751471862576203e+01
273 5.2692000000000007e+02 -1.1047045914164500e-14 -4.9751471862576203e+01
274 5.4508000000000004e+02 -1.1047045914164500e-14 -4.9751471862576203e+01
275 5.6324000000000001e+02 -1.1047045914164500e-14 -4.9751471862576203e+01
276 1.7794569201881160e+01 3.5527136788005003e-14 -7.8886090522101195e-30
277 3.5589138403762348e+01 3.5527136788005003e-14 -7.8886090522101195e-30
278 5.3383707605643536e+01 3.5527136788005003e-14 -7.8886090522101195e-30
279 7.1178276807524725e+01 3.5527136788005003e-14 -7.8886090522101195e-30
280 8.8972846009405856e+01 3.5527136788005003e-14 -7.8886090522101195e-30
281 1.0676741521128690e+02 3.5527136788005003e-14 -7.8886090522101195e-30
282 1.2456198441316801e+02 3.5527136788005003e-14 -7.8886090522101195e-30
283 0.0000000000000000e+00 2.2753846153846149e+02 -5.0523687797557113e-14
284 0.0000000000000000e+00 2.0857692307692301e+02 -4.6313380481094009e-14
285 0.0000000000000000e+00 1.8961538461538450e+02 -4.2103073164630898e-14
286 0.0000000000000000e+00 1.7065384615384590e+02 -3.7892765848167813e-14
287 0.0000000000000000e+00 1.5169230769230751e+02 -3.3682458531704721e-14
288 0.0000000000000000e+00 1.3273076923076911e+02 -2.9472151215241642e-14
289 0.0000000000000000e+00 1.1376923076923060e+02 -2.5261843898778560e-14
290 0.0000000000000000e+00 9.4807692307692179e+01 -2.1051536582315481e-14
291 0.0000000000000000e+00 7.5846153846153726e+01 -1.6841229265852389e-14
292 0.0000000000000000e+00 5.6884615384615287e+01 -1.2630921949389310e-14
293 0.0000000000000000e+00 3.7923076923076849e+01 -8.4206146329262244e-15
294 0.0000000000000000e+00 1.8961538461538439e+01 -4.2103073164631493e-15
295 5.8139999999999998e+02 2.0318142582848850e+01 -2.7954106546746491e+01
296 5.8139999999999998e+02 2.2619822096013351e+02 -2.7969449078005759e+01
297 5.8139999999999998e+02 1.2325000000000010e+02 -2.3894360544288890e+01
298 5.8139999999999998e+02 1.9909615384615390e+02 -2.5357176246933211e+01
299 5.8139999999999998e+02 4.7403846153846359e+01 -2.5397425166185720e+01
300 5.8139999999999998e+02 1.6176160456036490e+02 -2.6907170933246189e+01
301 5.8139999999999998e+02 8.4738435646716198e+01 -2.6907170902708700e+01
302 5.8139999999999998e+02 1.4327206121159301e+02 -3.3031306940533447e+01
303 5.8139999999999998e+02 1.8013461538461550e+02 -3.2114257539952128e+01
304 5.8139999999999998e+02 1.0322794976150860e+02 -3.3031295970597292e+01
305 5.8139999999999998e+02 6.6365384615384755e+01 -3.2114260761043198e+01
306 5.8139999999999998e+02 1.1926812516514470e+01 -1.1683190851103470e+01
307 5.8139999999999998e+02 2.3457732579060320e+02 -1.1692527441834409e+01
308 5.8139999999999998e+02 2.3701923076923069e+02 -4.2518954803827953e+01
309 5.8139999999999998e+02 9.4807692307694253e+00 -4.2503662730016089e+01
310 5.8139999999999998e+02 6.7767337071958764e+01 -1.5082612436974520e+01
311 5.8139999999999998e+02 1.7873279864930399e+02 -1.5078498054617720e+01
312 5.8139999999999998e+02 1.0058777362009209e+02 -1.6766565483518981e+01
313 5.8139999999999998e+02 1.4591231249013751e+02 -1.6766567683613719e+01
314 5.8200000000000000e+02 2.3665332452305009e+02 9.9999999999999485e+00
315 5.8200000000000000e+02 1.4845417442879580e+01 9.9999999999999982e+00
316 5.9100000000000000e+02 1.6275523728049048e+01 2.0000000000000039e+01
317 1.2325173168623110e+01 2.6050000000000000e+02 1.9999999999999979e+01
318 3.5723680815334767e+01 2.5947324911435811e+02 1.9999999999999979e+01
319 2.7138076337399400e+02 1.2298755097698439e+02 -2.7308722167381610e-14
320 2.1528819270587840e+02 1.7563404467198231e+02 -3.8998592060575561e-14
321 2.1134772441967539e+02 6.7617902267681359e+01 -1.5014190394886670e-14
322 3.4898364293819742e+02 1.1415402677053810e+02 -2.5347285774865541e-14
323 1.9917146608403280e+02 1.2324999999999980e+02 -2.7366997557010030e-14
324 3.8225829821569289e+02 1.7184787350018669e+02 -3.8157893178555648e-14
325 1.7561930292960739e+02 2.1647367748187551e+02 -4.8066812193131619e-14
326 2.8275473651760672e+02 1.8596716466404479e+02 -4.1293005606856017e-14
327 2.6558153876428912e+02 5.5004991765833317e+01 -1.2213561665549040e-14
328 1.7518620641342059e+02 1.6329124187917421e+02 -3.6257939290778901e-14
329 3.8509028789994142e+02 4.4364500712770223e+01 -9.8508980334633214e-15
330 1.7742151107685660e+02 3.2088079182268977e+01 -7.1249848648300257e-15
331 1.7439705516784670e+02 8.3291333172591777e+01 -1.8494391167987270e-14
332 3.2536189260437800e+02 5.9178138260174421e+01 -1.3140186330179290e-14
333 1.7329462667265170e+02 1.2322422367189250e+02 -2.7361274062419021e-14
334 2.4378250159028789e+02 2.1355398165910529e+02 -4.7418509487663353e-14
335 4.0037417999202080e+02 1.0850234245541510e+02 -2.4092359763953060e-14
336 2.2904245934600971e+02 3.5659979977559772e+01 -7.9181061657517737e-15
337 3.2685322974819621e+02 2.0398847909276469e+02 -4.5294541249410888e-14
338 1.7415411862146061e+02 1.8960822104394620e+02 -4.2101482532240979e-14
339 3.0768975077921550e+02 1.5038916482364709e+02 -3.3393102688272078e-14
340 3.9786238968279952e+02 2.0779823555859710e+02 -4.6140477118727229e-14
341 1.7310717762640539e+02 5.7501417288906310e+01 -1.2767879484544551e-14
342 2.3266116758261140e+02 1.0006068288609470e+02 -2.2217934799971710e-14
343 2.0403889752051251e+02 2.2481135499014761e+02 -4.9918148501448221e-14
344 2.3292620577915150e+02 1.4490713258572040e+02 -3.2175847005815367e-14
345 4.2439260096364978e+02 2.3109369492394089e+02 -5.1313108190052111e-14
346 1.9924836391027691e+02 2.2699956250468201e+01 -5.0404028174507012e-15
347 1.5641850035768050e+02 2.3701923076922901e+02 -5.2628841455788217e-14
348 3.0773664967265432e+02 1.0149367680510720e+02 -2.2536123368578810e-14
349 1.6120929623130510e+02 1.4225278059725011e+02 -3.1586462467203522e-14
350 1.6109303599679879e+02 1.0422955717802201e+02 -2.3143610845104829e-14
351 4.1131810949802548e+02 1.3865623334945479e+02 -3.0787868554472602e-14
352 4.0931217250196391e+02 6.9534382552458283e+01 -1.5439734502566571e-14
353 1.9583126824198951e+02 2.0007885720909451e+02 -4.4426430802845073e-14
354 1.5654012092872651e+02 1.6148156365047811e+02 -3.5856110003446639e-14
355 4.1576580783783140e+02 1.7625347837204450e+02 -3.9136133971783108e-14
356 1.9982430721841340e+02 9.2398731354932323e+01 -2.0516639799280019e-14
357 3.5432707478404552e+02 3.4514362667439229e+01 -7.6637280227307808e-15
358 1.9519702248843461e+02 4.7033997562828233e+01 -1.0443645406883069e-14
359 2.0099193414553289e+02 1.5332099444953880e+02 -3.4044099639260711e-14
360 1.5619525645500951e+02 8.5027709610527154e+01 -1.8879944188149761e-14
361 2.4461254463588381e+02 1.7979911812569659e+02 -3.9923424150089279e-14
362 3.7057487512009101e+02 7.1707958903132578e+01 -1.5922365404626429e-14
363 1.5477305849912230e+02 2.1774088934252850e+02 -4.8348189750086651e-14
364 3.7711119765213562e+02 1.4036387617876511e+02 -3.1167041431859862e-14
365 4.1149854814305792e+02 2.9243479220261971e+01 -6.4933567900964202e-15
366 1.8155609822794870e+02 1.0527876907548770e+02 -2.3376582686360239e-14
367 1.5838524579282060e+02 1.9482362960104378e+01 -4.3259535864824347e-15
368 2.9399973934681259e+02 3.5174011286404657e+01 -7.8101994397183032e-15
369 2.8460872620925511e+02 2.2194169963283139e+02 -4.9280957011361948e-14
370 1.5768347801689990e+02 2.0035828515754551e+02 -4.4488476271263887e-14
371 1.8197070590938861e+02 1.4106784811957110e+02 -3.1323354603334428e-14
372 1.5827768333139659e+02 4.5040822725726088e+01 -1.0001071687632210e-14
373 1.5684128082111229e+02 1.8013461538461519e+02 -3.9997919506399302e-14
374 2.6535701404465311e+02 8.9287090109702888e+01 -1.9825716648314620e-14
375 3.6460266581237931e+02 2.1528230157257539e+02 -4.7802273600033899e-14
376 2.6587058492667092e+02 2.4151203957683411e+01 -5.3626445412476583e-15
377 2.3923869538126911e+02 6.9426571461423407e+01 -1.5415795631451189e-14
378 1.5603905826219921e+02 6.6365384615384613e+01 -1.4736075607620812e-14
379 1.7859625084830790e+02 2.3626085264825039e+02 -5.2460447685531732e-14
380 1.9177277424834571e+02 1.7729568119306589e+02 -3.9367549485428581e-14
381 2.6947985032287011e+02 1.5642840463597329e+02 -3.4734083306447569e-14
382 2.2071068093891051e+02 1.9877547133120530e+02 -4.4137021000524298e-14
383 3.4486770719701002e+02 1.6796788601656371e+02 -3.7296362890640523e-14
384 1.5606201322617071e+02 1.2324131228943280e+02 -2.7365068497749480e-14
385 4.2323369163862492e+02 2.0232428716455951e+02 -4.4925016410193142e-14
386 1.8999346640194011e+02 6.9155924401336875e+01 -1.5355699911920160e-14
387 2.9160736688655737e+02 6.8027581645444513e+01 -1.5105157490468019e-14
388 5.6185022312258502e+02 2.4650000000000000e+02 -2.8534447212025650e+01
389 4.9875924960815382e+02 2.4650000000000000e+02 -2.8030516292855101e+01
390 5.3552928012955908e+02 2.4650000000000000e+02 -2.6292537052676010e+01
391 5.1783999999999958e+02 2.4650000000000000e+02 -3.3077193241897390e+01
392 4.8196503681649898e+02 2.4650000000000000e+02 -1.6526582577204682e+01
393 5.6959652792349766e+02 2.4650000000000000e+02 -1.1833776975339390e+01
394 5.1495652182547974e+02 2.4650000000000000e+02 -1.6648478396683540e+01
395 5.7222955741895225e+02 2.4650000000000000e+02 -4.2079555170012952e+01
396 4.6426705148230752e+02 1.9819961590652539e+02 -2.3418523344883681e+01
397 4.6426707788585247e+02 4.8300444051669672e+01 -2.3418549748428660e+01
398 4.6507781742681777e+02 9.7339954710041241e+01 -2.4229289289393940e+01
399 4.6507781742681777e+02 1.4916004528995899e+02 -2.4229289289394021e+01
400 4.6865632588338491e+02 7.4872803540834298e+01 -2.7807797745961039e+01
401 4.6865632060267598e+02 1.7162720845080489e+02 -2.7807792465252149e+01
402 4.7318903988005400e+02 2.2170870319263520e+02 -3.2340511742630170e+01
403 4.7318949759468057e+02 2.4792115616730829e+01 -3.2340969457256762e+01
404 4.7514632335453638e+02 1.2325000000000020e+02 -3.4297795217112522e+01
405 4.5656828600965127e+02 2.2959922313886519e+01 -1.5719757872227419e+01
406 4.5656793226940982e+02 2.2354110155995701e+02 -1.5719404131985991e+01
407 4.7903027079036008e+02 1.9923955622772999e+02 -3.8181742652936308e+01
408 4.7903029599434672e+02 4.7260489522351413e+01 -3.8181767856922853e+01
409 4.7993576526583712e+02 1.0329581770583040e+02 -3.9087237128413257e+01
410 4.7993576526583718e+02 1.4320418229417021e+02 -3.9087237128413342e+01
411 4.7919346468006552e+02 1.6107870087761719e+02 -3.8344936542641612e+01
412 4.7919346556018348e+02 8.5421301120989540e+01 -3.8344937422759678e+01
413 4.8029088478506128e+02 6.6365384615384869e+01 -3.9442356647637510e+01
414 4.8029088478506162e+02 1.8013461538461539e+02 -3.9442356647637752e+01
415 4.5404500427405497e+02 1.7001954273765179e+02 -1.3196476136631180e+01
416 4.5404500592358920e+02 7.6480461008174530e+01 -1.3196477786165349e+01
417 4.5681001043837182e+02 1.2325000000000050e+02 -1.5961482300948008e+01
418 4.8057810906774353e+02 2.3248667920049800e+02 -3.9729580930319642e+01
419 4.8057784863274480e+02 1.4012119010071670e+01 -3.9729320495320927e+01
420 5.6642564572556660e+02 2.5150000000000000e+02 9.9999999999999218e+00
421 1.7845227671686970e+02 2.5150000000000000e+02 8.5580033167341885e+00
422 1.5472672783270301e+02 2.5150000000000000e+02 9.9999999999999218e+00
423 1.1065320604026979e+01 2.5150000000000000e+02 9.9999999999999218e+00
424 1.3193998249845609e+02 2.5150000000000000e+02 9.9999999999999218e+00
425 6.0000000000000000e+02 1.4125387420397931e+02 -1.2925220627383251e+02
426 6.0000000000000000e+02 1.3444425399409849e+02 -2.6245032880280041e+02
427 6.0000000000000000e+02 1.3953628750534321e+02 -6.2135302747407115e+02
428 6.0000000000000000e+02 1.3407542491308129e+02 -4.8230948895111652e+02
429 6.0000000000000000e+02 7.7076422134787208e+01 -7.1289451193318669e+01
430 6.0000000000000000e+02 1.8761702321757431e+02 -6.4061046345097537e+01
431 6.0000000000000000e+02 1.1205784241845140e+02 -3.7234266347786883e+02
432 6.0000000000000000e+02 2.0637594128649610e+02 -1.2435542939566750e+02
433 6.0000000000000000e+02 1.3049676203601280e+02 -3.9722765975926229e+01
434 6.0000000000000000e+02 6.4179457982680844e+01 -1.3602714440652949e+02
435 6.0000000000000000e+02 1.7189658127266770e+02 -1.8796850671846991e+02
436 6.0000000000000000e+02 8.4218640652964041e+01 -6.9645994224127207e+02
437 6.0000000000000000e+02 1.8529231854350579e+02 -6.9595998952677667e+02
438 6.0000000000000000e+02 5.0893724898041462e+01 -2.7164259083020209e+01
439 6.0000000000000000e+02 8.1865690214807557e+01 -5.4526214671154980e+02
440 6.0000000000000000e+02 1.8990834032648840e+02 -3.3084682156659051e+02
441 6.0000000000000000e+02 1.8467820030055850e+02 -5.5090122004234570e+02
442 6.0000000000000000e+02 1.8955286880260510e+02 -4.1226011752799769e+02
443 6.0000000000000000e+02 2.2140725981890179e+02 -3.0096461385474221e+01
444 6.0000000000000000e+02 7.9960975785291964e+01 -2.1271022131597110e+02
445 6.0000000000000000e+02 4.2738404609457461e+01 -9.7538056198577280e+01
446 6.0000000000000000e+02 2.2813388142104290e+02 -7.5846074579305295e+01
447 6.0000000000000000e+02 1.4714315761995789e+02 -8.6599405659159942e+01
448 6.0000000000000000e+02 7.1188304611135720e+01 -4.4264978667705049e+02
449 6.0000000000000000e+02 9.1084463403046527e+01 -2.9820724747443290e+01
450 6.0000000000000000e+02 7.3918407633704135e+01 -3.0734683435785911e+02
451 6.0000000000000000e+02 1.6949116397820461e+02 -2.3534460224657071e+01
452 6.0000000000000000e+02 6.5230812222387101e+01 -6.1970510943521549e+02
453 6.0000000000000000e+02 2.0754010759780559e+02 -6.1776168656882066e+02
454 6.0000000000000000e+02 2.0245117849612569e+02 -4.8156348261801008e+02
455 6.0000000000000000e+02 2.0173509589107849e+02 -2.5352398396346547e+02
456 6.0000000000000000e+02 3.5829367777348637e+01 -6.0903811091818653e+01
457 6.0000000000000000e+02 1.0530954822522099e+02 -9.9932557796366879e+01
458 6.0000000000000000e+02 2.1392728754314300e+02 -1.8557498806300191e+02
459 6.0000000000000000e+02 1.0349607665393000e+02 -1.7604328649057641e+02
460 6.0000000000000000e+02 6.6446846276002304e+01 -4.9642637146703618e+02
461 6.0000000000000000e+02 1.8190148987304110e+02 -9.5457674526451726e+01
462 6.0000000000000000e+02 1.1061188723542210e+02 -6.5014247179099144e+01
463 6.0000000000000000e+02 6.5597757933346941e+01 -3.9076291614625927e+02
464 6.0000000000000000e+02 1.3481286597057110e+02 -7.1961412982681497e+02
465 6.0000000000000000e+02 1.1585316893419289e+02 -1.0740471379374750e+01
466 6.0000000000000000e+02 1.5845549002283340e+02 -5.0424479555478811e+01
467 6.0000000000000000e+02 2.4248697433196691e+02 -5.1722240604235253e+01
468 6.0000000000000000e+02 7.5232943068427005e+01 -1.0320236835994830e+02
469 6.0000000000000000e+02 1.3009523310283461e+02 -3.2010815408197112e+02
470 6.0000000000000000e+02 1.2864451136951470e+02 -4.2666760706512167e+02
471 6.0000000000000000e+02 2.1259542602942381e+02 -5.6114148587738413e+01
472 6.0000000000000000e+02 2.3695112132210900e+02 -1.1760128087146380e+02
473 6.0000000000000000e+02 2.2100794222534520e+02 -3.7284640398919470e+02
474 6.0000000000000000e+02 4.7637047617375693e+01 -2.5733196907572352e+02
475 6.0000000000000000e+02 3.3255924280617137e+01 -1.6152671488253370e+02
476 6.0000000000000000e+02 5.0935646954280969e+01 -7.2917176102713324e+02
477 6.0000000000000000e+02 3.0995800485310269e+01 -1.2422306743476160e+02
478 6.0000000000000000e+02 2.4121258485361011e+01 -2.3638198947721040e+01
479 6.0000000000000000e+02 1.3139397472578881e+02 -5.3820385004636341e+02
480 6.0000000000000000e+02 2.1839114151519959e+02 -7.2915778536830567e+02
481 6.0000000000000000e+02 1.9402809885949549e+02 -3.6853804568459722e+01
482 6.0000000000000000e+02 1.3567186431456469e+02 -6.7218134241123801e+02
483 6.0000000000000000e+02 4.4358523155334240e+01 -6.6238585838129541e+02
484 6.0000000000000000e+02 1.6790465660894151e+02 -1.5266609232586549e+02
485 6.0000000000000000e+02 2.2593237213821430e+02 -6.5673059894468076e+02
486 6.0000000000000000e+02 1.4267389698494091e+02 -1.4352951843134949e+01
487 6.0000000000000000e+02 6.9200317182438255e+01 -1.4040076293147740e+01
488 6.0000000000000000e+02 6.0162112370643399e+01 -5.1942245824468131e+01
489 6.0000000000000000e+02 4.4742654514569608e+01 -5.7954473041738856e+02
490 6.0000000000000000e+02 2.4797587748321749e+02 -2.3317075783434738e+01
491 6.0000000000000000e+02 1.2626806101606061e+02 -2.1239582112474039e+02
492 6.0000000000000000e+02 1.6132848823634271e+02 -3.7254564502255272e+02
493 6.0000000000000000e+02 2.0007713420540441e+02 -1.0586408974159710e+01
494 6.0000000000000000e+02 2.2189143825610429e+02 -2.9732891791247118e+02
495 6.0000000000000000e+02 2.2281509057298780e+02 -5.1863912530638174e+02
496 6.0000000000000000e+02 1.0122095639749109e+02 -1.3137270943266341e+02
497 6.0000000000000000e+02 2.2476233401207790e+02 -5.7549573400660620e+02
498 6.0000000000000000e+02 2.0559702888393920e+02 -7.8162331337281628e+01
499 6.0000000000000000e+02 2.2044216271957049e+02 -4.4365526175825829e+02
500 6.0000000000000000e+02 1.9025698950776810e+01 -4.6422491882880408e+01
501 6.0000000000000000e+02 3.9696868245895303e+01 -3.4637130855658182e+02
502 6.0000000000000000e+02 1.7201607603287829e+02 -2.8758615124008281e+02
503 6.0000000000000000e+02 5.4109148490837470e+01 -7.6352364361235743e+01
504 6.0000000000000000e+02 1.4778058875977229e+02 -5.7800623744535324e+02
505 6.0000000000000000e+02 3.6105629429771000e+01 -2.0462821685973049e+02
506 6.0000000000000000e+02 9.3611429294186337e+01 -7.3681083630833507e+02
507 6.0000000000000000e+02 1.7586184040340490e+02 -7.3693346984840684e+02
508 6.0000000000000000e+02 2.3313165794325121e+02 -2.2502165565050171e+02
509 6.0000000000000000e+02 2.3455973182437100e+02 -1.5153959185466931e+02
510 6.0000000000000000e+02 1.7779325552570691e+02 -6.4405719218832337e+02
511 6.0000000000000000e+02 1.3412305622788799e+02 -6.2770172076700327e+01
512 6.0000000000000000e+02 1.0105578196391311e+02 -5.9031472869966035e+02
513 6.0000000000000000e+02 2.3817348924464451e+01 -8.1478750997175950e+01
514 6.0000000000000000e+02 9.6840465804723408e+01 -6.5012799936768158e+02
515 6.0000000000000000e+02 1.6529344003644721e+02 -7.0920950226552691e+01
516 6.0000000000000000e+02 1.6796813368842660e+02 -4.5488264636785578e+02
517 6.0000000000000000e+02 1.7014071932054421e+02 -5.1022820806114453e+02
518 6.0000000000000000e+02 9.3487155250383751e+01 -2.5409939346483256e+02
519 6.0000000000000000e+02 3.6689190067817663e+01 -5.2662646596200943e+02
520 6.0000000000000000e+02 1.0059104197567130e+02 -5.0894787913093387e+02
521 6.0000000000000000e+02 4.4191229017947308e+01 -4.2982160788783510e+00
522 6.0000000000000000e+02 2.2678818797427050e+02 -3.3034130455078210e+00
523 6.0000000000000000e+02 1.0894611761985250e+02 -4.3241807302151372e+01
524 6.0000000000000000e+02 2.4953682985055650e+02 -7.3482340170609433e+01
525 6.0000000000000000e+02 1.5407517546870801e+02 -1.0873389632516211e+02
526 6.0000000000000000e+02 3.2250464699394968e+01 -3.0185615372029321e+02
527 6.0000000000000000e+02 6.9703170088296929e+01 -1.7038471556466740e+02
528 6.0000000000000000e+02 3.1595678898481541e+01 -4.3179556846163200e+02
529 6.0000000000000000e+02 1.6511244577080751e+02 -2.3554345057797931e+02
530 6.0000000000000000e+02 8.7821578172066381e+01 -5.3592647437874490e+01
531 6.0000000000000000e+02 1.2161357693959140e+02 -8.2786289927132671e+01
532 6.0000000000000000e+02 9.9010748675489936e+01 -4.7068416616453999e+02
533 6.0000000000000000e+02 7.1832439205247283e+01 -3.5311990677190771e+01
534 6.0000000000000000e+02 8.1909305287016309e+01 -3.4697774013660512e+02
535 6.0000000000000000e+02 2.3361678533527700e+02 -3.3455386318471591e+02
536 6.0000000000000000e+02 1.7509191358483901e+02 -1.2638246507514880e+02
537 6.0000000000000000e+02 1.3561835209186680e+02 -1.6341347460199620e+02
538 6.0000000000000000e+02 2.0171438546281710e+01 -2.3039799870097261e-01
539 6.0000000000000000e+02 8.8892206236733500e+01 -2.9202544839931481e+00
540 6.0000000000000000e+02 9.4372104083112163e+01 -4.0810574334157508e+02
541 6.0000000000000000e+02 1.0743380237770570e+02 -2.8928330132028702e+02
542 6.0000000000000000e+02 1.9510310803846490e+01 -9.9142743075458341e+01
543 6.0000000000000000e+02 1.7680416883165631e+02 -4.5291032770674619e+01
544 6.0000000000000000e+02 2.8596012879967532e+01 -6.1970510943521549e+02
545 6.0000000000000000e+02 1.7830533685957241e+02 -1.0398731326117949e+00
546 6.0000000000000000e+02 2.4062020131994799e+02 -6.1374382711362693e+02
547 6.0000000000000000e+02 2.4609729667446439e+02 -9.6007727316000128e+01
548 6.0000000000000000e+02 2.1773732387861381e+02 -9.9332712647815100e+01
549 6.0000000000000000e+02 3.8006432496434293e+01 -4.2014201365981677e+01
550 6.0000000000000000e+02 2.3694168635773681e+02 -4.7726698836379637e+02
551 6.0000000000000000e+02 9.6669309669823804e+01 -8.0063900417342637e+01
552 6.0000000000000000e+02 1.5027932825549789e+02 -3.2008664399799272e+01
553 6.0000000000000000e+02 2.7079949401526790e+01 -4.8230948895111641e+02
554 6.0000000000000000e+02 2.5171805344156689e+02 2.2244788456331790e+00
555 6.0000000000000000e+02 2.3395681164425039e+02 -4.1083703230658341e+02
556 6.0000000000000000e+02 1.8189057309903171e+02 -5.9263422851905034e+02
557 6.0000000000000000e+02 1.2958051541152241e+02 -1.0512149308058720e+02
558 6.0000000000000000e+02 2.3574337009595979e+02 -6.9758454178183331e+02
559 6.0000000000000000e+02 1.6967052285198751e+01 -6.4559479016831432e+01
560 6.0000000000000000e+02 3.3506509522404940e+01 -6.9874399202978748e+02
561 6.0000000000000000e+02 1.9734756297927061e+02 -1.5715177333666821e+02
562 6.0000000000000000e+02 2.3507930042501820e+02 -2.6472085018866971e+02
563 6.0000000000000000e+02 5.3887299949569240e+01 -1.1549117661676910e+02
564 6.0000000000000000e+02 2.4617719220211649e+02 -1.8710082325652931e+02
565 6.0000000000000000e+02 2.4704166666666671e+02 -7.5624911815908968e+02
566 6.0000000000000000e+02 1.9716061368418960e+02 -2.1752651699468370e+02
567 6.0000000000000000e+02 1.5869033983355280e+02 2.1454295991924249e-01
568 6.0000000000000000e+02 2.7490072363431121e+01 -7.5216587950766052e+02
569 6.0000000000000000e+02 2.7378061015544692e+01 -3.9007092208424808e+02
570 3.4263790037762192e+02 1.3581657412340800e+02 -7.8000000000000011e+02
571 1.6153846153846141e+02 1.3474999999999989e+02 -7.8000000000000011e+02
572 4.7122966328153348e+02 1.2495103103341880e+02 -7.8000000000000011e+02
573 2.4788639606714381e+02 1.0284778275590550e+02 -7.8000000000000011e+02
574 8.3993818458455962e+01 1.8528741209452139e+02 -7.8000000000000011e+02
575 8.3993818458456076e+01 8.4212587905478415e+01 -7.8000000000000011e+02
576 2.5384615384615373e+02 1.8480159179022019e+02 -7.8000000000000011e+02
577 4.1808619809884988e+02 1.8792776709046629e+02 -7.8000000000000011e+02
578 5.2132774533915949e+02 1.9184465652367240e+02 -7.8000000000000011e+02
579 3.9942329902271740e+02 8.1618944382919892e+01 -7.8000000000000011e+02
580 5.2054248198619393e+02 7.1015637654046031e+01 -7.8000000000000011e+02
581 3.4615384615384619e+02 2.0410104593208979e+02 -7.8000000000000011e+02
582 1.6356963915895739e+02 2.0087307098678389e+02 -7.8000000000000011e+02
583 1.6153846153846160e+02 6.5398954067909983e+01 -7.8000000000000011e+02
584 3.2259680567116618e+02 6.4343216792979376e+01 -7.8000000000000011e+02
585 4.6824818421579943e+02 6.3730400161999462e+01 -7.8000000000000011e+02
586 5.3917715817341912e+02 1.3265411894730619e+02 -7.8000000000000011e+02
587 4.6420892404245251e+02 2.1119633044817201e+02 -7.8000000000000011e+02
588 5.8604714686591251e+01 1.3475000000000000e+02 -7.8000000000000011e+02
589 2.1681541844579840e+02 5.4571639420583672e+01 -7.8000000000000011e+02
590 2.8976974570388342e+02 1.4090864038578431e+02 -7.8000000000000011e+02
591 2.1792256198842441e+02 1.4090864038578411e+02 -7.8000000000000011e+02
592 3.0155621610012980e+02 2.2578623864213529e+02 -7.8000000000000011e+02
593 2.0642625982367730e+02 2.2532509936423460e+02 -7.8000000000000011e+02
594 4.2038058051810287e+02 1.3657375589389511e+02 -7.8000000000000011e+02
595 5.1107942559055118e+01 2.1823856401626679e+02 -7.8000000000000011e+02
596 5.1107942559055118e+01 5.1261435983733122e+01 -7.8000000000000011e+02
597 1.0820460261012720e+02 1.3474999999999989e+02 -7.8000000000000011e+02
598 1.1848434061446690e+02 4.4472873669467390e+01 -7.8000000000000011e+02
599 1.1770445127456000e+02 2.2473303856591451e+02 -7.8000000000000011e+02
600 3.6516278481959353e+02 5.6091436042988327e+01 -7.8000000000000011e+02
601 2.7168538536572362e+02 5.3619644209112273e+01 -7.8000000000000011e+02
602 3.8757793021992342e+02 2.2581562336519630e+02 -7.8000000000000011e+02
603 5.5271493795357947e+02 2.2263313632112150e+02 -7.8000000000000011e+02
604 1.8937495013961481e+02 9.9135909472151809e+01 -7.8000000000000011e+02
605 4.5670766668413910e+02 1.6709385203373651e+02 -7.8000000000000011e+02
606 5.5580612624977846e+02 4.2941955487251512e+01 -7.8000000000000011e+02
607 2.5386126048044670e+02 2.3345499220117301e+02 -7.8000000000000011e+02
608 4.3032417038961967e+01 1.7579359379273791e+02 -7.8000000000000011e+02
609 4.3032417038961967e+01 9.3706406207262091e+01 -7.8000000000000011e+02
610 3.5458751697104748e+02 9.5847317826474864e+01 -7.8000000000000011e+02
611 4.2796305972791657e+02 4.3093671183241668e+01 -7.8000000000000011e+02
612 1.3054840125939930e+02 9.6338440202727611e+01 -7.8000000000000011e+02
613 1.3054840125939910e+02 1.7316155979727230e+02 -7.8000000000000011e+02
614 3.7258484234953028e+02 1.6942552296604481e+02 -7.8000000000000011e+02
615 5.5840463784561837e+02 1.7062970200429530e+02 -7.8000000000000011e+02
616 1.9459993562494719e+02 1.7589010080622941e+02 -7.8000000000000011e+02
617 3.1268042563326810e+02 1.7828967861767231e+02 -7.8000000000000011e+02
618 5.0190488272373909e+02 2.2699249506587040e+02 -7.8000000000000011e+02
619 5.5815672604274278e+02 9.6974907508319916e+01 -7.8000000000000011e+02
620 5.0090044351528718e+02 4.0694666220627077e+01 -7.8000000000000011e+02
621 4.4243341723376602e+02 9.5312432763280526e+01 -7.8000000000000011e+02
622 5.0396775691957009e+02 1.5345240157423621e+02 -7.8000000000000011e+02
623 4.2935922585686052e+02 2.3278794418076691e+02 -7.8000000000000011e+02
624 3.1947702728246992e+02 1.0482321495309510e+02 -7.8000000000000011e+02
625 5.0863070133905461e+02 1.0794209599548699e+02 -7.8000000000000011e+02
626 3.0770502180516439e+02 3.0004209132211319e+01 -7.8000000000000011e+02
627 3.4615384615384619e+02 2.4087202828511491e+02 -7.8000000000000011e+02
628 1.6242933879672270e+02 3.0180712865288399e+01 -7.8000000000000011e+02
629 1.6185325395089109e+02 2.3939968823321280e+02 -7.8000000000000011e+02
630 3.7931551387440271e+02 1.2485492480343601e+02 -7.8000000000000011e+02
631 2.5384615384615384e+02 1.4815452737536549e+02 -7.8000000000000011e+02
632 3.9098325372712281e+02 2.8932363515285370e+01 -7.8000000000000011e+02
633 8.1832164281862447e+01 3.3767839953461362e+01 -7.8000000000000011e+02
634 8.1832164281862447e+01 2.3573216004653841e+02 -7.8000000000000011e+02
635 2.8779316768863072e+02 8.7200325636829064e+01 -7.8000000000000011e+02
636 2.4303327504154140e+02 3.2205675777133592e+01 -7.8000000000000011e+02
637 4.8833255151383139e+02 1.8692881974888709e+02 -7.8000000000000011e+02
638 2.8095672346386891e+01 2.7615318453946941e+01 -7.8000000000000011e+02
639 2.8095672346387001e+01 2.4188468154605280e+02 -7.8000000000000011e+02
640 5.7692307692307691e+02 2.4704166666666691e+02 -7.8000000000000011e+02
641 1.6256410939544131e+02 1.7116868289757130e+02 -7.8000000000000011e+02
642 3.4623334781147418e+02 2.5334013524799389e+01 -7.8000000000000011e+02
643 3.0035363219478421e+02 2.6950000000000000e+02 -2.8046586749206642e+02
644 2.5431997480477631e+02 2.6949999999999989e+02 -5.3503562730914530e+02
645 1.6664680357013140e+02 2.6950000000000011e+02 -1.4678878879062870e+02
646 4.3641193074479412e+02 2.6950000000000011e+02 -1.4455773033839640e+02
647 4.2279753290528549e+02 2.6950000000000000e+02 -4.3143819740963551e+02
648 4.3121235844997858e+02 2.6949999999999989e+02 -6.1231669065725373e+02
649 1.5537007919979351e+02 2.6950000000000000e+02 -3.8375101544645429e+02
650 8.9196731617768563e+01 2.6950000000000011e+02 -6.9081112297736524e+01
651 4.5452274353698652e+02 2.6950000000000000e+02 -2.8970904720758500e+02
652 1.4543285449915541e+02 2.6949999999999989e+02 -6.3424036297926807e+02
653 3.0011999476607650e+02 2.6950000000000011e+02 -1.1935969354642100e+02
654 5.0695319828711695e+02 2.6950000000000011e+02 -7.7679318673926616e+01
655 2.9993472989686290e+02 2.6949999999999989e+02 -6.5349420081568951e+02
656 1.6664680357013140e+02 2.6950000000000011e+02 -5.7160694694358938e+01
657 1.2506254424053000e+02 2.6950000000000000e+02 -5.0534390772829693e+02
658 1.3269741964085830e+02 2.6950000000000000e+02 -2.6446376544385510e+02
659 2.9319531870940801e+02 2.6950000000000000e+02 -4.0802068257594601e+02
660 4.2443333542116471e+02 2.6950000000000011e+02 -6.6040082115359041e+01
661 4.9749438199088348e+02 2.6949999999999989e+02 -5.1563901569768746e+02
662 5.2255833740435992e+02 2.6950000000000011e+02 -1.5896578921443819e+02
663 3.5803316639610989e+02 2.6949999999999989e+02 -5.2117516931267699e+02
664 4.9760490897399632e+02 2.6949999999999989e+02 -6.7785290186876045e+02
665 3.5132220770973692e+02 2.6950000000000011e+02 -1.9856502410804049e+02
666 4.9983565776242841e+02 2.6950000000000000e+02 -3.7897234935117967e+02
667 7.8135038132846660e+01 2.6950000000000011e+02 -1.5103358501542360e+02
668 2.1364596741907800e+02 2.6950000000000011e+02 -2.3174855447933521e+02
669 2.4638735378334411e+02 2.6950000000000011e+02 -5.9721019986595479e+01
670 3.7023802838030599e+02 2.6950000000000000e+02 -3.4157382523452901e+02
671 5.4876777432383619e+02 2.6950000000000011e+02 -5.5068635394005007e+01
672 3.9230769230769232e+02 2.6949999999999989e+02 -6.9089142914839397e+02
673 2.1698692004789450e+02 2.6949999999999989e+02 -6.9073335251071171e+02
674 5.5049879374540660e+02 2.6950000000000011e+02 -1.0631418448919401e+02
675 8.2514627862385325e+01 2.6950000000000000e+02 -4.2337743826220708e+02
676 5.4236547122954711e+01 2.6950000000000011e+02 -2.9824767092622491e+01
677 8.2286637555574586e+01 2.6949999999999989e+02 -6.9502153207173251e+02
678 2.2727482778449709e+02 2.6950000000000000e+02 -3.2041337281498431e+02
679 8.2333120496458818e+01 2.6950000000000000e+02 -3.3977828920839141e+02
680 3.4312924437554801e+02 2.6950000000000011e+02 -5.1778627965434168e+01
681 5.1981832237153890e+02 2.6949999999999989e+02 -5.9217496691264830e+02
682 7.7559828889012209e+01 2.6949999999999989e+02 -5.7989133074132758e+02
683 5.2019935321722915e+02 2.6950000000000011e+02 -2.4171730032662541e+02
684 1.9479139105545050e+02 2.6950000000000000e+02 -4.6607379474425909e+02
685 5.1224229721392226e+02 2.6950000000000011e+02 -2.9512952962122430e+01
686 2.3018271425763129e+02 2.6949999999999989e+02 -6.1083338011430237e+02
687 1.1433000739280800e+02 2.6950000000000011e+02 -2.5662121976943240e+01
688 4.3370673064814127e+02 2.6950000000000011e+02 -2.2035300380866360e+02
689 2.8354584299506661e+02 2.6950000000000011e+02 -1.9096621576702680e+02
690 3.5088530992629751e+02 2.6949999999999989e+02 -5.9606061332236118e+02
691 3.8074109145538432e+02 2.6950000000000011e+02 -1.1653492518783270e+02
692 4.7095007783980691e+02 2.6950000000000011e+02 -5.1523874576267872e+01
693 4.6417325790504327e+02 2.6950000000000011e+02 -1.0841871402968660e+02
694 5.2849437777040737e+02 2.6950000000000000e+02 -4.4767317351856872e+02
695 3.7424755098274181e+02 2.6950000000000000e+02 -2.6738314032767448e+02
696 5.2640927191950800e+02 2.6950000000000000e+02 -3.1292458710845227e+02
697 3.0356452042973029e+02 2.6950000000000000e+02 -4.7648341081215460e+02
698 1.8497923261159471e+02 2.6949999999999989e+02 -5.4928331984541398e+02
699 7.1713780394613082e+01 2.6950000000000011e+02 -2.2460488564236661e+02
700 1.9706974853446710e+02 2.6950000000000011e+02 -2.1743579671670091e+01
701 2.3294551015692480e+02 2.6950000000000011e+02 -1.2745924195749539e+02
702 1.5187092507741650e+02 2.6949999999999989e+02 -7.1191481958782742e+02
703 4.0110318737817558e+01 2.6950000000000011e+02 -7.4069887303286009e+01
704 1.3390180048115761e+02 2.6950000000000011e+02 -1.0197474174249380e+02
705 3.2699817245722522e+02 2.6949999999999989e+02 -7.1442825958729031e+02
706 4.2690917289086951e+02 2.6949999999999989e+02 -5.3560127124658800e+02
707 1.5361183349764241e+02 2.6950000000000011e+02 -1.8707510522300709e+01
708 4.4523806834889552e+02 2.6950000000000000e+02 -3.5790978053564191e+02
709 7.8188007447195346e+01 2.6950000000000000e+02 -4.9704952240424308e+02
710 1.3275734641987100e+02 2.6950000000000011e+02 -1.9700756167299420e+02
711 2.9074598491324241e+02 2.6949999999999989e+02 -5.7426887163006882e+02
712 3.1306775754628387e+02 2.6950000000000000e+02 -3.3755085050749392e+02
713 3.5446631343950548e+02 2.6950000000000000e+02 -4.0375701011207462e+02
714 2.3377001175212661e+02 2.6950000000000000e+02 -3.7568525209998728e+02
715 4.3892536252021569e+02 2.6950000000000011e+02 -2.1993773168500070e+01
716 3.8862952763256152e+02 2.6950000000000011e+02 -2.7442848199537931e+01
717 1.5707112420149491e+02 2.6950000000000000e+02 -3.2254887663613869e+02
718 4.4614896142155521e+02 2.6949999999999989e+02 -7.1947834519467813e+02
719 5.4039497017454028e+02 2.6950000000000011e+02 -1.6117523811449871e+01
720 8.0977084597458585e+01 2.6950000000000011e+02 -1.6289683338241279e+01
721 6.4018857967269270e+01 2.6949999999999989e+02 -6.3645738082637331e+02
722 6.2856345698843477e+01 2.6950000000000000e+02 -2.9363174813272502e+02
723 5.4045544475065697e+02 2.6949999999999989e+02 -7.2081629726100846e+02
724 5.6276429049911746e+02 2.6950000000000011e+02 -1.4075592799811750e+02
725 2.7281433392949668e+02 2.6949999999999989e+02 -7.2720599332932829e+02
726 4.9907228526994038e+02 2.6950000000000011e+02 -1.2768744488474020e+02
727 4.5892286457946187e+02 2.6950000000000000e+02 -4.5433310293352031e+02
728 3.6467248781489110e+02 2.6950000000000000e+02 -4.6691265411685401e+02
729 5.3794909739884838e+02 2.6949999999999989e+02 -5.4056426996302707e+02
730 1.5260085039359680e+02 2.6950000000000000e+02 -4.3796259651764723e+02
731 4.6136983066844567e+02 2.6950000000000011e+02 -1.8399187930266061e+02
732 5.7127335417404561e+02 2.6950000000000011e+02 -2.3508837838022998e+01
733 2.9466393256181129e+02 2.6950000000000011e+02 -3.8236897189723493e+01
734 4.4876300892469192e+02 2.6949999999999989e+02 -6.5548021085638788e+02
735 4.6480069617630107e+02 2.6950000000000011e+02 -2.7862362782411651e+01
736 3.4570309298465958e+01 2.6950000000000011e+02 -1.4615532158574069e+01
737 5.4326438380442937e+02 2.6949999999999989e+02 -6.4362284795536971e+02
738 5.7010420993634796e+02 2.6950000000000011e+02 -7.7040988467451768e+01
739 5.0240362585337387e+01 2.6950000000000000e+02 -3.8611741666013938e+02
740 2.1587499467898471e+02 2.6950000000000011e+02 -9.2310837917358640e+01
741 2.3863635105201820e+02 2.6950000000000000e+02 -4.5151274327461829e+02
742 6.5628951206748738e+01 2.6950000000000011e+02 -1.1479424430221840e+02
743 1.2769793172623200e+02 2.6950000000000011e+02 -6.5375128810827619e+01
744 5.5404163659198821e+02 2.6950000000000011e+02 -1.9301954202620490e+02
745 1.7846316917400910e+02 2.6950000000000000e+02 -2.6716016863781272e+02
746 1.3444439990387889e+02 2.6949999999999989e+02 -5.7825697568563942e+02
747 3.5606499226788702e+02 2.6949999999999989e+02 -6.4614276980896489e+02
748 3.8846096966163412e+02 2.6950000000000011e+02 -1.6104557086533890e+02
749 4.1349067392710549e+02 2.6950000000000000e+02 -4.8053464342802641e+02
750 5.2188528258125541e+02 2.6950000000000011e+02 -5.4627341905307219e+01
751 2.1266658002959900e+02 2.6950000000000011e+02 -1.6922902899620499e+02
752 3.0715139615342611e+02 2.6949999999999989e+02 -5.2050004603086097e+02
753 4.6195529793142612e+02 2.6949999999999989e+02 -5.7420526721021884e+02
754 5.5326807430392421e+02 2.6950000000000000e+02 -3.7623500870452523e+02
755 2.4818033984288300e+02 2.6950000000000000e+02 -2.7273807838016228e+02
756 4.2109380017109322e+02 2.6950000000000011e+02 -1.0129558697989781e+02
757 1.1073754602892620e+02 2.6950000000000000e+02 -3.8216147144775391e+02
758 2.3864851351931520e+02 2.6950000000000011e+02 -1.8795094695354859e+01
759 4.4062009759125687e+01 2.6949999999999989e+02 -5.2974599503856837e+02
760 5.0622098486785092e+01 2.6949999999999989e+02 -7.2939539685800241e+02
761 3.1521768121559239e+02 2.6950000000000011e+02 -2.2743033222081951e+02
762 2.5233798890752290e+01 2.6950000000000011e+02 -4.2962088763243742e+01
763 5.3675525729658557e+02 2.6950000000000011e+02 -7.8636077666518304e+01
764 4.5574392404095067e+02 2.6950000000000000e+02 -4.0238145245961601e+02
765 3.3928090688859783e+02 2.6950000000000011e+02 -1.5051846506774419e+02
766 2.4523315255388550e+02 2.6949999999999989e+02 -6.5160353364246248e+02
767 5.4483323990922611e+02 2.6950000000000000e+02 -4.9316195711500029e+02
768 4.7260081836088312e+02 2.6949999999999989e+02 -6.2097099122246937e+02
769 2.0409893546662241e+02 2.6949999999999989e+02 -7.4243122178510907e+02
770 1.9686036716059141e+02 2.6949999999999989e+02 -6.4284307257597425e+02
771 4.0614997583763801e+02 2.6950000000000000e+02 -3.0571385063550269e+02
772 4.7088985480332809e+02 2.6950000000000011e+02 -2.4008625207785630e+02
773 4.8410326341310139e+02 2.6950000000000000e+02 -3.2729184570861241e+02
774 4.9607704922176288e+02 2.6950000000000011e+02 -5.4599653615489387e+01
775 6.0967750150331099e+01 2.6950000000000011e+02 -1.7217113869605780e+00
776 3.9466197591336339e+02 2.6949999999999989e+02 -7.3581672206115923e+02
777 1.1621524103528400e+02 2.6949999999999989e+02 -7.3566452896262138e+02
778 3.4500698692351301e+02 2.6950000000000000e+02 -3.0320288573118751e+02
779 3.9850618633570389e+02 2.6950000000000000e+02 -3.8466189968360152e+02
780 4.8830253301120513e+02 2.6949999999999989e+02 -7.3397808670760719e+02
781 1.3079682909838681e+02 2.6950000000000011e+02 -6.2637378934797434e+00
782 2.6124988101604907e+02 2.6950000000000000e+02 -3.4482113305969591e+02
783 3.2288298405263482e+01 2.6950000000000011e+02 -1.0301558025069561e+02
784 3.5172867199058743e+01 2.6950000000000011e+02 -1.4644691724512791e+02
785 3.8327253809595908e+02 2.6949999999999989e+02 -5.5907556232416209e+02
786 3.7978740473853129e+01 2.6950000000000000e+02 -4.3463723915879223e+02
787 5.5379980006962217e+02 2.6950000000000000e+02 -2.7994045892899487e+02
788 5.7378262624195918e+02 2.6950000000000011e+02 -4.8779639026168240e+01
789 1.8368612881668480e+02 2.6949999999999989e+02 -5.9723207877509549e+02
790 2.1006052288623900e+02 2.6949999999999989e+02 -5.1493790797730185e+02
791 5.2009041490426125e+02 2.6950000000000011e+02 -1.0300476690243541e+02
792 7.9544876103132722e+01 2.6950000000000011e+02 -4.1968729696154298e+01
793 1.5594594976434121e+02 2.6950000000000011e+02 -2.2894944383895049e+02
794 2.0344063956296401e+02 2.6950000000000000e+02 -4.1154519909886858e+02
795 5.1560812206710932e+02 2.6950000000000011e+02 -2.6611729649123959e+00
796 1.0569919338778659e+02 2.6949999999999989e+02 -6.5128226773856477e+02
797 4.7786866434133492e+02 2.6950000000000011e+02 -7.9680680920587520e+01
798 4.5041515565472019e+02 2.6950000000000011e+02 -7.5620302574691721e+01
799 1.7162355121533491e+02 2.6950000000000011e+02 -9.3477631272052349e+01
800 1.0554039976793371e+02 2.6950000000000011e+02 -4.8362201844831247e+00
801 3.8551055696873487e+02 2.6950000000000011e+02 -6.6410779213214369e+01
802 4.0709912628906523e+02 2.6949999999999989e+02 -6.5059103616485163e+02
803 4.6996527820351292e+02 2.6950000000000011e+02 -1.3638536650446090e+02
804 4.4117758637410347e+01 2.6949999999999989e+02 -6.7830651887758268e+02
805 3.6932622931895217e+01 2.6950000000000000e+02 -3.3208719902911372e+02
806 1.2420178541566700e+02 2.6950000000000011e+02 -1.4632099160290750e+02
807 3.3036834756050172e+02 2.6950000000000000e+02 -4.3776850099144423e+02
808 5.6031494836680110e+02 2.6950000000000000e+02 -4.2021967612208732e+02
809 2.6886424888495992e+02 2.6950000000000011e+02 -2.3316843465093359e+02
810 4.9907187900503970e+02 2.6950000000000000e+02 -2.8087306437940828e+02
811 1.0787527621115269e+02 2.6950000000000000e+02 -4.6149470292062978e+02
812 4.2039373350339821e+02 2.6950000000000000e+02 -2.5985454873163889e+02
813 1.1446614394060560e+02 2.6950000000000000e+02 -3.0182739688664719e+02
814 2.9637960574953172e+02 2.6950000000000011e+02 -7.7422812450711831e+01
815 3.4060563506425069e+02 2.6950000000000011e+02 -9.8020082537591463e+01
816 2.2150452376662440e+02 2.6949999999999989e+02 -5.6481231065476686e+02
817 5.6666599612867276e+02 2.6949999999999989e+02 -6.0590550650541570e+02
818 3.6872512697757230e+01 2.6949999999999989e+02 -6.0177887511397546e+02
819 1.9417388472772100e+02 2.6950000000000000e+02 -3.5345841208635147e+02
820 1.7200247342068479e+02 2.6950000000000011e+02 -4.2754389580179009e+00
821 1.6717223082372419e+02 2.6949999999999989e+02 -5.0856676467899553e+02
822 1.0107882214595929e+02 2.6949999999999989e+02 -5.3840502730426010e+02
823 5.0459378547967316e+02 2.6950000000000011e+02 -1.9789975458214249e+02
824 1.9850726474847181e+02 2.6950000000000011e+02 -5.6418963767687728e+01
825 5.7702605443038817e+02 2.6950000000000011e+02 -1.0862262978373251e+02
826 5.3099682436461717e+02 2.6950000000000011e+02 -1.2734562269778510e+02
827 4.0599041675986520e+01 2.6950000000000000e+02 -2.5201267091571012e+02
828 2.6836399789622533e+02 2.6950000000000011e+02 -1.4885019481638511e+02
829 4.2574418716592760e+01 2.6950000000000011e+02 -1.9684823522573581e+02
830 2.7233653354911291e+02 2.6950000000000011e+02 -9.9473594236465033e+00
831 1.3815128114236811e+02 2.6950000000000011e+02 -3.7323233801486033e+01
832 3.9182633418355709e+02 2.6950000000000011e+02 -2.1731976485102160e+02
833 4.9457861084390379e+02 2.6950000000000000e+02 -4.2578535527363050e+02
834 5.6560815797576788e+02 2.6950000000000011e+02 -2.3642734731999059e+02
835 1.7060507637770789e+02 2.6949999999999989e+02 -6.7890696712733290e+02
836 5.5954908531550109e+02 2.6949999999999989e+02 -6.8282973850265603e+02
837 3.5423012938893379e+02 2.6950000000000011e+02 -1.4510998949517781e+01
838 1.0803827160118470e+02 2.6949999999999989e+02 -6.1296107529284404e+02
839 3.0560987728283823e+02 2.6949999999999989e+02 -7.4130179813666041e+02
840 5.7692973527223444e+02 2.6950000000000011e+02 -1.8881290456772599e+00
841 5.6172850762519079e+02 2.6950000000000000e+02 -3.2932112260146658e+02
842 9.9143197229911536e+01 2.6950000000000011e+02 -1.0247576821642920e+02
843 1.9683412735260171e+02 2.6950000000000011e+02 -1.2379822426088190e+02
844 2.7050895131656608e+02 2.6950000000000000e+02 -4.8475727110358969e+02
845 4.5687375057217810e+02 2.6950000000000000e+02 -5.0083749595725322e+02
846 4.2235515918131438e+02 2.6950000000000011e+02 -1.8545358983321620e+02
847 3.4615384615384619e+02 2.6949999999999989e+02 -7.4785613457533987e+02
848 5.3516814866221591e+02 2.6950000000000011e+02 -3.7733813419292858e+01
849 1.7211088005035779e+02 2.6950000000000011e+02 -1.8696734465969001e+02
850 4.9963804411448422e+02 2.6949999999999989e+02 -5.5140337891481931e+02
851 4.1795434321683689e+02 2.6950000000000011e+02 -7.7884623509092421e+00
852 3.3411389951245218e+02 2.6949999999999989e+02 -5.6410789029609339e+02
853 3.1540892567783402e+02 2.6949999999999989e+02 -6.1242614562542406e+02
854 2.9698498696382541e+02 2.6949999999999989e+02 -6.9357840950386594e+02
855 2.6995134544730251e+02 2.6950000000000000e+02 -3.0791001142013488e+02
856 3.3748369749069627e+02 2.6950000000000000e+02 -2.6234567028626032e+02
857 3.2165368113496379e+02 2.6950000000000000e+02 -3.8617358987347251e+02
858 4.8539446266275411e+02 2.6950000000000011e+02 -8.2033433163989571e+00
859 9.2874432808228136e+01 2.6950000000000011e+02 -1.9064690853521279e+02
860 2.7306384524671438e+02 2.6949999999999989e+02 -6.1644701461596310e+02
861 2.4606582790742331e+02 2.6950000000000011e+02 -1.9770300371653801e+02
862 4.4426454931431527e+02 2.6950000000000011e+02 -4.6806115850019182e+01
863 1.6213651131089799e+02 2.6949999999999989e+02 -7.4794065895745041e+02
864 1.2575643787152570e+02 2.6949999999999989e+02 -6.8515153797352059e+02
865 5.9010095318772017e+01 2.6950000000000011e+02 -5.6692597068127952e+01
866 1.0418444213902460e+02 2.6950000000000011e+02 -4.7158511323996890e+01
867 3.1879038644998599e+02 2.6950000000000011e+02 -1.8428575135465971e+02
868 1.4254744594513741e+02 2.6949999999999989e+02 -5.3597119904852116e+02
869 1.7186219629543459e+02 2.6950000000000011e+02 -3.2888120035246459e+01
870 8.8174674588156790e+01 2.6950000000000000e+02 -2.5961599478071861e+02
871 4.9328112598171242e+02 2.6950000000000011e+02 -9.9128999955494521e+01
872 2.6001190950518122e+02 2.6950000000000011e+02 -1.0418730011249470e+02
873 1.2399560277345580e+02 2.6950000000000000e+02 -3.4601340992507721e+02
874 5.7024727446739575e+02 2.6949999999999989e+02 -5.6624206343180663e+02
875 6.4660656091997268e+01 2.6950000000000011e+02 -8.5419855101456221e+01
876 5.0832210837771197e+02 2.6949999999999989e+02 -6.3365542698981199e+02
877 3.9119103308087460e+02 2.6949999999999989e+02 -6.0585946246570393e+02
878 4.9768744111047579e+02 2.6950000000000000e+02 -4.7384218736991181e+02
879 4.5361309672162969e+02 2.6950000000000011e+02 -3.2022779530475418e+00
880 1.4989391494906931e+02 2.6950000000000011e+02 1.0619687098602530e-01
881 8.5175739550252146e+01 2.6950000000000011e+02 3.4304770180629021e+00
882 5.2527237672069907e+02 2.6950000000000000e+02 -3.4864933523362441e+02
883 3.7792504231941606e+01 2.6950000000000000e+02 -4.7894065332864523e+02
884 3.3557653638398051e+02 2.6950000000000000e+02 -4.8746822185878392e+02
885 4.0667694800822642e+02 2.6950000000000011e+02 -1.3085845334286651e+02
886 5.6592243439924960e+02 2.6950000000000000e+02 -4.5979135547097269e+02
887 2.5603749681702152e+02 2.6950000000000000e+02 -4.1069660856745622e+02
888 1.9613059957150591e+02 2.6950000000000011e+02 2.1718378155973710e+00
889 3.1790007939137791e+02 2.6950000000000011e+02 -6.9133193824490604e+00
890 3.5271730038665748e+02 2.6949999999999989e+02 -6.9023696601163942e+02
891 4.3846153846153823e+02 2.6949999999999989e+02 -7.5247586126971578e+02
892 5.6541685474439021e+02 2.6949999999999989e+02 -7.5136060414918495e+02
893 2.4281256042854440e+02 2.6949999999999989e+02 -7.4179675374284329e+02
894 5.2714020844569507e+02 2.6950000000000000e+02 -4.0857330724578668e+02
895 4.8589291662290941e+02 2.6950000000000011e+02 -3.4340437450538047e+01
896 3.9579920509930560e+02 2.6949999999999989e+02 -5.1636830488908356e+02
897 1.7326962688340380e+01 2.6950000000000011e+02 3.1196140267393839e+00
898 4.1661961251230480e+02 2.6950000000000011e+02 -3.9413676816256732e+01
899 2.6246111397008491e+02 2.6949999999999989e+02 -6.9306870725748354e+02
900 5.7081430866727601e+02 2.6949999999999989e+02 -5.2319791539995981e+02
901 2.6663538249146239e+01 2.6950000000000000e+02 -2.9330453726724397e+02
902 1.1236060060267810e+02 2.6950000000000011e+02 -2.2754809331901629e+02
903 5.3076923076923038e+02 2.6949999999999989e+02 -7.5411458821691417e+02
904 5.5387737471531943e+02 2.6950000000000011e+02 -3.6241689897787808e+01
905 2.8568820000681802e+02 2.6950000000000000e+02 -3.7053267121236229e+02
906 4.1107951359614937e+01 2.6950000000000011e+02 4.3820642798421554e+00
907 3.7799592830196491e+02 2.6950000000000000e+02 -4.3012745102318462e+02
908 4.6857412949996831e+02 2.6949999999999989e+02 -5.3553728580531333e+02
909 1.8534324686832520e+02 2.6949999999999989e+02 -7.1053751661151330e+02
910 1.5426214175511729e+01 2.6950000000000011e+02 -1.7449648035633519e+01
911 2.8205183098087417e+02 2.6950000000000000e+02 -4.4487320288753477e+02
912 2.1213655956546509e+02 2.6950000000000000e+02 -2.8080619196478739e+02
913 2.3123425505941040e+02 2.6950000000000000e+02 -4.8315795535578508e+02
914 1.2027417161305959e+02 2.6950000000000000e+02 -4.1635577696957398e+02
915 1.6497000292260019e+01 2.6950000000000011e+02 -7.4069887303285952e+01
916 5.5746430035610410e+02 2.6950000000000011e+02 -3.0289813903004870e-01
917 1.4996752174821390e+02 2.6950000000000011e+02 -7.9497049129933202e+01
918 9.6915362000071525e+01 2.6950000000000011e+02 -2.7183053303963788e+01
919 3.0711721506103800e+01 2.6949999999999989e+02 -5.6837400371264459e+02
920 1.8811662586545000e+02 2.6950000000000000e+02 -3.0680675642167569e+02
921 2.1867775323881821e+02 2.6950000000000011e+02 -3.5114245994223502e+01
922 4.1882344962303267e+02 2.6949999999999989e+02 -5.7557120841959807e+02
923 4.2594065268743111e+02 2.6949999999999989e+02 -6.9038793395519838e+02
924 7.8850254357171153e+01 2.6949999999999989e+02 -7.4861400139927684e+02
925 4.6279390024270612e+02 2.6949999999999989e+02 -6.9135727430764496e+02
926 1.4706705653564131e+02 2.6950000000000000e+02 -4.7581145967032302e+02
927 3.0275310226826070e+02 2.6950000000000011e+02 -1.5741110853879590e+02
928 4.9151190340518639e+02 2.6950000000000011e+02 -1.6098604689768851e+02
929 2.5322507033212489e+02 2.6949999999999989e+02 -5.8505662882824538e+02
930 4.1004500247636253e+02 2.6950000000000000e+02 -3.4128609640503731e+02
931 4.3959700129183739e+02 2.6950000000000000e+02 -3.2236321962447118e+02
932 3.5158639336735268e+02 2.6950000000000000e+02 -3.7074343508223433e+02
933 6.8869831245305619e+01 2.6950000000000000e+02 -4.5909991121490350e+02
934 2.1932855956224489e+02 2.6950000000000011e+02 -3.1217922923249830e+00
935 2.7104996992060979e+01 2.6949999999999989e+02 -7.5281846811678020e+02
936 3.5311262818481481e+02 2.6950000000000011e+02 -2.3374272212427991e+02
937 1.5208140952392529e+02 2.6950000000000000e+02 -2.8998401601792159e+02
938 1.2590725334194219e+02 1.4136404467532830e+02 -3.1389123450537692e-14
939 1.5260300080593881e+01 8.6010941868104510e+01 -1.9098265606333069e-14
940 1.8645954471622641e+01 1.7955720447422479e+02 -3.9869708528922257e-14
941 8.0847216630851563e+01 1.6230334823726761e+01 -3.6038582837353807e-15
942 8.0557277301285126e+01 2.3051207164019351e+02 -5.1183961877797219e-14
943 1.2646459548584529e+02 8.3440644170349344e+01 -1.8527544869495309e-14
944 1.2569290874965461e+02 1.7997258585864250e+02 -3.9961941724318501e-14
945 1.6421174002528009e+01 1.4221153846153831e+02 -3.1577304873473112e-14
946 4.3647555616774639e+01 1.5052113791047731e+01 -3.3422406600198019e-15
947 4.5233323166388118e+01 2.3001443413782869e+02 -5.1073464155188742e-14
948 1.2680623364461349e+02 4.6568366117753129e+01 -1.0340254456620690e-14
949 1.9914017604388391e+01 4.6786552142546007e+01 -1.0388701486295990e-14
950 1.2624074408963450e+02 2.1751497554686441e+02 -4.8298026810581277e-14
951 1.1632279537291130e+02 1.5612639829248280e+01 -3.4667024427222360e-15
952 1.5805357058572101e+01 2.1813874496988021e+02 -4.8436531445679142e-14
953 1.2556836986568770e+02 1.9911492978604790e+02 -4.4212395919018278e-14
954 1.0852603779997220e+02 1.8951627143855879e+02 -4.2081065618439731e-14
955 1.0862939279508710e+02 1.6983790772304090e+02 -3.7711591121656477e-14
956 9.1399839115483815e+01 1.7935465804566959e+02 -3.9824734187214743e-14
957 9.1597485891059819e+01 1.5938152035787320e+02 -3.5389806720214739e-14
958 7.4283638556824712e+01 1.6904178862829701e+02 -3.7534817171790797e-14
959 7.4652894942397324e+01 1.4904553071979021e+02 -3.3094755984517377e-14
960 7.3949971131586494e+01 1.8903490569971609e+02 -4.1974180953133958e-14
961 5.7199778154657452e+01 1.5872103847918669e+02 -3.5243150282401662e-14
962 5.7558689979878523e+01 1.3872526523311700e+02 -3.0803196711807601e-14
963 7.5058450375643588e+01 1.2904495070452299e+02 -2.8653735096755922e-14
964 5.7930720347605757e+01 1.1872811173972330e+02 -2.6362936664741801e-14
965 7.5432645183822615e+01 1.0904747681615370e+02 -2.4213403907714329e-14
966 5.8299717439183723e+01 9.8731245815385989e+01 -2.1922740470833501e-14
967 7.5801133676206746e+01 8.9050663612485948e+01 -1.9773219420146278e-14
968 5.8667255177006382e+01 7.8734543485908091e+01 -1.7482580602281131e-14
969 7.6168415593656277e+01 6.9053989720559770e+01 -1.5333065865998851e-14
970 5.9034348621001868e+01 5.8737891640560861e+01 -1.3042431943457620e-14
971 9.2566983397020749e+01 1.1936366621803541e+02 -2.6504058107786940e-14
972 4.1821402460667287e+01 1.0843053402745160e+02 -2.4076415089935620e-14
973 7.6249913104338248e+01 4.9531574467539087e+01 -1.0998218883959470e-14
974 9.3277697524057317e+01 6.0024294243685858e+01 -1.3328070701243040e-14
975 4.2018040561123478e+01 6.8427322873798005e+01 -1.5193917873590020e-14
976 9.2030856660190693e+01 3.7556805667159239e+01 -8.3392860766105374e-15
977 4.2005159593511053e+01 4.7301621021387120e+01 -1.0503069752007450e-14
978 3.6327427939558447e+01 1.4710046162328300e+02 -3.2662863885431552e-14
979 3.7460530957177070e+01 1.6894576523519549e+02 -3.7513495695406022e-14
980 9.1260537240112399e+01 1.9895863849257029e+02 -4.4177692280504839e-14
981 7.2990761841080257e+01 2.1164497384683659e+02 -4.6994624602189358e-14
982 5.6470329648237232e+01 1.9871685699159929e+02 -4.4124006002643558e-14
983 5.6449813552455339e+01 1.7881058188455830e+02 -3.9703925010971658e-14
984 3.7403065814281490e+01 1.8892106936114729e+02 -4.1948904208310343e-14
985 3.6900654747852059e+01 2.1081674998317189e+02 -4.6810721961592427e-14
986 9.1982949911068545e+01 1.3936229703433969e+02 -3.0944646186434781e-14
987 1.0926984908057941e+02 1.3044690868727150e+02 -2.8965032303156778e-14
988 1.0949785673717361e+02 1.1106039626043120e+02 -2.4660361810464849e-14
989 9.2481343792882626e+01 9.9589818843315925e+01 -2.2113381979619491e-14
990 4.0432520172561787e+01 1.2840836183691960e+02 -2.8512383973149248e-14
991 2.6224596592704760e+01 1.1623962232324089e+02 -2.5810381015398840e-14
992 4.1985391162806543e+01 8.8430102860690340e+01 -1.9635427253181839e-14
993 6.0628758843304240e+01 3.8639558814727792e+01 -8.5797055714937309e-15
994 9.2803182640863270e+01 7.9509156522408574e+01 -1.7654579247940660e-14
995 1.0962777103579550e+02 7.2018321556398803e+01 -1.5991279757354410e-14
996 1.0893271049740790e+02 2.0842846432145399e+02 -4.6280416015388177e-14
997 1.8125838682054681e+01 1.9927101274678861e+02 -4.4247053298371499e-14
998 1.2554358649076779e+02 1.6052988403437789e+02 -3.5644794679074478e-14
999 1.8142514561814210e+01 1.6002685394006579e+02 -3.5533099560517561e-14
1000 1.6421174002528119e+01 6.6365384615384613e+01 -1.4736075607620812e-14
1001 1.5713526769072928e+01 2.7119774310294218e+01 -6.0217995723852868e-15
1002 1.1176965322514660e+02 2.2876229727186939e+02 -5.0795433919474729e-14
1003 6.1983950719784048e+01 1.8682532030021999e+01 -4.1483554436054717e-15
1004 9.8988838952337233e+01 1.7030488662193189e+01 -3.7815281266769062e-15
1005 6.2971166907961560e+01 2.3015878596515330e+02 -5.1105516699657242e-14
1006 1.0867806832110520e+02 1.5001228947139009e+02 -3.3309419549574208e-14
1007 1.2652434789813709e+02 1.2289527521631990e+02 -2.7288232832560700e-14
1008 1.2591445007305421e+02 1.0260331388566560e+02 -2.2782512295741569e-14
1009 2.7345260811811610e+01 2.3089582380158060e+02 -5.1269171974861543e-14
1010 2.6736679866452729e+01 1.4422571723322189e+01 -3.2024542403079979e-15
1011 3.2838302369537018e+01 2.9938712450574769e+01 -6.6477295780519779e-15
1012 1.2768612742218468e+02 2.8365723173822399e+01 -6.2984557955441880e-15
1013 1.0946486662760231e+02 9.1370275206428289e+01 -2.0288276660102731e-14
1014 9.1932570633909449e+01 2.1742165691594460e+02 -4.8277305912046562e-14
1015 1.2611944625509518e+02 6.4646984378644078e+01 -1.4354514105950679e-14
1016 1.1178144659843190e+02 3.4079552999246118e+01 -7.5671808817392575e-15
1017 1.3596109713065520e+01 1.0538094530103430e+02 -2.3399270365994461e-14
1018 7.4348139191693804e+01 3.2128161160634988e+01 -7.1338848518809187e-15
1019 5.4702834591386932e+01 2.1603078923690629e+02 -4.7968471247751512e-14
1020 1.0994057528636399e+02 5.2482387493814542e+01 -1.1653430996586440e-14
1021 9.5820754905425360e+01 2.3353694884714409e+02 -5.1855619542161298e-14
1022 2.9844610698908241e+01 5.9372609798928323e+01 -1.3183367686171060e-14
1023 1.2857938675214851e+02 2.3243967606782161e+02 -5.1611976041381622e-14
1024 2.9541746630918059e+01 7.8000184371961836e+01 -1.7319520122951839e-14
1025 2.8071591106792539e+01 9.7082055125413945e+01 -2.1556546575632619e-14
1026 1.2954730484201789e+02 1.3151975410413259e+01 -2.9203251839889319e-15
1027 1.2048955167481269e+01 1.2100776899030990e+01 -2.6869122258312749e-15
1028 1.2748522292414011e+01 2.3340501371860310e+02 -5.1826324058668662e-14
1029 1.3800298935770570e+01 1.2373240458023710e+02 -2.7474112891442841e-14
1030 2.6641203528624711e+01 1.3153847776504381e+02 -2.9207409327779117e-14
1031 4.8220745428582177e+01 2.9922907621551872e+01 -6.6442202010356810e-15
1032 5.3576995981798996e+02 2.3060647811717291e+02 -4.9751471862576210e+01
1033 5.3633968445836729e+02 1.5832744920250150e+01 -4.9751471862576160e+01
1034 5.0592976434466271e+02 1.2406014277078491e+02 -4.9751471862576189e+01
1035 5.0726364486539444e+02 1.6101104739710470e+02 -4.9751471862576203e+01
1036 5.0702117400252797e+02 8.5326923076923208e+01 -4.9751471862576167e+01
1037 5.6473635513460545e+02 1.0445049106443420e+02 -4.9751471862576182e+01
1038 5.6529821012060393e+02 1.4189022592609430e+02 -4.9751471862576189e+01
1039 5.6497882599747209e+02 1.8013461538461550e+02 -4.9751471862576203e+01
1040 5.6481560848660638e+02 6.5941764426406394e+01 -4.9751471862576167e+01
1041 5.1033689390256308e+02 4.5430328541116687e+01 -4.9751471862576167e+01
1042 5.0702117400252797e+02 1.9909615384615390e+02 -4.9751471862576203e+01
1043 5.6600852993531555e+02 2.1949506481545600e+02 -4.9751471862576210e+01
1044 5.6641432101447003e+02 2.8116847405914712e+01 -4.9751471862576167e+01
1045 5.6453821806212898e+02 8.5149830618102214e+01 -4.9751471862576167e+01
1046 5.4753268235033363e+02 9.4923340966760406e+01 -4.9751471862576182e+01
1047 5.4793530588776662e+02 1.1466074839737750e+02 -4.9751471862576182e+01
1048 5.3051230751840467e+02 1.0507327260413290e+02 -4.9751471862576182e+01
1049 5.3308287896461218e+02 1.2489575085546480e+02 -4.9751471862576189e+01
1050 5.3018802566617887e+02 8.5079853832592676e+01 -4.9751471862576167e+01
1051 5.4740311694589627e+02 7.5139338346678244e+01 -4.9751471862576167e+01
1052 5.4809959592732946e+02 5.5477630320268297e+01 -4.9751471862576167e+01
1053 5.3060850153759691e+02 6.5116130938975289e+01 -4.9751471862576167e+01
1054 5.3081369802684185e+02 4.5889053737132372e+01 -4.9751471862576167e+01
1055 5.0743457901939348e+02 1.8024110447860701e+02 -4.9751471862576203e+01
1056 5.2446278382992034e+02 1.7052643026730709e+02 -4.9751471862576203e+01
1057 5.2329906254390153e+02 1.5190468714368461e+02 -4.9751471862576189e+01
1058 5.3933714167058213e+02 1.6079294484423750e+02 -4.9751471862576203e+01
1059 5.4181197433382124e+02 1.8038168462894660e+02 -4.9751471862576203e+01
1060 5.2460853068454367e+02 1.9016150986248729e+02 -4.9751471862576203e+01
1061 5.4208901186209437e+02 2.0032186068503751e+02 -4.9751471862576203e+01
1062 5.2573399260258839e+02 2.1240145019890579e+02 -4.9751471862576203e+01
1063 5.0668358955039758e+02 2.7116135868683610e+01 -4.9751471862576167e+01
1064 5.0640047202615978e+02 1.4291464136578119e+02 -4.9751471862576189e+01
1065 5.6292140776764109e+02 2.0027621062177371e+02 -4.9751471862576203e+01
1066 5.0622877719585676e+02 2.1854933701389010e+02 -4.9751471862576210e+01
1067 5.6619884792716459e+02 1.6054036816245349e+02 -4.9751471862576203e+01
1068 5.0591775436484710e+02 1.0461757069014440e+02 -4.9751471862576182e+01
1069 5.0623559632549984e+02 6.5533073602689853e+01 -4.9751471862576167e+01
1070 5.6497882599747231e+02 1.2325000000000010e+02 -4.9751471862576189e+01
1071 5.6540226005132604e+02 4.7403846153846303e+01 -4.9751471862576167e+01
1072 5.4994407189856815e+02 1.3290176963781329e+02 -4.9751471862576189e+01
1073 5.4678117942271876e+02 3.3801653614926408e+01 -4.9751471862576167e+01
1074 5.1797415941526151e+02 1.4518362775786610e+01 -4.9751471862576160e+01
1075 5.5416000000000008e+02 2.3167058686036879e+02 -4.9751471862576210e+01
1076 5.5436324011025715e+02 1.5176475347281670e+01 -4.9751471862576160e+01
1077 5.1784000000000003e+02 2.3167058686036921e+02 -4.9751471862576210e+01
1078 5.4778048366427151e+02 2.1579527521645241e+02 -4.9751471862576203e+01
1079 5.2551565446470772e+02 2.9760682628568251e+01 -4.9751471862576167e+01
1080 5.5181140408164822e+02 1.5172873254875989e+02 -4.9751471862576189e+01
1081 5.5291849694846405e+02 1.7020220394593809e+02 -4.9751471862576203e+01
1082 5.1908150305153629e+02 9.5259334515601040e+01 -4.9751471862576182e+01
1083 5.2078613476195085e+02 1.3527248870105879e+02 -4.9751471862576189e+01
1084 5.0280575543917138e+02 2.3415167708254421e+02 -4.9751471862576210e+01
1085 5.0329197156009428e+02 1.2701280264334970e+01 -4.9751471862576160e+01
1086 5.6832425576598655e+02 1.3307606142598560e+01 -4.9751471862576160e+01
1087 5.6924170598706314e+02 2.3434082264285720e+02 -4.9751471862576210e+01
1088 5.1962587765992180e+02 1.1527196266467220e+02 -4.9751471862576182e+01
1089 5.1883582138631539e+02 7.5127018884313316e+01 -4.9751471862576167e+01
1090 5.5300361750319303e+02 1.8917370637544491e+02 -4.9751471862576203e+01
1091 5.3660388906429500e+02 1.4323858242779471e+02 -4.9751471862576189e+01
1092 5.1961786982700710e+02 5.6983697237948832e+01 -4.9751471862576167e+01
$EndNodes
$Elements
2077
1 2 2 1 1 219 218 297
2 2 2 1 1 296 223 298
3 2 2 1 1 214 295 299
4 2 2 1 1 214 213 295
5 2 2 1 1 224 223 296
6 2 2 1 1 223 222 298
7 2 2 1 1 215 214 299
8 2 2 1 1 221 220 300
9 2 2 1 1 217 216 301
10 2 2 1 1 209 210 295
11 2 2 1 1 212 211 296
12 2 2 1 1 295 33 299
13 2 2 1 1 26 296 298
14 2 2 1 1 33 32 299
15 2 2 1 1 27 26 298
16 2 2 1 1 297 218 304
17 2 2 1 1 219 297 302
18 2 2 1 1 30 29 297
19 2 2 1 1 1 33 306
20 2 2 1 1 26 2 307
21 2 2 1 1 298 222 303
22 2 2 1 1 215 299 305
23 2 2 1 1 300 220 302
24 2 2 1 1 217 301 304
25 2 2 1 1 221 300 303
26 2 2 1 1 301 216 305
27 2 2 1 1 209 295 309
28 2 2 1 1 296 211 308
29 2 2 1 1 220 219 302
30 2 2 1 1 218 217 304
31 2 2 1 1 222 221 303
32 2 2 1 1 216 215 305
33 2 2 1 1 19 224 308
34 2 2 1 1 213 18 309
35 2 2 1 1 297 29 313
36 2 2 1 1 30 297 312
37 2 2 1 1 296 26 307
38 2 2 1 1 33 295 306
39 2 2 1 1 295 213 309
40 2 2 1 1 224 296 308
41 2 2 1 1 299 32 310
42 2 2 1 1 27 298 311
43 2 2 1 1 297 304 312
44 2 2 1 1 302 297 313
45 2 2 1 1 295 210 306
46 2 2 1 1 212 296 307
47 2 2 1 1 29 28 313
48 2 2 1 1 31 30 312
49 2 2 1 1 28 300 313
50 2 2 1 1 301 31 312
51 2 2 1 1 32 31 310
52 2 2 1 1 28 27 311
53 2 2 1 1 305 299 310
54 2 2 1 1 298 303 311
55 2 2 1 1 300 28 311
56 2 2 1 1 31 301 310
57 2 2 1 1 2 212 307
58 2 2 1 1 210 1 306
59 2 2 1 1 303 300 311
60 2 2 1 1 301 305 310
61 2 2 1 1 18 209 309
62 2 2 1 1 211 19 308
63 2 2 1 1 304 301 312
64 2 2 1 1 300 302 313
65 2 2 1 2 37 36 44
66 2 2 1 2 38 37 45
67 2 2 1 2 36 43 44
68 2 2 1 2 38 45 46
69 2 2 1 2 6 41 314
70 2 2 1 2 48 3 315
71 2 2 1 2 45 37 44
72 2 2 1 2 41 34 314
73 2 2 1 2 40 48 315
74 2 2 1 2 5 6 314
75 2 2 1 2 3 4 315
76 2 2 1 2 4 40 315
77 2 2 1 2 34 5 314
78 2 2 1 2 42 35 34
79 2 2 1 2 41 42 34
80 2 2 1 2 36 35 43
81 2 2 1 2 35 42 43
82 2 2 1 2 39 38 46
83 2 2 1 2 40 39 47
84 2 2 1 2 39 46 47
85 2 2 1 2 40 47 48
86 2 2 1 3 89 72 71
87 2 2 1 3 9 317 56
88 2 2 1 3 77 60 59
89 2 2 1 3 5 72 89
90 2 2 1 3 81 63 80
91 2 2 1 3 8 5 55
92 2 2 1 3 35 54 34
93 2 2 1 3 87 69 86
94 2 2 1 3 88 71 70
95 2 2 1 3 8 72 5
96 2 2 1 3 87 70 69
97 2 2 1 3 89 71 88
98 2 2 1 3 80 63 62
99 2 2 1 3 77 59 76
100 2 2 1 3 88 70 87
101 2 2 1 3 78 61 60
102 2 2 1 3 55 5 34
103 2 2 1 3 62 61 79
104 2 2 1 3 78 60 77
105 2 2 1 3 80 62 79
106 2 2 1 3 56 318 57
107 2 2 1 3 74 318 73
108 2 2 1 3 79 61 78
109 2 2 1 3 73 317 10
110 2 2 1 3 57 318 74
111 2 2 1 3 10 317 9
112 2 2 1 3 40 316 49
113 2 2 1 3 56 317 73
114 2 2 1 3 73 318 56
115 2 2 1 3 7 316 4
116 2 2 1 3 4 316 40
117 2 2 1 3 49 316 7
118 2 2 1 3 81 64 63
119 2 2 1 3 65 64 82
120 2 2 1 3 82 64 81
121 2 2 1 3 66 65 83
122 2 2 1 3 83 65 82
123 2 2 1 3 67 66 84
124 2 2 1 3 84 66 83
125 2 2 1 3 85 68 67
126 2 2 1 3 85 67 84
127 2 2 1 3 86 69 68
128 2 2 1 3 86 68 85
129 2 2 1 3 34 54 55
130 2 2 1 3 36 53 35
131 2 2 1 3 35 53 54
132 2 2 1 3 37 52 36
133 2 2 1 3 36 52 53
134 2 2 1 3 38 51 37
135 2 2 1 3 37 51 52
136 2 2 1 3 39 50 38
137 2 2 1 3 38 50 51
138 2 2 1 3 40 49 39
139 2 2 1 3 39 49 50
140 2 2 1 3 75 58 57
141 2 2 1 3 75 57 74
142 2 2 1 3 76 59 58
143 2 2 1 3 76 58 75
144 2 2 1 4 92 93 335
145 2 2 1 4 225 226 367
146 2 2 1 4 231 232 365
147 2 2 1 4 323 342 344
148 2 2 1 4 91 352 365
149 2 2 1 4 250 367 372
150 2 2 1 4 329 231 365
151 2 2 1 4 226 330 367
152 2 2 1 4 337 326 339
153 2 2 1 4 107 108 337
154 2 2 1 4 322 364 383
155 2 2 1 4 109 110 334
156 2 2 1 4 90 91 365
157 2 2 1 4 250 251 367
158 2 2 1 4 322 332 362
159 2 2 1 4 227 228 336
160 2 2 1 4 339 322 383
161 2 2 1 4 334 110 343
162 2 2 1 4 332 357 362
163 2 2 1 4 230 332 368
164 2 2 1 4 337 339 383
165 2 2 1 4 332 230 357
166 2 2 1 4 330 226 346
167 2 2 1 4 11 90 365
168 2 2 1 4 251 20 367
169 2 2 1 4 332 322 348
170 2 2 1 4 231 329 357
171 2 2 1 4 336 321 358
172 2 2 1 4 92 335 352
173 2 2 1 4 335 93 351
174 2 2 1 4 112 113 347
175 2 2 1 4 232 11 365
176 2 2 1 4 20 225 367
177 2 2 1 4 342 319 344
178 2 2 1 4 105 106 345
179 2 2 1 4 339 319 348
180 2 2 1 4 342 323 356
181 2 2 1 4 354 328 373
182 2 2 1 4 367 330 372
183 2 2 1 4 337 108 369
184 2 2 1 4 328 338 373
185 2 2 1 4 227 336 346
186 2 2 1 4 107 337 375
187 2 2 1 4 352 329 365
188 2 2 1 4 110 111 343
189 2 2 1 4 340 106 375
190 2 2 1 4 321 342 356
191 2 2 1 4 346 336 358
192 2 2 1 4 326 337 369
193 2 2 1 4 22 240 347
194 2 2 1 4 322 339 348
195 2 2 1 4 319 339 381
196 2 2 1 4 323 344 359
197 2 2 1 4 338 325 370
198 2 2 1 4 331 360 378
199 2 2 1 4 341 331 378
200 2 2 1 4 324 375 383
201 2 2 1 4 106 340 345
202 2 2 1 4 106 107 375
203 2 2 1 4 339 326 381
204 2 2 1 4 343 111 379
205 2 2 1 4 324 340 375
206 2 2 1 4 325 343 379
207 2 2 1 4 340 324 355
208 2 2 1 4 344 320 359
209 2 2 1 4 357 329 362
210 2 2 1 4 324 351 355
211 2 2 1 4 325 338 353
212 2 2 1 4 229 230 368
213 2 2 1 4 244 245 349
214 2 2 1 4 246 247 350
215 2 2 1 4 325 347 363
216 2 2 1 4 330 341 372
217 2 2 1 4 109 334 369
218 2 2 1 4 342 321 377
219 2 2 1 4 226 227 346
220 2 2 1 4 375 337 383
221 2 2 1 4 321 336 377
222 2 2 1 4 91 92 352
223 2 2 1 4 93 94 351
224 2 2 1 4 320 344 361
225 2 2 1 4 96 12 345
226 2 2 1 4 230 231 357
227 2 2 1 4 328 359 380
228 2 2 1 4 325 363 370
229 2 2 1 4 343 325 353
230 2 2 1 4 341 330 358
231 2 2 1 4 351 324 364
232 2 2 1 4 356 331 386
233 2 2 1 4 336 228 376
234 2 2 1 4 340 355 385
235 2 2 1 4 349 328 354
236 2 2 1 4 347 325 379
237 2 2 1 4 320 361 382
238 2 2 1 4 348 319 374
239 2 2 1 4 243 244 354
240 2 2 1 4 359 320 380
241 2 2 1 4 94 95 355
242 2 2 1 4 334 326 369
243 2 2 1 4 326 334 361
244 2 2 1 4 336 327 377
245 2 2 1 4 247 248 360
246 2 2 1 4 338 328 380
247 2 2 1 4 364 324 383
248 2 2 1 4 361 334 382
249 2 2 1 4 108 109 369
250 2 2 1 4 323 333 366
251 2 2 1 4 333 323 371
252 2 2 1 4 344 319 381
253 2 2 1 4 240 241 363
254 2 2 1 4 111 112 379
255 2 2 1 4 334 343 382
256 2 2 1 4 361 344 381
257 2 2 1 4 327 336 376
258 2 2 1 4 244 349 354
259 2 2 1 4 331 341 386
260 2 2 1 4 350 247 360
261 2 2 1 4 328 349 371
262 2 2 1 4 228 229 376
263 2 2 1 4 322 335 364
264 2 2 1 4 335 322 362
265 2 2 1 4 351 94 355
266 2 2 1 4 321 356 386
267 2 2 1 4 241 242 370
268 2 2 1 4 331 350 360
269 2 2 1 4 331 356 366
270 2 2 1 4 349 245 384
271 2 2 1 4 246 350 384
272 2 2 1 4 242 243 373
273 2 2 1 4 249 250 372
274 2 2 1 4 319 342 374
275 2 2 1 4 330 346 358
276 2 2 1 4 350 331 366
277 2 2 1 4 359 328 371
278 2 2 1 4 248 249 378
279 2 2 1 4 356 323 366
280 2 2 1 4 323 359 371
281 2 2 1 4 243 354 373
282 2 2 1 4 12 105 345
283 2 2 1 4 360 248 378
284 2 2 1 4 363 241 370
285 2 2 1 4 355 95 385
286 2 2 1 4 245 246 384
287 2 2 1 4 347 240 363
288 2 2 1 4 332 348 387
289 2 2 1 4 329 352 362
290 2 2 1 4 335 351 364
291 2 2 1 4 95 96 385
292 2 2 1 4 370 242 373
293 2 2 1 4 352 335 362
294 2 2 1 4 345 340 385
295 2 2 1 4 112 347 379
296 2 2 1 4 353 338 380
297 2 2 1 4 249 372 378
298 2 2 1 4 333 350 366
299 2 2 1 4 348 374 387
300 2 2 1 4 349 333 371
301 2 2 1 4 374 342 377
302 2 2 1 4 341 358 386
303 2 2 1 4 333 349 384
304 2 2 1 4 350 333 384
305 2 2 1 4 96 345 385
306 2 2 1 4 327 374 377
307 2 2 1 4 320 353 380
308 2 2 1 4 327 368 387
309 2 2 1 4 229 368 376
310 2 2 1 4 343 353 382
311 2 2 1 4 338 370 373
312 2 2 1 4 368 332 387
313 2 2 1 4 358 321 386
314 2 2 1 4 353 320 382
315 2 2 1 4 326 361 381
316 2 2 1 4 372 341 378
317 2 2 1 4 368 327 376
318 2 2 1 4 374 327 387
319 2 2 1 4 2 41 6
320 2 2 1 4 26 41 2
321 2 2 1 4 33 3 48
322 2 2 1 4 12 97 104
323 2 2 1 4 12 104 105
324 2 2 1 4 119 13 233
325 2 2 1 4 27 42 26
326 2 2 1 4 26 42 41
327 2 2 1 4 43 27 28
328 2 2 1 4 43 42 27
329 2 2 1 4 44 28 29
330 2 2 1 4 44 43 28
331 2 2 1 4 45 29 30
332 2 2 1 4 45 44 29
333 2 2 1 4 31 46 30
334 2 2 1 4 46 45 30
335 2 2 1 4 31 32 47
336 2 2 1 4 46 31 47
337 2 2 1 4 32 33 48
338 2 2 1 4 47 32 48
339 2 2 1 4 97 98 103
340 2 2 1 4 97 103 104
341 2 2 1 4 98 99 102
342 2 2 1 4 98 102 103
343 2 2 1 4 99 101 102
344 2 2 1 4 239 113 114
345 2 2 1 4 115 238 114
346 2 2 1 4 238 239 114
347 2 2 1 4 115 116 237
348 2 2 1 4 115 237 238
349 2 2 1 4 116 117 236
350 2 2 1 4 116 236 237
351 2 2 1 4 117 118 235
352 2 2 1 4 117 235 236
353 2 2 1 4 118 119 234
354 2 2 1 4 118 234 235
355 2 2 1 4 119 233 234
356 2 2 1 4 3 33 1
357 2 2 1 4 6 100 2
358 2 2 1 4 100 6 101
359 2 2 1 4 13 21 233
360 2 2 1 4 239 22 113
361 2 2 1 4 113 22 347
362 2 2 1 4 99 100 101
363 2 2 1 5 256 257 388
364 2 2 1 5 211 212 388
365 2 2 1 5 388 100 390
366 2 2 1 5 100 99 390
367 2 2 1 5 23 254 389
368 2 2 1 5 256 388 390
369 2 2 1 5 97 12 252
370 2 2 1 5 253 23 389
371 2 2 1 5 255 256 390
372 2 2 1 5 2 100 393
373 2 2 1 5 211 388 395
374 2 2 1 5 389 254 391
375 2 2 1 5 390 99 394
376 2 2 1 5 255 390 391
377 2 2 1 5 252 253 392
378 2 2 1 5 98 97 392
379 2 2 1 5 254 255 391
380 2 2 1 5 253 389 392
381 2 2 1 5 388 257 395
382 2 2 1 5 100 388 393
383 2 2 1 5 97 252 392
384 2 2 1 5 389 98 392
385 2 2 1 5 257 19 395
386 2 2 1 5 391 390 394
387 2 2 1 5 98 389 394
388 2 2 1 5 388 212 393
389 2 2 1 5 99 98 394
390 2 2 1 5 212 2 393
391 2 2 1 5 19 211 395
392 2 2 1 5 389 391 394
393 2 2 1 6 91 90 397
394 2 2 1 6 96 95 396
395 2 2 1 6 253 252 402
396 2 2 1 6 258 259 403
397 2 2 1 6 270 271 402
398 2 2 1 6 260 261 403
399 2 2 1 6 92 398 417
400 2 2 1 6 399 94 417
401 2 2 1 6 397 90 405
402 2 2 1 6 96 396 406
403 2 2 1 6 396 95 415
404 2 2 1 6 91 397 416
405 2 2 1 6 270 402 407
406 2 2 1 6 403 261 408
407 2 2 1 6 398 92 416
408 2 2 1 6 94 399 415
409 2 2 1 6 93 92 417
410 2 2 1 6 94 93 417
411 2 2 1 6 402 271 418
412 2 2 1 6 260 403 419
413 2 2 1 6 401 396 415
414 2 2 1 6 397 400 416
415 2 2 1 6 253 402 418
416 2 2 1 6 403 259 419
417 2 2 1 6 265 266 404
418 2 2 1 6 11 258 405
419 2 2 1 6 252 12 406
420 2 2 1 6 400 398 416
421 2 2 1 6 399 401 415
422 2 2 1 6 258 403 405
423 2 2 1 6 402 252 406
424 2 2 1 6 400 397 413
425 2 2 1 6 396 401 414
426 2 2 1 6 398 400 412
427 2 2 1 6 401 399 411
428 2 2 1 6 407 396 414
429 2 2 1 6 397 408 413
430 2 2 1 6 409 398 412
431 2 2 1 6 399 410 411
432 2 2 1 6 90 11 405
433 2 2 1 6 12 96 406
434 2 2 1 6 404 266 410
435 2 2 1 6 265 404 409
436 2 2 1 6 396 402 406
437 2 2 1 6 403 397 405
438 2 2 1 6 269 270 407
439 2 2 1 6 261 262 408
440 2 2 1 6 264 265 409
441 2 2 1 6 266 267 410
442 2 2 1 6 402 396 407
443 2 2 1 6 397 403 408
444 2 2 1 6 404 399 417
445 2 2 1 6 398 404 417
446 2 2 1 6 259 24 419
447 2 2 1 6 23 253 418
448 2 2 1 6 271 23 418
449 2 2 1 6 24 260 419
450 2 2 1 6 263 264 412
451 2 2 1 6 267 268 411
452 2 2 1 6 262 263 413
453 2 2 1 6 268 269 414
454 2 2 1 6 95 94 415
455 2 2 1 6 92 91 416
456 2 2 1 6 408 262 413
457 2 2 1 6 269 407 414
458 2 2 1 6 264 409 412
459 2 2 1 6 410 267 411
460 2 2 1 6 399 404 410
461 2 2 1 6 404 398 409
462 2 2 1 6 411 268 414
463 2 2 1 6 263 412 413
464 2 2 1 6 401 411 414
465 2 2 1 6 412 400 413
466 2 2 1 7 86 104 87
467 2 2 1 7 103 102 88
468 2 2 1 7 118 74 73
469 2 2 1 7 115 77 76
470 2 2 1 7 105 104 86
471 2 2 1 7 119 118 73
472 2 2 1 7 115 114 77
473 2 2 1 7 101 6 420
474 2 2 1 7 80 79 421
475 2 2 1 7 112 111 421
476 2 2 1 7 74 117 75
477 2 2 1 7 116 76 75
478 2 2 1 7 104 103 87
479 2 2 1 7 79 78 422
480 2 2 1 7 118 117 74
481 2 2 1 7 116 115 76
482 2 2 1 7 78 77 424
483 2 2 1 7 73 10 423
484 2 2 1 7 117 116 75
485 2 2 1 7 113 112 422
486 2 2 1 7 114 113 424
487 2 2 1 7 13 119 423
488 2 2 1 7 111 80 421
489 2 2 1 7 113 78 424
490 2 2 1 7 10 13 423
491 2 2 1 7 77 114 424
492 2 2 1 7 119 73 423
493 2 2 1 7 78 113 422
494 2 2 1 7 89 101 420
495 2 2 1 7 112 79 422
496 2 2 1 7 79 112 421
497 2 2 1 7 6 5 420
498 2 2 1 7 5 89 420
499 2 2 1 7 83 107 84
500 2 2 1 7 110 81 80
501 2 2 1 7 111 110 80
502 2 2 1 7 109 82 81
503 2 2 1 7 110 109 81
504 2 2 1 7 82 108 83
505 2 2 1 7 82 109 108
506 2 2 1 7 108 107 83
507 2 2 1 7 84 106 85
508 2 2 1 7 107 106 84
509 2 2 1 7 85 105 86
510 2 2 1 7 106 105 85
511 2 2 1 7 87 103 88
512 2 2 1 7 88 102 89
513 2 2 1 7 89 102 101
514 2 2 1 8 439 512 479
515 2 2 1 8 465 523 433
516 2 2 1 8 479 512 504
517 2 2 1 8 140 476 139
518 2 2 1 8 143 480 142
519 2 2 1 8 510 556 427
520 2 2 1 8 430 515 461
521 2 2 1 8 449 523 465
522 2 2 1 8 443 471 467
523 2 2 1 8 140 506 476
524 2 2 1 8 480 507 142
525 2 2 1 8 145 467 146
526 2 2 1 8 511 515 466
527 2 2 1 8 467 471 446
528 2 2 1 8 448 553 460
529 2 2 1 8 442 492 470
530 2 2 1 8 470 492 431
531 2 2 1 8 461 498 430
532 2 2 1 8 469 492 440
533 2 2 1 8 431 492 469
534 2 2 1 8 453 556 510
535 2 2 1 8 461 548 498
536 2 2 1 8 528 553 448
537 2 2 1 8 461 515 447
538 2 2 1 8 464 506 141
539 2 2 1 8 487 539 50
540 2 2 1 8 141 507 464
541 2 2 1 8 430 498 471
542 2 2 1 8 443 481 471
543 2 2 1 8 493 522 54
544 2 2 1 8 481 493 451
545 2 2 1 8 128 474 127
546 2 2 1 8 429 503 468
547 2 2 1 8 474 505 127
548 2 2 1 8 433 511 466
549 2 2 1 8 471 481 430
550 2 2 1 8 434 527 496
551 2 2 1 8 433 523 511
552 2 2 1 8 432 548 461
553 2 2 1 8 473 492 442
554 2 2 1 8 440 492 473
555 2 2 1 8 141 506 140
556 2 2 1 8 142 507 141
557 2 2 1 8 511 523 462
558 2 2 1 8 435 537 491
559 2 2 1 8 464 482 436
560 2 2 1 8 463 528 448
561 2 2 1 8 471 498 446
562 2 2 1 8 432 561 509
563 2 2 1 8 433 486 465
564 2 2 1 8 437 482 464
565 2 2 1 8 465 486 52
566 2 2 1 8 450 534 469
567 2 2 1 8 491 537 459
568 2 2 1 8 153 473 154
569 2 2 1 8 447 515 511
570 2 2 1 8 452 512 489
571 2 2 1 8 467 490 443
572 2 2 1 8 145 490 467
573 2 2 1 8 448 532 470
574 2 2 1 8 460 519 439
575 2 2 1 8 432 509 472
576 2 2 1 8 530 533 488
577 2 2 1 8 50 539 51
578 2 2 1 8 489 512 439
579 2 2 1 8 147 547 148
580 2 2 1 8 469 534 431
581 2 2 1 8 466 552 433
582 2 2 1 8 439 520 460
583 2 2 1 8 470 540 448
584 2 2 1 8 460 532 448
585 2 2 1 8 450 518 474
586 2 2 1 8 443 493 481
587 2 2 1 8 467 524 146
588 2 2 1 8 429 530 488
589 2 2 1 8 495 497 157
590 2 2 1 8 468 503 445
591 2 2 1 8 54 522 55
592 2 2 1 8 470 532 428
593 2 2 1 8 496 527 459
594 2 2 1 8 447 525 461
595 2 2 1 8 469 502 426
596 2 2 1 8 440 502 469
597 2 2 1 8 463 569 528
598 2 2 1 8 468 496 457
599 2 2 1 8 456 513 503
600 2 2 1 8 469 541 450
601 2 2 1 8 468 551 429
602 2 2 1 8 444 491 459
603 2 2 1 8 444 505 474
604 2 2 1 8 512 514 427
605 2 2 1 8 148 547 472
606 2 2 1 8 496 537 425
607 2 2 1 8 121 478 120
608 2 2 1 8 427 556 504
609 2 2 1 8 51 465 52
610 2 2 1 8 157 497 158
611 2 2 1 8 465 539 449
612 2 2 1 8 425 536 525
613 2 2 1 8 126 475 125
614 2 2 1 8 499 516 454
615 2 2 1 8 442 516 499
616 2 2 1 8 150 508 151
617 2 2 1 8 496 557 457
618 2 2 1 8 159 485 160
619 2 2 1 8 466 543 451
620 2 2 1 8 446 524 467
621 2 2 1 8 473 555 154
622 2 2 1 8 443 522 493
623 2 2 1 8 450 541 518
624 2 2 1 8 452 514 512
625 2 2 1 8 495 517 441
626 2 2 1 8 454 517 495
627 2 2 1 8 137 483 136
628 2 2 1 8 50 521 487
629 2 2 1 8 470 516 442
630 2 2 1 8 428 516 470
631 2 2 1 8 156 495 157
632 2 2 1 8 448 540 463
633 2 2 1 8 463 540 431
634 2 2 1 8 436 514 483
635 2 2 1 8 483 514 452
636 2 2 1 8 484 536 425
637 2 2 1 8 451 552 466
638 2 2 1 8 125 477 124
639 2 2 1 8 493 545 451
640 2 2 1 8 464 507 437
641 2 2 1 8 436 506 464
642 2 2 1 8 458 561 435
643 2 2 1 8 515 543 466
644 2 2 1 8 431 534 463
645 2 2 1 8 434 477 475
646 2 2 1 8 487 521 438
647 2 2 1 8 426 541 469
648 2 2 1 8 485 510 437
649 2 2 1 8 453 510 485
650 2 2 1 8 486 567 52
651 2 2 1 8 428 517 516
652 2 2 1 8 430 543 515
653 2 2 1 8 130 569 501
654 2 2 1 8 431 540 470
655 2 2 1 8 475 477 125
656 2 2 1 8 121 500 478
657 2 2 1 8 159 546 485
658 2 2 1 8 130 501 129
659 2 2 1 8 441 497 495
660 2 2 1 8 459 537 496
661 2 2 1 8 135 489 134
662 2 2 1 8 146 524 147
663 2 2 1 8 516 517 454
664 2 2 1 8 457 551 468
665 2 2 1 8 509 561 458
666 2 2 1 8 508 562 151
667 2 2 1 8 156 550 495
668 2 2 1 8 482 510 427
669 2 2 1 8 530 551 462
670 2 2 1 8 434 496 468
671 2 2 1 8 144 490 145
672 2 2 1 8 480 558 437
673 2 2 1 8 436 560 476
674 2 2 1 8 427 514 482
675 2 2 1 8 455 502 494
676 2 2 1 8 494 502 440
677 2 2 1 8 154 555 155
678 2 2 1 8 456 503 488
679 2 2 1 8 437 558 485
680 2 2 1 8 483 560 436
681 2 2 1 8 459 527 444
682 2 2 1 8 503 513 445
683 2 2 1 8 473 535 440
684 2 2 1 8 485 546 453
685 2 2 1 8 425 557 496
686 2 2 1 8 442 555 473
687 2 2 1 8 479 504 441
688 2 2 1 8 49 521 50
689 2 2 1 8 155 555 499
690 2 2 1 8 479 517 428
691 2 2 1 8 488 503 429
692 2 2 1 8 501 569 463
693 2 2 1 8 488 549 456
694 2 2 1 8 124 542 123
695 2 2 1 8 482 514 436
696 2 2 1 8 479 520 439
697 2 2 1 8 439 519 489
698 2 2 1 8 435 566 458
699 2 2 1 8 128 526 474
700 2 2 1 8 429 551 530
701 2 2 1 8 444 518 491
702 2 2 1 8 152 562 494
703 2 2 1 8 474 518 444
704 2 2 1 8 151 562 152
705 2 2 1 8 487 533 449
706 2 2 1 8 437 510 482
707 2 2 1 8 441 517 479
708 2 2 1 8 455 529 502
709 2 2 1 8 502 529 426
710 2 2 1 8 153 535 473
711 2 2 1 8 476 560 138
712 2 2 1 8 504 512 427
713 2 2 1 8 428 520 479
714 2 2 1 8 438 533 487
715 2 2 1 8 437 507 480
716 2 2 1 8 474 526 450
717 2 2 1 8 483 544 136
718 2 2 1 8 476 506 436
719 2 2 1 8 51 539 465
720 2 2 1 8 491 518 426
721 2 2 1 8 144 554 490
722 2 2 1 8 438 549 488
723 2 2 1 8 435 561 484
724 2 2 1 8 481 543 430
725 2 2 1 8 161 558 480
726 2 2 1 8 127 505 126
727 2 2 1 8 122 500 121
728 2 2 1 8 495 550 454
729 2 2 1 8 123 542 513
730 2 2 1 8 451 543 481
731 2 2 1 8 476 568 139
732 2 2 1 8 484 537 435
733 2 2 1 8 120 538 7
734 2 2 1 8 472 548 432
735 2 2 1 8 449 533 530
736 2 2 1 8 489 544 452
737 2 2 1 8 472 509 148
738 2 2 1 8 134 519 133
739 2 2 1 8 434 563 477
740 2 2 1 8 138 568 476
741 2 2 1 8 452 544 483
742 2 2 1 8 7 538 49
743 2 2 1 8 505 527 475
744 2 2 1 8 519 553 133
745 2 2 1 8 461 536 432
746 2 2 1 8 438 521 478
747 2 2 1 8 494 535 152
748 2 2 1 8 135 544 489
749 2 2 1 8 123 559 122
750 2 2 1 8 444 527 505
751 2 2 1 8 138 560 137
752 2 2 1 8 152 535 153
753 2 2 1 8 148 509 149
754 2 2 1 8 478 549 438
755 2 2 1 8 440 535 494
756 2 2 1 8 143 565 480
757 2 2 1 8 425 537 484
758 2 2 1 8 489 519 134
759 2 2 1 8 160 558 161
760 2 2 1 8 490 522 443
761 2 2 1 8 490 554 522
762 2 2 1 8 523 530 462
763 2 2 1 8 126 505 475
764 2 2 1 8 426 529 491
765 2 2 1 8 491 529 435
766 2 2 1 8 53 545 54
767 2 2 1 8 488 533 438
768 2 2 1 8 433 552 486
769 2 2 1 8 524 547 147
770 2 2 1 8 480 565 161
771 2 2 1 8 460 553 519
772 2 2 1 8 499 555 442
773 2 2 1 8 477 542 124
774 2 2 1 8 449 539 487
775 2 2 1 8 500 549 478
776 2 2 1 8 445 563 468
777 2 2 1 8 486 552 451
778 2 2 1 8 137 560 483
779 2 2 1 8 54 545 493
780 2 2 1 8 446 548 547
781 2 2 1 8 451 567 486
782 2 2 1 8 475 527 434
783 2 2 1 8 129 526 128
784 2 2 1 8 485 558 160
785 2 2 1 8 55 554 8
786 2 2 1 8 462 551 531
787 2 2 1 8 8 554 144
788 2 2 1 8 445 542 477
789 2 2 1 8 536 561 432
790 2 2 1 8 149 564 150
791 2 2 1 8 458 564 509
792 2 2 1 8 132 528 131
793 2 2 1 8 477 563 445
794 2 2 1 8 52 567 53
795 2 2 1 8 155 550 156
796 2 2 1 8 463 534 501
797 2 2 1 8 520 532 460
798 2 2 1 8 501 526 129
799 2 2 1 8 509 564 149
800 2 2 1 8 513 559 123
801 2 2 1 8 497 556 453
802 2 2 1 8 441 556 497
803 2 2 1 8 497 546 158
804 2 2 1 8 453 546 497
805 2 2 1 8 450 526 501
806 2 2 1 8 458 566 508
807 2 2 1 8 478 538 120
808 2 2 1 8 161 565 15
809 2 2 1 8 449 530 523
810 2 2 1 8 158 546 159
811 2 2 1 8 468 563 434
812 2 2 1 8 484 561 536
813 2 2 1 8 14 568 138
814 2 2 1 8 499 550 155
815 2 2 1 8 501 534 450
816 2 2 1 8 136 544 135
817 2 2 1 8 132 553 528
818 2 2 1 8 462 531 511
819 2 2 1 8 494 562 455
820 2 2 1 8 139 568 14
821 2 2 1 8 528 569 131
822 2 2 1 8 455 562 508
823 2 2 1 8 133 553 132
824 2 2 1 8 446 547 524
825 2 2 1 8 498 548 446
826 2 2 1 8 447 557 525
827 2 2 1 8 428 532 520
828 2 2 1 8 531 551 457
829 2 2 1 8 131 569 130
830 2 2 1 8 454 550 499
831 2 2 1 8 15 565 143
832 2 2 1 8 545 567 451
833 2 2 1 8 456 549 500
834 2 2 1 8 511 531 447
835 2 2 1 8 518 541 426
836 2 2 1 8 122 559 500
837 2 2 1 8 547 548 472
838 2 2 1 8 531 557 447
839 2 2 1 8 500 559 456
840 2 2 1 8 504 556 441
841 2 2 1 8 456 559 513
842 2 2 1 8 525 536 461
843 2 2 1 8 508 564 458
844 2 2 1 8 150 564 508
845 2 2 1 8 521 538 478
846 2 2 1 8 508 566 455
847 2 2 1 8 455 566 529
848 2 2 1 8 513 542 445
849 2 2 1 8 49 538 521
850 2 2 1 8 457 557 531
851 2 2 1 8 529 566 435
852 2 2 1 8 525 557 425
853 2 2 1 8 522 554 55
854 2 2 1 8 53 567 545
855 2 2 1 9 572 625 585
856 2 2 1 9 585 621 572
857 2 2 1 9 178 595 177
858 2 2 1 9 175 596 174
859 2 2 1 9 163 606 162
860 2 2 1 9 170 589 169
861 2 2 1 9 179 603 180
862 2 2 1 9 163 620 606
863 2 2 1 9 604 612 571
864 2 2 1 9 139 606 140
865 2 2 1 9 142 603 143
866 2 2 1 9 583 612 604
867 2 2 1 9 603 618 180
868 2 2 1 9 170 628 589
869 2 2 1 9 585 625 580
870 2 2 1 9 175 609 596
871 2 2 1 9 595 608 177
872 2 2 1 9 606 619 140
873 2 2 1 9 142 615 603
874 2 2 1 9 585 620 164
875 2 2 1 9 570 617 614
876 2 2 1 9 164 611 585
877 2 2 1 9 586 615 141
878 2 2 1 9 588 609 176
879 2 2 1 9 176 608 588
880 2 2 1 9 141 619 586
881 2 2 1 9 181 618 587
882 2 2 1 9 14 606 139
883 2 2 1 9 162 606 14
884 2 2 1 9 184 592 185
885 2 2 1 9 186 593 187
886 2 2 1 9 602 614 581
887 2 2 1 9 573 604 591
888 2 2 1 9 573 601 589
889 2 2 1 9 589 604 573
890 2 2 1 9 580 620 585
891 2 2 1 9 614 617 581
892 2 2 1 9 176 609 175
893 2 2 1 9 177 608 176
894 2 2 1 9 588 597 575
895 2 2 1 9 574 597 588
896 2 2 1 9 589 628 583
897 2 2 1 9 577 614 602
898 2 2 1 9 594 614 577
899 2 2 1 9 576 617 590
900 2 2 1 9 591 616 576
901 2 2 1 9 571 616 591
902 2 2 1 9 590 617 570
903 2 2 1 9 571 641 616
904 2 2 1 9 184 627 592
905 2 2 1 9 593 629 187
906 2 2 1 9 180 618 181
907 2 2 1 9 589 636 169
908 2 2 1 9 592 617 576
909 2 2 1 9 576 616 593
910 2 2 1 9 594 630 614
911 2 2 1 9 591 604 571
912 2 2 1 9 577 623 587
913 2 2 1 9 587 623 181
914 2 2 1 9 587 605 577
915 2 2 1 9 583 604 589
916 2 2 1 9 164 620 163
917 2 2 1 9 141 615 142
918 2 2 1 9 601 636 589
919 2 2 1 9 140 619 141
920 2 2 1 9 590 635 573
921 2 2 1 9 172 598 171
922 2 2 1 9 188 599 189
923 2 2 1 9 582 629 593
924 2 2 1 9 592 627 581
925 2 2 1 9 165 611 164
926 2 2 1 9 611 621 585
927 2 2 1 9 579 621 611
928 2 2 1 9 573 631 590
929 2 2 1 9 590 631 576
930 2 2 1 9 576 631 591
931 2 2 1 9 591 631 573
932 2 2 1 9 599 613 574
933 2 2 1 9 575 612 598
934 2 2 1 9 582 613 599
935 2 2 1 9 598 612 583
936 2 2 1 9 575 609 588
937 2 2 1 9 588 608 574
938 2 2 1 9 594 605 572
939 2 2 1 9 577 605 594
940 2 2 1 9 615 622 578
941 2 2 1 9 586 622 615
942 2 2 1 9 584 610 600
943 2 2 1 9 570 624 590
944 2 2 1 9 579 630 594
945 2 2 1 9 579 632 600
946 2 2 1 9 606 620 580
947 2 2 1 9 576 607 592
948 2 2 1 9 593 607 576
949 2 2 1 9 584 624 610
950 2 2 1 9 571 612 597
951 2 2 1 9 597 613 571
952 2 2 1 9 575 633 596
953 2 2 1 9 595 634 574
954 2 2 1 9 574 634 599
955 2 2 1 9 598 633 575
956 2 2 1 9 592 607 185
957 2 2 1 9 186 607 593
958 2 2 1 9 182 602 183
959 2 2 1 9 611 632 579
960 2 2 1 9 600 642 584
961 2 2 1 9 603 615 578
962 2 2 1 9 593 616 582
963 2 2 1 9 581 617 592
964 2 2 1 9 580 619 606
965 2 2 1 9 572 621 594
966 2 2 1 9 594 621 579
967 2 2 1 9 596 633 173
968 2 2 1 9 190 634 595
969 2 2 1 9 597 612 575
970 2 2 1 9 574 613 597
971 2 2 1 9 596 609 575
972 2 2 1 9 574 608 595
973 2 2 1 9 598 628 171
974 2 2 1 9 188 629 599
975 2 2 1 9 602 623 577
976 2 2 1 9 584 642 626
977 2 2 1 9 581 627 602
978 2 2 1 9 178 639 595
979 2 2 1 9 596 638 174
980 2 2 1 9 600 610 579
981 2 2 1 9 624 635 590
982 2 2 1 9 605 622 572
983 2 2 1 9 578 618 603
984 2 2 1 9 583 628 598
985 2 2 1 9 599 629 582
986 2 2 1 9 610 624 570
987 2 2 1 9 173 638 596
988 2 2 1 9 595 639 190
989 2 2 1 9 580 625 619
990 2 2 1 9 619 625 586
991 2 2 1 9 610 630 579
992 2 2 1 9 601 626 168
993 2 2 1 9 181 623 182
994 2 2 1 9 168 636 601
995 2 2 1 9 189 634 190
996 2 2 1 9 173 633 172
997 2 2 1 9 185 607 186
998 2 2 1 9 602 627 183
999 2 2 1 9 605 637 622
1000 2 2 1 9 168 626 167
1001 2 2 1 9 169 636 168
1002 2 2 1 9 172 633 598
1003 2 2 1 9 599 634 189
1004 2 2 1 9 584 626 601
1005 2 2 1 9 601 635 584
1006 2 2 1 9 573 635 601
1007 2 2 1 9 182 623 602
1008 2 2 1 9 613 641 571
1009 2 2 1 9 618 637 587
1010 2 2 1 9 578 637 618
1011 2 2 1 9 190 639 17
1012 2 2 1 9 16 638 173
1013 2 2 1 9 622 625 572
1014 2 2 1 9 586 625 622
1015 2 2 1 9 171 628 170
1016 2 2 1 9 183 627 184
1017 2 2 1 9 187 629 188
1018 2 2 1 9 17 639 178
1019 2 2 1 9 174 638 16
1020 2 2 1 9 614 630 570
1021 2 2 1 9 166 632 165
1022 2 2 1 9 15 640 179
1023 2 2 1 9 167 642 166
1024 2 2 1 9 603 640 143
1025 2 2 1 9 166 642 632
1026 2 2 1 9 143 640 15
1027 2 2 1 9 179 640 603
1028 2 2 1 9 632 642 600
1029 2 2 1 9 570 630 610
1030 2 2 1 9 165 632 611
1031 2 2 1 9 587 637 605
1032 2 2 1 9 582 641 613
1033 2 2 1 9 616 641 582
1034 2 2 1 9 626 642 167
1035 2 2 1 9 622 637 578
1036 2 2 1 9 584 635 624
1037 2 2 1 10 748 846 832
1038 2 2 1 10 661 767 729
1039 2 2 1 10 692 862 735
1040 2 2 1 10 192 760 191
1041 2 2 1 10 748 832 665
1042 2 2 1 10 655 890 854
1043 2 2 1 10 719 848 685
1044 2 2 1 10 727 749 647
1045 2 2 1 10 58 881 775
1046 2 2 1 10 644 752 711
1047 2 2 1 10 708 773 666
1048 2 2 1 10 667 859 829
1049 2 2 1 10 723 836 161
1050 2 2 1 10 666 764 708
1051 2 2 1 10 735 879 858
1052 2 2 1 10 679 757 739
1053 2 2 1 10 646 756 693
1054 2 2 1 10 828 861 751
1055 2 2 1 10 847 890 776
1056 2 2 1 10 680 815 814
1057 2 2 1 10 192 804 760
1058 2 2 1 10 756 801 660
1059 2 2 1 10 193 818 721
1060 2 2 1 10 739 757 675
1061 2 2 1 10 738 763 671
1062 2 2 1 10 196 883 759
1063 2 2 1 10 667 829 784
1064 2 2 1 10 161 892 723
1065 2 2 1 10 747 890 655
1066 2 2 1 10 658 902 793
1067 2 2 1 10 657 822 709
1068 2 2 1 10 806 849 710
1069 2 2 1 10 701 828 751
1070 2 2 1 10 645 849 806
1071 2 2 1 10 734 768 664
1072 2 2 1 10 670 778 771
1073 2 2 1 10 771 778 695
1074 2 2 1 10 680 814 733
1075 2 2 1 10 793 902 710
1076 2 2 1 10 768 876 664
1077 2 2 1 10 709 811 657
1078 2 2 1 10 676 775 720
1079 2 2 1 10 161 836 160
1080 2 2 1 10 145 732 144
1081 2 2 1 10 149 744 724
1082 2 2 1 10 721 804 193
1083 2 2 1 10 722 813 679
1084 2 2 1 10 712 778 670
1085 2 2 1 10 643 778 712
1086 2 2 1 10 679 805 722
1087 2 2 1 10 775 881 720
1088 2 2 1 10 147 738 146
1089 2 2 1 10 704 799 645
1090 2 2 1 10 684 794 741
1091 2 2 1 10 196 759 195
1092 2 2 1 10 649 794 730
1093 2 2 1 10 730 794 684
1094 2 2 1 10 670 932 712
1095 2 2 1 10 678 782 714
1096 2 2 1 10 712 855 643
1097 2 2 1 10 711 929 644
1098 2 2 1 10 664 836 723
1099 2 2 1 10 649 873 717
1100 2 2 1 10 693 871 726
1101 2 2 1 10 714 819 678
1102 2 2 1 10 728 907 749
1103 2 2 1 10 749 907 647
1104 2 2 1 10 647 764 727
1105 2 2 1 10 852 853 711
1106 2 2 1 10 656 824 799
1107 2 2 1 10 661 878 767
1108 2 2 1 10 717 819 649
1109 2 2 1 10 728 896 663
1110 2 2 1 10 723 780 664
1111 2 2 1 10 671 788 738
1112 2 2 1 10 729 874 681
1113 2 2 1 10 758 830 669
1114 2 2 1 10 858 879 69
1115 2 2 1 10 159 836 737
1116 2 2 1 10 748 765 691
1117 2 2 1 10 752 844 697
1118 2 2 1 10 58 775 57
1119 2 2 1 10 685 795 719
1120 2 2 1 10 664 925 734
1121 2 2 1 10 759 883 709
1122 2 2 1 10 820 880 61
1123 2 2 1 10 682 838 721
1124 2 2 1 10 743 842 650
1125 2 2 1 10 649 819 794
1126 2 2 1 10 794 819 714
1127 2 2 1 10 149 724 148
1128 2 2 1 10 781 800 60
1129 2 2 1 10 693 803 646
1130 2 2 1 10 690 853 852
1131 2 2 1 10 735 862 715
1132 2 2 1 10 737 836 664
1133 2 2 1 10 705 890 847
1134 2 2 1 10 194 818 193
1135 2 2 1 10 673 899 893
1136 2 2 1 10 749 896 728
1137 2 2 1 10 722 870 813
1138 2 2 1 10 668 849 751
1139 2 2 1 10 750 763 654
1140 2 2 1 10 720 792 676
1141 2 2 1 10 707 869 831
1142 2 2 1 10 644 844 752
1143 2 2 1 10 776 890 672
1144 2 2 1 10 681 874 817
1145 2 2 1 10 794 887 741
1146 2 2 1 10 150 744 149
1147 2 2 1 10 676 762 736
1148 2 2 1 10 671 763 750
1149 2 2 1 10 646 803 731
1150 2 2 1 10 658 793 745
1151 2 2 1 10 765 815 691
1152 2 2 1 10 682 822 746
1153 2 2 1 10 893 899 725
1154 2 2 1 10 742 842 667
1155 2 2 1 10 854 890 705
1156 2 2 1 10 691 801 756
1157 2 2 1 10 669 830 733
1158 2 2 1 10 199 739 198
1159 2 2 1 10 793 849 668
1160 2 2 1 10 70 858 69
1161 2 2 1 10 62 820 61
1162 2 2 1 10 731 772 688
1163 2 2 1 10 160 836 159
1164 2 2 1 10 721 796 677
1165 2 2 1 10 60 800 59
1166 2 2 1 10 684 926 730
1167 2 2 1 10 674 825 724
1168 2 2 1 10 724 744 662
1169 2 2 1 10 776 923 718
1170 2 2 1 10 677 804 721
1171 2 2 1 10 738 788 146
1172 2 2 1 10 756 798 693
1173 2 2 1 10 721 818 682
1174 2 2 1 10 707 831 781
1175 2 2 1 10 667 842 806
1176 2 2 1 10 145 788 732
1177 2 2 1 10 181 891 780
1178 2 2 1 10 764 779 708
1179 2 2 1 10 647 779 764
1180 2 2 1 10 735 895 692
1181 2 2 1 10 731 823 772
1182 2 2 1 10 674 763 738
1183 2 2 1 10 724 825 148
1184 2 2 1 10 648 768 734
1185 2 2 1 10 781 831 687
1186 2 2 1 10 654 797 774
1187 2 2 1 10 671 904 788
1188 2 2 1 10 673 893 769
1189 2 2 1 10 663 884 728
1190 2 2 1 10 710 859 806
1191 2 2 1 10 737 817 159
1192 2 2 1 10 691 815 801
1193 2 2 1 10 822 868 746
1194 2 2 1 10 752 852 711
1195 2 2 1 10 774 797 692
1196 2 2 1 10 736 775 676
1197 2 2 1 10 751 843 701
1198 2 2 1 10 740 824 669
1199 2 2 1 10 654 774 750
1200 2 2 1 10 805 901 722
1201 2 2 1 10 727 845 749
1202 2 2 1 10 803 928 731
1203 2 2 1 10 750 774 685
1204 2 2 1 10 821 926 684
1205 2 2 1 10 185 893 725
1206 2 2 1 10 725 839 185
1207 2 2 1 10 147 825 738
1208 2 2 1 10 181 780 180
1209 2 2 1 10 660 798 756
1210 2 2 1 10 193 804 192
1211 2 2 1 10 718 891 776
1212 2 2 1 10 716 837 67
1213 2 2 1 10 730 914 649
1214 2 2 1 10 645 843 751
1215 2 2 1 10 726 803 693
1216 2 2 1 10 732 904 719
1217 2 2 1 10 755 809 643
1218 2 2 1 10 831 866 687
1219 2 2 1 10 685 848 750
1220 2 2 1 10 831 869 656
1221 2 2 1 10 733 889 680
1222 2 2 1 10 643 809 761
1223 2 2 1 10 743 831 656
1224 2 2 1 10 689 861 828
1225 2 2 1 10 799 824 740
1226 2 2 1 10 152 841 787
1227 2 2 1 10 832 846 688
1228 2 2 1 10 851 879 715
1229 2 2 1 10 704 842 743
1230 2 2 1 10 673 770 766
1231 2 2 1 10 766 770 686
1232 2 2 1 10 673 835 770
1233 2 2 1 10 829 859 699
1234 2 2 1 10 744 834 683
1235 2 2 1 10 683 823 744
1236 2 2 1 10 645 806 704
1237 2 2 1 10 709 822 759
1238 2 2 1 10 762 910 736
1239 2 2 1 10 801 898 660
1240 2 2 1 10 698 816 789
1241 2 2 1 10 697 884 752
1242 2 2 1 10 154 754 153
1243 2 2 1 10 729 850 661
1244 2 2 1 10 788 904 732
1245 2 2 1 10 734 802 648
1246 2 2 1 10 681 850 729
1247 2 2 1 10 655 899 766
1248 2 2 1 10 681 768 753
1249 2 2 1 10 753 768 648
1250 2 2 1 10 787 810 683
1251 2 2 1 10 696 810 787
1252 2 2 1 10 824 921 669
1253 2 2 1 10 655 853 747
1254 2 2 1 10 747 853 690
1255 2 2 1 10 780 891 718
1256 2 2 1 10 854 899 655
1257 2 2 1 10 814 815 653
1258 2 2 1 10 789 816 686
1259 2 2 1 10 739 786 198
1260 2 2 1 10 780 925 664
1261 2 2 1 10 724 826 674
1262 2 2 1 10 60 880 781
1263 2 2 1 10 698 789 746
1264 2 2 1 10 742 784 783
1265 2 2 1 10 801 815 680
1266 2 2 1 10 680 889 837
1267 2 2 1 10 719 795 71
1268 2 2 1 10 731 846 646
1269 2 2 1 10 745 937 658
1270 2 2 1 10 673 909 835
1271 2 2 1 10 714 905 887
1272 2 2 1 10 665 765 748
1273 2 2 1 10 189 777 188
1274 2 2 1 10 152 787 151
1275 2 2 1 10 199 805 739
1276 2 2 1 10 757 873 649
1277 2 2 1 10 650 866 743
1278 2 2 1 10 772 823 683
1279 2 2 1 10 828 872 653
1280 2 2 1 10 739 805 679
1281 2 2 1 10 690 877 747
1282 2 2 1 10 651 812 772
1283 2 2 1 10 772 812 688
1284 2 2 1 10 746 789 652
1285 2 2 1 10 652 864 796
1286 2 2 1 10 672 923 776
1287 2 2 1 10 716 801 680
1288 2 2 1 10 667 784 742
1289 2 2 1 10 675 786 739
1290 2 2 1 10 727 878 845
1291 2 2 1 10 732 840 144
1292 2 2 1 10 719 916 732
1293 2 2 1 10 813 870 658
1294 2 2 1 10 733 814 669
1295 2 2 1 10 835 864 652
1296 2 2 1 10 668 809 755
1297 2 2 1 10 747 802 672
1298 2 2 1 10 67 851 716
1299 2 2 1 10 207 762 206
1300 2 2 1 10 698 821 790
1301 2 2 1 10 790 816 698
1302 2 2 1 10 644 816 790
1303 2 2 1 10 745 793 668
1304 2 2 1 10 68 879 851
1305 2 2 1 10 676 865 762
1306 2 2 1 10 681 817 737
1307 2 2 1 10 61 880 60
1308 2 2 1 10 698 868 821
1309 2 2 1 10 159 817 158
1310 2 2 1 10 71 916 719
1311 2 2 1 10 777 863 188
1312 2 2 1 10 664 876 737
1313 2 2 1 10 737 876 681
1314 2 2 1 10 845 878 661
1315 2 2 1 10 668 912 745
1316 2 2 1 10 763 791 654
1317 2 2 1 10 799 843 645
1318 2 2 1 10 787 841 696
1319 2 2 1 10 662 826 724
1320 2 2 1 10 738 825 674
1321 2 2 1 10 752 884 663
1322 2 2 1 10 669 872 740
1323 2 2 1 10 728 884 807
1324 2 2 1 10 721 838 796
1325 2 2 1 10 716 898 801
1326 2 2 1 10 741 913 684
1327 2 2 1 10 67 837 66
1328 2 2 1 10 782 905 714
1329 2 2 1 10 760 804 677
1330 2 2 1 10 743 866 831
1331 2 2 1 10 649 914 757
1332 2 2 1 10 653 815 765
1333 2 2 1 10 764 833 727
1334 2 2 1 10 750 848 671
1335 2 2 1 10 726 826 662
1336 2 2 1 10 807 884 697
1337 2 2 1 10 144 840 8
1338 2 2 1 10 677 924 760
1339 2 2 1 10 773 810 696
1340 2 2 1 10 651 810 773
1341 2 2 1 10 652 789 770
1342 2 2 1 10 770 789 686
1343 2 2 1 10 782 855 712
1344 2 2 1 10 187 769 186
1345 2 2 1 10 806 859 667
1346 2 2 1 10 644 929 816
1347 2 2 1 10 682 919 759
1348 2 2 1 10 146 788 145
1349 2 2 1 10 806 842 704
1350 2 2 1 10 802 923 672
1351 2 2 1 10 755 912 668
1352 2 2 1 10 718 925 780
1353 2 2 1 10 777 924 677
1354 2 2 1 10 688 846 731
1355 2 2 1 10 703 875 783
1356 2 2 1 10 755 855 678
1357 2 2 1 10 754 841 153
1358 2 2 1 10 652 838 746
1359 2 2 1 10 762 865 703
1360 2 2 1 10 183 776 182
1361 2 2 1 10 807 907 728
1362 2 2 1 10 811 914 730
1363 2 2 1 10 734 923 802
1364 2 2 1 10 204 784 203
1365 2 2 1 10 746 838 682
1366 2 2 1 10 767 878 694
1367 2 2 1 10 680 837 716
1368 2 2 1 10 740 872 701
1369 2 2 1 10 748 885 646
1370 2 2 1 10 833 878 727
1371 2 2 1 10 656 917 743
1372 2 2 1 10 205 783 204
1373 2 2 1 10 797 798 692
1374 2 2 1 10 154 808 754
1375 2 2 1 10 207 910 762
1376 2 2 1 10 713 907 807
1377 2 2 1 10 662 928 726
1378 2 2 1 10 747 877 802
1379 2 2 1 10 694 878 833
1380 2 2 1 10 687 800 781
1381 2 2 1 10 672 890 747
1382 2 2 1 10 746 868 698
1383 2 2 1 10 744 823 662
1384 2 2 1 10 198 786 197
1385 2 2 1 10 659 857 807
1386 2 2 1 10 807 857 713
1387 2 2 1 10 702 863 777
1388 2 2 1 10 767 886 156
1389 2 2 1 10 675 914 811
1390 2 2 1 10 761 809 689
1391 2 2 1 10 800 918 720
1392 2 2 1 10 64 934 63
1393 2 2 1 10 701 872 828
1394 2 2 1 10 753 850 681
1395 2 2 1 10 749 845 706
1396 2 2 1 10 725 854 839
1397 2 2 1 10 839 854 705
1398 2 2 1 10 818 919 682
1399 2 2 1 10 677 864 777
1400 2 2 1 10 777 864 702
1401 2 2 1 10 706 896 749
1402 2 2 1 10 827 870 722
1403 2 2 1 10 155 808 154
1404 2 2 1 10 773 882 666
1405 2 2 1 10 779 907 713
1406 2 2 1 10 156 886 155
1407 2 2 1 10 753 922 706
1408 2 2 1 10 648 922 753
1409 2 2 1 10 699 870 827
1410 2 2 1 10 790 913 644
1411 2 2 1 10 8 840 72
1412 2 2 1 10 691 885 748
1413 2 2 1 10 714 887 794
1414 2 2 1 10 751 849 645
1415 2 2 1 10 759 822 682
1416 2 2 1 10 663 852 752
1417 2 2 1 10 683 810 772
1418 2 2 1 10 772 810 651
1419 2 2 1 10 686 860 766
1420 2 2 1 10 751 861 668
1421 2 2 1 10 678 855 782
1422 2 2 1 10 783 784 204
1423 2 2 1 10 726 928 803
1424 2 2 1 10 647 907 779
1425 2 2 1 10 657 868 822
1426 2 2 1 10 692 895 774
1427 2 2 1 10 732 916 840
1428 2 2 1 10 679 873 757
1429 2 2 1 10 761 867 665
1430 2 2 1 10 689 867 761
1431 2 2 1 10 646 846 748
1432 2 2 1 10 771 812 651
1433 2 2 1 10 695 812 771
1434 2 2 1 10 758 934 64
1435 2 2 1 10 706 908 753
1436 2 2 1 10 644 913 844
1437 2 2 1 10 200 805 199
1438 2 2 1 10 148 825 147
1439 2 2 1 10 69 879 68
1440 2 2 1 10 678 912 755
1441 2 2 1 10 643 855 755
1442 2 2 1 10 187 863 769
1443 2 2 1 10 668 861 809
1444 2 2 1 10 757 914 675
1445 2 2 1 10 666 833 764
1446 2 2 1 10 701 843 740
1447 2 2 1 10 653 872 814
1448 2 2 1 10 681 876 768
1449 2 2 1 10 68 851 67
1450 2 2 1 10 715 879 735
1451 2 2 1 10 798 862 692
1452 2 2 1 10 783 875 742
1453 2 2 1 10 183 847 776
1454 2 2 1 10 693 798 797
1455 2 2 1 10 713 932 779
1456 2 2 1 10 687 918 800
1457 2 2 1 10 887 905 659
1458 2 2 1 10 696 882 773
1459 2 2 1 10 784 829 203
1460 2 2 1 10 760 924 190
1461 2 2 1 10 759 919 195
1462 2 2 1 10 717 920 819
1463 2 2 1 10 674 791 763
1464 2 2 1 10 754 894 666
1465 2 2 1 10 186 893 185
1466 2 2 1 10 761 856 643
1467 2 2 1 10 666 882 754
1468 2 2 1 10 15 892 161
1469 2 2 1 10 776 891 182
1470 2 2 1 10 150 834 744
1471 2 2 1 10 754 882 841
1472 2 2 1 10 683 834 787
1473 2 2 1 10 179 892 15
1474 2 2 1 10 56 897 9
1475 2 2 1 10 190 935 760
1476 2 2 1 10 791 826 726
1477 2 2 1 10 760 935 191
1478 2 2 1 10 770 835 652
1479 2 2 1 10 205 915 783
1480 2 2 1 10 650 865 792
1481 2 2 1 10 790 821 684
1482 2 2 1 10 779 932 670
1483 2 2 1 10 821 868 657
1484 2 2 1 10 812 832 688
1485 2 2 1 10 695 832 812
1486 2 2 1 10 786 883 197
1487 2 2 1 10 665 936 761
1488 2 2 1 10 863 909 769
1489 2 2 1 10 71 795 70
1490 2 2 1 10 9 897 208
1491 2 2 1 10 707 880 820
1492 2 2 1 10 185 839 184
1493 2 2 1 10 65 830 64
1494 2 2 1 10 151 834 150
1495 2 2 1 10 791 871 654
1496 2 2 1 10 202 827 201
1497 2 2 1 10 762 915 206
1498 2 2 1 10 842 875 650
1499 2 2 1 10 703 915 762
1500 2 2 1 10 64 830 758
1501 2 2 1 10 785 852 663
1502 2 2 1 10 690 852 785
1503 2 2 1 10 736 906 775
1504 2 2 1 10 820 869 707
1505 2 2 1 10 646 885 756
1506 2 2 1 10 203 829 202
1507 2 2 1 10 824 869 700
1508 2 2 1 10 785 896 706
1509 2 2 1 10 663 896 785
1510 2 2 1 10 783 915 703
1511 2 2 1 10 775 906 57
1512 2 2 1 10 656 869 824
1513 2 2 1 10 823 928 662
1514 2 2 1 10 778 856 695
1515 2 2 1 10 643 856 778
1516 2 2 1 10 741 911 844
1517 2 2 1 10 844 911 697
1518 2 2 1 10 743 917 704
1519 2 2 1 10 665 867 765
1520 2 2 1 10 787 834 151
1521 2 2 1 10 720 881 800
1522 2 2 1 10 202 829 827
1523 2 2 1 10 785 877 690
1524 2 2 1 10 766 860 655
1525 2 2 1 10 796 838 652
1526 2 2 1 10 781 880 707
1527 2 2 1 10 712 932 857
1528 2 2 1 10 773 931 651
1529 2 2 1 10 708 931 773
1530 2 2 1 10 153 841 152
1531 2 2 1 10 190 924 189
1532 2 2 1 10 200 901 805
1533 2 2 1 10 765 927 653
1534 2 2 1 10 797 871 693
1535 2 2 1 10 827 829 699
1536 2 2 1 10 674 826 791
1537 2 2 1 10 156 900 767
1538 2 2 1 10 774 895 685
1539 2 2 1 10 710 849 793
1540 2 2 1 10 694 886 767
1541 2 2 1 10 63 888 62
1542 2 2 1 10 785 922 877
1543 2 2 1 10 786 933 883
1544 2 2 1 10 669 921 758
1545 2 2 1 10 206 915 205
1546 2 2 1 10 72 916 71
1547 2 2 1 10 779 930 708
1548 2 2 1 10 670 930 779
1549 2 2 1 10 766 899 673
1550 2 2 1 10 184 847 183
1551 2 2 1 10 686 929 860
1552 2 2 1 10 720 918 792
1553 2 2 1 10 819 920 678
1554 2 2 1 10 57 906 56
1555 2 2 1 10 767 900 729
1556 2 2 1 10 780 903 180
1557 2 2 1 10 59 881 58
1558 2 2 1 10 827 901 201
1559 2 2 1 10 659 911 887
1560 2 2 1 10 771 930 670
1561 2 2 1 10 651 931 771
1562 2 2 1 10 654 871 797
1563 2 2 1 10 769 893 186
1564 2 2 1 10 722 901 827
1565 2 2 1 10 813 873 679
1566 2 2 1 10 685 858 795
1567 2 2 1 10 702 909 863
1568 2 2 1 10 731 928 823
1569 2 2 1 10 795 858 70
1570 2 2 1 10 66 889 65
1571 2 2 1 10 195 919 194
1572 2 2 1 10 800 881 59
1573 2 2 1 10 188 863 187
1574 2 2 1 10 792 865 676
1575 2 2 1 10 723 903 780
1576 2 2 1 10 730 926 811
1577 2 2 1 10 155 886 808
1578 2 2 1 10 158 874 157
1579 2 2 1 10 887 911 741
1580 2 2 1 10 841 882 696
1581 2 2 1 10 157 900 156
1582 2 2 1 10 189 924 777
1583 2 2 1 10 799 917 656
1584 2 2 1 10 56 906 897
1585 2 2 1 10 65 889 830
1586 2 2 1 10 660 862 798
1587 2 2 1 10 726 871 791
1588 2 2 1 10 742 875 842
1589 2 2 1 10 839 847 184
1590 2 2 1 10 809 861 689
1591 2 2 1 10 769 909 673
1592 2 2 1 10 796 864 677
1593 2 2 1 10 197 883 196
1594 2 2 1 10 650 875 865
1595 2 2 1 10 685 895 858
1596 2 2 1 10 712 905 782
1597 2 2 1 10 694 894 808
1598 2 2 1 10 700 934 921
1599 2 2 1 10 877 922 648
1600 2 2 1 10 700 869 820
1601 2 2 1 10 191 935 17
1602 2 2 1 10 17 935 190
1603 2 2 1 10 182 891 181
1604 2 2 1 10 740 843 799
1605 2 2 1 10 706 922 785
1606 2 2 1 10 208 910 207
1607 2 2 1 10 705 847 839
1608 2 2 1 10 201 901 200
1609 2 2 1 10 715 898 851
1610 2 2 1 10 180 903 179
1611 2 2 1 10 756 885 691
1612 2 2 1 10 802 877 648
1613 2 2 1 10 830 889 733
1614 2 2 1 10 835 909 702
1615 2 2 1 10 833 894 694
1616 2 2 1 10 684 913 790
1617 2 2 1 10 858 895 735
1618 2 2 1 10 897 906 736
1619 2 2 1 10 828 927 689
1620 2 2 1 10 717 873 813
1621 2 2 1 10 814 872 669
1622 2 2 1 10 194 919 818
1623 2 2 1 10 658 937 813
1624 2 2 1 10 813 937 717
1625 2 2 1 10 851 898 716
1626 2 2 1 10 808 894 754
1627 2 2 1 10 808 886 694
1628 2 2 1 10 675 933 786
1629 2 2 1 10 702 864 835
1630 2 2 1 10 817 874 158
1631 2 2 1 10 870 902 658
1632 2 2 1 10 807 911 659
1633 2 2 1 10 811 933 675
1634 2 2 1 10 709 933 811
1635 2 2 1 10 874 900 157
1636 2 2 1 10 729 900 874
1637 2 2 1 10 695 936 832
1638 2 2 1 10 655 860 853
1639 2 2 1 10 853 860 711
1640 2 2 1 10 704 917 799
1641 2 2 1 10 792 866 650
1642 2 2 1 10 811 926 657
1643 2 2 1 10 883 933 709
1644 2 2 1 10 888 934 700
1645 2 2 1 10 697 911 807
1646 2 2 1 10 62 888 820
1647 2 2 1 10 820 888 700
1648 2 2 1 10 689 927 867
1649 2 2 1 10 850 908 661
1650 2 2 1 10 753 908 850
1651 2 2 1 10 700 921 824
1652 2 2 1 10 856 936 695
1653 2 2 1 10 725 899 854
1654 2 2 1 10 666 894 833
1655 2 2 1 10 860 929 711
1656 2 2 1 10 816 929 686
1657 2 2 1 10 844 913 741
1658 2 2 1 10 657 926 821
1659 2 2 1 10 653 927 828
1660 2 2 1 10 848 904 671
1661 2 2 1 10 845 908 706
1662 2 2 1 10 837 889 66
1663 2 2 1 10 761 936 856
1664 2 2 1 10 719 904 848
1665 2 2 1 10 832 936 665
1666 2 2 1 10 921 934 758
1667 2 2 1 10 857 905 712
1668 2 2 1 10 659 905 857
1669 2 2 1 10 661 908 845
1670 2 2 1 10 710 902 859
1671 2 2 1 10 859 902 699
1672 2 2 1 10 866 918 687
1673 2 2 1 10 717 937 920
1674 2 2 1 10 920 937 745
1675 2 2 1 10 897 910 208
1676 2 2 1 10 699 902 870
1677 2 2 1 10 865 875 703
1678 2 2 1 10 862 898 715
1679 2 2 1 10 736 910 897
1680 2 2 1 10 792 918 866
1681 2 2 1 10 179 903 892
1682 2 2 1 10 857 932 713
1683 2 2 1 10 867 927 765
1684 2 2 1 10 660 898 862
1685 2 2 1 10 892 903 723
1686 2 2 1 10 923 925 718
1687 2 2 1 10 734 925 923
1688 2 2 1 10 840 916 72
1689 2 2 1 10 930 931 708
1690 2 2 1 10 771 931 930
1691 2 2 1 10 678 920 912
1692 2 2 1 10 912 920 745
1693 2 2 1 10 63 934 888
1694 2 2 3 12 233 21 1028
1695 2 2 3 12 21 283 1028
1696 2 2 3 12 22 239 1023
1697 2 2 3 12 240 22 1023
1698 2 2 3 12 282 20 1026
1699 2 2 3 12 20 251 1026
1700 2 2 3 12 25 276 1027
1701 2 2 3 12 294 25 1027
1702 2 2 3 12 234 233 1009
1703 2 2 3 12 1009 233 1028
1704 2 2 3 12 235 234 947
1705 2 2 3 12 947 234 1009
1706 2 2 3 12 236 235 1005
1707 2 2 3 12 235 947 1005
1708 2 2 3 12 237 236 942
1709 2 2 3 12 942 236 1005
1710 2 2 3 12 238 237 1021
1711 2 2 3 12 237 942 1021
1712 2 2 3 12 239 238 1002
1713 2 2 3 12 1002 238 1021
1714 2 2 3 12 239 1002 1023
1715 2 2 3 12 276 277 1010
1716 2 2 3 12 276 1010 1027
1717 2 2 3 12 277 278 946
1718 2 2 3 12 277 946 1010
1719 2 2 3 12 278 279 1003
1720 2 2 3 12 946 278 1003
1721 2 2 3 12 279 280 941
1722 2 2 3 12 279 941 1003
1723 2 2 3 12 280 281 1004
1724 2 2 3 12 941 280 1004
1725 2 2 3 12 281 282 951
1726 2 2 3 12 281 951 1004
1727 2 2 3 12 951 282 1026
1728 2 2 3 12 283 284 952
1729 2 2 3 12 283 952 1028
1730 2 2 3 12 284 285 997
1731 2 2 3 12 952 284 997
1732 2 2 3 12 285 286 940
1733 2 2 3 12 285 940 997
1734 2 2 3 12 286 287 999
1735 2 2 3 12 940 286 999
1736 2 2 3 12 287 288 945
1737 2 2 3 12 287 945 999
1738 2 2 3 12 288 289 1029
1739 2 2 3 12 945 288 1029
1740 2 2 3 12 289 290 1017
1741 2 2 3 12 289 1017 1029
1742 2 2 3 12 290 291 939
1743 2 2 3 12 290 939 1017
1744 2 2 3 12 291 292 1000
1745 2 2 3 12 939 291 1000
1746 2 2 3 12 292 293 949
1747 2 2 3 12 292 949 1000
1748 2 2 3 12 293 294 1001
1749 2 2 3 12 949 293 1001
1750 2 2 3 12 1001 294 1027
1751 2 2 3 12 241 240 950
1752 2 2 3 12 950 240 1023
1753 2 2 3 12 242 241 953
1754 2 2 3 12 241 950 953
1755 2 2 3 12 243 242 944
1756 2 2 3 12 944 242 953
1757 2 2 3 12 244 243 998
1758 2 2 3 12 243 944 998
1759 2 2 3 12 245 244 938
1760 2 2 3 12 938 244 998
1761 2 2 3 12 246 245 1007
1762 2 2 3 12 245 938 1007
1763 2 2 3 12 247 246 1008
1764 2 2 3 12 246 1007 1008
1765 2 2 3 12 248 247 943
1766 2 2 3 12 943 247 1008
1767 2 2 3 12 249 248 1015
1768 2 2 3 12 248 943 1015
1769 2 2 3 12 250 249 948
1770 2 2 3 12 948 249 1015
1771 2 2 3 12 251 250 1012
1772 2 2 3 12 250 948 1012
1773 2 2 3 12 251 1012 1026
1774 2 2 3 12 987 938 1006
1775 2 2 3 12 938 987 1007
1776 2 2 3 12 938 998 1006
1777 2 2 3 12 939 1000 1024
1778 2 2 3 12 1017 939 1025
1779 2 2 3 12 939 1024 1025
1780 2 2 3 12 940 979 984
1781 2 2 3 12 979 940 999
1782 2 2 3 12 940 984 997
1783 2 2 3 12 976 941 1004
1784 2 2 3 12 941 976 1018
1785 2 2 3 12 1003 941 1018
1786 2 2 3 12 981 942 1005
1787 2 2 3 12 942 981 1014
1788 2 2 3 12 942 1014 1021
1789 2 2 3 12 995 943 1013
1790 2 2 3 12 943 995 1015
1791 2 2 3 12 943 1008 1013
1792 2 2 3 12 944 953 954
1793 2 2 3 12 944 954 955
1794 2 2 3 12 944 955 998
1795 2 2 3 12 945 978 999
1796 2 2 3 12 978 945 1030
1797 2 2 3 12 945 1029 1030
1798 2 2 3 12 946 1003 1031
1799 2 2 3 12 1010 946 1011
1800 2 2 3 12 1011 946 1031
1801 2 2 3 12 985 947 1009
1802 2 2 3 12 947 985 1019
1803 2 2 3 12 1005 947 1019
1804 2 2 3 12 1012 948 1016
1805 2 2 3 12 948 1015 1020
1806 2 2 3 12 1016 948 1020
1807 2 2 3 12 977 949 1011
1808 2 2 3 12 949 977 1022
1809 2 2 3 12 1000 949 1022
1810 2 2 3 12 949 1001 1011
1811 2 2 3 12 953 950 996
1812 2 2 3 12 996 950 1002
1813 2 2 3 12 1002 950 1023
1814 2 2 3 12 1004 951 1016
1815 2 2 3 12 951 1012 1016
1816 2 2 3 12 1012 951 1026
1817 2 2 3 12 985 952 997
1818 2 2 3 12 952 985 1009
1819 2 2 3 12 952 1009 1028
1820 2 2 3 12 954 953 996
1821 2 2 3 12 955 954 956
1822 2 2 3 12 956 954 980
1823 2 2 3 12 980 954 996
1824 2 2 3 12 955 956 957
1825 2 2 3 12 955 957 1006
1826 2 2 3 12 998 955 1006
1827 2 2 3 12 957 956 958
1828 2 2 3 12 958 956 960
1829 2 2 3 12 960 956 980
1830 2 2 3 12 957 958 959
1831 2 2 3 12 957 959 986
1832 2 2 3 12 957 986 1006
1833 2 2 3 12 959 958 961
1834 2 2 3 12 958 960 983
1835 2 2 3 12 961 958 983
1836 2 2 3 12 959 961 962
1837 2 2 3 12 959 962 963
1838 2 2 3 12 959 963 986
1839 2 2 3 12 960 980 981
1840 2 2 3 12 960 981 982
1841 2 2 3 12 960 982 983
1842 2 2 3 12 962 961 978
1843 2 2 3 12 978 961 979
1844 2 2 3 12 979 961 983
1845 2 2 3 12 963 962 964
1846 2 2 3 12 964 962 990
1847 2 2 3 12 962 978 990
1848 2 2 3 12 963 964 965
1849 2 2 3 12 963 965 971
1850 2 2 3 12 963 971 986
1851 2 2 3 12 965 964 966
1852 2 2 3 12 966 964 972
1853 2 2 3 12 972 964 990
1854 2 2 3 12 965 966 967
1855 2 2 3 12 965 967 989
1856 2 2 3 12 971 965 989
1857 2 2 3 12 967 966 968
1858 2 2 3 12 968 966 992
1859 2 2 3 12 966 972 992
1860 2 2 3 12 967 968 969
1861 2 2 3 12 967 969 994
1862 2 2 3 12 989 967 994
1863 2 2 3 12 969 968 970
1864 2 2 3 12 970 968 975
1865 2 2 3 12 975 968 992
1866 2 2 3 12 969 970 973
1867 2 2 3 12 969 973 974
1868 2 2 3 12 969 974 994
1869 2 2 3 12 973 970 993
1870 2 2 3 12 970 975 977
1871 2 2 3 12 970 977 993
1872 2 2 3 12 986 971 987
1873 2 2 3 12 987 971 988
1874 2 2 3 12 988 971 989
1875 2 2 3 12 972 990 991
1876 2 2 3 12 972 991 1025
1877 2 2 3 12 992 972 1025
1878 2 2 3 12 974 973 976
1879 2 2 3 12 976 973 1018
1880 2 2 3 12 973 993 1018
1881 2 2 3 12 974 976 1020
1882 2 2 3 12 994 974 995
1883 2 2 3 12 995 974 1020
1884 2 2 3 12 977 975 1022
1885 2 2 3 12 975 992 1024
1886 2 2 3 12 1022 975 1024
1887 2 2 3 12 976 1004 1016
1888 2 2 3 12 976 1016 1020
1889 2 2 3 12 993 977 1031
1890 2 2 3 12 977 1011 1031
1891 2 2 3 12 978 979 999
1892 2 2 3 12 990 978 1030
1893 2 2 3 12 979 983 984
1894 2 2 3 12 981 980 1014
1895 2 2 3 12 980 996 1014
1896 2 2 3 12 982 981 1019
1897 2 2 3 12 981 1005 1019
1898 2 2 3 12 983 982 984
1899 2 2 3 12 984 982 985
1900 2 2 3 12 985 982 1019
1901 2 2 3 12 984 985 997
1902 2 2 3 12 986 987 1006
1903 2 2 3 12 987 988 1007
1904 2 2 3 12 988 989 1013
1905 2 2 3 12 1007 988 1008
1906 2 2 3 12 1008 988 1013
1907 2 2 3 12 989 994 1013
1908 2 2 3 12 991 990 1030
1909 2 2 3 12 991 1017 1025
1910 2 2 3 12 1017 991 1029
1911 2 2 3 12 1029 991 1030
1912 2 2 3 12 1024 992 1025
1913 2 2 3 12 993 1003 1018
1914 2 2 3 12 1003 993 1031
1915 2 2 3 12 994 995 1013
1916 2 2 3 12 1015 995 1020
1917 2 2 3 12 996 1002 1014
1918 2 2 3 12 1000 1022 1024
1919 2 2 3 12 1001 1010 1011
1920 2 2 3 12 1010 1001 1027
1921 2 2 3 12 1014 1002 1021
1922 2 2 2 11 24 1085 260
1923 2 2 2 11 272 1085 24
1924 2 2 2 11 271 1084 23
1925 2 2 2 11 23 1084 254
1926 2 2 2 11 18 1086 275
1927 2 2 2 11 213 1086 18
1928 2 2 2 11 19 1087 224
1929 2 2 2 11 257 1087 19
1930 2 2 2 11 260 1063 261
1931 2 2 2 11 260 1085 1063
1932 2 2 2 11 261 1041 262
1933 2 2 2 11 261 1063 1041
1934 2 2 2 11 262 1069 263
1935 2 2 2 11 1041 1069 262
1936 2 2 2 11 263 1036 264
1937 2 2 2 11 263 1069 1036
1938 2 2 2 11 264 1068 265
1939 2 2 2 11 1036 1068 264
1940 2 2 2 11 265 1034 266
1941 2 2 2 11 265 1068 1034
1942 2 2 2 11 266 1064 267
1943 2 2 2 11 1034 1064 266
1944 2 2 2 11 267 1035 268
1945 2 2 2 11 267 1064 1035
1946 2 2 2 11 268 1055 269
1947 2 2 2 11 1035 1055 268
1948 2 2 2 11 269 1042 270
1949 2 2 2 11 269 1055 1042
1950 2 2 2 11 270 1066 271
1951 2 2 2 11 1042 1066 270
1952 2 2 2 11 1066 1084 271
1953 2 2 2 11 273 1074 272
1954 2 2 2 11 1074 1085 272
1955 2 2 2 11 274 1033 273
1956 2 2 2 11 1033 1074 273
1957 2 2 2 11 275 1076 274
1958 2 2 2 11 274 1076 1033
1959 2 2 2 11 275 1086 1076
1960 2 2 2 11 214 1044 213
1961 2 2 2 11 1044 1086 213
1962 2 2 2 11 215 1071 214
1963 2 2 2 11 214 1071 1044
1964 2 2 2 11 216 1040 215
1965 2 2 2 11 1040 1071 215
1966 2 2 2 11 217 1045 216
1967 2 2 2 11 216 1045 1040
1968 2 2 2 11 218 1037 217
1969 2 2 2 11 1037 1045 217
1970 2 2 2 11 219 1070 218
1971 2 2 2 11 218 1070 1037
1972 2 2 2 11 220 1038 219
1973 2 2 2 11 1038 1070 219
1974 2 2 2 11 221 1067 220
1975 2 2 2 11 220 1067 1038
1976 2 2 2 11 222 1039 221
1977 2 2 2 11 1039 1067 221
1978 2 2 2 11 223 1065 222
1979 2 2 2 11 222 1065 1039
1980 2 2 2 11 224 1043 223
1981 2 2 2 11 1043 1065 223
1982 2 2 2 11 224 1087 1043
1983 2 2 2 11 254 1077 255
1984 2 2 2 11 254 1084 1077
1985 2 2 2 11 255 1032 256
1986 2 2 2 11 255 1077 1032
1987 2 2 2 11 256 1075 257
1988 2 2 2 11 1032 1075 256
1989 2 2 2 11 1075 1087 257
1990 2 2 2 11 1032 1077 1062
1991 2 2 2 11 1062 1078 1032
1992 2 2 2 11 1032 1078 1075
1993 2 2 2 11 1033 1076 1073
1994 2 2 2 11 1073 1079 1033
1995 2 2 2 11 1033 1079 1074
1996 2 2 2 11 1034 1083 1064
1997 2 2 2 11 1068 1088 1034
1998 2 2 2 11 1034 1088 1083
1999 2 2 2 11 1035 1056 1055
2000 2 2 2 11 1035 1057 1056
2001 2 2 2 11 1035 1064 1057
2002 2 2 2 11 1036 1082 1068
2003 2 2 2 11 1069 1089 1036
2004 2 2 2 11 1036 1089 1082
2005 2 2 2 11 1037 1046 1045
2006 2 2 2 11 1037 1047 1046
2007 2 2 2 11 1037 1070 1047
2008 2 2 2 11 1067 1080 1038
2009 2 2 2 11 1038 1072 1070
2010 2 2 2 11 1038 1080 1072
2011 2 2 2 11 1065 1090 1039
2012 2 2 2 11 1039 1081 1067
2013 2 2 2 11 1039 1090 1081
2014 2 2 2 11 1045 1051 1040
2015 2 2 2 11 1051 1052 1040
2016 2 2 2 11 1052 1071 1040
2017 2 2 2 11 1041 1079 1054
2018 2 2 2 11 1054 1092 1041
2019 2 2 2 11 1063 1079 1041
2020 2 2 2 11 1041 1092 1069
2021 2 2 2 11 1055 1060 1042
2022 2 2 2 11 1060 1062 1042
2023 2 2 2 11 1062 1066 1042
2024 2 2 2 11 1043 1078 1065
2025 2 2 2 11 1075 1078 1043
2026 2 2 2 11 1043 1087 1075
2027 2 2 2 11 1071 1073 1044
2028 2 2 2 11 1073 1076 1044
2029 2 2 2 11 1076 1086 1044
2030 2 2 2 11 1046 1051 1045
2031 2 2 2 11 1047 1048 1046
2032 2 2 2 11 1048 1050 1046
2033 2 2 2 11 1050 1051 1046
2034 2 2 2 11 1047 1049 1048
2035 2 2 2 11 1047 1072 1049
2036 2 2 2 11 1070 1072 1047
2037 2 2 2 11 1049 1088 1048
2038 2 2 2 11 1048 1082 1050
2039 2 2 2 11 1048 1088 1082
2040 2 2 2 11 1072 1091 1049
2041 2 2 2 11 1083 1088 1049
2042 2 2 2 11 1049 1091 1083
2043 2 2 2 11 1050 1053 1051
2044 2 2 2 11 1050 1089 1053
2045 2 2 2 11 1082 1089 1050
2046 2 2 2 11 1051 1053 1052
2047 2 2 2 11 1053 1054 1052
2048 2 2 2 11 1054 1073 1052
2049 2 2 2 11 1052 1073 1071
2050 2 2 2 11 1053 1092 1054
2051 2 2 2 11 1089 1092 1053
2052 2 2 2 11 1054 1079 1073
2053 2 2 2 11 1056 1060 1055
2054 2 2 2 11 1057 1058 1056
2055 2 2 2 11 1058 1059 1056
2056 2 2 2 11 1059 1060 1056
2057 2 2 2 11 1057 1091 1058
2058 2 2 2 11 1064 1083 1057
2059 2 2 2 11 1083 1091 1057
2060 2 2 2 11 1058 1081 1059
2061 2 2 2 11 1080 1081 1058
2062 2 2 2 11 1058 1091 1080
2063 2 2 2 11 1059 1061 1060
2064 2 2 2 11 1059 1090 1061
2065 2 2 2 11 1081 1090 1059
2066 2 2 2 11 1061 1062 1060
2067 2 2 2 11 1061 1078 1062
2068 2 2 2 11 1065 1078 1061
2069 2 2 2 11 1061 1090 1065
2070 2 2 2 11 1062 1077 1066
2071 2 2 2 11 1074 1079 1063
2072 2 2 2 11 1063 1085 1074
2073 2 2 2 11 1077 1084 1066
2074 2 2 2 11 1067 1081 1080
2075 2 2 2 11 1082 1088 1068
2076 2 2 2 11 1069 1092 1089
2077 2 2 2 11 1080 1091 1072
$EndElements
