$MeshFormat
2.2 0 8
$EndMeshFormat
$PhysicalNames
3
2 1 "Exterior"
2 2 "SideInterface"
2 3 "RearInterface"
$EndPhysicalNames
$Nodes
1110
1 581.4 0 0
2 581.4 246.5 -5.47339951140202e-14
3 582 0 0
4 582 4.44089209850063e-15 20
5 582 251.5 19.9999999999999
6 582 251.5 -5.58442181386453e-14
7 600 4.44089209850063e-15 20
8 600 269.5 19.9999999999999
9 0 269.5 19.9999999999999
10 0 251.5 19.9999999999999
11 440.848528137424 0 0
12 440.848528137424 246.5 -5.47339951140202e-14
13 0 251.5 -5.58442181386453e-14
14 600 -1.73194791841524e-13 -780
15 600 269.5 -780
16 0 -1.73194791841524e-13 -780
17 0 269.5 -780
18 581.4 2.44800908738405e-14 -49.7514718625762
19 581.4 246.5 -49.7514718625762
20 142.356553615049 0 0
21 0 246.5 -5.47339951140202e-14
22 142.356553615049 246.5 -5.47339951140202e-14
23 490.6 246.5 -49.7514718625762
24 490.6 2.44800908738405e-14 -49.7514718625762
25 0 0 0
26 581.4 219.1110822022794 -4.865243368230111e-14
27 581.4 191.7222286828311 -4.257088652322566e-14
28 581.4 164.3333751324761 -3.648933935728756e-14
29 581.4 136.9445215462536 -3.040779218338527e-14
30 581.4 109.5556681392285 -2.43262450492728e-14
31 581.4 82.16681455300707 -1.824469787537074e-14
32 581.4 54.77796100265419 -1.216315070943311e-14
33 581.4 27.38910748320906 -6.081603550358368e-15
34 582 220.060667061555 19.99999999999995
35 582 188.6234688972977 19.99999999999996
36 582 157.1862359341658 19.99999999999996
37 582 125.7490265234054 19.99999999999997
38 582 94.31181566375346 19.99999999999998
39 582 62.87458295441288 19.99999999999999
40 582 31.43738552234339 19.99999999999999
41 582 223.5526310306453 -4.963865563715086e-14
42 582 195.6085791678856 -4.343382968127981e-14
43 582 167.6645097799078 -3.722899983402864e-14
44 582 139.7204707032871 -3.102417671725075e-14
45 582 111.7764437298266 -2.481935628791432e-14
46 582 83.8324053603462 -1.861453332815313e-14
47 582 55.88833715259443 -1.240970374296477e-14
48 582 27.94428424917496 -6.204877556020822e-15
49 600 33.6647093898527 20.00000000000003
50 600 67.32925980607365 20.00000000000002
51 600 100.9938218579163 20.00000000000002
52 600 134.6583675236112 20.00000000000001
53 600 168.322933821435 20
54 600 201.9874753746914 20
55 600 235.6520448301289 19.99999999999999
56 25.48485178716828 269.5 19.9999999999999
57 50.96959774540551 269.5 19.9999999999999
58 76.4543505019434 269.5 19.9999999999999
59 101.939112733594 269.5 19.9999999999999
60 127.4238689157602 269.5 19.9999999999999
61 152.9779632554218 269.5 19.9999999999999
62 180.3156438848409 269.5 19.9999999999999
63 211.9365724552918 269.5 19.9999999999999
64 249.4969496099508 269.5 19.9999999999999
65 294.3095643785615 269.5 19.9999999999999
66 341.4905944041944 269.5 19.9999999999999
67 387.9055885623255 269.5 19.9999999999999
68 428.7346550908397 269.5 19.9999999999999
69 464.8862834765654 269.5 19.9999999999999
70 498.8172776255608 269.5 19.9999999999999
71 532.5135735810439 269.5 19.9999999999999
72 566.2098685786566 269.5 19.9999999999999
73 23.81584088732421 251.5 19.9999999999999
74 47.63152074334562 251.5 19.9999999999999
75 71.4472257794705 251.5 19.9999999999999
76 95.26289758157827 251.5 19.9999999999999
77 119.0786049792143 251.5 19.9999999999999
78 142.8947248486186 251.5 19.9999999999999
79 167.6487104012147 251.5 19.9999999999999
80 196.1199940031171 251.5 19.9999999999999
81 230.1307836596668 251.5 19.9999999999999
82 271.1385122469483 251.5 19.9999999999999
83 318.365577597891 251.5 19.9999999999999
84 365.9760533294944 251.5 19.9999999999999
85 409.7566282525968 251.5 19.9999999999999
86 447.6585629506936 251.5 19.9999999999999
87 482.0082833734946 251.5 19.9999999999999
88 515.3466901723742 251.5 19.9999999999999
89 548.6733231282177 251.5 19.9999999999999
90 440.848528137424 30.81261015211811 -6.841773847936065e-15
91 440.848528137424 61.62508919921482 -1.368351858470945e-14
92 440.848528137424 92.43753330109001 -2.052525556208493e-14
93 440.848528137424 123.2499999999998 -2.736699755701003e-14
94 440.848528137424 154.0624666989098 -3.420873955193516e-14
95 440.848528137424 184.8749108007851 -4.105047652931068e-14
96 440.848528137424 215.6873898478819 -4.789222126608407e-14
97 470.5665154575897 246.5 -5.47339951140202e-14
98 498.4076883590471 246.5 -5.47339951140202e-14
99 526.0717886855226 246.5 -5.47339951140202e-14
100 553.7358885714056 246.5 -5.47339951140202e-14
101 553.0292597740487 251.5 -5.58442181386453e-14
102 524.058589859844 251.5 -5.58442181386453e-14
103 495.0879196980682 251.5 -5.58442181386453e-14
104 465.7709468615146 251.5 -5.58442181386453e-14
105 433.9704132601998 251.5 -5.58442181386453e-14
106 397.4122348779022 251.5 -5.58442181386453e-14
107 354.2617346211683 251.5 -5.58442181386453e-14
108 307.4763109249336 251.5 -5.58442181386453e-14
109 261.9589968794144 251.5 -5.58442181386453e-14
110 223.5025584961811 251.5 -5.58442181386453e-14
111 191.6582190333946 251.5 -5.58442181386453e-14
112 165.2463344003447 251.5 -5.58442181386453e-14
113 143.1171416806341 251.5 -5.58442181386453e-14
114 122.6694584853573 251.5 -5.58442181386453e-14
115 102.224678003418 251.5 -5.58442181386453e-14
116 81.77992130726454 251.5 -5.58442181386453e-14
117 61.33513128758102 251.5 -5.58442181386453e-14
118 40.89026235554877 251.5 -5.58442181386453e-14
119 20.4454415287837 251.5 -5.58442181386453e-14
120 600 -2.170936107246499e-15 -9.777027043640402
121 600 -7.775244174635873e-15 -35.01658676760471
122 600 -1.284048356490343e-14 -57.82839699815608
123 600 -1.822340034132967e-14 -82.07089898663571
124 600 -2.451437758569176e-14 -110.4029417601411
125 600 -3.201966581652615e-14 -144.2037550398351
126 600 -4.102120849491113e-14 -184.7430992919693
127 600 -5.11629667662385e-14 -230.417518063601
128 600 -6.13322855225123e-14 -276.2160582249675
129 600 -7.150160427878606e-14 -322.0145983863339
130 600 -8.167092303505983e-14 -367.8131385477004
131 600 -9.184024179133358e-14 -413.6116787090667
132 600 -1.020095605476074e-13 -459.4102188704331
133 600 -1.121788793038811e-13 -505.2087590317995
134 600 -1.223481980601549e-13 -551.0072991931659
135 600 -1.325175168164287e-13 -596.8058393545323
136 600 -1.426868355727025e-13 -642.6043795158988
137 600 -1.528561543289764e-13 -688.4029196772659
138 600 -1.630254730852503e-13 -734.2014598386329
139 600 44.91666666666657 -780.0000000000001
140 600 89.83333333333326 -780.0000000000001
141 600 134.7500000000001 -780.0000000000001
142 600 179.666666666667 -780.0000000000001
143 600 224.5833333333336 -780.0000000000001
144 600 269.5000000000002 -11.64106425995658
145 600 269.5000000000002 -38.96797546165089
146 600 269.5000000000002 -64.74878397229895
147 600 269.5000000000002 -92.62408682023874
148 600 269.5000000000002 -125.1378752167657
149 600 269.5000000000001 -163.9775854600272
150 600 269.5000000000001 -209.9788358181536
151 600 269.5000000000001 -257.4805994999742
152 600 269.5000000000001 -304.9823631817947
153 600 269.5000000000001 -352.484126863615
154 600 269.5000000000001 -399.9858905454354
155 600 269.5000000000001 -447.4876542272557
156 600 269.5000000000001 -494.9894179090761
157 600 269.5000000000001 -542.4911815908964
158 600 269.5000000000001 -589.9929452727168
159 600 269.5000000000001 -637.4947089545371
160 600 269.5 -684.996472636358
161 600 269.5 -732.4982363181791
162 553.8461538461538 -1.73194791841524e-13 -780
163 507.6923076923077 -1.73194791841524e-13 -780
164 461.5384615384615 -1.73194791841524e-13 -780
165 415.3846153846154 -1.73194791841524e-13 -780
166 369.2307692307692 -1.73194791841524e-13 -780
167 323.0769230769231 -1.73194791841524e-13 -780
168 276.9230769230769 -1.73194791841524e-13 -780
169 230.7692307692308 -1.73194791841524e-13 -780
170 184.6153846153845 -1.73194791841524e-13 -780
171 138.4615384615384 -1.73194791841524e-13 -780
172 92.30769230769226 -1.73194791841524e-13 -780
173 46.15384615384619 -1.73194791841524e-13 -780
174 0 44.91666666666657 -780
175 0 89.83333333333326 -780
176 0 134.7500000000001 -780.0000000000001
177 0 179.666666666667 -780.0000000000001
178 0 224.5833333333336 -780.0000000000001
179 553.8461538461538 269.5 -780
180 507.6923076923076 269.5 -780
181 461.5384615384614 269.5 -780
182 415.3846153846154 269.5 -780
183 369.2307692307692 269.5 -780
184 323.0769230769231 269.5 -780
185 276.9230769230769 269.5 -780
186 230.7692307692307 269.5 -780
187 184.6153846153845 269.5 -780
188 138.4615384615383 269.5 -780
189 92.30769230769226 269.5 -780
190 46.15384615384619 269.5 -780
191 0 269.4999999999999 -733.6608725482517
192 0 269.4999999999999 -687.3217450965035
193 0 269.4999999999999 -640.9826176447552
194 0 269.4999999999999 -594.643490193007
195 0 269.4999999999999 -548.3043627412586
196 0 269.5 -501.9652352895103
197 0 269.5 -455.6261078377619
198 0 269.5 -409.2869803860136
199 0 269.5 -362.9478529342654
200 0 269.5 -316.6087254825173
201 0 269.5 -270.2695980307692
202 0 269.5000000000001 -223.9304705790212
203 0 269.5000000000001 -177.5913431272731
204 0 269.5000000000001 -131.4858439220096
205 0 269.5000000000001 -90.96479154594078
206 0 269.5000000000001 -57.17498306063112
207 0 269.5000000000001 -28.74919446585619
208 0 269.5000000000001 -4.041038817233186
209 581.4 -7.828372083341854e-15 -35.25585359745594
210 581.4 -4.169699442983497e-15 -18.77865685766739
211 581.4 246.5 -35.28643774507957
212 581.4 246.5 -18.80066068933178
213 581.4 18.96153846153851 -49.75147186257616
214 581.4 37.92307692307702 -49.75147186257617
215 581.4 56.88461538461553 -49.75147186257617
216 581.4 75.8461538461541 -49.75147186257617
217 581.4 94.80769230769255 -49.75147186257618
218 581.4 113.7692307692309 -49.75147186257618
219 581.4 132.7307692307694 -49.75147186257619
220 581.4 151.6923076923078 -49.75147186257619
221 581.4 170.6538461538463 -49.7514718625762
222 581.4 189.6153846153847 -49.7514718625762
223 581.4 208.5769230769231 -49.7514718625762
224 581.4 227.5384615384615 -49.75147186257621
225 162.0183802551452 3.5527136788005e-14 -7.888609052210119e-30
226 185.3604432223601 3.5527136788005e-14 -7.888609052210119e-30
227 213.1362845981936 3.5527136788005e-14 -7.888609052210119e-30
228 246.1955246366298 3.5527136788005e-14 -7.888609052210119e-30
229 285.5456452167111 3.5527136788005e-14 -7.888609052210119e-30
230 328.5592457427426 3.5527136788005e-14 -7.888609052210119e-30
231 371.0947402457945 3.5527136788005e-14 -7.888609052210119e-30
232 408.54856159308 3.5527136788005e-14 -7.888609052210119e-30
233 17.79456920188116 246.5 -5.47339951140202e-14
234 35.58913840376235 246.5 -5.47339951140202e-14
235 53.38370760564354 246.5 -5.47339951140202e-14
236 71.17827680752472 246.5 -5.47339951140202e-14
237 88.9728460094058 246.5 -5.47339951140202e-14
238 106.7674152112869 246.5 -5.47339951140202e-14
239 124.5619844131679 246.5 -5.47339951140202e-14
240 142.356553615049 227.5384615384615 -5.052368779755704e-14
241 142.356553615049 208.576923076923 -4.631338048109394e-14
242 142.356553615049 189.6153846153845 -4.210307316463084e-14
243 142.356553615049 170.6538461538459 -3.789276584816773e-14
244 142.356553615049 151.6923076923075 -3.368245853170465e-14
245 142.356553615049 132.7307692307691 -2.947215121524157e-14
246 142.356553615049 113.7692307692306 -2.526184389877849e-14
247 142.356553615049 94.80769230769216 -2.105153658231541e-14
248 142.356553615049 75.84615384615371 -1.684122926585232e-14
249 142.356553615049 56.88461538461527 -1.263092194938924e-14
250 142.356553615049 37.92307692307683 -8.420614632926157e-15
251 142.356553615049 18.96153846153844 -4.210307316463081e-15
252 460.3606293707866 246.5 -19.51210123336264
253 476.7709911343695 246.5 -35.92246299694561
254 508.76 246.5 -49.7514718625762
255 526.9200000000001 246.5 -49.7514718625762
256 545.0799999999999 246.5 -49.7514718625762
257 563.24 246.5 -49.7514718625762
258 460.3582892252119 -4.332037192919672e-15 -19.50976108778804
259 476.7670541086 -7.975514908759282e-15 -35.91852597117607
260 490.6 18.96153846153851 -49.75147186257616
261 490.6 37.92307692307702 -49.75147186257617
262 490.6 56.88461538461553 -49.75147186257617
263 490.6 75.8461538461541 -49.75147186257617
264 490.6 94.80769230769255 -49.75147186257618
265 490.6 113.7692307692309 -49.75147186257618
266 490.6 132.7307692307694 -49.75147186257619
267 490.6 151.6923076923078 -49.75147186257619
268 490.6 170.6538461538463 -49.7514718625762
269 490.6 189.6153846153847 -49.7514718625762
270 490.6 208.5769230769231 -49.7514718625762
271 490.6 227.5384615384615 -49.75147186257621
272 508.76 -1.10470459141645e-14 -49.7514718625762
273 526.9200000000001 -1.10470459141645e-14 -49.7514718625762
274 545.08 -1.10470459141645e-14 -49.7514718625762
275 563.24 -1.10470459141645e-14 -49.7514718625762
276 17.79456920188116 3.5527136788005e-14 -7.888609052210119e-30
277 35.58913840376235 3.5527136788005e-14 -7.888609052210119e-30
278 53.38370760564354 3.5527136788005e-14 -7.888609052210119e-30
279 71.17827680752472 3.5527136788005e-14 -7.888609052210119e-30
280 88.97284600940586 3.5527136788005e-14 -7.888609052210119e-30
281 106.7674152112869 3.5527136788005e-14 -7.888609052210119e-30
282 124.561984413168 3.5527136788005e-14 -7.888609052210119e-30
283 0 227.5384615384615 -5.052368779755711e-14
284 0 208.576923076923 -4.631338048109401e-14
285 0 189.6153846153845 -4.21030731646309e-14
286 0 170.6538461538459 -3.789276584816781e-14
287 0 151.6923076923075 -3.368245853170472e-14
288 0 132.7307692307691 -2.947215121524164e-14
289 0 113.7692307692306 -2.526184389877856e-14
290 0 94.80769230769218 -2.105153658231548e-14
291 0 75.84615384615373 -1.684122926585239e-14
292 0 56.88461538461529 -1.263092194938931e-14
293 0 37.92307692307685 -8.420614632926224e-15
294 0 18.96153846153844 -4.210307316463149e-15
295 581.4 20.31814258284885 -27.95410654674649
296 581.4 226.1982209601335 -27.96944907800576
297 581.4 123.2500000000001 -23.89436054428889
298 581.4 199.0961538461539 -25.35717624693321
299 581.4 47.40384615384636 -25.39742516618572
300 581.4 161.7616045603649 -26.90717093324619
301 581.4 84.7384356467162 -26.9071709027087
302 581.4 143.272061211593 -33.03130694053345
303 581.4 180.1346153846155 -32.11425753995213
304 581.4 103.2279497615086 -33.03129597059729
305 581.4 66.36538461538476 -32.1142607610432
306 581.4 11.92681251651447 -11.68319085110347
307 581.4 234.5773257906032 -11.69252744183441
308 581.4 237.0192307692307 -42.51895480382795
309 581.4 9.480769230769425 -42.50366273001609
310 581.4 67.76733707195876 -15.08261243697452
311 581.4 178.732798649304 -15.07849805461772
312 581.4 100.5877736200921 -16.76656548351898
313 581.4 145.9123124901375 -16.76656768361372
314 582 236.6533245230501 9.999999999999948
315 582 14.84541744287958 9.999999999999998
316 591 16.27552372804905 20.00000000000004
317 12.32517316862311 260.5 19.99999999999998
318 35.72368081533477 259.4732491143581 19.99999999999998
319 271.380763373994 122.9875509769844 -2.730872216738161e-14
320 215.2881927058784 175.6340446719823 -3.899859206057556e-14
321 211.3477244196754 67.61790226768136 -1.501419039488667e-14
322 348.9836429381974 114.1540267705381 -2.534728577486554e-14
323 199.1714660840328 123.2499999999998 -2.736699755701003e-14
324 382.2582982156929 171.8478735001867 -3.815789317855565e-14
325 175.6193029296074 216.4736774818755 -4.806681219313162e-14
326 282.7547365176067 185.9671646640448 -4.129300560685602e-14
327 265.5815387642891 55.00499176583332 -1.221356166554904e-14
328 175.1862064134206 163.2912418791742 -3.62579392907789e-14
329 385.0902878999414 44.36450071277022 -9.850898033463321e-15
330 177.4215110768566 32.08807918226898 -7.124984864830026e-15
331 174.3970551678467 83.29133317259178 -1.849439116798727e-14
332 325.361892604378 59.17813826017442 -1.314018633017929e-14
333 173.2946266726517 123.2242236718925 -2.736127406241902e-14
334 243.7825015902879 213.5539816591053 -4.741850948766335e-14
335 400.3741799920208 108.5023424554151 -2.409235976395306e-14
336 229.0424593460097 35.65997997755977 -7.918106165751774e-15
337 326.8532297481962 203.9884790927647 -4.529454124941089e-14
338 174.1541186214606 189.6082210439462 -4.210148253224098e-14
339 307.6897507792155 150.3891648236471 -3.339310268827208e-14
340 397.8623896827995 207.7982355585971 -4.614047711872723e-14
341 173.1071776264054 57.50141728890631 -1.276787948454455e-14
342 232.6611675826114 100.0606828860947 -2.221793479997171e-14
343 204.0388975205125 224.8113549901476 -4.991814850144822e-14
344 232.9262057791515 144.9071325857204 -3.217584700581537e-14
345 424.3926009636498 231.0936949239409 -5.131310819005211e-14
346 199.2483639102769 22.6999562504682 -5.040402817450701e-15
347 156.4185003576805 237.019230769229 -5.262884145578822e-14
348 307.7366496726543 101.4936768051072 -2.253612336857881e-14
349 161.2092962313051 142.2527805972501 -3.158646246720352e-14
350 161.0930359967988 104.229557178022 -2.314361084510483e-14
351 411.3181094980255 138.6562333494548 -3.07878685544726e-14
352 409.3121725019639 69.53438255245828 -1.543973450256657e-14
353 195.8312682419895 200.0788572090945 -4.442643080284507e-14
354 156.5401209287265 161.4815636504781 -3.585611000344664e-14
355 415.7658078378314 176.2534783720445 -3.913613397178311e-14
356 199.8243072184134 92.39873135493232 -2.051663979928002e-14
357 354.3270747840455 34.51436266743923 -7.663728022730781e-15
358 195.1970224884346 47.03399756282823 -1.044364540688307e-14
359 200.9919341455329 153.3209944495388 -3.404409963926071e-14
360 156.1952564550095 85.02770961052715 -1.887994418814976e-14
361 244.6125446358838 179.7991181256966 -3.992342415008928e-14
362 370.574875120091 71.70795890313258 -1.592236540462643e-14
363 154.7730584991223 217.7408893425285 -4.834818975008665e-14
364 377.1111976521356 140.3638761787651 -3.116704143185986e-14
365 411.4985481430579 29.24347922026197 -6.49335679009642e-15
366 181.5560982279487 105.2787690754877 -2.337658268636024e-14
367 158.3852457928206 19.48236296010438 -4.325953586482435e-15
368 293.9997393468126 35.17401128640466 -7.810199439718303e-15
369 284.6087262092551 221.9416996328314 -4.928095701136195e-14
370 157.6834780168999 200.3582851575455 -4.448847627126389e-14
371 181.9707059093886 141.0678481195711 -3.132335460333443e-14
372 158.2776833313966 45.04082272572609 -1.000107168763221e-14
373 156.8412808211123 180.1346153846152 -3.99979195063993e-14
374 265.3570140446531 89.28709010970289 -1.982571664831462e-14
375 364.6026658123793 215.2823015725754 -4.78022736000339e-14
376 265.8705849266709 24.15120395768341 -5.362644541247658e-15
377 239.2386953812691 69.42657146142341 -1.541579563145119e-14
378 156.0390582621992 66.36538461538461 -1.473607560762081e-14
379 178.5962508483079 236.2608526482504 -5.246044768553173e-14
380 191.7727742483457 177.2956811930659 -3.936754948542858e-14
381 269.4798503228701 156.4284046359733 -3.473408330644757e-14
382 220.7106809389105 198.7754713312053 -4.41370210005243e-14
383 344.86770719701 167.9678860165637 -3.729636289064052e-14
384 156.0620132261707 123.2413122894328 -2.736506849774948e-14
385 423.2336916386249 202.3242871645595 -4.492501641019314e-14
386 189.9934664019401 69.15592440133688 -1.535569991192016e-14
387 291.6073668865574 68.02758164544451 -1.510515749046802e-14
388 561.850223122585 246.5 -28.53444721202565
389 498.7592496081538 246.5 -28.0305162928551
390 535.5292801295591 246.5 -26.29253705267601
391 517.8399999999996 246.5 -33.07719324189739
392 481.965036816499 246.5 -16.52658257720468
393 569.5965279234977 246.5 -11.83377697533939
394 514.9565218254797 246.5 -16.64847839668354
395 572.2295574189523 246.5 -42.07955517001295
396 464.2670514823075 198.1996159065254 -23.41852334488368
397 464.2670778858525 48.30044405166967 -23.41854974842866
398 465.0778174268178 97.33995471004124 -24.22928928939394
399 465.0778174268178 149.160045289959 -24.22928928939402
400 468.6563258833849 74.8728035408343 -27.80779774596104
401 468.656320602676 171.6272084508049 -27.80779246525215
402 473.189039880054 221.7087031926352 -32.34051174263017
403 473.1894975946806 24.79211561673083 -32.34096945725676
404 475.1463233545364 123.2500000000002 -34.29779521711252
405 456.5682860096513 22.95992231388652 -15.71975787222742
406 456.5679322694098 223.541101559957 -15.71940413198599
407 479.0302707903601 199.23955622773 -38.18174265293631
408 479.0302959943467 47.26048952235141 -38.18176785692285
409 479.9357652658371 103.2958177058304 -39.08723712841326
410 479.9357652658372 143.2041822941702 -39.08723712841334
411 479.1934646800655 161.0787008776172 -38.34493654264161
412 479.1934655601835 85.42130112098954 -38.34493742275968
413 480.2908847850613 66.36538461538487 -39.44235664763751
414 480.2908847850616 180.1346153846154 -39.44235664763775
415 454.045004274055 170.0195427376518 -13.19647613663118
416 454.0450059235892 76.48046100817453 -13.19647778616535
417 456.8100104383718 123.2500000000005 -15.96148230094801
418 480.5781090677435 232.486679200498 -39.72958093031964
419 480.5778486327448 14.01211901007167 -39.72932049532093
420 566.4256457255666 251.5 9.999999999999922
421 178.4522767168697 251.5 8.558003316734188
422 154.726727832703 251.5 9.999999999999922
423 11.06532060402698 251.5 9.999999999999922
424 131.9399824984561 251.5 9.999999999999922
425 600 141.2538742039793 -129.2522062738325
426 600 134.4442539940985 -262.4503288028004
427 600 139.5362875053432 -621.3530274740712
428 600 134.0754249130813 -482.3094889511165
429 600 77.07642213478721 -71.28945119331867
430 600 187.6170232175743 -64.06104634509754
431 600 112.0578424184514 -372.3426634778688
432 600 206.3759412864961 -124.3554293956675
433 600 130.4967620360128 -39.72276597592623
434 600 64.17945798268084 -136.0271444065295
435 600 171.8965812726677 -187.9685067184699
436 600 84.21864065296404 -696.4599422412721
437 600 185.2923185435058 -695.9599895267767
438 600 50.89372489804146 -27.16425908302021
439 600 81.86569021480756 -545.2621467115498
440 600 189.9083403264884 -330.8468215665905
441 600 184.6782003005585 -550.9012200423457
442 600 189.5528688026051 -412.2601175279977
443 600 221.4072598189018 -30.09646138547422
444 600 79.96097578529196 -212.7102213159711
445 600 42.73840460945746 -97.53805619857728
446 600 228.1338814210429 -75.8460745793053
447 600 147.1431576199579 -86.59940565915994
448 600 71.18830461113572 -442.6497866770505
449 600 91.08446340304653 -29.82072474744329
450 600 73.91840763370413 -307.3468343578591
451 600 169.4911639782046 -23.53446022465707
452 600 65.2308122223871 -619.7051094352155
453 600 207.5401075978056 -617.7616865688207
454 600 202.4511784961257 -481.5634826180101
455 600 201.7350958910785 -253.5239839634655
456 600 35.82936777734864 -60.90381109181865
457 600 105.309548225221 -99.93255779636688
458 600 213.927287543143 -185.5749880630019
459 600 103.49607665393 -176.0432864905764
460 600 66.4468462760023 -496.4263714670362
461 600 181.9014898730411 -95.45767452645173
462 600 110.6118872354221 -65.01424717909914
463 600 65.59775793334694 -390.7629161462593
464 600 134.8128659705711 -719.614129826815
465 600 115.8531689341929 -10.74047137937475
466 600 158.4554900228334 -50.42447955547881
467 600 242.4869743319669 -51.72224060423525
468 600 75.23294306842701 -103.2023683599483
469 600 130.0952331028346 -320.1081540819711
470 600 128.6445113695147 -426.6676070651217
471 600 212.5954260294238 -56.11414858773841
472 600 236.951121322109 -117.6012808714638
473 600 221.0079422253452 -372.8464039891947
474 600 47.63704761737569 -257.3319690757235
475 600 33.25592428061714 -161.5267148825337
476 600 50.93564695428097 -729.1717610271332
477 600 30.99580048531027 -124.2230674347616
478 600 24.12125848536101 -23.63819894772104
479 600 131.3939747257888 -538.2038500463634
480 600 218.3911415151996 -729.1577853683057
481 600 194.0280988594955 -36.85380456845972
482 600 135.6718643145647 -672.181342411238
483 600 44.35852315533424 -662.3858583812954
484 600 167.9046566089415 -152.6660923258655
485 600 225.9323721382143 -656.7305989446808
486 600 142.6738969849409 -14.35295184313495
487 600 69.20031718243825 -14.04007629314774
488 600 60.1621123706434 -51.94224582446813
489 600 44.74265451456961 -579.5447304173886
490 600 247.9758774832175 -23.31707578343474
491 600 126.2680610160606 -212.3958211247404
492 600 161.3284882363427 -372.5456450225527
493 600 200.0771342054044 -10.58640897415971
494 600 221.8914382561043 -297.3289179124712
495 600 222.8150905729878 -518.6391253063817
496 600 101.2209563974911 -131.3727094326634
497 600 224.7623340120779 -575.4957340066062
498 600 205.5970288839392 -78.16233133728163
499 600 220.4421627195705 -443.6552617582583
500 600 19.02569895077681 -46.42249188288041
501 600 39.6968682458953 -346.3713085565818
502 600 172.0160760328783 -287.5861512400828
503 600 54.10914849083747 -76.35236436123574
504 600 147.7805887597723 -578.0062374453532
505 600 36.105629429771 -204.6282168597305
506 600 93.61142929418634 -736.8108363083351
507 600 175.8618404034049 -736.9334698484068
508 600 233.1316579432512 -225.0216556505017
509 600 234.559731824371 -151.5395918546693
510 600 177.7932555257069 -644.0571921883234
511 600 134.123056227888 -62.77017207670032
512 600 101.0557819639131 -590.3147286996603
513 600 23.81734892446445 -81.47875099717595
514 600 96.84046580472341 -650.1279993676816
515 600 165.2934400364472 -70.92095022655269
516 600 167.9681336884266 -454.8826463678558
517 600 170.1407193205442 -510.2282080611445
518 600 93.48715525038375 -254.0993934648326
519 600 36.68919006781766 -526.6264659620094
520 600 100.5910419756713 -508.9478791309338
521 600 44.19122901794731 -4.298216078878351
522 600 226.7881879742705 -3.303413045507821
523 600 108.9461176198525 -43.24180730215137
524 600 249.5368298505565 -73.48234017060943
525 600 154.075175468708 -108.7338963251621
526 600 32.25046469939497 -301.8561537202932
527 600 69.70317008829693 -170.3847155646674
528 600 31.59567889848154 -431.795568461632
529 600 165.1124457708075 -235.5434505779793
530 600 87.82157817206638 -53.59264743787449
531 600 121.6135769395914 -82.78628992713267
532 600 99.01074867548994 -470.68416616454
533 600 71.83243920524728 -35.31199067719077
534 600 81.90930528701631 -346.9777401366051
535 600 233.616785335277 -334.5538631847159
536 600 175.091913584839 -126.3824650751488
537 600 135.6183520918668 -163.4134746019962
538 600 20.17143854628171 -0.2303979987009726
539 600 88.8922062367335 -2.920254483993148
540 600 94.37210408311216 -408.1057433415751
541 600 107.4338023777057 -289.283301320287
542 600 19.51031080384649 -99.14274307545834
543 600 176.8041688316563 -45.29103277067462
544 600 28.59601287996753 -619.7051094352155
545 600 178.3053368595724 -1.039873132611795
546 600 240.620201319948 -613.7438271136269
547 600 246.0972966744644 -96.00772731600013
548 600 217.7373238786138 -99.3327126478151
549 600 38.00643249643429 -42.01420136598168
550 600 236.9416863577368 -477.2669883637964
551 600 96.6693096698238 -80.06390041734264
552 600 150.2793282554979 -32.00866439979927
553 600 27.07994940152679 -482.3094889511164
554 600 251.7180534415669 2.224478845633179
555 600 233.9568116442504 -410.8370323065834
556 600 181.8905730990317 -592.6342285190503
557 600 129.5805154115224 -105.1214930805872
558 600 235.7433700959598 -697.5845417818333
559 600 16.96705228519875 -64.55947901683143
560 600 33.50650952240494 -698.7439920297875
561 600 197.3475629792706 -157.1517733366682
562 600 235.0793004250182 -264.7208501886697
563 600 53.88729994956924 -115.4911766167691
564 600 246.1771922021165 -187.1008232565293
565 600 247.0416666666667 -756.2491181590897
566 600 197.1606136841896 -217.5265169946837
567 600 158.6903398335528 0.2145429599192425
568 600 27.49007236343112 -752.1658795076605
569 600 27.37806101554469 -390.0709220842481
570 342.6379003776219 135.816574123408 -780.0000000000001
571 161.5384615384614 134.7499999999999 -780.0000000000001
572 471.2296632815335 124.9510310334188 -780.0000000000001
573 247.8863960671438 102.8477827559055 -780.0000000000001
574 83.99381845845596 185.2874120945214 -780.0000000000001
575 83.99381845845608 84.21258790547841 -780.0000000000001
576 253.8461538461537 184.8015917902202 -780.0000000000001
577 418.0861980988499 187.9277670904663 -780.0000000000001
578 521.3277453391595 191.8446565236724 -780.0000000000001
579 399.4232990227174 81.61894438291989 -780.0000000000001
580 520.5424819861939 71.01563765404603 -780.0000000000001
581 346.1538461538462 204.1010459320898 -780.0000000000001
582 163.5696391589574 200.8730709867839 -780.0000000000001
583 161.5384615384616 65.39895406790998 -780.0000000000001
584 322.5968056711662 64.34321679297938 -780.0000000000001
585 468.2481842157994 63.73040016199946 -780.0000000000001
586 539.1771581734191 132.6541189473062 -780.0000000000001
587 464.2089240424525 211.196330448172 -780.0000000000001
588 58.60471468659125 134.75 -780.0000000000001
589 216.8154184457984 54.57163942058367 -780.0000000000001
590 289.7697457038834 140.9086403857843 -780.0000000000001
591 217.9225619884244 140.9086403857841 -780.0000000000001
592 301.5562161001298 225.7862386421353 -780.0000000000001
593 206.4262598236773 225.3250993642346 -780.0000000000001
594 420.3805805181029 136.5737558938951 -780.0000000000001
595 51.10794255905512 218.2385640162668 -780.0000000000001
596 51.10794255905512 51.26143598373312 -780.0000000000001
597 108.2046026101272 134.7499999999999 -780.0000000000001
598 118.4843406144669 44.47287366946739 -780.0000000000001
599 117.70445127456 224.7330385659145 -780.0000000000001
600 365.1627848195935 56.09143604298833 -780.0000000000001
601 271.6853853657236 53.61964420911227 -780.0000000000001
602 387.5779302199234 225.8156233651963 -780.0000000000001
603 552.7149379535795 222.6331363211215 -780.0000000000001
604 189.3749501396148 99.13590947215181 -780.0000000000001
605 456.7076666841391 167.0938520337365 -780.0000000000001
606 555.8061262497785 42.94195548725151 -780.0000000000001
607 253.8612604804467 233.454992201173 -780.0000000000001
608 43.03241703896197 175.7935937927379 -780.0000000000001
609 43.03241703896197 93.70640620726209 -780.0000000000001
610 354.5875169710475 95.84731782647486 -780.0000000000001
611 427.9630597279166 43.09367118324167 -780.0000000000001
612 130.5484012593993 96.33844020272761 -780.0000000000001
613 130.5484012593991 173.1615597972723 -780.0000000000001
614 372.5848423495303 169.4255229660448 -780.0000000000001
615 558.4046378456184 170.6297020042953 -780.0000000000001
616 194.5999356249472 175.8901008062294 -780.0000000000001
617 312.6804256332681 178.2896786176723 -780.0000000000001
618 501.9048827237391 226.9924950658704 -780.0000000000001
619 558.1567260427428 96.97490750831992 -780.0000000000001
620 500.9004435152872 40.69466622062708 -780.0000000000001
621 442.433417233766 95.31243276328053 -780.0000000000001
622 503.9677569195701 153.4524015742362 -780.0000000000001
623 429.3592258568605 232.7879441807669 -780.0000000000001
624 319.4770272824699 104.8232149530951 -780.0000000000001
625 508.6307013390546 107.942095995487 -780.0000000000001
626 307.7050218051644 30.00420913221132 -780.0000000000001
627 346.1538461538462 240.8720282851149 -780.0000000000001
628 162.4293387967227 30.1807128652884 -780.0000000000001
629 161.8532539508911 239.3996882332128 -780.0000000000001
630 379.3155138744027 124.854924803436 -780.0000000000001
631 253.8461538461538 148.1545273753655 -780.0000000000001
632 390.9832537271228 28.93236351528537 -780.0000000000001
633 81.83216428186245 33.76783995346136 -780.0000000000001
634 81.83216428186245 235.7321600465384 -780.0000000000001
635 287.7931676886307 87.20032563682906 -780.0000000000001
636 243.0332750415414 32.20567577713359 -780.0000000000001
637 488.3325515138314 186.9288197488871 -780.0000000000001
638 28.09567234638689 27.61531845394694 -780.0000000000001
639 28.095672346387 241.8846815460528 -780.0000000000001
640 576.9230769230769 247.0416666666669 -780.0000000000001
641 162.5641093954413 171.1686828975713 -780.0000000000001
642 346.2333478114742 25.33401352479939 -780.0000000000001
643 300.3536321947842 269.5 -280.4658674920664
644 254.3199748047763 269.4999999999999 -535.0356273091453
645 166.6468035701314 269.5000000000001 -146.7887887906287
646 436.4119307447941 269.5000000000001 -144.5577303383964
647 422.7975329052855 269.5 -431.4381974096355
648 431.2123584499786 269.4999999999999 -612.3166906572537
649 155.3700791997935 269.5 -383.7510154464543
650 89.19673161776856 269.5000000000001 -69.08111229773652
651 454.5227435369865 269.5 -289.709047207585
652 145.4328544991554 269.4999999999999 -634.2403629792681
653 300.1199947660765 269.5000000000001 -119.359693546421
654 506.9531982871169 269.5000000000001 -77.67931867392662
655 299.9347298968629 269.4999999999999 -653.4942008156895
656 166.6468035701314 269.5000000000001 -57.16069469435894
657 125.06254424053 269.5 -505.3439077282969
658 132.6974196408583 269.5 -264.4637654438551
659 293.195318709408 269.5 -408.020682575946
660 424.4333354211647 269.5000000000001 -66.04008211535904
661 497.4943819908835 269.4999999999999 -515.6390156976875
662 522.5583374043599 269.5000000000001 -158.9657892144382
663 358.0331663961099 269.4999999999999 -521.175169312677
664 497.6049089739963 269.4999999999999 -677.8529018687605
665 351.3222077097369 269.5000000000001 -198.5650241080405
666 499.8356577624284 269.5 -378.9723493511797
667 78.13503813284666 269.5000000000001 -151.0335850154236
668 213.645967419078 269.5000000000001 -231.7485544793352
669 246.3873537833441 269.5000000000001 -59.72101998659548
670 370.238028380306 269.5 -341.573825234529
671 548.7677743238362 269.5000000000001 -55.06863539400501
672 392.3076923076923 269.4999999999999 -690.891429148394
673 216.9869200478945 269.4999999999999 -690.7333525107117
674 550.4987937454066 269.5000000000001 -106.314184489194
675 82.51462786238532 269.5 -423.3774382622071
676 54.23654712295471 269.5000000000001 -29.82476709262249
677 82.28663755557459 269.4999999999999 -695.0215320717325
678 227.2748277844971 269.5 -320.4133728149843
679 82.33312049645882 269.5 -339.7782892083914
680 343.129244375548 269.5000000000001 -51.77862796543417
681 519.8183223715389 269.4999999999999 -592.1749669126483
682 77.55982888901221 269.4999999999999 -579.8913307413276
683 520.1993532172291 269.5000000000001 -241.7173003266254
684 194.7913910554505 269.5 -466.0737947442591
685 512.2422972139223 269.5000000000001 -29.51295296212243
686 230.1827142576313 269.4999999999999 -610.8333801143024
687 114.330007392808 269.5000000000001 -25.66212197694324
688 433.7067306481413 269.5000000000001 -220.3530038086636
689 283.5458429950666 269.5000000000001 -190.9662157670268
690 350.8853099262975 269.4999999999999 -596.0606133223612
691 380.7410914553843 269.5000000000001 -116.5349251878327
692 470.9500778398069 269.5000000000001 -51.52387457626787
693 464.1732579050433 269.5000000000001 -108.4187140296866
694 528.4943777704074 269.5 -447.6731735185687
695 374.2475509827418 269.5 -267.3831403276745
696 526.409271919508 269.5 -312.9245871084523
697 303.5645204297303 269.5 -476.4834108121546
698 184.9792326115947 269.4999999999999 -549.283319845414
699 71.71378039461308 269.5000000000001 -224.6048856423666
700 197.0697485344671 269.5000000000001 -21.74357967167009
701 232.9455101569248 269.5000000000001 -127.4592419574954
702 151.8709250774165 269.4999999999999 -711.9148195878274
703 40.11031873781756 269.5000000000001 -74.06988730328601
704 133.9018004811576 269.5000000000001 -101.9747417424938
705 326.9981724572252 269.4999999999999 -714.4282595872903
706 426.9091728908695 269.4999999999999 -535.601271246588
707 153.6118334976424 269.5000000000001 -18.70751052230071
708 445.2380683488955 269.5 -357.9097805356419
709 78.18800744719535 269.5 -497.0495224042431
710 132.757346419871 269.5000000000001 -197.0075616729942
711 290.7459849132424 269.4999999999999 -574.2688716300688
712 313.0677575462839 269.5 -337.5508505074939
713 354.4663134395055 269.5 -403.7570101120746
714 233.7700117521266 269.5 -375.6852520999873
715 438.9253625202157 269.5000000000001 -21.99377316850007
716 388.6295276325615 269.5000000000001 -27.44284819953793
717 157.0711242014949 269.5 -322.5488766361387
718 446.1489614215552 269.4999999999999 -719.4783451946781
719 540.3949701745403 269.5000000000001 -16.11752381144987
720 80.97708459745859 269.5000000000001 -16.28968333824128
721 64.01885796726927 269.4999999999999 -636.4573808263733
722 62.85634569884347 269.5 -293.631748132725
723 540.455444750657 269.4999999999999 -720.8162972610085
724 562.7642904991175 269.5000000000001 -140.7559279981175
725 272.8143339294967 269.4999999999999 -727.2059933293283
726 499.0722852699404 269.5000000000001 -127.6874448847402
727 458.9228645794619 269.5 -454.3331029335203
728 364.6724878148911 269.5 -466.912654116854
729 537.9490973988484 269.4999999999999 -540.5642699630271
730 152.6008503935968 269.5 -437.9625965176472
731 461.3698306684457 269.5000000000001 -183.9918793026606
732 571.2733541740456 269.5000000000001 -23.508837838023
733 294.6639325618113 269.5000000000001 -38.23689718972349
734 448.7630089246919 269.4999999999999 -655.4802108563879
735 464.8006961763011 269.5000000000001 -27.86236278241165
736 34.57030929846596 269.5000000000001 -14.61553215857407
737 543.2643838044294 269.4999999999999 -643.6228479553697
738 570.104209936348 269.5000000000001 -77.04098846745177
739 50.24036258533739 269.5 -386.1174166601394
740 215.8749946789847 269.5000000000001 -92.31083791735864
741 238.6363510520182 269.5 -451.5127432746183
742 65.62895120674874 269.5000000000001 -114.7942443022184
743 127.697931726232 269.5000000000001 -65.37512881082762
744 554.0416365919882 269.5000000000001 -193.0195420262049
745 178.4631691740091 269.5 -267.1601686378127
746 134.4443999038789 269.4999999999999 -578.2569756856394
747 356.064992267887 269.4999999999999 -646.1427698089649
748 388.4609696616341 269.5000000000001 -161.0455708653389
749 413.4906739271055 269.5 -480.5346434280264
750 521.8852825812554 269.5000000000001 -54.62734190530722
751 212.666580029599 269.5000000000001 -169.229028996205
752 307.1513961534261 269.4999999999999 -520.500046030861
753 461.9552979314261 269.4999999999999 -574.2052672102188
754 553.2680743039242 269.5 -376.2350087045252
755 248.180339842883 269.5 -272.7380783801623
756 421.0938001710932 269.5000000000001 -101.2955869798978
757 110.7375460289262 269.5 -382.1614714477539
758 238.6485135193152 269.5000000000001 -18.79509469535486
759 44.06200975912569 269.4999999999999 -529.7459950385684
760 50.62209848678509 269.4999999999999 -729.3953968580024
761 315.2176812155924 269.5000000000001 -227.4303322208195
762 25.23379889075229 269.5000000000001 -42.96208876324374
763 536.7552572965856 269.5000000000001 -78.6360776665183
764 455.7439240409507 269.5 -402.381452459616
765 339.2809068885978 269.5000000000001 -150.5184650677442
766 245.2331525538855 269.4999999999999 -651.6035336424625
767 544.8332399092261 269.5 -493.1619571150003
768 472.6008183608831 269.4999999999999 -620.9709912224694
769 204.0989354666224 269.4999999999999 -742.4312217851091
770 196.8603671605914 269.4999999999999 -642.8430725759742
771 406.149975837638 269.5 -305.7138506355027
772 470.8898548033281 269.5000000000001 -240.0862520778563
773 484.1032634131014 269.5 -327.2918457086124
774 496.0770492217629 269.5000000000001 -54.59965361548939
775 60.9677501503311 269.5000000000001 -1.721711386960578
776 394.6619759133634 269.4999999999999 -735.8167220611592
777 116.215241035284 269.4999999999999 -735.6645289626214
778 345.006986923513 269.5 -303.2028857311875
779 398.5061863357039 269.5 -384.6618996836015
780 488.3025330112051 269.4999999999999 -733.9780867076072
781 130.7968290983868 269.5000000000001 -6.263737893479743
782 261.2498810160491 269.5 -344.8211330596959
783 32.28829840526348 269.5000000000001 -103.0155802506956
784 35.17286719905874 269.5000000000001 -146.4469172451279
785 383.2725380959591 269.4999999999999 -559.0755623241621
786 37.97874047385313 269.5 -434.6372391587922
787 553.7998000696222 269.5 -279.9404589289949
788 573.7826262419592 269.5000000000001 -48.77963902616824
789 183.6861288166848 269.4999999999999 -597.2320787750955
790 210.060522886239 269.4999999999999 -514.9379079773018
791 520.0904149042613 269.5000000000001 -103.0047669024354
792 79.54487610313272 269.5000000000001 -41.9687296961543
793 155.9459497643412 269.5000000000001 -228.9494438389505
794 203.440639562964 269.5 -411.5451990988686
795 515.6081220671093 269.5000000000001 -2.661172964912396
796 105.6991933877866 269.4999999999999 -651.2822677385648
797 477.8686643413349 269.5000000000001 -79.68068092058752
798 450.4151556547202 269.5000000000001 -75.62030257469172
799 171.6235512153349 269.5000000000001 -93.47763127205235
800 105.5403997679337 269.5000000000001 -4.836220184483125
801 385.5105569687349 269.5000000000001 -66.41077921321437
802 407.0991262890652 269.4999999999999 -650.5910361648516
803 469.9652782035129 269.5000000000001 -136.3853665044609
804 44.11775863741035 269.4999999999999 -678.3065188775827
805 36.93262293189522 269.5 -332.0871990291137
806 124.201785415667 269.5000000000001 -146.3209916029075
807 330.3683475605017 269.5 -437.7685009914442
808 560.3149483668011 269.5 -420.2196761220873
809 268.8642488849599 269.5000000000001 -233.1684346509336
810 499.0718790050397 269.5 -280.8730643794083
811 107.8752762111527 269.5 -461.4947029206298
812 420.3937335033982 269.5 -259.8545487316389
813 114.4661439406056 269.5 -301.8273968866472
814 296.3796057495317 269.5000000000001 -77.42281245071183
815 340.6056350642507 269.5000000000001 -98.02008253759146
816 221.5045237666244 269.4999999999999 -564.8123106547669
817 566.6659961286728 269.4999999999999 -605.9055065054157
818 36.87251269775723 269.4999999999999 -601.7788751139755
819 194.173884727721 269.5 -353.4584120863515
820 172.0024734206848 269.5000000000001 -4.275438958017901
821 167.1722308237242 269.4999999999999 -508.5667646789955
822 101.0788221459593 269.4999999999999 -538.4050273042601
823 504.5937854796731 269.5000000000001 -197.8997545821425
824 198.5072647484718 269.5000000000001 -56.41896376768773
825 577.0260544303882 269.5000000000001 -108.6226297837325
826 530.9968243646172 269.5000000000001 -127.3456226977851
827 40.59904167598652 269.5 -252.0126709157101
828 268.3639978962253 269.5000000000001 -148.8501948163851
829 42.57441871659276 269.5000000000001 -196.8482352257358
830 272.3365335491129 269.5000000000001 -9.947359423646503
831 138.1512811423681 269.5000000000001 -37.32323380148603
832 391.8263341835571 269.5000000000001 -217.3197648510216
833 494.5786108439038 269.5 -425.7853552736305
834 565.6081579757679 269.5000000000001 -236.4273473199906
835 170.6050763777079 269.4999999999999 -678.9069671273329
836 559.5490853155011 269.4999999999999 -682.829738502656
837 354.2301293889338 269.5000000000001 -14.51099894951778
838 108.0382716011847 269.4999999999999 -612.961075292844
839 305.6098772828382 269.4999999999999 -741.3017981366604
840 576.9297352722344 269.5000000000001 -1.88812904567726
841 561.7285076251908 269.5 -329.3211226014666
842 99.14319722991154 269.5000000000001 -102.4757682164292
843 196.8341273526017 269.5000000000001 -123.7982242608819
844 270.5089513165661 269.5 -484.7572711035897
845 456.8737505721781 269.5 -500.8374959572533
846 422.3551591813144 269.5000000000001 -185.4535898332162
847 346.1538461538462 269.4999999999999 -747.8561345753399
848 535.1681486622159 269.5000000000001 -37.73381341929286
849 172.1108800503578 269.5000000000001 -186.96734465969
850 499.6380441144842 269.4999999999999 -551.4033789148193
851 417.9543432168369 269.5000000000001 -7.788462350909242
852 334.1138995124522 269.4999999999999 -564.1078902960934
853 315.408925677834 269.4999999999999 -612.4261456254241
854 296.9849869638254 269.4999999999999 -693.5784095038659
855 269.9513454473025 269.5 -307.9100114201349
856 337.4836974906963 269.5 -262.3456702862603
857 321.6536811349638 269.5 -386.1735898734725
858 485.3944626627541 269.5000000000001 -8.203343316398957
859 92.87443280822814 269.5000000000001 -190.6469085352128
860 273.0638452467144 269.4999999999999 -616.4470146159631
861 246.0658279074233 269.5000000000001 -197.703003716538
862 444.2645493143153 269.5000000000001 -46.80611585001918
863 162.136511310898 269.4999999999999 -747.9406589574504
864 125.7564378715257 269.4999999999999 -685.1515379735206
865 59.01009531877202 269.5000000000001 -56.69259706812795
866 104.1844421390246 269.5000000000001 -47.15851132399689
867 318.790386449986 269.5000000000001 -184.2857513546597
868 142.5474459451374 269.4999999999999 -535.9711990485212
869 171.8621962954346 269.5000000000001 -32.88812003524646
870 88.17467458815679 269.5 -259.6159947807186
871 493.2811259817124 269.5000000000001 -99.12899995549452
872 260.0119095051812 269.5000000000001 -104.1873001124947
873 123.9956027734558 269.5 -346.0134099250772
874 570.2472744673958 269.4999999999999 -566.2420634318066
875 64.66065609199727 269.5000000000001 -85.41985510145622
876 508.3221083777119 269.4999999999999 -633.655426989812
877 391.1910330808746 269.4999999999999 -605.8594624657039
878 497.6874411104758 269.5 -473.8421873699118
879 453.6130967216297 269.5000000000001 -3.202277953047542
880 149.8939149490693 269.5000000000001 0.1061968709860253
881 85.17573955025215 269.5000000000001 3.430477018062902
882 525.2723767206991 269.5 -348.6493352336244
883 37.79250423194161 269.5 -478.9406533286452
884 335.5765363839805 269.5 -487.4682218587839
885 406.6769480082264 269.5000000000001 -130.8584533428665
886 565.9224343992496 269.5 -459.7913554709727
887 256.0374968170215 269.5 -410.6966085674562
888 196.1305995715059 269.5000000000001 2.171837815597371
889 317.9000793913779 269.5000000000001 -6.91331938244906
890 352.7173003866575 269.4999999999999 -690.2369660116394
891 438.4615384615382 269.4999999999999 -752.4758612697158
892 565.4168547443902 269.4999999999999 -751.360604149185
893 242.8125604285444 269.4999999999999 -741.7967537428433
894 527.1402084456951 269.5 -408.5733072457867
895 485.8929166229094 269.5000000000001 -34.34043745053805
896 395.7992050993056 269.4999999999999 -516.3683048890836
897 17.32696268834038 269.5000000000001 3.119614026739384
898 416.6196125123048 269.5000000000001 -39.41367681625673
899 262.4611139700849 269.4999999999999 -693.0687072574835
900 570.814308667276 269.4999999999999 -523.1979153999598
901 26.66353824914624 269.5 -293.304537267244
902 112.3606006026781 269.5000000000001 -227.5480933190163
903 530.7692307692304 269.4999999999999 -754.1145882169142
904 553.8773747153194 269.5000000000001 -36.24168989778781
905 285.688200006818 269.5 -370.5326712123623
906 41.10795135961494 269.5000000000001 4.382064279842155
907 377.9959283019649 269.5 -430.1274510231846
908 468.5741294999683 269.4999999999999 -535.5372858053133
909 185.3432468683252 269.4999999999999 -710.5375166115133
910 15.42621417551173 269.5000000000001 -17.44964803563352
911 282.0518309808742 269.5 -444.8732028875348
912 212.1365595654651 269.5 -280.8061919647874
913 231.2342550594104 269.5 -483.1579553557851
914 120.2741716130596 269.5 -416.355776969574
915 16.49700029226002 269.5000000000001 -74.06988730328595
916 557.4643003561041 269.5000000000001 -0.3028981390300487
917 149.9675217482139 269.5000000000001 -79.4970491299332
918 96.91536200007153 269.5000000000001 -27.18305330396379
919 30.7117215061038 269.4999999999999 -568.3740037126446
920 188.11662586545 269.5 -306.8067564216757
921 218.6777532388182 269.5000000000001 -35.1142459942235
922 418.8234496230327 269.4999999999999 -575.5712084195981
923 425.9406526874311 269.4999999999999 -690.3879339551984
924 78.85025435717115 269.4999999999999 -748.6140013992768
925 462.7939002427061 269.4999999999999 -691.357274307645
926 147.0670565356413 269.5 -475.811459670323
927 302.7531022682607 269.5000000000001 -157.4111085387959
928 491.5119034051864 269.5000000000001 -160.9860468976885
929 253.2250703321249 269.4999999999999 -585.0566288282454
930 410.0450024763625 269.5 -341.2860964050373
931 439.5970012918374 269.5 -322.3632196244712
932 351.5863933673527 269.5 -370.7434350822343
933 68.86983124530562 269.5 -459.0999112149035
934 219.3285595622449 269.5000000000001 -3.121792292324983
935 27.10499699206098 269.4999999999999 -752.8184681167802
936 353.1126281848148 269.5000000000001 -233.7427221242799
937 152.0814095239253 269.5 -289.9840160179216
938 536 201.4499455141206 -49.7514718625762
939 532.9712273796002 49.15310292602544 -49.75147186257617
940 537.2554343758479 103.5557805388872 -49.75147186257618
941 536 155.8591305134759 -49.7514718625762
942 522.4796632408684 75.19724758432835 -49.75147186257617
943 521.5717798720436 130.9105111646966 -49.75147186257619
944 550.9231969059914 130.8506522573239 -49.75147186257619
945 551.560203776411 73.02674374999708 -49.75147186257617
946 553.8726537106181 179.1509613884159 -49.7514718625762
947 518.1273462893819 179.1509613884159 -49.7514718625762
948 517.7366930107655 221.2325330357206 -49.75147186257621
949 550.5714013447856 222.426383999465 -49.75147186257621
950 517.84 25.27018707484973 -49.75147186257616
951 550.3357966824551 24.65841408595304 -49.75147186257616
952 564.154820823758 104.1672974468262 -49.75147186257618
953 506.6149086542475 104.0220942738716 -49.75147186257618
954 512.473933696066 47.49093131308911 -49.75147186257617
955 564.1998746389141 47.75539988856582 -49.75147186257617
956 564.1998709317892 161.8761573758136 -49.7514718625762
957 507.9854093948045 161.9274650107045 -49.7514718625762
958 510.7852893383204 200.7691675360803 -49.7514718625762
959 563.6113820857572 197.6810327937082 -49.7514718625762
960 535.6818271780305 229.6832791595473 -49.75147186257621
961 535.113434013955 15.63447972390708 -49.75147186257616
962 566.431146258568 84.42414750827385 -49.75147186257617
963 506.8851844542248 84.85409236640874 -49.75147186257617
964 537.9093728856154 83.64170916039097 -49.75147186257617
965 536 178.0543907630861 -49.7514718625762
966 507.4382631892939 66.71045103860473 -49.75147186257617
967 506.3985713659022 140.9909872522167 -49.75147186257619
968 565.9309651992286 140.9126005878002 -49.75147186257619
969 565.5440412830267 122.943013652591 -49.75147186257619
970 506.3883325205018 122.9418540523968 -49.75147186257619
971 535.6657517562609 65.81202011944498 -49.75147186257617
972 536.4311433908183 122.4346720023303 -49.75147186257619
973 522.2815498069369 94.41640925791376 -49.75147186257618
974 536.3705137425015 138.4275922205391 -49.75147186257619
975 568.1680014849516 66.36538461538481 -49.75147186257617
976 505.4217673862981 231.6810520530398 -49.75147186257621
977 566.1591755634018 15.19062762011617 -49.75147186257616
978 505.7908149958262 15.33326904502763 -49.75147186257616
979 566.2091850041738 231.1667309549726 -49.75147186257621
980 504.0768187435928 30.59788416086315 -49.75147186257617
981 569.5097312733672 180.0463347413466 -49.7514718625762
982 502.7647399956966 180.2398448147434 -49.7514718625762
983 522.2369616176328 148.9399365261614 -49.75147186257619
984 565.4063282640759 30.53265516154192 -49.75147186257617
985 503.6004787559933 216.2371153812134 -49.7514718625762
986 565.3305886535155 215.8869676136792 -49.7514718625762
987 550.0548419081609 148.9083443250481 -49.75147186257619
988 550.5839432966389 113.4320362950211 -49.75147186257618
989 521.7571914367327 113.0468868816827 -49.75147186257618
990 548.4011789584653 193.4731791122174 -49.7514718625762
991 524.3305154956336 193.8516177296394 -49.7514718625762
992 522.2057678524179 60.87275059629854 -49.75147186257617
993 531.3569807868749 214.1272939325597 -49.7514718625762
994 532.4289964812012 32.85819508798221 -49.75147186257617
995 524.0699434603639 164.7863768403688 -49.7514718625762
996 548.0254733101136 164.7697968731679 -49.7514718625762
997 550.251363622637 56.80325421490318 -49.75147186257617
998 549.2655978448139 40.29350356082853 -49.75147186257617
999 549.2119219715664 207.5074671609583 -49.7514718625762
1000 518.9040575150188 235.1193728496615 -49.75147186257621
1001 552.8922816798515 235.0406918877108 -49.75147186257621
1002 518.8848498019563 11.24758716875687 -49.75147186257616
1003 552.8922816798517 11.45930811228953 -49.75147186257616
1004 551.4838291590393 93.31471263095341 -49.75147186257618
1005 71.17827680752464 175.1780832388138 -3.88973482842866e-14
1006 70.96538589755596 68.94805491183917 -1.530954361324867e-14
1007 95.4478565233635 123.1192993609636 -2.733797618525178e-14
1008 45.27110477767712 137.7191072585881 -3.057978476186117e-14
1009 101.8728475783752 36.07795102547487 -8.010914381956184e-15
1010 101.8728475783753 210.4220489745248 -4.672308073206388e-14
1011 45.14459610939014 206.8993390424483 -4.594088199693048e-14
1012 46.14532401144368 40.87413067211918 -9.075880196744795e-15
1013 40.36989956339994 97.55384452792464 -2.166130486712092e-14
1014 109.4648584916872 155.5695150988039 -3.454337151849256e-14
1015 109.074575322272 90.57059613105866 -2.011071223574547e-14
1016 33.24845034010855 170.7397274390396 -3.791183532420902e-14
1017 30.26413424937778 67.9556900568731 -1.508919435108625e-14
1018 71.85938636202457 31.01074128263781 -6.885767796535658e-15
1019 71.85938636202468 215.489258717362 -4.784822731748445e-14
1020 70.92891065566073 101.0574258770394 -2.243925620360782e-14
1021 114.4894505263367 123.2002215909645 -2.735594452984199e-14
1022 72.3012072476439 146.713071950512 -3.25768460985891e-14
1023 116.0380546315787 185.8816968325163 -4.127402793597047e-14
1024 116.0380546315785 60.6183031674835 -1.345996717804963e-14
1025 27.04961509353484 118.1016690903393 -2.622383845415114e-14
1026 116.4871946342487 25.00280195090585 -5.551737281207685e-15
1027 26.43426168024632 222.7715724210347 -4.946522578675659e-14
1028 116.4871946342489 221.4971980490939 -4.918225783281241e-14
1029 24.93617273811424 23.37220000758634 -5.189670916913317e-15
1030 23.86037327100541 150.3915966356432 -3.339364265900602e-14
1031 23.48271410885445 192.0106059503813 -4.263491913966823e-14
1032 60.53614859260972 125.029941472446 -2.776222395804903e-14
1033 17.16847238211653 49.40481914407437 -1.09700735482386e-14
1034 89.5945238989184 180.9873390069823 -4.018726218623804e-14
1035 89.6569881145823 64.77655603321318 -1.438328479279896e-14
1036 124.9776485970439 106.4898185283884 -2.364548968367426e-14
1037 125.2133691541206 139.9034838166015 -3.106481379169275e-14
1038 20.39167906246098 86.84213850240968 -1.928282833461238e-14
1039 54.91667324339528 159.4074408101238 -3.539556221679421e-14
1040 59.80120997112965 197.816332204152 -4.392404933198963e-14
1041 62.88100261392617 47.35203071735117 -1.051426295303217e-14
1042 99.50467869781505 230.0844437068175 -5.108900940227584e-14
1043 41.90775003405292 19.41749908049542 -4.311550911960757e-15
1044 99.50467869781539 16.41555629318233 -3.644985711744276e-15
1045 41.97120980699015 227.1987725017727 -5.044826167960811e-14
1046 50.05612790130226 77.7223590455402 -1.725783050810838e-14
1047 88.17414662461795 101.0688889487294 -2.244180151683246e-14
1048 91.31788891820963 142.8297013505845 -3.171456460795071e-14
1049 44.47137662093144 119.3698214303395 -2.650542483947123e-14
1050 86.28237685199053 162.4105013858873 -3.606237561590555e-14
1051 122.955139123183 201.177566703251 -4.467039331840244e-14
1052 122.9551391231829 45.32243329674878 -1.006360179561766e-14
1053 88.53454395249901 81.03919267121259 -1.799431552012287e-14
1054 122.657079519042 76.47457769302969 -1.698076739065736e-14
1055 122.8972837692179 169.6762120519858 -3.767568747025897e-14
1056 51.82480832300075 178.8054280336832 -3.970278062619025e-14
1057 47.80374056777873 58.9588038287265 -1.309148430300198e-14
1058 17.60661577582027 176.0573602609547 -3.909258700328754e-14
1059 80.07707978029225 14.65890558580438 -3.254930899433261e-15
1060 62.31369754114064 15.11489933378829 -3.356181851052633e-15
1061 80.0770797802918 231.841094414196 -5.147906421458696e-14
1062 62.31909378033606 231.3949877055204 -5.138000862670469e-14
1063 15.62989400757692 104.9317712963673 -2.329953370158559e-14
1064 83.89024727552646 47.24871129469602 -1.049132143264763e-14
1065 83.47176642574175 198.6167738642112 -4.4101783084163e-14
1066 16.1220430283322 134.5880805794834 -2.988455717988963e-14
1067 13.68884206676944 66.36538461538458 -1.47360756076208e-14
1068 106.4327355187269 108.8897649120209 -2.417838483026919e-14
1069 15.37076876845776 209.3189739087935 -4.647814886489093e-14
1070 13.76712097883592 162.5679191237305 -3.609732937531313e-14
1071 40.68042335260066 192.5864737160499 -4.276278747018516e-14
1072 39.58050199642742 152.2840042221457 -3.381384155390809e-14
1073 56.70896013824472 93.42258970533925 -2.074398202219532e-14
1074 107.1866847227434 136.9244442435837 -3.040333412664596e-14
1075 128.8168240185842 13.7388042138457 -3.050627353805717e-15
1076 14.38190890890121 231.5171384483278 -5.140713154013266e-14
1077 13.38419855601717 13.46703722329261 -2.990282959756691e-15
1078 128.8168240185843 232.7611957861541 -5.168336776021438e-14
1079 55.66436738435016 29.33513483899401 -6.513708425746934e-15
1080 87.44084793880666 29.08237309635905 -6.457584044463392e-15
1081 87.16716161509214 217.2547642855892 -4.824024830387439e-14
1082 55.66436738435084 217.1648651610055 -4.822028668827308e-14
1083 35.41033648527366 82.78165069197772 -1.838121892294211e-14
1084 130.2046219972624 123.2276462765648 -2.73620340333213e-14
1085 75.46503963763041 115.1913889105905 -2.557762644141766e-14
1086 14.34321463265837 30.06569877465489 -6.67592620621323e-15
1087 131.1534386994093 28.35026078156247 -6.295022454763635e-15
1088 131.1534386994094 218.1497392184373 -4.843897265925645e-14
1089 129.7520167578758 64.38989997676416 -1.429742990150286e-14
1090 129.752016757876 182.1101000232361 -4.043656521251734e-14
1091 75.86894126511402 131.8356924070085 -2.927340423553211e-14
1092 60.57067023694515 138.6540488206271 -3.078738349163211e-14
1093 72.35271815046156 86.10766994377349 -1.911974355368015e-14
1094 104.8775292785826 71.11995599156006 -1.579180253043154e-14
1095 104.5968386291526 174.6307923538021 -3.877582529594511e-14
1096 34.7732906456805 50.99713844790236 -1.132363945897158e-14
1097 58.31238338077128 109.166815662775 -2.423990245476456e-14
1098 31.55455386049209 133.0276172176939 -2.95380647092211e-14
1099 71.16963353763845 160.9272743463342 -3.573303305389386e-14
1100 115.3524995142225 235.7557833122028 -5.234829976434928e-14
1101 115.3524995142225 10.74421668779689 -2.385695349670783e-15
1102 26.71364807706766 10.90129866686016 -2.420574555652728e-15
1103 27.23421760035615 234.8974966742271 -5.215772184690753e-14
1104 11.77539820886091 121.0245991862309 -2.687285931251688e-14
1105 103.3039341315226 193.2594897466369 -4.291222704880507e-14
1106 103.3039341315224 53.24051025336246 -1.182176806521493e-14
1107 30.57044411970276 37.26552088836073 -8.274607862981546e-15
1108 30.5807612631213 209.2474096265946 -4.646225840212332e-14
1109 128.9476143831445 156.7087177693032 -3.479632532539312e-14
1110 128.7468655723261 89.52676354457117 -1.987893484147098e-14
$EndNodes
$Elements
2113
1 2 2 1 1 219 218 297
2 2 2 1 1 296 223 298
3 2 2 1 1 214 295 299
4 2 2 1 1 214 213 295
5 2 2 1 1 224 223 296
6 2 2 1 1 223 222 298
7 2 2 1 1 215 214 299
8 2 2 1 1 221 220 300
9 2 2 1 1 217 216 301
10 2 2 1 1 209 210 295
11 2 2 1 1 212 211 296
12 2 2 1 1 295 33 299
13 2 2 1 1 26 296 298
14 2 2 1 1 33 32 299
15 2 2 1 1 27 26 298
16 2 2 1 1 297 218 304
17 2 2 1 1 219 297 302
18 2 2 1 1 30 29 297
19 2 2 1 1 1 33 306
20 2 2 1 1 26 2 307
21 2 2 1 1 298 222 303
22 2 2 1 1 215 299 305
23 2 2 1 1 300 220 302
24 2 2 1 1 217 301 304
25 2 2 1 1 221 300 303
26 2 2 1 1 301 216 305
27 2 2 1 1 209 295 309
28 2 2 1 1 296 211 308
29 2 2 1 1 220 219 302
30 2 2 1 1 218 217 304
31 2 2 1 1 222 221 303
32 2 2 1 1 216 215 305
33 2 2 1 1 19 224 308
34 2 2 1 1 213 18 309
35 2 2 1 1 297 29 313
36 2 2 1 1 30 297 312
37 2 2 1 1 296 26 307
38 2 2 1 1 33 295 306
39 2 2 1 1 295 213 309
40 2 2 1 1 224 296 308
41 2 2 1 1 299 32 310
42 2 2 1 1 27 298 311
43 2 2 1 1 297 304 312
44 2 2 1 1 302 297 313
45 2 2 1 1 295 210 306
46 2 2 1 1 212 296 307
47 2 2 1 1 29 28 313
48 2 2 1 1 31 30 312
49 2 2 1 1 28 300 313
50 2 2 1 1 301 31 312
51 2 2 1 1 32 31 310
52 2 2 1 1 28 27 311
53 2 2 1 1 305 299 310
54 2 2 1 1 298 303 311
55 2 2 1 1 300 28 311
56 2 2 1 1 31 301 310
57 2 2 1 1 2 212 307
58 2 2 1 1 210 1 306
59 2 2 1 1 303 300 311
60 2 2 1 1 301 305 310
61 2 2 1 1 18 209 309
62 2 2 1 1 211 19 308
63 2 2 1 1 304 301 312
64 2 2 1 1 300 302 313
65 2 2 1 2 37 36 44
66 2 2 1 2 38 37 45
67 2 2 1 2 36 43 44
68 2 2 1 2 38 45 46
69 2 2 1 2 6 41 314
70 2 2 1 2 48 3 315
71 2 2 1 2 45 37 44
72 2 2 1 2 41 34 314
73 2 2 1 2 40 48 315
74 2 2 1 2 5 6 314
75 2 2 1 2 3 4 315
76 2 2 1 2 4 40 315
77 2 2 1 2 34 5 314
78 2 2 1 2 42 35 34
79 2 2 1 2 41 42 34
80 2 2 1 2 36 35 43
81 2 2 1 2 35 42 43
82 2 2 1 2 39 38 46
83 2 2 1 2 40 39 47
84 2 2 1 2 39 46 47
85 2 2 1 2 40 47 48
86 2 2 1 3 89 72 71
87 2 2 1 3 9 317 56
88 2 2 1 3 77 60 59
89 2 2 1 3 5 72 89
90 2 2 1 3 81 63 80
91 2 2 1 3 8 5 55
92 2 2 1 3 35 54 34
93 2 2 1 3 87 69 86
94 2 2 1 3 88 71 70
95 2 2 1 3 8 72 5
96 2 2 1 3 87 70 69
97 2 2 1 3 89 71 88
98 2 2 1 3 80 63 62
99 2 2 1 3 77 59 76
100 2 2 1 3 88 70 87
101 2 2 1 3 78 61 60
102 2 2 1 3 55 5 34
103 2 2 1 3 62 61 79
104 2 2 1 3 78 60 77
105 2 2 1 3 80 62 79
106 2 2 1 3 56 318 57
107 2 2 1 3 74 318 73
108 2 2 1 3 79 61 78
109 2 2 1 3 73 317 10
110 2 2 1 3 57 318 74
111 2 2 1 3 10 317 9
112 2 2 1 3 40 316 49
113 2 2 1 3 56 317 73
114 2 2 1 3 73 318 56
115 2 2 1 3 7 316 4
116 2 2 1 3 4 316 40
117 2 2 1 3 49 316 7
118 2 2 1 3 81 64 63
119 2 2 1 3 65 64 82
120 2 2 1 3 82 64 81
121 2 2 1 3 66 65 83
122 2 2 1 3 83 65 82
123 2 2 1 3 67 66 84
124 2 2 1 3 84 66 83
125 2 2 1 3 85 68 67
126 2 2 1 3 85 67 84
127 2 2 1 3 86 69 68
128 2 2 1 3 86 68 85
129 2 2 1 3 34 54 55
130 2 2 1 3 36 53 35
131 2 2 1 3 35 53 54
132 2 2 1 3 37 52 36
133 2 2 1 3 36 52 53
134 2 2 1 3 38 51 37
135 2 2 1 3 37 51 52
136 2 2 1 3 39 50 38
137 2 2 1 3 38 50 51
138 2 2 1 3 40 49 39
139 2 2 1 3 39 49 50
140 2 2 1 3 75 58 57
141 2 2 1 3 75 57 74
142 2 2 1 3 76 59 58
143 2 2 1 3 76 58 75
144 2 2 1 4 92 93 335
145 2 2 1 4 225 226 367
146 2 2 1 4 231 232 365
147 2 2 1 4 323 342 344
148 2 2 1 4 91 352 365
149 2 2 1 4 250 367 372
150 2 2 1 4 329 231 365
151 2 2 1 4 226 330 367
152 2 2 1 4 337 326 339
153 2 2 1 4 107 108 337
154 2 2 1 4 322 364 383
155 2 2 1 4 109 110 334
156 2 2 1 4 90 91 365
157 2 2 1 4 250 251 367
158 2 2 1 4 322 332 362
159 2 2 1 4 227 228 336
160 2 2 1 4 339 322 383
161 2 2 1 4 334 110 343
162 2 2 1 4 332 357 362
163 2 2 1 4 230 332 368
164 2 2 1 4 337 339 383
165 2 2 1 4 332 230 357
166 2 2 1 4 330 226 346
167 2 2 1 4 11 90 365
168 2 2 1 4 251 20 367
169 2 2 1 4 332 322 348
170 2 2 1 4 231 329 357
171 2 2 1 4 336 321 358
172 2 2 1 4 92 335 352
173 2 2 1 4 335 93 351
174 2 2 1 4 112 113 347
175 2 2 1 4 232 11 365
176 2 2 1 4 20 225 367
177 2 2 1 4 342 319 344
178 2 2 1 4 105 106 345
179 2 2 1 4 339 319 348
180 2 2 1 4 342 323 356
181 2 2 1 4 354 328 373
182 2 2 1 4 367 330 372
183 2 2 1 4 337 108 369
184 2 2 1 4 328 338 373
185 2 2 1 4 227 336 346
186 2 2 1 4 107 337 375
187 2 2 1 4 352 329 365
188 2 2 1 4 110 111 343
189 2 2 1 4 340 106 375
190 2 2 1 4 321 342 356
191 2 2 1 4 346 336 358
192 2 2 1 4 326 337 369
193 2 2 1 4 22 240 347
194 2 2 1 4 322 339 348
195 2 2 1 4 319 339 381
196 2 2 1 4 323 344 359
197 2 2 1 4 338 325 370
198 2 2 1 4 331 360 378
199 2 2 1 4 341 331 378
200 2 2 1 4 324 375 383
201 2 2 1 4 106 340 345
202 2 2 1 4 106 107 375
203 2 2 1 4 339 326 381
204 2 2 1 4 343 111 379
205 2 2 1 4 324 340 375
206 2 2 1 4 325 343 379
207 2 2 1 4 340 324 355
208 2 2 1 4 344 320 359
209 2 2 1 4 357 329 362
210 2 2 1 4 324 351 355
211 2 2 1 4 325 338 353
212 2 2 1 4 229 230 368
213 2 2 1 4 244 245 349
214 2 2 1 4 246 247 350
215 2 2 1 4 325 347 363
216 2 2 1 4 330 341 372
217 2 2 1 4 109 334 369
218 2 2 1 4 342 321 377
219 2 2 1 4 226 227 346
220 2 2 1 4 375 337 383
221 2 2 1 4 321 336 377
222 2 2 1 4 91 92 352
223 2 2 1 4 93 94 351
224 2 2 1 4 320 344 361
225 2 2 1 4 96 12 345
226 2 2 1 4 230 231 357
227 2 2 1 4 328 359 380
228 2 2 1 4 325 363 370
229 2 2 1 4 343 325 353
230 2 2 1 4 341 330 358
231 2 2 1 4 351 324 364
232 2 2 1 4 356 331 386
233 2 2 1 4 336 228 376
234 2 2 1 4 340 355 385
235 2 2 1 4 349 328 354
236 2 2 1 4 347 325 379
237 2 2 1 4 320 361 382
238 2 2 1 4 348 319 374
239 2 2 1 4 243 244 354
240 2 2 1 4 359 320 380
241 2 2 1 4 94 95 355
242 2 2 1 4 334 326 369
243 2 2 1 4 326 334 361
244 2 2 1 4 336 327 377
245 2 2 1 4 247 248 360
246 2 2 1 4 338 328 380
247 2 2 1 4 364 324 383
248 2 2 1 4 361 334 382
249 2 2 1 4 108 109 369
250 2 2 1 4 323 333 366
251 2 2 1 4 333 323 371
252 2 2 1 4 344 319 381
253 2 2 1 4 240 241 363
254 2 2 1 4 111 112 379
255 2 2 1 4 334 343 382
256 2 2 1 4 361 344 381
257 2 2 1 4 327 336 376
258 2 2 1 4 244 349 354
259 2 2 1 4 331 341 386
260 2 2 1 4 350 247 360
261 2 2 1 4 328 349 371
262 2 2 1 4 228 229 376
263 2 2 1 4 322 335 364
264 2 2 1 4 335 322 362
265 2 2 1 4 351 94 355
266 2 2 1 4 321 356 386
267 2 2 1 4 241 242 370
268 2 2 1 4 331 350 360
269 2 2 1 4 331 356 366
270 2 2 1 4 349 245 384
271 2 2 1 4 246 350 384
272 2 2 1 4 242 243 373
273 2 2 1 4 249 250 372
274 2 2 1 4 319 342 374
275 2 2 1 4 330 346 358
276 2 2 1 4 350 331 366
277 2 2 1 4 359 328 371
278 2 2 1 4 248 249 378
279 2 2 1 4 356 323 366
280 2 2 1 4 323 359 371
281 2 2 1 4 243 354 373
282 2 2 1 4 12 105 345
283 2 2 1 4 360 248 378
284 2 2 1 4 363 241 370
285 2 2 1 4 355 95 385
286 2 2 1 4 245 246 384
287 2 2 1 4 347 240 363
288 2 2 1 4 332 348 387
289 2 2 1 4 329 352 362
290 2 2 1 4 335 351 364
291 2 2 1 4 95 96 385
292 2 2 1 4 370 242 373
293 2 2 1 4 352 335 362
294 2 2 1 4 345 340 385
295 2 2 1 4 112 347 379
296 2 2 1 4 353 338 380
297 2 2 1 4 249 372 378
298 2 2 1 4 333 350 366
299 2 2 1 4 348 374 387
300 2 2 1 4 349 333 371
301 2 2 1 4 374 342 377
302 2 2 1 4 341 358 386
303 2 2 1 4 333 349 384
304 2 2 1 4 350 333 384
305 2 2 1 4 96 345 385
306 2 2 1 4 327 374 377
307 2 2 1 4 320 353 380
308 2 2 1 4 327 368 387
309 2 2 1 4 229 368 376
310 2 2 1 4 343 353 382
311 2 2 1 4 338 370 373
312 2 2 1 4 368 332 387
313 2 2 1 4 358 321 386
314 2 2 1 4 353 320 382
315 2 2 1 4 326 361 381
316 2 2 1 4 372 341 378
317 2 2 1 4 368 327 376
318 2 2 1 4 374 327 387
319 2 2 1 4 2 41 6
320 2 2 1 4 26 41 2
321 2 2 1 4 33 3 48
322 2 2 1 4 12 97 104
323 2 2 1 4 12 104 105
324 2 2 1 4 119 13 233
325 2 2 1 4 27 42 26
326 2 2 1 4 26 42 41
327 2 2 1 4 43 27 28
328 2 2 1 4 43 42 27
329 2 2 1 4 44 28 29
330 2 2 1 4 44 43 28
331 2 2 1 4 45 29 30
332 2 2 1 4 45 44 29
333 2 2 1 4 31 46 30
334 2 2 1 4 46 45 30
335 2 2 1 4 31 32 47
336 2 2 1 4 46 31 47
337 2 2 1 4 32 33 48
338 2 2 1 4 47 32 48
339 2 2 1 4 97 98 103
340 2 2 1 4 97 103 104
341 2 2 1 4 98 99 102
342 2 2 1 4 98 102 103
343 2 2 1 4 99 101 102
344 2 2 1 4 239 113 114
345 2 2 1 4 115 238 114
346 2 2 1 4 238 239 114
347 2 2 1 4 115 116 237
348 2 2 1 4 115 237 238
349 2 2 1 4 116 117 236
350 2 2 1 4 116 236 237
351 2 2 1 4 117 118 235
352 2 2 1 4 117 235 236
353 2 2 1 4 118 119 234
354 2 2 1 4 118 234 235
355 2 2 1 4 119 233 234
356 2 2 1 4 3 33 1
357 2 2 1 4 6 100 2
358 2 2 1 4 100 6 101
359 2 2 1 4 13 21 233
360 2 2 1 4 239 22 113
361 2 2 1 4 113 22 347
362 2 2 1 4 99 100 101
363 2 2 1 5 256 257 388
364 2 2 1 5 211 212 388
365 2 2 1 5 388 100 390
366 2 2 1 5 100 99 390
367 2 2 1 5 23 254 389
368 2 2 1 5 256 388 390
369 2 2 1 5 97 12 252
370 2 2 1 5 253 23 389
371 2 2 1 5 255 256 390
372 2 2 1 5 2 100 393
373 2 2 1 5 211 388 395
374 2 2 1 5 389 254 391
375 2 2 1 5 390 99 394
376 2 2 1 5 255 390 391
377 2 2 1 5 252 253 392
378 2 2 1 5 98 97 392
379 2 2 1 5 254 255 391
380 2 2 1 5 253 389 392
381 2 2 1 5 388 257 395
382 2 2 1 5 100 388 393
383 2 2 1 5 97 252 392
384 2 2 1 5 389 98 392
385 2 2 1 5 257 19 395
386 2 2 1 5 391 390 394
387 2 2 1 5 98 389 394
388 2 2 1 5 388 212 393
389 2 2 1 5 99 98 394
390 2 2 1 5 212 2 393
391 2 2 1 5 19 211 395
392 2 2 1 5 389 391 394
393 2 2 1 6 91 90 397
394 2 2 1 6 96 95 396
395 2 2 1 6 253 252 402
396 2 2 1 6 258 259 403
397 2 2 1 6 270 271 402
398 2 2 1 6 260 261 403
399 2 2 1 6 92 398 417
400 2 2 1 6 399 94 417
401 2 2 1 6 397 90 405
402 2 2 1 6 96 396 406
403 2 2 1 6 396 95 415
404 2 2 1 6 91 397 416
405 2 2 1 6 270 402 407
406 2 2 1 6 403 261 408
407 2 2 1 6 398 92 416
408 2 2 1 6 94 399 415
409 2 2 1 6 93 92 417
410 2 2 1 6 94 93 417
411 2 2 1 6 402 271 418
412 2 2 1 6 260 403 419
413 2 2 1 6 401 396 415
414 2 2 1 6 397 400 416
415 2 2 1 6 253 402 418
416 2 2 1 6 403 259 419
417 2 2 1 6 265 266 404
418 2 2 1 6 11 258 405
419 2 2 1 6 252 12 406
420 2 2 1 6 400 398 416
421 2 2 1 6 399 401 415
422 2 2 1 6 258 403 405
423 2 2 1 6 402 252 406
424 2 2 1 6 400 397 413
425 2 2 1 6 396 401 414
426 2 2 1 6 398 400 412
427 2 2 1 6 401 399 411
428 2 2 1 6 407 396 414
429 2 2 1 6 397 408 413
430 2 2 1 6 409 398 412
431 2 2 1 6 399 410 411
432 2 2 1 6 90 11 405
433 2 2 1 6 12 96 406
434 2 2 1 6 404 266 410
435 2 2 1 6 265 404 409
436 2 2 1 6 396 402 406
437 2 2 1 6 403 397 405
438 2 2 1 6 269 270 407
439 2 2 1 6 261 262 408
440 2 2 1 6 264 265 409
441 2 2 1 6 266 267 410
442 2 2 1 6 402 396 407
443 2 2 1 6 397 403 408
444 2 2 1 6 404 399 417
445 2 2 1 6 398 404 417
446 2 2 1 6 259 24 419
447 2 2 1 6 23 253 418
448 2 2 1 6 271 23 418
449 2 2 1 6 24 260 419
450 2 2 1 6 263 264 412
451 2 2 1 6 267 268 411
452 2 2 1 6 262 263 413
453 2 2 1 6 268 269 414
454 2 2 1 6 95 94 415
455 2 2 1 6 92 91 416
456 2 2 1 6 408 262 413
457 2 2 1 6 269 407 414
458 2 2 1 6 264 409 412
459 2 2 1 6 410 267 411
460 2 2 1 6 399 404 410
461 2 2 1 6 404 398 409
462 2 2 1 6 411 268 414
463 2 2 1 6 263 412 413
464 2 2 1 6 401 411 414
465 2 2 1 6 412 400 413
466 2 2 1 7 86 104 87
467 2 2 1 7 103 102 88
468 2 2 1 7 118 74 73
469 2 2 1 7 115 77 76
470 2 2 1 7 105 104 86
471 2 2 1 7 119 118 73
472 2 2 1 7 115 114 77
473 2 2 1 7 101 6 420
474 2 2 1 7 80 79 421
475 2 2 1 7 112 111 421
476 2 2 1 7 74 117 75
477 2 2 1 7 116 76 75
478 2 2 1 7 104 103 87
479 2 2 1 7 79 78 422
480 2 2 1 7 118 117 74
481 2 2 1 7 116 115 76
482 2 2 1 7 78 77 424
483 2 2 1 7 73 10 423
484 2 2 1 7 117 116 75
485 2 2 1 7 113 112 422
486 2 2 1 7 114 113 424
487 2 2 1 7 13 119 423
488 2 2 1 7 111 80 421
489 2 2 1 7 113 78 424
490 2 2 1 7 10 13 423
491 2 2 1 7 77 114 424
492 2 2 1 7 119 73 423
493 2 2 1 7 78 113 422
494 2 2 1 7 89 101 420
495 2 2 1 7 112 79 422
496 2 2 1 7 79 112 421
497 2 2 1 7 6 5 420
498 2 2 1 7 5 89 420
499 2 2 1 7 83 107 84
500 2 2 1 7 110 81 80
501 2 2 1 7 111 110 80
502 2 2 1 7 109 82 81
503 2 2 1 7 110 109 81
504 2 2 1 7 82 108 83
505 2 2 1 7 82 109 108
506 2 2 1 7 108 107 83
507 2 2 1 7 84 106 85
508 2 2 1 7 107 106 84
509 2 2 1 7 85 105 86
510 2 2 1 7 106 105 85
511 2 2 1 7 87 103 88
512 2 2 1 7 88 102 89
513 2 2 1 7 89 102 101
514 2 2 1 8 439 512 479
515 2 2 1 8 465 523 433
516 2 2 1 8 479 512 504
517 2 2 1 8 140 476 139
518 2 2 1 8 143 480 142
519 2 2 1 8 510 556 427
520 2 2 1 8 430 515 461
521 2 2 1 8 449 523 465
522 2 2 1 8 443 471 467
523 2 2 1 8 140 506 476
524 2 2 1 8 480 507 142
525 2 2 1 8 145 467 146
526 2 2 1 8 511 515 466
527 2 2 1 8 467 471 446
528 2 2 1 8 448 553 460
529 2 2 1 8 442 492 470
530 2 2 1 8 470 492 431
531 2 2 1 8 461 498 430
532 2 2 1 8 469 492 440
533 2 2 1 8 431 492 469
534 2 2 1 8 453 556 510
535 2 2 1 8 461 548 498
536 2 2 1 8 528 553 448
537 2 2 1 8 461 515 447
538 2 2 1 8 464 506 141
539 2 2 1 8 487 539 50
540 2 2 1 8 141 507 464
541 2 2 1 8 430 498 471
542 2 2 1 8 443 481 471
543 2 2 1 8 493 522 54
544 2 2 1 8 481 493 451
545 2 2 1 8 128 474 127
546 2 2 1 8 429 503 468
547 2 2 1 8 474 505 127
548 2 2 1 8 433 511 466
549 2 2 1 8 471 481 430
550 2 2 1 8 434 527 496
551 2 2 1 8 433 523 511
552 2 2 1 8 432 548 461
553 2 2 1 8 473 492 442
554 2 2 1 8 440 492 473
555 2 2 1 8 141 506 140
556 2 2 1 8 142 507 141
557 2 2 1 8 511 523 462
558 2 2 1 8 435 537 491
559 2 2 1 8 464 482 436
560 2 2 1 8 463 528 448
561 2 2 1 8 471 498 446
562 2 2 1 8 432 561 509
563 2 2 1 8 433 486 465
564 2 2 1 8 437 482 464
565 2 2 1 8 465 486 52
566 2 2 1 8 450 534 469
567 2 2 1 8 491 537 459
568 2 2 1 8 153 473 154
569 2 2 1 8 447 515 511
570 2 2 1 8 452 512 489
571 2 2 1 8 467 490 443
572 2 2 1 8 145 490 467
573 2 2 1 8 448 532 470
574 2 2 1 8 460 519 439
575 2 2 1 8 432 509 472
576 2 2 1 8 530 533 488
577 2 2 1 8 50 539 51
578 2 2 1 8 489 512 439
579 2 2 1 8 147 547 148
580 2 2 1 8 469 534 431
581 2 2 1 8 466 552 433
582 2 2 1 8 439 520 460
583 2 2 1 8 470 540 448
584 2 2 1 8 460 532 448
585 2 2 1 8 450 518 474
586 2 2 1 8 443 493 481
587 2 2 1 8 467 524 146
588 2 2 1 8 429 530 488
589 2 2 1 8 495 497 157
590 2 2 1 8 468 503 445
591 2 2 1 8 54 522 55
592 2 2 1 8 470 532 428
593 2 2 1 8 496 527 459
594 2 2 1 8 447 525 461
595 2 2 1 8 469 502 426
596 2 2 1 8 440 502 469
597 2 2 1 8 463 569 528
598 2 2 1 8 468 496 457
599 2 2 1 8 456 513 503
600 2 2 1 8 469 541 450
601 2 2 1 8 468 551 429
602 2 2 1 8 444 491 459
603 2 2 1 8 444 505 474
604 2 2 1 8 512 514 427
605 2 2 1 8 148 547 472
606 2 2 1 8 496 537 425
607 2 2 1 8 121 478 120
608 2 2 1 8 427 556 504
609 2 2 1 8 51 465 52
610 2 2 1 8 157 497 158
611 2 2 1 8 465 539 449
612 2 2 1 8 425 536 525
613 2 2 1 8 126 475 125
614 2 2 1 8 499 516 454
615 2 2 1 8 442 516 499
616 2 2 1 8 150 508 151
617 2 2 1 8 496 557 457
618 2 2 1 8 159 485 160
619 2 2 1 8 466 543 451
620 2 2 1 8 446 524 467
621 2 2 1 8 473 555 154
622 2 2 1 8 443 522 493
623 2 2 1 8 450 541 518
624 2 2 1 8 452 514 512
625 2 2 1 8 495 517 441
626 2 2 1 8 454 517 495
627 2 2 1 8 137 483 136
628 2 2 1 8 50 521 487
629 2 2 1 8 470 516 442
630 2 2 1 8 428 516 470
631 2 2 1 8 156 495 157
632 2 2 1 8 448 540 463
633 2 2 1 8 463 540 431
634 2 2 1 8 436 514 483
635 2 2 1 8 483 514 452
636 2 2 1 8 484 536 425
637 2 2 1 8 451 552 466
638 2 2 1 8 125 477 124
639 2 2 1 8 493 545 451
640 2 2 1 8 464 507 437
641 2 2 1 8 436 506 464
642 2 2 1 8 458 561 435
643 2 2 1 8 515 543 466
644 2 2 1 8 431 534 463
645 2 2 1 8 434 477 475
646 2 2 1 8 487 521 438
647 2 2 1 8 426 541 469
648 2 2 1 8 485 510 437
649 2 2 1 8 453 510 485
650 2 2 1 8 486 567 52
651 2 2 1 8 428 517 516
652 2 2 1 8 430 543 515
653 2 2 1 8 130 569 501
654 2 2 1 8 431 540 470
655 2 2 1 8 475 477 125
656 2 2 1 8 121 500 478
657 2 2 1 8 159 546 485
658 2 2 1 8 130 501 129
659 2 2 1 8 441 497 495
660 2 2 1 8 459 537 496
661 2 2 1 8 135 489 134
662 2 2 1 8 146 524 147
663 2 2 1 8 516 517 454
664 2 2 1 8 457 551 468
665 2 2 1 8 509 561 458
666 2 2 1 8 508 562 151
667 2 2 1 8 156 550 495
668 2 2 1 8 482 510 427
669 2 2 1 8 530 551 462
670 2 2 1 8 434 496 468
671 2 2 1 8 144 490 145
672 2 2 1 8 480 558 437
673 2 2 1 8 436 560 476
674 2 2 1 8 427 514 482
675 2 2 1 8 455 502 494
676 2 2 1 8 494 502 440
677 2 2 1 8 154 555 155
678 2 2 1 8 456 503 488
679 2 2 1 8 437 558 485
680 2 2 1 8 483 560 436
681 2 2 1 8 459 527 444
682 2 2 1 8 503 513 445
683 2 2 1 8 473 535 440
684 2 2 1 8 485 546 453
685 2 2 1 8 425 557 496
686 2 2 1 8 442 555 473
687 2 2 1 8 479 504 441
688 2 2 1 8 49 521 50
689 2 2 1 8 155 555 499
690 2 2 1 8 479 517 428
691 2 2 1 8 488 503 429
692 2 2 1 8 501 569 463
693 2 2 1 8 488 549 456
694 2 2 1 8 124 542 123
695 2 2 1 8 482 514 436
696 2 2 1 8 479 520 439
697 2 2 1 8 439 519 489
698 2 2 1 8 435 566 458
699 2 2 1 8 128 526 474
700 2 2 1 8 429 551 530
701 2 2 1 8 444 518 491
702 2 2 1 8 152 562 494
703 2 2 1 8 474 518 444
704 2 2 1 8 151 562 152
705 2 2 1 8 487 533 449
706 2 2 1 8 437 510 482
707 2 2 1 8 441 517 479
708 2 2 1 8 455 529 502
709 2 2 1 8 502 529 426
710 2 2 1 8 153 535 473
711 2 2 1 8 476 560 138
712 2 2 1 8 504 512 427
713 2 2 1 8 428 520 479
714 2 2 1 8 438 533 487
715 2 2 1 8 437 507 480
716 2 2 1 8 474 526 450
717 2 2 1 8 483 544 136
718 2 2 1 8 476 506 436
719 2 2 1 8 51 539 465
720 2 2 1 8 491 518 426
721 2 2 1 8 144 554 490
722 2 2 1 8 438 549 488
723 2 2 1 8 435 561 484
724 2 2 1 8 481 543 430
725 2 2 1 8 161 558 480
726 2 2 1 8 127 505 126
727 2 2 1 8 122 500 121
728 2 2 1 8 495 550 454
729 2 2 1 8 123 542 513
730 2 2 1 8 451 543 481
731 2 2 1 8 476 568 139
732 2 2 1 8 484 537 435
733 2 2 1 8 120 538 7
734 2 2 1 8 472 548 432
735 2 2 1 8 449 533 530
736 2 2 1 8 489 544 452
737 2 2 1 8 472 509 148
738 2 2 1 8 134 519 133
739 2 2 1 8 434 563 477
740 2 2 1 8 138 568 476
741 2 2 1 8 452 544 483
742 2 2 1 8 7 538 49
743 2 2 1 8 505 527 475
744 2 2 1 8 519 553 133
745 2 2 1 8 461 536 432
746 2 2 1 8 438 521 478
747 2 2 1 8 494 535 152
748 2 2 1 8 135 544 489
749 2 2 1 8 123 559 122
750 2 2 1 8 444 527 505
751 2 2 1 8 138 560 137
752 2 2 1 8 152 535 153
753 2 2 1 8 148 509 149
754 2 2 1 8 478 549 438
755 2 2 1 8 440 535 494
756 2 2 1 8 143 565 480
757 2 2 1 8 425 537 484
758 2 2 1 8 489 519 134
759 2 2 1 8 160 558 161
760 2 2 1 8 490 522 443
761 2 2 1 8 490 554 522
762 2 2 1 8 523 530 462
763 2 2 1 8 126 505 475
764 2 2 1 8 426 529 491
765 2 2 1 8 491 529 435
766 2 2 1 8 53 545 54
767 2 2 1 8 488 533 438
768 2 2 1 8 433 552 486
769 2 2 1 8 524 547 147
770 2 2 1 8 480 565 161
771 2 2 1 8 460 553 519
772 2 2 1 8 499 555 442
773 2 2 1 8 477 542 124
774 2 2 1 8 449 539 487
775 2 2 1 8 500 549 478
776 2 2 1 8 445 563 468
777 2 2 1 8 486 552 451
778 2 2 1 8 137 560 483
779 2 2 1 8 54 545 493
780 2 2 1 8 446 548 547
781 2 2 1 8 451 567 486
782 2 2 1 8 475 527 434
783 2 2 1 8 129 526 128
784 2 2 1 8 485 558 160
785 2 2 1 8 55 554 8
786 2 2 1 8 462 551 531
787 2 2 1 8 8 554 144
788 2 2 1 8 445 542 477
789 2 2 1 8 536 561 432
790 2 2 1 8 149 564 150
791 2 2 1 8 458 564 509
792 2 2 1 8 132 528 131
793 2 2 1 8 477 563 445
794 2 2 1 8 52 567 53
795 2 2 1 8 155 550 156
796 2 2 1 8 463 534 501
797 2 2 1 8 520 532 460
798 2 2 1 8 501 526 129
799 2 2 1 8 509 564 149
800 2 2 1 8 513 559 123
801 2 2 1 8 497 556 453
802 2 2 1 8 441 556 497
803 2 2 1 8 497 546 158
804 2 2 1 8 453 546 497
805 2 2 1 8 450 526 501
806 2 2 1 8 458 566 508
807 2 2 1 8 478 538 120
808 2 2 1 8 161 565 15
809 2 2 1 8 449 530 523
810 2 2 1 8 158 546 159
811 2 2 1 8 468 563 434
812 2 2 1 8 484 561 536
813 2 2 1 8 14 568 138
814 2 2 1 8 499 550 155
815 2 2 1 8 501 534 450
816 2 2 1 8 136 544 135
817 2 2 1 8 132 553 528
818 2 2 1 8 462 531 511
819 2 2 1 8 494 562 455
820 2 2 1 8 139 568 14
821 2 2 1 8 528 569 131
822 2 2 1 8 455 562 508
823 2 2 1 8 133 553 132
824 2 2 1 8 446 547 524
825 2 2 1 8 498 548 446
826 2 2 1 8 447 557 525
827 2 2 1 8 428 532 520
828 2 2 1 8 531 551 457
829 2 2 1 8 131 569 130
830 2 2 1 8 454 550 499
831 2 2 1 8 15 565 143
832 2 2 1 8 545 567 451
833 2 2 1 8 456 549 500
834 2 2 1 8 511 531 447
835 2 2 1 8 518 541 426
836 2 2 1 8 122 559 500
837 2 2 1 8 547 548 472
838 2 2 1 8 531 557 447
839 2 2 1 8 500 559 456
840 2 2 1 8 504 556 441
841 2 2 1 8 456 559 513
842 2 2 1 8 525 536 461
843 2 2 1 8 508 564 458
844 2 2 1 8 150 564 508
845 2 2 1 8 521 538 478
846 2 2 1 8 508 566 455
847 2 2 1 8 455 566 529
848 2 2 1 8 513 542 445
849 2 2 1 8 49 538 521
850 2 2 1 8 457 557 531
851 2 2 1 8 529 566 435
852 2 2 1 8 525 557 425
853 2 2 1 8 522 554 55
854 2 2 1 8 53 567 545
855 2 2 1 9 572 625 585
856 2 2 1 9 585 621 572
857 2 2 1 9 178 595 177
858 2 2 1 9 175 596 174
859 2 2 1 9 163 606 162
860 2 2 1 9 170 589 169
861 2 2 1 9 179 603 180
862 2 2 1 9 163 620 606
863 2 2 1 9 604 612 571
864 2 2 1 9 139 606 140
865 2 2 1 9 142 603 143
866 2 2 1 9 583 612 604
867 2 2 1 9 603 618 180
868 2 2 1 9 170 628 589
869 2 2 1 9 585 625 580
870 2 2 1 9 175 609 596
871 2 2 1 9 595 608 177
872 2 2 1 9 606 619 140
873 2 2 1 9 142 615 603
874 2 2 1 9 585 620 164
875 2 2 1 9 570 617 614
876 2 2 1 9 164 611 585
877 2 2 1 9 586 615 141
878 2 2 1 9 588 609 176
879 2 2 1 9 176 608 588
880 2 2 1 9 141 619 586
881 2 2 1 9 181 618 587
882 2 2 1 9 14 606 139
883 2 2 1 9 162 606 14
884 2 2 1 9 184 592 185
885 2 2 1 9 186 593 187
886 2 2 1 9 602 614 581
887 2 2 1 9 573 604 591
888 2 2 1 9 573 601 589
889 2 2 1 9 589 604 573
890 2 2 1 9 580 620 585
891 2 2 1 9 614 617 581
892 2 2 1 9 176 609 175
893 2 2 1 9 177 608 176
894 2 2 1 9 588 597 575
895 2 2 1 9 574 597 588
896 2 2 1 9 589 628 583
897 2 2 1 9 577 614 602
898 2 2 1 9 594 614 577
899 2 2 1 9 576 617 590
900 2 2 1 9 591 616 576
901 2 2 1 9 571 616 591
902 2 2 1 9 590 617 570
903 2 2 1 9 571 641 616
904 2 2 1 9 184 627 592
905 2 2 1 9 593 629 187
906 2 2 1 9 180 618 181
907 2 2 1 9 589 636 169
908 2 2 1 9 592 617 576
909 2 2 1 9 576 616 593
910 2 2 1 9 594 630 614
911 2 2 1 9 591 604 571
912 2 2 1 9 577 623 587
913 2 2 1 9 587 623 181
914 2 2 1 9 587 605 577
915 2 2 1 9 583 604 589
916 2 2 1 9 164 620 163
917 2 2 1 9 141 615 142
918 2 2 1 9 601 636 589
919 2 2 1 9 140 619 141
920 2 2 1 9 590 635 573
921 2 2 1 9 172 598 171
922 2 2 1 9 188 599 189
923 2 2 1 9 582 629 593
924 2 2 1 9 592 627 581
925 2 2 1 9 165 611 164
926 2 2 1 9 611 621 585
927 2 2 1 9 579 621 611
928 2 2 1 9 573 631 590
929 2 2 1 9 590 631 576
930 2 2 1 9 576 631 591
931 2 2 1 9 591 631 573
932 2 2 1 9 599 613 574
933 2 2 1 9 575 612 598
934 2 2 1 9 582 613 599
935 2 2 1 9 598 612 583
936 2 2 1 9 575 609 588
937 2 2 1 9 588 608 574
938 2 2 1 9 594 605 572
939 2 2 1 9 577 605 594
940 2 2 1 9 615 622 578
941 2 2 1 9 586 622 615
942 2 2 1 9 584 610 600
943 2 2 1 9 570 624 590
944 2 2 1 9 579 630 594
945 2 2 1 9 579 632 600
946 2 2 1 9 606 620 580
947 2 2 1 9 576 607 592
948 2 2 1 9 593 607 576
949 2 2 1 9 584 624 610
950 2 2 1 9 571 612 597
951 2 2 1 9 597 613 571
952 2 2 1 9 575 633 596
953 2 2 1 9 595 634 574
954 2 2 1 9 574 634 599
955 2 2 1 9 598 633 575
956 2 2 1 9 592 607 185
957 2 2 1 9 186 607 593
958 2 2 1 9 182 602 183
959 2 2 1 9 611 632 579
960 2 2 1 9 600 642 584
961 2 2 1 9 603 615 578
962 2 2 1 9 593 616 582
963 2 2 1 9 581 617 592
964 2 2 1 9 580 619 606
965 2 2 1 9 572 621 594
966 2 2 1 9 594 621 579
967 2 2 1 9 596 633 173
968 2 2 1 9 190 634 595
969 2 2 1 9 597 612 575
970 2 2 1 9 574 613 597
971 2 2 1 9 596 609 575
972 2 2 1 9 574 608 595
973 2 2 1 9 598 628 171
974 2 2 1 9 188 629 599
975 2 2 1 9 602 623 577
976 2 2 1 9 584 642 626
977 2 2 1 9 581 627 602
978 2 2 1 9 178 639 595
979 2 2 1 9 596 638 174
980 2 2 1 9 600 610 579
981 2 2 1 9 624 635 590
982 2 2 1 9 605 622 572
983 2 2 1 9 578 618 603
984 2 2 1 9 583 628 598
985 2 2 1 9 599 629 582
986 2 2 1 9 610 624 570
987 2 2 1 9 173 638 596
988 2 2 1 9 595 639 190
989 2 2 1 9 580 625 619
990 2 2 1 9 619 625 586
991 2 2 1 9 610 630 579
992 2 2 1 9 601 626 168
993 2 2 1 9 181 623 182
994 2 2 1 9 168 636 601
995 2 2 1 9 189 634 190
996 2 2 1 9 173 633 172
997 2 2 1 9 185 607 186
998 2 2 1 9 602 627 183
999 2 2 1 9 605 637 622
1000 2 2 1 9 168 626 167
1001 2 2 1 9 169 636 168
1002 2 2 1 9 172 633 598
1003 2 2 1 9 599 634 189
1004 2 2 1 9 584 626 601
1005 2 2 1 9 601 635 584
1006 2 2 1 9 573 635 601
1007 2 2 1 9 182 623 602
1008 2 2 1 9 613 641 571
1009 2 2 1 9 618 637 587
1010 2 2 1 9 578 637 618
1011 2 2 1 9 190 639 17
1012 2 2 1 9 16 638 173
1013 2 2 1 9 622 625 572
1014 2 2 1 9 586 625 622
1015 2 2 1 9 171 628 170
1016 2 2 1 9 183 627 184
1017 2 2 1 9 187 629 188
1018 2 2 1 9 17 639 178
1019 2 2 1 9 174 638 16
1020 2 2 1 9 614 630 570
1021 2 2 1 9 166 632 165
1022 2 2 1 9 15 640 179
1023 2 2 1 9 167 642 166
1024 2 2 1 9 603 640 143
1025 2 2 1 9 166 642 632
1026 2 2 1 9 143 640 15
1027 2 2 1 9 179 640 603
1028 2 2 1 9 632 642 600
1029 2 2 1 9 570 630 610
1030 2 2 1 9 165 632 611
1031 2 2 1 9 587 637 605
1032 2 2 1 9 582 641 613
1033 2 2 1 9 616 641 582
1034 2 2 1 9 626 642 167
1035 2 2 1 9 622 637 578
1036 2 2 1 9 584 635 624
1037 2 2 1 10 748 846 832
1038 2 2 1 10 661 767 729
1039 2 2 1 10 692 862 735
1040 2 2 1 10 192 760 191
1041 2 2 1 10 748 832 665
1042 2 2 1 10 655 890 854
1043 2 2 1 10 719 848 685
1044 2 2 1 10 727 749 647
1045 2 2 1 10 58 881 775
1046 2 2 1 10 644 752 711
1047 2 2 1 10 708 773 666
1048 2 2 1 10 667 859 829
1049 2 2 1 10 723 836 161
1050 2 2 1 10 666 764 708
1051 2 2 1 10 735 879 858
1052 2 2 1 10 679 757 739
1053 2 2 1 10 646 756 693
1054 2 2 1 10 828 861 751
1055 2 2 1 10 847 890 776
1056 2 2 1 10 680 815 814
1057 2 2 1 10 192 804 760
1058 2 2 1 10 756 801 660
1059 2 2 1 10 193 818 721
1060 2 2 1 10 739 757 675
1061 2 2 1 10 738 763 671
1062 2 2 1 10 196 883 759
1063 2 2 1 10 667 829 784
1064 2 2 1 10 161 892 723
1065 2 2 1 10 747 890 655
1066 2 2 1 10 658 902 793
1067 2 2 1 10 657 822 709
1068 2 2 1 10 806 849 710
1069 2 2 1 10 701 828 751
1070 2 2 1 10 645 849 806
1071 2 2 1 10 734 768 664
1072 2 2 1 10 670 778 771
1073 2 2 1 10 771 778 695
1074 2 2 1 10 680 814 733
1075 2 2 1 10 793 902 710
1076 2 2 1 10 768 876 664
1077 2 2 1 10 709 811 657
1078 2 2 1 10 676 775 720
1079 2 2 1 10 161 836 160
1080 2 2 1 10 145 732 144
1081 2 2 1 10 149 744 724
1082 2 2 1 10 721 804 193
1083 2 2 1 10 722 813 679
1084 2 2 1 10 712 778 670
1085 2 2 1 10 643 778 712
1086 2 2 1 10 679 805 722
1087 2 2 1 10 775 881 720
1088 2 2 1 10 147 738 146
1089 2 2 1 10 704 799 645
1090 2 2 1 10 684 794 741
1091 2 2 1 10 196 759 195
1092 2 2 1 10 649 794 730
1093 2 2 1 10 730 794 684
1094 2 2 1 10 670 932 712
1095 2 2 1 10 678 782 714
1096 2 2 1 10 712 855 643
1097 2 2 1 10 711 929 644
1098 2 2 1 10 664 836 723
1099 2 2 1 10 649 873 717
1100 2 2 1 10 693 871 726
1101 2 2 1 10 714 819 678
1102 2 2 1 10 728 907 749
1103 2 2 1 10 749 907 647
1104 2 2 1 10 647 764 727
1105 2 2 1 10 852 853 711
1106 2 2 1 10 656 824 799
1107 2 2 1 10 661 878 767
1108 2 2 1 10 717 819 649
1109 2 2 1 10 728 896 663
1110 2 2 1 10 723 780 664
1111 2 2 1 10 671 788 738
1112 2 2 1 10 729 874 681
1113 2 2 1 10 758 830 669
1114 2 2 1 10 858 879 69
1115 2 2 1 10 159 836 737
1116 2 2 1 10 748 765 691
1117 2 2 1 10 752 844 697
1118 2 2 1 10 58 775 57
1119 2 2 1 10 685 795 719
1120 2 2 1 10 664 925 734
1121 2 2 1 10 759 883 709
1122 2 2 1 10 820 880 61
1123 2 2 1 10 682 838 721
1124 2 2 1 10 743 842 650
1125 2 2 1 10 649 819 794
1126 2 2 1 10 794 819 714
1127 2 2 1 10 149 724 148
1128 2 2 1 10 781 800 60
1129 2 2 1 10 693 803 646
1130 2 2 1 10 690 853 852
1131 2 2 1 10 735 862 715
1132 2 2 1 10 737 836 664
1133 2 2 1 10 705 890 847
1134 2 2 1 10 194 818 193
1135 2 2 1 10 673 899 893
1136 2 2 1 10 749 896 728
1137 2 2 1 10 722 870 813
1138 2 2 1 10 668 849 751
1139 2 2 1 10 750 763 654
1140 2 2 1 10 720 792 676
1141 2 2 1 10 707 869 831
1142 2 2 1 10 644 844 752
1143 2 2 1 10 776 890 672
1144 2 2 1 10 681 874 817
1145 2 2 1 10 794 887 741
1146 2 2 1 10 150 744 149
1147 2 2 1 10 676 762 736
1148 2 2 1 10 671 763 750
1149 2 2 1 10 646 803 731
1150 2 2 1 10 658 793 745
1151 2 2 1 10 765 815 691
1152 2 2 1 10 682 822 746
1153 2 2 1 10 893 899 725
1154 2 2 1 10 742 842 667
1155 2 2 1 10 854 890 705
1156 2 2 1 10 691 801 756
1157 2 2 1 10 669 830 733
1158 2 2 1 10 199 739 198
1159 2 2 1 10 793 849 668
1160 2 2 1 10 70 858 69
1161 2 2 1 10 62 820 61
1162 2 2 1 10 731 772 688
1163 2 2 1 10 160 836 159
1164 2 2 1 10 721 796 677
1165 2 2 1 10 60 800 59
1166 2 2 1 10 684 926 730
1167 2 2 1 10 674 825 724
1168 2 2 1 10 724 744 662
1169 2 2 1 10 776 923 718
1170 2 2 1 10 677 804 721
1171 2 2 1 10 738 788 146
1172 2 2 1 10 756 798 693
1173 2 2 1 10 721 818 682
1174 2 2 1 10 707 831 781
1175 2 2 1 10 667 842 806
1176 2 2 1 10 145 788 732
1177 2 2 1 10 181 891 780
1178 2 2 1 10 764 779 708
1179 2 2 1 10 647 779 764
1180 2 2 1 10 735 895 692
1181 2 2 1 10 731 823 772
1182 2 2 1 10 674 763 738
1183 2 2 1 10 724 825 148
1184 2 2 1 10 648 768 734
1185 2 2 1 10 781 831 687
1186 2 2 1 10 654 797 774
1187 2 2 1 10 671 904 788
1188 2 2 1 10 673 893 769
1189 2 2 1 10 663 884 728
1190 2 2 1 10 710 859 806
1191 2 2 1 10 737 817 159
1192 2 2 1 10 691 815 801
1193 2 2 1 10 822 868 746
1194 2 2 1 10 752 852 711
1195 2 2 1 10 774 797 692
1196 2 2 1 10 736 775 676
1197 2 2 1 10 751 843 701
1198 2 2 1 10 740 824 669
1199 2 2 1 10 654 774 750
1200 2 2 1 10 805 901 722
1201 2 2 1 10 727 845 749
1202 2 2 1 10 803 928 731
1203 2 2 1 10 750 774 685
1204 2 2 1 10 821 926 684
1205 2 2 1 10 185 893 725
1206 2 2 1 10 725 839 185
1207 2 2 1 10 147 825 738
1208 2 2 1 10 181 780 180
1209 2 2 1 10 660 798 756
1210 2 2 1 10 193 804 192
1211 2 2 1 10 718 891 776
1212 2 2 1 10 716 837 67
1213 2 2 1 10 730 914 649
1214 2 2 1 10 645 843 751
1215 2 2 1 10 726 803 693
1216 2 2 1 10 732 904 719
1217 2 2 1 10 755 809 643
1218 2 2 1 10 831 866 687
1219 2 2 1 10 685 848 750
1220 2 2 1 10 831 869 656
1221 2 2 1 10 733 889 680
1222 2 2 1 10 643 809 761
1223 2 2 1 10 743 831 656
1224 2 2 1 10 689 861 828
1225 2 2 1 10 799 824 740
1226 2 2 1 10 152 841 787
1227 2 2 1 10 832 846 688
1228 2 2 1 10 851 879 715
1229 2 2 1 10 704 842 743
1230 2 2 1 10 673 770 766
1231 2 2 1 10 766 770 686
1232 2 2 1 10 673 835 770
1233 2 2 1 10 829 859 699
1234 2 2 1 10 744 834 683
1235 2 2 1 10 683 823 744
1236 2 2 1 10 645 806 704
1237 2 2 1 10 709 822 759
1238 2 2 1 10 762 910 736
1239 2 2 1 10 801 898 660
1240 2 2 1 10 698 816 789
1241 2 2 1 10 697 884 752
1242 2 2 1 10 154 754 153
1243 2 2 1 10 729 850 661
1244 2 2 1 10 788 904 732
1245 2 2 1 10 734 802 648
1246 2 2 1 10 681 850 729
1247 2 2 1 10 655 899 766
1248 2 2 1 10 681 768 753
1249 2 2 1 10 753 768 648
1250 2 2 1 10 787 810 683
1251 2 2 1 10 696 810 787
1252 2 2 1 10 824 921 669
1253 2 2 1 10 655 853 747
1254 2 2 1 10 747 853 690
1255 2 2 1 10 780 891 718
1256 2 2 1 10 854 899 655
1257 2 2 1 10 814 815 653
1258 2 2 1 10 789 816 686
1259 2 2 1 10 739 786 198
1260 2 2 1 10 780 925 664
1261 2 2 1 10 724 826 674
1262 2 2 1 10 60 880 781
1263 2 2 1 10 698 789 746
1264 2 2 1 10 742 784 783
1265 2 2 1 10 801 815 680
1266 2 2 1 10 680 889 837
1267 2 2 1 10 719 795 71
1268 2 2 1 10 731 846 646
1269 2 2 1 10 745 937 658
1270 2 2 1 10 673 909 835
1271 2 2 1 10 714 905 887
1272 2 2 1 10 665 765 748
1273 2 2 1 10 189 777 188
1274 2 2 1 10 152 787 151
1275 2 2 1 10 199 805 739
1276 2 2 1 10 757 873 649
1277 2 2 1 10 650 866 743
1278 2 2 1 10 772 823 683
1279 2 2 1 10 828 872 653
1280 2 2 1 10 739 805 679
1281 2 2 1 10 690 877 747
1282 2 2 1 10 651 812 772
1283 2 2 1 10 772 812 688
1284 2 2 1 10 746 789 652
1285 2 2 1 10 652 864 796
1286 2 2 1 10 672 923 776
1287 2 2 1 10 716 801 680
1288 2 2 1 10 667 784 742
1289 2 2 1 10 675 786 739
1290 2 2 1 10 727 878 845
1291 2 2 1 10 732 840 144
1292 2 2 1 10 719 916 732
1293 2 2 1 10 813 870 658
1294 2 2 1 10 733 814 669
1295 2 2 1 10 835 864 652
1296 2 2 1 10 668 809 755
1297 2 2 1 10 747 802 672
1298 2 2 1 10 67 851 716
1299 2 2 1 10 207 762 206
1300 2 2 1 10 698 821 790
1301 2 2 1 10 790 816 698
1302 2 2 1 10 644 816 790
1303 2 2 1 10 745 793 668
1304 2 2 1 10 68 879 851
1305 2 2 1 10 676 865 762
1306 2 2 1 10 681 817 737
1307 2 2 1 10 61 880 60
1308 2 2 1 10 698 868 821
1309 2 2 1 10 159 817 158
1310 2 2 1 10 71 916 719
1311 2 2 1 10 777 863 188
1312 2 2 1 10 664 876 737
1313 2 2 1 10 737 876 681
1314 2 2 1 10 845 878 661
1315 2 2 1 10 668 912 745
1316 2 2 1 10 763 791 654
1317 2 2 1 10 799 843 645
1318 2 2 1 10 787 841 696
1319 2 2 1 10 662 826 724
1320 2 2 1 10 738 825 674
1321 2 2 1 10 752 884 663
1322 2 2 1 10 669 872 740
1323 2 2 1 10 728 884 807
1324 2 2 1 10 721 838 796
1325 2 2 1 10 716 898 801
1326 2 2 1 10 741 913 684
1327 2 2 1 10 67 837 66
1328 2 2 1 10 782 905 714
1329 2 2 1 10 760 804 677
1330 2 2 1 10 743 866 831
1331 2 2 1 10 649 914 757
1332 2 2 1 10 653 815 765
1333 2 2 1 10 764 833 727
1334 2 2 1 10 750 848 671
1335 2 2 1 10 726 826 662
1336 2 2 1 10 807 884 697
1337 2 2 1 10 144 840 8
1338 2 2 1 10 677 924 760
1339 2 2 1 10 773 810 696
1340 2 2 1 10 651 810 773
1341 2 2 1 10 652 789 770
1342 2 2 1 10 770 789 686
1343 2 2 1 10 782 855 712
1344 2 2 1 10 187 769 186
1345 2 2 1 10 806 859 667
1346 2 2 1 10 644 929 816
1347 2 2 1 10 682 919 759
1348 2 2 1 10 146 788 145
1349 2 2 1 10 806 842 704
1350 2 2 1 10 802 923 672
1351 2 2 1 10 755 912 668
1352 2 2 1 10 718 925 780
1353 2 2 1 10 777 924 677
1354 2 2 1 10 688 846 731
1355 2 2 1 10 703 875 783
1356 2 2 1 10 755 855 678
1357 2 2 1 10 754 841 153
1358 2 2 1 10 652 838 746
1359 2 2 1 10 762 865 703
1360 2 2 1 10 183 776 182
1361 2 2 1 10 807 907 728
1362 2 2 1 10 811 914 730
1363 2 2 1 10 734 923 802
1364 2 2 1 10 204 784 203
1365 2 2 1 10 746 838 682
1366 2 2 1 10 767 878 694
1367 2 2 1 10 680 837 716
1368 2 2 1 10 740 872 701
1369 2 2 1 10 748 885 646
1370 2 2 1 10 833 878 727
1371 2 2 1 10 656 917 743
1372 2 2 1 10 205 783 204
1373 2 2 1 10 797 798 692
1374 2 2 1 10 154 808 754
1375 2 2 1 10 207 910 762
1376 2 2 1 10 713 907 807
1377 2 2 1 10 662 928 726
1378 2 2 1 10 747 877 802
1379 2 2 1 10 694 878 833
1380 2 2 1 10 687 800 781
1381 2 2 1 10 672 890 747
1382 2 2 1 10 746 868 698
1383 2 2 1 10 744 823 662
1384 2 2 1 10 198 786 197
1385 2 2 1 10 659 857 807
1386 2 2 1 10 807 857 713
1387 2 2 1 10 702 863 777
1388 2 2 1 10 767 886 156
1389 2 2 1 10 675 914 811
1390 2 2 1 10 761 809 689
1391 2 2 1 10 800 918 720
1392 2 2 1 10 64 934 63
1393 2 2 1 10 701 872 828
1394 2 2 1 10 753 850 681
1395 2 2 1 10 749 845 706
1396 2 2 1 10 725 854 839
1397 2 2 1 10 839 854 705
1398 2 2 1 10 818 919 682
1399 2 2 1 10 677 864 777
1400 2 2 1 10 777 864 702
1401 2 2 1 10 706 896 749
1402 2 2 1 10 827 870 722
1403 2 2 1 10 155 808 154
1404 2 2 1 10 773 882 666
1405 2 2 1 10 779 907 713
1406 2 2 1 10 156 886 155
1407 2 2 1 10 753 922 706
1408 2 2 1 10 648 922 753
1409 2 2 1 10 699 870 827
1410 2 2 1 10 790 913 644
1411 2 2 1 10 8 840 72
1412 2 2 1 10 691 885 748
1413 2 2 1 10 714 887 794
1414 2 2 1 10 751 849 645
1415 2 2 1 10 759 822 682
1416 2 2 1 10 663 852 752
1417 2 2 1 10 683 810 772
1418 2 2 1 10 772 810 651
1419 2 2 1 10 686 860 766
1420 2 2 1 10 751 861 668
1421 2 2 1 10 678 855 782
1422 2 2 1 10 783 784 204
1423 2 2 1 10 726 928 803
1424 2 2 1 10 647 907 779
1425 2 2 1 10 657 868 822
1426 2 2 1 10 692 895 774
1427 2 2 1 10 732 916 840
1428 2 2 1 10 679 873 757
1429 2 2 1 10 761 867 665
1430 2 2 1 10 689 867 761
1431 2 2 1 10 646 846 748
1432 2 2 1 10 771 812 651
1433 2 2 1 10 695 812 771
1434 2 2 1 10 758 934 64
1435 2 2 1 10 706 908 753
1436 2 2 1 10 644 913 844
1437 2 2 1 10 200 805 199
1438 2 2 1 10 148 825 147
1439 2 2 1 10 69 879 68
1440 2 2 1 10 678 912 755
1441 2 2 1 10 643 855 755
1442 2 2 1 10 187 863 769
1443 2 2 1 10 668 861 809
1444 2 2 1 10 757 914 675
1445 2 2 1 10 666 833 764
1446 2 2 1 10 701 843 740
1447 2 2 1 10 653 872 814
1448 2 2 1 10 681 876 768
1449 2 2 1 10 68 851 67
1450 2 2 1 10 715 879 735
1451 2 2 1 10 798 862 692
1452 2 2 1 10 783 875 742
1453 2 2 1 10 183 847 776
1454 2 2 1 10 693 798 797
1455 2 2 1 10 713 932 779
1456 2 2 1 10 687 918 800
1457 2 2 1 10 887 905 659
1458 2 2 1 10 696 882 773
1459 2 2 1 10 784 829 203
1460 2 2 1 10 760 924 190
1461 2 2 1 10 759 919 195
1462 2 2 1 10 717 920 819
1463 2 2 1 10 674 791 763
1464 2 2 1 10 754 894 666
1465 2 2 1 10 186 893 185
1466 2 2 1 10 761 856 643
1467 2 2 1 10 666 882 754
1468 2 2 1 10 15 892 161
1469 2 2 1 10 776 891 182
1470 2 2 1 10 150 834 744
1471 2 2 1 10 754 882 841
1472 2 2 1 10 683 834 787
1473 2 2 1 10 179 892 15
1474 2 2 1 10 56 897 9
1475 2 2 1 10 190 935 760
1476 2 2 1 10 791 826 726
1477 2 2 1 10 760 935 191
1478 2 2 1 10 770 835 652
1479 2 2 1 10 205 915 783
1480 2 2 1 10 650 865 792
1481 2 2 1 10 790 821 684
1482 2 2 1 10 779 932 670
1483 2 2 1 10 821 868 657
1484 2 2 1 10 812 832 688
1485 2 2 1 10 695 832 812
1486 2 2 1 10 786 883 197
1487 2 2 1 10 665 936 761
1488 2 2 1 10 863 909 769
1489 2 2 1 10 71 795 70
1490 2 2 1 10 9 897 208
1491 2 2 1 10 707 880 820
1492 2 2 1 10 185 839 184
1493 2 2 1 10 65 830 64
1494 2 2 1 10 151 834 150
1495 2 2 1 10 791 871 654
1496 2 2 1 10 202 827 201
1497 2 2 1 10 762 915 206
1498 2 2 1 10 842 875 650
1499 2 2 1 10 703 915 762
1500 2 2 1 10 64 830 758
1501 2 2 1 10 785 852 663
1502 2 2 1 10 690 852 785
1503 2 2 1 10 736 906 775
1504 2 2 1 10 820 869 707
1505 2 2 1 10 646 885 756
1506 2 2 1 10 203 829 202
1507 2 2 1 10 824 869 700
1508 2 2 1 10 785 896 706
1509 2 2 1 10 663 896 785
1510 2 2 1 10 783 915 703
1511 2 2 1 10 775 906 57
1512 2 2 1 10 656 869 824
1513 2 2 1 10 823 928 662
1514 2 2 1 10 778 856 695
1515 2 2 1 10 643 856 778
1516 2 2 1 10 741 911 844
1517 2 2 1 10 844 911 697
1518 2 2 1 10 743 917 704
1519 2 2 1 10 665 867 765
1520 2 2 1 10 787 834 151
1521 2 2 1 10 720 881 800
1522 2 2 1 10 202 829 827
1523 2 2 1 10 785 877 690
1524 2 2 1 10 766 860 655
1525 2 2 1 10 796 838 652
1526 2 2 1 10 781 880 707
1527 2 2 1 10 712 932 857
1528 2 2 1 10 773 931 651
1529 2 2 1 10 708 931 773
1530 2 2 1 10 153 841 152
1531 2 2 1 10 190 924 189
1532 2 2 1 10 200 901 805
1533 2 2 1 10 765 927 653
1534 2 2 1 10 797 871 693
1535 2 2 1 10 827 829 699
1536 2 2 1 10 674 826 791
1537 2 2 1 10 156 900 767
1538 2 2 1 10 774 895 685
1539 2 2 1 10 710 849 793
1540 2 2 1 10 694 886 767
1541 2 2 1 10 63 888 62
1542 2 2 1 10 785 922 877
1543 2 2 1 10 786 933 883
1544 2 2 1 10 669 921 758
1545 2 2 1 10 206 915 205
1546 2 2 1 10 72 916 71
1547 2 2 1 10 779 930 708
1548 2 2 1 10 670 930 779
1549 2 2 1 10 766 899 673
1550 2 2 1 10 184 847 183
1551 2 2 1 10 686 929 860
1552 2 2 1 10 720 918 792
1553 2 2 1 10 819 920 678
1554 2 2 1 10 57 906 56
1555 2 2 1 10 767 900 729
1556 2 2 1 10 780 903 180
1557 2 2 1 10 59 881 58
1558 2 2 1 10 827 901 201
1559 2 2 1 10 659 911 887
1560 2 2 1 10 771 930 670
1561 2 2 1 10 651 931 771
1562 2 2 1 10 654 871 797
1563 2 2 1 10 769 893 186
1564 2 2 1 10 722 901 827
1565 2 2 1 10 813 873 679
1566 2 2 1 10 685 858 795
1567 2 2 1 10 702 909 863
1568 2 2 1 10 731 928 823
1569 2 2 1 10 795 858 70
1570 2 2 1 10 66 889 65
1571 2 2 1 10 195 919 194
1572 2 2 1 10 800 881 59
1573 2 2 1 10 188 863 187
1574 2 2 1 10 792 865 676
1575 2 2 1 10 723 903 780
1576 2 2 1 10 730 926 811
1577 2 2 1 10 155 886 808
1578 2 2 1 10 158 874 157
1579 2 2 1 10 887 911 741
1580 2 2 1 10 841 882 696
1581 2 2 1 10 157 900 156
1582 2 2 1 10 189 924 777
1583 2 2 1 10 799 917 656
1584 2 2 1 10 56 906 897
1585 2 2 1 10 65 889 830
1586 2 2 1 10 660 862 798
1587 2 2 1 10 726 871 791
1588 2 2 1 10 742 875 842
1589 2 2 1 10 839 847 184
1590 2 2 1 10 809 861 689
1591 2 2 1 10 769 909 673
1592 2 2 1 10 796 864 677
1593 2 2 1 10 197 883 196
1594 2 2 1 10 650 875 865
1595 2 2 1 10 685 895 858
1596 2 2 1 10 712 905 782
1597 2 2 1 10 694 894 808
1598 2 2 1 10 700 934 921
1599 2 2 1 10 877 922 648
1600 2 2 1 10 700 869 820
1601 2 2 1 10 191 935 17
1602 2 2 1 10 17 935 190
1603 2 2 1 10 182 891 181
1604 2 2 1 10 740 843 799
1605 2 2 1 10 706 922 785
1606 2 2 1 10 208 910 207
1607 2 2 1 10 705 847 839
1608 2 2 1 10 201 901 200
1609 2 2 1 10 715 898 851
1610 2 2 1 10 180 903 179
1611 2 2 1 10 756 885 691
1612 2 2 1 10 802 877 648
1613 2 2 1 10 830 889 733
1614 2 2 1 10 835 909 702
1615 2 2 1 10 833 894 694
1616 2 2 1 10 684 913 790
1617 2 2 1 10 858 895 735
1618 2 2 1 10 897 906 736
1619 2 2 1 10 828 927 689
1620 2 2 1 10 717 873 813
1621 2 2 1 10 814 872 669
1622 2 2 1 10 194 919 818
1623 2 2 1 10 658 937 813
1624 2 2 1 10 813 937 717
1625 2 2 1 10 851 898 716
1626 2 2 1 10 808 894 754
1627 2 2 1 10 808 886 694
1628 2 2 1 10 675 933 786
1629 2 2 1 10 702 864 835
1630 2 2 1 10 817 874 158
1631 2 2 1 10 870 902 658
1632 2 2 1 10 807 911 659
1633 2 2 1 10 811 933 675
1634 2 2 1 10 709 933 811
1635 2 2 1 10 874 900 157
1636 2 2 1 10 729 900 874
1637 2 2 1 10 695 936 832
1638 2 2 1 10 655 860 853
1639 2 2 1 10 853 860 711
1640 2 2 1 10 704 917 799
1641 2 2 1 10 792 866 650
1642 2 2 1 10 811 926 657
1643 2 2 1 10 883 933 709
1644 2 2 1 10 888 934 700
1645 2 2 1 10 697 911 807
1646 2 2 1 10 62 888 820
1647 2 2 1 10 820 888 700
1648 2 2 1 10 689 927 867
1649 2 2 1 10 850 908 661
1650 2 2 1 10 753 908 850
1651 2 2 1 10 700 921 824
1652 2 2 1 10 856 936 695
1653 2 2 1 10 725 899 854
1654 2 2 1 10 666 894 833
1655 2 2 1 10 860 929 711
1656 2 2 1 10 816 929 686
1657 2 2 1 10 844 913 741
1658 2 2 1 10 657 926 821
1659 2 2 1 10 653 927 828
1660 2 2 1 10 848 904 671
1661 2 2 1 10 845 908 706
1662 2 2 1 10 837 889 66
1663 2 2 1 10 761 936 856
1664 2 2 1 10 719 904 848
1665 2 2 1 10 832 936 665
1666 2 2 1 10 921 934 758
1667 2 2 1 10 857 905 712
1668 2 2 1 10 659 905 857
1669 2 2 1 10 661 908 845
1670 2 2 1 10 710 902 859
1671 2 2 1 10 859 902 699
1672 2 2 1 10 866 918 687
1673 2 2 1 10 717 937 920
1674 2 2 1 10 920 937 745
1675 2 2 1 10 897 910 208
1676 2 2 1 10 699 902 870
1677 2 2 1 10 865 875 703
1678 2 2 1 10 862 898 715
1679 2 2 1 10 736 910 897
1680 2 2 1 10 792 918 866
1681 2 2 1 10 179 903 892
1682 2 2 1 10 857 932 713
1683 2 2 1 10 867 927 765
1684 2 2 1 10 660 898 862
1685 2 2 1 10 892 903 723
1686 2 2 1 10 923 925 718
1687 2 2 1 10 734 925 923
1688 2 2 1 10 840 916 72
1689 2 2 1 10 930 931 708
1690 2 2 1 10 771 931 930
1691 2 2 1 10 678 920 912
1692 2 2 1 10 912 920 745
1693 2 2 1 10 63 934 888
1694 2 2 2 11 268 267 957
1695 2 2 2 11 220 221 956
1696 2 2 2 11 268 957 982
1697 2 2 2 11 956 221 981
1698 2 2 2 11 262 261 954
1699 2 2 2 11 217 218 952
1700 2 2 2 11 265 264 953
1701 2 2 2 11 965 938 991
1702 2 2 2 11 938 965 990
1703 2 2 2 11 214 215 955
1704 2 2 2 11 939 954 994
1705 2 2 2 11 954 950 994
1706 2 2 2 11 270 269 958
1707 2 2 2 11 222 223 959
1708 2 2 2 11 954 261 980
1709 2 2 2 11 957 947 982
1710 2 2 2 11 946 956 981
1711 2 2 2 11 958 991 993
1712 2 2 2 11 948 958 993
1713 2 2 2 11 217 952 962
1714 2 2 2 11 953 264 963
1715 2 2 2 11 952 218 969
1716 2 2 2 11 265 953 970
1717 2 2 2 11 262 954 966
1718 2 2 2 11 222 959 981
1719 2 2 2 11 958 269 982
1720 2 2 2 11 955 975 997
1721 2 2 2 11 975 945 997
1722 2 2 2 11 957 267 967
1723 2 2 2 11 220 956 968
1724 2 2 2 11 955 215 975
1725 2 2 2 11 950 954 980
1726 2 2 2 11 954 939 992
1727 2 2 2 11 961 951 994
1728 2 2 2 11 949 960 993
1729 2 2 2 11 994 951 998
1730 2 2 2 11 949 993 999
1731 2 2 2 11 988 940 1004
1732 2 2 2 11 952 988 1004
1733 2 2 2 11 256 255 960
1734 2 2 2 11 273 274 961
1735 2 2 2 11 214 955 984
1736 2 2 2 11 991 938 993
1737 2 2 2 11 973 940 989
1738 2 2 2 11 953 973 989
1739 2 2 2 11 945 964 971
1740 2 2 2 11 964 942 971
1741 2 2 2 11 24 272 978
1742 2 2 2 11 19 257 979
1743 2 2 2 11 254 23 976
1744 2 2 2 11 275 18 977
1745 2 2 2 11 959 946 981
1746 2 2 2 11 947 958 982
1747 2 2 2 11 23 271 976
1748 2 2 2 11 260 24 978
1749 2 2 2 11 18 213 977
1750 2 2 2 11 224 19 979
1751 2 2 2 11 947 957 995
1752 2 2 2 11 956 946 996
1753 2 2 2 11 216 217 962
1754 2 2 2 11 261 260 980
1755 2 2 2 11 264 263 963
1756 2 2 2 11 260 978 980
1757 2 2 2 11 964 945 1004
1758 2 2 2 11 945 962 1004
1759 2 2 2 11 947 965 991
1760 2 2 2 11 965 946 990
1761 2 2 2 11 213 214 984
1762 2 2 2 11 267 266 967
1763 2 2 2 11 219 220 968
1764 2 2 2 11 263 262 966
1765 2 2 2 11 963 263 966
1766 2 2 2 11 270 958 985
1767 2 2 2 11 959 223 986
1768 2 2 2 11 977 213 984
1769 2 2 2 11 216 962 975
1770 2 2 2 11 942 963 966
1771 2 2 2 11 958 948 985
1772 2 2 2 11 958 947 991
1773 2 2 2 11 946 959 990
1774 2 2 2 11 952 969 988
1775 2 2 2 11 970 953 989
1776 2 2 2 11 962 945 975
1777 2 2 2 11 959 986 999
1778 2 2 2 11 986 949 999
1779 2 2 2 11 266 265 970
1780 2 2 2 11 218 219 969
1781 2 2 2 11 941 987 996
1782 2 2 2 11 940 964 1004
1783 2 2 2 11 953 963 973
1784 2 2 2 11 939 971 992
1785 2 2 2 11 961 274 1003
1786 2 2 2 11 273 961 1002
1787 2 2 2 11 960 255 1000
1788 2 2 2 11 256 960 1001
1789 2 2 2 11 964 940 973
1790 2 2 2 11 963 942 973
1791 2 2 2 11 942 964 973
1792 2 2 2 11 987 956 996
1793 2 2 2 11 215 216 975
1794 2 2 2 11 271 270 985
1795 2 2 2 11 223 224 986
1796 2 2 2 11 219 968 969
1797 2 2 2 11 967 266 970
1798 2 2 2 11 983 941 995
1799 2 2 2 11 943 972 974
1800 2 2 2 11 960 949 1001
1801 2 2 2 11 951 961 1003
1802 2 2 2 11 961 950 1002
1803 2 2 2 11 948 960 1000
1804 2 2 2 11 957 983 995
1805 2 2 2 11 968 944 969
1806 2 2 2 11 943 967 970
1807 2 2 2 11 969 944 988
1808 2 2 2 11 943 970 989
1809 2 2 2 11 221 222 981
1810 2 2 2 11 269 268 982
1811 2 2 2 11 255 254 1000
1812 2 2 2 11 274 275 1003
1813 2 2 2 11 257 256 1001
1814 2 2 2 11 272 273 1002
1815 2 2 2 11 946 965 996
1816 2 2 2 11 965 947 995
1817 2 2 2 11 972 944 974
1818 2 2 2 11 960 948 993
1819 2 2 2 11 950 961 994
1820 2 2 2 11 978 950 980
1821 2 2 2 11 966 954 992
1822 2 2 2 11 962 952 1004
1823 2 2 2 11 941 965 995
1824 2 2 2 11 965 941 996
1825 2 2 2 11 941 974 987
1826 2 2 2 11 957 967 983
1827 2 2 2 11 967 943 983
1828 2 2 2 11 939 994 998
1829 2 2 2 11 942 966 992
1830 2 2 2 11 943 974 983
1831 2 2 2 11 940 972 989
1832 2 2 2 11 972 940 988
1833 2 2 2 11 993 938 999
1834 2 2 2 11 951 977 984
1835 2 2 2 11 974 941 983
1836 2 2 2 11 984 955 998
1837 2 2 2 11 951 984 998
1838 2 2 2 11 945 971 997
1839 2 2 2 11 976 271 985
1840 2 2 2 11 224 979 986
1841 2 2 2 11 968 956 987
1842 2 2 2 11 944 968 987
1843 2 2 2 11 944 972 988
1844 2 2 2 11 972 943 989
1845 2 2 2 11 971 942 992
1846 2 2 2 11 971 939 997
1847 2 2 2 11 974 944 987
1848 2 2 2 11 254 976 1000
1849 2 2 2 11 978 272 1002
1850 2 2 2 11 275 977 1003
1851 2 2 2 11 979 257 1001
1852 2 2 2 11 979 949 986
1853 2 2 2 11 948 976 985
1854 2 2 2 11 997 939 998
1855 2 2 2 11 955 997 998
1856 2 2 2 11 949 979 1001
1857 2 2 2 11 976 948 1000
1858 2 2 2 11 977 951 1003
1859 2 2 2 11 950 978 1002
1860 2 2 2 11 938 990 999
1861 2 2 2 11 990 959 999
1862 2 2 3 12 1013 1025 1063
1863 2 2 3 12 1007 1021 1074
1864 2 2 3 12 1021 1007 1068
1865 2 2 3 12 1028 1010 1051
1866 2 2 3 12 1009 1026 1052
1867 2 2 3 12 1041 1006 1057
1868 2 2 3 12 1006 1046 1057
1869 2 2 3 12 1025 1013 1049
1870 2 2 3 12 283 1069 1076
1871 2 2 3 12 247 246 1036
1872 2 2 3 12 245 244 1037
1873 2 2 3 12 283 284 1069
1874 2 2 3 12 1030 287 1066
1875 2 2 3 12 285 1031 1069
1876 2 2 3 12 1030 1016 1070
1877 2 2 3 12 1010 1028 1042
1878 2 2 3 12 1026 1009 1044
1879 2 2 3 12 1035 1006 1064
1880 2 2 3 12 1005 1034 1065
1881 2 2 3 12 1038 1013 1063
1882 2 2 3 12 290 291 1038
1883 2 2 3 12 1006 1041 1064
1884 2 2 3 12 1040 1005 1065
1885 2 2 3 12 1009 1052 1106
1886 2 2 3 12 1051 1010 1105
1887 2 2 3 12 1031 285 1058
1888 2 2 3 12 292 293 1033
1889 2 2 3 12 1036 246 1084
1890 2 2 3 12 245 1037 1084
1891 2 2 3 12 1016 1058 1070
1892 2 2 3 12 284 285 1069
1893 2 2 3 12 1040 1011 1071
1894 2 2 3 12 1038 291 1067
1895 2 2 3 12 1034 1005 1050
1896 2 2 3 12 287 1030 1070
1897 2 2 3 12 287 288 1066
1898 2 2 3 12 1032 1008 1049
1899 2 2 3 12 1037 1014 1074
1900 2 2 3 12 242 241 1051
1901 2 2 3 12 250 249 1052
1902 2 2 3 12 1069 1027 1076
1903 2 2 3 12 1015 1036 1068
1904 2 2 3 12 1056 1040 1071
1905 2 2 3 12 1039 1008 1092
1906 2 2 3 12 1047 1015 1068
1907 2 2 3 12 1014 1048 1074
1908 2 2 3 12 1047 1020 1093
1909 2 2 3 12 1008 1032 1092
1910 2 2 3 12 242 1051 1090
1911 2 2 3 12 1052 249 1089
1912 2 2 3 12 1008 1039 1072
1913 2 2 3 12 1006 1035 1053
1914 2 2 3 12 235 234 1045
1915 2 2 3 12 238 237 1042
1916 2 2 3 12 280 281 1044
1917 2 2 3 12 277 278 1043
1918 2 2 3 12 1053 1047 1093
1919 2 2 3 12 1016 1031 1058
1920 2 2 3 12 1016 1030 1072
1921 2 2 3 12 1021 1036 1084
1922 2 2 3 12 1037 1021 1084
1923 2 2 3 12 1046 1006 1093
1924 2 2 3 12 1031 1016 1071
1925 2 2 3 12 1019 1040 1065
1926 2 2 3 12 1041 1018 1064
1927 2 2 3 12 1014 1037 1109
1928 2 2 3 12 1036 1015 1110
1929 2 2 3 12 1039 1005 1056
1930 2 2 3 12 1016 1039 1056
1931 2 2 3 12 1034 1050 1095
1932 2 2 3 12 285 286 1058
1933 2 2 3 12 1048 1007 1074
1934 2 2 3 12 1007 1047 1068
1935 2 2 3 12 1017 1038 1067
1936 2 2 3 12 1022 1048 1050
1937 2 2 3 12 1022 1039 1092
1938 2 2 3 12 1041 1012 1079
1939 2 2 3 12 1018 1041 1079
1940 2 2 3 12 1011 1040 1082
1941 2 2 3 12 1040 1019 1082
1942 2 2 3 12 292 1033 1067
1943 2 2 3 12 1073 1046 1093
1944 2 2 3 12 1033 293 1086
1945 2 2 3 12 1043 1012 1107
1946 2 2 3 12 1011 1045 1108
1947 2 2 3 12 1055 1014 1109
1948 2 2 3 12 1015 1054 1110
1949 2 2 3 12 1005 1040 1056
1950 2 2 3 12 1012 1041 1057
1951 2 2 3 12 247 1036 1110
1952 2 2 3 12 1037 244 1109
1953 2 2 3 12 1029 1043 1107
1954 2 2 3 12 1045 1027 1108
1955 2 2 3 12 1048 1014 1050
1956 2 2 3 12 1015 1047 1053
1957 2 2 3 12 1033 1017 1067
1958 2 2 3 12 1050 1014 1095
1959 2 2 3 12 1046 1017 1057
1960 2 2 3 12 290 1038 1063
1961 2 2 3 12 1023 1051 1105
1962 2 2 3 12 1052 1024 1106
1963 2 2 3 12 1049 1013 1097
1964 2 2 3 12 1053 1035 1094
1965 2 2 3 12 1039 1016 1072
1966 2 2 3 12 1013 1073 1097
1967 2 2 3 12 1051 1023 1090
1968 2 2 3 12 1024 1052 1089
1969 2 2 3 12 1019 1065 1081
1970 2 2 3 12 1064 1018 1080
1971 2 2 3 12 1033 1086 1107
1972 2 2 3 12 1005 1039 1099
1973 2 2 3 12 1039 1022 1099
1974 2 2 3 12 1017 1033 1096
1975 2 2 3 12 235 1045 1062
1976 2 2 3 12 1042 237 1061
1977 2 2 3 12 1043 278 1060
1978 2 2 3 12 280 1044 1059
1979 2 2 3 12 1049 1008 1098
1980 2 2 3 12 1047 1007 1085
1981 2 2 3 12 1020 1047 1085
1982 2 2 3 12 1036 1021 1068
1983 2 2 3 12 1015 1053 1094
1984 2 2 3 12 1072 1030 1098
1985 2 2 3 12 233 21 1076
1986 2 2 3 12 25 276 1077
1987 2 2 3 12 282 20 1075
1988 2 2 3 12 22 239 1078
1989 2 2 3 12 1025 1049 1098
1990 2 2 3 12 1007 1048 1091
1991 2 2 3 12 1048 1022 1091
1992 2 2 3 12 21 283 1076
1993 2 2 3 12 294 25 1077
1994 2 2 3 12 20 251 1075
1995 2 2 3 12 240 22 1078
1996 2 2 3 12 1021 1037 1074
1997 2 2 3 12 1045 234 1103
1998 2 2 3 12 238 1042 1100
1999 2 2 3 12 1044 281 1101
2000 2 2 3 12 277 1043 1102
2001 2 2 3 12 289 290 1063
2002 2 2 3 12 1013 1046 1073
2003 2 2 3 12 1046 1013 1083
2004 2 2 3 12 1017 1046 1083
2005 2 2 3 12 1038 1017 1083
2006 2 2 3 12 1013 1038 1083
2007 2 2 3 12 1035 1064 1106
2008 2 2 3 12 1064 1009 1106
2009 2 2 3 12 1010 1065 1105
2010 2 2 3 12 1065 1034 1105
2011 2 2 3 12 1086 1029 1107
2012 2 2 3 12 1008 1072 1098
2013 2 2 3 12 1027 1045 1103
2014 2 2 3 12 1026 1044 1101
2015 2 2 3 12 1042 1028 1100
2016 2 2 3 12 1043 1029 1102
2017 2 2 3 12 1012 1043 1079
2018 2 2 3 12 1044 1009 1080
2019 2 2 3 12 1010 1042 1081
2020 2 2 3 12 1045 1011 1082
2021 2 2 3 12 279 280 1059
2022 2 2 3 12 278 279 1060
2023 2 2 3 12 237 236 1061
2024 2 2 3 12 236 235 1062
2025 2 2 3 12 244 243 1109
2026 2 2 3 12 248 247 1110
2027 2 2 3 12 1016 1056 1071
2028 2 2 3 12 1031 1071 1108
2029 2 2 3 12 1022 1050 1099
2030 2 2 3 12 243 1055 1109
2031 2 2 3 12 1054 248 1110
2032 2 2 3 12 291 292 1067
2033 2 2 3 12 1014 1055 1095
2034 2 2 3 12 1055 1023 1095
2035 2 2 3 12 1024 1054 1094
2036 2 2 3 12 1054 1015 1094
2037 2 2 3 12 279 1059 1060
2038 2 2 3 12 1061 236 1062
2039 2 2 3 12 1071 1011 1108
2040 2 2 3 12 1065 1010 1081
2041 2 2 3 12 1009 1064 1080
2042 2 2 3 12 249 248 1089
2043 2 2 3 12 243 242 1090
2044 2 2 3 12 286 287 1070
2045 2 2 3 12 1050 1005 1099
2046 2 2 3 12 1055 243 1090
2047 2 2 3 12 248 1054 1089
2048 2 2 3 12 288 289 1104
2049 2 2 3 12 1032 1049 1097
2050 2 2 3 12 250 1052 1087
2051 2 2 3 12 1051 241 1088
2052 2 2 3 12 1057 1017 1096
2053 2 2 3 12 246 245 1084
2054 2 2 3 12 1059 1018 1060
2055 2 2 3 12 1019 1061 1062
2056 2 2 3 12 293 294 1086
2057 2 2 3 12 251 250 1087
2058 2 2 3 12 241 240 1088
2059 2 2 3 12 1052 1026 1087
2060 2 2 3 12 1028 1051 1088
2061 2 2 3 12 1058 286 1070
2062 2 2 3 12 1030 1066 1098
2063 2 2 3 12 1006 1053 1093
2064 2 2 3 12 289 1063 1104
2065 2 2 3 12 1043 1060 1079
2066 2 2 3 12 1062 1045 1082
2067 2 2 3 12 1042 1061 1081
2068 2 2 3 12 1059 1044 1080
2069 2 2 3 12 276 277 1102
2070 2 2 3 12 239 238 1100
2071 2 2 3 12 234 233 1103
2072 2 2 3 12 281 282 1101
2073 2 2 3 12 1054 1024 1089
2074 2 2 3 12 1023 1055 1090
2075 2 2 3 12 1012 1057 1096
2076 2 2 3 12 1063 1025 1104
2077 2 2 3 12 1073 1020 1097
2078 2 2 3 12 1020 1073 1093
2079 2 2 3 12 1085 1007 1091
2080 2 2 3 12 1032 1085 1091
2081 2 2 3 12 1066 288 1104
2082 2 2 3 12 1019 1062 1082
2083 2 2 3 12 1060 1018 1079
2084 2 2 3 12 1018 1059 1080
2085 2 2 3 12 1061 1019 1081
2086 2 2 3 12 1069 1031 1108
2087 2 2 3 12 1085 1032 1097
2088 2 2 3 12 1020 1085 1097
2089 2 2 3 12 1091 1022 1092
2090 2 2 3 12 1032 1091 1092
2091 2 2 3 12 1094 1035 1106
2092 2 2 3 12 1024 1094 1106
2093 2 2 3 12 1095 1023 1105
2094 2 2 3 12 1034 1095 1105
2095 2 2 3 12 1066 1025 1098
2096 2 2 3 12 1025 1066 1104
2097 2 2 3 12 1027 1069 1108
2098 2 2 3 12 294 1077 1086
2099 2 2 3 12 240 1078 1088
2100 2 2 3 12 1075 251 1087
2101 2 2 3 12 1078 1028 1088
2102 2 2 3 12 1026 1075 1087
2103 2 2 3 12 1077 1029 1086
2104 2 2 3 12 1077 276 1102
2105 2 2 3 12 282 1075 1101
2106 2 2 3 12 1078 239 1100
2107 2 2 3 12 233 1076 1103
2108 2 2 3 12 1096 1033 1107
2109 2 2 3 12 1012 1096 1107
2110 2 2 3 12 1075 1026 1101
2111 2 2 3 12 1029 1077 1102
2112 2 2 3 12 1028 1078 1100
2113 2 2 3 12 1076 1027 1103
$EndElements
