$MeshFormat
4.1 0 8
$EndMeshFormat
$PhysicalNames
5
2 2 "LFCone"
2 3 "LFSurround"
2 4 "Interface"
2 5 "SideChamber_boundary"
3 1 "SideChamber"
$EndPhysicalNames
$Entities
58 90 32 1
1 581.4 80.6049346793026 -179.775735931288 0 
2 535 3.35651463073454 -179.775735931288 0 
3 541.35 3.35651463073454 -173.425735931288 0 
4 581.4 73.3304583526658 -173.425735931288 0 
5 535 3.35651463073457 -281.375735931288 0 
6 581.4 80.6049346793026 -281.375735931288 0 
7 581.4 73.3304583526659 -287.725735931288 0 
8 541.35 3.35651463073457 -287.725735931288 0 
9 581.4 -6.38879473616267e-14 -287.725735931288 0 
10 541.35 -6.21724893790088e-14 -287.725735931288 0 
11 541.35 -3.5527136788005e-14 -173.425735931288 0 
12 535 -3.5527136788005e-14 -179.775735931288 0 
13 535 -6.21724893790088e-14 -281.375735931288 0 
14 581.4 -3.85082490186956e-14 -173.425735931288 0 
15 490.6 89.34497833380451 -292.6 0 
16 490.6 107.344978333805 -292.6 0 
17 490.6 89.34497833380451 -761.4 0 
18 490.6 107.344978333805 -761.4 0 
19 581.4 107.344978333805 -761.4 0 
20 581.4 107.344978333805 -85.7514718625762 0 
21 490.6 107.344978333805 -85.7514718625762 0 
22 581.4 89.34497833380451 -761.4 0 
23 490.6 89.34497833380451 -85.7514718625762 0 
24 581.4 89.34497833380451 -85.7514718625762 0 
25 581.4 -1.33537625401914e-13 -761.4 0 
26 442.6 -1.33537625401914e-13 -761.4 0 
27 442.6 246.5 -761.4 0 
28 581.4 246.5 -761.4 0 
29 442.6 246.5 -292.6 0 
30 490.6 246.5 -292.6 0 
31 442.6 -2.94431146130591e-14 -292.6 0 
32 490.6 -6.49702514010642e-14 -292.6 0 
33 490.6 2.44800908738405e-14 -49.7514718625762 0 
34 490.6 246.5 -49.7514718625762 0 
35 442.6 -7.03435311898479e-14 -316.799100854524 0 
36 418.4 -7.03435311898479e-14 -316.799100854524 0 
37 442.6 -1.63691482401135e-13 -737.200899145477 0 
38 418.4 -1.63691482401135e-13 -737.200899145477 0 
39 418.4 -7.72558187093215e-14 -347.929276351503 0 
40 418.4 -1.56779194881661e-13 -706.0707236484971 0 
41 339.894773339751 -9.98126711206385e-14 -449.516308465762 0 
42 339.894773339751 -1.34222342470345e-13 -604.483691534239 0 
43 581.4 2.44800908738405e-14 -49.7514718625762 0 
44 581.4 246.5 -49.7514718625762 0 
45 581.4 -1.16223860742457e-13 -523.425735931288 0 
46 581.4 73.3304583526658 -523.425735931288 0 
47 581.4 80.6049346793026 -529.775735931288 0 
48 581.4 80.6049346793026 -631.375735931288 0 
49 581.4 73.3304583526659 -637.725735931288 0 
50 581.4 -1.41603559085388e-13 -637.725735931288 0 
51 541.35 -1.15463194561016e-13 -523.425735931288 0 
52 541.35 -1.33226762955019e-13 -637.725735931288 0 
53 535 -1.33226762955019e-13 -631.375735931288 0 
54 535 -1.15463194561016e-13 -529.775735931288 0 
55 541.35 3.35651463073454 -523.425735931288 0 
56 535 3.35651463073457 -631.375735931288 0 
57 535 3.35651463073454 -529.775735931288 0 
58 541.35 3.35651463073457 -637.725735931288 0 
1 534.9999999 3.356514530734607 -179.775736031288 581.4000001000001 80.60493477930251 -179.775735831288 0 2 1 -2 
2 534.9999999 3.356514530734538 -179.775736031288 541.3500001 3.356514730734539 -173.425735831288 0 2 3 -2 
3 541.3499999000001 3.356514530734565 -173.425736031288 581.4000000999999 73.33045845266575 -173.425735831288 0 2 3 -4 
4 581.3995412667668 73.32999961943263 -179.7761946645212 581.4004587332331 80.60539341253578 -173.4252771980548 0 2 4 -1 
5 534.9999999 3.356514530734593 -281.375736031288 581.4000000999999 80.60493477930252 -281.375735831288 0 2 5 -6 
6 534.9999999 3.356514530734535 -281.375736031288 535.0000001 3.356514730734558 -179.775735831288 0 2 5 -2 
7 581.3999999 80.60493457930261 -281.375736031288 581.4000000999999 80.60493477930261 -179.775735831288 0 2 1 -6 
8 541.3499999000001 3.356514530734636 -287.725736031288 581.4000001000001 73.33045845266581 -287.725735831288 0 2 7 -8 
9 534.9999999 3.356514530734565 -287.725736031288 541.3500001 3.356514730734571 -281.375735831288 0 2 8 -5 
10 581.3995412667676 73.32999961943358 -287.7261946645203 581.4004587332323 80.60539341253492 -281.3752771980556 0 2 6 -7 
11 581.3999999 -1.000000580120286e-07 -287.725736031288 581.4000000999999 73.33045845266588 -287.7257358312879 0 2 7 -9 
12 541.3499999000001 -1.000000640072329e-07 -287.725736031288 541.3500001 3.356514730734573 -287.725735831288 0 2 8 -10 
13 541.3499999000001 -1.000000621724894e-07 -287.7257360312881 581.4000000999999 9.999993782751062e-08 -287.725735831288 0 2 9 -10 
14 541.3499999000001 -1.000000355855235e-07 -173.425736031288 541.3500001 3.356514730734537 -173.425735831288 0 2 11 -3 
15 534.9999999 -1.000000355855235e-07 -179.775736031288 535.0000001 3.356514730734537 -179.775735831288 0 2 2 -12 
16 534.9999999 -1.000000976996262e-07 -179.775736031288 541.3500001 9.999990371035708e-08 -173.425735831288 0 2 12 -11 
17 534.9999999 -1.000000640072329e-07 -281.375736031288 535.0000001 3.356514730734573 -281.375735831288 0 2 13 -5 
18 534.9999999 -1.000000724642568e-07 -287.725736031288 541.3500001 9.999992894572642e-08 -281.375735831288 0 2 10 -13 
19 534.9999999 -1.000000624779641e-07 -281.375736031288 535.0000001 9.999996008176774e-08 -179.775735831288 0 2 13 -12 
20 581.3999999 -1.000000295903192e-07 -173.425736031288 581.4000000999999 73.33045845266579 -173.4257358312879 0 2 14 -4 
21 541.3499999000001 -1.000000355271368e-07 -173.425736031288 581.4000000999999 9.999996447286321e-08 -173.425735831288 0 2 11 -14 
22 490.5999999 89.34497823380454 -292.6000001000001 490.6000001 107.344978433805 -292.5999999000001 0 2 15 -16 
23 490.5999999 89.34497823380451 -761.4000000999999 490.6000001 89.3449784338045 -292.5999999 0 2 15 -17 
24 490.5999999 89.34497823380451 -761.4000000999999 490.6000001 107.344978433805 -761.3999999 0 2 18 -17 
25 490.5999999 107.344978233805 -761.4000000999999 490.6000001 107.344978433805 -292.5999999 0 2 16 -18 
26 490.5999999 107.344978233805 -761.4000000999999 581.4000000999999 107.344978433805 -761.3999999 0 2 19 -18 
27 581.3999999 107.344978233805 -761.4000000999999 581.4000000999999 107.344978433805 -85.75147176257622 0 2 20 -19 
28 490.5999999 107.344978233805 -85.75147196257619 581.4000000999999 107.344978433805 -85.7514717625762 0 2 21 -20 
29 490.5999999 107.344978233805 -292.6000001 490.6000001 107.344978433805 -85.7514717625762 0 2 16 -21 
30 490.5999999 89.34497823380461 -761.4000000999999 581.4000000999999 89.3449784338046 -761.3999999 0 2 17 -22 
31 490.5999999 89.34497823380451 -292.6000001 490.6000001 89.3449784338045 -85.7514717625762 0 2 23 -15 
32 490.5999999 89.34497823380451 -85.75147196257619 581.4000000999999 89.3449784338045 -85.7514717625762 0 2 24 -23 
33 581.3999999 89.34497823380451 -761.4000000999999 581.4000000999999 89.3449784338045 -85.75147176257622 0 2 22 -24 
34 581.3999999 89.34497823380451 -85.75147196257619 581.4000000999999 107.344978433805 -85.7514717625762 0 2 24 -20 
35 490.5999999 89.34497823380453 -85.75147196257619 490.6000001 107.344978433805 -85.7514717625762 0 2 21 -23 
36 581.3999999 -1.000001432771569e-07 -761.4000001000001 581.4000000999999 89.34497843380453 -761.3999999 0 2 25 -22 
37 442.5999999 -1.000001690647622e-07 -761.4000000999999 581.4000000999999 9.999983093523781e-08 -761.3999999 0 2 25 -26 
38 442.5999999 -1.000001361717295e-07 -761.4000001000001 442.6000001 246.5000001 -761.3999999 0 2 26 -27 
39 442.5999999 246.4999999 -761.4000000999999 581.4000000999999 246.5000001 -761.3999999 0 2 28 -27 
40 581.3999999 107.344978233805 -761.4000001000001 581.4000000999999 246.5000001 -761.3999999000001 0 2 19 -28 
41 442.5999999 246.4999999 -292.6000001 490.6000001 246.5000001 -292.5999999 0 2 29 -30 
42 442.5999999 -1.000000224848918e-07 -292.6000001000002 442.6000001 246.5000001 -292.5999999000001 0 2 31 -29 
43 442.5999999 -1.000000649702514e-07 -292.6000001 490.6000001 9.999993502974859e-08 -292.5999998999999 0 2 31 -32 
44 490.5999999 -1.000000580120286e-07 -292.6000001000001 490.6000001 89.34497843380453 -292.5999999000001 0 2 32 -15 
45 490.5999999 107.344978233805 -292.6000001000002 490.6000001 246.5000001 -292.5999999000001 0 2 16 -30 
46 490.5999999 -1.000000649702514e-07 -292.6000001 490.6000001 9.999998895295408e-08 -49.75147176257619 0 2 32 -33 
47 490.5999999 -9.999996564147295e-08 -49.75147196257621 490.6000001 246.5000001 -49.75147176257616 0 2 33 -34 
48 490.5999999 246.4999999 -292.6000001 490.6000001 246.5000001000001 -49.75147176257622 0 2 30 -34 
49 418.3999999 -1.000000703435312e-07 -316.799100954524 442.6000001 9.99999296564688e-08 -316.799100754524 0 2 35 -36 
50 442.5999999 -1.000001930151484e-07 -737.200899245476 442.6000001 210.2008992454759 -316.799100754524 0 2 37 -35 
51 418.3999999 -1.000001636914824e-07 -737.200899245477 442.6000001 9.99998363085176e-08 -737.2008990454771 0 2 38 -37 
52 418.3999999 -1.000002782802767e-07 -737.200899245476 418.4000001 210.2008992454758 -316.799100754524 0 2 36 -38 
53 418.3999999 -1.000000772558187e-07 -347.929276451503 418.4000001 9.99999296564688e-08 -316.799100754524 0 2 36 -39 
54 418.3999999 -1.000001636914824e-07 -737.200899245477 418.4000001 9.999983940845813e-08 -706.0707235484971 0 2 40 -38 
55 418.3999999 -1.000002072260031e-07 -706.070723748497 418.4000001 179.0707237484968 -347.929276251503 0 2 39 -40 
56 339.8947732397507 -1.000000998126711e-07 -449.5163085657618 418.4000001000002 9.999992274418129e-08 -347.9292762515032 0 2 39 -41 
57 339.8947732397507 -1.000001575715513e-07 -706.0707237484971 418.4000000999998 9.999985254447778e-08 -604.4836914342393 0 2 42 -40 
58 339.894773239751 -1.000001930151484e-07 -604.4836916342387 339.894773439751 77.48369163423854 -449.5163083657613 0 2 41 -42 
59 339.8947732397505 -1.000001602604638e-07 -604.4836916342384 374.9101127122011 9.999985517117661e-08 -449.5163083657619 0 2 41 -42 
60 442.5999999 -1.000000703435312e-07 -316.799100954524 442.6000001 9.999993502974859e-08 -292.5999999 0 2 35 -31 
61 442.5999999 246.4999999 -761.4000000999999 442.6000001 246.5000001000001 -292.5999999 0 2 27 -29 
62 442.5999999 -1.000001690647622e-07 -761.4000000999999 442.6000001 9.99998363085176e-08 -737.2008990454771 0 2 26 -37 
63 490.5999999 -1.000000110470459e-07 -49.7514719625762 581.4000000999999 9.999998895295408e-08 -49.7514717625762 0 2 33 -43 
64 581.3999999 -9.999996564147295e-08 -49.75147196257621 581.4000000999999 246.5000001 -49.75147176257616 0 2 43 -44 
65 490.5999999 246.4999999 -49.7514719625762 581.4000000999999 246.5000001 -49.7514717625762 0 2 34 -44 
66 581.3999999 246.4999998999998 -761.4000000999999 581.4000000999999 246.5000001 -49.75147176257622 0 2 44 -28 
67 581.3999999 -1.000001148554475e-07 -523.425736031288 581.4000000999999 73.33045845266579 -523.4257358312881 0 2 45 -46 
68 581.3995412667668 73.32999961943275 -529.7761946645211 581.4004587332331 80.60539341253565 -523.4252771980549 0 2 46 -47 
69 581.3999999 80.60493457930261 -631.3757360312879 581.4000000999999 80.60493477930261 -529.775735831288 0 2 47 -48 
70 581.3995412667676 73.32999961943347 -637.7261946645203 581.4004587332323 80.60539341253494 -631.3752771980556 0 2 48 -49 
71 581.3999999 -1.000001432771569e-07 -637.725736031288 581.4000000999999 73.33045845266588 -637.725735831288 0 2 49 -50 
72 581.3999999 -1.000001690647622e-07 -761.4000000999999 581.4000000999999 9.999985839644092e-08 -637.725735831288 0 2 50 -25 
73 581.3999999 -1.00000038508249e-07 -173.425736031288 581.4000000999999 9.999998895295408e-08 -49.75147176257621 0 2 43 -14 
74 581.3999999 -1.000001162238607e-07 -523.425736031288 581.4000000999999 9.999993611205264e-08 -287.725735831288 0 2 9 -45 
75 541.3499999000001 -1.000001154631946e-07 -523.425736031288 581.4000000999999 9.999988453680543e-08 -523.4257358312881 0 2 51 -45 
76 541.3499999000001 -1.00000133226763e-07 -637.725736031288 581.4000000999999 9.999986677323704e-08 -637.725735831288 0 2 50 -52 
77 534.9999999 -1.000000014099832e-07 -637.725736031288 541.3500001 1e-07 -631.375735831288 0 2 52 -53 
78 534.9999999 -1.000001401935758e-07 -631.3757360312879 535.0000001 9.999988236615602e-08 -529.775735831288 0 2 53 -54 
79 534.9999999 -1.000000177635684e-07 -529.7757360312879 541.3500001 9.999998364641485e-08 -523.425735831288 0 2 54 -51 
80 541.3499999000001 -1.000001137452244e-07 -523.425736031288 541.3500001 3.356514730734537 -523.4257358312881 0 2 51 -55 
81 541.3499999000001 3.356514530734565 -523.425736031288 581.4000000999999 73.33045845266575 -523.4257358312881 0 2 55 -46 
82 534.9999999 -1.000001350615065e-07 -631.3757360312879 535.0000001 3.356514730734573 -631.375735831288 0 2 53 -56 
83 534.9999999 3.356514530734535 -631.3757360312879 535.0000001 3.356514730734558 -529.775735831288 0 2 56 -57 
84 534.9999999 -1.000001137452244e-07 -529.7757360312879 535.0000001 3.356514730734537 -529.775735831288 0 2 57 -54 
85 534.9999999 3.356514530734565 -637.725736031288 541.3500001 3.356514730734571 -631.375735831288 0 2 58 -56 
86 541.3499999000001 -1.000001350615065e-07 -637.725736031288 541.3500001 3.356514730734573 -637.725735831288 0 2 58 -52 
87 534.9999999 3.356514530734538 -529.7757360312879 541.3500001 3.356514730734539 -523.425735831288 0 2 55 -57 
88 541.3499999000001 3.356514530734636 -637.725736031288 581.4000001000001 73.33045845266581 -637.725735831288 0 2 49 -58 
89 534.9999999 3.356514530734593 -631.3757360312879 581.4000000999999 80.60493477930252 -631.375735831288 0 2 56 -48 
90 534.9999999 3.356514530734607 -529.7757360312879 581.4000001000001 80.60493477930251 -529.775735831288 0 2 47 -57 
1 527.7904351978148 3.356514530734536 -184.284236031288 584.3828012611031 86.96960207621514 -173.425735831288 1 5 4 1 -2 3 4 
2 534.9999999 3.356514530734472 -281.375736031288 581.4000000999999 80.60493477930252 -179.775735831288 1 5 4 -5 6 -1 7 
3 527.7904351978148 3.356514530734557 -287.725736031288 586.5005900854862 86.96960207621511 -276.8672358312879 1 5 4 8 9 5 10 
4 541.3499999000001 -1.00000065117456e-07 -287.7257360312881 581.4000001000001 73.33045845266588 -287.7257358312879 1 5 4 13 -12 -8 11 
5 534.9999999 -1.00000101088682e-07 -179.775736031288 541.3500001 3.356514730734536 -173.425735831288 1 5 4 14 2 15 16 
6 534.9999999 -1.000000788842215e-07 -287.725736031288 541.3500001 3.356514730734574 -281.375735831288 1 5 4 17 -9 12 18 
7 534.9999999 -1.000000640072329e-07 -281.375736031288 535.0000001 3.356514730734573 -179.775735831288 1 5 4 -15 -6 -17 19 
8 541.3499999000001 -1.000000366957465e-07 -173.425736031288 581.4000000999999 73.33045845266579 -173.4257358312879 1 5 4 -3 -14 21 20 
9 490.5999999 89.34497823380451 -761.4000000999999 490.6000001 107.344978433805 -292.5999999 1 5 4 25 24 -23 22 
10 490.5999999 107.344978233805 -761.4000000999999 581.4000000999999 107.344978433805 -85.75147176257622 1 5 5 -25 29 28 27 26 
11 490.5999999 89.34497823380451 -761.4000000999999 581.4000000999999 89.3449784338046 -85.75147176257622 1 5 5 33 32 31 23 30 
12 490.5999999 89.34497823380451 -85.75147196257619 581.4000000999999 107.344978433805 -85.7514717625762 1 5 4 35 -32 34 -28 
13 442.5999999 -1.00000164593439e-07 -761.4000001000001 581.4000000999999 246.5000001 -761.3999999 1 5 8 26 24 30 -36 37 38 -39 -40 
14 442.5999999 -1.00000065117456e-07 -292.6000001000002 490.6000001 246.5000001 -292.5999998999999 1 5 6 -41 -42 43 44 22 45 
15 490.5999999 -1.00000065117456e-07 -292.6000001000002 490.6000001 246.5000001000001 -49.75147176257616 1 5 8 31 -44 46 47 -48 -45 29 35 
16 418.3999999 -1.000001361717295e-07 -737.200899245476 442.6000001 210.2008992454759 -316.799100754524 1 5 4 -49 -50 -51 -52 
17 418.3999999 -1.000002782802767e-07 -737.200899245477 418.4000001 210.2008992454758 -316.799100754524 1 3 4 -53 52 -54 -55 
18 339.8947732397501 -1.000001788042937e-07 -706.0707237484972 418.4000000999998 179.0707237484971 -347.9292762515027 1 2 4 -56 55 -57 -58 
19 316.556029954627 -1.000002356477125e-07 -604.4836916342384 374.9101127122011 77.74865007960749 -449.5163083657616 1 2 2 -58 59 
20 442.5999999 -1.000001930151484e-07 -761.4000001000001 442.6000001 246.5000001000001 -292.5999999 1 5 6 50 60 42 -61 -38 62 
21 490.5999999 -1.000000082740371e-07 -49.75147196257621 581.4000000999999 246.5000001 -49.75147176257616 1 4 4 63 64 -65 -47 
22 442.5999999 246.4999998999998 -761.4000000999999 581.4000000999999 246.5000001000001 -49.75147176257622 1 5 6 41 48 65 66 39 61 
23 581.3995412667668 -0.0004587332333443328 -761.4004587332332 581.4004587332331 246.5004587332332 -49.75101312934299 1 5 20 67 68 69 70 71 72 36 33 34 27 40 -66 -64 73 20 4 7 10 11 74 
24 339.8947732397505 -1.000001690647622e-07 -761.4000000999999 581.4000000999999 1e-07 -49.75147176257616 1 5 26 -79 -78 -77 -76 72 37 62 -51 -54 -57 -59 -56 -53 -49 60 43 46 63 73 -21 -16 -19 -18 -13 74 -75 
25 541.3499999000001 -1.000001148554475e-07 -523.425736031288 581.4000000999999 73.33045845266579 -523.4257358312881 1 5 4 -81 -80 75 67 
26 534.9999999 -1.000001401685324e-07 -631.3757360312879 535.0000001 3.356514730734573 -529.775735831288 1 5 4 -84 -83 -82 78 
27 534.9999999 -1.000001357276403e-07 -637.725736031288 541.3500001 3.356514730734574 -631.375735831288 1 5 4 82 -85 86 77 
28 534.9999999 -1.000001152995367e-07 -529.7757360312879 541.3500001 3.356514730734543 -523.425735831288 1 5 4 80 87 84 79 
29 541.3499999000001 -1.000001432771569e-07 -637.725736031288 581.4000001000001 73.33045845266588 -637.725735831288 1 5 4 76 -86 -88 71 
30 527.7904351978148 3.356514530734557 -637.725736031288 586.5005900854862 86.96960207621511 -626.867235831288 1 5 4 88 85 89 70 
31 534.9999999 3.356514530734472 -631.3757360312879 581.4000000999999 80.60493477930252 -529.775735831288 1 5 4 -89 83 -90 69 
32 527.7904351978148 3.356514530734536 -534.2842360312879 584.3828012611031 86.96960207621514 -523.425735831288 1 5 4 90 -87 81 68 
1 316.5555713213938 -0.0004587332334580196 -761.4004587332332 586.5010487187194 246.5004587332333 -49.75101312934299 1 1 32 -1 -2 -3 -4 -5 -6 -7 -8 -9 -10 -11 -12 13 14 15 16 17 18 -19 20 21 22 23 -24 -25 -26 -27 -28 -29 -30 -31 -32 
$EndEntities
$Nodes
169 3889 1 3889
0 1 0 1
1
581.4 80.6049346793026 -179.775735931288
0 2 0 1
2
535 3.35651463073454 -179.775735931288
0 3 0 1
3
541.35 3.35651463073454 -173.425735931288
0 4 0 1
4
581.4 73.3304583526658 -173.425735931288
0 5 0 1
5
535 3.35651463073457 -281.375735931288
0 6 0 1
6
581.4 80.6049346793026 -281.375735931288
0 7 0 1
7
581.4 73.3304583526659 -287.725735931288
0 8 0 1
8
541.35 3.35651463073457 -287.725735931288
0 9 0 1
9
581.4 -6.38879473616267e-14 -287.725735931288
0 10 0 1
10
541.35 -6.21724893790088e-14 -287.725735931288
0 11 0 1
11
541.35 -3.5527136788005e-14 -173.425735931288
0 12 0 1
12
535 -3.5527136788005e-14 -179.775735931288
0 13 0 1
13
535 -6.21724893790088e-14 -281.375735931288
0 14 0 1
14
581.4 -3.85082490186956e-14 -173.425735931288
0 15 0 1
15
490.6 89.34497833380451 -292.6
0 16 0 1
16
490.6 107.344978333805 -292.6
0 17 0 1
17
490.6 89.34497833380451 -761.4
0 18 0 1
18
490.6 107.344978333805 -761.4
0 19 0 1
19
581.4 107.344978333805 -761.4
0 20 0 1
20
581.4 107.344978333805 -85.7514718625762
0 21 0 1
21
490.6 107.344978333805 -85.7514718625762
0 22 0 1
22
581.4 89.34497833380451 -761.4
0 23 0 1
23
490.6 89.34497833380451 -85.7514718625762
0 24 0 1
24
581.4 89.34497833380451 -85.7514718625762
0 25 0 1
25
581.4 -1.33537625401914e-13 -761.4
0 26 0 1
26
442.6 -1.33537625401914e-13 -761.4
0 27 0 1
27
442.6 246.5 -761.4
0 28 0 1
28
581.4 246.5 -761.4
0 29 0 1
29
442.6 246.5 -292.6
0 30 0 1
30
490.6 246.5 -292.6
0 31 0 1
31
442.6 -2.94431146130591e-14 -292.6
0 32 0 1
32
490.6 -6.49702514010642e-14 -292.6
0 33 0 1
33
490.6 2.44800908738405e-14 -49.7514718625762
0 34 0 1
34
490.6 246.5 -49.7514718625762
0 35 0 1
35
442.6 -7.03435311898479e-14 -316.799100854524
0 36 0 1
36
418.4 -7.03435311898479e-14 -316.799100854524
0 37 0 1
37
442.6 -1.63691482401135e-13 -737.200899145477
0 38 0 1
38
418.4 -1.63691482401135e-13 -737.200899145477
0 39 0 1
39
418.4 -7.72558187093215e-14 -347.929276351503
0 40 0 1
40
418.4 -1.56779194881661e-13 -706.0707236484971
0 41 0 1
41
339.894773339751 -9.98126711206385e-14 -449.516308465762
0 42 0 1
42
339.894773339751 -1.34222342470345e-13 -604.483691534239
0 43 0 1
43
581.4 2.44800908738405e-14 -49.7514718625762
0 44 0 1
44
581.4 246.5 -49.7514718625762
0 45 0 1
45
581.4 -1.16223860742457e-13 -523.425735931288
0 46 0 1
46
581.4 73.3304583526658 -523.425735931288
0 47 0 1
47
581.4 80.6049346793026 -529.775735931288
0 48 0 1
48
581.4 80.6049346793026 -631.375735931288
0 49 0 1
49
581.4 73.3304583526659 -637.725735931288
0 50 0 1
50
581.4 -1.41603559085388e-13 -637.725735931288
0 51 0 1
51
541.35 -1.15463194561016e-13 -523.425735931288
0 52 0 1
52
541.35 -1.33226762955019e-13 -637.725735931288
0 53 0 1
53
535 -1.33226762955019e-13 -631.375735931288
0 54 0 1
54
535 -1.15463194561016e-13 -529.775735931288
0 55 0 1
55
541.35 3.35651463073454 -523.425735931288
0 56 0 1
56
535 3.35651463073457 -631.375735931288
0 57 0 1
57
535 3.35651463073454 -529.775735931288
0 58 0 1
58
541.35 3.35651463073457 -637.725735931288
1 1 0 4
59
60
61
62
565.7748121362512 69.97999180428963 -179.775735931288
552.7948632896455 56.24839194068195 -179.775735931288
543.0654093025172 40.0504404656625 -179.775735931288
537.0401352346476 22.1414488893121 -179.775735931288
1 2 0 1
63
536.8598719394654 3.356514630734539 -175.2856078707534
1 3 0 4
64
65
66
67
543.0981421316488 20.10996072122428 -173.425735931288
548.2672539747624 36.14162437702656 -173.425735931288
556.6346366224327 50.76081944538981 -173.425735931288
567.8398012661618 63.33771262798116 -173.425735931288
1 4 0 1
68
581.4 78.3050313930124 -175.1281998392606
1 5 0 4
69
70
71
72
537.0401352346476 22.14144888931216 -281.375735931288
543.0654093025172 40.05044046566249 -281.375735931288
552.7948632896455 56.24839194068196 -281.375735931288
565.7748121362512 69.97999180428968 -281.375735931288
1 6 0 5
73
74
75
76
77
535 3.356514630734554 -264.4424025979546
535 3.35651463073455 -247.5090692646213
535 3.356514630734546 -230.5757359312879
535 3.356514630734543 -213.6424025979546
535 3.356514630734539 -196.7090692646212
1 7 0 5
78
79
80
81
82
581.4 80.6049346793026 -196.7090692646213
581.4 80.6049346793026 -213.6424025979547
581.4 80.6049346793026 -230.5757359312881
581.4 80.60493467930262 -247.5090692646214
581.4 80.60493467930262 -264.4424025979547
1 8 0 4
83
84
85
86
567.8398012661618 63.33771262798123 -287.725735931288
556.6346366224327 50.76081944538988 -287.725735931288
548.2672539747624 36.14162437702663 -287.725735931288
543.0981421316488 20.10996072122435 -287.725735931288
1 9 0 1
87
536.8598719394654 3.356514630734567 -285.8658639918226
1 10 0 1
88
581.4 78.30503139301238 -286.0232720233155
1 11 0 3
89
90
91
581.4 54.99784376449941 -287.7257359312879
581.4 36.66522917633291 -287.725735931288
581.4 18.33261458816644 -287.725735931288
1 13 0 1
92
561.375 -6.21724893790088e-14 -287.725735931288
1 16 0 1
93
536.8598719394654 -9.67026174557496e-14 -175.2856078707534
1 18 0 1
94
536.8598719394655 -7.20512822872742e-14 -285.8658639918226
1 19 0 5
95
96
97
98
99
535 -5.871800881028897e-14 -264.4424025979546
535 -5.49580535002251e-14 -247.5090692646212
535 -5.119809819016125e-14 -230.5757359312879
535 -4.743814288009739e-14 -213.6424025979546
535 -4.367818757003354e-14 -196.7090692646213
1 20 0 3
100
101
102
581.4 18.33261458816642 -173.425735931288
581.4 36.6652291763329 -173.4257359312879
581.4 54.99784376449935 -173.4257359312879
1 21 0 1
103
561.375 -3.552713678800501e-14 -173.425735931288
1 23 0 23
104
105
106
107
108
109
110
111
112
113
114
115
116
117
118
119
120
121
122
123
124
125
126
490.6 89.34497833380451 -312.1333333333333
490.6 89.34497833380451 -331.6666666666667
490.6 89.34497833380451 -351.2
490.6 89.34497833380451 -370.7333333333333
490.6 89.34497833380451 -390.2666666666665
490.6 89.34497833380451 -409.7999999999998
490.6 89.34497833380451 -429.3333333333331
490.6 89.34497833380451 -448.8666666666664
490.6 89.34497833380451 -468.3999999999997
490.6 89.34497833380451 -487.9333333333331
490.6 89.34497833380451 -507.4666666666665
490.6 89.34497833380451 -526.9999999999999
490.6 89.34497833380451 -546.5333333333332
490.6 89.34497833380451 -566.0666666666665
490.6 89.34497833380451 -585.5999999999999
490.6 89.34497833380451 -605.1333333333332
490.6 89.34497833380451 -624.6666666666665
490.6 89.34497833380451 -644.1999999999999
490.6 89.34497833380451 -663.7333333333332
490.6 89.34497833380451 -683.2666666666667
490.6 89.34497833380451 -702.7999999999998
490.6 89.34497833380451 -722.3333333333333
490.6 89.34497833380451 -741.8666666666666
1 25 0 23
127
128
129
130
131
132
133
134
135
136
137
138
139
140
141
142
143
144
145
146
147
148
149
490.6 107.344978333805 -312.1333333333333
490.6 107.344978333805 -331.6666666666667
490.6 107.344978333805 -351.2
490.6 107.344978333805 -370.7333333333333
490.6 107.344978333805 -390.2666666666665
490.6 107.344978333805 -409.7999999999998
490.6 107.344978333805 -429.3333333333331
490.6 107.344978333805 -448.8666666666664
490.6 107.344978333805 -468.3999999999997
490.6 107.344978333805 -487.9333333333331
490.6 107.344978333805 -507.4666666666665
490.6 107.344978333805 -526.9999999999999
490.6 107.344978333805 -546.5333333333332
490.6 107.344978333805 -566.0666666666665
490.6 107.344978333805 -585.5999999999999
490.6 107.344978333805 -605.1333333333332
490.6 107.344978333805 -624.6666666666665
490.6 107.344978333805 -644.1999999999999
490.6 107.344978333805 -663.7333333333332
490.6 107.344978333805 -683.2666666666667
490.6 107.344978333805 -702.7999999999998
490.6 107.344978333805 -722.3333333333333
490.6 107.344978333805 -741.8666666666666
1 26 0 4
150
151
152
153
563.24 107.344978333805 -761.4
545.08 107.344978333805 -761.4
526.9200000000001 107.344978333805 -761.4
508.7600000000001 107.344978333805 -761.4
1 27 0 33
154
155
156
157
158
159
160
161
162
163
164
165
166
167
168
169
170
171
172
173
174
175
176
177
178
179
180
181
182
183
184
185
186
581.4 107.344978333805 -105.6234873960298
581.4 107.344978333805 -125.4955029294835
581.4 107.344978333805 -145.3675184629371
581.4 107.344978333805 -165.2395339963907
581.4 107.344978333805 -185.1115495298444
581.4 107.344978333805 -204.983565063298
581.4 107.344978333805 -224.8555805967517
581.4 107.344978333805 -244.7275961302053
581.4 107.344978333805 -264.5996116636589
581.4 107.344978333805 -284.4716271971126
581.4 107.344978333805 -304.3436427305662
581.4 107.344978333805 -324.2156582640199
581.4 107.344978333805 -344.0876737974736
581.4 107.344978333805 -363.9596893309272
581.4 107.344978333805 -383.8317048643809
581.4 107.344978333805 -403.7037203978346
581.4 107.344978333805 -423.5757359312881
581.4 107.344978333805 -443.4477514647418
581.4 107.344978333805 -463.3197669981954
581.4 107.344978333805 -483.1917825316491
581.4 107.344978333805 -503.0637980651028
581.4 107.344978333805 -522.9358135985564
581.4 107.344978333805 -542.8078291320101
581.4 107.344978333805 -562.6798446654637
581.4 107.344978333805 -582.5518601989173
581.4 107.344978333805 -602.423875732371
581.4 107.344978333805 -622.2958912658246
581.4 107.344978333805 -642.1679067992783
581.4 107.344978333805 -662.039922332732
581.4 107.344978333805 -681.9119378661856
581.4 107.344978333805 -701.7839533996392
581.4 107.344978333805 -721.6559689330928
581.4 107.344978333805 -741.5279844665463
1 28 0 4
187
188
189
190
508.76 107.344978333805 -85.7514718625762
526.9200000000001 107.344978333805 -85.7514718625762
545.08 107.344978333805 -85.7514718625762
563.24 107.344978333805 -85.7514718625762
1 29 0 10
191
192
193
194
195
196
197
198
199
200
490.6 107.344978333805 -273.7955883511433
490.6 107.344978333805 -254.9911767022866
490.6 107.344978333805 -236.1867650534298
490.6 107.344978333805 -217.3823534045731
490.6 107.344978333805 -198.5779417557164
490.6 107.344978333805 -179.7735301068595
490.6 107.344978333805 -160.9691184580028
490.6 107.344978333805 -142.1647068091461
490.6 107.344978333805 -123.3602951602894
490.6 107.344978333805 -104.5558835114328
1 30 0 4
201
202
203
204
508.76 89.3449783338046 -761.4
526.92 89.3449783338046 -761.4
545.0799999999999 89.3449783338046 -761.4
563.2399999999999 89.3449783338046 -761.4
1 31 0 10
205
206
207
208
209
210
211
212
213
214
490.6 89.34497833380451 -104.5558835114329
490.6 89.34497833380451 -123.3602951602896
490.6 89.34497833380451 -142.1647068091464
490.6 89.34497833380451 -160.9691184580031
490.6 89.34497833380451 -179.7735301068599
490.6 89.34497833380451 -198.5779417557167
490.6 89.34497833380451 -217.3823534045734
490.6 89.34497833380451 -236.1867650534301
490.6 89.34497833380451 -254.9911767022868
490.6 89.34497833380451 -273.7955883511434
1 32 0 4
215
216
217
218
563.24 89.34497833380451 -85.7514718625762
545.0799999999999 89.34497833380451 -85.7514718625762
526.92 89.34497833380451 -85.7514718625762
508.76 89.34497833380451 -85.7514718625762
1 33 0 33
219
220
221
222
223
224
225
226
227
228
229
230
231
232
233
234
235
236
237
238
239
240
241
242
243
244
245
246
247
248
249
250
251
581.4 89.34497833380451 -741.5279844665463
581.4 89.34497833380451 -721.6559689330927
581.4 89.34497833380451 -701.783953399639
581.4 89.34497833380451 -681.9119378661853
581.4 89.34497833380451 -662.0399223327317
581.4 89.34497833380451 -642.1679067992781
581.4 89.34497833380451 -622.2958912658244
581.4 89.34497833380451 -602.4238757323708
581.4 89.34497833380451 -582.5518601989171
581.4 89.34497833380451 -562.6798446654634
581.4 89.34497833380451 -542.8078291320097
581.4 89.34497833380451 -522.935813598556
581.4 89.34497833380451 -503.0637980651024
581.4 89.34497833380451 -483.1917825316488
581.4 89.34497833380451 -463.3197669981951
581.4 89.34497833380451 -443.4477514647414
581.4 89.34497833380451 -423.5757359312877
581.4 89.34497833380451 -403.703720397834
581.4 89.34497833380451 -383.8317048643803
581.4 89.34497833380451 -363.9596893309267
581.4 89.34497833380451 -344.0876737974729
581.4 89.34497833380451 -324.2156582640192
581.4 89.34497833380451 -304.3436427305657
581.4 89.34497833380451 -284.4716271971121
581.4 89.34497833380451 -264.5996116636586
581.4 89.34497833380451 -244.727596130205
581.4 89.34497833380451 -224.8555805967514
581.4 89.34497833380451 -204.9835650632977
581.4 89.34497833380451 -185.1115495298442
581.4 89.34497833380451 -165.2395339963906
581.4 89.34497833380451 -145.367518462937
581.4 89.34497833380451 -125.4955029294834
581.4 89.34497833380451 -105.6234873960297
1 36 0 4
252
253
254
255
581.4 17.86899566676078 -761.4000000000001
581.4 35.73799133352168 -761.4000000000001
581.4 53.60698700028257 -761.4000000000001
581.4 71.47598266704352 -761.4000000000001
1 37 0 6
256
257
258
259
260
261
561.5714285714286 -1.69064762189919e-13 -761.4
541.7428571428571 -1.69064762189919e-13 -761.4
521.9142857142856 -1.69064762189919e-13 -761.4
502.0857142857141 -1.69064762189919e-13 -761.4
482.2571428571428 -1.69064762189919e-13 -761.4
462.4285714285713 -1.69064762189919e-13 -761.4
1 38 0 12
262
263
264
265
266
267
268
269
270
271
272
273
442.6 18.9615384615384 -761.4000000000001
442.6 37.92307692307691 -761.4000000000001
442.6 56.88461538461542 -761.4000000000001
442.6 75.84615384615398 -761.4000000000001
442.6 94.80769230769243 -761.4000000000001
442.6 113.7692307692309 -761.4000000000001
442.6 132.7307692307693 -761.4000000000001
442.6 151.6923076923078 -761.4000000000001
442.6 170.6538461538462 -761.4000000000001
442.6 189.6153846153846 -761.4000000000001
442.6 208.5769230769231 -761.4000000000001
442.6 227.5384615384615 -761.4000000000001
1 39 0 6
274
275
276
277
278
279
561.5714285714286 246.5 -761.4
541.7428571428572 246.5 -761.4
521.9142857142857 246.5 -761.4
502.0857142857143 246.5 -761.4
482.2571428571429 246.5 -761.4
462.4285714285714 246.5 -761.4
1 40 0 6
280
281
282
283
284
285
581.4 127.2242671432614 -761.4000000000001
581.4 147.1035559527178 -761.4000000000001
581.4 166.9828447621742 -761.4000000000001
581.4 186.8621335716307 -761.4000000000001
581.4 206.7414223810871 -761.4000000000001
581.4 226.6207111905435 -761.4000000000001
1 41 0 2
286
287
458.6 246.5 -292.6
474.6 246.5 -292.6
1 42 0 12
288
289
290
291
292
293
294
295
296
297
298
299
442.6 18.96153846153845 -292.6000000000001
442.6 37.92307692307702 -292.6000000000001
442.6 56.88461538461553 -292.6000000000001
442.6 75.84615384615404 -292.6000000000001
442.6 94.80769230769249 -292.6000000000001
442.6 113.7692307692309 -292.6000000000001
442.6 132.7307692307694 -292.6000000000001
442.6 151.6923076923078 -292.6000000000001
442.6 170.6538461538462 -292.6000000000001
442.6 189.6153846153847 -292.6000000000001
442.6 208.5769230769231 -292.6000000000001
442.6 227.5384615384615 -292.6000000000001
1 43 0 2
300
301
458.6 -6.497025140106419e-14 -292.6
474.6 -6.497025140106419e-14 -292.6
1 44 0 4
302
303
304
305
490.6 17.86899566676084 -292.6000000000001
490.6 35.73799133352173 -292.6000000000001
490.6 53.60698700028263 -292.6000000000001
490.6 71.47598266704352 -292.6000000000001
1 45 0 6
306
307
308
309
310
311
490.6 127.2242671432614 -292.6000000000001
490.6 147.1035559527178 -292.6000000000001
490.6 166.9828447621742 -292.6000000000001
490.6 186.8621335716307 -292.6000000000001
490.6 206.7414223810871 -292.6000000000001
490.6 226.6207111905435 -292.6000000000001
1 46 0 12
312
313
314
315
316
317
318
319
320
321
322
323
490.6 -6.082231251745649e-14 -273.9193439894289
490.6 -5.667437363384882e-14 -255.2386879788578
490.6 -5.252643475024116e-14 -236.5580319682867
490.6 -4.837849586663348e-14 -217.8773759577156
490.6 -4.423055698302583e-14 -199.1967199471445
490.6 -4.008261809941817e-14 -180.5160639365735
490.6 -3.593467921581052e-14 -161.8354079260024
490.6 -3.178674033220287e-14 -143.1547519154314
490.6 -2.763880144859521e-14 -124.4740959048603
490.6 -2.349086256498756e-14 -105.7934398942893
490.6 -1.934292368137992e-14 -87.11278388371829
490.6 -1.519498479777226e-14 -68.43212787314724
1 47 0 12
324
325
326
327
328
329
330
331
332
333
334
335
490.6 18.96153846153851 -49.75147186257616
490.6 37.92307692307702 -49.75147186257617
490.6 56.88461538461553 -49.75147186257617
490.6 75.8461538461541 -49.75147186257617
490.6 94.80769230769255 -49.75147186257618
490.6 113.7692307692309 -49.75147186257618
490.6 132.7307692307694 -49.75147186257619
490.6 151.6923076923078 -49.75147186257619
490.6 170.6538461538463 -49.7514718625762
490.6 189.6153846153847 -49.7514718625762
490.6 208.5769230769231 -49.7514718625762
490.6 227.5384615384615 -49.75147186257621
1 48 0 12
336
337
338
339
340
341
342
343
344
345
346
347
490.6 246.5 -273.9193439894289
490.6 246.5 -255.2386879788578
490.6 246.5 -236.5580319682867
490.6 246.5 -217.8773759577156
490.6 246.5 -199.1967199471445
490.6 246.5 -180.5160639365734
490.6 246.5 -161.8354079260024
490.6 246.5 -143.1547519154313
490.6 246.5 -124.4740959048603
490.6 246.5 -105.7934398942893
490.6 246.5000000000001 -87.11278388371824
490.6 246.5000000000001 -68.43212787314721
1 49 0 1
348
430.5 -7.03435311898479e-14 -316.799100854524
1 50 0 33
349
350
351
352
353
354
355
356
357
358
359
360
361
362
363
364
365
366
367
368
369
370
371
372
373
374
375
376
377
378
379
380
381
442.6 19.39489212186392 -736.3042191670961
442.6 38.62431386259064 -733.6218293893718
442.6 57.52420657599113 -729.1766150161023
442.6 75.93332304134931 -723.0065010489822
442.6 93.69460316785432 -715.1641287248578
442.6 110.6565139759178 -705.7164063992561
442.6 126.6743424231266 -694.7439387078859
442.6 141.6114300448965 -682.3403388763071
442.6 155.3403388763072 -668.6114300448963
442.6 167.743938707886 -653.6743424231265
442.6 178.716406399256 -637.6565139759178
442.6 188.1641287248577 -620.6946031678544
442.6 196.0065010489821 -602.9333230413494
442.6 202.1766150161023 -584.5242065759912
442.6 206.6218293893717 -565.6243138625907
442.6 209.3042191670961 -546.3948921218641
442.6 210.2008991454759 -527.0000000000001
442.6 209.3042191670961 -507.6051078781361
442.6 206.6218293893716 -488.3756861374093
442.6 202.1766150161022 -469.4757934240088
442.6 196.0065010489821 -451.0666769586506
442.6 188.1641287248578 -433.3053968321457
442.6 178.716406399256 -416.3434860240822
442.6 167.743938707886 -400.3256575768734
442.6 155.3403388763072 -385.3885699551035
442.6 141.6114300448965 -371.659661123693
442.6 126.6743424231266 -359.2560612921141
442.6 110.6565139759179 -348.283593600744
442.6 93.69460316785448 -338.8358712751423
442.6 75.93332304134957 -330.993498951018
442.6 57.52420657599147 -324.8233849838978
442.6 38.62431386259099 -320.3781706106283
442.6 19.39489212186418 -317.6957808329038
1 51 0 1
382
430.5 -1.63691482401135e-13 -737.200899145477
1 52 0 33
383
384
385
386
387
388
389
390
391
392
393
394
395
396
397
398
399
400
401
402
403
404
405
406
407
408
409
410
411
412
413
414
415
418.4 19.394892121864 -317.6957808329038
418.4 38.62431386259068 -320.3781706106283
418.4 57.52420657599124 -324.8233849838977
418.4 75.9333230413494 -330.9934989510178
418.4 93.69460316785435 -338.8358712751423
418.4 110.6565139759178 -348.283593600744
418.4 126.6743424231266 -359.2560612921141
418.4 141.6114300448965 -371.659661123693
418.4 155.3403388763071 -385.3885699551037
418.4 167.7439387078859 -400.3256575768735
418.4 178.716406399256 -416.3434860240824
418.4 188.1641287248577 -433.3053968321457
418.4 196.006501048982 -451.0666769586507
418.4 202.1766150161021 -469.4757934240088
418.4 206.6218293893716 -488.3756861374094
418.4 209.304219167096 -507.605107878136
418.4 210.2008991454758 -527.0000000000001
418.4 209.304219167096 -546.3948921218642
418.4 206.6218293893715 -565.6243138625908
418.4 202.1766150161021 -584.5242065759915
418.4 196.0065010489819 -602.9333230413497
418.4 188.1641287248575 -620.6946031678546
418.4 178.7164063992558 -637.656513975918
418.4 167.7439387078857 -653.6743424231269
418.4 155.3403388763069 -668.6114300448966
418.4 141.6114300448963 -682.3403388763072
418.4 126.6743424231264 -694.7439387078861
418.4 110.6565139759176 -705.7164063992561
418.4 93.69460316785425 -715.1641287248578
418.4 75.93332304134931 -723.006501048982
418.4 57.52420657599112 -729.1766150161023
418.4 38.62431386259063 -733.6218293893718
418.4 19.39489212186392 -736.3042191670961
1 53 0 1
416
418.4 -7.379967494958471e-14 -332.3641886030135
1 54 0 1
417
418.4 -1.621415121303617e-13 -721.635811396987
1 55 0 28
418
419
420
421
422
423
424
425
426
427
428
429
430
431
432
433
434
435
436
437
438
439
440
441
442
443
444
445
418.4 19.36095086934032 -348.9789966059303
418.4 38.49491229162389 -352.1158503589975
418.4 57.17755606352213 -357.3030608685026
418.4 75.18984526851362 -364.4798128339334
418.4 92.32060228446292 -373.5619654002621
418.4 108.3689846481585 -384.4430386325398
418.4 123.146839749562 -396.9954618957783
418.4 136.4809107491313 -411.072069504006
418.4 148.2148678558536 -426.5078261033816
418.4 158.2111411511121 -443.1217615608243
418.4 166.3525334701996 -460.7190926733615
418.4 172.5435944319209 -479.0935068230921
418.4 176.7117395070407 -498.0295808039975
418.4 178.8081010055247 -517.3053064620692
418.4 178.8081010055248 -536.6946935379302
418.4 176.7117395070408 -555.9704191960019
418.4 172.5435944319211 -574.9064931769074
418.4 166.3525334701999 -593.2809073266379
418.4 158.2111411511124 -610.8782384391751
418.4 148.214867855854 -627.4921738966178
418.4 136.4809107491315 -642.9279304959937
418.4 123.1468397495623 -657.0045381042214
418.4 108.3689846481588 -669.55696136746
418.4 92.32060228446309 -680.4380345997378
418.4 75.18984526851379 -689.5201871660665
418.4 57.1775560635222 -696.6969391314974
418.4 38.49491229162393 -701.8841496410025
418.4 19.36095086934023 -705.0210033940697
1 56 0 6
446
447
448
449
450
451
407.1849676199646 -8.047822619665246e-14 -362.441709510683
395.9699352399289 -8.370063368398347e-14 -376.9541426698628
384.7549028598933 -8.692304117131447e-14 -391.4665758290426
373.5398704798577 -9.014544865864548e-14 -405.9790089882224
362.324838099822 -9.336785614597647e-14 -420.4914421474022
351.1098057197863 -9.659026363330749e-14 -435.003875306582
1 57 0 6
452
453
454
455
456
457
351.1098057197863 -1.489006692229449e-13 -618.996124693419
362.3248380998219 -1.503458162286529e-13 -633.5085578525986
373.5398704798575 -1.51790963234361e-13 -648.0209910117784
384.7549028598931 -1.53236110240069e-13 -662.5334241709581
395.9699352399287 -1.546812572457771e-13 -677.0458573301379
407.1849676199643 -1.561264042514851e-13 -691.5582904893175
1 58 0 12
458
459
460
461
462
463
464
465
466
467
468
469
339.894773339751 18.54306111096843 -451.7678437208667
339.894773339751 36.00846691145215 -458.3915984411537
339.894773339751 51.38119150049402 -469.0026240786482
339.894773339751 63.76782800255919 -482.9842463928077
339.894773339751 72.4485101277394 -499.5239043158626
339.894773339751 76.91874818391486 -517.6603730485353
339.894773339751 76.91874818391487 -536.3396269514647
339.894773339751 72.4485101277394 -554.4760956841374
339.894773339751 63.76782800255918 -571.0157536071923
339.894773339751 51.381191500494 -584.9973759213518
339.894773339751 36.00846691145212 -595.6084015588463
339.894773339751 18.54306111096837 -602.2321562791333
1 59 0 8
470
471
472
473
474
475
476
477
353.2144495313231 -1.462396433927546e-13 -463.6840235108687
363.6410781211698 -1.478741602445769e-13 -480.0981436425442
370.8047298623807 -1.496743824698459e-13 -498.176307741211
374.4512435684406 -1.515764394850529e-13 -517.2771156099687
374.4512435684405 -1.535128476819392e-13 -536.722884390032
370.8047298623805 -1.554149046971461e-13 -555.8236922587897
363.6410781211694 -1.572151269224152e-13 -573.9018563574564
353.2144495313227 -1.588496437742374e-13 -590.3159764891319
1 60 0 1
478
442.6 -6.765689129545576e-14 -304.699550427262
1 61 0 23
479
480
481
482
483
484
485
486
487
488
489
490
491
492
493
494
495
496
497
498
499
500
501
442.6 246.5 -741.8666666666667
442.6 246.5 -722.3333333333334
442.6 246.5 -702.8000000000001
442.6 246.5 -683.2666666666668
442.6 246.5 -663.7333333333335
442.6 246.5 -644.2000000000002
442.6 246.5 -624.6666666666667
442.6 246.5 -605.1333333333334
442.6 246.5 -585.6000000000001
442.6 246.5000000000001 -566.0666666666669
442.6 246.5000000000001 -546.5333333333338
442.6 246.5000000000001 -527.0000000000005
442.6 246.5000000000001 -507.4666666666672
442.6 246.5000000000001 -487.9333333333338
442.6 246.5000000000001 -468.4000000000005
442.6 246.5000000000001 -448.8666666666672
442.6 246.5000000000001 -429.3333333333339
442.6 246.5000000000001 -409.8000000000004
442.6 246.5000000000001 -390.2666666666671
442.6 246.5000000000001 -370.7333333333336
442.6 246.5000000000001 -351.2000000000003
442.6 246.5000000000001 -331.6666666666668
442.6 246.5000000000001 -312.1333333333334
1 62 0 1
502
442.6 -1.663781222955266e-13 -749.3004495727386
1 63 0 4
503
504
505
506
508.76 -1.10470459141645e-14 -49.7514718625762
526.9200000000001 -1.10470459141645e-14 -49.7514718625762
545.08 -1.10470459141645e-14 -49.7514718625762
563.24 -1.10470459141645e-14 -49.7514718625762
1 64 0 12
507
508
509
510
511
512
513
514
515
516
517
518
581.4 18.96153846153851 -49.75147186257616
581.4 37.92307692307702 -49.75147186257617
581.4 56.88461538461553 -49.75147186257617
581.4 75.8461538461541 -49.75147186257617
581.4 94.80769230769255 -49.75147186257618
581.4 113.7692307692309 -49.75147186257618
581.4 132.7307692307694 -49.75147186257619
581.4 151.6923076923078 -49.75147186257619
581.4 170.6538461538463 -49.7514718625762
581.4 189.6153846153847 -49.7514718625762
581.4 208.5769230769231 -49.7514718625762
581.4 227.5384615384615 -49.75147186257621
1 65 0 4
519
520
521
522
508.76 246.5 -49.7514718625762
526.9200000000001 246.5 -49.7514718625762
545.08 246.5 -49.7514718625762
563.24 246.5 -49.7514718625762
1 66 0 35
523
524
525
526
527
528
529
530
531
532
533
534
535
536
537
538
539
540
541
542
543
544
545
546
547
548
549
550
551
552
553
554
555
556
557
581.4 246.5 -69.51948653306019
581.4 246.5 -89.28750120354418
581.4 246.5 -109.0555158740282
581.4 246.5 -128.8235305445122
581.4 246.5 -148.5915452149961
581.4 246.5 -168.3595598854801
581.4 246.4999999999999 -188.1275745559641
581.4 246.4999999999999 -207.8955892264481
581.4 246.4999999999999 -227.6636038969322
581.4 246.4999999999999 -247.4316185674162
581.4 246.4999999999999 -267.1996332379002
581.4 246.4999999999999 -286.9676479083842
581.4 246.4999999999999 -306.7356625788681
581.4 246.4999999999999 -326.5036772493521
581.4 246.4999999999999 -346.2716919198361
581.4 246.4999999999999 -366.0397065903201
581.4 246.4999999999999 -385.807721260804
581.4 246.4999999999999 -405.5757359312879
581.4 246.4999999999999 -425.3437506017718
581.4 246.4999999999999 -445.1117652722558
581.4 246.4999999999999 -464.8797799427397
581.4 246.4999999999999 -484.6477946132235
581.4 246.4999999999999 -504.4158092837075
581.4 246.4999999999999 -524.1838239541914
581.4 246.4999999999999 -543.9518386246754
581.4 246.4999999999999 -563.7198532951595
581.4 246.4999999999999 -583.4878679656434
581.4 246.4999999999999 -603.2558826361274
581.4 246.4999999999999 -623.0238973066115
581.4 246.4999999999999 -642.7919119770954
581.4 246.4999999999999 -662.5599266475795
581.4 246.4999999999999 -682.3279413180634
581.4 246.4999999999998 -702.0959559885475
581.4 246.4999999999998 -721.8639706590316
581.4 246.4999999999998 -741.6319853295158
1 67 0 3
558
559
560
581.4 18.33261458816636 -523.425735931288
581.4 36.66522917633284 -523.425735931288
581.4 54.99784376449932 -523.425735931288
1 68 0 1
561
581.3999999999999 78.30503139301243 -525.1281998392606
1 69 0 5
562
563
564
565
566
581.4 80.6049346793026 -546.7090692646213
581.4 80.6049346793026 -563.6424025979546
581.4 80.6049346793026 -580.575735931288
581.4 80.60493467930262 -597.5090692646213
581.4 80.60493467930262 -614.4424025979547
1 70 0 1
567
581.4 78.30503139301241 -636.0232720233155
1 71 0 3
568
569
570
581.4 54.99784376449938 -637.725735931288
581.4 36.66522917633287 -637.725735931288
581.4 18.33261458816636 -637.725735931288
1 72 0 6
571
572
573
574
575
576
581.4 -1.455265881003206e-13 -655.393487941104
581.4 -1.494496171152536e-13 -673.06123995092
581.4 -1.533726461301866e-13 -690.728991960736
581.4 -1.572956751451196e-13 -708.3967439705521
581.4 -1.612187041600526e-13 -726.0644959803681
581.4 -1.651417331749856e-13 -743.732247990184
1 73 0 6
577
578
579
580
581
582
581.4 -1.49700749290976e-14 -67.41922387239214
581.4 -1.88931039440306e-14 -85.08697588220807
581.4 -2.281613295896361e-14 -102.7547278920241
581.4 -2.673916197389663e-14 -120.42247990184
581.4 -3.066219098882964e-14 -138.090231911656
581.4 -3.458522000376265e-14 -155.757983921472
1 74 0 11
583
584
585
586
587
588
589
590
591
592
593
581.4 -6.824927347669587e-14 -307.3674025979547
581.4 -7.261059959176504e-14 -327.0090692646214
581.4 -7.697192570683419e-14 -346.6507359312882
581.4 -8.133325182190334e-14 -366.2924025979548
581.4 -8.56945779369725e-14 -385.9340692646215
581.4 -9.005590405204165e-14 -405.5757359312881
581.4 -9.441723016711079e-14 -425.2174025979548
581.4 -9.877855628217993e-14 -444.8590692646214
581.4 -1.031398823972491e-13 -464.5007359312881
581.4 -1.075012085123182e-13 -484.1424025979547
581.4 -1.118625346273874e-13 -503.7840692646214
1 75 0 1
594
561.375 -1.15463194561016e-13 -523.425735931288
1 76 0 1
595
561.375 -1.33226762955019e-13 -637.725735931288
1 77 0 1
596
536.8598719394655 -9.970087112641989e-16 -635.8658639918226
1 78 0 5
597
598
599
600
601
535 -1.364336205340498e-13 -614.4424025979546
535 -1.326736652239859e-13 -597.5090692646213
535 -1.289137099139221e-13 -580.5757359312879
535 -1.251537546038582e-13 -563.6424025979546
535 -1.213937992937944e-13 -546.7090692646213
1 79 0 1
602
536.8598719394654 -1.676655968273831e-14 -525.2856078707534
1 81 0 4
603
604
605
606
543.0981421316488 20.10996072122428 -523.425735931288
548.2672539747624 36.14162437702656 -523.425735931288
556.6346366224327 50.76081944538981 -523.425735931288
567.8398012661618 63.33771262798116 -523.425735931288
1 83 0 5
607
608
609
610
611
535 3.356514630734554 -614.4424025979546
535 3.35651463073455 -597.5090692646213
535 3.356514630734546 -580.5757359312879
535 3.356514630734543 -563.6424025979545
535 3.356514630734539 -546.7090692646211
1 85 0 1
612
536.8598719394654 3.356514630734567 -635.8658639918226
1 87 0 1
613
536.8598719394654 3.356514630734539 -525.2856078707533
1 88 0 4
614
615
616
617
567.8398012661618 63.33771262798123 -637.725735931288
556.6346366224327 50.76081944538988 -637.725735931288
548.2672539747624 36.14162437702663 -637.725735931288
543.0981421316488 20.10996072122435 -637.725735931288
1 89 0 4
618
619
620
621
537.0401352346476 22.14144888931216 -631.375735931288
543.0654093025172 40.05044046566249 -631.375735931288
552.7948632896455 56.24839194068196 -631.375735931288
565.7748121362512 69.97999180428968 -631.375735931288
1 90 0 4
622
623
624
625
565.7748121362512 69.97999180428963 -529.775735931288
552.7948632896455 56.24839194068195 -529.775735931288
543.0654093025172 40.0504404656625 -529.775735931288
537.0401352346476 22.1414488893121 -529.775735931288
2 1 0 5
626
627
628
629
630
575.9127735436673 75.41866732755364 -175.4604785039637
541.676709107338 29.41744919487675 -174.6666134953397
536.8076210167774 12.12079780534566 -175.8478193188351
549.259826218888 45.63694497546865 -174.4239073375305
559.6229242746938 59.86653853631 -174.4054746821874
2 2 0 26
631
632
633
634
635
636
637
638
639
640
641
642
643
644
645
646
647
648
649
650
651
652
653
654
655
656
547.4916314682902 48.41280830875471 -196.1316299230809
536.9936519126639 21.92870886509474 -239.6803282551734
566.9262651339095 70.94350709692054 -239.6866691982708
547.4961430787631 48.42031855136567 -265.0094180716596
536.2441675755267 18.0598760752012 -205.7042647293876
569.0052197931399 72.60073837494649 -205.7052469844336
539.5679468090659 31.259058622581 -265.0198419394951
543.0654093025172 40.05044046566244 -247.7068890395787
553.4286214666322 57.07341364053421 -248.0769729608831
547.9284355379089 49.1321560166224 -230.5837437522705
558.9131010249619 63.46558014787961 -265.0198419394951
536.5027302469487 19.50360760137124 -222.2018687165514
540.7973346252604 34.6767837015947 -213.6424025980486
568.0491944472516 71.85146385929782 -222.027280605195
556.4740940688903 60.7756629224034 -213.6464574355978
536.1811331501809 17.68516818095017 -255.9757359312879
567.3450593175777 71.28571739857502 -255.307443050879
558.9131010249619 63.46558014787959 -194.4064694635319
539.5679468090659 31.25905862258097 -194.4064694635319
540.3119495950604 33.37994285491737 -231.7136934181662
558.1775311094361 62.67775080302872 -230.5757212674432
547.4848366700261 48.40149414673998 -211.5670034572738
570.7128163160785 73.88701784023719 -191.7797984210247
535.9093207841429 15.93863404128012 -191.7763934531371
535.9072308298964 15.92424198448221 -269.3977477134236
570.7381594977805 73.90562020110853 -269.4009110712016
2 3 0 5
657
658
659
660
661
575.9127735436674 75.41866732755364 -285.6909933586123
541.6767091073377 29.41744919487686 -286.4848583672361
536.8076210167776 12.12079780534557 -285.3036525437412
548.9876537266931 46.19775378602615 -286.35995394586
559.6229242746937 59.8665385363112 -286.745997180388
2 4 0 5
662
663
664
665
666
559.566526044058 23.64921037798617 -287.725735931288
552.5230840595503 9.924426164790702 -287.725735931288
565.7862392205105 38.03615329974469 -287.725735931288
570.612135421821 48.75955166278963 -287.725735931288
567.9812289801107 11.68392481834339 -287.725735931288
2 5 0 2
667
668
535.4843960234294 1.678257315367254 -177.3432084411987
538.9199602044818 1.723537678812939 -173.9091008998413
2 6 0 2
669
670
535.4833649685534 1.632976951921577 -283.8057757268064
538.9224483360771 1.678257315367304 -287.2434009625406
2 7 0 0
2 8 0 5
671
672
673
674
675
559.566526044058 23.64921037798614 -173.425735931288
552.5230840595503 9.92442616479066 -173.425735931288
565.7862392205105 38.03615329974468 -173.425735931288
570.612135421821 48.7595516627896 -173.425735931288
567.9812289801108 11.68392481834337 -173.425735931288
2 9 0 24
676
677
678
679
680
681
682
683
684
685
686
687
688
689
690
691
692
693
694
695
696
697
698
699
490.6 98.34497833380475 -751.6333333333333
490.6 98.34497833380476 -517.2333333333331
490.6 98.34497833380475 -575.8333333333331
490.6 98.34497833380476 -634.4333333333333
490.6 98.34497833380476 -673.4999999999999
490.6 98.34497833380476 -712.5666666666666
490.6 98.34497833380476 -321.9
490.6 98.34497833380476 -497.6999999999998
490.6 98.34497833380476 -478.1666666666664
490.6 98.34497833380476 -341.4333333333333
490.6 98.34497833380475 -360.9666666666666
490.6 98.34497833380476 -380.4999999999999
490.6 98.34497833380476 -400.0333333333332
490.6 98.34497833380476 -419.5666666666665
490.6 98.34497833380476 -458.6333333333331
490.6 98.34497833380476 -536.7666666666665
490.6 98.34497833380475 -556.2999999999997
490.6 98.34497833380476 -595.3666666666666
490.6 98.34497833380476 -614.8999999999999
490.6 98.34497833380476 -653.9666666666666
490.6 98.34497833380476 -693.0333333333332
490.6 98.34497833380476 -732.0999999999999
490.6 98.34497833380473 -302.3666666666667
490.6 98.34497833380476 -439.0999999999998
2 10 0 149
700
701
702
703
704
705
706
707
708
709
710
711
712
713
714
715
716
717
718
719
720
721
722
723
724
725
726
727
728
729
730
731
732
733
734
735
736
737
738
739
740
741
742
743
744
745
746
747
748
749
750
751
752
753
754
755
756
757
758
759
760
761
762
763
764
765
766
767
768
769
770
771
772
773
774
775
776
777
778
779
780
781
782
783
784
785
786
787
788
789
790
791
792
793
794
795
796
797
798
799
800
801
802
803
804
805
806
807
808
809
810
811
812
813
814
815
816
817
818
819
820
821
822
823
824
825
826
827
828
829
830
831
832
833
834
835
836
837
838
839
840
841
842
843
844
845
846
847
848
536.1997564697485 107.344978333805 -744.4749578752574
536.1555912508762 107.344978333805 -102.6188316796238
508.0194707470083 107.344978333805 -152.0570889715241
506.88509819113 107.344978333805 -189.175735931288
508.9017944824276 107.344978333805 -226.0692980873882
509.6418156156397 107.344978333805 -283.5543895711835
506.6870177655203 107.344978333805 -692.8573364405672
506.5660201381883 107.344978333805 -653.8306282900116
507.516362887256 107.344978333805 -614.8999999999997
508.1703456865557 107.344978333805 -575.5356809766495
507.2894589098659 107.344978333805 -537.965443309013
506.6368357833439 107.344978333805 -497.753972994389
507.6824541832437 107.344978333805 -460.2455229766095
507.516362887256 107.344978333805 -419.5666666666665
510.247643819719 107.344978333805 -381.5573022799457
509.5888003002209 107.344978333805 -342.1413985683514
564.2886981437626 107.344978333805 -254.6636038969321
564.1603277854094 107.344978333805 -314.299644835065
564.1913166228004 107.344978333805 -671.9939656663735
564.1696308691397 107.344978333805 -632.2839200163427
564.1603277854095 107.344978333805 -592.4678736278723
564.2177917842567 107.344978333805 -552.7522084806689
564.1903297236302 107.344978333805 -175.1755417631176
563.6141241569766 107.344978333805 -513.2924853813014
564.1913166228004 107.344978333805 -473.2738103318371
564.1696308691397 107.344978333805 -433.5637646818062
564.1603277854094 107.344978333805 -214.8995784922529
564.1603277854095 107.344978333805 -393.7477182933358
564.1925380521865 107.344978333805 -354.0176768569643
564.1717976507581 107.344978333805 -711.7199611663661
564.1603277854094 107.344978333805 -135.4515050339821
505.9483657139211 107.344978333805 -112.9117239648765
506.0773098226296 107.344978333805 -733.4962929756363
564.1553274623726 107.344978333805 -294.3909730156962
546.8733172698023 107.344978333805 -304.3549832963119
546.9059389616421 107.344978333805 -284.4362821533308
546.9216889621015 107.344978333805 -324.2731352003539
528.7165062916825 107.344978333805 -314.0602545604413
529.300744137193 107.344978333805 -334.1428371149737
528.9892053784037 107.344978333805 -294.195999984816
529.1558807880182 107.344978333805 -273.917137947776
509.3916909461918 107.344978333805 -264.320597762022
528.1424311138298 107.344978333805 -254.6013287704146
510.7246250331565 107.344978333805 -303.7854446831976
564.1357229355114 107.344978333805 -612.3812730528608
546.8538951308792 107.344978333805 -602.40938054255
546.9032847114872 107.344978333805 -582.4420190255505
529.1870240882861 107.344978333805 -591.7924984500575
529.7880029146473 107.344978333805 -571.302080196769
528.0931623651003 107.344978333805 -612.0354385077401
517.7374544299773 107.344978333805 -556.2057659081789
527.7094215093897 107.344978333805 -540.2517988801219
521.5387285498535 107.344978333805 -521.972791728254
543.9600348873614 107.344978333805 -522.9169536459325
533.2523899719841 107.344978333805 -505.9755847125554
546.6318311206735 107.344978333805 -622.3357047144506
546.91773443914 107.344978333805 -642.3372020928117
530.3489879191585 107.344978333805 -632.4707326094964
532.3477248982417 107.344978333805 -651.991156225928
564.1688734551408 107.344978333805 -691.8509515607316
544.5500353089167 107.344978333805 -682.3216243586057
564.2113398932188 107.344978333805 -274.5269515983983
564.1903297236306 107.344978333805 -572.6158524321909
564.2587170334823 107.344978333805 -234.7882559738498
547.0131978427152 107.344978333805 -224.7594302068829
547.1236852312489 107.344978333805 -205.2264824771855
528.2138746069353 107.344978333805 -215.5522428837868
527.5014540672914 107.344978333805 -194.8267481918026
564.1903297236304 107.344978333805 -334.1516660307466
566.0785699102038 107.344978333805 -115.3702685807021
546.1571262272919 107.344978333805 -121.8070828547494
546.9114856172552 107.344978333805 -145.4874844895683
528.3992869699667 107.344978333805 -136.5232909264409
530.310473747136 107.344978333805 -157.1019351667301
515.9066705707869 107.344978333805 -170.69481628545
531.7418072314454 107.344978333805 -176.1200723952302
564.3890195407679 107.344978333805 -154.9883246732994
564.4113270897227 107.344978333805 -195.400252019266
564.1357229355115 107.344978333805 -413.6611177183243
546.8538951308793 107.344978333805 -403.6892252080135
546.9032847114872 107.344978333805 -383.721863691014
528.4444555972648 107.344978333805 -392.7241669409879
529.5083264955463 107.344978333805 -372.7607459574665
527.7861128966551 107.344978333805 -412.2476295940089
511.205649707461 107.344978333805 -361.7237980642453
546.5806562092662 107.344978333805 -423.4376071167148
546.889286320209 107.344978333805 -443.568781741346
527.6692366852606 107.344978333805 -431.9533208883222
529.0826267601441 107.344978333805 -454.2189117016621
564.1903297236307 107.344978333805 -373.8956970976543
563.6378908097566 107.344978333805 -532.9492809378963
564.6091864495783 107.344978333805 -493.179576151107
548.816608380774 107.344978333805 -482.4822881517719
566.0804815544286 107.344978333805 -731.7845356715027
546.2179829279698 107.344978333805 -725.3489492659655
564.1821026422439 107.344978333805 -453.4336426029349
564.1868439953989 107.344978333805 -652.1618421069597
547.4045872165351 107.344978333805 -562.9970246017681
547.1491692603386 107.344978333805 -363.7074519444226
546.9803048093443 107.344978333805 -701.7839533996399
529.6048228409607 107.344978333805 -711.623665201266
506.2740582710737 107.344978333805 -673.4479941217631
522.7926516045485 107.344978333805 -682.7588577686118
507.5163628872564 107.344978333805 -595.3666666666662
509.1990958668158 107.344978333805 -401.0270720247125
507.5163628872557 107.344978333805 -439.0999999999995
521.7977246023579 107.344978333805 -470.915933061568
506.5851703774933 107.344978333805 -634.0994256019976
509.8500539221895 107.344978333805 -713.5312663509559
548.2955692431871 107.344978333805 -463.366165945948
547.3802465723915 107.344978333805 -661.577189224308
546.6896239207086 107.344978333805 -264.4788167495095
547.1222473264256 107.344978333805 -344.0099817913374
527.61920322946 107.344978333805 -235.2164778260893
508.783703557964 107.344978333805 -206.9307200424258
507.5926033051973 107.344978333805 -131.7145317489295
546.7127847636204 107.344978333805 -544.1575961388439
546.3353118806598 107.344978333805 -244.7513189039464
509.9217792937088 107.344978333805 -322.9883224878273
554.2165818300032 107.344978333805 -745.3940699428997
554.198759569374 107.344978333805 -101.7491036430217
528.9791562045309 107.344978333805 -353.0810355734661
509.2091866286515 107.344978333805 -245.2309407002717
517.84 107.344978333805 -746.3382067707225
525.2928007556004 107.344978333805 -729.4924518135805
517.924842176199 107.344978333805 -100.5507533533093
524.8558568521762 107.344978333805 -117.4653739846707
505.3466331672011 107.344978333805 -478.1666666666662
547.8339780750988 107.344978333805 -186.2716006937495
547.5628489892222 107.344978333805 -165.8574931969492
550.1798562697508 107.344978333805 -503.0637980651021
528.4122328984249 107.344978333805 -489.5094150858401
504.7034229838656 107.344978333805 -517.0491093054927
532.80010678337 107.344978333805 -668.5281215287323
533.3625273006653 107.344978333805 -555.2390642712461
532.5960648838874 107.344978333805 -696.0464238743058
502.766641578024 107.344978333805 -97.90426091095421
502.775461964526 107.344978333805 -748.9002332826051
568.4812700278718 107.344978333805 -747.9559768446732
568.4812700278721 107.344978333805 -99.19549501790249
502.1424684349364 107.344978333805 -556.3823357340652
501.1710707109177 107.344978333805 -170.3713242824312
518.7878060761888 107.344978333805 -663.3323262280297
518.7260962155971 107.344978333805 -506.9948351495698
519.3788354355696 107.344978333805 -701.124352692691
520.4395842500015 107.344978333805 -183.0413238988733
519.3349800601984 107.344978333805 -642.6001886905361
536.1265904924358 107.344978333805 -472.8110267595551
519.2295275988949 107.344978333805 -623.7110268554546
2 11 0 155
849
850
851
852
853
854
855
856
857
858
859
860
861
862
863
864
865
866
867
868
869
870
871
872
873
874
875
876
877
878
879
880
881
882
883
884
885
886
887
888
889
890
891
892
893
894
895
896
897
898
899
900
901
902
903
904
905
906
907
908
909
910
911
912
913
914
915
916
917
918
919
920
921
922
923
924
925
926
927
928
929
930
931
932
933
934
935
936
937
938
939
940
941
942
943
944
945
946
947
948
949
950
951
952
953
954
955
956
957
958
959
960
961
962
963
964
965
966
967
968
969
970
971
972
973
974
975
976
977
978
979
980
981
982
983
984
985
986
987
988
989
990
991
992
993
994
995
996
997
998
999
1000
1001
1002
1003
536.0276837864336 89.34497833380451 -749.319380620731
536.1555912508762 89.34497833380451 -102.6188316796238
508.0194707470083 89.34497833380451 -152.0570889715244
506.6847897130053 89.34497833380451 -188.4514188069451
508.889624302755 89.34497833380451 -224.9434907911709
508.15872326151 89.34497833380451 -280.4847226095497
506.8300176998296 89.34497833380451 -692.9692255412444
506.3110707930241 89.34497833380451 -653.5258215481546
508.2130026318337 89.34497833380451 -614.6867422067435
506.0576996006519 89.34497833380451 -578.7173925074371
507.516362887256 89.34497833380451 -536.7666666666667
507.5398279523449 89.34497833380451 -499.469404454955
507.516362887256 89.34497833380451 -458.6333333333332
510.3142836210041 89.34497833380451 -420.8497570800255
508.0154262219288 89.34497833380451 -378.7609236290094
505.0328879392926 89.34497833380451 -342.9346439928678
564.4972749067259 89.34497833380451 -256.8259948875505
564.781608524336 89.34497833380451 -314.2796504972924
564.1696308691393 89.34497833380451 -672.0279510832488
564.1603277854093 89.34497833380451 -632.2119046947787
564.1903297236302 89.34497833380451 -592.487867965644
564.1717976507578 89.34497833380451 -552.7438368987365
564.1804344525214 89.34497833380451 -175.085569759278
564.1913166228001 89.34497833380451 -513.0178413987441
564.1696308691397 89.34497833380451 -473.307795748713
564.1603277854094 89.34497833380451 -433.4917493602425
565.4336477115288 89.34497833380451 -214.3179295826213
564.3986531856264 89.34497833380451 -394.0952336189938
565.2772809254272 89.34497833380451 -353.1685892433823
564.1603277854095 89.34497833380451 -135.4515050339821
564.1913166227999 89.34497833380451 -711.7379967332797
505.9483657139211 89.34497833380451 -112.9117239648766
505.8286687880287 89.34497833380451 -732.2411455541109
564.1357229355115 89.34497833380451 -453.4051487852311
546.8538951308793 89.34497833380451 -443.4332562749202
546.9032847114872 89.34497833380451 -423.4658947579206
528.4555622308122 89.34497833380451 -432.28004123005
529.6144530677082 89.34497833380451 -413.4162115781421
527.7757973908739 89.34497833380451 -451.7116523728063
513.9847026010777 89.34497833380451 -400.0333333333331
527.4529728526821 89.34497833380451 -383.2020393533195
521.9996027637364 89.34497833380451 -366.0143828468147
540.6237797442681 89.34497833380451 -369.9901638636602
534.5229901610868 89.34497833380451 -350.9409713422266
546.5667703469301 89.34497833380451 -463.1121094438816
546.8583402545795 89.34497833380451 -483.2610190663909
527.6435803024353 89.34497833380451 -471.3873304333468
529.1592874716645 89.34497833380451 -493.6965539213605
564.1357229355115 89.34497833380451 -652.1253041197668
546.8538951308798 89.34497833380451 -642.1534116094554
547.1703655182415 89.34497833380451 -622.6813234565147
528.2123976952645 89.34497833380451 -631.7999273690598
530.8257508595685 89.34497833380451 -610.6203284659273
518.0974319084343 89.34497833380451 -594.8045473807072
535.9896308946626 89.34497833380451 -593.0137615678692
530.0922025408064 89.34497833380451 -652.1194679659081
546.952837871919 89.34497833380451 -662.1135414881779
546.9354982748309 89.34497833380451 -682.056539349644
530.1484611388902 89.34497833380451 -672.1278094118486
532.3125617002905 89.34497833380451 -691.5200335582391
566.0837347164355 89.34497833380451 -731.7875415993215
546.8698216479405 89.34497833380451 -721.6559689330905
564.1688734551407 89.34497833380451 -532.874827293102
547.7052064648527 89.34497833380451 -522.8503915627028
566.0785699102038 89.34497833380451 -115.370268580702
546.1571262272919 89.34497833380451 -121.8070828547494
546.8148714601813 89.34497833380451 -144.7862813862947
528.3910714804197 89.34497833380451 -136.463664812217
529.6555735330348 89.34497833380451 -156.3793867102939
517.4546756613984 89.34497833380451 -170.9438528691238
526.8287716570721 89.34497833380451 -187.1804376278807
519.2094280810118 89.34497833380451 -205.4737606100752
537.4894571531113 89.34497833380451 -204.1508054861569
530.3031562693409 89.34497833380451 -221.8715276579543
523.0817216010585 89.34497833380451 -241.039171342893
541.780469481194 89.34497833380451 -237.7512518825393
534.1342874836159 89.34497833380451 -255.9888451465603
516.8326504149071 89.34497833380451 -260.4403141636413
528.6716648589572 89.34497833380451 -275.44446937194
524.0438190995807 89.34497833380451 -295.2082185675445
544.8160501786059 89.34497833380451 -289.144525414353
537.7825191726998 89.34497833380451 -309.3741685483739
521.6945382884546 89.34497833380451 -316.1408368899578
534.5128435951295 89.34497833380451 -328.3469691592941
564.1903297236303 89.34497833380451 -294.4076349638389
564.4923378765196 89.34497833380451 -612.8652362613888
561.6677658022976 89.34497833380451 -372.8290976977676
561.7358014922939 89.34497833380451 -235.8371280762049
565.4100798070947 89.34497833380451 -194.865414879521
564.1920737475295 89.34497833380451 -155.1718916438822
563.8814507638522 89.34497833380451 -276.1310252566166
564.3901369084382 89.34497833380451 -572.2298579309535
547.1651953424611 89.34497833380451 -562.2174036622579
565.222850118045 89.34497833380451 -334.0498693258868
564.1921604851429 89.34497833380451 -413.6506196164675
546.6768920328681 89.34497833380451 -186.1299112816483
564.1898046346811 89.34497833380451 -691.9017575388536
564.1769449646389 89.34497833380451 -493.1690413795314
547.4606795998981 89.34497833380451 -404.5099295963502
546.9803048093449 89.34497833380451 -542.8078291320097
528.6344155924857 89.34497833380451 -551.551851589711
527.3956583791787 89.34497833380451 -573.834407128497
506.0419158693712 89.34497833380451 -673.1215049944751
507.5163628872561 89.34497833380451 -634.4333333333336
507.9573175591986 89.34497833380451 -439.4069373879028
507.516362887256 89.34497833380451 -478.1666666666662
521.8494093332514 89.34497833380451 -512.5772250127284
508.1956437367839 89.34497833380451 -558.1655140347989
527.6618041247245 89.34497833380451 -529.29597687839
506.1944989394636 89.34497833380451 -712.57950629367
523.3609155510069 89.34497833380451 -722.130665715483
548.0726621964395 89.34497833380451 -503.1593519741483
547.7804278740017 89.34497833380451 -701.1507976537013
547.301879900272 89.34497833380451 -164.8492809520649
507.5919047091475 89.34497833380451 -131.7094615011215
506.5650896646872 89.34497833380451 -303.0778519000642
554.198759569374 89.34497833380451 -101.7491036430217
551.7029898729786 89.34497833380451 -743.5408872350718
520.0877808479445 89.34497833380451 -743.6810287274224
517.924842176199 89.34497833380451 -100.5507533533093
524.8550988517003 89.34497833380451 -117.4598725933414
547.5933296523615 89.34497833380451 -267.4451137364092
505.307117727711 89.34497833380451 -246.9990500966895
507.6279007162628 89.34497833380451 -518.7626566132343
546.4614431475447 89.34497833380451 -386.8585032178162
548.2182296800704 89.34497833380451 -580.9933247113253
504.8665326973635 89.34497833380451 -360.796113426178
548.2163613588912 89.34497833380451 -220.5176497751536
548.5934642468337 89.34497833380451 -604.3147716070539
550.0862279241143 89.34497833380451 -341.5918654568051
506.3023230978599 89.34497833380451 -324.2670551967929
550.845289070836 89.34497833380451 -322.6313982799838
503.3137728932315 89.34497833380451 -207.9801475801451
533.5835585569291 89.34497833380451 -173.0965738882023
533.3088988123077 89.34497833380451 -707.9032064969595
522.4049236245747 89.34497833380451 -338.6495024595408
501.8387100475453 89.34497833380451 -264.3933825267151
549.5592497224118 89.34497833380451 -251.1358223414346
502.2066672935308 89.34497833380451 -595.581838309002
552.9688146469418 89.34497833380451 -304.3436427305655
532.809309468162 89.34497833380451 -398.3355156654594
502.766641578024 89.34497833380451 -97.90426091095424
503.5787788779741 89.34497833380451 -748.0086665539471
568.481270027872 89.34497833380451 -99.19549501790246
568.7653449178828 89.34497833380451 -747.9312826601879
550.4356089114387 89.34497833380451 -357.7041375207684
501.93674240141 89.34497833380451 -170.4058536498089
552.9861711645435 89.34497833380451 -204.4798799294827
518.9170970123836 89.34497833380451 -702.4752149097307
536.3448774001016 89.34497833380451 -512.9612645161603
519.0940281972585 89.34497833380451 -682.2111959777156
535.7608613672344 89.34497833380451 -734.6946595038814
519.2777056831917 89.34497833380451 -662.1143988864765
519.1557786460104 89.34497833380451 -643.3347948352666
517.7653874372108 89.34497833380451 -351.8671228135256
2 12 0 5
1004
1005
1006
1007
1008
572.3199999999999 98.34497833380475 -85.7514718625762
499.68 98.34497833380475 -85.7514718625762
517.84 98.34497833380475 -85.7514718625762
536 98.34497833380475 -85.7514718625762
554.16 98.34497833380476 -85.7514718625762
2 13 0 82
1009
1010
1011
1012
1013
1014
1015
1016
1017
1018
1019
1020
1021
1022
1023
1024
1025
1026
1027
1028
1029
1030
1031
1032
1033
1034
1035
1036
1037
1038
1039
1040
1041
1042
1043
1044
1045
1046
1047
1048
1049
1050
1051
1052
1053
1054
1055
1056
1057
1058
1059
1060
1061
1062
1063
1064
1065
1066
1067
1068
1069
1070
1071
1072
1073
1074
1075
1076
1077
1078
1079
1080
1081
1082
1083
1084
1085
1086
1087
1088
1089
1090
564.1557330427955 176.9413474143697 -761.4000000000001
459.021174002528 180.1346153846153 -761.4000000000001
512 229.3279534221029 -761.4000000000001
516.0018156011197 126.0965004469374 -761.4000000000001
566.4626727898202 47.16898669964195 -761.4000000000001
499.6800000000002 73.68723903338167 -761.4000000000001
459.021174002528 142.2115384615388 -761.4000000000001
512.3252817653134 16.98435806723961 -761.4000000000001
459.5165543684452 47.78035502731205 -761.4000000000001
534.9099777532983 72.95751848414119 -761.4000000000001
564.6345916312437 137.944390269746 -761.4000000000001
474.1248754888935 229.1033929790582 -761.4000000000001
564.6181382925796 216.0046022509146 -761.4000000000001
474.7655196451254 97.91527886513211 -761.4000000000001
477.4875825917024 78.73684316532479 -761.4000000000001
472.9424663909968 19.52926794037126 -761.4000000000001
551.8872857663154 15.18828138562736 -761.4000000000001
479.6322530482362 56.78517476407899 -761.4000000000001
500.9328246612984 53.07354982150554 -761.4000000000001
474.0206037226265 115.3119109972263 -761.4000000000001
487.4113693560805 127.1249033749969 -761.4000000000001
487.0708548226004 37.314278324383 -761.4000000000001
564.2108730466955 157.1612865135015 -761.4000000000001
546.8635228061544 166.9828447621741 -761.4000000000001
546.8651339219526 186.954723061839 -761.4000000000001
529.5572548930562 177.0103072451288 -761.4000000000001
529.5761338162857 197.008711943922 -761.4000000000001
512.2574772535527 187.0478556284354 -761.4000000000001
512.2204259364371 167.0485100127274 -761.4000000000001
494.9327687006905 177.084752234362 -761.4000000000001
494.9335284830552 197.2774160020822 -761.4000000000001
495.321688540761 157.8430782220894 -761.4000000000001
513.3776995231802 147.8409228979947 -761.4000000000001
477.5074637934743 167.4774317864524 -761.4000000000001
529.8029084146608 157.2946039112074 -761.4000000000001
512.2078052128229 207.6043545158689 -761.4000000000001
529.6462246754234 217.0126050493024 -761.4000000000001
493.8359860829917 217.4244557155056 -761.4000000000001
476.284284740535 208.0133387578803 -761.4000000000001
547.086299823107 147.3979082369002 -761.4000000000001
549.9968249693885 125.9099804951626 -761.4000000000001
564.2098977566533 196.746817225645 -761.4000000000001
531.9211422076523 16.83498725430138 -761.4000000000001
542.5487245206509 31.64939630171591 -761.4000000000001
493.4531441665605 17.84087169338022 -761.4000000000001
477.1627521430823 187.8778476290287 -761.4000000000001
546.994606727612 206.77928645885 -761.4000000000001
549.0363046466767 228.2967862032708 -761.4000000000001
522.3968073198502 33.91788511748246 -761.4000000000001
533.854713173207 51.06331500339104 -761.4000000000001
517.4876584464287 63.94900430284201 -761.4000000000001
550.8450354117405 59.33774607937954 -761.4000000000001
459.021174002528 199.0961538461541 -761.4000000000001
459.9223277025086 66.89334421073471 -761.4000000000001
459.0211740025275 161.1730769230771 -761.4000000000001
478.1952329399434 147.1140119852599 -761.4000000000001
531.5369822564596 137.642443456808 -761.4000000000001
564.1893579250966 28.60318818578241 -761.4000000000001
458.5215915732458 217.5300595133963 -761.4000000000001
457.6299144238475 29.18794032526057 -761.4000000000001
457.9640960243123 104.2884615384617 -761.4000000000001
458.0133927529176 123.5180712906079 -761.4000000000001
459.2232543272748 86.41462898891655 -761.4000000000001
567.2608156955152 62.54148483366322 -761.4000000000001
505.5128102600254 34.62450311708858 -761.4000000000001
554.16 75.53203199534016 -761.4000000000001
531.5785097374212 233.3904577964177 -761.4000000000001
492.1714285714286 233.823194911615 -761.4000000000001
471.5254626878961 37.58939456101814 -761.4000000000001
499.0513023845665 137.7662097686937 -761.4000000000001
471.597886740886 131.9085424992294 -761.4000000000001
566.9933815949096 122.150560909844 -761.4000000000001
532.9563452073016 121.3147447526456 -761.4000000000001
566.8523056882651 231.9387680619911 -761.4000000000001
455.6401904486831 13.535749345434 -761.4000000000001
456.4992152075181 232.8520868819003 -761.4000000000001
516.6738270907809 48.28016766987821 -761.4000000000001
568.3873747614057 76.41381075665549 -761.4000000000001
568.1269520055311 12.66159358214065 -761.4000000000001
501.4035005763422 120.9761790897152 -761.4000000000001
551.5591373250185 44.98621745086359 -761.4000000000001
517.6928200203803 78.6252904261392 -761.4000000000001
2 14 0 28
1091
1092
1093
1094
1095
1096
1097
1098
1099
1100
1101
1102
1103
1104
1105
1106
1107
1108
1109
1110
1111
1112
1113
1114
1115
1116
1117
1118
466.9189521767467 12.47350848950759 -292.6000000000001
466.4849229169007 233.553057576335 -292.6000000000001
475.124995812471 44.67248916690215 -292.6000000000001
475.0686063623271 80.01727839965332 -292.6000000000001
458.3872547785186 105.4639078710308 -292.6000000000001
458.4501214934718 201.6445766911316 -292.6000000000001
458.0557388728306 163.1096662027762 -292.6000000000001
474.3313645534755 135.6861974422495 -292.6000000000001
458.5932126814901 68.0033836158093 -292.6000000000001
474.7252915455284 175.1557063758336 -292.6000000000001
474.4986774098762 116.2190548540252 -292.6000000000001
474.5011392146183 97.28618681154035 -292.6000000000001
458.4042530006815 86.45347836148767 -292.6000000000001
475.3889139502711 61.92991158302902 -292.6000000000001
457.9024616761357 48.0378133429997 -292.6000000000001
458.227201764262 124.3467831048074 -292.6000000000001
474.5980318806565 217.1399419597744 -292.6000000000001
458.9310293233956 28.33609844499068 -292.6000000000001
455.8888460485049 220.9120319353093 -292.6000000000001
458.6531873552469 144.1014873383927 -292.6000000000001
477.4624962187689 24.67059682251056 -292.6000000000001
474.4942637211802 155.3565763456907 -292.6000000000001
458.787112300122 182.8301596692218 -292.6000000000001
475.6848300695603 196.1678659738399 -292.6000000000001
479.3765909595114 234.0627421453306 -292.6000000000001
453.9299963000285 11.95422907920732 -292.6000000000001
453.2347537930812 235.0007102100212 -292.6000000000001
480.0362896791031 11.00262019575575 -292.6000000000001
2 15 0 143
1119
1120
1121
1122
1123
1124
1125
1126
1127
1128
1129
1130
1131
1132
1133
1134
1135
1136
1137
1138
1139
1140
1141
1142
1143
1144
1145
1146
1147
1148
1149
1150
1151
1152
1153
1154
1155
1156
1157
1158
1159
1160
1161
1162
1163
1164
1165
1166
1167
1168
1169
1170
1171
1172
1173
1174
1175
1176
1177
1178
1179
1180
1181
1182
1183
1184
1185
1186
1187
1188
1189
1190
1191
1192
1193
1194
1195
1196
1197
1198
1199
1200
1201
1202
1203
1204
1205
1206
1207
1208
1209
1210
1211
1212
1213
1214
1215
1216
1217
1218
1219
1220
1221
1222
1223
1224
1225
1226
1227
1228
1229
1230
1231
1232
1233
1234
1235
1236
1237
1238
1239
1240
1241
1242
1243
1244
1245
1246
1247
1248
1249
1250
1251
1252
1253
1254
1255
1256
1257
1258
1259
1260
1261
490.6 228.5557832464991 -210.1688061531989
490.6 228.785252155047 -153.2379362734461
490.6 125.0975213720474 -116.2043139973192
490.6 124.9070081786916 -189.0200330607539
490.6 176.9413474143697 -275.3557330427957
490.6 179.2006624078427 -68.5010758651288
490.6 124.7986074003486 -152.7839050798833
490.6 125.5080766272636 -225.0130600017556
490.6 228.5335467517241 -117.3225667243397
490.6 44.90218776826237 -276.3814324547973
490.6 72.94636935205978 -95.4361703941338
490.6 18.26115414518313 -225.7373212163435
490.6 19.04001959925972 -191.452733514364
490.6 18.14256967582548 -151.3780308480688
490.6 229.2632375882406 -246.8222427899315
490.6 19.26771524842138 -116.8793695322854
490.6 73.08377394120498 -208.0608307722575
490.6 72.78091385309494 -170.5578259988699
490.6 73.03337470703525 -132.6634755835938
490.6 139.4649308757623 -69.12319493953405
490.6 72.78091385309494 -245.40246916142
490.6 47.4038461538463 -66.17264586510422
490.6 137.9167395992523 -275.8187674269496
490.6 217.0185446454801 -66.33215671951288
490.6 15.87490862885755 -76.65599339641335
490.6 216.8141094193834 -277.0758564905213
490.6 15.13794050801266 -265.7842830337395
490.6 73.59991625552738 -78.67973227487093
490.6 56.12925625964209 -83.55353721871532
490.6 56.55972053951456 -105.2907437975396
490.6 38.98150872976555 -96.71916560797251
490.6 39.50349747759384 -115.2794797503903
490.6 99.30098563596653 -69.17515767129711
490.6 119.0375087316911 -68.71423331329507
490.6 128.8774368485488 -85.56447383914346
490.6 148.9694476861162 -86.82632842388594
490.6 157.1566780684191 -275.4082356793132
490.6 166.982844762174 -258.0635228061545
490.6 186.9612248921247 -258.0924200865825
490.6 177.0102056346484 -240.7610302625892
490.6 157.0736472263042 -240.7548590897587
490.6 167.0548421218482 -223.4283974684788
490.6 187.0463198880944 -223.461305772942
490.6 177.079088545298 -206.1226754591781
490.6 157.0791816424531 -206.0858374411539
490.6 167.1093685181671 -188.7828322666078
490.6 187.1096471127734 -188.819992125686
490.6 177.1414540165313 -171.4808830239255
490.6 157.1414335481489 -171.443850977427
490.6 166.9688868509612 -154.2594937680363
490.6 187.1393456233383 -154.1984878822537
490.6 177.1657177906218 -136.8627705042092
490.6 156.9602169673278 -136.9439229039647
490.6 167.3652620893336 -119.6298293655243
490.6 187.2521796867406 -119.5632210232928
490.6 177.4789062975948 -102.8844545280986
490.6 197.1748247270634 -102.2778456680705
490.6 147.2609857467922 -119.2300597131601
490.6 207.361456333905 -119.1280941504452
490.6 136.8544516940705 -135.455876013227
490.6 187.936004325259 -85.49654217968336
490.6 207.4547147338204 -84.31179109072261
490.6 196.5374179409874 -240.5254454397412
490.6 209.6779640830451 -221.5933566695886
490.6 146.8564228945519 -223.702097465959
490.6 137.0588819790835 -206.4102107503632
490.6 146.9223061510161 -188.7854544734894
490.6 136.558011763008 -171.2025202123835
490.6 146.5469347039775 -153.6815948258203
490.6 197.0773274682862 -206.1588710868356
490.6 206.5728574699527 -188.5457868804728
490.6 197.0463416232852 -171.4693140990411
490.6 207.4738853313963 -154.0419994465129
490.6 216.7060739314813 -171.2221006507841
490.6 217.2349279293165 -136.0734194945345
490.6 197.2712521158863 -136.6446654168747
490.6 147.2544919078524 -258.1834785772251
490.6 125.8404177733521 -260.7200083168714
490.6 196.8647244713762 -275.6339947166923
490.6 227.4360123632121 -189.3123599436881
490.6 159.5575143125713 -68.69380014194988
490.6 210.261421908058 -257.4270048103797
490.6 137.3573674788968 -241.9330252687785
490.6 198.5277384566047 -67.01891186386311
490.6 228.3807336343683 -81.49725517710419
490.6 72.5798473033239 -151.4271211022874
490.6 55.59991361723189 -161.1126399384093
490.6 56.0595657067588 -180.8004560986117
490.6 38.62081298169011 -171.2759136432703
490.6 38.81221192961277 -190.0124952201244
490.6 38.24604694143801 -151.2839571744296
490.6 55.23954237812291 -142.3255566570863
490.6 73.05988014267456 -189.1757359312883
490.6 74.37580500641275 -264.4359526618491
490.6 54.90591377381844 -258.0100182808372
490.6 56.06834987011894 -236.1699610170877
490.6 38.62081298169028 -244.6843815170195
490.6 39.04280368161238 -224.6933661129405
490.6 73.10379485330856 -226.7745585350127
490.6 17.00751864322916 -246.0223281258345
490.6 17.15857548889124 -96.26179606677712
490.6 229.1317422894344 -228.7133119506279
490.6 14.20261347427703 -208.4488596431425
490.6 15.51508799713218 -171.3598583698636
490.6 16.17792266451306 -133.8144239101458
490.6 73.17478833740125 -114.1664894505955
490.6 216.8412414950818 -100.5684338180746
490.6 157.8424861645724 -103.307471831329
490.6 55.45451668916945 -198.9124395672891
490.6 230.3492724181431 -264.9492115760009
490.6 138.171072380832 -101.8131488249368
490.6 62.60351695639702 -277.451599280515
490.6 28.44230769230774 -64.84205004571965
490.6 26.80349350014097 -277.9992806105216
490.6 34.69807544697539 -133.5938534911418
490.6 32.89631119585897 -261.480287337125
490.6 55.36816648110715 -123.8865997883912
490.6 55.07752211039275 -217.0985505974554
490.6 33.85720459264519 -207.9985451529809
490.6 214.293468818822 -239.2600581650457
490.6 120.5096195434294 -133.6420141470429
490.6 168.497503532326 -85.95161216167929
490.6 33.99840049221831 -80.70086470011705
490.6 120.4327846905297 -207.2807197946324
490.6 213.8639889261991 -203.1558361467568
490.6 233.185467689948 -171.2247737460988
490.6 233.3524345422953 -133.8144239101458
490.6 83.21085183242161 -65.87746748285954
490.6 232.5827455252603 -98.72211926749549
490.6 121.3685451707771 -243.3662971895071
490.6 66.14335612204428 -63.06021486318838
490.6 120.0312938462085 -170.6416793546779
490.6 122.0651121129957 -278.1440477090474
490.6 232.5725421053487 -63.60534896800971
490.6 13.70335511962378 -63.37787658237104
490.6 232.7568655931763 -279.2121333968861
490.6 11.96208593498289 -280.5805815267381
490.6 76.50310261712326 -279.4847868361829
490.6 121.2561571718382 -99.05454033213934
490.6 28.62522234079137 -106.8336746449739
490.6 27.73846865072915 -162.4900099661103
490.6 28.08786193130754 -179.9737904742504
490.6 28.38858852373664 -234.8863890972249
2 16 0 34
1262
1263
1264
1265
1266
1267
1268
1269
1270
1271
1272
1273
1274
1275
1276
1277
1278
1279
1280
1281
1282
1283
1284
1285
1286
1287
1288
1289
1290
1291
1292
1293
1294
1295
430.4999999999999 192.2904936874046 -611.9045584113171
430.5000000000001 183.636212028483 -424.7153010788194
430.5000000000001 134.2861729652843 -365.2853075570921
430.5000000000009 66.80004213168628 -726.3042206597028
430.5000000000001 204.6175542896311 -478.8743885431426
430.5000000000001 208.1851630934074 -497.9594099691849
430.5 204.6175542882457 -575.1256114627475
430.4981923211525 192.2907489477573 -442.0960197006224
430.5000098190544 102.2843259314409 -710.6364197819086
430.4999999999999 173.4152109543661 -408.2078175500624
430.4982272052885 199.3040490748135 -460.1994459308094
430.5000098190545 209.9765700521449 -536.7086575129218
430.5 161.7144224342679 -392.7135018763328
430.5 148.6343364534998 -378.3653740590896
430.5000000000008 29.04059002781867 -735.1851630938255
430.5000098190546 102.2839529437023 -343.3633724667733
430.5000000000009 48.1256154247915 -731.6175533563814
430.500004850353 84.9043691564335 -719.2905772514988
430.5000024746698 209.9766388712999 -517.2928310059922
430.5000024746698 118.7916575737153 -353.5844294982261
430.5000000000005 173.4152109509464 -645.7921824549296
430.5000000000001 183.6362120255385 -629.2846989264671
430.5000024746698 84.90377718023733 -334.709161367227
430.5000003182063 66.79922782538466 -327.6955064141831
430.4999999999996 118.7921824474414 -700.415210956076
430.5000000000001 148.6344811940667 -675.6344812004845
430.4999901809452 134.2861729606702 -688.7146924467394
430.5000000000002 161.7146950469696 -661.2861698293319
430.5 199.3042219531555 -593.8000382725477
430.5000048503527 208.1851053741623 -556.0410038035095
430.5000000000001 29.04059003381175 -318.8148369070105
430.5000001571855 48.12520245846506 -322.3823495152525
430.5000000000007 13.47090187140297 -736.7688079871209
430.5000000000001 13.47090187140232 -317.231192012879
2 17 0 29
1296
1297
1298
1299
1300
1301
1302
1303
1304
1305
1306
1307
1308
1309
1310
1311
1312
1313
1314
1315
1316
1317
1318
1319
1320
1321
1322
1323
1324
418.4 183.6449341137516 -588.7571346274503
418.4 183.6449341137515 -465.2428653725494
418.4 109.0150407353854 -687.1769956036312
418.4 109.0150407353853 -366.8230043963687
418.4 124.8518165061054 -378.880573986311
418.4 124.8518165061054 -675.1194260136888
418.4 188.9563352487252 -484.3886500274834
418.4 188.9563352487253 -569.6113499725162
418.4 175.6524428189178 -608.2654737044779
418.4 175.6524428189174 -445.7345262955215
418.4 90.60343468209766 -697.8962069304741
418.4 90.60343468209761 -356.103793069526
418.4 31.27723302826901 -717.7826813964512
418.4 31.27723302826914 -336.2173186035484
418.4 140.2942614355032 -394.1062165773723
418.4 140.2942614355034 -659.8937834226272
418.4 192.0392990341644 -506.1144676038437
418.4 192.0392990341644 -547.8855323961556
418.4 165.4698833813198 -626.5599255005666
418.4 165.4698833813195 -427.4400744994329
418.4 71.46131648376381 -347.6456199580085
418.4 71.46131648376416 -706.3543800419914
418.4 51.64200913683374 -341.0022930242251
418.4 51.64200913683348 -712.9977069757748
418.4 153.6571923396159 -643.8071608569785
418.4 153.6571923396158 -410.1928391430209
418.4 193.007547137833 -526.9999999999997
418.4 15.7874814458035 -333.0823637599844
418.4 15.78748144580347 -720.917636240015
2 18 0 139
1325
1326
1327
1328
1329
1330
1331
1332
1333
1334
1335
1336
1337
1338
1339
1340
1341
1342
1343
1344
1345
1346
1347
1348
1349
1350
1351
1352
1353
1354
1355
1356
1357
1358
1359
1360
1361
1362
1363
1364
1365
1366
1367
1368
1369
1370
1371
1372
1373
1374
1375
1376
1377
1378
1379
1380
1381
1382
1383
1384
1385
1386
1387
1388
1389
1390
1391
1392
1393
1394
1395
1396
1397
1398
1399
1400
1401
1402
1403
1404
1405
1406
1407
1408
1409
1410
1411
1412
1413
1414
1415
1416
1417
1418
1419
1420
1421
1422
1423
1424
1425
1426
1427
1428
1429
1430
1431
1432
1433
1434
1435
1436
1437
1438
1439
1440
1441
1442
1443
1444
1445
1446
1447
1448
1449
1450
1451
1452
1453
1454
1455
1456
1457
1458
1459
1460
1461
1462
1463
349.5108697439288 51.08440148086357 -601.0085324067497
349.9605100356435 52.78564984639872 -453.4776270931079
349.5108697439288 89.92707569836229 -527
349.5108697439288 79.62647104648723 -485.2088041288369
349.5914197956361 79.66818286915075 -568.9358700476215
379.1473866698753 15.7965938907382 -654.3008625614536
379.2698146141664 14.9762704253002 -399.4405130173382
408.0056542937358 92.94395458175619 -664.0820772621283
408.0056542937359 92.94395458175597 -389.9179227378714
407.9932267869579 161.0055697068741 -488.2449413384834
408.0056542937359 161.7481623795321 -562.6034628461925
408.0056542937359 131.8491503256877 -426.7708816850616
408.0056542937359 131.8491503256879 -627.229118314938
408.4269452432055 43.70824552061249 -687.3138773467317
408.0056542937359 44.30811627765517 -367.4165878553741
408.0056542937359 165.6202723092669 -526.9999999999998
408.0056542937359 150.3128881471012 -596.5421473401042
408.0056542937359 150.3128881471009 -457.4578526598953
357.1358302287933 14.88463035112528 -625.6776054522215
357.4057070957808 17.2179862110859 -428.3481576407552
401.9648394043434 15.87611600911177 -684.0027051802497
401.890919754239 14.31147854067233 -369.9429962551924
349.5374152630361 87.50334504188848 -547.8859469422189
359.7818949586839 102.4653732718486 -539.441548834277
361.0460736935644 104.5841239469917 -519.4844323516137
370.7206319221247 117.2835925272438 -531.5765727126615
370.4531706616384 114.4588079128418 -551.3811786357503
372.6625154546694 118.9093098680766 -511.730679160437
380.9676876342101 129.577033343643 -543.5739683458905
381.4696254151768 126.1708618497474 -563.2758245828473
371.8332369580701 110.3983973601722 -570.9160898053074
383.4280539412943 121.6876723759006 -582.6682622238418
374.7857197976 105.2107698301957 -590.0046107706712
386.761659914065 116.2396596393412 -601.6210006850439
379.2048157544808 99.42857416441701 -608.1669377053383
367.0083056193731 88.16218043214354 -596.994419953196
372.5764213221861 81.31486271524265 -614.941852322438
384.7197435576169 92.19901088276282 -626.2790052385373
379.3724674316344 73.25246371381016 -632.6594858083185
364.1939046529064 105.7968644919847 -501.0741501846107
376.1906856248578 119.6680841701159 -492.8291353922395
368.7957076805947 104.959070017379 -480.293896355804
381.023283062307 118.9916335100158 -472.9195402935978
374.823138646319 103.5892317599367 -461.2730160908291
384.439649982546 133.2773199414548 -504.7277788469052
387.0397472982065 117.4582374546974 -453.6306852406616
381.9815409767578 101.2393313511659 -442.3832864858732
369.8937135206164 87.53061529670698 -450.4184497987973
378.1652952491108 84.76599547942459 -432.4201772700929
390.0108084765056 98.85086218029348 -424.5907234794977
387.1966284601911 81.60734014664554 -414.8572072198899
375.7855795655837 67.31290577447029 -422.9477640066926
385.7321012920553 63.75246590686901 -405.9657154406912
374.9626715299904 48.86839682408576 -414.2747589471453
350.4871452002606 67.45752788203691 -465.6390229043774
385.7018966110355 48.39498704595723 -399.0902344798718
396.3621878653443 60.69393691875963 -389.2227018494173
392.3976162439794 137.3828775578128 -574.6849821625286
367.2084827579839 62.91606717247572 -620.6575813365507
375.1529104942055 54.92040727021641 -637.1789460100711
387.0877273964911 65.91881829564784 -648.8663366694783
383.9325550462478 46.63368689511255 -653.1241053691383
349.5422989393091 66.36797660533585 -587.7411469021428
373.7391989279154 35.74647775421592 -642.8911861911236
395.6078253559272 57.71486531594363 -664.994048418757
393.0203855335494 39.57010989814349 -667.773413146492
364.604048252272 52.9217947050336 -431.1860453612503
350.6674566804381 35.03702068355864 -442.5565078059071
349.5108697439288 31.88858052008316 -611.0832764351698
350.4913416612408 88.58918835393789 -505.3520510300315
393.6325914059649 133.4607258080392 -465.3275075072688
361.3786046553928 68.0394681458037 -446.6546456981083
360.3416079950414 86.63629677872808 -469.5705786605479
399.5321987396243 132.3540988409321 -446.9955550490845
400.8207645561122 148.1826529963948 -477.2129214850802
388.276189355883 133.7293926281525 -485.2667413407826
364.5313859728453 34.5670129023376 -423.2427019109995
390.7350989042059 13.82437453034589 -384.3966254817578
390.8958247319429 19.80650642537872 -669.1062180666277
359.3463431269741 96.74754790079022 -561.3194540312821
393.399806609392 115.0256581372388 -435.9182964684601
402.3734533898852 114.5867598472292 -417.7345774124011
390.6760910195881 140.3625077467249 -555.3430473961541
391.5728381900781 144.0326751826942 -536.6553957463987
381.8542372008943 131.7439923738692 -523.9231972514754
392.7794999772207 145.5961268720525 -517.3226880822151
396.4281254695691 147.7685542861329 -497.7341282375976
396.3401336132135 76.96086027711924 -397.6370551203347
406.975378524061 76.84264517044367 -381.7916939437544
395.7129941099886 135.1925696791454 -591.320002068634
390.6115820311999 84.09583608309519 -642.7970316996748
397.2291226773872 103.7732925844622 -637.6186699013057
398.8276499891267 78.10422288556747 -659.4268938879959
390.7492463913702 110.4997789376282 -618.2243428271852
363.3039365000112 43.89122917342132 -625.4333491416514
360.0324303836335 68.87571173004272 -604.3117854529917
399.2714462373661 96.23013649169182 -406.3607596997624
406.3957811761459 69.90897839621246 -674.8414967439227
367.7737289963387 15.25135753011009 -639.5307005785276
368.4045275775812 14.90918876856105 -413.6001153593953
396.3614828635783 42.12253355328679 -382.460194626644
398.149523463775 126.2564526891712 -613.1824090483842
374.2064455884005 30.84323235460294 -409.083526288476
404.3248492337373 159.9052232592292 -509.5250236971243
410.0510752368068 144.4844350817557 -440.7558219139398
408.2509463164573 120.4700106338798 -641.1152555941177
408.6972228176076 158.0822496288131 -579.3192626439275
408.1728180371437 142.0269636596281 -612.616087759559
408.0174257956292 164.6877142803071 -544.6939883318619
408.2509783450629 107.4258076791658 -653.4714379639535
360.031076481364 90.65786442584152 -577.0176434001684
409.5388243126937 109.4124028725966 -400.0350428052008
409.1679476996773 61.15996819739418 -371.4686863467618
358.1535719028146 93.39835678882754 -488.2681606288049
409.761420568496 27.16194539188959 -692.680537313676
409.7614205684948 27.1619453918894 -361.3194626863254
386.0230299928573 29.33416833263865 -392.9987951307023
410.4012753745628 159.8882749386871 -473.1273677003531
383.6635179370207 33.85867445140637 -656.7770173533842
398.5932004330188 151.9868906501989 -548.0699530750036
398.7663741502669 148.6865788896582 -565.7953363287588
347.8913198595652 14.13355533654254 -440.3132708952985
347.8913198595005 14.13355533644236 -613.6867291046331
400.1886801026327 94.2077687571808 -650.7202309067605
359.5944514277993 76.66966900608443 -458.25632033269
400.8733780414996 31.55196142970264 -680.1751153838175
400.0991079389154 118.238854856628 -627.8232977913596
358.0047441458374 52.42819050365132 -613.231000117838
362.9525429170774 28.88304688412761 -630.3611512396071
409.7345148449549 57.85529854281953 -684.5718456533434
411.3696593975199 123.5587858751494 -410.2773976488763
397.2034859782764 27.67764852893314 -377.905158323567
400.9241619069555 146.4167602158138 -582.1437521568921
370.220657387307 72.74264760928642 -435.7123378596673
398.8194602957097 153.7315889237273 -527.7013613288769
358.0932232613276 79.54225026736768 -589.2948876596761
410.1781449072955 13.5625900431319 -359.1154271382389
410.1956405208576 13.19193279696981 -694.9368140747845
400.5404505610119 48.74595460494066 -675.1465795733491
2 19 0 26
1464
1465
1466
1467
1468
1469
1470
1471
1472
1473
1474
1475
1476
1477
1478
1479
1480
1481
1482
1483
1484
1485
1486
1487
1488
1489
353.0466222218525 63.50156984942318 -528.9507060391121
350.4665778997986 49.37609297107806 -482.1502858588841
353.5808753780253 47.17259741011021 -568.5182676250598
373.5485390131282 16.70953105093644 -526.7377711242389
365.8302742134599 17.03424361810057 -488.2423966487106
365.8050279634018 17.30426493184295 -565.6992675613416
353.5175035499958 20.57715309807284 -586.4640951145307
353.5175035499958 20.57715309807313 -467.5359048854695
371.6503510242455 16.93068753722839 -546.3851862136609
368.8622423464991 33.5878549320155 -536.165915968231
369.0153422873091 32.82215631689324 -516.7490899021309
362.3291158747518 49.37034049934898 -525.6032778660522
359.7337470123364 50.39651992726095 -546.0633323637118
354.0852870957547 59.90652984651777 -510.3463905672119
371.6401404882199 16.63085591138947 -507.3050817147285
364.9342410615837 33.10617568291651 -556.39783004024
349.9219008461672 64.75511777885205 -545.4880518170797
358.5658402678425 32.33987456174945 -572.4057584067559
358.6700668388914 33.35132204211411 -482.5352312610336
365.6360233201004 32.59431018176994 -499.3147886598257
349.5825424319404 38.25850859860351 -471.1044380628936
349.8567209031224 37.92664028580994 -582.7386725979719
349.4370020821091 59.52701633176905 -494.3316886923263
358.3923540724833 46.8280467975283 -496.2623375826413
349.7277760769044 59.8905346882083 -558.2809811635282
363.0594701862227 45.16610129087654 -510.6767526034989
2 20 0 104
1490
1491
1492
1493
1494
1495
1496
1497
1498
1499
1500
1501
1502
1503
1504
1505
1506
1507
1508
1509
1510
1511
1512
1513
1514
1515
1516
1517
1518
1519
1520
1521
1522
1523
1524
1525
1526
1527
1528
1529
1530
1531
1532
1533
1534
1535
1536
1537
1538
1539
1540
1541
1542
1543
1544
1545
1546
1547
1548
1549
1550
1551
1552
1553
1554
1555
1556
1557
1558
1559
1560
1561
1562
1563
1564
1565
1566
1567
1568
1569
1570
1571
1572
1573
1574
1575
1576
1577
1578
1579
1580
1581
1582
1583
1584
1585
1586
1587
1588
1589
1590
1591
1592
1593
442.6 160.9041814513828 -686.9788794160702
442.6 159.9882000205938 -366.4219398234372
442.6 198.9838090161183 -307.6527282376023
442.6 200.5149848781821 -745.1395114799931
442.6 231.1532880984853 -691.1132175075519
442.6 227.1029471861106 -362.9627704138405
442.6 162.7786622150711 -745.1093255888779
442.6 161.1730769230769 -309.0211740025281
442.6 187.7541775101937 -654.7091073031871
442.6 187.1020189023147 -398.8321360375472
442.6 128.4461589428595 -713.7702380164548
442.6 128.4461589428594 -340.2297619835454
442.6 228.8419758030645 -633.4632618460782
442.6 229.583637112744 -419.5666666666671
442.6 230.8817126427523 -733.379584679529
442.6 228.5975435783042 -321.5688512993809
442.6 103.2833024849915 -307.8227164381457
442.6 103.2833024849913 -746.1772835618546
442.6 214.7035526958825 -599.3244228295874
442.6 215.0343205527687 -454.9277597515588
442.6 229.5836371127442 -575.8333333333336
442.6 229.583637112744 -478.166666666667
442.6 197.3046146789614 -414.9503353393795
442.6 206.1304838312661 -396.7330219336625
442.6 194.4510801051576 -380.7661235662961
442.6 210.0602865057382 -432.1049828085137
442.6 175.1096165739045 -671.4288452287093
442.6 180.7140671809728 -691.2495858346779
442.6 164.5635481980426 -709.6910294822748
442.6 186.4979749086976 -710.7166264042299
442.6 195.050198360497 -673.4055445644822
442.6 207.0426711528452 -656.3789028671191
442.6 200.1596732501271 -693.8844634015866
442.6 206.9418199252287 -713.1340155832601
442.6 210.4009843622236 -621.2927957183699
442.6 144.6630342098489 -352.7889284591225
442.6 163.7686339382544 -346.5911970945294
442.6 182.6534077780687 -362.5710234905865
442.6 183.9448049889065 -341.4055409048904
442.6 197.704718780847 -351.445233120109
442.6 202.0124565154014 -336.5715815070604
442.6 147.8223790655342 -334.2748466613632
442.6 133.7684530055338 -322.4457375226203
442.6 215.5474337921891 -678.0265998121617
442.6 144.8606484201498 -701.5227526408913
442.6 145.03303233551 -722.7185649165937
442.6 129.8596511707333 -731.3735113311204
442.6 215.1608485792623 -380.499344248794
442.6 174.6353245547751 -727.9826347149771
442.6 227.4490737844653 -536.7166365212037
442.6 227.5990813422963 -517.1571372821185
442.6 197.9638610706387 -638.9098198366598
442.6 174.4780361311031 -382.1152812134648
442.6 111.4456985870433 -727.6159310053069
442.6 111.5336494961865 -327.0759729392458
442.6 227.5567466035583 -656.0041562637433
442.6 71.10401831402731 -742.7357837952022
442.6 71.10401831402748 -311.264216204798
442.6 227.246531711461 -398.2868703636087
442.6 229.1480066637338 -613.4974785643697
442.6 229.9571588560458 -440.5721237600125
442.6 229.5836371127443 -341.4333333333338
442.6 227.0695932180538 -713.2798867142335
442.6 167.9568843331184 -326.1334466619527
442.6 179.4524276039123 -308.6798287760911
442.6 182.1764453243737 -744.6867476381307
442.6 225.6402959567408 -556.8455873732973
442.6 225.6402959567408 -497.1544126267031
442.6 218.5118440608165 -746.3397061510339
442.6 217.6145889034259 -306.7533985933767
442.6 194.0805358114657 -728.1697077902827
442.6 90.92966036694719 -732.9360487919249
442.6 90.92966036694753 -321.0639512080753
442.6 50.65889655057509 -745.3720996822864
442.6 50.65889655057549 -308.627900317714
442.6 142.2115384615389 -306.924859707693
442.6 143.4744428196617 -742.9266126886205
442.6 230.6001378659599 -593.9368715365553
442.6 231.1542915191685 -459.6929232959763
442.6 214.1780227952631 -349.9115323652322
442.6 213.0000817560831 -729.9070687330553
442.6 190.256176097937 -323.347258447305
442.6 233.4514936988465 -674.4287947166914
442.6 232.5020654953668 -380.5497970052488
442.6 122.9501393988354 -747.0714911565792
442.6 123.2500000000002 -305.8260997883202
442.6 214.0651107680342 -412.3283754223663
442.6 30.50997788567622 -747.4477724954598
442.6 30.50997788567639 -306.5522275045406
442.6 12.10917653873298 -748.8179598052935
442.6 12.10917653873298 -305.1820401947068
442.6 214.3612477984661 -641.2097873063941
442.6 87.19416546396258 -305.0701767702039
442.6 87.19416546396246 -748.9298232297964
442.6 216.1743616568168 -697.8876366037588
442.6 204.6481444331454 -366.7743896654756
442.6 217.3322775555926 -332.228536188111
442.6 233.9864036484061 -748.877191499446
442.6 232.9462495075549 -306.1128879523915
442.6 216.914138718031 -470.127765855124
442.6 216.7371544160121 -583.8486296276117
442.6 158.9766770932412 -730.3109867720711
442.6 209.1726524935983 -320.0864109341927
442.6 150.5231154495119 -318.5485702133662
2 21 0 61
1594
1595
1596
1597
1598
1599
1600
1601
1602
1603
1604
1605
1606
1607
1608
1609
1610
1611
1612
1613
1614
1615
1616
1617
1618
1619
1620
1621
1622
1623
1624
1625
1626
1627
1628
1629
1630
1631
1632
1633
1634
1635
1636
1637
1638
1639
1640
1641
1642
1643
1644
1645
1646
1647
1648
1649
1650
1651
1652
1653
1654
535.76995981799 230.6064781171729 -49.75147186257621
536.3396844583674 15.83274492025015 -49.75147186257616
505.9297643446628 124.0601427707849 -49.75147186257619
507.2636448653944 161.0110473971047 -49.7514718625762
507.021174002528 85.32692307692321 -49.75147186257617
564.7363551346054 104.4504910644342 -49.75147186257618
565.2982101206039 141.8902259260943 -49.75147186257619
564.9788259974721 180.1346153846155 -49.7514718625762
564.8156084866065 65.94176442640639 -49.75147186257617
510.3368939025631 45.43032854111669 -49.75147186257617
507.021174002528 199.0961538461539 -49.7514718625762
566.0085299353156 219.495064815456 -49.75147186257621
566.41432101447 28.11684740591465 -49.75147186257617
564.538218062129 85.14983061810221 -49.75147186257617
547.5326823503336 94.92334096676041 -49.75147186257618
547.9353058877666 114.6607483973775 -49.75147186257618
530.5123075184047 105.0732726041329 -49.75147186257618
533.0828789646122 124.8957508554648 -49.75147186257619
530.1880256661789 85.07985383259268 -49.75147186257617
547.4031169458963 75.13933834667824 -49.75147186257617
548.0995959273295 55.4776303202683 -49.75147186257617
530.6085015375969 65.11613093897529 -49.75147186257617
530.8136980268418 45.88905373713237 -49.75147186257617
507.4345790193934 180.241104478607 -49.7514718625762
524.4627838299203 170.5264302673071 -49.7514718625762
523.2990625439015 151.9046871436846 -49.75147186257619
539.3371416705821 160.7929448442375 -49.7514718625762
541.8119743338212 180.3816846289466 -49.7514718625762
524.6085306845437 190.1615098624873 -49.7514718625762
542.0890118620944 200.3218606850375 -49.7514718625762
525.7339926025884 212.4014501989058 -49.7514718625762
506.6835895503976 27.11613586868361 -49.75147186257617
506.4004720261598 142.9146413657812 -49.75147186257619
562.9214077676411 200.2762106217737 -49.7514718625762
506.2287771958568 218.5493370138901 -49.75147186257621
566.1988479271646 160.5403681624535 -49.7514718625762
505.9177543648471 104.6175706901444 -49.75147186257618
506.2355963254999 65.5330736026898 -49.75147186257617
564.9788259974723 123.2500000000001 -49.75147186257619
565.402260051326 47.40384615384636 -49.75147186257617
549.9440718985682 132.9017696378133 -49.75147186257619
546.7811794227188 33.80165361492641 -49.75147186257617
517.9741594152615 14.51836277578661 -49.75147186257616
554.1600000000001 231.6705868603688 -49.75147186257621
517.84 231.6705868603692 -49.75147186257621
554.3632401102572 15.17647534728155 -49.75147186257616
547.7804836642715 215.7952752164524 -49.7514718625762
525.5156544647077 29.76068262856819 -49.75147186257617
551.8114040816482 151.7287325487599 -49.75147186257619
552.9184969484641 170.2022039459381 -49.7514718625762
519.0815030515363 95.25933451560104 -49.75147186257618
520.7861347619508 135.2724887010588 -49.75147186257619
502.8057554391714 234.1516770825442 -49.75147186257621
503.2919715600943 12.70128026433497 -49.75147186257616
568.3242557659865 13.3076061425985 -49.75147186257616
569.2417059870631 234.3408226428572 -49.75147186257621
519.6258776599218 115.2719626646722 -49.75147186257618
518.8358213863154 75.12701888431337 -49.75147186257617
553.003617503193 189.1737063754449 -49.7514718625762
536.603889064295 143.2385824277947 -49.75147186257619
519.617869827007 56.98369723794889 -49.75147186257617
2 22 0 226
1655
1656
1657
1658
1659
1660
1661
1662
1663
1664
1665
1666
1667
1668
1669
1670
1671
1672
1673
1674
1675
1676
1677
1678
1679
1680
1681
1682
1683
1684
1685
1686
1687
1688
1689
1690
1691
1692
1693
1694
1695
1696
1697
1698
1699
1700
1701
1702
1703
1704
1705
1706
1707
1708
1709
1710
1711
1712
1713
1714
1715
1716
1717
1718
1719
1720
1721
1722
1723
1724
1725
1726
1727
1728
1729
1730
1731
1732
1733
1734
1735
1736
1737
1738
1739
1740
1741
1742
1743
1744
1745
1746
1747
1748
1749
1750
1751
1752
1753
1754
1755
1756
1757
1758
1759
1760
1761
1762
1763
1764
1765
1766
1767
1768
1769
1770
1771
1772
1773
1774
1775
1776
1777
1778
1779
1780
1781
1782
1783
1784
1785
1786
1787
1788
1789
1790
1791
1792
1793
1794
1795
1796
1797
1798
1799
1800
1801
1802
1803
1804
1805
1806
1807
1808
1809
1810
1811
1812
1813
1814
1815
1816
1817
1818
1819
1820
1821
1822
1823
1824
1825
1826
1827
1828
1829
1830
1831
1832
1833
1834
1835
1836
1837
1838
1839
1840
1841
1842
1843
1844
1845
1846
1847
1848
1849
1850
1851
1852
1853
1854
1855
1856
1857
1858
1859
1860
1861
1862
1863
1864
1865
1866
1867
1868
1869
1870
1871
1872
1873
1874
1875
1876
1877
1878
1879
1880
564.774639654235 246.5 -359.0006051388226
459.516362887256 246.4999999999999 -673.5000000000001
460.4879697116339 246.4999999999999 -614.4262796627403
459.7563418142457 246.5 -557.7719928292818
457.0884578106186 246.5 -498.2738859179286
458.8797841232172 246.5 -439.4318612977962
460.3358222320123 246.5 -380.4285563446043
561.6860675963301 246.5 -414.4153724961438
563.8626535693136 246.5 -475.8168391117918
566.8226084298776 246.5 -533.7604171126617
564.7297863649878 246.5 -593.9063066363077
564.555419268492 246.4999999999999 -653.4651514166651
510.0073252981808 246.4999999999999 -742.7785260168209
460.8241296023348 246.5 -341.1612406606454
562.1037668573281 246.5 -319.6624598405326
563.0487868869341 246.4999999999999 -693.8257472688944
506.3688306341818 246.5 -282.5786191983055
536.164351991708 246.5000000000001 -66.55324113850884
506.777922664513 246.5000000000001 -115.1337678995748
508.3990158850437 246.5000000000001 -151.0870340981442
509.9457840814993 246.5000000000001 -189.2249395528805
507.5507867825137 246.5 -245.9786483492565
504.0799967037904 246.5 -300.8758168563156
564.2260399605217 246.5 -217.8158335440772
458.8431836706602 246.4999999999999 -711.8919786173913
564.322334600836 246.5000000000001 -138.7348139957795
564.2430005098397 246.5000000000001 -178.1492338182874
564.2803971129774 246.5 -257.3156259026582
564.2260399605217 246.5000000000001 -99.20774552117325
522.7834264911484 246.5 -291.1768122966988
484.9888273005895 246.5 -307.7185047753442
501.0707777322189 246.5 -319.9785704056156
551.6571428571428 246.4999999999999 -744.2279534221029
522.6203986652199 246.5 -313.5526251244206
516.8359314264255 246.5 -332.2928943156612
498.2460431434206 246.5 -340.3958597890262
515.1689556381999 246.5 -352.2598306971054
497.33229252454 246.5 -361.0730016275685
513.8243354151818 246.5 -372.3103743615709
496.1002246817224 246.5 -381.1558758472116
512.5601482285748 246.5 -392.2671947229169
494.6327362823908 246.5 -401.1216492523646
511.2394250142182 246.5 -412.2260050404767
530.4506242721035 246.5 -383.4350797456352
493.4094190407365 246.5 -420.980458682594
509.950157458471 246.5 -432.1674164384339
492.05015811542 246.5 -441.0496971924619
508.6434208305289 246.5 -452.1410825461036
526.5694438196509 246.5 -443.2843065050777
490.7883006252144 246.5 -461.1592040234348
507.3500067602334 246.5 -472.1268361522418
489.7132829348296 246.5 -480.5436037532009
506.0899531028813 246.5 -491.9937531798908
523.9798771630954 246.5 -483.1967707029144
522.6810483911175 246.5 -503.1490977124231
504.7479253644474 246.5 -512.0030207764602
521.3718836752596 246.5 -523.1186445770228
503.440744935359 246.5 -531.9713813467912
520.0742180752287 246.5 -543.076131039683
502.1412889105059 246.5 -551.9309140125073
518.7759386152593 246.5 -563.034319057676
500.8430179763689 246.5 -571.8890922866765
517.4779760320639 246.5 -582.9921449302078
499.5449973701469 246.5 -591.8469844713443
516.1799935552594 246.4999999999999 -602.9499935383292
498.2470151696424 246.4999999999999 -611.8048327636935
514.8820213476095 246.4999999999999 -622.907830410255
496.9490410816166 246.4999999999999 -631.7626717846238
513.5818301259259 246.4999999999999 -642.8655236051075
495.6506985099982 246.4999999999999 -651.7204853141385
512.2834261403755 246.4999999999999 -662.8233328860531
532.4419923025506 246.4999999999999 -614.0287303623255
494.5081239479459 246.4999999999999 -671.6884290508347
511.0134998481792 246.4999999999999 -682.7829941633855
528.9282262968036 246.4999999999999 -673.9182702977323
527.6231112249768 246.4999999999999 -693.8843383041931
509.6943636407455 246.4999999999999 -702.7394550172535
486.9642594391662 246.5 -521.1884552962629
526.0213065661393 246.4999999999999 -713.2254665613664
483.1115713972554 246.5 -581.1522348255902
536.0043939836437 246.5 -554.1335965369876
478.819728599387 246.4999999999999 -641.0258982858481
472.9669459284634 246.4999999999999 -743.8509177653725
476.8387922204197 246.5 -410.176029718439
531.50924072271 246.5 -344.7632482674379
521.7819059071915 246.5 -271.6935376041481
539.4773997880567 246.5 -280.7258780344089
538.9805718898792 246.5 -513.6013117045981
505.9275629672617 246.5000000000001 -76.77218315182427
473.9249983507596 246.5 -469.4189900240474
539.1883510598818 246.5 -260.1473390738472
478.0149633717885 246.5 -328.4480839547224
544.3573506368087 246.4999999999999 -704.4966736164524
479.7465462950658 246.5 -350.363989711472
539.2779765926955 246.5 -300.8675814096837
541.4991954551521 246.5 -320.5060555640223
557.8144162419553 246.5 -288.9860918257262
508.3921583752585 246.4999999999999 -722.6970169802885
492.1302591631313 246.4999999999999 -711.6182865644473
490.8412379709031 246.4999999999999 -731.5644571225769
463.6881681436446 246.5 -312.0366194254279
543.6440598616455 246.4999999999999 -726.3022626483203
563.5668629112275 246.4999999999999 -713.3887646959199
545.9245456728946 246.4999999999999 -683.9351889104149
546.8711114414407 246.4999999999999 -664.1519776173955
533.7686639733811 246.5 -594.0727589227931
534.7265314960651 246.5 -574.0927910154265
550.2444573267206 246.5 -564.4707880376413
477.7180878558233 246.4999999999999 -660.5753508905201
531.2484782847648 246.4999999999999 -633.9951548203117
548.3062332801935 246.4999999999999 -624.0282225743761
481.4571544937002 246.5 -560.3270381367263
480.0427885298221 246.4999999999999 -621.1020613770933
493.3311673000759 246.4999999999999 -691.6541366647177
477.5281081222151 246.4999999999999 -601.5562950755922
463.4027752386705 246.5 -586.1991962117211
485.7053069862125 246.5 -540.2948901697749
471.363335311977 246.5 -529.6037071875606
536.8047395348378 246.5 -533.3971573771094
539.5402772605044 246.5 -494.1267246909192
557.2534504343463 246.5 -504.5392209851265
543.1739511486052 246.5 -473.9510094209326
488.1018680960624 246.5 -500.9126529683975
525.4859135185728 246.5 -463.1817161735275
543.0552295134801 246.5 -453.5163720884007
547.4381308816472 246.5 -432.2037610459377
561.1317618702477 246.5 -445.5354506477476
528.2255420944311 246.5 -422.9460580937258
477.96329383929 246.5 -390.3695594009254
529.1424288263108 246.5 -403.3540272100794
547.7256167087804 246.5 -394.5250241515054
547.9669465538154 246.5 -371.8809678227334
529.973723952761 246.4999999999999 -653.7998867474741
461.8255936086151 246.5 -360.7555006690785
532.0276019217631 246.4999999999999 -744.3680376159796
564.0429226431839 246.5 -340.3460686664853
566.1014266949893 246.5000000000001 -79.23260526377373
546.1987052706394 246.5000000000001 -85.66671211893998
546.8563490011009 246.5000000000001 -108.5947405295781
529.6773388344095 246.5000000000001 -99.34579671260906
527.1400033284817 246.5000000000001 -119.1973430687787
564.1814791513303 246.5000000000001 -197.9727236676943
546.9311107271133 246.5000000000001 -207.9218168698887
547.2108601862831 246.5 -227.4779296600062
528.8047059884897 246.5 -217.8437054075673
529.1445023486203 246.5 -238.9001114286627
529.1053372509531 246.5000000000001 -198.2415315202836
546.859945400332 246.5000000000001 -187.952521634941
547.0478610037812 246.5000000000001 -168.1621028386921
528.2531916271358 246.5000000000001 -178.7780303052119
528.8782843741012 246.5000000000001 -158.4507172493559
564.4849716557978 246.5 -237.2300368325418
564.2803971129774 246.5000000000001 -118.9395232092701
530.9580182833749 246.5 -363.2449171277456
475.9815047024179 246.4999999999999 -701.5625070972831
459.4060007089117 246.5 -419.6846485027062
459.9573181667723 246.5 -400.1209101055571
459.516362887256 246.4999999999999 -634.4333333333334
564.3465794037811 246.5000000000001 -158.4465339637851
545.9885310461518 246.5000000000001 -128.7686260546207
459.4227699197784 246.4999999999999 -653.9666666666667
565.0598986541363 246.4999999999999 -613.6958013645711
509.874048524797 246.5 -227.6158201773198
509.8216459742899 246.5000000000001 -208.3333487604852
506.7779226645129 246.5000000000001 -133.8144239101459
525.8559506194997 246.5000000000001 -138.6305345528114
509.9022925903374 246.5000000000001 -96.3834024929684
509.44604599463 246.5000000000001 -169.9820321780281
563.8666438782935 246.4999999999999 -673.3776555298355
546.0732568413586 246.5000000000001 -148.5322214425074
542.8435572215 246.5 -413.4888485994784
477.3533046306786 246.4999999999999 -680.5938787792571
475.8538141020827 246.5 -430.3634216412397
474.8110184180323 246.5 -450.2518226429253
478.8839621968742 246.5 -370.6910806001434
547.8280685699171 246.4999999999999 -643.7247163030127
554.207852521577 246.5000000000001 -65.68909590513937
458.3045305340809 246.4999999999999 -731.5251477781291
459.4823926485021 246.4999999999999 -692.2691718600997
567.1228095795344 246.5 -395.3758607081993
458.3438482877013 246.5 -459.0893345496839
506.4778185404532 246.5 -263.9557441945037
564.7582699621231 246.4999999999999 -633.4549501570552
517.8807627634377 246.5000000000001 -64.48650665116617
524.7873749296307 246.5000000000001 -81.42198155299405
474.8446103282761 246.4999999999999 -722.0022158242
471.6091764696946 246.5 -510.3486253363486
565.6932198261565 246.5 -377.3767413166345
548.7760344325336 246.4999999999999 -604.3927975738055
565.5365203539952 246.5 -552.6489312863339
457.2472888341988 246.5 -478.1666666666672
548.8618164727121 246.5 -244.2142085795432
468.2269876812522 246.5 -572.2567590673307
547.8338150177701 246.5 -352.5089638336003
549.2488845130561 246.5 -584.8729157428199
521.6694916799993 246.5 -254.7966422294125
554.0557545174264 246.5 -272.8517150819565
473.0906935348493 246.5 -488.4070935928929
564.78825405612 246.4999999999999 -732.4155201175785
565.774956881616 246.5 -575.5591154730326
567.2755233505592 246.5 -490.8951483306497
492.1714285714286 246.4999999999999 -748.0733696906652
457.0950531662778 246.5 -518.8803685431296
523.7846190479886 246.4999999999999 -729.9386110057205
547.7511222493016 246.5 -335.8179759783772
551.5659410995607 246.5 -543.3024083834687
553.495979648753 246.5 -523.3302295549204
457.4620348641565 246.5 -537.7359370792773
566.7256765079403 246.5 -431.3389626191009
558.5247192203293 246.5 -462.7398902423225
568.2838549486972 246.5 -275.3554278718442
566.8795746230819 246.5 -301.9862190695555
567.0614587067041 246.4999999999999 -747.0781839505805
568.0744077025954 246.5 -518.0459001781215
456.5621239381201 246.4999999999999 -747.4436955129198
471.2814423769938 246.5 -546.0870414636134
457.0037930298614 246.5 -326.1934520141326
554.2211711526656 246.5 -487.865788507884
503.0301128832705 246.5000000000001 -62.1763651429211
568.4626311721255 246.5000000000001 -63.17907318446123
455.3172209468337 246.5 -573.5789229550002
451.0635721705216 246.5 -302.3578552683517
456.8151892625344 246.4999999999999 -599.7486412029746
553.5149859540426 246.5 -306.4016815419041
530.7962496434542 246.5 -329.8074046386081
518.3743893544354 246.5000000000001 -107.5150775434828
2 23 0 370
1881
1882
1883
1884
1885
1886
1887
1888
1889
1890
1891
1892
1893
1894
1895
1896
1897
1898
1899
1900
1901
1902
1903
1904
1905
1906
1907
1908
1909
1910
1911
1912
1913
1914
1915
1916
1917
1918
1919
1920
1921
1922
1923
1924
1925
1926
1927
1928
1929
1930
1931
1932
1933
1934
1935
1936
1937
1938
1939
1940
1941
1942
1943
1944
1945
1946
1947
1948
1949
1950
1951
1952
1953
1954
1955
1956
1957
1958
1959
1960
1961
1962
1963
1964
1965
1966
1967
1968
1969
1970
1971
1972
1973
1974
1975
1976
1977
1978
1979
1980
1981
1982
1983
1984
1985
1986
1987
1988
1989
1990
1991
1992
1993
1994
1995
1996
1997
1998
1999
2000
2001
2002
2003
2004
2005
2006
2007
2008
2009
2010
2011
2012
2013
2014
2015
2016
2017
2018
2019
2020
2021
2022
2023
2024
2025
2026
2027
2028
2029
2030
2031
2032
2033
2034
2035
2036
2037
2038
2039
2040
2041
2042
2043
2044
2045
2046
2047
2048
2049
2050
2051
2052
2053
2054
2055
2056
2057
2058
2059
2060
2061
2062
2063
2064
2065
2066
2067
2068
2069
2070
2071
2072
2073
2074
2075
2076
2077
2078
2079
2080
2081
2082
2083
2084
2085
2086
2087
2088
2089
2090
2091
2092
2093
2094
2095
2096
2097
2098
2099
2100
2101
2102
2103
2104
2105
2106
2107
2108
2109
2110
2111
2112
2113
2114
2115
2116
2117
2118
2119
2120
2121
2122
2123
2124
2125
2126
2127
2128
2129
2130
2131
2132
2133
2134
2135
2136
2137
2138
2139
2140
2141
2142
2143
2144
2145
2146
2147
2148
2149
2150
2151
2152
2153
2154
2155
2156
2157
2158
2159
2160
2161
2162
2163
2164
2165
2166
2167
2168
2169
2170
2171
2172
2173
2174
2175
2176
2177
2178
2179
2180
2181
2182
2183
2184
2185
2186
2187
2188
2189
2190
2191
2192
2193
2194
2195
2196
2197
2198
2199
2200
2201
2202
2203
2204
2205
2206
2207
2208
2209
2210
2211
2212
2213
2214
2215
2216
2217
2218
2219
2220
2221
2222
2223
2224
2225
2226
2227
2228
2229
2230
2231
2232
2233
2234
2235
2236
2237
2238
2239
2240
2241
2242
2243
2244
2245
2246
2247
2248
2249
2250
581.4 228.9707318900153 -117.0499535875925
581.4 228.8367501693689 -670.9392590882242
581.4 229.3803971129773 -613.1398899713693
581.4 229.0494417671816 -553.8216823237001
581.4 229.3803971129774 -494.5318019484655
581.4 228.656948873971 -436.5821150468208
581.4 227.9898701728945 -378.1467051805265
581.4 228.0744317326821 -314.0901489787175
581.4 229.0239596321198 -255.6723258611262
581.4 229.5711020035044 -197.9832510800511
581.4 121.0188130463436 -154.9151451751513
581.4 122.3963681839436 -234.9049776844988
581.4 123.3145972882594 -295.6603983598603
581.4 121.6983364480953 -352.7708167928736
581.4 125.3439404040642 -414.2446582651992
581.4 125.0390048555889 -473.0330924475203
581.4 125.6211748655576 -531.7963007749559
581.4 126.330734158374 -590.4545014176562
581.4 126.0104192933214 -654.1138293179941
581.4 176.9413474143698 -744.1557330427954
581.4 161.173076923077 -66.17264586510414
581.4 125.298966280302 -691.9879855744349
581.4 125.3952725377205 -195.9586152998144
581.4 228.9763945547259 -159.9463581833617
581.4 17.43356780496038 -717.73044148263
581.4 15.58682193805834 -681.445613289232
581.4 15.66410527021128 -129.6127702388816
581.4 121.6184061897696 -114.3364172897364
581.4 16.61887568667896 -93.63821394591989
581.4 45.67489520278076 -304.1273856060953
581.4 17.25681800630321 -474.3215692646215
581.4 17.09409836698291 -434.9822722175839
581.4 18.60906575818512 -397.8168167582018
581.4 17.33678006475384 -356.3453764321423
581.4 200.8665523460444 -67.12000886748953
581.4 228.7677906641487 -713.5704913761913
581.4 72.11677598456225 -453.3837592314685
581.4 72.13530805743466 -413.6397281645609
581.4 72.72883430750869 -95.9631776598184
581.4 72.10530611921411 -373.9156914354253
581.4 73.35322163546914 -692.3796985821666
581.4 73.3312355242474 -134.7202418200396
581.4 45.85772015205862 -508.131832708818
581.4 45.57163187390006 -653.9904902561495
581.4 44.87379133047915 -744.2127543883369
581.4 72.13530805743471 -334.1516660307461
581.4 46.73615461067629 -65.91667135971767
581.4 137.8736827864081 -744.5999098226407
581.4 45.8181578424589 -158.3533622609038
581.4 216.5789603224197 -744.7301744413533
581.4 230.7964295661507 -79.21395606897202
581.4 16.02747993033188 -319.3234290750255
581.4 74.14549362364488 -731.8284580874456
581.4 72.71976292306499 -495.0352415191419
581.4 74.82214861722724 -153.2025517694431
581.4 73.41680884934499 -78.94137888666879
581.4 120.4117373924149 -69.00894512351297
581.4 63.45383084594386 -653.9135139787624
581.4 53.5528808577684 -670.5506312269806
581.4 63.72177583074466 -303.3138107183183
581.4 64.16415105858249 -511.5183534679319
581.4 32.84147892506121 -671.7860728679999
581.4 45.02929287266511 -688.1346310457045
581.4 54.92599670255476 -85.08818645889411
581.4 56.0453961543011 -107.7034818139231
581.4 32.63312372642429 -81.482331408608
581.4 75.99335355105853 -166.166354935366
581.4 101.4765075772973 -67.38126250894412
581.4 127.1435444822265 -85.5428038475963
581.4 84.97495650655361 -273.7223443475033
581.4 77.86822673248912 -513.5178570702134
581.4 55.25063975739744 -323.0852527290212
581.4 84.97495650655355 -255.3196699141099
581.4 77.89528263158292 -650.6410468608055
581.4 157.1443790509039 -744.2021587309039
581.4 166.9828447621746 -726.8635228061545
581.4 186.9610814559646 -726.8928979350792
581.4 177.0101030828308 -709.5618797446618
581.4 157.0132027252843 -709.5198810300078
581.4 167.0452791442074 -692.2237843610503
581.4 187.0452871032072 -692.2612625095398
581.4 177.0780271539924 -674.9223063952979
581.4 157.0774655445501 -674.8849382727633
581.4 167.3200246018437 -657.7049966702969
581.4 187.145278489391 -657.6406965643714
581.4 177.393013553298 -640.4267542212265
581.4 197.1892914890005 -640.3456552432917
581.4 187.223353626092 -623.0078295915889
581.4 167.7114740791901 -622.9336958042222
581.4 177.205495289224 -605.6398998875299
581.4 196.764892349222 -605.4214554825173
581.4 187.164098046707 -588.2953493382706
581.4 167.2253223803345 -588.2938227037052
581.4 177.2553135852557 -570.9906645543599
581.4 157.2684751344632 -570.9612701895758
581.4 167.2990850411517 -553.6584707754577
581.4 187.2988139773005 -553.6953392924921
581.4 177.3327906741741 -536.3574663232284
581.4 197.3330355647121 -536.3946340005779
581.4 187.3654657941466 -519.0558643596395
581.4 167.3655608830973 -519.0188938089608
581.4 177.3977092743223 -501.716986437876
581.4 157.3977732383964 -501.6799978403934
581.4 167.4298286540173 -484.3780365602585
581.4 187.4297985083218 -484.41504476629
581.4 177.4618733455208 -467.0760690620735
581.4 197.4618414124723 -467.1130762317633
581.4 187.4939085280297 -449.7740960503899
581.4 167.4939430980009 -449.7370904096387
581.4 177.5259747464852 -432.4351153488595
581.4 206.8696410912663 -588.1569975203286
581.4 157.5260091669395 -432.3981096214154
581.4 167.5580402015002 -415.0961342046713
581.4 187.5580059922947 -415.1331400546016
581.4 177.5900711647953 -397.7941587466061
581.4 157.5901054109236 -397.7571529180844
581.4 167.6221363022316 -380.45517741828
581.4 187.6221020691509 -380.4921832543667
581.4 177.6541671847422 -363.1532019133743
581.4 197.1591049749077 -363.474792322999
581.4 187.6036933993535 -345.8986571677638
581.4 167.6724815208059 -345.8221256980357
581.4 177.7022205998877 -328.5214677101057
581.4 157.7133318506882 -328.4780938566406
581.4 167.7468269287397 -311.1752765977012
581.4 187.7470367267825 -311.2121421405985
581.4 177.7823591589345 -293.8712882088157
581.4 197.7817820361974 -293.9086061413016
581.4 187.8142995526323 -276.5693647158
581.4 167.8144091894165 -276.5323155343609
581.4 177.8464375509009 -259.2303414699115
581.4 157.8464839346572 -259.1933286517415
581.4 167.8785164152683 -241.8913522192644
581.4 187.8784824470712 -241.9283578999057
581.4 177.9105511299819 -224.5893745024337
581.4 197.9105162987851 -224.6263806792013
581.4 187.942581905603 -207.2873990501315
581.4 167.9426162241177 -207.2503931680978
581.4 177.9746470962111 -189.9484176603349
581.4 210.1198314050444 -346.0515133124393
581.4 158.4171838911461 -189.6570233695562
581.4 168.0804626462664 -172.5670382330496
581.4 188.0189697238208 -172.6393757963523
581.4 178.0530834599541 -155.2992167267364
581.4 147.9401111543266 -380.6025199015281
581.4 158.5961257618684 -154.9500432429519
581.4 168.166089675692 -137.913703487555
581.4 188.0890442796972 -137.9949819477093
581.4 178.1217643811864 -120.6556240589194
581.4 158.5583847787167 -120.8716335448312
581.4 168.2139769890549 -103.3660651911047
581.4 188.1511883569373 -103.3770397198613
581.4 206.8765393998566 -519.3740513598308
581.4 147.9377979989512 -449.4449395004184
581.4 147.8403130388266 -553.9352598889924
581.4 147.8290316639136 -275.8541374607106
581.4 207.4040954346656 -277.0656098860834
581.4 144.9434531926454 -206.5059470315269
581.4 149.5326441411943 -309.7519573051973
581.4 138.4790720579391 -325.6209924930578
581.4 138.9146979446516 -258.5848276122306
581.4 177.5163827697421 -85.81008188821031
581.4 210.1321442614262 -659.3029551977294
581.4 215.4145265046092 -641.8774019953511
581.4 144.2122376089268 -520.4179147606832
581.4 139.22509316356 -502.334851497794
581.4 210.6363958344575 -243.7873555584723
581.4 215.9280088055709 -226.450405583229
581.4 150.1866061139481 -103.807821792082
581.4 210.3557614726571 -448.1586303935095
581.4 215.6088077600256 -465.6363939976468
581.4 217.4718417692294 -294.7280542758054
581.4 137.7807314699191 -571.6361244431873
581.4 147.630711857871 -656.7525494085087
581.4 137.7802911465192 -432.3869431650369
581.4 207.622067841389 -380.5291890935376
581.4 207.7576138967631 -553.7423986607351
581.4 126.6276897657654 -451.516489170084
581.4 137.2920942817538 -673.6503846152656
581.4 139.8944697652259 -637.9875153667482
581.4 126.7438478563971 -553.3758811388858
581.4 137.5901396740111 -397.7201470993961
581.4 129.1497916404849 -381.6009337119218
581.4 196.3936735265283 -709.2446556610582
581.4 206.7151155527474 -692.2716590401461
581.4 146.7901094159564 -691.9593685649058
581.4 137.2752119603666 -709.8257601454591
581.4 197.0815548829831 -674.9613130743861
581.4 210.4320762573727 -622.9789140960804
581.4 157.6172111233646 -605.3906274677194
581.4 147.237594635718 -588.2639127091998
581.4 148.6486382846386 -137.4399121116518
581.4 144.2805260588977 -483.5521826259611
581.4 197.5004100030067 -189.7081056540731
581.4 210.1604113394959 -171.0485647179329
581.4 198.0387088652051 -155.3444666305476
581.4 206.9384409741729 -138.16384693011
581.4 158.1669693078998 -85.98854125517309
581.4 149.3959347086024 -242.4142316340422
581.4 216.9532844438079 -536.1274044370148
581.4 217.0315631121259 -571.5538446768503
581.4 197.8464209086345 -259.2673371901214
581.4 196.8463533920622 -502.0709309938392
581.4 149.0908561492531 -344.9453603455464
581.4 197.5900369423684 -397.8311645888703
581.4 216.9950961822038 -397.0960141978223
581.4 206.8308603366799 -414.6773492454132
581.4 227.5579376200413 -415.2071517812249
581.4 211.007820903564 -207.4572467462889
581.4 197.718228937587 -328.5492508965022
581.4 158.6391670534278 -293.1763223656014
581.4 147.2314210006596 -414.9338575456339
581.4 158.2569386069595 -363.1939442356531
581.4 210.567278036523 -484.5632306574678
581.4 197.2295072849031 -571.0724323405061
581.4 227.8272607982315 -591.0500864496161
581.4 197.5259409810153 -432.4721214560763
581.4 157.4619134671393 -467.0390666402748
581.4 157.3337214960912 -536.3209803466566
581.4 157.9708677547141 -224.584479858686
581.4 197.2273391843552 -121.1221868908458
581.4 210.1031532891761 -105.4221851512058
581.4 207.7502598124358 -311.2472753871549
581.4 148.4272803123703 -172.4087114267205
581.4 147.2132555511673 -726.997468393062
581.4 125.6468217531916 -729.0250166348754
581.4 227.6064383707447 -517.3499271394408
581.4 196.8251941061555 -744.2436687255317
581.4 196.1034625726318 -86.01790660720371
581.4 122.9573396396953 -612.4643849762853
581.4 72.08415107839778 -354.0109621744019
581.4 54.79944843286421 -363.9756295480749
581.4 54.84573718852971 -383.9009788883229
581.4 37.25210629550935 -373.3135914187923
581.4 38.35422164711855 -352.069104793886
581.4 26.49225341249434 -337.2015141110675
581.4 37.33790668136913 -392.3629250141922
581.4 55.5735157476484 -344.0073570148533
581.4 126.740899148207 -275.1010236110469
581.4 72.11368730575003 -433.5117436980148
581.4 54.73702997775172 -421.5224564200659
581.4 72.1226792748588 -393.7926096146678
581.4 125.9812757602086 -174.3821350088687
581.4 124.5420035233157 -215.1361399467334
581.4 126.8560564385345 -136.1467253810461
581.4 72.21109645002241 -473.5736833017164
581.4 54.81479998174626 -463.3197669981963
581.4 72.94620068788623 -711.8480002225126
581.4 55.18103771364309 -724.7749155627926
581.4 142.2115384615386 -72.29919645006466
581.4 226.3208397123182 -692.2622907661297
581.4 229.3803971129768 -336.3876845845945
581.4 227.7734694613375 -277.1577624616075
581.4 229.6278594522879 -98.0022778086873
581.4 226.5578940221919 -138.4011171151235
581.4 229.4449917544925 -178.7637450438297
581.4 229.380397112978 -356.155699255078
581.4 209.84097535081 -725.2928220230735
581.4 17.31190996651804 -454.6705753123375
581.4 34.33069038168799 -444.8590692646216
581.4 35.30968074068619 -426.6510469889541
581.4 17.73082558523566 -377.421549358004
581.4 18.51457390024234 -416.6888892389748
581.4 15.36700344128434 -494.0937741284109
581.4 36.22644061688322 -490.0740661270332
581.4 54.40410674121756 -441.9648716869248
581.4 54.84873032052792 -481.9484315221581
581.4 55.20887661925735 -402.5181265069459
581.4 122.1721199595481 -314.784209400156
581.4 35.34821895976251 -465.463401786715
581.4 181.4204158159959 -66.8178594503535
581.4 27.46588712260882 -158.8405494336729
581.4 32.66711149986094 -139.5778353009593
581.4 26.99076893252629 -652.9245981256674
581.4 35.56802165038039 -321.4067964356265
581.4 73.21322132618604 -115.6891766032752
581.4 26.88366573695379 -746.5170529559101
581.4 33.7745160969601 -729.2428557381404
581.4 36.01772138621965 -707.4226653078982
581.4 15.30072206826304 -699.562867965645
581.4 15.30072206826407 -76.2530998773001
581.4 33.77468559806437 -103.43305546741
581.4 43.10770926911374 -121.6839914850712
581.4 15.30072206826407 -111.5886038969321
581.4 229.9929608025154 -731.8894086492196
581.4 62.66245075608498 -745.2893198694128
581.4 219.252888731905 -66.24393936035774
581.4 27.59409972536514 -508.1783284981028
581.4 27.56397182090967 -303.5902881133534
581.4 158.2650216621529 -640.287166827449
581.4 229.9872337540582 -651.7298932579721
581.4 72.2818695681471 -670.9341723441922
581.4 230.2789036352933 -236.464151004811
581.4 124.3041132654278 -512.5967547855458
581.4 230.0717385438854 -455.2379846866001
581.4 56.92589810575652 -701.6103943804646
581.4 149.5999086260958 -622.3298579792413
581.4 56.14459598729064 -142.3305913192095
581.4 14.38322703465059 -664.2273639460121
581.4 14.787994801732 -147.0941679106963
581.4 122.6120718855462 -632.2318990325514
581.4 27.43812861727861 -64.26615332406568
581.4 138.8866361827971 -228.1589513686359
581.4 14.55888233884065 -735.0492202518358
581.4 137.2329103908223 -361.9077380640661
581.4 124.2170454605802 -492.3812111312804
581.4 139.696279582269 -119.0453454109129
581.4 139.7208200886912 -606.1834641119596
581.4 140.6308832951689 -188.1419568988532
581.4 140.2693864292685 -464.9171540768518
581.4 214.3808474527281 -604.1508367248524
581.4 121.7506093075281 -333.9881374258782
581.4 214.9130674329936 -326.959787929619
581.4 214.2554012624328 -503.5779884198088
581.4 232.5399815889452 -632.9079046418534
581.4 215.2700863256979 -188.5939392106861
581.4 122.0704761963893 -254.2677148983246
581.4 232.6649205788933 -474.7637872779817
581.4 214.4542543014427 -364.8715798329161
581.4 74.44315940293706 -314.9097708251385
581.4 140.3502589731598 -539.1692673820348
581.4 140.1868984150296 -153.9734374417816
581.4 214.6731424911648 -85.78327470004893
581.4 120.8558219651482 -433.2681579333492
581.4 232.2727002800613 -217.6597102368784
581.4 141.129731238368 -291.8729590868231
581.4 64.16415105858249 -163.8357531404479
581.4 60.3684316522278 -124.4254966083037
581.4 120.9937663060626 -572.2757023897846
581.4 120.6782271192465 -672.2546771263773
581.4 120.5767826912118 -711.7199611663668
581.4 83.54292092161302 -65.6386747109148
581.4 213.6076789613106 -706.5283837733198
581.4 213.6111684816825 -677.3861554316068
581.4 214.185489856873 -429.419473584609
581.4 121.3547656772341 -396.2202328677465
581.4 233.2640413280671 -396.1738265062511
581.4 233.3218329163468 -535.0869352958044
581.4 233.5379157964813 -296.5179088868661
581.4 66.36538461538481 -62.25499128214735
581.4 214.1343699511583 -152.5808707154151
581.4 214.3318722702498 -262.312744656295
581.4 37.60668692415862 -409.6781437122634
581.4 28.89119986380882 -689.9728334854221
581.4 233.6831127297835 -573.1563128302955
581.4 78.08173027449476 -296.7979765709563
581.4 213.9595118719823 -124.0318579349755
581.4 132.3095856880066 -101.6695623461299
581.4 40.81732551267777 -336.7515268129895
581.4 231.9286071388779 -746.8581720999606
581.4 121.8988626155781 -746.8480635169607
581.4 142.3308778311996 -89.56975157700401
581.4 232.8421238954654 -63.64217253375135
581.4 27.63545334202036 -120.4224799018399
581.4 57.48948464900042 -498.0253934409105
581.4 13.11559037746594 -301.2326457007971
581.4 13.11559037746616 -509.9188261617788
581.4 12.86910129692069 -748.5867036250659
581.4 11.94132211106859 -649.599384375072
581.4 12.93086491771095 -160.685636657536
581.4 76.69141220141665 -748.1197911779013
581.4 13.0741559136921 -62.44187357361603
581.4 59.02791433865622 -685.1024555617139
581.4 11.15842902797181 -337.003416579323
581.4 117.434476635205 -95.687479629303
581.4 134.5098762473543 -622.9382472094749
581.4 133.4641707119769 -342.4494738076888
581.4 134.2580703833581 -244.1637953300555
581.4 120.5541990294025 -368.8141765528339
581.4 134.9769520377735 -306.7309019557806
2 24 0 294
2251
2252
2253
2254
2255
2256
2257
2258
2259
2260
2261
2262
2263
2264
2265
2266
2267
2268
2269
2270
2271
2272
2273
2274
2275
2276
2277
2278
2279
2280
2281
2282
2283
2284
2285
2286
2287
2288
2289
2290
2291
2292
2293
2294
2295
2296
2297
2298
2299
2300
2301
2302
2303
2304
2305
2306
2307
2308
2309
2310
2311
2312
2313
2314
2315
2316
2317
2318
2319
2320
2321
2322
2323
2324
2325
2326
2327
2328
2329
2330
2331
2332
2333
2334
2335
2336
2337
2338
2339
2340
2341
2342
2343
2344
2345
2346
2347
2348
2349
2350
2351
2352
2353
2354
2355
2356
2357
2358
2359
2360
2361
2362
2363
2364
2365
2366
2367
2368
2369
2370
2371
2372
2373
2374
2375
2376
2377
2378
2379
2380
2381
2382
2383
2384
2385
2386
2387
2388
2389
2390
2391
2392
2393
2394
2395
2396
2397
2398
2399
2400
2401
2402
2403
2404
2405
2406
2407
2408
2409
2410
2411
2412
2413
2414
2415
2416
2417
2418
2419
2420
2421
2422
2423
2424
2425
2426
2427
2428
2429
2430
2431
2432
2433
2434
2435
2436
2437
2438
2439
2440
2441
2442
2443
2444
2445
2446
2447
2448
2449
2450
2451
2452
2453
2454
2455
2456
2457
2458
2459
2460
2461
2462
2463
2464
2465
2466
2467
2468
2469
2470
2471
2472
2473
2474
2475
2476
2477
2478
2479
2480
2481
2482
2483
2484
2485
2486
2487
2488
2489
2490
2491
2492
2493
2494
2495
2496
2497
2498
2499
2500
2501
2502
2503
2504
2505
2506
2507
2508
2509
2510
2511
2512
2513
2514
2515
2516
2517
2518
2519
2520
2521
2522
2523
2524
2525
2526
2527
2528
2529
2530
2531
2532
2533
2534
2535
2536
2537
2538
2539
2540
2541
2542
2543
2544
402.1308719703538 -8.768682121915563e-14 -394.9063353678926
535.98672296051 -1.148659579271853e-13 -517.3102853184267
536.216229269357 -1.430172396294463e-13 -644.0923871027319
524.0014773719377 -1.383135981890817e-13 -622.9090692646213
523.4870748170888 -1.191740148570148e-13 -536.7120489022977
564.6159830335531 -8.849434307638695e-14 -398.5430905032131
390.1569959794771 -1.430941984790959e-13 -644.4389789493366
388.0164263705466 -1.117531202406308e-13 -503.2913106731955
388.5196626530853 -1.221856225836118e-13 -550.2751243375865
424.6376832498767 -1.529278177067623e-13 -688.7256628387584
493.309850935493 -1.65099666294901e-13 -743.5427956047097
568.0978149692797 -1.010788173286992e-13 -455.2185240565802
520.4397824038765 -1.303498922775302e-13 -587.0437262888695
568.4456928364771 -1.550072415530754e-13 -698.0905552981593
561.8063854909572 -7.520774872136697e-14 -338.7055891169221
536.070856735743 -6.545086466239233e-14 -294.7644897046267
482.1862397885195 -6.824267922196438e-14 -307.337704714803
564.6514150654305 -2.880497246308911e-14 -129.7260632511852
424.6376832498769 -8.110719588422061e-14 -365.2743371612418
380.5004900764131 -9.391326128165027e-14 -422.9477285131882
565.7548530271945 -2.076994638172611e-14 -93.5395227852465
372.2561570188201 -1.314286959894013e-13 -591.9022262836581
510.1881769079749 -3.460631652547152e-14 -155.8529942087787
505.654246343035 -2.556483200679143e-14 -115.1337678995749
531.1630882264554 -1.652119743085997e-13 -744.0485859333539
436.0662458117102 -1.559667699876777e-13 -702.4118871986857
443.3285240330148 -1.521792823410906e-13 -685.3545592448455
455.7163685849491 -1.554699527003138e-13 -700.1744210484424
463.029090252097 -1.513958026962231e-13 -681.8260806081678
450.5437374771135 -1.480715884176434e-13 -666.8551504218569
470.2646332211009 -1.473807578357201e-13 -663.743926070531
458.9184347528377 -1.440025124305486e-13 -648.529661322634
480.560360029553 -1.505544912856424e-13 -678.037150852974
436.9546422669274 -7.712147400292442e-14 -347.3242415818338
443.4763585974562 -8.169715431489325e-14 -367.9312737297831
455.3512538331402 -7.816180126044605e-14 -352.0094590311516
462.6212893237333 -8.247628441687101e-14 -371.4401637667233
450.5004097497934 -8.590984127119139e-14 -386.9035291363961
470.4035307893081 -8.659898198415239e-14 -390.007142994493
458.1111631574077 -9.009291451607235e-14 -405.7424162433054
477.9209446184453 -9.073229705464894e-14 -408.6219392057861
465.5726823179041 -9.422510114621982e-14 -424.3521304110629
481.4895213243692 -8.311755862017123e-14 -374.3282060297485
485.368445790325 -9.485898766429868e-14 -427.2069014976781
473.0049529224749 -9.834968804497041e-14 -442.9276184313333
453.2086031568783 -9.77159011876668e-14 -440.0732961769485
460.6359774238048 -1.018394458174205e-13 -458.6440902349531
480.4315222601849 -1.024730550162403e-13 -461.4976123866561
468.0626934840468 -1.059628468430175e-13 -477.2142375573305
440.8405447400598 -1.012058584455332e-13 -455.7906663830145
497.7373622872858 -9.136905178153212e-14 -411.4896275565036
505.1674189775457 -9.549314536301245e-14 -430.0628938732995
487.8581286128618 -1.065964322881276e-13 -480.0676527318361
475.4893075085375 -1.100862261133092e-13 -495.7842869025234
455.6938990166112 -1.094526443329127e-13 -492.9308882324213
463.1204927734155 -1.135760192917034e-13 -511.5009181603397
443.325085298235 -1.12942437460322e-13 -508.6475192606217
450.7516742839405 -1.170658112664458e-13 -527.2175439973905
470.5470809624086 -1.176993929048597e-13 -530.0709420280598
458.1782626228514 -1.211891849159155e-13 -545.7875680286515
477.9736691935205 -1.218227665282231e-13 -548.6409659417486
465.604850860984 -1.253125585409773e-13 -564.357591949989
445.8094443114742 -1.246789769337945e-13 -561.5041940599718
453.2360325317071 -1.288023505545208e-13 -580.0742179617839
433.8395179186345 -1.282384740184194e-13 -577.534743803915
440.9336961862814 -1.323037600785656e-13 -595.8431645895436
460.7685760782965 -1.327815120130565e-13 -597.9947680236926
433.4139560957037 -9.708248086014376e-14 -437.2206246259469
421.0452604467552 -1.005723026931334e-13 -452.9373849325883
477.8182546121611 -1.432843844259843e-13 -645.2955003088742
535.5297384567002 -1.477956888537977e-14 -66.56126092489251
421.5482619054081 -1.317418197945917e-13 -593.3124105360346
428.5888852363239 -1.357977473033291e-13 -611.5786841530257
517.5368116925193 -9.200344625061765e-14 -414.3466862510832
500.7377809648743 -6.857864277279412e-14 -308.8507500371299
490.767395920781 -7.201098782377138e-14 -324.308657929718
510.4723930307698 -7.210609070263956e-14 -324.7369632195506
431.7042959986612 -1.163658041073495e-13 -524.0649920165276
438.3819861316607 -1.441652960042872e-13 -649.2627733646655
372.440554705804 -1.029416613092072e-13 -463.6080275130453
494.6651630084003 -1.106115431606348e-13 -498.1501045611107
507.5502923411445 -1.072119694954736e-13 -482.8397858694721
507.8071069828083 -6.254224227321505e-14 -281.6652189965664
406.4235773114353 -1.359826404912248e-13 -612.4113690451367
523.9948526432161 -4.200011311645272e-14 -189.1516937807749
521.9816879459479 -3.868939298597294e-14 -174.2415358348181
530.1743384460651 -3.642092172690356e-14 -164.0252495177726
524.9640997393599 -9.612695403339635e-14 -432.9173143650647
510.107887536243 -8.788479950214238e-14 -395.7979502893792
429.0218392629744 -1.046468435358187e-13 -471.287485553412
544.649248334719 -3.48523332352847e-14 -156.9609549714202
485.400257414856 -1.259461401492167e-13 -567.210989844765
564.3898176940006 -1.096818715698529e-13 -493.9632359312881
564.9911106712619 -1.479426077099617e-13 -666.2742729548031
425.0474867556903 -1.239967112062307e-13 -558.4315423835476
438.367355924116 -8.945546326131781e-14 -402.871591009926
500.3686940250166 -7.580063999408082e-14 -341.3757340317874
520.1643410886052 -7.585330382470275e-14 -341.6129108397523
410.6917587152872 -1.04145284732465e-13 -469.0286655135236
566.0537282334277 -1.630890895024562e-13 -734.4879627114556
469.8230541996991 -7.159258745685307e-14 -322.424350193173
510.2150448075047 -7.970173613827026e-14 -358.9447091730955
530.848367937965 -7.972233097077176e-14 -359.037460053075
424.5845441845651 -1.12341658720517e-13 -505.9418523519042
529.3267555057463 -7.216526687716315e-14 -325.0034690170843
413.9138263360983 -9.650050695444396e-14 -434.5996471610979
492.5983290292222 -1.180684826181459e-13 -531.7331743232818
532.7420404357492 -8.796133986495682e-14 -396.1426574388291
512.5954124102384 -9.961677303431131e-14 -448.6340619171758
520.585257386711 -4.900491231229737e-14 -220.698504828986
531.7103063732255 -1.003108491356115e-13 -451.7599027883581
505.6062642718019 -1.726787410480792e-14 -77.7675913838932
520.7288506452901 -5.678347864812096e-14 -255.7300532804779
416.3858593079717 -1.393709512524665e-13 -627.6709641268799
526.132700444722 -3.169106186939717e-14 -142.7238544259921
544.0726394690311 -9.675016367774997e-14 -435.7240010871493
465.5783664962405 -1.398086988229075e-13 -629.6424039220005
483.8903205685799 -1.394455442573552e-13 -628.0069011559013
495.8857993639238 -1.432717662085715e-13 -645.2386729096361
414.2844788364404 -1.164509711748373e-13 -524.4485503899296
529.0391541172266 -1.165501949398928e-13 -524.8954145012599
525.9909010012638 -1.418781922813644e-13 -638.9625738903526
528.4915553464136 -1.45765752723354e-13 -656.4705896482774
525.9909010012638 -6.416258055760348e-14 -288.9625738903524
454.712248983889 -1.649242414021694e-13 -742.7527521231724
403.7254856937672 -1.309530924495977e-13 -589.7602983590226
453.9662572224219 -1.619794306169619e-13 -729.4905033682351
370.9178883366583 -1.368944978134286e-13 -616.5180093416284
381.3889021934349 -1.072894529044111e-13 -483.1887401210903
437.8725305025865 -1.614087356861325e-13 -726.9203218904096
435.7827083386281 -7.307632762137414e-14 -329.1065218452248
514.288074493552 -1.108824583780671e-13 -499.3701982333878
527.1756676035498 -1.076415737312424e-13 -484.7745513455972
380.7760914637345 -1.266649478281188e-13 -570.4482118396193
453.7171158344914 -6.931777427290854e-14 -312.179502385623
401.7712563301622 -1.259549801729163e-13 -567.2508017722041
524.0014773719377 -6.059798646532087e-14 -272.9090692646213
512.2352264663277 -1.167929325816887e-13 -525.9886076544008
481.3487608116815 -7.555506338132855e-14 -340.2697552901054
546.6933773251296 -3.046695062321728e-14 -137.2109474738363
533.3698001459763 -2.709735338557241e-14 -122.0356306099902
521.8022168231491 -8.392588678944944e-14 -377.9685924717029
541.6085899820416 -8.32864518176014e-14 -375.0888333707604
550.2572911505058 -7.92427888540073e-14 -356.8777943547062
387.8771338789462 -1.340482772782761e-13 -603.6997716001014
408.5916418006037 -1.211292795013601e-13 -545.5177780259822
451.5063000437959 -7.318361499044235e-14 -329.5897012005819
400.3172430290456 -1.079903093437923e-13 -486.3451169203277
562.2017545658921 -3.338150176562493e-14 -150.3369189127357
551.3625000000001 -6.677599694623907e-14 -300.7323549643755
549.0349777986361 -1.447486992960364e-13 -651.8901882119935
543.8153157839296 -1.48938480341937e-13 -670.7592845690757
523.7985650187262 -1.504474343868529e-13 -677.5550094434782
538.7962492075322 -1.534345631443491e-13 -691.0078414026459
519.9669361912806 -1.548609897185413e-13 -697.4318955906492
534.5813085772277 -1.578418435024096e-13 -710.8564675809246
516.0566312382171 -1.591171115298128e-13 -716.5997641939351
501.7827596237027 -1.564141705855757e-13 -704.4268003646644
507.1922455415383 -1.477667833004523e-13 -665.4824302096542
548.4729074738101 -1.136921669320391e-13 -512.0240006300755
431.3820351720207 -1.487541465982205e-13 -669.9291191895625
418.9466504637551 -1.456918854162218e-13 -656.1379208714018
431.6862608488821 -8.522156793942437e-14 -383.803821615921
435.1852581413822 -1.398485764309306e-13 -629.8219967026337
498.2009962475857 -1.606268019487185e-13 -723.3988054019634
486.3286088822631 -1.578648735130045e-13 -710.960185528058
471.1968931269412 -1.639997003781892e-13 -738.5889895120863
393.4757582937135 -1.168265071841879e-13 -526.1398142217054
513.5412969685583 -1.630360778785142e-13 -734.2492195816242
388.8177530828892 -1.385719555775381e-13 -624.072607503002
562.6132340099471 -8.332821826700323e-14 -375.2769327367231
426.2693999000872 -9.300574774371374e-14 -418.8606508819036
408.1112685447709 -9.215527666302974e-14 -415.0304696398457
490.0548664088747 -8.724817085785856e-14 -392.9308297642092
519.846079473059 -1.037102694614092e-13 -467.0695309008964
539.5957337156412 -1.044284893647558e-13 -470.304105789978
492.7991239223306 -9.898304799197935e-14 -445.7800180526742
500.1934925994684 -1.031008905330053e-13 -464.3251321860091
445.8238600920162 -9.359626811918905e-14 -421.5201182248489
537.3369173029929 -9.25748153060693e-14 -416.9199037163062
554.9340240182383 -9.271673902735594e-14 -417.5590713346078
448.3589086545102 -1.053211171724349e-13 -474.3241440520223
436.731198271862 -1.087661927717387e-13 -489.83938523731
402.5914882835223 -1.00043656331068e-13 -450.55657337338
482.9158993233843 -1.142096008989786e-13 -514.3543160507734
473.0490983024903 -1.294118968013903e-13 -582.8193702120509
491.7474463849757 -1.301616208017517e-13 -586.1958269407089
505.877367520435 -1.270331126966118e-13 -572.1062790041755
498.3832400360811 -1.226519172666041e-13 -552.3751288981555
480.4855878276408 -1.33449671158144e-13 -601.0038893005329
500.2534338468779 -1.341928873886241e-13 -604.3510376391786
439.094463877972 -1.204699928108102e-13 -542.5486147320912
450.0761639853596 -1.368002968040925e-13 -616.0937657110846
500.6378197970841 -8.35321756554882e-14 -376.1954751555035
561.3336996469907 -1.050597096540519e-13 -473.1468692496406
564.6925970811239 -7.040650477320336e-14 -317.0827086610577
505.702892192867 -4.66301972061136e-14 -210.0037387616657
506.3053984231617 -2.141671310072242e-14 -96.45230113991391
524.2445970527283 -1.889819964881497e-14 -85.10992489637596
506.8452178734974 -2.982109227184225e-14 -134.3022600432496
505.6245715688226 -1.521218975923686e-13 -685.0961213118844
521.4558187357781 -6.815626221265152e-14 -306.9485171038631
518.1560680372194 -1.231725079479106e-13 -554.7196608965
505.968676296648 -1.388588869982789e-13 -625.364831742531
367.1906033204761 -9.66402691605873e-14 -435.2290801806055
554.0839830511646 -1.434539965688553e-14 -64.60593654923014
548.3200486932458 -1.873885202917277e-14 -84.39228701593294
538.220552533171 -2.274774250213004e-14 -102.4467246561125
556.5750041835406 -1.523382832528605e-13 -686.0706356918439
566.3164574362775 -1.591875149443127e-13 -716.9168329852425
547.7000059570746 -1.613118250470103e-13 -726.4838751721709
566.0992779317364 -2.477764746643009e-14 -111.5886038969317
540.12925138285 -7.574597981889298e-14 -341.1295664871795
546.2588868152289 -1.084172468194817e-13 -488.2678723767528
508.5555456613454 -4.217138461052331e-14 -189.9230320176504
520.0907806818173 -5.283290202521451e-14 -237.9382378736578
518.1130810572283 -1.345860462206214e-13 -606.1216676084592
488.6274037803048 -1.467864692382851e-13 -661.0674881645717
552.7413797150546 -1.65671855895827e-13 -746.1197084782254
491.1380888064346 -7.949840757271083e-14 -358.0289987210082
419.9591300326766 -8.860114641968983e-14 -399.0240900003139
401.5052698406703 -1.466238384553152e-13 -660.3350642309898
517.5711704770629 -1.445141737938124e-14 -65.08339792475647
390.8024927714785 -9.069796217773652e-14 -408.4673086669175
564.1158488701933 -9.67463990333009e-14 -435.7070466358113
413.2710902643693 -1.496481425796416e-13 -673.9553191583612
413.4790409738717 -8.435623754794298e-14 -379.9067199872931
391.5259728438381 -1.035588042532244e-13 -466.3873922457555
566.9497144670743 -1.693201966473139e-14 -76.25503745271379
506.0853730032621 -5.869247870375879e-14 -264.3274252196987
395.5941273915469 -9.612480284228561e-14 -432.9076262615799
550.4171287469674 -2.611846656656713e-14 -117.6271162966801
547.4174229379589 -7.149665123844018e-14 -321.9922918756774
547.9137864694205 -8.945452459948685e-14 -402.8673636528538
522.4191111348075 -1.269557774225162e-13 -571.7579918925758
504.575226889203 -3.821452696463218e-14 -172.102929398057
504.7910555585436 -5.460040419204502e-14 -245.8983599735723
381.1902342523284 -9.898482460820236e-14 -445.7880192208341
504.7877264538201 -5.052890812317988e-14 -227.5619717949907
417.1864017207324 -1.281770155283511e-13 -577.2579593709448
472.6927101447726 -7.902285109880509e-14 -355.8872827623327
528.6084661935066 -1.613037664532693e-13 -726.4475824924018
521.7109884628169 -4.53518681455693e-14 -204.2466564809415
474.9982174557666 -1.543360196419467e-13 -695.0676405493173
567.495382130282 -7.921678667422303e-14 -356.7606909475189
520.9484630072208 -2.389394034877109e-14 -107.608740851138
534.0578877806909 -1.114101518705299e-13 -501.7467184494089
418.6329060235037 -1.081277530148607e-13 -486.9641081861359
464.921068303785 -6.756785251701908e-14 -304.2985554178717
406.5518927896358 -1.122483866131377e-13 -505.5217921238664
552.0691196996883 -1.565202119073363e-13 -704.9043680218311
470.1682098629512 -1.362879518156072e-13 -613.7863690118568
537.1870481670766 -6.86784102937755e-14 -309.3000630074453
468.1151420654998 -1.59437677747801e-13 -718.0434660938145
549.3359214197758 -1.010580723099898e-13 -455.1250967980508
357.7671257479622 -1.342563081477846e-13 -604.6366593465013
360.8400701449115 -9.965470427374378e-14 -448.8048890329496
466.1444158066179 -7.550318363757502e-14 -340.036109695469
501.1014526368568 -1.141525634872519e-13 -514.0974423845748
423.2497275206048 -1.195648791298856e-13 -538.4723450959514
508.9719876771878 -1.199719710542728e-13 -540.3057241349272
512.744333798454 -1.438251940699135e-13 -647.7310904197523
401.4070686744793 -1.404358312455719e-13 -632.4667572670239
446.7193127414154 -1.587949722500694e-13 -715.1489778537214
450.3855537016121 -1.409025131401568e-13 -634.5685056735769
566.9826133793226 -6.706578029041937e-14 -302.0374231252442
567.1994152437305 -1.132964518489571e-13 -510.2418583293627
553.6183610651067 -2.27214380764339e-14 -102.3282600543491
490.8510635274486 -1.53487627025849e-13 -691.2468198795957
422.9826531075777 -1.425268583428653e-13 -641.8839061232159
387.4301826998779 -1.299889092217707e-13 -585.4180031334639
550.3722233727289 -8.638741840299995e-14 -389.0543453292497
483.3318328509323 -1.614990659156894e-13 -727.3271330785823
430.3180148426187 -1.591914036613677e-13 -716.9343462099221
427.9299655921504 -7.521332731091491e-14 -338.7307128507315
503.7212322260974 -1.399333922060366e-14 -63.0203972995792
452.4876368276553 -6.689660417750242e-14 -301.2755216461513
427.098109069041 -1.616436885582338e-13 -727.9784555576546
426.2025347861557 -7.255527845231394e-14 -326.7599250016036
568.4926690992168 -1.38820762656357e-14 -62.51931349704535
568.2171701590837 -1.662887221370583e-13 -748.8978270523721
568.1910038809534 -1.443695357829512e-13 -650.182587555751
376.8731954183107 -1.406920668633384e-13 -633.620739899716
569.7249351913387 -9.241482136790698e-14 -416.1993550760169
510.4049957449726 -6.595197962219251e-14 -297.0213108508526
518.1490632892896 -2.76296376468021e-14 -124.4328258105194
571.594188641473 -3.624580495169476e-14 -163.2365936741959
512.1468102135937 -1.665862414652923e-13 -750.2377349881424
506.1281974812589 -1.312797729327992e-13 -591.2315364614382
407.8353482092162 -1.431287811257792e-13 -644.5947253440529
571.3159161724934 -1.514660429954678e-13 -682.1424147936727
488.6319328366086 -1.362319677627191e-13 -613.5342392521316
522.0450520398863 -1.141140373497774e-13 -513.9239360862005
495.4888901781337 -1.497668439367965e-13 -674.4899025462123
2 25 0 5
2545
2546
2547
2548
2549
559.566526044058 23.64921037798614 -523.425735931288
552.5230840595503 9.924426164790631 -523.425735931288
565.7862392205105 38.03615329974465 -523.425735931288
570.612135421821 48.75955166278958 -523.425735931288
567.9812289801108 11.68392481834336 -523.425735931288
2 26 0 0
2 27 0 2
2550
2551
538.9199602044818 1.723537678812953 -637.2423709627346
535.4833649685534 1.632976951921599 -633.8057757268064
2 28 0 2
2552
2553
538.9199602044818 1.632976951921584 -523.9091008998413
535.4833649685534 1.632976951921535 -527.3456961357695
2 29 0 5
2554
2555
2556
2557
2558
559.566526044058 23.64921037798617 -637.725735931288
552.5230840595503 9.92442616479066 -637.725735931288
565.7862392205105 38.03615329974469 -637.725735931288
570.612135421821 48.75955166278961 -637.725735931288
567.9812289801107 11.68392481834334 -637.725735931288
2 30 0 5
2559
2560
2561
2562
2563
575.9127735436673 75.41866732755362 -635.6909933586123
541.6767091073377 29.41744919487686 -636.4848583672361
536.8076210167776 12.12079780534555 -635.3036525437411
548.9876537266932 46.19775378602614 -636.3599539458601
559.6229242746936 59.86653853631119 -636.745997180388
2 31 0 26
2564
2565
2566
2567
2568
2569
2570
2571
2572
2573
2574
2575
2576
2577
2578
2579
2580
2581
2582
2583
2584
2585
2586
2587
2588
2589
547.4916314682902 48.41280830875475 -615.019841939495
566.929005881625 70.94576071863537 -571.4653397365884
536.990134274831 21.91250569748181 -571.4688067475796
547.5089448256458 48.44161968224692 -546.1522843371981
536.243944406792 18.05856677211419 -605.4462248781412
569.0047946600059 72.60040991688835 -605.4476553848951
539.5562913940639 31.22439112755285 -546.1525087452369
543.0657474135373 40.05117242331406 -563.4549532606125
553.4303383062479 57.07562124598331 -563.0753062378081
547.9337045628713 49.14073884618028 -580.5731587426209
558.9131010249617 63.46558014787954 -546.1316299230808
536.5017909134723 19.49860385906381 -588.9513149799635
540.7969487040191 34.67577692438605 -597.5050144269759
568.0507793137953 71.85272380570173 -589.1299250857818
556.474094068969 60.77566292249383 -597.5087348774
567.3457986918593 71.28631775758919 -555.8441912788563
536.1770770014843 17.66071077921998 -555.1757359312878
539.5679468090659 31.25905862258098 -616.745002399044
558.9131010249619 63.46558014787958 -616.7450023990439
540.3001780364265 33.34769783888815 -579.4653605870303
558.1818744099825 62.68246015066023 -580.579470382111
547.4987185961816 48.42460511720638 -599.5839779728666
535.9105190779201 15.94687827755685 -619.3716734415517
570.7195315230773 73.89194828999231 -619.3750784094395
570.7312552383702 73.90055373636449 -541.7537241491522
535.9057359038276 15.91393713926522 -541.7484934057323
2 32 0 5
2590
2591
2592
2593
2594
575.9127735436674 75.41866732755366 -525.4604785039636
541.6767091073377 29.41744919487676 -524.6666134953398
536.8076210167774 12.12079780534569 -525.847819318835
549.2598262188878 45.63694497546868 -524.4239073375305
559.6229242746938 59.86653853631005 -524.4054746821873
3 1 0 1295
2595
2596
2597
2598
2599
2600
2601
2602
2603
2604
2605
2606
2607
2608
2609
2610
2611
2612
2613
2614
2615
2616
2617
2618
2619
2620
2621
2622
2623
2624
2625
2626
2627
2628
2629
2630
2631
2632
2633
2634
2635
2636
2637
2638
2639
2640
2641
2642
2643
2644
2645
2646
2647
2648
2649
2650
2651
2652
2653
2654
2655
2656
2657
2658
2659
2660
2661
2662
2663
2664
2665
2666
2667
2668
2669
2670
2671
2672
2673
2674
2675
2676
2677
2678
2679
2680
2681
2682
2683
2684
2685
2686
2687
2688
2689
2690
2691
2692
2693
2694
2695
2696
2697
2698
2699
2700
2701
2702
2703
2704
2705
2706
2707
2708
2709
2710
2711
2712
2713
2714
2715
2716
2717
2718
2719
2720
2721
2722
2723
2724
2725
2726
2727
2728
2729
2730
2731
2732
2733
2734
2735
2736
2737
2738
2739
2740
2741
2742
2743
2744
2745
2746
2747
2748
2749
2750
2751
2752
2753
2754
2755
2756
2757
2758
2759
2760
2761
2762
2763
2764
2765
2766
2767
2768
2769
2770
2771
2772
2773
2774
2775
2776
2777
2778
2779
2780
2781
2782
2783
2784
2785
2786
2787
2788
2789
2790
2791
2792
2793
2794
2795
2796
2797
2798
2799
2800
2801
2802
2803
2804
2805
2806
2807
2808
2809
2810
2811
2812
2813
2814
2815
2816
2817
2818
2819
2820
2821
2822
2823
2824
2825
2826
2827
2828
2829
2830
2831
2832
2833
2834
2835
2836
2837
2838
2839
2840
2841
2842
2843
2844
2845
2846
2847
2848
2849
2850
2851
2852
2853
2854
2855
2856
2857
2858
2859
2860
2861
2862
2863
2864
2865
2866
2867
2868
2869
2870
2871
2872
2873
2874
2875
2876
2877
2878
2879
2880
2881
2882
2883
2884
2885
2886
2887
2888
2889
2890
2891
2892
2893
2894
2895
2896
2897
2898
2899
2900
2901
2902
2903
2904
2905
2906
2907
2908
2909
2910
2911
2912
2913
2914
2915
2916
2917
2918
2919
2920
2921
2922
2923
2924
2925
2926
2927
2928
2929
2930
2931
2932
2933
2934
2935
2936
2937
2938
2939
2940
2941
2942
2943
2944
2945
2946
2947
2948
2949
2950
2951
2952
2953
2954
2955
2956
2957
2958
2959
2960
2961
2962
2963
2964
2965
2966
2967
2968
2969
2970
2971
2972
2973
2974
2975
2976
2977
2978
2979
2980
2981
2982
2983
2984
2985
2986
2987
2988
2989
2990
2991
2992
2993
2994
2995
2996
2997
2998
2999
3000
3001
3002
3003
3004
3005
3006
3007
3008
3009
3010
3011
3012
3013
3014
3015
3016
3017
3018
3019
3020
3021
3022
3023
3024
3025
3026
3027
3028
3029
3030
3031
3032
3033
3034
3035
3036
3037
3038
3039
3040
3041
3042
3043
3044
3045
3046
3047
3048
3049
3050
3051
3052
3053
3054
3055
3056
3057
3058
3059
3060
3061
3062
3063
3064
3065
3066
3067
3068
3069
3070
3071
3072
3073
3074
3075
3076
3077
3078
3079
3080
3081
3082
3083
3084
3085
3086
3087
3088
3089
3090
3091
3092
3093
3094
3095
3096
3097
3098
3099
3100
3101
3102
3103
3104
3105
3106
3107
3108
3109
3110
3111
3112
3113
3114
3115
3116
3117
3118
3119
3120
3121
3122
3123
3124
3125
3126
3127
3128
3129
3130
3131
3132
3133
3134
3135
3136
3137
3138
3139
3140
3141
3142
3143
3144
3145
3146
3147
3148
3149
3150
3151
3152
3153
3154
3155
3156
3157
3158
3159
3160
3161
3162
3163
3164
3165
3166
3167
3168
3169
3170
3171
3172
3173
3174
3175
3176
3177
3178
3179
3180
3181
3182
3183
3184
3185
3186
3187
3188
3189
3190
3191
3192
3193
3194
3195
3196
3197
3198
3199
3200
3201
3202
3203
3204
3205
3206
3207
3208
3209
3210
3211
3212
3213
3214
3215
3216
3217
3218
3219
3220
3221
3222
3223
3224
3225
3226
3227
3228
3229
3230
3231
3232
3233
3234
3235
3236
3237
3238
3239
3240
3241
3242
3243
3244
3245
3246
3247
3248
3249
3250
3251
3252
3253
3254
3255
3256
3257
3258
3259
3260
3261
3262
3263
3264
3265
3266
3267
3268
3269
3270
3271
3272
3273
3274
3275
3276
3277
3278
3279
3280
3281
3282
3283
3284
3285
3286
3287
3288
3289
3290
3291
3292
3293
3294
3295
3296
3297
3298
3299
3300
3301
3302
3303
3304
3305
3306
3307
3308
3309
3310
3311
3312
3313
3314
3315
3316
3317
3318
3319
3320
3321
3322
3323
3324
3325
3326
3327
3328
3329
3330
3331
3332
3333
3334
3335
3336
3337
3338
3339
3340
3341
3342
3343
3344
3345
3346
3347
3348
3349
3350
3351
3352
3353
3354
3355
3356
3357
3358
3359
3360
3361
3362
3363
3364
3365
3366
3367
3368
3369
3370
3371
3372
3373
3374
3375
3376
3377
3378
3379
3380
3381
3382
3383
3384
3385
3386
3387
3388
3389
3390
3391
3392
3393
3394
3395
3396
3397
3398
3399
3400
3401
3402
3403
3404
3405
3406
3407
3408
3409
3410
3411
3412
3413
3414
3415
3416
3417
3418
3419
3420
3421
3422
3423
3424
3425
3426
3427
3428
3429
3430
3431
3432
3433
3434
3435
3436
3437
3438
3439
3440
3441
3442
3443
3444
3445
3446
3447
3448
3449
3450
3451
3452
3453
3454
3455
3456
3457
3458
3459
3460
3461
3462
3463
3464
3465
3466
3467
3468
3469
3470
3471
3472
3473
3474
3475
3476
3477
3478
3479
3480
3481
3482
3483
3484
3485
3486
3487
3488
3489
3490
3491
3492
3493
3494
3495
3496
3497
3498
3499
3500
3501
3502
3503
3504
3505
3506
3507
3508
3509
3510
3511
3512
3513
3514
3515
3516
3517
3518
3519
3520
3521
3522
3523
3524
3525
3526
3527
3528
3529
3530
3531
3532
3533
3534
3535
3536
3537
3538
3539
3540
3541
3542
3543
3544
3545
3546
3547
3548
3549
3550
3551
3552
3553
3554
3555
3556
3557
3558
3559
3560
3561
3562
3563
3564
3565
3566
3567
3568
3569
3570
3571
3572
3573
3574
3575
3576
3577
3578
3579
3580
3581
3582
3583
3584
3585
3586
3587
3588
3589
3590
3591
3592
3593
3594
3595
3596
3597
3598
3599
3600
3601
3602
3603
3604
3605
3606
3607
3608
3609
3610
3611
3612
3613
3614
3615
3616
3617
3618
3619
3620
3621
3622
3623
3624
3625
3626
3627
3628
3629
3630
3631
3632
3633
3634
3635
3636
3637
3638
3639
3640
3641
3642
3643
3644
3645
3646
3647
3648
3649
3650
3651
3652
3653
3654
3655
3656
3657
3658
3659
3660
3661
3662
3663
3664
3665
3666
3667
3668
3669
3670
3671
3672
3673
3674
3675
3676
3677
3678
3679
3680
3681
3682
3683
3684
3685
3686
3687
3688
3689
3690
3691
3692
3693
3694
3695
3696
3697
3698
3699
3700
3701
3702
3703
3704
3705
3706
3707
3708
3709
3710
3711
3712
3713
3714
3715
3716
3717
3718
3719
3720
3721
3722
3723
3724
3725
3726
3727
3728
3729
3730
3731
3732
3733
3734
3735
3736
3737
3738
3739
3740
3741
3742
3743
3744
3745
3746
3747
3748
3749
3750
3751
3752
3753
3754
3755
3756
3757
3758
3759
3760
3761
3762
3763
3764
3765
3766
3767
3768
3769
3770
3771
3772
3773
3774
3775
3776
3777
3778
3779
3780
3781
3782
3783
3784
3785
3786
3787
3788
3789
3790
3791
3792
3793
3794
3795
3796
3797
3798
3799
3800
3801
3802
3803
3804
3805
3806
3807
3808
3809
3810
3811
3812
3813
3814
3815
3816
3817
3818
3819
3820
3821
3822
3823
3824
3825
3826
3827
3828
3829
3830
3831
3832
3833
3834
3835
3836
3837
3838
3839
3840
3841
3842
3843
3844
3845
3846
3847
3848
3849
3850
3851
3852
3853
3854
3855
3856
3857
3858
3859
3860
3861
3862
3863
3864
3865
3866
3867
3868
3869
3870
3871
3872
3873
3874
3875
3876
3877
3878
3879
3880
3881
3882
3883
3884
3885
3886
3887
3888
3889
511.7757014052203 176.7818765852225 -627.5278285530143
511.7221064998293 177.4007377214764 -402.2348423541914
424.3800184571466 74.64557873800659 -513.4471262660589
512.6022711588395 177.3095915121447 -547.9040345517931
514.6111464101332 174.0567016594586 -694.6109350029334
504.3901356689091 180.7025087498154 -481.9125249451718
428.7498301939468 66.1560509528634 -579.127391091699
433.8473165765317 62.43399206353632 -452.4615627849001
522.012191206207 176.9224891669025 -342.9507402329154
445.1509247798247 56.61264878429663 -634.4333333333333
440.343761483216 108.1442993214591 -478.1666666666664
442.2572806281401 102.0545340822784 -609.3083958589742
523.7098645000038 47.48081784605252 -670.3680043502329
437.1608359495934 112.7799307840929 -553.0010893592419
470.1338350181863 156.7323632227544 -574.3558313560404
521.7881369311194 44.67248916690218 -324.2312078325955
469.1458935918587 157.2060960164731 -517.2333333333331
482.8433458241454 156.9146260595686 -439.0999999999998
445.6888771879475 99.09396318963134 -427.9065668564056
500.0339863055339 44.55980456389188 -518.2793691587212
532.0954175604101 161.8663279871557 -444.997931983047
463.3591055108241 48.878530854095 -679.2074601894966
456.5074177992941 49.40110362848849 -541.5808115887597
450.7444336632755 52.44871761374107 -403.2034169777837
528.1537960862576 42.35560414371515 -486.613109031038
459.3831450575845 48.61175226661187 -491.6436644467341
532.943068684123 197.5236828588104 -588.0670981400837
471.2556155855279 47.38418516353784 -360.9666666666666
469.9465764386326 46.96415462789118 -594.5069703309074
526.0159253899064 46.19562725917172 -146.0671081415377
488.7458636828365 153.9927578927721 -661.2322941332189
535.3263658886599 196.8017779763589 -302.613815803737
490.0359109195668 200.9156688336908 -661.4158658666647
537.7741211907734 151.5976268464881 -93.74310456127809
462.7439690066991 142.9445873495181 -617.38590494251
507.4947973457865 44.39347069820791 -717.2954847334846
535.1738428755475 199.3451636389027 -512.634177187632
533.9677534683132 151.845415158629 -660.2215093365136
535.9926520478873 163.4402180990925 -267.5122735203462
528.1581091784597 153.3385810972165 -511.1418280679148
536.3817430258123 197.4593675908585 -144.148977297431
475.7512361346826 46.14998364881817 -441.597656665044
498.6851920140261 200.5469742178682 -440.3206192886548
498.2696864818525 45.15338293095155 -629.5844292985082
536.2489871945497 171.2206942388755 -182.2862661272628
395.6595451749852 56.3535284980596 -474.1827343187225
487.9430382891728 198.4437377526033 -580.0752732402553
486.5403419406648 200.9048748707798 -518.7664337849372
535.7304159777352 202.0307407536466 -665.0497165205952
489.5345117774389 200.4923368420391 -367.6603890974234
490.2889524306622 153.8872283312948 -368.167305503902
457.2116145216854 149.3801276213561 -474.90249312978
536.180178655235 152.4295373051014 -578.8042881675417
520.6776772737207 43.80092640810275 -442.2693046675001
450.4064862109597 94.48762018344372 -648.5070830588895
531.0980983614909 44.62963551656131 -369.0028294258711
536.5414371779583 197.5242010850984 -98.00859940726846
536.0546314590628 183.3094265874253 -226.3578273173333
487.2711681810655 201.9807957981259 -717.1773783809556
537.2026715728222 202.9786285396576 -375.9142095850816
451.7482881960225 107.1751360405146 -516.3402477160805
536.9532369674872 150.8694696998057 -310.156369917119
537.0408524489101 151.2528517847726 -376.3033973209078
539.036692314412 203.2921549159995 -424.1571195151578
498.9505616771893 44.88746093373415 -401.8124732573976
535.829417123757 152.1906803066672 -139.2355966397354
494.4887540817431 47.66828796791012 -560.0821354809085
412.266341067276 44.40007449246766 -543.8778303499995
536 48.38186405491142 -91.74190658463789
539.2232832401811 200.2219366624459 -719.1193983743126
409.5007785288205 43.92646804788248 -611.9081273338547
403.1554272461904 86.15564911239052 -550.55950451658
540.3554657150537 204.5090396301013 -261.9730547024808
535.5647655003876 205.2773974333932 -466.5382096938303
541.5973441846766 159.531220669213 -721.5973441846766
540.2660542393606 148.0139101340209 -619.6170791919488
459.5468263746428 134.5694994399975 -415.2549086639266
483.818444681217 159.757253922597 -720.1206808273572
454.0535261924533 98.6324164209055 -391.2681170085908
482.6850753370484 180.9785039648321 -332.3313643488805
539.4474389416406 38.6573242322487 -407.5017266496098
537.9772698847261 208.2428676829158 -625.9309589946693
454.8135192894387 91.51774622989619 -576.7590902122888
404.4377636847672 38.61498725247962 -439.3696231519784
500.761207031582 145.7776480073268 -330.8496297294907
543.1332895395421 207.8209758193951 -195.9714146513742
500.5336736696989 145.1234945682025 -607.4610391649387
480.1458001473178 208.8768024479097 -472.7592646775612
421.7403878269909 38.50965702554425 -497.8154810423922
444.5827761135849 150.0626956932294 -546.1706703061598
441.3377197151046 133.1865207456644 -585.9158557519847
392.3467661778478 51.62864283831371 -577.4790395923442
481.080348493819 207.4751148742617 -405.6261828980664
541.9084988209988 207.4828041004915 -550.8012781110365
495.7476759081345 144.9811306121174 -492.585484800376
508.3195251974917 209.2750986647817 -327.1111562803176
413.9201444661108 110.5530389275201 -522.4329530655591
491.9992628197708 145.3842128811817 -545.3117957131515
528.0257472086371 147.6748308877288 -212.4027456689382
493.3112779523685 51.96741129608962 -474.8149317129003
405.9540697283779 92.00760454686281 -484.4395801160894
485.5086506961193 44.67248916690218 -327.5494611912547
478.9031658381823 175.9983866751433 -609.0247087314193
491.4128726895431 209.2383560664342 -623.8612598482989
468.5589403150382 181.7680810548799 -546.0189408584682
416.4277338286107 101.4495870782014 -582.1252493114185
504.5537321793008 36.19793339265468 -592.9909815840335
540.4936498943299 170.8214558180216 -480.391272252366
494.0990288621246 144.3132521790869 -404.2687404421122
389.3299176715391 69.50508625799691 -507.0827605133501
442.8968284289757 129.8653363982823 -447.4793730985112
543.1734331837506 50.9583088268975 -703.6888548952131
461.9922585584401 129.2398467149929 -651.4798923993129
433.7323349306191 136.9067015163961 -501.6747586169218
514.4763483819117 210.973170340937 -693.8882948983221
545.0734690779534 159.8568142430902 -543.5367985852579
544.9598969656212 163.3460362892054 -410.3502622204547
474.6200051705594 58.50058786820087 -712.5666666666665
544.2773791103589 207.330627517396 -338.933994089697
458.8097109659619 88.54565734615048 -458.6333333333331
419.224067584094 34.96761924172922 -644.6112868813316
492.1644563530714 33.69471434848504 -667.7243504140195
525.396513720905 141.2211728068714 -697.0472527993965
521.3926496630775 57.24658166922499 -295.7197607091438
477.0223614725981 139.3160633207527 -691.6205034298425
477.112897488189 173.9613693939216 -394.4027385002338
443.2771432160596 34.06301257155175 -432.908193839249
523.9164652396031 140.3003196500165 -176.0302365110624
547.7126573908808 141.8234664762254 -243.2584181145778
444.5208847617907 34.45360449928151 -572.1616558576512
454.9262763002412 83.81068766098235 -682.6997567215835
469.7002168729213 179.2963354231176 -489.4219463209417
414.3479141549317 79.48193511350135 -610.4603618774852
480.6605304644049 213.6780292355575 -550.133580278908
420.1619289002342 95.10462929667889 -452.1392795758667
549.8009036253095 44.96798891575145 -315.6283351633746
424.6715667337374 71.41978396639331 -418.9531777102292
540.7263799843589 62.66207326875066 -656.7234980209264
437.1037444176986 78.35590593674445 -545.9833478098545
504.4773736174926 167.4531523637076 -580.6293189881785
546.3672702218729 176.7209740280055 -638.8260772337635
548.3754058458669 177.3575896573473 -686.2959070648584
540.0209218437926 63.22943676504452 -505.5768630761514
505.0505350617372 57.00907101904692 -351.8663177545799
460.7635832762011 73.34280684153596 -516.3898527391921
547.3653343749421 34.3677370448581 -121.3907353188286
515.0914067817637 212.8996909474284 -400.8476588720794
523.3813746356453 141.9248361677884 -471.9371170468474
478.8874487704831 177.6409779442041 -687.3977786188937
475.1579307137464 212.938625548845 -326.368376710166
508.6291485549166 212.2904797054131 -494.9367720704419
468.8217925552457 33.04844206931056 -642.5137055648527
546.5876873699726 142.7568304263156 -343.2653114044908
439.3284659800242 32.6778130342537 -468.7425229642177
419.599998264035 39.10719479290033 -408.5973751571166
543.9788149693848 28.67517796644438 -664.6212564616898
523.4865912549816 24.02268959414662 -157.9533072355522
512.5752795035114 175.9049848002579 -728.5370078223958
443.2398666128599 33.58592564444562 -375.4184457344996
511.789925054298 214.1205582480463 -536.9532520266484
439.7031454297833 74.77642209216955 -483.3494300742707
510.281540490784 140.3641478916095 -639.2921723668112
442.1516450791863 32.95057533790482 -609.4603139054394
475.60464197981 177.9083637074918 -642.1209684445901
522.7253630637983 177.2338779066777 -121.0027814761424
499.9946058819799 170.2490403252409 -517.6854761394337
459.0983901454749 78.78056804680621 -364.3360341084825
461.2221462408238 74.57410585725704 -611.2451274326218
435.7740273335818 32.2314282344858 -673.4855531577612
511.0571991381453 140.7121255510665 -728.0607343346951
466.4505815274863 127.5593709381309 -556.2999999999998
461.0246805269114 96.79485673170473 -543.2793636599537
474.747093319598 213.9130720643122 -688.3690220493885
523.1721585811043 139.7223207866439 -420.9953813970412
498.2358014782279 57.96337664320784 -688.9195433140221
513.5742681214201 177.7640039270597 -661.8177022633616
467.8368867110606 128.5894538514501 -497.6999999999998
469.9384585650675 31.51241531335965 -517.5794143957933
516.9598220656621 27.89675555067843 -301.2419279309908
523.8258284095323 213.6421794910892 -234.1560093438352
471.6240647201191 64.07475947025179 -651.7139284569515
515.3360892213777 31.1147885384347 -648.1326167098658
523.8022250949716 23.98026155198473 -508.6331090964023
549.0503146819052 177.3177628292404 -324.805768256273
525.4383538555455 61.72393224204471 -172.625317824769
549.6464665939286 172.5576582176307 -600.4836368521231
549.6786323528897 214.9042176083313 -691.7572441887088
535.4108703041217 31.99439326195569 -729.3490352090211
473.6242862569029 132.1780629813935 -730.3392176831379
549.1034077382242 176.9624307564405 -360.7147194894405
552.8613859516851 43.2163037790892 -147.7136916493228
513.4264590160933 215.1970377540517 -569.2540275526405
471.3298169118138 132.8064163802032 -384.0989220361528
471.8926480685797 32.13561637608818 -389.9728678393334
522.5521292368685 138.076615820361 -283.5239622785481
456.1043958928606 68.83917395552606 -430.2587655424708
449.9278261124612 31.63700253791173 -702.9674853774213
523.8261271461321 214.745309141301 -169.7154191210778
472.9394055610139 183.2632421995354 -424.452005816773
471.5213327641343 181.7022291899302 -456.9728164574807
515.0172131608823 173.9991320339053 -311.9367980505654
438.4109075755186 62.93244390035638 -665.0233195371901
468.0616145929644 63.96457961651708 -567.542940515786
435.2375950891175 31.62393407643475 -525.8542215041916
550.0468736706194 181.117927825143 -566.7554478910644
549.9301004789506 31.27437619422302 -345.5519177287879
550.7936836276313 138.3272483161103 -455.8814013132287
513.9507498432936 214.8202418189487 -645.7126055352945
498.9072043001087 32.16921310925286 -371.904047216663
473.47257754578 136.8375912969942 -346.1439316331981
495.8428841186612 137.1884473690787 -575.8333333333333
525.4077568873264 137.5801059833855 -553.4234469428192
493.7436910951318 138.0397813397816 -461.8895296084389
402.3787495359688 69.5371888329649 -446.1269512183539
462.1677017741277 94.6163087504525 -492.1058843714619
471.0693214487346 30.31441817623771 -468.6055710742627
480.5470477728443 32.06810991691439 -730.1875307742284
483.4394640196674 31.26096357841427 -698.3713475854828
521.1951557920663 175.5169081388375 -80.96963117895689
424.9352901396732 79.44865584641296 -639.5090100119319
549.5014743681404 215.5491201103392 -121.1492930509569
519.5014047580989 216.7203366008883 -114.819100322998
415.3361353809156 30.87231252041657 -583.7308477647045
513.2858002970326 215.6272010446243 -730.272293381508
549.5160484826239 57.56065575116363 -432.9716262971027
548.3986112068212 38.08331503022425 -460.2350243869064
448.8979508039432 161.3845965322755 -596.558063181436
452.3788542528903 159.6402653368301 -445.7326408356212
509.593878298351 29.60440217365543 -542.0443564910505
519.5994909796678 58.44562375760413 -537.6582564641164
519.4304468836895 33.7325026720499 -111.484012390268
510.8629155937417 215.8496856044817 -600.3576544837838
552.175272790412 168.2856827872307 -115.8375151001317
515.1807215064181 215.4237047230622 -357.1984422972087
399.9832146535663 30.94764558476203 -518.6896275972833
551.4007356524847 179.6949559471802 -78.50385823005182
550.7120686615089 145.0968963804332 -191.1963999720863
550.3193285587996 138.596207043122 -492.0939044445649
521.5358867993446 159.668070091367 -240.2956642547254
551.635474635414 173.3858428089472 -509.1380654047841
381.2219830525122 31.84335561110831 -600.9451793917191
509.9080878369479 177.5512021755345 -371.3817474384405
523.646652379005 60.70500237951884 -393.7306622395469
547.1502861135134 217.4032500783996 -491.628336153847
551.1061306435022 172.1557085852588 -292.9266977462501
387.9093905778273 62.54011601928488 -537.3269020553379
520.7341839200278 173.4921982890116 -155.7000126136243
464.6236249716288 108.1442993214591 -673.4999999999999
552.0985034595258 137.55913104786 -273.7702355462036
394.0269810069851 29.90374040812774 -488.9576753888989
519.6566176689396 188.8207211051314 -201.0796105465886
551.2943243007664 172.7696540587358 -155.7215664365229
497.6129106644274 29.54283943595824 -428.1959654519549
446.874538945709 173.4988418625622 -565.18998299107
504.8368726487577 173.2668820633383 -452.3821985293962
550.7337601778036 137.4797359736817 -161.554298549049
463.2561760421314 29.28677506507966 -339.1650955534391
527.1600689185328 60.61433079575822 -733.1673815431382
551.8471091247974 190.8835192758419 -399.5934213057425
553.1201813822985 59.55843606502833 -355.0957220945286
551.7744564905662 216.9433959015324 -600.8495649185498
552.1097063642114 208.8229430373049 -224.7747329055092
471.9231246273946 154.9188814054777 -322.3838059392357
442.3095296987053 124.4518459046337 -629.3115700305458
522.5014255543769 32.81454440464974 -697.8277880617555
499.1930834167675 59.75347317405821 -428.1586985824948
474.1061552521255 28.23218225063961 -571.1213402048703
507.870011028701 217.3326203452875 -463.8462567718237
515.4013041371567 138.2173241133439 -357.6103275696477
470.9412715079266 129.6758497068177 -591.3960517154546
460.2782690848133 186.0717867919771 -517.3000286660161
554.1600000000001 133.6493956386619 -78.25196874249934
510.5094307785911 28.68020835727442 -466.3164488166066
489.25123808802 29.45576352966984 -494.4896235853064
418.9389337286905 128.7757911356108 -568.8425693476358
483.2503064865525 61.77836972717328 -536.1573425650978
552.2655283229739 217.8720025212509 -159.8580150212638
464.3826072433466 121.5881547673259 -466.5452922167296
470.5404102914065 68.16629307886068 -338.7060802637851
471.7144611647083 216.0991748457572 -443.499306089093
501.0164142148892 59.97044832432419 -655.4182803836939
464.6923039635608 98.34497833380476 -625.4032423208188
510.8276690388802 136.7417695518635 -671.4211210062596
548.988120982836 27.06002038855069 -497.0733881266215
521.0771634670512 216.4908469119187 -283.2220911130372
519.3841916642067 186.372499286444 -278.8124973180729
553.5984200080982 217.6558387590709 -312.8545051885312
430.1740902543608 138.2098027549706 -472.5737679261072
517.8399999999999 64.12356252105594 -76.97963461558817
394.8114625799915 80.49167410575249 -587.0497721556249
551.1931839836235 138.0324600657504 -117.2852570586764
520.2621297387296 138.967069188551 -115.9508386219673
550.645004903312 186.4414105543562 -447.2766795822162
461.1445535387651 59.34421247622068 -463.9315890320082
552.120106140218 147.3468821588632 -684.0915689260706
491.5309981780696 60.66714685391558 -377.9194487434042
553.2176289158905 180.4381355624266 -250.3710853850878
519.2772814939084 60.30192838500044 -606.8846978621127
420.8437468498028 133.595420029036 -539.6903896775697
470.8697460511793 129.3799602356371 -527.1110957709664
435.4121225473701 75.21779789555112 -391.2771605953801
382.7368577624381 29.26380001003495 -459.8229099725323
518.702510125214 57.78882917678192 -576.1965794596821
551.941143730696 58.78053498093607 -384.796106605719
552.6485666800562 29.03186421327745 -382.5275179533859
446.8659663769581 163.1688335526187 -498.8411696529255
554.6075811701927 63.73806984388743 -76.37886527588903
516.8312358518416 28.5872143105986 -348.6003699373402
478.9518073686233 28.09518002163631 -615.2818286538072
468.6273602737843 28.74762768131064 -418.99545483856
504.8273569412161 136.9903896726296 -519.7900012100016
551.3616841530912 136.5695435761731 -398.2799683570334
531.5961676952386 60.03856485443474 -119.8514366218704
518.662123247401 134.7564428944935 -79.06818282972318
483.9381503705675 61.63974727616272 -500.7964953627309
527.9533495912424 60.14866359906388 -634.345042487229
553.243397576304 218.3367871551392 -648.5278806621409
504.4733173304255 187.5554299556445 -601.5762840644477
552.6884694099028 136.2342170494852 -643.6269825985022
553.8049805536074 186.1995940784121 -535.077323104125
522.0335618173729 164.1899993067018 -603.4912540576494
411.8002234887649 118.9005388485195 -494.4447957602308
380.1636172000431 73.59650616531766 -562.9914076719965
551.5178007890074 140.5386921867348 -426.9907245432726
388.8023448425863 93.86290935611439 -525.0470568367643
473.7006215563262 129.3291202160791 -440.1100541389937
553.7185638553777 136.1245769797549 -561.5794695975832
444.693032285396 48.71455993419336 -351.5460121412802
436.1822865246874 61.02978005214108 -606.5339343897846
470.6224971621482 183.079839086998 -732.8595295286482
485.9578348213052 153.4211509122444 -630.9293027337897
519.5821005815117 182.6861838341815 -429.466456189279
502.7104797825393 62.54148483366308 -315.6358314639924
464.2130709417231 183.4692720224492 -585.6425123161334
410.9460370987529 28.79889308966987 -465.6636257010352
519.4528352062335 59.68517885103282 -265.6526962616115
518.6540033047499 217.540209169906 -85.02214376510986
471.0213444138649 218.9578302252123 -354.6474528865727
470.8464157145963 206.6490295894891 -602.7683221322411
549.6949878991435 28.4310715386639 -432.7804281324117
446.5991618884303 61.55126872629528 -698.610839048768
553.9401041021132 217.3659317015959 -526.0258504218134
553.6848325696172 135.6487026191914 -596.0860829570912
519.0944810325805 134.9640917501173 -392.5171067577824
465.2068426388818 104.6914877962469 -596.9058269290261
542.4298177136169 61.88124682860434 -300.3918342412746
472.1876412946137 176.8209287039626 -360.3806514301371
493.7168593556641 62.37257663575456 -593.7146937864059
471.9762954953035 217.7544253173224 -644.7606655443776
469.173088521042 218.6572842650686 -575.1931043543758
554.0120360363445 135.9455281705977 -734.0421931816466
481.1919572178863 28.69020792391851 -543.5641923789783
492.405610423324 61.35213788870917 -735.1074559748363
553.4564709548696 162.4127301699614 -214.9220020615549
518.4752951390369 216.4563222297434 -206.6043019259114
551.469813869878 137.2850760887794 -523.4690519145931
554.5601452988324 219.4719001757662 -734.3254647001017
465.7138073921311 98.30958424124104 -702.0308086291507
520.3676405792557 61.11827726257019 -216.6417379000295
445.6432874076987 174.7310616986723 -473.476855553292
518.6969859272008 188.9412561813371 -249.4783407585359
464.4850661753154 105.3965030794008 -363.4987655927955
554.0203269359044 62.3503310145108 -680.5884710917785
484.939450384592 162.5358924332328 -472.6696683495817
525.6661648120821 135.739481730432 -598.9009268900068
553.1860204704645 27.57561865476753 -691.335180161858
554.6170337875079 209.0255612127189 -285.9567457501712
519.7257785415123 61.4947574306175 -465.8321666755061
522.5999590013663 135.3238932762958 -255.1296316245033
403.5062365747434 114.2500169496126 -550.3959691725678
476.7417147405249 219.9325731715851 -499.2867406178917
516.1192059391379 219.2269630236058 -428.3336981941637
548.6510253090948 60.92146874932618 -478.0336272489404
445.7254537886681 124.8750409765913 -393.4015183177941
554.0704965364894 220.5844571843541 -361.790214462516
515.0024359089679 32.09009804552883 -228.0907279526432
372.0542669504662 63.97443940948385 -482.173550004727
466.5691257751143 101.6405072448371 -738.0932554972285
521.2758289282872 26.49685382750035 -388.9381379733338
515.4104816702613 37.50938978590155 -180.6565354968949
547.7232452122757 217.6047788859929 -79.31948968735668
433.2588809453818 155.8719583296696 -521.6986113586278
470.6064789001504 220.340022297147 -382.8156333402997
552.1298885112266 134.8465201326597 -216.8539053194735
553.2027510767883 214.9431705635392 -446.1511163164645
476.1358522879736 54.80565607305756 -413.7944331614389
445.9930227852334 25.33393573815194 -498.0217814832549
554.6912168169396 26.74484111922385 -92.2607858265106
429.5938916169832 99.18756524627186 -501.9535112297322
466.3472673515845 105.167531851823 -441.1454855470511
394.8939817209275 27.74086460916575 -560.6454914031184
466.2622809287589 101.0165887349784 -316.0839144600931
468.2254227252121 219.5651511484162 -526.5699139571651
543.7579249184785 65.89479671062055 -155.2684948960218
443.3924122455727 26.2349907531611 -635.7657024780343
554.4210772030295 181.5507098743916 -734.4261491104766
529.7106930161356 176.1693244173039 -526.399410286617
542.1710946496731 220.049071462095 -575.2648603426021
499.974759290896 135.7679371974268 -435.2096689180016
388.4229657284575 59.44803191351037 -603.5328255361929
472.5690113248842 53.23861993336507 -624.2846490700975
514.9912527950868 30.27109375944255 -271.5853542770961
548.21722810553 194.0203709245495 -172.8060025377226
466.2491876905069 101.3386964312724 -413.2952919897025
421.7641932191918 102.603607346765 -626.4937519517466
555.5839943211204 183.4279323021869 -197.429132471325
505.1760993535558 160.1668417993354 -423.6264618166692
500.1553106029779 151.4152776510396 -699.817251445741
512.0351661737066 61.57272862840186 -499.3571436431928
533.2729031679281 176.6900159838423 -385.4840472817311
517.7364201712718 218.2192009670738 -142.6661087836475
555.0116789970594 133.0025002724884 -300.4292535666176
442.0949600171834 54.020933175626 -511.9717557747094
525.4701178071255 63.28275314307953 -421.0086951195906
543.4020744728069 218.4867849224375 -400.001538343817
553.604903095432 52.28154087735685 -734.6855369363115
422.7387381616238 54.8116100540415 -476.078343182794
469.2807321797184 75.20784762587255 -733.1335485841581
448.1030567276064 25.39762816460561 -401.4024993131634
505.2769974432412 221.4371419952983 -670.5799451532372
489.5131116295416 25.46541831849943 -346.888745118507
489.0206100943977 168.9605514184971 -558.3902203059947
408.9535574234653 58.08047590636826 -634.9723938760704
463.4835097816502 76.32485489668953 -403.3437869269586
470.5907798817535 219.9042165488379 -732.6416778247287
516.4998387704458 25.58842823375971 -75.58941046516651
513.6822633062857 29.03774905455586 -616.2430032058451
443.9621949463712 131.152585486258 -525.9786876738705
519.1955498611444 132.318932471249 -496.7985163338284
460.8825397290556 25.03052905826695 -666.9589217881488
473.3742718823797 127.4092556027962 -320.1649921467825
556.9997036016373 64.25837658353275 -132.8359464641521
523.9401546021362 178.3005756957979 -500.2207496926944
510.5510821795324 137.1639115479896 -307.4528244934039
444.7760060939647 175.1594123232899 -536.0103178737274
434.3445235407634 53.44565470838423 -556.1633399821743
554.8098417459614 62.35955483828605 -105.7090798025572
464.4807214053768 160.5934546151383 -413.5405438049626
523.9568016607922 64.16042467673091 -691.0094883843541
555.1696068305257 167.8408592360399 -662.354458403261
515.95959712047 135.81619848765 -149.7579338202084
448.6663748539735 24.75354669430115 -547.7526527764827
416.7673913110154 115.6588580191107 -468.5784921423721
523.4334997979004 24.92270575936503 -423.719138483732
443.6529419628836 153.2325398013619 -631.9667311507512
422.6329166885031 120.1138104201265 -601.683674031783
535.5772329313627 23.8815792399419 -318.3132007651016
467.6778467167916 91.45924459257543 -344.1182089529059
510.4733584650398 26.40469262301277 -736.6235809234649
517.0957218504924 154.6660847228774 -535.0915302731013
555.537594810894 132.6755588082012 -369.0226203530311
556.6956247043593 191.1346765486641 -128.4063519740934
432.0501617844433 97.0278417967661 -405.5418747967488
432.3616245743574 151.1931840125321 -569.2408283988919
396.8582868343173 27.26253460630855 -630.1261506788643
501.8213861809757 220.7536922505858 -379.3769879317344
467.7605283667734 198.3363909013984 -627.5295860513629
529.5696190136092 63.42934728956477 -342.2107551982556
407.3376538265434 56.07635255100365 -520.8639251615086
556.6225582075589 65.27421939801967 -330.117937528814
442.3369154681936 114.8676402885556 -662.2326406165548
530.347268080105 221.7737484372851 -322.9240704407808
508.1081510532678 26.32704957965078 -568.4708216274532
556.4938481371483 163.9546682838806 -460.2599710575298
548.8362841488511 138.0362897959509 -708.4031163238616
524.869196327433 133.6588366198392 -330.0665377527117
437.4111597513082 123.2504316229143 -422.9223223771961
515.316742670334 158.9744414327968 -192.3816155082481
556.7135685038604 221.0477042444418 -248.3536160469021
503.4681589510263 25.53722457688864 -323.9197712336722
531.2454393385477 187.1403864470391 -612.016180258569
556.4604818513543 194.3695351295401 -613.4413049109376
465.2198443533343 155.1574307622502 -649.8290639252563
464.3598135761637 60.64331760964829 -382.4303969983983
515.7214338886787 190.3766698250361 -175.1691308398758
409.518311167436 63.36265122184215 -561.6518809720958
555.1675854911153 193.6362115991159 -481.2626451231592
515.0873507751328 189.2278973977763 -570.9662289397145
526.4930018724102 136.4639315235833 -446.6415338153218
498.5675344099918 166.2527994318775 -346.7939127443391
490.2425375314057 221.0975383798335 -425.8665334793099
501.5218246845893 192.6659420053865 -345.9415444977403
556.394729176002 164.8962126579336 -387.0479050137247
522.5427972007175 221.9659794118886 -514.6356446207147
515.8662830039382 162.6184694579867 -288.6365550409014
467.4791576440118 157.4674307566614 -675.7057038284657
514.7671008029272 221.1100317856448 -257.9076998407916
389.9167599827312 81.01953878881373 -466.4680884196588
525.7710320038294 191.8394069409906 -643.3632016653676
437.5274653115202 140.9861668366655 -610.1588880818812
511.3243700947601 193.6480448268115 -521.0535647724566
556.5814308919756 165.1855521898832 -433.5337880033698
466.1836821392903 196.5127249613824 -343.0393716439802
475.2968340940044 69.59166807424522 -689.3687145262516
467.1196342608407 187.7005307359609 -665.5522095257386
499.8730734236549 192.254579658499 -683.68576890682
487.0705650508564 132.6187407934276 -647.0925726391733
492.0269138521496 191.860861026166 -542.3131201513681
556.9740147363682 64.92246695217868 -409.3692209032346
466.6714727402556 158.2124327776429 -377.1028843344747
491.0452857317346 63.87502603868425 -452.167883894635
452.859041427982 67.38019123247223 -588.0086261450848
463.5315600024135 23.79718152133176 -444.9254111062369
527.6116737647534 181.5141901427389 -460.9165477095863
535.0930704909563 131.4947703365381 -674.7915201769075
507.7782450464859 157.2584975862054 -386.888251072215
421.2850359748477 23.45796984153239 -387.9177148212673
515.4202389699939 169.4630488306755 -217.3812921801514
489.690646326921 24.61493979004351 -452.0161379560367
557.035117685773 184.7838002034439 -709.1886557214848
469.096106863208 156.4276869350192 -542.7743423591296
488.103751086125 196.5058486759498 -493.6482461755884
557.1958395114373 129.8864122017915 -620.0723634593786
466.4826621497369 194.1822219259692 -703.3871274261492
559.0678226192881 223.4665326264116 -624.3163702231047
493.6637517446999 222.4177598164238 -703.2655043029841
528.8535578200836 63.68177017735141 -241.4100566723234
498.6131516891428 196.1442742275215 -391.0480376573291
515.7988924343638 161.809427409518 -101.8464306895859
478.2664561448531 153.049414663837 -598.1421241705305
443.1708507979905 151.7636218502105 -423.6530167341397
496.0692310050308 190.6080905489797 -417.157793608096
403.3867233993383 58.30725757807475 -423.3794755492736
416.8787768771499 94.96554992056764 -426.4410279134633
468.455153063854 194.6018563625839 -381.4419450341341
531.4256789733121 198.922761234639 -72.97304842367843
382.4918687086721 53.97132996810576 -451.9796758833162
496.9308261695456 131.1994470634912 -379.2446661846757
421.8382777239572 24.08961465609557 -621.8299069556188
511.70425939149 222.5614544821524 -305.8875329840724
430.114551069915 50.63079460742615 -388.7008071653075
557.2343777850734 221.3170679847787 -421.5328404647949
410.4412083545647 68.73567421397834 -493.2120901226428
493.7253794682105 179.4414299652371 -707.7657253391068
432.7453822735689 94.31740904534801 -526.8999851638262
470.9868864809161 122.3470692047762 -629.0977977326373
458.1206123135401 24.53468042348901 -591.3806777292714
557.4964718925222 200.574660168424 -581.5901404995773
493.4904852347266 223.2165953676635 -583.1069449517558
514.3464153163408 64.4097255822598 -101.9653511823213
531.7899467422235 43.95647403210833 -511.6259032859157
442.7693571575136 23.79708109668451 -352.4121715257781
513.7727183185879 21.78440057585795 -198.5477641068062
471.7818010875048 73.48686075274692 -482.0244969148829
492.5863581768591 131.1234306047469 -713.3028627619057
556.4016645247563 23.84972628839543 -716.6914558496106
473.8510234782237 22.87876052946109 -366.5453417287191
515.4919385523112 132.5429963972252 -229.9300626923733
514.6010537395767 24.04094168045697 -134.3065997349022
511.5706135118572 196.4564215160401 -714.1592487376531
514.8991439472339 24.04971771580456 -672.2147596414437
423.792200724628 23.56543088133952 -444.745454313725
510.4021227958179 197.5763858655629 -304.8816547335003
531.344946954484 192.6216237308221 -696.5657965234104
479.5662055944083 22.68493111412855 -317.3766586378837
561.2961025819383 56.51847552116326 -658.0938844405755
526.6643265301581 159.2270954053594 -637.4206349852279
398.8343927126655 24.86288105857476 -417.2632774676789
523.233041375828 201.9659969443231 -445.0080886966058
497.7995456316393 223.2744886131672 -518.3022577196796
381.8497072351989 85.68670183702942 -489.6184669935583
466.5305262821402 57.21272941829009 -316.0362530050922
527.5899527969628 132.8920770600221 -529.0518582112617
393.263650523426 103.9900925818813 -502.5003365756593
488.7136207663063 22.48419836316932 -405.631430106559
386.4855079179385 45.71345641840246 -505.3942903694576
532.2042179437859 43.99903363129662 -649.2124005771828
556.6713188697996 187.3118260726129 -274.0164244312157
429.0764697866865 59.06042864444638 -532.5333244716016
531.9935607170456 222.2091894851243 -708.537196472658
448.3056568266377 42.61035214530806 -654.7116047629791
468.9872270287738 93.65965913822777 -521.9458947116981
434.8130633114155 87.20293839519341 -590.8424591167606
456.6601216281225 116.2721732096821 -576.1325541748618
460.9693794503584 169.0347843821436 -624.406828706241
470.1394310390233 121.9854043680733 -707.9878711521608
557.9178502122602 129.8144522096778 -325.0836711303942
414.2329900987403 76.3046883497356 -467.1521649583631
478.67720682917 128.0295369751396 -669.7901415671151
465.493485157967 50.8871524290353 -735.9160038355313
527.821226847361 194.0571001635569 -326.0482610412034
423.2866477329728 26.1631073450374 -559.1792580269456
425.0728101165028 50.76987989954323 -432.521062439009
558.041198518153 191.7160780375489 -668.5051845578553
432.6291611959614 92.22547824528846 -565.9244755000669
473.1270389660496 154.8897399483752 -492.968027450272
558.0803486890201 187.5940727459291 -423.2623362591069
509.8317385983409 155.7255744241202 -559.5709141365834
558.8724017953579 224.7845317719252 -188.0444067825216
465.1877296747664 222.2596418249235 -621.2720115978227
558.8557320906257 162.0807034317038 -579.7230189091975
497.9955964399912 66.81386780971312 -617.6604655266798
442.4729280510958 105.5503038388178 -451.4716236308296
469.5393446901242 105.7366419096465 -651.7480062530509
530.1704652752609 222.1678466465071 -678.3456839899029
515.1316701191686 159.2353926610176 -487.3757542774748
514.5923285948791 201.0784576795861 -623.5222701522169
370.4683208477753 49.91379884472281 -588.3720716577836
514.3338576479483 131.0131941769133 -198.1617909395481
513.6991127295066 188.3500588436414 -100.788398451205
512.917261735768 155.3962871393767 -265.379974970674
518.5616021671408 65.55106334102121 -370.3361019292215
557.4931163122143 65.42190221123612 -455.2030802389005
498.1331017683892 66.29660711654437 -711.8814159065372
496.107837556547 191.1558994409654 -639.7508140028641
493.5927994535219 215.8672550261271 -345.5765459143502
533.6235035197426 41.08824875623358 -302.3553260791249
557.6480346334569 154.332083501602 -323.010234653501
559.486391046322 196.9002794163065 -513.8238596255781
531.1499018783931 160.3452474938227 -682.9607603973332
441.8252741902181 62.94333803462914 -371.1738474080006
463.3052462794403 72.56613888115569 -545.1978622159563
494.075890704807 189.7443585675199 -737.7221589534632
481.2433056994117 223.0527690880536 -666.6999659738927
414.3017440978459 134.14283951106 -516.1832495844951
442.4442712862622 96.18429087866873 -369.6430125022619
528.5769742591834 199.5255057032062 -489.1700801862488
444.6289965760611 84.52027741723511 -626.0723814407654
558.0179283987561 161.0027564247802 -703.5181367246718
558.7050856562508 49.13020144117083 -499.3479409638906
531.2279659252447 187.9947775090458 -738.7288676516607
468.5912829343252 196.3605649388435 -565.4826073034322
557.5991722846734 214.8877570313424 -469.9471274762042
548.9201034374679 156.4698403251564 -73.07860572479542
484.5342203530416 22.40714613438125 -592.3053248310666
490.5804374995148 147.0319082290091 -739.9330725079874
525.8515191644594 222.2396054382908 -480.9757335314957
423.3220649429597 116.7526573816886 -441.602065406151
410.0391165096361 58.55039853214942 -592.5619438933899
523.955677725408 130.730769419729 -622.213203272493
559.7325522375886 158.8041087376272 -629.3327733663878
506.4428305920041 159.9880490444269 -676.6561678352406
513.6699169875849 190.1644829218826 -139.4850219753874
522.3675564022386 157.679009133885 -328.2508876091674
558.9376401711133 159.1449789927223 -137.2183360493011
492.8249534623726 165.6306479821623 -316.638644304659
416.2725016521275 21.74997696293303 -665.0987431818535
495.4124411818112 192.8429801833992 -463.0151100697624
488.3463099985333 196.4372401455106 -314.6586639726762
559.1339294313314 192.5753181801567 -303.0998622494274
466.4029939802172 160.3566654503076 -701.4527128448744
530.1685756430727 156.9669245900449 -353.8573283462214
530.5846174623413 167.9930294023508 -561.0663116489383
557.5104638777501 22.31778195538347 -405.5161875985914
519.1284836891956 158.8178788006892 -712.7866908860308
558.1801736317774 162.848715691867 -176.6310874708198
469.7348833248158 100.623287524269 -563.2306252056018
530.0684778319438 24.12953669544354 -452.7981925147529
513.7766280110824 66.46953232610998 -193.6516307402273
453.538777511079 123.2385613206242 -606.9731452113118
466.7626348205642 155.172931309689 -738.1442035057564
530.0709367809014 65.87461853103079 -444.5171797372221
559.7412739760797 159.9901392350525 -269.4956724624292
514.0864863390295 65.8279415410166 -136.537922968126
529.9884554869885 130.9982120320668 -649.144242311023
559.1094750394991 24.27051667319854 -324.2118812500593
513.8488217650404 156.9916456325521 -130.6033405001976
394.3665376207452 99.19961999278837 -570.2131706243763
558.4584865167365 130.7871536118123 -666.9661415511374
559.8655043087291 145.9260849487076 -96.87232723121576
538.3778589804217 223.7495500704269 -101.0219567985219
559.2228280450927 186.2523131924378 -220.9538208313364
490.0020309280665 177.4184920643525 -666.1600270286318
464.7852696421309 115.1459136677561 -339.3486655112191
491.9447508941891 22.02890791801909 -517.1173525960946
440.531137595418 139.4412786459152 -651.0683987913947
492.1696626177384 24.40210161614322 -641.9293761668977
415.1806180560618 22.3050170770117 -535.0757517061467
466.4681244999574 222.6834655178352 -418.7830363341299
499.4026956137508 22.01808904806259 -713.8015699557311
504.4543457958545 162.8318078576849 -645.5175745449347
464.6683076212347 224.4566492351263 -464.3286916774959
529.4958209914562 196.557721344138 -354.2612434060676
513.614955178129 21.76163546549312 -249.4281943233418
469.6510547621003 101.289884500549 -472.6896088184931
467.3725364898299 84.73627561272284 -662.5400698736048
535.6100586284476 156.2445415705091 -162.7216527473953
470.1678775055341 90.86025204352005 -378.7605335743351
528.7916285295854 193.8190218021907 -404.8431294301707
557.2239779491816 209.2536735707719 -99.50841169738607
524.5195811356364 157.6273809812784 -738.1414801772955
468.8339664366749 224.7370617491327 -709.0859519608271
558.308820707151 191.9985842649283 -376.7096594316422
373.9325998295737 82.42954928730003 -540.9228186147103
482.5220734642007 128.3815613832314 -417.8769327836715
538.3227767119819 22.16463913515217 -364.5085373322618
520.8994633461133 223.7111265392623 -620.3468167571193
540.0097886050581 32.50725677872596 -73.37293452822436
525.5009008022132 223.8866292233702 -377.1342716345416
541.2292388712468 23.01048146582412 -141.7121839297498
433.7950100807078 81.47628519727515 -438.3670213744608
559.0030204827393 211.1132786493386 -712.9038135943958
498.6332802160952 129.7248235265186 -690.4587844756359
558.358132916831 66.01799368156523 -715.2176438810936
406.4648520727117 78.48239460458996 -528.421717718467
492.3998573870333 130.7964525224359 -624.2526861072703
512.8025526159784 44.54055108020228 -89.23830698362683
558.5356196703729 158.6731545000085 -738.5369985177247
556.3357060014664 198.0557732204995 -636.7884931190397
532.5236666400766 129.9652047519769 -724.465173675128
529.6436568649442 174.5670915926127 -583.7106515078892
472.0376297015904 145.821350321013 -456.8986189976138
519.3937881305493 136.0806874582072 -576.1736547293148
514.0578490415268 193.6010091209757 -224.312380442361
465.9105972178682 177.3122464949784 -315.1541521066374
556.7682728910231 185.7158021484371 -100.6507056033393
517.7528032628851 16.88946259157458 -631.588347080666
522.9852120426046 156.8852469373993 -404.8684527061616
557.9525607227805 154.8062467947639 -360.4388755374252
530.5904079794161 21.52649715433152 -476.1043143531121
448.788068556838 129.3417237354537 -483.9090908242133
535.7336250095334 174.1306833110241 -100.0965786931108
482.6901350159803 127.7204337029102 -479.692897161326
559.161213799434 161.5705528897233 -237.6968650590994
510.9809016073646 22.40617294202145 -489.0110330827264
480.3374227313089 70.21964988539008 -359.7962983472455
433.5569364151121 43.9848686369981 -590.6041609019659
558.4456771862828 194.7607214492294 -151.691534486454
516.0331052619256 45.03685968949632 -247.6382705885109
471.9848983558868 76.97541613910019 -632.0349436984335
467.6881960329122 21.36279440227877 -490.0257395084864
531.2113571683059 21.59223571725822 -94.28581571894863
525.5075531735724 195.0260690130348 -539.6436673216817
483.4982920633096 57.30568954893254 -670.7307749168219
544.3719305601818 225.1484870235909 -272.355308492389
498.1198872639201 67.83295353592882 -571.388924519381
532.0691716210441 129.1502352651472 -302.9478540994645
532.6678350625184 198.4147356107014 -121.0669548485207
526.2359032808571 225.1008769748796 -552.0651849617259
499.4176224665718 127.1810039253125 -740.6578688080103
560.3185556479472 21.86548601761849 -70.7619138226088
407.9293875442939 101.5823258192645 -604.3638030713608
514.9510939407697 155.8763118400344 -70.79455141501751
531.2378872560628 224.0459530735043 -451.578526598833
476.1939434932118 159.9659713873023 -344.7565486982396
539.849800710507 224.4913425670132 -212.2326095986667
559.247740285723 214.7726525928727 -670.6379427171921
383.4707954825075 48.03350677163117 -555.6790902579033
536 75.86306244796029 -69.77202973574492
444.6672102252424 132.4789219985276 -562.8837683419464
559.8399782453313 196.8865567440826 -353.5196340018141
417.6411822919895 55.18664364994071 -656.7785100462933
493.6903108158946 225.2104489148205 -640.6938301982248
541.1183148642621 175.2532066565688 -135.0137772131505
479.221161151869 176.0754956822657 -526.2158504017015
489.8462265765157 170.499484745993 -496.8278357588809
521.4497576338978 43.21803470619777 -202.1579147939265
472.4051514366739 75.59518910463156 -445.1719152480311
536.6480679751073 68.88985748605506 -191.5078105060654
540.5185982964139 152.3385216432972 -287.323421623398
380.7134638573615 31.95099283194658 -578.0838740946682
370.1716954048671 80.55945241452847 -517.0347928524998
514.290365920491 200.0614923479925 -374.4826141658517
474.2767564197636 74.58901506385288 -592.3051508740519
559.2921665264663 214.2154667738985 -383.5509703289543
554.1600000000001 107.4253338893603 -67.6313998781541
559.4362949669957 135.441443477754 -139.4788089262525
537.5553027554037 129.6832385429689 -144.2318090557689
437.3628533757655 109.8682619315717 -587.1185185096389
559.7884921315491 21.81975499024496 -739.6025700440008
459.4081048567678 27.36953955857071 -723.2057950682113
446.7215157333717 72.66202864261413 -566.1817746702931
460.8393075453951 76.70881079072858 -708.7743102356259
531.0947620716747 179.0171857222902 -715.1711606425071
534.8625888940651 172.0202909809366 -205.2759036617777
403.3997417855089 22.17795202966957 -603.0036502221382
517.1709278930497 45.6896283601189 -556.6695326782971
531.5657700446751 64.70763633304603 -557.3286901198512
383.6259780399155 26.976774488318 -435.8440172929346
501.7619021440374 68.95631227633727 -548.3848454677593
534.8277588652195 224.6576557028597 -350.3041916112486
512.7990453451414 200.5686449515776 -664.568119705518
509.8526149363754 48.41460406266456 -740.1672008873325
523.3864949545625 36.70312183651257 -528.2831234588931
466.1397588107138 199.5561064494136 -499.6492679666787
508.8629503382509 150.75972370201 -450.1732083980465
528.3481266453584 66.77082244954497 -318.7959159528205
435.572115739216 21.19985816007352 -588.6345097879603
492.4458515386487 224.7327625805692 -448.4714471805533
483.6731241977266 140.3695966764658 -511.5519177307916
535.8305993819627 179.1923336625168 -667.1803618252486
559.4359721808227 160.5728039311803 -490.6107322381934
441.1928443893786 103.3097911912864 -683.0668473857824
437.6350728168965 86.52151121868621 -666.7698450567776
528.5416318419454 42.04737426513971 -165.7595776197962
436.8512952889635 82.99106848118514 -462.1426541606722
464.8179622985101 191.0170615766512 -404.1696314584913
540.2969093071031 224.9536337286223 -140.7649445969361
536.5208299286172 127.8744134067898 -92.01747426222182
558.0794252545581 224.0764096376574 -557.5646924270642
392.5194983209225 22.02854901982444 -538.4273793749992
486.4662992519652 224.6343437294788 -606.0624284777643
516.096863829755 105.6667031753797 -67.08385005554287
533.9304862084758 210.6860718424705 -738.7328285845467
491.7095654581614 212.4270512271372 -736.9723921190676
464.9893612319507 21.52753964391903 -689.1276874245718
441.2340422534492 185.9624773092035 -502.9626387829965
462.7919541680616 202.4736942334369 -459.2311542771851
413.7521703192858 52.02198003526122 -455.2999652629931
492.9692590252632 67.14287142775362 -335.5808458121801
562.4735987197688 59.1633513656358 -154.7265078589945
560.0746244348126 43.15948297349029 -417.7460323611598
497.788056795223 67.97480368868385 -518.7284560672714
453.6351723307193 50.95258912810708 -444.1370524168105
537.4440311284471 127.9785256421266 -200.0061399138091
561.6198161213672 61.05323989282122 -306.8896741075569
494.7755802416501 224.2334308771111 -481.2485137818356
471.5166520099634 79.142930974085 -318.893917154557
501.322947899777 68.76034722577448 -398.5329412826114
539.4323120331843 223.866863749766 -295.4724988153392
511.4463707876037 128.3073423997775 -98.83383781462523
427.0091277710492 45.73944051516389 -626.2233615596916
420.261883404531 99.95938512258219 -544.9746800745393
560.3806689926326 158.9987166089909 -525.6336106710298
400.4119046660704 100.9354190861028 -462.1904830340102
532.3265527334057 223.8982151678668 -655.7098383538159
429.6423909301429 103.2694764396158 -647.6251748431254
485.9646582689245 167.7456106122326 -414.3104325163703
493.1023552851822 134.3086104399754 -357.1445756620398
502.3616665510338 21.5803149416638 -690.8075040792942
515.1996474460202 68.80268185112192 -670.6720466309655
531.1864224671306 224.0202652699396 -594.6532595145325
559.0730952751711 72.17563751437815 -505.993725897529
499.7591313963797 167.4657040672851 -610.8021521322265
530.6425709111844 67.50331489591599 -712.1324539634629
504.3306307162523 129.8560624121055 -556.1923726886463
511.4122780299564 153.9503654879572 -162.7637639936623
431.9982215118727 22.00568322607386 -417.182679063054
540.7520499040394 128.8643731365819 -578.7232748056589
491.0531055927485 225.7162906988568 -315.6275400710543
559.6938985018924 41.3341105809811 -674.6922193924848
461.0047530373414 199.9598010344892 -535.0474909200917
405.8784129712604 85.8815191834243 -507.1288764717193
454.2337012078606 142.2938066717771 -509.3069545456467
513.1758358199529 44.4833434987274 -419.2778988972573
492.7938537623925 127.6072950865258 -595.8464631856103
440.5485152264172 179.6571911296332 -586.0649200747525
472.0206329966749 53.92739397439247 -518.2822937224774
443.7048467547334 81.80384480303593 -504.3670319918558
439.7484250974746 76.28377434316178 -353.2492373694603
370.0528397002077 46.45183851769258 -468.7288530358963
534.9117666959647 65.68944772290332 -590.6983374295183
495.5281449710935 224.0186205993838 -400.7334904929733
419.7575498213023 21.27663500843477 -512.6513948188132
444.6570414502889 80.85678096667203 -414.7841734826364
438.3385030640591 156.5411377468114 -462.803562004162
483.5257030206514 172.0762199716289 -587.368161963721
530.183907422923 225.482945298136 -189.01178826662
532.8667420744229 129.7581226954649 -369.7078007994626
536.0000000000001 121.0165330378384 -71.16535911276627
491.1558385858305 45.56749519965024 -608.3293353796738
491.9896779353077 176.824400743794 -434.3593928691774
389.7727825073961 46.98546073752286 -622.1327079865332
559.2278448368442 168.3839374348094 -342.6585898040386
533.8294557452103 68.15846667667199 -280.6073972984189
541.5026793914013 129.0047210570578 -473.9392943293805
532.6865482923974 157.4782111590371 -117.7328414549013
505.7200291820751 130.2107062090453 -479.0762865286832
501.0196419030856 43.8742146445307 -452.9303489210039
486.2589516449788 168.9635005693445 -740.3476632139153
488.1035068960117 179.7241067564332 -375.8083032208824
487.2725655625698 43.47365120707347 -580.8196992139654
472.5804660383398 45.06609548018106 -556.4961847905594
459.6898455364301 146.859996156647 -396.7574880774679
546.9100750537508 27.73004765790909 -304.1743117226566
424.7127028541574 21.66180738419886 -482.5517244768545
521.4995834334143 21.48036815776407 -715.6420856311138
416.5045705383531 65.50529944628151 -398.7893457213901
561.0004100436234 195.7740919192161 -690.2146211098888
536 70.1742256586285 -90.82858037939707
438.9322805067313 143.3132415483153 -403.6227164502322
451.0416812498218 72.22664778846888 -649.1958105500188
559.3102385956353 20.41003355178906 -451.509045375763
464.1899257540976 127.4854041209042 -363.878641484804
561.3047834719293 23.07829068040621 -150.8612631431252
561.1865673225964 199.3267697833722 -559.3264917794982
559.52053523799 153.8549808680771 -607.5813211045498
491.0267462720428 21.14140141949017 -473.9407265392726
454.6076186414912 117.8382170775317 -540.2185253566728
533.2684574320639 202.2190031031499 -215.0584310482771
515.5632169153835 196.9505864707168 -471.3719225040379
541.2573929525119 127.0175387963136 -178.3902962144251
459.9612639661391 128.1551573982539 -681.3313909858506
462.2716780972591 224.4995357102071 -313.128121613554
561.6278449659361 70.25863916512692 -742.3535978117222
538.1086150403861 128.9046060133319 -507.8727169172257
553.5392803820948 21.49720007038534 -475.2628006418674
561.26919947719 42.36824762051661 -478.1077167727705
559.1188787049863 197.4895204501377 -325.1047610959718
455.3080258252721 50.70060719656328 -610.6741982525277
530.1402479958505 19.04493243864248 -652.3365694568221
488.6431257927915 63.45936589438242 -637.4206398152052
486.5027638457103 44.46982661408418 -649.2701699758062
435.6336078304684 19.62494082781377 -691.4432531477835
410.1112520194245 83.22358548102531 -571.333619530002
429.5122066156458 154.980992958127 -487.3536689270845
469.6110288699252 120.0302727510922 -402.027879355176
497.0618809572698 203.2166402145036 -560.5537310277956
510.3739392526547 197.2154111045425 -80.4734781570609
560.4590304258865 213.2453127393325 -140.0278461788906
561.2125421815587 154.2500218774301 -301.1534310570827
512.3034200525681 45.26019996597602 -128.8511103342521
509.7148572621491 48.77206958137734 -381.5351951907654
502.5774452601841 41.75084399489061 -309.6018691325467
522.2775712790882 67.90443968913624 -517.8764375286112
562.2733342348168 135.5178982398217 -474.1629985437694
495.8045072464662 226.6696639261986 -560.8452343743783
462.5159429921094 226.1092744800062 -547.0163199033177
539.6745820642222 199.7664981595175 -240.5015033612116
536.0094948687391 53.87157628702526 -70.01883709907972
552.7698740683085 199.1739046590226 -69.01848310957905
561.8118192765444 157.6306885997495 -558.0845409663671
546.0359318745436 150.5026953036599 -474.1317673006962
537.3932692261319 224.2630958392892 -430.4913721833666
393.8730939774559 114.5522472192187 -530.6034084133063
518.5435687145333 18.18272645037943 -526.2170226631882
434.6693902507889 51.65931787564433 -683.2921483385439
432.1887670558842 118.0710253843509 -512.8510685911102
509.9992759601213 21.36780489728059 -444.3615013152154
561.3477152347109 127.7621635723248 -347.8163739847658
561.8734662980064 129.839676397538 -541.7676756182633
558.7975224003426 224.768515568444 -334.2781114820385
458.1128150774726 20.74049336971405 -619.6294885238779
464.1412973586698 226.2284343474761 -595.2484872597565
387.1600103072097 100.3780916221494 -545.897101710477
561.8209974251189 125.9827224271611 -244.7296297435242
533.2190870665961 216.8525371189821 -533.0387559916893
462.5262061829838 20.61295480031432 -742.8544217292397
518.2755396188606 17.22218639274773 -285.3113056693906
536.2718447218773 95.38575378304479 -66.10995269295829
518.4374061518774 162.3584229419695 -466.0123206512513
509.8997726129728 64.97428630109118 -157.8203552840333
462.7877052503645 201.4320773851827 -723.7553007718872
464.4184695966829 147.4424106014471 -432.2047821129699
444.4444769647813 52.53299398171615 -476.2225091384083
487.6607736260331 142.5651909581156 -313.7209835634304
560.7188946394404 20.68110536055944 -111.8470474683713
438.3467730617085 167.0010209256657 -615.3194113162457
457.9382308473807 47.27723655615071 -423.1026036448552
558.8855677893707 42.43401663575138 -77.7582436733563
524.5095781073763 36.32527343740753 -632.3872417231001
534.7938924646108 226.9344993723304 -248.9371764262471
397.3881700113829 69.9380133798865 -620.5876277480536
562.2434251495206 127.7057412577364 -440.8163014971686
539.7739080080006 126.4824542034232 -414.3676400067465
495.7549320304892 125.906689174966 -536.7666666666665
438.4775384830046 19.36047982409453 -715.6638641158059
451.7122093790638 19.72942797065469 -518.2035784361257
456.4307315425586 47.47943809204983 -716.0513697232694
534.474825139827 15.67406896329786 -302.197692497326
538.7949823747723 68.73874217815249 -259.7406344051214
561.3328439543878 41.69126783999829 -106.5033869345339
528.5252674981652 64.00633193848945 -485.4896139618868
410.2427816710583 42.11785131332631 -565.9097520601832
497.0981580633737 165.3544778079808 -538.6017185628207
560.3703057213263 200.5333545007819 -254.5094765700438
562.4605455180058 209.1563728695905 -404.3791277057226
530.2683877131404 176.5741511799191 -296.7898756006674
512.3724309177575 208.330684218781 -187.2237570127795
562.2914308029057 147.5994894523186 -507.5101837488172
540.125154968491 43.08081202856739 -683.7650847063048
475.3974518920787 75.29209847507855 -421.8329287965875
479.5651185464335 19.17241235240091 -658.3821369967493
562.2766286410831 222.8210110459748 -210.2737887669621
505.2183598076074 187.9809773080021 -325.176516278712
536.905824983873 126.9765130257469 -230.8800839689473
401.4799613298659 90.92796639454677 -441.4894244537078
459.3353827000365 50.10838400673197 -335.96324244254
477.7515709394763 195.4743607518547 -441.5767672593203
509.7559012472852 26.96607021814002 -407.1670721690542
517.1354658342705 151.0575624781586 -619.882521343041
494.2652344703545 226.4602124471159 -539.3360221884732
500.303939032315 48.99496966785303 -539.3701284994462
505.3572527802062 43.1642897171676 -490.363343974041
460.4242287238529 195.751997149113 -479.3950728980387
562.0287391327519 227.6171855711054 -68.36644989383475
511.1082805762113 226.8833688688501 -339.3310208565352
426.7984397545182 91.46663929972595 -479.1637921567304
537.4157138749541 68.93583561405205 -616.30326453651
419.0922358296258 132.2070174452932 -455.507639148686
463.5174409377403 209.7112005791436 -663.8426538976217
527.7663339845213 41.57507651881098 -465.1383265327092
516.5319122773051 19.29010277680435 -368.6194703633801
462.0256803951075 174.7418204886439 -336.6670658893805
472.6982615540299 96.82636131692453 -720.1973495066293
539.0570517780853 69.64773375295418 -223.3262429971715
539.9206972571029 176.6381859145596 -426.3992438079344
463.6820331645285 199.1057323852407 -313.7666939989725
524.7696175757027 37.97180255273919 -285.8846420682377
538.4534182883339 195.7296550443086 -281.464428094608
510.4304347074779 70.04565749909251 -742.292000086654
540.5289680858499 169.4093278466916 -619.5832024820639
480.3488325019082 65.54903367483416 -395.7762136583145
491.9890417921649 204.8575724586474 -600.0745031467193
429.9013729905929 60.16307601394821 -495.5081622551636
541.5863777516663 71.52457891970369 -741.9031697898155
457.9668867919412 178.5648432621262 -605.4989307322587
400.9573330168385 19.76855354937841 -649.9788499553692
503.9494170826913 185.425116421351 -502.7557887671861
561.9665618864152 224.7908174792424 -506.5806340625728
438.1061185362797 81.47195745254341 -696.329904263418
507.7135936094394 127.664049719295 -410.2949753116596
510.1441680619404 227.6638985387856 -68.91697932486167
539.1179466901463 155.2195105676514 -229.0194065502996
562.4691594418553 166.7986048668988 -91.86958524943955
561.9550177523458 126.9818584709399 -185.8149530160472
512.4051044547963 150.272730106076 -590.4939656542738
509.7261626182899 201.0660089339913 -265.5378478694495
501.0930980516284 70.94857134459612 -469.4490846585855
463.6319366450646 36.49302190846287 -319.2639641569939
403.5684569162058 48.55122016539342 -492.951018845312
511.9001694587312 227.8706740844 -712.8721268204632
462.7345496998868 142.1633456019059 -713.712209562896
527.3946104815032 226.7797667508494 -411.6599214205157
458.0273237800549 18.94512380588837 -380.4013143665846
511.2880630091078 202.0286380173635 -157.4530671622357
551.5597235790033 40.57776541905052 -364.6520769530453
440.4390147740654 18.11349584714907 -656.0418934086352
516.7458655809673 19.17239710942282 -596.9263434434238
486.7974045933319 158.0692978768569 -684.6333650519724
534.0112643044248 184.2487389117775 -263.4962572273673
543.9056461760629 49.12830149907239 -335.652929948846
560.7979829000479 201.9052426061259 -206.6175560308114
484.275659689957 154.7901918097433 -388.5626640319849
449.2954145780393 189.5436339344452 -551.2164204770992
509.045920071896 68.7397291802986 -284.030116403735
554.16 85.33211804531233 -67.72075050441438
443.6481256157047 20.67351154774788 -451.7463316197233
461.6704688410675 167.3905461027926 -721.2065229950896
511.482926436281 197.6785529469707 -119.7401884355042
510.3103863186816 158.2316640333474 -362.5686818254776
534.6056903889415 19.31388380792231 -680.4234257466146
479.4155056316087 124.1035054207754 -572.7486344033809
488.9343485517414 226.8984246394771 -363.3709210159755
511.5501813586677 124.8936759747807 -179.2996275571999
559.5609210555951 44.82438643772423 -715.7176074600891
508.9899596827066 176.1615575515501 -263.3742418290839
517.8399999999999 85.22740191290814 -67.8090999022067
449.9137832443644 115.0668784764045 -375.2381251038716
447.7370876659847 110.8343863677544 -409.1713155227812
386.8087686908851 48.03321351754109 -431.9717885780383
471.3043985331439 114.0944812768431 -512.6045700792851
441.7271624069732 74.61139112187641 -525.6347511316665
462.2292104721003 201.889320965959 -422.6119036797535
508.5267938468731 37.67404620801504 -161.3161278358978
532.5848933934654 190.3375266893688 -559.0614113473068
471.1187675251979 111.6719478213479 -382.6172987567745
562.7449657742274 174.4462980722269 -407.3228556031002
540.7534851065126 227.5730329025141 -634.1304023731357
562.3912549086849 127.4440809555136 -578.7248408119661
520.6266233647024 15.86149894597566 -182.015483611459
492.5746168534023 188.6691423613917 -619.0374410075063
537.8885894456192 70.32186441322932 -537.2232723455872
504.6096698677604 42.58110345947908 -336.400261755196
497.2762164216492 126.7865580671843 -503.0220737276637
433.7284072609008 41.39291785040328 -450.3008312089251
559.8737693451271 18.84447355087205 -364.6528674087713
513.942799688066 128.4432572039825 -710.3676722555465
542.2042020072421 127.1985032781782 -257.8753478456975
520.3032916273944 187.462718525245 -679.3239528030552
486.7263776715497 18.70149968984956 -382.8966147439299
539.841887117365 67.93762546727689 -369.671850611176
518.581883466767 69.75038832092018 -650.200621970159
403.2608980823323 117.1495443718277 -576.9476127070205
514.6664637799994 200.3498820061324 -419.0634972059132
562.2904513826441 17.38185307853275 -676.9486280393005
451.0689441722425 112.1353401529447 -495.8664663120675
458.3970209060707 67.24579174799136 -670.1388464575195
480.0386860687989 142.4637816334475 -562.4180649427443
407.4185869599876 86.72962645818482 -629.4479369871007
462.327872365935 150.6134149464301 -357.7898507436177
498.9802530360482 126.0435802820378 -322.0375051785908
415.1893543631207 139.7504090198576 -491.5400691747203
385.0436078837868 44.08488014317406 -526.7481465431426
456.7058679278564 120.8888918241556 -430.9982744377666
520.050622228145 127.0528411688714 -740.6416587407188
562.4624904518057 221.6121635766983 -582.6212980166205
461.6637459939034 137.4834635659355 -574.2131652918354
539.9388946670533 153.9321952405667 -599.4403568359917
397.7456893324292 18.58381240476755 -580.1682756765023
472.7834109182366 95.31233169570841 -582.0688352936769
462.3436305602904 45.18866227309209 -575.0118843694748
552.8262388324262 126.1846795616636 -690.2428494957462
508.8538797179739 40.66109988463248 -683.5492053411069
537.3828877747076 70.54106240641175 -405.7046924535541
461.2502183920262 18.50200871263347 -310.7295164884963
366.9616755593902 20.64136729946416 -447.9453611679609
428.4017749806267 148.0491003547762 -592.7766503734591
398.9811749614316 40.63104444241372 -594.0627117601249
483.9070914007717 20.1661229106534 -680.9613036732849
544.0940311771996 186.7408103465008 -342.8626137554822
424.5866360040653 66.33137237835959 -623.1673201317005
528.7801005017229 207.3624587394862 -607.128355805189
520.3620806375343 37.80013578716837 -580.1330351166321
557.6562641064739 72.41682350646023 -649.8704991834169
505.9264297419624 128.5870816171767 -341.6201759464295
463.6415212653785 216.0240057717797 -483.4486572997616
535.556929696866 42.94420838744104 -427.5979950897915
472.6087686413503 92.1959916510952 -397.7115957737016
563.4497895847463 126.2990816173842 -95.13000249367362
507.5795135055126 153.6581442999183 -507.4762324152796
509.900125256372 170.3108144551863 -175.6802871428058
561.0267976645505 204.1243973317428 -185.8492028710692
376.4432799267733 69.9656120195624 -583.7735501490411
543.167178194176 139.0864022828472 -542.5439358991516
539.4967890935103 19.54459911790504 -705.0469201690066
525.9656871977993 161.18513608612 -425.0660789167019
508.3945382849 206.1818482027623 -245.3935623470596
534.9166676831259 154.0224728138594 -491.4225190925451
500.4800310530631 227.8100478313672 -621.1603219077632
430.5960399743362 116.2479518242412 -533.5395698081484
480.2783192612043 19.22756916648139 -433.4058450378754
482.020089051182 71.91975781731794 -554.2997154232714
487.6606419828901 46.16140952785008 -348.2047153209791
467.5786807942889 175.5702141577296 -565.8693606023215
473.9868659853082 119.0781624806424 -608.8955152691603
489.9297856198562 19.40825728792217 -560.3500564153087
530.4627022610315 222.3602103202391 -68.32965725768761
533.6838226008808 55.57676000065722 -525.9477813659265
456.4301429299869 18.57276676362702 -566.0113405742969
563.2872874405663 177.1921766666862 -551.2268894614862
512.9785645526633 198.1997730930403 -742.3863355667935
456.8143008083353 171.3773767456052 -429.3627050537725
562.9412110934952 174.788741931557 -616.3653721913481
552.5977987661248 41.63255161696605 -657.112953836594
468.4095895533426 45.07230291434884 -659.4332503267979
440.2885414964529 57.82328786506961 -420.3020222474387
528.0369263524924 47.22203210149215 -717.3603738861998
556.9428701894856 42.98032494274833 -397.2524880072342
457.6672642145018 68.7046266937177 -496.4283587441244
474.0572298444759 197.5094536459202 -648.667165626061
507.5604744239669 201.0906553639601 -586.1953659429666
531.9777221854139 129.243054143812 -349.0171840955964
545.4285172182456 72.34419382320127 -173.0093159220702
417.6110248497161 71.54010429120726 -544.4338861332809
535.6568840186567 141.3370946019725 -69.99732992149444
528.5306156318389 175.6748455719934 -362.5524895959588
561.9086901695307 153.607122631869 -403.5110584067995
561.7830427124076 183.5132282844217 -464.4698762877181
394.7485953956272 85.63994790831866 -607.2030759450005
474.541037387525 108.144299321459 -536.7666666666665
465.0935605778294 168.1220280002465 -471.1704815546059
455.6514573002926 141.9075861514449 -598.0035874833341
399.3890545816212 20.90371210479734 -449.7920296636403
467.6693421445132 44.59703200428869 -698.9553499903441
478.3542475371488 184.5869375906012 -507.4154818688443
535.8179434704765 171.1882632988237 -67.15623208538149
430.0474878193619 164.251160031448 -544.8633901560569
540.2891779627041 164.6294625158997 -247.3560021009718
509.4215142778412 227.28239332738 -178.5610826279298
533.4447950563538 19.89229145244787 -338.9236271469265
535.5844807006712 69.63347045344565 -674.8707090053257
541.6105051852145 160.9521871803495 -334.9201911453678
541.4538396813335 33.10670670518829 -157.1335279436973
398.7764225295537 111.0630627660416 -480.2677887540409
454.3474268454486 19.72952768504412 -474.3899707945615
464.1495043652754 21.36230960700468 -534.566577876769
480.162197022483 196.3983102654676 -678.9400863370619
454.5519860569162 78.66228872120116 -384.4417154538152
537.7867644569483 164.6461581262916 -701.9961251794331
461.7513479256984 213.6253913579226 -400.5323858377272
561.6353835764543 46.39868160941447 -694.9190391391411
378.3061166737097 42.71147810822956 -486.9771248455897
561.2424575569308 154.7351400971131 -157.2640174272425
548.7662836023468 156.2402892039516 -646.5816696061585
542.5179775121201 185.7543874959227 -495.4510047270088
510.0234965299651 128.2810939311836 -130.9760144541189
477.4371031543962 42.53350536597504 -483.8800446950887
509.1815033279667 65.94967570541178 -233.944701992845
561.0553825563109 149.5198652739288 -720.3000881190798
479.0173902943595 18.98036378721298 -714.3306879967539
372.9734983436421 59.72831628254374 -501.538112045915
461.0954261988584 225.9665149943908 -333.4921059543557
517.4504373105949 45.10050379634112 -69.23666338559589
487.6388569155839 227.5553367561288 -722.8296944176932
481.1361276160702 148.7207457915887 -420.3475837165623
442.9180830603142 104.1056412749908 -631.9869830739082
403.8618689495152 21.12710491122057 -397.9940918595863
462.0100525693837 225.9891682295185 -676.9380006257908
419.8641163209541 109.025425172342 -563.3729922583109
456.40213413471 147.0366943074891 -529.6809756985081
474.8563233833826 88.54565734615046 -360.9666666666666
452.2267779300174 153.7111055441102 -564.8409971291148
494.9765459821235 212.0653491053163 -685.621936731113
483.6948634230023 65.75676793775587 -310.4459135549004
561.8899514912022 181.175427434587 -586.4992419179488
508.634880876505 126.7666626236149 -452.163000605531
559.2288525037741 126.8631533518915 -507.0129557074936
554.8854442979666 200.5330398597632 -743.1072428741051
510.1734087145788 61.10260076357642 -445.3942838480331
416.0393155994549 144.3082369492173 -556.1843061298383
422.8748987042837 31.42818412155647 -602.7513377870927
416.4360229969897 78.22926342415755 -590.1428185916792
562.354570253603 204.3330807651142 -539.4595504152867
454.390862603293 87.32633718415401 -596.7791645082718
473.72861846355 96.96112508933031 -685.2784654471263
451.553886829689 167.5944232915265 -518.2544725149805
474.568400795266 201.5481801465727 -741.6654672555512
504.9960559129715 161.2069548463629 -743.1566885599332
520.0583092253943 228.967206167413 -100.2184313392901
456.0781399350499 40.44396904299627 -628.341824422477
539.8652599912095 227.4584011322171 -613.7101476920943
539.7265083966239 125.2763149867301 -609.9414892719821
561.956628607113 228.4919440612031 -484.1736487307257
436.0056969400483 148.2031237774485 -442.2761080465009
513.0921632941599 71.33327275834694 -332.2205844826548
542.9187377878415 69.8675396600878 -695.98860277215
399.1493625163544 121.0996489329634 -511.9852712563398
535.0403475627099 125.5008233180289 -123.4451957641045
532.7204266208362 193.3332981448006 -186.0657258849129
536.6396504707658 45.82866691403361 -388.6050849730529
541.7049464328633 226.6885279732278 -509.0784121228225
509.5158441155434 126.5897803169783 -607.832093477333
478.0946525285846 48.20163805924153 -461.7590517647222
452.0730065598563 71.2847654768761 -450.1040837540734
531.5378947127699 20.79493289399957 -122.5321165334468
454.1278037358978 17.5055727921134 -427.9379432417559
428.6795889585066 20.50812539647438 -367.6901864226534
561.8990115003747 215.6461993436637 -268.1045484037442
441.1409491401604 190.3017240562945 -522.8704605197127
510.3848222234798 176.1625348850193 -235.9557379385251
562.8512380974745 46.72252531568041 -342.6671751672918
563.1822388117088 164.283886487401 -680.8684311206188
422.8557393434532 74.72320964804673 -659.2099357201607
536.6020183930323 14.28207602296056 -509.8869824532262
564.0335467690084 149.0606563316685 -252.9302070173462
563.7090006531305 207.1349252930381 -496.9354907585949
531.4120666131214 189.5432820226039 -162.2304210338995
492.2788997576974 172.7395310212105 -631.6818901338794
479.9945021194974 63.91616421957224 -608.6473993195551
560.1116191228566 127.2924203691413 -414.1450777349172
524.2886147036054 210.979343280961 -339.5754672386822
505.3558762394111 127.5658466965706 -654.2062728299378
453.003455015268 41.17030410344677 -523.3295321888374
457.8300048568548 142.0492723060046 -666.6766993509729
475.6664587635685 228.4821127987686 -400.774307391704
462.4922674208858 88.09680385159784 -430.8618048189164
487.4562826543346 42.90752941994069 -714.4908601080914
539.9288861661623 125.2136654683131 -435.2368580122121
404.5265910381978 78.66124874276674 -425.3712069910243
539.597894644389 57.30847829297852 -460.2441365335298
539.8658263961066 170.0807488316201 -742.6329503180447
526.9110212218081 47.8103185655949 -229.7477635968249
508.9547967911646 129.7417755765231 -269.9784503083761
560.2299866594199 229.1934848808684 -403.1782281079812
470.5179840735086 141.3633950572949 -636.0025999385532
437.768716617241 167.7245660189341 -434.5768224346567
437.6989971980995 175.6302802580541 -454.0450287281517
424.1968986376556 45.77609565102135 -516.5309445244238
502.4092327239929 152.3629576633017 -473.2367071474313
562.8778416734918 164.1575639891578 -196.6648168681459
486.0059449841255 152.6690592401277 -527.4287430990602
539.5746483838985 21.89703431910055 -396.1976500342337
496.7465245727934 19.87088270143151 -608.7707922055671
479.1577345754707 188.7601456937531 -474.2895451580357
529.4147241534798 44.37426621672049 -348.8842604571842
473.0807998246261 80.66712758087012 -502.0176756781174
557.5438904373676 228.8321328137274 -229.3498681021133
429.6673830982041 123.2918896388594 -486.1547558297758
562.1320359767078 173.7336065648427 -309.8059915442983
562.0453514224031 46.62031676749289 -446.2812720894563
563.2683189862344 185.3051697165807 -497.753954064916
510.6449388687554 225.9734453027596 -223.5361461522636
561.4278401027829 226.6768330312366 -295.4038735150439
529.6593723830136 227.2575825576364 -727.9721079059908
510.447103851389 23.67996910779677 -95.50742651122458
538.9077488965366 126.0248505074061 -284.0663458824999
461.7812450285638 141.3369960395879 -312.0228580713807
564.5216473656737 17.58614175780427 -655.0296605024727
486.2061017458815 195.4666281082591 -698.1394380121234
444.4721753047294 54.45665541996519 -574.4919942304941
380.6734873701777 19.15364308628741 -618.3863618517996
365.583225549433 18.99507746302901 -604.4508764151487
473.4007264933039 94.21065655155415 -609.6796935649861
375.9702700451856 67.92899144292065 -463.6591316343978
542.4928727617961 214.8909789855098 -177.167122250561
557.60321653963 228.5266215899844 -107.1511496238727
564.1834979235364 225.5283070017954 -88.31679807569803
450.0438732451897 90.62083824983129 -476.5915760083715
424.1867226113757 121.7376285139676 -621.483456325881
541.0974585789482 124.7135286154213 -631.4497769606509
508.4234760769295 147.7826189476073 -207.6737664736479
470.1889646669422 200.4270652160167 -362.3132421871383
512.2078186069488 227.6342488181586 -446.1733657316388
461.7308183682809 132.6915603795421 -745.1654072815637
432.8349909444308 36.78461553236549 -545.0911128555196
496.0273657653078 72.23348696507676 -674.7030170371319
468.6643801984372 16.88416998536023 -402.7219936266931
482.6209174291002 42.75808090003893 -376.8033026050044
564.3938038438027 178.1129429943965 -141.5389696264716
506.9977076406442 156.780368528665 -305.6098663918708
473.9589452740951 116.4518082630349 -689.2633055537952
498.7471162398827 204.7733849788135 -478.866214675655
418.1782859336965 40.75550693922327 -670.3311516656967
535.6006506745019 140.7630817209128 -741.5814204246062
$EndNodes
$Elements
33 20733 1 20733
2 1 2 22
1 59 1 626 
2 1 68 626 
3 2 62 628 
4 63 2 628 
5 3 63 628 
6 64 3 628 
7 4 67 626 
8 68 4 626 
9 60 59 630 
10 67 59 626 
11 59 67 630 
12 61 60 629 
13 60 66 629 
14 66 60 630 
15 62 61 627 
16 61 65 627 
17 65 61 629 
18 64 62 627 
19 62 64 628 
20 65 64 627 
21 66 65 629 
22 67 66 630 
2 2 2 72
23 1 59 653 
24 78 1 653 
25 62 2 654 
26 2 77 654 
27 5 69 655 
28 73 5 655 
29 72 6 656 
30 6 82 656 
31 59 60 648 
32 59 648 653 
33 60 61 631 
34 60 631 648 
35 61 62 649 
36 631 61 649 
37 649 62 654 
38 69 70 637 
39 69 637 655 
40 70 71 634 
41 70 634 637 
42 71 72 641 
43 634 71 641 
44 641 72 656 
45 74 73 646 
46 646 73 655 
47 75 74 632 
48 632 74 646 
49 76 75 642 
50 75 632 642 
51 77 76 635 
52 635 76 642 
53 77 635 654 
54 79 78 636 
55 636 78 653 
56 80 79 644 
57 79 636 644 
58 81 80 633 
59 633 80 644 
60 82 81 647 
61 81 633 647 
62 82 647 656 
63 643 631 649 
64 631 643 652 
65 631 645 648 
66 645 631 652 
67 638 632 646 
68 632 638 650 
69 642 632 650 
70 633 639 647 
71 639 633 651 
72 633 644 651 
73 637 634 638 
74 638 634 639 
75 639 634 641 
76 635 642 643 
77 635 643 649 
78 635 649 654 
79 644 636 645 
80 645 636 648 
81 648 636 653 
82 637 638 646 
83 637 646 655 
84 638 639 640 
85 638 640 650 
86 640 639 651 
87 639 641 647 
88 640 643 650 
89 643 640 652 
90 645 640 651 
91 640 645 652 
92 647 641 656 
93 643 642 650 
94 644 645 651 
2 3 2 22
95 69 5 659 
96 5 87 659 
97 6 72 657 
98 88 6 657 
99 83 7 657 
100 7 88 657 
101 8 86 659 
102 87 8 659 
103 70 69 658 
104 69 86 658 
105 86 69 659 
106 71 70 660 
107 85 70 658 
108 70 85 660 
109 72 71 661 
110 84 71 660 
111 71 84 661 
112 72 83 657 
113 83 72 661 
114 84 83 661 
115 85 84 660 
116 86 85 658 
2 4 2 20
117 83 89 7 
118 8 10 663 
119 86 8 663 
120 9 91 666 
121 92 9 666 
122 10 92 663 
123 83 84 665 
124 89 83 665 
125 84 85 664 
126 84 664 665 
127 85 86 662 
128 85 662 664 
129 662 86 663 
130 90 89 665 
131 91 90 664 
132 664 90 665 
133 662 91 664 
134 91 662 666 
135 663 92 666 
136 662 663 666 
2 5 2 8
137 12 2 667 
138 2 63 667 
139 3 11 668 
140 63 3 668 
141 11 93 668 
142 93 12 667 
143 63 93 667 
144 93 63 668 
2 6 2 8
145 5 13 669 
146 87 5 669 
147 10 8 670 
148 8 87 670 
149 94 10 670 
150 13 94 669 
151 94 87 669 
152 87 94 670 
2 7 2 12
153 2 12 77 
154 13 5 95 
155 5 73 95 
156 12 99 77 
157 73 74 95 
158 96 74 75 
159 74 96 95 
160 75 76 98 
161 96 75 97 
162 97 75 98 
163 77 99 76 
164 76 99 98 
2 8 2 20
165 11 3 672 
166 3 64 672 
167 102 67 4 
168 103 11 672 
169 100 14 675 
170 14 103 675 
171 64 65 671 
172 64 671 672 
173 65 66 673 
174 671 65 673 
175 66 67 674 
176 673 66 674 
177 67 102 674 
178 101 100 673 
179 100 671 673 
180 671 100 675 
181 102 101 674 
182 101 673 674 
183 103 672 675 
184 672 671 675 
2 9 2 96
185 16 15 698 
186 15 104 698 
187 127 16 698 
188 17 18 676 
189 126 17 676 
190 18 149 676 
191 104 105 682 
192 127 104 682 
193 104 127 698 
194 105 106 685 
195 105 128 682 
196 128 105 685 
197 106 107 686 
198 106 129 685 
199 129 106 686 
200 107 108 687 
201 107 130 686 
202 130 107 687 
203 108 109 688 
204 108 131 687 
205 131 108 688 
206 109 110 689 
207 109 132 688 
208 132 109 689 
209 110 111 699 
210 110 133 689 
211 133 110 699 
212 111 112 690 
213 134 111 690 
214 111 134 699 
215 112 113 684 
216 135 112 684 
217 112 135 690 
218 113 114 683 
219 136 113 683 
220 113 136 684 
221 114 115 677 
222 137 114 677 
223 114 137 683 
224 115 116 691 
225 115 138 677 
226 138 115 691 
227 116 117 692 
228 116 139 691 
229 139 116 692 
230 117 118 678 
231 140 117 678 
232 117 140 692 
233 118 119 693 
234 118 141 678 
235 141 118 693 
236 119 120 694 
237 119 142 693 
238 142 119 694 
239 120 121 679 
240 143 120 679 
241 120 143 694 
242 121 122 695 
243 121 144 679 
244 144 121 695 
245 122 123 680 
246 145 122 680 
247 122 145 695 
248 123 124 696 
249 123 146 680 
250 146 123 696 
251 124 125 681 
252 147 124 681 
253 124 147 696 
254 125 126 697 
255 125 148 681 
256 148 125 697 
257 149 126 676 
258 126 149 697 
259 128 127 682 
260 129 128 685 
261 130 129 686 
262 131 130 687 
263 132 131 688 
264 133 132 689 
265 134 133 699 
266 135 134 690 
267 136 135 684 
268 137 136 683 
269 138 137 677 
270 139 138 691 
271 140 139 692 
272 141 140 678 
273 142 141 693 
274 143 142 694 
275 144 143 679 
276 145 144 695 
277 146 145 680 
278 147 146 696 
279 148 147 681 
280 149 148 697 
2 10 2 375
281 16 127 743 
282 191 16 705 
283 705 16 743 
284 149 18 837 
285 18 153 837 
286 150 19 838 
287 19 186 838 
288 154 20 839 
289 20 190 839 
290 187 21 836 
291 21 200 836 
292 127 128 818 
293 743 127 818 
294 128 129 715 
295 128 715 818 
296 129 130 784 
297 715 129 784 
298 130 131 714 
299 130 714 784 
300 131 132 804 
301 714 131 804 
302 132 133 713 
303 132 713 804 
304 133 134 805 
305 713 133 805 
306 134 135 712 
307 134 712 805 
308 135 136 827 
309 712 135 827 
310 136 137 711 
311 136 711 827 
312 137 138 832 
313 711 137 832 
314 138 139 710 
315 138 710 832 
316 139 140 840 
317 710 139 840 
318 140 141 709 
319 140 709 840 
320 141 142 803 
321 709 141 803 
322 142 143 708 
323 142 708 803 
324 143 144 807 
325 708 143 807 
326 144 145 707 
327 144 707 807 
328 145 146 801 
329 707 145 801 
330 146 147 706 
331 146 706 801 
332 147 148 808 
333 706 147 808 
334 148 149 732 
335 148 732 808 
336 732 149 837 
337 151 150 819 
338 819 150 838 
339 152 151 700 
340 700 151 819 
341 153 152 823 
342 152 700 823 
343 153 823 837 
344 155 154 769 
345 769 154 839 
346 156 155 730 
347 730 155 769 
348 157 156 776 
349 156 730 776 
350 158 157 722 
351 722 157 776 
352 159 158 777 
353 158 722 777 
354 160 159 726 
355 726 159 777 
356 161 160 763 
357 160 726 763 
358 162 161 716 
359 716 161 763 
360 163 162 761 
361 162 716 761 
362 164 163 733 
363 733 163 761 
364 165 164 717 
365 717 164 733 
366 166 165 768 
367 165 717 768 
368 167 166 728 
369 728 166 768 
370 168 167 789 
371 167 728 789 
372 169 168 727 
373 727 168 789 
374 170 169 778 
375 169 727 778 
376 171 170 725 
377 725 170 778 
378 172 171 795 
379 171 725 795 
380 173 172 724 
381 724 172 795 
382 174 173 791 
383 173 724 791 
384 175 174 723 
385 723 174 791 
386 176 175 790 
387 175 723 790 
388 177 176 721 
389 721 176 790 
390 178 177 762 
391 177 721 762 
392 179 178 720 
393 720 178 762 
394 180 179 744 
395 179 720 744 
396 181 180 719 
397 719 180 744 
398 182 181 796 
399 181 719 796 
400 183 182 718 
401 718 182 796 
402 184 183 759 
403 183 718 759 
404 185 184 729 
405 729 184 759 
406 186 185 793 
407 185 729 793 
408 186 793 838 
409 188 187 825 
410 825 187 836 
411 189 188 701 
412 701 188 825 
413 190 189 820 
414 189 701 820 
415 190 820 839 
416 192 191 741 
417 191 705 741 
418 193 192 822 
419 192 741 822 
420 194 193 704 
421 704 193 822 
422 195 194 814 
423 194 704 814 
424 196 195 703 
425 703 195 814 
426 197 196 841 
427 196 703 841 
428 198 197 702 
429 702 197 841 
430 199 198 815 
431 198 702 815 
432 200 199 731 
433 731 199 815 
434 200 731 836 
435 794 700 819 
436 700 794 824 
437 823 700 824 
438 701 770 820 
439 770 701 826 
440 701 825 826 
441 772 702 773 
442 702 772 815 
443 773 702 774 
444 774 702 841 
445 767 703 814 
446 703 767 845 
447 703 774 841 
448 774 703 845 
449 766 704 813 
450 704 766 814 
451 813 704 822 
452 705 739 740 
453 739 705 743 
454 705 740 741 
455 801 706 802 
456 802 706 844 
457 706 808 844 
458 707 801 842 
459 807 707 846 
460 707 842 846 
461 708 749 803 
462 749 708 848 
463 708 807 848 
464 709 747 748 
465 747 709 803 
466 709 748 750 
467 709 750 840 
468 710 750 751 
469 750 710 840 
470 710 751 752 
471 710 752 832 
472 827 711 831 
473 831 711 843 
474 711 832 843 
475 712 788 805 
476 788 712 806 
477 806 712 827 
478 783 713 787 
479 713 783 804 
480 787 713 805 
481 714 781 782 
482 781 714 804 
483 714 782 784 
484 715 738 818 
485 738 715 821 
486 715 784 821 
487 761 716 811 
488 716 763 817 
489 811 716 817 
490 717 733 734 
491 717 734 736 
492 717 736 768 
493 759 718 760 
494 760 718 810 
495 718 796 810 
496 719 744 755 
497 719 755 756 
498 719 756 796 
499 744 720 745 
500 745 720 746 
501 746 720 762 
502 762 721 797 
503 721 790 816 
504 797 721 816 
505 722 776 829 
506 777 722 828 
507 828 722 829 
508 723 753 790 
509 753 723 830 
510 723 791 830 
511 791 724 792 
512 792 724 809 
513 724 795 809 
514 725 778 785 
515 725 785 786 
516 725 786 795 
517 763 726 764 
518 764 726 765 
519 765 726 777 
520 778 727 779 
521 779 727 780 
522 780 727 789 
523 728 768 812 
524 789 728 798 
525 798 728 812 
526 729 759 799 
527 793 729 794 
528 794 729 799 
529 730 769 770 
530 730 770 771 
531 730 771 776 
532 731 815 826 
533 825 731 826 
534 731 825 836 
535 808 732 824 
536 732 823 824 
537 823 732 837 
538 734 733 735 
539 735 733 761 
540 734 735 739 
541 736 734 737 
542 737 734 739 
543 739 735 740 
544 740 735 811 
545 735 761 811 
546 736 737 738 
547 736 738 812 
548 768 736 812 
549 738 737 818 
550 737 739 743 
551 737 743 818 
552 812 738 821 
553 741 740 742 
554 742 740 811 
555 741 742 822 
556 742 811 817 
557 813 742 817 
558 742 813 822 
559 744 745 755 
560 745 746 747 
561 745 747 749 
562 745 749 755 
563 747 746 748 
564 748 746 797 
565 746 762 797 
566 749 747 803 
567 750 748 834 
568 748 797 834 
569 755 749 757 
570 757 749 848 
571 751 750 834 
572 752 751 753 
573 753 751 816 
574 816 751 834 
575 752 753 754 
576 752 754 843 
577 832 752 843 
578 754 753 830 
579 790 753 816 
580 754 830 831 
581 754 831 843 
582 756 755 757 
583 756 757 758 
584 756 758 810 
585 796 756 810 
586 758 757 846 
587 846 757 848 
588 810 758 833 
589 833 758 842 
590 842 758 846 
591 759 760 799 
592 799 760 835 
593 802 760 833 
594 760 802 835 
595 760 810 833 
596 763 764 817 
597 764 765 766 
598 764 766 813 
599 764 813 817 
600 766 765 767 
601 767 765 828 
602 765 777 828 
603 766 767 814 
604 775 767 828 
605 767 775 845 
606 770 769 820 
607 820 769 839 
608 771 770 772 
609 772 770 826 
610 771 772 773 
611 771 773 829 
612 776 771 829 
613 815 772 826 
614 773 774 775 
615 773 775 829 
616 775 774 845 
617 775 828 829 
618 778 779 785 
619 779 780 781 
620 779 781 783 
621 779 783 785 
622 781 780 782 
623 782 780 798 
624 780 789 798 
625 783 781 804 
626 784 782 821 
627 782 798 821 
628 785 783 787 
629 786 785 787 
630 786 787 788 
631 786 788 809 
632 795 786 809 
633 788 787 805 
634 788 806 847 
635 809 788 847 
636 791 792 830 
637 792 809 847 
638 830 792 831 
639 831 792 847 
640 793 794 819 
641 793 819 838 
642 794 799 800 
643 794 800 824 
644 797 816 834 
645 798 812 821 
646 800 799 835 
647 800 808 824 
648 808 800 844 
649 800 835 844 
650 801 802 842 
651 802 833 842 
652 835 802 844 
653 806 827 831 
654 806 831 847 
655 807 846 848 
2 11 2 387
656 104 15 964 
657 15 214 854 
658 15 854 964 
659 17 126 991 
660 201 17 991 
661 22 204 993 
662 219 22 993 
663 205 23 990 
664 23 218 990 
665 215 24 992 
666 24 251 992 
667 105 104 979 
668 104 964 979 
669 106 105 864 
670 864 105 979 
671 107 106 975 
672 106 864 975 
673 108 107 863 
674 863 107 975 
675 109 108 888 
676 108 863 888 
677 110 109 862 
678 862 109 888 
679 111 110 953 
680 110 862 953 
681 112 111 861 
682 861 111 953 
683 113 112 954 
684 112 861 954 
685 114 113 860 
686 860 113 954 
687 115 114 972 
688 114 860 972 
689 116 115 859 
690 859 115 972 
691 117 116 956 
692 116 859 956 
693 118 117 858 
694 858 117 956 
695 119 118 987 
696 118 858 987 
697 120 119 857 
698 857 119 987 
699 121 120 952 
700 120 857 952 
701 122 121 856 
702 856 121 952 
703 123 122 951 
704 122 856 951 
705 124 123 855 
706 855 123 951 
707 125 124 958 
708 124 855 958 
709 126 125 881 
710 881 125 958 
711 126 881 991 
712 202 201 967 
713 967 201 991 
714 203 202 849 
715 849 202 967 
716 204 203 966 
717 203 849 966 
718 204 966 993 
719 206 205 880 
720 880 205 990 
721 207 206 963 
722 206 880 963 
723 208 207 851 
724 851 207 963 
725 209 208 995 
726 208 851 995 
727 210 209 852 
728 852 209 995 
729 211 210 981 
730 210 852 981 
731 212 211 853 
732 853 211 981 
733 213 212 971 
734 212 853 971 
735 214 213 985 
736 213 971 985 
737 854 214 985 
738 216 215 965 
739 965 215 992 
740 217 216 850 
741 850 216 965 
742 218 217 968 
743 217 850 968 
744 218 968 990 
745 220 219 909 
746 909 219 993 
747 221 220 879 
748 879 220 909 
749 222 221 945 
750 221 879 945 
751 223 222 867 
752 867 222 945 
753 224 223 897 
754 223 867 897 
755 225 224 868 
756 868 224 897 
757 226 225 934 
758 225 868 934 
759 227 226 869 
760 869 226 934 
761 228 227 940 
762 227 869 940 
763 229 228 870 
764 870 228 940 
765 230 229 911 
766 229 870 911 
767 231 230 872 
768 872 230 911 
769 232 231 946 
770 231 872 946 
771 233 232 873 
772 873 232 946 
773 234 233 882 
774 233 873 882 
775 235 234 874 
776 874 234 882 
777 236 235 943 
778 235 874 943 
779 237 236 876 
780 876 236 943 
781 238 237 935 
782 237 876 935 
783 239 238 877 
784 877 238 935 
785 240 239 942 
786 239 877 942 
787 241 240 866 
788 866 240 942 
789 242 241 933 
790 241 866 933 
791 243 242 939 
792 242 933 939 
793 244 243 865 
794 865 243 939 
795 245 244 936 
796 244 865 936 
797 246 245 875 
798 875 245 936 
799 247 246 937 
800 246 875 937 
801 248 247 871 
802 871 247 937 
803 249 248 938 
804 248 871 938 
805 250 249 878 
806 878 249 938 
807 251 250 913 
808 250 878 913 
809 251 913 992 
810 966 849 1000 
811 849 967 1000 
812 914 850 965 
813 850 914 969 
814 968 850 969 
815 851 916 917 
816 916 851 963 
817 851 917 918 
818 851 918 995 
819 852 918 919 
820 918 852 995 
821 852 919 920 
822 852 920 981 
823 853 920 922 
824 920 853 981 
825 853 922 923 
826 853 923 971 
827 854 926 927 
828 926 854 985 
829 854 927 928 
830 854 928 964 
831 855 951 999 
832 958 855 997 
833 997 855 999 
834 951 856 1001 
835 856 952 1002 
836 1001 856 1002 
837 900 857 901 
838 857 900 952 
839 901 857 902 
840 902 857 987 
841 902 858 950 
842 858 902 987 
843 950 858 956 
844 859 949 956 
845 949 859 957 
846 957 859 972 
847 896 860 954 
848 860 896 955 
849 860 955 972 
850 861 887 895 
851 887 861 953 
852 861 895 954 
853 885 862 886 
854 862 885 953 
855 886 862 888 
856 888 863 889 
857 889 863 890 
858 890 863 975 
859 975 864 1003 
860 864 979 984 
861 864 984 1003 
862 936 865 986 
863 865 939 970 
864 865 970 986 
865 933 866 988 
866 866 942 980 
867 866 980 988 
868 897 867 905 
869 905 867 906 
870 906 867 945 
871 868 897 898 
872 868 898 899 
873 868 899 934 
874 869 934 977 
875 940 869 974 
876 974 869 977 
877 911 870 948 
878 870 940 941 
879 870 941 948 
880 871 937 944 
881 938 871 962 
882 871 944 962 
883 872 911 912 
884 872 912 960 
885 946 872 960 
886 882 873 893 
887 893 873 894 
888 894 873 946 
889 874 882 883 
890 874 883 884 
891 874 884 943 
892 875 936 976 
893 937 875 996 
894 875 976 996 
895 935 876 973 
896 876 943 947 
897 876 947 973 
898 877 935 994 
899 942 877 978 
900 978 877 994 
901 913 878 914 
902 914 878 915 
903 915 878 938 
904 879 909 910 
905 879 910 961 
906 945 879 961 
907 963 880 969 
908 880 968 969 
909 968 880 990 
910 881 958 959 
911 881 959 967 
912 881 967 991 
913 883 882 893 
914 884 883 885 
915 885 883 887 
916 887 883 893 
917 884 885 886 
918 884 886 947 
919 943 884 947 
920 885 887 953 
921 886 888 989 
922 947 886 989 
923 887 893 895 
924 888 889 989 
925 889 890 891 
926 889 891 973 
927 889 973 989 
928 891 890 892 
929 892 890 1003 
930 890 975 1003 
931 891 892 994 
932 891 935 973 
933 935 891 994 
934 892 932 978 
935 932 892 984 
936 892 978 994 
937 984 892 1003 
938 893 894 895 
939 895 894 896 
940 896 894 960 
941 894 946 960 
942 895 896 954 
943 955 896 998 
944 896 960 998 
945 898 897 905 
946 899 898 900 
947 900 898 904 
948 904 898 905 
949 899 900 901 
950 899 901 977 
951 934 899 977 
952 900 904 1002 
953 952 900 1002 
954 901 902 903 
955 901 903 977 
956 903 902 950 
957 903 950 974 
958 903 974 977 
959 904 905 907 
960 904 907 1001 
961 904 1001 1002 
962 905 906 907 
963 907 906 908 
964 908 906 961 
965 906 945 961 
966 907 908 999 
967 907 999 1001 
968 908 961 983 
969 908 983 997 
970 908 997 999 
971 910 909 966 
972 966 909 993 
973 910 959 983 
974 959 910 1000 
975 961 910 983 
976 910 966 1000 
977 912 911 948 
978 912 948 957 
979 912 957 998 
980 960 912 998 
981 913 914 965 
982 913 965 992 
983 914 915 916 
984 914 916 969 
985 916 915 917 
986 917 915 962 
987 915 938 962 
988 916 963 969 
989 918 917 982 
990 917 962 982 
991 919 918 982 
992 920 919 921 
993 921 919 944 
994 944 919 982 
995 920 921 922 
996 922 921 976 
997 921 944 996 
998 976 921 996 
999 923 922 924 
1000 924 922 976 
1001 923 924 925 
1002 923 925 926 
1003 923 926 971 
1004 925 924 986 
1005 936 924 976 
1006 924 936 986 
1007 926 925 927 
1008 927 925 970 
1009 970 925 986 
1010 971 926 985 
1011 928 927 929 
1012 929 927 970 
1013 928 929 930 
1014 928 930 931 
1015 928 931 964 
1016 930 929 988 
1017 933 929 939 
1018 929 933 988 
1019 939 929 970 
1020 931 930 932 
1021 932 930 980 
1022 980 930 988 
1023 931 932 984 
1024 964 931 979 
1025 979 931 984 
1026 978 932 980 
1027 944 937 996 
1028 941 940 974 
1029 948 941 949 
1030 949 941 950 
1031 950 941 974 
1032 942 978 980 
1033 962 944 982 
1034 973 947 989 
1035 948 949 957 
1036 949 950 956 
1037 999 951 1001 
1038 955 957 972 
1039 957 955 998 
1040 959 958 997 
1041 967 959 1000 
1042 983 959 997 
2 12 2 20
1043 20 24 1004 
1044 190 20 1004 
1045 23 21 1005 
1046 21 187 1005 
1047 218 23 1005 
1048 24 215 1004 
1049 187 188 1006 
1050 187 218 1005 
1051 218 187 1006 
1052 188 189 1007 
1053 188 217 1006 
1054 217 188 1007 
1055 189 190 1008 
1056 189 216 1007 
1057 216 189 1008 
1058 215 190 1004 
1059 190 215 1008 
1060 215 216 1008 
1061 216 217 1007 
1062 217 218 1006 
2 13 2 212
1063 17 1022 18 
1064 201 1014 17 
1065 1014 1023 17 
1066 17 1023 1022 
1067 18 1088 153 
1068 1022 1028 18 
1069 1028 1029 18 
1070 1029 1088 18 
1071 150 1080 19 
1072 19 1080 280 
1073 22 1086 204 
1074 255 1086 22 
1075 25 1087 252 
1076 256 1087 25 
1077 26 1083 261 
1078 262 1083 26 
1079 27 1084 273 
1080 279 1084 27 
1081 28 1082 274 
1082 285 1082 28 
1083 151 1049 150 
1084 1049 1080 150 
1085 152 1081 151 
1086 151 1081 1049 
1087 153 1012 152 
1088 1012 1081 152 
1089 153 1088 1012 
1090 202 1090 201 
1091 201 1090 1014 
1092 203 1018 202 
1093 1018 1090 202 
1094 204 1074 203 
1095 203 1074 1018 
1096 204 1086 1074 
1097 252 1066 253 
1098 252 1087 1066 
1099 253 1013 254 
1100 253 1066 1013 
1101 254 1072 255 
1102 1013 1072 254 
1103 1072 1086 255 
1104 257 1025 256 
1105 1025 1087 256 
1106 258 1051 257 
1107 257 1051 1025 
1108 259 1016 258 
1109 1016 1051 258 
1110 260 1053 259 
1111 259 1053 1016 
1112 261 1024 260 
1113 1024 1053 260 
1114 261 1083 1024 
1115 263 1068 262 
1116 1068 1083 262 
1117 264 1017 263 
1118 1017 1068 263 
1119 265 1062 264 
1120 264 1062 1017 
1121 266 1071 265 
1122 265 1071 1062 
1123 267 1069 266 
1124 1069 1071 266 
1125 268 1070 267 
1126 267 1070 1069 
1127 269 1015 268 
1128 1015 1070 268 
1129 270 1063 269 
1130 269 1063 1015 
1131 271 1010 270 
1132 1010 1063 270 
1133 272 1061 271 
1134 271 1061 1010 
1135 273 1067 272 
1136 272 1067 1061 
1137 273 1084 1067 
1138 274 1056 275 
1139 274 1082 1056 
1140 275 1075 276 
1141 1056 1075 275 
1142 276 1011 277 
1143 276 1075 1011 
1144 277 1076 278 
1145 1011 1076 277 
1146 278 1020 279 
1147 278 1076 1020 
1148 1020 1084 279 
1149 280 1019 281 
1150 280 1080 1019 
1151 281 1031 282 
1152 1019 1031 281 
1153 282 1009 283 
1154 282 1031 1009 
1155 283 1050 284 
1156 1009 1050 283 
1157 284 1021 285 
1158 284 1050 1021 
1159 1021 1082 285 
1160 1031 1032 1009 
1161 1032 1033 1009 
1162 1033 1050 1009 
1163 1010 1054 1042 
1164 1042 1063 1010 
1165 1010 1061 1054 
1166 1011 1045 1044 
1167 1044 1046 1011 
1168 1011 1075 1045 
1169 1046 1076 1011 
1170 1041 1065 1012 
1171 1012 1078 1041 
1172 1065 1081 1012 
1173 1012 1088 1078 
1174 1060 1072 1013 
1175 1013 1089 1060 
1176 1066 1089 1013 
1177 1014 1026 1023 
1178 1014 1027 1026 
1179 1014 1059 1027 
1180 1014 1090 1059 
1181 1063 1064 1015 
1182 1064 1079 1015 
1183 1015 1079 1070 
1184 1016 1057 1051 
1185 1053 1073 1016 
1186 1016 1073 1057 
1187 1017 1062 1026 
1188 1026 1077 1017 
1189 1017 1077 1068 
1190 1058 1059 1018 
1191 1018 1060 1058 
1192 1059 1090 1018 
1193 1018 1074 1060 
1194 1019 1048 1031 
1195 1019 1049 1048 
1196 1019 1080 1049 
1197 1046 1047 1020 
1198 1020 1076 1046 
1199 1047 1067 1020 
1200 1067 1084 1020 
1201 1050 1055 1021 
1202 1055 1056 1021 
1203 1056 1082 1021 
1204 1023 1071 1022 
1205 1022 1069 1028 
1206 1022 1071 1069 
1207 1026 1062 1023 
1208 1062 1071 1023 
1209 1030 1053 1024 
1210 1024 1077 1030 
1211 1068 1077 1024 
1212 1024 1083 1068 
1213 1051 1052 1025 
1214 1052 1066 1025 
1215 1066 1087 1025 
1216 1027 1030 1026 
1217 1030 1077 1026 
1218 1027 1073 1030 
1219 1059 1085 1027 
1220 1027 1085 1073 
1221 1028 1079 1029 
1222 1069 1070 1028 
1223 1070 1079 1028 
1224 1064 1078 1029 
1225 1029 1079 1064 
1226 1078 1088 1029 
1227 1030 1073 1053 
1228 1031 1048 1032 
1229 1032 1034 1033 
1230 1032 1043 1034 
1231 1032 1048 1043 
1232 1034 1035 1033 
1233 1035 1055 1033 
1234 1033 1055 1050 
1235 1034 1036 1035 
1236 1034 1037 1036 
1237 1034 1043 1037 
1238 1036 1044 1035 
1239 1044 1045 1035 
1240 1045 1055 1035 
1241 1037 1038 1036 
1242 1038 1039 1036 
1243 1039 1044 1036 
1244 1037 1040 1038 
1245 1037 1041 1040 
1246 1037 1043 1041 
1247 1038 1054 1039 
1248 1040 1042 1038 
1249 1042 1054 1038 
1250 1039 1046 1044 
1251 1039 1047 1046 
1252 1039 1054 1047 
1253 1041 1078 1040 
1254 1040 1064 1042 
1255 1040 1078 1064 
1256 1043 1065 1041 
1257 1042 1064 1063 
1258 1048 1065 1043 
1259 1045 1056 1055 
1260 1045 1075 1056 
1261 1054 1061 1047 
1262 1061 1067 1047 
1263 1049 1065 1048 
1264 1049 1081 1065 
1265 1051 1057 1052 
1266 1057 1058 1052 
1267 1058 1089 1052 
1268 1052 1089 1066 
1269 1057 1085 1058 
1270 1073 1085 1057 
1271 1058 1085 1059 
1272 1060 1089 1058 
1273 1060 1074 1072 
1274 1074 1086 1072 
2 14 2 86
1275 16 1102 15 
1276 15 1094 305 
1277 15 1102 1094 
1278 306 1101 16 
1279 1101 1102 16 
1280 29 1117 286 
1281 299 1117 29 
1282 287 1115 30 
1283 30 1115 311 
1284 31 1116 288 
1285 300 1116 31 
1286 32 1118 301 
1287 302 1118 32 
1288 286 1092 287 
1289 286 1117 1092 
1290 1092 1115 287 
1291 288 1108 289 
1292 288 1116 1108 
1293 289 1105 290 
1294 289 1108 1105 
1295 290 1099 291 
1296 290 1105 1099 
1297 291 1103 292 
1298 1099 1103 291 
1299 292 1095 293 
1300 292 1103 1095 
1301 293 1106 294 
1302 1095 1106 293 
1303 294 1110 295 
1304 1106 1110 294 
1305 295 1097 296 
1306 295 1110 1097 
1307 296 1113 297 
1308 1097 1113 296 
1309 297 1096 298 
1310 297 1113 1096 
1311 298 1109 299 
1312 1096 1109 298 
1313 1109 1117 299 
1314 301 1091 300 
1315 1091 1116 300 
1316 301 1118 1091 
1317 303 1111 302 
1318 1111 1118 302 
1319 304 1093 303 
1320 1093 1111 303 
1321 305 1104 304 
1322 304 1104 1093 
1323 1094 1104 305 
1324 307 1098 306 
1325 1098 1101 306 
1326 308 1112 307 
1327 307 1112 1098 
1328 309 1100 308 
1329 1100 1112 308 
1330 310 1114 309 
1331 309 1114 1100 
1332 311 1107 310 
1333 1107 1114 310 
1334 311 1115 1107 
1335 1091 1111 1108 
1336 1108 1116 1091 
1337 1091 1118 1111 
1338 1092 1109 1107 
1339 1107 1115 1092 
1340 1092 1117 1109 
1341 1104 1105 1093 
1342 1105 1108 1093 
1343 1108 1111 1093 
1344 1094 1103 1099 
1345 1099 1104 1094 
1346 1102 1103 1094 
1347 1095 1102 1101 
1348 1101 1106 1095 
1349 1095 1103 1102 
1350 1107 1109 1096 
1351 1096 1114 1107 
1352 1113 1114 1096 
1353 1097 1112 1100 
1354 1100 1113 1097 
1355 1110 1112 1097 
1356 1098 1106 1101 
1357 1098 1110 1106 
1358 1098 1112 1110 
1359 1099 1105 1104 
1360 1100 1114 1113 
2 15 2 358
1361 15 1256 214 
1362 305 1256 15 
1363 191 1251 16 
1364 16 1251 306 
1365 23 1151 21 
1366 21 1257 200 
1367 1151 1152 21 
1368 1152 1153 21 
1369 1153 1257 21 
1370 205 1129 23 
1371 1129 1146 23 
1372 1146 1246 23 
1373 23 1246 1151 
1374 311 1254 30 
1375 30 1254 336 
1376 32 1255 302 
1377 312 1255 32 
1378 33 1253 323 
1379 324 1253 33 
1380 34 1252 335 
1381 347 1252 34 
1382 192 1196 191 
1383 1196 1251 191 
1384 193 1248 192 
1385 192 1248 1196 
1386 194 1126 193 
1387 1126 1248 193 
1388 195 1242 194 
1389 194 1242 1126 
1390 196 1122 195 
1391 1122 1242 195 
1392 197 1250 196 
1393 196 1250 1122 
1394 198 1125 197 
1395 1125 1250 197 
1396 199 1239 198 
1397 198 1239 1125 
1398 200 1121 199 
1399 1121 1239 199 
1400 200 1257 1121 
1401 206 1224 205 
1402 205 1224 1129 
1403 207 1137 206 
1404 1137 1224 206 
1405 208 1204 207 
1406 207 1204 1137 
1407 209 1136 208 
1408 1136 1204 208 
1409 210 1211 209 
1410 209 1211 1136 
1411 211 1135 210 
1412 1135 1211 210 
1413 212 1217 211 
1414 211 1217 1135 
1415 213 1139 212 
1416 1139 1217 212 
1417 214 1212 213 
1418 213 1212 1139 
1419 214 1256 1212 
1420 302 1232 303 
1421 302 1255 1232 
1422 303 1128 304 
1423 303 1232 1128 
1424 304 1230 305 
1425 1128 1230 304 
1426 1230 1256 305 
1427 306 1141 307 
1428 306 1251 1141 
1429 307 1155 308 
1430 1141 1155 307 
1431 308 1123 309 
1432 308 1155 1123 
1433 309 1197 310 
1434 1123 1197 309 
1435 310 1144 311 
1436 310 1197 1144 
1437 1144 1254 311 
1438 313 1145 312 
1439 1145 1255 312 
1440 314 1218 313 
1441 313 1218 1145 
1442 315 1130 314 
1443 1130 1218 314 
1444 316 1221 315 
1445 315 1221 1130 
1446 317 1131 316 
1447 1131 1221 316 
1448 318 1222 317 
1449 317 1222 1131 
1450 319 1132 318 
1451 1132 1222 318 
1452 320 1223 319 
1453 319 1223 1132 
1454 321 1134 320 
1455 1134 1223 320 
1456 322 1219 321 
1457 321 1219 1134 
1458 323 1143 322 
1459 1143 1219 322 
1460 323 1253 1143 
1461 325 1231 324 
1462 1231 1253 324 
1463 326 1140 325 
1464 1140 1231 325 
1465 327 1249 326 
1466 326 1249 1140 
1467 328 1246 327 
1468 1246 1249 327 
1469 329 1151 328 
1470 1151 1246 328 
1471 330 1152 329 
1472 329 1152 1151 
1473 331 1138 330 
1474 1138 1152 330 
1475 332 1199 331 
1476 331 1199 1138 
1477 333 1124 332 
1478 1124 1199 332 
1479 334 1202 333 
1480 333 1202 1124 
1481 335 1142 334 
1482 1142 1202 334 
1483 335 1252 1142 
1484 336 1228 337 
1485 336 1254 1228 
1486 337 1133 338 
1487 337 1228 1133 
1488 338 1220 339 
1489 1133 1220 338 
1490 339 1119 340 
1491 339 1220 1119 
1492 340 1198 341 
1493 1119 1198 340 
1494 341 1244 342 
1495 1198 1244 341 
1496 342 1120 343 
1497 342 1244 1120 
1498 343 1245 344 
1499 1120 1245 343 
1500 344 1127 345 
1501 344 1245 1127 
1502 345 1247 346 
1503 1127 1247 345 
1504 346 1203 347 
1505 346 1247 1203 
1506 1203 1252 347 
1507 1119 1220 1182 
1508 1182 1243 1119 
1509 1119 1243 1198 
1510 1120 1192 1191 
1511 1191 1193 1120 
1512 1120 1244 1192 
1513 1193 1245 1120 
1514 1176 1178 1121 
1515 1121 1229 1176 
1516 1178 1239 1121 
1517 1121 1257 1229 
1518 1122 1185 1184 
1519 1184 1242 1122 
1520 1122 1186 1185 
1521 1122 1250 1186 
1522 1155 1156 1123 
1523 1156 1157 1123 
1524 1157 1197 1123 
1525 1124 1202 1179 
1526 1179 1240 1124 
1527 1124 1240 1199 
1528 1178 1187 1125 
1529 1125 1239 1178 
1530 1125 1187 1186 
1531 1186 1250 1125 
1532 1126 1184 1183 
1533 1183 1201 1126 
1534 1126 1242 1184 
1535 1201 1248 1126 
1536 1127 1193 1177 
1537 1177 1225 1127 
1538 1127 1245 1193 
1539 1225 1247 1127 
1540 1213 1230 1128 
1541 1128 1234 1213 
1542 1232 1234 1128 
1543 1129 1147 1146 
1544 1129 1148 1147 
1545 1129 1224 1148 
1546 1130 1237 1216 
1547 1216 1261 1130 
1548 1130 1261 1218 
1549 1221 1237 1130 
1550 1208 1237 1131 
1551 1131 1260 1208 
1552 1131 1237 1221 
1553 1222 1260 1131 
1554 1132 1233 1209 
1555 1209 1259 1132 
1556 1132 1259 1222 
1557 1223 1233 1132 
1558 1133 1228 1200 
1559 1200 1238 1133 
1560 1133 1238 1220 
1561 1150 1233 1134 
1562 1134 1258 1150 
1563 1219 1258 1134 
1564 1134 1233 1223 
1565 1135 1227 1211 
1566 1217 1236 1135 
1567 1135 1236 1227 
1568 1136 1205 1204 
1569 1136 1206 1205 
1570 1136 1211 1206 
1571 1204 1210 1137 
1572 1210 1235 1137 
1573 1137 1235 1224 
1574 1138 1153 1152 
1575 1138 1154 1153 
1576 1138 1199 1154 
1577 1212 1213 1139 
1578 1213 1214 1139 
1579 1214 1217 1139 
1580 1147 1241 1140 
1581 1140 1249 1147 
1582 1140 1241 1231 
1583 1141 1195 1155 
1584 1141 1196 1195 
1585 1141 1251 1196 
1586 1180 1202 1142 
1587 1142 1203 1180 
1588 1142 1252 1203 
1589 1143 1241 1219 
1590 1231 1241 1143 
1591 1143 1253 1231 
1592 1197 1200 1144 
1593 1200 1228 1144 
1594 1228 1254 1144 
1595 1218 1234 1145 
1596 1145 1234 1232 
1597 1232 1255 1145 
1598 1147 1249 1146 
1599 1146 1249 1246 
1600 1148 1149 1147 
1601 1149 1241 1147 
1602 1148 1150 1149 
1603 1148 1235 1150 
1604 1224 1235 1148 
1605 1150 1258 1149 
1606 1219 1241 1149 
1607 1149 1258 1219 
1608 1150 1235 1233 
1609 1154 1229 1153 
1610 1229 1257 1153 
1611 1199 1240 1154 
1612 1226 1229 1154 
1613 1154 1240 1226 
1614 1155 1195 1156 
1615 1156 1158 1157 
1616 1156 1159 1158 
1617 1156 1195 1159 
1618 1158 1181 1157 
1619 1181 1200 1157 
1620 1157 1200 1197 
1621 1159 1160 1158 
1622 1160 1161 1158 
1623 1161 1181 1158 
1624 1159 1183 1160 
1625 1159 1201 1183 
1626 1195 1201 1159 
1627 1160 1162 1161 
1628 1160 1163 1162 
1629 1160 1183 1163 
1630 1162 1188 1161 
1631 1161 1182 1181 
1632 1161 1188 1182 
1633 1163 1164 1162 
1634 1164 1165 1162 
1635 1165 1188 1162 
1636 1163 1185 1164 
1637 1183 1184 1163 
1638 1184 1185 1163 
1639 1164 1166 1165 
1640 1164 1167 1166 
1641 1164 1185 1167 
1642 1166 1190 1165 
1643 1165 1189 1188 
1644 1165 1190 1189 
1645 1167 1168 1166 
1646 1168 1169 1166 
1647 1169 1190 1166 
1648 1167 1187 1168 
1649 1185 1186 1167 
1650 1186 1187 1167 
1651 1168 1170 1169 
1652 1168 1171 1170 
1653 1168 1187 1171 
1654 1170 1194 1169 
1655 1169 1191 1190 
1656 1169 1194 1191 
1657 1171 1172 1170 
1658 1172 1173 1170 
1659 1173 1194 1170 
1660 1171 1176 1172 
1661 1171 1178 1176 
1662 1171 1187 1178 
1663 1172 1174 1173 
1664 1172 1226 1174 
1665 1176 1226 1172 
1666 1174 1175 1173 
1667 1175 1177 1173 
1668 1177 1194 1173 
1669 1174 1179 1175 
1670 1174 1240 1179 
1671 1226 1240 1174 
1672 1175 1225 1177 
1673 1179 1180 1175 
1674 1180 1225 1175 
1675 1176 1229 1226 
1676 1193 1194 1177 
1677 1179 1202 1180 
1678 1203 1225 1180 
1679 1182 1238 1181 
1680 1181 1238 1200 
1681 1188 1243 1182 
1682 1220 1238 1182 
1683 1189 1243 1188 
1684 1190 1192 1189 
1685 1192 1198 1189 
1686 1198 1243 1189 
1687 1191 1192 1190 
1688 1191 1194 1193 
1689 1192 1244 1198 
1690 1196 1201 1195 
1691 1196 1248 1201 
1692 1203 1247 1225 
1693 1205 1210 1204 
1694 1206 1207 1205 
1695 1207 1209 1205 
1696 1209 1210 1205 
1697 1206 1208 1207 
1698 1206 1227 1208 
1699 1211 1227 1206 
1700 1208 1260 1207 
1701 1207 1259 1209 
1702 1207 1260 1259 
1703 1227 1237 1208 
1704 1209 1233 1210 
1705 1233 1235 1210 
1706 1212 1230 1213 
1707 1212 1256 1230 
1708 1213 1215 1214 
1709 1213 1234 1215 
1710 1215 1216 1214 
1711 1216 1236 1214 
1712 1214 1236 1217 
1713 1215 1261 1216 
1714 1215 1234 1218 
1715 1218 1261 1215 
1716 1216 1237 1236 
1717 1259 1260 1222 
1718 1236 1237 1227 
2 16 2 138
1719 35 1295 348 
1720 381 1295 35 
1721 348 1295 36 
1722 36 1295 383 
1723 37 1294 349 
1724 382 1294 37 
1725 38 1294 382 
1726 415 1294 38 
1727 349 1276 350 
1728 349 1294 1276 
1729 350 1278 351 
1730 1276 1278 350 
1731 351 1265 352 
1732 351 1278 1265 
1733 352 1279 353 
1734 1265 1279 352 
1735 353 1270 354 
1736 353 1279 1270 
1737 354 1286 355 
1738 1270 1286 354 
1739 355 1288 356 
1740 1286 1288 355 
1741 356 1287 357 
1742 356 1288 1287 
1743 357 1289 358 
1744 1287 1289 357 
1745 358 1282 359 
1746 358 1289 1282 
1747 359 1283 360 
1748 1282 1283 359 
1749 360 1262 361 
1750 360 1283 1262 
1751 361 1290 362 
1752 1262 1290 361 
1753 362 1268 363 
1754 362 1290 1268 
1755 363 1291 364 
1756 1268 1291 363 
1757 364 1273 365 
1758 364 1291 1273 
1759 365 1280 366 
1760 1273 1280 365 
1761 366 1267 367 
1762 366 1280 1267 
1763 367 1266 368 
1764 367 1267 1266 
1765 368 1272 369 
1766 1266 1272 368 
1767 369 1269 370 
1768 369 1272 1269 
1769 370 1263 371 
1770 370 1269 1263 
1771 371 1271 372 
1772 1263 1271 371 
1773 372 1274 373 
1774 1271 1274 372 
1775 373 1275 374 
1776 1274 1275 373 
1777 374 1264 375 
1778 374 1275 1264 
1779 375 1281 376 
1780 1264 1281 375 
1781 376 1277 377 
1782 376 1281 1277 
1783 377 1284 378 
1784 1277 1284 377 
1785 378 1285 379 
1786 1284 1285 378 
1787 379 1293 380 
1788 1285 1293 379 
1789 380 1292 381 
1790 380 1293 1292 
1791 1292 1295 381 
1792 383 1292 384 
1793 383 1295 1292 
1794 384 1293 385 
1795 1292 1293 384 
1796 385 1285 386 
1797 385 1293 1285 
1798 386 1284 387 
1799 386 1285 1284 
1800 387 1277 388 
1801 387 1284 1277 
1802 388 1281 389 
1803 1277 1281 388 
1804 389 1264 390 
1805 389 1281 1264 
1806 390 1275 391 
1807 1264 1275 390 
1808 391 1274 392 
1809 391 1275 1274 
1810 392 1271 393 
1811 392 1274 1271 
1812 393 1263 394 
1813 393 1271 1263 
1814 394 1269 395 
1815 1263 1269 394 
1816 395 1272 396 
1817 1269 1272 395 
1818 396 1266 397 
1819 396 1272 1266 
1820 397 1267 398 
1821 1266 1267 397 
1822 398 1280 399 
1823 1267 1280 398 
1824 399 1273 400 
1825 399 1280 1273 
1826 400 1291 401 
1827 1273 1291 400 
1828 401 1268 402 
1829 401 1291 1268 
1830 402 1290 403 
1831 1268 1290 402 
1832 403 1262 404 
1833 403 1290 1262 
1834 404 1283 405 
1835 1262 1283 404 
1836 405 1282 406 
1837 405 1283 1282 
1838 406 1289 407 
1839 1282 1289 406 
1840 407 1287 408 
1841 407 1289 1287 
1842 408 1288 409 
1843 1287 1288 408 
1844 409 1286 410 
1845 409 1288 1286 
1846 410 1270 411 
1847 410 1286 1270 
1848 411 1279 412 
1849 1270 1279 411 
1850 412 1265 413 
1851 412 1279 1265 
1852 413 1278 414 
1853 1265 1278 413 
1854 414 1276 415 
1855 414 1278 1276 
1856 1276 1294 415 
2 17 2 123
1857 383 1323 36 
1858 36 1323 416 
1859 38 1324 415 
1860 417 1324 38 
1861 416 1323 39 
1862 39 1323 418 
1863 40 1324 417 
1864 445 1324 40 
1865 384 1309 383 
1866 1309 1323 383 
1867 385 1318 384 
1868 384 1318 1309 
1869 386 1318 385 
1870 387 1316 386 
1871 1316 1318 386 
1872 388 1307 387 
1873 1307 1316 387 
1874 389 1299 388 
1875 1299 1307 388 
1876 390 1300 389 
1877 389 1300 1299 
1878 391 1310 390 
1879 390 1310 1300 
1880 392 1321 391 
1881 391 1321 1310 
1882 393 1321 392 
1883 394 1315 393 
1884 1315 1321 393 
1885 395 1305 394 
1886 1305 1315 394 
1887 396 1297 395 
1888 1297 1305 395 
1889 397 1302 396 
1890 396 1302 1297 
1891 398 1312 397 
1892 397 1312 1302 
1893 399 1322 398 
1894 398 1322 1312 
1895 400 1322 399 
1896 401 1313 400 
1897 1313 1322 400 
1898 402 1303 401 
1899 1303 1313 401 
1900 403 1296 402 
1901 1296 1303 402 
1902 404 1304 403 
1903 403 1304 1296 
1904 405 1314 404 
1905 404 1314 1304 
1906 406 1320 405 
1907 405 1320 1314 
1908 407 1320 406 
1909 408 1311 407 
1910 1311 1320 407 
1911 409 1301 408 
1912 1301 1311 408 
1913 410 1298 409 
1914 1298 1301 409 
1915 411 1306 410 
1916 410 1306 1298 
1917 412 1317 411 
1918 411 1317 1306 
1919 413 1319 412 
1920 412 1319 1317 
1921 414 1319 413 
1922 415 1308 414 
1923 1308 1319 414 
1924 415 1324 1308 
1925 418 1309 419 
1926 418 1323 1309 
1927 419 1318 420 
1928 1309 1318 419 
1929 420 1316 421 
1930 420 1318 1316 
1931 421 1307 422 
1932 421 1316 1307 
1933 422 1299 423 
1934 422 1307 1299 
1935 423 1300 424 
1936 1299 1300 423 
1937 424 1310 425 
1938 1300 1310 424 
1939 425 1321 426 
1940 1310 1321 425 
1941 426 1315 427 
1942 426 1321 1315 
1943 427 1305 428 
1944 427 1315 1305 
1945 428 1297 429 
1946 428 1305 1297 
1947 429 1302 430 
1948 1297 1302 429 
1949 430 1312 431 
1950 1302 1312 430 
1951 431 1322 432 
1952 1312 1322 431 
1953 432 1313 433 
1954 432 1322 1313 
1955 433 1303 434 
1956 433 1313 1303 
1957 434 1296 435 
1958 434 1303 1296 
1959 435 1304 436 
1960 1296 1304 435 
1961 436 1314 437 
1962 1304 1314 436 
1963 437 1320 438 
1964 1314 1320 437 
1965 438 1311 439 
1966 438 1320 1311 
1967 439 1301 440 
1968 439 1311 1301 
1969 440 1298 441 
1970 440 1301 1298 
1971 441 1306 442 
1972 1298 1306 441 
1973 442 1317 443 
1974 1306 1317 442 
1975 443 1319 444 
1976 1317 1319 443 
1977 444 1308 445 
1978 444 1319 1308 
1979 1308 1324 445 
2 18 2 332
1980 418 1461 39 
1981 39 1461 446 
1982 40 1462 445 
1983 457 1462 40 
1984 451 1446 41 
1985 41 1446 458 
1986 42 1447 452 
1987 469 1447 42 
1988 419 1440 418 
1989 1440 1461 418 
1990 420 1339 419 
1991 1339 1440 419 
1992 421 1437 420 
1993 420 1437 1339 
1994 422 1413 421 
1995 1413 1437 421 
1996 423 1333 422 
1997 1333 1413 422 
1998 424 1436 423 
1999 423 1436 1333 
2000 425 1455 424 
2001 424 1455 1436 
2002 426 1336 425 
2003 1336 1455 425 
2004 427 1429 426 
2005 426 1429 1336 
2006 428 1342 427 
2007 1342 1429 427 
2008 429 1442 428 
2009 428 1442 1342 
2010 430 1334 429 
2011 1334 1442 429 
2012 431 1428 430 
2013 430 1428 1334 
2014 432 1340 431 
2015 1340 1428 431 
2016 433 1433 432 
2017 432 1433 1340 
2018 434 1335 433 
2019 1335 1433 433 
2020 435 1431 434 
2021 434 1431 1335 
2022 436 1341 435 
2023 1341 1431 435 
2024 437 1432 436 
2025 436 1432 1341 
2026 438 1337 437 
2027 1337 1432 437 
2028 439 1430 438 
2029 438 1430 1337 
2030 440 1434 439 
2031 439 1434 1430 
2032 441 1332 440 
2033 1332 1434 440 
2034 442 1422 441 
2035 441 1422 1332 
2036 443 1454 442 
2037 442 1454 1422 
2038 444 1338 443 
2039 1338 1454 443 
2040 445 1439 444 
2041 444 1439 1338 
2042 445 1462 1439 
2043 446 1346 447 
2044 446 1461 1346 
2045 447 1402 448 
2046 1346 1402 447 
2047 448 1331 449 
2048 448 1402 1331 
2049 449 1424 450 
2050 1331 1424 449 
2051 450 1344 451 
2052 450 1424 1344 
2053 1344 1446 451 
2054 452 1343 453 
2055 452 1447 1343 
2056 453 1423 454 
2057 1343 1423 453 
2058 454 1330 455 
2059 454 1423 1330 
2060 455 1403 456 
2061 1330 1403 455 
2062 456 1345 457 
2063 456 1403 1345 
2064 1345 1462 457 
2065 458 1392 459 
2066 458 1446 1392 
2067 459 1326 460 
2068 459 1392 1326 
2069 460 1379 461 
2070 1326 1379 460 
2071 461 1328 462 
2072 461 1379 1328 
2073 462 1394 463 
2074 1328 1394 462 
2075 463 1327 464 
2076 463 1394 1327 
2077 464 1347 465 
2078 1327 1347 464 
2079 465 1329 466 
2080 465 1347 1329 
2081 466 1387 467 
2082 1329 1387 466 
2083 467 1325 468 
2084 467 1387 1325 
2085 468 1393 469 
2086 1325 1393 468 
2087 1393 1447 469 
2088 1387 1420 1325 
2089 1325 1452 1393 
2090 1420 1452 1325 
2091 1326 1396 1379 
2092 1326 1392 1391 
2093 1391 1396 1326 
2094 1327 1348 1347 
2095 1327 1349 1348 
2096 1327 1394 1349 
2097 1379 1397 1328 
2098 1328 1438 1394 
2099 1397 1438 1328 
2100 1347 1404 1329 
2101 1329 1460 1387 
2102 1404 1435 1329 
2103 1435 1460 1329 
2104 1330 1423 1388 
2105 1388 1443 1330 
2106 1330 1443 1403 
2107 1402 1441 1331 
2108 1331 1427 1424 
2109 1331 1441 1427 
2110 1332 1422 1417 
2111 1417 1448 1332 
2112 1332 1448 1434 
2113 1412 1413 1333 
2114 1333 1421 1412 
2115 1333 1436 1421 
2116 1334 1411 1399 
2117 1399 1442 1334 
2118 1334 1428 1411 
2119 1431 1445 1335 
2120 1335 1444 1433 
2121 1335 1445 1444 
2122 1398 1405 1336 
2123 1336 1429 1398 
2124 1405 1406 1336 
2125 1406 1455 1336 
2126 1426 1432 1337 
2127 1337 1451 1426 
2128 1430 1451 1337 
2129 1439 1450 1338 
2130 1450 1463 1338 
2131 1338 1463 1454 
2132 1339 1437 1425 
2133 1425 1456 1339 
2134 1339 1456 1440 
2135 1340 1459 1428 
2136 1433 1459 1340 
2137 1341 1432 1414 
2138 1414 1457 1341 
2139 1341 1457 1431 
2140 1395 1398 1342 
2141 1342 1399 1395 
2142 1398 1429 1342 
2143 1342 1442 1399 
2144 1343 1447 1393 
2145 1393 1453 1343 
2146 1343 1453 1423 
2147 1344 1401 1392 
2148 1392 1446 1344 
2149 1344 1424 1401 
2150 1403 1450 1345 
2151 1345 1450 1439 
2152 1439 1462 1345 
2153 1346 1456 1402 
2154 1440 1456 1346 
2155 1346 1461 1440 
2156 1348 1404 1347 
2157 1349 1350 1348 
2158 1350 1351 1348 
2159 1351 1404 1348 
2160 1349 1352 1350 
2161 1349 1364 1352 
2162 1349 1394 1364 
2163 1350 1353 1351 
2164 1352 1409 1350 
2165 1350 1409 1353 
2166 1353 1354 1351 
2167 1354 1355 1351 
2168 1355 1404 1351 
2169 1364 1365 1352 
2170 1365 1369 1352 
2171 1369 1409 1352 
2172 1353 1407 1354 
2173 1353 1408 1407 
2174 1353 1409 1408 
2175 1354 1356 1355 
2176 1354 1382 1356 
2177 1354 1407 1382 
2178 1356 1357 1355 
2179 1357 1435 1355 
2180 1355 1435 1404 
2181 1356 1358 1357 
2182 1356 1414 1358 
2183 1382 1414 1356 
2184 1358 1359 1357 
2185 1359 1360 1357 
2186 1360 1435 1357 
2187 1358 1418 1359 
2188 1414 1426 1358 
2189 1358 1426 1418 
2190 1359 1361 1360 
2191 1359 1362 1361 
2192 1359 1418 1362 
2193 1361 1420 1360 
2194 1420 1460 1360 
2195 1360 1460 1435 
2196 1362 1363 1361 
2197 1363 1383 1361 
2198 1383 1420 1361 
2199 1362 1415 1363 
2200 1362 1416 1415 
2201 1362 1418 1416 
2202 1363 1384 1383 
2203 1363 1385 1384 
2204 1363 1415 1385 
2205 1364 1366 1365 
2206 1364 1438 1366 
2207 1394 1438 1364 
2208 1366 1367 1365 
2209 1367 1400 1365 
2210 1365 1400 1369 
2211 1366 1368 1367 
2212 1366 1397 1368 
2213 1366 1438 1397 
2214 1368 1370 1367 
2215 1370 1395 1367 
2216 1395 1400 1367 
2217 1368 1371 1370 
2218 1368 1372 1371 
2219 1368 1397 1372 
2220 1400 1411 1369 
2221 1369 1410 1409 
2222 1369 1411 1410 
2223 1371 1405 1370 
2224 1370 1398 1395 
2225 1370 1405 1398 
2226 1372 1373 1371 
2227 1373 1374 1371 
2228 1374 1405 1371 
2229 1372 1458 1373 
2230 1372 1449 1396 
2231 1396 1458 1372 
2232 1397 1449 1372 
2233 1373 1375 1374 
2234 1373 1376 1375 
2235 1373 1458 1376 
2236 1375 1421 1374 
2237 1374 1406 1405 
2238 1374 1421 1406 
2239 1376 1377 1375 
2240 1377 1412 1375 
2241 1412 1421 1375 
2242 1376 1378 1377 
2243 1376 1391 1378 
2244 1376 1458 1391 
2245 1378 1380 1377 
2246 1380 1381 1377 
2247 1381 1412 1377 
2248 1378 1427 1380 
2249 1391 1401 1378 
2250 1401 1427 1378 
2251 1396 1449 1379 
2252 1379 1449 1397 
2253 1380 1425 1381 
2254 1380 1441 1425 
2255 1427 1441 1380 
2256 1381 1413 1412 
2257 1381 1437 1413 
2258 1425 1437 1381 
2259 1407 1445 1382 
2260 1382 1457 1414 
2261 1445 1457 1382 
2262 1384 1419 1383 
2263 1419 1452 1383 
2264 1383 1452 1420 
2265 1385 1386 1384 
2266 1386 1388 1384 
2267 1388 1419 1384 
2268 1385 1389 1386 
2269 1385 1417 1389 
2270 1415 1417 1385 
2271 1386 1443 1388 
2272 1389 1390 1386 
2273 1390 1443 1386 
2274 1387 1460 1420 
2275 1388 1453 1419 
2276 1423 1453 1388 
2277 1389 1463 1390 
2278 1417 1422 1389 
2279 1422 1463 1389 
2280 1403 1443 1390 
2281 1390 1450 1403 
2282 1390 1463 1450 
2283 1392 1401 1391 
2284 1391 1458 1396 
2285 1393 1452 1419 
2286 1419 1453 1393 
2287 1399 1400 1395 
2288 1399 1411 1400 
2289 1424 1427 1401 
2290 1402 1456 1441 
2291 1421 1436 1406 
2292 1436 1455 1406 
2293 1408 1444 1407 
2294 1444 1445 1407 
2295 1409 1410 1408 
2296 1410 1459 1408 
2297 1408 1459 1444 
2298 1411 1428 1410 
2299 1428 1459 1410 
2300 1414 1432 1426 
2301 1416 1448 1415 
2302 1415 1448 1417 
2303 1418 1451 1416 
2304 1430 1434 1416 
2305 1416 1451 1430 
2306 1434 1448 1416 
2307 1426 1451 1418 
2308 1454 1463 1422 
2309 1441 1456 1425 
2310 1431 1457 1445 
2311 1444 1459 1433 
2 19 2 72
2312 41 458 470 
2313 477 469 42 
2314 458 459 1471 
2315 470 458 1471 
2316 459 460 1484 
2317 1471 459 1484 
2318 460 461 1465 
2319 460 1465 1484 
2320 461 462 1486 
2321 1465 461 1486 
2322 462 463 1477 
2323 462 1477 1486 
2324 463 464 1464 
2325 463 1464 1477 
2326 464 465 1480 
2327 1464 464 1480 
2328 465 466 1488 
2329 1480 465 1488 
2330 466 467 1466 
2331 466 1466 1488 
2332 467 468 1485 
2333 1466 467 1485 
2334 468 469 1470 
2335 468 1470 1485 
2336 469 477 1470 
2337 471 470 1471 
2338 472 471 1468 
2339 1468 471 1471 
2340 473 472 1478 
2341 472 1468 1478 
2342 474 473 1467 
2343 1467 473 1478 
2344 475 474 1472 
2345 474 1467 1472 
2346 476 475 1469 
2347 1469 475 1472 
2348 477 476 1470 
2349 476 1469 1470 
2350 1475 1464 1476 
2351 1464 1475 1477 
2352 1476 1464 1480 
2353 1465 1482 1484 
2354 1482 1465 1487 
2355 1465 1486 1487 
2356 1476 1466 1479 
2357 1466 1476 1488 
2358 1479 1466 1481 
2359 1481 1466 1485 
2360 1472 1467 1473 
2361 1473 1467 1474 
2362 1474 1467 1478 
2363 1468 1471 1482 
2364 1478 1468 1483 
2365 1468 1482 1483 
2366 1470 1469 1481 
2367 1469 1472 1479 
2368 1469 1479 1481 
2369 1470 1481 1485 
2370 1482 1471 1484 
2371 1472 1473 1479 
2372 1473 1474 1475 
2373 1473 1475 1476 
2374 1473 1476 1479 
2375 1475 1474 1489 
2376 1474 1478 1483 
2377 1474 1483 1489 
2378 1477 1475 1489 
2379 1476 1480 1488 
2380 1486 1477 1487 
2381 1487 1477 1489 
2382 1483 1482 1487 
2383 1483 1487 1489 
2 20 2 294
2384 26 1579 262 
2385 502 1579 26 
2386 273 1587 27 
2387 27 1587 479 
2388 29 1588 299 
2389 501 1588 29 
2390 288 1580 31 
2391 31 1580 478 
2392 35 1580 381 
2393 478 1580 35 
2394 349 1579 37 
2395 37 1579 502 
2396 262 1577 263 
2397 262 1579 1577 
2398 263 1563 264 
2399 263 1577 1563 
2400 264 1546 265 
2401 264 1563 1546 
2402 265 1583 266 
2403 1546 1583 265 
2404 266 1507 267 
2405 266 1583 1507 
2406 267 1574 268 
2407 1507 1574 267 
2408 268 1566 269 
2409 268 1574 1566 
2410 269 1496 270 
2411 269 1566 1496 
2412 270 1555 271 
2413 1496 1555 270 
2414 271 1493 272 
2415 271 1555 1493 
2416 272 1558 273 
2417 1493 1558 272 
2418 1558 1587 273 
2419 289 1578 288 
2420 1578 1580 288 
2421 290 1564 289 
2422 1564 1578 289 
2423 291 1547 290 
2424 1547 1564 290 
2425 292 1582 291 
2426 291 1582 1547 
2427 293 1506 292 
2428 1506 1582 292 
2429 294 1575 293 
2430 293 1575 1506 
2431 295 1565 294 
2432 1565 1575 294 
2433 296 1497 295 
2434 1497 1565 295 
2435 297 1554 296 
2436 296 1554 1497 
2437 298 1492 297 
2438 1492 1554 297 
2439 299 1559 298 
2440 298 1559 1492 
2441 299 1588 1559 
2442 350 1577 349 
2443 1577 1579 349 
2444 351 1563 350 
2445 1563 1577 350 
2446 352 1546 351 
2447 1546 1563 351 
2448 353 1561 352 
2449 352 1561 1546 
2450 354 1543 353 
2451 1543 1561 353 
2452 355 1500 354 
2453 1500 1543 354 
2454 356 1534 355 
2455 355 1534 1500 
2456 357 1490 356 
2457 1490 1534 356 
2458 358 1516 357 
2459 357 1516 1490 
2460 359 1498 358 
2461 1498 1516 358 
2462 360 1541 359 
2463 359 1541 1498 
2464 361 1524 360 
2465 1524 1541 360 
2466 362 1508 361 
2467 1508 1524 361 
2468 363 1590 362 
2469 362 1590 1508 
2470 364 1556 363 
2471 363 1556 1510 
2472 1510 1590 363 
2473 365 1539 364 
2474 1539 1556 364 
2475 366 1540 365 
2476 365 1540 1539 
2477 367 1557 366 
2478 366 1557 1540 
2479 368 1589 367 
2480 1511 1557 367 
2481 367 1589 1511 
2482 369 1509 368 
2483 1509 1589 368 
2484 370 1515 369 
2485 369 1515 1509 
2486 371 1512 370 
2487 1512 1515 370 
2488 372 1499 371 
2489 1499 1512 371 
2490 373 1542 372 
2491 372 1542 1499 
2492 374 1491 373 
2493 1491 1542 373 
2494 375 1525 374 
2495 374 1525 1491 
2496 376 1501 375 
2497 1501 1525 375 
2498 377 1544 376 
2499 376 1544 1501 
2500 378 1562 377 
2501 377 1562 1544 
2502 379 1547 378 
2503 1547 1562 378 
2504 380 1564 379 
2505 379 1564 1547 
2506 381 1578 380 
2507 380 1578 1564 
2508 381 1580 1578 
2509 479 1504 480 
2510 479 1587 1504 
2511 480 1552 481 
2512 1504 1552 480 
2513 481 1494 482 
2514 481 1552 1494 
2515 482 1572 483 
2516 1494 1572 482 
2517 483 1545 484 
2518 483 1572 1545 
2519 484 1502 485 
2520 484 1545 1502 
2521 485 1549 486 
2522 1502 1549 485 
2523 486 1567 487 
2524 1549 1567 486 
2525 487 1510 488 
2526 487 1567 1510 
2527 488 1556 489 
2528 1510 1556 488 
2529 489 1539 490 
2530 489 1556 1539 
2531 490 1540 491 
2532 1539 1540 490 
2533 491 1557 492 
2534 1540 1557 491 
2535 492 1511 493 
2536 492 1557 1511 
2537 493 1568 494 
2538 1511 1568 493 
2539 494 1550 495 
2540 494 1568 1550 
2541 495 1503 496 
2542 495 1550 1503 
2543 496 1548 497 
2544 1503 1548 496 
2545 497 1573 498 
2546 1548 1573 497 
2547 498 1495 499 
2548 498 1573 1495 
2549 499 1551 500 
2550 1495 1551 499 
2551 500 1505 501 
2552 500 1551 1505 
2553 1505 1588 501 
2554 1516 1517 1490 
2555 1517 1518 1490 
2556 1518 1534 1490 
2557 1525 1526 1491 
2558 1526 1527 1491 
2559 1527 1542 1491 
2560 1492 1571 1554 
2561 1559 1592 1492 
2562 1492 1592 1571 
2563 1555 1560 1493 
2564 1493 1570 1558 
2565 1560 1570 1493 
2566 1533 1572 1494 
2567 1494 1584 1533 
2568 1552 1584 1494 
2569 1495 1573 1537 
2570 1537 1585 1495 
2571 1495 1569 1551 
2572 1495 1585 1569 
2573 1538 1555 1496 
2574 1496 1591 1538 
2575 1566 1591 1496 
2576 1497 1554 1553 
2577 1553 1593 1497 
2578 1497 1593 1565 
2579 1498 1520 1516 
2580 1498 1521 1520 
2581 1498 1541 1521 
2582 1499 1513 1512 
2583 1499 1514 1513 
2584 1499 1542 1514 
2585 1534 1535 1500 
2586 1535 1536 1500 
2587 1536 1543 1500 
2588 1501 1531 1525 
2589 1501 1532 1531 
2590 1501 1544 1532 
2591 1524 1549 1502 
2592 1502 1581 1524 
2593 1545 1581 1502 
2594 1503 1550 1515 
2595 1515 1576 1503 
2596 1503 1576 1548 
2597 1504 1570 1552 
2598 1558 1570 1504 
2599 1504 1587 1558 
2600 1551 1586 1505 
2601 1559 1588 1505 
2602 1505 1592 1559 
2603 1586 1592 1505 
2604 1544 1562 1506 
2605 1506 1575 1544 
2606 1562 1582 1506 
2607 1507 1561 1543 
2608 1543 1574 1507 
2609 1507 1583 1561 
2610 1508 1549 1524 
2611 1508 1567 1549 
2612 1508 1590 1567 
2613 1515 1550 1509 
2614 1550 1568 1509 
2615 1568 1589 1509 
2616 1567 1590 1510 
2617 1511 1589 1568 
2618 1513 1576 1512 
2619 1512 1576 1515 
2620 1514 1537 1513 
2621 1537 1548 1513 
2622 1548 1576 1513 
2623 1514 1542 1527 
2624 1527 1585 1514 
2625 1514 1585 1537 
2626 1516 1520 1517 
2627 1517 1519 1518 
2628 1517 1522 1519 
2629 1520 1522 1517 
2630 1519 1538 1518 
2631 1518 1535 1534 
2632 1518 1591 1535 
2633 1538 1591 1518 
2634 1522 1523 1519 
2635 1523 1560 1519 
2636 1519 1560 1538 
2637 1521 1533 1520 
2638 1520 1533 1522 
2639 1521 1545 1533 
2640 1541 1581 1521 
2641 1521 1581 1545 
2642 1522 1584 1523 
2643 1533 1584 1522 
2644 1552 1570 1523 
2645 1523 1584 1552 
2646 1523 1570 1560 
2647 1524 1581 1541 
2648 1525 1531 1526 
2649 1526 1528 1527 
2650 1526 1553 1528 
2651 1531 1553 1526 
2652 1528 1529 1527 
2653 1529 1585 1527 
2654 1528 1530 1529 
2655 1528 1571 1530 
2656 1553 1571 1528 
2657 1530 1569 1529 
2658 1569 1585 1529 
2659 1530 1586 1569 
2660 1571 1592 1530 
2661 1530 1592 1586 
2662 1532 1593 1531 
2663 1531 1593 1553 
2664 1544 1575 1532 
2665 1532 1575 1565 
2666 1565 1593 1532 
2667 1545 1572 1533 
2668 1535 1566 1536 
2669 1535 1591 1566 
2670 1536 1574 1543 
2671 1566 1574 1536 
2672 1537 1573 1548 
2673 1538 1560 1555 
2674 1561 1583 1546 
2675 1547 1582 1562 
2676 1569 1586 1551 
2677 1554 1571 1553 
2 21 2 156
2678 33 1647 324 
2679 503 1647 33 
2680 335 1646 34 
2681 34 1646 519 
2682 43 1648 506 
2683 507 1648 43 
2684 44 1649 518 
2685 522 1649 44 
2686 324 1625 325 
2687 324 1647 1625 
2688 325 1603 326 
2689 325 1625 1603 
2690 326 1631 327 
2691 1603 1631 326 
2692 327 1598 328 
2693 327 1631 1598 
2694 328 1630 329 
2695 1598 1630 328 
2696 329 1596 330 
2697 329 1630 1596 
2698 330 1626 331 
2699 1596 1626 330 
2700 331 1597 332 
2701 331 1626 1597 
2702 332 1617 333 
2703 1597 1617 332 
2704 333 1604 334 
2705 333 1617 1604 
2706 334 1628 335 
2707 1604 1628 334 
2708 1628 1646 335 
2709 504 1636 503 
2710 1636 1647 503 
2711 505 1595 504 
2712 1595 1636 504 
2713 506 1639 505 
2714 505 1639 1595 
2715 506 1648 1639 
2716 508 1606 507 
2717 1606 1648 507 
2718 509 1633 508 
2719 508 1633 1606 
2720 510 1602 509 
2721 1602 1633 509 
2722 511 1607 510 
2723 510 1607 1602 
2724 512 1599 511 
2725 1599 1607 511 
2726 513 1632 512 
2727 512 1632 1599 
2728 514 1600 513 
2729 1600 1632 513 
2730 515 1629 514 
2731 514 1629 1600 
2732 516 1601 515 
2733 1601 1629 515 
2734 517 1627 516 
2735 516 1627 1601 
2736 518 1605 517 
2737 1605 1627 517 
2738 518 1649 1605 
2739 519 1638 520 
2740 519 1646 1638 
2741 520 1594 521 
2742 520 1638 1594 
2743 521 1637 522 
2744 1594 1637 521 
2745 1637 1649 522 
2746 1594 1638 1624 
2747 1624 1640 1594 
2748 1594 1640 1637 
2749 1595 1639 1635 
2750 1635 1641 1595 
2751 1595 1641 1636 
2752 1596 1645 1626 
2753 1630 1650 1596 
2754 1596 1650 1645 
2755 1597 1618 1617 
2756 1597 1619 1618 
2757 1597 1626 1619 
2758 1598 1644 1630 
2759 1631 1651 1598 
2760 1598 1651 1644 
2761 1599 1608 1607 
2762 1599 1609 1608 
2763 1599 1632 1609 
2764 1629 1642 1600 
2765 1600 1634 1632 
2766 1600 1642 1634 
2767 1627 1652 1601 
2768 1601 1643 1629 
2769 1601 1652 1643 
2770 1607 1613 1602 
2771 1613 1614 1602 
2772 1614 1633 1602 
2773 1603 1641 1616 
2774 1616 1654 1603 
2775 1625 1641 1603 
2776 1603 1654 1631 
2777 1617 1622 1604 
2778 1622 1624 1604 
2779 1624 1628 1604 
2780 1605 1640 1627 
2781 1637 1640 1605 
2782 1605 1649 1637 
2783 1633 1635 1606 
2784 1635 1639 1606 
2785 1639 1648 1606 
2786 1608 1613 1607 
2787 1609 1610 1608 
2788 1610 1612 1608 
2789 1612 1613 1608 
2790 1609 1611 1610 
2791 1609 1634 1611 
2792 1632 1634 1609 
2793 1611 1650 1610 
2794 1610 1644 1612 
2795 1610 1650 1644 
2796 1634 1653 1611 
2797 1645 1650 1611 
2798 1611 1653 1645 
2799 1612 1615 1613 
2800 1612 1651 1615 
2801 1644 1651 1612 
2802 1613 1615 1614 
2803 1615 1616 1614 
2804 1616 1635 1614 
2805 1614 1635 1633 
2806 1615 1654 1616 
2807 1651 1654 1615 
2808 1616 1641 1635 
2809 1618 1622 1617 
2810 1619 1620 1618 
2811 1620 1621 1618 
2812 1621 1622 1618 
2813 1619 1653 1620 
2814 1626 1645 1619 
2815 1645 1653 1619 
2816 1620 1643 1621 
2817 1642 1643 1620 
2818 1620 1653 1642 
2819 1621 1623 1622 
2820 1621 1652 1623 
2821 1643 1652 1621 
2822 1623 1624 1622 
2823 1623 1640 1624 
2824 1627 1640 1623 
2825 1623 1652 1627 
2826 1624 1638 1628 
2827 1636 1641 1625 
2828 1625 1647 1636 
2829 1638 1646 1628 
2830 1629 1643 1642 
2831 1644 1650 1630 
2832 1631 1654 1651 
2833 1642 1653 1634 
2 22 2 538
2834 27 1869 279 
2835 479 1869 27 
2836 274 1867 28 
2837 28 1867 557 
2838 286 1876 29 
2839 29 1876 501 
2840 30 1685 287 
2841 336 1671 30 
2842 1671 1677 30 
2843 1677 1685 30 
2844 34 1873 347 
2845 519 1873 34 
2846 44 1874 522 
2847 523 1874 44 
2848 275 1687 274 
2849 1687 1867 274 
2850 276 1789 275 
2851 275 1789 1687 
2852 277 1667 276 
2853 1667 1789 276 
2854 278 1856 277 
2855 277 1856 1667 
2856 279 1737 278 
2857 1737 1856 278 
2858 279 1869 1737 
2859 287 1755 286 
2860 1755 1876 286 
2861 1685 1755 287 
2862 337 1836 336 
2863 336 1836 1671 
2864 338 1676 337 
2865 1676 1836 337 
2866 339 1817 338 
2867 338 1817 1676 
2868 340 1818 339 
2869 339 1818 1817 
2870 341 1675 340 
2871 1675 1818 340 
2872 342 1822 341 
2873 341 1822 1675 
2874 343 1674 342 
2875 1674 1822 342 
2876 344 1819 343 
2877 343 1819 1674 
2878 345 1673 344 
2879 1673 1819 344 
2880 346 1821 345 
2881 345 1821 1673 
2882 347 1743 346 
2883 1743 1821 346 
2884 347 1873 1743 
2885 480 1832 479 
2886 1832 1869 479 
2887 481 1679 480 
2888 1679 1832 480 
2889 482 1833 481 
2890 481 1833 1679 
2891 483 1656 482 
2892 1656 1833 482 
2893 484 1815 483 
2894 483 1815 1656 
2895 485 1812 484 
2896 1812 1815 484 
2897 486 1657 485 
2898 1657 1812 485 
2899 487 1877 486 
2900 486 1877 1657 
2901 488 1875 487 
2902 487 1875 1770 
2903 1770 1877 487 
2904 489 1658 488 
2905 1658 1875 488 
2906 490 1862 489 
2907 489 1862 1658 
2908 491 1857 490 
2909 1857 1862 490 
2910 492 1659 491 
2911 1659 1857 491 
2912 493 1845 492 
2913 492 1845 1659 
2914 494 1835 493 
2915 1835 1845 493 
2916 495 1660 494 
2917 1660 1835 494 
2918 496 1810 495 
2919 495 1810 1660 
2920 497 1811 496 
2921 496 1811 1810 
2922 498 1661 497 
2923 1661 1811 497 
2924 499 1788 498 
2925 498 1788 1661 
2926 500 1668 499 
2927 1668 1788 499 
2928 501 1871 500 
2929 500 1871 1668 
2930 1755 1871 501 
2931 501 1876 1755 
2932 520 1838 519 
2933 1838 1873 519 
2934 521 1672 520 
2935 1672 1838 520 
2936 522 1831 521 
2937 521 1831 1672 
2938 522 1874 1831 
2939 524 1791 523 
2940 1791 1874 523 
2941 525 1683 524 
2942 1683 1791 524 
2943 526 1807 525 
2944 525 1807 1683 
2945 527 1680 526 
2946 1680 1807 526 
2947 528 1813 527 
2948 527 1813 1680 
2949 529 1681 528 
2950 1681 1813 528 
2951 530 1796 529 
2952 529 1796 1681 
2953 531 1678 530 
2954 1678 1796 530 
2955 532 1806 531 
2956 531 1806 1678 
2957 533 1682 532 
2958 1682 1806 532 
2959 534 1865 533 
2960 533 1865 1682 
2961 535 1866 534 
2962 1751 1865 534 
2963 534 1866 1751 
2964 536 1669 535 
2965 1669 1866 535 
2966 537 1790 536 
2967 536 1790 1669 
2968 538 1655 537 
2969 1655 1790 537 
2970 539 1842 538 
2971 538 1842 1655 
2972 540 1834 539 
2973 1834 1842 539 
2974 541 1662 540 
2975 1662 1834 540 
2976 542 1863 541 
2977 541 1863 1662 
2978 543 1781 542 
2979 1781 1863 542 
2980 544 1663 543 
2981 1663 1864 543 
2982 543 1864 1781 
2983 545 1855 544 
2984 544 1855 1663 
2985 546 1868 545 
2986 1775 1855 545 
2987 545 1868 1775 
2988 547 1664 546 
2989 1664 1868 546 
2990 548 1844 547 
2991 547 1844 1664 
2992 549 1854 548 
2993 548 1854 1844 
2994 550 1665 549 
2995 1665 1854 549 
2996 551 1816 550 
2997 550 1816 1665 
2998 552 1837 551 
2999 551 1837 1816 
3000 553 1666 552 
3001 1666 1837 552 
3002 554 1823 553 
3003 553 1823 1666 
3004 555 1670 554 
3005 1670 1823 554 
3006 556 1757 555 
3007 555 1757 1670 
3008 557 1853 556 
3009 556 1853 1757 
3010 557 1867 1853 
3011 1655 1842 1786 
3012 1786 1848 1655 
3013 1655 1848 1790 
3014 1656 1815 1763 
3015 1763 1826 1656 
3016 1826 1833 1656 
3017 1657 1769 1767 
3018 1767 1812 1657 
3019 1657 1877 1769 
3020 1766 1847 1658 
3021 1658 1870 1766 
3022 1847 1875 1658 
3023 1862 1870 1658 
3024 1659 1852 1841 
3025 1841 1857 1659 
3026 1845 1852 1659 
3027 1810 1827 1660 
3028 1827 1828 1660 
3029 1828 1835 1660 
3030 1783 1811 1661 
3031 1661 1829 1783 
3032 1788 1829 1661 
3033 1780 1825 1662 
3034 1662 1863 1780 
3035 1662 1825 1785 
3036 1785 1834 1662 
3037 1776 1864 1663 
3038 1663 1872 1776 
3039 1855 1872 1663 
3040 1844 1860 1664 
3041 1860 1861 1664 
3042 1861 1868 1664 
3043 1816 1843 1665 
3044 1843 1849 1665 
3045 1849 1854 1665 
3046 1666 1823 1759 
3047 1759 1830 1666 
3048 1830 1837 1666 
3049 1667 1754 1752 
3050 1752 1858 1667 
3051 1667 1856 1754 
3052 1667 1858 1789 
3053 1746 1748 1668 
3054 1668 1871 1746 
3055 1748 1788 1668 
3056 1669 1859 1750 
3057 1750 1878 1669 
3058 1790 1859 1669 
3059 1669 1878 1866 
3060 1670 1757 1747 
3061 1747 1758 1670 
3062 1758 1823 1670 
3063 1671 1684 1677 
3064 1671 1740 1684 
3065 1671 1836 1740 
3066 1672 1831 1792 
3067 1792 1839 1672 
3068 1672 1839 1838 
3069 1795 1819 1673 
3070 1673 1880 1795 
3071 1821 1880 1673 
3072 1674 1820 1805 
3073 1805 1822 1674 
3074 1819 1820 1674 
3075 1675 1804 1801 
3076 1801 1818 1675 
3077 1675 1822 1804 
3078 1676 1817 1800 
3079 1800 1850 1676 
3080 1676 1850 1836 
3081 1684 1688 1677 
3082 1677 1686 1685 
3083 1677 1688 1686 
3084 1678 1797 1796 
3085 1678 1798 1797 
3086 1678 1806 1798 
3087 1679 1833 1809 
3088 1809 1840 1679 
3089 1679 1840 1832 
3090 1680 1814 1807 
3091 1813 1824 1680 
3092 1680 1824 1814 
3093 1796 1802 1681 
3094 1802 1803 1681 
3095 1803 1813 1681 
3096 1745 1846 1682 
3097 1682 1851 1745 
3098 1682 1846 1806 
3099 1682 1865 1851 
3100 1683 1792 1791 
3101 1683 1793 1792 
3102 1683 1807 1793 
3103 1684 1749 1688 
3104 1740 1741 1684 
3105 1741 1749 1684 
3106 1686 1746 1685 
3107 1746 1755 1685 
3108 1688 1689 1686 
3109 1689 1690 1686 
3110 1690 1746 1686 
3111 1687 1789 1756 
3112 1756 1853 1687 
3113 1853 1867 1687 
3114 1688 1879 1689 
3115 1749 1750 1688 
3116 1750 1879 1688 
3117 1689 1691 1690 
3118 1689 1739 1691 
3119 1689 1879 1739 
3120 1691 1692 1690 
3121 1692 1748 1690 
3122 1690 1748 1746 
3123 1691 1693 1692 
3124 1691 1808 1693 
3125 1739 1808 1691 
3126 1693 1694 1692 
3127 1694 1829 1692 
3128 1692 1829 1748 
3129 1693 1695 1694 
3130 1693 1698 1695 
3131 1693 1808 1698 
3132 1695 1696 1694 
3133 1696 1783 1694 
3134 1783 1829 1694 
3135 1695 1697 1696 
3136 1695 1784 1697 
3137 1698 1784 1695 
3138 1697 1699 1696 
3139 1699 1738 1696 
3140 1738 1783 1696 
3141 1697 1700 1699 
3142 1697 1782 1700 
3143 1697 1784 1782 
3144 1698 1785 1784 
3145 1698 1786 1785 
3146 1698 1808 1786 
3147 1700 1701 1699 
3148 1701 1827 1699 
3149 1699 1827 1738 
3150 1700 1702 1701 
3151 1700 1703 1702 
3152 1700 1782 1703 
3153 1702 1704 1701 
3154 1704 1828 1701 
3155 1701 1828 1827 
3156 1703 1778 1702 
3157 1702 1705 1704 
3158 1702 1778 1705 
3159 1703 1779 1778 
3160 1703 1780 1779 
3161 1703 1782 1780 
3162 1705 1706 1704 
3163 1706 1744 1704 
3164 1744 1828 1704 
3165 1705 1707 1706 
3166 1705 1708 1707 
3167 1705 1778 1708 
3168 1707 1777 1706 
3169 1706 1852 1744 
3170 1777 1852 1706 
3171 1708 1709 1707 
3172 1709 1710 1707 
3173 1710 1777 1707 
3174 1708 1774 1709 
3175 1708 1776 1774 
3176 1708 1778 1776 
3177 1709 1711 1710 
3178 1709 1742 1711 
3179 1709 1774 1742 
3180 1711 1712 1710 
3181 1712 1732 1710 
3182 1732 1777 1710 
3183 1711 1713 1712 
3184 1711 1773 1713 
3185 1742 1773 1711 
3186 1713 1714 1712 
3187 1714 1771 1712 
3188 1712 1771 1732 
3189 1713 1715 1714 
3190 1713 1735 1715 
3191 1713 1773 1735 
3192 1715 1716 1714 
3193 1716 1766 1714 
3194 1766 1771 1714 
3195 1715 1717 1716 
3196 1715 1761 1717 
3197 1735 1761 1715 
3198 1717 1718 1716 
3199 1718 1734 1716 
3200 1734 1766 1716 
3201 1717 1719 1718 
3202 1717 1760 1719 
3203 1717 1761 1760 
3204 1719 1720 1718 
3205 1720 1769 1718 
3206 1718 1769 1734 
3207 1719 1721 1720 
3208 1719 1726 1721 
3209 1719 1760 1726 
3210 1721 1722 1720 
3211 1722 1767 1720 
3212 1767 1769 1720 
3213 1721 1723 1722 
3214 1721 1764 1723 
3215 1726 1764 1721 
3216 1723 1724 1722 
3217 1724 1736 1722 
3218 1736 1767 1722 
3219 1723 1725 1724 
3220 1723 1787 1725 
3221 1764 1787 1723 
3222 1725 1727 1724 
3223 1727 1763 1724 
3224 1724 1763 1736 
3225 1725 1728 1727 
3226 1725 1729 1728 
3227 1725 1787 1729 
3228 1760 1843 1726 
3229 1726 1765 1764 
3230 1726 1843 1765 
3231 1728 1768 1727 
3232 1727 1826 1763 
3233 1768 1826 1727 
3234 1729 1730 1728 
3235 1730 1731 1728 
3236 1731 1768 1728 
3237 1729 1758 1730 
3238 1729 1759 1758 
3239 1729 1787 1759 
3240 1730 1733 1731 
3241 1730 1747 1733 
3242 1730 1758 1747 
3243 1733 1752 1731 
3244 1752 1753 1731 
3245 1753 1768 1731 
3246 1771 1772 1732 
3247 1772 1841 1732 
3248 1732 1841 1777 
3249 1747 1756 1733 
3250 1733 1858 1752 
3251 1756 1858 1733 
3252 1734 1847 1766 
3253 1769 1770 1734 
3254 1770 1847 1734 
3255 1735 1762 1761 
3256 1735 1860 1762 
3257 1773 1860 1735 
3258 1763 1815 1736 
3259 1736 1812 1767 
3260 1736 1815 1812 
3261 1737 1840 1754 
3262 1754 1856 1737 
3263 1832 1840 1737 
3264 1737 1869 1832 
3265 1738 1811 1783 
3266 1810 1811 1738 
3267 1738 1827 1810 
3268 1739 1848 1808 
3269 1739 1859 1848 
3270 1739 1879 1859 
3271 1740 1745 1741 
3272 1740 1850 1745 
3273 1836 1850 1740 
3274 1745 1851 1741 
3275 1741 1751 1749 
3276 1741 1851 1751 
3277 1742 1861 1773 
3278 1774 1775 1742 
3279 1775 1861 1742 
3280 1743 1839 1821 
3281 1838 1839 1743 
3282 1743 1873 1838 
3283 1744 1835 1828 
3284 1744 1845 1835 
3285 1744 1852 1845 
3286 1800 1846 1745 
3287 1745 1850 1800 
3288 1746 1871 1755 
3289 1747 1757 1756 
3290 1748 1829 1788 
3291 1749 1878 1750 
3292 1751 1878 1749 
3293 1859 1879 1750 
3294 1851 1865 1751 
3295 1866 1878 1751 
3296 1752 1754 1753 
3297 1754 1840 1753 
3298 1753 1809 1768 
3299 1753 1840 1809 
3300 1757 1853 1756 
3301 1789 1858 1756 
3302 1759 1823 1758 
3303 1787 1830 1759 
3304 1761 1849 1760 
3305 1760 1849 1843 
3306 1762 1849 1761 
3307 1844 1854 1762 
3308 1762 1860 1844 
3309 1762 1854 1849 
3310 1765 1830 1764 
3311 1764 1830 1787 
3312 1816 1837 1765 
3313 1765 1843 1816 
3314 1765 1837 1830 
3315 1766 1870 1771 
3316 1809 1826 1768 
3317 1769 1877 1770 
3318 1770 1875 1847 
3319 1771 1870 1772 
3320 1772 1857 1841 
3321 1772 1862 1857 
3322 1772 1870 1862 
3323 1773 1861 1860 
3324 1774 1872 1775 
3325 1776 1872 1774 
3326 1775 1872 1855 
3327 1775 1868 1861 
3328 1778 1779 1776 
3329 1779 1864 1776 
3330 1841 1852 1777 
3331 1780 1781 1779 
3332 1781 1864 1779 
3333 1780 1863 1781 
3334 1782 1825 1780 
3335 1784 1825 1782 
3336 1785 1825 1784 
3337 1786 1842 1785 
3338 1785 1842 1834 
3339 1808 1848 1786 
3340 1848 1859 1790 
3341 1792 1831 1791 
3342 1831 1874 1791 
3343 1793 1794 1792 
3344 1794 1839 1792 
3345 1793 1795 1794 
3346 1793 1814 1795 
3347 1807 1814 1793 
3348 1795 1880 1794 
3349 1821 1839 1794 
3350 1794 1880 1821 
3351 1814 1820 1795 
3352 1795 1820 1819 
3353 1797 1802 1796 
3354 1798 1799 1797 
3355 1799 1801 1797 
3356 1801 1802 1797 
3357 1798 1800 1799 
3358 1798 1846 1800 
3359 1806 1846 1798 
3360 1800 1817 1799 
3361 1799 1818 1801 
3362 1817 1818 1799 
3363 1801 1804 1802 
3364 1802 1804 1803 
3365 1804 1805 1803 
3366 1805 1824 1803 
3367 1803 1824 1813 
3368 1804 1822 1805 
3369 1820 1824 1805 
3370 1809 1833 1826 
3371 1814 1824 1820 
2 23 2 930
3372 1 248 68 
3373 78 247 1 
3374 247 248 1 
3375 68 1947 4 
3376 4 2207 102 
3377 1947 2207 4 
3378 6 1950 82 
3379 88 242 6 
3380 242 1950 6 
3381 7 2226 88 
3382 89 1940 7 
3383 1940 2226 7 
3384 9 2236 91 
3385 583 2236 9 
3386 100 2240 14 
3387 14 2240 582 
3388 19 2231 186 
3389 280 2231 19 
3390 20 1948 24 
3391 154 2245 20 
3392 1937 1948 20 
3393 20 1949 1937 
3394 20 2245 1949 
3395 219 2241 22 
3396 22 2241 255 
3397 24 1919 251 
3398 24 1936 1919 
3399 24 2212 1936 
3400 1948 2212 24 
3401 252 2238 25 
3402 25 2238 576 
3403 28 2230 285 
3404 557 2230 28 
3405 43 2242 507 
3406 577 2242 43 
3407 518 2233 44 
3408 44 2233 523 
3409 558 2237 45 
3410 45 2237 593 
3411 46 1941 560 
3412 561 1951 46 
3413 46 1951 1941 
3414 230 47 229 
3415 229 47 562 
3416 561 47 230 
3417 48 224 225 
3418 48 567 224 
3419 225 566 48 
3420 49 1954 567 
3421 568 1938 49 
3422 1938 1954 49 
3423 50 2239 570 
3424 571 2239 50 
3425 248 1947 68 
3426 79 246 78 
3427 246 247 78 
3428 80 245 79 
3429 245 246 79 
3430 81 244 80 
3431 80 244 245 
3432 82 1953 81 
3433 81 1953 244 
3434 82 1950 243 
3435 243 1953 82 
3436 88 2226 242 
3437 90 1910 89 
3438 1910 1940 89 
3439 91 2169 90 
3440 90 2169 1910 
3441 91 2236 2169 
3442 101 2152 100 
3443 2152 2240 100 
3444 102 1929 101 
3445 1929 2152 101 
3446 102 2207 1929 
3447 155 1908 154 
3448 1908 2245 154 
3449 156 2125 155 
3450 155 2125 1908 
3451 157 1891 156 
3452 1891 2125 156 
3453 158 2123 157 
3454 157 2123 1891 
3455 159 1903 158 
3456 1903 2123 158 
3457 160 2124 159 
3458 159 2124 1903 
3459 161 1892 160 
3460 1892 2124 160 
3461 162 2197 161 
3462 161 2197 1892 
3463 163 2119 162 
3464 2119 2197 162 
3465 164 1893 163 
3466 1893 2119 163 
3467 165 2149 164 
3468 164 2149 1893 
3469 166 2192 165 
3470 165 2192 2149 
3471 167 1894 166 
3472 1894 2192 166 
3473 168 2249 167 
3474 167 2249 1894 
3475 169 2216 168 
3476 168 2216 2063 
3477 2063 2249 168 
3478 170 1895 169 
3479 1895 2216 169 
3480 171 2204 170 
3481 170 2204 1895 
3482 172 2058 171 
3483 2058 2204 171 
3484 173 1896 172 
3485 1896 2058 172 
3486 174 2186 173 
3487 173 2186 1896 
3488 175 2174 174 
3489 2174 2186 174 
3490 176 1897 175 
3491 1897 2174 175 
3492 177 2061 176 
3493 176 2061 1897 
3494 178 2209 177 
3495 177 2209 2061 
3496 179 1898 178 
3497 1898 2209 178 
3498 180 2110 179 
3499 179 2110 1898 
3500 181 2181 180 
3501 180 2181 2110 
3502 182 1899 181 
3503 1899 2181 181 
3504 183 2210 182 
3505 182 2210 1899 
3506 184 1902 183 
3507 1902 2210 183 
3508 185 2211 184 
3509 184 2211 1902 
3510 186 2106 185 
3511 2106 2211 185 
3512 186 2231 2106 
3513 220 1933 219 
3514 1933 2241 219 
3515 221 2128 220 
3516 220 2128 1933 
3517 222 1921 221 
3518 1921 2128 221 
3519 223 2172 222 
3520 222 2172 1921 
3521 224 1954 223 
3522 1954 2172 223 
3523 567 1954 224 
3524 225 226 566 
3525 226 227 565 
3526 566 226 565 
3527 564 227 228 
3528 565 227 564 
3529 229 562 228 
3530 562 563 228 
3531 228 563 564 
3532 231 1951 230 
3533 230 1951 561 
3534 232 1934 231 
3535 1934 1951 231 
3536 233 2126 232 
3537 232 2126 1934 
3538 234 1917 233 
3539 1917 2126 233 
3540 235 2120 234 
3541 234 2120 1917 
3542 236 1918 235 
3543 1918 2120 235 
3544 237 2122 236 
3545 236 2122 1918 
3546 238 1920 237 
3547 1920 2122 237 
3548 239 2111 238 
3549 238 2111 1920 
3550 240 1926 239 
3551 1926 2111 239 
3552 241 2200 240 
3553 240 2200 1926 
3554 242 2226 241 
3555 241 2226 2200 
3556 243 1950 242 
3557 244 1953 243 
3558 249 1935 248 
3559 1935 1947 248 
3560 250 1922 249 
3561 1922 1935 249 
3562 251 2156 250 
3563 250 2156 1922 
3564 1919 2156 251 
3565 253 2157 252 
3566 2157 2238 252 
3567 254 1925 253 
3568 1925 2157 253 
3569 255 2166 254 
3570 254 2166 1925 
3571 255 2241 2166 
3572 281 1928 280 
3573 1928 2231 280 
3574 282 1955 281 
3575 281 1955 1928 
3576 283 1900 282 
3577 1900 1955 282 
3578 284 2108 283 
3579 283 2108 1900 
3580 285 1930 284 
3581 1930 2108 284 
3582 285 2230 1930 
3583 507 2182 508 
3584 507 2242 2182 
3585 508 1927 509 
3586 508 2182 1927 
3587 509 2220 510 
3588 1927 2220 509 
3589 510 2212 511 
3590 510 2220 2212 
3591 511 1948 512 
3592 511 2212 1948 
3593 512 1937 513 
3594 512 1948 1937 
3595 513 2130 514 
3596 1937 2130 513 
3597 514 1901 515 
3598 514 2130 1901 
3599 515 2151 516 
3600 1901 2151 515 
3601 516 1915 517 
3602 516 2151 1915 
3603 517 2167 518 
3604 1915 2167 517 
3605 2167 2233 518 
3606 523 1931 524 
3607 523 2233 1931 
3608 524 2134 525 
3609 1931 2134 524 
3610 525 1881 526 
3611 525 2134 1881 
3612 526 2135 527 
3613 1881 2135 526 
3614 527 1904 528 
3615 527 2135 1904 
3616 528 2136 529 
3617 1904 2136 528 
3618 529 1890 530 
3619 529 2136 1890 
3620 530 2205 531 
3621 1890 2205 530 
3622 531 2173 532 
3623 531 2205 2173 
3624 532 1889 533 
3625 532 2173 1889 
3626 533 2133 534 
3627 1889 2133 533 
3628 534 2219 535 
3629 2133 2219 534 
3630 535 1888 536 
3631 535 2219 1888 
3632 536 2132 537 
3633 1888 2132 536 
3634 537 2137 538 
3635 2132 2137 537 
3636 538 1887 539 
3637 538 2137 1887 
3638 539 2217 540 
3639 1887 2217 539 
3640 540 2088 541 
3641 540 2217 2088 
3642 541 1886 542 
3643 541 2088 1886 
3644 542 2175 543 
3645 1886 2175 542 
3646 543 2198 544 
3647 2175 2198 543 
3648 544 1885 545 
3649 544 2198 1885 
3650 545 2107 546 
3651 1885 2107 545 
3652 546 2218 547 
3653 2107 2218 546 
3654 547 1884 548 
3655 547 2218 1884 
3656 548 2225 549 
3657 1884 2225 548 
3658 549 2096 550 
3659 549 2225 2096 
3660 550 1883 551 
3661 550 2096 1883 
3662 551 2195 552 
3663 1883 2195 551 
3664 552 2171 553 
3665 552 2195 2171 
3666 553 1882 554 
3667 553 2171 1882 
3668 554 2131 555 
3669 1882 2131 554 
3670 555 1916 556 
3671 555 2131 1916 
3672 556 2165 557 
3673 1916 2165 556 
3674 2165 2230 557 
3675 559 2168 558 
3676 2168 2237 558 
3677 560 1923 559 
3678 1923 2168 559 
3679 560 1941 1923 
3680 569 1924 568 
3681 1924 1938 568 
3682 570 2154 569 
3683 569 2154 1924 
3684 570 2239 2154 
3685 572 2179 571 
3686 2179 2239 571 
3687 573 1906 572 
3688 1906 2179 572 
3689 574 2160 573 
3690 573 2160 1906 
3691 575 1905 574 
3692 1905 2160 574 
3693 576 2184 575 
3694 575 2184 1905 
3695 576 2238 2184 
3696 578 2161 577 
3697 2161 2242 577 
3698 579 1909 578 
3699 1909 2161 578 
3700 580 2164 579 
3701 579 2164 1909 
3702 581 1907 580 
3703 1907 2164 580 
3704 582 2180 581 
3705 581 2180 1907 
3706 582 2240 2180 
3707 584 1932 583 
3708 1932 2236 583 
3709 585 2244 584 
3710 584 2244 1932 
3711 586 1914 585 
3712 1914 2244 585 
3713 587 2142 586 
3714 586 2142 1914 
3715 588 1913 587 
3716 1913 2142 587 
3717 589 2143 588 
3718 588 2143 1913 
3719 590 1912 589 
3720 1912 2143 589 
3721 591 2139 590 
3722 590 2139 1912 
3723 592 1911 591 
3724 1911 2139 591 
3725 593 2144 592 
3726 592 2144 1911 
3727 593 2237 2144 
3728 1881 2134 2102 
3729 2102 2227 1881 
3730 1881 2227 2135 
3731 1882 2171 2043 
3732 2043 2214 1882 
3733 1882 2214 2131 
3734 1883 2191 2069 
3735 2069 2195 1883 
3736 2096 2191 1883 
3737 1884 2080 2057 
3738 2057 2081 1884 
3739 1884 2218 2080 
3740 2081 2225 1884 
3741 2094 2194 1885 
3742 1885 2198 2094 
3743 1885 2194 2107 
3744 2050 2175 1886 
3745 1886 2215 2050 
3746 2088 2215 1886 
3747 2056 2086 1887 
3748 1887 2199 2056 
3749 2086 2217 1887 
3750 2137 2199 1887 
3751 2052 2103 1888 
3752 1888 2219 2052 
3753 2103 2193 1888 
3754 1888 2193 2132 
3755 1889 2173 2047 
3756 2047 2222 1889 
3757 1889 2222 2133 
3758 1890 2196 2089 
3759 2089 2205 1890 
3760 2136 2196 1890 
3761 2123 2202 1891 
3762 1891 2202 2125 
3763 1892 2183 2124 
3764 1892 2248 2183 
3765 2197 2248 1892 
3766 1893 2206 2119 
3767 2149 2250 1893 
3768 1893 2250 2206 
3769 2185 2247 1894 
3770 1894 2249 2185 
3771 1894 2247 2192 
3772 2055 2092 1895 
3773 1895 2204 2055 
3774 1895 2092 2062 
3775 2062 2216 1895 
3776 1896 2190 2058 
3777 1896 2186 2073 
3778 2073 2190 1896 
3779 2045 2174 1897 
3780 1897 2201 2045 
3781 2061 2201 1897 
3782 1898 2071 2053 
3783 2053 2209 1898 
3784 1898 2188 2071 
3785 2110 2188 1898 
3786 1899 2059 2054 
3787 2054 2060 1899 
3788 1899 2210 2059 
3789 2060 2181 1899 
3790 1900 1956 1955 
3791 1900 1957 1956 
3792 1900 2108 1957 
3793 1901 2078 2042 
3794 2042 2151 1901 
3795 1901 2130 2078 
3796 1902 2066 2059 
3797 2059 2210 1902 
3798 1902 2067 2066 
3799 1902 2211 2067 
3800 1903 2124 2038 
3801 2038 2189 1903 
3802 1903 2189 2123 
3803 2075 2136 1904 
3804 1904 2221 2075 
3805 2135 2221 1904 
3806 2158 2159 1905 
3807 1905 2184 2158 
3808 2159 2160 1905 
3809 1942 2179 1906 
3810 1906 2224 1942 
3811 2160 2224 1906 
3812 1907 2180 2153 
3813 2153 2234 1907 
3814 1907 2234 2164 
3815 2125 2187 1908 
3816 2187 2228 1908 
3817 2228 2245 1908 
3818 1946 2161 1909 
3819 1909 2162 1946 
3820 1909 2164 2162 
3821 1910 1952 1940 
3822 1910 2155 1952 
3823 1910 2169 2155 
3824 1911 2150 2139 
3825 2144 2145 1911 
3826 2145 2150 1911 
3827 2139 2140 1912 
3828 2140 2141 1912 
3829 2141 2143 1912 
3830 2117 2142 1913 
3831 1913 2223 2117 
3832 2143 2223 1913 
3833 2114 2115 1914 
3834 1914 2142 2114 
3835 2115 2116 1914 
3836 2116 2244 1914 
3837 1915 2151 2109 
3838 2109 2203 1915 
3839 1915 2203 2167 
3840 2131 2213 1916 
3841 2138 2165 1916 
3842 1916 2213 2138 
3843 2120 2146 1917 
3844 1917 2127 2126 
3845 1917 2146 2127 
3846 1918 2121 2120 
3847 1918 2148 2121 
3848 2122 2148 1918 
3849 1936 1944 1919 
3850 1944 1945 1919 
3851 1945 2156 1919 
3852 2111 2112 1920 
3853 2112 2113 1920 
3854 2113 2122 1920 
3855 1921 2176 2128 
3856 2172 2243 1921 
3857 1921 2243 2176 
3858 1922 2178 1935 
3859 2156 2208 1922 
3860 1922 2208 2178 
3861 1941 2235 1923 
3862 2145 2168 1923 
3863 1923 2235 2145 
3864 1924 1939 1938 
3865 1924 1942 1939 
3866 1924 2154 1942 
3867 2129 2158 1925 
3868 1925 2166 2129 
3869 1925 2158 2157 
3870 1952 2118 1926 
3871 1926 2200 1952 
3872 1926 2118 2111 
3873 1927 1946 1944 
3874 1944 2220 1927 
3875 1927 2182 1946 
3876 1955 2105 1928 
3877 2105 2106 1928 
3878 2106 2231 1928 
3879 1929 2153 2152 
3880 1929 2178 2153 
3881 1929 2207 2178 
3882 1930 2138 2108 
3883 1930 2165 2138 
3884 1930 2230 2165 
3885 1931 2203 2134 
3886 2167 2203 1931 
3887 1931 2233 2167 
3888 2116 2155 1932 
3889 1932 2244 2116 
3890 2155 2169 1932 
3891 2169 2236 1932 
3892 2128 2129 1933 
3893 2129 2166 1933 
3894 2166 2241 1933 
3895 1941 1951 1934 
3896 1934 2235 1941 
3897 2126 2147 1934 
3898 2147 2235 1934 
3899 1935 2207 1947 
3900 2178 2207 1935 
3901 1936 2220 1944 
3902 2212 2220 1936 
3903 1949 2130 1937 
3904 1939 2172 1938 
3905 1938 2172 1954 
3906 1942 1943 1939 
3907 1943 2243 1939 
3908 1939 2243 2172 
3909 1952 2200 1940 
3910 2200 2226 1940 
3911 1942 2224 1943 
3912 2154 2179 1942 
3913 2159 2176 1943 
3914 1943 2224 2159 
3915 2176 2243 1943 
3916 1944 2162 1945 
3917 1946 2162 1944 
3918 1945 2208 2156 
3919 2162 2163 1945 
3920 2163 2208 1945 
3921 1946 2182 2161 
3922 1949 2232 2130 
3923 2228 2232 1949 
3924 1949 2245 2228 
3925 1952 2229 2118 
3926 2155 2229 1952 
3927 1956 2105 1955 
3928 1957 1958 1956 
3929 1958 1959 1956 
3930 1959 2105 1956 
3931 1957 2064 1958 
3932 1957 2138 2064 
3933 2108 2138 1957 
3934 1958 1960 1959 
3935 1958 1961 1960 
3936 1958 2064 1961 
3937 1960 2066 1959 
3938 2066 2067 1959 
3939 2067 2105 1959 
3940 1961 1962 1960 
3941 1962 1963 1960 
3942 1963 2066 1960 
3943 1961 2068 1962 
3944 2064 2065 1961 
3945 2065 2068 1961 
3946 1962 1964 1963 
3947 1962 1965 1964 
3948 1962 2068 1965 
3949 1964 2054 1963 
3950 2054 2059 1963 
3951 2059 2066 1963 
3952 1965 1966 1964 
3953 1966 2170 1964 
3954 1964 2170 2054 
3955 1965 1967 1966 
3956 1965 2043 1967 
3957 1965 2068 2043 
3958 1967 1968 1966 
3959 1968 1969 1966 
3960 1969 2170 1966 
3961 1967 2069 1968 
3962 2043 2044 1967 
3963 2044 2069 1967 
3964 1968 1970 1969 
3965 1968 1971 1970 
3966 1968 2069 1971 
3967 1970 2070 1969 
3968 2070 2177 1969 
3969 1969 2177 2170 
3970 1971 1972 1970 
3971 1972 1973 1970 
3972 1973 2070 1970 
3973 1971 1991 1972 
3974 1971 2191 1991 
3975 2069 2191 1971 
3976 1972 1974 1973 
3977 1972 2095 1974 
3978 1991 2095 1972 
3979 1974 1975 1973 
3980 1975 2071 1973 
3981 1973 2071 2070 
3982 1974 1976 1975 
3983 1974 1977 1976 
3984 1974 2095 1977 
3985 1976 2035 1975 
3986 2035 2053 1975 
3987 2053 2071 1975 
3988 1977 1978 1976 
3989 1978 2099 1976 
3990 1976 2099 2035 
3991 1977 1979 1978 
3992 1977 2057 1979 
3993 1977 2095 2057 
3994 1979 1980 1978 
3995 1980 1981 1978 
3996 1981 2099 1978 
3997 1979 2033 1980 
3998 1979 2080 2033 
3999 2057 2080 1979 
4000 1980 1982 1981 
4001 1980 2083 1982 
4002 2033 2083 1980 
4003 1982 1983 1981 
4004 1983 2045 1981 
4005 2045 2099 1981 
4006 1982 1984 1983 
4007 1982 1985 1984 
4008 1982 2083 1985 
4009 1984 2073 1983 
4010 1983 2046 2045 
4011 1983 2073 2046 
4012 1985 1986 1984 
4013 1986 2098 1984 
4014 1984 2098 2073 
4015 1985 1987 1986 
4016 1985 2094 1987 
4017 2083 2094 1985 
4018 1987 1988 1986 
4019 1988 1989 1986 
4020 1989 2098 1986 
4021 1987 2050 1988 
4022 1987 2051 2050 
4023 1987 2094 2051 
4024 1988 1990 1989 
4025 1988 2097 1990 
4026 2050 2097 1988 
4027 1990 1992 1989 
4028 1992 2034 1989 
4029 2034 2098 1989 
4030 1990 1993 1992 
4031 1990 1994 1993 
4032 1990 2097 1994 
4033 2081 2095 1991 
4034 1991 2096 2081 
4035 1991 2191 2096 
4036 1993 2092 1992 
4037 1992 2055 2034 
4038 1992 2092 2055 
4039 1994 1995 1993 
4040 1995 1996 1993 
4041 1996 2092 1993 
4042 1994 2085 1995 
4043 1994 2087 2085 
4044 1994 2097 2087 
4045 1995 1997 1996 
4046 1995 1998 1997 
4047 1995 2085 1998 
4048 1997 2025 1996 
4049 2025 2062 1996 
4050 2062 2092 1996 
4051 1998 1999 1997 
4052 1999 2093 1997 
4053 1997 2093 2025 
4054 1998 2000 1999 
4055 1998 2056 2000 
4056 1998 2085 2056 
4057 2000 2001 1999 
4058 2001 2002 1999 
4059 2002 2093 1999 
4060 2000 2020 2001 
4061 2000 2199 2020 
4062 2056 2199 2000 
4063 2001 2003 2002 
4064 2001 2090 2003 
4065 2020 2090 2001 
4066 2003 2004 2002 
4067 2004 2084 2002 
4068 2084 2093 2002 
4069 2003 2005 2004 
4070 2003 2006 2005 
4071 2003 2090 2006 
4072 2005 2039 2004 
4073 2039 2040 2004 
4074 2040 2084 2004 
4075 2006 2007 2005 
4076 2007 2091 2005 
4077 2005 2091 2039 
4078 2006 2008 2007 
4079 2006 2103 2008 
4080 2090 2103 2006 
4081 2008 2009 2007 
4082 2009 2010 2007 
4083 2010 2091 2007 
4084 2008 2037 2009 
4085 2008 2052 2037 
4086 2008 2103 2052 
4087 2009 2011 2010 
4088 2009 2082 2011 
4089 2037 2082 2009 
4090 2011 2012 2010 
4091 2012 2036 2010 
4092 2036 2091 2010 
4093 2011 2013 2012 
4094 2011 2014 2013 
4095 2011 2082 2014 
4096 2013 2079 2012 
4097 2012 2041 2036 
4098 2012 2079 2041 
4099 2014 2015 2013 
4100 2015 2100 2013 
4101 2013 2100 2079 
4102 2014 2016 2015 
4103 2014 2047 2016 
4104 2014 2082 2047 
4105 2016 2017 2015 
4106 2017 2018 2015 
4107 2018 2100 2015 
4108 2016 2089 2017 
4109 2047 2048 2016 
4110 2048 2089 2016 
4111 2017 2019 2018 
4112 2017 2074 2019 
4113 2017 2089 2074 
4114 2019 2021 2018 
4115 2021 2038 2018 
4116 2038 2100 2018 
4117 2019 2022 2021 
4118 2019 2023 2022 
4119 2019 2074 2023 
4120 2020 2193 2090 
4121 2020 2137 2132 
4122 2132 2193 2020 
4123 2020 2199 2137 
4124 2022 2104 2021 
4125 2021 2189 2038 
4126 2104 2189 2021 
4127 2023 2024 2022 
4128 2024 2026 2022 
4129 2026 2104 2022 
4130 2023 2076 2024 
4131 2074 2075 2023 
4132 2075 2076 2023 
4133 2024 2027 2026 
4134 2024 2028 2027 
4135 2024 2076 2028 
4136 2025 2063 2062 
4137 2025 2185 2063 
4138 2093 2185 2025 
4139 2027 2072 2026 
4140 2072 2202 2026 
4141 2026 2202 2104 
4142 2028 2029 2027 
4143 2029 2030 2027 
4144 2030 2072 2027 
4145 2028 2101 2029 
4146 2076 2077 2028 
4147 2077 2101 2028 
4148 2029 2031 2030 
4149 2029 2032 2031 
4150 2029 2101 2032 
4151 2031 2049 2030 
4152 2049 2187 2030 
4153 2030 2187 2072 
4154 2032 2042 2031 
4155 2042 2078 2031 
4156 2031 2078 2049 
4157 2032 2109 2042 
4158 2101 2102 2032 
4159 2102 2109 2032 
4160 2080 2107 2033 
4161 2033 2194 2083 
4162 2107 2194 2033 
4163 2055 2058 2034 
4164 2058 2190 2034 
4165 2034 2190 2098 
4166 2035 2061 2053 
4167 2035 2201 2061 
4168 2099 2201 2035 
4169 2041 2119 2036 
4170 2036 2206 2091 
4171 2119 2206 2036 
4172 2052 2133 2037 
4173 2037 2222 2082 
4174 2133 2222 2037 
4175 2038 2183 2100 
4176 2124 2183 2038 
4177 2039 2250 2040 
4178 2091 2206 2039 
4179 2206 2250 2039 
4180 2040 2247 2084 
4181 2149 2192 2040 
4182 2040 2250 2149 
4183 2192 2247 2040 
4184 2079 2248 2041 
4185 2041 2197 2119 
4186 2041 2248 2197 
4187 2109 2151 2042 
4188 2043 2171 2044 
4189 2068 2214 2043 
4190 2044 2195 2069 
4191 2171 2195 2044 
4192 2046 2174 2045 
4193 2045 2201 2099 
4194 2073 2186 2046 
4195 2046 2186 2174 
4196 2047 2173 2048 
4197 2082 2222 2047 
4198 2048 2205 2089 
4199 2173 2205 2048 
4200 2078 2232 2049 
4201 2049 2228 2187 
4202 2049 2232 2228 
4203 2051 2175 2050 
4204 2050 2215 2097 
4205 2094 2198 2051 
4206 2051 2198 2175 
4207 2052 2219 2133 
4208 2061 2209 2053 
4209 2054 2170 2060 
4210 2055 2204 2058 
4211 2085 2086 2056 
4212 2057 2095 2081 
4213 2170 2177 2060 
4214 2177 2246 2060 
4215 2060 2246 2181 
4216 2063 2216 2062 
4217 2185 2249 2063 
4218 2064 2213 2065 
4219 2138 2213 2064 
4220 2065 2214 2068 
4221 2065 2213 2131 
4222 2131 2214 2065 
4223 2067 2106 2105 
4224 2067 2211 2106 
4225 2071 2188 2070 
4226 2070 2188 2177 
4227 2072 2187 2125 
4228 2125 2202 2072 
4229 2098 2190 2073 
4230 2074 2196 2075 
4231 2089 2196 2074 
4232 2075 2221 2076 
4233 2075 2196 2136 
4234 2076 2221 2077 
4235 2077 2227 2101 
4236 2077 2221 2135 
4237 2135 2227 2077 
4238 2130 2232 2078 
4239 2100 2183 2079 
4240 2183 2248 2079 
4241 2080 2218 2107 
4242 2096 2225 2081 
4243 2083 2194 2094 
4244 2084 2185 2093 
4245 2084 2247 2185 
4246 2085 2087 2086 
4247 2087 2088 2086 
4248 2088 2217 2086 
4249 2087 2215 2088 
4250 2097 2215 2087 
4251 2090 2193 2103 
4252 2101 2227 2102 
4253 2102 2203 2109 
4254 2134 2203 2102 
4255 2123 2189 2104 
4256 2104 2202 2123 
4257 2181 2246 2110 
4258 2110 2246 2188 
4259 2111 2118 2112 
4260 2112 2114 2113 
4261 2112 2115 2114 
4262 2112 2118 2115 
4263 2114 2117 2113 
4264 2117 2148 2113 
4265 2113 2148 2122 
4266 2114 2142 2117 
4267 2115 2229 2116 
4268 2118 2229 2115 
4269 2116 2229 2155 
4270 2117 2223 2148 
4271 2121 2146 2120 
4272 2141 2146 2121 
4273 2121 2223 2141 
4274 2148 2223 2121 
4275 2127 2147 2126 
4276 2127 2146 2140 
4277 2140 2150 2127 
4278 2127 2150 2147 
4279 2128 2176 2129 
4280 2129 2159 2158 
4281 2129 2176 2159 
4282 2139 2150 2140 
4283 2140 2146 2141 
4284 2141 2223 2143 
4285 2144 2168 2145 
4286 2144 2237 2168 
4287 2147 2150 2145 
4288 2145 2235 2147 
4289 2153 2180 2152 
4290 2180 2240 2152 
4291 2153 2178 2163 
4292 2163 2234 2153 
4293 2154 2239 2179 
4294 2158 2184 2157 
4295 2184 2238 2157 
4296 2159 2224 2160 
4297 2182 2242 2161 
4298 2162 2234 2163 
4299 2164 2234 2162 
4300 2178 2208 2163 
4301 2188 2246 2177 
2 24 2 703
4302 9 92 2516 
4303 583 9 2516 
4304 92 10 2400 
4305 10 94 2266 
4306 10 2266 2400 
4307 93 11 2337 
4308 11 103 2341 
4309 2337 11 2341 
4310 12 93 2336 
4311 99 12 2335 
4312 2335 12 2336 
4313 94 13 2374 
4314 13 95 2387 
4315 2374 13 2387 
4316 103 14 2537 
4317 14 582 2537 
4318 256 25 2531 
4319 25 576 2531 
4320 261 502 26 
4321 300 31 2527 
4322 31 478 2527 
4323 32 301 2267 
4324 312 32 2333 
4325 32 2267 2325 
4326 32 2325 2535 
4327 2333 32 2535 
4328 33 323 2526 
4329 503 33 2526 
4330 35 348 2381 
4331 478 35 2385 
4332 35 2381 2397 
4333 2385 35 2397 
4334 348 36 2529 
4335 36 416 2529 
4336 382 37 2380 
4337 37 502 2375 
4338 37 2375 2377 
4339 37 2377 2380 
4340 38 382 2528 
4341 417 38 2528 
4342 416 39 2525 
4343 39 446 2269 
4344 39 2269 2284 
4345 39 2284 2525 
4346 40 417 2524 
4347 457 40 2260 
4348 2260 40 2276 
4349 2276 40 2524 
4350 451 41 2507 
4351 41 470 2507 
4352 42 452 2506 
4353 477 42 2506 
4354 43 506 2530 
4355 577 43 2530 
4356 45 593 2517 
4357 594 45 2517 
4358 571 50 2532 
4359 50 595 2532 
4360 51 594 2410 
4361 602 51 2252 
4362 2252 51 2410 
4363 595 52 2401 
4364 52 596 2253 
4365 52 2253 2401 
4366 596 53 2372 
4367 53 597 2254 
4368 53 2254 2372 
4369 601 54 2255 
4370 54 602 2371 
4371 2255 54 2371 
4372 92 2400 2516 
4373 2336 93 2337 
4374 2266 94 2374 
4375 95 96 2363 
4376 95 2363 2387 
4377 96 97 2466 
4378 2363 96 2466 
4379 97 98 2360 
4380 97 2360 2466 
4381 98 99 2493 
4382 2360 98 2493 
4383 99 2335 2493 
4384 2341 103 2399 
4385 2399 103 2537 
4386 257 256 2469 
4387 2469 256 2531 
4388 258 257 2275 
4389 2275 257 2469 
4390 259 258 2538 
4391 258 2275 2538 
4392 260 259 2261 
4393 2261 259 2538 
4394 261 260 2417 
4395 260 2261 2417 
4396 502 261 2375 
4397 2375 261 2417 
4398 301 300 2499 
4399 2499 300 2527 
4400 2267 301 2499 
4401 313 312 2480 
4402 312 2333 2480 
4403 314 313 2487 
4404 313 2480 2487 
4405 315 314 2489 
4406 314 2487 2489 
4407 316 315 2447 
4408 2447 315 2489 
4409 317 316 2465 
4410 316 2447 2465 
4411 318 317 2486 
4412 317 2465 2486 
4413 319 318 2273 
4414 2273 318 2486 
4415 320 319 2450 
4416 319 2273 2450 
4417 321 320 2274 
4418 2274 320 2450 
4419 322 321 2448 
4420 321 2274 2448 
4421 323 322 2362 
4422 2362 322 2448 
4423 323 2362 2526 
4424 2381 348 2529 
4425 382 2380 2528 
4426 416 2525 2529 
4427 2524 417 2528 
4428 446 447 2477 
4429 2269 446 2477 
4430 447 448 2251 
4431 447 2251 2477 
4432 448 449 2474 
4433 2251 448 2474 
4434 449 450 2270 
4435 449 2270 2474 
4436 450 451 2455 
4437 2270 450 2455 
4438 2455 451 2507 
4439 452 453 2378 
4440 452 2378 2506 
4441 453 454 2533 
4442 2378 453 2533 
4443 454 455 2257 
4444 454 2257 2533 
4445 455 456 2472 
4446 2257 455 2472 
4447 456 457 2476 
4448 2472 456 2476 
4449 457 2260 2476 
4450 470 471 2330 
4451 470 2330 2507 
4452 471 472 2379 
4453 2330 471 2379 
4454 472 473 2258 
4455 472 2258 2379 
4456 473 474 2418 
4457 2258 473 2418 
4458 474 475 2259 
4459 474 2259 2418 
4460 475 476 2384 
4461 2259 475 2384 
4462 476 477 2272 
4463 476 2272 2384 
4464 2272 477 2506 
4465 478 2385 2527 
4466 504 503 2473 
4467 2473 503 2526 
4468 505 504 2321 
4469 2321 504 2473 
4470 506 505 2456 
4471 505 2321 2456 
4472 506 2456 2530 
4473 572 571 2344 
4474 2344 571 2532 
4475 573 572 2541 
4476 572 2344 2541 
4477 574 573 2264 
4478 2264 573 2541 
4479 575 574 2460 
4480 574 2264 2460 
4481 576 575 2350 
4482 2350 575 2460 
4483 576 2350 2531 
4484 578 577 2479 
4485 2479 577 2530 
4486 579 578 2271 
4487 2271 578 2479 
4488 580 579 2462 
4489 579 2271 2462 
4490 581 580 2268 
4491 2268 580 2462 
4492 582 581 2399 
4493 581 2268 2399 
4494 582 2399 2537 
4495 584 583 2446 
4496 2446 583 2516 
4497 585 584 2265 
4498 2265 584 2446 
4499 586 585 2495 
4500 585 2265 2495 
4501 587 586 2421 
4502 2421 586 2495 
4503 588 587 2256 
4504 2256 587 2421 
4505 589 588 2534 
4506 588 2256 2534 
4507 590 589 2475 
4508 2475 589 2534 
4509 591 590 2262 
4510 2262 590 2475 
4511 592 591 2445 
4512 591 2262 2445 
4513 593 592 2343 
4514 2343 592 2445 
4515 593 2343 2517 
4516 2410 594 2517 
4517 595 2401 2532 
4518 2253 596 2372 
4519 597 598 2467 
4520 2254 597 2467 
4521 598 599 2263 
4522 598 2263 2467 
4523 599 600 2485 
4524 2263 599 2485 
4525 600 601 2453 
4526 600 2453 2485 
4527 601 2255 2453 
4528 602 2252 2371 
4529 2251 2423 2471 
4530 2423 2251 2474 
4531 2251 2471 2477 
4532 2371 2252 2543 
4533 2252 2410 2497 
4534 2252 2497 2543 
4535 2253 2372 2373 
4536 2253 2373 2401 
4537 2372 2254 2454 
4538 2454 2254 2467 
4539 2255 2371 2388 
4540 2255 2388 2511 
4541 2453 2255 2511 
4542 2256 2421 2522 
4543 2431 2256 2484 
4544 2256 2431 2534 
4545 2484 2256 2522 
4546 2420 2257 2513 
4547 2257 2420 2533 
4548 2257 2472 2540 
4549 2513 2257 2540 
4550 2379 2258 2398 
4551 2398 2258 2500 
4552 2258 2418 2500 
4553 2259 2384 2386 
4554 2259 2386 2396 
4555 2259 2396 2418 
4556 2260 2276 2277 
4557 2260 2277 2411 
4558 2260 2411 2476 
4559 2415 2261 2419 
4560 2261 2415 2523 
4561 2417 2261 2523 
4562 2419 2261 2538 
4563 2445 2262 2505 
4564 2262 2475 2505 
4565 2438 2263 2485 
4566 2263 2438 2539 
4567 2467 2263 2539 
4568 2264 2459 2501 
4569 2459 2264 2541 
4570 2460 2264 2501 
4571 2394 2265 2463 
4572 2265 2394 2495 
4573 2265 2446 2483 
4574 2463 2265 2483 
4575 2266 2374 2452 
4576 2400 2266 2503 
4577 2266 2452 2503 
4578 2325 2267 2326 
4579 2326 2267 2351 
4580 2351 2267 2499 
4581 2268 2390 2399 
4582 2390 2268 2482 
4583 2268 2462 2482 
4584 2284 2269 2285 
4585 2285 2269 2413 
4586 2413 2269 2477 
4587 2270 2455 2488 
4588 2474 2270 2481 
4589 2481 2270 2488 
4590 2457 2271 2479 
4591 2271 2457 2518 
4592 2462 2271 2518 
4593 2272 2378 2395 
4594 2378 2272 2506 
4595 2384 2272 2521 
4596 2272 2395 2521 
4597 2273 2336 2337 
4598 2336 2273 2486 
4599 2273 2337 2365 
4600 2273 2365 2450 
4601 2448 2274 2496 
4602 2274 2450 2536 
4603 2496 2274 2536 
4604 2419 2275 2492 
4605 2275 2419 2538 
4606 2461 2275 2469 
4607 2275 2461 2492 
4608 2277 2276 2278 
4609 2278 2276 2514 
4610 2514 2276 2524 
4611 2277 2278 2279 
4612 2277 2279 2280 
4613 2277 2280 2411 
4614 2279 2278 2494 
4615 2494 2278 2504 
4616 2504 2278 2514 
4617 2280 2279 2281 
4618 2281 2279 2283 
4619 2283 2279 2494 
4620 2280 2281 2282 
4621 2280 2282 2329 
4622 2280 2329 2411 
4623 2282 2281 2320 
4624 2281 2283 2468 
4625 2320 2281 2468 
4626 2282 2320 2367 
4627 2329 2282 2515 
4628 2282 2367 2515 
4629 2468 2283 2544 
4630 2283 2494 2519 
4631 2283 2519 2544 
4632 2284 2285 2286 
4633 2284 2286 2397 
4634 2381 2284 2397 
4635 2284 2381 2525 
4636 2286 2285 2287 
4637 2287 2285 2288 
4638 2288 2285 2413 
4639 2286 2287 2491 
4640 2397 2286 2508 
4641 2286 2491 2508 
4642 2287 2288 2289 
4643 2287 2289 2293 
4644 2287 2293 2491 
4645 2289 2288 2290 
4646 2290 2288 2346 
4647 2346 2288 2413 
4648 2289 2290 2291 
4649 2289 2291 2424 
4650 2293 2289 2424 
4651 2291 2290 2292 
4652 2292 2290 2429 
4653 2290 2346 2429 
4654 2291 2292 2294 
4655 2291 2294 2301 
4656 2291 2301 2424 
4657 2294 2292 2295 
4658 2295 2292 2296 
4659 2296 2292 2429 
4660 2293 2424 2444 
4661 2293 2444 2470 
4662 2293 2470 2491 
4663 2294 2295 2427 
4664 2301 2294 2302 
4665 2302 2294 2427 
4666 2295 2296 2297 
4667 2295 2297 2298 
4668 2295 2298 2427 
4669 2297 2296 2300 
4670 2300 2296 2318 
4671 2318 2296 2429 
4672 2298 2297 2299 
4673 2299 2297 2432 
4674 2297 2300 2432 
4675 2298 2299 2303 
4676 2298 2303 2428 
4677 2427 2298 2428 
4678 2303 2299 2304 
4679 2304 2299 2305 
4680 2305 2299 2432 
4681 2300 2318 2319 
4682 2300 2319 2340 
4683 2300 2340 2432 
4684 2301 2302 2324 
4685 2301 2324 2339 
4686 2301 2339 2424 
4687 2324 2302 2338 
4688 2338 2302 2359 
4689 2359 2302 2427 
4690 2303 2304 2331 
4691 2303 2331 2332 
4692 2303 2332 2428 
4693 2304 2305 2306 
4694 2304 2306 2435 
4695 2331 2304 2435 
4696 2306 2305 2307 
4697 2307 2305 2433 
4698 2305 2432 2433 
4699 2306 2307 2308 
4700 2306 2308 2309 
4701 2306 2309 2435 
4702 2308 2307 2328 
4703 2328 2307 2354 
4704 2354 2307 2433 
4705 2309 2308 2310 
4706 2310 2308 2442 
4707 2308 2328 2442 
4708 2309 2310 2311 
4709 2309 2311 2357 
4710 2309 2357 2435 
4711 2311 2310 2312 
4712 2312 2310 2313 
4713 2313 2310 2442 
4714 2311 2312 2342 
4715 2311 2342 2439 
4716 2357 2311 2439 
4717 2312 2313 2314 
4718 2312 2314 2436 
4719 2342 2312 2436 
4720 2314 2313 2315 
4721 2315 2313 2345 
4722 2345 2313 2442 
4723 2314 2315 2316 
4724 2314 2316 2317 
4725 2314 2317 2436 
4726 2316 2315 2322 
4727 2322 2315 2490 
4728 2315 2345 2490 
4729 2317 2316 2443 
4730 2316 2322 2323 
4731 2316 2323 2443 
4732 2436 2317 2440 
4733 2440 2317 2502 
4734 2317 2443 2502 
4735 2319 2318 2356 
4736 2356 2318 2422 
4737 2422 2318 2429 
4738 2340 2319 2349 
4739 2349 2319 2434 
4740 2319 2356 2434 
4741 2367 2320 2368 
4742 2368 2320 2369 
4743 2369 2320 2468 
4744 2321 2449 2457 
4745 2449 2321 2473 
4746 2456 2321 2457 
4747 2323 2322 2334 
4748 2334 2322 2376 
4749 2376 2322 2490 
4750 2323 2334 2364 
4751 2323 2364 2414 
4752 2323 2414 2443 
4753 2324 2338 2430 
4754 2339 2324 2358 
4755 2358 2324 2430 
4756 2325 2326 2327 
4757 2325 2327 2452 
4758 2325 2452 2535 
4759 2327 2326 2347 
4760 2347 2326 2389 
4761 2326 2351 2389 
4762 2327 2347 2348 
4763 2327 2348 2355 
4764 2327 2355 2452 
4765 2328 2354 2370 
4766 2328 2370 2510 
4767 2442 2328 2510 
4768 2411 2329 2412 
4769 2412 2329 2520 
4770 2414 2329 2515 
4771 2329 2414 2520 
4772 2330 2379 2478 
4773 2330 2478 2488 
4774 2330 2488 2507 
4775 2332 2331 2382 
4776 2382 2331 2509 
4777 2331 2435 2509 
4778 2332 2382 2383 
4779 2332 2383 2425 
4780 2332 2425 2428 
4781 2333 2374 2387 
4782 2374 2333 2535 
4783 2333 2387 2480 
4784 2364 2334 2513 
4785 2334 2376 2395 
4786 2334 2395 2420 
4787 2334 2420 2513 
4788 2335 2336 2465 
4789 2335 2465 2493 
4790 2465 2336 2486 
4791 2337 2341 2365 
4792 2338 2359 2361 
4793 2338 2361 2366 
4794 2338 2366 2430 
4795 2339 2358 2392 
4796 2339 2392 2444 
4797 2424 2339 2444 
4798 2340 2349 2498 
4799 2432 2340 2433 
4800 2433 2340 2498 
4801 2365 2341 2390 
4802 2390 2341 2399 
4803 2342 2436 2437 
4804 2342 2437 2438 
4805 2342 2438 2439 
4806 2410 2343 2464 
4807 2343 2410 2517 
4808 2343 2445 2464 
4809 2344 2401 2402 
4810 2401 2344 2532 
4811 2344 2402 2459 
4812 2344 2459 2541 
4813 2386 2345 2396 
4814 2345 2386 2490 
4815 2396 2345 2510 
4816 2345 2442 2510 
4817 2346 2413 2471 
4818 2346 2422 2429 
4819 2422 2346 2471 
4820 2348 2347 2352 
4821 2352 2347 2470 
4822 2347 2389 2470 
4823 2348 2352 2353 
4824 2348 2353 2463 
4825 2355 2348 2463 
4826 2398 2349 2478 
4827 2349 2398 2498 
4828 2349 2434 2478 
4829 2350 2460 2461 
4830 2350 2461 2469 
4831 2350 2469 2531 
4832 2351 2385 2397 
4833 2385 2351 2499 
4834 2389 2351 2508 
4835 2351 2397 2508 
4836 2353 2352 2392 
4837 2392 2352 2444 
4838 2444 2352 2470 
4839 2353 2392 2393 
4840 2353 2393 2394 
4841 2353 2394 2463 
4842 2370 2354 2500 
4843 2354 2433 2498 
4844 2354 2498 2500 
4845 2452 2355 2503 
4846 2355 2463 2483 
4847 2355 2483 2503 
4848 2356 2422 2423 
4849 2356 2423 2481 
4850 2434 2356 2481 
4851 2357 2388 2509 
4852 2388 2357 2511 
4853 2435 2357 2509 
4854 2357 2439 2511 
4855 2392 2358 2393 
4856 2393 2358 2522 
4857 2358 2430 2484 
4858 2358 2484 2522 
4859 2361 2359 2425 
4860 2425 2359 2428 
4861 2359 2427 2428 
4862 2360 2447 2489 
4863 2447 2360 2493 
4864 2466 2360 2489 
4865 2366 2361 2505 
4866 2361 2425 2426 
4867 2361 2426 2505 
4868 2362 2448 2449 
4869 2362 2449 2473 
4870 2362 2473 2526 
4871 2387 2363 2480 
4872 2363 2466 2487 
4873 2480 2363 2487 
4874 2414 2364 2520 
4875 2364 2513 2540 
4876 2520 2364 2540 
4877 2365 2390 2391 
4878 2365 2391 2536 
4879 2450 2365 2536 
4880 2430 2366 2431 
4881 2431 2366 2475 
4882 2475 2366 2505 
4883 2367 2368 2502 
4884 2443 2367 2502 
4885 2367 2443 2515 
4886 2368 2369 2454 
4887 2368 2454 2542 
4888 2502 2368 2542 
4889 2409 2369 2468 
4890 2369 2409 2512 
4891 2454 2369 2512 
4892 2396 2370 2418 
4893 2370 2396 2510 
4894 2418 2370 2500 
4895 2388 2371 2543 
4896 2373 2372 2512 
4897 2372 2454 2512 
4898 2401 2373 2402 
4899 2402 2373 2403 
4900 2403 2373 2409 
4901 2409 2373 2512 
4902 2452 2374 2535 
4903 2377 2375 2417 
4904 2386 2376 2490 
4905 2376 2386 2521 
4906 2395 2376 2521 
4907 2380 2377 2514 
4908 2377 2417 2504 
4909 2377 2504 2514 
4910 2395 2378 2420 
4911 2420 2378 2533 
4912 2379 2398 2478 
4913 2380 2514 2524 
4914 2380 2524 2528 
4915 2525 2381 2529 
4916 2383 2382 2497 
4917 2497 2382 2543 
4918 2382 2509 2543 
4919 2425 2383 2426 
4920 2426 2383 2464 
4921 2464 2383 2497 
4922 2386 2384 2521 
4923 2385 2499 2527 
4924 2509 2388 2543 
4925 2470 2389 2491 
4926 2491 2389 2508 
4927 2391 2390 2482 
4928 2458 2391 2482 
4929 2391 2458 2496 
4930 2391 2496 2536 
4931 2394 2393 2421 
4932 2421 2393 2522 
4933 2394 2421 2495 
4934 2498 2398 2500 
4935 2446 2400 2483 
4936 2400 2446 2516 
4937 2483 2400 2503 
4938 2402 2403 2404 
4939 2402 2404 2459 
4940 2404 2403 2405 
4941 2405 2403 2451 
4942 2403 2409 2451 
4943 2404 2405 2406 
4944 2404 2406 2501 
4945 2459 2404 2501 
4946 2406 2405 2407 
4947 2407 2405 2408 
4948 2408 2405 2451 
4949 2406 2407 2492 
4950 2461 2406 2492 
4951 2406 2461 2501 
4952 2407 2408 2415 
4953 2407 2415 2419 
4954 2407 2419 2492 
4955 2415 2408 2416 
4956 2416 2408 2519 
4957 2408 2451 2519 
4958 2451 2409 2544 
4959 2409 2468 2544 
4960 2410 2464 2497 
4961 2411 2412 2476 
4962 2412 2472 2476 
4963 2472 2412 2540 
4964 2412 2520 2540 
4965 2471 2413 2477 
4966 2443 2414 2515 
4967 2415 2416 2523 
4968 2416 2494 2504 
4969 2494 2416 2519 
4970 2416 2504 2523 
4971 2504 2417 2523 
4972 2423 2422 2471 
4973 2423 2474 2481 
4974 2445 2426 2464 
4975 2426 2445 2505 
4976 2430 2431 2484 
4977 2431 2475 2534 
4978 2478 2434 2488 
4979 2434 2481 2488 
4980 2437 2436 2440 
4981 2438 2437 2539 
4982 2437 2440 2441 
4983 2437 2441 2539 
4984 2439 2438 2453 
4985 2453 2438 2485 
4986 2439 2453 2511 
4987 2441 2440 2542 
4988 2440 2502 2542 
4989 2441 2454 2467 
4990 2454 2441 2542 
4991 2441 2467 2539 
4992 2465 2447 2493 
4993 2449 2448 2496 
4994 2457 2449 2458 
4995 2458 2449 2496 
4996 2519 2451 2544 
4997 2488 2455 2507 
4998 2456 2457 2479 
4999 2456 2479 2530 
5000 2457 2458 2518 
5001 2458 2482 2518 
5002 2461 2460 2501 
5003 2482 2462 2518 
5004 2487 2466 2489 
2 25 2 20
5005 558 45 2549 
5006 45 594 2549 
5007 560 606 46 
5008 51 55 2546 
5009 594 51 2546 
5010 55 603 2546 
5011 559 558 2547 
5012 558 2545 2547 
5013 2545 558 2549 
5014 560 559 2548 
5015 559 2547 2548 
5016 606 560 2548 
5017 594 2546 2549 
5018 603 604 2545 
5019 603 2545 2546 
5020 604 605 2547 
5021 2545 604 2547 
5022 605 606 2548 
5023 2547 605 2548 
5024 2546 2545 2549 
2 26 2 12
5025 56 607 53 
5026 607 597 53 
5027 57 54 611 
5028 54 601 611 
5029 597 608 598 
5030 607 608 597 
5031 598 609 599 
5032 608 609 598 
5033 609 600 599 
5034 601 600 610 
5035 600 609 610 
5036 601 610 611 
2 27 2 8
5037 52 58 2550 
5038 596 52 2550 
5039 56 53 2551 
5040 53 596 2551 
5041 612 56 2551 
5042 58 612 2550 
5043 612 596 2550 
5044 596 612 2551 
2 28 2 8
5045 55 51 2552 
5046 51 602 2552 
5047 54 57 2553 
5048 602 54 2553 
5049 613 55 2552 
5050 57 613 2553 
5051 602 613 2552 
5052 613 602 2553 
2 29 2 20
5053 614 568 49 
5054 50 570 2558 
5055 595 50 2558 
5056 58 52 2555 
5057 52 595 2555 
5058 617 58 2555 
5059 569 568 2557 
5060 568 614 2557 
5061 570 569 2556 
5062 2556 569 2557 
5063 2554 570 2556 
5064 570 2554 2558 
5065 2555 595 2558 
5066 614 615 2557 
5067 615 616 2556 
5068 615 2556 2557 
5069 616 617 2554 
5070 616 2554 2556 
5071 2554 617 2555 
5072 2554 2555 2558 
2 30 2 22
5073 567 48 2559 
5074 48 621 2559 
5075 49 567 2559 
5076 614 49 2559 
5077 56 612 2561 
5078 618 56 2561 
5079 612 58 2561 
5080 58 617 2561 
5081 615 614 2563 
5082 621 614 2559 
5083 614 621 2563 
5084 616 615 2562 
5085 615 620 2562 
5086 620 615 2563 
5087 617 616 2560 
5088 616 619 2560 
5089 619 616 2562 
5090 618 617 2560 
5091 617 618 2561 
5092 619 618 2560 
5093 620 619 2562 
5094 621 620 2563 
2 31 2 72
5095 562 47 2588 
5096 47 622 2588 
5097 48 566 2587 
5098 621 48 2587 
5099 607 56 2586 
5100 56 618 2586 
5101 57 611 2589 
5102 625 57 2589 
5103 563 562 2579 
5104 2579 562 2588 
5105 564 563 2565 
5106 2565 563 2579 
5107 565 564 2577 
5108 564 2565 2577 
5109 566 565 2569 
5110 2569 565 2577 
5111 566 2569 2587 
5112 608 607 2568 
5113 2568 607 2586 
5114 609 608 2575 
5115 608 2568 2575 
5116 610 609 2566 
5117 2566 609 2575 
5118 611 610 2580 
5119 610 2566 2580 
5120 611 2580 2589 
5121 618 619 2581 
5122 618 2581 2586 
5123 619 620 2564 
5124 619 2564 2581 
5125 620 621 2582 
5126 2564 620 2582 
5127 2582 621 2587 
5128 622 623 2574 
5129 622 2574 2588 
5130 623 624 2567 
5131 623 2567 2574 
5132 624 625 2570 
5133 2567 624 2570 
5134 2570 625 2589 
5135 2564 2576 2581 
5136 2576 2564 2585 
5137 2578 2564 2582 
5138 2564 2578 2585 
5139 2572 2565 2579 
5140 2565 2572 2584 
5141 2577 2565 2584 
5142 2566 2571 2580 
5143 2571 2566 2583 
5144 2566 2575 2583 
5145 2567 2570 2571 
5146 2567 2571 2572 
5147 2567 2572 2574 
5148 2575 2568 2576 
5149 2576 2568 2581 
5150 2581 2568 2586 
5151 2569 2577 2578 
5152 2569 2578 2582 
5153 2569 2582 2587 
5154 2571 2570 2580 
5155 2580 2570 2589 
5156 2572 2571 2573 
5157 2573 2571 2583 
5158 2572 2573 2584 
5159 2574 2572 2579 
5160 2576 2573 2583 
5161 2573 2576 2585 
5162 2573 2578 2584 
5163 2578 2573 2585 
5164 2574 2579 2588 
5165 2575 2576 2583 
5166 2578 2577 2584 
2 32 2 22
5167 561 46 2590 
5168 46 606 2590 
5169 47 561 2590 
5170 622 47 2590 
5171 603 55 2592 
5172 55 613 2592 
5173 613 57 2592 
5174 57 625 2592 
5175 604 603 2591 
5176 603 625 2591 
5177 625 603 2592 
5178 605 604 2593 
5179 624 604 2591 
5180 604 624 2593 
5181 606 605 2594 
5182 623 605 2593 
5183 605 623 2594 
5184 606 622 2590 
5185 622 606 2594 
5186 623 622 2594 
5187 624 623 2593 
5188 625 624 2591 
3 1 4 15545
5189 2776 2875 2638 2910 
5190 781 2906 2938 3443 
5191 1786 3283 3009 3349 
5192 2605 2705 2882 3037 
5193 1965 3178 2735 3293 
5194 2632 2877 2756 3265 
5195 1965 3034 2735 3178 
5196 3146 3152 2356 3422 
5197 304 303 2718 3583 
5198 2715 3017 1386 3049 
5199 2632 3226 2877 3265 
5200 2641 3016 2734 3072 
5201 303 304 2718 3498 
5202 1776 3221 3217 3328 
5203 2614 2946 3432 3567 
5204 2870 3432 2946 3567 
5205 2614 3432 2870 3567 
5206 2810 2748 3097 3398 
5207 1522 3108 2767 3752 
5208 131 3122 2703 3491 
5209 2910 3486 3186 3657 
5210 362 2928 2933 2944 
5211 2801 2918 2034 3086 
5212 2727 3167 2923 3212 
5213 2622 2873 2761 2922 
5214 2218 2936 1664 3384 
5215 2034 2918 2801 3538 
5216 2605 2705 3037 3187 
5217 1956 3213 2990 3764 
5218 1956 3104 2990 3213 
5219 2638 3186 2910 3486 
5220 2810 2888 2748 3398 
5221 2909 3003 113 3603 
5222 2678 3152 3146 3422 
5223 2609 2805 2734 3016 
5224 1254 2879 1671 3081 
5225 835 800 2717 3059 
5226 131 2703 3279 3491 
5227 3016 3072 2641 3492 
5228 2025 2906 3045 3077 
5229 1966 2735 1965 3034 
5230 420 2753 3125 3205 
5231 2704 3346 2840 3766 
5232 2268 3469 3284 3531 
5233 1965 2735 1966 3293 
5234 1520 3089 3108 3752 
5235 2678 2749 3152 3422 
5236 1438 3346 3155 3766 
5237 2710 2991 2914 3640 
5238 1728 2709 3014 3110 
5239 683 2809 136 3636 
5240 2643 2735 3178 3293 
5241 2622 3136 2753 3141 
5242 350 1278 2791 3543 
5243 2792 3610 3005 3744 
5244 2674 3087 2744 3200 
5245 2614 2946 2772 3432 
5246 112 3138 3095 3342 
5247 3128 3235 3108 3623 
5248 3284 3469 2740 3531 
5249 304 1128 303 3583 
5250 2703 3122 2787 3491 
5251 2674 3076 3087 3200 
5252 781 780 2906 3443 
5253 2609 2805 3016 3663 
5254 2859 3033 2630 3678 
5255 2211 2945 729 3059 
5256 1756 3164 2951 3286 
5257 1856 3019 1076 3389 
5258 1333 2731 3047 3462 
5259 2600 2702 3027 3475 
5260 2833 2963 1195 3195 
5261 304 2718 1128 3583 
5262 2715 2989 2520 3612 
5263 1455 3061 3047 3118 
5264 2364 2520 2540 3592 
5265 1707 3154 2745 3401 
5266 2749 2678 3177 3422 
5267 834 2806 2921 3423 
5268 2705 2605 2882 3305 
5269 419 2753 420 2922 
5270 1947 626 67 938 
5271 131 3279 2703 3596 
5272 975 2890 2738 3310 
5273 2740 2785 2624 2907 
5274 2748 3146 2929 3460 
5275 1836 1254 1671 3081 
5276 2054 3253 3034 3817 
5277 2710 2806 2647 2921 
5278 2722 2831 2693 3062 
5279 661 2940 988 3400 
5280 2789 2843 2633 2963 
5281 2840 3346 1475 3766 
5282 2360 2489 2447 2970 
5283 2748 2340 3146 3460 
5284 835 3059 2717 3677 
5285 623 2737 2594 3647 
5286 2625 3287 3173 3614 
5287 2929 3146 2340 3460 
5288 2630 3033 2859 3722 
5289 2877 3173 2625 3287 
5290 2620 2981 3529 3589 
5291 2622 2788 2753 3068 
5292 3146 3177 2678 3422 
5293 1225 2816 2931 3194 
5294 1761 2786 1717 2992 
5295 2629 3290 3114 3710 
5296 2702 3211 3027 3475 
5297 2743 3108 3089 3752 
5298 2705 2872 2605 3305 
5299 2924 3128 3108 3623 
5300 2683 3529 2981 3589 
5301 2097 2979 2887 3181 
5302 2625 2877 3287 3614 
5303 2837 2973 2675 3805 
5304 1717 2992 2786 3416 
5305 2738 2890 975 3196 
5306 2520 3123 2715 3592 
5307 2640 3121 2896 3393 
5308 2600 3098 2702 3475 
5309 134 2807 2872 2920 
5310 2640 2896 2929 3393 
5311 2608 2677 2766 3179 
5312 1717 2826 2786 3133 
5313 2618 2721 3422 3721 
5314 2520 3231 2715 3612 
5315 2840 3668 2704 3766 
5316 2795 2880 309 3079 
5317 2792 3005 1674 3744 
5318 1629 1643 1601 2830 
5319 2738 2803 2650 2902 
5320 1128 2930 3583 3620 
5321 2618 3422 2749 3721 
5322 139 3420 2765 3540 
5323 1731 2709 1728 3110 
5324 135 134 2807 2872 
5325 3080 3089 3067 3257 
5326 2875 2910 2776 3161 
5327 2415 3043 2811 3264 
5328 2618 2753 2788 3068 
5329 3034 3253 2889 3817 
5330 2765 3420 139 3627 
5331 2677 2608 2766 3241 
5332 2618 2721 3013 3422 
5333 2430 2934 3038 3238 
5334 2778 2795 2656 3552 
5335 2693 3062 2831 3359 
5336 1629 1643 2830 3218 
5337 3067 3080 358 3089 
5338 1717 2786 2826 3416 
5339 2743 1516 3080 3089 
5340 3072 3317 2786 3492 
5341 2657 2938 2863 3100 
5342 2539 3219 3057 3613 
5343 3290 3430 3114 3710 
5344 420 2922 2753 3205 
5345 115 2739 2870 3397 
5346 2710 3237 2991 3640 
5347 1386 3017 2715 3336 
5348 2911 3083 2676 3410 
5349 2624 2907 2785 3026 
5350 1707 1777 3154 3401 
5351 995 1136 3243 3526 
5352 1907 3469 2268 3531 
5353 933 661 988 3400 
5354 2340 2748 3146 3622 
5355 2672 3239 2764 3793 
5356 136 2771 2809 3269 
5357 2639 2831 3062 3359 
5358 2520 2989 2715 3123 
5359 834 2921 2806 3699 
5360 2735 3034 1966 3225 
5361 2675 3038 2934 3238 
5362 1748 2932 3200 3767 
5363 309 2880 2795 3147 
5364 2638 2776 2910 3535 
5365 1841 2965 1540 2987 
5366 2634 2710 2991 3408 
5367 2734 2805 2609 3441 
5368 1323 2381 2525 3136 
5369 2785 2907 2740 3026 
5370 1704 3373 3266 3401 
5371 2892 2897 902 2942 
5372 2647 2806 2710 3237 
5373 2697 2933 2928 3588 
5374 423 2968 2673 3047 
5375 1128 2718 304 3620 
5376 3038 3238 2675 3847 
5377 2709 3014 3110 3778 
5378 2761 2922 2873 3434 
5379 2624 2988 2907 3026 
5380 2641 3216 3016 3492 
5381 2735 2643 3178 3375 
5382 2641 2928 2933 3588 
5383 2584 3362 974 3436 
5384 1475 3668 2840 3766 
5385 2656 2795 2778 3228 
5386 2727 2606 3167 3212 
5387 2868 3432 2772 3762 
5388 2197 2843 716 3520 
5389 1920 2854 935 2898 
5390 2837 2973 2659 3564 
5391 303 3498 2718 3583 
5392 2360 642 2970 3137 
5393 2979 3217 1987 3733 
5394 2997 3000 2023 3240 
5395 2941 3087 3076 3877 
5396 2643 3083 2911 3410 
5397 2169 3250 2236 3459 
5398 2673 2968 423 3633 
5399 3067 3089 2758 3257 
5400 2672 2752 3239 3793 
5401 2634 3044 2710 3699 
5402 2447 2360 2970 3137 
5403 1999 2784 3077 3303 
5404 2777 2614 3259 3309 
5405 2907 2988 2624 3248 
5406 716 2197 761 2843 
5407 2909 3432 2868 3762 
5408 1308 350 1278 2791 
5409 2620 3007 2981 3589 
5410 2430 3238 3038 3847 
5411 2837 2659 3429 3564 
5412 2054 3034 3253 3759 
5413 1761 2992 1717 3416 
5414 2715 3049 1386 3592 
5415 2887 2979 2050 3733 
5416 2616 2716 2812 3318 
5417 2827 2885 2030 3254 
5418 2364 3123 2520 3592 
5419 2740 3469 2153 3531 
5420 1756 1747 3164 3286 
5421 2657 2711 2906 3302 
5422 2618 3013 2749 3422 
5423 2612 2794 2849 2958 
5424 419 1339 420 2753 
5425 1707 2745 1710 3078 
5426 683 2809 3636 3851 
5427 2650 2803 2738 3497 
5428 761 2843 2119 3006 
5429 933 83 661 3400 
5430 1128 3583 2718 3620 
5431 1907 2234 2153 3531 
5432 2634 3157 3044 3699 
5433 1744 3401 3266 3691 
5434 1390 1386 2715 3336 
5435 2614 2868 2909 3432 
5436 2910 3186 952 3657 
5437 132 3279 131 3596 
5438 2746 2367 2903 3517 
5439 2737 3417 2594 3647 
5440 3019 3389 1856 3769 
5441 787 2993 2768 3073 
5442 2693 2831 2722 3399 
5443 131 2703 3122 3596 
5444 1999 3077 1997 3303 
5445 115 2739 3397 3851 
5446 366 1540 2965 2987 
5447 2786 3317 3072 3640 
5448 1786 2969 3283 3349 
5449 2596 3273 2711 3581 
5450 761 2119 733 3006 
5451 420 2753 1339 3125 
5452 2906 3302 2711 3539 
5453 2868 3259 2614 3309 
5454 1730 1728 1731 2709 
5455 3097 3398 2748 3622 
5456 1540 1841 1659 2965 
5457 2516 2236 3250 3459 
5458 2539 2437 3057 3219 
5459 2768 2711 3302 3539 
5460 2678 2896 3121 3393 
5461 2601 2733 3179 3729 
5462 1907 2153 3469 3531 
5463 2769 2630 3033 3678 
5464 1744 1704 3266 3401 
5465 2131 2781 1670 3286 
5466 2112 2854 1920 2898 
5467 2639 2831 2722 3062 
5468 2356 3152 3146 3738 
5469 444 2791 2935 3511 
5470 2500 3438 2844 3460 
5471 1543 2972 2783 3170 
5472 1333 2731 1421 3047 
5473 2754 2786 3317 3492 
5474 1856 1076 1667 3389 
5475 2928 2944 362 3216 
5476 3005 3610 1120 3744 
5477 2766 3179 2677 3356 
5478 2643 2736 3148 3463 
5479 3075 3116 2687 3563 
5480 2805 3114 2609 3441 
5481 683 3636 3166 3851 
5482 2234 2740 2153 3531 
5483 2646 2872 2705 3305 
5484 2435 3259 2772 3315 
5485 2657 3100 2863 3625 
5486 2643 3148 2781 3463 
5487 2753 2622 2922 3136 
5488 2735 2643 3083 3293 
5489 2515 2282 2989 3517 
5490 3121 3435 2896 3681 
5491 2614 2772 2868 3432 
5492 2054 1963 3253 3817 
5493 2683 2981 3007 3589 
5494 1807 2815 1680 3494 
5495 2734 3114 2805 3441 
5496 2601 3179 3070 3729 
5497 2576 2701 2892 3021 
5498 83 72 933 661 
5499 2023 2846 2997 3240 
5500 2596 2720 3412 3618 
5501 3095 3138 2888 3342 
5502 946 1934 2967 3417 
5503 2646 2822 2705 3296 
5504 2622 2851 3136 3141 
5505 1457 2869 1414 3682 
5506 2674 3076 2941 3087 
5507 2596 3412 3100 3618 
5508 802 2877 2717 3287 
5509 1183 3142 2833 3876 
5510 2711 3302 2596 3581 
5511 2917 3252 2884 3698 
5512 1201 2963 2833 3142 
5513 2614 2868 3309 3568 
5514 124 125 2712 3357 
5515 2641 2734 3016 3441 
5516 2646 2705 2882 3305 
5517 3016 3216 3092 3492 
5518 2614 3309 2777 3568 
5519 3044 3420 3157 3540 
5520 1999 3077 2784 3277 
5521 3083 3151 2770 3375 
5522 359 3051 2758 3725 
5523 2126 873 946 2967 
5524 874 2819 2120 3093 
5525 1841 1540 1857 2987 
5526 2863 2679 3228 3625 
5527 2163 2785 2740 3026 
5528 2801 2034 3058 3086 
5529 1340 2976 2893 3742 
5530 773 2722 3035 3352 
5531 3061 3118 1455 3222 
5532 773 2722 3352 3476 
5533 2617 2946 2870 3432 
5534 1421 2731 1333 3462 
5535 1195 2833 1201 2963 
5536 2409 3145 2716 3261 
5537 356 1287 3055 3260 
5538 834 2921 797 3423 
5539 2646 3180 2958 3307 
5540 2646 2958 3296 3307 
5541 2682 3232 3373 3563 
5542 2687 3050 2977 3112 
5543 2678 2929 2896 3393 
5544 3074 3230 3228 3559 
5545 1807 1881 2815 3494 
5546 1956 2990 3292 3764 
5547 112 2714 3138 3342 
5548 2806 3157 3044 3420 
5549 2765 3540 3420 3663 
5550 1128 2930 2996 3583 
5551 1520 3108 1522 3752 
5552 2735 3151 3083 3375 
5553 2644 2941 3076 3877 
5554 2534 2934 2431 3238 
5555 2063 2906 727 3045 
5556 2621 2992 2786 3640 
5557 2622 3068 2753 3205 
5558 1183 2833 3102 3876 
5559 3114 3290 2681 3430 
5560 1728 3014 1768 3110 
5561 1517 3089 2743 3108 
5562 1731 1730 2709 3606 
5563 2911 3083 2643 3293 
5564 2705 2822 2646 3440 
5565 2716 3145 2776 3261 
5566 800 2717 3059 3294 
5567 121 2876 679 3188 
5568 2844 2896 2478 2929 
5569 2668 3217 3221 3328 
5570 1730 1728 2709 3189 
5571 2923 3212 3167 3789 
5572 2755 2597 3127 3572 
5573 2781 3164 1747 3286 
5574 2368 2746 2903 3261 
5575 3323 3384 1860 3521 
5576 2812 3318 2769 3739 
5577 736 3171 3060 3321 
5578 1421 3047 2731 3118 
5579 2723 2963 2633 3653 
5580 2435 2772 2306 3315 
5581 690 2714 111 2984 
5582 2687 3075 3563 3638 
5583 2782 2852 1058 3367 
5584 2644 2977 3050 3112 
5585 2941 3076 3074 3455 
5586 2936 1860 3384 3521 
5587 1154 3113 2908 3405 
5588 2676 3083 2911 3293 
5589 2707 3188 3130 3771 
5590 2733 3179 2766 3356 
5591 1341 1457 1414 3682 
5592 1710 3078 2745 3154 
5593 2989 3123 2414 3517 
5594 2601 3070 3179 3489 
5595 1805 2871 2792 3870 
5596 2534 2143 2934 3238 
5597 2687 3075 3437 3659 
5598 2795 3175 2778 3228 
5599 2629 2925 3114 3290 
5600 2834 2914 1980 3408 
5601 858 2942 2897 3320 
5602 1587 1558 1084 3019 
5603 358 2758 3067 3089 
5604 2844 3438 2683 3460 
5605 1225 3194 2931 3493 
5606 1164 3062 2845 3696 
5607 2704 2640 3127 3155 
5608 1709 2745 1707 3078 
5609 2730 3250 2169 3459 
5610 1707 2745 1709 3221 
5611 2765 3420 3627 3663 
5612 2413 3013 3101 3609 
5613 2731 3177 2808 3285 
5614 2643 3178 2736 3463 
5615 1826 2767 1768 3778 
5616 2703 3458 3279 3491 
5617 1934 3214 2967 3417 
5618 1710 2745 1707 3154 
5619 2649 2707 3055 3771 
5620 3179 3489 3070 3729 
5621 1120 1674 3005 3744 
5622 1768 3110 3014 3778 
5623 2893 3022 2608 3334 
5624 2368 2746 2367 2903 
5625 2941 3094 1542 3119 
5626 423 3047 2673 3210 
5627 1162 2845 1164 3062 
5628 2705 2605 2872 3187 
5629 1030 2811 2947 3174 
5630 1532 3025 2804 3862 
5631 2907 2988 916 3026 
5632 2753 3101 3013 3609 
5633 3098 3211 2702 3475 
5634 350 2791 1308 3541 
5635 945 3288 1921 3801 
5636 423 422 3047 3210 
5637 1768 2767 3110 3778 
5638 2694 3003 2909 3603 
5639 2632 2889 3034 3253 
5640 2025 2906 3077 3732 
5641 2638 2910 2892 3535 
5642 2682 3266 3373 3401 
5643 1921 3288 2957 3801 
5644 2786 2992 1761 3323 
5645 2682 3373 2874 3563 
5646 995 3243 918 3526 
5647 2261 2523 2415 2811 
5648 2515 2367 2282 3517 
5649 1731 2709 3110 3606 
5650 2990 3286 1957 3783 
5651 2786 3323 3317 3640 
5652 2633 2963 2843 3653 
5653 2882 3037 2705 3574 
5654 2634 2991 2834 3408 
5655 3186 3486 952 3657 
5656 2804 2857 1531 3862 
5657 2858 3055 439 3260 
5658 2581 3021 2892 3535 
5659 2858 439 3055 3411 
5660 1390 2715 1386 3592 
5661 136 2809 2771 3636 
5662 1667 3389 2818 3769 
5663 2657 2906 2938 3302 
5664 1826 3208 2767 3778 
5665 1206 2974 2779 3526 
5666 2707 2649 3188 3771 
5667 2687 3116 3075 3659 
5668 945 1921 2957 3801 
5669 1164 2845 1165 3696 
5670 2632 3253 3034 3759 
5671 2596 3581 3302 3701 
5672 2413 3101 2753 3609 
5673 2703 2787 3458 3491 
5674 2983 3127 2597 3572 
5675 1053 2811 2261 3043 
5676 2604 2814 2796 3336 
5677 1826 1768 3208 3778 
5678 3108 3128 2743 3235 
5679 3074 3228 2679 3625 
5680 2796 3336 2814 3818 
5681 2711 2596 3004 3273 
5682 980 3054 2940 3371 
5683 2806 2921 2710 3699 
5684 356 3080 2719 3235 
5685 2753 2788 2622 3609 
5686 2723 2633 2843 3653 
5687 2604 2814 3336 3686 
5688 2304 3259 2435 3315 
5689 2304 2435 2306 3315 
5690 705 306 2789 3028 
5691 2644 2977 3112 3119 
5692 1999 1997 3077 3277 
5693 2763 2791 2616 3390 
5694 2792 2871 1805 3382 
5695 2624 2740 2907 3496 
5696 690 2714 2984 3269 
5697 115 2870 3166 3206 
5698 864 975 1003 2738 
5699 2201 3408 3506 3515 
5700 3228 3236 2863 3625 
5701 2895 3047 422 3210 
5702 2659 2980 2847 3159 
5703 880 3134 1224 3248 
5704 2030 2885 2827 3229 
5705 2847 2980 2904 3159 
5706 2746 2989 2282 3517 
5707 710 3157 2806 3420 
5708 2822 3717 2794 3842 
5709 1516 358 3080 3089 
5710 2673 423 3210 3633 
5711 2629 3114 2925 3169 
5712 2766 3241 3206 3356 
5713 2485 2566 2575 3613 
5714 2409 3261 2716 3557 
5715 2925 3114 2697 3169 
5716 1051 2782 2275 3354 
5717 2721 2618 3013 3533 
5718 136 2771 3269 3307 
5719 2747 3202 3171 3514 
5720 988 2940 980 3400 
5721 2745 3078 1709 3221 
5722 2805 3114 2734 3601 
5723 3004 3100 2657 3625 
5724 2517 2144 2237 2878 
5725 3311 3548 2724 3865 
5726 111 690 112 2714 
5727 2646 2705 2872 3296 
5728 1670 2781 1757 3286 
5729 2659 2973 2837 3497 
5730 2596 2711 3004 3302 
5731 2261 2811 2415 3043 
5732 1011 2818 1667 3389 
5733 2657 3004 3625 3731 
5734 1715 2786 1761 3323 
5735 1206 2974 3526 3639 
5736 370 2794 3563 3717 
5737 1757 2781 1747 3286 
5738 1057 2782 1058 3367 
5739 2852 3198 959 3585 
5740 1934 2126 946 2967 
5741 1717 1761 1715 2786 
5742 2852 959 3198 3419 
5743 736 3060 3171 3727 
5744 2647 2710 2921 3506 
5745 2704 2971 2640 3155 
5746 366 2987 3369 3426 
5747 2616 3318 2812 3739 
5748 2733 2766 2608 3129 
5749 3030 2724 3548 3865 
5750 1725 3014 2802 3337 
5751 1680 2815 3382 3494 
5752 2602 2808 3177 3285 
5753 781 2938 2906 3539 
5754 1030 2947 2811 3367 
5755 2637 3373 3232 3563 
5756 2622 2753 2922 3205 
5757 2620 2772 3432 3762 
5758 2616 2812 2716 3684 
5759 128 2804 3666 3690 
5760 2710 2914 2799 3640 
5761 2687 3112 2977 3119 
5762 2770 3226 2632 3265 
5763 802 2717 2877 3099 
5764 1727 3208 1768 3778 
5765 2836 3100 3004 3625 
5766 2603 2778 3175 3228 
5767 1903 2978 726 3600 
5768 2169 2730 2155 3250 
5769 2197 2119 761 2843 
5770 2716 2776 2607 2875 
5771 2914 2991 3317 3640 
5772 1779 3217 2979 3328 
5773 2641 2933 2928 2944 
5774 3037 3667 2916 3749 
5775 2624 2740 3496 3810 
5776 3004 2836 3625 3731 
5777 2965 3154 1777 3401 
5778 2681 3114 2925 3290 
5779 366 2987 2965 3369 
5780 2634 2950 3157 3699 
5781 2227 2815 2101 3274 
5782 1162 1165 1164 2845 
5783 2684 3022 2893 3334 
5784 307 1141 2789 3195 
5785 2863 3100 2938 3122 
5786 149 2783 1028 2972 
5787 61 3341 2779 3343 
5788 2604 3336 3017 3686 
5789 2617 2772 2946 3432 
5790 145 801 3173 3827 
5791 1992 2034 2918 3086 
5792 1659 1540 1857 1841 
5793 2789 3079 307 3195 
5794 1779 1776 3217 3328 
5795 2113 2112 2898 3611 
5796 372 2720 3094 3458 
5797 1536 1543 2783 3170 
5798 2657 3045 2906 3077 
5799 2938 3302 2906 3539 
5800 115 2870 2739 3166 
5801 3228 3230 2795 3559 
5802 1058 2852 2782 3010 
5803 3146 3152 2678 3738 
5804 2624 2785 2988 3026 
5805 2687 3563 3116 3638 
5806 1201 1195 1159 2833 
5807 3087 3200 3076 3877 
5808 1193 1245 2816 3005 
5809 359 2758 1498 3725 
5810 2788 3141 2622 3609 
5811 2720 1542 3094 3119 
5812 307 1155 1141 3195 
5813 370 2794 3717 3842 
5814 2990 3213 2669 3764 
5815 2910 3161 2875 3657 
5816 2766 2677 3241 3356 
5817 2748 2981 2683 3529 
5818 1670 2781 2131 3331 
5819 2023 3000 2019 3240 
5820 898 2910 620 3573 
5821 1154 2908 3113 3327 
5822 1003 3052 2738 3196 
5823 1963 2889 3253 3817 
5824 3082 3127 2640 3155 
5825 2612 2958 2849 3370 
5826 3192 3332 2686 3698 
5827 2315 2724 3176 3714 
5828 1155 307 3079 3195 
5829 366 3369 2865 3426 
5830 2050 2887 2097 2979 
5831 1709 1707 1710 3078 
5832 2576 2892 2701 3688 
5833 2707 3130 2858 3771 
5834 121 2775 122 2875 
5835 834 816 2921 3699 
5836 988 661 929 2940 
5837 916 2988 2907 3248 
5838 2687 2977 3050 3437 
5839 117 2797 3241 3675 
5840 806 2742 3450 3452 
5841 1681 2136 2871 3183 
5842 3057 3219 2701 3613 
5843 3317 3323 2688 3640 
5844 1386 3049 3017 3447 
5845 2025 3077 3045 3303 
5846 784 3122 2863 3443 
5847 2638 2892 3021 3535 
5848 2754 3317 2786 3323 
5849 2677 3168 2608 3241 
5850 1076 1011 1667 3389 
5851 2757 3123 2989 3517 
5852 2622 2922 2761 3205 
5853 918 3243 2779 3526 
5854 2690 3200 3076 3233 
5855 3023 3450 2742 3452 
5856 761 733 735 3006 
5857 2990 3104 1957 3286 
5858 1480 2917 1347 3278 
5859 2659 3564 2803 3655 
5860 2707 2649 3055 3188 
5861 2687 3437 2741 3659 
5862 2687 2741 3116 3659 
5863 2615 2801 2742 3507 
5864 683 137 3166 3636 
5865 2601 3030 2733 3729 
5866 2485 2575 2263 3613 
5867 761 735 2843 3006 
5868 2657 2906 2711 3077 
5869 2873 3434 2922 3562 
5870 2604 3017 3336 3406 
5871 2631 2936 2914 3521 
5872 777 1903 726 3600 
5873 2630 3198 3033 3419 
5874 2847 2860 2636 2980 
5875 2753 2622 3141 3609 
5876 1856 1020 1076 3019 
5877 727 2906 780 3045 
5878 1030 2811 3043 3367 
5879 1520 3575 3089 3752 
5880 835 2717 3099 3677 
5881 1758 1759 3189 3331 
5882 2940 3054 980 3400 
5883 2100 2978 2948 3308 
5884 1309 2922 380 3136 
5885 975 1003 2738 3196 
5886 690 2984 134 3269 
5887 2769 3033 2630 3198 
5888 2615 2742 2801 3073 
5889 2598 3072 3016 3492 
5890 1664 2936 1860 3384 
5891 1724 3014 1725 3337 
5892 801 3173 2877 3287 
5893 2644 3076 3200 3877 
5894 2320 2746 2368 3261 
5895 3016 3216 2641 3709 
5896 941 2584 2572 3362 
5897 2780 3066 2621 3780 
5898 2815 3046 2101 3274 
5899 2919 3509 3407 3519 
5900 2618 2788 2753 3013 
5901 843 2905 3023 3157 
5902 1542 2720 372 3381 
5903 2612 2807 2958 3370 
5904 1919 2901 215 3031 
5905 2608 3022 2893 3705 
5906 1852 3401 1744 3691 
5907 773 3035 2722 3629 
5908 1421 2731 3462 3834 
5909 2847 2636 2904 2980 
5910 1051 1052 2782 3354 
5911 2965 2987 1732 3154 
5912 2641 2944 2928 3216 
5913 2739 3166 2870 3206 
5914 2608 3334 3022 3473 
5915 2838 3217 1776 3221 
5916 3066 3132 2621 3780 
5917 1159 2833 1195 3195 
5918 1758 3164 2781 3189 
5919 2877 3173 801 3827 
5920 2367 2746 2282 3517 
5921 1170 2841 3227 3251 
5922 1697 3075 2966 3437 
5923 2643 2735 3083 3375 
5924 2957 3288 1921 3756 
5925 117 3241 2797 3707 
5926 1723 1725 2802 3337 
5927 2355 3064 3041 3745 
5928 3060 3171 2656 3321 
5929 1466 1488 2917 3698 
5930 1168 2841 1170 3251 
5931 1805 1674 2792 3005 
5932 2740 2825 2663 2907 
5933 2486 1222 2751 3645 
5934 2691 3289 2919 3407 
5935 2596 3004 3273 3347 
5936 124 2712 125 3198 
5937 1740 1671 2879 3081 
5938 114 683 3166 3851 
5939 902 2897 858 2942 
5940 3176 3262 3036 3880 
5941 2919 2691 3407 3509 
5942 2485 3057 2566 3613 
5943 304 3498 2696 3779 
5944 1740 1836 1671 3081 
5945 2666 2919 3407 3519 
5946 800 835 2717 3652 
5947 926 2930 3111 3763 
5948 1079 1028 2783 3879 
5949 2618 3533 2721 3721 
5950 1557 1540 1659 2965 
5951 2756 2877 2625 3265 
5952 2625 3080 3067 3257 
5953 1893 733 2119 3006 
5954 975 107 2890 3310 
5955 929 988 933 661 
5956 2793 2794 2612 3717 
5957 935 2898 2854 3656 
5958 2630 2812 3678 3832 
5959 1225 1175 3194 3493 
5960 2016 3256 2856 3550 
5961 359 1541 3051 3725 
5962 2615 2702 3507 3525 
5963 2696 303 3149 3498 
5964 2640 2896 2844 2929 
5965 2703 3279 3458 3770 
5966 2615 2702 3058 3507 
5967 2631 2914 3317 3521 
5968 1380 2749 3117 3462 
5969 2771 2809 3269 3661 
5970 2622 2873 2922 3562 
5971 2797 3241 3206 3707 
5972 2747 2656 3060 3171 
5973 2630 2812 3414 3678 
5974 679 2876 121 3314 
5975 2858 3055 2707 3771 
5976 2319 2340 2929 3146 
5977 2851 2922 2622 3136 
5978 912 2594 3417 3647 
5979 2715 3231 2520 3592 
5980 2604 3017 3406 3686 
5981 2601 3548 3311 3865 
5982 1076 3019 1020 3389 
5983 2740 2907 2663 3031 
5984 2023 2997 2846 3312 
5985 2104 2850 2831 3600 
5986 2104 2831 2850 3240 
5987 128 2804 3025 3666 
5988 364 3426 3216 3502 
5989 2657 3004 2711 3302 
5990 2360 635 642 3137 
5991 2606 2727 3167 3326 
5992 2672 2752 3128 3239 
5993 2261 2811 1024 3522 
5994 1586 1592 1530 2744 
5995 439 2858 438 3411 
5996 358 1498 2758 3089 
5997 135 2872 2807 3307 
5998 2854 2898 2112 3611 
5999 2744 1746 3200 3767 
6000 1301 356 1287 3055 
6001 2743 2599 3090 3614 
6002 2599 3226 3090 3614 
6003 1329 1480 1488 2917 
6004 876 2122 1920 2898 
6005 2793 3116 3563 3638 
6006 2636 2860 3342 3556 
6007 2768 2918 2711 3539 
6008 144 2876 679 3130 
6009 898 620 2910 3689 
6010 2998 3279 133 3669 
6011 2833 3560 2963 3598 
6012 2630 3678 2769 3832 
6013 2921 2647 3185 3644 
6014 2937 3185 2647 3644 
6015 2284 2525 2381 3136 
6016 2615 2918 2801 3086 
6017 2727 3212 2923 3686 
6018 1723 1724 1725 3337 
6019 2833 3142 2963 3560 
6020 2804 3025 1501 3258 
6021 1301 3055 1287 3260 
6022 2739 2870 3397 3432 
6023 835 844 802 2717 
6024 2668 3071 2702 3211 
6025 1587 1084 1869 3019 
6026 2766 3166 3129 3637 
6027 2596 2703 3100 3412 
6028 2621 3132 2992 3640 
6029 2443 3123 2757 3517 
6030 3142 3560 2833 3598 
6031 3074 3228 2603 3559 
6032 2723 2978 2183 3308 
6033 2596 3001 2703 3412 
6034 2600 2702 3098 3525 
6035 125 3012 2712 3357 
6036 1493 1558 3019 3792 
6037 2320 2367 2368 2746 
6038 2673 3047 2895 3210 
6039 113 3138 2909 3603 
6040 2668 2702 3098 3211 
6041 2896 3363 3121 3681 
6042 2963 3560 2723 3598 
6043 2734 3016 2805 3182 
6044 2688 2992 3132 3640 
6045 2659 2860 2847 2980 
6046 2735 3034 3225 3759 
6047 2905 3044 3157 3540 
6048 1759 3189 3331 3410 
6049 1183 2833 1160 3102 
6050 2892 2910 2638 3186 
6051 112 3095 3138 3603 
6052 2612 2849 2794 3446 
6053 2908 3113 2628 3405 
6054 2135 1807 1680 3494 
6055 438 3411 2858 3874 
6056 372 2720 1542 3094 
6057 1394 3346 1438 3766 
6058 679 2876 144 3188 
6059 1136 1206 3243 3526 
6060 2973 2803 3564 3655 
6061 1478 2258 2829 2844 
6062 2821 3114 2629 3169 
6063 2606 2727 2999 3212 
6064 1466 2917 1488 3332 
6065 429 2900 2954 3490 
6066 1532 2804 1531 3862 
6067 2131 1670 1916 3286 
6068 3016 2641 3441 3709 
6069 800 2717 3294 3652 
6070 114 683 137 3166 
6071 2744 3200 2932 3767 
6072 2710 3506 3408 3515 
6073 2810 3097 2748 3622 
6074 2890 3272 3068 3310 
6075 1531 2857 2804 3329 
6076 2633 2843 2789 3344 
6077 2612 2822 2794 3296 
6078 2304 2868 3259 3315 
6079 1807 2815 1881 3871 
6080 834 816 797 2921 
6081 2216 727 2063 2906 
6082 2787 3468 2645 3665 
6083 2663 2740 2982 3316 
6084 1727 1768 3014 3778 
6085 1758 3189 2781 3331 
6086 2218 2080 2936 3384 
6087 3302 3581 2711 3701 
6088 2984 2998 133 3669 
6089 1543 2972 3170 3579 
6090 2601 3070 3030 3729 
6091 2893 3209 1408 3509 
6092 2672 3235 3128 3623 
6093 2517 2237 2545 2878 
6094 2120 2819 874 3197 
6095 3017 3336 2814 3686 
6096 1498 359 358 2758 
6097 2398 2500 2844 3460 
6098 1488 1329 2917 3698 
6099 2833 2963 2723 3598 
6100 716 3520 2843 3653 
6101 2616 2791 2763 3511 
6102 3068 3272 2890 3587 
6103 877 2854 2111 3054 
6104 2778 3175 2795 3552 
6105 2626 3175 2881 3483 
6106 1727 3014 3208 3778 
6107 1183 1159 2833 3142 
6108 1443 1390 1386 3592 
6109 822 2963 1248 3142 
6110 424 3047 1455 3061 
6111 2632 3151 2735 3375 
6112 2975 3505 3274 3872 
6113 857 2910 2892 3186 
6114 1236 2970 2953 3341 
6115 1987 2050 2979 3733 
6116 1183 1159 1160 2833 
6117 3050 3112 2687 3437 
6118 2672 3002 2764 3239 
6119 2848 3029 2684 3105 
6120 117 3320 2797 3348 
6121 1728 3014 2709 3189 
6122 2778 2656 2839 3552 
6123 2608 2766 2733 3179 
6124 1319 2791 1278 3543 
6125 2919 3289 2666 3407 
6126 2647 3237 2710 3506 
6127 2803 3015 2470 3577 
6128 2748 2888 2810 3529 
6129 2412 3231 2520 3612 
6130 1805 1803 2871 3870 
6131 1671 2879 311 3124 
6132 1380 3117 2749 3152 
6133 2863 2938 2657 3443 
6134 2802 3410 1723 3643 
6135 1328 1438 3155 3766 
6136 1756 2951 1757 3286 
6137 2887 3217 2979 3733 
6138 1357 3252 2884 3326 
6139 2604 3720 2775 3795 
6140 710 3157 3420 3540 
6141 2663 2825 2740 3316 
6142 2699 3029 2848 3105 
6143 2054 3253 2913 3759 
6144 381 1292 380 3136 
6145 2596 2720 3112 3116 
6146 2615 3073 2918 3701 
6147 2788 2904 2618 2980 
6148 2601 3030 3548 3865 
6149 3036 3176 2442 3262 
6150 426 3061 3222 3799 
6151 2768 2918 3073 3701 
6152 2443 2414 3123 3517 
6153 1783 3050 2977 3437 
6154 2635 2871 2792 3382 
6155 2576 2892 2581 3021 
6156 121 2775 2875 3486 
6157 2725 2935 2796 3595 
6158 736 3171 812 3727 
6159 1542 3119 2720 3381 
6160 1730 3164 2709 3606 
6161 2632 2770 3151 3375 
6162 2645 2787 3413 3468 
6163 2769 3678 2812 3832 
6164 3131 3484 2903 3517 
6165 2873 378 3434 3562 
6166 1987 2979 2050 3217 
6167 2169 2236 662 3459 
6168 105 2986 682 3042 
6169 884 2819 3008 3246 
6170 2825 2907 2740 3496 
6171 2099 2201 3408 3506 
6172 2197 2041 2843 3520 
6173 2723 2843 2633 3820 
6174 2852 2630 3198 3585 
6175 2887 3098 2926 3153 
6176 2398 2844 2929 3460 
6177 2794 2822 2612 3717 
6178 1713 1711 2754 3521 
6179 971 1139 2930 3763 
6180 857 2892 2910 3573 
6181 2724 2315 3176 3372 
6182 2765 2894 2692 3105 
6183 2693 3193 3142 3399 
6184 2740 2785 2153 3469 
6185 2703 3001 2596 3100 
6186 2644 3076 2941 3455 
6187 132 131 3279 3491 
6188 2169 1910 2155 2730 
6189 2711 3004 2657 3077 
6190 362 2944 2933 3518 
6191 2478 2844 2379 2896 
6192 1028 2972 2783 3879 
6193 1520 3089 1517 3108 
6194 2608 3241 3168 3473 
6195 763 2978 1892 3520 
6196 2693 2833 3142 3876 
6197 1358 3252 3326 3658 
6198 2356 3152 2423 3422 
6199 1517 2743 1516 3080 
6200 2280 2763 3024 3488 
6201 1148 3134 2825 3496 
6202 1534 356 2719 3235 
6203 2598 3317 3072 3492 
6204 3114 3169 2821 3591 
6205 1966 3293 2735 3718 
6206 2774 3536 3330 3852 
6207 2771 3269 2872 3661 
6208 2280 3024 2277 3488 
6209 2889 3059 2066 3677 
6210 2360 642 2466 2970 
6211 1783 3437 2977 3830 
6212 2869 3040 1414 3682 
6213 2906 780 3045 3443 
6214 1768 2767 1809 3110 
6215 2793 2687 3116 3638 
6216 1758 1730 3164 3189 
6217 2672 3128 2924 3623 
6218 766 3142 3193 3399 
6219 2452 2773 3041 3064 
6220 2979 3126 2658 3181 
6221 2600 3190 2702 3525 
6222 2926 3098 2887 3581 
6223 1908 769 2885 3351 
6224 2719 3173 3287 3614 
6225 1670 2131 1823 3331 
6226 1680 3382 2871 3494 
6227 2903 3131 2623 3484 
6228 2606 3326 3167 3353 
6229 2843 3247 2633 3820 
6230 2881 3175 2713 3483 
6231 2614 2772 2946 3259 
6232 2827 3306 3300 3322 
6233 714 2938 3122 3443 
6234 2601 3179 2733 3356 
6235 3114 3418 2734 3601 
6236 2888 3138 3095 3808 
6237 2604 3165 3720 3795 
6238 2615 3058 2702 3098 
6239 85 660 84 2730 
6240 2087 3126 2215 3181 
6241 311 1671 1254 2879 
6242 1531 3329 2804 3665 
6243 2931 3597 3493 3712 
6244 2693 2722 3193 3399 
6245 2653 3108 2924 3128 
6246 2990 3104 2669 3213 
6247 2991 3237 2598 3640 
6248 2608 2869 3334 3353 
6249 2606 2999 2727 3326 
6250 2763 2616 3024 3390 
6251 735 2843 3006 3861 
6252 1695 3283 2741 3608 
6253 2974 2779 3526 3639 
6254 2614 2777 3135 3568 
6255 2327 3064 2355 3745 
6256 2545 2517 2549 2237 
6257 2617 2870 2946 3457 
6258 117 3348 2797 3675 
6259 2821 2609 3114 3441 
6260 2694 2909 3138 3603 
6261 3046 3300 3274 3322 
6262 2821 2928 2609 3441 
6263 2738 2902 2650 3850 
6264 2208 3031 3026 3546 
6265 2315 3176 2313 3714 
6266 1056 3388 2951 3859 
6267 302 2773 2325 3064 
6268 106 975 864 2738 
6269 131 2787 3122 3491 
6270 1819 2816 1245 3005 
6271 2779 3243 1206 3526 
6272 2023 2022 2846 3240 
6273 2710 2634 2991 3044 
6274 2360 2466 2489 2970 
6275 61 2974 2779 3341 
6276 2798 3036 2442 3262 
6277 2877 3226 2625 3265 
6278 380 2851 381 3136 
6279 380 1309 1293 2922 
6280 372 3032 2720 3458 
6281 2612 2794 2958 3296 
6282 2694 2962 2867 3568 
6283 2603 3175 2795 3228 
6284 1433 1340 2893 3742 
6285 3131 3311 2623 3484 
6286 1057 1051 2782 3043 
6287 2860 3095 2636 3342 
6288 874 884 2819 3093 
6289 2602 3172 2808 3285 
6290 1530 1586 2744 3767 
6291 438 1430 3411 3874 
6292 1319 2935 2791 3543 
6293 2101 3274 3046 3300 
6294 1052 3010 2782 3354 
6295 2668 2702 3071 3098 
6296 2681 3418 3114 3601 
6297 1201 2833 1159 3142 
6298 1003 2738 3052 3800 
6299 2502 3131 2903 3517 
6300 2743 3080 1517 3235 
6301 1400 2916 3667 3749 
6302 2740 2825 3496 3810 
6303 1493 1067 1558 3792 
6304 2991 2598 3317 3640 
6305 2699 3092 3016 3216 
6306 941 974 2584 3362 
6307 2702 2615 3098 3525 
6308 3216 3426 2728 3502 
6309 2668 3098 3071 3733 
6310 2677 3241 2797 3675 
6311 2645 3468 3413 3665 
6312 2668 3217 2887 3733 
6313 2788 2659 2980 3587 
6314 1694 2977 1783 3050 
6315 2168 2237 2144 2878 
6316 2867 3568 2962 3576 
6317 2779 2974 1206 3243 
6318 1807 2135 1881 3494 
6319 2705 2646 2882 3440 
6320 1421 3118 2731 3834 
6321 2739 3432 3397 3851 
6322 2674 3074 2941 3076 
6323 2084 3171 3202 3514 
6324 1259 2751 1222 3639 
6325 1680 2871 1813 3494 
6326 2753 3101 1339 3125 
6327 2917 2686 3332 3698 
6328 3095 3138 2694 3808 
6329 3493 3597 1624 3712 
6330 2606 3040 3326 3353 
6331 761 716 2843 3653 
6332 2084 3202 2747 3514 
6333 2163 3026 2740 3546 
6334 2710 2799 3237 3640 
6335 1730 2709 3164 3189 
6336 2596 3112 2720 3455 
6337 2516 662 2236 3459 
6338 2802 2676 3083 3410 
6339 3057 3219 2437 3711 
6340 2980 3403 2860 3556 
6341 2049 2827 2030 3254 
6342 2799 2914 2710 3715 
6343 775 773 3476 3629 
6344 2735 2632 3375 3759 
6345 2711 2918 2906 3539 
6346 381 2381 1323 3136 
6347 2398 2844 2478 2929 
6348 438 2858 439 3260 
6349 308 2795 309 3079 
6350 2617 3676 2724 3865 
6351 2623 3096 3311 3865 
6352 2626 3056 2881 3175 
6353 2633 2963 2723 3743 
6354 2726 3740 2611 3791 
6355 2623 3311 3131 3676 
6356 2632 2735 3151 3759 
6357 2043 2911 3178 3293 
6358 137 683 136 3636 
6359 1339 3101 2753 3812 
6360 975 2738 106 3310 
6361 1406 1455 3118 3222 
6362 2277 3024 3390 3488 
6363 1408 2964 2893 3509 
6364 2700 3326 3252 3658 
6365 1053 1024 2261 2811 
6366 2600 3027 2702 3190 
6367 2596 2720 3116 3412 
6368 1697 3437 2966 3608 
6369 2623 3311 3096 3484 
6370 2734 2609 3016 3441 
6371 115 691 116 3166 
6372 1676 2774 3081 3536 
6373 444 2935 443 3511 
6374 1144 2879 1254 3081 
6375 2604 3165 2775 3720 
6376 2191 3066 2855 3109 
6377 2601 2733 3030 3356 
6378 2776 3161 2910 3535 
6379 2768 3302 2938 3539 
6380 2869 3353 2608 3774 
6381 1693 3050 2828 3628 
6382 2679 3025 2804 3666 
6383 2087 2215 2097 3181 
6384 2625 2877 2756 3827 
6385 2871 3312 2997 3697 
6386 2693 3399 3142 3560 
6387 902 2897 2892 3436 
6388 2630 3419 3033 3722 
6389 1516 2743 1517 3089 
6390 2935 3511 2796 3595 
6391 1798 3330 3536 3852 
6392 1532 1501 2804 3025 
6393 1067 3019 1558 3792 
6394 1676 3081 2774 3857 
6395 1670 1747 1757 2781 
6396 2732 2910 620 3689 
6397 992 1919 215 3031 
6398 2827 3300 3046 3322 
6399 2672 3139 2719 3607 
6400 2390 2268 3284 3531 
6401 2642 2965 2745 3154 
6402 3037 3187 2705 3574 
6403 2659 2973 2803 3564 
6404 2647 3423 2937 3644 
6405 2676 3065 2735 3293 
6406 2777 3259 2509 3309 
6407 2647 2921 3423 3644 
6408 366 365 2987 3426 
6409 2704 3605 2640 3766 
6410 2881 3056 2713 3175 
6411 2834 2634 3408 3554 
6412 2821 2848 2609 2928 
6413 3074 3076 2836 3455 
6414 1947 938 67 3395 
6415 969 3134 880 3248 
6416 1960 1961 3104 3817 
6417 2726 2611 2900 3791 
6418 3120 3493 1624 3712 
6419 309 2795 3230 3233 
6420 1319 444 2791 2935 
6421 2836 3004 2596 3347 
6422 3065 3066 2735 3293 
6423 1694 3050 1783 3437 
6424 1989 1990 2887 3086 
6425 2642 2754 3092 3566 
6426 2648 3692 2820 3835 
6427 2815 2816 1795 3382 
6428 380 2922 2851 3136 
6429 2792 1805 3005 3382 
6430 2626 3124 3056 3147 
6431 2643 2781 3148 3189 
6432 2635 2792 3005 3382 
6433 2818 3388 1045 3859 
6434 2390 3284 2482 3531 
6435 2745 2965 2642 3106 
6436 1988 2887 2050 3733 
6437 3046 3274 2815 3322 
6438 2796 2814 2604 3466 
6439 1737 3019 1856 3769 
6440 2852 3367 2630 3585 
6441 2339 2973 3564 3655 
6442 2820 3692 2819 3835 
6443 1037 1034 2752 3275 
6444 2694 3138 3095 3603 
6445 1399 2882 3037 3667 
6446 2617 2739 3637 3828 
6447 743 3028 2789 3321 
6448 2886 2628 3113 3405 
6449 2012 2891 3247 3308 
6450 874 1918 943 3093 
6451 1681 2136 1904 2871 
6452 1764 1723 3410 3643 
6453 1036 2752 1034 3215 
6454 354 3170 2952 3579 
6455 2612 2794 2793 3446 
6456 2856 2774 3330 3852 
6457 1455 3047 1436 3118 
6458 2722 3062 2693 3193 
6459 1030 2811 1053 3043 
6460 2631 2745 3085 3211 
6461 2829 2844 2500 3438 
6462 1748 3200 1746 3767 
6463 442 3378 2796 3595 
6464 122 2875 2775 3881 
6465 2724 2617 3036 3457 
6466 2024 2023 2022 2846 
6467 2617 2724 3030 3865 
6468 2655 3129 2766 3166 
6469 2692 3420 3044 3540 
6470 359 1498 1541 3725 
6471 2546 2517 2545 2878 
6472 2011 2891 2012 3308 
6473 2596 3273 3112 3347 
6474 1543 2783 2972 3879 
6475 2023 3000 2997 3697 
6476 1213 2996 2930 3313 
6477 2990 2669 3292 3764 
6478 2275 2782 1051 3043 
6479 3085 3211 2745 3593 
6480 3056 3124 2626 3404 
6481 2663 2740 3031 3546 
6482 2651 2931 2816 3194 
6483 1756 1757 1747 3286 
6484 1058 2782 1052 3010 
6485 1813 2871 1904 3494 
6486 2444 3577 2973 3655 
6487 2672 3128 3002 3239 
6488 442 2796 3511 3595 
6489 2366 3038 2934 3242 
6490 2849 3232 3153 3475 
6491 2808 3172 2729 3285 
6492 2983 3427 3127 3572 
6493 1431 2869 1457 3682 
6494 1150 1148 2825 3496 
6495 1037 1034 1036 2752 
6496 1266 2954 1302 3391 
6497 1328 3155 2971 3766 
6498 1499 1542 372 3381 
6499 835 2717 802 3099 
6500 2630 2852 3198 3419 
6501 2598 3016 3092 3492 
6502 1216 2970 1236 3341 
6503 125 2712 3012 3198 
6504 2717 3239 2669 3294 
6505 2646 2900 3305 3490 
6506 857 952 2910 3186 
6507 2947 3198 2630 3585 
6508 2676 3066 3065 3293 
6509 2659 2788 2980 3159 
6510 2011 2012 2891 3247 
6511 2617 3356 2797 3865 
6512 1193 1245 1127 2816 
6513 112 2714 690 3269 
6514 2845 3062 1162 3102 
6515 843 3157 3023 3480 
6516 1399 3037 2882 3574 
6517 1776 3217 2838 3798 
6518 2923 2762 3212 3789 
6519 1540 1557 366 2965 
6520 2765 3168 3241 3473 
6521 1003 864 2738 3800 
6522 2695 3127 3082 3155 
6523 3413 3468 2804 3665 
6524 2704 2640 2971 3766 
6525 2783 3170 2972 3579 
6526 2722 2831 2639 3271 
6527 2947 2630 3367 3585 
6528 3332 3385 2662 3668 
6529 2988 3248 917 3526 
6530 1093 2696 303 3149 
6531 1428 2708 2976 3490 
6532 3007 3637 2739 3828 
6533 135 690 134 3269 
6534 2659 3159 3564 3655 
6535 933 72 929 661 
6536 1805 2792 1804 3870 
6537 1710 1707 1777 3154 
6538 2775 3720 2746 3795 
6539 138 3540 3374 3649 
6540 1435 2884 3252 3698 
6541 2804 2679 3666 3690 
6542 2704 3155 2919 3346 
6543 2692 2894 2765 3540 
6544 439 438 1430 3411 
6545 2856 3536 2774 3852 
6546 1229 3113 1154 3405 
6547 1786 1785 3009 3283 
6548 2211 3059 729 3677 
6549 3142 3399 766 3560 
6550 2668 2979 2887 3217 
6551 2975 3570 3505 3872 
6552 2917 3252 1404 3519 
6553 2708 3305 2900 3490 
6554 2745 3154 2965 3401 
6555 2626 3147 3056 3175 
6556 3222 3409 2729 3561 
6557 2841 3251 1168 3421 
6558 2839 3552 2633 3615 
6559 2012 3308 3247 3820 
6560 2884 3252 2700 3326 
6561 2282 2989 2746 3612 
6562 2379 2844 1468 2896 
6563 2798 3036 3262 3880 
6564 2598 3092 3317 3492 
6565 2717 2669 3059 3294 
6566 987 902 858 2942 
6567 2623 3311 3676 3865 
6568 2596 2926 3581 3701 
6569 2664 2781 3148 3463 
6570 2596 3100 3001 3302 
6571 2596 2926 3273 3581 
6572 2643 3189 3148 3654 
6573 2751 1222 3639 3645 
6574 2861 3711 2946 3714 
6575 2795 3230 3233 3559 
6576 3374 3636 138 3649 
6577 2808 3082 1373 3561 
6578 2616 2716 3024 3684 
6579 2625 3067 2758 3257 
6580 2675 3679 3093 3692 
6581 107 3272 2890 3310 
6582 789 2063 727 3045 
6583 2722 3476 773 3629 
6584 1478 2844 2829 3160 
6585 2389 2851 2508 3149 
6586 2801 2918 2615 3073 
6587 2067 3059 2211 3677 
6588 2839 3584 3552 3615 
6589 2919 3155 2704 3158 
6590 2872 3269 2771 3307 
6591 1785 1786 3009 3349 
6592 971 1139 1212 2930 
6593 2962 3003 2694 3603 
6594 2694 3003 2962 3568 
6595 2693 3102 2833 3876 
6596 1435 3252 2917 3698 
6597 115 3166 116 3206 
6598 2672 3128 3235 3614 
6599 2684 2848 3105 3777 
6600 2914 3521 2936 3788 
6601 2671 3458 3279 3770 
6602 125 3012 2947 3198 
6603 2977 3050 1694 3628 
6604 2740 3026 2907 3031 
6605 2900 2646 3305 3428 
6606 2863 3122 2938 3443 
6607 1800 3330 2774 3536 
6608 2744 3200 1746 3424 
6609 2726 2865 3740 3791 
6610 1587 1504 1558 3019 
6611 2753 3101 2413 3812 
6612 2638 3021 2892 3445 
6613 1711 3078 2754 3521 
6614 2929 3011 2683 3605 
6615 2615 3098 2926 3581 
6616 1836 1228 1254 3081 
6617 2620 2810 3529 3750 
6618 1172 2759 1174 3113 
6619 138 3374 2894 3636 
6620 3279 3458 2671 3491 
6621 3376 3500 3058 3507 
6622 2013 2011 2012 3308 
6623 629 2988 3379 3748 
6624 1590 2944 362 3518 
6625 2651 3274 3300 3322 
6626 2685 3040 2869 3682 
6627 2036 2843 3247 3495 
6628 138 2894 3374 3540 
6629 2754 3317 3092 3492 
6630 2823 2946 2357 3259 
6631 2670 3151 2913 3249 
6632 1680 2815 1814 3382 
6633 2154 3719 3425 3863 
6634 2808 2731 3285 3834 
6635 1980 2914 2834 3203 
6636 1670 1757 1916 3286 
6637 881 959 3198 3585 
6638 2703 3001 3100 3302 
6639 1130 1221 2447 3137 
6640 2797 3348 2942 3456 
6641 2914 2688 3521 3788 
6642 2124 726 1903 2978 
6643 1958 3104 1956 3213 
6644 3071 3098 2702 3733 
6645 1260 1222 2974 3639 
6646 2545 2237 2168 2878 
6647 2831 2948 2038 2978 
6648 3155 3158 2919 3346 
6649 2831 2978 2038 3600 
6650 3148 3189 2709 3654 
6651 2657 2938 2906 3443 
6652 2788 2659 3587 3883 
6653 1543 1536 2783 3879 
6654 3397 3432 2909 3851 
6655 1222 1260 2974 3645 
6656 2655 3129 3166 3637 
6657 2807 2920 134 2993 
6658 2038 2948 2831 3845 
6659 1617 2813 1124 3493 
6660 3132 3470 2688 3640 
6661 2599 2743 3128 3614 
6662 2718 2927 964 3371 
6663 2712 3088 124 3357 
6664 1192 1120 3610 3744 
6665 1519 3108 3235 3623 
6666 1622 2813 1617 3493 
6667 736 3060 737 3321 
6668 773 774 3035 3629 
6669 2597 3127 2983 3427 
6670 930 980 2940 3371 
6671 1713 1711 1712 2754 
6672 2688 3384 3323 3521 
6673 423 424 2968 3047 
6674 2066 3059 2889 3213 
6675 2637 3116 3075 3563 
6676 72 661 71 3449 
6677 2849 3153 3098 3475 
6678 2942 3320 2797 3456 
6679 2953 2970 3763 3837 
6680 2796 2935 2725 3662 
6681 2819 3093 3679 3692 
6682 2664 3148 3104 3463 
6683 2710 3515 3408 3699 
6684 1476 1488 2917 3332 
6685 1392 3435 3121 3681 
6686 2825 3134 1148 3291 
6687 1229 2886 3113 3405 
6688 1816 1883 1665 2855 
6689 1617 1124 2813 3327 
6690 2914 2688 3317 3521 
6691 354 3377 2952 3886 
6692 988 930 980 2940 
6693 2615 2801 3058 3086 
6694 801 146 3173 3287 
6695 2720 3119 3112 3381 
6696 3256 3503 2856 3550 
6697 1071 2972 1583 3012 
6698 3037 3222 1398 3409 
6699 2747 2656 3171 3202 
6700 2931 3493 3120 3712 
6701 2904 2980 2788 3159 
6702 3320 2897 3362 3364 
6703 1160 3102 2833 3815 
6704 2744 3200 2690 3233 
6705 2807 2993 134 3781 
6706 1341 1414 3040 3682 
6707 1079 1028 1029 2783 
6708 2491 2508 2389 2851 
6709 129 3413 2804 3690 
6710 2900 3305 2708 3428 
6711 1407 2893 1408 2964 
6712 2817 2724 3311 3548 
6713 2735 3065 2676 3083 
6714 2781 2664 3286 3463 
6715 2950 3408 2634 3554 
6716 3112 3119 2687 3381 
6717 303 1128 2996 3583 
6718 2413 2288 3013 3609 
6719 2787 2645 3094 3665 
6720 2382 2777 2509 3309 
6721 2447 2489 1130 2970 
6722 3114 3430 2864 3710 
6723 926 971 2930 3763 
6724 1693 2828 1692 3628 
6725 2686 2884 2917 3070 
6726 1981 2834 1980 3408 
6727 629 2785 2988 3748 
6728 1732 2965 1841 2987 
6729 2759 1174 3113 3194 
6730 784 714 3122 3443 
6731 1531 2857 3329 3578 
6732 2749 3422 2721 3721 
6733 2013 2891 2011 3308 
6734 2710 3044 2991 3237 
6735 1536 1500 1543 3170 
6736 2973 3577 2803 3655 
6737 2880 3079 2795 3552 
6738 1339 2753 419 3812 
6739 2642 3092 2728 3566 
6740 2716 2616 3024 3720 
6741 2767 3108 1584 3276 
6742 1709 3221 3078 3806 
6743 2617 3030 3356 3865 
6744 2804 3025 2857 3862 
6745 2672 3002 2719 3139 
6746 1428 2708 3490 3667 
6747 2608 3129 2766 3473 
6748 2627 3199 3337 3725 
6749 2340 3146 2319 3622 
6750 1756 2951 3164 3859 
6751 2679 3413 3074 3625 
6752 2679 2863 3413 3625 
6753 2617 3457 2724 3676 
6754 2834 2634 3554 3703 
6755 855 3033 2769 3198 
6756 2701 2897 2892 2942 
6757 306 705 2789 3838 
6758 3077 3277 1995 3642 
6759 2679 3329 3074 3413 
6760 1160 2833 1159 3815 
6761 2714 2888 3138 3342 
6762 1130 2447 2970 3137 
6763 2720 3032 372 3381 
6764 1752 1667 2818 3769 
6765 2615 2887 3098 3581 
6766 2794 3296 2822 3736 
6767 2782 3043 2492 3461 
6768 2655 3428 3022 3661 
6769 2761 2873 2622 3310 
6770 2770 3083 2595 3151 
6771 2364 3049 3123 3592 
6772 2604 2796 3165 3336 
6773 3001 3370 2849 3701 
6774 2630 2812 3264 3414 
6775 2625 3091 3067 3173 
6776 2844 2929 2683 3605 
6777 2643 3178 2911 3293 
6778 2100 2183 2978 3308 
6779 1585 2977 2932 3877 
6780 1809 1768 1826 2767 
6781 1480 1476 2917 3278 
6782 2598 2991 3044 3237 
6783 2797 2623 3348 3456 
6784 3100 3122 2863 3625 
6785 2652 2955 3503 3743 
6786 1530 2744 1592 3582 
6787 2734 3418 3114 3441 
6788 2805 3182 3016 3663 
6789 2922 3434 378 3562 
6790 1134 2825 2274 3143 
6791 2626 3175 2778 3552 
6792 3615 3631 2633 3743 
6793 2316 2757 3131 3517 
6794 3009 3283 1784 3608 
6795 1695 1784 3283 3608 
6796 3428 3512 3022 3661 
6797 117 118 3320 3348 
6798 2621 2786 3072 3640 
6799 2955 3615 3503 3743 
6800 2833 2633 3631 3743 
6801 3022 3334 2684 3473 
6802 2620 3432 2909 3762 
6803 1813 1681 1904 2871 
6804 2280 3024 2763 3612 
6805 1504 3019 1832 3276 
6806 2615 2849 3370 3701 
6807 2413 3609 2753 3812 
6808 435 3431 3048 3682 
6809 2756 2877 2632 3249 
6810 2698 3337 3199 3725 
6811 2366 2338 3038 3242 
6812 2315 3372 2724 3714 
6813 3078 3211 2631 3806 
6814 1496 1010 2924 3245 
6815 2820 3481 2619 3482 
6816 1248 2963 1201 3142 
6817 2025 2906 2063 3045 
6818 2664 3286 2990 3783 
6819 2023 2846 2024 3312 
6820 2618 2749 3013 3125 
6821 682 2986 128 3042 
6822 1960 3104 3213 3817 
6823 1795 2816 2815 3255 
6824 795 3500 2801 3538 
6825 3104 3286 2664 3463 
6826 3167 3326 2700 3353 
6827 1288 355 3055 3377 
6828 303 2773 3498 3583 
6829 2611 2726 2900 3180 
6830 1236 2953 2970 3763 
6831 2617 2797 3676 3865 
6832 2849 2637 3153 3232 
6833 140 139 3420 3627 
6834 1421 3462 1412 3834 
6835 2668 2887 3098 3733 
6836 862 2860 3008 3403 
6837 1029 1028 149 2783 
6838 2581 2892 2564 3535 
6839 145 801 146 3173 
6840 2778 2839 2656 3854 
6841 2838 2631 3211 3806 
6842 774 773 775 3629 
6843 1534 2719 356 3477 
6844 2489 2970 2466 3268 
6845 2642 2745 3085 3154 
6846 2601 3223 3311 3548 
6847 1992 2034 2055 2918 
6848 634 2930 637 3313 
6849 216 965 215 2901 
6850 2827 2759 3306 3322 
6851 1173 1174 2759 3194 
6852 115 3166 2739 3851 
6853 3071 3733 3376 3856 
6854 2597 2755 3127 3589 
6855 877 2111 1926 3054 
6856 1759 1666 2911 3331 
6857 1174 1172 1173 2759 
6858 898 2910 2732 3689 
6859 2282 2746 3024 3612 
6860 1093 2696 304 3498 
6861 2891 3503 3256 3550 
6862 130 3413 3122 3468 
6863 834 748 2806 3423 
6864 2657 3045 3077 3303 
6865 2722 3271 3035 3352 
6866 2614 2946 2823 3259 
6867 2769 3318 3088 3739 
6868 2704 2919 2840 3346 
6869 3503 3615 2891 3743 
6870 2683 2929 2844 3460 
6871 1067 1084 1558 3019 
6872 2947 3012 2712 3198 
6873 3125 3462 2895 3721 
6874 2772 3259 2868 3315 
6875 2635 2792 2871 3822 
6876 2716 3145 2544 3684 
6877 2175 2979 1864 3217 
6878 1737 1020 1856 3019 
6879 1891 2850 776 3351 
6880 2618 2904 2788 3013 
6881 2946 3714 2311 3751 
6882 2655 3022 3512 3661 
6883 1093 304 2696 3779 
6884 2606 3167 3212 3789 
6885 2913 3225 2170 3759 
6886 2679 2804 3025 3530 
6887 421 3205 2895 3210 
6888 2795 3147 2880 3552 
6889 1051 2275 1025 3354 
6890 1758 1747 2781 3164 
6891 2770 3151 2595 3265 
6892 1380 1381 2749 3462 
6893 2710 3506 3515 3699 
6894 1439 3231 1462 3488 
6895 2778 3228 2603 3747 
6896 1971 2855 3066 3132 
6897 2576 2701 3021 3613 
6898 2805 2864 2609 3114 
6899 3067 3091 2707 3173 
6900 2614 2823 2946 3567 
6901 2626 2778 2839 3552 
6902 2858 3260 3039 3840 
6903 2030 2187 2885 3229 
6904 2821 3048 2685 3777 
6905 2853 1995 3277 3642 
6906 3105 3339 2699 3791 
6907 1213 1128 2930 2996 
6908 2872 2705 2984 3669 
6909 110 689 133 3831 
6910 2311 2946 3711 3714 
6911 2803 2902 2738 3708 
6912 1901 1629 2830 3218 
6913 366 3369 2965 3691 
6914 2438 2539 2437 3057 
6915 2698 3337 3184 3704 
6916 2626 2839 2778 3234 
6917 1504 1587 1869 3019 
6918 309 3147 2795 3233 
6919 856 3486 2875 3657 
6920 2872 2984 2705 3187 
6921 2124 1892 763 2978 
6922 2695 3127 3427 3572 
6923 2892 2942 987 3186 
6924 3064 3149 302 3498 
6925 2183 2978 2723 3520 
6926 2924 3207 3128 3454 
6927 3130 3188 2876 3771 
6928 2801 3058 2190 3500 
6929 2816 3005 1795 3382 
6930 2766 3206 2739 3637 
6931 2654 2741 3009 3273 
6932 2348 2902 3064 3745 
6933 2757 3311 3131 3484 
6934 2636 2980 2860 3556 
6935 1123 309 2880 3079 
6936 2640 3605 3757 3766 
6937 2414 2989 2520 3123 
6938 2247 3171 2084 3514 
6939 3392 3563 2874 3638 
6940 1815 2943 3575 3773 
6941 789 727 780 3045 
6942 2718 3583 2930 3620 
6943 2819 3679 3008 3692 
6944 2199 3277 3335 3349 
6945 1699 2966 1697 3075 
6946 2604 2775 2995 3795 
6947 1100 3233 3230 3299 
6948 2746 2995 2775 3795 
6949 2647 2734 3182 3237 
6950 1093 303 2696 3498 
6951 2643 2781 3178 3463 
6952 2672 3002 3128 3614 
6953 2067 2066 3059 3677 
6954 2664 3104 2990 3286 
6955 2797 3320 2942 3348 
6956 2624 3496 3248 3526 
6957 2608 3168 2677 3179 
6958 2628 3113 2908 3327 
6959 637 2930 70 3583 
6960 2766 116 3166 3206 
6961 2049 2827 3254 3599 
6962 2766 2739 3166 3637 
6963 302 3064 2325 3149 
6964 705 2789 743 3028 
6965 2887 2658 3153 3581 
6966 844 2717 835 3652 
6967 2697 3441 2912 3588 
6968 302 2773 3064 3498 
6969 2789 2963 2633 3195 
6970 2397 2381 381 3136 
6971 2892 2576 3436 3688 
6972 2120 2819 2121 3093 
6973 2389 3015 2851 3149 
6974 2685 3737 2821 3777 
6975 874 2120 1918 3093 
6976 2795 3233 3147 3559 
6977 3037 3222 3187 3574 
6978 3029 3105 2699 3791 
6979 2631 3211 3085 3593 
6980 1347 1480 1329 2917 
6981 2887 3153 2926 3581 
6982 2618 3125 2895 3721 
6983 1901 1629 1601 2830 
6984 2787 130 3122 3468 
6985 435 434 3048 3431 
6986 2634 2991 2760 3027 
6987 2595 3083 3065 3586 
6988 303 302 3149 3498 
6989 2741 3112 2687 3116 
6990 2655 3166 3433 3637 
6991 2615 3507 2742 3525 
6992 2614 3135 3003 3568 
6993 1011 2818 1045 3859 
6994 2598 3085 3092 3549 
6995 1100 309 3230 3233 
6996 2124 763 726 2978 
6997 2328 2798 2510 3262 
6998 3056 3124 1689 3571 
6999 666 2236 2516 662 
7000 2034 2055 2918 3538 
7001 2652 3503 2891 3743 
7002 2772 2620 3315 3762 
7003 876 1920 935 2898 
7004 1814 1680 1807 2815 
7005 2663 2982 2740 3546 
7006 884 3008 2819 3679 
7007 2679 3060 2863 3228 
7008 1057 3043 2782 3367 
7009 1585 1537 2932 2977 
7010 3000 3474 3359 3804 
7011 2885 701 3383 3803 
7012 2412 2520 3231 3592 
7013 2888 3398 2810 3808 
7014 3047 3061 424 3634 
7015 2810 3398 3097 3808 
7016 2608 2733 3129 3407 
7017 2199 3335 2969 3349 
7018 987 2892 902 2942 
7019 1864 2979 1779 3217 
7020 2997 3312 2023 3697 
7021 2607 2716 2875 3678 
7022 1056 2951 1789 3859 
7023 2853 3277 3077 3642 
7024 863 975 2890 3196 
7025 2794 2849 2958 3232 
7026 2871 2075 3312 3697 
7027 2679 2857 2804 3530 
7028 1989 2887 3058 3086 
7029 2049 2031 2827 3599 
7030 2250 3202 3171 3495 
7031 637 634 70 2930 
7032 2720 3094 2941 3119 
7033 1188 2949 2845 3298 
7034 769 730 2885 3351 
7035 2595 2735 3083 3586 
7036 2103 2881 3234 3858 
7037 1485 1393 3192 3867 
7038 2491 2851 3015 3141 
7039 1495 2932 1537 2977 
7040 1395 3667 3037 3749 
7041 2748 3529 2810 3750 
7042 115 116 2870 3206 
7043 3377 3477 2842 3886 
7044 2390 2482 2268 3531 
7045 2952 3377 2842 3886 
7046 679 2876 143 3130 
7047 2787 3122 3413 3468 
7048 2765 2608 3168 3473 
7049 1089 1013 3010 3354 
7050 2897 2661 3456 3688 
7051 2347 2348 2902 3064 
7052 2886 2660 3352 3761 
7053 2802 3281 1723 3704 
7054 2934 3238 2143 3396 
7055 2092 3086 2918 3732 
7056 843 752 2905 3157 
7057 1592 2744 1586 3767 
7058 1308 1278 1319 2791 
7059 2622 2761 3068 3205 
7060 380 1292 1309 3136 
7061 2739 2766 3166 3206 
7062 3058 3376 2098 3500 
7063 2766 3241 2608 3473 
7064 2197 2041 2119 2843 
7065 898 620 899 3573 
7066 2958 3296 2794 3736 
7067 2821 3048 2848 3431 
7068 3208 3575 2943 3773 
7069 965 215 2901 3031 
7070 381 2851 2397 3136 
7071 2840 2917 2666 3070 
7072 1675 1198 2949 3744 
7073 2409 2544 2716 3145 
7074 2683 2981 2748 3460 
7075 3036 3457 2946 3714 
7076 2900 2976 3391 3791 
7077 2816 3322 3005 3382 
7078 2818 3110 2653 3144 
7079 3022 2608 3473 3705 
7080 1799 2774 3330 3857 
7081 2398 2929 2349 3460 
7082 2778 2656 3228 3747 
7083 3033 3198 997 3419 
7084 1013 1925 3010 3354 
7085 2774 3081 2667 3702 
7086 2760 3092 3085 3549 
7087 3047 3061 2613 3118 
7088 2113 2112 1920 2898 
7089 1695 3050 2741 3283 
7090 381 1323 1292 3136 
7091 1480 1476 1488 2917 
7092 2631 3027 3211 3593 
7093 2250 3171 3006 3495 
7094 3117 3152 1380 3635 
7095 889 3656 2837 3679 
7096 2596 3100 2836 3455 
7097 2621 3066 2855 3132 
7098 1206 3526 1205 3639 
7099 2755 3380 2888 3873 
7100 2632 2756 3151 3265 
7101 2907 3134 969 3248 
7102 2651 3300 3274 3505 
7103 3048 3431 2821 3682 
7104 997 3033 855 3198 
7105 2443 2323 2757 3123 
7106 2802 3014 1725 3410 
7107 2625 3173 3067 3829 
7108 3187 3222 2705 3574 
7109 2672 2764 3002 3139 
7110 2628 2886 2885 3383 
7111 1170 3227 2759 3251 
7112 877 1926 942 3054 
7113 2227 2815 1881 3494 
7114 1530 3087 2744 3582 
7115 105 682 128 3042 
7116 2796 3378 2725 3595 
7117 2658 2979 2887 3153 
7118 2734 2912 2641 3726 
7119 429 1302 2954 3391 
7120 1731 1728 1768 3110 
7121 2534 2143 2475 2934 
7122 2054 2913 2170 3759 
7123 2681 3114 2805 3601 
7124 378 3042 2873 3434 
7125 2771 3428 2655 3661 
7126 1759 3331 2911 3410 
7127 2926 3001 2849 3701 
7128 2387 2363 655 2996 
7129 2840 2919 2704 3289 
7130 2739 3433 3166 3637 
7131 2138 1957 3286 3783 
7132 3110 3144 2818 3606 
7133 2706 2859 3033 3722 
7134 710 751 2806 3157 
7135 2629 3114 2864 3710 
7136 2848 3048 2821 3777 
7137 1058 1052 1089 3010 
7138 2621 2912 3065 3295 
7139 370 2794 369 3563 
7140 3020 3282 2321 3316 
7141 2958 2807 3296 3307 
7142 2879 2626 3124 3404 
7143 2858 2707 3260 3840 
7144 2774 2667 3503 3702 
7145 2470 3015 2803 3141 
7146 3022 3428 2655 3636 
7147 3274 3505 2203 3872 
7148 2109 3274 3300 3505 
7149 2153 2740 2163 2785 
7150 2599 2743 3090 3128 
7151 128 129 2804 3690 
7152 1522 2767 1533 3575 
7153 2707 3067 3173 3829 
7154 2804 128 3025 3258 
7155 2728 3092 2642 3426 
7156 2827 2759 3322 3338 
7157 1555 1496 1010 2924 
7158 359 2758 3051 3169 
7159 2609 2848 2821 3777 
7160 2705 2920 2872 3296 
7161 2617 3030 2733 3206 
7162 1493 3019 3527 3792 
7163 1443 1386 3049 3592 
7164 2690 3056 3147 3175 
7165 2050 1988 2097 2887 
7166 2758 3089 1498 3725 
7167 113 2909 860 3003 
7168 2924 3128 2672 3454 
7169 2760 3374 3340 3846 
7170 2613 2729 3118 3222 
7171 1075 1056 1789 3859 
7172 2695 3427 2983 3572 
7173 2631 3085 3027 3593 
7174 2622 2788 3068 3883 
7175 3035 3352 2660 3761 
7176 369 3563 3392 3638 
7177 2840 2917 1476 3278 
7178 2736 3213 3104 3817 
7179 1051 1025 1052 3354 
7180 863 975 107 2890 
7181 736 738 3060 3727 
7182 2930 2996 637 3313 
7183 1101 2986 1106 3025 
7184 1382 2869 1407 3658 
7185 2248 3520 2079 3820 
7186 2621 2780 3065 3066 
7187 2771 2655 3428 3636 
7188 2741 3437 1695 3608 
7189 1495 1788 2932 2977 
7190 2745 3211 3078 3221 
7191 604 2593 3135 3214 
7192 1493 2924 1061 3792 
7193 652 2953 3341 3343 
7194 1667 2818 1011 3859 
7195 884 3008 885 3246 
7196 2607 2875 2776 3161 
7197 2599 3144 3090 3148 
7198 2749 3101 3013 3125 
7199 1803 1805 1804 3870 
7200 2612 2958 2807 3296 
7201 2611 3340 3374 3846 
7202 2844 2896 2640 3757 
7203 2747 3171 3060 3727 
7204 3100 3412 2703 3618 
7205 2698 2943 3337 3725 
7206 2031 2030 2049 2827 
7207 1493 1558 1570 3019 
7208 2892 2910 2564 3535 
7209 2508 2851 2351 3149 
7210 2969 2654 3283 3349 
7211 2624 3284 2740 3810 
7212 1740 3081 2879 3319 
7213 2510 2798 2442 3262 
7214 1237 2970 1216 3341 
7215 2615 2926 2849 3701 
7216 2683 2844 2829 3438 
7217 2955 3503 2667 3702 
7218 1150 2825 1148 3291 
7219 2822 2705 3296 3528 
7220 2650 2902 2803 3577 
7221 806 2742 3452 3781 
7222 1501 1531 1532 2804 
7223 2490 2817 3176 3372 
7224 705 2789 739 3321 
7225 2734 2647 3182 3601 
7226 1773 3323 1860 3521 
7227 751 710 2806 3420 
7228 1052 1089 3010 3354 
7229 1156 2833 1159 3195 
7230 137 138 3636 3649 
7231 2722 3062 1185 3421 
7232 2320 2282 2367 2746 
7233 2534 2475 2431 2934 
7234 3403 3556 2980 3587 
7235 2735 3225 1966 3718 
7236 1725 1723 2802 3410 
7237 2765 2692 3540 3663 
7238 958 881 959 3198 
7239 303 1232 302 3523 
7240 2670 3224 3151 3249 
7241 2892 3021 2701 3445 
7242 856 952 3486 3657 
7243 655 2996 2363 3268 
7244 3008 3679 2675 3692 
7245 2544 3557 2716 3684 
7246 2638 2746 2903 2995 
7247 1170 2759 1172 3251 
7248 2039 3202 2250 3495 
7249 1428 2976 2708 3209 
7250 2654 2741 3273 3347 
7251 776 2123 722 2850 
7252 1697 1695 3437 3608 
7253 2738 2890 2803 3708 
7254 2747 2657 3045 3443 
7255 1543 3170 354 3579 
7256 2598 2760 2991 3085 
7257 1364 2919 3158 3346 
7258 2869 2964 1407 3658 
7259 2724 2617 3030 3036 
7260 806 788 2742 3781 
7261 2753 3141 3136 3609 
7262 2699 3105 2848 3709 
7263 2633 3743 2723 3820 
7264 1912 2475 2143 2934 
7265 2712 124 3088 3198 
7266 2792 2871 3822 3870 
7267 2820 2648 3242 3692 
7268 2640 3757 2971 3766 
7269 2745 3078 2631 3085 
7270 1333 3047 2895 3462 
7271 1550 2874 1660 3263 
7272 1766 2944 2728 3502 
7273 3026 3031 2740 3546 
7274 2765 2684 3473 3775 
7275 3171 3514 812 3727 
7276 2689 2958 3180 3307 
7277 899 898 621 620 
7278 2624 3248 2988 3526 
7279 2598 2760 3085 3549 
7280 1496 3245 2924 3623 
7281 1391 3121 3363 3681 
7282 1364 3158 3155 3346 
7283 2620 2772 2981 3828 
7284 106 2738 864 3394 
7285 3090 3144 2709 3148 
7286 2887 2979 2668 3153 
7287 2723 3308 2183 3820 
7288 2607 2776 2716 3145 
7289 776 1891 2123 2850 
7290 2888 3380 2714 3873 
7291 2733 3206 3030 3356 
7292 2679 3228 3074 3230 
7293 2654 3273 3004 3347 
7294 2647 2734 3237 3295 
7295 2642 3085 2760 3092 
7296 2652 3359 3000 3474 
7297 2274 2825 1134 3860 
7298 2641 2912 2734 3441 
7299 444 3488 2791 3511 
7300 2731 3117 2808 3177 
7301 2803 3708 2890 3883 
7302 1123 308 309 3079 
7303 2740 3531 3316 3810 
7304 2632 3151 2770 3265 
7305 2916 2983 2695 3427 
7306 2811 3367 2947 3832 
7307 1061 1493 1555 2924 
7308 856 121 2875 3486 
7309 2759 3251 2841 3338 
7310 1713 2754 3323 3521 
7311 2442 2510 2328 2798 
7312 2752 3128 3207 3454 
7313 2761 3042 2956 3210 
7314 2833 3631 1156 3815 
7315 1156 2833 3195 3631 
7316 2814 2999 2727 3212 
7317 2442 3036 2798 3542 
7318 2227 2815 3274 3871 
7319 1699 3075 1697 3437 
7320 2470 3141 2803 3655 
7321 1075 1011 1045 3859 
7322 2963 3838 2789 3861 
7323 1666 2171 2911 3331 
7324 806 2742 788 3450 
7325 1467 1478 2418 2829 
7326 139 3540 2765 3735 
7327 2917 3070 2884 3489 
7328 2792 3442 1804 3870 
7329 303 2996 1232 3523 
7330 2630 3414 2859 3678 
7331 2878 2619 3481 3482 
7332 2765 3540 2894 3735 
7333 3340 3374 2760 3695 
7334 856 952 121 3486 
7335 2714 3380 2888 3809 
7336 2872 2920 2705 3669 
7337 1488 1387 1329 3698 
7338 366 2865 365 3426 
7339 2748 3398 2888 3529 
7340 2275 2492 2782 3043 
7341 1624 3493 1604 3597 
7342 3078 3085 2745 3154 
7343 1727 1826 1768 3208 
7344 2697 3169 3114 3591 
7345 2782 3461 2492 3700 
7346 924 639 651 3580 
7347 2626 2880 2879 3147 
7348 892 3052 1003 3196 
7349 2683 3011 2929 3460 
7350 2872 3187 2605 3269 
7351 2755 2888 3138 3873 
7352 737 3060 3028 3321 
7353 2016 2014 3256 3550 
7354 2762 2604 2923 3212 
7355 2887 2979 2658 3181 
7356 2873 3042 2761 3434 
7357 2851 2922 380 3562 
7358 2642 2728 2987 3566 
7359 2608 3168 3179 3353 
7360 2444 2973 2339 3655 
7361 3188 3270 121 3314 
7362 2043 3178 2911 3331 
7363 2872 2920 2807 3296 
7364 2804 3329 2679 3413 
7365 2609 2864 2805 3663 
7366 2302 3038 2847 3564 
7367 2620 2810 2888 3529 
7368 2832 3500 791 3782 
7369 1245 1819 1127 2816 
7370 439 3055 1301 3260 
7371 1417 3017 2814 3664 
7372 1170 1173 1172 2759 
7373 2383 2777 3304 3819 
7374 2898 3656 973 3679 
7375 2636 3097 3398 3808 
7376 2054 2170 1964 3759 
7377 1159 2833 1156 3815 
7378 1989 3058 2887 3733 
7379 2966 3437 2741 3608 
7380 1530 2744 3087 3767 
7381 1847 2944 1766 3502 
7382 2598 2734 3016 3072 
7383 2913 3151 2670 3759 
7384 2652 3000 3256 3474 
7385 2747 3514 3171 3727 
7386 2349 2398 2478 2929 
7387 2762 2604 3212 3314 
7388 2735 2595 3151 3586 
7389 1288 355 356 3055 
7390 2877 2625 3173 3827 
7391 2286 3136 2851 3141 
7392 3448 3483 3335 3685 
7393 1380 3152 2749 3772 
7394 1368 3082 3155 3749 
7395 2190 2801 2034 3058 
7396 2902 3015 2347 3064 
7397 1357 3326 2884 3734 
7398 2640 3011 2929 3605 
7399 788 3073 2742 3781 
7400 816 2950 3515 3699 
7401 2617 2797 3457 3676 
7402 2654 3009 2741 3283 
7403 2752 3207 1036 3793 
7404 631 3341 61 3343 
7405 2745 3221 1707 3401 
7406 2752 2672 3128 3454 
7407 370 369 2794 3842 
7408 1815 3208 2943 3773 
7409 2691 3289 3129 3427 
7410 2702 3376 3071 3733 
7411 2453 2255 2589 2823 
7412 2613 3187 2729 3222 
7413 2760 2642 3092 3339 
7414 2627 3199 2802 3337 
7415 2969 3267 2654 3335 
7416 953 3008 2860 3784 
7417 2794 3392 369 3563 
7418 2599 3002 2717 3204 
7419 1030 3043 1073 3367 
7420 2711 3004 2853 3273 
7421 1224 3134 1235 3248 
7422 306 307 2789 3028 
7423 1176 1229 2886 3113 
7424 1146 1129 218 2883 
7425 1236 2970 1216 3763 
7426 2007 2839 2010 3162 
7427 1789 1011 1075 3859 
7428 2054 1964 3034 3759 
7429 807 3224 2756 3290 
7430 2749 3462 3125 3721 
7431 664 2730 2169 3459 
7432 1758 1730 1747 3164 
7433 2616 2935 2791 3511 
7434 929 661 72 3449 
7435 2842 3270 2649 3378 
7436 307 1141 306 2789 
7437 2706 3419 3010 3722 
7438 2892 3436 2897 3688 
7439 310 3147 3233 3424 
7440 2594 912 622 3647 
7441 2875 3318 2775 3881 
7442 2811 2630 3043 3367 
7443 2875 3318 2769 3678 
7444 2327 2348 3064 3745 
7445 2352 2470 3015 3577 
7446 1390 1389 1386 3336 
7447 2734 2641 3072 3726 
7448 1680 1824 2871 3382 
7449 889 973 3656 3679 
7450 3008 3403 2860 3429 
7451 1596 2908 1650 3387 
7452 1328 1394 1438 3766 
7453 2619 2820 3304 3481 
7454 2742 3073 788 3450 
7455 2599 3002 3204 3226 
7456 2642 3085 2745 3593 
7457 2772 3315 2868 3762 
7458 144 679 143 3130 
7459 2706 3288 3010 3419 
7460 2509 3259 2331 3309 
7461 148 2783 2972 3579 
7462 1699 1700 1697 2966 
7463 2872 2984 2920 3669 
7464 1517 3108 2743 3235 
7465 2717 3204 3002 3226 
7466 2766 3206 2733 3356 
7467 2735 2595 3083 3151 
7468 630 3395 67 3728 
7469 2617 3030 3206 3356 
7470 2053 2921 3185 3644 
7471 310 3124 3147 3424 
7472 2746 3720 3165 3795 
7473 835 799 800 3059 
7474 2716 3318 2875 3678 
7475 1235 3248 3134 3496 
7476 2649 3270 3188 3314 
7477 1112 3230 2857 3299 
7478 1358 3326 3040 3658 
7479 2709 3189 3366 3654 
7480 2765 3105 2692 3663 
7481 2651 2830 3300 3505 
7482 134 2984 2872 3269 
7483 1800 1798 3330 3536 
7484 3407 3509 2964 3519 
7485 124 125 3357 3579 
7486 2807 2958 3370 3844 
7487 1759 1758 1823 3331 
7488 1809 3276 2767 3773 
7489 2663 2907 2825 3134 
7490 799 3059 835 3677 
7491 2747 3202 2084 3448 
7492 2502 2317 3131 3517 
7493 1660 2874 1550 3266 
7494 2685 3672 3737 3777 
7495 978 3052 2854 3054 
7496 3136 3141 2286 3609 
7497 2984 3342 699 3831 
7498 2324 3038 3564 3847 
7499 2301 2302 2847 3564 
7500 1998 1995 3077 3277 
7501 2884 3070 2686 3223 
7502 2961 3234 2881 3858 
7503 1170 1173 2759 3227 
7504 1864 1779 1776 3217 
7505 1197 2880 309 3147 
7506 1800 1799 2774 3330 
7507 2743 3235 3128 3614 
7508 2817 3311 3223 3548 
7509 2802 1723 3337 3704 
7510 2328 2442 2798 3542 
7511 2820 3242 2934 3692 
7512 2617 2946 2772 3751 
7513 956 3320 2897 3362 
7514 2899 3611 2114 3723 
7515 2867 2962 2694 3453 
7516 2913 3249 3151 3759 
7517 2649 3055 2842 3378 
7518 2811 2630 3367 3832 
7519 705 743 2789 3321 
7520 2604 2762 2995 3314 
7521 145 680 122 3188 
7522 2920 3296 2705 3528 
7523 2633 2833 2963 3743 
7524 699 2984 111 3342 
7525 1132 1222 1259 2751 
7526 928 2718 964 3371 
7527 1452 2994 2835 3447 
7528 2837 3403 3008 3429 
7529 1924 3425 2154 3719 
7530 2764 3220 2672 3793 
7531 1466 1387 1488 3698 
7532 2726 3391 2954 3569 
7533 1789 2951 1687 3859 
7534 2706 2782 3140 3700 
7535 2729 2613 3118 3285 
7536 855 123 124 2769 
7537 779 781 2906 3539 
7538 2885 3229 2187 3351 
7539 632 2466 642 2970 
7540 355 3477 3170 3607 
7541 2712 2769 3739 3832 
7542 1139 1213 2930 3763 
7543 1319 1278 351 3543 
7544 123 124 2769 3088 
7545 2496 2274 2825 3810 
7546 2914 2991 2710 3408 
7547 377 3042 2761 3210 
7548 2092 1992 2918 3086 
7549 2758 2925 2625 3823 
7550 2914 2936 2631 3203 
7551 2836 2596 3112 3347 
7552 2657 3100 3004 3302 
7553 965 2901 216 3464 
7554 2749 3117 2678 3152 
7555 2683 3011 2748 3529 
7556 729 2945 794 3059 
7557 3040 2700 3326 3353 
7558 1759 1823 1666 3331 
7559 148 3170 2783 3579 
7560 2827 3322 3046 3338 
7561 1852 2965 3401 3691 
7562 2664 3144 2818 3716 
7563 2769 3415 2875 3678 
7564 2919 3158 2704 3427 
7565 3062 3271 2639 3696 
7566 710 2905 3157 3540 
7567 2834 2991 2914 3408 
7568 890 892 1003 3196 
7569 2638 2903 2746 3261 
7570 2634 2760 2991 3044 
7571 2598 2991 2760 3044 
7572 2804 2857 2679 3329 
7573 3126 3181 2087 3551 
7574 1194 3227 3005 3624 
7575 2816 2815 3322 3382 
7576 2989 3165 2715 3406 
7577 444 1308 1319 2791 
7578 134 2920 2872 2984 
7579 3065 3083 2735 3586 
7580 2724 3457 3036 3714 
7581 377 2956 3042 3210 
7582 2916 2695 3158 3427 
7583 2657 2747 3236 3443 
7584 1057 1058 1085 3367 
7585 2831 2948 2693 3359 
7586 1428 3209 2708 3667 
7587 2720 3116 2793 3381 
7588 1458 2808 3121 3869 
7589 2757 3484 3131 3517 
7590 2155 3250 2730 3816 
7591 110 3095 2860 3342 
7592 3129 3473 2608 3705 
7593 2617 2733 3163 3637 
7594 2702 3211 3071 3760 
7595 145 2842 680 3188 
7596 1700 2966 1699 3075 
7597 351 3174 3012 3543 
7598 2820 2819 3692 3855 
7599 2662 3332 2985 3385 
7600 2621 2786 3416 3726 
7601 3285 3561 2808 3834 
7602 2703 3458 2787 3618 
7603 2398 2498 2500 3460 
7604 2546 2410 2517 2878 
7605 2974 3639 1222 3645 
7606 1829 2977 1694 3628 
7607 2863 3228 3060 3236 
7608 2604 2995 2775 3314 
7609 1193 3005 2816 3624 
7610 2712 3357 3012 3543 
7611 1037 3275 2752 3793 
7612 1425 3125 2749 3462 
7613 1971 1991 2855 3132 
7614 1773 1860 2936 3521 
7615 2700 3040 2869 3353 
7616 1818 1675 1198 2949 
7617 2657 2747 3045 3303 
7618 2513 3049 2364 3592 
7619 2608 3334 3168 3353 
7620 2728 2944 1766 3501 
7621 2100 2038 2948 2978 
7622 2670 3249 2913 3875 
7623 3261 3301 3021 3848 
7624 2389 2491 2851 3015 
7625 2309 3259 2946 3751 
7626 2617 2739 3206 3637 
7627 2837 3656 2898 3679 
7628 809 786 2801 3833 
7629 2841 2660 3251 3421 
7630 876 2122 2898 3093 
7631 705 743 306 3028 
7632 2696 3149 1093 3604 
7633 2637 2926 2849 3153 
7634 2439 2357 2511 2823 
7635 2803 3015 2902 3708 
7636 938 67 3395 3728 
7637 2641 2912 3441 3588 
7638 2490 3176 2817 3674 
7639 2715 3336 3165 3888 
7640 2443 2414 2323 3123 
7641 2722 2831 3271 3476 
7642 2643 3366 3189 3654 
7643 2642 2987 2728 3426 
7644 2850 3271 2831 3476 
7645 2900 2954 2726 3391 
7646 2771 2646 3180 3428 
7647 1870 3502 2728 3566 
7648 2486 1222 2273 2751 
7649 303 2996 2773 3583 
7650 2724 3176 3030 3548 
7651 2176 1921 3288 3756 
7652 1056 1687 1789 2951 
7653 2636 2860 2847 3453 
7654 2820 2619 2967 3482 
7655 1372 1373 3082 3561 
7656 3383 3405 2886 3803 
7657 792 3450 2832 3480 
7658 1210 3526 2624 3639 
7659 637 2996 2930 3583 
7660 2614 2868 2772 3259 
7661 1319 351 2935 3543 
7662 2155 2730 1952 3816 
7663 751 834 2806 3699 
7664 2893 2964 1407 3785 
7665 1213 3313 2930 3763 
7666 2840 3278 1464 3346 
7667 2618 2980 2904 3533 
7668 3316 3531 2458 3810 
7669 2659 2803 2973 3497 
7670 2861 2946 3457 3714 
7671 2282 3024 2746 3557 
7672 2894 3428 3022 3636 
7673 2917 3070 2840 3332 
7674 2776 2875 2716 3487 
7675 2339 3564 3159 3655 
7676 2839 2633 3162 3615 
7677 2260 1462 3231 3488 
7678 2944 3492 3133 3501 
7679 719 2181 796 2913 
7680 1596 1152 2908 3387 
7681 2513 2364 2540 3592 
7682 1169 3069 2841 3696 
7683 2417 2811 2261 3522 
7684 996 3343 921 3580 
7685 867 2957 3150 3689 
7686 2685 3334 2869 3353 
7687 1439 2763 444 3888 
7688 2258 2500 2829 2844 
7689 2001 3335 3448 3483 
7690 1515 3392 2874 3638 
7691 2634 2832 3480 3554 
7692 110 3342 2860 3556 
7693 2690 3056 3124 3147 
7694 2638 3261 3021 3848 
7695 1692 2828 3571 3628 
7696 2848 2928 2821 3431 
7697 874 2819 883 3197 
7698 2953 3343 652 3580 
7699 2808 3117 2731 3834 
7700 1984 3376 3733 3856 
7701 438 437 2858 3039 
7702 873 2967 2126 3197 
7703 1523 1584 3108 3276 
7704 1692 1693 1691 2828 
7705 2626 2879 3124 3147 
7706 215 1004 3350 3621 
7707 2423 3422 3152 3772 
7708 1171 1168 3251 3421 
7709 894 2967 2737 3417 
7710 780 779 781 2906 
7711 115 3397 114 3851 
7712 2634 3027 2760 3695 
7713 1408 3509 3209 3802 
7714 701 3405 3383 3803 
7715 2891 3256 2014 3550 
7716 2624 3496 1210 3639 
7717 3239 3275 2669 3294 
7718 2109 3300 2830 3505 
7719 2915 3065 2912 3295 
7720 2724 2817 3176 3548 
7721 2619 2878 3214 3482 
7722 1268 2848 1303 3431 
7723 1903 2038 2978 3600 
7724 1464 1475 2840 3346 
7725 2664 3215 3144 3716 
7726 2748 3622 3398 3650 
7727 1358 3252 1357 3326 
7728 2478 2929 2896 3738 
7729 2771 3305 2646 3428 
7730 3266 3401 2682 3691 
7731 2699 3216 3016 3709 
7732 2665 3223 2727 3537 
7733 3081 3602 2667 3702 
7734 2191 1971 1991 2855 
7735 2818 3388 2664 3716 
7736 2772 2620 2981 3315 
7737 1188 2845 2949 3553 
7738 2231 1080 838 2945 
7739 2942 3348 2623 3456 
7740 2839 3162 3584 3615 
7741 795 809 2801 3500 
7742 2071 3185 2937 3644 
7743 2771 3180 2646 3307 
7744 2962 3003 3547 3568 
7745 2617 3432 2739 3828 
7746 2617 3206 2733 3637 
7747 2496 2536 2274 3810 
7748 2275 2469 1025 3354 
7749 3012 3357 125 3579 
7750 2747 3060 2656 3747 
7751 2955 2667 3602 3702 
7752 1823 2131 1882 3331 
7753 2080 2936 3384 3788 
7754 2886 3761 3352 3803 
7755 2605 3269 3187 3873 
7756 2810 3097 2298 3103 
7757 2277 3024 2279 3390 
7758 2954 3392 2794 3569 
7759 2431 2934 2430 3238 
7760 442 2796 1454 3511 
7761 1920 2112 2111 2854 
7762 66 629 2785 2988 
7763 2682 3232 2862 3373 
7764 2352 3015 2902 3577 
7765 2304 2868 2331 3259 
7766 2902 3648 2738 3708 
7767 2888 3380 2755 3529 
7768 2812 3739 2769 3832 
7769 2640 3127 3082 3172 
7770 820 2885 701 3383 
7771 2036 2206 2843 3495 
7772 1176 1226 1229 3113 
7773 2298 2810 2297 3097 
7774 1660 2874 1827 3263 
7775 720 2110 744 2937 
7776 2680 3474 3000 3804 
7777 2672 2719 3235 3607 
7778 2822 2794 3736 3842 
7779 2647 3185 3237 3506 
7780 1029 2783 149 3324 
7781 946 2967 894 3417 
7782 2688 3132 2992 3470 
7783 2925 3265 2625 3823 
7784 2933 2944 2641 3133 
7785 2720 2793 3116 3412 
7786 2053 3185 2921 3506 
7787 2758 2625 3265 3823 
7788 2636 2790 2980 3556 
7789 2619 3214 2967 3482 
7790 2709 3110 3144 3864 
7791 883 2819 884 3246 
7792 2926 3153 2658 3581 
7793 2897 2942 2701 3456 
7794 2709 3148 2781 3189 
7795 915 916 2988 3026 
7796 2662 2840 3070 3332 
7797 1860 3323 1735 3384 
7798 2702 3098 3058 3733 
7799 2615 2918 3086 3701 
7800 2690 3233 3076 3559 
7801 2722 2639 3062 3271 
7802 1713 3323 2754 3566 
7803 2729 2808 3285 3561 
7804 2896 2929 2678 3738 
7805 776 722 829 2850 
7806 1792 3255 2975 3712 
7807 1439 444 1338 3888 
7808 2104 3240 2850 3758 
7809 956 3320 3362 3364 
7810 2566 2575 3613 3688 
7811 310 1197 309 3147 
7812 310 2879 1144 3602 
7813 1400 3667 1395 3749 
7814 2725 3270 2842 3378 
7815 3430 3601 3297 3807 
7816 1240 2813 3113 3194 
7817 2894 3105 2765 3775 
7818 3075 2874 3563 3638 
7819 2634 3480 2950 3554 
7820 2781 2643 3178 3331 
7821 1740 3081 3319 3536 
7822 2820 3692 2934 3855 
7823 2621 2912 3295 3726 
7824 2843 3520 2041 3820 
7825 2907 3031 850 3464 
7826 2313 3176 3036 3714 
7827 2613 3118 3061 3222 
7828 2655 2766 3129 3473 
7829 2886 3352 2660 3803 
7830 2806 3044 2710 3237 
7831 364 3216 3426 3619 
7832 2713 3267 2969 3335 
7833 2741 3050 1695 3437 
7834 1617 2813 1618 3327 
7835 701 2885 820 3803 
7836 740 3838 2963 3861 
7837 2735 3178 3034 3375 
7838 2633 2963 2833 3195 
7839 2016 2856 2047 3550 
7840 3380 3529 2888 3809 
7841 2796 2814 3466 3818 
7842 2697 3114 2925 3418 
7843 2422 2356 2423 3422 
7844 2698 3184 3386 3704 
7845 433 2848 1303 3619 
7846 877 978 2854 3054 
7847 2695 3155 3082 3749 
7848 2690 3233 3147 3424 
7849 2641 3133 2944 3492 
7850 2383 3304 2777 3309 
7851 2791 3390 2763 3488 
7852 3160 3757 3605 3766 
7853 2614 2909 2868 3568 
7854 3265 2925 3565 3823 
7855 2618 3068 2895 3205 
7856 2665 2727 3223 3686 
7857 1486 1394 1328 3766 
7858 1301 1287 1311 3260 
7859 1622 3120 2813 3493 
7860 2091 2010 2839 3247 
7861 368 3392 2954 3569 
7862 1936 215 1919 2901 
7863 2705 3528 3115 3669 
7864 2627 3337 2943 3725 
7865 2183 3520 2723 3820 
7866 924 3111 639 3580 
7867 884 2819 3093 3679 
7868 2632 2770 3204 3226 
7869 3006 3171 734 3321 
7870 3070 3223 2884 3489 
7871 985 2930 1212 3620 
7872 1068 3174 1577 3522 
7873 2617 3206 2797 3356 
7874 904 2732 898 2910 
7875 2679 3530 3025 3666 
7876 2753 2922 419 3136 
7877 1168 1170 1171 3251 
7878 1165 2845 3069 3696 
7879 1414 3040 2869 3658 
7880 1774 3221 1709 3806 
7881 2640 2704 3127 3605 
7882 2603 2836 3076 3267 
7883 2624 3496 3143 3810 
7884 2892 2897 2701 3688 
7885 2631 2914 2834 2991 
7886 1990 1988 1989 2887 
7887 2010 3162 2839 3247 
7888 2726 2900 2865 3791 
7889 2767 3276 1584 3773 
7890 2651 3300 3306 3322 
7891 2709 2781 3148 3164 
7892 1106 2986 1575 3025 
7893 2973 2358 3564 3847 
7894 1288 3055 1301 3377 
7895 2617 2733 3030 3163 
7896 736 734 3171 3321 
7897 118 3348 117 3675 
7898 1368 3409 3082 3749 
7899 2119 2843 2206 3006 
7900 958 3198 959 3419 
7901 123 3270 3088 3881 
7902 130 3468 2787 3641 
7903 2715 1390 3336 3888 
7904 1240 3113 2813 3327 
7905 1496 2924 1538 3623 
7906 1242 1126 1184 3193 
7907 2636 3342 2790 3556 
7908 2625 2925 2758 3067 
7909 2690 3147 3124 3424 
7910 3041 3064 2610 3745 
7911 2841 3251 2660 3338 
7912 2944 3216 2728 3502 
7913 1185 3062 2722 3193 
7914 1665 1883 2096 2855 
7915 629 2988 2779 3379 
7916 2692 3044 2905 3540 
7917 2060 2246 2177 3107 
7918 965 3031 2901 3464 
7919 137 677 114 3166 
7920 2623 3676 3096 3865 
7921 2689 2958 3307 3844 
7922 1843 1816 1665 2855 
7923 2014 3256 2891 3308 
7924 303 2773 2996 3523 
7925 117 2797 3320 3707 
7926 1766 1870 2728 3566 
7927 2616 3390 2812 3684 
7928 2684 2765 3105 3775 
7929 1908 2125 769 3351 
7930 2713 3483 3335 3516 
7931 372 3094 373 3458 
7932 2638 2903 3261 3848 
7933 2227 2101 2102 3274 
7934 855 2769 124 3198 
7935 2604 3165 2989 3406 
7936 2589 2823 2255 3510 
7937 2633 3247 3743 3820 
7938 2665 3537 2727 3686 
7939 2060 2170 2913 3225 
7940 2981 3438 2354 3460 
7941 2627 2802 3014 3337 
7942 2621 2786 2992 3416 
7943 938 59 67 3728 
7944 2852 3419 2630 3722 
7945 1963 2889 2059 3253 
7946 2740 2982 3316 3531 
7947 2763 2715 3165 3888 
7948 1154 3113 1240 3327 
7949 2818 2653 3110 3769 
7950 2598 3044 2760 3549 
7951 2357 2511 2823 3510 
7952 2116 1914 2244 2800 
7953 1816 1883 2855 3109 
7954 2958 2849 3370 3844 
7955 1694 1829 1783 2977 
7956 2067 3059 2066 3213 
7957 3135 3368 2614 3499 
7958 2848 3709 3105 3777 
7959 787 3073 2768 3833 
7960 2759 3227 2841 3251 
7961 1999 1997 2093 3303 
7962 2712 2769 3088 3739 
7963 2653 3128 2924 3207 
7964 3112 3273 2741 3347 
7965 1170 2841 1169 3227 
7966 2869 3040 2700 3658 
7967 2708 3512 3428 3661 
7968 810 3249 2913 3253 
7969 307 3079 2789 3885 
7970 2640 2929 2844 3605 
7971 1534 2719 3477 3607 
7972 2717 3002 2877 3226 
7973 2705 3222 3061 3799 
7974 2123 722 2850 3600 
7975 2876 3188 121 3314 
7976 3076 3267 2836 3347 
7977 3420 3540 2692 3663 
7978 845 3476 767 3629 
7979 2668 3071 3217 3733 
7980 3092 3339 2642 3426 
7981 929 2940 661 3449 
7982 2734 2912 3072 3295 
7983 2144 2517 2343 2878 
7984 2328 2308 2442 3542 
7985 2769 3088 124 3198 
7986 1717 2826 1719 3416 
7987 2793 3563 2794 3717 
7988 2764 3275 3239 3294 
7989 421 2895 422 3210 
7990 2621 2855 3066 3687 
7991 795 2058 3500 3538 
7992 444 2763 1439 3488 
7993 2490 3176 2315 3372 
7994 2043 3178 1967 3293 
7995 1141 2789 3195 3838 
7996 2357 2823 3259 3510 
7997 2807 3307 2958 3844 
7998 2695 3082 3127 3172 
7999 2130 2866 1600 3218 
8000 1828 2874 1660 3266 
8001 2389 2508 2351 3149 
8002 2438 3057 2437 3711 
8003 1046 1011 1076 3389 
8004 829 3352 2850 3476 
8005 2853 2711 3273 3581 
8006 2813 2830 2651 3120 
8007 2895 3047 2731 3462 
8008 2721 3146 2318 3422 
8009 2312 3711 2861 3714 
8010 2310 2311 3714 3751 
8011 2701 2897 3456 3688 
8012 2187 1908 2885 3351 
8013 2813 3327 2628 3741 
8014 2727 2814 3212 3686 
8015 818 3028 737 3060 
8016 3013 3101 2753 3125 
8017 2304 2331 2435 3259 
8018 2652 2833 2955 3743 
8019 1828 3266 1704 3373 
8020 2857 3025 2804 3530 
8021 2561 58 2253 617 
8022 2312 2311 3711 3714 
8023 1458 3121 2808 3635 
8024 3270 3318 3088 3881 
8025 1897 2950 3515 3782 
8026 1119 1818 1198 2949 
8027 2971 3082 2640 3155 
8028 921 3343 2953 3580 
8029 306 2789 1141 3838 
8030 1965 1967 3178 3293 
8031 1998 2853 1995 3277 
8032 2602 3529 3380 3809 
8033 2306 3315 2772 3542 
8034 3057 3456 2661 3688 
8035 112 3138 2714 3269 
8036 2783 3220 1079 3879 
8037 2664 3388 3215 3716 
8038 2611 2760 3340 3846 
8039 3059 3213 2067 3764 
8040 2274 2496 2825 3860 
8041 2933 3133 2641 3588 
8042 372 3032 371 3381 
8043 3246 3692 2648 3835 
8044 2666 3278 2840 3289 
8045 1839 2931 3255 3712 
8046 3144 3148 2664 3164 
8047 1079 2783 1029 3220 
8048 1477 1394 1486 3766 
8049 2316 3131 2757 3372 
8050 3072 3182 2734 3237 
8051 2831 3359 2639 3845 
8052 2052 3234 2961 3858 
8053 2993 3001 2703 3596 
8054 2819 3692 3246 3835 
8055 307 2789 3028 3885 
8056 1724 3208 3014 3337 
8057 3009 3283 2654 3349 
8058 2778 3234 2839 3854 
8059 3359 3474 2845 3804 
8060 3006 2656 3171 3321 
8061 3057 3456 3219 3711 
8062 2721 3422 2318 3811 
8063 3053 3127 3605 3843 
8064 860 3003 2909 3397 
8065 2703 3458 3618 3770 
8066 2869 3040 2685 3353 
8067 2799 3295 2621 3780 
8068 2091 3247 2839 3495 
8069 3589 3605 3127 3843 
8070 355 356 3055 3477 
8071 2779 3341 3243 3343 
8072 421 3205 3210 3434 
8073 2084 3171 2040 3202 
8074 1522 1520 1517 3108 
8075 3055 3377 2842 3378 
8076 820 2885 3383 3694 
8077 2649 3188 2876 3314 
8078 2282 2746 2320 3557 
8079 2837 3008 2675 3429 
8080 2670 3224 3249 3875 
8081 2849 3232 2794 3446 
8082 2799 3132 2621 3640 
8083 1814 2815 1793 3255 
8084 1732 1777 2965 3154 
8085 2613 2729 3187 3285 
8086 1216 2970 1214 3763 
8087 1628 1624 1604 3597 
8088 953 3246 3008 3784 
8089 1468 2896 2844 3757 
8090 1999 3335 2784 3448 
8091 370 3563 369 3638 
8092 3010 3419 2852 3722 
8093 1493 3527 2924 3792 
8094 2796 3511 2935 3662 
8095 2970 3313 1214 3763 
8096 2596 2836 3112 3455 
8097 356 3260 3055 3829 
8098 2684 3105 2765 3777 
8099 187 2908 1152 3387 
8100 2859 3145 2405 3626 
8101 1185 3193 2722 3629 
8102 1476 2917 2840 3332 
8103 2619 2737 2967 3214 
8104 2782 2706 3140 3630 
8105 769 2125 730 3351 
8106 1439 2763 3231 3488 
8107 1058 1057 1052 2782 
8108 1497 1097 2857 3299 
8109 2900 3180 2646 3428 
8110 1421 1333 1412 3462 
8111 2799 3470 3132 3640 
8112 2625 3257 2758 3265 
8113 3091 3173 2625 3827 
8114 2163 2208 3026 3546 
8115 2331 3259 2868 3309 
8116 2003 2001 3448 3483 
8117 2079 2183 3308 3820 
8118 1425 3101 2749 3125 
8119 2595 3083 2770 3199 
8120 2605 3037 2729 3187 
8121 1112 1100 3230 3299 
8122 1169 2841 3069 3610 
8123 1234 2996 1213 3313 
8124 2624 1210 3496 3526 
8125 2103 3234 2052 3858 
8126 2405 3145 2859 3414 
8127 2111 2854 2118 3054 
8128 1361 3698 2994 3734 
8129 2025 2062 2063 2906 
8130 2616 3088 3318 3739 
8131 2206 3006 2843 3495 
8132 1735 3323 2992 3384 
8133 2598 3182 3072 3237 
8134 2628 2886 3383 3405 
8135 1409 3509 1408 3802 
8136 761 811 716 3653 
8137 1934 2147 2967 3214 
8138 2316 2443 2757 3517 
8139 2732 2910 904 3657 
8140 3134 3248 2907 3496 
8141 2607 2875 3161 3657 
8142 2078 3254 3218 3599 
8143 2728 3492 2944 3501 
8144 736 812 738 3727 
8145 1582 2986 1103 3402 
8146 1458 2808 1376 3635 
8147 2628 3218 3306 3741 
8148 790 3515 2950 3782 
8149 2714 3138 2888 3873 
8150 3418 3565 2925 3823 
8151 2968 3047 424 3634 
8152 1650 1596 1645 2908 
8153 2840 3332 2662 3668 
8154 2617 3206 2739 3432 
8155 1133 3702 3081 3857 
8156 2721 3177 2749 3721 
8157 1504 1832 1552 3276 
8158 3288 3756 2957 3801 
8159 218 2883 1129 3134 
8160 2926 3098 2849 3153 
8161 2612 2920 2807 2993 
8162 867 905 2957 3689 
8163 2645 2787 3122 3413 
8164 2645 3074 3329 3413 
8165 2760 3695 3374 3846 
8166 2260 1462 2476 3231 
8167 1692 2828 1691 3571 
8168 2323 3372 2757 3786 
8169 2705 3115 3061 3669 
8170 1490 1517 3080 3235 
8171 2278 2791 3355 3541 
8172 2075 2023 3312 3697 
8173 950 974 3362 3436 
8174 2879 2880 2626 3584 
8175 2997 3822 2871 3870 
8176 1705 1707 3221 3401 
8177 1169 1166 3069 3696 
8178 664 1910 2169 2730 
8179 3248 3496 1210 3526 
8180 2008 2007 3162 3234 
8181 2008 2007 2009 3162 
8182 2609 2864 3663 3672 
8183 2902 2610 3064 3745 
8184 2625 3226 2877 3614 
8185 106 3310 2738 3394 
8186 964 2927 2718 3620 
8187 2329 2520 2989 3612 
8188 1605 2167 3505 3570 
8189 2981 3007 2798 3843 
8190 807 3224 3290 3807 
8191 2709 3148 3144 3164 
8192 2521 2835 3345 3674 
8193 3058 3098 2887 3733 
8194 2731 2895 3462 3721 
8195 2635 3005 3322 3382 
8196 2413 3013 2346 3101 
8197 895 3547 2967 3835 
8198 2761 3205 2922 3434 
8199 3036 3714 2946 3751 
8200 2865 2699 3339 3791 
8201 2782 3700 2706 3722 
8202 2620 2888 2810 3762 
8203 1376 3117 2808 3834 
8204 2860 2980 2659 3403 
8205 2714 3187 3269 3873 
8206 2959 3297 3601 3807 
8207 740 2963 3653 3861 
8208 2598 2734 3072 3182 
8209 1170 1168 1169 2841 
8210 1373 1376 2808 3834 
8211 2704 3160 3605 3766 
8212 1431 3048 2869 3682 
8213 973 3093 2898 3679 
8214 2599 3148 3090 3654 
8215 1617 1597 1124 3327 
8216 1534 3235 2719 3607 
8217 2701 3613 2576 3688 
8218 1410 1408 3209 3802 
8219 3003 3135 2614 3499 
8220 3072 3295 2912 3726 
8221 2721 3177 3146 3422 
8222 3037 3572 2916 3853 
8223 363 3216 2944 3502 
8224 2020 3335 3483 3516 
8225 3030 3036 2617 3880 
8226 2771 3636 2809 3661 
8227 2616 3024 3390 3684 
8228 2968 3061 424 3465 
8229 2085 1995 1998 2853 
8230 1671 1684 2879 3124 
8231 1734 2944 3133 3501 
8232 2691 3129 2983 3427 
8233 2865 3029 2699 3791 
8234 938 3026 2988 3395 
8235 2666 2919 3278 3289 
8236 2947 3367 2630 3832 
8237 2978 3399 765 3600 
8238 1555 1538 1496 2924 
8239 2808 3117 1376 3635 
8240 2653 3144 3110 3864 
8241 639 3111 924 3545 
8242 2832 3554 2634 3703 
8243 2962 3547 3003 3603 
8244 2763 3390 3024 3488 
8245 2769 3033 855 3881 
8246 2092 1993 3086 3732 
8247 1266 367 2954 3391 
8248 2654 3267 2969 3365 
8249 2003 3448 2778 3483 
8250 2865 2900 2726 3391 
8251 2642 3154 2754 3566 
8252 2768 3001 2993 3596 
8253 2799 3237 3185 3506 
8254 135 134 2872 3269 
8255 867 2957 2172 3150 
8256 2933 3051 2697 3591 
8257 2830 3306 3218 3741 
8258 129 3258 2804 3468 
8259 791 2832 792 3500 
8260 2858 3039 2629 3840 
8261 2618 3013 2753 3125 
8262 354 3170 355 3886 
8263 1474 1478 2829 3160 
8264 2711 2918 2768 3701 
8265 129 2804 3413 3468 
8266 838 793 2231 2945 
8267 914 2907 916 3026 
8268 1390 3231 2715 3592 
8269 1561 3357 3012 3579 
8270 2885 3383 2886 3803 
8271 2170 2054 2060 2913 
8272 2318 3146 2721 3622 
8273 1493 3019 1570 3527 
8274 2748 3622 2340 3750 
8275 807 846 2756 3224 
8276 2566 3613 3057 3688 
8277 1681 2871 1803 3183 
8278 3374 3540 2905 3649 
8279 2025 2062 2906 3732 
8280 2216 727 2906 3825 
8281 2715 3231 1390 3888 
8282 1680 1824 1813 2871 
8283 2840 2662 3070 3729 
8284 2747 2084 3303 3448 
8285 2839 3162 2007 3234 
8286 2318 3622 2721 3811 
8287 2704 3158 3155 3427 
8288 2585 2892 2576 3436 
8289 2791 2935 2616 3739 
8290 2632 2913 3249 3253 
8291 368 1297 1266 2954 
8292 2875 3415 2607 3678 
8293 3035 3251 2660 3421 
8294 2122 2148 2898 3093 
8295 2609 2928 2848 3709 
8296 2014 2015 3256 3308 
8297 1691 1808 2828 3283 
8298 1809 2767 1826 3773 
8299 2755 3138 2888 3724 
8300 2707 3055 2858 3260 
8301 2685 3048 2821 3682 
8302 1632 1600 2130 2866 
8303 2845 3102 1162 3298 
8304 1901 1600 1629 3218 
8305 1828 1744 1704 3266 
8306 2599 3128 3002 3614 
8307 2706 3033 2859 3555 
8308 1585 3119 2977 3877 
8309 3212 3314 2604 3466 
8310 2766 3129 2733 3637 
8311 2664 2818 3144 3164 
8312 1750 2881 1878 3404 
8313 2614 2777 3259 3510 
8314 2186 791 3500 3782 
8315 2659 3655 2803 3883 
8316 2651 2830 2813 3306 
8317 2985 3332 1472 3385 
8318 2075 2871 2136 3183 
8319 981 1135 2953 3243 
8320 689 3556 2998 3831 
8321 2247 2040 2084 3171 
8322 2840 3053 2662 3729 
8323 2308 3036 2442 3542 
8324 2346 3101 3013 3422 
8325 2630 3264 2859 3414 
8326 358 359 3039 3169 
8327 2065 2781 2213 3286 
8328 2962 3568 2619 3576 
8329 2498 3438 2500 3460 
8330 2695 2916 3037 3572 
8331 3014 3189 1725 3410 
8332 2824 2614 3368 3499 
8333 2866 3218 2130 3254 
8334 2968 424 3061 3634 
8335 732 3324 3139 3652 
8336 1227 3243 2974 3341 
8337 604 605 2593 3214 
8338 2869 1407 2964 3785 
8339 1691 2828 1693 3283 
8340 2887 3086 1990 3181 
8341 1172 2759 3113 3251 
8342 2724 3131 3311 3676 
8343 2387 2480 2363 2996 
8344 1405 3409 3222 3561 
8345 2916 3572 2983 3853 
8346 2632 3249 3099 3253 
8347 860 2909 114 3397 
8348 2810 3622 2748 3750 
8349 2765 2684 3334 3473 
8350 2620 2981 3007 3828 
8351 1313 3619 1273 3814 
8352 1786 1698 1785 3283 
8353 2762 2923 2604 3484 
8354 2724 3676 3457 3714 
8355 2642 2745 3106 3593 
8356 2395 3360 2835 3674 
8357 2907 850 3134 3464 
8358 1666 2171 1837 2911 
8359 1820 1795 3005 3382 
8360 2638 2875 2776 3487 
8361 1077 2811 1030 3174 
8362 1188 2845 1162 3298 
8363 1562 378 3042 3402 
8364 2968 2673 3047 3634 
8365 303 302 2773 3523 
8366 1752 1754 1667 3769 
8367 2630 3264 2812 3832 
8368 429 430 2900 3490 
8369 3184 3337 1767 3704 
8370 2191 1971 2855 3066 
8371 843 3023 2905 3649 
8372 2619 2820 2967 3576 
8373 1542 2941 1491 3094 
8374 2691 3209 2893 3509 
8375 2611 2726 3180 3740 
8376 753 3157 2950 3699 
8377 1778 3221 1776 3328 
8378 1736 3184 2943 3337 
8379 425 424 3061 3465 
8380 1255 2996 1145 3523 
8381 660 2940 2718 3449 
8382 149 148 2783 2972 
8383 2433 2981 2354 3460 
8384 1037 2752 1036 3793 
8385 2627 3014 3208 3337 
8386 2944 3133 2933 3518 
8387 2837 3497 2973 3805 
8388 1534 3477 355 3607 
8389 2615 2887 3058 3098 
8390 810 3099 3249 3253 
8391 2659 2788 3655 3883 
8392 2705 3187 2984 3669 
8393 2720 3119 2941 3455 
8394 2768 3370 3001 3701 
8395 433 3619 3029 3742 
8396 2652 2955 2833 3815 
8397 2092 1993 1992 3086 
8398 1757 2951 1916 3286 
8399 3226 3287 2877 3614 
8400 958 997 3198 3419 
8401 2352 2347 2902 3015 
8402 2656 3079 2789 3344 
8403 986 639 924 3545 
8404 1410 1409 1408 3802 
8405 2735 3066 3065 3586 
8406 2771 2872 3305 3661 
8407 2835 3192 1393 3867 
8408 1399 3037 1395 3667 
8409 2729 3037 2605 3572 
8410 1732 2987 1772 3566 
8411 2814 3017 1417 3818 
8412 2847 2860 2659 3429 
8413 2655 3433 3129 3637 
8414 1097 1497 2857 3862 
8415 1732 3154 2987 3566 
8416 2383 2497 2777 3819 
8417 2603 2836 3267 3731 
8418 2795 2603 3228 3559 
8419 2382 2509 2331 3309 
8420 1809 1833 3276 3773 
8421 3594 3806 3203 3821 
8422 2525 418 1323 3136 
8423 2604 3314 2775 3466 
8424 2954 3736 2794 3842 
8425 2755 2888 3529 3724 
8426 2711 3077 2906 3732 
8427 2845 3062 2639 3696 
8428 2672 2764 3139 3220 
8429 2183 1892 2978 3520 
8430 1452 2835 2994 3192 
8431 1716 1717 2786 3133 
8432 2724 3036 3030 3880 
8433 2780 2621 3295 3780 
8434 3073 3370 2768 3701 
8435 2665 3223 2923 3686 
8436 2834 3554 3376 3703 
8437 2326 3064 3015 3149 
8438 2734 2598 3016 3182 
8439 1193 1194 3005 3624 
8440 2453 2511 2255 2823 
8441 3285 3809 2714 3831 
8442 2618 2895 3068 3753 
8443 1901 3218 2830 3599 
8444 2897 3320 2942 3456 
8445 2654 3009 2853 3273 
8446 2628 3383 2908 3405 
8447 2452 2325 2773 3064 
8448 2644 2836 3076 3455 
8449 1030 2947 1026 3174 
8450 3361 3362 2897 3364 
8451 1750 3056 2881 3404 
8452 2767 1809 3110 3276 
8453 2616 2763 3165 3511 
8454 1209 3496 3143 3639 
8455 2679 3230 3074 3329 
8456 2703 2768 3001 3302 
8457 2665 3123 3049 3406 
8458 3049 3123 2715 3406 
8459 1225 2931 2816 3794 
8460 3033 3415 855 3881 
8461 2748 3398 3529 3650 
8462 2683 3007 2981 3843 
8463 761 2843 811 3653 
8464 2659 3403 2837 3429 
8465 2862 3153 2637 3232 
8466 2919 3278 2840 3346 
8467 2625 3173 3080 3614 
8468 1504 1552 3019 3276 
8469 1642 1600 1634 2866 
8470 2471 3101 3422 3772 
8471 2691 3129 3289 3407 
8472 1527 2941 1542 3119 
8473 2605 3187 2729 3572 
8474 2491 2286 2851 3141 
8475 2778 3175 2626 3483 
8476 1718 2826 1717 3133 
8477 2758 3051 2697 3646 
8478 2629 2821 3169 3532 
8479 70 2930 3449 3583 
8480 874 943 884 3093 
8481 2803 2890 2738 3497 
8482 995 852 918 3243 
8483 1260 1259 1222 3639 
8484 2711 3086 2918 3701 
8485 2732 3555 2957 3719 
8486 935 877 994 2854 
8487 1585 1537 1495 2932 
8488 1093 2696 3156 3779 
8489 3010 3140 2782 3354 
8490 2257 1423 2533 3049 
8491 2740 2624 2785 3284 
8492 1829 2932 1788 2977 
8493 2264 2960 2160 3140 
8494 1364 2919 1352 3158 
8495 843 752 3157 3480 
8496 430 2976 2900 3490 
8497 2234 2740 3531 3546 
8498 3145 3414 2544 3684 
8499 2459 2541 2264 3660 
8500 2396 3176 2985 3262 
8501 2608 2869 2893 3334 
8502 1144 1254 1228 3081 
8503 1038 1036 3207 3793 
8504 744 2937 2110 3107 
8505 1827 3075 2874 3373 
8506 2098 2190 3058 3500 
8507 2747 2656 3202 3747 
8508 1466 3192 3332 3345 
8509 2697 3051 2933 3646 
8510 2833 2633 3195 3631 
8511 2360 2493 635 3137 
8512 1595 2321 3020 3282 
8513 2265 2800 1914 3651 
8514 378 2873 3042 3402 
8515 2363 2996 2480 3268 
8516 3032 3618 3458 3770 
8517 700 3294 2945 3889 
8518 2566 609 2485 2575 
8519 2681 2805 3114 3430 
8520 2895 3205 3068 3753 
8521 1698 1695 1784 3283 
8522 2029 3046 2827 3300 
8523 1902 2067 2211 3677 
8524 842 3099 2877 3249 
8525 2749 2731 3462 3721 
8526 1434 1448 3411 3664 
8527 2752 1036 3207 3716 
8528 1789 1667 1011 3859 
8529 122 3270 123 3881 
8530 1712 1713 2754 3566 
8531 2104 2831 2189 3600 
8532 308 309 2795 3230 
8533 1225 2931 1180 3493 
8534 3206 3241 2766 3707 
8535 2657 2906 3045 3443 
8536 1557 366 2965 3691 
8537 2595 3199 2770 3265 
8538 2471 3422 2423 3772 
8539 2368 3261 2903 3848 
8540 1448 2814 3411 3664 
8541 3153 3232 2862 3475 
8542 358 3039 3067 3169 
8543 2243 2957 1921 3756 
8544 2693 2948 2831 2978 
8545 1766 2728 1870 3502 
8546 2602 3177 2808 3393 
8547 364 3216 363 3502 
8548 1213 1212 1139 2930 
8549 2677 3179 3168 3353 
8550 1688 1689 3056 3124 
8551 876 2898 973 3093 
8552 2453 2439 2823 3057 
8553 2774 2667 3081 3536 
8554 2085 2853 1998 3277 
8555 419 2753 3136 3812 
8556 1051 1052 1057 2782 
8557 2748 3011 2929 3650 
8558 1399 1395 3037 3574 
8559 2879 3081 2667 3319 
8560 2878 3304 2777 3819 
8561 112 111 2714 3342 
8562 1415 3017 1417 3664 
8563 2263 2485 609 2575 
8564 2236 2446 2516 3250 
8565 2390 3284 2268 3469 
8566 2747 2657 3236 3303 
8567 1562 3042 2986 3402 
8568 2828 3050 1693 3283 
8569 2741 2687 3112 3437 
8570 3031 3534 2663 3546 
8571 2616 3165 2796 3511 
8572 829 2850 722 3600 
8573 3108 3527 2924 3623 
8574 2885 2886 2628 3451 
8575 855 123 2769 3881 
8576 2101 2032 3274 3300 
8577 899 620 621 3573 
8578 1690 1746 3200 3424 
8579 2880 2633 3552 3615 
8580 2683 2748 3011 3460 
8581 2756 807 3290 3827 
8582 2183 2079 2248 3520 
8583 928 2940 2718 3371 
8584 2697 3051 2758 3169 
8585 913 3026 2156 3031 
8586 1690 3424 3200 3571 
8587 1288 356 1301 3055 
8588 850 2907 914 3031 
8589 2618 2895 3125 3205 
8590 2612 2807 2920 3296 
8591 1183 1201 1159 3142 
8592 2917 1404 3278 3519 
8593 1596 1138 1626 2908 
8594 2901 2663 3031 3534 
8595 1359 3326 1357 3734 
8596 3170 3477 2719 3607 
8597 2781 3164 2709 3189 
8598 1973 3185 2780 3471 
8599 2723 2963 2833 3743 
8600 1650 3387 2908 3444 
8601 2163 2178 2785 3026 
8602 2461 2275 2782 3354 
8603 433 3029 432 3742 
8604 2754 3085 2642 3092 
8605 2319 2340 2349 2929 
8606 1971 3132 3066 3780 
8607 2600 3475 2745 3887 
8608 438 3039 2858 3260 
8609 2732 2957 905 3689 
8610 1237 1216 1236 3341 
8611 2941 3074 2645 3455 
8612 1530 1569 1586 3767 
8613 2834 2914 2631 3203 
8614 2850 3240 2831 3271 
8615 353 354 2952 3579 
8616 2823 3057 2439 3711 
8617 2797 3348 2677 3675 
8618 1914 2265 2244 2800 
8619 1519 3108 1517 3235 
8620 1773 3521 2936 3806 
8621 2728 2641 2944 3492 
8622 2615 3058 2801 3507 
8623 1666 1882 2171 3331 
8624 2570 2824 2567 3361 
8625 1522 1584 2767 3108 
8626 2430 2934 2366 3038 
8627 1107 3233 2744 3424 
8628 3165 3336 2796 3888 
8629 2366 3242 2934 3467 
8630 3090 3148 2709 3654 
8631 2925 3114 2681 3418 
8632 2628 2813 3113 3327 
8633 1405 1398 3222 3409 
8634 2728 2944 2641 3216 
8635 2287 2286 3141 3609 
8636 369 2794 2954 3392 
8637 3091 3290 807 3827 
8638 1532 1501 3025 3258 
8639 2078 2130 3218 3254 
8640 2826 3416 2786 3726 
8641 2767 2653 3108 3276 
8642 1378 1380 3152 3635 
8643 651 924 633 639 
8644 2600 2958 2849 3232 
8645 3011 3393 2929 3650 
8646 2618 2980 2790 3018 
8647 866 988 980 3400 
8648 2907 3026 914 3031 
8649 1600 2866 1642 3218 
8650 2567 2570 624 3368 
8651 70 2930 634 3449 
8652 1455 424 1436 3047 
8653 2634 2760 3044 3695 
8654 965 992 215 3031 
8655 2784 2654 3267 3335 
8656 2806 748 3297 3423 
8657 1490 3080 356 3235 
8658 1999 2784 3303 3448 
8659 1989 3058 2034 3086 
8660 1932 2236 2169 3250 
8661 2818 3110 3606 3769 
8662 2602 3172 3285 3380 
8663 604 2591 2878 3135 
8664 116 2870 3206 3707 
8665 2696 1093 3156 3604 
8666 912 3417 2737 3647 
8667 2628 2885 2827 3254 
8668 2023 2019 3000 3697 
8669 2893 3705 2964 3774 
8670 2679 2857 3230 3329 
8671 2702 3058 3376 3733 
8672 1645 1596 1626 2908 
8673 1208 1227 2974 3341 
8674 968 217 218 3134 
8675 2993 3001 2768 3370 
8676 1295 1323 381 2381 
8677 801 2877 802 3287 
8678 2191 2069 3066 3109 
8679 2734 2915 2912 3295 
8680 1309 419 2922 3136 
8681 3166 3636 2809 3851 
8682 2831 3240 2639 3271 
8683 807 3091 144 3290 
8684 1583 2972 1561 3012 
8685 2779 2988 629 3728 
8686 2347 2327 2348 3064 
8687 2862 3221 1778 3328 
8688 829 3476 2850 3600 
8689 867 3150 2172 3689 
8690 766 3142 814 3193 
8691 1823 1882 1666 3331 
8692 1227 1206 2974 3243 
8693 2877 3002 2717 3287 
8694 2060 2913 3107 3225 
8695 863 2837 3196 3403 
8696 2659 2788 3159 3655 
8697 431 2900 2976 3391 
8698 2265 3250 2800 3745 
8699 2153 2234 2163 2740 
8700 1966 1965 1964 3034 
8701 2694 3472 3453 3808 
8702 2070 1973 1970 3471 
8703 2599 2717 3002 3239 
8704 701 825 3383 3405 
8705 710 2905 752 3157 
8706 1819 1673 1127 2816 
8707 2715 3123 3049 3592 
8708 311 2879 310 3124 
8709 1632 1634 2866 3350 
8710 2657 3004 2784 3077 
8711 1799 1800 2774 3857 
8712 1984 3376 3058 3733 
8713 795 724 809 3500 
8714 2642 2987 3154 3566 
8715 692 3241 2766 3735 
8716 2749 3125 2618 3721 
8717 2652 2891 3256 3308 
8718 2330 2379 1468 2896 
8719 1839 3255 1792 3712 
8720 1149 2825 1150 3291 
8721 2199 3277 2000 3335 
8722 1530 3087 1569 3767 
8723 304 2927 305 3620 
8724 788 3073 2801 3450 
8725 2993 3279 133 3596 
8726 2892 3186 2638 3445 
8727 838 1080 819 2945 
8728 310 3124 2879 3147 
8729 2446 2516 3250 3459 
8730 2969 3267 2713 3365 
8731 804 3122 2938 3596 
8732 2595 3265 3565 3823 
8733 2695 3082 3409 3749 
8734 2517 2546 2545 2549 
8735 2643 2736 3178 3375 
8736 2838 3806 3594 3821 
8737 3035 3421 2722 3629 
8738 1325 1485 1393 3192 
8739 3080 3173 2719 3614 
8740 2628 3306 2813 3741 
8741 2131 2213 2781 3286 
8742 2280 2279 2277 3024 
8743 2878 3135 2591 3819 
8744 762 721 2209 3644 
8745 1238 3702 1133 3857 
8746 1828 1827 2874 3373 
8747 2606 3244 2876 3771 
8748 1691 1693 1808 3283 
8749 1754 1737 1856 3769 
8750 2158 3010 3354 3630 
8751 439 1301 1311 3260 
8752 2661 3320 2897 3456 
8753 2715 2763 3165 3612 
8754 1433 1340 1459 2893 
8755 2567 624 2824 3368 
8756 2307 3438 2981 3542 
8757 2611 3340 3180 3374 
8758 604 2591 603 2878 
8759 1308 2791 444 3541 
8760 1187 3251 3035 3421 
8761 2641 2728 3216 3492 
8762 437 2858 3039 3084 
8763 2873 378 3156 3402 
8764 442 2796 3378 3818 
8765 1808 2828 3283 3365 
8766 66 629 65 2785 
8767 2686 3332 3192 3345 
8768 2615 2849 2926 3098 
8769 1581 3051 2943 3184 
8770 2911 3410 2676 3643 
8771 2599 2752 3128 3144 
8772 807 144 3091 3827 
8773 2893 2608 3705 3774 
8774 973 947 3093 3679 
8775 2914 2991 2631 3317 
8776 884 883 874 2819 
8777 2650 2738 3196 3497 
8778 2759 3227 1173 3624 
8779 2827 2885 2628 3451 
8780 377 2986 3042 3258 
8781 3219 3456 2861 3711 
8782 2731 3117 2749 3462 
8783 2635 2871 2997 3822 
8784 3187 3380 2729 3572 
8785 1454 2796 3336 3511 
8786 2631 3203 2936 3806 
8787 2790 2980 2618 3533 
8788 2676 2735 3083 3293 
8789 2647 3297 3182 3601 
8790 71 641 72 3449 
8791 2821 2629 3084 3532 
8792 1665 2855 2096 3671 
8793 954 113 3003 3603 
8794 2973 3280 2393 3847 
8795 1186 3421 3035 3629 
8796 2746 2995 2638 3487 
8797 2621 3066 3065 3687 
8798 2770 2632 3204 3375 
8799 2925 3290 2756 3565 
8800 2672 2783 3139 3607 
8801 705 739 743 3321 
8802 361 3051 2933 3591 
8803 3152 3422 2749 3772 
8804 3467 3481 2820 3482 
8805 751 2806 750 3420 
8806 2829 2844 2683 3605 
8807 2606 3040 2999 3326 
8808 1240 3113 1174 3194 
8809 1963 2059 2054 3253 
8810 2794 3446 3232 3563 
8811 2872 2646 3296 3307 
8812 1213 1234 1128 2996 
8813 1519 3527 3108 3623 
8814 2323 2757 3123 3786 
8815 374 2968 2787 3633 
8816 1560 2924 1493 3527 
8817 1520 1522 1533 3575 
8818 129 128 2804 3258 
8819 2777 2878 2619 3304 
8820 113 114 860 2909 
8821 1835 1660 1550 3266 
8822 1676 3081 1850 3536 
8823 2842 3377 2725 3378 
8824 1240 2813 1124 3327 
8825 2829 3053 3605 3843 
8826 2491 2286 2508 2851 
8827 862 2860 953 3008 
8828 905 2957 2732 3746 
8829 2737 2619 3135 3214 
8830 1561 352 3012 3357 
8831 1675 2949 3442 3744 
8832 3313 3763 2970 3837 
8833 2878 3135 2619 3214 
8834 1408 1353 2964 3509 
8835 2729 3285 3172 3380 
8836 2712 3012 3174 3543 
8837 1225 1180 1175 3493 
8838 1952 2730 3054 3816 
8839 810 756 2913 3249 
8840 2156 3026 2208 3031 
8841 2681 3290 2925 3565 
8842 2741 2654 3283 3347 
8843 1435 2884 1357 3252 
8844 2825 3134 2907 3496 
8845 2752 3215 1036 3716 
8846 3114 3441 2697 3591 
8847 2360 75 2466 642 
8848 2064 1957 3104 3286 
8849 2309 2357 2946 3259 
8850 2717 2877 3204 3226 
8851 3133 3386 2933 3518 
8852 1089 1066 1013 3354 
8853 1313 3029 3619 3814 
8854 892 2854 978 3052 
8855 751 816 834 3699 
8856 1897 3515 790 3782 
8857 2107 1868 1664 2936 
8858 2014 2013 2015 3308 
8859 895 2962 3547 3835 
8860 1398 3222 3037 3574 
8861 372 1542 373 3094 
8862 803 3430 3297 3807 
8863 682 2986 105 3402 
8864 2091 2010 2007 2839 
8865 1676 1133 3081 3857 
8866 1604 1624 3120 3493 
8867 2652 3256 3000 3359 
8868 2802 2676 3410 3643 
8869 1595 2321 1636 3020 
8870 433 2848 3619 3742 
8871 1705 1778 2862 3221 
8872 3257 3265 3199 3823 
8873 2951 3164 2664 3286 
8874 109 2860 3403 3556 
8875 1795 1814 2815 3382 
8876 2320 2746 3261 3557 
8877 1548 1661 1573 2977 
8878 894 2737 2967 3547 
8879 1229 1226 1154 3113 
8880 2962 3453 2867 3576 
8881 1084 1737 1869 3019 
8882 2914 3470 2799 3640 
8883 2799 3470 1974 3780 
8884 2145 2878 2144 3481 
8885 2893 2684 3334 3785 
8886 1948 3350 1004 3621 
8887 2683 2981 2798 3843 
8888 2829 3605 2683 3843 
8889 2728 2754 3092 3492 
8890 2509 3259 2777 3510 
8891 3076 3233 2674 3559 
8892 2655 3166 2809 3433 
8893 2020 2969 3335 3516 
8894 1462 1439 1345 3231 
8895 796 2181 1899 2913 
8896 1023 2947 126 3012 
8897 379 2922 378 3562 
8898 378 2922 1285 3434 
8899 2765 3473 2894 3775 
8900 3739 3765 3355 3832 
8901 1106 1101 1095 2986 
8902 2728 3092 2754 3566 
8903 2843 3344 3247 3495 
8904 1650 2908 1645 3444 
8905 788 2801 3073 3833 
8906 970 72 641 3449 
8907 61 629 60 2779 
8908 2113 2114 2112 3611 
8909 2667 2879 3584 3602 
8910 2717 3239 3294 3652 
8911 935 2854 994 3656 
8912 2756 3224 846 3249 
8913 2699 3339 3092 3426 
8914 2651 3274 2975 3505 
8915 2695 2983 2916 3572 
8916 701 826 825 3405 
8917 358 3067 357 3080 
8918 2071 2053 3185 3644 
8919 128 685 105 3042 
8920 622 912 2594 3417 
8921 2832 3450 3023 3480 
8922 2632 2913 3253 3759 
8923 1476 1466 1488 3332 
8924 1193 2816 1177 3624 
8925 2845 2639 3069 3696 
8926 2692 3182 3044 3420 
8927 379 1285 378 2922 
8928 1713 1714 3323 3566 
8929 3023 3450 2832 3703 
8930 2323 2316 2757 3372 
8931 2774 2856 3503 3536 
8932 1831 3570 1637 3712 
8933 379 2873 378 3156 
8934 2122 2113 1920 2898 
8935 2788 3587 3068 3883 
8936 753 2950 816 3699 
8937 1766 1771 1870 3566 
8938 2637 2862 3232 3373 
8939 2779 2988 917 3526 
8940 3105 3663 2765 3777 
8941 731 3405 2886 3761 
8942 2754 3323 3501 3566 
8943 3453 3472 3103 3808 
8944 2768 2703 3001 3596 
8945 2678 3117 2749 3177 
8946 1150 2825 3143 3496 
8947 2029 3229 2827 3884 
8948 3256 3474 3000 3617 
8949 3081 3702 2774 3857 
8950 2863 3060 2679 3690 
8951 2841 3227 2759 3338 
8952 753 816 3157 3699 
8953 867 945 1921 2957 
8954 133 134 2920 2993 
8955 122 2775 121 3270 
8956 2755 2597 3433 3589 
8957 2721 3013 2904 3533 
8958 2902 3015 2803 3577 
8959 2216 2063 2062 2906 
8960 3175 3267 3076 3826 
8961 1483 2844 1478 3160 
8962 2894 3022 2655 3636 
8963 2749 3117 2731 3177 
8964 2891 3162 2011 3247 
8965 116 2766 3241 3707 
8966 1176 3113 2886 3251 
8967 2787 2968 374 3458 
8968 1523 3276 3108 3527 
8969 3076 3175 2603 3267 
8970 374 3094 2787 3458 
8971 2647 2734 3295 3601 
8972 2030 2827 2029 3229 
8973 2218 2107 1664 2936 
8974 2703 2768 3302 3596 
8975 2877 3099 2717 3204 
8976 770 2885 730 3351 
8977 3118 3561 3285 3834 
8978 1636 2526 1647 3020 
8979 2791 3739 3390 3765 
8980 2059 2889 2066 3677 
8981 2881 3056 2626 3404 
8982 2639 3000 2997 3240 
8983 2663 3134 2825 3291 
8984 3055 3377 355 3477 
8985 2636 2980 2790 3533 
8986 2213 2065 2131 2781 
8987 1493 1061 1067 3792 
8988 2324 2430 3038 3847 
8989 136 137 2771 3649 
8990 924 986 633 639 
8991 1740 2879 1741 3319 
8992 369 2954 2794 3842 
8993 2438 2539 3057 3613 
8994 1935 3026 938 3395 
8995 2820 2619 3304 3576 
8996 1328 2971 1486 3766 
8997 3028 3060 818 3666 
8998 2003 3448 3202 3854 
8999 2340 3460 2748 3750 
9000 1773 2936 1861 3806 
9001 887 3246 2962 3835 
9002 2965 2987 2642 3369 
9003 1299 375 1264 1281 
9004 2763 3165 2796 3888 
9005 2218 1664 1844 3384 
9006 2043 2044 2911 3293 
9007 2161 1909 2271 3325 
9008 2533 3049 1423 3866 
9009 2621 3295 3072 3726 
9010 3203 3594 2936 3806 
9011 863 3196 2890 3403 
9012 2716 2607 3145 3678 
9013 2632 3204 2877 3226 
9014 677 3166 137 3636 
9015 2519 3414 3264 3765 
9016 2466 2970 632 3268 
9017 2762 2604 2995 3484 
9018 1617 1622 1618 2813 
9019 2974 3243 2779 3341 
9020 1966 1968 3293 3718 
9021 2941 3094 2720 3455 
9022 2519 2812 3414 3765 
9023 1093 304 303 3498 
9024 2221 2871 2075 3312 
9025 3151 3224 2756 3249 
9026 3044 3182 2806 3420 
9027 2916 3158 1400 3802 
9028 3015 3648 2902 3708 
9029 2647 3182 2806 3237 
9030 2780 3185 1973 3780 
9031 3056 3365 1859 3516 
9032 2199 2056 3277 3349 
9033 2864 3627 2805 3663 
9034 2461 2782 2492 3700 
9035 2403 2405 3145 3626 
9036 302 2535 2325 2773 
9037 375 1299 1264 3633 
9038 311 1254 1144 2879 
9039 2605 3380 3187 3572 
9040 1849 2855 2992 3416 
9041 2526 1253 1647 3020 
9042 1707 1709 1708 3221 
9043 3005 3227 1194 3610 
9044 1814 1795 2815 3255 
9045 1714 3501 3323 3566 
9046 2661 2797 3320 3456 
9047 2597 3129 3289 3427 
9048 2733 3206 2766 3637 
9049 1030 1027 2947 3367 
9050 1691 2828 1808 3365 
9051 2111 2118 1926 3054 
9052 605 2737 2593 3214 
9053 748 750 834 2806 
9054 1400 3158 2916 3749 
9055 2929 3011 2748 3460 
9056 2611 2760 3339 3340 
9057 1333 422 2895 3047 
9058 2699 3092 2728 3426 
9059 2600 2849 2958 3844 
9060 2482 3284 2390 3810 
9061 2835 3360 3049 3447 
9062 2777 2619 3135 3568 
9063 108 2890 107 3272 
9064 2435 2309 2772 3259 
9065 1068 1077 3174 3522 
9066 994 978 892 2854 
9067 2608 3179 2733 3407 
9068 2656 2795 3079 3552 
9069 2872 3269 2605 3661 
9070 2858 3411 3055 3771 
9071 112 684 113 3269 
9072 2806 3297 750 3420 
9073 1538 2924 1560 3623 
9074 2840 3278 2919 3289 
9075 2764 3652 732 3670 
9076 2664 3164 2951 3859 
9077 123 3088 2769 3881 
9078 2301 2847 2294 3159 
9079 2937 3185 2071 3471 
9080 721 2921 2061 3644 
9081 2973 3280 2899 3805 
9082 2567 2824 2570 3368 
9083 2489 1130 2970 3268 
9084 2631 2838 3760 3821 
9085 2804 3413 2679 3690 
9086 1227 1206 1208 2974 
9087 2632 3099 2877 3204 
9088 3148 3204 2736 3654 
9089 2795 2656 3079 3885 
9090 920 2953 921 3343 
9091 3140 3354 3010 3630 
9092 2570 2824 3361 3368 
9093 732 2764 3324 3652 
9094 2718 3201 660 3583 
9095 2631 3085 3078 3521 
9096 1188 1182 2949 3298 
9097 2602 2790 3285 3721 
9098 2666 2840 3070 3729 
9099 2113 2122 2148 2898 
9100 2595 3565 3418 3823 
9101 2923 3223 2665 3311 
9102 2272 3345 2835 3867 
9103 2645 3122 3100 3625 
9104 217 2883 218 3134 
9105 2725 3377 2952 3595 
9106 2599 3204 3148 3654 
9107 2759 1173 3194 3624 
9108 1504 1869 1832 3019 
9109 2657 2938 3100 3302 
9110 1893 2119 2206 3006 
9111 2599 2752 3144 3358 
9112 893 895 2967 3835 
9113 423 2968 1300 3633 
9114 1030 1053 1073 3043 
9115 2742 3450 3023 3703 
9116 435 2821 3431 3682 
9117 376 2956 377 3210 
9118 1827 2874 3075 3263 
9119 926 2930 985 3620 
9120 1049 700 2945 3889 
9121 2624 2988 2779 3526 
9122 3052 3196 892 3656 
9123 783 2938 3539 3596 
9124 2898 3679 3093 3805 
9125 2008 3162 2961 3234 
9126 1569 3087 2932 3767 
9127 2688 3470 2914 3640 
9128 1478 2258 2418 2829 
9129 2067 1902 2066 3677 
9130 1188 2949 1243 3553 
9131 2806 3182 3044 3237 
9132 1706 1744 1852 3401 
9133 2647 2921 2806 3423 
9134 2031 2029 2827 3300 
9135 1462 1345 2476 3231 
9136 124 3088 2952 3357 
9137 2256 2899 1913 3238 
9138 2047 2856 3063 3550 
9139 2611 3339 3105 3791 
9140 2597 3129 3637 3729 
9141 1999 1998 1997 3277 
9142 2818 3207 3144 3389 
9143 2898 3093 3723 3805 
9144 2417 2523 2261 2811 
9145 2109 2203 3274 3505 
9146 963 880 1224 3248 
9147 701 826 3405 3803 
9148 1705 3221 2862 3401 
9149 3178 3463 1962 3817 
9150 953 885 3008 3246 
9151 2744 3087 2674 3582 
9152 2133 3813 1865 3858 
9153 1629 1600 1642 3218 
9154 2760 3027 2991 3085 
9155 1107 2744 3233 3582 
9156 2624 3143 3284 3810 
9157 3368 3499 3135 3713 
9158 129 2956 3258 3468 
9159 2925 3091 2625 3265 
9160 3236 3443 2747 3727 
9161 2904 3013 2721 3811 
9162 941 3362 2574 3647 
9163 2691 2919 3289 3427 
9164 1425 2749 1381 3462 
9165 1595 2321 3282 3325 
9166 2095 1974 3470 3780 
9167 2781 3331 3178 3463 
9168 1752 2818 3606 3769 
9169 1779 3328 2979 3508 
9170 1435 1404 2917 3252 
9171 1557 2965 1659 3691 
9172 2309 2772 3259 3751 
9173 2794 3232 2958 3849 
9174 2745 2631 3078 3211 
9175 1632 2866 1937 3350 
9176 1368 3155 1366 3749 
9177 882 2120 874 3197 
9178 2658 2853 3273 3581 
9179 2666 2917 2840 3278 
9180 2756 3091 2925 3265 
9181 2650 3280 2973 3805 
9182 2964 3705 3407 3774 
9183 1741 3319 2879 3404 
9184 1868 1861 1664 2936 
9185 1735 2992 1762 3384 
9186 1537 2977 1585 3119 
9187 2836 2645 3074 3455 
9188 2957 3555 3425 3719 
9189 2612 2849 3001 3370 
9190 857 2910 900 3573 
9191 2811 3043 2630 3264 
9192 2831 2948 3359 3845 
9193 354 2952 3170 3886 
9194 2075 2871 3183 3697 
9195 2782 3140 3010 3630 
9196 3044 3695 2760 3846 
9197 3063 3536 2856 3852 
9198 2758 3257 3199 3823 
9199 1516 358 357 3080 
9200 2682 2874 3392 3563 
9201 3199 3257 2770 3265 
9202 2458 2982 2518 3531 
9203 2728 3092 2699 3216 
9204 2756 3265 2925 3565 
9205 1407 1408 1353 2964 
9206 2024 2846 2022 3758 
9207 433 434 2848 3048 
9208 1849 2992 2855 3671 
9209 2880 3552 3584 3615 
9210 2454 3301 3261 3848 
9211 1316 1285 2922 3434 
9212 1560 1555 1493 2924 
9213 2053 1975 3185 3506 
9214 1813 1803 1681 2871 
9215 2008 2037 2961 3162 
9216 1551 2932 1668 3767 
9217 2697 2928 2933 3591 
9218 84 2730 660 2940 
9219 2893 3022 2976 3209 
9220 2879 2667 3081 3602 
9221 2653 2767 3108 3864 
9222 2619 3304 2878 3481 
9223 2640 2929 3011 3393 
9224 2698 2943 3184 3337 
9225 1444 1408 1407 2893 
9226 2656 2789 3028 3321 
9227 2546 2878 603 3819 
9228 1879 1859 3056 3365 
9229 2802 3199 2698 3337 
9230 1458 1373 1376 2808 
9231 1309 1292 1323 3136 
9232 2778 2656 3202 3854 
9233 2836 3074 2603 3076 
9234 2784 2654 3004 3731 
9235 2994 3698 2884 3734 
9236 2769 3415 3033 3881 
9237 3085 3092 2754 3317 
9238 750 2806 748 3297 
9239 2278 3355 2514 3541 
9240 2772 2620 3432 3828 
9241 1795 2816 1819 3005 
9242 131 3122 804 3596 
9243 1473 1472 3332 3385 
9244 2905 3695 3044 3846 
9245 2634 3023 2905 3157 
9246 1960 1961 1958 3104 
9247 2654 2784 3004 3277 
9248 1934 2147 2126 2967 
9249 2758 3265 3257 3823 
9250 2255 2823 2511 3510 
9251 1552 1832 1679 3276 
9252 2893 2976 2684 3742 
9253 1829 2932 2977 3628 
9254 720 1898 2110 2937 
9255 3070 3223 2601 3548 
9256 3264 3414 2812 3765 
9257 2776 2638 3261 3301 
9258 1998 3077 1997 3277 
9259 1908 2228 2885 3694 
9260 873 894 946 2967 
9261 2060 3107 2177 3225 
9262 2859 3555 3033 3678 
9263 304 2718 2927 3620 
9264 3170 3477 355 3886 
9265 1370 3037 1398 3409 
9266 129 3413 130 3468 
9267 945 879 1921 3288 
9268 1042 2924 1010 3245 
9269 2658 3181 2853 3581 
9270 2791 3355 3739 3765 
9271 3543 3739 3355 3832 
9272 2654 2969 3283 3365 
9273 2189 2831 2104 3240 
9274 1932 2446 2236 3250 
9275 1802 3330 3183 3442 
9276 1988 2887 1990 3181 
9277 374 2787 3468 3633 
9278 2597 3289 3129 3729 
9279 2458 3531 2482 3810 
9280 2664 3148 2781 3164 
9281 2862 3373 1704 3401 
9282 2896 3435 2640 3757 
9283 2228 3254 2885 3694 
9284 1957 2990 1956 3104 
9285 2479 2161 2271 3325 
9286 2764 3294 3239 3652 
9287 2599 3128 2752 3239 
9288 2834 2991 2634 3027 
9289 1734 3386 3133 3518 
9290 3021 3261 2638 3301 
9291 2699 3105 3016 3549 
9292 2654 2828 3267 3365 
9293 2788 2622 3141 3883 
9294 1713 1773 1711 3521 
9295 2643 2802 3083 3410 
9296 1209 1210 3496 3639 
9297 444 2763 3488 3511 
9298 2893 2684 2976 3022 
9299 1171 3251 1187 3421 
9300 2793 2612 3032 3717 
9301 2863 3122 784 3413 
9302 2741 3283 3009 3608 
9303 2097 2887 1988 3181 
9304 832 2905 710 3540 
9305 1827 1660 1828 2874 
9306 2834 3027 2634 3703 
9307 1017 1577 1068 3174 
9308 1406 1455 1436 3118 
9309 375 1281 1299 3633 
9310 3019 3276 1570 3527 
9311 732 3324 2764 3670 
9312 795 1896 724 3500 
9313 3144 3207 2818 3716 
9314 2877 3249 2756 3827 
9315 770 769 730 2885 
9316 60 2779 629 3728 
9317 1989 2887 1988 3733 
9318 136 683 113 2809 
9319 2732 2607 3555 3719 
9320 2770 3199 3083 3366 
9321 1908 2885 769 3694 
9322 2654 3283 2828 3365 
9323 3091 3173 145 3188 
9324 2022 2023 2019 3240 
9325 1839 3255 2931 3794 
9326 2306 2435 2309 2772 
9327 108 2890 3272 3587 
9328 960 894 2737 3417 
9329 2847 2904 2636 3706 
9330 1179 2813 1240 3194 
9331 2737 3499 998 3647 
9332 2596 2926 3001 3116 
9333 2605 2983 3661 3873 
9334 692 2766 116 3735 
9335 2356 2481 3152 3738 
9336 3115 3528 2671 3669 
9337 2699 3339 3105 3549 
9338 3063 3503 2856 3536 
9339 2299 2297 2298 2810 
9340 1997 3077 2025 3303 
9341 2923 3223 2727 3686 
9342 689 110 3556 3831 
9343 2770 3199 2627 3257 
9344 3078 3521 1773 3806 
9345 2882 2605 3037 3853 
9346 2869 2893 3334 3785 
9347 1993 3642 3086 3732 
9348 2612 3001 2849 3446 
9349 2457 2321 3282 3316 
9350 2754 3154 1712 3566 
9351 645 3343 996 3580 
9352 842 3249 2877 3827 
9353 2659 2860 3403 3429 
9354 2629 3114 2821 3737 
9355 2599 3128 3090 3144 
9356 2777 2591 3135 3819 
9357 2946 3457 3036 3751 
9358 2652 3256 2948 3308 
9359 3036 3457 2617 3751 
9360 2326 3015 2389 3149 
9361 2745 3593 2600 3887 
9362 2669 2717 3059 3754 
9363 1835 1828 1660 3266 
9364 2672 3454 2752 3793 
9365 3112 3273 2596 3659 
9366 964 305 2927 3620 
9367 2689 3374 3340 3695 
9368 2662 2829 3262 3843 
9369 368 1272 1297 2954 
9370 2893 2964 2691 3509 
9371 116 2766 692 3241 
9372 2756 2625 3091 3265 
9373 2145 2878 3481 3482 
9374 1319 443 444 2935 
9375 371 3381 3032 3717 
9376 2800 3611 2115 3651 
9377 2621 3416 2826 3726 
9378 1642 2866 1634 3730 
9379 1019 2945 1928 3292 
9380 2621 3132 2799 3780 
9381 1750 2881 3056 3516 
9382 1019 1080 1928 2945 
9383 2098 2190 2034 3058 
9384 2784 3277 2654 3335 
9385 3002 3287 3226 3614 
9386 2100 2183 2038 2978 
9387 1149 1150 1148 3291 
9388 1272 1266 368 1297 
9389 2655 3473 3129 3705 
9390 2403 3145 2405 3414 
9391 377 3210 2761 3434 
9392 2612 2793 3032 3412 
9393 2952 3377 354 3595 
9394 889 989 973 3679 
9395 2660 2841 3271 3421 
9396 2824 3499 3368 3713 
9397 2983 3129 2597 3427 
9398 776 2850 771 3351 
9399 1915 2167 2203 3505 
9400 2809 3433 3166 3851 
9401 2885 3229 2660 3451 
9402 2827 3229 2885 3451 
9403 621 620 2582 3573 
9404 2501 2960 2264 3140 
9405 2923 3212 2604 3686 
9406 2746 2638 3261 3487 
9407 1998 1995 1997 3077 
9408 1237 3137 2970 3341 
9409 126 2972 1023 3012 
9410 2816 2931 2651 3255 
9411 2730 2940 3054 3371 
9412 2593 2737 3135 3214 
9413 1444 2893 1407 3785 
9414 2617 2772 3432 3828 
9415 606 2548 1941 3214 
9416 2690 3424 3124 3571 
9417 2932 3200 3087 3877 
9418 2221 2075 2076 3312 
9419 2740 3316 2825 3810 
9420 2227 1881 2135 3494 
9421 2837 888 3008 3403 
9422 1734 1766 2944 3501 
9423 1550 1568 1835 3266 
9424 2356 2318 3146 3422 
9425 1016 2275 1051 3043 
9426 2803 3141 3708 3883 
9427 2770 2627 3199 3366 
9428 1165 2845 1188 3553 
9429 2632 3034 2889 3204 
9430 1988 2050 1987 3733 
9431 1982 1980 2834 3856 
9432 3004 2654 3347 3731 
9433 2822 3440 2705 3799 
9434 1286 355 1288 3377 
9435 1107 310 3233 3424 
9436 2644 3076 2836 3347 
9437 2604 2775 3165 3466 
9438 426 3061 1336 3222 
9439 2340 2319 2300 3622 
9440 2742 3073 2615 3525 
9441 803 3297 2959 3807 
9442 2994 3223 2727 3734 
9443 362 2928 361 2933 
9444 1555 1010 1061 2924 
9445 1728 1727 1768 3014 
9446 2323 3123 3360 3786 
9447 2330 2478 2379 2896 
9448 444 2763 3511 3888 
9449 2471 3101 2346 3422 
9450 2846 3240 2022 3758 
9451 2044 3109 2911 3293 
9452 121 122 856 2875 
9453 2084 2747 3303 3514 
9454 773 3352 829 3476 
9455 2631 2991 2834 3027 
9456 2321 2473 1636 3020 
9457 1494 1584 3276 3773 
9458 1824 1805 2871 3382 
9459 3088 3270 123 3790 
9460 2650 2803 3497 3577 
9461 2653 2767 3110 3276 
9462 2050 2097 2215 2979 
9463 3078 3085 2754 3521 
9464 2848 3048 434 3431 
9465 369 3392 1515 3638 
9466 2754 3085 3078 3154 
9467 2895 3210 3205 3753 
9468 2962 3547 2619 3568 
9469 2621 3065 2912 3687 
9470 1725 3189 1729 3410 
9471 1167 1185 3062 3421 
9472 1028 1070 2972 3879 
9473 2798 2981 2683 3438 
9474 2728 3216 2699 3426 
9475 2328 3438 2307 3542 
9476 3227 3322 3005 3624 
9477 3390 3739 2812 3765 
9478 1850 3081 1740 3536 
9479 2900 3180 2726 3736 
9480 2985 3176 2662 3262 
9481 1361 1360 3698 3734 
9482 3144 3207 2653 3389 
9483 1803 3183 2871 3870 
9484 1357 1360 2884 3698 
9485 2847 3159 2301 3564 
9486 2803 3141 3015 3708 
9487 2008 2009 2037 3162 
9488 2853 3004 2711 3077 
9489 2740 3284 2785 3469 
9490 2611 3180 3340 3740 
9491 2209 721 2061 3644 
9492 2774 3702 3298 3857 
9493 638 634 637 3313 
9494 1732 1777 1841 2965 
9495 2805 3297 709 3430 
9496 3071 3376 2702 3856 
9497 1484 3435 1392 3681 
9498 1945 3031 2208 3546 
9499 1145 2996 2480 3523 
9500 1464 2840 1476 3278 
9501 2854 3052 892 3656 
9502 2650 2899 3280 3805 
9503 1195 2963 1201 3838 
9504 2258 1478 2379 2844 
9505 813 2963 822 3142 
9506 121 3270 2775 3314 
9507 2744 2674 3233 3582 
9508 2900 2976 2708 3490 
9509 2519 3264 2416 3765 
9510 893 3197 3246 3835 
9511 1960 3104 1958 3213 
9512 1162 3062 1163 3102 
9513 2714 111 2984 3342 
9514 2443 2323 2316 2757 
9515 1186 3035 1125 3629 
9516 2798 3007 2981 3828 
9517 2036 3247 2091 3495 
9518 2478 2398 2379 2844 
9519 2076 2075 2023 3312 
9520 2059 3253 2889 3677 
9521 122 695 145 3188 
9522 1482 2896 1468 3757 
9523 797 721 2921 3515 
9524 110 699 3342 3831 
9525 2792 2635 3005 3610 
9526 2778 2626 3234 3483 
9527 2631 3027 2834 3760 
9528 1688 3124 3056 3404 
9529 1439 3231 2763 3888 
9530 2014 2891 2013 3308 
9531 364 1273 3619 3814 
9532 3088 3318 3270 3662 
9533 2697 2933 3588 3646 
9534 798 3514 3045 3727 
9535 433 3048 2848 3742 
9536 994 2854 892 3656 
9537 796 810 2913 3253 
9538 2805 3297 3430 3601 
9539 139 2765 3241 3735 
9540 1776 1774 2838 3221 
9541 2998 3491 3279 3669 
9542 2729 3222 3037 3409 
9543 2155 1910 1952 2730 
9544 2137 1655 2969 3516 
9545 2302 3513 2427 3706 
9546 2452 2327 2325 3064 
9547 843 2905 832 3649 
9548 2996 3268 637 3313 
9549 2625 3080 3173 3829 
9550 302 303 2773 3498 
9551 3320 3361 2897 3364 
9552 1434 3411 2999 3664 
9553 1843 2855 1849 3416 
9554 2302 2847 3513 3706 
9555 3166 3433 2739 3851 
9556 2620 3315 2810 3750 
9557 1428 2976 430 3490 
9558 3036 3176 2724 3714 
9559 311 1144 310 2879 
9560 2686 3070 2917 3332 
9561 794 3059 2945 3294 
9562 1686 1689 3124 3571 
9563 3207 3389 2818 3716 
9564 2806 3182 2647 3297 
9565 1632 1634 1600 2866 
9566 3083 3199 2802 3366 
9567 2141 2934 2143 3396 
9568 3068 3272 2761 3310 
9569 932 3052 3054 3371 
9570 2885 3351 770 3803 
9571 1365 1400 3158 3802 
9572 2618 2895 3439 3721 
9573 2741 3273 3112 3659 
9574 2746 2775 2995 3487 
9575 3022 3473 2684 3775 
9576 2642 2987 2965 3154 
9577 1482 3435 2896 3757 
9578 2797 3096 2677 3348 
9579 2829 2662 3385 3668 
9580 2614 3259 2823 3510 
9581 2781 2065 3331 3463 
9582 2928 3441 2641 3709 
9583 2909 3003 2694 3568 
9584 3017 3336 1417 3818 
9585 144 2876 3130 3188 
9586 1879 3365 3056 3571 
9587 2301 2302 2294 2847 
9588 652 3341 631 3343 
9589 2703 3302 2938 3596 
9590 3005 3227 2635 3322 
9591 130 2787 3122 3641 
9592 1815 2943 1545 3575 
9593 3138 3762 2694 3808 
9594 2978 3308 2723 3598 
9595 2948 3308 2978 3598 
9596 1925 2158 3010 3354 
9597 2015 2948 3256 3308 
9598 2839 3162 2633 3247 
9599 2615 3370 3073 3701 
9600 2671 3061 3115 3669 
9601 2682 3392 3232 3563 
9602 2709 3778 3110 3864 
9603 1071 1023 2972 3012 
9604 369 2954 368 3392 
9605 3025 3530 306 3666 
9606 2413 2288 2346 3013 
9607 2038 2189 2831 3600 
9608 2563 2732 620 3689 
9609 877 942 978 3054 
9610 1202 1617 1124 3493 
9611 2608 2893 2869 3774 
9612 846 807 2756 3827 
9613 3039 3084 2629 3532 
9614 1717 1715 1716 2786 
9615 1673 2816 1880 3794 
9616 816 3515 2921 3699 
9617 950 858 2897 3320 
9618 2866 3350 1634 3444 
9619 356 3055 3477 3829 
9620 2295 2298 3097 3103 
9621 2646 3180 2900 3736 
9622 926 3111 2930 3545 
9623 978 932 3052 3054 
9624 876 973 947 3093 
9625 2458 3316 2982 3531 
9626 2678 3152 3117 3635 
9627 2227 3274 2102 3871 
9628 3236 2784 3685 3747 
9629 2642 3085 2754 3154 
9630 1561 353 3357 3579 
9631 2525 2284 418 3136 
9632 1776 2838 1872 3798 
9633 2453 2439 2511 2823 
9634 1718 1719 1717 2826 
9635 2131 1916 2213 3286 
9636 3184 1767 3386 3704 
9637 2181 2913 719 3107 
9638 3144 3164 2818 3606 
9639 2326 2347 3015 3064 
9640 1749 1750 1878 3404 
9641 2946 3457 2870 3567 
9642 1872 1776 1774 2838 
9643 2754 3492 2728 3566 
9644 1457 2869 1431 3785 
9645 1485 3192 1470 3867 
9646 3075 3263 2874 3638 
9647 2644 3050 2977 3628 
9648 1815 3575 1545 3773 
9649 2770 3226 3090 3654 
9650 444 3511 1338 3888 
9651 1202 1142 1604 3493 
9652 2749 3177 2731 3721 
9653 3273 3608 2658 3659 
9654 2701 2942 2892 3445 
9655 1999 3277 2784 3335 
9656 1016 1053 2538 3043 
9657 2324 3564 2358 3847 
9658 912 2737 998 3647 
9659 2278 2504 3355 3765 
9660 623 2737 3647 3713 
9661 1849 1843 1665 2855 
9662 3230 3233 2674 3299 
9663 3075 3116 2637 3659 
9664 2148 2898 3093 3723 
9665 787 783 2768 3596 
9666 2417 2261 1024 3522 
9667 2566 3057 3361 3688 
9668 363 2848 3216 3619 
9669 2765 3168 2608 3334 
9670 1262 3431 1304 3532 
9671 144 3091 145 3188 
9672 2608 3353 3179 3774 
9673 1145 1255 1232 2996 
9674 1818 1675 2949 3442 
9675 1773 1735 1860 3323 
9676 1536 3607 2783 3879 
9677 433 1313 3029 3619 
9678 1383 2994 1452 3447 
9679 2516 663 666 662 
9680 1365 3158 1400 3749 
9681 2043 1965 1967 3178 
9682 2841 2660 3271 3338 
9683 809 2801 788 3833 
9684 2837 2675 3008 3679 
9685 3236 3685 2784 3731 
9686 2408 3414 2405 3461 
9687 2743 3089 3080 3257 
9688 1058 2852 3010 3590 
9689 2713 3335 2969 3516 
9690 866 980 3054 3400 
9691 2888 3762 3138 3808 
9692 793 794 729 2945 
9693 2769 2875 3415 3881 
9694 2718 2940 660 3201 
9695 2120 2121 1918 3093 
9696 2651 2931 3194 3493 
9697 1721 1723 3281 3704 
9698 3277 3349 2085 3551 
9699 2847 2294 3159 3706 
9700 807 3290 708 3807 
9701 69 659 5 3523 
9702 2342 3219 2861 3711 
9703 3408 3515 2950 3699 
9704 2658 3273 3009 3608 
9705 2704 3668 3160 3766 
9706 2121 3396 2819 3855 
9707 2603 3236 3685 3747 
9708 1417 2814 1448 3664 
9709 2351 3149 2851 3680 
9710 137 136 2771 3636 
9711 3407 3705 2608 3774 
9712 969 2907 850 3134 
9713 916 917 2988 3248 
9714 2717 2669 3239 3754 
9715 435 3431 2821 3532 
9716 2692 3105 2894 3846 
9717 2303 2868 2304 3315 
9718 2701 3219 3057 3456 
9719 931 928 964 3371 
9720 1433 3742 2893 3785 
9721 1928 1080 2231 2945 
9722 2003 2778 3448 3854 
9723 427 3574 3440 3799 
9724 2811 3174 1077 3522 
9725 2853 3277 2085 3551 
9726 2035 2201 3506 3515 
9727 2603 3685 3236 3731 
9728 1909 2982 2271 3325 
9729 1302 1266 1297 2954 
9730 2755 3127 3011 3172 
9731 2661 2897 3361 3688 
9732 2772 2617 3751 3828 
9733 1266 367 368 2954 
9734 1548 2977 3755 3830 
9735 2602 3398 2790 3721 
9736 2737 2619 2967 3547 
9737 2777 2614 3135 3368 
9738 2341 672 64 3469 
9739 3017 3049 2665 3447 
9740 769 2885 820 3694 
9741 1594 1672 1637 3712 
9742 2599 3204 2717 3239 
9743 1479 1472 2985 3332 
9744 2576 2564 2581 2892 
9745 2657 3077 2784 3303 
9746 953 2860 110 3095 
9747 2396 3262 2985 3385 
9748 1724 1727 3014 3208 
9749 2791 3488 2763 3511 
9750 2072 2187 3229 3351 
9751 2912 2915 2595 3065 
9752 1861 1773 1860 2936 
9753 810 3099 833 3249 
9754 3090 3226 2770 3257 
9755 126 1022 1023 2972 
9756 2705 3115 3528 3799 
9757 2686 3548 3674 3683 
9758 2812 3390 2616 3739 
9759 1879 1739 3365 3571 
9760 1701 3075 3373 3878 
9761 1961 1962 3463 3817 
9762 431 3391 2976 3791 
9763 2555 2401 617 3863 
9764 2397 2851 381 3680 
9765 2741 3608 3273 3659 
9766 2649 3270 3314 3466 
9767 116 692 117 3241 
9768 2904 3013 2618 3533 
9769 2841 3271 2846 3338 
9770 2539 3219 3613 3848 
9771 2672 3139 2783 3220 
9772 751 750 710 3420 
9773 1757 1853 2165 2951 
9774 2666 3407 2964 3519 
9775 2596 3004 2836 3100 
9776 1705 2862 1704 3401 
9777 2755 3127 3172 3572 
9778 1601 2151 1901 2830 
9779 1825 3126 3009 3608 
9780 1803 1804 3442 3870 
9781 1071 1583 1546 3012 
9782 1172 3113 1176 3251 
9783 2099 3506 3408 3715 
9784 756 796 810 2913 
9785 2226 933 83 657 
9786 1861 1860 1664 2936 
9787 1952 2730 1910 3400 
9788 2709 3144 3090 3864 
9789 2863 3236 3060 3727 
9790 1837 2911 2195 3109 
9791 1300 1275 374 2968 
9792 2654 2853 3004 3273 
9793 112 3095 111 3342 
9794 2600 3525 2849 3844 
9795 2285 3609 2413 3812 
9796 2459 2264 2960 3660 
9797 1916 1757 2165 2951 
9798 2618 2895 3018 3439 
9799 2620 3138 2888 3762 
9800 2124 2183 1892 2978 
9801 753 816 2950 3515 
9802 2620 2981 3315 3750 
9803 3039 3260 3067 3840 
9804 788 2801 809 3450 
9805 2851 3015 2696 3149 
9806 1203 2931 1743 3597 
9807 2598 3092 3085 3317 
9808 2562 620 2732 2910 
9809 1169 3227 2841 3610 
9810 1766 1847 1734 2944 
9811 1659 2965 1852 3691 
9812 2598 3072 3317 3640 
9813 2721 2749 3177 3422 
9814 1404 3252 1355 3519 
9815 2342 2437 3219 3711 
9816 3060 3228 2656 3747 
9817 2880 3079 2633 3631 
9818 2616 2763 3024 3165 
9819 2666 3252 2917 3519 
9820 956 2897 950 3362 
9821 857 952 900 2910 
9822 3101 2749 3422 3772 
9823 1268 363 2848 3431 
9824 2668 3098 2887 3153 
9825 426 3115 3061 3799 
9826 2007 2010 2009 3162 
9827 2639 3271 2846 3822 
9828 2121 3093 2819 3396 
9829 3627 3663 2864 3672 
9830 218 1146 2883 3632 
9831 1849 2855 1665 3671 
9832 1198 3553 2949 3744 
9833 1548 1811 2977 3830 
9834 2784 3077 3004 3277 
9835 136 2771 3307 3649 
9836 2985 3176 2386 3674 
9837 910 3288 3419 3590 
9838 1042 2924 3245 3454 
9839 2853 3009 2654 3349 
9840 2408 3264 3414 3461 
9841 2979 3153 2658 3508 
9842 432 3029 1313 3814 
9843 1668 1551 1788 2932 
9844 697 2972 126 3579 
9845 2884 3223 2994 3734 
9846 2771 2655 3636 3661 
9847 2776 2638 3301 3535 
9848 2625 2756 3091 3827 
9849 882 1917 2120 3197 
9850 1112 2857 1097 3299 
9851 3021 3301 2638 3535 
9852 1661 1548 1811 2977 
9853 1569 3087 1529 3877 
9854 2631 3317 3085 3521 
9855 1937 2866 190 3350 
9856 2228 2187 2885 3254 
9857 892 3196 890 3656 
9858 2646 2954 2900 3490 
9859 2614 3368 2777 3510 
9860 2657 2784 3004 3731 
9861 3040 3244 2606 3874 
9862 1921 2172 867 2957 
9863 2286 2285 3136 3609 
9864 2449 3020 2321 3316 
9865 1347 2917 1404 3278 
9866 2794 3232 3392 3563 
9867 2754 3323 2786 3501 
9868 3007 3432 2620 3828 
9869 2687 3263 3075 3638 
9870 2947 3174 2811 3832 
9871 1452 1393 2835 3192 
9872 2618 3018 2790 3721 
9873 3013 3101 2749 3422 
9874 353 1543 354 3579 
9875 1437 3125 2895 3205 
9876 2911 3178 2643 3331 
9877 2686 3548 2985 3674 
9878 1391 1392 3121 3681 
9879 1130 1261 2970 3268 
9880 2736 3463 3178 3817 
9881 2943 3208 1763 3337 
9882 819 793 838 2945 
9883 2211 759 1902 3677 
9884 2631 3760 3203 3821 
9885 1490 1517 1516 3080 
9886 1191 3005 1194 3610 
9887 881 3198 2947 3585 
9888 1030 1024 1053 2811 
9889 2633 3162 2891 3247 
9890 2858 3084 437 3874 
9891 2735 3375 3034 3759 
9892 2629 3169 3039 3532 
9893 1333 423 422 3047 
9894 1999 2001 3335 3448 
9895 2075 1904 2136 2871 
9896 1848 2969 1655 3516 
9897 2521 2395 2835 3674 
9898 2701 3456 3057 3688 
9899 135 3452 2807 3781 
9900 2610 3616 3041 3745 
9901 885 883 884 3246 
9902 2621 3687 2912 3726 
9903 662 2400 663 3459 
9904 2755 3172 3011 3380 
9905 2963 3142 813 3560 
9906 1259 1132 2751 3639 
9907 2144 2878 2343 3481 
9908 3018 3439 2790 3721 
9909 3340 3593 3190 3695 
9910 2783 3607 3245 3879 
9911 2616 3088 2935 3662 
9912 2602 3285 3177 3721 
9913 1735 1761 2992 3323 
9914 2665 2923 3311 3786 
9915 2889 2632 3099 3253 
9916 2490 2386 3176 3674 
9917 3075 3437 1699 3830 
9918 883 3197 2819 3246 
9919 2354 2981 2307 3438 
9920 2351 2508 2397 2851 
9921 2750 2607 3145 3485 
9922 1672 1831 1637 3712 
9923 1881 2815 2227 3871 
9924 2602 3011 3172 3380 
9925 953 2860 3095 3784 
9926 2712 3088 2935 3739 
9927 2732 2957 3555 3746 
9928 1994 3181 2853 3551 
9929 438 2858 437 3874 
9930 1041 2764 3324 3670 
9931 2297 2810 2299 3750 
9932 2658 3181 3126 3551 
9933 1013 1066 1925 3354 
9934 2983 3572 3433 3873 
9935 2709 3144 3110 3606 
9936 2665 3406 2923 3786 
9937 57 2592 625 3510 
9938 1478 1467 1474 2829 
9939 1574 2972 1070 3879 
9940 2716 3318 2616 3720 
9941 2682 3373 2862 3401 
9942 2893 2964 2869 3774 
9943 632 2466 75 642 
9944 2420 2257 2533 3049 
9945 685 3042 128 3258 
9946 1715 2786 3323 3501 
9947 302 2325 2267 3149 
9948 2935 3088 2725 3662 
9949 2818 3389 2653 3769 
9950 2839 3495 2656 3854 
9951 2019 3240 3000 3845 
9952 2819 2820 3835 3855 
9953 2999 1451 3326 3874 
9954 1837 2911 3109 3643 
9955 3190 3593 3027 3695 
9956 3027 3703 2834 3760 
9957 1701 1700 3075 3878 
9958 2925 3169 2697 3823 
9959 2709 3164 3144 3606 
9960 2652 3308 2948 3598 
9961 2464 3304 2878 3819 
9962 2837 3008 888 3679 
9963 2667 3319 3081 3536 
9964 2789 2633 3079 3195 
9965 2618 3439 3018 3721 
9966 3314 3824 120 3868 
9967 2674 3230 3074 3559 
9968 2487 1218 2489 3268 
9969 3030 3070 2601 3548 
9970 2682 3266 2874 3373 
9971 1230 2930 1128 3620 
9972 2806 3157 751 3699 
9973 125 697 126 3579 
9974 1670 1758 1747 2781 
9975 1016 2538 2275 3043 
9976 1385 3447 3017 3537 
9977 1313 433 1303 3619 
9978 2620 3432 3007 3724 
9979 1818 2949 1801 3442 
9980 2786 3492 2754 3501 
9981 1785 3349 3009 3839 
9982 2143 2141 1912 2934 
9983 2382 2383 2777 3309 
9984 2420 3049 2533 3866 
9985 2339 3159 2424 3655 
9986 2436 2861 2342 3219 
9987 2864 3114 2805 3430 
9988 2931 2975 2651 3255 
9989 2446 2400 2516 3459 
9990 2662 3053 2829 3843 
9991 2903 3517 3484 3795 
9992 423 1299 3210 3633 
9993 1405 1370 1398 3409 
9994 2706 3140 2960 3700 
9995 1186 1125 1250 3629 
9996 3049 3360 2835 3866 
9997 1300 2968 1264 3633 
9998 2260 3231 2411 3488 
9999 938 915 2988 3026 
10000 2993 2768 3073 3370 
10001 1935 938 1947 3395 
10002 2666 3070 2917 3489 
10003 1984 3058 1986 3733 
10004 2652 2891 3308 3743 
10005 2675 3564 3038 3847 
10006 2674 3074 3230 3329 
10007 2731 3439 2895 3721 
10008 2800 2115 3611 3816 
10009 2708 2976 3022 3209 
10010 2939 3627 3168 3675 
10011 877 978 994 2854 
10012 964 2718 928 3620 
10013 2644 2977 2932 3628 
10014 2602 3529 3398 3650 
10015 2835 2665 3360 3447 
10016 2453 2823 2580 3057 
10017 2794 3392 3232 3849 
10018 3143 3496 2624 3639 
10019 800 844 835 3652 
10020 2981 3460 2433 3750 
10021 3412 3618 3032 3770 
10022 2867 3453 2694 3472 
10023 2793 3446 2794 3563 
10024 3041 3250 2800 3616 
10025 1883 2191 2096 2855 
10026 2859 2706 3700 3722 
10027 2733 3407 3179 3729 
10028 3016 3092 2699 3549 
10029 826 731 2886 3761 
10030 2651 2975 2931 3120 
10031 429 430 1302 3391 
10032 2644 2828 3076 3347 
10033 2778 3483 3448 3685 
10034 2146 2819 2120 3197 
10035 2617 2870 3206 3432 
10036 1828 2874 3266 3373 
10037 731 826 2886 3405 
10038 1803 3442 1802 3870 
10039 2934 3692 2819 3855 
10040 1575 1106 1095 2986 
10041 2683 3605 3589 3843 
10042 2753 3609 3136 3812 
10043 1049 1081 700 3889 
10044 2310 2311 2312 3714 
10045 2753 3013 2788 3609 
10046 1574 1069 1070 2972 
10047 3112 3119 2720 3455 
10048 3090 3226 2599 3654 
10049 2645 2836 3074 3625 
10050 1150 2825 1134 3143 
10051 2324 3038 2302 3564 
10052 763 764 2978 3520 
10053 1800 1798 1799 3330 
10054 3185 3295 2799 3780 
10055 2633 3079 2880 3552 
10056 2547 2878 2168 3214 
10057 1354 3252 2964 3519 
10058 2645 3074 3413 3625 
10059 2952 3088 124 3790 
10060 2647 2921 3185 3506 
10061 2594 622 623 3647 
10062 2974 3137 1208 3341 
10063 1544 1575 2986 3025 
10064 1232 2996 1255 3523 
10065 1357 2884 1435 3698 
10066 2639 2997 2846 3240 
10067 1642 3218 2866 3730 
10068 2686 2985 3345 3674 
10069 1734 3133 2944 3518 
10070 1216 1214 2970 3313 
10071 2426 3304 3242 3481 
10072 2799 3185 1974 3715 
10073 2939 141 3627 3675 
10074 2444 2339 2973 3577 
10075 2868 3315 2303 3472 
10076 2020 3483 2193 3516 
10077 2171 2195 1837 2911 
10078 2298 2299 2810 3472 
10079 2008 2961 2052 3234 
10080 1203 2931 1247 3794 
10081 783 2938 781 3539 
10082 2606 2939 2876 3244 
10083 350 1577 3174 3522 
10084 782 2938 714 3443 
10085 2078 2232 2130 3254 
10086 1766 2728 3501 3566 
10087 2029 2827 3046 3884 
10088 1165 3069 2845 3553 
10089 1249 2883 1146 3632 
10090 2599 3002 3128 3239 
10091 1978 3408 2914 3715 
10092 1957 1956 1958 3104 
10093 945 961 3288 3801 
10094 1605 2167 1915 3505 
10095 1468 2379 1478 2844 
10096 2758 3067 2925 3169 
10097 1770 2944 1875 3518 
10098 1702 1704 2862 3373 
10099 2265 2463 3250 3745 
10100 2297 3097 2810 3750 
10101 2776 3145 2607 3485 
10102 2567 2824 624 3713 
10103 2256 2522 2899 3238 
10104 1742 3078 1773 3806 
10105 2849 2926 2637 3446 
10106 2822 3736 2954 3842 
10107 2623 2995 2903 3484 
10108 2168 2878 2145 3214 
10109 2606 3212 2876 3789 
10110 2889 3204 3034 3817 
10111 2412 2540 2520 3592 
10112 2697 2758 3646 3823 
10113 1525 2804 1501 3468 
10114 2668 3217 2838 3221 
10115 2328 2798 3438 3542 
10116 889 863 2837 3196 
10117 2651 3194 2816 3624 
10118 1293 379 380 2922 
10119 704 1126 814 3142 
10120 1999 3303 2002 3448 
10121 2889 3059 2717 3754 
10122 938 3395 2988 3728 
10123 1000 3419 2852 3590 
10124 920 3243 2953 3343 
10125 1705 1702 1704 2862 
10126 3049 3360 2665 3447 
10127 1268 363 1303 2848 
10128 2727 2999 2814 3664 
10129 1243 2949 1198 3553 
10130 2265 2800 2463 3745 
10131 931 964 2927 3371 
10132 642 2360 76 635 
10133 1802 1797 3183 3330 
10134 1994 2853 2085 3551 
10135 2425 3242 2867 3513 
10136 3014 3366 3189 3410 
10137 2789 3079 2633 3344 
10138 2642 3339 2865 3426 
10139 1313 1303 1291 3619 
10140 2340 2349 2929 3460 
10141 2932 2977 2644 3877 
10142 2678 3121 2896 3363 
10143 1466 1479 1481 3345 
10144 2712 2935 3088 3357 
10145 3092 3339 2699 3549 
10146 1919 992 2156 3031 
10147 3023 3157 2634 3480 
10148 2516 663 662 2400 
10149 1908 2228 2187 2885 
10150 2302 2847 3038 3513 
10151 2306 3542 2772 3751 
10152 2695 3037 2916 3749 
10153 2124 1903 2038 2978 
10154 1521 1581 1541 3725 
10155 792 2832 791 3782 
10156 2620 3529 2888 3724 
10157 1980 3203 2834 3856 
10158 2712 3174 2947 3832 
10159 1647 1253 1625 3020 
10160 1704 1744 1706 3401 
10161 2811 3543 3355 3832 
10162 2933 3386 3133 3588 
10163 2112 2854 3611 3816 
10164 1809 1826 1833 3773 
10165 2734 3072 2912 3726 
10166 1071 1023 1022 2972 
10167 3128 3144 2752 3207 
10168 1123 3079 2880 3631 
10169 1391 3363 3121 3635 
10170 1778 1702 2862 3878 
10171 1519 3235 1518 3623 
10172 1236 2953 1135 3243 
10173 134 135 2807 3781 
10174 2686 2917 2884 3698 
10175 2951 2138 3286 3783 
10176 2873 3156 379 3562 
10177 3089 3575 1498 3725 
10178 3139 3324 2764 3652 
10179 1525 1531 2804 3665 
10180 367 2954 3391 3569 
10181 2768 3073 2918 3833 
10182 1400 1399 1395 3667 
10183 2864 2939 141 3627 
10184 953 110 111 3095 
10185 2932 2744 3087 3200 
10186 2762 2876 3212 3789 
10187 1384 3447 1385 3537 
10188 2187 2125 1908 3351 
10189 2635 2997 2871 3312 
10190 2303 2331 2304 2868 
10191 2739 3206 2870 3432 
10192 2769 2712 3198 3832 
10193 2623 3131 2903 3219 
10194 2718 304 2927 3498 
10195 1264 2968 374 3633 
10196 2272 2521 2835 3345 
10197 2669 3104 2990 3358 
10198 2708 3428 3305 3661 
10199 1527 2941 3087 3578 
10200 2635 3322 2815 3382 
10201 3096 3311 2923 3484 
10202 2682 3232 3392 3849 
10203 833 3099 842 3249 
10204 710 832 752 2905 
10205 1260 3137 2974 3645 
10206 1419 1452 2835 3447 
10207 1569 2932 3087 3877 
10208 2683 3011 3529 3589 
10209 3289 3407 3129 3729 
10210 2669 3294 3275 3889 
10211 2651 2813 3120 3493 
10212 2382 2383 2497 2777 
10213 2662 3332 3070 3548 
10214 1258 1134 1150 2825 
10215 1618 2813 1622 3741 
10216 378 377 3042 3434 
10217 2614 3003 2909 3568 
10218 1364 3155 1438 3346 
10219 303 1128 1232 2996 
10220 2820 3482 3197 3855 
10221 2393 2973 2392 3280 
10222 1519 1538 1560 3623 
10223 1595 1639 2456 3325 
10224 1778 2862 3328 3878 
10225 116 3206 2766 3707 
10226 1303 2848 363 3619 
10227 2761 2622 3068 3310 
10228 377 2956 376 3042 
10229 921 2953 920 3580 
10230 2879 3404 3319 3584 
10231 2719 3139 3287 3886 
10232 2600 2849 3098 3475 
10233 3032 3381 2793 3717 
10234 2651 2816 3322 3624 
10235 2719 3170 3139 3886 
10236 2065 2781 3286 3463 
10237 2401 2750 617 3863 
10238 85 660 2730 3201 
10239 2705 3574 3222 3799 
10240 2650 3497 2973 3577 
10241 913 2156 992 3031 
10242 2613 3187 3061 3669 
10243 1738 3075 1699 3830 
10244 717 1893 2149 3006 
10245 2726 2954 2900 3736 
10246 781 2938 782 3443 
10247 2762 3096 2623 3348 
10248 433 1313 432 3029 
10249 2331 3309 2868 3472 
10250 2698 3191 2802 3704 
10251 2607 2750 3161 3485 
10252 3202 3448 2778 3854 
10253 2097 1988 1990 3181 
10254 941 2572 2574 3362 
10255 1510 1875 1556 2944 
10256 2712 3088 2769 3198 
10257 1690 1746 1748 3200 
10258 729 759 2211 3677 
10259 1774 2838 3221 3806 
10260 2808 3177 3117 3393 
10261 2392 3280 2973 3577 
10262 1814 2815 1807 3871 
10263 2512 3145 2776 3485 
10264 2356 2422 2318 3422 
10265 796 756 719 2913 
10266 2607 3161 2776 3485 
10267 2580 3057 2823 3361 
10268 125 2947 881 3198 
10269 2780 3295 3185 3780 
10270 2918 3073 2801 3833 
10271 2705 3061 3187 3669 
10272 2660 2885 3451 3803 
10273 2146 2819 3197 3855 
10274 1352 3158 2919 3509 
10275 1658 1847 1766 3502 
10276 1407 1382 1445 2869 
10277 1837 1830 2911 3643 
10278 1705 1778 1702 2862 
10279 1134 2825 1258 3860 
10280 2561 617 2253 3485 
10281 2884 3698 1360 3734 
10282 2984 3187 2714 3831 
10283 2840 3289 3053 3729 
10284 1247 2931 1225 3794 
10285 2626 2795 3175 3552 
10286 1896 795 2058 3500 
10287 2340 2432 3460 3750 
10288 2487 2489 2466 3268 
10289 2620 2888 3138 3724 
10290 1609 1634 3350 3444 
10291 1211 1136 1206 3243 
10292 1153 1152 187 2908 
10293 2351 2851 2397 3680 
10294 1949 190 2866 3694 
10295 2656 3060 3028 3228 
10296 1604 1622 1617 3493 
10297 1264 1299 1300 3633 
10298 2979 3126 1780 3508 
10299 2704 2840 3053 3668 
10300 2613 3061 3187 3222 
10301 3023 3450 831 3480 
10302 796 2913 1899 3253 
10303 2966 3075 1700 3878 
10304 2797 2623 3096 3348 
10305 742 2963 3560 3653 
10306 843 752 832 2905 
10307 2769 3318 2875 3881 
10308 2564 2910 619 3535 
10309 1286 1288 1298 3377 
10310 128 3042 2986 3258 
10311 2010 2011 3162 3247 
10312 797 2921 816 3515 
10313 144 3130 3091 3188 
10314 2828 3267 3076 3347 
10315 2698 2933 3051 3646 
10316 3003 3135 2619 3568 
10317 2680 3000 3474 3617 
10318 2667 3584 2880 3602 
10319 2690 3200 2744 3424 
10320 2818 3144 2653 3389 
10321 1562 2986 1582 3402 
10322 1480 1464 1476 3278 
10323 826 2886 3405 3803 
10324 1207 2974 1206 3639 
10325 2727 3167 3326 3787 
10326 3112 3116 2741 3659 
10327 2617 3828 3163 3880 
10328 2858 3130 2707 3840 
10329 435 1304 3431 3532 
10330 2651 3194 2813 3493 
10331 1489 3668 1475 3766 
10332 809 3450 2801 3500 
10333 2221 1904 2871 3494 
10334 2074 3000 2019 3697 
10335 3079 3195 2633 3631 
10336 2925 3418 2681 3565 
10337 1188 1182 1243 2949 
10338 2696 3394 2873 3779 
10339 2732 3555 2607 3746 
10340 2609 2821 3114 3737 
10341 949 3362 2824 3364 
10342 954 3003 3547 3603 
10343 2962 3246 887 3784 
10344 802 2877 842 3099 
10345 1041 3275 2764 3670 
10346 2199 2056 2000 3277 
10347 1235 3134 1148 3496 
10348 2660 3271 3035 3421 
10349 930 2940 928 3371 
10350 3185 3506 1974 3715 
10351 2605 2983 3572 3853 
10352 2564 2910 2892 3573 
10353 2627 2802 3199 3366 
10354 2695 3127 3155 3427 
10355 2639 3062 2845 3359 
10356 2059 2066 1902 3677 
10357 1029 3220 2783 3324 
10358 110 111 3095 3342 
10359 3117 3177 2678 3393 
10360 64 2751 2341 3748 
10361 795 2801 809 3538 
10362 71 661 2940 3449 
10363 2027 2030 2029 3229 
10364 2696 2873 3156 3779 
10365 3108 3276 2653 3527 
10366 2622 3708 3141 3883 
10367 950 2897 956 3320 
10368 2661 2823 2946 3711 
10369 1671 311 1677 3124 
10370 2329 2520 2414 2989 
10371 2817 3674 3548 3683 
10372 2705 3061 3115 3799 
10373 799 800 3059 3294 
10374 2615 3058 2887 3086 
10375 3040 3326 2700 3658 
10376 2816 3005 3322 3624 
10377 1125 3035 702 3629 
10378 1534 1490 356 3235 
10379 1764 1723 1787 3410 
10380 1705 1707 1708 3221 
10381 604 3135 2878 3214 
10382 732 3139 808 3652 
10383 1822 1674 1120 3744 
10384 2923 3167 2727 3787 
10385 2861 3131 2436 3714 
10386 2820 3576 2648 3835 
10387 2965 3106 2745 3401 
10388 2029 2027 3229 3884 
10389 2879 3081 1144 3602 
10390 2738 3310 2890 3708 
10391 950 3362 2897 3436 
10392 2661 3361 3057 3688 
10393 1633 1602 1927 2901 
10394 2707 3173 3091 3188 
10395 2730 3250 3041 3616 
10396 2461 3140 2782 3700 
10397 421 1437 2895 3205 
10398 2877 3226 3002 3287 
10399 2756 3249 846 3827 
10400 1985 1984 3733 3856 
10401 1466 1481 3192 3345 
10402 2610 3041 2773 3064 
10403 134 690 111 2984 
10404 2703 3001 2993 3770 
10405 2653 2924 3108 3527 
10406 1974 3470 2799 3715 
10407 1719 3281 2826 3704 
10408 1617 1618 1597 3327 
10409 2306 2772 2309 3751 
10410 2611 3340 3339 3740 
10411 1544 3025 2986 3258 
10412 2853 3009 2658 3273 
10413 3035 3271 2660 3352 
10414 2704 3155 3127 3427 
10415 1380 2749 1425 3772 
10416 3165 3466 2775 3662 
10417 1496 1063 1010 3245 
10418 954 113 860 3003 
10419 1149 1258 1150 2825 
10420 2623 3096 2762 3484 
10421 2658 3009 2853 3551 
10422 2678 3121 2808 3393 
10423 990 218 1129 3134 
10424 2492 2461 2275 2782 
10425 2004 3202 2003 3448 
10426 1019 1928 1955 3292 
10427 3319 3404 2961 3584 
10428 2782 3367 3043 3722 
10429 2918 3086 2711 3732 
10430 928 2718 2940 3449 
10431 2665 2994 3223 3537 
10432 2368 2454 3261 3848 
10433 913 1922 2156 3026 
10434 1596 1152 1138 2908 
10435 2149 717 3006 3171 
10436 2807 2872 3296 3307 
10437 1741 2879 1684 3404 
10438 3034 3204 2736 3817 
10439 2978 3520 764 3560 
10440 791 792 724 3500 
10441 133 2993 2920 3279 
10442 2928 2641 3216 3709 
10443 1720 2826 3386 3704 
10444 862 109 2860 3403 
10445 2457 3282 2982 3316 
10446 771 3351 2850 3352 
10447 2216 2906 2062 3825 
10448 864 3394 2738 3800 
10449 2880 3584 2879 3602 
10450 2662 2829 3053 3668 
10451 2338 3038 3242 3513 
10452 2595 2915 3565 3586 
10453 2953 922 3580 3763 
10454 2872 2605 3305 3661 
10455 2694 3138 2909 3762 
10456 1997 2025 2093 3303 
10457 2662 3053 2840 3668 
10458 3180 3340 2689 3374 
10459 2099 2035 2201 3506 
10460 2977 3119 1537 3755 
10461 3369 3391 2726 3569 
10462 1886 2979 2215 3126 
10463 127 3025 306 3666 
10464 1955 1031 1019 3292 
10465 2802 3191 2698 3199 
10466 1748 3200 2932 3628 
10467 2884 3252 2917 3489 
10468 2917 3252 2666 3489 
10469 2234 2163 2740 3546 
10470 2704 3127 3053 3427 
10471 2457 3282 2321 3325 
10472 2946 2617 3457 3751 
10473 2979 3328 3153 3508 
10474 2757 2923 3406 3786 
10475 2639 2841 3271 3822 
10476 2846 3271 2660 3338 
10477 1825 3508 3126 3608 
10478 2607 3033 3555 3678 
10479 2037 3162 3550 3813 
10480 1773 3078 1711 3521 
10481 1779 2979 1780 3508 
10482 1804 2792 1805 3744 
10483 2425 2332 2867 3309 
10484 893 3197 883 3246 
10485 2643 3331 3189 3410 
10486 2651 3322 3194 3624 
10487 2154 3425 1942 3863 
10488 797 816 721 3515 
10489 2870 3364 115 3397 
10490 1824 1805 1803 2871 
10491 1742 1711 1773 3078 
10492 1358 3040 1414 3658 
10493 2505 3242 3467 3481 
10494 2183 2079 3520 3820 
10495 2864 3168 2939 3627 
10496 2867 2619 3568 3576 
10497 2705 3187 3061 3222 
10498 2118 3054 2854 3816 
10499 2291 2904 3159 3706 
10500 2484 3238 2430 3847 
10501 2808 3117 2678 3393 
10502 1561 3012 2972 3579 
10503 1349 2919 1364 3346 
10504 2760 3549 3044 3846 
10505 1425 2749 3101 3772 
10506 2985 3262 2662 3385 
10507 2653 3110 2767 3864 
10508 3092 3216 2728 3492 
10509 1686 3124 3424 3571 
10510 2256 2522 2421 2899 
10511 893 2967 873 3197 
10512 1525 1531 1501 2804 
10513 1803 1802 3183 3870 
10514 2830 2651 3120 3505 
10515 2814 3378 2649 3466 
10516 2752 2599 3239 3358 
10517 1044 2818 3389 3716 
10518 2148 2113 2898 3723 
10519 2835 3447 3049 3866 
10520 1944 2901 3031 3534 
10521 1167 3421 3062 3696 
10522 2774 3503 2667 3536 
10523 2614 2824 3397 3499 
10524 1543 2972 1574 3879 
10525 2715 3231 2763 3612 
10526 2600 2958 3232 3849 
10527 3097 3622 2810 3750 
10528 2729 3285 3118 3561 
10529 3616 3745 2610 3850 
10530 1935 878 938 3026 
10531 2649 3314 3212 3466 
10532 1595 2456 2321 3325 
10533 2645 3074 2941 3329 
10534 351 1265 1319 2935 
10535 3130 3290 2629 3710 
10536 2597 3053 3127 3427 
10537 2397 2508 2286 2851 
10538 105 2986 3042 3402 
10539 2392 2973 2393 3847 
10540 71 660 70 3449 
10541 2629 3130 2858 3840 
10542 2646 3305 2882 3490 
10543 2327 2355 2348 3745 
10544 2802 3281 2676 3643 
10545 2702 3027 3211 3760 
10546 3087 1571 3578 3582 
10547 2652 3308 3598 3743 
10548 1944 3534 3031 3546 
10549 2949 3553 2845 3804 
10550 423 1300 1299 3633 
10551 188 2908 187 3387 
10552 1216 2970 1215 3313 
10553 1527 2941 3119 3877 
10554 2621 3065 2780 3295 
10555 2623 3456 2797 3676 
10556 1417 3017 1385 3336 
10557 2668 3211 3098 3475 
10558 2246 2188 2177 3107 
10559 1553 2857 1531 3578 
10560 1199 1124 1597 3327 
10561 1867 1687 1082 2951 
10562 3223 3489 3070 3787 
10563 974 941 950 3362 
10564 1300 374 1264 2968 
10565 3085 3317 2754 3521 
10566 2609 3105 3016 3709 
10567 1172 1226 1176 3113 
10568 2625 2925 3067 3840 
10569 2411 3231 2763 3488 
10570 3433 3572 2755 3873 
10571 3001 3116 2926 3446 
10572 2912 2915 2734 3418 
10573 126 676 1022 2972 
10574 2450 1223 2274 3143 
10575 308 1100 309 3230 
10576 2625 3091 2925 3840 
10577 745 720 744 2937 
10578 2680 3553 2949 3804 
10579 3004 3077 2853 3277 
10580 2691 3158 2919 3427 
10581 810 833 758 3249 
10582 3084 3244 3040 3874 
10583 792 831 3450 3480 
10584 2627 3208 2943 3337 
10585 2191 2855 1883 3109 
10586 3120 3505 1621 3741 
10587 2941 2645 3329 3665 
10588 1937 1632 2130 2866 
10589 1191 1120 3005 3610 
10590 624 2824 3368 3713 
10591 2177 3225 3107 3471 
10592 914 3026 913 3031 
10593 1495 1788 1551 2932 
10594 1750 1749 3056 3404 
10595 2941 3074 2674 3329 
10596 700 819 1049 2945 
10597 2401 617 2750 3485 
10598 1632 1609 1634 3350 
10599 3136 3609 2285 3812 
10600 792 2832 3450 3500 
10601 2301 2324 2302 3564 
10602 1793 3255 2815 3871 
10603 2975 3255 2931 3712 
10604 2923 3167 3096 3789 
10605 1952 3054 2730 3400 
10606 1725 1787 1723 3410 
10607 2452 3041 2773 3544 
10608 2644 2828 3050 3628 
10609 2653 3144 3128 3207 
10610 2037 3162 2082 3550 
10611 359 3051 360 3169 
10612 1069 1028 1070 2972 
10613 2941 3094 2645 3665 
10614 2030 2072 2187 3229 
10615 2900 2954 2646 3736 
10616 973 876 935 2898 
10617 2642 2760 3085 3593 
10618 2630 2811 3264 3832 
10619 1867 1082 2230 2951 
10620 2693 3142 2833 3598 
10621 3129 2733 3637 3729 
10622 2868 3568 2909 3762 
10623 932 3054 980 3371 
10624 714 2938 804 3122 
10625 1017 1068 1077 3174 
10626 1985 3733 3071 3856 
10627 1752 2818 1858 3859 
10628 770 820 2885 3803 
10629 2299 3315 2810 3472 
10630 2727 3223 2994 3537 
10631 352 3357 2935 3543 
10632 2619 2777 3304 3309 
10633 1405 3222 3118 3561 
10634 1358 1357 3252 3658 
10635 2123 2850 2104 3600 
10636 2791 3488 444 3541 
10637 2762 3348 2623 3824 
10638 3329 3578 2941 3665 
10639 3009 3126 1825 3839 
10640 2438 2263 2539 3613 
10641 2556 3719 2154 3863 
10642 1057 1016 1051 3043 
10643 2859 2405 3414 3461 
10644 2502 2903 2367 3517 
10645 3121 3363 2678 3635 
10646 2787 3122 2703 3618 
10647 2739 3432 3007 3828 
10648 2849 3001 2926 3446 
10649 1659 1852 1845 3691 
10650 2639 2845 3069 3804 
10651 1550 1515 2874 3263 
10652 2218 1884 2080 3384 
10653 1155 3079 1123 3631 
10654 1736 1767 3184 3337 
10655 899 621 2582 3573 
10656 2512 2409 2369 3261 
10657 963 969 880 3248 
10658 2741 3009 3273 3608 
10659 2831 3399 2978 3600 
10660 1741 1740 1684 2879 
10661 2349 2319 2929 3738 
10662 1180 3493 2931 3597 
10663 2112 3611 2115 3816 
10664 1561 353 352 3357 
10665 2660 3451 2886 3803 
10666 2011 3162 2891 3550 
10667 3016 3105 2609 3663 
10668 2691 2964 2893 3705 
10669 887 2962 895 3835 
10670 2432 2433 3460 3750 
10671 2727 3537 2994 3734 
10672 3060 3236 2747 3727 
10673 2618 3018 2895 3753 
10674 2626 2881 3234 3483 
10675 1523 1552 3276 3527 
10676 2690 2744 3233 3424 
10677 2709 3189 3014 3366 
10678 2436 3131 2861 3219 
10679 733 1893 717 3006 
10680 2771 2689 3180 3307 
10681 1425 1339 3101 3125 
10682 1245 1120 1674 3005 
10683 2716 3414 2812 3678 
10684 763 764 726 2978 
10685 3051 3169 2697 3591 
10686 2286 2397 2851 3136 
10687 3091 3130 2707 3188 
10688 1934 2235 2147 3214 
10689 1193 1127 1177 2816 
10690 2144 2145 2168 2878 
10691 2928 3216 2848 3709 
10692 2480 2996 1145 3268 
10693 743 737 3028 3321 
10694 3174 3543 2811 3832 
10695 2656 3495 3202 3854 
10696 3242 2820 3467 3481 
10697 1958 1956 1959 3213 
10698 3204 3226 2770 3654 
10699 938 871 59 3728 
10700 2876 3188 2649 3771 
10701 2630 2769 3198 3832 
10702 3072 3237 2734 3295 
10703 1202 1604 1617 3493 
10704 1044 3388 2818 3716 
10705 2629 2925 3290 3840 
10706 1011 1044 1045 2818 
10707 2690 3124 3056 3571 
10708 2486 2465 1222 3645 
10709 1936 215 2901 3621 
10710 3224 3565 3290 3807 
10711 1501 2804 3258 3468 
10712 1479 1473 1472 3332 
10713 2842 3377 2952 3790 
10714 2660 3351 2850 3758 
10715 2451 2403 2405 3414 
10716 1900 2990 1009 3292 
10717 1466 3332 1479 3345 
10718 2600 3098 2849 3525 
10719 2103 2008 2052 3234 
10720 1454 3511 3336 3888 
10721 2890 3403 3196 3497 
10722 2706 3555 2859 3700 
10723 693 3348 3675 3868 
10724 3118 3285 2613 3439 
10725 1562 378 377 3042 
10726 2714 3285 3187 3380 
10727 2095 3470 3132 3780 
10728 2813 3120 1622 3741 
10729 2685 3168 3334 3353 
10730 2782 3630 3010 3722 
10731 2085 2853 1994 3642 
10732 2428 2425 2332 2867 
10733 2876 3212 2649 3314 
10734 2425 2867 3304 3309 
10735 2768 3539 2938 3596 
10736 1901 2130 1600 3218 
10737 2601 3223 3070 3787 
10738 2633 2891 3162 3615 
10739 1719 2826 1720 3704 
10740 2939 2876 3244 3710 
10741 2811 3355 3765 3832 
10742 2663 3031 2907 3464 
10743 3298 3702 1182 3857 
10744 2694 2867 3472 3568 
10745 2636 3342 2888 3398 
10746 2784 3267 2654 3731 
10747 2567 3361 2824 3362 
10748 1191 1192 1120 3610 
10749 2210 3253 1902 3677 
10750 1224 1137 963 3248 
10751 2775 3165 3662 3720 
10752 2652 3256 2891 3503 
10753 3034 3375 2632 3759 
10754 2869 3048 1431 3785 
10755 2865 2726 3369 3391 
10756 2640 2896 3121 3435 
10757 2947 3012 1026 3174 
10758 2151 2830 1601 3505 
10759 2589 2580 2453 2823 
10760 1132 2273 1222 2751 
10761 1457 1431 1445 3785 
10762 2310 3714 3036 3751 
10763 2232 2866 2130 3254 
10764 2930 3313 3111 3763 
10765 981 2953 920 3243 
10766 2020 2137 2969 3516 
10767 2678 2808 3121 3635 
10768 2644 3200 2828 3628 
10769 2635 3227 2841 3338 
10770 3090 3144 3128 3864 
10771 1971 1972 3132 3780 
10772 2712 3543 3174 3832 
10773 2428 2867 2332 3472 
10774 706 801 802 3287 
10775 2622 2890 3310 3708 
10776 2782 2706 3630 3722 
10777 2679 3413 2863 3690 
10778 2846 3271 2841 3822 
10779 2319 3146 2929 3738 
10780 2596 3116 3001 3412 
10781 1182 2949 3298 3857 
10782 1473 3385 3332 3668 
10783 1112 1100 308 3230 
10784 2596 3004 3100 3302 
10785 2858 2606 3244 3874 
10786 2756 3290 3224 3565 
10787 1203 1247 1821 3794 
10788 3118 3222 2729 3561 
10789 3239 3275 2764 3793 
10790 2656 3228 3028 3885 
10791 2848 3029 2699 3619 
10792 3236 3303 2784 3448 
10793 2768 3302 2711 3701 
10794 2702 2834 3703 3760 
10795 2884 3489 3223 3787 
10796 902 950 2897 3436 
10797 1407 2869 1445 3785 
10798 887 893 3246 3835 
10799 1127 2816 1673 3794 
10800 2613 3187 2984 3831 
10801 2186 791 724 3500 
10802 2673 2998 3439 3634 
10803 2664 2818 3164 3859 
10804 2890 3587 2659 3883 
10805 2428 2867 3103 3513 
10806 2004 2003 3202 3854 
10807 3067 3260 2707 3840 
10808 2003 3483 2778 3854 
10809 148 2783 3139 3324 
10810 2686 3674 3345 3683 
10811 2630 3043 3367 3722 
10812 3047 3118 2613 3439 
10813 350 351 1278 3543 
10814 1349 1352 1364 2919 
10815 2726 3340 3180 3740 
10816 3155 3158 1366 3749 
10817 3048 3334 2684 3785 
10818 2605 3572 3037 3853 
10819 798 3045 3443 3727 
10820 1570 3019 1552 3276 
10821 1180 1142 3493 3597 
10822 2128 1921 879 3288 
10823 2564 2576 2585 2892 
10824 2284 2381 2397 3136 
10825 2793 3116 2687 3381 
10826 2857 3230 1112 3530 
10827 2784 3236 2657 3303 
10828 2633 2839 3344 3552 
10829 1243 1119 1198 2949 
10830 2341 3469 64 3748 
10831 61 2779 60 3343 
10832 2842 3055 2707 3477 
10833 2073 2098 3376 3500 
10834 1973 2071 3185 3471 
10835 2673 2895 3439 3753 
10836 2286 2287 2285 3609 
10837 126 2947 125 3012 
10838 2906 2918 2711 3732 
10839 1990 3181 3086 3642 
10840 2897 3362 2573 3436 
10841 1916 2951 2165 3286 
10842 1533 3575 2767 3773 
10843 1359 1358 1357 3326 
10844 1316 2922 420 3434 
10845 122 680 123 3790 
10846 3052 3648 2610 3800 
10847 1848 3365 2969 3516 
10848 2880 2667 3602 3615 
10849 2596 3116 3112 3659 
10850 310 1144 1197 3602 
10851 2176 2243 1921 3756 
10852 3172 3409 3082 3561 
10853 906 867 905 2957 
10854 3130 3244 2876 3710 
10855 2461 2782 3140 3354 
10856 1737 1084 1020 3019 
10857 2595 3565 3151 3586 
10858 129 130 2956 3468 
10859 1661 1829 1788 2977 
10860 1426 3040 1358 3326 
10861 2636 2847 3103 3453 
10862 2602 3177 3398 3721 
10863 1149 1258 2825 3860 
10864 2684 2765 3334 3777 
10865 862 3008 888 3403 
10866 2883 3134 217 3464 
10867 1814 1793 1795 3255 
10868 603 2546 2545 2878 
10869 958 997 855 3198 
10870 1356 3252 1357 3658 
10871 1489 3160 3668 3766 
10872 764 3399 2978 3560 
10873 2925 3169 3067 3840 
10874 1999 2093 2002 3303 
10875 1097 2857 1112 3862 
10876 3010 3630 2706 3722 
10877 2668 3153 2979 3328 
10878 1477 3346 1394 3766 
10879 148 149 2783 3324 
10880 2935 3511 2616 3662 
10881 361 1524 2933 3051 
10882 2729 3409 3037 3572 
10883 645 648 996 3343 
10884 2734 3182 2805 3601 
10885 2646 3440 2954 3490 
10886 1497 2857 1553 3299 
10887 3067 3169 3039 3840 
10888 2614 2823 3368 3510 
10889 1177 2816 1225 3624 
10890 1970 2070 3471 3718 
10891 2806 2710 3044 3699 
10892 3037 3667 2882 3853 
10893 353 2952 354 3595 
10894 2982 3282 2457 3325 
10895 1830 1666 1837 2911 
10896 2291 3159 2904 3882 
10897 2827 2628 3254 3599 
10898 2602 2808 3172 3393 
10899 3408 3506 2710 3715 
10900 2260 2476 2411 3231 
10901 1441 3152 1380 3772 
10902 2202 2850 1891 3351 
10903 2952 3377 2725 3790 
10904 1525 2804 3468 3665 
10905 2756 2632 3151 3249 
10906 2394 2800 2265 3651 
10907 735 811 761 2843 
10908 2975 3120 2651 3505 
10909 119 120 3824 3868 
10910 132 133 2998 3279 
10911 2690 3175 3076 3826 
10912 3132 3384 2992 3470 
10913 1045 2818 1044 3388 
10914 2934 3242 3038 3692 
10915 2853 3181 1994 3642 
10916 2760 3593 2642 3740 
10917 2616 2935 3088 3739 
10918 2109 2830 2151 3505 
10919 2762 3824 3314 3868 
10920 1140 2883 1249 3768 
10921 605 2548 606 3214 
10922 1115 1685 3424 3478 
10923 2899 3280 2973 3847 
10924 2799 2710 3237 3506 
10925 1992 1989 2034 3086 
10926 2142 1913 2256 2899 
10927 3151 3249 2632 3759 
10928 845 775 3476 3629 
10929 1470 3192 2835 3867 
10930 3052 3656 2854 3850 
10931 2396 2386 2985 3176 
10932 1573 1495 1537 2977 
10933 3163 3828 2798 3880 
10934 2332 3309 2331 3472 
10935 2486 2751 2336 3645 
10936 2612 2993 2807 3370 
10937 2654 3004 2853 3277 
10938 822 813 742 2963 
10939 2836 3004 3347 3731 
10940 375 1525 1501 3468 
10941 2799 3470 2914 3715 
10942 1418 2999 1451 3326 
10943 1494 3276 1833 3773 
10944 3027 3085 2760 3593 
10945 1268 362 363 3431 
10946 2644 3076 2828 3200 
10947 1199 1240 1124 3327 
10948 2760 3339 3092 3549 
10949 1795 1819 1820 3005 
10950 2862 2637 3153 3878 
10951 1625 3020 1231 3768 
10952 781 2938 783 3596 
10953 2730 3371 3054 3616 
10954 834 797 748 3423 
10955 2370 3262 2829 3438 
10956 1484 1471 3435 3681 
10957 2855 3066 2676 3109 
10958 2683 3438 2981 3460 
10959 351 352 2935 3543 
10960 2999 3326 1418 3664 
10961 3191 3281 2802 3704 
10962 2352 2470 2347 3015 
10963 1562 377 2986 3042 
10964 2643 2781 3189 3331 
10965 2329 2412 2520 3612 
10966 2675 2973 3564 3847 
10967 2999 3411 1430 3874 
10968 857 2892 987 3186 
10969 2673 2895 3047 3439 
10970 1138 1626 2908 3327 
10971 879 945 961 3288 
10972 2664 3144 3215 3358 
10973 1153 2908 187 3405 
10974 3073 3370 2615 3525 
10975 2636 3095 2860 3453 
10976 1082 1021 1930 2951 
10977 1380 1381 1425 2749 
10978 1428 1340 2976 3209 
10979 2623 2903 2995 3445 
10980 1713 3323 1773 3521 
10981 2808 3121 2640 3393 
10982 1102 698 104 2986 
10983 2636 2888 3342 3808 
10984 794 2945 700 3294 
10985 1232 1255 302 3523 
10986 2226 83 933 3400 
10987 2895 3125 1437 3462 
10988 2964 3407 2691 3509 
10989 2808 2640 3082 3172 
10990 1064 1079 3220 3879 
10991 798 812 3514 3727 
10992 2729 3172 3409 3572 
10993 2966 3075 2637 3659 
10994 1738 1827 3075 3263 
10995 776 829 771 2850 
10996 2387 2480 2996 3523 
10997 3083 3191 2802 3199 
10998 2611 3339 2760 3846 
10999 2621 3295 2799 3640 
11000 1372 3082 1371 3561 
11001 816 751 3157 3699 
11002 2738 2650 3196 3850 
11003 2736 3148 3104 3754 
11004 2663 2907 3134 3464 
11005 1253 2526 1143 3020 
11006 1570 3276 1552 3527 
11007 1101 306 127 3025 
11008 140 2805 141 3627 
11009 2214 3331 2065 3463 
11010 743 737 818 3028 
11011 2637 3232 3446 3563 
11012 2855 3132 1991 3671 
11013 1701 3075 1827 3373 
11014 132 688 3491 3693 
11015 1984 2098 3058 3376 
11016 1249 2883 1631 3768 
11017 1526 2941 3578 3665 
11018 2938 3122 2703 3596 
11019 1781 2979 1886 3126 
11020 1763 2943 1815 3208 
11021 2055 2092 1992 2918 
11022 2451 3145 2403 3414 
11023 3303 3448 3236 3747 
11024 61 2779 2974 3379 
11025 2313 2345 3036 3176 
11026 2905 3044 2692 3846 
11027 2014 2016 2047 3550 
11028 124 3357 2952 3579 
11029 2780 2647 3185 3295 
11030 2812 3414 2716 3684 
11031 1818 1801 1675 3442 
11032 3052 2738 3648 3800 
11033 1750 3056 1859 3516 
11034 1246 1249 1146 3632 
11035 1160 1183 3102 3876 
11036 2826 3281 1719 3416 
11037 2708 3022 3428 3512 
11038 2713 3365 3056 3516 
11039 1194 1191 1193 3005 
11040 1412 3462 3117 3834 
11041 1676 1850 1800 3536 
11042 1993 1990 3086 3642 
11043 859 3397 2824 3499 
11044 742 2963 813 3560 
11045 1956 1959 3213 3764 
11046 2760 2642 3339 3740 
11047 1542 1527 1491 2941 
11048 3200 3571 2828 3628 
11049 2334 2364 3049 3123 
11050 2705 2920 3528 3669 
11051 2812 3765 3739 3832 
11052 2651 3194 2759 3306 
11053 926 925 3111 3545 
11054 713 2993 133 3596 
11055 2275 2419 2492 3043 
11056 700 1081 3670 3889 
11057 2666 3278 2919 3519 
11058 1868 2936 2107 3594 
11059 2879 3124 1684 3404 
11060 2535 2773 302 3523 
11061 2633 3344 3079 3552 
11062 148 3139 732 3324 
11063 3002 3226 2599 3614 
11064 1497 1593 1553 2857 
11065 2992 3384 3132 3671 
11066 1710 1711 3078 3154 
11067 878 1935 1922 3026 
11068 973 2898 935 3656 
11069 1155 3195 3079 3631 
11070 2706 2960 3555 3700 
11071 693 119 3348 3868 
11072 2890 3708 2622 3883 
11073 3148 3358 3104 3754 
11074 1636 2473 2526 3020 
11075 361 360 3051 3591 
11076 743 306 3028 3666 
11077 3041 3616 2800 3745 
11078 3236 3448 2784 3747 
11079 2967 3214 2737 3417 
11080 2765 3473 3241 3735 
11081 915 914 916 3026 
11082 3282 3291 3020 3768 
11083 1641 1595 3020 3282 
11084 767 3476 3399 3629 
11085 2311 2946 2357 3711 
11086 2298 2810 3103 3472 
11087 2957 3150 2732 3719 
11088 2037 3550 2082 3813 
11089 2797 2661 3320 3707 
11090 1593 2857 1497 3862 
11091 855 3033 999 3415 
11092 1527 3087 2941 3877 
11093 2908 2628 3327 3730 
11094 2274 1223 1134 3143 
11095 2840 2704 3053 3289 
11096 2651 2759 3194 3322 
11097 2189 2038 2831 3845 
11098 2635 2815 3046 3494 
11099 2700 3353 2869 3774 
11100 2808 3172 3082 3561 
11101 1161 1188 1162 3298 
11102 1592 3478 2744 3767 
11103 900 2910 898 3573 
11104 2673 2998 3018 3439 
11105 1384 1385 1363 3537 
11106 3016 3182 2692 3663 
11107 1889 1865 2133 3813 
11108 2636 2790 3342 3398 
11109 941 2584 2565 2572 
11110 2562 620 615 2732 
11111 2738 3196 3052 3850 
11112 1949 190 1937 2866 
11113 2647 2806 3297 3423 
11114 1858 1752 1667 2818 
11115 2663 3291 3282 3768 
11116 3029 3775 3105 3791 
11117 2715 3165 2989 3612 
11118 2827 3306 2628 3599 
11119 2836 3100 2645 3455 
11120 1162 1188 1165 2845 
11121 1861 2936 1868 3594 
11122 2279 2281 2283 3684 
11123 2568 3021 2586 3613 
11124 2334 3123 3049 3360 
11125 2853 2711 3581 3642 
11126 1781 1886 1863 3126 
11127 2580 2566 3057 3361 
11128 1102 1103 2986 3402 
11129 1982 1980 1981 2834 
11130 2885 3254 2628 3383 
11131 2661 2797 3456 3457 
11132 809 788 786 3833 
11133 3243 3341 2953 3343 
11134 1716 2786 1715 3501 
11135 442 1422 1454 2796 
11136 2871 3312 2221 3494 
11137 736 738 737 3060 
11138 1535 3245 3607 3879 
11139 2610 2927 2718 3371 
11140 133 689 132 2998 
11141 3014 2802 3366 3410 
11142 2630 3461 3043 3722 
11143 2728 3502 2987 3566 
11144 2610 2718 2927 3498 
11145 2461 2469 2275 3354 
11146 428 2882 1442 3440 
11147 2653 3108 3128 3864 
11148 811 2843 735 3861 
11149 2758 3199 3257 3725 
11150 137 3636 2771 3649 
11151 2029 2030 2031 2827 
11152 2661 3057 2823 3711 
11153 2685 3040 3084 3244 
11154 1077 1024 2811 3522 
11155 2430 2366 2338 3038 
11156 2798 3262 2328 3438 
11157 3272 3587 3068 3753 
11158 2782 3043 3461 3722 
11159 2635 2759 3227 3338 
11160 2595 2915 2912 3418 
11161 2792 2635 3610 3822 
11162 2619 3135 3003 3547 
11163 2605 3572 2983 3873 
11164 2967 3197 2820 3482 
11165 1485 1481 1470 3192 
11166 1146 1147 1129 2883 
11167 2600 3340 3190 3844 
11168 2952 3088 2725 3357 
11169 2591 603 2878 3819 
11170 2739 3007 3432 3724 
11171 2829 3053 3160 3605 
11172 1595 1636 1641 3020 
11173 2718 3498 2773 3583 
11174 1503 1660 1810 3263 
11175 3150 3425 1924 3719 
11176 2821 3084 2629 3737 
11177 1982 2834 1983 3376 
11178 2191 2855 1991 3671 
11179 2685 3040 3244 3353 
11180 2384 3345 2985 3674 
11181 2656 3079 3344 3552 
11182 2666 2917 3278 3519 
11183 2820 3242 2648 3576 
11184 1979 2914 1980 3203 
11185 2729 3187 3037 3222 
11186 2658 2853 3181 3551 
11187 1195 3195 2963 3838 
11188 1419 3447 2835 3866 
11189 2796 3165 2616 3662 
11190 3168 3244 2939 3353 
11191 702 3035 774 3629 
11192 2631 2838 3211 3760 
11193 2043 1967 2044 3293 
11194 2702 3703 3027 3760 
11195 2689 3307 2771 3649 
11196 2601 3070 3489 3787 
11197 889 3196 2837 3656 
11198 2023 2074 2019 3697 
11199 2759 2635 3227 3322 
11200 2056 2085 3277 3349 
11201 2703 3100 2938 3302 
11202 2408 3264 2519 3414 
11203 2649 3378 2814 3411 
11204 2519 2408 2416 3264 
11205 1464 1475 1476 2840 
11206 2295 2298 2297 3097 
11207 2015 2100 2948 3308 
11208 2661 3361 3320 3364 
11209 2923 3096 2762 3789 
11210 2483 3250 2463 3745 
11211 1127 1673 1247 3794 
11212 2834 3408 1981 3554 
11213 1124 1240 1179 2813 
11214 2353 3280 2902 3745 
11215 1633 2901 1927 3534 
11216 2793 3032 2720 3381 
11217 2764 3239 3002 3652 
11218 1336 3061 1455 3222 
11219 1179 1124 2813 3493 
11220 2752 3275 3239 3793 
11221 2717 2889 3099 3677 
11222 1922 3026 1935 3395 
11223 2231 793 2106 2945 
11224 2759 2635 3322 3338 
11225 129 3042 685 3258 
11226 635 2360 76 2493 
11227 2651 3306 2759 3322 
11228 2625 3067 3091 3840 
11229 2120 2146 2121 2819 
11230 2625 3067 3080 3829 
11231 1673 1795 1880 2816 
11232 2981 3438 2798 3542 
11233 104 3394 2927 3779 
11234 2737 3003 3135 3547 
11235 723 1897 790 3782 
11236 1236 1216 1214 3763 
11237 379 378 2873 3562 
11238 1828 1701 1827 3373 
11239 1041 2764 3275 3793 
11240 2954 3569 2794 3736 
11241 2044 2195 2911 3109 
11242 2665 2835 3360 3683 
11243 431 2976 3029 3791 
11244 3254 3383 2885 3694 
11245 431 3791 3029 3814 
11246 2643 3189 3366 3410 
11247 2826 2698 3191 3588 
11248 2770 3366 3083 3375 
11249 3290 3565 2681 3807 
11250 2643 3083 3366 3375 
11251 2869 2964 2893 3785 
11252 2800 3280 2394 3745 
11253 1132 3143 2751 3639 
11254 1801 2949 1799 3330 
11255 1522 1584 1533 2767 
11256 1491 3094 2941 3665 
11257 2605 2882 3305 3853 
11258 2227 2077 2101 3494 
11259 1140 1249 1631 3768 
11260 2660 3229 3351 3758 
11261 1606 1927 2182 3534 
11262 2914 3317 2688 3640 
11263 1313 364 1273 3619 
11264 2620 2909 3138 3762 
11265 2453 2580 2485 3057 
11266 2291 2292 2904 3706 
11267 2338 2366 2361 3242 
11268 2841 3338 2846 3822 
11269 2744 3478 1592 3582 
11270 1365 1369 1400 3802 
11271 3076 3175 2690 3559 
11272 1420 2994 1361 3698 
11273 1457 1445 2869 3785 
11274 2647 3185 2937 3673 
11275 2652 3102 2833 3598 
11276 2054 1899 2913 3253 
11277 2851 3562 2696 3708 
11278 118 693 3348 3675 
11279 1965 1966 1967 3293 
11280 1790 1848 1655 3516 
11281 2007 3495 2839 3854 
11282 2703 2938 3100 3122 
11283 1606 2182 3325 3534 
11284 1864 3217 1776 3798 
11285 442 443 2935 3511 
11286 2758 2697 3169 3823 
11287 1452 1325 1393 3192 
11288 2600 3232 2849 3475 
11289 1225 2816 1127 3794 
11290 3384 3470 3132 3671 
11291 2334 3360 3049 3866 
11292 2771 3305 3428 3661 
11293 2158 3354 3140 3630 
11294 2500 2370 2829 3438 
11295 2600 2958 3340 3844 
11296 2826 3191 2912 3588 
11297 2731 3285 3118 3439 
11298 1231 1625 1253 3020 
11299 2662 3262 2798 3843 
11300 2867 3309 2332 3472 
11301 2625 3226 3257 3265 
11302 2770 3257 3226 3265 
11303 1392 1326 3121 3435 
11304 2607 2750 3145 3626 
11305 1107 3424 2744 3478 
11306 1688 1684 3124 3404 
11307 2091 2839 2007 3495 
11308 2835 3192 1470 3345 
11309 2636 3097 2904 3533 
11310 1466 3192 1387 3698 
11311 2613 3061 3047 3634 
11312 141 678 140 3675 
11313 1448 2814 1417 3818 
11314 2730 3054 2940 3400 
11315 3363 3681 2896 3738 
11316 1735 1761 1762 2992 
11317 2622 2922 2851 3562 
11318 374 373 3094 3458 
11319 824 732 3652 3670 
11320 2031 3300 2827 3599 
11321 2622 3562 2851 3708 
11322 859 3364 2824 3397 
11323 742 2963 740 3838 
11324 2431 2366 2430 2934 
11325 1912 2475 2934 3467 
11326 1418 1416 1451 2999 
11327 1710 1712 1711 3154 
11328 605 623 2593 2737 
11329 2433 2307 2354 2981 
11330 1131 1260 1222 3645 
11331 1738 3263 3075 3830 
11332 2863 3690 784 3727 
11333 2566 2485 2580 3057 
11334 2279 3024 2281 3684 
11335 2705 3528 2822 3799 
11336 1069 1574 1507 2972 
11337 2831 2639 3240 3845 
11338 2933 3051 1524 3184 
11339 1161 1162 3102 3298 
11340 2937 745 3423 3797 
11341 2153 2163 2178 2785 
11342 2331 2868 2303 3472 
11343 2700 3326 3167 3787 
11344 2332 2331 2303 3472 
11345 1207 1206 1205 3639 
11346 2752 3358 3275 3836 
11347 2767 3208 1826 3773 
11348 2717 3059 2889 3677 
11349 719 3107 2913 3875 
11350 1536 1535 3607 3879 
11351 1875 1770 1847 2944 
11352 1645 2908 1626 3327 
11353 968 217 3134 3464 
11354 1082 1930 2230 2951 
11355 2515 2989 2414 3517 
11356 782 781 714 2938 
11357 1772 1732 1841 2987 
11358 2912 3418 2734 3441 
11359 968 969 850 3134 
11360 2602 3285 2790 3809 
11361 2758 3199 3051 3646 
11362 2627 3257 3199 3725 
11363 1013 3010 2166 3479 
11364 2689 2771 3374 3649 
11365 3457 3676 2861 3714 
11366 2226 933 866 3400 
11367 2992 3323 2688 3384 
11368 2442 3036 2345 3176 
11369 2725 3088 2952 3790 
11370 799 3059 794 3294 
11371 2791 2616 3390 3739 
11372 2099 3408 1978 3715 
11373 2694 3762 3472 3808 
11374 120 2876 679 3314 
11375 1901 2830 2151 3599 
11376 2979 3217 2668 3328 
11377 2604 2814 3212 3466 
11378 2697 3588 2912 3646 
11379 3006 3344 2843 3495 
11380 2538 1053 2261 3043 
11381 367 368 2954 3569 
11382 2725 3270 3088 3790 
11383 1225 1127 1247 3794 
11384 2724 3676 3311 3865 
11385 905 906 2957 3746 
11386 2624 3379 2988 3748 
11387 2795 3147 2626 3175 
11388 2853 3581 3181 3642 
11389 3267 3347 2654 3731 
11390 1529 3087 1527 3877 
11391 741 822 2963 3838 
11392 1350 1352 2919 3509 
11393 1271 3115 372 3465 
11394 2436 2342 2437 3219 
11395 2623 3484 2762 3824 
11396 1298 1288 1301 3377 
11397 2629 3039 2858 3084 
11398 2747 3443 3045 3727 
11399 2719 3139 3170 3607 
11400 2660 3351 2885 3352 
11401 2624 2988 2785 3748 
11402 2813 3194 1179 3493 
11403 2772 3315 2981 3542 
11404 3163 2597 3637 3729 
11405 1625 1636 1647 3020 
11406 72 970 929 3449 
11407 3205 3210 2761 3753 
11408 1415 1385 1417 3017 
11409 2846 2997 2639 3822 
11410 807 848 846 3224 
11411 2735 3066 3586 3718 
11412 2126 2967 2127 3197 
11413 2808 2640 3172 3393 
11414 3183 3330 1797 3558 
11415 1684 1740 1671 2879 
11416 1107 3478 2744 3582 
11417 2110 2937 2188 3107 
11418 1102 1094 1103 3402 
11419 2235 3214 1934 3417 
11420 2727 3223 2923 3787 
11421 431 2900 430 2976 
11422 308 2795 3079 3885 
11423 700 3670 3294 3889 
11424 1858 2818 1667 3859 
11425 2695 3409 3172 3572 
11426 2706 3010 3288 3630 
11427 2945 3059 2669 3294 
11428 2601 3096 2923 3167 
11429 2667 2879 3319 3584 
11430 442 3511 2935 3595 
11431 2771 3428 2894 3636 
11432 1244 1822 1120 3744 
11433 2193 3483 2881 3516 
11434 372 3115 3032 3465 
11435 2902 3280 2353 3577 
11436 1774 1872 2838 3806 
11437 2724 3176 2817 3372 
11438 1547 3156 378 3402 
11439 2626 3404 2879 3584 
11440 1275 373 374 2968 
11441 2805 2692 3182 3663 
11442 2761 3042 377 3434 
11443 968 3134 850 3464 
11444 1942 2154 1924 3425 
11445 2980 3018 2618 3587 
11446 1917 882 873 3197 
11447 721 2061 2921 3515 
11448 2627 3014 2802 3366 
11449 2406 2492 3461 3700 
11450 2853 3077 2711 3642 
11451 2881 2961 2626 3234 
11452 1067 1020 1084 3019 
11453 3200 3424 2690 3571 
11454 1771 1732 1772 3566 
11455 2936 3203 2914 3788 
11456 1513 1537 3119 3755 
11457 2650 2854 3656 3850 
11458 1236 1135 2953 3763 
11459 350 3174 3355 3522 
11460 1605 1915 1627 3505 
11461 910 3419 1000 3590 
11462 802 801 842 2877 
11463 2730 2610 3201 3371 
11464 1347 1329 1404 2917 
11465 2810 3762 2888 3808 
11466 727 779 780 2906 
11467 2636 3398 3097 3533 
11468 2742 3370 3073 3525 
11469 784 3443 2863 3727 
11470 781 804 2938 3596 
11471 3018 3587 3272 3753 
11472 1020 3019 1047 3389 
11473 1114 3233 1100 3299 
11474 1716 3133 2786 3501 
11475 3241 3473 2766 3735 
11476 2603 3074 2836 3625 
11477 2308 3036 3542 3751 
11478 2903 3484 2995 3795 
11479 1237 1208 3137 3341 
11480 2629 3039 3169 3840 
11481 1527 3087 1528 3578 
11482 2657 3236 2784 3731 
11483 2771 3180 2689 3374 
11484 2935 2725 3088 3357 
11485 2970 650 3313 3837 
11486 1802 1797 3330 3442 
11487 127 2986 1101 3025 
11488 2069 3066 3109 3293 
11489 2645 3122 2787 3618 
11490 948 941 2574 3647 
11491 3037 3409 2695 3572 
11492 1281 3210 1299 3633 
11493 2048 2047 2016 2856 
11494 1291 1303 363 3619 
11495 2693 2978 2831 3399 
11496 810 758 756 3249 
11497 2776 2716 3261 3487 
11498 3015 3064 2696 3149 
11499 2852 3367 2782 3722 
11500 2600 3340 2958 3849 
11501 650 632 2970 3313 
11502 2731 3118 3047 3439 
11503 787 2768 783 3539 
11504 2921 3515 3506 3699 
11505 2620 2810 3315 3762 
11506 1756 1687 2951 3859 
11507 1619 3730 3327 3741 
11508 2830 3505 3120 3741 
11509 2659 3403 2980 3587 
11510 1435 1355 1404 3252 
11511 2138 2165 2951 3286 
11512 893 2967 3197 3835 
11513 2666 3289 2840 3729 
11514 2115 2800 2116 3816 
11515 2760 3027 3593 3695 
11516 2652 3359 3102 3598 
11517 2635 3382 2815 3494 
11518 2938 3302 2768 3596 
11519 435 3532 2821 3682 
11520 2137 1655 1887 2969 
11521 1979 2914 3203 3788 
11522 1010 1061 2924 3792 
11523 2037 2961 3162 3813 
11524 361 3431 1262 3532 
11525 2668 2838 3071 3211 
11526 1300 1310 1275 2968 
11527 2834 1983 3376 3554 
11528 1041 3275 3670 3889 
11529 2665 3017 3537 3686 
11530 2693 3560 3142 3598 
11531 2149 3006 2250 3171 
11532 1163 1162 1164 3062 
11533 1434 1416 1448 3664 
11534 2686 3223 3070 3548 
11535 373 374 2968 3458 
11536 2720 3458 3032 3618 
11537 1216 1215 1214 3313 
11538 1723 1764 1721 3281 
11539 1914 2800 2115 3651 
11540 2256 2421 2142 2899 
11541 1900 1031 1955 3292 
11542 2645 3455 3100 3618 
11543 2842 2725 3377 3790 
11544 1635 3282 3504 3534 
11545 2732 2562 2910 3161 
11546 1664 1860 1844 3384 
11547 1185 1167 1186 3421 
11548 2718 3449 2930 3583 
11549 2826 2912 3191 3687 
11550 2684 3029 2848 3742 
11551 2676 3083 3065 3191 
11552 2626 2961 2881 3404 
11553 1759 2911 1830 3410 
11554 3499 3647 2737 3713 
11555 2629 3169 2925 3840 
11556 3196 3403 2837 3497 
11557 1631 2883 1249 3632 
11558 2673 3210 2895 3753 
11559 2515 2989 2282 3612 
11560 2423 2471 2422 3422 
11561 1715 3323 1714 3501 
11562 2610 3201 2718 3498 
11563 2673 3439 3018 3753 
11564 3247 3308 2891 3743 
11565 1799 3330 2949 3857 
11566 2916 3667 3037 3853 
11567 2763 3231 2715 3888 
11568 2660 3229 2885 3351 
11569 190 215 1004 3350 
11570 3177 3285 2731 3721 
11571 361 2933 2928 3591 
11572 2362 1143 2526 3020 
11573 688 131 3491 3693 
11574 1900 1009 1031 3292 
11575 431 3391 3791 3814 
11576 1842 2969 1786 3349 
11577 756 719 2913 3875 
11578 2603 3175 3076 3559 
11579 2686 2994 2884 3223 
11580 2595 3065 3083 3191 
11581 379 380 2922 3562 
11582 1982 2834 3376 3856 
11583 2754 3501 3492 3566 
11584 2071 2053 1975 3185 
11585 2317 3131 2436 3219 
11586 2667 2880 3584 3615 
11587 2999 3411 2814 3664 
11588 2704 3053 3127 3605 
11589 1585 2932 1569 3877 
11590 1601 2830 1652 3505 
11591 2698 3051 2943 3725 
11592 2645 2787 3094 3618 
11593 2931 3255 2816 3794 
11594 2858 3411 3771 3874 
11595 2612 3001 2993 3370 
11596 2916 1411 3667 3802 
11597 2820 2967 3576 3835 
11598 2656 2795 3228 3885 
11599 2880 3147 2626 3552 
11600 2674 3230 2857 3329 
11601 2684 2893 3742 3785 
11602 2664 2951 3388 3859 
11603 1944 2901 1919 3031 
11604 2505 2426 3242 3481 
11605 2957 3425 3150 3719 
11606 1474 1483 1478 3160 
11607 2761 3210 3205 3434 
11608 1013 2166 1072 3479 
11609 2865 2900 3391 3791 
11610 2816 3255 2651 3322 
11611 1121 2886 1229 3405 
11612 2560 2750 617 3485 
11613 2712 3012 2947 3174 
11614 2046 2832 3554 3782 
11615 305 104 2927 3779 
11616 1293 1309 1318 2922 
11617 783 3539 2768 3596 
11618 2447 2493 2360 3137 
11619 2492 3043 2419 3461 
11620 1047 3389 3019 3792 
11621 2623 2797 3096 3676 
11622 2922 3205 420 3434 
11623 1533 2767 1584 3773 
11624 1832 3019 1840 3276 
11625 2835 2665 3447 3683 
11626 2661 3457 2946 3567 
11627 1802 3442 3183 3870 
11628 970 3449 641 3545 
11629 1762 3384 2992 3671 
11630 147 3287 3139 3886 
11631 110 699 111 3342 
11632 2894 3374 3540 3846 
11633 2596 3001 2926 3701 
11634 1408 2893 1459 3209 
11635 2802 3083 2676 3191 
11636 3247 3344 2839 3495 
11637 3028 3060 2656 3321 
11638 955 998 2737 3499 
11639 3472 3762 2810 3808 
11640 3155 3346 2704 3766 
11641 2349 2929 2478 3738 
11642 1708 1709 1774 3221 
11643 645 652 3343 3580 
11644 950 858 902 2897 
11645 105 3394 104 3779 
11646 430 2900 431 3391 
11647 718 3253 2210 3677 
11648 363 362 2944 3216 
11649 975 890 1003 3196 
11650 2684 3105 3029 3775 
11651 927 2930 926 3620 
11652 3182 3297 2805 3601 
11653 2885 2660 3352 3803 
11654 2698 3199 3051 3725 
11655 2357 2388 2511 3510 
11656 2698 2802 3337 3704 
11657 1812 1502 1815 2943 
11658 2556 1924 2154 3719 
11659 809 2801 786 3538 
11660 884 886 3008 3679 
11661 3299 3578 1571 3582 
11662 2982 2663 3534 3546 
11663 1852 2965 1777 3401 
11664 2639 2841 3069 3696 
11665 372 3032 3458 3465 
11666 2685 2864 3168 3244 
11667 1101 1098 306 3025 
11668 2964 3252 1354 3658 
11669 2841 2639 3271 3696 
11670 2334 2364 2513 3049 
11671 2953 3341 2970 3837 
11672 445 444 3488 3541 
11673 2041 2036 2843 3820 
11674 1718 2826 3133 3386 
11675 2603 3175 2778 3685 
11676 112 3138 113 3603 
11677 2612 3528 3032 3717 
11678 2843 3653 3520 3820 
11679 111 699 134 2984 
11680 664 2730 84 3400 
11681 2661 3456 3057 3711 
11682 128 2986 3025 3258 
11683 2775 3487 2746 3720 
11684 2077 3046 2101 3494 
11685 2291 3159 2294 3706 
11686 919 2779 918 3243 
11687 2799 3506 3185 3715 
11688 2737 3135 2619 3547 
11689 887 895 893 3835 
11690 660 2940 2730 3201 
11691 1688 3056 1749 3404 
11692 1688 1686 1689 3124 
11693 1419 3866 2835 3867 
11694 2781 2664 3164 3286 
11695 3028 3060 2679 3228 
11696 2137 1790 1655 3516 
11697 1521 1498 3575 3725 
11698 2606 2858 3244 3771 
11699 1959 2067 3213 3764 
11700 1842 3349 1785 3839 
11701 3105 3709 2609 3777 
11702 1539 1862 1857 2987 
11703 2855 2992 2621 3132 
11704 377 1544 2986 3258 
11705 1215 2970 1261 3268 
11706 2011 2082 3162 3550 
11707 2948 3256 3000 3845 
11708 2903 2638 3445 3848 
11709 2823 2661 2946 3567 
11710 2323 3360 2322 3786 
11711 2419 3264 2407 3461 
11712 1839 2931 1743 3794 
11713 2427 3513 3103 3706 
11714 2841 2639 3069 3822 
11715 2018 3000 3256 3845 
11716 1900 1956 2990 3292 
11717 423 424 1300 2968 
11718 2704 3053 3160 3668 
11719 1719 3281 1726 3416 
11720 1897 723 2174 3782 
11721 2715 3336 3017 3406 
11722 2444 2470 2352 3577 
11723 3018 3068 2618 3587 
11724 2595 2912 3065 3191 
11725 2570 2580 2823 3361 
11726 2064 2138 1957 3286 
11727 3279 3491 2671 3669 
11728 2314 3372 2315 3714 
11729 2752 3215 3144 3358 
11730 1819 1795 1673 2816 
11731 894 2967 895 3547 
11732 2685 3244 3168 3353 
11733 3406 3484 2757 3795 
11734 712 3452 135 3781 
11735 2599 3226 3204 3654 
11736 3179 3489 3407 3774 
11737 1973 2070 2071 3471 
11738 2285 2288 2413 3609 
11739 1781 1864 2175 2979 
11740 2953 3580 3111 3763 
11741 2826 3191 2698 3704 
11742 2830 1621 3505 3741 
11743 2025 3045 2185 3303 
11744 1543 353 2972 3579 
11745 766 704 814 3142 
11746 2314 2436 3131 3714 
11747 2619 2777 3309 3568 
11748 2943 3051 2698 3184 
11749 1702 3373 2862 3878 
11750 2353 2902 2348 3745 
11751 3034 3204 2632 3375 
11752 1693 3050 1695 3283 
11753 1009 3292 2990 3836 
11754 2451 2544 3145 3414 
11755 2635 3046 2815 3322 
11756 2606 3244 3040 3353 
11757 728 2249 3045 3514 
11758 2914 3408 2710 3715 
11759 2622 2873 3562 3708 
11760 1762 2992 1849 3671 
11761 2780 3065 2915 3295 
11762 3228 3230 2679 3885 
11763 2946 3259 2772 3751 
11764 1433 1459 1444 2893 
11765 3011 3127 2755 3589 
11766 365 2987 3426 3502 
11767 2801 3073 2742 3450 
11768 1009 1032 3292 3836 
11769 2268 1907 2180 3469 
11770 2504 3522 3355 3765 
11771 2102 2101 2032 3274 
11772 2692 2805 3182 3420 
11773 1637 3570 1640 3712 
11774 3378 3466 2814 3818 
11775 2502 2368 2367 2903 
11776 2973 3805 2899 3847 
11777 2657 3625 3236 3731 
11778 2315 2345 2313 3176 
11779 2608 2765 3334 3473 
11780 2419 3043 3264 3461 
11781 2809 2655 3433 3661 
11782 2737 3003 896 3499 
11783 2155 1952 2229 3816 
11784 2707 3091 3067 3840 
11785 2859 3264 2630 3461 
11786 2698 3588 2933 3646 
11787 927 3449 2930 3620 
11788 190 1008 215 3350 
11789 2634 3480 2832 3703 
11790 1038 1037 1036 3793 
11791 2666 3252 2964 3774 
11792 2912 3588 3191 3646 
11793 1174 1179 1240 3194 
11794 2758 3169 2925 3823 
11795 717 734 3006 3171 
11796 2604 2923 3406 3484 
11797 1974 3185 2799 3780 
11798 2703 3279 2993 3596 
11799 2662 2985 3332 3548 
11800 2257 1330 1423 3049 
11801 218 1005 1151 3387 
11802 2637 3232 2849 3446 
11803 1275 1264 1300 374 
11804 2092 3732 2918 3825 
11805 2127 3197 2967 3482 
11806 1946 2982 3534 3546 
11807 1818 1799 2949 3857 
11808 2366 2505 3242 3467 
11809 862 953 885 3008 
11810 2735 3293 3066 3718 
11811 2020 2969 2199 3335 
11812 442 1422 2796 3818 
11813 373 2968 1275 3465 
11814 2721 3398 3097 3622 
11815 2752 3144 3215 3716 
11816 1131 3137 1260 3645 
11817 2018 3256 2948 3845 
11818 3052 3648 2738 3850 
11819 835 3099 760 3677 
11820 1620 3730 1619 3741 
11821 2884 3326 2700 3787 
11822 1984 2098 1986 3058 
11823 2743 3128 3108 3864 
11824 2604 3484 3406 3795 
11825 2664 2951 3286 3783 
11826 1236 1217 1135 3763 
11827 1847 1770 1734 2944 
11828 2831 2722 3399 3476 
11829 1481 1470 3192 3345 
11830 1995 2853 2085 3642 
11831 1491 2941 1526 3665 
11832 2660 3338 3251 3451 
11833 3055 2707 3477 3829 
11834 1175 1177 1225 3624 
11835 3158 3509 1352 3802 
11836 2495 2265 1914 3651 
11837 432 3029 2976 3742 
11838 2731 3047 2895 3439 
11839 2048 3558 2856 3617 
11840 2696 3562 2873 3708 
11841 1433 2893 1444 3785 
11842 3355 3522 2811 3765 
11843 2595 3065 2915 3586 
11844 2720 3032 3412 3618 
11845 692 139 3241 3735 
11846 2417 2523 2811 3765 
11847 1071 1069 1583 2972 
11848 1905 2350 3140 3354 
11849 1129 2883 1147 3134 
11850 2933 2698 3051 3184 
11851 1575 1106 3025 3862 
11852 2078 3218 1901 3599 
11853 2601 3167 2923 3787 
11854 3013 3422 2721 3811 
11855 2060 2913 2181 3107 
11856 1925 1066 2157 3354 
11857 3145 3485 2403 3626 
11858 2952 3357 2725 3595 
11859 2694 3472 2868 3568 
11860 1902 3253 2059 3677 
11861 3507 3525 2702 3703 
11862 1203 1225 1247 2931 
11863 3112 3347 2644 3455 
11864 105 106 2873 3042 
11865 2999 3771 3411 3874 
11866 637 3268 646 3313 
11867 896 3003 2737 3547 
11868 1523 1570 1552 3527 
11869 2981 2772 3542 3828 
11870 652 3341 2953 3837 
11871 2621 3072 2786 3726 
11872 2759 3251 3338 3451 
11873 1581 1524 3051 3184 
11874 2661 2870 3457 3567 
11875 3553 3804 3442 3870 
11876 2776 3261 2512 3301 
11877 105 979 104 3394 
11878 1354 2964 1353 3519 
11879 2733 3129 3407 3729 
11880 2836 3347 3112 3455 
11881 2836 2644 3347 3455 
11882 1371 3082 3409 3561 
11883 109 3556 3403 3587 
11884 1503 1550 1660 3263 
11885 2983 3433 2655 3661 
11886 3191 3588 2698 3646 
11887 2757 3311 2923 3786 
11888 1884 2218 1844 3384 
11889 2387 2996 655 3523 
11890 2770 3375 3204 3654 
11891 2610 3648 3052 3850 
11892 358 3067 3039 3260 
11893 2853 3349 3277 3551 
11894 2496 2825 3316 3810 
11895 2646 2822 3296 3736 
11896 1196 1195 1201 3838 
11897 2703 3618 3412 3770 
11898 352 1265 351 2935 
11899 1111 1093 303 3149 
11900 1769 3386 1734 3518 
11901 1718 1720 2826 3386 
11902 1426 3326 1451 3874 
11903 2837 2675 3679 3805 
11904 3132 3470 2799 3780 
11905 2489 1218 1130 3268 
11906 147 3139 3170 3886 
11907 1260 1208 2974 3137 
11908 1499 372 371 3381 
11909 2220 1927 1602 2901 
11910 1532 3025 1544 3258 
11911 1178 3035 3251 3761 
11912 2636 3342 3095 3808 
11913 2177 3107 2188 3471 
11914 69 2773 658 3544 
11915 886 888 3008 3679 
11916 1545 1815 1502 2943 
11917 2862 3153 2668 3328 
11918 2721 3097 3398 3533 
11919 3183 3558 2196 3697 
11920 427 1342 3440 3574 
11921 2676 3109 3066 3293 
11922 2623 2861 3131 3219 
11923 2617 3206 2870 3457 
11924 658 2773 69 3583 
11925 856 2875 122 3881 
11926 1643 1652 1601 2830 
11927 767 3399 3193 3629 
11928 2229 3250 2155 3816 
11929 2889 2717 3204 3754 
11930 1818 1799 1801 2949 
11931 665 664 84 3400 
11932 2348 2352 2347 2902 
11933 2666 3489 3252 3774 
11934 730 1891 776 3351 
11935 2830 2813 3306 3741 
11936 2858 3130 2629 3244 
11937 728 2249 789 3045 
11938 110 2860 109 3556 
11939 2822 3528 2612 3717 
11940 820 769 770 2885 
11941 106 105 2873 3394 
11942 2817 2322 3360 3786 
11943 1724 1763 3208 3337 
11944 3091 3130 144 3290 
11945 2655 3022 2894 3473 
11946 2340 2432 2433 3460 
11947 2607 3555 2750 3626 
11948 2073 2046 2832 3554 
11949 2780 2647 3295 3673 
11950 1736 2943 1763 3337 
11951 2803 3497 2659 3883 
11952 1023 1026 2947 3012 
11953 2612 2920 2993 3770 
11954 2774 3298 2949 3857 
11955 2752 3215 3358 3836 
11956 2636 2904 2980 3533 
11957 2792 3804 3553 3870 
11958 1357 1435 1360 3698 
11959 1190 3553 1192 3610 
11960 2639 3359 3000 3845 
11961 1476 3332 2840 3668 
11962 119 987 2942 3186 
11963 1905 2184 2350 3354 
11964 1454 2796 1422 3336 
11965 787 2768 3539 3833 
11966 2782 3010 2852 3722 
11967 425 424 1455 3061 
11968 440 3378 3055 3411 
11969 2325 3064 2326 3149 
11970 2279 3390 3024 3684 
11971 2428 3103 2867 3472 
11972 2171 2044 2195 2911 
11973 2666 3407 3489 3774 
11974 900 904 898 2910 
11975 1571 3087 1530 3582 
11976 2793 2720 3032 3412 
11977 954 3003 860 3547 
11978 2790 3018 2980 3556 
11979 3038 3242 2648 3692 
11980 2496 3316 2825 3860 
11981 3308 3743 3247 3820 
11982 2824 2614 3397 3567 
11983 3185 3471 2937 3673 
11984 85 84 664 2730 
11985 149 1022 676 2972 
11986 2651 3120 2931 3493 
11987 307 1112 3230 3530 
11988 1607 2212 1602 3621 
11989 2894 3540 2692 3846 
11990 2278 3488 2791 3541 
11991 2682 3106 2965 3401 
11992 2311 2357 2439 3711 
11993 606 3214 1941 3417 
11994 2742 3525 3507 3703 
11995 2009 2082 2037 3162 
11996 2763 2796 3511 3888 
11997 2670 3107 2913 3225 
11998 2869 3048 2685 3682 
11999 2664 3388 2818 3859 
12000 2665 3311 3223 3786 
12001 742 740 2963 3653 
12002 1413 2895 1437 3462 
12003 736 737 734 3321 
12004 2822 3440 2954 3736 
12005 2693 2978 3399 3560 
12006 2919 3158 2691 3509 
12007 2792 3553 3442 3870 
12008 2647 2780 3185 3673 
12009 2668 3221 2862 3328 
12010 3002 3139 2764 3652 
12011 3019 2653 3276 3527 
12012 2858 3244 3084 3874 
12013 2756 3290 3091 3827 
12014 2645 3094 2941 3455 
12015 114 3166 115 3851 
12016 2736 3204 3034 3375 
12017 2815 3255 2816 3322 
12018 2273 2751 1132 3143 
12019 2678 3117 2808 3635 
12020 3053 3289 2704 3427 
12021 2802 3191 2676 3281 
12022 863 888 2837 3403 
12023 2151 2830 2042 3599 
12024 2573 3436 2576 3688 
12025 2150 3481 3467 3482 
12026 2463 2265 2394 2800 
12027 2863 3413 784 3690 
12028 3003 3397 860 3499 
12029 2810 3103 3472 3808 
12030 1163 3102 3062 3876 
12031 2729 3409 3172 3561 
12032 2602 3011 3529 3650 
12033 2732 3150 2957 3689 
12034 2603 2795 3175 3559 
12035 118 693 119 3348 
12036 2746 2989 3165 3612 
12037 2657 2863 3236 3625 
12038 2853 2654 3277 3349 
12039 2671 3061 2968 3465 
12040 2326 2347 2389 3015 
12041 2294 2847 2302 3706 
12042 1726 3416 3281 3796 
12043 1845 1511 1659 3691 
12044 1687 1056 1082 2951 
12045 2711 3581 3086 3701 
12046 2817 3360 2376 3674 
12047 2581 2564 619 3535 
12048 2942 3320 118 3348 
12049 2805 3430 2681 3601 
12050 2610 3371 2730 3616 
12051 440 3377 3055 3378 
12052 1843 1849 1760 3416 
12053 2757 3406 2923 3484 
12054 2877 3099 2632 3249 
12055 2855 2676 3066 3687 
12056 2150 3467 2820 3482 
12057 2830 3120 2813 3741 
12058 2600 3190 3340 3593 
12059 1417 1385 1389 3336 
12060 2912 3687 2826 3726 
12061 3029 3619 2848 3742 
12062 2705 3440 2882 3799 
12063 1690 3571 3200 3628 
12064 2829 2662 3262 3385 
12065 1301 3055 440 3377 
12066 2714 3285 3380 3809 
12067 2744 3424 1746 3478 
12068 2650 2837 3196 3656 
12069 443 442 2935 3595 
12070 2418 1467 2829 3385 
12071 2602 2790 3398 3809 
12072 2973 3497 2803 3577 
12073 187 2908 188 3405 
12074 2292 2291 2904 3882 
12075 2003 2006 3483 3854 
12076 2650 2837 3656 3805 
12077 1076 1020 1046 3389 
12078 356 1288 1301 1287 
12079 2788 3013 2904 3882 
12080 2716 3024 3557 3720 
12081 2193 2103 2881 3483 
12082 2691 3158 2916 3802 
12083 2841 2635 3338 3822 
12084 2115 1914 2116 2800 
12085 2908 3387 188 3444 
12086 979 2927 104 3394 
12087 1154 2908 1153 3405 
12088 1763 3208 1815 3773 
12089 2664 2990 3104 3358 
12090 2626 2839 3234 3584 
12091 2707 3055 2842 3188 
12092 435 436 3532 3682 
12093 135 3307 2807 3452 
12094 3272 3587 3018 3693 
12095 1209 1233 3143 3496 
12096 1323 381 1292 1295 
12097 2631 2991 3027 3085 
12098 2673 3439 3047 3634 
12099 2299 2303 3315 3472 
12100 2206 2119 2036 2843 
12101 2406 2461 2492 3700 
12102 121 3314 2775 3486 
12103 141 2939 2864 3710 
12104 2814 2604 3212 3686 
12105 1553 1593 1531 2857 
12106 2696 3015 2851 3708 
12107 2669 2945 3294 3889 
12108 1372 1371 1373 3561 
12109 2324 2358 2430 3847 
12110 2809 3166 2655 3636 
12111 866 3054 2200 3400 
12112 2719 3173 3080 3829 
12113 2838 3071 3760 3821 
12114 2490 2817 2376 3674 
12115 1130 1218 1261 3268 
12116 2619 2878 2777 3135 
12117 2334 3049 2420 3866 
12118 790 2950 753 3782 
12119 876 1918 2122 3093 
12120 2800 3250 2116 3816 
12121 2458 2518 2482 3531 
12122 1827 1699 1738 3075 
12123 2084 3202 2004 3448 
12124 2498 2354 3438 3460 
12125 920 2953 922 3580 
12126 1577 1017 1563 3174 
12127 942 2200 866 3054 
12128 1379 1465 1486 2971 
12129 2627 2770 3257 3366 
12130 2746 3165 3024 3612 
12131 2297 3622 3097 3750 
12132 3065 3191 2912 3687 
12133 2705 2882 3574 3799 
12134 1350 2919 1348 3519 
12135 782 714 784 3443 
12136 1377 3117 1412 3462 
12137 2798 3438 2683 3843 
12138 2884 2994 2686 3698 
12139 2105 1928 2945 3292 
12140 115 2870 116 3364 
12141 1448 2814 1332 3411 
12142 1719 1718 1720 2826 
12143 2051 1987 2050 3217 
12144 2429 3013 2290 3811 
12145 649 2974 61 3341 
12146 350 1577 1563 3174 
12147 732 148 808 3139 
12148 2620 2909 3432 3724 
12149 2620 3589 3529 3724 
12150 2783 2672 3245 3607 
12151 766 3399 764 3560 
12152 2598 3085 2991 3317 
12153 2442 2313 2345 3036 
12154 1521 1541 1498 3725 
12155 2677 3096 2797 3356 
12156 2314 3131 3372 3714 
12157 1575 1095 1506 2986 
12158 2418 2829 3262 3385 
12159 2036 3247 2843 3820 
12160 120 3314 3186 3824 
12161 2904 3097 2721 3533 
12162 2859 3700 3461 3722 
12163 771 2850 829 3352 
12164 2643 2911 3331 3410 
12165 105 3402 3394 3779 
12166 2598 3044 3182 3237 
12167 1077 1024 1030 2811 
12168 1126 3142 1183 3876 
12169 2067 2066 1959 3213 
12170 3086 3642 2711 3732 
12171 2603 3076 3074 3559 
12172 876 943 1918 3093 
12173 2828 2644 3050 3347 
12174 1365 1366 3158 3749 
12175 1303 2848 434 3431 
12176 2842 3377 3055 3477 
12177 1121 3405 731 3761 
12178 746 2937 745 3423 
12179 2702 2834 3376 3703 
12180 2817 3548 3223 3683 
12181 3190 3340 2689 3844 
12182 2069 3109 2044 3293 
12183 2410 2878 2546 3819 
12184 2660 2850 3271 3758 
12185 1415 1417 1448 3664 
12186 1830 1759 1666 2911 
12187 1107 3233 1114 3582 
12188 1879 1739 1859 3365 
12189 352 1317 1265 2935 
12190 2762 2876 3789 3868 
12191 1102 2986 104 3402 
12192 1434 2999 1416 3664 
12193 2750 3425 3719 3863 
12194 2933 3184 1508 3518 
12195 2103 3234 2881 3483 
12196 3162 3234 2839 3584 
12197 1752 3606 2818 3859 
12198 3062 3102 2845 3359 
12199 2691 3407 2964 3705 
12200 1048 2945 1019 3292 
12201 2909 3568 2694 3762 
12202 2716 3557 3024 3684 
12203 143 144 3130 3290 
12204 2121 2819 2146 3855 
12205 2783 3245 3220 3879 
12206 1436 3047 1421 3118 
12207 3275 3358 2669 3836 
12208 1887 2969 1842 3349 
12209 306 1251 705 3838 
12210 2824 3362 3361 3364 
12211 2028 3046 2077 3312 
12212 2649 2814 3212 3771 
12213 2398 2349 2498 3460 
12214 2138 2951 1930 3783 
12215 1910 2730 664 3400 
12216 3021 3445 2638 3848 
12217 2649 3411 2814 3771 
12218 1842 1887 3349 3839 
12219 2688 2992 3384 3470 
12220 1165 1188 1189 3553 
12221 1501 3258 375 3468 
12222 2597 3289 3053 3427 
12223 2783 3220 3139 3324 
12224 950 956 858 3320 
12225 2278 3390 2791 3488 
12226 2357 3259 2388 3510 
12227 2660 3271 2846 3758 
12228 1867 2230 1853 2951 
12229 1550 2874 1509 3266 
12230 2678 3146 2929 3393 
12231 1335 3048 433 3742 
12232 366 365 2865 3814 
12233 1864 2198 2175 3217 
12234 2967 3547 2619 3576 
12235 792 2832 830 3480 
12236 365 3426 364 3502 
12237 2601 3489 3179 3787 
12238 2417 2811 3522 3765 
12239 2601 3179 3167 3787 
12240 2684 3029 2976 3775 
12241 2942 3186 2892 3445 
12242 2570 3361 2823 3368 
12243 1583 1069 1507 2972 
12244 2876 2606 3789 3868 
12245 2926 3116 2637 3446 
12246 1635 3504 1614 3534 
12247 307 1112 308 3230 
12248 949 957 2824 3647 
12249 1701 1700 1699 3075 
12250 2594 623 605 2737 
12251 3090 3257 2770 3366 
12252 2769 3033 3415 3678 
12253 976 924 651 3580 
12254 1543 1574 1536 3879 
12255 2717 3099 2889 3204 
12256 2993 3279 2703 3770 
12257 131 3122 2787 3641 
12258 1785 1842 1786 3349 
12259 2708 2976 2900 3428 
12260 2742 3370 2807 3781 
12261 1923 1941 2548 3214 
12262 2638 2776 3261 3487 
12263 2965 3106 2682 3691 
12264 1917 873 2126 3197 
12265 2820 3197 2967 3835 
12266 2352 2902 2353 3577 
12267 921 920 922 3580 
12268 2750 3555 2607 3719 
12269 1416 2999 1418 3664 
12270 2890 3068 2622 3310 
12271 3095 3342 2888 3808 
12272 2519 3414 2812 3684 
12273 1058 3010 1060 3590 
12274 3547 3576 2967 3835 
12275 3032 2612 3412 3770 
12276 1570 1504 1552 3019 
12277 2909 3003 2614 3397 
12278 1467 1474 2829 3668 
12279 2955 3631 2833 3815 
12280 3663 3672 2765 3777 
12281 2842 3055 2649 3188 
12282 2018 2015 2948 3256 
12283 2675 3429 3038 3564 
12284 2429 3422 3013 3811 
12285 1062 3012 1546 3174 
12286 2547 2545 2168 2878 
12287 3431 3532 361 3591 
12288 2890 3196 2738 3497 
12289 2452 2325 2535 2773 
12290 1391 3363 1401 3681 
12291 56 618 2561 3301 
12292 2470 2293 3141 3655 
12293 1869 1737 1832 3019 
12294 2965 3369 3106 3691 
12295 3028 3228 2679 3885 
12296 1114 309 1100 3233 
12297 2775 3270 3318 3662 
12298 857 901 2892 3573 
12299 2601 2923 3223 3787 
12300 2035 3506 2921 3515 
12301 2264 2160 2460 3140 
12302 982 917 2779 3728 
12303 2824 3397 3364 3567 
12304 2899 2393 3280 3847 
12305 148 3139 2783 3170 
12306 130 2956 3468 3641 
12307 2609 3663 3105 3777 
12308 2278 2504 2514 3355 
12309 1500 355 3170 3607 
12310 2697 3418 2925 3823 
12311 1107 1115 3424 3478 
12312 1585 1569 1529 3877 
12313 2024 3312 2846 3884 
12314 2665 2923 3406 3686 
12315 1442 3440 2882 3490 
12316 2614 3397 3003 3499 
12317 1475 3346 1477 3766 
12318 2563 615 620 2732 
12319 2418 2829 2370 3262 
12320 2851 3604 381 3680 
12321 2621 2992 2855 3416 
12322 2796 3165 2763 3511 
12323 1690 1692 3571 3628 
12324 2669 3104 3358 3754 
12325 3022 3209 2893 3705 
12326 2272 2835 2395 3867 
12327 363 2944 1556 3502 
12328 1471 2330 1468 2896 
12329 2751 3284 2341 3748 
12330 2646 3440 2822 3736 
12331 2425 2867 3242 3304 
12332 720 2937 746 3644 
12333 2463 2800 2394 3745 
12334 861 2962 887 3784 
12335 2756 3224 3151 3565 
12336 1743 2931 1839 3597 
12337 358 1516 1498 3089 
12338 1671 1677 1684 3124 
12339 2147 2967 3214 3482 
12340 2077 3312 3046 3494 
12341 2576 3021 2568 3613 
12342 3142 3193 2693 3876 
12343 2670 3151 3224 3565 
12344 1230 1213 1128 2930 
12345 2267 1118 302 3149 
12346 2305 2981 2433 3750 
12347 2295 3103 3097 3706 
12348 1236 1135 1227 3243 
12349 2317 2436 2440 3219 
12350 1427 1378 3152 3635 
12351 2364 2414 2520 3123 
12352 2870 3457 3206 3707 
12353 3183 3330 2680 3442 
12354 2629 3290 3130 3840 
12355 3209 3667 1411 3802 
12356 2188 3107 2937 3471 
12357 2701 3613 3219 3848 
12358 2913 3249 756 3875 
12359 1820 3005 1805 3382 
12360 1457 2869 1382 3658 
12361 3106 3369 2682 3691 
12362 3204 3375 2736 3654 
12363 2829 3160 2844 3605 
12364 1147 2883 1140 3768 
12365 1358 1356 1357 3658 
12366 2560 3161 2750 3485 
12367 2052 2961 3813 3858 
12368 2796 2616 3511 3662 
12369 1543 1500 354 3170 
12370 913 878 1922 3026 
12371 1547 379 378 3156 
12372 149 697 148 2972 
12373 1569 1585 1495 2932 
12374 1631 1246 1598 3632 
12375 1310 1275 2968 3465 
12376 3007 3589 2620 3724 
12377 2610 2730 3041 3616 
12378 880 990 1224 3134 
12379 1502 2943 1812 3184 
12380 306 3025 1098 3530 
12381 2949 3330 1801 3442 
12382 2901 3031 2663 3464 
12383 2585 2892 3436 3573 
12384 1470 3345 2272 3867 
12385 2775 3314 3270 3466 
12386 2081 3470 3384 3671 
12387 1983 2834 1981 3554 
12388 1519 1517 1518 3235 
12389 3292 3836 1048 3889 
12390 2643 3083 2802 3366 
12391 1531 2857 1593 3862 
12392 1150 1235 1148 3496 
12393 2751 3639 2974 3645 
12394 1339 1440 3101 3812 
12395 433 434 1303 2848 
12396 1759 1729 3189 3410 
12397 1049 819 1080 2945 
12398 990 968 218 3134 
12399 120 952 3186 3486 
12400 759 2210 1902 3677 
12401 910 3479 3288 3590 
12402 1581 2943 1502 3184 
12403 2191 2096 2855 3671 
12404 2902 3064 2610 3648 
12405 2163 2208 2178 3026 
12406 1750 1879 1859 3056 
12407 2796 3466 3165 3662 
12408 2623 3219 2903 3445 
12409 1413 1333 2895 3462 
12410 2798 2662 3843 3880 
12411 3023 3190 2689 3452 
12412 2742 3190 3023 3452 
12413 1891 2202 2123 2850 
12414 1077 1030 1026 3174 
12415 61 629 2779 3379 
12416 2601 3223 2923 3311 
12417 1091 1118 2499 3680 
12418 1896 2186 724 3500 
12419 2509 2382 2543 2777 
12420 2902 2610 3745 3850 
12421 1604 3120 1622 3493 
12422 1101 1106 1098 3025 
12423 662 2516 2400 3459 
12424 2846 3338 2635 3822 
12425 2009 2010 2011 3162 
12426 2627 3257 3090 3366 
12427 1979 1978 1980 2914 
12428 2760 3593 3340 3695 
12429 2795 3230 3228 3885 
12430 1190 1169 1166 3069 
12431 2730 3201 2940 3371 
12432 1437 1413 421 2895 
12433 2522 2899 2393 3651 
12434 2656 2789 3321 3344 
12435 2741 3283 3050 3347 
12436 1561 2972 353 3579 
12437 1190 3069 3553 3610 
12438 2634 2905 3044 3157 
12439 1415 3537 3017 3664 
12440 366 365 1540 2987 
12441 2748 3529 3011 3650 
12442 131 2787 3491 3641 
12443 2392 2973 2339 3577 
12444 2870 2614 3397 3432 
12445 2817 3223 3311 3786 
12446 3152 3363 2678 3738 
12447 437 3084 3039 3532 
12448 2220 1936 2901 3621 
12449 1236 1227 1237 3341 
12450 2778 3202 2656 3747 
12451 729 794 799 3059 
12452 2825 2663 3291 3316 
12453 1520 1516 1517 3089 
12454 2966 3153 2637 3878 
12455 2145 3214 2878 3482 
12456 787 713 783 3596 
12457 143 694 3710 3868 
12458 2649 3212 2814 3466 
12459 3034 3178 1962 3817 
12460 2680 3442 3553 3804 
12461 2744 3478 1746 3767 
12462 2091 3495 2007 3854 
12463 1400 2916 1411 3667 
12464 2887 2615 3086 3581 
12465 2717 3002 3239 3652 
12466 2916 2983 2691 3512 
12467 2644 3119 3112 3455 
12468 2141 2934 3396 3855 
12469 2675 3429 3008 3692 
12470 2686 3223 3548 3683 
12471 964 305 104 2927 
12472 2694 3453 2962 3603 
12473 1388 3049 1386 3447 
12474 1724 1727 1725 3014 
12475 1793 2815 1814 3871 
12476 2999 3040 2606 3874 
12477 2817 3372 2322 3786 
12478 3250 3616 2730 3816 
12479 2655 3473 3636 3735 
12480 1740 3319 1745 3536 
12481 3054 3371 3052 3616 
12482 2221 2135 1904 3494 
12483 1965 1962 3034 3178 
12484 125 126 881 2947 
12485 949 2824 3362 3647 
12486 765 2978 764 3399 
12487 2704 3160 3053 3605 
12488 2959 3423 2937 3673 
12489 2694 2868 3472 3762 
12490 1803 1804 1802 3442 
12491 926 925 923 3111 
12492 1209 3143 1132 3639 
12493 2395 2835 3360 3866 
12494 3044 3549 2692 3846 
12495 784 3122 130 3413 
12496 1643 1621 1652 2830 
12497 2020 3335 2090 3483 
12498 2698 3184 2933 3386 
12499 2189 2104 2021 3240 
12500 2348 2353 2352 2902 
12501 1640 3505 3120 3712 
12502 2084 3303 2185 3514 
12503 1618 3327 2813 3741 
12504 2745 3475 3221 3887 
12505 113 2809 683 3851 
12506 2647 3423 2959 3673 
12507 1682 1851 1865 3813 
12508 2573 2897 3436 3688 
12509 700 794 819 2945 
12510 724 3450 809 3500 
12511 894 893 895 2967 
12512 2660 2846 3229 3758 
12513 2543 2509 2777 3510 
12514 105 104 3402 3779 
12515 942 1926 2200 3054 
12516 146 680 145 2842 
12517 781 783 804 3596 
12518 3000 3256 2948 3359 
12519 803 709 3297 3430 
12520 1026 3012 1062 3174 
12521 145 3173 3091 3827 
12522 2402 3660 2750 3863 
12523 1849 2992 1761 3416 
12524 2668 3153 2862 3475 
12525 2119 2041 2036 2843 
12526 2796 1422 3336 3818 
12527 1063 1042 1010 3245 
12528 1176 3251 2886 3761 
12529 2821 3532 3431 3591 
12530 2073 2832 3376 3554 
12531 357 3067 358 3260 
12532 218 1246 1146 3632 
12533 1864 2198 3217 3798 
12534 1424 3152 2270 3363 
12535 2586 3021 2467 3613 
12536 2829 3438 3262 3843 
12537 107 975 106 3310 
12538 2955 3602 2667 3615 
12539 3163 3843 2662 3880 
12540 1694 1695 3050 3437 
12541 2779 2988 2624 3379 
12542 2652 2948 3256 3359 
12543 429 2954 3440 3490 
12544 1234 3268 2996 3313 
12545 360 3169 3051 3591 
12546 1925 2166 1013 3010 
12547 2862 3221 3475 3887 
12548 1229 1121 1176 2886 
12549 1742 1773 1861 3806 
12550 2346 3013 2429 3422 
12551 2838 2668 3071 3217 
12552 1974 1977 3470 3715 
12553 1551 1569 2932 3767 
12554 1930 2951 1021 3783 
12555 2721 3398 3622 3650 
12556 2607 3415 3033 3678 
12557 437 436 3084 3532 
12558 2747 3045 3514 3727 
12559 1734 2944 1770 3518 
12560 718 2210 759 3677 
12561 770 701 820 3803 
12562 1355 3252 1354 3519 
12563 2200 2226 866 3400 
12564 1093 3149 1111 3604 
12565 1099 3156 3402 3779 
12566 2601 2923 3096 3311 
12567 2716 3414 3145 3684 
12568 938 2988 962 3728 
12569 1540 1539 1857 2987 
12570 884 886 885 3008 
12571 1843 2855 3416 3796 
12572 2632 2889 3099 3204 
12573 2419 2415 2407 3264 
12574 1156 1159 1195 3195 
12575 1661 2977 1811 3830 
12576 2687 2977 3437 3830 
12577 2481 3363 3152 3738 
12578 2640 3011 3127 3172 
12579 1971 1972 1991 3132 
12580 1427 3152 3363 3635 
12581 3071 2702 3760 3856 
12582 2886 3451 2885 3803 
12583 1669 2881 1750 3516 
12584 882 874 883 3197 
12585 2188 2110 1898 2937 
12586 2998 3634 3491 3669 
12587 2661 2861 3456 3711 
12588 1510 1875 2944 3518 
12589 720 745 746 2937 
12590 149 1022 1028 676 
12591 1128 304 1230 3620 
12592 380 381 2851 3604 
12593 2691 3509 3158 3802 
12594 106 2873 3310 3394 
12595 2307 2981 2305 3542 
12596 795 809 786 3538 
12597 2568 2586 2467 3613 
12598 2927 2610 3648 3800 
12599 2635 2871 3382 3494 
12600 1171 1187 1168 3421 
12601 2658 3608 2966 3659 
12602 866 933 988 3400 
12603 2250 2149 1893 3006 
12604 2867 3103 3453 3472 
12605 846 3224 757 3249 
12606 2734 3418 2915 3601 
12607 738 3690 3060 3727 
12608 960 946 894 3417 
12609 1208 1237 1227 3341 
12610 3094 3458 2720 3618 
12611 922 2953 853 3763 
12612 2031 2032 2029 3300 
12613 2669 3213 3104 3754 
12614 2658 3273 2926 3581 
12615 1660 1827 1810 3263 
12616 2786 3492 3133 3726 
12617 2644 3200 2932 3877 
12618 2848 3742 3048 3777 
12619 918 2779 917 3526 
12620 1722 3337 1723 3704 
12621 2929 3393 3146 3650 
12622 1546 1062 1071 3012 
12623 2160 2960 2159 3140 
12624 2460 1905 2350 3140 
12625 3233 3299 1114 3582 
12626 1509 2874 1515 3392 
12627 753 2950 790 3515 
12628 1035 3388 3215 3783 
12629 1611 1650 1645 3444 
12630 2669 3836 3292 3889 
12631 2671 2968 3061 3634 
12632 3022 3512 3209 3705 
12633 1515 2874 3263 3638 
12634 1348 2919 3278 3519 
12635 2636 3103 2847 3706 
12636 2258 2398 2500 2844 
12637 1277 1307 3210 3434 
12638 1852 1777 1706 3401 
12639 3425 3660 1942 3863 
12640 2618 3068 3018 3753 
12641 2929 3146 2748 3650 
12642 2579 2574 941 2572 
12643 1804 3442 2792 3744 
12644 364 363 3216 3619 
12645 1406 1336 1455 3222 
12646 1119 1818 2949 3857 
12647 1150 3143 1233 3496 
12648 1185 3062 3193 3876 
12649 2656 3344 2839 3552 
12650 2670 3151 3586 3759 
12651 2699 3029 2865 3426 
12652 140 3420 2805 3627 
12653 3133 3492 2641 3726 
12654 2976 3775 3029 3791 
12655 1969 1966 3225 3718 
12656 2570 2823 2589 3368 
12657 1982 1981 1983 2834 
12658 2494 2812 2519 3765 
12659 2909 3397 2614 3432 
12660 2897 3320 2661 3361 
12661 2709 3090 3366 3778 
12662 2936 3203 2033 3594 
12663 917 2988 2779 3728 
12664 2709 3090 3778 3864 
12665 2419 3043 2415 3264 
12666 1848 1786 2969 3365 
12667 420 3125 1437 3205 
12668 981 853 920 2953 
12669 2680 3442 2949 3553 
12670 2745 3401 3106 3887 
12671 1614 3504 2901 3534 
12672 2384 1469 1472 2985 
12673 2930 3449 927 3545 
12674 2775 3486 2995 3487 
12675 2928 2697 3441 3591 
12676 2576 2581 2568 3021 
12677 834 750 751 2806 
12678 727 779 2906 3825 
12679 2693 2948 2978 3598 
12680 2698 3051 3199 3646 
12681 1810 1811 1503 3263 
12682 1682 3063 3319 3813 
12683 109 110 862 2860 
12684 2599 3144 3148 3358 
12685 2903 2995 2746 3795 
12686 2809 3138 113 3269 
12687 1902 2210 2059 3253 
12688 353 3357 2952 3595 
12689 371 3032 372 3115 
12690 1405 1406 3118 3222 
12691 2087 3181 1994 3551 
12692 2782 3461 3700 3722 
12693 2703 3122 3100 3618 
12694 2934 3038 2675 3692 
12695 1691 2828 3365 3571 
12696 1154 1138 2908 3327 
12697 2748 3460 2981 3750 
12698 350 3355 2791 3541 
12699 2302 3038 2338 3513 
12700 2732 3657 904 3746 
12701 1418 3664 3326 3734 
12702 2709 3366 3014 3778 
12703 2835 3866 2395 3867 
12704 2628 3113 2813 3306 
12705 2199 2969 1887 3349 
12706 1547 1562 1582 3402 
12707 2066 2889 1963 3817 
12708 2617 3163 3030 3880 
12709 1018 3585 2852 3590 
12710 371 370 3638 3717 
12711 739 3321 2789 3861 
12712 1899 2181 2060 2913 
12713 1230 1212 2930 3620 
12714 3104 3148 2736 3463 
12715 1547 1099 3156 3402 
12716 2607 3161 2732 3657 
12717 2994 3447 1383 3537 
12718 2394 3280 2800 3651 
12719 118 2942 858 3320 
12720 2272 2521 2395 2835 
12721 2606 2939 3244 3353 
12722 352 1317 2935 3595 
12723 1224 1235 1137 3248 
12724 116 3241 117 3707 
12725 2958 2689 3340 3844 
12726 2024 2846 3758 3884 
12727 3242 3304 2820 3481 
12728 2573 2585 2576 3436 
12729 3440 3574 2882 3799 
12730 2522 2421 2899 3651 
12731 2886 3113 2628 3451 
12732 1508 2933 1524 3184 
12733 3037 3409 1395 3749 
12734 2052 2961 2037 3813 
12735 2024 2022 2026 3758 
12736 1169 3069 1190 3610 
12737 2491 3015 2470 3141 
12738 2763 3231 2411 3612 
12739 2677 3353 2939 3789 
12740 2850 2660 3271 3352 
12741 987 858 118 2942 
12742 2939 3168 2864 3244 
12743 2669 3358 2990 3836 
12744 2814 3336 3017 3818 
12745 2832 3376 3554 3703 
12746 2729 3172 2808 3561 
12747 2859 3626 2405 3700 
12748 802 842 833 3099 
12749 2817 3683 3223 3786 
12750 856 3415 2875 3881 
12751 2646 2882 3440 3490 
12752 2407 2408 2405 3461 
12753 2889 3213 3059 3754 
12754 2687 3119 2977 3755 
12755 1467 2829 3385 3668 
12756 1205 3526 1210 3639 
12757 2522 2899 3238 3847 
12758 433 1335 434 3048 
12759 1102 104 1094 3402 
12760 1654 1631 2883 3768 
12761 2648 3429 3008 3784 
12762 2653 3019 3276 3769 
12763 3275 3294 2764 3889 
12764 2060 2054 1899 2913 
12765 2603 3685 2778 3747 
12766 2674 3299 3233 3582 
12767 2338 3242 2361 3513 
12768 867 2172 897 3689 
12769 2342 2438 2437 3711 
12770 850 969 914 2907 
12771 2784 3335 3267 3685 
12772 1424 2270 2455 3363 
12773 2043 2911 2171 3331 
12774 806 3452 712 3781 
12775 2707 3173 2842 3477 
12776 1832 1840 1679 3276 
12777 2962 3603 3453 3784 
12778 2950 2634 3157 3480 
12779 822 1248 704 3142 
12780 2682 3106 3401 3887 
12781 2185 3303 3045 3514 
12782 1415 1385 3017 3537 
12783 2955 3298 2652 3503 
12784 2808 3561 1373 3834 
12785 2826 3281 3191 3704 
12786 2905 3540 3374 3846 
12787 3376 3760 2702 3856 
12788 2290 3811 3013 3882 
12789 2674 3074 3076 3559 
12790 2647 2937 3423 3673 
12791 2718 3201 2610 3371 
12792 2985 2662 3176 3548 
12793 2577 2584 974 2578 
12794 729 3059 799 3677 
12795 1527 1542 1514 3119 
12796 1054 3207 2924 3454 
12797 1851 1751 1865 3858 
12798 3049 3447 1388 3866 
12799 2637 2862 3373 3878 
12800 2658 3126 3009 3551 
12801 2714 3269 3138 3873 
12802 2977 3119 2644 3877 
12803 2384 1472 2259 2985 
12804 630 67 59 3728 
12805 1987 3217 3071 3733 
12806 2798 2981 3542 3828 
12807 632 3268 2970 3313 
12808 2771 3636 3374 3649 
12809 1299 1281 1277 3210 
12810 1464 1480 1347 3278 
12811 2862 3232 2682 3887 
12812 2958 3340 2726 3849 
12813 2341 3284 3469 3748 
12814 2655 3473 2894 3636 
12815 3071 3211 2838 3760 
12816 2754 3317 3323 3521 
12817 2483 3041 3250 3745 
12818 604 2878 2547 3214 
12819 2281 3024 3557 3684 
12820 308 1123 1155 3079 
12821 2894 3636 3473 3735 
12822 1784 1825 3009 3608 
12823 2220 2901 1602 3621 
12824 747 2959 803 3297 
12825 3119 3381 1513 3755 
12826 2680 3442 3804 3870 
12827 1318 1316 1285 2922 
12828 3117 3462 2731 3834 
12829 2648 3038 2847 3513 
12830 2717 3239 3204 3754 
12831 959 2852 1000 3419 
12832 2336 2751 628 3645 
12833 1729 1758 1759 3189 
12834 1569 1495 1551 2932 
12835 2688 3323 3317 3521 
12836 1494 1679 1833 3276 
12837 2832 3480 3023 3703 
12838 3219 3445 2623 3456 
12839 786 3538 2801 3833 
12840 1245 1674 1819 3005 
12841 2483 3250 3041 3459 
12842 2483 2265 2463 3250 
12843 2983 3129 2655 3433 
12844 2599 3204 3239 3754 
12845 1131 1222 2465 3645 
12846 2165 1853 2230 2951 
12847 1102 127 698 2986 
12848 2706 3756 3288 3801 
12849 2691 3209 3509 3802 
12850 2307 2305 2306 3542 
12851 3076 3267 2828 3826 
12852 1506 1103 1582 2986 
12853 2428 3103 2427 3513 
12854 2661 3457 2870 3707 
12855 2638 2995 2903 3445 
12856 2661 3457 2861 3711 
12857 2677 3168 2939 3353 
12858 1330 3049 2257 3592 
12859 3070 3332 2686 3548 
12860 1238 1182 3702 3857 
12861 1682 3319 1851 3813 
12862 1912 2934 2140 3467 
12863 2673 3491 2968 3641 
12864 1297 2954 1272 3842 
12865 2560 2750 3161 3719 
12866 1431 435 434 3048 
12867 904 2910 900 3657 
12868 1625 1231 1603 3768 
12869 2658 2887 3181 3581 
12870 368 1272 2954 3842 
12871 781 782 780 3443 
12872 112 113 3138 3269 
12873 927 926 2930 3545 
12874 190 1004 1948 3350 
12875 665 1910 664 3400 
12876 2839 3234 2007 3854 
12877 2792 3822 3804 3870 
12878 3180 3374 2771 3428 
12879 2856 3503 3063 3550 
12880 2752 3239 3275 3358 
12881 2669 3275 3239 3358 
12882 901 3436 2892 3573 
12883 2138 1916 2165 3286 
12884 2905 3023 2634 3695 
12885 2773 3201 658 3544 
12886 2224 2159 2160 2960 
12887 1544 1532 1575 3025 
12888 1099 3402 1094 3779 
12889 3049 3123 2665 3360 
12890 3105 3775 2894 3846 
12891 2660 2850 3351 3352 
12892 2652 2833 3102 3815 
12893 2801 3058 3500 3507 
12894 1901 2078 2130 3218 
12895 2973 3280 2650 3577 
12896 375 3258 376 3468 
12897 3001 3412 3116 3446 
12898 2159 3140 2960 3756 
12899 3167 3179 2601 3356 
12900 1047 3019 1067 3792 
12901 3086 3581 2615 3701 
12902 3207 3454 1038 3793 
12903 2713 3056 2881 3516 
12904 2780 3718 3066 3780 
12905 2604 3165 2796 3466 
12906 2624 3143 2751 3284 
12907 1690 3200 1748 3628 
12908 428 429 2954 3440 
12909 3120 3505 2975 3712 
12910 2799 2710 3506 3715 
12911 428 1342 1442 2882 
12912 376 3258 2956 3468 
12913 2175 1886 1781 2979 
12914 2949 3330 2774 3857 
12915 2060 2181 2246 3107 
12916 1821 1839 1743 3794 
12917 2648 2847 3038 3429 
12918 2652 3102 2845 3298 
12919 2791 3355 350 3543 
12920 867 906 945 2957 
12921 904 3657 1001 3746 
12922 3051 3199 2758 3725 
12923 2633 2839 3247 3344 
12924 2620 3138 2909 3724 
12925 1158 1159 1156 3815 
12926 1465 1486 461 1379 
12927 1009 2990 1033 3836 
12928 2622 3310 2873 3708 
12929 2271 2982 1909 3531 
12930 2795 2626 3147 3552 
12931 3055 3260 2707 3829 
12932 2312 2342 2436 2861 
12933 2203 2109 1915 3505 
12934 2889 2736 3204 3817 
12935 1143 3020 2362 3860 
12936 2611 3180 2900 3428 
12937 3138 3724 2755 3873 
12938 743 127 306 3666 
12939 1900 1050 283 1009 
12940 2814 3411 3378 3818 
12941 1032 1009 1033 3836 
12942 2038 1903 2189 3600 
12943 2443 2515 2414 3517 
12944 2662 3053 3163 3729 
12945 2311 2309 2357 2946 
12946 2692 3105 3016 3663 
12947 2645 3094 3455 3618 
12948 1476 2840 1475 3668 
12949 2081 3132 3470 3671 
12950 2751 3143 2624 3639 
12951 2836 3347 3267 3731 
12952 428 1442 429 3490 
12953 376 3042 2956 3258 
12954 1031 282 1900 1955 
12955 2651 2813 3194 3306 
12956 1197 1123 309 2880 
12957 1948 1607 1599 3621 
12958 859 949 2824 3364 
12959 2431 2430 2484 3238 
12960 2600 3106 3340 3849 
12961 1878 2881 1669 3858 
12962 2742 2807 3452 3781 
12963 2631 2936 3521 3806 
12964 2323 3123 2334 3360 
12965 3035 3271 2722 3421 
12966 142 3290 3430 3807 
12967 2882 3305 2708 3490 
12968 888 889 863 2837 
12969 1640 1623 3120 3505 
12970 2708 3209 3022 3512 
12971 2603 3625 2836 3731 
12972 741 1196 822 3838 
12973 2718 3201 2773 3498 
12974 1887 1655 1842 2969 
12975 1457 1414 2869 3658 
12976 3175 3483 2778 3685 
12977 62 2751 627 3379 
12978 1921 2243 2172 2957 
12979 2820 3467 2150 3855 
12980 2664 3215 2990 3358 
12981 2670 3586 3225 3759 
12982 2338 2361 2359 3513 
12983 845 775 767 3476 
12984 3008 3429 2860 3784 
12985 1640 3120 1623 3712 
12986 2156 2208 1945 3031 
12987 282 1900 1009 1031 
12988 2807 3370 2742 3844 
12989 1277 3210 377 3434 
12990 1697 2966 1782 3608 
12991 1010 2924 1054 3792 
12992 1672 1792 2975 3712 
12993 1748 1668 2932 3767 
12994 2400 2483 2503 3544 
12995 308 3230 2795 3885 
12996 3048 3742 2684 3777 
12997 2908 3327 1645 3730 
12998 1778 1776 1779 3328 
12999 1631 1603 1140 3768 
13000 2842 3188 2649 3270 
13001 1888 1669 2881 3858 
13002 2671 3491 3634 3669 
13003 2871 3183 3697 3870 
13004 943 235 1918 874 
13005 1889 1682 1865 3813 
13006 2112 2118 2111 2854 
13007 428 3440 1442 3490 
13008 2764 3139 3220 3324 
13009 1755 1115 1092 3478 
13010 2188 2937 2071 3471 
13011 1769 3184 3386 3518 
13012 1393 1419 2835 3867 
13013 2312 2861 2436 3714 
13014 431 2976 432 3029 
13015 2661 2946 3457 3711 
13016 1898 2937 720 3644 
13017 1669 1878 1750 2881 
13018 1514 1513 1537 3119 
13019 1346 3101 2477 3772 
13020 2672 3220 2783 3245 
13021 141 2864 3430 3710 
13022 2281 3024 2282 3557 
13023 2612 2993 3001 3770 
13024 2429 2346 2290 3013 
13025 2625 3080 3257 3614 
13026 1035 3215 1033 3783 
13027 1849 1761 1760 3416 
13028 1948 1599 3350 3621 
13029 3102 3359 2693 3598 
13030 2258 2379 2398 2844 
13031 2919 2704 3289 3427 
13032 1412 3117 1377 3834 
13033 2617 2797 3206 3457 
13034 977 2577 869 974 
13035 134 133 2920 2984 
13036 2719 3477 3173 3829 
13037 2618 2790 3533 3721 
13038 2059 1963 2066 2889 
13039 2932 3087 2744 3767 
13040 2075 2221 1904 2871 
13041 1878 3404 2881 3858 
13042 1962 1964 1965 3034 
13043 2721 3097 2904 3811 
13044 1922 2208 2156 3026 
13045 2427 2294 2302 3706 
13046 1537 1548 1573 2977 
13047 1796 3183 1797 3558 
13048 2066 3213 2889 3817 
13049 2972 3012 126 3579 
13050 365 1539 2987 3502 
13051 142 3430 3290 3710 
13052 2657 3236 2863 3443 
13053 3804 3822 2997 3870 
13054 2273 2336 2486 2751 
13055 3 64 628 2341 
13056 1214 3313 1213 3763 
13057 2612 2793 3412 3446 
13058 938 878 915 3026 
13059 2108 1957 2138 3783 
13060 147 3139 3287 3652 
13061 1165 1190 3069 3553 
13062 2048 2856 2016 3617 
13063 2342 2861 2312 3711 
13064 2488 2896 3681 3738 
13065 2643 3366 2802 3410 
13066 2661 2797 3457 3707 
13067 824 3652 3294 3670 
13068 143 807 144 3290 
13069 1154 1226 1240 3113 
13070 142 693 141 2939 
13071 967 1090 1018 3585 
13072 2488 3681 3363 3738 
13073 1848 1808 1786 3365 
13074 2621 3072 3295 3640 
13075 2774 2856 3330 3474 
13076 3090 2709 3366 3654 
13077 1879 1689 1739 3571 
13078 1606 3325 1635 3534 
13079 2965 2682 3401 3691 
13080 965 850 914 3031 
13081 2841 3421 1168 3696 
13082 2092 2918 2055 3825 
13083 2779 3243 919 3343 
13084 1652 2830 1621 3505 
13085 2773 658 3201 3583 
13086 2608 3407 3129 3705 
13087 2914 1979 3715 3788 
13088 2954 3440 2822 3842 
13089 1962 3178 2068 3463 
13090 2677 3167 3096 3356 
13091 2861 3219 2623 3456 
13092 978 980 932 3054 
13093 1149 2825 3291 3860 
13094 1318 1309 419 2922 
13095 2600 3027 3190 3593 
13096 1712 1714 1713 3566 
13097 2695 3172 3127 3572 
13098 2151 1601 1627 3505 
13099 2308 2310 3036 3751 
13100 121 679 144 3188 
13101 2036 2091 2206 3495 
13102 105 3042 2873 3402 
13103 1118 3149 2267 3680 
13104 432 2976 1340 3742 
13105 2099 1976 3506 3715 
13106 2401 2402 2750 3863 
13107 821 3443 784 3727 
13108 860 3003 896 3547 
13109 2876 2939 2606 3868 
13110 3143 3496 2825 3810 
13111 3288 3479 3010 3590 
13112 1262 1296 1304 3431 
13113 139 692 116 3735 
13114 3016 3105 2699 3709 
13115 2633 3615 2880 3631 
13116 2652 3598 2833 3743 
13117 2697 3418 2912 3441 
13118 2621 2826 3416 3687 
13119 2626 2961 3404 3584 
13120 1098 3025 1106 3862 
13121 2429 2318 3422 3811 
13122 132 688 131 3491 
13123 2610 2773 3201 3498 
13124 2636 2790 3398 3533 
13125 1546 1583 1561 3012 
13126 2272 2384 2521 3345 
13127 3453 3603 3095 3784 
13128 1361 2994 1383 3537 
13129 2695 3158 3155 3749 
13130 1882 2131 2214 3331 
13131 1603 1231 1140 3768 
13132 1033 2990 1009 3783 
13133 2934 3242 2820 3467 
13134 2743 3257 3080 3614 
13135 3168 3627 3241 3675 
13136 2842 3173 2707 3188 
13137 2974 3379 2779 3639 
13138 1999 2000 3277 3335 
13139 120 121 952 3486 
13140 2020 2090 2193 3483 
13141 1697 1700 1782 2966 
13142 750 3297 709 3420 
13143 1059 2852 1018 3585 
13144 1452 2994 1420 3192 
13145 2065 2213 2064 3286 
13146 1888 2881 1669 3516 
13147 2718 3449 928 3620 
13148 771 770 730 3351 
13149 2649 3055 3411 3771 
13150 2662 2798 3262 3880 
13151 990 1129 1224 3134 
13152 131 714 804 3122 
13153 753 2950 3157 3480 
13154 1397 3155 3082 3869 
13155 2220 2212 1936 3621 
13156 833 842 758 3249 
13157 2277 3390 2278 3488 
13158 1514 1513 3119 3381 
13159 1370 1395 3037 3409 
13160 1023 1014 126 2947 
13161 1546 3012 351 3174 
13162 2393 2899 2522 3847 
13163 311 3124 310 3424 
13164 723 790 753 3782 
13165 2349 2434 2319 3738 
13166 1276 350 1308 3541 
13167 2725 3378 2796 3662 
13168 1936 2212 215 3621 
13169 1402 1346 2477 3772 
13170 127 1102 698 1101 
13171 2258 2500 2418 2829 
13172 2725 3088 3270 3662 
13173 2805 3420 2692 3663 
13174 2750 3660 3425 3863 
13175 2848 2684 3742 3777 
13176 2798 3163 3007 3828 
13177 1979 1978 2914 3715 
13178 2613 3439 2998 3634 
13179 2800 3616 3250 3816 
13180 1358 1426 1414 3040 
13181 2833 3102 2693 3598 
13182 2276 3488 2278 3541 
13183 910 3419 3288 3801 
13184 2647 3295 2915 3601 
13185 1795 1880 2816 3794 
13186 2785 65 3469 3748 
13187 1302 1297 429 2954 
13188 2161 1946 1909 3325 
13189 435 3048 1431 3682 
13190 2601 3096 3167 3356 
13191 906 945 2957 3801 
13192 1621 3120 1623 3505 
13193 742 741 2963 3838 
13194 2622 3068 2890 3883 
13195 2231 2106 1928 2945 
13196 1526 2941 1527 3578 
13197 2655 2766 3473 3735 
13198 2752 3207 3144 3716 
13199 1231 3020 1241 3768 
13200 2755 3529 3589 3724 
13201 1688 1750 1749 3056 
13202 741 822 742 2963 
13203 1548 1503 1811 3263 
13204 2052 3813 2133 3858 
13205 2830 3218 1643 3741 
13206 1816 1843 1765 3796 
13207 1897 2950 2045 3515 
13208 1121 2886 3405 3761 
13209 3456 3457 2797 3676 
13210 2193 2881 1888 3516 
13211 2073 3376 2832 3500 
13212 646 655 2363 3268 
13213 2902 2650 3280 3577 
13214 3066 3293 1968 3718 
13215 2786 3133 2826 3726 
13216 2888 3398 3342 3809 
13217 1428 3490 1334 3667 
13218 1645 3444 2908 3730 
13219 1614 2901 1633 3534 
13220 2747 3303 3236 3747 
13221 2611 3374 3180 3428 
13222 2723 3520 2978 3560 
13223 3032 3458 2671 3770 
13224 2323 2322 3372 3786 
13225 2562 619 620 2910 
13226 2405 3461 2859 3700 
13227 728 1894 2249 3514 
13228 2635 2846 3312 3338 
13229 2836 2645 3100 3625 
13230 797 3423 2921 3644 
13231 2648 2847 3453 3513 
13232 2678 3146 3393 3650 
13233 373 3458 2968 3465 
13234 1186 1187 3035 3421 
13235 1344 1424 2455 3363 
13236 1862 1772 1857 2987 
13237 1103 1094 1099 3402 
13238 919 982 2779 3343 
13239 1545 1502 1581 2943 
13240 2595 3191 3083 3199 
13241 2064 2065 3286 3463 
13242 1801 3330 1797 3442 
13243 2004 2005 2003 3854 
13244 2889 2736 3213 3754 
13245 3309 3472 2867 3568 
13246 2652 2948 3359 3598 
13247 2175 2050 1886 2979 
13248 114 3397 2909 3851 
13249 1522 1523 1584 3108 
13250 2713 3483 3175 3685 
13251 2309 2946 2311 3751 
13252 2652 2845 3102 3359 
13253 109 2998 689 3556 
13254 1640 3570 2975 3712 
13255 2990 3358 3215 3836 
13256 2009 2011 2082 3162 
13257 3048 3742 1335 3785 
13258 2539 2437 3219 3848 
13259 1397 2971 3155 3869 
13260 2908 3383 188 3405 
13261 2050 2215 1886 2979 
13262 1111 3604 3149 3680 
13263 3018 3439 2998 3831 
13264 798 3045 780 3443 
13265 1812 2943 1736 3184 
13266 2629 3084 2858 3244 
13267 3002 2717 3287 3652 
13268 2192 768 2149 3171 
13269 1147 3134 2883 3291 
13270 2199 2020 2137 2969 
13271 2634 3023 3190 3695 
13272 2798 3751 3036 3828 
13273 3103 3513 2847 3706 
13274 2117 3238 2899 3723 
13275 974 2578 2584 3436 
13276 3011 3172 2640 3393 
13277 2882 3440 1342 3574 
13278 2607 2732 3415 3657 
13279 2519 2812 2494 3684 
13280 1553 3299 2857 3578 
13281 2619 3309 2867 3568 
13282 2648 3453 2962 3576 
13283 2595 3265 3151 3565 
13284 2343 2517 2410 2878 
13285 1640 2975 3505 3712 
13286 2633 3247 2891 3743 
13287 2863 3443 3236 3727 
13288 1193 1177 1194 3624 
13289 215 3350 1008 3621 
13290 3082 3155 2971 3869 
13291 2634 3190 3023 3703 
13292 928 2940 929 3449 
13293 730 2125 1891 3351 
13294 2760 3339 3340 3740 
13295 893 894 873 2967 
13296 1000 2852 967 3590 
13297 2959 3297 747 3423 
13298 2084 2040 2004 3202 
13299 2409 3145 2512 3485 
13300 660 71 2940 3449 
13301 1781 1780 2979 3126 
13302 1831 1672 1792 2975 
13303 2696 3498 2927 3779 
13304 2339 2301 3159 3564 
13305 2278 3390 2494 3765 
13306 1184 1126 1183 3876 
13307 2996 3523 2773 3583 
13308 2456 2457 2321 3325 
13309 2771 3374 2894 3428 
13310 2611 3105 3775 3791 
13311 3100 3122 2645 3618 
13312 2798 3542 3751 3828 
13313 190 2866 189 3350 
13314 2607 3415 2875 3657 
13315 359 1541 360 3051 
13316 901 902 2892 3436 
13317 2563 615 2732 3150 
13318 1476 1473 3332 3668 
13319 1224 1148 1235 3134 
13320 2826 2698 3386 3704 
13321 742 3560 817 3653 
13322 2920 3279 2993 3770 
13323 757 3249 3224 3875 
13324 2384 1469 2985 3345 
13325 3110 3276 1809 3769 
13326 2798 3542 3036 3751 
13327 2606 2939 3353 3789 
13328 773 774 702 3035 
13329 1949 2866 2232 3694 
13330 376 1277 1281 3210 
13331 1539 1862 2987 3502 
13332 1483 2844 3160 3757 
13333 1816 1765 3109 3796 
13334 1112 1097 1100 3299 
13335 1213 1230 1212 2930 
13336 2419 2275 2538 3043 
13337 2811 3355 3174 3522 
13338 1442 3490 2882 3667 
13339 2413 2346 2471 3101 
13340 1889 2173 1806 3063 
13341 2630 2859 3461 3722 
13342 1056 1055 2951 3388 
13343 2616 3662 3165 3720 
13344 2328 2354 2307 3438 
13345 2939 3789 2606 3868 
13346 1846 1798 3536 3852 
13347 1631 1249 1246 3632 
13348 129 2956 3042 3258 
13349 841 702 774 3629 
13350 743 3028 818 3666 
13351 2783 3170 3139 3607 
13352 1594 1637 1640 3712 
13353 2889 3204 2736 3754 
13354 2064 3286 3104 3463 
13355 3030 3070 2662 3729 
13356 66 2988 2785 3395 
13357 2698 2826 3386 3588 
13358 2127 3197 3482 3855 
13359 1054 2924 1042 3454 
13360 862 886 888 3008 
13361 2916 3667 3209 3802 
13362 2267 2499 1118 3680 
13363 2675 3238 2934 3396 
13364 1370 1395 3409 3749 
13365 3379 3526 2779 3639 
13366 2626 3552 2839 3584 
13367 2659 3497 2890 3883 
13368 2483 3459 3041 3544 
13369 2018 2948 2038 3845 
13370 2011 2891 2014 3550 
13371 2896 3435 1471 3681 
13372 1167 3062 1164 3696 
13373 3118 3285 2731 3834 
13374 2601 3311 3096 3865 
13375 811 3653 2843 3861 
13376 2999 3212 2814 3771 
13377 1829 1748 2932 3628 
13378 3314 3486 3186 3824 
13379 2562 2732 615 3719 
13380 1805 1820 1674 3005 
13381 1859 3365 1848 3516 
13382 2593 2737 623 3713 
13383 3270 3466 3378 3662 
13384 2661 2823 3057 3361 
13385 2679 3230 2857 3530 
13386 1419 1383 1452 3447 
13387 2330 2896 1471 3681 
13388 877 238 2111 1920 
13389 753 816 751 3157 
13390 1413 422 421 2895 
13391 1176 2886 1121 3761 
13392 2856 3474 3256 3617 
13393 2056 2085 1998 3277 
13394 357 3067 3260 3829 
13395 1297 428 429 2954 
13396 2596 3302 3001 3701 
13397 931 3371 2927 3800 
13398 2674 3087 2941 3578 
13399 1552 1679 1494 3276 
13400 2629 2864 3114 3737 
13401 1333 422 1413 2895 
13402 2418 2500 2370 2829 
13403 2741 3050 3112 3347 
13404 1795 2816 3255 3794 
13405 2444 2392 2339 3577 
13406 1633 1927 1606 3534 
13407 1352 1349 1350 2919 
13408 2845 3359 2652 3474 
13409 131 804 132 3596 
13410 1064 3220 3245 3879 
13411 3310 3394 2873 3708 
13412 365 3426 2865 3814 
13413 428 429 3440 3490 
13414 2202 2104 2850 3758 
13415 362 361 1508 2933 
13416 1339 419 1440 3812 
13417 1442 2882 1399 3667 
13418 2366 2505 2361 3242 
13419 1757 1756 1853 2951 
13420 1575 3025 1532 3862 
13421 2605 3187 3380 3873 
13422 2063 789 2249 3045 
13423 370 369 1515 3638 
13424 2906 3732 2062 3825 
13425 2013 2014 2011 2891 
13426 2224 3425 2960 3660 
13427 2721 3398 3177 3721 
13428 1566 3245 1535 3879 
13429 1913 2899 2117 3238 
13430 3298 3702 2955 3815 
13431 2681 3601 3430 3807 
13432 1342 1399 2882 3574 
13433 857 902 987 2892 
13434 2438 2453 2485 3057 
13435 1888 2881 2103 3858 
13436 1107 310 1114 3233 
13437 1378 1380 1427 3152 
13438 2961 3234 3162 3584 
13439 365 364 1539 3502 
13440 2671 3115 3061 3465 
13441 2612 2822 3296 3528 
13442 972 860 3397 3499 
13443 2983 3661 3512 3853 
13444 1705 1708 1778 3221 
13445 2841 3271 3421 3696 
13446 2291 2294 2292 3706 
13447 854 926 985 3620 
13448 2635 3312 2871 3494 
13449 974 2584 2565 941 
13450 132 3279 2998 3491 
13451 2402 3485 2750 3626 
13452 894 896 2737 3547 
13453 742 740 741 3838 
13454 137 832 138 3649 
13455 917 3248 851 3526 
13456 2927 3648 3394 3800 
13457 709 3297 2805 3420 
13458 2199 2137 1887 2969 
13459 2809 2755 3433 3724 
13460 2642 3106 2965 3369 
13461 3018 3439 2895 3753 
13462 3223 3683 2665 3786 
13463 2566 3361 2571 3688 
13464 2638 3186 2995 3445 
13465 2674 3233 3230 3559 
13466 1140 1231 1241 3768 
13467 2114 2115 3611 3651 
13468 1394 1364 1438 3346 
13469 2634 3044 2905 3695 
13470 2642 3369 2865 3740 
13471 2001 2090 3335 3483 
13472 1839 1794 3255 3794 
13473 2670 3565 2959 3673 
13474 1570 1558 1504 3019 
13475 2866 3254 2232 3694 
13476 2978 3560 2693 3598 
13477 882 2120 234 874 
13478 2676 2911 3109 3293 
13479 2653 3276 3110 3769 
13480 1753 3110 1809 3769 
13481 824 732 808 3652 
13482 2677 3179 3167 3356 
13483 3036 3828 2617 3880 
13484 2666 2964 3407 3774 
13485 1911 2145 2144 3481 
13486 2376 2817 2322 3360 
13487 366 2865 3369 3391 
13488 2814 1332 3411 3818 
13489 147 3287 706 3652 
13490 2989 3406 2757 3795 
13491 2945 2669 3292 3889 
13492 1469 2384 2272 3345 
13493 900 898 899 3573 
13494 1699 1697 1696 3437 
13495 1111 303 302 3149 
13496 2801 3450 2742 3507 
13497 1581 1545 2943 3575 
13498 2898 3656 2837 3805 
13499 2846 2635 3312 3822 
13500 1112 2857 3530 3862 
13501 799 794 800 3294 
13502 2903 3219 2440 3848 
13503 1001 3657 3415 3746 
13504 2758 3257 3089 3725 
13505 2655 3166 2766 3735 
13506 1064 1079 1029 3220 
13507 2894 3374 2611 3428 
13508 1043 1048 3836 3889 
13509 2435 2357 2309 3259 
13510 2472 2476 1345 3231 
13511 1245 1193 1120 3005 
13512 3520 3653 2723 3820 
13513 1432 1341 3040 3682 
13514 2854 3054 3052 3616 
13515 2857 3230 2674 3299 
13516 855 3415 999 3881 
13517 2025 3077 1996 3732 
13518 2937 3423 746 3644 
13519 1879 3056 1689 3571 
13520 2080 3384 2057 3788 
13521 3206 3457 2797 3707 
13522 792 3450 724 3500 
13523 662 664 2169 3459 
13524 967 3585 1018 3590 
13525 1270 3377 1306 3595 
13526 119 120 3186 3824 
13527 128 682 127 2986 
13528 2172 2957 1939 3150 
13529 1426 3040 3326 3874 
13530 2800 3250 3041 3745 
13531 2864 3244 2685 3737 
13532 2708 3022 2976 3428 
13533 2809 2755 3724 3873 
13534 951 855 999 3881 
13535 1947 67 2207 3395 
13536 2218 2080 2107 2936 
13537 2001 2003 2090 3483 
13538 766 765 764 3399 
13539 1975 1974 3185 3506 
13540 1126 704 1248 3142 
13541 2692 3016 3105 3549 
13542 2228 2049 2187 3254 
13543 2975 3255 1792 3872 
13544 2850 3476 2831 3600 
13545 617 2750 2554 3863 
13546 2002 2001 1999 3448 
13547 3016 3441 2609 3709 
13548 1478 1483 1468 2844 
13549 2696 3149 3064 3498 
13550 1333 1421 1436 3047 
13551 1789 1858 1667 3859 
13552 3394 3402 2873 3779 
13553 1802 1801 1797 3442 
13554 2833 3598 2723 3743 
13555 2696 2873 3394 3708 
13556 1226 1172 1174 3113 
13557 1527 1529 1528 3087 
13558 2960 3425 2224 3756 
13559 428 1342 2882 3440 
13560 2822 3841 3717 3842 
13561 3174 3355 2811 3543 
13562 1619 1645 3327 3730 
13563 1694 1783 1696 3437 
13564 1850 1740 1745 3536 
13565 2724 3030 3176 3880 
13566 651 936 924 976 
13567 2810 3315 2299 3750 
13568 2696 3156 2873 3562 
13569 2926 2637 3116 3659 
13570 2150 3482 2820 3855 
13571 2745 3106 3593 3887 
13572 364 3619 3426 3814 
13573 1215 2970 3268 3313 
13574 1244 1120 1192 3744 
13575 861 3603 2962 3784 
13576 371 1512 3381 3638 
13577 2202 2104 2123 2850 
13578 1327 1464 3278 3346 
13579 1428 1459 1340 3209 
13580 1685 1746 3424 3478 
13581 1804 1805 1822 3744 
13582 3000 3240 2639 3845 
13583 2678 3177 3146 3650 
13584 2790 3809 3285 3831 
13585 3211 3221 2745 3475 
13586 1346 2477 3101 3812 
13587 2631 2991 3085 3317 
13588 652 2953 3580 3837 
13589 2913 2670 3225 3759 
13590 361 360 1524 3051 
13591 2997 3000 2639 3804 
13592 1249 1140 1147 2883 
13593 146 3173 3287 3886 
13594 1300 424 1310 2968 
13595 2490 2322 2817 3372 
13596 1351 1354 1353 3519 
13597 1420 1361 1360 3698 
13598 2824 3368 2614 3567 
13599 842 2877 801 3827 
13600 113 2909 3138 3851 
13601 2667 3503 3063 3536 
13602 2999 2814 3411 3771 
13603 70 634 71 3449 
13604 2904 3097 2636 3706 
13605 2687 2793 3381 3638 
13606 2959 3565 2915 3673 
13607 1049 1080 1019 2945 
13608 2095 1974 1977 3470 
13609 647 639 986 3545 
13610 1262 1290 1296 3431 
13611 2384 2521 3345 3674 
13612 3240 3271 2850 3758 
13613 1543 353 1561 2972 
13614 1787 1725 1729 3410 
13615 2052 2037 2133 3813 
13616 3032 3528 2612 3770 
13617 910 3288 961 3801 
13618 1444 1459 1408 2893 
13619 2702 3525 3190 3703 
13620 2453 2438 2439 3057 
13621 2624 3526 3379 3639 
13622 1373 1375 1376 3834 
13623 951 999 3415 3881 
13624 1559 1109 1096 3478 
13625 2120 1918 235 874 
13626 1010 1042 1054 2924 
13627 2669 3059 2945 3764 
13628 1431 1457 1341 3682 
13629 2457 2449 2321 3316 
13630 142 708 3290 3807 
13631 717 736 734 3171 
13632 2667 3162 2961 3813 
13633 2026 2024 3758 3884 
13634 2178 2785 3026 3395 
13635 918 982 917 2779 
13636 2916 3209 2708 3512 
13637 2691 3209 2916 3512 
13638 2849 3098 2615 3525 
13639 1220 1238 1133 3857 
13640 125 881 958 3198 
13641 3131 3311 2757 3372 
13642 3104 3148 2664 3358 
13643 2968 2787 3633 3641 
13644 2663 2883 3134 3291 
13645 104 2986 682 3402 
13646 1831 2975 1792 3570 
13647 142 2939 141 3710 
13648 3023 3190 2742 3703 
13649 1362 3664 1418 3734 
13650 768 717 2149 3171 
13651 2407 3264 2408 3461 
13652 2829 2683 3438 3843 
13653 302 1255 2333 3523 
13654 1659 1511 1557 3691 
13655 1307 421 3210 3434 
13656 2809 3433 2755 3873 
13657 2387 2363 73 655 
13658 2589 3368 2823 3510 
13659 882 873 233 1917 
13660 2640 3082 2971 3869 
13661 2501 2459 2264 2960 
13662 1054 2924 3207 3792 
13663 2271 2982 2457 3325 
13664 3285 3439 2790 3831 
13665 634 3449 2930 3545 
13666 2684 3742 3048 3785 
13667 2650 3611 2898 3656 
13668 3065 3066 2676 3687 
13669 2596 2926 3116 3659 
13670 85 2730 664 3459 
13671 1821 1247 1673 3794 
13672 919 982 918 2779 
13673 1977 3715 1979 3788 
13674 1452 1393 1419 2835 
13675 2846 2639 3240 3271 
13676 1614 1613 2901 3333 
13677 2851 3149 2696 3604 
13678 2654 2828 3283 3347 
13679 1756 1789 1687 3859 
13680 1470 2835 3345 3867 
13681 2478 2896 2488 3738 
13682 2761 3272 3068 3753 
13683 1482 1471 1468 2896 
13684 2673 2968 3633 3641 
13685 3107 3225 2670 3471 
13686 2790 3439 3285 3721 
13687 2869 3334 3048 3785 
13688 1000 959 967 2852 
13689 125 126 3012 3579 
13690 2724 3311 3131 3372 
13691 2634 3190 3027 3695 
13692 2048 2173 2047 3852 
13693 122 123 3270 3790 
13694 836 1257 187 3405 
13695 2377 3355 2504 3522 
13696 2635 3227 3005 3610 
13697 1560 1538 1555 2924 
13698 1018 2852 1058 3590 
13699 2634 3023 3480 3703 
13700 2662 3548 3030 3880 
13701 1688 1749 1684 3404 
13702 2935 3357 2712 3543 
13703 2762 3096 2923 3484 
13704 2191 2069 1971 3066 
13705 2663 3134 2883 3464 
13706 2894 3473 2765 3735 
13707 123 124 3088 3790 
13708 3163 3289 2597 3729 
13709 1150 1134 1233 3143 
13710 3512 3661 2708 3853 
13711 1470 1393 1485 3867 
13712 2945 2105 3292 3764 
13713 2706 3033 3419 3722 
13714 792 830 2832 3782 
13715 3200 3571 2690 3826 
13716 2828 3571 3200 3826 
13717 1550 1509 1568 3266 
13718 880 969 968 3134 
13719 644 636 875 996 
13720 2573 2576 2583 3688 
13721 1007 189 3444 3524 
13722 3030 3548 3176 3880 
13723 1127 1225 1177 2816 
13724 1432 3040 3084 3682 
13725 2741 3112 3050 3437 
13726 2400 3459 2483 3544 
13727 1366 3155 1364 3158 
13728 2651 3300 2830 3306 
13729 2159 3630 3140 3756 
13730 3216 3619 2848 3709 
13731 731 825 826 3405 
13732 145 3173 2842 3188 
13733 2536 2450 2274 3143 
13734 1231 1253 1143 3020 
13735 2018 3000 2017 3256 
13736 715 3690 738 3727 
13737 1994 3181 1990 3642 
13738 2298 2303 2299 3472 
13739 2033 3594 3203 3821 
13740 2214 2068 3331 3463 
13741 2637 2926 3153 3659 
13742 3611 3616 2854 3850 
13743 810 760 3099 3253 
13744 826 3761 2886 3803 
13745 107 3272 3310 3776 
13746 2537 2240 675 3469 
13747 356 357 1287 3260 
13748 1954 897 2172 3689 
13749 58 2401 2253 617 
13750 2761 3042 2873 3776 
13751 1946 2982 1909 3325 
13752 1602 2901 1613 3621 
13753 2838 3211 2668 3221 
13754 129 685 128 3258 
13755 2995 2623 3445 3824 
13756 2699 3426 3216 3619 
13757 375 376 2956 3468 
13758 2738 3394 3310 3708 
13759 428 2954 1297 3842 
13760 1549 1508 3184 3518 
13761 2805 3297 3182 3420 
13762 910 961 3419 3801 
13763 1395 1398 1370 3037 
13764 1243 2949 1182 3857 
13765 1206 1136 1205 3526 
13766 1605 3505 1640 3570 
13767 2045 3554 2950 3782 
13768 2761 2873 3310 3776 
13769 2680 3000 2997 3804 
13770 2623 3131 2861 3676 
13771 2884 3734 3326 3787 
13772 1915 2109 2151 3505 
13773 136 3269 135 3307 
13774 2828 2654 3267 3347 
13775 2501 2960 3140 3700 
13776 2968 3491 2787 3641 
13777 2243 3425 2957 3756 
13778 924 3111 925 3545 
13779 2990 3215 2664 3783 
13780 2685 3084 3040 3682 
13781 2308 2310 2442 3036 
13782 983 3419 961 3801 
13783 709 141 2805 3430 
13784 2689 3452 3190 3844 
13785 3015 3064 2902 3648 
13786 306 3530 3028 3666 
13787 1437 420 1339 3125 
13788 2678 3363 2896 3738 
13789 142 708 143 3290 
13790 2403 3485 2373 3626 
13791 2997 3000 2680 3697 
13792 2969 3365 2713 3516 
13793 1721 3281 1719 3704 
13794 1115 1755 1685 3478 
13795 2952 2842 3790 3886 
13796 2639 3000 3359 3804 
13797 2669 3275 3836 3889 
13798 1058 1089 1060 3010 
13799 1147 3291 2883 3768 
13800 1030 1027 1026 2947 
13801 2712 2935 3543 3739 
13802 188 1007 3444 3524 
13803 2585 2564 2892 3573 
13804 672 2399 675 3469 
13805 905 2732 904 3746 
13806 141 3430 142 3710 
13807 2335 654 77 2493 
13808 648 59 653 944 
13809 2264 2460 2501 3140 
13810 1285 379 1318 2922 
13811 3307 3452 136 3649 
13812 2631 3521 3078 3806 
13813 1614 3333 2901 3504 
13814 2925 3091 2756 3290 
13815 1657 3184 1769 3518 
13816 1033 1009 1050 3783 
13817 2425 3242 2426 3304 
13818 2368 2903 2542 3848 
13819 3190 3452 2742 3844 
13820 2109 2042 2830 3300 
13821 772 3352 3035 3761 
13822 143 679 120 2876 
13823 371 3032 3115 3717 
13824 3336 3511 2796 3888 
13825 912 998 2737 3417 
13826 628 2336 2337 2751 
13827 2702 3376 3058 3507 
13828 1634 2866 3444 3730 
13829 985 1212 1256 3620 
13830 2821 3532 3084 3682 
13831 2853 3009 3349 3551 
13832 2633 3247 2843 3344 
13833 355 1534 356 3477 
13834 881 2947 126 3585 
13835 1830 3410 2911 3643 
13836 1019 281 1955 1928 
13837 2774 3474 3298 3503 
13838 2968 3458 2787 3491 
13839 1067 1047 1020 3019 
13840 2668 2862 3221 3475 
13841 1955 1031 281 1019 
13842 1436 424 423 3047 
13843 1445 1382 1457 2869 
13844 72 83 933 657 
13845 436 3084 3532 3682 
13846 140 692 139 3241 
13847 143 3130 2876 3710 
13848 2596 3273 2926 3659 
13849 2685 3048 2869 3334 
13850 1854 3384 1762 3671 
13851 2798 3843 3163 3880 
13852 425 1336 426 3061 
13853 3448 3685 2784 3747 
13854 2875 3415 856 3657 
13855 2631 2834 3203 3760 
13856 1394 1486 1328 462 
13857 2293 3609 3141 3655 
13858 1971 1970 1972 3780 
13859 139 840 140 3420 
13860 2693 3102 3062 3359 
13861 2682 3369 3569 3691 
13862 1861 2936 3594 3806 
13863 709 2805 140 3420 
13864 837 1088 3324 3670 
13865 2675 3396 3093 3723 
13866 1158 1156 3631 3815 
13867 672 2537 675 2399 
13868 2380 2528 2524 3541 
13869 2613 3439 3285 3831 
13870 2694 3095 3453 3603 
13871 2949 3298 2774 3474 
13872 944 996 648 3343 
13873 2255 611 2453 2589 
13874 2289 3609 2293 3655 
13875 1439 1450 3231 3888 
13876 1760 1761 1717 3416 
13877 3245 3607 2672 3623 
13878 2488 2896 2330 3681 
13879 83 84 661 3400 
13880 2377 3355 349 3541 
13881 1055 3388 1035 3783 
13882 678 3241 140 3675 
13883 1165 1189 1190 3553 
13884 2100 2018 2015 2948 
13885 2712 3739 3543 3832 
13886 633 986 647 639 
13887 189 2866 190 3694 
13888 2982 3282 2663 3316 
13889 2141 3396 2121 3855 
13890 2606 2858 3771 3874 
13891 2724 2817 3311 3372 
13892 2689 3180 2958 3340 
13893 2173 3063 2047 3852 
13894 2607 2732 3161 3719 
13895 2976 3022 2684 3775 
13896 1745 3319 3063 3536 
13897 2994 3192 2835 3683 
13898 2567 3362 2824 3647 
13899 1123 2880 1197 3631 
13900 2809 3724 3138 3873 
13901 2845 3298 2949 3474 
13902 2035 2921 2061 3515 
13903 2490 2345 2315 3176 
13904 120 3186 3314 3486 
13905 3366 3375 2770 3654 
13906 2971 3155 2704 3766 
13907 2742 3190 3525 3703 
13908 916 2907 969 3248 
13909 2693 3193 3062 3876 
13910 953 887 3246 3784 
13911 825 188 3383 3405 
13912 2806 3044 3157 3699 
13913 2611 2894 3775 3846 
13914 113 114 2909 3851 
13915 145 146 2842 3173 
13916 188 1007 189 3444 
13917 2646 3296 2958 3736 
13918 2843 2723 3653 3820 
13919 2897 3361 2571 3362 
13920 1477 1486 1394 462 
13921 2903 2746 3517 3795 
13922 1651 2883 1631 3632 
13923 1574 1543 1507 2972 
13924 1559 3478 1096 3582 
13925 3018 3068 3587 3753 
13926 1961 1962 2068 3463 
13927 2652 3298 3474 3503 
13928 2656 3321 3006 3344 
13929 2966 1703 3508 3878 
13930 2053 2921 2035 3506 
13931 2997 3312 2635 3822 
13932 1020 1047 1046 3389 
13933 359 1314 1282 3039 
13934 141 2805 3430 3627 
13935 2966 2658 3153 3508 
13936 1344 3363 2455 3681 
13937 357 3080 3067 3829 
13938 3255 3871 1792 3872 
13939 2878 3304 2464 3481 
13940 1693 1694 1695 3050 
13941 1621 2830 1643 3741 
13942 2779 3379 2624 3526 
13943 2751 3143 2365 3284 
13944 938 962 871 3728 
13945 2325 2326 2267 3149 
13946 2937 3423 2959 3797 
13947 2798 3007 3163 3843 
13948 1599 1632 1937 3350 
13949 2172 3150 1938 3689 
13950 907 904 1001 3746 
13951 1782 2966 1703 3508 
13952 2628 3306 2827 3451 
13953 2798 3828 3036 3880 
13954 2091 2036 2010 3247 
13955 2627 2943 3208 3575 
13956 127 128 2986 3025 
13957 1048 2945 3292 3889 
13958 2595 2912 3191 3646 
13959 2835 3447 2994 3683 
13960 2194 3594 2033 3821 
13961 2419 2261 2415 3043 
13962 2597 3163 3053 3289 
13963 2652 3256 2856 3474 
13964 1203 1180 2931 3597 
13965 2995 3186 2638 3486 
13966 2229 2116 3250 3816 
13967 2361 2426 2425 3242 
13968 2735 3586 3151 3759 
13969 1657 1549 3184 3518 
13970 2159 2960 2224 3756 
13971 958 959 997 3419 
13972 61 60 631 3343 
13973 2648 3242 3038 3513 
13974 2649 3378 3270 3466 
13975 2108 2990 1957 3783 
13976 1420 1452 1383 2994 
13977 1022 149 1028 2972 
13978 957 3499 2824 3647 
13979 2635 3312 3046 3338 
13980 2642 2865 3339 3740 
13981 965 850 3031 3464 
13982 2216 778 727 3825 
13983 2420 2334 2513 3049 
13984 923 922 853 3763 
13985 222 945 1921 867 
13986 753 790 816 3515 
13987 1059 1058 1018 2852 
13988 2720 3455 3094 3618 
13989 1420 3192 2994 3698 
13990 2243 1939 2957 3425 
13991 2401 2750 2402 3485 
13992 671 64 672 3469 
13993 633 936 924 651 
13994 2643 3375 3366 3654 
13995 2004 3202 2005 3854 
13996 974 977 2577 2578 
13997 2421 2142 2899 3651 
13998 2288 3013 3609 3882 
13999 2602 3393 3011 3650 
14000 3105 3549 3339 3846 
14001 2671 3458 2968 3491 
14002 2076 2023 2024 3312 
14003 1147 1140 3291 3768 
14004 1471 2896 1482 3435 
14005 2989 3123 2757 3406 
14006 636 644 645 996 
14007 1800 1817 1676 3857 
14008 2800 3616 3611 3850 
14009 3033 3746 3555 3801 
14010 1228 1836 1133 3081 
14011 2295 2427 2298 3103 
14012 1993 1994 1990 3642 
14013 2673 2968 3491 3634 
14014 148 2972 697 3579 
14015 1474 3160 2829 3668 
14016 2033 3203 2936 3788 
14017 3030 2662 3163 3729 
14018 1277 1307 1299 3210 
14019 2118 2854 2112 3816 
14020 2100 2079 2183 3308 
14021 2888 3342 2714 3809 
14022 2560 3161 3485 3535 
14023 143 3710 2876 3868 
14024 2318 2296 3622 3811 
14025 3241 3627 140 3675 
14026 1514 1499 1513 3381 
14027 1829 1748 1788 2932 
14028 2855 3109 2676 3796 
14029 2742 3507 3450 3703 
14030 513 1632 1600 2130 
14031 105 2873 3394 3402 
14032 2889 3213 2736 3817 
14033 1548 2977 1537 3755 
14034 2589 2570 2580 2823 
14035 1261 1215 1216 2970 
14036 2257 2420 2513 3049 
14037 2759 2827 3306 3451 
14038 1721 1722 1723 3704 
14039 2926 2658 3153 3659 
14040 2678 3393 3177 3650 
14041 1527 1526 1491 2941 
14042 2479 2271 2457 3325 
14043 1621 1622 3120 3741 
14044 2699 2865 3339 3426 
14045 773 3035 772 3352 
14046 1062 1546 1563 3174 
14047 2777 3135 2878 3819 
14048 2956 3210 2673 3272 
14049 1762 1849 1854 3671 
14050 806 788 847 3450 
14051 2700 3252 2884 3489 
14052 2659 3159 2847 3564 
14053 3262 3438 2798 3843 
14054 1453 1388 3447 3866 
14055 2962 3453 2648 3784 
14056 887 893 883 3246 
14057 1033 3215 2990 3783 
14058 930 929 928 2940 
14059 3378 3411 1332 3818 
14060 2619 3547 3003 3568 
14061 2774 3330 2949 3474 
14062 2163 1945 2208 3546 
14063 1044 3389 1039 3716 
14064 3099 3253 760 3677 
14065 2120 882 234 1917 
14066 1730 1729 1728 3189 
14067 2491 2287 2286 3141 
14068 2428 2427 2359 3513 
14069 1506 1095 1103 2986 
14070 3492 3501 2728 3566 
14071 2686 3192 2994 3683 
14072 3433 3589 3007 3724 
14073 2483 3041 2503 3544 
14074 2392 2358 2973 3847 
14075 2644 2932 3200 3628 
14076 1041 3324 1078 3670 
14077 1864 1663 2198 3798 
14078 144 145 3091 3827 
14079 1318 420 1316 2922 
14080 2604 2989 3165 3795 
14081 2148 3093 3396 3723 
14082 2616 3165 3024 3720 
14083 119 3186 2942 3824 
14084 812 3171 768 3514 
14085 818 3666 3060 3690 
14086 2322 2376 2490 2817 
14087 2112 2114 2115 3611 
14088 1735 1715 1761 3323 
14089 2604 3406 2989 3795 
14090 630 2988 3395 3728 
14091 1327 1464 1347 3278 
14092 3065 3066 2780 3586 
14093 982 2779 3343 3728 
14094 2685 3048 3334 3777 
14095 2147 2127 2967 3482 
14096 189 3383 2866 3694 
14097 2627 2943 3575 3725 
14098 1348 1350 1349 2919 
14099 2069 1968 3066 3293 
14100 2223 2143 3238 3396 
14101 140 709 141 2805 
14102 2724 3372 3131 3714 
14103 2726 3340 3106 3849 
14104 2124 2038 2183 2978 
14105 2048 2856 3558 3852 
14106 1419 1453 3866 3867 
14107 2662 3070 3030 3548 
14108 3484 3517 2757 3795 
14109 2666 3407 3289 3729 
14110 2651 3255 2975 3274 
14111 1265 1317 1319 2935 
14112 2847 3159 2904 3706 
14113 965 913 992 3031 
14114 2062 3732 2092 3825 
14115 2106 2105 2945 3764 
14116 1099 1094 1104 3779 
14117 2899 3280 2393 3651 
14118 2646 2958 3180 3736 
14119 2198 2051 2175 3217 
14120 2773 2610 3064 3498 
14121 1171 1170 1172 3251 
14122 1734 1718 3133 3386 
14123 2650 2973 3497 3805 
14124 863 2890 108 3403 
14125 2962 3246 2648 3835 
14126 364 1313 1291 3619 
14127 2462 2271 2164 3531 
14128 376 3210 1281 3633 
14129 1260 1131 1208 3137 
14130 2983 3512 2916 3853 
14131 1696 1697 1695 3437 
14132 2789 3344 2843 3861 
14133 2679 3060 3028 3666 
14134 2289 3609 3655 3882 
14135 2809 3636 2655 3661 
14136 652 643 3341 3837 
14137 2105 1955 1928 3292 
14138 1205 1210 1209 3639 
14139 2667 3162 2891 3615 
14140 135 3269 2872 3307 
14141 3121 3435 1396 3869 
14142 3280 3745 2800 3850 
14143 2432 2305 2433 3750 
14144 1853 1687 1867 2951 
14145 1651 1615 1654 2883 
14146 2800 3745 3616 3850 
14147 2999 3326 3040 3874 
14148 2204 3538 725 3825 
14149 2902 3280 2650 3850 
14150 2656 2839 3344 3495 
14151 1703 2966 1700 3878 
14152 1851 3319 1751 3858 
14153 1356 1354 3252 3658 
14154 1695 1697 1784 3608 
14155 3006 3344 3321 3861 
14156 3149 3604 2851 3680 
14157 1099 1104 3156 3779 
14158 1569 1530 1529 3087 
14159 2723 3560 2963 3653 
14160 1443 3049 1330 3592 
14161 2915 3295 2734 3601 
14162 842 846 3249 3827 
14163 1062 1023 1071 3012 
14164 2652 2856 3256 3503 
14165 1375 1412 1377 3834 
14166 909 1933 3288 3479 
14167 2474 1424 1331 3152 
14168 119 3824 3348 3868 
14169 2522 2393 2421 3651 
14170 996 921 976 3580 
14171 2913 2632 3249 3759 
14172 2902 3745 3280 3850 
14173 2902 2738 3648 3850 
14174 2571 2573 2897 3362 
14175 1332 3378 440 3411 
14176 778 2204 725 3825 
14177 2677 3167 3179 3353 
14178 2542 2502 2440 2903 
14179 830 3480 2832 3782 
14180 2974 3137 649 3645 
14181 356 357 3260 3829 
14182 148 681 147 3579 
14183 2619 3304 2867 3309 
14184 859 2824 957 3499 
14185 981 1211 1135 3243 
14186 2598 3092 3016 3549 
14187 3285 3439 2731 3721 
14188 1591 3245 1496 3623 
14189 2880 3602 1197 3631 
14190 2807 2742 3452 3844 
14191 2725 3270 3378 3662 
14192 1995 2085 1994 3642 
14193 1441 1380 1425 3772 
14194 2602 3172 3011 3393 
14195 768 2149 165 2192 
14196 983 908 997 3419 
14197 1925 2157 2158 3354 
14198 1273 1322 1313 3814 
14199 2108 1021 1050 3783 
14200 2402 2373 3485 3626 
14201 1309 1323 418 3136 
14202 1314 3039 359 3532 
14203 1140 1241 3291 3768 
14204 2742 3073 3370 3781 
14205 427 3799 3440 3842 
14206 1852 1659 1841 2965 
14207 1448 1332 2814 3818 
14208 2805 3627 3420 3663 
14209 996 875 644 976 
14210 1911 2262 2139 3467 
14211 2147 2127 2126 2967 
14212 2658 2926 3273 3659 
14213 2790 3439 3018 3831 
14214 2949 3553 3442 3744 
14215 1111 1118 1091 3680 
14216 2885 3352 3351 3803 
14217 2602 3398 3177 3650 
14218 2907 3248 2624 3496 
14219 129 2956 686 3776 
14220 2924 2653 3207 3792 
14221 1839 1794 1792 3255 
14222 1301 440 1298 3377 
14223 1043 3836 3275 3889 
14224 2859 3414 3264 3461 
14225 2664 3148 3144 3358 
14226 2680 3330 3183 3558 
14227 2874 3266 2682 3392 
14228 908 3033 997 3419 
14229 2849 2615 3370 3525 
14230 638 637 646 3313 
14231 1427 3152 1424 3363 
14232 956 3362 949 3364 
14233 353 2952 3357 3579 
14234 1048 1019 1031 3292 
14235 110 953 862 2860 
14236 852 919 918 3243 
14237 2637 3153 2966 3659 
14238 2962 2648 3576 3835 
14239 622 2588 2574 948 
14240 796 2210 718 3253 
14241 2108 2138 1930 3783 
14242 1479 3332 2985 3345 
14243 2160 1905 2460 3140 
14244 1419 1453 3447 3866 
14245 2542 2903 2440 3848 
14246 1918 876 236 943 
14247 3169 3532 2821 3591 
14248 62 628 2751 3645 
14249 2212 1607 1948 3621 
14250 3364 3397 2870 3567 
14251 2689 3340 3190 3695 
14252 2095 2081 3132 3470 
14253 2659 2890 3403 3587 
14254 1160 3102 1163 3876 
14255 2600 3593 3106 3887 
14256 2712 2947 3198 3832 
14257 2288 2290 3013 3882 
14258 3114 3418 2697 3441 
14259 2637 3446 3116 3563 
14260 2122 876 236 1918 
14261 3036 3751 2617 3828 
14262 1164 1167 1185 3062 
14263 1803 1813 1824 2871 
14264 861 3095 3603 3784 
14265 2271 2518 2982 3531 
14266 680 2842 146 3790 
14267 2966 3153 2658 3659 
14268 1962 1961 1960 3817 
14269 1911 2145 3481 3482 
14270 2660 3229 2846 3338 
14271 3178 3331 2068 3463 
14272 2891 3162 2667 3550 
14273 625 3368 2589 3510 
14274 2444 2339 2424 3655 
14275 2750 3485 3145 3626 
14276 1694 1696 1695 3437 
14277 2455 3363 2488 3681 
14278 958 855 124 3198 
14279 910 909 3288 3479 
14280 428 3440 2954 3842 
14281 2652 3298 2955 3815 
14282 2636 3097 3103 3706 
14283 1112 3530 1098 3862 
14284 2439 3057 2438 3711 
14285 304 2927 3498 3779 
14286 1841 1857 1772 2987 
14287 2737 3135 3003 3499 
14288 62 628 64 2751 
14289 1986 1985 1984 3733 
14290 651 644 976 3580 
14291 965 914 913 3031 
14292 2841 3227 2635 3822 
14293 2140 3467 2934 3855 
14294 2018 2100 2038 2948 
14295 861 953 3095 3784 
14296 1939 2172 2243 2957 
14297 2061 2921 2053 3644 
14298 1672 1839 1792 3712 
14299 2995 3486 3314 3824 
14300 1132 1223 2450 3143 
14301 2613 2998 2984 3669 
14302 2571 3361 2897 3688 
14303 3275 2764 3670 3889 
14304 354 3377 1270 3595 
14305 1936 1919 1944 2901 
14306 2662 3176 3548 3880 
14307 2701 3445 3219 3456 
14308 2864 3244 2629 3710 
14309 377 3042 376 3258 
14310 1862 1772 2987 3502 
14311 1207 1208 1206 2974 
14312 3717 3841 370 3842 
14313 1155 307 308 3079 
14314 2915 3065 2780 3586 
14315 2861 3676 3131 3714 
14316 1010 1054 1061 3792 
14317 2871 3697 2997 3870 
14318 2696 3394 2927 3648 
14319 2495 2394 2265 3651 
14320 2719 3287 3173 3886 
14321 1676 1220 1133 3857 
14322 2814 2727 3664 3686 
14323 1546 352 351 3012 
14324 631 649 61 3341 
14325 734 735 733 3006 
14326 1776 1708 1774 3221 
14327 974 977 2578 3436 
14328 3131 3676 2724 3714 
14329 144 695 121 3188 
14330 2937 3107 2670 3471 
14331 2650 3611 2854 3850 
14332 2898 3611 2854 3656 
14333 2660 3251 2886 3451 
14334 1764 3410 1787 3643 
14335 2630 3198 2947 3832 
14336 2791 3543 2935 3739 
14337 2627 3366 3090 3778 
14338 428 427 1342 3440 
14339 806 847 831 3450 
14340 115 3364 859 3397 
14341 363 362 1590 2944 
14342 1886 2088 1863 3126 
14343 766 3193 767 3399 
14344 967 2852 3585 3590 
14345 2995 3486 2638 3487 
14346 2171 2043 2044 2911 
14347 2728 3426 2987 3502 
14348 2404 2960 2501 3700 
14349 2790 3018 3556 3831 
14350 709 750 748 3297 
14351 2458 2457 2518 2982 
14352 1350 3509 2919 3519 
14353 835 802 760 3099 
14354 1888 1866 1669 3858 
14355 784 3413 129 3690 
14356 1782 1700 1703 2966 
14357 2719 3139 3002 3287 
14358 3555 3746 2957 3801 
14359 3017 3447 2665 3537 
14360 2964 3509 1353 3519 
14361 2621 2826 3687 3726 
14362 2685 3334 3672 3777 
14363 1327 3278 1348 3346 
14364 1690 1686 3424 3571 
14365 2962 3576 3547 3835 
14366 1293 1318 379 2922 
14367 2445 3467 1911 3481 
14368 1309 380 1293 1292 
14369 350 1276 1308 1278 
14370 141 140 3627 3675 
14371 1614 1602 1633 2901 
14372 2366 2431 2475 2934 
14373 2870 3364 2661 3707 
14374 2689 3190 3023 3695 
14375 2724 3176 3036 3880 
14376 1176 1178 3251 3761 
14377 1864 1781 1779 2979 
14378 1289 358 1320 3260 
14379 2680 2856 3330 3617 
14380 3002 2719 3287 3614 
14381 3138 3269 2809 3873 
14382 2659 2837 3403 3497 
14383 1878 1669 1866 3858 
14384 629 65 2785 3748 
14385 1435 1357 1355 3252 
14386 1097 1110 1497 3862 
14387 1322 432 1313 3814 
14388 2823 3361 2824 3368 
14389 2621 3416 2855 3687 
14390 2102 1881 2227 3871 
14391 1434 1448 1332 3411 
14392 1979 3203 2033 3788 
14393 1923 2547 2168 3214 
14394 787 3073 788 3781 
14395 120 679 121 3314 
14396 2667 3550 3162 3813 
14397 149 676 126 2972 
14398 2582 2587 621 899 
14399 2181 719 744 3107 
14400 955 2737 896 3499 
14401 1930 1021 2108 3783 
14402 2672 3220 3454 3793 
14403 2627 3014 3366 3778 
14404 848 757 846 3224 
14405 2354 2500 2498 3438 
14406 2711 3086 3581 3642 
14407 996 644 645 976 
14408 1145 2996 1234 3268 
14409 1904 527 1813 1680 
14410 3156 2873 3402 3779 
14411 2730 2610 3041 3201 
14412 1888 2193 2103 2881 
14413 2114 3611 2899 3651 
14414 2931 3120 2975 3712 
14415 2718 2940 3201 3371 
14416 2667 3319 2961 3584 
14417 2845 2652 3298 3474 
14418 1361 2994 3537 3734 
14419 2607 3161 2750 3719 
14420 1181 3702 3298 3815 
14421 2918 3538 2055 3825 
14422 1371 3082 1368 3409 
14423 1367 1368 1366 3749 
14424 2650 3196 2837 3497 
14425 2117 2114 2113 3723 
14426 1537 1585 1514 3119 
14427 2983 2605 3661 3853 
14428 2793 3116 3446 3563 
14429 1082 1056 1021 2951 
14430 2412 2411 3231 3612 
14431 1547 378 1562 3402 
14432 645 996 976 3580 
14433 2834 2702 3376 3760 
14434 1052 1066 1089 3354 
14435 2759 3338 2827 3451 
14436 2126 233 873 1917 
14437 1900 1956 1957 2990 
14438 1899 2210 796 3253 
14439 2655 3022 3473 3705 
14440 3181 3581 3086 3642 
14441 2695 3155 3158 3427 
14442 2330 2488 2478 2896 
14443 108 863 107 2890 
14444 2915 2647 3601 3673 
14445 1633 1606 1635 3534 
14446 1470 1469 2272 3345 
14447 607 2254 2467 2586 
14448 2732 2607 3415 3746 
14449 1654 2883 1615 3504 
14450 1715 1713 1714 3323 
14451 3018 2998 3556 3831 
14452 649 3137 2974 3341 
14453 1484 1392 1471 3681 
14454 2164 1907 2462 3531 
14455 2574 622 948 3647 
14456 358 3039 1320 3260 
14457 1188 1243 1189 3553 
14458 1990 1992 1993 3086 
14459 3153 3328 2862 3878 
14460 2635 3046 3312 3494 
14461 2220 1602 2212 3621 
14462 1929 2153 2785 3469 
14463 932 892 978 3052 
14464 1090 1059 1018 3585 
14465 1037 1043 1034 3275 
14466 1681 1796 529 3183 
14467 2886 3251 3113 3451 
14468 2672 3454 3245 3623 
14469 1661 1783 2977 3830 
14470 3192 3345 2835 3683 
14471 2686 3345 3192 3683 
14472 118 119 2942 3348 
14473 2837 3679 2898 3805 
14474 1535 3607 3245 3623 
14475 3151 3265 2756 3565 
14476 1361 1383 1363 3537 
14477 1030 1073 1027 3367 
14478 2416 2494 2519 3765 
14479 1854 2225 3384 3671 
14480 1366 1364 1365 3158 
14481 2687 3381 3119 3755 
14482 2329 2989 2515 3612 
14483 142 3290 143 3710 
14484 2674 2941 3329 3578 
14485 2485 610 2566 2580 
14486 1298 1270 1286 3377 
14487 2644 3112 3050 3347 
14488 2673 3018 2998 3693 
14489 2821 2685 3682 3737 
14490 2688 2914 3470 3788 
14491 1410 3209 1411 3802 
14492 3319 3404 1751 3858 
14493 1240 1226 1174 3113 
14494 817 3560 3520 3653 
14495 1620 3218 3730 3741 
14496 2685 3168 2864 3672 
14497 1186 1187 1125 3035 
14498 2298 3103 2428 3472 
14499 1018 849 967 3590 
14500 1550 1515 1509 2874 
14501 2752 3454 3207 3793 
14502 1996 3077 1995 3642 
14503 873 946 232 2126 
14504 959 967 2852 3585 
14505 1023 1062 1026 3012 
14506 1676 1133 1836 3081 
14507 2994 2665 3447 3537 
14508 1219 2274 1134 3860 
14509 2599 3358 3148 3754 
14510 427 3841 3799 3842 
14511 908 3033 3419 3801 
14512 2274 1219 2448 3860 
14513 1225 1203 1180 2931 
14514 2339 2301 2424 3159 
14515 1102 1101 127 2986 
14516 2673 3210 2956 3633 
14517 2846 3312 2997 3822 
14518 2473 2362 2526 3020 
14519 130 3122 131 3641 
14520 2097 1994 2087 3181 
14521 2463 2394 3280 3745 
14522 2578 3436 977 3573 
14523 717 734 733 3006 
14524 1157 3631 2955 3815 
14525 2691 2916 3209 3802 
14526 894 896 960 2737 
14527 1243 1119 2949 3857 
14528 2966 3153 3328 3508 
14529 2504 2417 3522 3765 
14530 2680 3330 3558 3617 
14531 2924 3454 2672 3623 
14532 1003 3052 984 3800 
14533 1388 1443 1386 3049 
14534 1651 1654 1631 2883 
14535 2856 3558 3330 3617 
14536 365 364 3426 3814 
14537 1575 1506 1544 2986 
14538 1946 3534 1944 3546 
14539 111 861 953 3095 
14540 472 1478 2379 2258 
14541 2788 3655 3609 3882 
14542 2494 3390 2812 3765 
14543 1465 1487 2971 3757 
14544 1911 2445 2262 3467 
14545 1976 1974 3506 3715 
14546 2291 2301 2294 3159 
14547 2071 2937 1898 3644 
14548 2108 1050 283 1900 
14549 1566 1535 1536 3879 
14550 2094 3071 1987 3217 
14551 2894 3473 3022 3775 
14552 735 3006 734 3861 
14553 1724 1736 1763 3337 
14554 215 216 2901 3621 
14555 2762 3212 2876 3314 
14556 747 2959 3423 3797 
14557 2676 3109 2911 3643 
14558 2025 2185 2093 3303 
14559 3348 3824 2762 3868 
14560 1524 1508 361 2933 
14561 748 747 3297 3423 
14562 1021 2951 1055 3783 
14563 1901 2151 2042 3599 
14564 1911 2144 2343 3481 
14565 1788 1748 1668 2932 
14566 2861 3457 2946 3711 
14567 1977 3470 3715 3788 
14568 2915 3565 2959 3601 
14569 877 239 942 1926 
14570 2684 2976 3029 3742 
14571 2677 3348 3096 3789 
14572 2606 3771 2999 3874 
14573 1967 1966 1968 3293 
14574 380 379 3156 3604 
14575 2867 3242 2648 3513 
14576 1306 1270 1298 3377 
14577 1120 1193 1191 3005 
14578 2373 2403 3145 3485 
14579 2075 3183 2196 3697 
14580 2300 3622 2297 3750 
14581 2189 2021 2038 3845 
14582 2129 3010 2158 3630 
14583 1111 1108 3604 3680 
14584 3450 3507 2832 3703 
14585 1442 1342 1399 2882 
14586 2539 2441 2437 3848 
14587 1552 1584 1523 3276 
14588 2404 2405 3626 3700 
14589 2353 2463 3280 3745 
14590 853 922 920 2953 
14591 2854 3611 2800 3616 
14592 2109 3274 2032 3300 
14593 2819 3396 2934 3855 
14594 2462 1907 2268 3531 
14595 2924 3245 3454 3623 
14596 187 1005 218 3387 
14597 2857 3299 2674 3578 
14598 1410 1408 1459 3209 
14599 2185 3045 2249 3514 
14600 2567 3647 2824 3713 
14601 2857 2674 3329 3578 
14602 857 900 901 3573 
14603 2670 2937 3673 3797 
14604 910 961 983 3419 
14605 2629 3244 2864 3737 
14606 2727 3326 2999 3664 
14607 979 931 2927 3800 
14608 2627 3089 3257 3725 
14609 2165 2230 1930 2951 
14610 2028 2101 2077 3046 
14611 2282 3024 2280 3612 
14612 3007 3433 2597 3589 
14613 3055 3378 2649 3411 
14614 1294 2528 2380 3541 
14615 2751 2974 62 3645 
14616 717 2149 165 768 
14617 142 3710 694 3868 
14618 2730 3616 3054 3816 
14619 2693 3359 2948 3598 
14620 1465 2971 3435 3757 
14621 2702 3190 3027 3703 
14622 2876 3710 2939 3868 
14623 3057 3613 2701 3688 
14624 1926 877 239 2111 
14625 2388 3259 2509 3510 
14626 62 2974 2751 3379 
14627 3394 3648 2738 3800 
14628 2761 3310 3272 3776 
14629 764 3520 817 3560 
14630 990 880 968 3134 
14631 1185 1122 3193 3629 
14632 2273 2365 2751 3143 
14633 1635 1614 1633 3534 
14634 2995 3445 3186 3824 
14635 3082 3172 2695 3409 
14636 422 1307 421 3210 
14637 1154 1138 1153 2908 
14638 650 638 632 3313 
14639 2094 3071 3217 3821 
14640 2765 3672 3334 3777 
14641 2990 3215 1033 3836 
14642 1651 1615 2883 3333 
14643 1945 1944 3031 3546 
14644 2071 2188 1898 2937 
14645 3177 3398 2721 3650 
14646 2467 3613 3021 3848 
14647 1840 3019 1737 3769 
14648 2773 3041 2610 3201 
14649 698 1102 104 1094 
14650 747 3423 745 3797 
14651 2396 2985 2259 3385 
14652 3215 3388 2664 3783 
14653 1486 1328 1379 2971 
14654 615 2563 614 3150 
14655 2514 3355 2377 3541 
14656 2696 2927 3498 3648 
14657 2395 3360 2334 3866 
14658 2490 2386 2345 3176 
14659 2427 3103 2295 3706 
14660 1480 464 1464 1347 
14661 2569 2577 869 977 
14662 2904 3159 2788 3882 
14663 1005 23 218 1246 
14664 1802 1797 1796 3183 
14665 2613 2984 3187 3669 
14666 3008 3246 2648 3784 
14667 2708 3209 2916 3667 
14668 1627 1915 2151 3505 
14669 1682 3063 1745 3319 
14670 3046 3338 3312 3884 
14671 2868 3472 3309 3568 
14672 1897 2045 2201 3515 
14673 2273 1132 2450 3143 
14674 1774 1775 1872 3806 
14675 62 2974 649 3645 
14676 2033 2107 2936 3594 
14677 1423 3049 1388 3866 
14678 2173 1806 3063 3852 
14679 2725 3378 3377 3595 
14680 2866 2628 3254 3383 
14681 1501 376 375 3258 
14682 2716 2875 3318 3487 
14683 914 969 916 2907 
14684 909 2128 879 3288 
14685 854 927 926 3620 
14686 1933 2128 909 3288 
14687 1701 1699 1827 3075 
14688 1055 1035 1033 3783 
14689 693 3675 2939 3868 
14690 1964 3034 1962 3817 
14691 647 986 641 3545 
14692 1234 1215 3268 3313 
14693 3013 3811 2904 3882 
14694 1736 1815 1763 2943 
14695 134 699 133 2984 
14696 1810 3263 1738 3830 
14697 2696 3064 3015 3648 
14698 2611 2894 3428 3775 
14699 2667 3063 3319 3536 
14700 3342 3398 2790 3809 
14701 1565 1497 1110 3862 
14702 825 187 188 3405 
14703 3272 3641 687 3693 
14704 3312 3338 2846 3884 
14705 1351 1355 1354 3519 
14706 2708 3661 3305 3853 
14707 1691 3365 1739 3571 
14708 649 3137 654 3645 
14709 603 2545 604 2878 
14710 2172 222 1921 867 
14711 1894 2185 2249 3514 
14712 1810 1811 3263 3830 
14713 2480 1218 2487 3268 
14714 1229 1154 1153 3405 
14715 1158 3631 1157 3815 
14716 2117 2899 2114 3723 
14717 2293 2470 2444 3655 
14718 3046 3322 2635 3338 
14719 974 903 977 3436 
14720 2634 3027 3190 3703 
14721 2389 2470 2491 3015 
14722 2959 3565 2681 3601 
14723 66 630 2988 3395 
14724 1353 1354 1407 2964 
14725 1268 1296 1290 3431 
14726 1797 3558 3330 3852 
14727 3392 3569 368 3691 
14728 2606 3212 2999 3771 
14729 1497 1554 1097 3299 
14730 159 726 777 1903 
14731 2735 3225 3586 3759 
14732 242 243 939 1950 
14733 2399 2268 2180 3469 
14734 218 1006 187 3387 
14735 2057 2080 1884 3384 
14736 2341 2751 2365 3284 
14737 2636 3453 3103 3808 
14738 134 712 135 3781 
14739 859 949 957 2824 
14740 238 877 935 1920 
14741 1181 2955 3702 3815 
14742 1348 3278 1404 3519 
14743 1661 498 1573 1788 
14744 2825 3316 3291 3860 
14745 3182 3297 2806 3420 
14746 908 3419 983 3801 
14747 1054 1038 3207 3454 
14748 1635 3325 3282 3534 
14749 2714 3342 2984 3831 
14750 2900 3428 2976 3791 
14751 1781 1780 1779 2979 
14752 133 805 134 2993 
14753 371 3115 1271 3841 
14754 375 1264 374 3633 
14755 138 3166 677 3636 
14756 3146 3177 2721 3650 
14757 2937 2670 3107 3797 
14758 1055 2951 3388 3783 
14759 2200 3054 1952 3400 
14760 1995 1996 1997 3077 
14761 1591 1496 1538 3623 
14762 2610 3498 2927 3648 
14763 711 831 3023 3452 
14764 2780 3471 3185 3673 
14765 3010 3288 2129 3479 
14766 2663 3282 3504 3768 
14767 1153 1138 1152 2908 
14768 3234 3483 2006 3854 
14769 2423 2356 2481 3152 
14770 2257 3049 2513 3592 
14771 3075 3263 2687 3830 
14772 1640 3505 2975 3570 
14773 1951 231 872 3417 
14774 2918 3732 2906 3825 
14775 3218 3254 2628 3599 
14776 728 3045 798 3514 
14777 2597 3129 2983 3433 
14778 625 2570 2589 3368 
14779 2305 3315 2981 3750 
14780 2141 2140 1912 2934 
14781 2595 3199 3265 3823 
14782 2696 3562 2851 3604 
14783 2580 2571 2566 3361 
14784 1905 3140 2158 3354 
14785 2915 3295 2647 3673 
14786 2710 2921 3506 3699 
14787 2941 3455 3119 3877 
14788 1166 1165 3069 3696 
14789 2881 3483 2713 3516 
14790 776 771 730 3351 
14791 1598 1151 3387 3632 
14792 1541 1581 1524 3051 
14793 2956 375 3468 3633 
14794 84 2730 2940 3400 
14795 1240 1199 1154 3327 
14796 3053 3289 3163 3729 
14797 2830 3300 2042 3599 
14798 1781 1863 1780 3126 
14799 2128 2176 1921 3288 
14800 1807 526 2135 1680 
14801 930 932 980 3371 
14802 143 694 142 3710 
14803 2535 302 2333 3523 
14804 1939 3150 2957 3425 
14805 1818 340 1198 1675 
14806 1111 3149 1118 3680 
14807 852 1211 981 3243 
14808 2924 3527 2653 3792 
14809 2627 3575 3208 3752 
14810 1204 1136 995 3526 
14811 2392 2393 2358 3847 
14812 3045 3303 2747 3514 
14813 352 1279 1317 3595 
14814 2842 3173 146 3886 
14815 2547 604 2545 2878 
14816 3006 3321 734 3861 
14817 1465 2971 1379 3435 
14818 3199 3646 2758 3823 
14819 2122 237 876 1920 
14820 2985 2686 3332 3548 
14821 970 641 986 3545 
14822 2459 2960 3626 3660 
14823 1630 1598 1151 3387 
14824 377 1544 1562 2986 
14825 2022 3240 2019 3845 
14826 2970 3341 643 3837 
14827 905 904 907 3746 
14828 2834 3760 3376 3856 
14829 2409 2451 2544 3145 
14830 2281 3557 2283 3684 
14831 420 3205 421 3434 
14832 2715 3123 2989 3406 
14833 2295 3706 3097 3811 
14834 2659 3403 2890 3497 
14835 2733 3163 3637 3729 
14836 867 2172 223 897 
14837 2725 3357 2935 3595 
14838 789 798 728 3045 
14839 2026 3758 3229 3884 
14840 3319 3813 2961 3858 
14841 3147 3175 2795 3559 
14842 2648 3246 3008 3692 
14843 371 372 1271 3115 
14844 1044 1035 3388 3716 
14845 1434 1430 2999 3411 
14846 1614 1613 1602 2901 
14847 1271 1321 3115 3465 
14848 1064 3245 3220 3454 
14849 2299 2303 2304 3315 
14850 124 2952 681 3579 
14851 3133 3492 2786 3501 
14852 435 1304 1296 3431 
14853 443 2935 1317 3595 
14854 2667 2891 3503 3615 
14855 1006 217 3524 3632 
14856 1711 1709 1710 3078 
14857 2048 2089 3558 3617 
14858 1199 1597 1626 3327 
14859 3425 3555 2750 3719 
14860 793 819 794 2945 
14861 2365 3284 3143 3810 
14862 354 1500 355 3170 
14863 2335 654 2493 3137 
14864 2455 2270 2488 3363 
14865 1681 529 2136 3183 
14866 1032 1048 3292 3836 
14867 2568 607 2467 2586 
14868 2852 1059 3367 3585 
14869 3179 3353 2700 3774 
14870 708 807 143 3290 
14871 3075 2687 3437 3830 
14872 2923 3311 2757 3484 
14873 2812 3390 2494 3684 
14874 2658 3126 2979 3508 
14875 2951 2664 3388 3783 
14876 2366 2934 2475 3467 
14877 189 3350 2866 3444 
14878 2006 3234 2103 3483 
14879 610 2485 2453 2580 
14880 937 648 653 944 
14881 1796 1678 530 3558 
14882 2053 2061 2035 2921 
14883 3018 3556 2998 3693 
14884 1658 1766 1870 3502 
14885 243 244 865 1953 
14886 1571 1530 1592 3582 
14887 2792 3069 3804 3822 
14888 2262 1912 2139 3467 
14889 367 3369 366 3691 
14890 2785 3284 2624 3748 
14891 2002 3303 2084 3448 
14892 792 791 830 3782 
14893 2983 3129 2691 3512 
14894 2671 3279 2920 3528 
14895 3056 3571 3365 3826 
14896 119 2942 3348 3824 
14897 1979 1980 2033 3203 
14898 3044 3182 2692 3549 
14899 1198 1119 340 1818 
14900 2244 2446 1932 3250 
14901 2648 3453 2867 3513 
14902 896 955 998 2737 
14903 1741 1751 3319 3404 
14904 2678 3363 3152 3635 
14905 2538 2261 2419 3043 
14906 529 1796 1890 3183 
14907 2457 2982 2458 3316 
14908 3046 2827 3338 3884 
14909 648 636 645 996 
14910 1776 1778 1708 3221 
14911 2610 2927 3371 3800 
14912 2691 2893 3209 3705 
14913 2740 2982 3531 3546 
14914 742 813 817 3560 
14915 2595 2915 3418 3565 
14916 1391 1401 1392 3681 
14917 2800 3611 3280 3850 
14918 2295 2292 3706 3811 
14919 2627 3752 3208 3778 
14920 2856 3256 2016 3617 
14921 924 986 936 633 
14922 1923 2168 2145 3214 
14923 1837 3109 1765 3643 
14924 1329 1435 2917 3698 
14925 1846 3536 3063 3852 
14926 1836 1740 1850 3081 
14927 126 697 149 2972 
14928 1954 2172 1938 3689 
14929 2894 3540 138 3735 
14930 1346 1461 2477 3812 
14931 3203 3821 3760 3856 
14932 2695 3409 3037 3749 
14933 1810 1738 1811 3830 
14934 2935 3357 352 3595 
14935 2663 3282 2982 3534 
14936 2656 3344 3006 3495 
14937 59 944 648 3728 
14938 2867 2648 3242 3576 
14939 3538 3825 2918 3833 
14940 1391 1392 1326 3121 
14941 2791 3355 3543 3739 
14942 1928 2106 2105 2945 
14943 936 651 644 976 
14944 3208 3575 2767 3752 
14945 2824 3361 2823 3567 
14946 2963 3195 2789 3838 
14947 2055 3538 2204 3825 
14948 2814 3664 3017 3686 
14949 3187 3285 2729 3380 
14950 1641 3282 3020 3768 
14951 2794 3736 3569 3849 
14952 2905 2692 3540 3846 
14953 2655 3129 2983 3512 
14954 2759 3194 3113 3306 
14955 2326 2327 2347 3064 
14956 136 684 135 3269 
14957 837 1012 1088 3670 
14958 2700 3252 3489 3774 
14959 2628 3218 2866 3254 
14960 1073 1053 1016 3043 
14961 2604 3406 2923 3686 
14962 2593 3135 2737 3713 
14963 2570 2571 2580 3361 
14964 2670 3565 2915 3586 
14965 1733 3164 1730 3606 
14966 2597 3007 3589 3843 
14967 951 3415 856 3881 
14968 2799 3295 3237 3640 
14969 2082 2011 2014 3550 
14970 1463 3336 1390 3888 
14971 3294 3652 2764 3670 
14972 2399 2390 2268 3469 
14973 376 1281 375 3633 
14974 2819 3835 3197 3855 
14975 1468 2844 1483 3757 
14976 2736 3178 3034 3817 
14977 948 622 912 3647 
14978 924 923 3111 3580 
14979 2018 2019 3000 3845 
14980 753 2950 3480 3782 
14981 1498 3089 1520 3575 
14982 1642 1634 1653 3730 
14983 1589 3392 368 3691 
14984 2300 2297 2432 3750 
14985 2600 3190 3525 3844 
14986 765 3399 828 3600 
14987 2964 3252 2666 3519 
14988 2607 3555 3033 3746 
14989 1585 1529 1527 3877 
14990 2913 3107 2670 3875 
14991 2761 3210 2956 3272 
14992 431 3029 432 3814 
14993 1996 2025 1997 3077 
14994 1549 1502 1657 3184 
14995 904 905 898 2732 
14996 1308 444 445 3541 
14997 2376 3360 2395 3674 
14998 376 375 2956 3633 
14999 746 3423 797 3644 
15000 106 685 129 3042 
15001 2713 3267 3335 3685 
15002 2076 2221 3312 3494 
15003 2567 2571 3361 3362 
15004 2196 2075 2136 3183 
15005 2648 2867 3453 3576 
15006 366 2865 3391 3814 
15007 2958 3180 2726 3340 
15008 1564 380 379 3156 
15009 2085 3349 2056 3551 
15010 1760 1719 1726 3416 
15011 1353 3509 1350 3519 
15012 2313 2314 2315 3714 
15013 2739 3433 3007 3724 
15014 2326 2389 2351 3149 
15015 2905 3649 3023 3695 
15016 3017 3664 3537 3686 
15017 367 3391 3369 3569 
15018 1021 1056 1055 2951 
15019 1835 1568 1845 3266 
15020 62 2 628 3645 
15021 2626 3234 2961 3584 
15022 1310 2968 424 3465 
15023 1249 1147 1146 2883 
15024 2747 3448 3303 3747 
15025 2042 2151 2109 2830 
15026 2904 3811 2292 3882 
15027 2542 2368 2502 2903 
15028 2130 2232 1949 2866 
15029 2775 3318 2875 3487 
15030 2883 3291 2663 3768 
15031 2640 3127 3011 3605 
15032 1745 3063 1846 3536 
15033 1464 1477 1475 3346 
15034 2369 2512 3261 3301 
15035 2650 2898 3611 3805 
15036 2562 3161 2732 3719 
15037 221 945 879 1921 
15038 710 752 751 3157 
15039 1784 1825 1785 3009 
15040 2495 2244 1914 2265 
15041 111 3095 112 3603 
15042 2985 3332 2686 3345 
15043 1039 3389 3207 3716 
15044 1716 1718 1717 3133 
15045 1619 1645 1626 3327 
15046 2037 2052 2008 2961 
15047 753 3157 752 3480 
15048 2865 3426 3029 3814 
15049 2662 3163 3053 3843 
15050 3520 3560 2723 3653 
15051 379 3562 3156 3604 
15052 1160 1162 1163 3102 
15053 2696 2927 3394 3779 
15054 2941 2644 3455 3877 
15055 2639 3359 2845 3804 
15056 1041 3670 1065 3889 
15057 3272 3693 3018 3753 
15058 1979 1977 1978 3715 
15059 2916 3158 2695 3749 
15060 1103 291 1582 1099 
15061 380 3562 379 3604 
15062 1219 1143 2362 3860 
15063 2612 3528 2920 3770 
15064 3066 2780 3586 3718 
15065 1604 1624 1622 3120 
15066 2271 1909 2164 3531 
15067 2916 3512 2708 3853 
15068 1685 1755 1746 3478 
15069 1432 3084 3040 3874 
15070 2139 2262 590 1912 
15071 1917 2146 2120 3197 
15072 2966 2658 3508 3608 
15073 2699 3029 3426 3619 
15074 2659 2847 3429 3564 
15075 987 118 119 2942 
15076 2661 3364 2870 3567 
15077 3113 3251 2759 3451 
15078 3023 3649 2689 3695 
15079 1478 2379 1468 472 
15080 2610 3052 3371 3616 
15081 1329 1488 466 1387 
15082 2707 3260 3067 3829 
15083 2739 3007 3433 3637 
15084 2597 3433 3007 3637 
15085 2270 3152 2481 3363 
15086 2663 2901 3504 3534 
15087 1280 366 1267 3391 
15088 972 3397 859 3499 
15089 2554 2750 3719 3863 
15090 1786 1808 1698 3283 
15091 1792 3570 2975 3872 
15092 2290 2292 3811 3882 
15093 812 736 768 3171 
15094 2823 3368 2824 3567 
15095 1387 1460 1329 3698 
15096 2780 3295 2915 3673 
15097 147 808 3139 3652 
15098 1376 3117 1377 3635 
15099 2459 2501 2404 2960 
15100 2209 2061 2053 3644 
15101 2810 3472 3315 3762 
15102 2650 2854 3611 3656 
15103 2650 3497 2837 3805 
15104 2841 3610 3227 3822 
15105 2677 3167 3353 3789 
15106 2560 3485 618 3535 
15107 2655 3636 3166 3735 
15108 1552 1494 1584 3276 
15109 930 928 931 3371 
15110 1588 1876 1117 3478 
15111 1601 1652 1627 3505 
15112 2942 2623 3348 3824 
15113 2670 3224 2959 3565 
15114 946 872 231 3417 
15115 2959 3601 2647 3673 
15116 627 62 64 2751 
15117 2034 1989 2098 3058 
15118 61 649 62 2974 
15119 2841 3069 3610 3822 
15120 2066 1960 3213 3817 
15121 2286 2284 2397 3136 
15122 2670 3673 2959 3797 
15123 1440 1346 3101 3812 
15124 3315 3472 2868 3762 
15125 2560 3161 616 3719 
15126 3113 3194 2813 3306 
15127 646 2996 655 3268 
15128 3006 2843 3344 3861 
15129 2282 2281 2280 3024 
15130 884 3093 947 3679 
15131 2765 3241 3168 3627 
15132 1006 3524 3387 3632 
15133 681 2952 147 3579 
15134 866 980 942 3054 
15135 2026 3229 2027 3884 
15136 2823 2614 3368 3567 
15137 3007 2597 3163 3843 
15138 1678 3558 1797 3852 
15139 2373 3145 2409 3485 
15140 2486 317 1222 2465 
15141 1093 1111 1108 3604 
15142 738 818 737 3060 
15143 2148 3093 2121 3396 
15144 527 1904 2135 1680 
15145 369 1509 1515 3392 
15146 132 3491 2998 3693 
15147 2472 1345 1403 3231 
15148 2613 2998 3439 3831 
15149 1802 1681 1803 3183 
15150 2404 3626 2960 3700 
15151 1682 1889 3063 3813 
15152 1945 1919 2156 3031 
15153 2883 2663 3504 3768 
15154 116 691 139 3735 
15155 218 2883 217 3632 
15156 2835 3674 3360 3683 
15157 1472 2259 2985 3385 
15158 1006 188 3387 3524 
15159 1315 1271 3115 3841 
15160 2498 2433 2354 3460 
15161 1486 461 1379 1328 
15162 1726 3281 1764 3796 
15163 1780 3126 1825 3508 
15164 2253 617 2401 3485 
15165 3374 3695 2905 3846 
15166 1221 2465 2447 3137 
15167 1131 2465 3137 3645 
15168 3281 3643 1764 3796 
15169 1017 1062 1563 3174 
15170 2961 3162 2667 3584 
15171 2700 3489 2884 3787 
15172 2480 1145 1218 3268 
15173 3020 3291 1241 3768 
15174 1203 1142 1180 3597 
15175 2784 3448 3335 3685 
15176 2570 2567 2571 3361 
15177 302 1118 1111 3149 
15178 1661 1811 1783 3830 
15179 2701 3445 3021 3848 
15180 1548 1576 3263 3755 
15181 941 2565 2579 2572 
15182 2994 3192 2686 3698 
15183 442 441 3378 3595 
15184 2726 3569 2954 3736 
15185 364 365 1273 3814 
15186 425 1455 1336 3061 
15187 2380 2377 349 3541 
15188 702 772 3035 3761 
15189 3229 3338 2827 3884 
15190 3019 2653 3527 3792 
15191 1484 1326 1392 3435 
15192 2314 3131 2316 3372 
15193 2362 3020 2449 3860 
15194 427 3440 428 3842 
15195 364 363 1556 3502 
15196 113 3138 2809 3851 
15197 3348 3789 3675 3868 
15198 495 1660 1810 1503 
15199 2623 3445 2942 3456 
15200 2671 2920 3279 3669 
15201 1989 1992 1990 3086 
15202 1170 1194 1173 3227 
15203 804 714 781 2938 
15204 724 172 1896 795 
15205 2959 3673 2937 3797 
15206 2329 2515 2282 3612 
15207 2063 2185 2025 3045 
15208 1137 1204 851 3248 
15209 126 1022 676 1023 
15210 2908 3383 2628 3730 
15211 442 3378 441 3818 
15212 147 706 808 3652 
15213 789 780 798 3045 
15214 2670 2915 3565 3673 
15215 1420 1383 1361 2994 
15216 2866 3383 3254 3694 
15217 2723 3560 2978 3598 
15218 126 2947 1014 3585 
15219 374 1525 3468 3665 
15220 3426 3619 3029 3814 
15221 2033 2936 2080 3788 
15222 2108 1900 1957 2990 
15223 2150 1911 3467 3481 
15224 2099 1978 1976 3715 
15225 2894 2611 3374 3846 
15226 2819 3246 3197 3835 
15227 2866 2628 3383 3730 
15228 717 164 2149 1893 
15229 2716 3557 3487 3720 
15230 2827 3300 3306 3599 
15231 2427 2428 2298 3103 
15232 979 931 964 2927 
15233 2321 2449 2473 3020 
15234 1724 1763 1727 3208 
15235 3038 3429 2675 3692 
15236 1618 1619 3327 3741 
15237 3033 3555 2706 3801 
15238 3002 3287 3139 3652 
15239 2668 3098 3153 3475 
15240 2057 3384 2081 3470 
15241 2630 3264 3043 3461 
15242 791 173 2186 724 
15243 1564 1105 1578 3604 
15244 641 3449 71 3545 
15245 2287 3141 2293 3609 
15246 813 3142 766 3560 
15247 2132 1790 2137 3516 
15248 1842 1785 1834 3839 
15249 2995 3484 2604 3795 
15250 635 3137 649 3341 
15251 2830 3306 3300 3599 
15252 2627 3208 3014 3778 
15253 1107 311 310 3424 
15254 2323 2334 2322 3360 
15255 2623 2995 3484 3824 
15256 1528 3087 1571 3578 
15257 1629 1642 1643 3218 
15258 1428 430 1334 3490 
15259 2588 622 911 948 
15260 1767 3337 1722 3704 
15261 1989 1986 3058 3733 
15262 1888 2103 2052 3858 
15263 2714 3380 3187 3873 
15264 953 861 887 3784 
15265 898 621 868 899 
15266 1425 1437 1339 3125 
15267 1161 3298 3102 3815 
15268 529 1890 2136 3183 
15269 1839 3597 2931 3712 
15270 1049 1019 1048 2945 
15271 2571 2897 2573 3688 
15272 2574 3362 2567 3647 
15273 1550 1503 1515 3263 
15274 673 1929 2785 3469 
15275 2402 3626 2750 3660 
15276 2700 2869 3658 3774 
15277 1388 1386 1384 3447 
15278 1860 1735 1762 3384 
15279 2522 3238 2484 3847 
15280 1268 363 1291 1303 
15281 1525 375 374 3468 
15282 1592 3478 1559 3582 
15283 2819 3008 3246 3692 
15284 1762 1761 1849 2992 
15285 2669 3059 3213 3754 
15286 2039 2005 3202 3495 
15287 1141 3195 1195 3838 
15288 2613 3047 3439 3634 
15289 2177 1969 3225 3471 
15290 1829 1661 1783 2977 
15291 2126 946 232 1934 
15292 1777 1707 1706 3401 
15293 3237 3295 3072 3640 
15294 2856 2680 3330 3474 
15295 3326 3734 2727 3787 
15296 3172 3380 2755 3572 
15297 2870 3397 2614 3567 
15298 843 754 752 3480 
15299 3000 3359 2948 3845 
15300 3128 3144 2653 3864 
15301 1933 2129 3288 3479 
15302 810 760 833 3099 
15303 1428 431 430 2976 
15304 1151 218 3387 3632 
15305 2033 2107 2080 2936 
15306 2306 2305 2304 3315 
15307 1609 1610 3444 3524 
15308 2571 2573 2583 3688 
15309 1611 3444 1645 3730 
15310 778 1895 2204 3825 
15311 2076 2077 2221 3494 
15312 530 1890 1796 3558 
15313 719 744 180 2181 
15314 3119 3455 2644 3877 
15315 3207 3389 1039 3792 
15316 1148 3134 1147 3291 
15317 2647 3297 2959 3423 
15318 368 2954 369 3842 
15319 3491 3641 2673 3693 
15320 1653 1619 1620 3730 
15321 371 370 1512 3638 
15322 2640 3605 2844 3757 
15323 2072 3351 3229 3758 
15324 1476 1475 1473 3668 
15325 2856 3474 2774 3503 
15326 1165 1190 1166 3069 
15327 3167 2700 3179 3353 
15328 1509 3266 2874 3392 
15329 2368 2542 2454 3848 
15330 1028 18 149 676 
15331 2929 3146 2678 3738 
15332 898 2732 905 3689 
15333 2592 2252 2371 613 
15334 1922 250 913 2156 
15335 2582 2578 977 3573 
15336 141 2939 693 3675 
15337 2952 3170 147 3579 
15338 637 2996 646 3268 
15339 216 1008 3524 3621 
15340 2005 3202 3495 3854 
15341 1651 3333 2883 3632 
15342 1535 3245 1591 3623 
15343 2726 3106 3369 3849 
15344 726 764 765 2978 
15345 717 733 164 1893 
15346 2829 3160 3053 3668 
15347 954 860 896 3547 
15348 2202 2850 3351 3758 
15349 1500 1534 355 3607 
15350 2661 3456 2861 3457 
15351 2775 3314 2995 3486 
15352 2459 2960 2404 3626 
15353 2020 2001 2090 3335 
15354 2131 1823 554 1670 
15355 805 134 2993 3781 
15356 2396 2345 2386 3176 
15357 2345 3176 2396 3262 
15358 307 3530 3230 3885 
15359 778 2204 170 725 
15360 2106 2067 2105 3764 
15361 1706 1705 1704 3401 
15362 924 923 925 3111 
15363 2117 1913 2142 2899 
15364 928 3449 927 3620 
15365 703 1242 1122 3193 
15366 977 3436 903 3573 
15367 2598 3237 3072 3640 
15368 988 929 930 2940 
15369 2641 3492 3072 3726 
15370 3345 3674 2835 3683 
15371 257 1025 1051 2275 
15372 124 681 125 3579 
15373 686 2956 130 3776 
15374 1314 359 1283 3532 
15375 1043 1034 3275 3836 
15376 2650 3280 3611 3850 
15377 2576 3613 2575 3688 
15378 2369 3261 2454 3301 
15379 1690 1692 1691 3571 
15380 141 3430 2864 3627 
15381 2582 934 2587 899 
15382 1388 1423 1330 3049 
15383 997 999 855 3033 
15384 2650 3280 2899 3611 
15385 2862 2682 3401 3887 
15386 368 369 1272 3842 
15387 1439 1450 1345 3231 
15388 937 996 648 944 
15389 772 3352 3761 3803 
15390 1410 1411 1369 3802 
15391 356 3080 357 3829 
15392 1041 1043 3275 3889 
15393 1807 526 1881 2135 
15394 2496 3316 2458 3810 
15395 1377 1412 1381 3462 
15396 2743 3090 3128 3864 
15397 2510 2345 2396 3262 
15398 2357 2509 2388 3259 
15399 2342 2312 2311 3711 
15400 1954 223 2172 897 
15401 1609 3444 3350 3524 
15402 332 1124 1617 1597 
15403 2346 2288 2290 3013 
15404 380 3156 1564 3604 
15405 3235 2672 3607 3623 
15406 744 2110 2181 3107 
15407 1767 1769 3184 3386 
15408 3384 3470 2057 3788 
15409 2994 3447 2665 3683 
15410 2890 3068 3587 3883 
15411 1073 3043 1057 3367 
15412 108 3587 3272 3693 
15413 2020 2132 2137 3516 
15414 2619 2867 3304 3576 
15415 2683 3011 3589 3605 
15416 2848 2609 3709 3777 
15417 2108 284 1050 1021 
15418 2141 2140 2934 3855 
15419 2736 3104 3213 3754 
15420 2950 3554 3480 3782 
15421 2883 3333 1615 3504 
15422 1260 1207 1259 3639 
15423 1925 2158 2129 3010 
15424 1006 217 188 3524 
15425 1703 3328 1779 3508 
15426 1160 1161 1162 3102 
15427 2297 2296 3097 3622 
15428 1194 3227 1169 3610 
15429 820 3383 189 3694 
15430 955 860 972 3499 
15431 1652 1621 1623 3505 
15432 1682 1889 1806 3063 
15433 1732 1710 1777 3154 
15434 1975 1976 1974 3506 
15435 2671 3491 2968 3634 
15436 1402 2477 2251 3772 
15437 638 3313 650 3837 
15438 998 3499 957 3647 
15439 2934 3467 2820 3855 
15440 130 686 129 2956 
15441 3480 3554 2832 3782 
15442 1173 3227 1194 3624 
15443 129 784 130 3413 
15444 2698 3386 2933 3588 
15445 2998 3491 2673 3693 
15446 3053 3163 2597 3843 
15447 2087 1994 2085 3551 
15448 1414 1432 1341 3040 
15449 843 3023 754 3480 
15450 1851 1682 1745 3319 
15451 3291 3316 3020 3860 
15452 1125 702 3035 3761 
15453 427 1429 3574 3799 
15454 2466 632 74 3268 
15455 1398 3037 1395 3574 
15456 1049 2945 1048 3889 
15457 1969 1966 2170 3225 
15458 2414 2515 2329 2989 
15459 792 830 831 3480 
15460 696 2952 124 3790 
15461 895 2962 861 3603 
15462 1319 1317 443 2935 
15463 1277 376 377 3210 
15464 1365 3158 1352 3802 
15465 2289 2287 2293 3609 
15466 1592 1586 3478 3767 
15467 1900 1955 1956 3292 
15468 2865 3369 2726 3740 
15469 2860 3453 3095 3784 
15470 2747 3202 3448 3747 
15471 2665 3406 3017 3686 
15472 2796 3466 3378 3818 
15473 1138 1199 1626 3327 
15474 1532 1544 1501 3258 
15475 619 2910 2562 3161 
15476 2537 675 2399 3469 
15477 1630 1152 1596 3387 
15478 3224 3797 2959 3807 
15479 1031 1009 1032 3292 
15480 944 3343 648 3728 
15481 2212 24 215 1004 
15482 2626 2880 3552 3584 
15483 2610 3371 3052 3800 
15484 2402 2403 2373 3626 
15485 2673 3272 3210 3753 
15486 1837 1765 1830 3643 
15487 2655 3129 3512 3705 
15488 2894 3374 2771 3636 
15489 673 2785 65 3469 
15490 1654 2883 3504 3768 
15491 2068 3178 2043 3331 
15492 109 3018 3556 3587 
15493 1257 1153 187 3405 
15494 2959 2681 3565 3807 
15495 2667 3503 2955 3615 
15496 2891 2667 3503 3550 
15497 1309 418 419 3136 
15498 1844 2225 1884 3384 
15499 421 420 1437 3205 
15500 129 3042 2956 3776 
15501 2761 3210 3272 3753 
15502 2169 2155 1932 3250 
15503 3428 3775 2976 3791 
15504 2064 3104 1961 3463 
15505 1564 3156 1105 3604 
15506 2613 3634 2998 3669 
15507 2328 3262 2370 3438 
15508 2395 2334 2420 3866 
15509 131 687 3641 3693 
15510 307 3230 308 3885 
15511 2976 3428 3022 3775 
15512 1905 2158 2184 3354 
15513 2391 2482 2390 3810 
15514 1427 1331 1424 3152 
15515 2767 3208 3752 3778 
15516 2832 3500 3376 3507 
15517 2956 2673 3633 3641 
15518 437 3084 1432 3874 
15519 2045 3408 2950 3554 
15520 3019 3389 2653 3792 
15521 188 3383 2908 3444 
15522 2090 2003 2006 3483 
15523 3103 3453 2847 3513 
15524 1759 1830 1787 3410 
15525 711 136 3452 3649 
15526 2424 3655 3159 3882 
15527 3350 3524 1008 3621 
15528 2563 3150 2732 3689 
15529 2244 2265 2446 3250 
15530 1374 1405 3118 3561 
15531 3361 3364 2661 3567 
15532 846 758 842 3249 
15533 1952 3054 2118 3816 
15534 2514 2504 2377 3355 
15535 2933 3386 3184 3518 
15536 2746 3165 2989 3795 
15537 2503 3041 2355 3544 
15538 2726 3369 3569 3849 
15539 1110 1097 1112 3862 
15540 2422 2471 2346 3422 
15541 970 986 641 647 
15542 920 919 3243 3343 
15543 1495 1573 498 1788 
15544 1717 1719 1760 3416 
15545 2387 2333 2480 3523 
15546 1434 1430 1416 2999 
15547 1729 1730 1758 3189 
15548 2875 3486 2775 3487 
15549 1589 3266 3392 3691 
15550 2600 3106 3849 3887 
15551 890 3196 889 3656 
15552 105 685 106 3042 
15553 361 2928 362 3431 
15554 2076 3312 2077 3494 
15555 1657 1877 1549 3518 
15556 120 3314 121 3486 
15557 438 1320 437 3039 
15558 986 924 925 3545 
15559 443 1317 442 3595 
15560 217 1007 188 3524 
15561 1268 1303 1296 3431 
15562 2759 3194 3322 3624 
15563 2855 2676 3687 3796 
15564 62 649 654 3645 
15565 932 3052 3371 3800 
15566 3227 3610 2635 3822 
15567 2606 3353 3167 3789 
15568 1625 1641 3020 3768 
15569 3173 3477 2707 3829 
15570 2956 3272 2673 3641 
15571 937 653 59 944 
15572 2701 3219 3445 3848 
15573 305 2927 304 3779 
15574 2025 1996 2062 3732 
15575 2022 2019 2021 3845 
15576 464 1327 1464 1347 
15577 1615 3333 1614 3504 
15578 2022 2021 3240 3845 
15579 703 814 1242 3193 
15580 1599 1937 1948 3350 
15581 2610 2902 3648 3850 
15582 131 3641 3491 3693 
15583 2792 3553 3069 3610 
15584 2685 3672 2864 3737 
15585 2670 3151 3565 3586 
15586 1200 1144 3081 3602 
15587 1614 1615 1613 3333 
15588 349 3355 2377 3522 
15589 359 3039 3169 3532 
15590 891 973 935 3656 
15591 1469 1479 1472 2985 
15592 1456 1339 1440 3101 
15593 1441 1427 1380 3152 
15594 2317 2314 2436 3131 
15595 2962 2648 3246 3784 
15596 2882 2708 3305 3853 
15597 884 943 947 3093 
15598 2639 3804 3069 3822 
15599 1882 2043 2171 3331 
15600 2984 2998 2613 3831 
15601 893 873 882 3197 
15602 1260 2974 1207 3639 
15603 3062 3102 2693 3876 
15604 2868 2694 3568 3762 
15605 726 159 2124 1903 
15606 2462 2271 579 2164 
15607 2992 3132 2855 3671 
15608 3077 3642 1996 3732 
15609 1566 1015 1063 3245 
15610 1641 1616 3282 3768 
15611 3063 3503 2667 3550 
15612 2344 3660 2402 3863 
15613 443 442 1454 3511 
15614 1969 3225 3471 3718 
15615 2628 2866 3218 3730 
15616 1368 1371 1372 3082 
15617 1115 311 1107 3424 
15618 380 2851 3562 3604 
15619 2250 3006 2206 3495 
15620 2131 1823 1882 554 
15621 1098 3530 3025 3862 
15622 2463 2394 2353 3280 
15623 1180 1142 1202 3493 
15624 1060 1089 1013 3010 
15625 2646 2954 3440 3736 
15626 1365 1352 1369 3802 
15627 1415 1363 1385 3537 
15628 2726 3180 2958 3736 
15629 1654 1603 1631 3768 
15630 2477 3101 2471 3772 
15631 1044 1046 1039 3389 
15632 2730 85 3201 3459 
15633 2864 3430 2805 3627 
15634 307 308 3079 3885 
15635 1320 3039 438 3260 
15636 1832 480 1552 1679 
15637 2719 3235 3080 3614 
15638 1688 1689 1879 3056 
15639 2459 3626 2402 3660 
15640 1948 1937 190 3350 
15641 2681 2915 3418 3601 
15642 3328 3508 1703 3878 
15643 1783 1696 3437 3830 
15644 2692 3549 3105 3846 
15645 1110 1565 295 1497 
15646 724 792 809 3450 
15647 1623 1621 1622 3120 
15648 2324 2338 2302 3038 
15649 2569 2577 977 2578 
15650 1926 1952 2200 3054 
15651 2305 2307 2433 2981 
15652 2854 3616 2800 3816 
15653 2445 1911 2343 3481 
15654 168 727 789 2063 
15655 418 3136 2284 3812 
15656 116 3364 2870 3707 
15657 1472 475 2384 2259 
15658 3063 2222 3550 3813 
15659 1812 1815 1736 2943 
15660 2755 3589 3433 3724 
15661 1943 2224 3425 3756 
15662 979 2927 3394 3800 
15663 627 2751 64 3748 
15664 1927 2901 1944 3534 
15665 2337 2365 2341 2751 
15666 1711 1742 1709 3078 
15667 2901 3333 1613 3621 
15668 2930 3449 2718 3620 
15669 1320 358 1282 3039 
15670 1737 1840 1832 3019 
15671 2196 3183 1890 3558 
15672 941 2574 2579 948 
15673 1843 3416 1760 3796 
15674 284 2108 1930 1021 
15675 104 698 127 2986 
15676 1379 2971 1449 3869 
15677 1941 3214 2235 3417 
15678 67 630 66 3395 
15679 3050 3283 2828 3347 
15680 674 66 673 3395 
15681 2122 1918 2148 3093 
15682 2081 3384 2225 3671 
15683 1283 1282 359 1314 
15684 2652 3474 2856 3503 
15685 2461 3140 2350 3354 
15686 1725 1727 1728 3014 
15687 1215 1234 1213 3313 
15688 3090 3366 2770 3654 
15689 431 1340 432 2976 
15690 375 374 3468 3633 
15691 1624 1623 3120 3712 
15692 2630 3367 2852 3722 
15693 2274 2448 2496 3860 
15694 1479 2985 1469 3345 
15695 276 1075 1789 1011 
15696 2611 3775 3105 3846 
15697 2650 3656 2898 3805 
15698 2636 3398 2888 3808 
15699 2603 3267 3175 3685 
15700 768 3171 2192 3514 
15701 1047 1039 3389 3792 
15702 2028 2077 2076 3312 
15703 2789 3321 3344 3861 
15704 1681 1904 528 1813 
15705 2361 2505 2426 3242 
15706 3378 3466 2796 3662 
15707 1488 1466 466 1387 
15708 2629 3244 3130 3710 
15709 1220 1676 1817 3857 
15710 1549 485 1657 1502 
15711 360 361 1262 3532 
15712 376 2956 3210 3633 
15713 2178 1929 2785 3395 
15714 422 423 1299 3210 
15715 2405 2406 3461 3700 
15716 2623 2861 3456 3676 
15717 1944 1919 1945 3031 
15718 903 3436 901 3573 
15719 1566 1015 3245 3879 
15720 1008 3350 189 3524 
15721 1844 1854 2225 3384 
15722 2164 580 2462 1907 
15723 2856 2680 3474 3617 
15724 2343 2878 2464 3481 
15725 147 2952 696 3790 
15726 1443 1388 1330 3049 
15727 2028 3046 3312 3884 
15728 3252 3658 2964 3774 
15729 2668 3221 3211 3475 
15730 1107 1096 3478 3582 
15731 829 775 773 3476 
15732 3056 3175 2690 3826 
15733 2713 3175 3056 3826 
15734 1139 1214 1213 3763 
15735 693 2939 142 3868 
15736 1528 1530 1571 3087 
15737 2803 2890 3497 3883 
15738 360 361 3532 3591 
15739 2962 2619 3547 3576 
15740 216 2901 3333 3464 
15741 747 746 745 3423 
15742 1113 1554 1492 3582 
15743 985 1256 854 3620 
15744 2721 3533 3398 3721 
15745 1568 1835 494 1550 
15746 2612 3412 3001 3446 
15747 2598 3182 3044 3549 
15748 1367 3409 1368 3749 
15749 2746 2989 3517 3795 
15750 1102 1095 1101 2986 
15751 913 914 878 3026 
15752 2474 2270 1424 3152 
15753 2503 2355 2452 3544 
15754 2178 3026 1922 3395 
15755 2679 3530 3028 3885 
15756 306 307 3028 3530 
15757 216 1008 189 3524 
15758 2966 3508 1782 3608 
15759 1878 1749 3404 3858 
15760 935 876 237 1920 
15761 1160 1163 1183 3876 
15762 2928 2609 3441 3709 
15763 1099 1564 1547 3156 
15764 1616 3504 3282 3768 
15765 1942 3425 2224 3660 
15766 2838 3217 3071 3821 
15767 2652 3102 3298 3815 
15768 1181 1182 3298 3702 
15769 218 1151 1005 1246 
15770 912 911 622 948 
15771 1113 3299 1554 3582 
15772 1067 272 1493 1558 
15773 444 443 1338 3511 
15774 2384 2985 2386 3674 
15775 1467 3385 1473 3668 
15776 2032 3300 2031 3599 
15777 528 2136 1904 1681 
15778 2201 2045 2099 3408 
15779 2920 3528 3279 3770 
15780 1390 3231 1450 3888 
15781 3080 3235 2743 3614 
15782 964 104 979 2927 
15783 2029 3046 2028 3884 
15784 148 147 3170 3579 
15785 711 3452 3023 3649 
15786 1845 3266 1511 3691 
15787 3096 3167 2677 3789 
15788 3070 3489 2666 3729 
15789 2295 3097 2296 3811 
15790 762 177 2209 721 
15791 1583 1507 1561 2972 
15792 1742 1709 3078 3806 
15793 901 903 902 3436 
15794 1390 1403 3231 3592 
15795 3415 3657 2732 3746 
15796 2095 3132 1972 3780 
15797 2966 3328 3153 3878 
15798 475 1469 1472 2384 
15799 2254 2454 2467 3301 
15800 2277 2279 2278 3390 
15801 2177 2070 1969 3471 
15802 3487 3557 2746 3720 
15803 1787 3410 1830 3643 
15804 2966 3608 2741 3659 
15805 133 713 805 2993 
15806 625 2777 2591 3368 
15807 1951 1934 231 3417 
15808 2627 3089 3575 3752 
15809 72 929 970 939 
15810 1268 1290 362 3431 
15811 2612 3001 3412 3770 
15812 2669 2945 3292 3764 
15813 2655 3512 3022 3705 
15814 2691 3209 3512 3705 
15815 1273 1291 364 1313 
15816 1733 1756 3164 3859 
15817 1485 1325 467 3192 
15818 1632 513 1937 2130 
15819 2074 3617 3000 3697 
15820 2849 3525 3370 3844 
15821 2214 2065 2068 3463 
15822 2777 3135 2591 3368 
15823 1889 532 1806 2173 
15824 1825 1785 3009 3839 
15825 2574 623 622 3647 
15826 2671 3279 3528 3770 
15827 3034 3178 2736 3375 
15828 2690 3175 3147 3559 
15829 2537 675 103 672 
15830 977 2582 2569 2578 
15831 2733 3030 3163 3729 
15832 2390 3284 2365 3810 
15833 604 2547 605 3214 
15834 1553 1531 1526 3578 
15835 1390 1463 1389 3336 
15836 1160 1161 3102 3815 
15837 927 925 926 3545 
15838 2176 3288 3630 3756 
15839 1483 3160 1489 3757 
15840 2243 1943 3425 3756 
15841 1113 1114 3299 3582 
15842 2842 3270 2725 3790 
15843 2487 2480 313 1218 
15844 2677 3675 3348 3789 
15845 2918 2801 3538 3833 
15846 1998 1999 2000 3277 
15847 1012 837 823 3670 
15848 1456 3101 1346 3772 
15849 2603 3236 3625 3731 
15850 2390 2341 3284 3469 
15851 2719 3477 3170 3886 
15852 2903 3445 3219 3848 
15853 3018 3587 109 3693 
15854 2312 2436 2314 3714 
15855 170 1895 2204 778 
15856 2703 3412 3001 3770 
15857 419 3136 418 3812 
15858 868 621 2587 899 
15859 2900 2611 3428 3791 
15860 1680 1814 1824 3382 
15861 645 976 644 3580 
15862 2612 3296 2920 3528 
15863 2355 3041 2452 3544 
15864 1748 1746 1668 3767 
15865 2413 3101 2477 3812 
15866 1032 1043 1048 3836 
15867 2673 3491 2998 3634 
15868 3127 3589 3011 3605 
15869 2701 2942 3445 3456 
15870 1677 3124 311 3424 
15871 1262 361 1290 3431 
15872 935 994 891 3656 
15873 2046 3554 2045 3782 
15874 2292 2904 3706 3811 
15875 814 767 766 3193 
15876 807 707 144 3827 
15877 2718 2773 3201 3583 
15878 1105 1564 1099 3156 
15879 1109 1107 1096 3478 
15880 1219 2362 2448 3860 
15881 3088 2616 3318 3662 
15882 1449 2971 1397 3869 
15883 2064 1958 1961 3104 
15884 2875 2638 3486 3487 
15885 1007 216 189 3524 
15886 2971 2640 3435 3757 
15887 977 899 2582 3573 
15888 1835 1660 494 1550 
15889 3110 3778 2767 3864 
15890 2959 3297 2647 3601 
15891 3019 2653 3389 3769 
15892 2069 2044 1967 3293 
15893 162 716 2197 761 
15894 1929 2153 2178 2785 
15895 1492 1559 1096 3582 
15896 2525 1323 2529 2381 
15897 2555 617 2554 3863 
15898 2692 3182 3016 3549 
15899 2600 3849 3232 3887 
15900 1598 1246 1151 3632 
15901 1131 2465 1221 3137 
15902 2200 866 240 942 
15903 2995 3186 3486 3824 
15904 2650 3611 2899 3805 
15905 2670 2937 3471 3673 
15906 2822 3528 3115 3799 
15907 1768 1809 1753 3110 
15908 2956 3042 2761 3776 
15909 2648 3008 3429 3692 
15910 2192 3171 2247 3514 
15911 1989 1986 2098 3058 
15912 2866 3383 189 3444 
15913 2776 3301 2512 3485 
15914 2667 3319 3063 3813 
15915 1335 1431 3048 3785 
15916 627 64 65 3748 
15917 1378 1376 1377 3635 
15918 2787 3458 3094 3618 
15919 2800 3611 2854 3816 
15920 104 682 105 3402 
15921 147 681 124 2952 
15922 1921 879 221 2128 
15923 1759 1787 1729 3410 
15924 1682 1846 1745 3063 
15925 2661 2823 3361 3567 
15926 2165 1930 2138 2951 
15927 1045 1044 1035 3388 
15928 1660 495 1550 1503 
15929 1286 1270 354 3377 
15930 2132 1888 1669 3516 
15931 2595 3191 3199 3646 
15932 580 2268 2462 1907 
15933 1734 3133 1716 3501 
15934 445 444 1439 3488 
15935 760 3253 718 3677 
15936 1365 1367 1366 3749 
15937 2640 2971 3435 3869 
15938 2854 3616 3052 3850 
15939 718 796 182 2210 
15940 2894 138 3636 3735 
15941 1508 1524 1549 3184 
15942 1056 1045 1055 3388 
15943 3675 3789 2939 3868 
15944 2824 3364 3361 3567 
15945 175 2174 1897 723 
15946 480 1552 1504 1832 
15947 2609 3672 3663 3777 
15948 2671 2968 3458 3465 
15949 702 772 773 3035 
15950 2424 2289 3655 3882 
15951 366 3391 1280 3814 
15952 1333 1436 423 3047 
15953 1952 1926 2118 3054 
15954 1151 1246 218 3632 
15955 3760 3821 3071 3856 
15956 2699 2848 3619 3709 
15957 1280 3391 1312 3814 
15958 2820 3304 3242 3576 
15959 2229 2116 2155 3250 
15960 441 3377 3378 3595 
15961 676 1022 17 1023 
15962 123 696 124 3790 
15963 1551 499 1668 1788 
15964 1894 166 2192 3514 
15965 762 746 797 3644 
15966 635 77 654 2493 
15967 240 2200 942 1926 
15968 1984 2073 2098 3376 
15969 2640 3435 3121 3869 
15970 676 17 126 1023 
15971 187 1151 1005 3387 
15972 1280 1267 1312 3391 
15973 788 3073 787 3833 
15974 773 771 829 3352 
15975 114 677 115 3166 
15976 1662 1863 2088 3126 
15977 1734 1769 1718 3386 
15978 796 1899 182 2210 
15979 3175 3267 2713 3685 
15980 2680 3330 2949 3442 
15981 550 1665 1816 1883 
15982 2093 2084 2002 3303 
15983 1483 1489 1487 3757 
15984 1095 1102 1103 2986 
15985 1896 2186 173 724 
15986 2625 3257 3226 3614 
15987 2768 2918 3539 3833 
15988 1698 1693 1695 3283 
15989 2762 2995 3314 3824 
15990 1157 2955 3602 3702 
15991 2029 2101 2028 3046 
15992 107 686 130 3776 
15993 1656 1763 1815 3773 
15994 1042 3245 1064 3454 
15995 1916 2131 555 1670 
15996 654 3137 2335 3645 
15997 755 744 3107 3797 
15998 845 774 775 3629 
15999 3016 3182 2598 3549 
16000 305 1094 104 3779 
16001 2663 3504 3282 3534 
16002 124 696 147 2952 
16003 1809 3276 1840 3769 
16004 2005 2004 2039 3202 
16005 2605 3380 3572 3873 
16006 747 709 748 3297 
16007 2792 3069 3553 3804 
16008 821 782 784 3443 
16009 2880 3602 2955 3615 
16010 1841 1777 1852 2965 
16011 779 3539 2906 3825 
16012 1147 1140 1241 3291 
16013 1546 1561 352 3012 
16014 1895 778 2216 3825 
16015 910 959 1000 3419 
16016 1342 1395 1399 3574 
16017 15 1102 698 1094 
16018 2779 60 3343 3728 
16019 2011 2010 2012 3247 
16020 2708 2882 3490 3667 
16021 675 2240 2152 3469 
16022 821 798 3443 3727 
16023 663 86 3459 3544 
16024 2706 2957 3756 3801 
16025 1731 1733 1730 3606 
16026 1175 3194 1173 3624 
16027 1041 1078 1012 3670 
16028 3326 3664 2727 3734 
16029 350 3355 3174 3543 
16030 257 1025 2275 2469 
16031 2391 2458 2482 3810 
16032 1241 3020 1143 3860 
16033 2223 3396 3238 3723 
16034 147 3790 696 3886 
16035 638 3111 639 3545 
16036 1307 1277 1284 3434 
16037 2809 3724 3433 3851 
16038 465 1480 1488 1329 
16039 1625 1641 1636 3020 
16040 1130 1216 1237 2970 
16041 1204 208 995 1136 
16042 1753 1731 1768 3110 
16043 1209 1233 1132 3143 
16044 143 3290 3130 3710 
16045 2355 3041 2483 3745 
16046 130 687 107 3272 
16047 720 179 744 2110 
16048 698 104 15 1094 
16049 2429 2318 2422 3422 
16050 947 943 876 3093 
16051 117 3320 3364 3707 
16052 3019 1840 3276 3769 
16053 1516 357 1490 3080 
16054 2959 3565 3224 3807 
16055 1408 1409 1353 3509 
16056 766 813 704 3142 
16057 2627 3575 3089 3725 
16058 2130 1949 1937 2866 
16059 65 673 66 2785 
16060 2751 2624 3284 3748 
16061 2149 2250 2040 3171 
16062 66 2785 673 3395 
16063 3106 2642 3593 3740 
16064 3060 3666 2679 3690 
16065 756 3249 758 3875 
16066 2934 3396 2819 3692 
16067 2675 3396 2934 3692 
16068 1563 1546 351 3174 
16069 764 763 817 3520 
16070 3381 3638 1512 3755 
16071 2679 3230 3530 3885 
16072 1974 2095 1972 3780 
16073 1838 1594 1638 3712 
16074 2663 2901 3464 3504 
16075 3105 3339 2611 3846 
16076 946 231 1934 3417 
16077 2597 3007 3163 3637 
16078 1289 1287 357 3260 
16079 2696 3156 3562 3604 
16080 687 3272 130 3641 
16081 1006 3387 218 3632 
16082 727 168 2216 2063 
16083 2161 2271 1909 578 
16084 1064 3220 1040 3454 
16085 1651 1631 1598 3632 
16086 2689 3452 3307 3649 
16087 2279 2280 2281 3024 
16088 2524 445 2276 3541 
16089 719 181 796 2181 
16090 1752 3606 1753 3769 
16091 1327 1348 1349 3346 
16092 784 714 130 3122 
16093 2447 1221 316 2465 
16094 747 803 709 3297 
16095 2670 3586 2915 3673 
16096 2748 3146 3622 3650 
16097 172 2058 1896 795 
16098 682 104 127 2986 
16099 1969 3471 2070 3718 
16100 2821 3431 2928 3591 
16101 1337 438 437 3874 
16102 907 1001 3415 3746 
16103 499 1551 1495 1788 
16104 1090 1018 849 967 
16105 2129 2166 3010 3479 
16106 508 2182 1606 1927 
16107 2015 2013 2100 3308 
16108 3022 3428 2894 3775 
16109 1687 1853 1756 2951 
16110 643 650 642 2970 
16111 1947 2207 1935 3395 
16112 2371 2543 2252 2592 
16113 147 3139 148 3170 
16114 828 3399 3476 3600 
16115 1351 1404 1355 3519 
16116 1676 1836 1850 3081 
16117 1105 3156 1093 3604 
16118 902 857 901 2892 
16119 1063 1496 1566 3245 
16120 3440 3799 2822 3842 
16121 1465 3435 1482 3757 
16122 1946 2162 2982 3546 
16123 1028 1022 18 676 
16124 325 1140 1603 1231 
16125 216 3333 2901 3621 
16126 2278 2514 2276 3541 
16127 1490 357 356 3080 
16128 1806 531 1678 3852 
16129 879 909 220 2128 
16130 2714 3809 3342 3831 
16131 108 3403 2890 3587 
16132 761 2197 162 2119 
16133 1657 1767 1769 3184 
16134 149 837 1088 3324 
16135 1929 2152 2153 3469 
16136 1712 3154 1732 3566 
16137 966 3479 910 3590 
16138 1605 1627 1640 3505 
16139 3335 3483 2713 3685 
16140 2102 3871 3274 3872 
16141 1094 3402 104 3779 
16142 552 1837 1666 2171 
16143 2084 2185 2247 3514 
16144 1634 3444 1611 3730 
16145 2915 3601 2959 3673 
16146 2002 2004 2003 3448 
16147 2876 3212 2606 3771 
16148 3799 3841 2822 3842 
16149 2341 2399 672 3469 
16150 440 3055 439 3411 
16151 138 691 115 3166 
16152 1489 3757 3160 3766 
16153 790 175 1897 723 
16154 1797 3330 1798 3852 
16155 2915 2681 3565 3601 
16156 2762 3314 2876 3868 
16157 2671 3115 3032 3528 
16158 1457 1382 1414 3658 
16159 71 3449 634 3545 
16160 2181 744 180 2110 
16161 2713 3267 3175 3826 
16162 2988 3026 2785 3395 
16163 975 863 890 3196 
16164 2586 3021 2581 3535 
16165 1419 1453 1388 3447 
16166 306 1141 1251 3838 
16167 1406 1436 1421 3118 
16168 1610 3387 3444 3524 
16169 1107 1092 1115 3478 
16170 2947 3367 1027 3585 
16171 2957 2706 3555 3801 
16172 2141 2121 2146 3855 
16173 836 731 1257 3405 
16174 1053 260 2261 1024 
16175 2019 2017 2018 3000 
16176 2278 2494 2504 3765 
16177 2401 58 2555 617 
16178 69 658 86 3544 
16179 1838 3597 1839 3712 
16180 2595 3418 2912 3646 
16181 2534 1913 2143 3238 
16182 1465 1482 1487 3757 
16183 1356 1354 1355 3252 
16184 3215 3388 1035 3716 
16185 353 354 1270 3595 
16186 2661 3364 3320 3707 
16187 2089 2048 2016 3617 
16188 578 2161 2271 2479 
16189 2681 3418 2915 3565 
16190 1763 1826 3208 3773 
16191 2662 3030 3163 3880 
16192 1125 1239 702 3761 
16193 2729 3380 3172 3572 
16194 1625 325 1603 1231 
16195 1546 1071 265 1583 
16196 824 800 3294 3652 
16197 2891 3615 2633 3743 
16198 2639 2997 3804 3822 
16199 1312 1267 1302 3391 
16200 895 887 861 2962 
16201 2518 2457 2271 2982 
16202 1800 1846 1798 3536 
16203 2190 1896 2058 3500 
16204 1739 1691 1808 3365 
16205 909 1933 220 2128 
16206 672 675 671 3469 
16207 1747 1733 1756 3164 
16208 2942 3445 2623 3824 
16209 2274 2450 320 1223 
16210 2586 2581 618 3535 
16211 2655 3512 2983 3661 
16212 768 2192 166 3514 
16213 2238 2157 1087 3354 
16214 765 828 777 3600 
16215 2053 2035 1975 3506 
16216 2915 3586 2780 3673 
16217 1845 1835 493 1568 
16218 885 886 862 3008 
16219 1428 1411 3209 3667 
16220 1487 1486 1465 2971 
16221 2262 2475 1912 3467 
16222 2732 3161 2910 3657 
16223 2365 3143 2536 3810 
16224 2337 3 628 2341 
16225 1331 3152 1441 3772 
16226 2556 3150 1924 3719 
16227 2477 2471 2251 3772 
16228 3024 3165 2746 3720 
16229 3201 3459 658 3544 
16230 2582 2569 934 977 
16231 1719 1721 1726 3281 
16232 2568 2581 2586 3021 
16233 1946 2982 3325 3534 
16234 2326 2325 2327 3064 
16235 924 922 923 3580 
16236 2076 3312 2024 3884 
16237 2966 3508 3328 3878 
16238 2519 2544 3414 3684 
16239 2226 1940 83 3400 
16240 3537 3664 2727 3686 
16241 1054 3207 1039 3792 
16242 1578 1105 1108 3604 
16243 138 691 3166 3735 
16244 2669 2990 3292 3836 
16245 2636 3095 3453 3808 
16246 2726 3736 2958 3849 
16247 1097 1110 295 1497 
16248 2567 2574 2572 3362 
16249 1405 1371 3409 3561 
16250 129 686 106 3776 
16251 1195 1141 1155 3195 
16252 2914 3715 3470 3788 
16253 2846 3271 3240 3758 
16254 2314 2317 2316 3131 
16255 1304 435 436 3532 
16256 711 3023 843 3649 
16257 1314 437 3039 3532 
16258 2454 2369 2368 3261 
16259 645 652 631 3343 
16260 1731 3110 1753 3606 
16261 1126 1248 1201 3142 
16262 1960 1958 1959 3213 
16263 1526 1527 1528 3578 
16264 1581 1521 1545 3575 
16265 177 2061 2209 721 
16266 361 2928 3431 3591 
16267 1124 332 1199 1597 
16268 1218 2480 313 1145 
16269 2773 3523 2452 3544 
16270 915 916 917 2988 
16271 2288 3609 2289 3882 
16272 653 636 648 937 
16273 2535 2452 2773 3523 
16274 1409 1352 3509 3802 
16275 1489 1487 3757 3766 
16276 861 3095 111 3603 
16277 2002 2003 2001 3448 
16278 1713 1735 1773 3323 
16279 831 827 806 3452 
16280 934 2582 977 899 
16281 2670 2959 3224 3797 
16282 456 1345 2472 2476 
16283 2295 2296 2292 3811 
16284 1456 1440 1346 3101 
16285 2628 3113 3306 3451 
16286 908 999 3033 3746 
16287 1810 496 1503 1811 
16288 821 715 738 3727 
16289 2002 2084 2004 3448 
16290 1374 1405 1406 3118 
16291 2726 3569 3736 3849 
16292 3183 3442 2680 3870 
16293 1069 1071 1022 2972 
16294 1539 1540 365 2987 
16295 2649 3212 2876 3771 
16296 1754 1840 1737 3769 
16297 1738 1810 1827 3263 
16298 1753 3606 3110 3769 
16299 2708 2882 3667 3853 
16300 2056 3349 2086 3551 
16301 1523 3108 1519 3527 
16302 1173 1175 1174 3194 
16303 1219 1134 1258 3860 
16304 2826 3133 3386 3588 
16305 1120 1244 342 1822 
16306 2775 3662 3318 3720 
16307 120 2876 3314 3868 
16308 1833 1494 481 1679 
16309 2085 2056 2086 3551 
16310 614 1938 2557 3150 
16311 3001 3302 2768 3701 
16312 1137 851 963 3248 
16313 2762 3484 2995 3824 
16314 1799 1817 1800 3857 
16315 1279 1265 352 1317 
16316 2091 2007 2005 3854 
16317 1838 1672 1594 3712 
16318 1396 3121 1326 3435 
16319 1379 3435 2971 3869 
16320 2222 2047 3063 3550 
16321 2401 2344 2402 3863 
16322 1451 2999 1430 3874 
16323 2964 3658 2869 3774 
16324 1209 1210 1233 3496 
16325 1023 1026 1014 2947 
16326 1448 1417 1332 3818 
16327 110 3342 3556 3831 
16328 2564 620 619 2910 
16329 374 3094 1491 3665 
16330 674 673 1929 3395 
16331 1492 1592 1559 3582 
16332 864 105 3394 3800 
16333 1484 1465 1326 3435 
16334 3086 3181 2887 3581 
16335 2377 2504 2417 3522 
16336 3115 3799 426 3841 
16337 3228 3236 2603 3747 
16338 1557 367 366 3691 
16339 1494 1552 481 1679 
16340 1594 1672 521 1637 
16341 3024 3165 2763 3612 
16342 3235 3607 1518 3623 
16343 803 2959 747 3807 
16344 2313 3036 2310 3714 
16345 1984 1982 3376 3856 
16346 2028 3312 2076 3884 
16347 2794 2958 3736 3849 
16348 2389 2347 2470 3015 
16349 1003 892 984 3052 
16350 2460 2350 2461 3140 
16351 2716 3145 3414 3678 
16352 146 3287 147 3886 
16353 1974 1973 3185 3780 
16354 1753 1809 1840 3769 
16355 2521 2376 2395 3674 
16356 1403 1450 1390 3231 
16357 3072 3492 2786 3726 
16358 217 3333 2883 3464 
16359 842 707 846 3827 
16360 1113 1097 1554 3299 
16361 673 2152 1929 3469 
16362 590 2262 2475 1912 
16363 1156 3195 1155 3631 
16364 785 3539 3825 3833 
16365 2642 3106 3369 3740 
16366 618 2561 3301 3485 
16367 2028 2076 2024 3884 
16368 2961 3404 3319 3858 
16369 2066 1960 1959 3213 
16370 908 999 997 3033 
16371 2281 2282 2320 3557 
16372 1204 851 3248 3526 
16373 716 817 3520 3653 
16374 2363 2466 74 3268 
16375 878 250 913 1922 
16376 2975 3274 3255 3872 
16377 1036 1034 1035 3215 
16378 1215 1213 1214 3313 
16379 2246 2110 2188 3107 
16380 2861 3457 3456 3676 
16381 1498 1520 1521 3575 
16382 2271 579 2164 1909 
16383 511 1948 1607 1599 
16384 2615 3581 2926 3701 
16385 2698 3199 3191 3646 
16386 2787 3468 3633 3641 
16387 2180 1907 2153 3469 
16388 1890 3183 1796 3558 
16389 2883 2663 3464 3504 
16390 1351 1353 1350 3519 
16391 1760 3416 1726 3796 
16392 953 887 885 3246 
16393 2174 2046 2045 3782 
16394 2713 3056 3365 3826 
16395 425 426 1321 3465 
16396 1456 1425 1339 3101 
16397 530 1678 2205 3558 
16398 2018 2017 2015 3256 
16399 1362 1416 1418 3664 
16400 2828 3267 3365 3826 
16401 2713 3365 3267 3826 
16402 1243 1182 1119 3857 
16403 2380 2514 2377 3541 
16404 2585 3436 2578 3573 
16405 2417 2504 2523 3765 
16406 810 718 760 3253 
16407 1189 1243 1198 3553 
16408 2949 3330 2680 3474 
16409 2464 2878 2410 3819 
16410 2223 2141 2143 3396 
16411 851 917 916 3248 
16412 2424 3159 2291 3882 
16413 1889 1865 533 2133 
16414 2543 2592 2371 3510 
16415 1234 1145 1232 2996 
16416 1204 851 207 1137 
16417 1427 3363 1401 3635 
16418 1548 1576 1503 3263 
16419 2434 2349 2478 3738 
16420 2599 3239 3358 3754 
16421 2273 2450 2365 3143 
16422 2716 3487 3318 3720 
16423 755 745 744 3797 
16424 2148 3396 2223 3723 
16425 1185 1186 1122 3629 
16426 1663 1864 1776 3798 
16427 2700 3489 3179 3774 
16428 2955 3602 2880 3631 
16429 2259 2396 2386 2985 
16430 1257 187 21 836 
16431 3020 3316 2449 3860 
16432 847 788 809 3450 
16433 1667 276 1789 1011 
16434 2392 2353 3280 3577 
16435 188 3444 3387 3524 
16436 2667 2961 3319 3813 
16437 606 1951 2590 3417 
16438 3071 3821 1985 3856 
16439 811 740 3653 3861 
16440 2070 2188 2071 3471 
16441 174 791 2186 3782 
16442 1898 179 720 2110 
16443 659 3523 69 3544 
16444 2491 2470 2293 3141 
16445 1502 1812 1657 3184 
16446 1215 1261 1218 3268 
16447 2418 3262 2396 3385 
16448 2081 1991 2095 3132 
16449 2889 3253 3099 3677 
16450 3217 3798 2094 3821 
16451 1125 3035 1178 3761 
16452 2707 3130 3091 3840 
16453 2821 3682 3084 3737 
16454 1895 2055 2204 3825 
16455 2088 3126 2087 3551 
16456 635 2493 654 3137 
16457 1190 1189 1192 3553 
16458 1690 1748 1692 3628 
16459 2182 1946 3325 3534 
16460 1041 1065 1043 3889 
16461 1431 434 1335 3048 
16462 2094 1985 3071 3821 
16463 2597 3129 3433 3637 
16464 2060 2177 2170 3225 
16465 2760 3340 3593 3740 
16466 1821 1673 1880 3794 
16467 2757 3406 3123 3786 
16468 1491 374 373 3094 
16469 2487 314 2489 1218 
16470 1617 1124 333 1202 
16471 1136 209 995 1211 
16472 2074 2017 3000 3617 
16473 2073 3376 1983 3554 
16474 1039 1038 1036 3207 
16475 951 856 122 3881 
16476 1348 1404 1351 3519 
16477 3060 3690 2863 3727 
16478 531 1806 2173 3852 
16479 798 780 782 3443 
16480 426 3799 427 3841 
16481 962 938 915 2988 
16482 801 145 707 3827 
16483 377 1284 1277 3434 
16484 64 3469 671 3748 
16485 1816 1837 2195 3109 
16486 1176 1178 1171 3251 
16487 109 2998 3556 3693 
16488 1135 981 210 1211 
16489 1924 3150 1939 3425 
16490 1812 1736 1767 3184 
16491 2102 2134 3871 3872 
16492 206 963 880 1224 
16493 1674 1820 1819 3005 
16494 1428 1340 431 2976 
16495 728 166 1894 3514 
16496 1073 1057 1085 3367 
16497 1726 1721 1764 3281 
16498 1167 1168 3421 3696 
16499 1087 2531 2238 3354 
16500 1129 1147 1148 3134 
16501 1466 1476 1479 3332 
16502 941 2579 870 948 
16503 2332 2382 2331 3309 
16504 1113 1114 1100 3299 
16505 3318 3662 2616 3720 
16506 2939 3168 2677 3675 
16507 2993 3370 3073 3781 
16508 1911 3481 2150 3482 
16509 1036 3215 1035 3716 
16510 1246 1631 1598 327 
16511 647 641 639 3545 
16512 1791 3570 1792 3872 
16513 2994 3223 2686 3683 
16514 2665 3223 2994 3683 
16515 1179 3194 1175 3493 
16516 821 812 798 3727 
16517 813 822 704 3142 
16518 517 1605 2167 1915 
16519 2166 1925 2129 3010 
16520 1991 3132 2081 3671 
16521 181 1899 796 2181 
16522 2688 3470 3384 3788 
16523 2123 2104 2189 3600 
16524 1426 1418 1451 3326 
16525 3147 3233 2690 3559 
16526 1549 1877 1567 3518 
16527 1326 1465 1484 460 
16528 119 857 987 3186 
16529 1963 1964 1962 3817 
16530 2662 3262 3176 3880 
16531 1871 1746 3478 3767 
16532 1635 3282 1616 3504 
16533 2296 2295 2297 3097 
16534 956 950 949 3362 
16535 2390 2365 2391 3810 
16536 1678 1796 1797 3558 
16537 2285 2284 3136 3812 
16538 2362 2449 2448 3860 
16539 753 752 754 3480 
16540 2339 2324 2301 3564 
16541 2653 3389 3207 3792 
16542 3024 2746 3557 3720 
16543 1506 1582 1562 2986 
16544 426 3115 1321 3465 
16545 1532 1531 1593 3862 
16546 757 758 3249 3875 
16547 652 3580 640 3837 
16548 2681 3430 3290 3807 
16549 634 638 639 3545 
16550 2671 3634 3061 3669 
16551 512 1937 1599 1632 
16552 538 1887 2137 1655 
16553 2200 1940 2226 3400 
16554 1883 550 1665 2096 
16555 3007 2683 3589 3843 
16556 2697 2912 3418 3646 
16557 2739 3433 3724 3851 
16558 2069 1967 1968 3293 
16559 663 3459 2400 3544 
16560 1795 1820 1814 3382 
16561 1143 2362 322 1219 
16562 2564 620 2910 3573 
16563 309 310 3147 3233 
16564 2955 2880 3615 3631 
16565 1039 3207 1036 3716 
16566 1191 1194 1169 3610 
16567 981 852 210 1211 
16568 1298 1286 409 1288 
16569 1264 389 1299 1281 
16570 1513 3381 1512 3755 
16571 1669 1750 1859 3516 
16572 2211 184 1902 759 
16573 641 71 634 3545 
16574 2006 2007 3234 3854 
16575 1565 1110 1106 3862 
16576 2148 1918 2121 3093 
16577 1923 2235 1941 3214 
16578 1157 1181 2955 3702 
16579 654 649 635 3137 
16580 2248 2041 3520 3820 
16581 673 2785 1929 3395 
16582 1241 3291 3020 3860 
16583 1228 1200 1144 3081 
16584 991 126 1014 3585 
16585 2959 3601 2681 3807 
16586 2759 3306 3113 3451 
16587 3220 3245 2672 3454 
16588 999 3415 3033 3746 
16589 1610 3387 1650 3444 
16590 2925 3091 3290 3840 
16591 622 872 912 3417 
16592 1134 2274 320 1223 
16593 3288 3419 2706 3801 
16594 831 830 754 3480 
16595 2750 3425 2960 3555 
16596 2250 1893 2206 3006 
16597 2671 3528 2920 3669 
16598 651 645 644 3580 
16599 378 1285 1284 3434 
16600 1331 1402 2251 3772 
16601 1131 1222 317 2465 
16602 418 2284 2269 3812 
16603 1931 2167 3570 3872 
16604 1721 1719 1720 3704 
16605 2818 3606 3164 3859 
16606 1221 1131 316 2465 
16607 2412 2329 2411 3612 
16608 2838 3798 3217 3821 
16609 1034 1033 3215 3836 
16610 69 3523 2773 3544 
16611 822 192 1248 1196 
16612 1289 1311 1287 3260 
16613 1489 3160 1474 3668 
16614 3089 3257 2743 3752 
16615 2627 3257 3089 3752 
16616 366 3369 367 3391 
16617 1435 1404 1329 2917 
16618 2091 2005 3495 3854 
16619 1895 2216 2062 3825 
16620 2129 3288 3010 3630 
16621 1022 1028 1069 2972 
16622 2064 1957 1958 3104 
16623 906 961 945 3801 
16624 1831 521 1672 1637 
16625 2151 1601 516 1627 
16626 2373 2409 2512 3485 
16627 353 352 3357 3595 
16628 1432 3084 436 3682 
16629 755 3107 719 3875 
16630 650 2970 643 3837 
16631 1261 1216 1130 2970 
16632 128 3025 127 3666 
16633 144 707 145 3827 
16634 728 768 166 3514 
16635 1427 1401 1378 3635 
16636 3010 3479 1060 3590 
16637 1956 3292 2105 3764 
16638 149 1088 1029 3324 
16639 1655 1786 1842 2969 
16640 2759 3322 3227 3624 
16641 2022 3240 2104 3758 
16642 2223 3238 2117 3723 
16643 1329 465 1480 1347 
16644 2792 3610 3069 3822 
16645 1618 1620 1619 3741 
16646 2451 2519 2544 3414 
16647 2537 2399 2240 3469 
16648 2767 3752 3108 3864 
16649 728 798 812 3514 
16650 1402 1456 1346 3772 
16651 2373 2403 2409 3145 
16652 2883 3333 217 3632 
16653 2831 3476 3399 3600 
16654 2160 2159 1905 3140 
16655 2337 63 3 668 
16656 2310 2313 2442 3036 
16657 1592 1586 1505 3478 
16658 2139 2150 1911 3467 
16659 1110 294 1565 1106 
16660 2043 2068 1965 3178 
16661 2102 2032 2109 3274 
16662 1163 1164 1185 3062 
16663 1056 1687 275 1789 
16664 2302 2338 2359 3513 
16665 2408 2451 2405 3414 
16666 2069 2191 1883 3109 
16667 1670 555 1916 1757 
16668 1 59 626 871 
16669 2743 3108 3752 3864 
16670 3191 3281 2826 3687 
16671 2778 3483 3234 3854 
16672 2750 3555 2960 3626 
16673 646 73 2363 655 
16674 2410 2464 2343 2878 
16675 2114 2899 2142 3651 
16676 1154 1199 1138 3327 
16677 2094 3217 2051 3798 
16678 2017 2019 2074 3000 
16679 1786 1655 1848 2969 
16680 1553 1571 3299 3578 
16681 1722 1724 1723 3337 
16682 706 146 801 3287 
16683 1973 1975 1974 3185 
16684 439 440 1301 3055 
16685 1076 1667 277 1856 
16686 779 783 781 3539 
16687 1857 491 1540 1659 
16688 1208 1207 1260 2974 
16689 2723 3743 3308 3820 
16690 700 824 3294 3670 
16691 2182 1927 1946 3534 
16692 749 2959 3797 3807 
16693 920 921 919 3343 
16694 1862 1870 1772 3502 
16695 2571 2572 2573 3362 
16696 115 677 138 3166 
16697 1792 3255 1793 3871 
16698 2127 3482 2150 3855 
16699 1000 967 849 3590 
16700 3197 3835 2820 3855 
16701 2761 3068 3205 3753 
16702 1405 1336 1406 3222 
16703 996 648 636 937 
16704 553 1666 1823 1882 
16705 2670 3471 3225 3586 
16706 291 1547 1582 1099 
16707 2538 1016 259 1053 
16708 2685 3244 3084 3737 
16709 2358 2484 2430 3847 
16710 1862 490 1539 1857 
16711 963 206 1137 1224 
16712 1515 3263 1576 3638 
16713 1638 1838 520 1594 
16714 2773 3523 69 3583 
16715 2407 2492 2419 3461 
16716 1969 1968 1966 3718 
16717 2243 1943 1939 3425 
16718 932 984 3052 3800 
16719 2735 3586 3225 3718 
16720 2084 2093 2185 3303 
16721 3052 3616 2610 3850 
16722 2543 2592 3510 3819 
16723 727 2216 169 778 
16724 2158 3140 2159 3630 
16725 530 2205 1890 3558 
16726 1416 1430 1451 2999 
16727 1016 1057 1073 3043 
16728 3126 3551 2088 3839 
16729 372 3458 373 3465 
16730 2392 2358 2339 2973 
16731 859 115 116 3364 
16732 1210 1204 3248 3526 
16733 1662 1825 3126 3839 
16734 2881 3404 2961 3858 
16735 1324 2524 2528 3541 
16736 1075 1056 275 1789 
16737 2906 3539 2918 3825 
16738 2248 1892 2183 3520 
16739 802 833 760 3099 
16740 2706 2957 3555 3756 
16741 2665 3360 3123 3786 
16742 2090 2006 2103 3483 
16743 725 3538 786 3833 
16744 1325 468 1393 1485 
16745 1703 1779 1780 3508 
16746 2708 3667 2916 3853 
16747 1572 1815 1656 483 
16748 1331 1402 448 2251 
16749 2271 2462 2518 3531 
16750 1231 1143 1241 3020 
16751 671 3469 65 3748 
16752 891 892 890 3656 
16753 2449 3316 2496 3860 
16754 2017 3256 3000 3617 
16755 1370 3409 1367 3749 
16756 2534 2256 1913 3238 
16757 2675 3805 2973 3847 
16758 1806 1846 3063 3852 
16759 2797 3096 3676 3865 
16760 2631 3211 3027 3760 
16761 445 3488 2276 3541 
16762 989 888 886 3679 
16763 1121 1257 731 3405 
16764 2691 3512 3129 3705 
16765 2063 2249 2185 3045 
16766 183 1902 759 2210 
16767 302 32 2333 1255 
16768 2474 3152 1331 3772 
16769 2696 3498 3064 3648 
16770 1425 3101 1456 3772 
16771 445 1439 1462 3488 
16772 1314 436 437 3532 
16773 2098 2073 2190 3500 
16774 2750 3626 2960 3660 
16775 2700 3658 3252 3774 
16776 701 825 188 3383 
16777 3394 3648 2696 3708 
16778 2912 3588 2641 3726 
16779 1782 3508 1825 3608 
16780 2746 3487 3261 3557 
16781 1336 1398 1429 3574 
16782 1370 1367 1395 3749 
16783 2215 2087 2088 3126 
16784 710 750 840 3420 
16785 2094 1985 1987 3071 
16786 698 1102 16 1101 
16787 3274 3871 3255 3872 
16788 1004 20 190 1948 
16789 912 998 957 3647 
16790 3018 2980 3556 3587 
16791 2370 2328 2510 3262 
16792 1886 2215 2088 3126 
16793 2669 3213 3059 3764 
16794 2918 3825 3539 3833 
16795 1636 504 2321 1595 
16796 3225 3586 3471 3718 
16797 1321 1315 1271 3115 
16798 727 778 779 3825 
16799 711 827 831 3452 
16800 3370 3525 2742 3844 
16801 3130 3290 3091 3840 
16802 209 852 995 1211 
16803 960 2737 998 3417 
16804 548 2225 1884 1844 
16805 2259 2386 2384 2985 
16806 1078 1040 3220 3793 
16807 902 903 950 3436 
16808 1458 3121 1396 3869 
16809 1185 3193 1184 3876 
16810 1915 517 1605 1627 
16811 2238 2531 2184 3354 
16812 2097 1990 1994 3181 
16813 1015 269 1566 1063 
16814 2590 872 622 3417 
16815 831 754 3023 3480 
16816 18 149 837 1088 
16817 2826 3133 3588 3726 
16818 1576 1512 3638 3755 
16819 1690 1686 1746 3424 
16820 1836 1228 1133 337 
16821 1895 2062 2092 3825 
16822 1510 2944 1590 3518 
16823 2134 525 1881 3871 
16824 1449 1379 1397 2971 
16825 1128 1234 1232 2996 
16826 1401 3363 1391 3635 
16827 2716 3261 3487 3557 
16828 897 905 867 3689 
16829 2092 2055 1895 3825 
16830 1163 3062 1185 3876 
16831 1525 1526 1531 3665 
16832 2318 2319 2356 3146 
16833 868 621 898 3689 
16834 1467 1473 1474 3668 
16835 2178 1922 1935 3395 
16836 1268 1290 1296 402 
16837 1112 307 1098 3530 
16838 396 1266 1272 1297 
16839 846 707 807 3827 
16840 1968 1971 3066 3718 
16841 1484 1471 1482 3435 
16842 379 1293 1285 1318 
16843 351 1278 1319 1265 
16844 1069 267 1574 1070 
16845 349 350 3355 3522 
16846 2899 3805 3723 3847 
16847 1634 1609 1611 3444 
16848 2957 3746 906 3801 
16849 2584 2565 2577 974 
16850 889 973 891 3656 
16851 1135 211 981 1217 
16852 1722 1767 1736 3337 
16853 840 709 140 3420 
16854 1564 1578 380 3604 
16855 2012 3247 2036 3820 
16856 1548 1503 496 1811 
16857 1991 1972 2095 3132 
16858 2469 2531 1087 3354 
16859 440 441 3377 3378 
16860 3097 3622 2296 3811 
16861 716 811 817 3653 
16862 1769 1734 1770 3518 
16863 1126 1201 1183 3142 
16864 2026 2027 2024 3884 
16865 2641 3588 3133 3726 
16866 2020 2199 2000 3335 
16867 2073 1983 2046 3554 
16868 447 1402 1346 2477 
16869 1061 271 1555 1493 
16870 2288 2289 2290 3882 
16871 1672 520 1838 1594 
16872 2057 3470 1977 3788 
16873 2006 2007 2008 3234 
16874 3471 3586 2670 3673 
16875 1002 904 900 3657 
16876 2826 3588 2912 3726 
16877 1439 1338 1450 3888 
16878 2743 3257 3090 3752 
16879 2627 3090 3257 3752 
16880 147 3170 2952 3886 
16881 1396 3435 1326 3869 
16882 1015 1064 3245 3879 
16883 1493 1061 272 1067 
16884 1061 1047 1067 3792 
16885 1310 424 425 3465 
16886 1678 1797 1798 3852 
16887 2192 2040 2247 3171 
16888 700 1081 823 3670 
16889 2486 1222 318 2273 
16890 2706 3630 3288 3756 
16891 2481 2488 3363 3738 
16892 1751 1851 1741 3319 
16893 2671 3528 3032 3770 
16894 1370 1405 1371 3409 
16895 2589 611 2453 2580 
16896 2417 2261 260 1024 
16897 3064 3498 2610 3648 
16898 2762 3789 3348 3868 
16899 980 978 942 3054 
16900 864 979 105 3800 
16901 2299 3315 2305 3750 
16902 1046 1047 1039 3389 
16903 357 358 1289 3260 
16904 2676 3191 3065 3687 
16905 2472 3231 1403 3592 
16906 363 1510 1556 2944 
16907 2956 3272 130 3776 
16908 1901 2042 2078 3599 
16909 373 1542 1491 3094 
16910 1586 1505 3478 3767 
16911 1187 1178 1125 3035 
16912 1199 331 1626 1597 
16913 1486 2971 1487 3766 
16914 2794 3569 3392 3849 
16915 1683 1792 3871 3872 
16916 2784 3685 3267 3731 
16917 1518 3235 1534 3607 
16918 2193 2090 2103 3483 
16919 305 964 854 3620 
16920 2675 3723 3805 3847 
16921 3141 3609 2788 3655 
16922 358 1289 1320 1282 
16923 1156 1155 1123 3631 
16924 358 359 1282 3039 
16925 2341 3 64 672 
16926 3023 3452 2689 3649 
16927 1441 1331 1427 3152 
16928 106 864 105 3394 
16929 2960 3425 2750 3660 
16930 1554 3299 1571 3582 
16931 1134 1223 1233 3143 
16932 174 2186 2174 3782 
16933 1644 1598 1630 3387 
16934 2501 3140 2461 3700 
16935 1170 1169 1194 3227 
16936 2072 2202 3351 3758 
16937 1397 3082 1372 3869 
16938 307 3028 3530 3885 
16939 1807 1881 525 3871 
16940 1203 1247 346 1821 
16941 712 827 135 3452 
16942 2331 2509 2435 3259 
16943 1182 1188 1161 3298 
16944 3032 3528 3115 3717 
16945 1157 3602 2955 3631 
16946 1497 1553 1554 3299 
16947 1710 1732 1712 3154 
16948 2072 3229 2026 3758 
16949 2132 2193 1888 3516 
16950 1576 3638 3263 3755 
16951 908 3746 3033 3801 
16952 638 3111 3313 3837 
16953 2600 3340 3106 3593 
16954 1039 1054 1038 3207 
16955 1373 3561 1374 3834 
16956 1413 1412 1333 3462 
16957 1891 776 156 730 
16958 1764 1787 1830 3643 
16959 1845 1568 1511 3266 
16960 504 2473 1636 2321 
16961 910 966 909 3479 
16962 117 3241 678 3675 
16963 1066 253 1925 2157 
16964 1042 1064 1040 3454 
16965 485 1812 1657 1502 
16966 1105 1093 1108 3604 
16967 184 2211 729 759 
16968 1828 1835 1744 3266 
16969 109 3556 3018 3693 
16970 723 791 174 3782 
16971 1878 1751 1749 3858 
16972 2405 2406 2407 3461 
16973 1295 2529 1323 2381 
16974 2780 3586 3471 3673 
16975 2081 1884 2225 3384 
16976 2826 3281 3416 3687 
16977 632 642 650 2970 
16978 1433 1335 3742 3785 
16979 1560 1493 1570 3527 
16980 371 3717 3115 3841 
16981 2390 2399 2341 3469 
16982 1643 3218 1620 3741 
16983 1634 1611 1653 3730 
16984 333 1604 1617 1202 
16985 1374 3118 1421 3834 
16986 2004 2040 2039 3202 
16987 2056 2199 1887 3349 
16988 2323 2322 2316 3372 
16989 117 3364 116 3707 
16990 2587 934 868 899 
16991 1624 1640 1623 3712 
16992 1882 553 1666 2171 
16993 2220 1944 1927 2901 
16994 2592 603 625 3819 
16995 1795 3255 1794 3794 
16996 2267 3149 2351 3680 
16997 1790 1859 1848 3516 
16998 2362 2448 322 1219 
16999 1524 1581 1502 3184 
17000 1189 3553 1198 3744 
17001 2428 2332 2303 3472 
17002 2755 3529 3011 3589 
17003 2000 1999 2001 3335 
17004 1365 1364 1352 3158 
17005 1816 2195 1883 3109 
17006 1489 1475 1477 3766 
17007 2134 1683 525 3871 
17008 2414 2364 2323 3123 
17009 1132 1233 1223 3143 
17010 2543 2388 2509 3510 
17011 645 631 648 3343 
17012 2261 2538 259 1053 
17013 856 1002 952 3657 
17014 130 3272 2956 3641 
17015 587 2256 2421 2142 
17016 1204 995 851 3526 
17017 891 890 889 3656 
17018 1461 2269 2477 3812 
17019 915 878 914 3026 
17020 944 921 996 3343 
17021 1987 3071 1985 3733 
17022 606 2590 622 3417 
17023 1133 1200 3081 3702 
17024 1955 2105 1956 3292 
17025 2094 1987 2051 3217 
17026 1454 1338 3511 3888 
17027 739 734 3321 3861 
17028 1181 1238 1182 3702 
17029 2222 3063 1889 3813 
17030 1607 2212 1948 511 
17031 1217 212 853 3763 
17032 135 827 3307 3452 
17033 2726 3106 3340 3740 
17034 2601 3356 3030 3865 
17035 1336 3222 1398 3574 
17036 2732 3150 615 3719 
17037 1688 1879 1750 3056 
17038 1565 1593 1497 3862 
17039 1181 3298 1161 3815 
17040 2499 2267 2351 3680 
17041 1620 1643 1642 3218 
17042 2211 2106 185 793 
17043 2061 721 176 3515 
17044 351 350 3174 3543 
17045 2847 3038 3429 3564 
17046 1705 1706 1707 3401 
17047 69 655 637 2996 
17048 1166 1164 1165 3696 
17049 2302 2359 2427 3513 
17050 2539 3613 2441 3848 
17051 1259 1209 1132 3639 
17052 2142 587 2256 1913 
17053 1189 1192 3553 3744 
17054 2497 2543 2382 2777 
17055 1434 439 1430 3411 
17056 743 306 16 705 
17057 1517 1490 1518 3235 
17058 306 16 127 743 
17059 839 1908 769 3694 
17060 986 970 865 647 
17061 2699 3619 3216 3709 
17062 1535 1518 3607 3623 
17063 1675 3442 1804 3744 
17064 359 3169 360 3532 
17065 1968 1970 1971 3718 
17066 2993 2807 3370 3781 
17067 1601 1629 1901 515 
17068 2587 2569 934 2582 
17069 1684 1677 1688 3124 
17070 2909 3724 3138 3851 
17071 1924 2556 2557 3150 
17072 2613 3061 3634 3669 
17073 854 928 927 3620 
17074 490 1540 1539 1857 
17075 1859 1739 1848 3365 
17076 1137 1210 1204 3248 
17077 840 710 3420 3540 
17078 2788 3609 3013 3882 
17079 1361 3537 1362 3734 
17080 758 846 757 3249 
17081 3116 3412 2793 3446 
17082 3115 3528 2822 3717 
17083 1041 3275 1037 3793 
17084 2103 2006 2008 3234 
17085 2382 2332 2383 3309 
17086 2566 2571 2583 3688 
17087 2363 2480 2487 3268 
17088 1329 1460 1435 3698 
17089 3398 3533 2790 3721 
17090 1644 1598 3387 3632 
17091 718 183 759 2210 
17092 2307 2308 2328 3542 
17093 1757 556 2165 1853 
17094 3033 3415 2607 3746 
17095 627 3379 2751 3748 
17096 1998 2000 2056 3277 
17097 1973 2071 1975 3185 
17098 2767 3575 3208 3773 
17099 2696 3648 3015 3708 
17100 729 2211 185 793 
17101 740 705 741 3838 
17102 135 827 136 3307 
17103 1350 1409 1352 3509 
17104 1324 2528 1294 3541 
17105 1574 1507 267 1069 
17106 1031 1032 1048 3292 
17107 1185 1122 1184 3193 
17108 1142 334 1604 1628 
17109 2648 3429 3038 3692 
17110 1734 1716 1766 3501 
17111 2057 1977 1979 3788 
17112 1393 1453 1419 3867 
17113 1591 1535 1566 3245 
17114 1590 1510 363 2944 
17115 2989 2757 3517 3795 
17116 872 2590 1951 3417 
17117 2148 2117 2113 3723 
17118 2502 2443 2317 3517 
17119 346 1203 1821 1743 
17120 1838 1638 3597 3712 
17121 1806 1682 532 1889 
17122 1035 1034 1033 3215 
17123 2797 3356 3096 3865 
17124 1076 277 1667 1011 
17125 3350 3444 189 3524 
17126 3267 3685 2603 3731 
17127 1037 1041 1043 3275 
17128 753 751 752 3157 
17129 1942 1924 1939 3425 
17130 2276 2277 2278 3488 
17131 2780 3471 3586 3718 
17132 2276 445 2260 3488 
17133 2738 3648 3394 3708 
17134 893 882 883 3197 
17135 350 349 3355 3541 
17136 1421 1412 1375 3834 
17137 2198 2051 3217 3798 
17138 2867 3453 3103 3513 
17139 1639 1648 2530 3325 
17140 2396 2418 2370 3262 
17141 2242 2530 1648 3325 
17142 749 3797 3224 3807 
17143 2179 572 2541 1906 
17144 1676 1836 1133 337 
17145 3090 3752 2627 3778 
17146 1678 531 2205 3852 
17147 1669 1790 2132 3516 
17148 1583 1071 266 1069 
17149 1065 3670 1081 3889 
17150 1674 1120 342 1822 
17151 2691 3129 3407 3705 
17152 991 881 126 3585 
17153 1029 18 149 1028 
17154 1049 1065 1081 3889 
17155 136 3307 827 3452 
17156 1133 1238 1200 3702 
17157 1828 1704 1701 3373 
17158 124 125 958 3198 
17159 2629 3084 3244 3737 
17160 556 2165 1916 1757 
17161 1167 1166 1168 3696 
17162 1971 2069 1968 3066 
17163 1838 1839 1672 3712 
17164 2665 3123 3406 3786 
17165 1909 2982 2162 3531 
17166 826 815 731 3761 
17167 1740 1741 1745 3319 
17168 1361 1359 1360 3734 
17169 149 18 1029 1088 
17170 1001 856 3415 3657 
17171 2324 2430 2338 3038 
17172 2556 615 2557 3150 
17173 2694 3453 3095 3808 
17174 2049 3254 2078 3599 
17175 2472 2412 3231 3592 
17176 2297 2300 2296 3622 
17177 879 910 909 3288 
17178 918 917 851 3526 
17179 1662 1825 1780 3126 
17180 1176 1171 1172 3251 
17181 2559 868 897 3689 
17182 2411 2277 2260 3488 
17183 643 635 649 3341 
17184 1691 1739 1689 3571 
17185 212 1217 1139 3763 
17186 1063 269 1566 1496 
17187 815 702 1239 3761 
17188 2682 3392 3266 3691 
17189 3333 3464 2901 3504 
17190 1588 1505 1755 3478 
17191 698 16 127 1101 
17192 2161 2479 2242 3325 
17193 1420 1387 3192 3698 
17194 3166 3636 138 3735 
17195 715 784 129 3690 
17196 2256 2484 2522 3238 
17197 959 881 967 3585 
17198 2334 2323 2364 3123 
17199 3084 3682 2685 3737 
17200 2864 2939 3244 3710 
17201 977 903 901 3573 
17202 2845 3553 3069 3804 
17203 2530 2242 2479 3325 
17204 1635 1616 1614 3504 
17205 2320 3261 2369 3557 
17206 2362 2473 2449 3020 
17207 2687 3263 3638 3755 
17208 349 1577 350 3522 
17209 3088 3318 2769 3881 
17210 1677 311 1685 3424 
17211 2706 3555 2960 3756 
17212 1895 169 2216 778 
17213 1218 1145 1234 3268 
17214 961 910 879 3288 
17215 1541 1524 360 3051 
17216 3294 3670 2764 3889 
17217 2670 3107 3797 3875 
17218 1160 1159 1158 3815 
17219 851 963 207 1137 
17220 1246 23 218 1146 
17221 1307 422 1299 3210 
17222 463 1464 1327 3346 
17223 1326 3435 1379 3869 
17224 1856 278 1076 1020 
17225 1608 3350 1599 3621 
17226 548 2225 1844 1854 
17227 1871 1746 1755 3478 
17228 889 890 863 3196 
17229 1602 1613 1607 3621 
17230 83 1940 665 3400 
17231 621 868 2559 3689 
17232 1683 1807 525 3871 
17233 69 2996 637 3583 
17234 1442 1334 3490 3667 
17235 2687 3638 3381 3755 
17236 1854 1665 2096 3671 
17237 1014 2947 1027 3585 
17238 2424 2291 2289 3882 
17239 302 32 2535 2333 
17240 2115 2116 2229 3816 
17241 841 1250 197 1125 
17242 377 376 1544 3258 
17243 1606 1633 508 1927 
17244 721 790 176 3515 
17245 1131 1237 1208 3137 
17246 112 690 135 3269 
17247 2125 2187 2072 3351 
17248 2497 2543 2777 3819 
17249 1403 456 1345 2472 
17250 2393 2522 2358 3847 
17251 1763 1656 1826 3773 
17252 892 932 984 3052 
17253 822 741 192 1196 
17254 1837 1816 2195 551 
17255 1522 1519 1523 3108 
17256 1884 2081 2057 3384 
17257 1017 1026 1062 3174 
17258 3333 3524 1613 3621 
17259 437 436 1432 3084 
17260 1943 2224 1942 3425 
17261 629 3379 65 3748 
17262 2099 1976 2035 3506 
17263 840 3420 139 3540 
17264 2117 2142 2114 2899 
17265 2464 3304 2426 3481 
17266 1320 1282 1314 3039 
17267 138 677 137 3636 
17268 2416 2415 2523 3765 
17269 2682 3569 3392 3691 
17270 1837 1816 1765 3109 
17271 1151 187 1152 3387 
17272 371 1271 1263 3841 
17273 2416 3264 2415 3765 
17274 2667 3063 3550 3813 
17275 147 808 148 3139 
17276 3168 3241 2677 3675 
17277 1989 1988 1986 3733 
17278 2191 1991 2096 3671 
17279 1093 3156 1104 3779 
17280 145 695 144 3188 
17281 1885 3798 3594 3821 
17282 1751 3404 1749 3858 
17283 3203 3760 2834 3856 
17284 2556 2554 3719 3863 
17285 2602 3177 3393 3650 
17286 903 974 950 3436 
17287 749 747 2959 3807 
17288 1630 328 1151 1598 
17289 622 872 911 912 
17290 2140 2150 3467 3855 
17291 2803 3655 3141 3883 
17292 1335 1445 1431 3785 
17293 2054 2059 1899 3253 
17294 2181 2110 2246 3107 
17295 1256 305 854 3620 
17296 1714 1716 1715 3501 
17297 2353 2393 2392 3280 
17298 979 3394 105 3800 
17299 3028 3530 2679 3666 
17300 614 2559 1954 3689 
17301 1648 2182 2242 3325 
17302 505 1639 2456 1595 
17303 2667 3584 3162 3615 
17304 1368 1372 1397 3082 
17305 1440 1461 1346 3812 
17306 2173 1889 2047 3063 
17307 1001 856 951 3415 
17308 1507 1583 266 1069 
17309 1041 1012 1065 3670 
17310 675 2152 671 3469 
17311 536 2132 1888 1669 
17312 1066 1087 2157 3354 
17313 1301 1298 409 1288 
17314 1264 389 1300 1299 
17315 103 2537 672 2399 
17316 2015 2016 2014 3256 
17317 927 3449 970 3545 
17318 2448 2449 2496 3860 
17319 2374 3523 659 3544 
17320 2296 2318 2429 3811 
17321 824 808 800 3652 
17322 891 994 892 3656 
17323 3041 3250 2730 3459 
17324 395 1272 1269 3842 
17325 2274 321 2448 1219 
17326 2445 2505 3467 3481 
17327 3000 3617 2680 3697 
17328 1157 1197 3602 3631 
17329 117 678 118 3675 
17330 1013 253 1925 1066 
17331 964 15 305 854 
17332 1235 1210 3248 3496 
17333 552 2195 1837 2171 
17334 1978 2099 1981 3408 
17335 646 637 655 2996 
17336 730 156 1891 2125 
17337 2072 2027 2026 3229 
17338 2035 2061 2201 3515 
17339 2320 2368 2369 3261 
17340 2318 2296 2300 3622 
17341 1612 1613 3333 3524 
17342 725 786 785 3833 
17343 1418 3326 1359 3734 
17344 420 1318 419 2922 
17345 1861 3594 1775 3806 
17346 2086 3551 3349 3839 
17347 1662 3126 2088 3839 
17348 1751 534 1865 3858 
17349 15 104 305 1094 
17350 618 3485 3301 3535 
17351 21 187 1151 1005 
17352 1730 1733 1747 3164 
17353 1284 1285 1316 3434 
17354 916 969 963 3248 
17355 360 3532 3169 3591 
17356 815 1121 731 3761 
17357 1854 1849 1665 3671 
17358 1454 3336 1463 3888 
17359 2252 2592 2543 3819 
17360 2541 2179 1906 3660 
17361 2037 2082 2222 3813 
17362 1701 3373 1702 3878 
17363 673 65 671 3469 
17364 1326 1396 1391 3121 
17365 2684 3334 3048 3777 
17366 1391 3121 1458 3635 
17367 2670 3797 3224 3875 
17368 896 998 960 2737 
17369 2467 2454 2441 3848 
17370 1414 1426 1432 3040 
17371 334 1604 1202 1142 
17372 1325 1387 467 3192 
17373 211 853 981 1217 
17374 1477 1464 463 3346 
17375 2883 3464 3333 3504 
17376 84 2940 661 3400 
17377 1079 1070 1028 3879 
17378 2158 1905 2159 3140 
17379 1658 1556 488 1875 
17380 743 739 737 3321 
17381 1262 1304 1283 3532 
17382 1342 427 1429 3574 
17383 2196 2089 2074 3697 
17384 1702 1701 1704 3373 
17385 2089 2196 1890 3558 
17386 3111 3763 3313 3837 
17387 962 2988 917 3728 
17388 2192 2149 2040 3171 
17389 1655 538 1887 1842 
17390 212 971 853 3763 
17391 2469 1087 1025 3354 
17392 1113 1492 1096 3582 
17393 2685 3334 3168 3672 
17394 427 1305 3841 3842 
17395 2222 2047 1889 3063 
17396 2547 1923 2548 3214 
17397 2184 2531 2350 3354 
17398 1609 1610 1611 3444 
17399 2176 3288 2129 3630 
17400 1818 1119 339 3857 
17401 859 956 949 3364 
17402 2503 2483 2355 3041 
17403 129 106 3042 3776 
17404 1679 1809 1833 3276 
17405 117 3320 956 3364 
17406 531 2173 2205 3852 
17407 1608 1613 3524 3621 
17408 1398 1336 1405 3222 
17409 109 689 110 3556 
17410 787 788 805 3781 
17411 828 3399 767 3476 
17412 1946 1944 2162 3546 
17413 3232 2862 3475 3887 
17414 2115 2118 2112 3816 
17415 1520 1498 1516 3089 
17416 1257 21 187 1153 
17417 1607 1608 1599 3621 
17418 1682 1806 1846 3063 
17419 2026 2022 2104 3758 
17420 1296 1303 434 3431 
17421 704 1248 193 1126 
17422 132 689 109 2998 
17423 1944 2220 1936 2901 
17424 824 794 700 3294 
17425 972 860 114 3397 
17426 1812 1815 1502 484 
17427 2406 2405 2404 3700 
17428 516 1915 2151 1627 
17429 2547 2548 605 3214 
17430 1296 403 1290 1262 
17431 2687 3755 2977 3830 
17432 2422 2346 2429 3422 
17433 725 785 778 3825 
17434 842 801 707 3827 
17435 1465 1379 1326 3435 
17436 2340 2498 2349 3460 
17437 1677 1686 3124 3424 
17438 2415 2408 2407 3264 
17439 1246 1631 327 1249 
17440 796 718 810 3253 
17441 1881 2102 2134 3871 
17442 1338 443 1454 3511 
17443 1610 1650 1611 3444 
17444 3318 3487 2775 3720 
17445 933 866 241 2226 
17446 806 827 712 3452 
17447 2068 2043 2214 3331 
17448 427 428 1305 3842 
17449 704 193 1248 822 
17450 2811 3765 3264 3832 
17451 2042 3300 2032 3599 
17452 1062 1071 265 1546 
17453 2409 2403 2451 3145 
17454 1025 1066 1052 3354 
17455 1078 1041 1040 3793 
17456 2033 2194 2107 3594 
17457 720 762 178 3644 
17458 1362 3537 3664 3734 
17459 723 174 2174 3782 
17460 2269 2413 2477 3812 
17461 128 3666 715 3690 
17462 754 843 831 3023 
17463 981 920 852 3243 
17464 1815 1545 1502 484 
17465 861 111 112 3603 
17466 2817 3360 3674 3683 
17467 2268 2482 2462 3531 
17468 1572 1545 1815 483 
17469 2138 2213 1916 3286 
17470 2401 2402 2373 3485 
17471 1741 1749 1751 3404 
17472 2355 2483 2463 3745 
17473 1245 1120 343 1674 
17474 40 2276 2524 445 
17475 1922 878 249 1935 
17476 3416 3687 3281 3796 
17477 968 850 217 3464 
17478 1845 1744 1835 3266 
17479 1005 1151 23 1246 
17480 1151 1152 1630 3387 
17481 2575 2576 2568 3613 
17482 336 1671 1836 1254 
17483 1361 1363 1362 3537 
17484 1576 1515 1503 3263 
17485 1179 1175 1180 3493 
17486 1965 2068 1962 3178 
17487 2403 2404 2405 3626 
17488 1557 1540 491 1659 
17489 908 906 3746 3801 
17490 3339 3549 2760 3846 
17491 2290 2292 2429 3811 
17492 756 755 719 3875 
17493 1470 1481 1469 3345 
17494 2452 3523 2374 3544 
17495 2583 2576 2575 3688 
17496 3138 3724 2809 3851 
17497 1742 1774 1709 3806 
17498 2285 2269 2284 3812 
17499 3229 3758 2846 3884 
17500 278 1856 1737 1020 
17501 1054 1042 1038 3454 
17502 985 213 1212 971 
17503 3056 2690 3571 3826 
17504 1279 1270 1306 3595 
17505 1619 1597 1618 3327 
17506 1808 1693 1698 3283 
17507 2226 866 241 2200 
17508 212 1139 971 3763 
17509 1394 1477 463 3346 
17510 820 189 190 3694 
17511 954 896 895 3547 
17512 1315 426 427 3841 
17513 2049 2232 2078 3254 
17514 83 665 84 3400 
17515 2611 3775 3428 3791 
17516 1296 434 435 3431 
17517 2488 2270 2481 3363 
17518 1275 1274 373 3465 
17519 2865 3791 3391 3814 
17520 1554 1571 1492 3582 
17521 1612 1608 1613 3524 
17522 3025 3530 2857 3862 
17523 1116 1580 288 3680 
17524 2385 2397 381 3680 
17525 1793 1814 1807 3871 
17526 2565 940 2577 974 
17527 1315 3115 426 3841 
17528 199 731 815 1121 
17529 1410 1428 1411 3209 
17530 1981 3408 2045 3554 
17531 2466 2363 2487 3268 
17532 628 63 3 2337 
17533 1010 271 1555 1061 
17534 1017 1077 1026 3174 
17535 1149 1148 1147 3291 
17536 2089 3617 2074 3697 
17537 3096 3348 2762 3789 
17538 2477 2413 2471 3101 
17539 2273 2337 2336 2751 
17540 2335 2493 2465 3137 
17541 2776 3485 3161 3535 
17542 2590 622 872 911 
17543 1175 1179 1174 3194 
17544 826 772 3761 3803 
17545 326 1140 1631 1603 
17546 1555 1496 270 1010 
17547 1306 3377 441 3595 
17548 2162 1909 1946 2982 
17549 947 973 989 3679 
17550 2205 2048 3558 3852 
17551 1682 1865 533 1889 
17552 1337 1430 438 3874 
17553 2179 572 2344 2541 
17554 1931 2203 2167 3872 
17555 1941 2235 1934 3417 
17556 806 712 788 3781 
17557 2697 3646 3418 3823 
17558 2490 2315 2322 3372 
17559 1012 823 1081 3670 
17560 2244 1932 2116 3250 
17561 1937 1599 1948 512 
17562 703 3193 1122 3629 
17563 3159 3655 2788 3882 
17564 2676 3281 3191 3687 
17565 2132 2020 2193 3516 
17566 1189 1198 1192 3744 
17567 1129 1148 1224 3134 
17568 990 205 880 1224 
17569 1973 1972 1970 3780 
17570 1659 1845 492 1511 
17571 821 798 782 3443 
17572 1888 2219 1866 3858 
17573 1755 1115 287 1092 
17574 1379 1449 1396 3869 
17575 1951 1941 1934 3417 
17576 2281 2468 2283 3557 
17577 1192 1191 1190 3610 
17578 2557 1938 614 568 
17579 1152 187 21 1153 
17580 1505 501 1588 1755 
17581 703 1242 195 1122 
17582 1578 3604 1108 3680 
17583 2274 321 1219 1134 
17584 1653 1645 1619 3730 
17585 711 843 832 3649 
17586 2039 2250 2206 3495 
17587 1374 3561 3118 3834 
17588 1641 1635 1595 3282 
17589 69 655 2996 3523 
17590 1406 1421 1374 3118 
17591 2832 3507 3376 3703 
17592 702 815 772 3761 
17593 1776 1872 1663 3798 
17594 1026 1027 1014 2947 
17595 2225 1854 2096 3671 
17596 1499 371 1512 3381 
17597 2778 3685 3448 3747 
17598 1778 3328 1703 3878 
17599 60 648 3343 3728 
17600 1937 20 190 1949 
17601 1671 30 311 1254 
17602 871 937 59 944 
17603 1701 1702 1700 3878 
17604 1588 1755 1876 3478 
17605 1843 1760 1726 3796 
17606 2095 2057 2081 3470 
17607 216 1007 217 3524 
17608 757 756 758 3875 
17609 2232 3254 2228 3694 
17610 995 851 208 1204 
17611 3280 3611 2800 3651 
17612 330 1626 1596 1138 
17613 1941 1951 606 3417 
17614 1795 1793 1794 3255 
17615 2602 3380 3285 3809 
17616 171 795 725 3538 
17617 2608 3179 3407 3774 
17618 2565 940 974 941 
17619 1337 437 1432 3874 
17620 135 684 112 3269 
17621 1157 1123 1197 3631 
17622 1269 1263 1305 3841 
17623 147 2952 3790 3886 
17624 1115 1685 311 3424 
17625 2298 2428 2303 3472 
17626 2041 2012 2036 3820 
17627 1362 3537 1415 3664 
17628 379 1547 1564 3156 
17629 1791 1831 1792 3570 
17630 551 1816 2195 1883 
17631 1129 218 23 1146 
17632 2125 2202 1891 3351 
17633 2208 1922 2178 3026 
17634 445 1462 2260 3488 
17635 2701 3021 3613 3848 
17636 1575 1565 1106 3862 
17637 1885 3594 2194 3821 
17638 2172 1939 1938 3150 
17639 2583 2575 2566 3688 
17640 1932 2244 584 2446 
17641 2291 2424 2301 3159 
17642 1913 2117 2223 3238 
17643 1458 1396 1372 3869 
17644 1763 1826 1727 3208 
17645 1577 1068 263 1017 
17646 2440 2436 2437 3219 
17647 2447 315 1130 2489 
17648 1571 1554 1553 3299 
17649 615 614 2557 3150 
17650 1483 1474 1489 3160 
17651 2268 581 2180 1907 
17652 910 983 959 3419 
17653 2372 3301 2561 3485 
17654 982 3343 944 3728 
17655 982 962 917 3728 
17656 460 1326 1465 1379 
17657 709 803 141 3430 
17658 1184 1122 1242 3193 
17659 2721 3622 3097 3811 
17660 2325 32 302 2267 
17661 2501 2461 2406 3700 
17662 402 1296 1268 1303 
17663 396 1302 1266 1297 
17664 1093 1104 304 3779 
17665 1671 311 30 1677 
17666 1161 1181 1182 3298 
17667 815 1239 199 1121 
17668 1121 815 1239 3761 
17669 1029 1078 3220 3324 
17670 1218 1234 1215 3268 
17671 1027 3367 1059 3585 
17672 1529 1530 1528 3087 
17673 1384 1383 1419 3447 
17674 871 944 59 3728 
17675 2033 3203 2083 3821 
17676 1817 1676 1220 338 
17677 1426 1451 1337 3874 
17678 2030 2027 2072 3229 
17679 1549 1567 1508 3518 
17680 1310 1274 1275 3465 
17681 2321 505 2456 1595 
17682 1863 1662 1780 3126 
17683 2530 2456 1639 3325 
17684 2083 3203 1980 3856 
17685 1833 1572 1494 3773 
17686 1656 1572 1833 3773 
17687 474 1472 1467 3385 
17688 2088 3551 2086 3839 
17689 911 870 2588 948 
17690 2496 2458 2391 3810 
17691 1536 1535 1500 3607 
17692 3301 3485 2776 3535 
17693 3168 3334 2765 3672 
17694 2228 2232 2049 3254 
17695 296 1097 1497 1554 
17696 3141 3655 2788 3883 
17697 828 767 775 3476 
17698 2042 2032 2031 3599 
17699 840 750 709 3420 
17700 1133 1220 1676 338 
17701 1081 151 1049 700 
17702 2535 32 302 2325 
17703 2702 3376 3507 3703 
17704 1206 1227 1211 3243 
17705 720 178 1898 3644 
17706 894 895 896 3547 
17707 1256 305 15 854 
17708 755 744 719 3107 
17709 1059 1027 1085 3367 
17710 2477 447 1402 2251 
17711 3242 3304 2867 3576 
17712 1901 1600 514 1629 
17713 2265 2483 2446 3250 
17714 3342 3809 2790 3831 
17715 107 130 3272 3776 
17716 148 732 149 3324 
17717 1375 1373 1374 3834 
17718 1125 1178 1239 3761 
17719 1818 339 1817 3857 
17720 736 717 768 3171 
17721 1608 1609 3350 3524 
17722 3238 3396 2675 3723 
17723 306 1098 307 3530 
17724 395 1297 1272 3842 
17725 993 2241 1933 3479 
17726 1513 1512 1576 3755 
17727 2680 3804 2997 3870 
17728 1795 1794 1880 3794 
17729 2064 1961 2065 3463 
17730 331 1626 1138 1199 
17731 2775 3466 3270 3662 
17732 1211 1227 1135 3243 
17733 1771 1712 1732 3566 
17734 1935 878 249 938 
17735 2817 3360 3683 3786 
17736 2194 2033 2083 3821 
17737 190 1949 2245 3694 
17738 1112 1098 1110 3862 
17739 2432 2299 2305 3750 
17740 2441 3613 2467 3848 
17741 1489 1474 1475 3668 
17742 1561 1507 1543 2972 
17743 2314 2316 2315 3372 
17744 573 2264 2541 2160 
17745 2474 2423 3152 3772 
17746 439 1311 438 3260 
17747 2846 3338 3229 3884 
17748 2997 3697 2680 3870 
17749 1641 1616 1635 3282 
17750 3106 3593 3340 3740 
17751 1433 432 1340 3742 
17752 1924 2557 1938 3150 
17753 1765 3643 3109 3796 
17754 1366 1397 1438 3155 
17755 2899 3723 3238 3847 
17756 3238 3723 2675 3847 
17757 920 919 852 3243 
17758 1505 1871 1755 3478 
17759 729 799 759 3677 
17760 711 136 827 3452 
17761 176 790 1897 3515 
17762 314 1130 2489 1218 
17763 659 69 86 3544 
17764 455 2257 2472 3592 
17765 621 48 2559 868 
17766 1913 2223 2143 3238 
17767 651 633 936 644 
17768 1179 1202 1124 3493 
17769 808 706 844 3652 
17770 1224 990 205 1129 
17771 769 820 839 3694 
17772 792 831 847 3450 
17773 1117 1109 1588 3478 
17774 1003 984 864 3800 
17775 3383 3444 2866 3730 
17776 3097 3706 2904 3811 
17777 820 701 189 3383 
17778 2022 2021 2104 3240 
17779 1158 1156 1157 3631 
17780 1438 1364 1366 3155 
17781 3054 3616 2854 3816 
17782 972 859 957 3499 
17783 306 127 16 1101 
17784 1993 1996 3642 3732 
17785 1305 395 1269 3842 
17786 3425 3555 2957 3756 
17787 912 960 998 3417 
17788 2070 2177 2188 3471 
17789 1625 1603 1641 3768 
17790 1096 1107 1114 3582 
17791 1220 1182 1238 3857 
17792 2082 3550 2222 3813 
17793 2248 2041 2197 3520 
17794 2365 2536 2391 3810 
17795 2272 1469 476 2384 
17796 1269 3841 1305 3842 
17797 1468 471 2379 2330 
17798 919 944 982 3343 
17799 841 196 1250 3629 
17800 130 714 131 3122 
17801 887 883 885 3246 
17802 1897 2061 176 3515 
17803 2245 1908 839 3694 
17804 2310 2309 2311 3751 
17805 1563 1577 263 1017 
17806 2665 3683 3360 3786 
17807 1423 1388 1453 3866 
17808 1741 1684 1749 3404 
17809 2240 2399 2180 3469 
17810 1982 1983 1984 3376 
17811 545 1885 1855 3594 
17812 2326 2351 2267 3149 
17813 2114 1914 2115 3651 
17814 1230 1256 1212 3620 
17815 380 1578 381 3604 
17816 2472 2412 2476 3231 
17817 2394 2393 3280 3651 
17818 1434 1332 440 3411 
17819 2541 2344 2179 3660 
17820 146 3790 2842 3886 
17821 1280 1273 365 3814 
17822 1018 849 202 1090 
17823 1299 388 1277 1281 
17824 1298 410 1286 1270 
17825 1563 351 350 3174 
17826 2719 3173 3477 3886 
17827 1739 1808 1848 3365 
17828 139 138 3540 3735 
17829 2209 178 762 3644 
17830 1686 1688 1677 3124 
17831 2567 623 3647 3713 
17832 1545 3575 1533 3773 
17833 2058 795 171 3538 
17834 832 710 138 3540 
17835 482 1833 1656 1572 
17836 1119 1220 339 3857 
17837 3392 3569 2682 3849 
17838 2478 2488 2434 3738 
17839 171 725 2204 3538 
17840 2005 2006 2003 3854 
17841 836 825 731 3405 
17842 908 907 999 3746 
17843 1799 1798 1797 3330 
17844 1854 1844 1762 3384 
17845 2481 2356 2434 3738 
17846 1936 24 215 2212 
17847 1487 2971 3757 3766 
17848 739 735 734 3861 
17849 1654 3504 1616 3768 
17850 2956 2761 3272 3776 
17851 1315 1263 1271 3841 
17852 918 851 995 3526 
17853 2474 2481 2270 3152 
17854 1917 2126 2127 3197 
17855 1608 1610 1609 3524 
17856 814 1242 195 703 
17857 3096 3356 2601 3865 
17858 939 72 929 933 
17859 1824 1820 1805 3382 
17860 1833 482 1494 1572 
17861 3041 3201 2773 3544 
17862 1396 1326 1379 3869 
17863 1855 3594 1885 3798 
17864 1004 2212 24 1948 
17865 2673 3018 3693 3753 
17866 2378 2395 3866 3867 
17867 3255 3274 2815 3871 
17868 2559 897 1954 3689 
17869 2765 3627 3168 3672 
17870 3168 3627 2864 3672 
17871 3109 3643 2676 3796 
17872 853 971 923 3763 
17873 1626 1597 1619 3327 
17874 2472 2540 2412 3592 
17875 1145 2480 312 1255 
17876 1511 1845 493 1568 
17877 992 251 1919 2156 
17878 1797 1801 1799 3330 
17879 381 3604 1578 3680 
17880 1350 1348 1351 3519 
17881 2706 3419 3033 3801 
17882 837 1012 153 1088 
17883 1631 1249 1140 326 
17884 2182 1648 1606 3325 
17885 746 748 797 3423 
17886 60 59 648 3728 
17887 2460 2264 574 2160 
17888 1554 297 1113 1492 
17889 2336 2 63 667 
17890 70 658 69 3583 
17891 440 439 1434 3411 
17892 1365 1400 1367 3749 
17893 1335 433 1433 3742 
17894 440 1332 441 3378 
17895 2855 3687 3416 3796 
17896 2088 1863 541 1886 
17897 789 2249 168 2063 
17898 549 1854 1665 2096 
17899 1060 1018 1058 3590 
17900 619 2910 3161 3535 
17901 663 8 86 3544 
17902 3282 3325 2982 3534 
17903 1316 420 421 3434 
17904 1938 3150 614 3689 
17905 665 1940 1910 3400 
17906 749 2959 747 3797 
17907 1630 1596 1650 3387 
17908 1133 1200 1228 3081 
17909 1083 1577 1579 3522 
17910 818 715 3666 3690 
17911 907 3415 999 3746 
17912 1624 3597 1638 3712 
17913 3330 3558 2856 3852 
17914 1356 1382 1354 3658 
17915 1358 1359 1418 3326 
17916 1090 849 202 967 
17917 1519 1522 1517 3108 
17918 2353 2348 2463 3745 
17919 1040 3454 3220 3793 
17920 2251 2471 2423 3772 
17921 2164 2234 1907 3531 
17922 2525 39 418 2284 
17923 1611 1645 1653 3730 
17924 1388 1384 1419 3447 
17925 1804 1675 1801 3442 
17926 2908 3444 3383 3730 
17927 2491 2293 2287 3141 
17928 2751 3379 2974 3639 
17929 895 861 954 3603 
17930 1812 1767 1657 3184 
17931 3264 3765 2812 3832 
17932 1155 1156 1195 3195 
17933 771 3352 772 3803 
17934 2132 536 1790 1669 
17935 86 8 659 3544 
17936 142 2939 3710 3868 
17937 2480 2333 312 1255 
17938 2726 3369 3106 3740 
17939 2148 2121 2223 3396 
17940 545 1868 2107 3594 
17941 294 1575 1565 1106 
17942 2128 1933 2129 3288 
17943 403 1296 1304 1262 
17944 1221 315 1130 2447 
17945 2474 2423 2481 3152 
17946 965 216 850 3464 
17947 1513 1499 1512 3381 
17948 1096 1492 298 1559 
17949 3442 3553 2792 3744 
17950 1733 3164 3606 3859 
17951 349 2377 2375 3522 
17952 2049 2078 2031 3599 
17953 1591 1566 1496 3245 
17954 2017 2016 3256 3617 
17955 3111 3580 2953 3837 
17956 2956 3633 3468 3641 
17957 932 3371 931 3800 
17958 1876 286 1117 1092 
17959 1235 1210 1137 3248 
17960 1222 1132 318 2273 
17961 1942 3660 2179 3863 
17962 2217 539 1834 1842 
17963 696 3790 146 3886 
17964 2023 2075 2074 3697 
17965 2574 2567 623 3647 
17966 1327 1347 1348 3278 
17967 2320 2369 2468 3557 
17968 2535 2374 2452 3523 
17969 990 218 23 1129 
17970 1523 1519 1560 3527 
17971 1551 1586 1569 3767 
17972 1948 20 190 1937 
17973 1397 1379 1328 2971 
17974 1911 2343 2144 592 
17975 1426 1432 3040 3874 
17976 2273 2365 2337 2751 
17977 1518 1490 1534 3235 
17978 2418 474 1467 3385 
17979 1068 1577 1083 3522 
17980 2162 3531 2982 3546 
17981 2260 2276 40 445 
17982 1906 573 2541 2160 
17983 1113 1100 1097 3299 
17984 2390 2341 2365 3284 
17985 2154 1942 2179 3863 
17986 2421 2495 586 3651 
17987 1913 588 2534 2143 
17988 547 2218 1664 1844 
17989 814 703 767 3193 
17990 2465 2335 3137 3645 
17991 2267 32 302 1118 
17992 2466 75 74 632 
17993 1956 2105 1959 3764 
17994 1470 1393 468 1485 
17995 88 242 2226 657 
17996 140 678 117 3241 
17997 279 1869 1084 1737 
17998 113 683 114 3851 
17999 2757 3372 3311 3786 
18000 3186 3445 2942 3824 
18001 1938 614 1954 3689 
18002 2129 1933 2166 3479 
18003 1157 3602 1200 3702 
18004 1251 741 705 3838 
18005 1178 1176 1121 3761 
18006 1817 339 1220 3857 
18007 2669 3358 3239 3754 
18008 2778 3448 3202 3747 
18009 2305 2299 2304 3315 
18010 840 139 710 3540 
18011 2083 1985 3821 3856 
18012 836 187 825 3405 
18013 1579 1083 262 1577 
18014 2213 2138 2064 3286 
18015 1877 1770 1567 3518 
18016 1649 1637 1874 3570 
18017 305 104 15 964 
18018 2263 2575 608 3613 
18019 1368 1367 1370 3409 
18020 1105 1099 1104 3156 
18021 1422 1417 3336 3818 
18022 2711 3642 3077 3732 
18023 2109 2032 2042 3300 
18024 2844 3605 3160 3757 
18025 2495 585 2244 2265 
18026 1040 1038 3454 3793 
18027 1449 1397 1372 3869 
18028 2506 1447 469 3867 
18029 2385 2351 2397 3680 
18030 1415 1362 1363 3537 
18031 2721 3622 3146 3650 
18032 2102 2109 2203 3274 
18033 1494 1533 1584 3773 
18034 2044 2069 2195 3109 
18035 2536 2365 2450 3143 
18036 1775 1861 1868 3594 
18037 2139 1911 591 2262 
18038 2166 1072 254 1013 
18039 2533 1423 2378 3866 
18040 1321 426 1315 3115 
18041 2828 3365 3571 3826 
18042 1149 3291 1241 3860 
18043 742 811 740 3653 
18044 1403 455 2472 3592 
18045 3224 3797 749 3875 
18046 941 949 950 3362 
18047 2600 3232 3475 3887 
18048 1622 1624 1623 3120 
18049 1018 203 849 3590 
18050 2595 3418 3646 3823 
18051 2459 2404 2402 3626 
18052 1931 1791 524 3872 
18053 615 3150 2556 3719 
18054 2560 617 618 3485 
18055 540 2088 2217 3839 
18056 1054 1039 1047 3792 
18057 1638 1624 1628 3597 
18058 1598 328 1151 1246 
18059 501 1505 1871 1755 
18060 522 1874 1649 1637 
18061 940 869 2577 974 
18062 153 1012 837 823 
18063 2682 3849 3106 3887 
18064 1086 1072 2241 3479 
18065 2198 2094 2051 3798 
18066 1794 1793 1792 3255 
18067 1181 1161 1158 3815 
18068 721 816 790 3515 
18069 1782 1780 1825 3508 
18070 1400 1411 1399 3667 
18071 929 970 927 3449 
18072 1223 2450 319 1132 
18073 349 1294 2380 3541 
18074 2269 418 39 2284 
18075 1970 1969 2070 3718 
18076 196 1122 1250 3629 
18077 545 1855 1775 3594 
18078 1871 3478 1505 3767 
18079 2624 3379 2751 3639 
18080 1681 1802 1796 3183 
18081 2899 3611 3280 3651 
18082 2953 3763 3111 3837 
18083 1952 2118 2229 3816 
18084 1466 1481 1485 3192 
18085 1885 2094 3798 3821 
18086 2859 3414 3145 3678 
18087 1391 1458 1376 3635 
18088 855 951 123 3881 
18089 1429 427 426 3799 
18090 1015 1079 1064 3879 
18091 203 966 849 3590 
18092 2562 615 616 3719 
18093 2383 2426 2464 3304 
18094 2505 2262 2445 3467 
18095 2100 2013 2079 3308 
18096 2865 3029 3791 3814 
18097 1241 1143 1219 3860 
18098 1186 1167 1187 3421 
18099 1311 1289 1320 3260 
18100 588 2256 1913 2534 
18101 1237 1131 1221 3137 
18102 3135 3499 2737 3713 
18103 2151 1601 1901 515 
18104 1911 2150 2145 3482 
18105 1410 1459 1428 3209 
18106 167 728 2249 789 
18107 2292 2290 2291 3882 
18108 1580 1116 2527 3680 
18109 2474 1331 2251 3772 
18110 2524 1324 445 3541 
18111 1401 1424 1344 3363 
18112 2297 2299 2432 3750 
18113 251 992 913 2156 
18114 463 1327 1394 3346 
18115 1097 296 1113 1554 
18116 711 831 843 3023 
18117 2266 87 659 2374 
18118 1083 1068 262 1577 
18119 349 350 1276 3541 
18120 1854 549 2225 2096 
18121 1589 3266 1509 3392 
18122 293 1575 1095 1506 
18123 368 3569 367 3691 
18124 757 3224 749 3875 
18125 59 60 630 3728 
18126 2399 581 2180 2268 
18127 2313 2310 2312 3714 
18128 2158 2157 2184 3354 
18129 1015 1064 1063 3245 
18130 1928 1019 280 1080 
18131 2723 3598 3308 3743 
18132 2205 2173 2048 3852 
18133 128 818 715 3666 
18134 1588 501 1876 1755 
18135 2286 2285 2284 3136 
18136 1451 1430 1337 3874 
18137 120 952 857 3186 
18138 1778 1703 1702 3878 
18139 591 1911 2445 2262 
18140 1409 1369 1352 3802 
18141 2460 2461 2501 3140 
18142 819 1049 151 700 
18143 940 2565 2579 941 
18144 2056 1887 2086 3349 
18145 862 888 109 3403 
18146 1177 1173 1194 3624 
18147 1109 1096 298 1559 
18148 2465 2493 2447 3137 
18149 2265 584 2244 2446 
18150 352 353 1279 3595 
18151 1055 1045 1035 3388 
18152 1349 1364 1394 3346 
18153 1356 1358 1414 3658 
18154 1305 1297 395 3842 
18155 2155 2116 1932 3250 
18156 593 2517 2144 2237 
18157 2082 2014 2047 3550 
18158 353 1270 1279 3595 
18159 884 947 886 3679 
18160 64 671 65 3748 
18161 1580 1578 288 3680 
18162 1110 1098 1106 3862 
18163 293 1575 1106 1095 
18164 2012 2010 2036 3247 
18165 1911 2445 2343 592 
18166 108 109 3587 3693 
18167 1175 1173 1177 3624 
18168 3281 3687 2676 3796 
18169 964 928 854 3620 
18170 188 189 3383 3444 
18171 702 198 1239 1125 
18172 2133 2222 1889 3813 
18173 1320 1314 437 3039 
18174 1731 1753 1752 3606 
18175 1818 1817 1799 3857 
18176 1752 1753 1754 3769 
18177 777 722 158 3600 
18178 1014 126 17 1023 
18179 905 907 906 3746 
18180 1510 1590 1567 3518 
18181 1587 1558 273 1084 
18182 2591 3135 624 3368 
18183 1345 1450 1403 3231 
18184 178 2209 1898 3644 
18185 69 637 70 3583 
18186 1657 1769 1877 3518 
18187 1432 436 1341 3682 
18188 1692 1829 1694 3628 
18189 1479 1476 1473 3332 
18190 128 715 129 3690 
18191 2585 2578 2564 3573 
18192 2205 3558 1678 3852 
18193 3115 3717 2822 3841 
18194 2412 2411 2476 3231 
18195 2373 2253 2401 3485 
18196 117 692 140 3241 
18197 1355 1357 1356 3252 
18198 1936 215 24 1919 
18199 753 3480 830 3782 
18200 1892 161 763 3520 
18201 1401 1427 1424 3363 
18202 1683 1792 1793 3871 
18203 545 1775 1868 3594 
18204 2204 2058 171 3538 
18205 2676 3643 3281 3796 
18206 2218 547 1884 1844 
18207 993 219 1933 2241 
18208 1982 2083 1980 3856 
18209 2088 2087 2086 3551 
18210 720 746 762 3644 
18211 116 117 956 3364 
18212 925 927 970 3545 
18213 2177 1969 2170 3225 
18214 537 2137 2132 1790 
18215 1117 1092 1109 3478 
18216 2308 2309 2310 3751 
18217 2253 2372 2561 3485 
18218 1618 1622 1621 3741 
18219 1535 1518 1534 3607 
18220 146 706 147 3287 
18221 2147 3214 2145 3482 
18222 2071 1898 2053 3644 
18223 1556 1510 488 1875 
18224 779 785 3539 3825 
18225 1646 1873 1638 3597 
18226 870 940 2579 941 
18227 459 1484 1392 1471 
18228 1790 537 2137 1655 
18229 492 1557 1659 1511 
18230 1872 1775 1855 3798 
18231 2102 3274 2203 3872 
18232 1562 1544 1506 2986 
18233 117 118 858 3320 
18234 812 821 738 3727 
18235 2730 3201 3041 3459 
18236 728 812 768 3514 
18237 1931 524 2134 3872 
18238 2369 2454 2512 3301 
18239 1468 1483 1482 3757 
18240 1442 1399 1334 3667 
18241 1470 2272 1469 476 
18242 1906 1942 2224 3660 
18243 1121 1229 1257 3405 
18244 2034 2058 2055 3538 
18245 471 1468 1471 2330 
18246 811 735 740 3861 
18247 1344 1401 3363 3681 
18248 1720 3386 1767 3704 
18249 500 1871 1505 3767 
18250 1993 1996 1995 3642 
18251 749 3224 848 3807 
18252 1390 1443 1403 3592 
18253 1169 1190 1191 3610 
18254 71 84 660 2940 
18255 2457 2456 2479 3325 
18256 2407 2406 2492 3461 
18257 741 1251 1196 3838 
18258 640 3580 3111 3837 
18259 1677 311 30 1685 
18260 2591 624 625 3368 
18261 2077 2227 2135 3494 
18262 1775 3594 1855 3798 
18263 2742 3525 3190 3844 
18264 2245 190 20 1949 
18265 622 47 911 2590 
18266 287 1685 1115 1755 
18267 2727 3664 3537 3734 
18268 1247 345 1821 1673 
18269 2527 1116 2499 3680 
18270 1452 1420 1325 3192 
18271 2231 1928 280 1080 
18272 2148 2223 2117 3723 
18273 1539 489 1862 3502 
18274 1979 2033 2080 3788 
18275 167 728 1894 2249 
18276 1940 89 83 665 
18277 354 355 1286 3377 
18278 1715 1735 1713 3323 
18279 646 74 632 3268 
18280 2605 3305 3661 3853 
18281 1496 1063 270 1010 
18282 1152 329 1630 1596 
18283 1347 1404 1348 3278 
18284 915 917 962 2988 
18285 2160 574 2460 1905 
18286 1628 1252 1646 3597 
18287 2046 2174 2186 3782 
18288 1874 1791 2233 3570 
18289 1298 441 1306 3377 
18290 2595 3646 3199 3823 
18291 2842 3477 3173 3886 
18292 1791 1931 2233 3570 
18293 622 2594 606 3417 
18294 997 959 983 3419 
18295 737 739 734 3321 
18296 1389 1422 1417 3336 
18297 442 441 1422 3818 
18298 448 2474 1331 2251 
18299 86 658 3459 3544 
18300 1029 1078 1064 3220 
18301 367 3569 3369 3691 
18302 1312 3391 431 3814 
18303 474 2259 1472 3385 
18304 633 986 865 647 
18305 652 643 631 3341 
18306 57 2589 2255 3510 
18307 1564 289 1578 1105 
18308 2294 2427 2295 3706 
18309 2334 2376 2322 3360 
18310 345 1247 1127 1673 
18311 1322 1280 1312 3814 
18312 1400 1395 1367 3749 
18313 161 716 763 3520 
18314 2363 74 646 3268 
18315 928 929 927 3449 
18316 1021 1930 285 1082 
18317 628 2336 63 2337 
18318 2555 2558 2532 3863 
18319 3311 3372 2817 3786 
18320 3349 3551 3009 3839 
18321 2065 1961 2068 3463 
18322 1065 1049 1048 3889 
18323 2505 2366 2475 3467 
18324 539 2217 1887 1842 
18325 2029 2028 2027 3884 
18326 841 703 196 3629 
18327 1941 2590 606 1951 
18328 1316 1307 1284 3434 
18329 1307 1299 388 1277 
18330 410 1298 1306 1270 
18331 2371 2592 57 3510 
18332 1983 1981 2045 3554 
18333 1974 1972 1973 3780 
18334 1034 1032 1033 3836 
18335 341 1198 1675 3744 
18336 1589 368 367 3691 
18337 2066 1963 1960 3817 
18338 787 3539 785 3833 
18339 2253 612 2561 2372 
18340 777 158 1903 3600 
18341 500 1505 1551 3767 
18342 1280 1322 1273 3814 
18343 1139 1212 213 971 
18344 663 2400 8 3544 
18345 1564 1099 290 1105 
18346 865 970 939 656 
18347 1473 1467 1472 3385 
18348 216 3333 217 3464 
18349 108 109 3403 3587 
18350 3009 3551 3126 3839 
18351 1976 1977 1974 3715 
18352 2439 2438 2342 3711 
18353 1606 1639 1635 3325 
18354 1132 2450 319 2273 
18355 907 908 906 3746 
18356 1262 1283 360 3532 
18357 1370 1371 1368 3409 
18358 1254 1836 336 1228 
18359 1362 1418 1359 3734 
18360 2282 2280 2329 3612 
18361 583 1932 2446 2236 
18362 2960 3555 3425 3756 
18363 2559 49 614 1954 
18364 1873 1646 1638 519 
18365 1462 457 2260 2476 
18366 1074 1086 993 3479 
18367 1251 16 306 705 
18368 1662 1863 541 2088 
18369 2354 2328 2370 3438 
18370 1834 540 2217 3839 
18371 662 663 86 3459 
18372 1658 1862 489 3502 
18373 1535 1591 1518 3623 
18374 2233 1605 1649 3570 
18375 2455 2507 1446 3681 
18376 1091 301 2499 1118 
18377 514 2130 1600 1901 
18378 2567 2572 2571 3362 
18379 2445 2343 2464 3481 
18380 2292 2294 2295 3706 
18381 1636 503 1647 2526 
18382 2267 2499 301 1118 
18383 1060 3479 1074 3590 
18384 2425 2426 2383 3304 
18385 1599 1609 1632 3350 
18386 625 2777 3368 3510 
18387 2006 2005 2007 3854 
18388 66 674 67 3395 
18389 972 115 859 3397 
18390 851 916 963 3248 
18391 2743 3752 3090 3864 
18392 1420 1387 1325 3192 
18393 2408 2519 2451 3414 
18394 2801 3500 3450 3507 
18395 2059 2210 1899 3253 
18396 2445 2426 2505 3481 
18397 2673 3693 3272 3753 
18398 1743 1839 1838 3597 
18399 2446 2516 583 2236 
18400 261 1083 2375 3522 
18401 1420 1460 1387 3698 
18402 921 922 976 3580 
18403 2457 2458 2449 3316 
18404 2673 3641 3272 3693 
18405 1873 1838 1638 3597 
18406 2772 3751 3542 3828 
18407 1042 1063 1064 3245 
18408 2226 83 7 657 
18409 1840 1809 1679 3276 
18410 2196 2136 1890 3183 
18411 815 826 772 3761 
18412 309 1114 310 3233 
18413 2176 3630 2159 3756 
18414 1658 489 1556 3502 
18415 2537 582 2240 2399 
18416 1882 2214 2043 3331 
18417 1559 1592 1505 3478 
18418 1426 1337 1432 3874 
18419 2582 2564 2578 3573 
18420 1428 1334 1411 3667 
18421 1654 1615 1616 3504 
18422 1933 909 993 3479 
18423 779 778 785 3825 
18424 702 1239 198 815 
18425 1288 408 1301 1287 
18426 1264 1300 390 1275 
18427 2202 2072 2026 3758 
18428 147 696 146 3886 
18429 799 835 760 3677 
18430 370 3841 1269 3842 
18431 1782 1703 1780 3508 
18432 897 2559 224 868 
18433 760 718 759 3677 
18434 2680 3697 3183 3870 
18435 1993 2092 1996 3732 
18436 2561 618 617 3485 
18437 2687 3263 3755 3830 
18438 3450 3500 2832 3507 
18439 1492 297 1113 1096 
18440 2677 2939 3675 3789 
18441 702 841 197 1125 
18442 2256 2431 2484 3238 
18443 1548 1537 1513 3755 
18444 2790 3556 3342 3831 
18445 1549 1524 1502 3184 
18446 216 217 3333 3524 
18447 341 1244 1198 3744 
18448 5 2387 655 3523 
18449 1791 1683 524 3872 
18450 1200 3602 3081 3702 
18451 1662 2088 540 3839 
18452 638 640 3111 3837 
18453 2415 2416 2408 3264 
18454 1304 1314 1283 3532 
18455 2340 2433 2498 3460 
18456 1099 290 1547 1564 
18457 1885 2194 2094 3821 
18458 1116 288 1108 3680 
18459 1683 1791 1792 3872 
18460 1683 2134 524 3872 
18461 1844 1860 1762 3384 
18462 1939 1943 1942 3425 
18463 703 1122 196 3629 
18464 1892 2197 161 3520 
18465 585 2244 1914 2495 
18466 1279 1306 1317 3595 
18467 119 694 120 3868 
18468 1612 3333 1651 3632 
18469 2519 2283 2544 3684 
18470 2186 1896 2073 3500 
18471 1409 1410 1369 3802 
18472 2146 3197 2127 3855 
18473 1877 486 1549 1567 
18474 1082 1930 285 2230 
18475 2176 2128 2129 3288 
18476 3594 3798 2838 3821 
18477 2344 2459 2402 3660 
18478 1167 1168 1187 3421 
18479 2357 2435 2509 3259 
18480 2200 1952 1940 3400 
18481 1073 1085 1027 3367 
18482 649 631 643 3341 
18483 2461 2350 2469 3354 
18484 1345 457 1462 2476 
18485 1374 1421 1375 3834 
18486 1647 324 1625 1253 
18487 2554 616 2556 3719 
18488 161 2197 716 3520 
18489 86 658 85 3459 
18490 1861 1775 1742 3806 
18491 1196 1141 1195 3838 
18492 1018 1074 203 3590 
18493 2682 3232 3849 3887 
18494 108 3272 687 3693 
18495 2222 2082 2047 3550 
18496 1914 586 2495 3651 
18497 2039 2091 2005 3495 
18498 435 1431 1341 3682 
18499 1519 1518 1538 3623 
18500 2560 619 3161 3535 
18501 1952 1910 1940 3400 
18502 966 910 1000 3590 
18503 261 1024 1083 3522 
18504 1737 1084 279 1020 
18505 330 1596 1152 1138 
18506 2532 2401 2555 3863 
18507 1804 1801 1802 3442 
18508 640 639 638 3111 
18509 2073 1984 1983 3376 
18510 2751 3379 2624 3748 
18511 2515 2443 2367 3517 
18512 1105 1104 1093 3156 
18513 757 848 749 3224 
18514 1984 1985 1982 3856 
18515 1396 1449 1372 3869 
18516 61 65 629 3379 
18517 203 1074 966 3590 
18518 1343 1447 2506 3867 
18519 1302 430 1312 3391 
18520 2377 37 2380 349 
18521 1545 1533 1572 3773 
18522 1718 1769 1720 3386 
18523 2033 1980 2083 3203 
18524 2182 1946 2161 3325 
18525 1987 1985 1986 3733 
18526 1791 523 1874 2233 
18527 1160 1158 1161 3815 
18528 992 24 215 1919 
18529 1332 441 3378 3818 
18530 1559 1588 1109 3478 
18531 2540 2257 2513 3592 
18532 2421 586 2142 3651 
18533 1690 1689 1686 3571 
18534 2247 2185 1894 3514 
18535 2534 2431 2256 3238 
18536 2269 2285 2413 3812 
18537 1113 1096 1114 3582 
18538 1458 1391 1396 3121 
18539 2233 1791 523 1931 
18540 455 1330 2257 3592 
18541 1461 418 2269 3812 
18542 937 59 653 871 
18543 2238 2184 2157 3354 
18544 2467 608 2568 3613 
18545 274 1082 1867 1687 
18546 606 1941 2548 560 
18547 1925 2166 254 1013 
18548 1838 1873 1638 519 
18549 1252 1743 1873 3597 
18550 1454 1422 1463 3336 
18551 2245 2228 1908 3694 
18552 765 766 767 3399 
18553 804 783 713 3596 
18554 1558 1067 273 1084 
18555 2497 2464 2410 3819 
18556 67 674 2207 3395 
18557 2824 3647 3499 3713 
18558 2767 3778 3752 3864 
18559 1579 2375 1083 3522 
18560 1553 1528 1571 3578 
18561 2755 3572 3380 3873 
18562 1833 1826 1656 3773 
18563 1722 1736 1724 3337 
18564 1888 2052 2219 3858 
18565 1674 343 1245 1819 
18566 1931 3570 1791 3872 
18567 749 3797 755 3875 
18568 76 75 2360 642 
18569 2020 2000 2001 3335 
18570 608 2575 2568 3613 
18571 1072 255 1086 2241 
18572 1539 1556 489 3502 
18573 1651 1612 1615 3333 
18574 865 936 986 633 
18575 771 772 770 3803 
18576 1152 21 187 1151 
18577 2307 2306 2308 3542 
18578 800 794 824 3294 
18579 1062 264 1563 1546 
18580 972 114 115 3397 
18581 2376 2334 2395 3360 
18582 614 3150 2563 3689 
18583 1877 487 1567 1770 
18584 370 1263 1269 3841 
18585 1649 2233 518 1605 
18586 755 3797 3107 3875 
18587 261 2417 1024 3522 
18588 431 432 1322 3814 
18589 610 609 2485 2566 
18590 1511 3266 1589 3691 
18591 1081 1012 152 823 
18592 1628 1142 1252 3597 
18593 1683 3871 2134 3872 
18594 700 1081 152 823 
18595 1613 1615 1612 3333 
18596 373 1274 372 3465 
18597 71 661 84 2940 
18598 2161 2242 2182 3325 
18599 1017 264 1563 1062 
18600 722 2123 158 3600 
18601 1230 304 305 3620 
18602 972 957 955 3499 
18603 743 818 127 3666 
18604 2496 2391 2536 3810 
18605 324 1625 1253 1231 
18606 1252 1203 1743 3597 
18607 2474 1424 449 1331 
18608 2288 2285 2287 3609 
18609 1783 1738 1696 3830 
18610 419 418 1440 3812 
18611 1460 1360 1435 3698 
18612 274 1082 1687 1056 
18613 1945 2162 1944 3546 
18614 1087 2469 256 2531 
18615 1210 1205 1204 3526 
18616 2235 1923 2145 3214 
18617 187 1006 188 3387 
18618 725 795 786 3538 
18619 2418 2259 474 3385 
18620 2238 2157 252 1087 
18621 1912 2140 2139 3467 
18622 1824 1814 1820 3382 
18623 69 3523 2996 3583 
18624 2192 2247 1894 3514 
18625 658 3201 85 3459 
18626 936 644 875 976 
18627 1460 1420 1360 3698 
18628 624 2591 604 3135 
18629 446 2477 1346 1461 
18630 2559 614 621 3689 
18631 1350 1353 1409 3509 
18632 3387 3524 1644 3632 
18633 1268 1291 401 1303 
18634 1266 1267 1302 397 
18635 1924 1938 2557 568 
18636 2785 3469 3284 3748 
18637 2530 1648 1639 506 
18638 785 787 783 3539 
18639 1917 2127 2146 3197 
18640 1374 1373 1371 3561 
18641 2135 2221 2077 3494 
18642 1886 1781 542 2175 
18643 1252 335 1628 1646 
18644 1504 1587 479 1869 
18645 1544 376 1501 3258 
18646 3041 3459 3201 3544 
18647 2021 2018 2038 3845 
18648 1424 450 2455 2270 
18649 2094 2083 1985 3821 
18650 618 619 2560 3535 
18651 2467 608 607 2568 
18652 2567 624 623 3713 
18653 341 1822 1244 3744 
18654 2522 2484 2358 3847 
18655 944 919 921 3343 
18656 119 120 857 3186 
18657 1579 349 2375 3522 
18658 1136 1204 1205 3526 
18659 69 5 655 3523 
18660 107 3310 106 3776 
18661 1716 1734 1718 3133 
18662 1253 2526 323 1143 
18663 2166 2241 1072 3479 
18664 545 2107 1885 3594 
18665 1580 2527 2385 3680 
18666 2293 2424 2289 3655 
18667 2234 3531 2162 3546 
18668 142 3430 803 3807 
18669 1066 1025 1087 3354 
18670 1996 2092 2062 3732 
18671 757 749 755 3875 
18672 2474 2251 2423 3772 
18673 2411 2329 2280 3612 
18674 1043 1032 1034 3836 
18675 2531 2238 2184 576 
18676 57 625 2589 3510 
18677 2095 1977 2057 3470 
18678 2765 3663 3627 3672 
18679 1545 1521 1533 3575 
18680 1413 1437 1381 3462 
18681 108 687 131 3693 
18682 1074 993 966 3479 
18683 2015 2017 2016 3256 
18684 2462 2482 2518 3531 
18685 1703 1778 1779 3328 
18686 217 3333 3524 3632 
18687 1157 1200 1181 3702 
18688 828 765 767 3399 
18689 1331 1441 1402 3772 
18690 1784 1697 1782 3608 
18691 932 931 984 3800 
18692 2217 2088 2086 3839 
18693 1855 1885 544 3798 
18694 1065 1048 1043 3889 
18695 1605 1640 1637 3570 
18696 1403 1330 455 3592 
18697 2219 2052 2133 3858 
18698 289 1108 1578 1105 
18699 1608 3524 3350 3621 
18700 215 1008 216 3621 
18701 1209 1207 1205 3639 
18702 671 2152 673 3469 
18703 2822 3799 3115 3841 
18704 1081 1065 1012 3670 
18705 217 1006 218 3632 
18706 188 189 701 3383 
18707 1941 1923 2548 560 
18708 1147 1241 1149 3291 
18709 2570 625 624 3368 
18710 1909 2162 2164 3531 
18711 216 3524 3333 3621 
18712 1149 1219 1258 3860 
18713 1484 1482 1465 3435 
18714 2167 1605 2233 3570 
18715 2378 2272 2395 3867 
18716 731 1257 200 836 
18717 2147 2235 2145 3214 
18718 1040 1038 1042 3454 
18719 1981 2099 2045 3408 
18720 732 824 823 3670 
18721 993 1933 219 909 
18722 2542 2440 2441 3848 
18723 1315 1305 1263 3841 
18724 2394 2393 2353 3280 
18725 1874 1637 1831 3570 
18726 459 1484 1326 1392 
18727 1109 1092 1107 3478 
18728 2488 2330 2507 3681 
18729 858 956 117 3320 
18730 2139 2140 2150 3467 
18731 863 108 888 3403 
18732 248 1947 1935 938 
18733 817 811 742 3653 
18734 1566 268 1015 3879 
18735 2543 3510 2777 3819 
18736 543 1864 2198 2175 
18737 1167 1164 1166 3696 
18738 2526 2362 323 1143 
18739 577 2242 2161 2479 
18740 1040 1037 1038 3793 
18741 1954 2559 224 897 
18742 2481 2434 2488 3738 
18743 2512 3301 2372 3485 
18744 1646 1252 1873 3597 
18745 2336 63 2 628 
18746 2350 2531 2469 3354 
18747 191 1251 741 705 
18748 869 2577 564 940 
18749 2455 1446 1344 3681 
18750 839 190 2245 3694 
18751 2159 2224 1943 3756 
18752 624 2593 623 3713 
18753 1186 1250 1122 3629 
18754 1648 2182 507 2242 
18755 741 1251 191 1196 
18756 2418 2396 2259 3385 
18757 2496 2449 2458 3316 
18758 2266 2374 659 3544 
18759 2242 577 2530 2479 
18760 1294 1276 1324 3541 
18761 1592 1492 1571 3582 
18762 1235 1233 1210 3496 
18763 907 1001 999 3415 
18764 2195 2069 1883 3109 
18765 1050 1021 1055 3783 
18766 2541 2459 2344 3660 
18767 40 2260 445 1462 
18768 2102 2203 2134 3872 
18769 1086 2241 993 3479 
18770 2129 2158 2159 3630 
18771 1874 522 1831 1637 
18772 2562 616 3161 3719 
18773 2455 450 1424 1344 
18774 1064 1078 1040 3220 
18775 1343 3866 1453 3867 
18776 627 65 3379 3748 
18777 440 441 1298 3377 
18778 967 991 1090 3585 
18779 1054 1047 1061 3792 
18780 1418 1426 1358 3326 
18781 2558 2532 595 2555 
18782 56 2254 2586 3301 
18783 2176 2129 2159 3630 
18784 374 1491 1525 3665 
18785 486 1657 1877 1549 
18786 2348 2355 2463 3745 
18787 1959 2105 2067 3764 
18788 359 360 1283 3532 
18789 1677 1685 1686 3424 
18790 1182 1220 1119 3857 
18791 1200 1197 1144 3602 
18792 1077 1068 1024 3522 
18793 2560 619 616 3161 
18794 479 1504 1869 1832 
18795 1589 1509 368 3392 
18796 2530 2479 2456 3325 
18797 800 808 844 3652 
18798 1108 288 1578 3680 
18799 2083 3821 3203 3856 
18800 1771 1714 1712 3566 
18801 624 604 2593 3135 
18802 2320 2468 2281 3557 
18803 1775 1774 1742 3806 
18804 1949 2232 2228 3694 
18805 1829 1692 1748 3628 
18806 955 957 998 3499 
18807 749 848 708 3807 
18808 6 72 939 657 
18809 1995 1994 1993 3642 
18810 624 3135 2593 3713 
18811 748 746 747 3423 
18812 2469 256 1025 1087 
18813 2494 2416 2504 3765 
18814 1039 1036 1044 3716 
18815 817 813 764 3560 
18816 954 112 113 3603 
18817 1616 1615 1614 3504 
18818 640 643 652 3837 
18819 1685 311 30 1115 
18820 1834 1662 540 3839 
18821 2287 2289 2288 3609 
18822 966 1074 3479 3590 
18823 1327 1349 1394 3346 
18824 1726 1765 1843 3796 
18825 286 1876 1755 1092 
18826 2125 2072 2202 3351 
18827 1669 1859 1790 3516 
18828 2075 2196 2074 3697 
18829 107 687 108 3272 
18830 1044 1036 1035 3716 
18831 1644 3387 1610 3524 
18832 608 2263 609 2575 
18833 2394 2421 2393 3651 
18834 1685 1746 1686 3424 
18835 3752 3778 3090 3864 
18836 230 2590 872 911 
18837 261 2375 2417 3522 
18838 1481 1479 1469 3345 
18839 1257 1229 1153 3405 
18840 341 1675 1822 3744 
18841 700 823 824 3670 
18842 1867 2230 557 1853 
18843 2074 2089 2017 3617 
18844 503 1636 2473 2526 
18845 1311 1301 408 1287 
18846 1300 1310 390 1275 
18847 2017 2089 2016 3617 
18848 2455 2488 2507 3681 
18849 1590 1508 1567 3518 
18850 792 847 809 3450 
18851 1423 1343 2378 3866 
18852 2502 2367 2443 3517 
18853 612 58 2253 2561 
18854 2532 2239 2179 3863 
18855 2397 381 35 2385 
18856 1612 3524 3333 3632 
18857 1444 1407 1445 3785 
18858 2392 2352 2353 3577 
18859 2179 571 2239 2532 
18860 665 1940 89 1910 
18861 2569 869 934 977 
18862 100 2152 675 2240 
18863 1461 446 2477 2269 
18864 1343 2506 1447 452 
18865 1235 1150 1233 3496 
18866 1862 1658 1870 3502 
18867 1214 1217 1236 3763 
18868 2180 2240 582 2399 
18869 813 766 764 3560 
18870 404 1304 1283 1262 
18871 1305 1269 394 1263 
18872 2206 2091 2039 3495 
18873 2255 2511 2388 3510 
18874 2445 2464 2426 3481 
18875 868 898 897 3689 
18876 2564 2582 620 3573 
18877 1001 951 999 3415 
18878 1976 1975 2035 3506 
18879 753 830 723 3782 
18880 2037 2222 2133 3813 
18881 1639 2530 506 2456 
18882 119 693 142 3868 
18883 131 687 130 3641 
18884 2167 518 2233 1605 
18885 189 1008 190 3350 
18886 1675 1804 1822 3744 
18887 2494 2278 2279 3390 
18888 2370 2510 2396 3262 
18889 1252 335 1142 1628 
18890 653 1 247 871 
18891 1311 1320 438 3260 
18892 2531 2184 2350 576 
18893 1515 1512 370 3638 
18894 2472 2257 2540 3592 
18895 1903 158 2123 3600 
18896 341 1198 340 1675 
18897 2152 2240 2180 3469 
18898 429 1334 430 3490 
18899 2157 1066 252 1087 
18900 2517 2144 2343 593 
18901 749 803 747 3807 
18902 619 2562 616 3161 
18903 648 631 60 3343 
18904 92 2516 663 666 
18905 283 282 1900 1009 
18906 829 828 775 3476 
18907 1950 82 243 656 
18908 2441 2454 2542 3848 
18909 1310 1321 1274 3465 
18910 1927 1944 1946 3534 
18911 136 711 137 3649 
18912 930 931 932 3371 
18913 1914 2142 586 3651 
18914 1575 1532 1565 3862 
18915 61 627 65 3379 
18916 281 282 1031 1955 
18917 2233 1649 1874 3570 
18918 908 961 906 3801 
18919 1359 1361 1362 3734 
18920 2475 2262 2505 3467 
18921 2230 2165 557 1853 
18922 908 983 961 3801 
18923 763 716 817 3520 
18924 1294 349 1276 3541 
18925 1533 1521 1520 3575 
18926 1918 236 235 943 
18927 1556 1539 364 3502 
18928 2352 2392 2444 3577 
18929 838 186 2231 793 
18930 1219 1149 1241 3860 
18931 1764 1830 1765 3643 
18932 436 435 1341 3682 
18933 2519 2494 2283 3684 
18934 2248 2079 2041 3820 
18935 2500 2354 2370 3438 
18936 2313 2312 2314 3714 
18937 1668 1746 1871 3767 
18938 826 701 770 3803 
18939 132 804 713 3596 
18940 81 936 865 633 
18941 662 85 664 3459 
18942 985 1256 214 854 
18943 1389 1463 1422 3336 
18944 56 2586 618 3301 
18945 1018 1060 1074 3590 
18946 1784 1782 1825 3608 
18947 445 2524 40 1324 
18948 1568 1589 1511 3266 
18949 1623 1640 1627 3505 
18950 828 722 777 3600 
18951 634 639 641 3545 
18952 2546 2517 594 2549 
18953 1978 1977 1976 3715 
18954 1641 1603 1616 3768 
18955 1589 1568 1509 3266 
18956 563 870 940 2579 
18957 2311 2439 2342 3711 
18958 1152 329 1151 1630 
18959 5 659 2374 3523 
18960 35 381 2397 2381 
18961 141 693 118 3675 
18962 1072 1074 1060 3479 
18963 1086 204 1074 993 
18964 255 1072 2166 2241 
18965 1929 2207 674 3395 
18966 1624 1594 1640 3712 
18967 2402 2404 2403 3626 
18968 805 788 712 3781 
18969 962 944 871 3728 
18970 2527 2499 2385 3680 
18971 1612 1644 3524 3632 
18972 1394 463 1477 462 
18973 1202 1179 1180 3493 
18974 1606 2182 507 1648 
18975 2592 55 2252 613 
18976 1014 17 126 991 
18977 2180 2153 2152 3469 
18978 1334 429 1442 3490 
18979 2277 2276 2260 3488 
18980 142 803 708 3807 
18981 1938 614 49 1954 
18982 131 688 108 3693 
18983 1769 1767 1720 3386 
18984 2592 55 603 3819 
18985 1269 1272 369 3842 
18986 1789 1756 1858 3859 
18987 2556 2154 2554 3863 
18988 498 499 1495 1788 
18989 1960 1963 1962 3817 
18990 1866 535 1888 1669 
18991 1 59 871 653 
18992 2114 2142 1914 3651 
18993 1463 1390 1450 3888 
18994 449 2270 1424 2474 
18995 1720 1767 1722 3704 
18996 753 754 830 3480 
18997 1811 1738 1783 3830 
18998 1851 1745 1741 3319 
18999 1608 1609 1599 3350 
19000 1606 1648 1639 3325 
19001 1313 401 1291 1303 
19002 1302 1267 1312 397 
19003 731 200 1257 1121 
19004 1055 1033 1050 3783 
19005 1714 1766 1716 3501 
19006 671 100 2152 675 
19007 872 960 912 3417 
19008 1461 418 39 2269 
19009 936 80 245 644 
19010 1001 1002 856 3657 
19011 2377 2417 2375 3522 
19012 366 1280 365 3814 
19013 1570 1523 1560 3527 
19014 381 1580 2385 3680 
19015 940 2577 564 2565 
19016 2202 2026 2104 3758 
19017 1277 387 1307 1284 
19018 411 1306 1279 1270 
19019 1691 1689 1690 3571 
19020 640 650 643 3837 
19021 1663 1864 2198 543 
19022 2080 2057 1979 3788 
19023 235 234 2120 874 
19024 1267 366 367 3391 
19025 946 960 872 3417 
19026 363 364 1291 3619 
19027 1939 1924 1938 3150 
19028 554 555 2131 1670 
19029 217 850 216 3464 
19030 1184 1163 1185 3876 
19031 317 316 1131 2465 
19032 1908 154 2245 839 
19033 2205 2048 2089 3558 
19034 970 986 925 3545 
19035 1398 1395 1342 3574 
19036 1116 1091 2499 3680 
19037 233 234 882 1917 
19038 2441 2539 2467 3613 
19039 749 708 803 3807 
19040 976 922 924 3580 
19041 349 1579 1577 3522 
19042 1475 1474 1473 3668 
19043 1892 2248 2197 3520 
19044 1613 1608 1607 3621 
19045 528 529 2136 1681 
19046 1108 1111 1091 3680 
19047 428 1297 1305 3842 
19048 1316 421 1307 3434 
19049 1515 1576 1512 3638 
19050 1276 1308 1324 3541 
19051 2529 416 1323 2525 
19052 442 1306 441 3595 
19053 933 939 72 657 
19054 1344 1392 1401 3681 
19055 1839 1821 1794 3794 
19056 2377 2375 37 349 
19057 142 694 119 3868 
19058 937 653 247 871 
19059 529 530 1890 1796 
19060 1733 1858 1756 3859 
19061 280 281 1019 1928 
19062 177 176 2061 721 
19063 1374 1371 1405 3561 
19064 1863 1781 542 1886 
19065 565 869 226 2569 
19066 1343 1453 1393 3867 
19067 2293 2444 2424 3655 
19068 2316 2322 2315 3372 
19069 2404 2501 2406 3700 
19070 633 865 81 647 
19071 1657 486 485 1549 
19072 948 912 957 3647 
19073 1621 1643 1620 3741 
19074 672 2341 103 2399 
19075 2584 2578 2573 3436 
19076 1070 1015 268 3879 
19077 1942 1906 2179 3660 
19078 1988 1987 1986 3733 
19079 2096 1991 2081 3671 
19080 1343 2378 3866 3867 
19081 2467 2263 608 3613 
19082 901 900 899 3573 
19083 371 370 3717 3841 
19084 1898 179 178 720 
19085 2380 2524 2514 3541 
19086 243 939 1950 656 
19087 2507 1446 451 2455 
19088 761 162 163 2119 
19089 237 238 935 1920 
19090 186 2106 2231 793 
19091 2417 260 261 1024 
19092 652 645 640 3580 
19093 1731 1752 1733 3606 
19094 172 171 2058 795 
19095 540 1662 541 2088 
19096 1895 170 169 778 
19097 1014 1027 1059 3585 
19098 2465 2486 2336 3645 
19099 118 678 141 3675 
19100 1343 2506 2378 3867 
19101 1121 1239 1178 3761 
19102 942 239 240 1926 
19103 1703 1700 1702 3878 
19104 779 785 783 3539 
19105 1899 182 181 796 
19106 1511 1589 367 3691 
19107 2344 2179 3660 3863 
19108 2524 2276 2514 3541 
19109 1482 1483 1487 3757 
19110 469 2506 42 1447 
19111 635 76 77 2493 
19112 1566 1574 268 3879 
19113 1687 275 274 1056 
19114 2172 223 222 867 
19115 497 1548 496 1811 
19116 2429 2292 2296 3811 
19117 2532 595 2555 2401 
19118 367 1557 1511 3691 
19119 2141 2146 2140 3855 
19120 898 905 897 3689 
19121 138 710 139 3540 
19122 869 934 226 2569 
19123 771 773 772 3352 
19124 2490 2376 2386 3674 
19125 381 35 1295 2381 
19126 1362 1415 1416 3664 
19127 204 966 1074 993 
19128 1041 1037 1040 3793 
19129 1212 1256 214 985 
19130 1220 339 1817 338 
19131 1486 1487 1477 3766 
19132 285 284 1930 1021 
19133 1014 1090 991 3585 
19134 1559 1505 1588 3478 
19135 1157 1197 1200 3602 
19136 626 68 248 1947 
19137 2086 2087 2085 3551 
19138 740 735 739 3861 
19139 624 3368 3135 3713 
19140 979 984 931 3800 
19141 149 732 837 3324 
19142 1491 1526 1525 3665 
19143 361 362 1290 3431 
19144 347 1252 1203 1743 
19145 159 160 726 2124 
19146 1769 1770 1877 3518 
19147 191 192 741 1196 
19148 300 2527 1116 2499 
19149 2344 2532 2179 3863 
19150 1743 347 1252 1873 
19151 544 1885 2198 3798 
19152 2061 1897 2201 3515 
19153 2107 2194 1885 3594 
19154 832 137 711 3649 
19155 418 1323 39 2525 
19156 549 1665 550 2096 
19157 977 901 899 3573 
19158 268 269 1566 1015 
19159 1720 1722 1721 3704 
19160 664 90 2169 1910 
19161 1276 414 1308 1278 
19162 1293 384 1309 1292 
19163 2255 2371 57 3510 
19164 339 340 1119 1818 
19165 470 1471 458 2507 
19166 232 233 873 2126 
19167 1322 1280 1273 399 
19168 2027 2028 2024 3884 
19169 245 936 644 875 
19170 788 787 786 3833 
19171 2588 229 870 911 
19172 1322 1312 431 3814 
19173 1412 1413 1381 3462 
19174 2499 2351 2385 3680 
19175 1825 1662 1785 3839 
19176 141 803 142 3430 
19177 805 712 134 3781 
19178 1885 2094 2198 3798 
19179 299 1117 1109 1588 
19180 2243 2176 1943 3756 
19181 1500 1535 1534 3607 
19182 527 2135 526 1680 
19183 2506 2272 2378 3867 
19184 872 2590 230 1951 
19185 2226 7 83 1940 
19186 2577 565 869 564 
19187 2141 2223 2121 3396 
19188 704 193 194 1126 
19189 570 2558 2554 3863 
19190 2400 2266 8 3544 
19191 1416 1415 1448 3664 
19192 2585 2573 2578 3436 
19193 2089 1890 2205 3558 
19194 109 888 108 3403 
19195 1654 1616 1603 3768 
19196 647 865 81 1953 
19197 1104 1094 305 3779 
19198 2225 2096 2081 3671 
19199 2532 2179 571 2344 
19200 1284 377 378 3434 
19201 1312 430 431 3391 
19202 1332 1422 441 3818 
19203 570 2554 2154 3863 
19204 1282 1289 1320 406 
19205 1271 1321 1274 392 
19206 1548 1513 1576 3755 
19207 2344 2401 2532 3863 
19208 1425 1456 1441 3772 
19209 2154 2556 569 1924 
19210 1594 1624 1638 3712 
19211 1536 1574 1566 3879 
19212 158 159 777 1903 
19213 81 80 936 633 
19214 1072 1086 1074 3479 
19215 1923 2547 559 2168 
19216 283 284 1050 2108 
19217 1244 1192 1198 3744 
19218 6 82 1950 656 
19219 2565 563 940 2579 
19220 1617 1124 332 333 
19221 1599 511 1948 512 
19222 647 81 82 1953 
19223 154 1908 769 839 
19224 248 68 626 871 
19225 2055 2058 2204 3538 
19226 2130 1600 513 514 
19227 244 81 936 865 
19228 2045 2046 1983 3554 
19229 1002 1001 904 3657 
19230 603 55 2546 3819 
19231 325 1140 326 1603 
19232 2378 2395 2420 3866 
19233 1800 1850 1745 3536 
19234 1304 436 1314 3532 
19235 2169 91 90 664 
19236 2590 606 46 1941 
19237 1184 1183 1163 3876 
19238 532 531 1806 2173 
19239 2506 477 2272 3867 
19240 1120 342 343 1674 
19241 227 869 564 940 
19242 176 175 1897 790 
19243 127 818 128 3666 
19244 1278 413 1319 1265 
19245 1285 1293 385 1318 
19246 1343 1393 1447 3867 
19247 38 1324 417 2528 
19248 1471 1392 458 3681 
19249 536 1888 535 1669 
19250 1896 2190 2073 3500 
19251 1649 1605 1637 3570 
19252 231 232 946 1934 
19253 1667 277 276 1011 
19254 461 460 1465 1379 
19255 148 697 125 3579 
19256 417 1324 2524 2528 
19257 2289 2291 2290 3882 
19258 728 166 167 1894 
19259 2212 1607 510 511 
19260 1902 184 183 759 
19261 1401 1391 1378 3635 
19262 2147 2145 2150 3482 
19263 1866 535 2219 1888 
19264 1070 268 1574 3879 
19265 2 654 2335 3645 
19266 427 1305 1315 3841 
19267 934 868 225 2587 
19268 2209 2053 1898 3644 
19269 1156 1123 1157 3631 
19270 1968 1969 1970 3718 
19271 2271 579 1909 578 
19272 1806 1798 1846 3852 
19273 877 238 239 2111 
19274 1324 415 1294 2528 
19275 870 228 563 940 
19276 480 481 1552 1679 
19277 416 1323 36 2529 
19278 80 936 633 644 
19279 273 272 1067 1558 
19280 1781 543 542 2175 
19281 220 221 879 2128 
19282 2018 2021 2019 3845 
19283 463 464 1327 1464 
19284 774 845 703 3629 
19285 1399 1411 1334 3667 
19286 244 81 80 936 
19287 1618 1621 1620 3741 
19288 1806 1678 1798 3852 
19289 2149 165 164 717 
19290 2234 2162 2163 3546 
19291 175 174 2174 723 
19292 1598 328 1246 327 
19293 466 1466 467 1387 
19294 488 489 1556 1658 
19295 272 271 1061 1493 
19296 369 368 1509 3392 
19297 82 865 647 1953 
19298 1579 37 2375 349 
19299 2226 242 933 657 
19300 1800 1745 1846 3536 
19301 1446 458 1392 3681 
19302 1029 1088 1078 3324 
19303 473 474 1467 2418 
19304 1289 1287 1311 407 
19305 1274 1310 1275 391 
19306 2384 2386 2521 3674 
19307 1252 1142 1203 3597 
19308 1753 1840 1754 3769 
19309 305 304 1104 3779 
19310 1304 1283 1314 404 
19311 1315 1305 394 1263 
19312 1526 1528 1553 3578 
19313 381 1578 1580 3680 
19314 878 249 250 1922 
19315 768 165 166 2192 
19316 886 947 989 3679 
19317 1433 1444 1335 3785 
19318 415 38 1294 2528 
19319 1743 1838 1873 3597 
19320 1012 153 152 823 
19321 869 565 2577 2569 
19322 945 221 222 1921 
19323 1950 939 6 656 
19324 49 614 1938 568 
19325 1652 1623 1627 3505 
19326 517 1915 516 1627 
19327 1228 1836 336 337 
19328 205 206 880 1224 
19329 1610 1608 1612 3524 
19330 570 2239 2558 3863 
19331 433 432 1433 3742 
19332 173 172 1896 724 
19333 28 1082 2230 1867 
19334 155 156 730 2125 
19335 2380 1294 382 2528 
19336 1356 1414 1382 3658 
19337 2394 2495 2421 3651 
19338 125 681 148 3579 
19339 2127 2150 2140 3855 
19340 570 2154 2556 569 
19341 2420 2533 2378 3866 
19342 852 209 210 1211 
19343 868 48 225 2587 
19344 265 264 1062 1546 
19345 1605 2167 518 517 
19346 1660 495 494 1550 
19347 2168 2547 559 558 
19348 659 8 87 2266 
19349 2529 1323 383 1295 
19350 1547 291 290 1099 
19351 1683 525 524 2134 
19352 1317 1306 442 3595 
19353 979 864 984 3800 
19354 1931 2167 2233 3570 
19355 2234 2164 2162 3531 
19356 2581 619 618 3535 
19357 853 211 212 1217 
19358 838 2231 19 1080 
19359 236 237 876 2122 
19360 160 161 763 1892 
19361 1823 553 1882 554 
19362 621 48 868 2587 
19363 2176 2159 1943 3756 
19364 651 640 645 3580 
19365 819 150 1049 1080 
19366 123 680 146 3790 
19367 331 1199 332 1597 
19368 819 838 150 1080 
19369 1737 279 278 1020 
19370 1127 344 345 1673 
19371 839 820 190 3694 
19372 1565 1532 1593 3862 
19373 733 163 164 1893 
19374 1869 1587 27 1084 
19375 157 158 722 2123 
19376 8 2266 659 3544 
19377 951 122 123 3881 
19378 2186 174 173 791 
19379 2378 2506 1343 452 
19380 2526 33 1647 1253 
19381 1835 494 493 1568 
19382 1559 299 1109 1588 
19383 614 2563 621 3689 
19384 43 1648 2242 2530 
19385 552 1666 553 2171 
19386 1097 295 296 1497 
19387 2529 383 36 1295 
19388 1443 1330 1403 3592 
19389 626 68 1 871 
19390 526 525 1807 1881 
19391 206 207 963 1137 
19392 1207 1209 1259 3639 
19393 1391 1376 1378 3635 
19394 527 528 1904 1813 
19395 1933 2241 2166 3479 
19396 1781 1864 543 2175 
19397 991 967 881 3585 
19398 2455 1446 451 1344 
19399 659 87 5 2374 
19400 1628 1646 1638 3597 
19401 319 318 1132 2273 
19402 328 1151 329 1630 
19403 674 102 67 2207 
19404 669 5 87 2374 
19405 139 691 138 3735 
19406 566 226 934 2569 
19407 2079 2012 2041 3820 
19408 258 257 1051 2275 
19409 1470 2272 477 3867 
19410 638 650 640 3837 
19411 2266 2452 2374 3544 
19412 1903 2123 2189 3600 
19413 1332 1417 1422 3818 
19414 570 2154 2239 3863 
19415 46 2590 1941 1951 
19416 91 2169 662 664 
19417 2207 2178 1935 3395 
19418 2146 2127 2140 3855 
19419 1880 1794 1821 3794 
19420 2236 2516 9 666 
19421 1312 1267 1280 398 
19422 400 1291 1273 1313 
19423 1252 34 1646 1873 
19424 1649 1874 44 2233 
19425 2523 2504 2416 3765 
19426 1294 2380 37 349 
19427 1937 512 513 1632 
19428 589 590 2475 1912 
19429 756 757 755 3875 
19430 56 2561 2372 3301 
19431 949 948 957 3647 
19432 106 686 107 3776 
19433 673 100 101 2152 
19434 320 321 2274 1134 
19435 1423 1453 1343 3866 
19436 611 610 2453 2580 
19437 78 246 636 937 
19438 663 2516 92 2400 
19439 1551 499 500 1668 
19440 2549 2517 45 2237 
19441 199 200 731 1121 
19442 146 696 123 3790 
19443 1580 35 381 2385 
19444 370 1269 369 3842 
19445 2529 1295 348 2381 
19446 1247 345 346 1821 
19447 1586 1551 1505 3767 
19448 195 196 703 1122 
19449 563 562 870 2579 
19450 2555 2554 2558 3863 
19451 616 615 2556 3719 
19452 1644 1610 1612 3524 
19453 227 869 565 564 
19454 2263 2467 2539 3613 
19455 242 939 933 657 
19456 2532 2558 2239 3863 
19457 622 47 2588 911 
19458 556 557 2165 1853 
19459 1049 151 150 819 
19460 266 265 1071 1583 
19461 1594 1672 520 521 
19462 193 192 1248 822 
19463 2374 2333 2387 3523 
19464 799 760 759 3677 
19465 1625 324 325 1231 
19466 841 774 703 3629 
19467 1310 425 1321 3465 
19468 334 1142 335 1628 
19469 993 1086 22 2241 
19470 2388 2371 2255 3510 
19471 865 244 81 1953 
19472 1324 2524 40 417 
19473 387 1316 1307 1284 
19474 1279 1317 1306 411 
19475 1494 1572 1533 3773 
19476 1083 1024 1068 3522 
19477 2333 32 312 1255 
19478 1445 1335 1444 3785 
19479 1139 1217 1214 3763 
19480 1095 292 293 1506 
19481 270 271 1555 1010 
19482 555 556 1916 1757 
19483 30 1671 336 1254 
19484 870 562 229 2588 
19485 25 2238 1087 2531 
19486 1951 2590 230 561 
19487 322 323 2362 1143 
19488 859 116 956 3364 
19489 962 982 944 3728 
19490 1871 500 1505 501 
19491 101 1929 673 2152 
19492 2180 582 581 2399 
19493 469 42 2506 477 
19494 654 77 2 2335 
19495 39 1323 416 2525 
19496 1751 1878 1866 3858 
19497 1982 1985 2083 3856 
19498 2588 47 229 911 
19499 457 1345 456 2476 
19500 1538 1518 1591 3623 
19501 2245 20 190 839 
19502 786 787 785 3833 
19503 469 1447 1393 3867 
19504 2321 504 505 1595 
19505 866 240 241 2200 
19506 455 456 1403 2472 
19507 266 267 1507 1069 
19508 186 185 2106 793 
19509 1565 295 294 1110 
19510 674 1929 102 2207 
19511 551 550 1816 1883 
19512 1066 252 253 2157 
19513 578 577 2161 2479 
19514 521 1831 522 1637 
19515 1791 524 523 1931 
19516 2031 2078 2042 3599 
19517 254 253 1925 1013 
19518 592 1911 2445 591 
19519 579 580 2462 2164 
19520 371 1263 370 3841 
19521 1785 1662 1834 3839 
19522 2465 2336 2335 3645 
19523 570 2154 2554 2556 
19524 851 207 208 1204 
19525 250 251 913 2156 
19526 1644 1651 1598 3632 
19527 259 260 2261 1053 
19528 405 1282 1283 1314 
19529 1263 393 1315 1271 
19530 562 228 563 870 
19531 1935 249 248 938 
19532 1324 1308 445 3541 
19533 1138 330 1626 331 
19534 1644 1612 1651 3632 
19535 536 537 2132 1790 
19536 1000 849 966 3590 
19537 5 2374 2387 3523 
19538 558 2168 2547 2545 
19539 993 909 966 3479 
19540 1429 1398 1342 3574 
19541 2477 1346 447 446 
19542 2480 312 313 1145 
19543 749 747 745 3797 
19544 1644 1630 1650 3387 
19545 338 1676 1133 337 
19546 2127 2147 2150 3482 
19547 1913 587 2256 588 
19548 1402 1441 1456 3772 
19549 1582 292 291 1103 
19550 564 563 940 2565 
19551 547 548 1884 1844 
19552 2503 2266 2400 3544 
19553 2333 2374 2535 3523 
19554 2249 168 167 789 
19555 1863 542 541 1886 
19556 169 168 2216 727 
19557 491 1557 1659 492 
19558 1644 1650 1610 3387 
19559 865 243 82 656 
19560 2421 586 587 2142 
19561 1454 1463 1338 3888 
19562 24 20 1004 1948 
19563 1108 1091 1116 3680 
19564 1905 574 2460 575 
19565 490 1539 489 1862 
19566 2254 2372 2454 3301 
19567 1083 2375 1579 502 
19568 1256 1230 305 3620 
19569 933 241 242 2226 
19570 68 248 1 871 
19571 1200 1238 1181 3702 
19572 465 464 1480 1347 
19573 2083 2094 2194 3821 
19574 498 1573 497 1661 
19575 2336 628 2 3645 
19576 90 664 665 1910 
19577 996 636 875 937 
19578 934 225 226 566 
19579 1470 469 1393 3867 
19580 2543 2371 2388 3510 
19581 537 538 2137 1655 
19582 1113 296 297 1554 
19583 875 636 246 937 
19584 1807 1683 1793 3871 
19585 2386 2376 2521 3674 
19586 89 83 7 1940 
19587 15 214 1256 854 
19588 2178 2207 1929 3395 
19589 791 723 830 3782 
19590 496 495 1810 1503 
19591 967 201 1090 991 
19592 197 198 702 1125 
19593 503 2473 1636 504 
19594 671 100 673 2152 
19595 545 546 2107 1868 
19596 1203 346 347 1743 
19597 315 314 1130 2489 
19598 287 286 1755 1092 
19599 2499 1116 300 1091 
19600 1015 1070 1079 3879 
19601 1461 1440 418 3812 
19602 1504 479 480 1832 
19603 1284 386 1316 1285 
19604 1317 1279 1265 412 
19605 2559 224 48 567 
19606 1477 1487 1489 3766 
19607 755 749 745 3797 
19608 31 478 1580 2527 
19609 228 564 563 940 
19610 225 224 48 868 
19611 1874 1831 1791 3570 
19612 2204 171 170 725 
19613 226 227 869 565 
19614 85 662 86 3459 
19615 2229 2118 2115 3816 
19616 1633 508 1927 509 
19617 230 231 872 1951 
19618 2590 230 47 911 
19619 38 415 1324 2528 
19620 2240 675 14 2537 
19621 2373 2512 2372 3485 
19622 1251 191 16 705 
19623 2253 2373 2372 3485 
19624 1682 533 532 1889 
19625 47 230 229 911 
19626 1392 1344 1446 3681 
19627 1478 472 473 2258 
19628 471 1471 470 2330 
19629 6 72 656 939 
19630 179 180 744 2110 
19631 2179 572 571 2344 
19632 2512 2454 2372 3301 
19633 2410 2546 2517 594 
19634 644 79 245 875 
19635 3 11 2337 668 
19636 1463 1450 1338 3888 
19637 826 770 772 3803 
19638 1265 413 1319 412 
19639 386 1285 385 1318 
19640 490 491 1540 1857 
19641 2253 2550 58 612 
19642 1014 1090 201 991 
19643 2558 2239 50 2532 
19644 1638 1838 519 520 
19645 1202 333 1604 334 
19646 2557 569 2556 1924 
19647 562 229 228 870 
19648 195 194 1242 814 
19649 348 1295 35 2381 
19650 2527 1580 31 1116 
19651 636 653 78 937 
19652 1014 1059 1090 3585 
19653 178 177 2209 762 
19654 1323 383 36 2529 
19655 1471 1392 459 458 
19656 1244 341 342 1822 
19657 1072 254 255 2166 
19658 2162 1945 2163 3546 
19659 719 180 181 2181 
19660 298 297 1492 1096 
19661 665 89 90 1910 
19662 1545 1815 483 484 
19663 11 3 2341 672 
19664 966 203 204 1074 
19665 1082 285 28 2230 
19666 564 228 227 940 
19667 559 2547 1923 2548 
19668 2363 74 73 646 
19669 487 486 1877 1567 
19670 17 18 1022 676 
19671 447 448 1402 2251 
19672 507 2182 1606 508 
19673 557 28 2230 1867 
19674 1251 1141 1196 3838 
19675 2231 280 19 1080 
19676 533 1865 534 2133 
19677 581 2268 580 1907 
19678 990 23 205 1129 
19679 243 865 939 656 
19680 62 654 2 3645 
19681 2341 103 11 672 
19682 57 611 2255 2589 
19683 2559 48 224 868 
19684 515 2151 1601 516 
19685 1081 152 151 700 
19686 405 1282 1320 406 
19687 1321 1271 393 392 
19688 566 565 226 2569 
19689 575 2350 2184 576 
19690 2446 584 1932 583 
19691 566 934 225 2587 
19692 1876 1117 29 1588 
19693 538 539 1887 1842 
19694 1949 2228 2245 3694 
19695 716 161 162 2197 
19696 475 1472 474 2259 
19697 323 33 2526 1253 
19698 2456 506 1639 505 
19699 562 870 2579 2588 
19700 2487 313 314 1218 
19701 2592 2252 55 3819 
19702 577 43 2242 2530 
19703 1 248 247 871 
19704 1678 530 2205 531 
19705 1924 2557 569 568 
19706 1292 383 1323 1295 
19707 415 1294 1276 1324 
19708 2530 43 1648 506 
19709 2569 934 566 2587 
19710 1152 329 1596 330 
19711 2134 2203 1931 3872 
19712 2548 1923 559 560 
19713 1318 1293 384 1309 
19714 1319 1308 414 1278 
19715 1273 1322 399 400 
19716 1280 1322 398 399 
19717 79 644 636 875 
19718 2452 2266 2503 3544 
19719 1016 259 258 2538 
19720 251 24 992 1919 
19721 270 269 1063 1496 
19722 2272 1470 477 476 
19723 636 246 79 875 
19724 2410 2546 55 3819 
19725 56 2254 607 2586 
19726 776 156 157 1891 
19727 1647 33 324 1253 
19728 593 45 2517 2237 
19729 220 219 1933 909 
19730 263 264 1563 1017 
19731 939 242 6 657 
19732 224 223 1954 897 
19733 245 244 80 936 
19734 78 247 246 937 
19735 1647 503 33 2526 
19736 202 203 849 1018 
19737 2534 588 589 2143 
19738 208 209 995 1136 
19739 79 245 80 644 
19740 2262 591 2139 590 
19741 1311 1320 1289 407 
19742 1274 1321 1310 391 
19743 647 865 82 656 
19744 1068 263 262 1577 
19745 1025 257 256 2469 
19746 1587 273 27 1084 
19747 36 2529 1295 348 
19748 479 1587 27 1869 
19749 319 320 2450 1223 
19750 1648 507 43 2242 
19751 2154 2179 2239 3863 
19752 1294 37 2380 382 
19753 583 2516 9 2236 
19754 1109 298 299 1559 
19755 481 482 1494 1833 
19756 2233 44 1649 518 
19757 1502 485 1812 484 
19758 1273 1322 400 1313 
19759 1322 1312 1280 398 
19760 1656 482 1572 483 
19761 1874 523 44 2233 
19762 981 210 211 1135 
19763 247 78 653 937 
19764 573 2541 572 1906 
19765 25 2238 2531 576 
19766 2448 321 322 1219 
19767 108 688 109 3693 
19768 2211 185 184 729 
19769 718 182 183 2210 
19770 1086 255 22 2241 
19771 585 584 2244 2265 
19772 27 279 1869 1084 
19773 1239 199 198 815 
19774 478 1580 2527 2385 
19775 2260 40 457 1462 
19776 1446 451 41 2507 
19777 2592 2371 57 613 
19778 2375 1083 261 502 
19779 406 1289 1320 407 
19780 391 1274 1321 392 
19781 299 29 1117 1588 
19782 466 465 1488 1329 
19783 1252 34 335 1646 
19784 44 522 1874 1649 
19785 382 1294 38 2528 
19786 92 9 2516 666 
19787 1872 1855 1663 3798 
19788 1082 28 274 1867 
19789 1090 202 201 967 
19790 1941 606 46 560 
19791 1447 2506 42 452 
19792 450 2455 451 1344 
19793 405 1320 1282 1314 
19794 393 1315 1271 1321 
19795 73 5 2387 655 
19796 2218 546 547 1664 
19797 82 243 865 1953 
19798 954 861 112 3603 
19799 469 1393 468 1470 
19800 78 246 79 636 
19801 1083 26 261 502 
19802 87 94 669 2374 
19803 552 1837 2195 551 
19804 2561 612 56 2372 
19805 1855 544 1885 545 
19806 22 219 993 2241 
19807 1087 256 25 2531 
19808 101 1929 674 673 
19809 1873 34 1646 519 
19810 288 289 1108 1578 
19811 93 12 2336 667 
19812 2497 2252 2543 3819 
19813 448 2474 449 1331 
19814 1285 386 1316 1318 
19815 1317 1265 1319 412 
19816 93 63 2337 668 
19817 1075 275 276 1789 
19818 594 2517 45 2549 
19819 501 1876 29 1588 
19820 1221 316 315 2447 
19821 1293 385 1318 384 
19822 1319 414 413 1278 
19823 1461 39 446 2269 
19824 1083 262 26 1579 
19825 1328 1486 461 462 
19826 1579 26 1083 502 
19827 939 6 242 1950 
19828 56 2372 2254 3301 
19829 224 2559 1954 567 
19830 213 212 1139 971 
19831 837 153 18 1088 
19832 592 2343 2144 593 
19833 2267 301 32 1118 
19834 2231 19 186 838 
19835 1212 214 213 985 
19836 612 2551 56 2372 
19837 2555 595 52 2401 
19838 2467 608 597 607 
19839 1485 1325 468 467 
19840 55 2252 613 2552 
19841 102 101 1929 674 
19842 19 150 838 1080 
19843 1309 383 1323 1292 
19844 1324 1276 415 1308 
19845 2270 1424 450 449 
19846 267 268 1574 1070 
19847 2238 252 25 1087 
19848 455 2257 1330 454 
19849 318 317 1222 2486 
19850 1290 403 1296 402 
19851 396 1272 395 1297 
19852 611 2453 610 601 
19853 1580 288 31 1116 
19854 1102 16 15 698 
19855 290 289 1564 1105 
19856 1086 22 204 993 
19857 1286 410 1298 409 
19858 388 1299 389 1281 
19859 670 87 8 2266 
19860 454 2533 1423 453 
19861 585 1914 586 2495 
19862 34 1252 347 1873 
19863 1845 493 492 1511 
19864 50 2558 2532 595 
19865 573 574 2264 2160 
19866 601 611 2453 2255 
19867 2527 31 300 1116 
19868 2225 548 549 1854 
19869 453 2378 1343 452 
19870 562 47 229 2588 
19871 2499 300 301 1091 
19872 2336 2 2335 3645 
19873 247 78 1 653 
19874 1484 459 1326 460 
19875 608 598 2467 597 
19876 1301 409 408 1288 
19877 1300 390 389 1264 
19878 79 246 245 875 
19879 1151 23 21 1005 
19880 510 2220 509 1602 
19881 294 293 1575 1106 
19882 404 403 1304 1262 
19883 394 395 1269 1305 
19884 2467 2263 598 608 
19885 1257 21 200 836 
19886 2466 74 96 2363 
19887 2239 571 50 2532 
19888 2453 600 610 601 
19889 539 540 2217 1834 
19890 488 1510 487 1875 
19891 155 154 1908 769 
19892 97 75 96 2466 
19893 1307 388 387 1277 
19894 1306 411 410 1270 
19895 401 402 1268 1303 
19896 397 1302 1266 396 
19897 663 92 10 2400 
19898 73 95 74 2363 
19899 2379 471 1468 472 
19900 2590 47 230 561 
19901 75 98 2360 97 
19902 75 97 2360 2466 
19903 383 1309 384 1292 
19904 414 415 1276 1308 
19905 343 344 1245 1819 
19906 566 225 48 2587 
19907 1076 277 278 1856 
19908 1310 390 1275 391 
19909 1287 408 1311 407 
19910 77 12 2335 99 
19911 242 88 6 657 
19912 52 58 2555 2401 
19913 514 1901 1629 515 
19914 95 96 74 2363 
19915 675 103 14 2537 
19916 401 1291 400 1313 
19917 398 1312 1267 397 
19918 1580 478 35 2385 
19919 75 98 76 2360 
19920 154 20 2245 839 
19921 2337 11 93 668 
19922 1283 405 1314 404 
19923 1315 394 393 1263 
19924 2549 45 558 2237 
19925 201 17 1014 991 
19926 582 2240 14 2537 
19927 1317 1279 412 411 
19928 387 386 1316 1284 
19929 1631 327 1249 326 
19930 2236 9 91 666 
19931 76 99 2493 98 
19932 76 99 77 2493 
19933 2363 73 95 2387 
19934 600 2485 2453 610 
19935 597 2254 2467 607 
19936 14 100 675 2240 
19937 475 476 1469 2384 
19938 98 76 2360 2493 
19939 2198 544 1663 543 
19940 2410 55 2252 3819 
19941 1685 30 287 1115 
19942 75 74 96 2466 
19943 77 12 2 2335 
19944 67 102 4 2207 
19945 50 570 2239 2558 
19946 2410 2252 2497 3819 
19947 2219 535 1866 534 
19948 609 599 2263 598 
19949 602 613 2252 2552 
19950 10 8 663 2400 
19951 2546 2410 51 594 
19952 612 596 2551 2372 
19953 613 2371 57 2553 
19954 669 94 13 2374 
19955 197 196 1250 841 
19956 598 2263 609 608 
19957 611 54 2255 601 
19958 54 611 2255 57 
19959 609 600 2485 599 
19960 2335 77 99 2493 
19961 53 607 2254 597 
19962 53 607 56 2254 
19963 2553 613 2371 602 
19964 596 2550 2253 612 
19965 1117 29 286 1876 
19966 73 5 95 2387 
19967 5 13 95 2387 
19968 2263 2485 599 609 
19969 670 94 87 2266 
19970 12 2 2336 667 
19971 600 609 2485 610 
19972 1954 2559 49 567 
19973 2410 51 55 2546 
19974 1579 2375 37 502 
19975 12 2 2335 2336 
19976 2551 596 53 2372 
19977 11 3 2337 2341 
19978 52 58 2401 2253 
19979 13 5 669 2374 
19980 13 5 2374 2387 
19981 10 8 2400 2266 
19982 613 2252 2371 602 
19983 94 87 2266 2374 
19984 53 56 2372 2254 
19985 612 2253 596 2372 
19986 46 2590 1951 561 
19987 53 56 2551 2372 
19988 2226 7 88 657 
19989 2553 2371 54 602 
19990 602 2252 51 2552 
19991 57 54 2371 2255 
19992 2252 51 55 2410 
19993 596 2550 52 2253 
19994 10 94 670 2266 
19995 4 68 626 1947 
19996 58 52 2550 2253 
19997 2252 55 51 2552 
19998 8 10 670 2266 
19999 54 57 2371 2553 
20000 3332 3698 1466 2917 
20001 1466 3698 3332 3192 
20002 3564 2837 2675 3429 
20003 3564 2675 2837 2973 
20004 3200 2674 3233 2744 
20005 3200 3233 2674 3076 
20006 726 3600 765 777 
20007 765 3600 726 2978 
20008 620 3689 621 2563 
20009 621 3689 620 898 
20010 3611 3723 3805 2898 
20011 3805 3723 3611 2899 
20012 3618 2596 3455 3100 
20013 3618 3455 2596 2720 
20014 3475 2745 3593 2600 
20015 3593 2745 3475 3211 
20016 3593 3027 3475 2600 
20017 3475 3027 3593 3211 
20018 3331 1670 1758 1823 
20019 3331 1758 1670 2781 
20020 3241 3356 2797 3206 
20021 2797 3356 3241 2677 
20022 2875 2910 3486 2638 
20023 2875 3486 2910 3657 
20024 3765 2791 2278 3390 
20025 3765 2278 2791 3355 
20026 3441 3588 2928 2641 
20027 2928 3588 3441 2697 
20028 3643 1723 3281 1764 
20029 3643 3281 1723 2802 
20030 3575 1522 3752 1520 
20031 3575 3752 1522 2767 
20032 3817 2054 1964 3034 
20033 3817 1964 2054 1963 
20034 3640 3323 2992 2786 
20035 3640 2992 3323 2688 
20036 3170 1536 3607 2783 
20037 3170 3607 1536 1500 
20038 2584 3362 2573 2572 
20039 2573 3362 2584 3436 
20040 3181 2215 2979 3126 
20041 3181 2979 2215 2097 
20042 3831 133 2998 689 
20043 3831 2998 133 2984 
20044 3810 2274 3143 2536 
20045 3810 3143 2274 2825 
20046 3090 3614 3257 2743 
20047 3257 3614 3090 3226 
20048 3064 2355 2452 2327 
20049 3064 2452 2355 3041 
20050 355 3886 3377 354 
20051 3377 3886 355 3477 
20052 3441 2821 3591 3114 
20053 3441 3591 2821 2928 
20054 2930 985 971 926 
20055 2930 971 985 1212 
20056 3059 3764 2211 2945 
20057 3059 2211 3764 2067 
20058 2106 2211 3764 2945 
20059 2106 3764 2211 2067 
20060 3557 2409 2544 2716 
20061 3557 2544 2409 2468 
20062 1225 3624 3194 1175 
20063 3194 3624 1225 2816 
20064 3137 1130 1237 2970 
20065 3137 1237 1130 1221 
20066 133 3669 2920 2984 
20067 2920 3669 133 3279 
20068 3613 2485 2438 2263 
20069 3613 2438 2485 3057 
20070 3759 1964 3225 2170 
20071 3759 3225 1964 3034 
20072 1966 3225 1964 2170 
20073 1966 1964 3225 3034 
20074 3652 706 2717 3287 
20075 3652 2717 706 844 
20076 802 2717 706 3287 
20077 802 706 2717 844 
20078 1980 3408 1978 1981 
20079 1978 3408 1980 2914 
20080 3631 3743 2955 2833 
20081 2955 3743 3631 3615 
20082 3427 2916 2691 3158 
20083 3427 2691 2916 2983 
20084 3659 3437 2966 3075 
20085 3659 2966 3437 2741 
20086 3413 3665 3329 2645 
20087 3329 3665 3413 2804 
20088 3154 1711 2754 1712 
20089 3154 2754 1711 3078 
20090 3112 3381 3116 2720 
20091 3116 3381 3112 2687 
20092 3211 3806 3221 2838 
20093 3221 3806 3211 3078 
20094 3193 1126 814 1242 
20095 3193 814 1126 3142 
20096 2879 3147 3602 310 
20097 2879 3602 3147 2880 
20098 1197 3602 3147 310 
20099 1197 3147 3602 2880 
20100 3254 2187 2030 2049 
20101 3254 2030 2187 2885 
20102 2244 2800 3250 2116 
20103 3250 2800 2244 2265 
20104 3637 3828 3163 2617 
20105 3163 3828 3637 3007 
20106 3205 2618 2753 3125 
20107 3205 2753 2618 3068 
20108 3369 3426 2642 2865 
20109 2642 3426 3369 2987 
20110 3531 3810 3284 2482 
20111 3284 3810 3531 2740 
20112 1744 3691 1845 1852 
20113 1845 3691 1744 3266 
20114 3813 1851 3858 3319 
20115 3813 3858 1851 1865 
20116 3625 3228 2603 3074 
20117 3625 2603 3228 3236 
20118 362 3518 1508 1590 
20119 1508 3518 362 2933 
20120 3082 3869 1458 1372 
20121 1458 3869 3082 2808 
20122 1458 1373 3082 1372 
20123 3082 1373 1458 2808 
20124 3744 1805 1674 2792 
20125 3744 1674 1805 1822 
20126 3202 2250 2040 2039 
20127 3202 2040 2250 3171 
20128 3462 1380 1377 3117 
20129 3462 1377 1380 1381 
20130 3740 3791 3339 2611 
20131 3339 3791 3740 2865 
20132 3137 642 3341 635 
20133 3137 3341 642 2970 
20134 643 3341 642 635 
20135 643 642 3341 2970 
20136 3419 3010 3590 3288 
20137 3419 3590 3010 2852 
20138 1604 3597 1142 1628 
20139 1142 3597 1604 3493 
20140 3406 3165 3336 2604 
20141 3406 3336 3165 2715 
20142 3521 3788 3384 2936 
20143 3384 3788 3521 2688 
20144 3692 3093 3396 2819 
20145 3692 3396 3093 2675 
20146 1800 2774 1676 3536 
20147 1676 2774 1800 3857 
20148 3049 3406 3017 2665 
20149 3017 3406 3049 2715 
20150 3761 2660 3251 2886 
20151 3761 3251 2660 3035 
20152 3463 3817 3104 1961 
20153 3104 3817 3463 2736 
20154 2903 3219 2502 2440 
20155 2903 2502 3219 3131 
20156 2317 2502 3219 2440 
20157 2317 3219 2502 3131 
20158 3628 1693 1694 1692 
20159 3628 1694 1693 3050 
20160 2775 3881 3270 122 
20161 3270 3881 2775 3318 
20162 3529 3750 2981 2620 
20163 2981 3750 3529 2748 
20164 2993 787 713 805 
20165 3209 1340 2893 1459 
20166 3209 2893 1340 2976 
20167 3495 3171 2656 3202 
20168 3495 2656 3171 3006 
20169 3737 3777 2609 2821 
20170 2609 3777 3737 3672 
20171 1856 3769 1667 1754 
20172 1667 3769 1856 3389 
20173 3763 926 923 3111 
20174 3763 923 926 971 
20175 3843 3127 2597 3053 
20176 3843 2597 3127 3589 
20177 1407 3658 1354 1382 
20178 1354 3658 1407 2964 
20179 3502 3566 1772 2987 
20180 3730 3741 2628 3327 
20181 2628 3741 3730 3218 
20182 3283 1785 1784 1698 
20183 3283 1784 1785 3009 
20184 3819 2383 2464 3304 
20185 3819 2464 2383 2497 
20186 3169 358 2758 3067 
20187 3169 2758 358 359 
20188 3130 3771 3244 2858 
20189 3244 3771 3130 2876 
20190 3614 2672 2719 3235 
20191 3614 2719 2672 3002 
20192 3583 660 3449 70 
20193 3583 3449 660 2718 
20194 3611 2113 3723 2898 
20195 3611 3723 2113 2114 
20196 3725 1581 3051 2943 
20197 3725 3051 1581 1541 
20198 3271 3476 3352 2722 
20199 3352 3476 3271 2850 
20200 3187 3269 2984 2714 
20201 2984 3269 3187 2872 
20202 3517 2316 2317 3131 
20203 3517 2317 2316 2443 
20204 3391 429 2900 2954 
20205 3391 2900 429 430 
20206 3335 3349 2654 2969 
20207 2654 3349 3335 3277 
20208 2618 3587 2788 2980 
20209 2788 3587 2618 3068 
20210 2012 3308 2079 2013 
20211 2079 3308 2012 3820 
20212 3583 658 85 70 
20213 85 658 3583 3201 
20214 85 660 3583 70 
20215 3583 660 85 3201 
20216 3621 1004 2212 215 
20217 3621 2212 1004 1948 
20218 1556 3502 1875 1658 
20219 1556 1875 3502 2944 
20220 1847 1875 3502 1658 
20221 1847 3502 1875 2944 
20222 3503 3702 3298 2774 
20223 3298 3702 3503 2955 
20224 3322 3274 3255 2651 
20225 3322 3255 3274 2815 
20226 3331 2065 2131 2214 
20227 3331 2131 2065 2781 
20228 3389 1011 1044 1046 
20229 3389 1044 1011 2818 
20230 3696 1169 1168 2841 
20231 3696 1168 1169 1166 
20232 3805 3093 2675 3679 
20233 3805 2675 3093 3723 
20234 3831 3187 3285 2613 
20235 3831 3285 3187 2714 
20236 628 2341 2751 2337 
20237 2751 2341 628 64 
20238 1045 3859 1056 1075 
20239 1056 3859 1045 3388 
20240 3627 139 3241 140 
20241 3627 3241 139 2765 
20242 3566 1870 1772 1771 
20243 3566 1772 1870 3502 
20244 3365 1786 3283 1808 
20245 3365 3283 1786 2969 
20246 3447 1385 1386 1384 
20247 3447 1386 1385 3017 
20248 3204 3148 3754 2599 
20249 3204 3754 3148 2736 
20250 3623 3527 1560 1519 
20251 3623 1560 3527 2924 
20252 3452 831 3450 806 
20253 3452 3450 831 3023 
20254 3218 3306 3599 2628 
20255 3599 3306 3218 2830 
20256 3809 3529 3398 2602 
20257 3809 3398 3529 2888 
20258 3433 3661 3873 2809 
20259 3873 3661 3433 2983 
20260 3885 2789 2656 3079 
20261 3885 2656 2789 3028 
20262 3563 3373 3075 2637 
20263 3563 3075 3373 2874 
20264 3421 3062 3271 2722 
20265 3421 3271 3062 3696 
20266 2771 2872 2646 3305 
20267 2646 2872 2771 3307 
20268 3269 113 136 684 
20269 3269 136 113 2809 
20270 3251 1187 1178 1171 
20271 3251 1178 1187 3035 
20272 2101 3494 2815 2227 
20273 2815 3494 2101 3046 
20274 3649 3540 832 138 
20275 3649 832 3540 2905 
20276 3781 787 2993 805 
20277 3781 2993 787 3073 
20278 3500 3782 2046 2186 
20279 2046 3782 3500 2832 
20280 2046 2073 3500 2186 
20281 3500 2073 2046 2832 
20282 3111 3313 3545 638 
20283 3111 3545 3313 2930 
20284 634 3545 3313 638 
20285 634 3313 3545 2930 
20286 3831 699 133 110 
20287 3831 133 699 2984 
20288 3300 2101 2029 3046 
20289 3300 2029 2101 2032 
20290 3596 787 2993 2768 
20291 3596 2993 787 713 
20292 3656 3850 3196 2650 
20293 3196 3850 3656 3052 
20294 3189 1725 1728 3014 
20295 3189 1728 1725 1729 
20296 3529 3380 3011 2602 
20297 3529 3011 3380 2755 
20298 3861 2963 2843 2789 
20299 3861 2843 2963 3653 
20300 3665 2787 374 3094 
20301 3665 374 2787 3468 
20302 3644 721 797 762 
20303 3644 797 721 2921 
20304 3543 352 3012 351 
20305 3543 3012 352 3357 
20306 3185 3237 3295 2647 
20307 3295 3237 3185 2799 
20308 3155 1328 1397 1438 
20309 3155 1397 1328 2971 
20310 739 3861 705 740 
20311 739 705 3861 2789 
20312 3838 705 3861 740 
20313 3838 3861 705 2789 
20314 3578 3582 2674 3087 
20315 2674 3582 3578 3299 
20316 3433 3572 2597 2755 
20317 2597 3572 3433 2983 
20318 3538 2034 2190 2801 
20319 2190 2034 3538 2058 
20320 2190 3500 3538 2801 
20321 3538 3500 2190 2058 
20322 2124 763 160 726 
20323 2124 160 763 1892 
20324 3821 2631 3806 3203 
20325 3821 3806 2631 2838 
20326 2108 3783 1900 2990 
20327 2108 1900 3783 1050 
20328 1009 1900 3783 2990 
20329 1009 3783 1900 1050 
20330 3838 822 1248 1196 
20331 1248 822 3838 2963 
20332 1248 1201 3838 1196 
20333 3838 1201 1248 2963 
20334 3735 116 3166 2766 
20335 3735 3166 116 691 
20336 3728 630 66 60 
20337 66 630 3728 2988 
20338 66 629 3728 60 
20339 3728 629 66 2988 
20340 3807 848 807 3224 
20341 3807 807 848 708 
20342 3711 2357 2823 2946 
20343 3711 2823 2357 2439 
20344 3462 1425 1437 1381 
20345 3462 1437 1425 3125 
20346 3282 3291 3316 3020 
20347 3316 3291 3282 2663 
20348 2425 3513 2428 2359 
20349 2428 3513 2425 2867 
20350 3459 2446 2483 3250 
20351 3459 2483 2446 2400 
20352 3629 3399 2722 3476 
20353 3629 2722 3399 3193 
20354 2736 3654 2643 3148 
20355 2643 3654 2736 3375 
20356 3782 1897 2045 2174 
20357 3782 2045 1897 2950 
20358 3564 2358 2339 2324 
20359 3564 2339 2358 2973 
20360 3367 1058 1059 2852 
20361 3367 1059 1058 1085 
20362 3869 2808 2640 3082 
20363 3869 2640 2808 3121 
20364 1699 3830 1696 1738 
20365 1696 3830 1699 3437 
20366 3575 1581 3725 2943 
20367 3575 3725 1581 1521 
20368 2143 2475 589 2534 
20369 2143 589 2475 1912 
20370 3851 3432 3724 2739 
20371 3851 3724 3432 2909 
20372 59 938 626 871 
20373 626 938 59 67 
20374 1664 2107 546 1868 
20375 1664 546 2107 2218 
20376 3145 2512 3261 2409 
20377 3145 3261 2512 2776 
20378 3679 889 888 2837 
20379 3679 888 889 989 
20380 2928 3431 3216 362 
20381 2928 3216 3431 2848 
20382 363 3216 3431 362 
20383 363 3431 3216 2848 
20384 3407 3489 3729 2666 
20385 3729 3489 3407 3179 
20386 2544 3557 2283 2468 
20387 2544 2283 3557 3684 
20388 3542 2305 3315 2981 
20389 3542 3315 2305 2306 
20390 2480 1255 3523 2333 
20391 3523 1255 2480 1145 
20392 769 2125 155 730 
20393 155 2125 769 1908 
20394 122 3188 121 695 
20395 122 121 3188 3270 
20396 3790 122 2842 3270 
20397 3790 2842 122 680 
20398 3188 2842 122 3270 
20399 3188 122 2842 680 
20400 3712 1831 2975 1672 
20401 3712 2975 1831 3570 
20402 3808 3097 3103 2636 
20403 3808 3103 3097 2810 
20404 1661 1548 497 1811 
20405 1661 497 1548 1573 
20406 3600 829 828 722 
20407 3600 828 829 3476 
20408 3580 639 640 3111 
20409 3580 640 639 651 
20410 3803 771 3351 770 
20411 3803 3351 771 3352 
20412 3629 3421 1185 1186 
20413 3629 1185 3421 2722 
20414 1743 3794 1203 1821 
20415 1203 3794 1743 2931 
20416 3717 3381 3638 371 
20417 3717 3638 3381 2793 
20418 3750 2300 2340 2432 
20419 3750 2340 2300 3622 
20420 2050 3217 2175 2051 
20421 2175 3217 2050 2979 
20422 3780 3718 1973 2780 
20423 3780 1973 3718 1970 
20424 3471 1973 3718 2780 
20425 3471 3718 1973 1970 
20426 3802 1400 1411 1369 
20427 3802 1411 1400 2916 
20428 776 2123 157 722 
20429 157 2123 776 1891 
20430 3845 2189 3240 2831 
20431 3845 3240 2189 2021 
20432 3336 1385 1386 3017 
20433 3336 1386 1385 1389 
20434 3578 3665 1531 1526 
20435 1531 3665 3578 3329 
20436 3839 1887 2086 2217 
20437 3839 2086 1887 3349 
20438 3325 1595 1635 3282 
20439 3325 1635 1595 1639 
20440 3515 2045 3408 2950 
20441 3515 3408 2045 2201 
20442 900 3657 952 1002 
20443 952 3657 900 2910 
20444 3678 3318 2812 2716 
20445 3678 2812 3318 2769 
20446 3200 3826 3076 2828 
20447 3076 3826 3200 2690 
20448 3479 1013 1060 1072 
20449 3479 1060 1013 3010 
20450 814 1126 194 1242 
20451 194 1126 814 704 
20452 3610 3744 3553 1192 
20453 3553 3744 3610 2792 
20454 2609 2864 3737 3114 
20455 3737 2864 2609 3672 
20456 3307 3844 3452 2689 
20457 3452 3844 3307 2807 
20458 2554 3719 617 616 
20459 2554 617 3719 2750 
20460 2560 617 3719 616 
20461 2560 3719 617 2750 
20462 3243 1236 3341 1227 
20463 3243 3341 1236 2953 
20464 3876 1126 3193 1184 
20465 3876 3193 1126 3142 
20466 1585 3119 1527 1514 
20467 1585 1527 3119 3877 
20468 3747 3060 3236 2747 
20469 3747 3236 3060 3228 
20470 3830 1548 3263 3755 
20471 3830 3263 1548 1811 
20472 3451 3229 3338 2827 
20473 3451 3338 3229 2660 
20474 767 3629 703 845 
20475 703 3629 767 3193 
20476 1357 3734 1360 1359 
20477 1360 3734 1357 2884 
20478 3309 2425 2383 3304 
20479 3309 2383 2425 2332 
20480 3655 3577 2470 2444 
20481 3655 2470 3577 2803 
20482 841 1125 3629 1250 
20483 3629 1125 841 702 
20484 3537 1384 1383 1363 
20485 3537 1383 1384 3447 
20486 3141 3708 2851 3015 
20487 2851 3708 3141 2622 
20488 1920 877 2854 2111 
20489 1920 2854 877 935 
20490 3878 3075 2637 2966 
20491 3878 2637 3075 3373 
20492 3787 3734 3223 2884 
20493 3787 3223 3734 2727 
20494 3465 3032 2671 3115 
20495 3465 2671 3032 3458 
20496 3796 1816 2855 3109 
20497 3796 2855 1816 1843 
20498 3155 1368 1397 3082 
20499 3155 1397 1368 1366 
20500 3787 3179 2700 3489 
20501 3787 2700 3179 3167 
20502 1478 2418 473 1467 
20503 473 2418 1478 2258 
20504 2047 3852 2856 2048 
20505 2856 3852 2047 3063 
20506 3887 3221 3401 2862 
20507 3887 3401 3221 2745 
20508 3727 715 784 821 
20509 3727 784 715 3690 
20510 3262 2345 2442 2510 
20511 3262 2442 2345 3176 
20512 1680 1904 3494 1813 
20513 1680 3494 1904 2135 
20514 2467 3301 2586 2254 
20515 2586 3301 2467 3021 
20516 3756 3140 2706 3630 
20517 3756 2706 3140 2960 
20518 3647 941 949 948 
20519 3647 949 941 3362 
20520 3465 426 3061 425 
20521 3465 3061 426 3115 
20522 133 3596 132 713 
20523 132 3596 133 3279 
20524 3513 2361 2425 3242 
20525 3513 2425 2361 2359 
20526 3379 62 61 627 
20527 3379 61 62 2974 
20528 733 2119 163 1893 
20529 163 2119 733 761 
20530 3518 1875 1567 1510 
20531 3518 1567 1875 1770 
20532 487 1567 1875 1510 
20533 487 1875 1567 1770 
20534 3608 3126 2658 3508 
20535 3608 2658 3126 3009 
20536 1927 1602 509 2220 
20537 509 1602 1927 1633 
20538 3697 3558 2680 3183 
20539 3697 2680 3558 3617 
20540 3555 3700 3626 2859 
20541 3626 3700 3555 2960 
20542 938 626 248 1947 
20543 938 248 626 871 
20544 3765 2415 2811 3264 
20545 3765 2811 2415 2523 
20546 3557 2369 2409 3261 
20547 3557 2409 2369 2468 
20548 3413 3625 3122 2645 
20549 3122 3625 3413 2863 
20550 3381 1514 1542 3119 
20551 3381 1542 1514 1499 
20552 3829 2719 356 3080 
20553 3829 356 2719 3477 
20554 3580 923 3763 922 
20555 3580 3763 923 3111 
20556 1016 2275 258 1051 
20557 258 2275 1016 2538 
20558 3499 860 896 955 
20559 3499 896 860 3003 
20560 3836 2752 1034 3275 
20561 3836 1034 2752 3215 
20562 3738 2319 2356 2434 
20563 3738 2356 2319 3146 
20564 995 1211 3243 1136 
20565 3243 1211 995 852 
20566 3678 3145 3626 2607 
20567 3626 3145 3678 2859 
20568 3626 3555 3678 2607 
20569 3678 3555 3626 2859 
20570 3868 143 120 2876 
20571 3868 120 143 694 
20572 3638 3717 3563 2793 
20573 3563 3717 3638 370 
20574 646 3313 632 638 
20575 632 3313 646 3268 
20576 3674 3548 3176 2817 
20577 3674 3176 3548 2985 
20578 3408 3699 2634 2710 
20579 2634 3699 3408 2950 
20580 3751 2306 2308 2309 
20581 3751 2308 2306 3542 
20582 3566 1766 1714 3501 
20583 3566 1714 1766 1771 
20584 1157 3815 1181 1158 
20585 1181 3815 1157 2955 
20586 662 2236 91 666 
20587 662 91 2236 2169 
20588 2237 2545 558 2549 
20589 2237 558 2545 2168 
20590 3622 2319 2318 3146 
20591 3622 2318 2319 2300 
20592 3849 3369 2682 3106 
20593 3849 2682 3369 3569 
20594 1377 3635 1380 1378 
20595 1380 3635 1377 3117 
20596 1377 3834 1376 1375 
20597 1376 3834 1377 3117 
20598 3784 3429 3453 2648 
20599 3784 3453 3429 2860 
20600 2847 3453 3429 2648 
20601 2847 3429 3453 2860 
20602 3346 1348 2919 3278 
20603 3346 2919 1348 1349 
20604 3776 2873 106 3042 
20605 3776 106 2873 3310 
20606 3690 738 818 715 
20607 3690 818 738 3060 
20608 1788 1573 2977 1495 
20609 1788 2977 1573 1661 
20610 981 1217 3763 1135 
20611 3763 1217 981 853 
20612 3763 2953 981 1135 
20613 981 2953 3763 853 
20614 3465 1271 1274 372 
20615 3465 1274 1271 1321 
20616 3804 3474 2949 2680 
20617 3804 2949 3474 2845 
20618 3730 1642 1620 1653 
20619 3730 1620 1642 3218 
20620 3391 1266 1267 1302 
20621 3391 1267 1266 367 
20622 3718 1971 3780 1970 
20623 3718 3780 1971 3066 
20624 2838 3798 3806 1872 
20625 2838 3806 3798 3594 
20626 1775 3806 3798 1872 
20627 1775 3798 3806 3594 
20628 3848 2437 2440 2441 
20629 3848 2440 2437 3219 
20630 3848 3301 2467 2454 
20631 3848 2467 3301 3021 
20632 3833 725 3825 785 
20633 3833 3825 725 3538 
20634 970 656 72 939 
20635 72 656 970 641 
20636 3693 132 109 2998 
20637 3693 109 132 688 
20638 948 2579 2588 2574 
20639 948 2588 2579 870 
20640 3859 1752 1733 1858 
20641 3859 1733 1752 3606 
20642 3797 744 2937 745 
20643 3797 2937 744 3107 
20644 3799 3574 426 1429 
20645 3799 426 3574 3222 
20646 1336 426 3574 1429 
20647 1336 3574 426 3222 
20648 3535 2586 3301 618 
20649 3535 3301 2586 3021 
20650 2211 793 2945 2106 
20651 2945 793 2211 729 
20652 2764 3793 3324 3220 
20653 2764 3324 3793 1041 
20654 1078 3324 3793 3220 
20655 1078 3793 3324 1041 
20656 467 3192 1466 1485 
20657 1466 3192 467 1387 
20658 3670 1088 1078 1012 
20659 3670 1078 1088 3324 
20660 3858 534 2133 2219 
20661 3858 2133 534 1865 
20662 1103 1506 292 1095 
20663 292 1506 1103 1582 
20664 1905 2350 575 2460 
20665 1905 575 2350 2184 
20666 3695 3649 3374 2905 
20667 3695 3374 3649 2689 
20668 3684 2279 2494 2283 
20669 3684 2494 2279 3390 
20670 3603 895 3547 954 
20671 3603 3547 895 2962 
20672 1582 1099 3402 1103 
20673 3402 1099 1582 1547 
20674 3661 3873 3269 2605 
20675 3269 3873 3661 2809 
20676 3697 2089 3558 2196 
20677 3697 3558 2089 3617 
20678 2257 1423 454 2533 
20679 454 1423 2257 1330 
20680 1764 3796 1765 1726 
20681 1765 3796 1764 3643 
20682 3670 837 732 3324 
20683 3670 732 837 823 
20684 3819 2591 625 2777 
20685 3819 625 2591 603 
20686 1876 1092 3478 1755 
20687 3478 1092 1876 1117 
20688 647 970 656 641 
20689 647 656 970 865 
20690 1842 2217 3839 1834 
20691 1842 3839 2217 1887 
20692 3660 2960 2160 2264 
20693 3660 2541 2160 1906 
20694 2160 2541 3660 2264 
20695 1127 1819 344 1673 
20696 344 1819 1127 1245 
20697 2212 1602 510 1607 
20698 2212 510 1602 2220 
20699 3510 3819 625 2777 
20700 625 3819 3510 2592 
20701 1815 1572 3773 1545 
20702 3773 1572 1815 1656 
20703 3872 2167 3505 2203 
20704 3872 3505 2167 3570 
20705 534 3858 1866 2219 
20706 1866 3858 534 1751 
20707 3767 500 1668 1551 
20708 3767 1668 500 1871 
20709 2378 1423 453 1343 
20710 453 1423 2378 2533 
20711 2507 1471 2330 470 
20712 2330 1471 2507 3681 
20713 2507 458 41 1446 
20714 2507 41 458 470 
20715 63 93 2336 667 
20716 63 2336 93 2337 
20717 544 3798 1663 1855 
20718 1663 3798 544 2198 
20719 458 3681 2507 1471 
20720 2507 3681 458 1446 
20721 477 3867 469 1470 
20722 469 3867 477 2506 
20723 67 4 1947 2207 
20724 67 1947 4 626 
20725 2224 3660 2160 1906 
20726 2160 3660 2224 2960 
20727 2411 3488 2280 2277 
20728 2763 2280 2411 3488 
20729 2763 2411 2280 3612 
20730 2594 2737 3214 3417 
20731 3214 2737 2594 605 
20732 3214 606 2594 3417 
20733 2594 606 3214 605 
$EndElements
