$MeshFormat
2.2 0 8
$EndMeshFormat
$PhysicalNames
6
2 1 "wginterface"
2 2 "Front"
2 3 "sideinterface"
2 4 "topinterface"
2 5 "frontinterface"
2 6 "SAWMOD BEM:1:enclosure (1) (1)"
$EndPhysicalNames
$Nodes
3110
1 1.8100000000000000e+02 0.0000000000000000e+00 1.1500000000000000e+02
2 1.7100000000000000e+02 1.0900000000000000e+02 1.1500000000000000e+02
3 0.0000000000000000e+00 1.0900000000000000e+02 1.1500000000000000e+02
4 3.1800000000000000e+02 0.0000000000000000e+00 -2.8600000000000000e+02
5 3.1800000000000000e+02 1.4550000000000000e+02 -2.8600000000000000e+02
6 0.0000000000000000e+00 0.0000000000000000e+00 -2.8600000000000000e+02
7 0.0000000000000000e+00 1.4550000000000000e+02 -2.8600000000000000e+02
8 8.2981004650531304e+01 -4.2244900266107997e-15 9.3483436335658496e+01
9 -8.0573385147089099e-15 7.0345807079755204e+01 1.0332699272810500e+02
10 1.0630472999485900e+02 -1.1511926437275800e-14 1.0177230999841700e+02
11 1.2602838838130700e+02 3.0531133177191799e-14 1.0706923763080501e+02
12 1.3847768124308101e+02 1.0361085324678000e-14 1.0975633828195600e+02
13 1.5889206422708401e+02 2.3256218623913601e-14 1.1306207060911200e+02
14 -1.0254018801728200e-14 9.2849741798067399e+01 1.1308467461213201e+02
15 -8.2833045977892501e-14 7.9981481488711594e+01 1.0905948910427600e+02
16 1.9700000000000000e+02 0.0000000000000000e+00 1.1500000000000000e+02
17 1.9700000000000000e+02 1.3350000000000000e+02 1.1500000000000000e+02
18 3.0600000000000000e+02 1.3350000000000000e+02 1.1500000000000000e+02
19 3.0600000000000000e+02 0.0000000000000000e+00 1.1500000000000000e+02
20 3.1800000000000000e+02 0.0000000000000000e+00 1.1500000000000000e+02
21 3.1800000000000000e+02 1.4550000000000000e+02 1.1500000000000000e+02
22 0.0000000000000000e+00 1.4550000000000000e+02 1.1500000000000000e+02
23 3.1800000000000000e+02 8.5500000000000000e+01 -1.4800000000000000e+02
24 3.1800000000000000e+02 8.5500000000000000e+01 -1.8000000000000000e+01
25 3.1800000000000000e+02 1.2550000000000000e+02 -1.4800000000000000e+02
26 3.1800000000000000e+02 1.2550000000000000e+02 -1.8000000000000000e+01
27 2.9800000000000000e+02 1.4550000000000000e+02 -1.4800000000000000e+02
28 2.9800000000000000e+02 1.4550000000000000e+02 -1.8000000000000000e+01
29 2.5800000000000000e+02 1.4550000000000000e+02 -1.4800000000000000e+02
30 2.5800000000000000e+02 1.4550000000000000e+02 -1.8000000000000000e+01
31 2.2865813188998189e+01 1.0900000000000000e+02 1.1500000000000000e+02
32 3.4298719783497290e+01 1.0900000000000000e+02 1.1500000000000000e+02
33 5.7164532972495458e+01 1.0900000000000000e+02 1.1500000000000000e+02
34 6.8597439566994566e+01 1.0900000000000000e+02 1.1500000000000000e+02
35 8.0030346161493668e+01 1.0900000000000000e+02 1.1500000000000000e+02
36 1.1432906594499090e+02 1.0900000000000000e+02 1.1500000000000000e+02
37 1.2576197253949000e+02 1.0900000000000000e+02 1.1500000000000000e+02
38 1.3719487913398910e+02 1.0900000000000000e+02 1.1500000000000000e+02
39 1.4862778572848819e+02 1.0900000000000000e+02 1.1500000000000000e+02
40 1.6006069232298731e+02 1.0900000000000000e+02 1.1500000000000000e+02
41 3.1800000000000000e+02 1.2471428571428569e+02 -2.8600000000000000e+02
42 3.1800000000000000e+02 1.0392857142857140e+02 -2.8600000000000000e+02
43 3.1800000000000000e+02 8.3142857142857139e+01 -2.8600000000000000e+02
44 3.1800000000000000e+02 6.2357142857142861e+01 -2.8600000000000000e+02
45 3.1800000000000000e+02 4.1571428571428562e+01 -2.8600000000000000e+02
46 3.1800000000000000e+02 2.0785714285714281e+01 -2.8600000000000000e+02
47 2.9528571428571428e+02 0.0000000000000000e+00 -2.8600000000000000e+02
48 2.7257142857142861e+02 0.0000000000000000e+00 -2.8600000000000000e+02
49 2.4985714285714289e+02 0.0000000000000000e+00 -2.8600000000000000e+02
50 2.2714285714285711e+02 0.0000000000000000e+00 -2.8600000000000000e+02
51 2.0442857142857139e+02 0.0000000000000000e+00 -2.8600000000000000e+02
52 1.8171428571428569e+02 0.0000000000000000e+00 -2.8600000000000000e+02
53 1.5900000000000000e+02 0.0000000000000000e+00 -2.8600000000000000e+02
54 1.3628571428571431e+02 0.0000000000000000e+00 -2.8600000000000000e+02
55 1.1357142857142850e+02 0.0000000000000000e+00 -2.8600000000000000e+02
56 9.0857142857142833e+01 0.0000000000000000e+00 -2.8600000000000000e+02
57 6.8142857142857125e+01 0.0000000000000000e+00 -2.8600000000000000e+02
58 4.5428571428571423e+01 0.0000000000000000e+00 -2.8600000000000000e+02
59 2.2714285714285719e+01 0.0000000000000000e+00 -2.8600000000000000e+02
60 0.0000000000000000e+00 2.0785714285714288e+01 -2.8600000000000000e+02
61 0.0000000000000000e+00 4.1571428571428569e+01 -2.8600000000000000e+02
62 0.0000000000000000e+00 6.2357142857142861e+01 -2.8600000000000000e+02
63 0.0000000000000000e+00 8.3142857142857139e+01 -2.8600000000000000e+02
64 0.0000000000000000e+00 1.0392857142857140e+02 -2.8600000000000000e+02
65 0.0000000000000000e+00 1.2471428571428569e+02 -2.8600000000000000e+02
66 2.2714285714285712e+01 1.4550000000000000e+02 -2.8600000000000000e+02
67 4.5428571428571431e+01 1.4550000000000000e+02 -2.8600000000000000e+02
68 6.8142857142857139e+01 1.4550000000000000e+02 -2.8600000000000000e+02
69 9.0857142857142861e+01 1.4550000000000000e+02 -2.8600000000000000e+02
70 1.1357142857142860e+02 1.4550000000000000e+02 -2.8600000000000000e+02
71 1.3628571428571431e+02 1.4550000000000000e+02 -2.8600000000000000e+02
72 1.5900000000000000e+02 1.4550000000000000e+02 -2.8600000000000000e+02
73 1.8171428571428569e+02 1.4550000000000000e+02 -2.8600000000000000e+02
74 2.0442857142857139e+02 1.4550000000000000e+02 -2.8600000000000000e+02
75 2.2714285714285720e+02 1.4550000000000000e+02 -2.8600000000000000e+02
76 2.4985714285714289e+02 1.4550000000000000e+02 -2.8600000000000000e+02
77 2.7257142857142861e+02 1.4550000000000000e+02 -2.8600000000000000e+02
78 2.9528571428571428e+02 1.4550000000000000e+02 -2.8600000000000000e+02
79 8.2985217570564558e+01 2.4798172399166591e+00 9.3446704121218829e+01
80 8.2996999232545932e+01 4.9574774488038580e+00 9.3337543711280119e+01
81 8.3017123164959415e+01 7.4307902542055722e+00 9.3155437861404110e+01
82 8.3046213110483876e+01 9.8974854057667443e+00 9.2899695361045531e+01
83 8.3085774276684077e+01 1.2355136797272040e+01 9.2569271670055912e+01
84 8.3140206459576802e+01 1.4800746788533219e+01 9.2160912075642088e+01
85 8.3214586778465957e+01 1.7230628370701471e+01 9.1670238473674033e+01
86 8.3318466762907192e+01 1.9639472632075741e+01 9.1089647265431623e+01
87 8.3464216096261879e+01 2.2019991084145879e+01 9.0409926080981847e+01
88 8.3655395434960383e+01 2.4365556503481638e+01 8.9627627192384736e+01
89 8.3880740664820053e+01 2.6676036787556260e+01 8.8754972571450722e+01
90 8.4116274653571608e+01 2.8957614346881119e+01 8.7811644656095410e+01
91 8.4344577490980527e+01 3.1216121880127481e+01 8.6812623611369048e+01
92 8.4561532202209165e+01 3.3452493127106933e+01 8.5762570170381238e+01
93 8.4765256982191204e+01 3.5666057453860986e+01 8.4662724613041320e+01
94 8.4957525011178660e+01 3.7854482132113233e+01 8.3511706048891767e+01
95 8.5141352191916468e+01 4.0015461706327272e+01 8.2308639656924015e+01
96 8.5317909565875993e+01 4.2146353036562992e+01 8.1052004963271372e+01
97 8.5483709875757881e+01 4.4248941287899491e+01 7.9747135987613291e+01
98 8.5614503905546428e+01 4.6334480086507959e+01 7.8411361179941082e+01
99 8.5538812854089144e+01 4.8483796629133963e+01 7.7186384267350036e+01
100 8.5021202020910152e+01 5.0739967824882100e+01 7.6301010446500115e+01
101 8.4270838388203302e+01 5.2985493626110383e+01 7.5603996671312473e+01
102 8.2814906925909071e+01 5.4969471963254378e+01 7.5795148853738525e+01
103 8.1151621138034059e+01 5.6740799689704538e+01 7.6287981253464849e+01
104 7.9393407768011485e+01 5.8378775338829058e+01 7.6899710218365271e+01
105 7.7557526508273327e+01 5.9886046533348782e+01 7.7611139239757307e+01
106 7.5649319229759882e+01 6.1235970855076033e+01 7.8437850736695765e+01
107 7.3677382518491243e+01 6.2391063086962937e+01 7.9398460490064338e+01
108 7.1660761019700033e+01 6.3317436116693450e+01 8.0502980833305983e+01
109 6.9623874004965828e+01 6.4001739215537398e+01 8.1739185886086815e+01
110 6.7582461088807975e+01 6.4488185415271602e+01 8.3060082796838770e+01
111 6.5532540335716135e+01 6.4852608299754479e+01 8.4407588391300948e+01
112 6.3460119324068806e+01 6.5176779040264307e+01 8.5730860766462598e+01
113 6.1355672944177741e+01 6.5508961577101331e+01 8.7000423743456665e+01
114 5.9217808278581572e+01 6.5861748550292589e+01 8.8207052248512838e+01
115 5.7050432403238219e+01 6.6224913426380112e+01 8.9356658711354811e+01
116 5.4857022037497259e+01 6.6581665556927376e+01 9.0457909755966227e+01
117 5.2641711356888557e+01 6.6914392730909043e+01 9.1522232162597419e+01
118 5.0408384806928552e+01 6.7204635488656351e+01 9.2561015073474024e+01
119 4.8157777438819338e+01 6.7453285589675104e+01 9.3572953182741799e+01
120 4.5888937260800724e+01 6.7671434603847985e+01 9.4550636721224549e+01
121 4.3600167288190292e+01 6.7873688266334852e+01 9.5484274208761576e+01
122 4.1290444865826458e+01 6.8071578040775535e+01 9.6365774384197209e+01
123 3.8960257277741448e+01 6.8271378167361604e+01 9.7191181513237495e+01
124 3.6610846326502561e+01 6.8472891503510212e+01 9.7959738751855184e+01
125 3.4243873226686190e+01 6.8673232831781519e+01 9.8672711065822597e+01
126 3.1861121620576657e+01 6.8868687912250039e+01 9.9332517645873580e+01
127 2.9463965681299950e+01 6.9056613319579725e+01 9.9940283127619281e+01
128 2.7053558715571139e+01 6.9236588806396654e+01 1.0049580143672320e+02
129 2.4631092692421610e+01 6.9408335073468294e+01 1.0099900784741490e+02
130 2.2197748504524981e+01 6.9571416632900338e+01 1.0144989283153060e+02
131 1.9754711275735399e+01 6.9725280271991423e+01 1.0184858550937020e+02
132 1.7303269998384941e+01 6.9865222289582007e+01 1.0219777398121990e+02
133 1.4844606304460029e+01 6.9988615562079787e+01 1.0249915677160770e+02
134 1.2379804288750300e+01 7.0094847195018531e+01 1.0275323067416120e+02
135 9.9099183437979885e+00 7.0183287386729688e+01 1.0296042985623021e+02
136 7.4359806548134983e+00 7.0253286925736305e+01 1.0312112619162720e+02
137 4.9590085292010304e+00 7.0304174735628578e+01 1.0323562971813230e+02
138 2.4800118034707439e+00 7.0335255458044870e+01 1.0330418918929750e+02
139 9.8961185617095282e+01 -3.8604237050956409e-14 9.9413127677918553e+01
140 9.3310635990931601e+01 -8.3638920270394744e-15 9.7454200691871947e+01
141 8.8957229060464016e+01 -7.5068481430253072e-15 9.5848546117976611e+01
142 8.5592383054608064e+01 -6.4977075069700059e-15 9.4541867779356835e+01
143 1.1535220914115121e+02 -5.3822174623118412e-14 1.0438102827666960e+02
144 1.3223952287503101e+02 2.8059475874919380e-09 1.0847563787509991e+02
145 1.4866505888903760e+02 -2.3456040137908589e-14 1.1153068858587910e+02
146 1.7414119326983931e+02 -3.2209181880732228e-15 1.1476963034098949e+02
147 1.6677589323558539e+02 -2.6810472919754420e-14 1.1408195072914360e+02
148 -4.8977327990702231e-14 1.0020097896268250e+02 1.1445436897015890e+02
149 -6.9654952150941684e-14 8.5551950276117765e+01 1.1110745411199530e+02
150 2.4698289915900650e-14 7.5790341965601129e+01 1.0693971489450560e+02
151 5.9320377078340131e-14 7.2623951739709398e+01 1.0495525194363140e+02
152 1.8938809084152561e+02 0.0000000000000000e+00 1.1500000000000000e+02
153 2.5150000000000000e+02 1.3350000000000000e+02 1.1500000000000000e+02
154 3.1177976932240853e+02 0.0000000000000000e+00 1.1500000000000000e+02
155 3.1800000000000000e+02 9.0738456507575336e+00 1.1500000000000000e+02
156 3.1800000000000000e+02 1.8147341846539351e+01 1.1500000000000000e+02
157 3.1800000000000000e+02 2.7220856201202590e+01 1.1500000000000000e+02
158 3.1800000000000000e+02 3.6294403872124889e+01 1.1500000000000000e+02
159 3.1800000000000000e+02 4.5367936336378193e+01 1.1500000000000000e+02
160 3.1800000000000000e+02 5.4441424892084399e+01 1.1500000000000000e+02
161 3.1800000000000000e+02 6.3514954954285429e+01 1.1500000000000000e+02
162 3.1800000000000000e+02 7.2588503088086270e+01 1.1500000000000000e+02
163 3.1800000000000000e+02 8.1662020737500370e+01 1.1500000000000000e+02
164 3.1800000000000000e+02 9.0735514532557318e+01 1.1500000000000000e+02
165 3.1800000000000000e+02 9.9809055506700020e+01 1.1500000000000000e+02
166 3.1800000000000000e+02 1.0888259917313520e+02 1.1500000000000000e+02
167 3.1800000000000000e+02 1.1795609814271430e+02 1.1500000000000000e+02
168 3.1800000000000000e+02 1.2702960912622029e+02 1.1500000000000000e+02
169 3.1800000000000000e+02 1.3611292350063789e+02 1.1500000000000000e+02
170 1.1910690948024101e+01 1.4550000000000000e+02 1.1500000000000000e+02
171 2.3821381896048191e+01 1.4550000000000000e+02 1.1500000000000000e+02
172 3.5732072844072263e+01 1.4550000000000000e+02 1.1500000000000000e+02
173 4.7642763792096360e+01 1.4550000000000000e+02 1.1500000000000000e+02
174 5.9553454740120458e+01 1.4550000000000000e+02 1.1500000000000000e+02
175 7.1464145688144527e+01 1.4550000000000000e+02 1.1500000000000000e+02
176 8.3374836636168652e+01 1.4550000000000000e+02 1.1500000000000000e+02
177 9.5285527584192721e+01 1.4550000000000000e+02 1.1500000000000000e+02
178 1.0719621853221680e+02 1.4550000000000000e+02 1.1500000000000000e+02
179 1.1910690948024090e+02 1.4550000000000000e+02 1.1500000000000000e+02
180 1.3101760042826501e+02 1.4550000000000000e+02 1.1500000000000000e+02
181 1.4292829137628911e+02 1.4550000000000000e+02 1.1500000000000000e+02
182 1.5483898232431321e+02 1.4550000000000000e+02 1.1500000000000000e+02
183 1.6670668954925270e+02 1.4550000000000000e+02 1.1500000000000000e+02
184 1.7774647071014650e+02 1.4550000000000000e+02 1.1500000000000000e+02
185 1.8783097368061451e+02 1.4550000000000000e+02 1.1500000000000000e+02
186 1.9725363323683800e+02 1.4550000000000000e+02 1.1500000000000000e+02
187 2.0651803603525721e+02 1.4550000000000000e+02 1.1500000000000000e+02
188 2.1578235815340301e+02 1.4550000000000000e+02 1.1500000000000000e+02
189 2.2504669373464199e+02 1.4550000000000000e+02 1.1500000000000000e+02
190 2.3431103729956811e+02 1.4550000000000000e+02 1.1500000000000000e+02
191 2.4357535590548531e+02 1.4550000000000000e+02 1.1500000000000000e+02
192 2.5283971209027399e+02 1.4550000000000000e+02 1.1500000000000000e+02
193 2.6210402978776898e+02 1.4550000000000000e+02 1.1500000000000000e+02
194 2.7136837588233658e+02 1.4550000000000000e+02 1.1500000000000000e+02
195 2.8063270876064797e+02 1.4550000000000000e+02 1.1500000000000000e+02
196 2.8989703253929559e+02 1.4550000000000000e+02 1.1500000000000000e+02
197 2.9916138617534392e+02 1.4550000000000000e+02 1.1500000000000000e+02
198 3.0843271276895371e+02 1.4550000000000000e+02 1.1500000000000000e+02
199 0.0000000000000000e+00 1.1812500000000000e+02 1.1500000000000000e+02
200 0.0000000000000000e+00 1.2725000000000000e+02 1.1500000000000000e+02
201 0.0000000000000000e+00 1.3637500000000000e+02 1.1500000000000000e+02
202 2.5150000000000000e+02 0.0000000000000000e+00 1.1500000000000000e+02
203 3.1800000000000000e+02 0.0000000000000000e+00 1.0454241332840560e+02
204 3.1800000000000000e+02 0.0000000000000000e+00 9.0591064876608257e+01
205 3.1800000000000000e+02 0.0000000000000000e+00 7.4084277105806962e+01
206 3.1800000000000000e+02 0.0000000000000000e+00 5.4754380775866082e+01
207 3.1800000000000000e+02 0.0000000000000000e+00 3.2509784111109838e+01
208 3.1800000000000000e+02 0.0000000000000000e+00 9.7590852460306259e+00
209 3.1800000000000000e+02 0.0000000000000000e+00 -1.2991613619048559e+01
210 3.1800000000000000e+02 0.0000000000000000e+00 -3.5742312484127780e+01
211 3.1800000000000000e+02 0.0000000000000000e+00 -5.8493011349207080e+01
212 3.1800000000000000e+02 0.0000000000000000e+00 -8.1243710214286438e+01
213 3.1800000000000000e+02 0.0000000000000000e+00 -1.0399440907936579e+02
214 3.1800000000000000e+02 0.0000000000000000e+00 -1.2674510794444518e+02
215 3.1800000000000000e+02 0.0000000000000000e+00 -1.4949580680952451e+02
216 3.1800000000000000e+02 0.0000000000000000e+00 -1.7224650567460390e+02
217 3.1800000000000000e+02 0.0000000000000000e+00 -1.9499720453968331e+02
218 3.1800000000000000e+02 0.0000000000000000e+00 -2.1774790340476261e+02
219 3.1800000000000000e+02 0.0000000000000000e+00 -2.4049860226984191e+02
220 3.1800000000000000e+02 0.0000000000000000e+00 -2.6324930113492098e+02
221 3.1800000000000000e+02 1.4550000000000000e+02 1.0335300578506580e+02
222 3.1800000000000000e+02 1.4550000000000000e+02 8.8456986768749786e+01
223 3.1800000000000000e+02 1.4550000000000000e+02 7.0915395703644236e+01
224 3.1800000000000000e+02 1.4550000000000000e+02 5.0254259155819980e+01
225 3.1800000000000000e+02 1.4550000000000000e+02 2.9150756757691909e+01
226 3.1800000000000000e+02 1.4550000000000000e+02 1.1816925840578820e+01
227 3.1800000000000000e+02 1.4550000000000000e+02 -2.6854115407361969e+00
228 3.1800000000000000e+02 1.4550000000000000e+02 -1.5453023359778539e+01
229 3.1800000000000000e+02 1.4550000000000000e+02 -2.7690754866504282e+01
230 3.1800000000000000e+02 1.4550000000000000e+02 -3.9920298101327120e+01
231 3.1800000000000000e+02 1.4550000000000000e+02 -5.2149794859945331e+01
232 3.1800000000000000e+02 1.4550000000000000e+02 -6.4379293130264614e+01
233 3.1800000000000000e+02 1.4550000000000000e+02 -7.6608836892658161e+01
234 3.1800000000000000e+02 1.4550000000000000e+02 -8.8838340805846173e+01
235 3.1800000000000000e+02 1.4550000000000000e+02 -1.0106783400215510e+02
236 3.1800000000000000e+02 1.4550000000000000e+02 -1.1329737325891080e+02
237 3.1800000000000000e+02 1.4550000000000000e+02 -1.2552688634137552e+02
238 3.1800000000000000e+02 1.4550000000000000e+02 -1.3775637674592619e+02
239 3.1800000000000000e+02 1.4550000000000000e+02 -1.4999102369698230e+02
240 3.1800000000000000e+02 1.4550000000000000e+02 -1.6270915065336550e+02
241 3.1800000000000000e+02 1.4550000000000000e+02 -1.7710778079223189e+02
242 3.1800000000000000e+02 1.4550000000000000e+02 -1.9429211298779961e+02
243 3.1800000000000000e+02 1.4550000000000000e+02 -2.1526237293447741e+02
244 3.1800000000000000e+02 1.4550000000000000e+02 -2.3883204584476221e+02
245 3.1800000000000000e+02 1.4550000000000000e+02 -2.6241602292238110e+02
246 0.0000000000000000e+00 1.4550000000000000e+02 -2.6219784611576938e+02
247 0.0000000000000000e+00 1.4550000000000000e+02 -2.3839569223153879e+02
248 0.0000000000000000e+00 1.4550000000000000e+02 -2.1459353834730820e+02
249 0.0000000000000000e+00 1.4550000000000000e+02 -1.9079138446307761e+02
250 0.0000000000000000e+00 1.4550000000000000e+02 -1.6698923057884710e+02
251 0.0000000000000000e+00 1.4550000000000000e+02 -1.4318707669461659e+02
252 0.0000000000000000e+00 1.4550000000000000e+02 -1.1938492281038600e+02
253 0.0000000000000000e+00 1.4550000000000000e+02 -9.5582768926155524e+01
254 0.0000000000000000e+00 1.4550000000000000e+02 -7.1780615041924861e+01
255 0.0000000000000000e+00 1.4550000000000000e+02 -4.7978461157694170e+01
256 0.0000000000000000e+00 1.4550000000000000e+02 -2.4176307273463490e+01
257 0.0000000000000000e+00 1.4550000000000000e+02 -3.7415338923280222e-01
258 0.0000000000000000e+00 1.4550000000000000e+02 2.3428000494997889e+01
259 0.0000000000000000e+00 1.4550000000000000e+02 4.7170742621217471e+01
260 0.0000000000000000e+00 1.4550000000000000e+02 6.8488397895599860e+01
261 0.0000000000000000e+00 1.4550000000000000e+02 8.6565810990168899e+01
262 0.0000000000000000e+00 1.4550000000000000e+02 1.0190766632463770e+02
263 8.3546833042903316e+01 7.2478453633940305e+01 9.2543779440767494e+01
264 9.0949101244303478e+01 7.6616882758401147e+01 9.7482498088474131e+01
265 9.1334331893912292e+01 7.2482242862276536e+01 9.2993241902250901e+01
266 8.3305903087320800e+01 7.7037472406858768e+01 9.8542549697337890e+01
267 1.0136174805649470e+02 1.8055352183104549e+01 9.9304318870828880e+01
268 1.0719584785935800e+02 1.4671093757707180e+01 1.0160034065801860e+02
269 1.0028181301418110e+02 1.0895551365141401e+01 9.9514027803857772e+01
270 7.6249838127146532e+01 7.6796208261451099e+01 9.9677201687345104e+01
271 7.8684124232796862e+01 8.1638950612306331e+01 1.0472102709700130e+02
272 9.6077116113307000e+01 8.7160777960523035e+01 1.0818609626538050e+02
273 8.8942101021809293e+01 8.1797581756253166e+01 1.0357680815140080e+02
274 8.3927540239490696e+01 9.0260164815051525e+01 1.1050636361100470e+02
275 8.6966736859163859e+01 4.3824567182615823e+01 8.1588472557835559e+01
276 6.0761911454404057e+01 6.8782856115969992e+01 9.2193268185373981e+01
277 5.7568156023356629e+01 6.7642468249960856e+01 9.1323675841342492e+01
278 5.8183342593547849e+01 6.9621783593605088e+01 9.4026326322990258e+01
279 5.5254710975652728e+01 6.8420132986586879e+01 9.3023883409004981e+01
280 3.7122685098082442e+01 7.0832773175142179e+01 1.0044394167273590e+02
281 3.3865025934947390e+01 7.0940987218703398e+01 1.0109111236380009e+02
282 3.5495446231582477e+01 7.3056869496538951e+01 1.0278914536782780e+02
283 3.2574556968957083e+01 7.2928163034031897e+01 1.0306351546499199e+02
284 8.9622692614060725e+01 2.4736986757915311e+01 9.2926833545480790e+01
285 8.8380206409709416e+01 2.0838124180529331e+01 9.3361092272382223e+01
286 8.6222547406483429e+01 2.3851372193547931e+01 9.1347978692520286e+01
287 6.1531430185050432e+01 7.1136352418743357e+01 9.5380125312823424e+01
288 6.0321723308218942e+01 7.3688776858606076e+01 9.8991950729474837e+01
289 6.5512643436198331e+01 7.2864410743113694e+01 9.6864759290722930e+01
290 1.4173702728827979e+02 7.8586918353245414e+00 1.1033880821470289e+02
291 1.3583437366877300e+02 1.6682263394389580e+01 1.0910008521840770e+02
292 1.4486125747342871e+02 1.6176582960910871e+01 1.1082874812280021e+02
293 5.7901214446913450e+01 7.1411268957069240e+01 9.6568973336562308e+01
294 1.6187846993084341e+02 7.9351973638255044e+00 1.1347041753012890e+02
295 1.7240292853022751e+02 6.9574682756423183e+00 1.1463924441048610e+02
296 7.2169516384723806e+01 7.8517586334814411e+01 1.0246081073946260e+02
297 7.7824508695495254e+01 7.1238406281985334e+01 9.1332894935480738e+01
298 7.7341524430452139e+01 7.3875374158617745e+01 9.5300109390743089e+01
299 2.4686762728630551e+01 8.7642540853314756e+01 1.1151678365240009e+02
300 1.9859094732993029e+01 9.1263782088717434e+01 1.1260567195906469e+02
301 2.4228257249539599e+01 9.6118716013391023e+01 1.1370496527175931e+02
302 1.9534537303894830e+01 8.4760764431219258e+01 1.1066549393567330e+02
303 8.6701619196548066e+01 1.0090375815579699e+02 1.1416051310291370e+02
304 7.6218077228466854e+01 9.9708681387671021e+01 1.1400372589440310e+02
305 7.9553997707435670e+01 6.0516263508739243e+01 7.8754199649000924e+01
306 8.1244353513009102e+01 6.2305673666006712e+01 8.0869547127043091e+01
307 8.2516870859173650e+01 5.9178716994858931e+01 7.8575497016754795e+01
308 7.7859268749750768e+01 6.1974793704598277e+01 7.9697117780385241e+01
309 6.5832851338698887e+01 7.6781711795869057e+01 1.0158931023719100e+02
310 7.1441265558279923e+01 7.4026908487340819e+01 9.7063292817462838e+01
311 7.9656696652127749e+01 6.8666852288792214e+01 8.7758046491559028e+01
312 4.7596568460849838e+01 6.8974828855969335e+01 9.5849954840408884e+01
313 4.5215401757492117e+01 6.9547990395829373e+01 9.7236353310121729e+01
314 8.6210122952004497e+01 5.7081086047680429e+00 9.4610465345859751e+01
315 8.4407123445311271e+01 5.8815686373057670e+00 9.3864767040232991e+01
316 8.5178259515383616e+01 8.2726963739007164e+00 9.3990072256101868e+01
317 5.2699010614583592e+01 6.8760270350465476e+01 9.4165751094050677e+01
318 5.5246973248172033e+01 7.0414370007624200e+01 9.5830499409880503e+01
319 9.1176350558713978e+01 9.3689771708749930e+01 1.1180931274271700e+02
320 5.5641795129277767e+01 7.2495847722903974e+01 9.8463429551465268e+01
321 5.2263944690920169e+01 7.1017049369303791e+01 9.7349165298671238e+01
322 5.2128003888979578e+01 7.4085932543980704e+01 1.0102424567180620e+02
323 8.6800059764449415e+01 6.8949923369645717e+01 8.8777676802368205e+01
324 4.8732626194734571e+01 7.1091390025473615e+01 9.8293974378960087e+01
325 1.0222031613372209e+02 9.3792349925938808e+01 1.1169242380032190e+02
326 9.7265810406529027e+01 1.0169538111129650e+02 1.1425069204226099e+02
327 1.0659060035437730e+02 1.0211008322362420e+02 1.1431633026530490e+02
328 9.6689970605893194e+01 5.1612940634530009e+00 9.8551258360520592e+01
329 1.0142901328678020e+02 4.8886001148487699e+00 1.0016400759056449e+02
330 9.3736975884533734e+01 1.0345985741511170e+01 9.7192652525167063e+01
331 7.2509201179035500e+01 8.9873960587168028e+01 1.1083862678054460e+02
332 9.1501233369203277e+01 5.4181236612245129e+01 8.1049810475169721e+01
333 9.1730702120064478e+01 5.0960946679269142e+01 8.1969409214493652e+01
334 8.9552099858325704e+01 5.1731323588102597e+01 7.9845369820736892e+01
335 5.0078237213946757e+01 6.9009135625545710e+01 9.5216938529149843e+01
336 6.9054023105737144e+01 8.2918950249767420e+01 1.0690478657095440e+02
337 1.7182709464096430e+02 9.7179089287504354e+01 1.1451265019364629e+02
338 1.7206415125313501e+02 8.4773401362546906e+01 1.1447556248381920e+02
339 1.1321088968359730e+02 9.7096849635119284e+01 1.1293521377766780e+02
340 1.7105701173269370e+02 7.6116230946940874e+01 1.1439586276609650e+02
341 1.6150755965554620e+02 7.9823676400435502e+01 1.1276332802070770e+02
342 1.1786147740671750e+02 1.1723158139418491e+01 1.0487686489796231e+02
343 1.0759059675814950e+02 6.8667513078366094e+00 1.0207169550620030e+02
344 1.0963413352922100e+02 2.2830446747372090e+01 1.0177422585158440e+02
345 1.6388601631803530e+02 9.0252662265264362e+01 1.1309413265390050e+02
346 4.8346280941930608e+01 7.4297266528910086e+01 1.0194266442777320e+02
347 4.9790424150863693e+01 7.6891723372047750e+01 1.0416703172058580e+02
348 5.4680981756908061e+01 7.7697935963603697e+01 1.0418084420439060e+02
349 8.0519197634080214e+01 6.5498873409666373e+01 8.4023442401060521e+01
350 8.4127358683132911e+01 6.6412850700237271e+01 8.5654547839626559e+01
351 8.4393138601688179e+01 6.3892592648178969e+01 8.3187504523551041e+01
352 8.9280326257112762e+01 6.4932605015180911e+01 8.5386535006394340e+01
353 4.4913558551409338e+01 7.2059913451543309e+01 1.0026896496633491e+02
354 1.0829144353397150e+02 8.7157192731015300e+01 1.0811073165896640e+02
355 1.1832027615184060e+02 8.3001201948705031e+01 1.0485353305869680e+02
356 1.1186053867554880e+02 7.8255792563304681e+01 1.0047455899872470e+02
357 9.9065950584599392e+01 8.0351395487722044e+01 1.0161862547809631e+02
358 6.8358481174332766e+01 7.0809872737735816e+01 9.3174557832911773e+01
359 1.1959450644276920e+02 2.5408390693631929e+01 1.0472199775685330e+02
360 1.2846498342989671e+02 1.9760800510368139e+01 1.0734313785224930e+02
361 6.4427375794238699e+01 7.0147975756776631e+01 9.3262011238581323e+01
362 1.6562566939992689e+02 6.9528259907837935e+01 1.1366406607978629e+02
363 1.5482588214298181e+02 6.9198102482202529e+01 1.1162687237651350e+02
364 7.2924844977663923e+01 7.1308829973881103e+01 9.2580684819019794e+01
365 1.0620991801812190e+02 7.2626557036875852e+01 9.5227672739903269e+01
366 8.6121124612186122e+01 6.1163710968369372e+01 8.1312285894501869e+01
367 8.6243565894704304e+01 5.7836702722472083e+01 7.8956889815574982e+01
368 8.3612801609795241e+01 5.6643001069940347e+01 7.7160383927039803e+01
369 1.0699070940880890e+02 3.7601009557845110e+01 9.8311860349855095e+01
370 1.0168482490285700e+02 3.0902433995617461e+01 9.7333140054811068e+01
371 1.0002966163417680e+02 3.6046755204596217e+01 9.5092822942128976e+01
372 8.6300011950141648e+00 7.2210858428288319e+01 1.0451609222421490e+02
373 3.6392991594214173e+01 9.7107748733537150e+01 1.1381887929522800e+02
374 3.1026389974304099e+01 8.9882867737891274e+01 1.1207720343982240e+02
375 3.0293111795390551e+01 9.9278884723422834e+01 1.1424970370846010e+02
376 9.7165508377867752e+01 2.6052822866060300e+01 9.6331300114797727e+01
377 9.3755893643374037e+01 2.6934848600776888e+01 9.4443225061444991e+01
378 9.6144486444278670e+01 3.0846784714844699e+01 9.4545626839007241e+01
379 9.2623911654169092e+01 2.2766970894004888e+01 9.4947671375247893e+01
380 1.0199721692556140e+02 2.4845488350244310e+01 9.8664964439855353e+01
381 1.0703875654869870e+02 2.9583318737138629e+01 9.9947670533570971e+01
382 6.0672525093682339e+01 8.1821613185635499e+01 1.0691385046958030e+02
383 5.7964690550579263e+01 7.5883709019231105e+01 1.0188272645563320e+02
384 5.9259607141986677e+01 9.8428557577819419e+01 1.1388778159415850e+02
385 5.5643778616009868e+01 8.8235731279938690e+01 1.1083301491331950e+02
386 5.0344565374251893e+01 9.2440156468021428e+01 1.1244870775435029e+02
387 6.3622189356260250e+01 8.9881889742438545e+01 1.1119734886987510e+02
388 2.9324584763437251e+01 7.2532836575862405e+01 1.0313340865742209e+02
389 3.0869794919564630e+01 7.0717207398506787e+01 1.0133257343271831e+02
390 2.8144728205384570e+01 7.0497009496167252e+01 1.0151715025250699e+02
391 6.8234365008435333e+01 9.7928655450477152e+01 1.1367501553137210e+02
392 4.8048600895388148e+01 8.5593890888884275e+01 1.1003390422192250e+02
393 4.1019366618217930e+01 8.9263091495600690e+01 1.1167330393280000e+02
394 9.4672468561038329e+01 5.1872153414618680e+01 8.4300298355672965e+01
395 9.6342434760949914e+01 4.8503644857706917e+01 8.7654546312817587e+01
396 9.1981004471148310e+01 4.7474419880733151e+01 8.4235569073060020e+01
397 9.2830966356860529e+01 4.3730356023303813e+01 8.7128801049001368e+01
398 9.7160964698558530e+01 4.3370005459641909e+01 9.0683923816892971e+01
399 2.7871480026095330e+01 8.2415171992985421e+01 1.0951537119326019e+02
400 3.1040791936818390e+01 7.5023970404462460e+01 1.0493224823030890e+02
401 3.5621600606660152e+01 7.6625785518084513e+01 1.0566348900695510e+02
402 1.3739791544228379e+02 2.6065112464889289e+01 1.0923801697347319e+02
403 1.4408159094697689e+02 3.5153674133640749e+01 1.1038419252748380e+02
404 1.4916226241309391e+02 2.4729331167207079e+01 1.1147178819396080e+02
405 1.3530215195380480e+01 7.4062791732176507e+01 1.0557624676530740e+02
406 1.3883631323069620e+01 7.7355354956752805e+01 1.0755899415305809e+02
407 1.6798307544601439e+01 7.4714897270008578e+01 1.0583776192689740e+02
408 1.1424947420622660e+01 7.2130827370777013e+01 1.0434078285643670e+02
409 8.6137012450278903e+01 1.1075793181888930e+01 9.4089147877668665e+01
410 8.9279854102914044e+01 1.1962789622053901e+01 9.5291682935604200e+01
411 8.7793254132429595e+01 8.9042958387382729e+00 9.5003713300000214e+01
412 9.0814816295464098e+01 9.0980229622625473e+00 9.6179709591819545e+01
413 1.5410909601372291e+01 8.6553634184312443e+01 1.1132213344759090e+02
414 1.4210237189838310e+01 8.1825093041637146e+01 1.0967222123825250e+02
415 1.0382141557495750e+01 8.5841775543260326e+01 1.1115343031750780e+02
416 6.0015202981978042e+01 6.7118729716283411e+01 8.9921460448669364e+01
417 6.3057174386840828e+01 6.7979956797821728e+01 9.0389370459191696e+01
418 1.2235443309610170e+02 3.7158463311484837e+01 1.0458484815389841e+02
419 1.1504413803784780e+02 4.4958791014003872e+01 1.0059834366569470e+02
420 1.2726417457178121e+02 4.6232226280123811e+01 1.0529291033917860e+02
421 1.1052665401982910e+02 6.3144466351966990e+01 9.3311752292897367e+01
422 1.1638717595858149e+02 6.8836475062999625e+01 9.6583122499469042e+01
423 1.1713403146255250e+02 6.0241830300149992e+01 9.8305040431484088e+01
424 7.1249383610639381e+00 7.7306308811953031e+01 1.0770898074512890e+02
425 1.0570474061900271e+01 7.8471561460498393e+01 1.0823955092008370e+02
426 1.0424183668813500e+01 7.5142867765036954e+01 1.0639005203764900e+02
427 8.8036993786018680e+00 8.1380582435654048e+01 1.0958404380512211e+02
428 9.7295106937294506e+01 7.5176311623141032e+01 9.6314959127418561e+01
429 1.0205055796551170e+02 6.6327217490989639e+01 8.9802865460475033e+01
430 8.6894065199332559e+01 3.5065615243648480e+01 8.6776500150290346e+01
431 8.7199173515266807e+01 3.7528481024959703e+01 8.5689696565396176e+01
432 8.9492402591673681e+01 3.7011416190276982e+01 8.7831853887951240e+01
433 7.8047849333667997e+01 6.3794538174998515e+01 8.1686447265040044e+01
434 8.8148467473413376e+01 3.2975025527561051e+01 8.8774478774764745e+01
435 1.2845046747029480e+02 2.9147597207261480e+01 1.0696896874571161e+02
436 1.5192030038012950e+02 8.1301173132249343e+00 1.1202448745386251e+02
437 1.1386311708802840e+02 3.2922848892156161e+01 1.0210822863222960e+02
438 3.3851379161306447e+01 8.2492989298877646e+01 1.0929549670617951e+02
439 1.3073125957267169e+02 9.8343611185743271e+01 1.1336362515058460e+02
440 1.4052457987993131e+02 1.0145963496709790e+02 1.1418154029098380e+02
441 2.0375712136522061e+01 7.1359338628358771e+01 1.0313281594156651e+02
442 1.7067290406028970e+01 7.1838344889073682e+01 1.0378003598139610e+02
443 1.9258224034821190e+01 7.3431573778542230e+01 1.0479817914494750e+02
444 8.6857193704349470e+01 4.1824819462999230e+01 8.2799341493835698e+01
445 1.4618403487939270e+02 6.3502573918704201e+01 1.0982846175593220e+02
446 1.5203781126113381e+02 5.5771808563647539e+01 1.1140472033236421e+02
447 1.4173778225892440e+02 5.4688680481263368e+01 1.0910804591965110e+02
448 1.2208410622082050e+02 1.0063776665703180e+02 1.1400799054339960e+02
449 1.3337739472395171e+02 3.6536512309077771e+01 1.0788141223959650e+02
450 1.5234894367828551e+02 7.9359811651346519e+01 1.1069722315762451e+02
451 1.4448724463439120e+02 8.6403769526871130e+01 1.0906155567023789e+02
452 1.5452575414366811e+02 8.9217664989208259e+01 1.1131904627964350e+02
453 8.5906083214561420e+01 1.3747950837899330e+01 9.3616512885557825e+01
454 8.9699936064308616e+01 4.8718529569207377e+01 8.1172798962033440e+01
455 8.7622817003613747e+01 4.8597752401552121e+01 7.9132198075579694e+01
456 1.6696298666602320e+02 1.5493541742294211e+01 1.1409719733605699e+02
457 7.6780930190721136e+01 6.5803565045320454e+01 8.3966041706104676e+01
458 8.9664536918428269e+01 3.1096960541580021e+01 9.0639731624687499e+01
459 8.8100224910943240e+01 2.7469233997327681e+01 9.1117005312619369e+01
460 8.6566902531325269e+01 2.9241552054176559e+01 8.9393908655550561e+01
461 8.7215658305171786e+01 3.9943539131175918e+01 8.4305982493184672e+01
462 8.9003659798199720e+01 4.3045498919604142e+01 8.4087807018390578e+01
463 8.9917010599976322e+01 4.0201930686408240e+01 8.6531142447667534e+01
464 6.6145850967943023e+00 9.8674989253199442e+01 1.1422650126715040e+02
465 1.6126766180930051e+01 9.9382854488998106e+01 1.1431485998429569e+02
466 1.3128885464807301e+01 9.1350001081725267e+01 1.1268129838290869e+02
467 9.1810685079132341e+01 2.9085330793647149e+01 9.2707916218555098e+01
468 1.2108780750325880e+02 5.3622251848439177e+01 1.0182971010791290e+02
469 8.5810101681185515e+01 3.1671243982776584e+01 8.7690765553834154e+01
470 3.3695786660630329e+00 7.3175404984661526e+01 1.0530286388744800e+02
471 2.1387915396783068e+00 7.1346352185212794e+01 1.0405150282316271e+02
472 3.5866886914327569e+00 7.6715181364259180e+01 1.0743927167468711e+02
473 8.8804798035170919e+01 5.1736836298557147e+00 9.5661105901313789e+01
474 9.2103603256050150e+01 4.9400501716686760e+00 9.6915600129336653e+01
475 8.6729969576379233e+01 2.8491016774671079e+00 9.4946796699974357e+01
476 4.1895967722399208e+00 8.0769231680833784e+01 1.0938016844088210e+02
477 5.3472718577676268e+00 8.4967064709154869e+01 1.1090825344628421e+02
478 6.7084690046871316e+00 7.4272969763905223e+01 1.0595289100266049e+02
479 1.3150109372092899e+02 7.9367051890764335e+00 1.0827559026105790e+02
480 2.3195035423096929e+01 7.3878157116493242e+01 1.0481421508139501e+02
481 2.6343634716001159e+01 7.2387018944807835e+01 1.0335732731490749e+02
482 2.3624902525902861e+01 7.1376893225989818e+01 1.0282433212186540e+02
483 2.7315416022098521e+01 7.4776264503487354e+01 1.0510911749204929e+02
484 8.8085685448212615e+01 1.6250019746274059e+01 9.4171283182723954e+01
485 3.8317618919440527e+01 8.1395143557016880e+01 1.0849591832567580e+02
486 6.1969485365681898e+00 7.2056787978821603e+01 1.0448360363647190e+02
487 1.7540047632601451e+02 1.3891969574700891e+01 1.1485238241650170e+02
488 1.4259951035168060e+01 7.2018037253993057e+01 1.0410374589692070e+02
489 3.9067245712619808e+01 7.4354705351624489e+01 1.0343981993820719e+02
490 4.1026419891866269e+01 7.7816076074812244e+01 1.0599028958931220e+02
491 4.4213142809194437e+01 7.5051651133708404e+01 1.0332929715484170e+02
492 4.6219136254418643e+01 7.9526520406208846e+01 1.0670394208296121e+02
493 4.5937609773775762e+01 1.0045325333403829e+02 1.1436296596297650e+02
494 1.5458224504105490e+02 3.5345473766761103e+01 1.1224014151684391e+02
495 1.2219616527383420e+02 7.5271758851460362e+01 1.0011250102057980e+02
496 4.3198219646864899e+01 6.8875606353461620e+01 9.6900992049339678e+01
497 1.2706018047480141e+02 8.2370088800877170e+01 1.0473986089787030e+02
498 1.2165459004343660e+02 9.0823669805463069e+01 1.1036980789452021e+02
499 9.1466805905524041e+01 3.5178463913476563e+01 9.0125484704090169e+01
500 9.3663958469339690e+01 3.9589484257744083e+01 8.9770544939293544e+01
501 9.5058713880076553e+01 3.5684741918293447e+01 9.2276169092861153e+01
502 9.3019918271837682e+01 3.2596080253954398e+01 9.2158439648244894e+01
503 1.6204439683836719e+02 2.5939485977973089e+01 1.1344735061610611e+02
504 1.6344873240216819e+02 3.7008770800756622e+01 1.1359118453405389e+02
505 1.0090266877416940e+02 4.8438725835163737e+01 9.1305403657210292e+01
506 1.4796950253588770e+02 4.4403980874032783e+01 1.1090596261538050e+02
507 1.6102172927605659e+02 4.7330940418318740e+01 1.1314246776923891e+02
508 1.7294462510665520e+02 2.1748596872615352e+01 1.1468169922939400e+02
509 1.7156134624061360e+02 3.1026538095638141e+01 1.1455874012948470e+02
510 1.0140211358533710e+02 4.1787380005884799e+01 9.4080885512588083e+01
511 9.7120964127618237e+01 3.9485640602879123e+01 9.2181586574978084e+01
512 6.5443709520564823e+01 6.6000817000742089e+01 8.6403780460377419e+01
513 8.4513006231504690e+01 3.1384485732124370e+00 9.4051689664526222e+01
514 9.7828770515940988e+01 7.0509316961774005e+01 9.2100021878197751e+01
515 9.3940509242519610e+01 6.6847975999628218e+01 8.8188065165716708e+01
516 1.2572411484549620e+02 6.5652809190854867e+01 1.0191028619914380e+02
517 1.3004531017477379e+02 7.3631300836816109e+01 1.0297904434050470e+02
518 1.3742287479229239e+02 6.6597370944813392e+01 1.0686339589308520e+02
519 1.3112207293918561e+02 5.6094752411885487e+01 1.0562246598285950e+02
520 8.5102072868064880e+01 5.5244095010263351e+01 7.6955060443776475e+01
521 8.8404290034555160e+01 5.5165050137278733e+01 7.8694812252446795e+01
522 9.9394020338590650e+01 5.4779840402165668e+01 8.7194594947772913e+01
523 1.0513370234782840e+02 5.4011071547850122e+01 9.2183471847796596e+01
524 9.8977012030576276e+01 6.1848758307818557e+01 8.6419583706181868e+01
525 1.0408934956722200e+02 6.0845616513933287e+01 8.9472589799251921e+01
526 1.0644960821558161e+02 4.7047349545743081e+01 9.5504563405475949e+01
527 1.1159783645081770e+02 5.4028063245501727e+01 9.6604038820144709e+01
528 5.2347193382957506e+01 8.1447864094367091e+01 1.0745801706180150e+02
529 9.0851836593662313e+01 5.9103938845391141e+01 8.1541756432089741e+01
530 9.4377133309711780e+01 6.1314939657061792e+01 8.4191319375234698e+01
531 6.9884343355733506e+01 6.5810935670191370e+01 8.4606778090807964e+01
532 7.2699153772670243e+01 6.5030264634885526e+01 8.2919115277806796e+01
533 7.1190601542728785e+01 6.7749272789712762e+01 8.7414855005987206e+01
534 7.4342197517368589e+01 6.9364152894504528e+01 8.9188853191430383e+01
535 7.4035447360607094e+01 6.7393188363200451e+01 8.6267886124248037e+01
536 6.7539829923180534e+01 6.5499383116247557e+01 8.4799720950400342e+01
537 6.8047300709992541e+01 6.6943045170649896e+01 8.7071492496182401e+01
538 2.4869554063420999e+01 7.8016883600394749e+01 1.0741904350114460e+02
539 3.0367584018544228e+01 7.7724887162184103e+01 1.0687458594548850e+02
540 9.4629624820615334e+01 5.5872265318689003e+01 8.3247459941125655e+01
541 6.9080057836086553e+01 6.8814047328184230e+01 8.9814550489752065e+01
542 6.5512787177689802e+01 6.7385316175099888e+01 8.8687632918410003e+01
543 5.6090712478648479e+00 9.0279551608020398e+01 1.1244261094708990e+02
544 2.0746243478356831e+01 7.5787011691595779e+01 1.0630168434807889e+02
545 1.7109943676687931e+02 4.2547539998086918e+01 1.1449989704012370e+02
546 9.5556279797428971e+01 1.5387774792314421e+01 9.7397200288649259e+01
547 8.8856346449445283e+01 4.5882491935080047e+01 8.2139354524780387e+01
548 7.5019406796007871e+01 6.3373860205774193e+01 8.0749881277201396e+01
549 4.2425304489154257e+01 7.0282061085110598e+01 9.8796762571995586e+01
550 2.3048219632305130e+01 8.1887764089098553e+01 1.0945988987108559e+02
551 9.1485823007878778e+01 1.4407235037005581e+01 9.5894780868560943e+01
552 4.2389703397205267e+01 8.2500846332863546e+01 1.0883730802999099e+02
553 1.4872433439901431e+02 9.6827804919412202e+01 1.1272720763160569e+02
554 1.6002995934455981e+02 1.0041689631790049e+02 1.1389101720677330e+02
555 9.1783167403660315e+01 1.8451310800449981e+01 9.5418955894083695e+01
556 1.3660147603566409e+02 7.8370640553589539e+01 1.0569985199119530e+02
557 1.4533451709424170e+02 7.4172574029964480e+01 1.0896788925857990e+02
558 8.7094506663025214e+01 5.1368155085523469e+01 7.7912475700547063e+01
559 8.6293326941548145e+01 5.3233113610492659e+01 7.7055675945683717e+01
560 1.7090900398760280e+02 5.2815977901678288e+01 1.1445716059981039e+02
561 1.6207010934897539e+02 5.9874763456257433e+01 1.1317187500153290e+02
562 1.7280282021343669e+02 6.0744347515935537e+01 1.1462751230126121e+02
563 8.5664638908065783e+01 1.8530740729981598e+01 9.2579681899962182e+01
564 8.5491065976958879e+01 2.0918049674527310e+01 9.1873142959401562e+01
565 6.2384477148192794e+01 6.6435202375711611e+01 8.8171178553531135e+01
566 3.9811693531285002e+01 6.9698136261010433e+01 9.8690488293053619e+01
567 4.0967102458823717e+01 7.1886293557058380e+01 1.0083636534556059e+02
568 1.7416584139187091e+02 6.8834077147537329e+01 1.1473470209655370e+02
569 9.6608900576438870e+01 2.0670634765206319e+01 9.7106696562559023e+01
570 8.5244855566659368e+01 1.6191903503608231e+01 9.2882386475061580e+01
571 1.3203628256163441e+02 8.8837621623989492e+01 1.0930419711695600e+02
572 1.3956960724584411e+02 9.4360520584758362e+01 1.1188371627663290e+02
573 6.6129847025014612e+01 6.8850617022264458e+01 9.0827221300133786e+01
574 8.5719851801399827e+01 2.6392196914937280e+01 9.0081516541157100e+01
575 1.9116174166435140e+01 7.8693397351792896e+01 1.0807880969089420e+02
576 8.7258215822729156e+01 4.6145327172532333e+01 8.0302190037221450e+01
577 1.5620768764434439e+02 1.7030690501478130e+01 1.1263562670295380e+02
578 1.3797555322275650e+02 4.5459601525677343e+01 1.0860632240569311e+02
579 2.6268870238211171e+01 7.0488155360722899e+01 1.0175762572804530e+02
580 2.4652430002533890e+02 7.2921363006618890e+01 -2.8600000000000000e+02
581 7.3674966254099672e+01 7.1176466031098641e+01 -2.8600000000000000e+02
582 1.6839263834787900e+02 7.4014333363567630e+01 -2.8600000000000000e+02
583 1.2263867117797670e+02 9.1993594322285134e+01 -2.8600000000000000e+02
584 1.2538637293341110e+02 4.5164351192608308e+01 -2.8600000000000000e+02
585 2.0894842257833119e+02 4.6540282725859022e+01 -2.8600000000000000e+02
586 2.0812196765498649e+02 9.9416815695350294e+01 -2.8600000000000000e+02
587 2.7617494351790958e+02 1.0755868984883220e+02 -2.8600000000000000e+02
588 2.7554389509500260e+02 4.2359248659069287e+01 -2.8600000000000000e+02
589 4.2103152104420559e+01 4.2834751743316467e+01 -2.8600000000000000e+02
590 4.1779326798471573e+01 1.0629655746234791e+02 -2.8600000000000000e+02
591 8.0426704551393797e+01 1.0737301486188601e+02 -2.8600000000000000e+02
592 8.0796867276624866e+01 3.6559291025457533e+01 -2.8600000000000000e+02
593 1.6865526182847961e+02 3.7322809824193257e+01 -2.8600000000000000e+02
594 1.6597669329354770e+02 1.1188778611138601e+02 -2.8600000000000000e+02
595 2.3752096216609030e+02 3.4269839666087819e+01 -2.8600000000000000e+02
596 2.4015731237115531e+02 1.1124013349719731e+02 -2.8600000000000000e+02
597 3.2040044132972611e+01 6.9248270060233182e+01 -2.8600000000000000e+02
598 2.8673374711656589e+02 7.1521559529904948e+01 -2.8600000000000000e+02
599 9.9541098616176242e+01 7.0485789649081823e+01 -2.8600000000000000e+02
600 1.3943681487891979e+02 1.1140299115470120e+02 -2.8600000000000000e+02
601 1.4414215310017931e+02 6.7709487097325194e+01 -2.8600000000000000e+02
602 1.0427216512222070e+02 1.1331574745970480e+02 -2.8600000000000000e+02
603 2.1760233053505479e+02 7.2423941351435502e+01 -2.8600000000000000e+02
604 1.0188829218231490e+02 2.3209566435922650e+01 -2.8600000000000000e+02
605 1.4793254483368199e+02 2.3647820337053499e+01 -2.8600000000000000e+02
606 1.9307142857142861e+02 2.3196076085684499e+01 -2.8600000000000000e+02
607 1.9098960686083711e+02 1.2182513267358500e+02 -2.8600000000000000e+02
608 2.9337642700455689e+02 2.4890193170278021e+01 -2.8600000000000000e+02
609 2.4623572995443080e+01 2.4890193170277971e+01 -2.8600000000000000e+02
610 2.4623572995442998e+01 1.2060980682972190e+02 -2.8600000000000000e+02
611 2.9337642700455700e+02 1.2060980682972190e+02 -2.8600000000000000e+02
612 5.6785714285714313e+01 1.2341912017676070e+02 -2.8600000000000000e+02
613 5.7919934629529187e+01 2.2571905758437481e+01 -2.8600000000000000e+02
614 2.1872295463797749e+02 2.3491714766981939e+01 -2.8600000000000000e+02
615 2.1872295463797749e+02 1.2200828523301810e+02 -2.8600000000000000e+02
616 2.9835058937770788e+02 5.2275838308002513e+01 -2.8600000000000000e+02
617 2.9685550761791461e+02 9.3130799046883283e+01 -2.8600000000000000e+02
618 1.9966912754444621e+01 5.2077628286970651e+01 -2.8600000000000000e+02
619 2.1477768479482709e+01 9.2550999199173646e+01 -2.8600000000000000e+02
620 1.5185684737401650e+02 9.1398156403329750e+01 -2.8600000000000000e+02
621 2.6054257203470019e+02 1.2414989597923891e+02 -2.8600000000000000e+02
622 2.5936122582703632e+02 2.1931888682920711e+01 -2.8600000000000000e+02
623 9.7296731378787683e+01 9.4295920007199953e+01 -2.8600000000000000e+02
624 1.9215030284264989e+02 7.9154872874192904e+01 -2.8600000000000000e+02
625 1.8587241376705779e+02 5.4081878237348889e+01 -2.8600000000000000e+02
626 1.5076656764864401e+02 4.5795968704938900e+01 -2.8600000000000000e+02
627 2.3152624557312109e+02 5.4347296690141206e+01 -2.8600000000000000e+02
628 2.3173803721046741e+02 9.0624789312706497e+01 -2.8600000000000000e+02
629 6.3203074565021261e+01 5.1779079717684617e+01 -2.8600000000000000e+02
630 6.1057347342774307e+01 9.2997354413316856e+01 -2.8600000000000000e+02
631 2.6652684343007962e+02 6.3225831331766848e+01 -2.8600000000000000e+02
632 2.5480583890879160e+02 9.5997068124015811e+01 -2.8600000000000000e+02
633 1.2501287056131019e+02 1.8404347593116881e+01 -2.8600000000000000e+02
634 1.0191589640428080e+02 4.9478065838060083e+01 -2.8600000000000000e+02
635 1.2465279134484040e+02 1.2825489037972051e+02 -2.8600000000000000e+02
636 5.2622521652156308e+01 6.8883261342430160e+01 -2.8600000000000000e+02
637 1.8707275665326270e+02 9.9369782083500354e+01 -2.8600000000000000e+02
638 8.1685278033470610e+01 1.2872478545073659e+02 -2.8600000000000000e+02
639 7.9714805519231504e+01 1.6301906895842251e+01 -2.8600000000000000e+02
640 1.6906468860230549e+02 1.3134690273875361e+02 -2.8600000000000000e+02
641 1.7021304149613891e+02 1.6389408952782759e+01 -2.8600000000000000e+02
642 2.3850000000000000e+02 1.3018925798780231e+02 -2.8600000000000000e+02
643 2.3850000000000000e+02 1.5310742012197810e+01 -2.8600000000000000e+02
644 2.5283391201944482e+02 4.8175911339434151e+01 -2.8600000000000000e+02
645 1.2127520359916819e+02 6.5106039355507590e+01 -2.8600000000000000e+02
646 2.7195416673556099e+02 8.4349858549661803e+01 -2.8600000000000000e+02
647 8.3826380623240553e+01 5.5895738452276561e+01 -2.8600000000000000e+02
648 3.0414053991527447e+02 7.2681184760765916e+01 -2.8600000000000000e+02
649 1.3933625509500979e+01 7.2522329110078005e+01 -2.8600000000000000e+02
650 1.7184785541328759e+02 9.1270664634224516e+01 -2.8600000000000000e+02
651 1.4816275264505501e+02 1.3091390546101860e+02 -2.8600000000000000e+02
652 2.0114336743077340e+02 6.3050243797209056e+01 -2.8600000000000000e+02
653 4.1795401681171477e+01 8.5995288495500347e+01 -2.8600000000000000e+02
654 1.2275011063098940e+02 1.1124180582910290e+02 -2.8600000000000000e+02
655 4.0111581846500769e+01 1.2880407180204571e+02 -2.8600000000000000e+02
656 4.0111581846500769e+01 1.6695928197954320e+01 -2.8600000000000000e+02
657 1.6620386028179001e+02 5.5372080748426917e+01 -2.8600000000000000e+02
658 2.7806742090823752e+02 1.2895369506958639e+02 -2.8600000000000000e+02
659 2.7806742090823752e+02 1.6546304930413669e+01 -2.8600000000000000e+02
660 8.1030707325393166e+01 8.7777910502978131e+01 -2.8600000000000000e+02
661 1.1357142857142859e+01 1.0392857142857110e+01 -2.8600000000000000e+02
662 1.1357142857142859e+01 1.3510714285714280e+02 -2.8600000000000000e+02
663 3.0664285714285722e+02 1.0392857142857110e+01 -2.8600000000000000e+02
664 3.0664285714285711e+02 1.3510714285714280e+02 -2.8600000000000000e+02
665 1.0261912013853819e+02 1.3287525721751069e+02 -2.8600000000000000e+02
666 2.2393532668477431e+02 1.0577941627654080e+02 -2.8600000000000000e+02
667 2.2417964623888000e+02 3.9662283462267482e+01 -2.8600000000000000e+02
668 0.0000000000000000e+00 0.0000000000000000e+00 1.2500000000000000e+02
669 2.4523846515409540e+00 0.0000000000000000e+00 1.2497594092272671e+02
670 4.9038252692925610e+00 0.0000000000000000e+00 1.2490377295233419e+02
671 7.3533781828666971e+00 0.0000000000000000e+00 1.2478352386953870e+02
672 9.8001004485381511e+00 0.0000000000000000e+00 1.2461523996365200e+02
673 1.2243050212225970e+01 0.0000000000000000e+00 1.2439898601476180e+02
674 1.4681287072055939e+01 0.0000000000000000e+00 1.2413484526879580e+02
675 1.7113872440363650e+01 0.0000000000000000e+00 1.2382291940547580e+02
676 1.9539869904999620e+01 0.0000000000000000e+00 1.2346332849917700e+02
677 2.1958345589796330e+01 0.0000000000000000e+00 1.2305621097270580e+02
678 2.4368368514059629e+01 0.0000000000000000e+00 1.2260172354401460e+02
679 2.6769010950945290e+01 0.0000000000000000e+00 1.2210004116587420e+02
680 2.9159348784582999e+01 0.0000000000000000e+00 1.2155135695852610e+02
681 3.1538461865810323e+01 0.0000000000000000e+00 1.2095588213534231e+02
682 3.3905434366379943e+01 0.0000000000000000e+00 1.2031384592151940e+02
683 3.6259355131503099e+01 0.0000000000000000e+00 1.1962549546583929e+02
684 3.8599318030594468e+01 0.0000000000000000e+00 1.1889109574553100e+02
685 4.0924422306082747e+01 0.0000000000000000e+00 1.1811092946426849e+02
686 4.3233772920153029e+01 0.0000000000000000e+00 1.1728529694334510e+02
687 4.5526480899287307e+01 0.0000000000000000e+00 1.1641451600606700e+02
688 4.7801663676470561e+01 0.0000000000000000e+00 1.1549892185540780e+02
689 5.0058445430930973e+01 0.0000000000000000e+00 1.1453886694497420e+02
690 5.2295957425282538e+01 0.0000000000000000e+00 1.1353472084333070e+02
691 5.4513338339941733e+01 0.0000000000000000e+00 1.1248687009173580e+02
692 5.6709734604688229e+01 0.0000000000000000e+00 1.1139571805534460e+02
693 5.8884300727242717e+01 0.0000000000000000e+00 1.1026168476793580e+02
694 6.1036199618735168e+01 0.0000000000000000e+00 1.0908520677022121e+02
695 6.3164602915938090e+01 0.0000000000000000e+00 1.0786673694180180e+02
696 6.5268691300141228e+01 0.0000000000000000e+00 1.0660674432683361e+02
697 6.7347654812544164e+01 0.0000000000000000e+00 1.0530571395347170e+02
698 6.9400693166046167e+01 0.0000000000000000e+00 1.0396414664716060e+02
699 7.1427016053312968e+01 0.0000000000000000e+00 1.0258255883784420e+02
700 7.3425843451001796e+01 0.0000000000000000e+00 1.0116148236116840e+02
701 7.5396405920027561e+01 0.0000000000000000e+00 9.9701464253753230e+01
702 7.7337944901754838e+01 0.0000000000000000e+00 9.8203066542614309e+01
703 7.9249713010001344e+01 0.0000000000000000e+00 9.6666866028812706e+01
704 8.1130974318740840e+01 0.0000000000000000e+00 9.5093454065418271e+01
705 0.0000000000000000e+00 6.8273263839912559e+01 1.0470798176187760e+02
706 0.0000000000000000e+00 6.6173618555884943e+01 1.0604740547142229e+02
707 0.0000000000000000e+00 6.4047704711902952e+01 1.0734473215364081e+02
708 0.0000000000000000e+00 6.1896366219732343e+01 1.0859944681623740e+02
709 0.0000000000000000e+00 5.9720457083814502e+01 1.0981105138236440e+02
710 0.0000000000000000e+00 5.7520841062257972e+01 1.1097906488834030e+02
711 0.0000000000000000e+00 5.5298391323957041e+01 1.1210302367457589e+02
712 0.0000000000000000e+00 5.3053990101974620e+01 1.1318248156962980e+02
713 0.0000000000000000e+00 5.0788528343327869e+01 1.1421701006732310e+02
714 0.0000000000000000e+00 4.8502905355313821e+01 1.1520619849684070e+02
715 0.0000000000000000e+00 4.6198028448516219e+01 1.1614965418575331e+02
716 0.0000000000000000e+00 4.3874812576636373e+01 1.1704700261589370e+02
717 0.0000000000000000e+00 4.1534179973288438e+01 1.1789788757202770e+02
718 0.0000000000000000e+00 3.9177059785906422e+01 1.1870197128325840e+02
719 0.0000000000000000e+00 3.6804387706905523e+01 1.1945893455710960e+02
720 0.0000000000000000e+00 3.4417105602245371e+01 1.2016847690623320e+02
721 0.0000000000000000e+00 3.2016161137543641e+01 1.2083031666769250e+02
722 0.0000000000000000e+00 2.9602507401886289e+01 1.2144419111477200e+02
723 0.0000000000000000e+00 2.7177102529485019e+01 1.2200985656127069e+02
724 0.0000000000000000e+00 2.4740909319332971e+01 1.2252708845823661e+02
725 0.0000000000000000e+00 2.2294894853007111e+01 1.2299568148310470e+02
726 0.0000000000000000e+00 1.9840030110772201e+01 1.2341544962120280e+02
727 0.0000000000000000e+00 1.7377289586135991e+01 1.2378622623959249e+02
728 0.0000000000000000e+00 1.4907650899009880e+01 1.2410786415321650e+02
729 0.0000000000000000e+00 1.2432094407629391e+01 1.2438023568332630e+02
730 0.0000000000000000e+00 9.9516028193866770e+00 1.2460323270816519e+02
731 0.0000000000000000e+00 7.4671608007305412e+00 1.2477676670588970e+02
732 0.0000000000000000e+00 4.9797545862896984e+00 1.2490076878970891e+02
733 0.0000000000000000e+00 2.4903715873725818e+00 1.2497518973523030e+02
734 5.5858258817487723e+01 2.0833237622381771e+00 1.1180570058803021e+02
735 3.7373407701268221e+01 2.2488840671705370e+00 1.1926093625847160e+02
736 4.2789620932177911e+01 6.6205685620978485e+01 9.7009564126103996e+01
737 2.3933240663393458e+00 3.8530799611627280e+01 1.1888923198171530e+02
738 5.3795725003187137e+01 6.4872061196292236e+01 9.2318121988729729e+01
739 8.2177706060515561e+01 2.6163978521838501e+01 9.0483539135802374e+01
740 3.0926963823475539e+01 6.7201190021154375e+01 1.0075972890198810e+02
741 2.1811842457260071e+00 2.5891925337441499e+01 1.2226958181660130e+02
742 8.3152882973652098e+01 3.5439983942065027e+01 8.6340057860510456e+01
743 6.4210466539674101e+01 2.1238955400763122e+00 1.0722641957322010e+02
744 2.5599258632576980e+01 1.9468698313985380e+00 1.2233514480852190e+02
745 2.5431268417838142e+00 4.7467325231574179e+01 1.1560876065950430e+02
746 4.6633193309395757e+01 2.0573639770907111e+00 1.1595737378551780e+02
747 6.2751730888441244e+01 6.3532363064485288e+01 8.7469189512348137e+01
748 2.0832831041004539e+01 6.7804717375133364e+01 1.0292479512972200e+02
749 8.1659114624143228e+01 1.8833948801799941e+01 9.2747352368314068e+01
750 7.2644057416480635e+01 6.1317628074765032e+01 8.1166430310540662e+01
751 2.1275131791807849e+00 1.6140933113151011e+01 1.2393524101686810e+02
752 7.0367414228561955e+01 1.6730412331461180e+00 1.0329873158862200e+02
753 2.0432956524880121e+00 5.6566978238253043e+01 1.1144954874681881e+02
754 8.3647668119815123e+01 4.1941316025391188e+01 8.2879392059640068e+01
755 1.5782711923986451e+01 2.0870466345961889e+00 1.2398205612373700e+02
756 1.3544315398446120e+01 6.8296856944938753e+01 1.0381276825049019e+02
757 8.1457563999519905e+01 1.1396276562130049e+01 9.4126458277062383e+01
758 7.9581178109355221e+01 5.6331129499136978e+01 7.8221735726577549e+01
759 2.0478104797992720e+00 8.4580442421004278e+00 1.2469670388521700e+02
760 1.9024502650799480e+00 6.3044512089892230e+01 1.0792020282753521e+02
761 7.6163195821947866e+01 2.2160608621337619e+00 9.9092162537926995e+01
762 8.4110057850301672e+01 4.8034698968142031e+01 7.9013706807482976e+01
763 8.2341036450929266e+01 3.0982515550505290e+01 8.8797733340155915e+01
764 3.7965401054311371e+01 6.6596931503405116e+01 9.8734376167148881e+01
765 8.6550562019235535e+00 1.9025758403245721e+00 1.2468548515089221e+02
766 2.5874596712384399e+01 6.7585146577279588e+01 1.0192032774230620e+02
767 4.7331109910611232e+01 6.5756081388865610e+01 9.5188779774774531e+01
768 5.8430939172826520e+01 6.4240501640367526e+01 8.9910974282205302e+01
769 8.7003657235143343e+00 6.8436053313807676e+01 1.0423919724895610e+02
770 6.6906592515495078e+01 6.2957177344395554e+01 8.4763799459390825e+01
771 2.1588247717509299e+00 4.2701870999819093e+01 1.1746016213474120e+02
772 2.2533866259181989e+00 3.0605362343903799e+01 1.2117439516875039e+02
773 2.1193813111969191e+00 2.1005896362785080e+01 1.2320414173579429e+02
774 2.0442995258587788e+00 5.2097551226429381e+01 1.1360750853556350e+02
775 3.0345984377461601e+01 2.1238955400423620e+00 1.2124194942303529e+02
776 2.0747110737666311e+01 2.1238955400424939e+00 1.2324790652897110e+02
777 4.2206686948800012e+01 2.1863152577834901e+00 1.1763849541030170e+02
778 5.1089518595337438e+01 1.9860931422301300e+00 1.1406540458757451e+02
779 5.9992627221513033e+01 1.9798314576555780e+00 1.0964472147103049e+02
780 8.1344994333761250e+01 6.4366035679802760e+00 9.4691932240022510e+01
781 7.6276936620062060e+01 5.9044342954737630e+01 7.9502166667974265e+01
782 8.2559478931233613e+01 5.3190437774077523e+01 7.7328583124257364e+01
783 1.9264075419830220e+00 6.7195756031713884e+01 1.0538510011054019e+02
784 1.9305345084158800e+00 3.7267900195046191e+00 1.2492951641890851e+02
785 8.0146971313442265e+01 1.9635266872322317e+00 9.5904158159230974e+01
786 8.1788137102574296e+01 2.1312010091718591e+01 9.2095053369553966e+01
787 8.0069931313519476e+01 2.0515271486427931e+01 9.3770622986553903e+01
788 7.9947502299926583e+01 1.8040222021415168e+01 9.4381922344383725e+01
789 7.8322783838445901e+01 1.9745505473077269e+01 9.5397361312610485e+01
790 7.8171864923080577e+01 1.7296406571930810e+01 9.5994759513976149e+01
791 7.6559340735798159e+01 1.8989207641431470e+01 9.6969466015084137e+01
792 7.6718744272243285e+01 2.1403081714491421e+01 9.6338685741569776e+01
793 7.4944127582670035e+01 2.0563283454220450e+01 9.7905715433032100e+01
794 7.5070879345470445e+01 2.3045461616764829e+01 9.7253636297919670e+01
795 7.3263783142815939e+01 2.2273819248306630e+01 9.8799266473472372e+01
796 7.3383727575896017e+01 2.4674160560956349e+01 9.8137731417018330e+01
797 7.1574674099941404e+01 2.3900607182546661e+01 9.9653534828388189e+01
798 7.1669128746410436e+01 2.6298197143127719e+01 9.8979496926139362e+01
799 6.9916347668283123e+01 2.5634454739955459e+01 1.0039710682541070e+02
800 6.9935423880135133e+01 2.7937454815331741e+01 9.9767405023620427e+01
801 6.8167187744358401e+01 2.7252413664911550e+01 1.0117084789830490e+02
802 6.8184147717983635e+01 2.9543811633630600e+01 1.0051410445369720e+02
803 6.6326932115155486e+01 2.8751533503837120e+01 1.0197591577117259e+02
804 6.6394827049928836e+01 3.1113362753475151e+01 1.0123579208551050e+02
805 6.4520642155334158e+01 3.0312491915037469e+01 1.0268027838764419e+02
806 6.4578178396084652e+01 3.2690699236879738e+01 1.0191161395271560e+02
807 6.2691146784951428e+01 3.1885445617757828e+01 1.0333507861585380e+02
808 6.2738810057955341e+01 3.4256595253638658e+01 1.0254427041107751e+02
809 6.0836378673450739e+01 3.3445326254403327e+01 1.0394876229006780e+02
810 6.0871683191567300e+01 3.5809705021073690e+01 1.0313730271695660e+02
811 5.8957079783740610e+01 3.4991509825947247e+01 1.0452108391838600e+02
812 5.8909794721719841e+01 3.2620286691246093e+01 1.0531169442196691e+02
813 5.7018707965774638e+01 3.4159708406949612e+01 1.0586303067391320e+02
814 6.2761752290574123e+01 3.6613966689565352e+01 1.0171224062359460e+02
815 5.6959828894083898e+01 3.1781806604872848e+01 1.0663252159302590e+02
816 5.5051972647739511e+01 3.3316937834128943e+01 1.0716464883976120e+02
817 5.5098538715346358e+01 3.5675779955979451e+01 1.0637852112135241e+02
818 5.3132631331570572e+01 3.4833811573060792e+01 1.0765003046481640e+02
819 5.3088343431668150e+01 3.2481714212279478e+01 1.0840464027666459e+02
820 5.1161773096375804e+01 3.4017189530932512e+01 1.0885910063036330e+02
821 5.1186869592388980e+01 3.6339379099874833e+01 1.0809418998247470e+02
822 4.9182812023982358e+01 3.5466826835567687e+01 1.0930761728090810e+02
823 4.9132937928246669e+01 3.3188599514098271e+01 1.1004304281885270e+02
824 4.7158889554281323e+01 3.4580474117350228e+01 1.1047728248751579e+02
825 4.7207349824094983e+01 3.6951501213744983e+01 1.0968615537357540e+02
826 4.5173989786699437e+01 3.6057994582603257e+01 1.1083380203454240e+02
827 4.5116295305530521e+01 3.3679902932883181e+01 1.1160279582669840e+02
828 4.3122365606446301e+01 3.5150448910935943e+01 1.1193706948935041e+02
829 4.3055846376711308e+01 3.2765473537659190e+01 1.1268370705935260e+02
830 4.1053297994560467e+01 3.4229227244239958e+01 1.1299551639791730e+02
831 4.1102007586776317e+01 3.6570343791405797e+01 1.1224185906922141e+02
832 3.9014965213792983e+01 3.5654975597843688e+01 1.1327645476657401e+02
833 3.8968003549120759e+01 3.3293929702320462e+01 1.1400881081904440e+02
834 3.6932189677465608e+01 3.4733225268902977e+01 1.1425680035799770e+02
835 3.7005137078751808e+01 3.7057009387928439e+01 1.1350065147392669e+02
836 3.6867316450463647e+01 3.2344930432259240e+01 1.1497654740456279e+02
837 3.4828069116063979e+01 3.3780939679052992e+01 1.1519919147306049e+02
838 3.4749865498417158e+01 3.1382776518931760e+01 1.1589895679342720e+02
839 3.2709172313132242e+01 3.2812309451720793e+01 1.1609678029572720e+02
840 3.2621667739362813e+01 3.0407452338244291e+01 1.1677419936013270e+02
841 3.0575271580800759e+01 3.1830634811550148e+01 1.1694855046238931e+02
842 3.0481331382162470e+01 2.9419545027214731e+01 1.1760263095510440e+02
843 3.4628454667621732e+01 2.8981410148255168e+01 1.1655877484407200e+02
844 6.6534863247936414e+01 2.6295557370667719e+01 1.0250197868892251e+02
845 2.8427365225719811e+01 3.0836703658554178e+01 1.1775390700014179e+02
846 2.8515404570591190e+01 3.3241526082306862e+01 1.1707635391442120e+02
847 2.8327533568273921e+01 2.8419587646727340e+01 1.1838444948526090e+02
848 6.0882260844252208e+01 3.8159833365488858e+01 1.0228478592640531e+02
849 6.2756484136656908e+01 3.8957836406947017e+01 1.0084101685968400e+02
850 6.0868107399957132e+01 4.0494771165821660e+01 1.0139155295080070e+02
851 6.2733446817485301e+01 4.1283608773098237e+01 9.9925864004608485e+01
852 6.0829228520542983e+01 4.2813584376888400e+01 1.0045796111010129e+02
853 6.2682210434775797e+01 4.3594011423794591e+01 9.8972231777365465e+01
854 2.6361803369046040e+01 3.2241186465489513e+01 1.1785822507754510e+02
855 2.6444354444295801e+01 3.4639459963094893e+01 1.1715717618434471e+02
856 6.4570282777530124e+01 4.2056841957173788e+01 9.8422053558230033e+01
857 6.4509922646658666e+01 4.4357384047386176e+01 9.7446869424290938e+01
858 6.0765639758716567e+01 4.5115345403835640e+01 9.9484383869060039e+01
859 2.4285472098854981e+01 3.3632431612760733e+01 1.1791554345695360e+02
860 2.4362949684076121e+01 3.6023877238435347e+01 1.1719098494082770e+02
861 7.1467993850783827e+01 2.1330582206693350e+01 1.0031117643447230e+02
862 7.0009630829046131e+01 3.0305727277010860e+01 9.9021282992052321e+01
863 6.6388688451718863e+01 4.2810277675390147e+01 9.6875291849968647e+01
864 6.6311634016497536e+01 4.5103396875683799e+01 9.5882484241578979e+01
865 2.2199202009935760e+01 3.5009882560554608e+01 1.1792583920930240e+02
866 2.2270866894196669e+01 3.7394846766121859e+01 1.1717778766950350e+02
867 2.2116155031202830e+01 3.2611710526671267e+01 1.1862694476028790e+02
868 2.4412759982085710e+01 3.8402507908608463e+01 1.1642278357944519e+02
869 2.2329317196397088e+01 3.9764938873257179e+01 1.1638363815394671e+02
870 2.4467763297408109e+01 4.0764566589610901e+01 1.1560527094377311e+02
871 2.2381054659667800e+01 4.2118768563652402e+01 1.1554262298823950e+02
872 2.4502064828401199e+01 4.3110929427865017e+01 1.1474361238435220e+02
873 2.2423449864064661e+01 4.4456437520768269e+01 1.1465519638967869e+02
874 2.4559549898634099e+01 4.5437501902416358e+01 1.1382996938260330e+02
875 2.2461632749392699e+01 4.6774566512934840e+01 1.1372165572905820e+02
876 2.4565755272885092e+01 4.7749751743578841e+01 1.1287818600730310e+02
877 2.2484495791640800e+01 4.9074370490016712e+01 1.1274375197767840e+02
878 2.4626587763723592e+01 5.0023239425178367e+01 1.1187585392982210e+02
879 2.2545619880953499e+01 5.1329151504154773e+01 1.1172293063667411e+02
880 2.6660057113736560e+01 4.8623948113631307e+01 1.1202657285008409e+02
881 2.6767945169455050e+01 5.0949143261100247e+01 1.1096243469014610e+02
882 2.8814085245398381e+01 4.9538589576562558e+01 1.1108859812886200e+02
883 6.8172040907500488e+01 4.3550141782278743e+01 9.5294060618957246e+01
884 6.8086623805689442e+01 4.5831751481174543e+01 9.4279702030237544e+01
885 6.6207688190102459e+01 4.7378555675593248e+01 9.4851539189498027e+01
886 2.8882791907180302e+01 5.1880514272097471e+01 1.0999634798714550e+02
887 3.0958021807571431e+01 5.0528627038516028e+01 1.1006115906787680e+02
888 2.0026373332532010e+01 3.3982260143033962e+01 1.1861344935005140e+02
889 1.9939227614195659e+01 3.1577357704887085e+01 1.1929081139185411e+02
890 2.0361464699132391e+01 4.8091084875441886e+01 1.1356785773628479e+02
891 6.7969247205018036e+01 4.8097588318171269e+01 9.3229841962532902e+01
892 3.0970168826812049e+01 5.2798682520941618e+01 1.0898691557655700e+02
893 3.3056270733528777e+01 5.1443471404379032e+01 1.0902225559516960e+02
894 2.0230755552702281e+01 4.1110167100355930e+01 1.1629991698512779e+02
895 5.8900497141617578e+01 4.4326124584564653e+01 1.0095011696765860e+02
896 5.8824940569296388e+01 4.6618940570005307e+01 9.9956494272003440e+01
897 5.6948024231067329e+01 4.5820624334657388e+01 1.0140213470021220e+02
898 5.6860889204402589e+01 4.8104195439121384e+01 1.0038837412788131e+02
899 5.4964552806030277e+01 4.7296216998993970e+01 1.0181829792535910e+02
900 5.4869259763601171e+01 4.9571294362037662e+01 1.0078219638540661e+02
901 5.2974987190953698e+01 4.8753118539048309e+01 1.0218504863646049e+02
902 6.9938490513353571e+01 4.4266914043619899e+01 9.3669887721552868e+01
903 5.6747276735980662e+01 5.0369097170262648e+01 9.9336300682593702e+01
904 5.2865881693360613e+01 5.1017315274514488e+01 1.0113076730137270e+02
905 5.0952488551547617e+01 5.0191526106198332e+01 1.0251660654516040e+02
906 7.6402951894057679e+01 1.6554612708121891e+01 9.7537345360422833e+01
907 3.3062103503620811e+01 5.3687178859262652e+01 1.0793323926413680e+02
908 3.5137332988189982e+01 5.2319744750633028e+01 1.0794911829054310e+02
909 6.6076892553994696e+01 4.9634843943331227e+01 9.3782869102672450e+01
910 1.7845332848530241e+01 3.2941421065660151e+01 1.1925354029839130e+02
911 1.7755212650274611e+01 3.0529997956558780e+01 1.1990692910968930e+02
912 2.8930629691208932e+01 5.4119270912893683e+01 1.0889960138369180e+02
913 6.7825045614334471e+01 5.0344102365260582e+01 9.2142468734290020e+01
914 5.0836523670076183e+01 5.2444014905466027e+01 1.0144098363943949e+02
915 3.5141404811514967e+01 5.4548307681214013e+01 1.0683896198011681e+02
916 3.7214329335571342e+01 5.3160965549054971e+01 1.0683634884249750e+02
917 3.7162531593743651e+01 5.0897233406118147e+01 1.0795099757365440e+02
918 3.7202285677093691e+01 5.5388060604030343e+01 1.0570313468825880e+02
919 6.5919299430346356e+01 5.1871359095898093e+01 9.2676901481203657e+01
920 7.0015182226636583e+01 4.1973878499983847e+01 9.4662916611730608e+01
921 7.1762547510873389e+01 4.2684669344854072e+01 9.3022340207447556e+01
922 7.1819595931065265e+01 4.0386005125788152e+01 9.3999554415317959e+01
923 1.5656953039559392e+01 3.1887781695286407e+01 1.1984585599874030e+02
924 1.5563491290583650e+01 2.9470116183977339e+01 1.2047526713375990e+02
925 1.7658418697679870e+01 2.8106331833777130e+01 1.2051229962102219e+02
926 1.5463374814739559e+01 2.7040691840570432e+01 1.2105653647830090e+02
927 1.7554989711237589e+01 2.5671392236473700e+01 1.2106940966602360e+02
928 1.5355863231000781e+01 2.4600595379382561e+01 1.2158950683102020e+02
929 1.7444967065635669e+01 2.3226153213545611e+01 1.2157803638396121e+02
930 1.5243340526900230e+01 2.2150458343076121e+01 1.2207373904641661e+02
931 1.7328394773230670e+01 2.0771592933969579e+01 1.2203797630888729e+02
932 1.5123510735217810e+01 1.9691605429107462e+01 1.2250926535844580e+02
933 1.7204624198149311e+01 1.8308676799051671e+01 1.2244914560775150e+02
934 1.9406749787668229e+01 1.9384772380888659e+01 1.2195330525418311e+02
935 1.4996303530308040e+01 1.7225032886549020e+01 1.2289592801425189e+02
936 1.9280012907799659e+01 1.6918103018869839e+01 1.2233993171699090e+02
937 2.1477574165844789e+01 1.7990551453659791e+01 1.2181975975326770e+02
938 2.1346761119651099e+01 1.5520390877071801e+01 1.2218196780508760e+02
939 2.3540039515879890e+01 1.6589487882485159e+01 1.2163739322834770e+02
940 5.1052451216855417e+01 4.7916366829538553e+01 1.0355032117095389e+02
941 6.7651263440876804e+01 5.2571135832217998e+01 9.1019680466169362e+01
942 6.9546273635424811e+01 5.1032845739810732e+01 9.0465266700116999e+01
943 3.0845497413013248e+01 4.8061986674552351e+01 1.1119172957661441e+02
944 7.3554591559666335e+01 4.1086690712592763e+01 9.2339622626359073e+01
945 7.3606037876611154e+01 3.8776000388623821e+01 9.3292941758572098e+01
946 7.3481019083725883e+01 4.3378774705560360e+01 9.1344522219240659e+01
947 1.5743262544714621e+01 3.4292279495025753e+01 1.1916874276203140e+02
948 4.9025546864256917e+01 4.9342857685561832e+01 1.0385941531745181e+02
949 2.3404737340711101e+01 1.4116115996890009e+01 1.2197521690562660e+02
950 2.5593320789760160e+01 1.5182142134829981e+01 1.2140627863150340e+02
951 3.5118240743194427e+01 5.6765964420750770e+01 1.0568507203235990e+02
952 2.1206983347074210e+01 1.3044055044394240e+01 1.2249537332207990e+02
953 1.3552202483589999e+01 3.3232463153220699e+01 1.1973696672545870e+02
954 1.3636042232695189e+01 3.5630649499938663e+01 1.1903577264184359e+02
955 2.6603712817134891e+01 4.1581923091705796e+01 1.1483982817968200e+02
956 2.5721869000957000e+01 1.7648253118800231e+01 1.2104513462734620e+02
957 2.7770670075710321e+01 1.6241579700333091e+01 1.2078907637855239e+02
958 2.7636132795822331e+01 1.3768369911743850e+01 1.2112669463856869e+02
959 2.9809128848009561e+01 1.4824933484865340e+01 1.2048500813168449e+02
960 2.9934367073651629e+01 1.7276819617894819e+01 1.2012678790257650e+02
961 3.1970348715862627e+01 1.5860775386919808e+01 1.1979704757260011e+02
962 3.1834245511030478e+01 1.3401877304856900e+01 1.2013313655044971e+02
963 3.3989126366920758e+01 1.4449193573981409e+01 1.1941926182101071e+02
964 3.4121589142489853e+01 1.6905250384261759e+01 1.1905851361341840e+02
965 3.6130599150145137e+01 1.5490339923495069e+01 1.1865761321595051e+02
966 3.6250583838395357e+01 1.7955024134891779e+01 1.1827304122111229e+02
967 3.8257807207342097e+01 1.6524899863618391e+01 1.1784849541756240e+02
968 3.8369665160318831e+01 1.8982115114507401e+01 1.1744125383043470e+02
969 4.0365365286063010e+01 1.7555305713211759e+01 1.1699336958408530e+02
970 4.0476940869936833e+01 1.9998266540672152e+01 1.1656194315976320e+02
971 4.2462014689025871e+01 1.8568855013428220e+01 1.1609123537993401e+02
972 4.2350550830831438e+01 1.6109071655781719e+01 1.1649862082751901e+02
973 4.4433611591961423e+01 1.7126957588606750e+01 1.1557387890285931e+02
974 4.4538730039739718e+01 1.9576961636181661e+01 1.1514358036617870e+02
975 4.6502003632700081e+01 1.8134005745846359e+01 1.1460244977204439e+02
976 4.6392374103642943e+01 1.5671697138410229e+01 1.1500932802964110e+02
977 4.8448753725826307e+01 1.6677965176182031e+01 1.1401562936718931e+02
978 4.8558716343353510e+01 1.9137034756415211e+01 1.1358179857625730e+02
979 5.0494710397876638e+01 1.7676747801742799e+01 1.1297263743485919e+02
980 5.0376189652106540e+01 1.5213471175577180e+01 1.1338337537278061e+02
981 5.2409907039269847e+01 1.6209005378044690e+01 1.1231860838164620e+02
982 5.2515899067960433e+01 1.8669063109031459e+01 1.1188631027840179e+02
983 5.4420602079378320e+01 1.7197832529661770e+01 1.1120985849105141e+02
984 5.4515899388487043e+01 1.9654303212379460e+01 1.1075524853974289e+02
985 5.6409707660282869e+01 1.8179387050872879e+01 1.1005659802181781e+02
986 5.6303326211784317e+01 1.5719378292392710e+01 1.1048907911458970e+02
987 5.8281159362059462e+01 1.6697542598044389e+01 1.0931376187196520e+02
988 5.8376070576835183e+01 1.9154063314757831e+01 1.0885934154927909e+02
989 6.0235855388928258e+01 1.7668633342782350e+01 1.0809468590713630e+02
990 6.0129091287386117e+01 1.5208675664781371e+01 1.0852736321074370e+02
991 6.2071749615818739e+01 1.6176478349808509e+01 1.0728662287456569e+02
992 6.1952764208053367e+01 1.3713381842523040e+01 1.0769771662121020e+02
993 6.3883018844735332e+01 1.4678195242600330e+01 1.0643547570102410e+02
994 4.9114249194513917e+01 4.7059038811484513e+01 1.0487248157738230e+02
995 6.9361583332516830e+01 5.3248776963767632e+01 8.9322665149833355e+01
996 7.1239888074425480e+01 5.1700798548962872e+01 8.8751933931283375e+01
997 7.5258354116962238e+01 4.1772358316013900e+01 9.0643533781094703e+01
998 7.5169909505004682e+01 4.4055916919134063e+01 8.9630133824644957e+01
999 1.3155581560159460e+01 2.3520244326140720e+01 1.2206034892893200e+02
1000 3.5984450354696477e+01 1.3027874871578430e+01 1.1899745295173710e+02
1001 3.7173575853802348e+01 5.7594213435724782e+01 1.0452766063086740e+02
1002 3.9250254503209703e+01 5.6204975924690359e+01 1.0452472531768861e+02
1003 7.5167477704071345e+01 2.5434901701421360e+01 9.6581137242460400e+01
1004 6.5734971861133985e+01 5.4087206460133807e+01 9.1534078745321835e+01
1005 7.0059586611529383e+01 3.9669722970231149e+01 9.5618865310600341e+01
1006 5.2733968131202651e+01 5.3261641714488583e+01 1.0003662392851309e+02
1007 5.0696305376720673e+01 5.4677171172547517e+01 1.0032592672743280e+02
1008 5.2585459129879133e+01 5.5483404470717147e+01 9.8900764994203229e+01
1009 5.2600492126793448e+01 2.1121701071846271e+01 1.1140943394457540e+02
1010 5.4589779736897341e+01 2.2102863166965079e+01 1.1025615351579910e+02
1011 3.8879056570842828e+01 3.0928975104802380e+01 1.1470317109447200e+02
1012 4.5214597160051881e+01 3.8406723501690387e+01 1.1002528706401510e+02
1013 4.5029767548484067e+01 3.1308431950712109e+01 1.1232587468307170e+02
1014 1.3366182104120631e+01 2.8398935554775981e+01 1.2099522980396860e+02
1015 1.2911845646526070e+01 1.8604121037372739e+01 1.2293157008037871e+02
1016 1.2783281367746911e+01 1.6133842184242230e+01 1.2329349883042080e+02
1017 5.9994819422014899e+01 1.2748028066521339e+01 1.0891790221508590e+02
1018 5.2283343658316838e+01 1.3742416187942229e+01 1.1270580274867710e+02
1019 5.0239493812765318e+01 1.2743987143947200e+01 1.1374789691731461e+02
1020 5.1126927338059772e+01 4.5619913870727537e+01 1.0454597438159040e+02
1021 5.8839327528853516e+01 3.0235944035755519e+01 1.0605998879982479e+02
1022 2.1590471196978442e+01 2.0451047114831031e+01 1.2141089829747330e+02
1023 6.3987027829079238e+01 5.3377573690360357e+01 9.3174539958782674e+01
1024 3.0375618250074290e+01 2.6996644523671900e+01 1.1820957237207250e+02
1025 3.9213829156823287e+01 5.8399782090368909e+01 1.0332831680936690e+02
1026 6.3751448600179756e+01 1.2212259293662100e+01 1.0682515398689110e+02
1027 6.5668938513645415e+01 1.3174383379353140e+01 1.0554158487091659e+02
1028 4.7075257344040168e+01 4.8476407466425329e+01 1.0516158074668471e+02
1029 5.0535413606861667e+01 5.6888515379430039e+01 9.9170906971287550e+01
1030 4.8786653058097230e+01 5.3849429783531427e+01 1.0171087156925449e+02
1031 6.3986762977274182e+01 1.7138255938893881e+01 1.0600459587708031e+02
1032 1.1441802945733979e+01 3.4563504417430330e+01 1.1958030484882229e+02
1033 1.1523134659516179e+01 3.6954670646744091e+01 1.1885524677105900e+02
1034 5.2663652376007732e+01 2.3565938137718941e+01 1.1088817014500790e+02
1035 6.0318904224871211e+01 2.0121471421565861e+01 1.0761856801194639e+02
1036 6.3783871531518294e+01 5.5576612260545943e+01 9.2020964470558056e+01
1037 6.2029003777138030e+01 5.4862143617619353e+01 9.3635185096711936e+01
1038 3.5080613825568769e+01 5.8960967503374327e+01 1.0448901781856000e+02
1039 2.3260497949904771e+01 1.1637063875478621e+01 1.2226417291864570e+02
1040 7.1041136218221979e+01 5.3906233765767261e+01 8.7591523140167425e+01
1041 7.2905211434748338e+01 5.2347693591555000e+01 8.7003155812299781e+01
1042 5.2136259554240638e+01 1.1270282248400310e+01 1.1304773849013630e+02
1043 6.5524424936044355e+01 1.0705908512255730e+01 1.0591002435901849e+02
1044 6.7428794201100672e+01 1.1665644329929989e+01 1.0460530796739320e+02
1045 5.2414254241433490e+01 5.7683510361782943e+01 9.7725936089947240e+01
1046 2.1058296763417829e+01 1.0562534564254801e+01 1.2275985093263490e+02
1047 5.7007281504519803e+01 4.3516461329191578e+01 1.0237913580827590e+02
1048 3.2774853962839650e+01 3.5134873269383718e+01 1.1539648880299120e+02
1049 1.9742688702448309e+01 2.6733048442922531e+01 1.2050132930281960e+02
1050 6.7559996674321170e+01 1.4131634945832269e+01 1.0421585168832740e+02
1051 6.9306352132665793e+01 1.2620315910481150e+01 1.0325869058041840e+02
1052 2.8215949533914280e+01 2.5991144965749559e+01 1.1896772913386630e+02
1053 7.6935677057345217e+01 4.2439867036375951e+01 8.8908713193154554e+01
1054 7.6828543167870976e+01 4.4715825108374410e+01 8.7879860830453396e+01
1055 7.7012377593992085e+01 4.0146836561198583e+01 8.9901753105536230e+01
1056 5.0082126473287417e+01 1.0269415192049181e+01 1.1406717196251930e+02
1057 3.6352699903093402e+01 2.0391964836483950e+01 1.1784586959186660e+02
1058 4.7154339761652679e+01 4.6183034092269637e+01 1.0615364149983210e+02
1059 4.5113950033262277e+01 4.7565613986231362e+01 1.0642952540770420e+02
1060 6.3594006142336902e+01 9.7414923805796079e+00 1.0717231782959411e+02
1061 6.5528163494257569e+01 5.6268336850472707e+01 9.0360024663296670e+01
1062 1.0695890440747769e+01 1.7509588153392659e+01 1.2330455080968460e+02
1063 1.0564442538173090e+01 1.5035940164082520e+01 1.2364187420627270e+02
1064 1.2649498459280220e+01 1.3657076904968550e+01 1.2360612622010470e+02
1065 1.0428338003444161e+01 1.2556305296142920e+01 1.2392977432318671e+02
1066 1.2511085910103830e+01 1.1174820436648581e+01 1.2386927027135771e+02
1067 4.5116634204158061e+01 4.9828295699200069e+01 1.0538799868012140e+02
1068 6.6441590718684949e+01 3.3481926347801348e+01 1.0044638187018570e+02
1069 5.4451665464234807e+01 5.6267795094410189e+01 9.7436909656374695e+01
1070 1.0287631282458911e+01 1.0071675477914500e+01 1.2416813599174210e+02
1071 4.1208060503465489e+01 5.7009389020906127e+01 1.0332872453004400e+02
1072 4.1108313448737910e+01 5.9258584298762507e+01 1.0209567450341260e+02
1073 7.2692063504172310e+01 5.4542502352977820e+01 8.5825283807167139e+01
1074 7.4541577537086113e+01 5.2973272090162261e+01 8.5219631906880551e+01
1075 6.1848654531036352e+01 5.7040221142196430e+01 9.2445427711433311e+01
1076 6.9161474777323264e+01 1.0151896455671659e+01 1.0362735838078180e+02
1077 7.1017915123360225e+01 1.1107083856730030e+01 1.0226479560303621e+02
1078 5.4271905980479197e+01 5.8455791322051617e+01 9.6241782413662648e+01
1079 6.0678122932340457e+01 4.7398987043242947e+01 9.8470815090981475e+01
1080 3.3018258127446593e+01 5.8121144637822773e+01 1.0562540970911590e+02
1081 3.2918906205456473e+01 6.0230272303691322e+01 1.0446846372211830e+02
1082 3.0897477338837732e+01 5.9450320625617380e+01 1.0552727264365031e+02
1083 1.3714857777171771e+01 3.8014556471311238e+01 1.1828692308299109e+02
1084 1.1599426152344350e+01 3.9331079945638230e+01 1.1808268062356190e+02
1085 1.3788617588439200e+01 4.0383230433029283e+01 1.1749071761119110e+02
1086 1.1670646905332260e+01 4.1691781679096223e+01 1.1726291545596860e+02
1087 1.3857292160360110e+01 4.2735723844443370e+01 1.1664747473252000e+02
1088 1.1736768428041939e+01 4.4035831495598892e+01 1.1639627919894060e+02
1089 5.6876853443487178e+01 2.9393385984477391e+01 1.0735945418422919e+02
1090 5.8782233154364121e+01 2.7912054952946558e+01 1.0672659581233570e+02
1091 1.3920854021044921e+01 4.5071095637609083e+01 1.1575753176942850e+02
1092 1.1797764269880339e+01 4.6362291704893543e+01 1.1548311853298171e+02
1093 4.7232054816050002e+01 3.9289981585988087e+01 1.0885968190669290e+02
1094 7.0810685215159822e+01 5.6091103713000813e+01 8.6398118866193684e+01
1095 1.3979277743842740e+01 4.7388411593743413e+01 1.1482124472580180e+02
1096 1.1853610030681050e+01 4.8670231653097808e+01 1.1452379874975480e+02
1097 1.4032539957511910e+01 4.9686744716940218e+01 1.1383898814454760e+02
1098 1.1903469703901560e+01 5.0958803733205713e+01 1.1351875497506531e+02
1099 1.4080619355568469e+01 5.1965175604995700e+01 1.1281115495776800e+02
1100 1.1948552090058820e+01 5.3226979222186387e+01 1.1246831014037730e+02
1101 1.4123496704811201e+01 5.4222792817198417e+01 1.1173815632957420e+02
1102 1.1990033780783101e+01 5.5473736735093119e+01 1.1137281366016239e+02
1103 1.4161154853010300e+01 5.6458693238928191e+01 1.1062042149161100e+02
1104 1.2025076548580889e+01 5.7698442794388512e+01 1.1023287727853000e+02
1105 1.4193578735778370e+01 5.8671982442934571e+01 1.0945839757134780e+02
1106 1.6326821283271428e+01 5.7420718668484668e+01 1.0982393170151420e+02
1107 1.6356192820804150e+01 5.9622397441335991e+01 1.0863997735528140e+02
1108 1.8486166740023400e+01 5.8359428184726482e+01 1.0898366290968480e+02
1109 1.2054878303608390e+01 5.9900093792049979e+01 1.0904888203364951e+02
1110 1.8512053693142239e+01 6.0549307595078588e+01 1.0777794402297150e+02
1111 2.0638327420298658e+01 5.9274446275684419e+01 1.0809995124884910e+02
1112 9.8839678801034250e+00 5.8914793113742540e+01 1.0980143137186330e+02
1113 9.9115755311014038e+00 6.1104561434445188e+01 1.0859554890692060e+02
1114 2.0660298943763660e+01 6.1452342112291781e+01 1.0687264241361380e+02
1115 2.2744417435813009e+01 6.0168945480475870e+01 1.0717923994539710e+02
1116 9.8139068751458236e+00 5.4466938333884180e+01 1.1208050615686400e+02
1117 9.7229774166915988e+00 4.9932251138782817e+01 1.1418070768027330e+02
1118 3.0258174472962480e+01 2.4562902533813979e+01 1.1876913191851710e+02
1119 1.6379979436888991e+01 6.1797828019536830e+01 1.0741380137447349e+02
1120 5.0353912722032639e+01 5.9077162922086288e+01 9.7976386413559837e+01
1121 4.5176545950501939e+01 4.5295769445946867e+01 1.0738888660509430e+02
1122 4.3138746344341683e+01 4.6641081655986213e+01 1.0765062965815930e+02
1123 7.1156027339600882e+01 1.3570337344130870e+01 1.0187082858999651e+02
1124 7.2838950594267857e+01 1.2036949684138539e+01 1.0086921789439690e+02
1125 7.2715407385475572e+01 9.5834817093610667e+00 1.0122068171619210e+02
1126 7.4516276984082779e+01 1.0506007851669310e+01 9.9809559980254988e+01
1127 9.6124333123756820e+00 4.5318055167160040e+01 1.1609855727648539e+02
1128 4.3179359825886507e+01 4.4374846943643902e+01 1.0858828594169260e+02
1129 4.1122916690708450e+01 4.5760162808104042e+01 1.0881136531918369e+02
1130 2.2746426614326520e+01 5.7976409612563423e+01 1.0838051487567000e+02
1131 4.1152898252406722e+01 4.3444541477100408e+01 1.0974520846611740e+02
1132 3.9094873224017128e+01 4.4840504315540798e+01 1.0993598164534670e+02
1133 4.8464982145834753e+01 5.8270570212130551e+01 9.9401640593891031e+01
1134 9.4790201439362747e+00 4.0632231961392108e+01 1.1783110753509230e+02
1135 3.4961031576266123e+01 6.1280130299177053e+01 1.0318658779918640e+02
1136 7.8670826991620970e+01 4.0807135697568093e+01 8.8151452946702506e+01
1137 9.3265986491228610e+00 3.5880373031475102e+01 1.1937593303828190e+02
1138 9.2431898874761913e+00 3.3482161709908880e+01 1.2007709310245470e+02
1139 2.3107379043545439e+01 9.1533232134766891e+00 1.2250414567633030e+02
1140 1.2368099089389760e+01 8.6880657563422510e+00 1.2408282571866469e+02
1141 5.1968713565097687e+01 8.7935924871638402e+00 1.1334427882146730e+02
1142 5.4010288200846666e+01 9.7925876318485017e+00 1.1230313439941941e+02
1143 2.2777883002656871e+01 6.2333308666094048e+01 1.0592793152259100e+02
1144 8.2028115716895016e+00 1.1450897313029460e+01 1.2420382777131231e+02
1145 8.0602556214962320e+00 8.9641150222743455e+00 1.2441734975952340e+02
1146 3.0788720036145520e+01 6.1535053581716582e+01 1.0435751961038130e+02
1147 6.5354069343781063e+01 8.2330966545889268e+00 1.0623587783646560e+02
1148 7.7384003554616809e+00 6.0107292064980143e+01 1.0932625759877530e+02
1149 7.7645278036691519e+00 6.2284903546926543e+01 1.0809857953801290e+02
1150 9.9356501923780201e+00 6.3269867180486564e+01 1.0734620050201261e+02
1151 7.8731957650820902e+01 3.8506009015544009e+01 8.9126685757769465e+01
1152 4.9906521071556583e+01 7.7906842763988591e+00 1.1434003845127810e+02
1153 4.8010015479713168e+01 9.2646825188179243e+00 1.1504001074175549e+02
1154 7.1410498353159170e+01 4.9474592933139142e+01 8.9876611969152620e+01
1155 1.9001292632396780e+01 1.1967064471866300e+01 1.2296641918110900e+02
1156 1.8847862340398251e+01 9.4833911627210075e+00 1.2320642587646240e+02
1157 2.6162209938311339e+01 2.7408646471382681e+01 1.1911886865543380e+02
1158 6.2213701980223810e+01 5.2646218751919427e+01 9.4777797700943353e+01
1159 7.4731987607536965e+01 5.0776634900264384e+01 8.6382077865910333e+01
1160 7.6348672165067626e+01 5.1392817402143677e+01 8.4585214890670741e+01
1161 7.6147922182262818e+01 5.3578038746796913e+01 8.3401964673326333e+01
1162 7.7944649457327415e+01 5.1980458920349911e+01 8.2750610338559810e+01
1163 7.8150568603880387e+01 4.9772160694974851e+01 8.3906022707811530e+01
1164 6.0251495569144737e+01 5.4124940826606348e+01 9.5211596259057089e+01
1165 2.6045187544168812e+01 2.4974863277209220e+01 1.1967833726315629e+02
1166 1.8445317702247671e+01 5.6160318237082564e+01 1.1013986067892390e+02
1167 4.8242596524743327e+01 6.0407793102782840e+01 9.8227035041286896e+01
1168 5.0008277135257003e+01 6.1548281445010161e+01 9.6622881705779989e+01
1169 2.4802515474866489e+01 5.8899810722112413e+01 1.0742740582839340e+02
1170 3.9134144489996601e+01 4.2495084673847607e+01 1.1084983767962220e+02
1171 3.7048501615826908e+01 4.3869509428042647e+01 1.1103096266611830e+02
1172 7.1261284262950646e+00 3.4792093376784187e+01 1.1984877359453070e+02
1173 7.4376344525103420e+01 8.0584976460202391e+00 1.0014100054808820e+02
1174 7.6150895409685006e+01 8.9743721367966742e+00 9.8719308005341617e+01
1175 8.4749253652508898e+00 1.6408431254912919e+01 1.2362822907332379e+02
1176 8.6336485298585686e+00 1.8880834022742071e+01 1.2326383987069580e+02
1177 4.1295580332415469e+01 5.4795352171233617e+01 1.0448513973498579e+02
1178 6.3410754452914510e+01 7.2668828842453861e+00 1.0747682835317970e+02
1179 4.3144003065237243e+01 5.5663220303523488e+01 1.0327245956666380e+02
1180 7.7955161075543259e+01 1.4909802554358009e+01 9.6569615560362294e+01
1181 8.0197296728367178e+01 2.2958387804565302e+01 9.3092996658596263e+01
1182 5.4642213570257773e+01 2.4542532895973132e+01 1.0971277307220160e+02
1183 5.2663815420420264e+01 2.5940211973036590e+01 1.1035682103140630e+02
1184 5.0704023978645807e+01 2.5009486360198501e+01 1.1148375462089510e+02
1185 5.0729654024874620e+01 2.7438646662140879e+01 1.1089915631719970e+02
1186 4.8741766422154683e+01 2.6460870596778388e+01 1.1202259831528930e+02
1187 4.6439264984630917e+01 5.9590498739129373e+01 9.9585978569822061e+01
1188 4.6400046927042020e+01 6.1646316160560580e+01 9.8345144003150992e+01
1189 7.2540737275719877e+01 7.1113432965409711e+00 1.0154934875228760e+02
1190 7.9726048921173899e+01 5.0356254210697003e+01 8.2054888856705219e+01
1191 8.0081627708278830e+01 4.8023757959362143e+01 8.3100250150364928e+01
1192 7.2450188813243997e+01 5.6715400779863216e+01 8.4612844505457815e+01
1193 7.0557411026254172e+01 5.8251813307964007e+01 8.5166765792804028e+01
1194 7.0410825691076049e+00 3.2387053946898362e+01 1.2052593867253520e+02
1195 3.7005766148223039e+01 4.6207637566320017e+01 1.1009281312748190e+02
1196 5.3832143251630832e+01 7.3140390667194879e+00 1.1257710773272871e+02
1197 5.5862932565702543e+01 8.3113233776507425e+00 1.1151347303744009e+02
1198 2.0667681327510969e+01 6.3606228144272940e+01 1.0560347858760690e+02
1199 3.4946875819039882e+01 4.5232978973751763e+01 1.1116516308470359e+02
1200 3.4996249474434570e+01 4.2892516151418690e+01 1.1207361233101850e+02
1201 3.2889105904200363e+01 4.4243393421872263e+01 1.1218658053145090e+02
1202 3.2930705325424832e+01 4.1898342162001022e+01 1.1307120575480710e+02
1203 7.7828223903747391e+00 6.4433633590121062e+01 1.0683040081369120e+02
1204 8.0298125177274301e+01 3.9188010829388020e+01 8.7415735999021095e+01
1205 8.0263613718294309e+01 4.1436625209275050e+01 8.6404620270831046e+01
1206 6.4626902324629569e+01 3.7403192416119467e+01 1.0024651960544830e+02
1207 5.8978227684458297e+01 3.9690121378029801e+01 1.0281664711610399e+02
1208 5.8447248728228203e+01 2.1602973447273229e+01 1.0836157369813820e+02
1209 6.0336642015791391e+01 2.2485221606312550e+01 1.0713964924141411e+02
1210 1.6231810927607601e+01 5.2961326765169233e+01 1.1205635270382210e+02
1211 4.2953560981398823e+01 3.0429943996817741e+01 1.1337552693314279e+02
1212 6.2218982399964410e+01 2.1069021425607669e+01 1.0634798806409179e+02
1213 6.2194243239595018e+01 2.3334095470197880e+01 1.0588860229713950e+02
1214 6.4098956755742023e+01 2.2000572052701280e+01 1.0503474935553190e+02
1215 3.9266615100449293e+01 5.1747631429022427e+01 1.0679567210350440e+02
1216 7.2071935065401096e+00 3.7182755294891528e+01 1.1912388119281330e+02
1217 3.9174502765188443e+01 6.0517317256868388e+01 1.0211764120430800e+02
1218 4.1115402096476252e+01 6.1408621602574371e+01 1.0081420982836160e+02
1219 3.2396184798824173e+01 2.5564449675269810e+01 1.1799129681159130e+02
1220 7.7088370578016887e+00 5.7905795238643329e+01 1.1051014753857029e+02
1221 2.5304942978608569e+01 1.0225773278067050e+01 1.2198398838255351e+02
1222 2.5146982355875029e+01 7.7400945126053324e+00 1.2219950988170631e+02
1223 2.7339500593835101e+01 8.8107478107397945e+00 1.2165493179602390e+02
1224 7.7057932262068533e+01 3.7837843808009737e+01 9.0859081282253328e+01
1225 7.8761931771851266e+01 3.6189381113558007e+01 9.0066013557744952e+01
1226 7.7072322838342515e+01 3.5513812443185422e+01 9.1780314763311594e+01
1227 7.8825116165760306e+01 3.3832105506526410e+01 9.0922987733849013e+01
1228 7.7055152206380811e+01 3.3175261250233852e+01 9.2665557568226049e+01
1229 7.8803391838952820e+01 3.1493213210536712e+01 9.1778009110854754e+01
1230 7.7009024604412133e+01 3.0824857005993231e+01 9.3511701513966244e+01
1231 7.5319361963031639e+01 3.2480295395010401e+01 9.4324037893501412e+01
1232 7.8718045827889654e+01 2.9178383002087308e+01 9.2612586760233427e+01
1233 6.1637989505235623e+01 8.7735776026094658e+00 1.0839180128498400e+02
1234 2.8579029606283331e+01 3.5613937605979167e+01 1.1636101802133140e+02
1235 2.2026528077152040e+01 3.0200181896082430e+01 1.1928026271898450e+02
1236 6.6436233823322596e+01 4.0502843966067438e+01 9.7830191996301423e+01
1237 6.0695493616162203e+01 2.8678310030964539e+01 1.0544482722475431e+02
1238 6.4302103758038157e+01 4.8906108990558153e+01 9.5385701002268362e+01
1239 4.8703527852112643e+01 2.4025684973992991e+01 1.1258655708515531e+02
1240 4.6726127350765033e+01 2.5465251605506008e+01 1.1310698468029440e+02
1241 6.8906697226900860e+01 5.7615173752561027e+01 8.6933070984191133e+01
1242 9.1556839873579463e+00 3.1070788966674140e+01 1.2073019309067649e+02
1243 6.9527882000222414e+00 2.9969080543184809e+01 1.2115491301487420e+02
1244 5.6030089093999742e+01 1.0788061370621881e+01 1.1121711580499711e+02
1245 1.5898499619829520e+01 3.9060733585262540e+01 1.1767113835439611e+02
1246 9.0639216501980826e+00 2.8647532815369001e+01 1.2133492567233650e+02
1247 6.8605565251684393e+00 2.7539284642997231e+01 1.2173545319879889e+02
1248 3.2274246732496032e+01 2.3138436143904439e+01 1.1852419909311530e+02
1249 6.0415703698109859e+01 5.1893434208728763e+01 9.6343210620606442e+01
1250 7.5047574250125834e+01 4.6322996929123818e+01 8.8583528687201408e+01
1251 1.6033925002701029e+01 4.3762500992388823e+01 1.1598601965710751e+02
1252 8.9691998036280083e+00 2.6212977672672970e+01 1.2189107127437410e+02
1253 6.7647999683674467e+00 2.5098678172805531e+01 1.2226730485033970e+02
1254 5.6294763746174119e+01 5.7030942267991911e+01 9.5934202445152025e+01
1255 5.6105103450896813e+01 5.9205764530123389e+01 9.4720086640415147e+01
1256 5.4067915806757831e+01 6.0621184230506692e+01 9.5009117998244335e+01
1257 8.8747946834300961e+00 2.3766851491275489e+01 1.2239842641765711e+02
1258 5.6463586555713277e+01 5.4831638638809217e+01 9.7110013888622831e+01
1259 3.0128941918151860e+01 2.2123760153960951e+01 1.1928028376702770e+02
1260 7.5250032048565458e+01 3.0136519288274979e+01 9.5153680338057868e+01
1261 7.3552887079544277e+01 3.1772326621877220e+01 9.5945255553865522e+01
1262 7.3595372057286980e+01 3.4123849488155052e+01 9.5101441145017588e+01
1263 7.1816537722123869e+01 3.3415311738118902e+01 9.6699544213254143e+01
1264 4.7204562695508990e+01 4.3889159047532011e+01 1.0710028468134990e+02
1265 6.6208653100106076e+00 2.2731622586300219e+01 1.2273727012257000e+02
1266 7.2966195420028711e+01 1.4523877691925740e+01 1.0044894873873081e+02
1267 7.1258052278556704e+01 1.6031012779129760e+01 1.0144109923863139e+02
1268 2.2944592502080109e+01 6.6659549372912492e+00 1.2269519436264611e+02
1269 2.7152292901006351e+01 6.3657054274221547e+00 1.2184921331149110e+02
1270 2.9354702196546221e+01 7.3997124990465322e+00 1.2127879333949330e+02
1271 2.8777953704724869e+01 6.0768435294539159e+01 1.0537564544249361e+02
1272 2.8706144519683232e+01 6.2906509959395869e+01 1.0413322366825820e+02
1273 5.6652619058528071e+00 5.9083086931333227e+01 1.1000951616202400e+02
1274 4.1184808329182623e+01 4.1136490387273987e+01 1.1061916977407760e+02
1275 2.4821720522315630e+01 5.6668315722518372e+01 1.0861668464598350e+02
1276 2.2720286117531849e+01 5.5762576656056858e+01 1.0954142432621040e+02
1277 4.7820776236121738e+01 6.7908886365144188e+00 1.1529118436247080e+02
1278 4.5918383045453659e+01 8.2569315955300855e+00 1.1596691415708931e+02
1279 4.6096540139798620e+01 1.0735201457581470e+01 1.1569297488095410e+02
1280 4.3997888853711167e+01 9.7251661694588023e+00 1.1659591296178820e+02
1281 4.3810745165111008e+01 7.2448181700532546e+00 1.1684661406202819e+02
1282 4.1875472190131340e+01 8.7130213614319540e+00 1.1745436597934010e+02
1283 4.2053549381193562e+01 1.1188551559353030e+01 1.1718069507579830e+02
1284 3.9930954695307094e+01 1.0174839896933261e+01 1.1801267512514541e+02
1285 3.9744217740796330e+01 7.6944469256578234e+00 1.1826323453500000e+02
1286 3.7787862619238624e+01 9.1557535445506826e+00 1.1879919871657800e+02
1287 3.4404604605678657e+01 2.4186372877557840e+01 1.1771296678342050e+02
1288 5.5858185493430277e+01 6.1315805345313287e+01 9.3515961890135031e+01
1289 5.7899930819409299e+01 5.9934428491765132e+01 9.3168998558925765e+01
1290 2.2754715698390360e+01 6.4490216000906372e+01 1.0463381362466851e+02
1291 3.0839831587887929e+01 4.3233798113924301e+01 1.1315804650255831e+02
1292 3.0875545011538549e+01 4.0885266168182248e+01 1.1401796231558140e+02
1293 2.6893141262539729e+01 5.7616660350395691e+01 1.0762006970402980e+02
1294 3.2958117694601320e+01 3.9584256075611798e+01 1.1389402595820910e+02
1295 3.7571943378634813e+01 6.7091403776988390e+00 1.1903082166457980e+02
1296 3.5630726207331982e+01 8.1301171956947229e+00 1.1953807989223520e+02
1297 3.5498613609158149e+01 5.8189506197861549e+00 1.1971210567654460e+02
1298 4.8783939608080210e+01 2.8838653474909151e+01 1.1141570491662880e+02
1299 7.9468092584856578e+01 5.2546197701232693e+01 8.0924158123934959e+01
1300 6.4086449431722032e+00 1.8010664987485189e+01 1.2352953175941749e+02
1301 6.2500814042678723e+00 1.5372295694864739e+01 1.2389361972074940e+02
1302 7.3048780618387923e+01 1.7068669308461310e+01 9.9987680132129398e+01
1303 4.6570079029148459e+01 5.7459693702260772e+01 1.0077009148979300e+02
1304 6.1426325987658061e+01 6.3440653531802029e+00 1.0868099792720230e+02
1305 3.8702362920077363e+01 6.2819332300224879e+01 1.0090024080128130e+02
1306 4.8047427827404894e+00 3.3756554899258518e+01 1.2025975822412521e+02
1307 7.5977858197737206e+01 6.5593701109670519e+00 9.9042110879321882e+01
1308 7.7798114894538614e+01 7.4719261358287969e+00 9.7553183641933941e+01
1309 7.7904903895933387e+01 9.8792407856176272e+00 9.7253414081281349e+01
1310 3.4919243223038620e+01 4.7561388448737681e+01 1.1019782566620160e+02
1311 5.2795894942744127e+01 2.8140865152419469e+01 1.0975283680009400e+02
1312 3.0974257375519802e+01 5.7263870707063113e+01 1.0670728415473720e+02
1313 1.4727108421267600e+01 1.2273683165059641e+01 1.2352112766289000e+02
1314 2.9520895854607868e+01 9.8782670491741111e+00 1.2106170553914480e+02
1315 4.6678576264919023e+01 2.3025349539023839e+01 1.1364833389225690e+02
1316 4.4689645841753538e+01 2.4458546526348041e+01 1.1414733924344060e+02
1317 7.6251447992762323e+01 1.4036284404586670e+01 9.8049474241938796e+01
1318 2.3987144018577670e+01 2.6387253985579878e+01 1.1980538280449881e+02
1319 7.1853727576793474e+01 3.5753451855790040e+01 9.5831792812801183e+01
1320 7.0062585947150438e+01 3.5020979352731104e+01 9.7415425141882650e+01
1321 5.7867061366494561e+01 9.3050616370901764e+00 1.1040751349766150e+02
1322 5.7688515441371393e+01 6.8268062581231082e+00 1.1068166019031661e+02
1323 2.3872650474897320e+01 2.3947346503066189e+01 1.2033960758937791e+02
1324 2.5935359434610191e+01 2.2541806054158489e+01 1.2018412586866150e+02
1325 7.6691018782334908e+01 4.6973800325681268e+01 8.6815607589249637e+01
1326 7.8549155263404970e+01 4.5315722215524993e+01 8.6032061044071654e+01
1327 4.0100170212863183e+01 1.2646297672658420e+01 1.1771596112708730e+02
1328 6.0506907918527473e+00 1.0335977363954809e+01 1.2442490390943929e+02
1329 5.8767747646677186e+00 7.8496721570869283e+00 1.2461479111803550e+02
1330 7.9020219855267833e+00 6.5117067813274883e+00 1.2457991701447820e+02
1331 8.1164124928538328e+01 5.0968158714772663e+01 8.0247315355782249e+01
1332 3.9277518898990238e+01 4.9488742121997127e+01 1.0785703923398751e+02
1333 3.1520283222747238e+01 8.4690461166912741e+00 1.2066377668310879e+02
1334 3.1404329967892995e+01 6.0792932318156563e+00 1.2083795038426170e+02
1335 3.2179340025036979e+01 2.0735515015548120e+01 1.1899381703514280e+02
1336 1.6149432662103852e+01 4.8395581510792702e+01 1.1411425640525550e+02
1337 7.3506397978782502e+01 2.9430558388305041e+01 9.6724617803005074e+01
1338 4.5232077865341218e+01 4.0746321654398457e+01 1.0917324032756380e+02
1339 3.1002917922516410e+01 6.3675230882352423e+01 1.0300137888576459e+02
1340 8.1846725858143500e+01 3.9596126842148301e+01 8.5780301966141423e+01
1341 2.4776998540360861e+01 5.4475954060447627e+01 1.0974274815465010e+02
1342 3.9129839684489262e+01 4.0217924840489253e+01 1.1169769096893150e+02
1343 5.8468095381138241e+01 2.3785572705188461e+01 1.0789220710314680e+02
1344 9.9495133752161369e+00 6.5333115901423966e+01 1.0610179616862050e+02
1345 1.2099781035429279e+01 6.4216777987789200e+01 1.0655890729433020e+02
1346 3.9408249973788337e+01 5.4584622472600337e+00 1.1849976803310059e+02
1347 6.5192741170285885e+01 5.8298410245591086e+00 1.0649375311412631e+02
1348 6.7088202268895955e+01 6.7217516323485231e+00 1.0525678681833639e+02
1349 6.6825375192864030e+01 4.2780746246399097e+00 1.0555125441148940e+02
1350 5.7646737239395760e+00 5.6169663144873132e+00 1.2474060375947531e+02
1351 8.0434592455377796e+01 3.4526741926119371e+01 8.9236654063811869e+01
1352 4.0942520591127881e+01 6.3249349755827964e+01 9.9740812925853035e+01
1353 4.3251687241914958e+01 5.3417092074305828e+01 1.0440740311420790e+02
1354 3.0777607550252590e+01 3.8652879620660990e+01 1.1482026724630680e+02
1355 6.8723441221578966e+01 5.1939702333453628e+00 1.0428380171378150e+02
1356 4.1225428672871182e+01 5.0330649087022358e+01 1.0673467006187370e+02
1357 2.6703835786940601e+01 6.2026099161970293e+01 1.0518872647300920e+02
1358 2.6690925390279350e+01 6.4172382713467002e+01 1.0389658222813139e+02
1359 4.4745382548753902e+01 2.6847470830594190e+01 1.1358725302852460e+02
1360 4.2693035618855838e+01 2.5845504523326550e+01 1.1460503743545399e+02
1361 4.2634168912327418e+01 2.3442776618513030e+01 1.1514236347048650e+02
1362 4.0622496161861910e+01 2.4859436620840992e+01 1.1557171460385059e+02
1363 4.0727626334086168e+01 2.7211428006751500e+01 1.1500347229116360e+02
1364 3.8617762080306669e+01 2.6216831570156749e+01 1.1595838130265039e+02
1365 3.8542402300174338e+01 2.3827207954527271e+01 1.1649784283849731e+02
1366 4.5011707471869897e+01 5.4330102741598559e+01 1.0318520304071779e+02
1367 5.5317903777328521e+00 5.6872875876745873e+01 1.1117497598257030e+02
1368 5.6729402677706027e+01 2.7234795669814680e+01 1.0800481830295411e+02
1369 6.8527935436044842e+01 5.9699975590037717e+01 8.5818616741486636e+01
1370 6.6972077418013768e+01 5.9116823867087660e+01 8.7435358878335393e+01
1371 7.0213564922255188e+01 6.0426549369319893e+01 8.3926678906205993e+01
1372 7.7527924145067999e+01 4.6382291945226122e+00 9.7943390832131513e+01
1373 4.9835118492741103e+01 5.4765792630499890e+00 1.1450531884759759e+02
1374 8.0614302888464437e+01 2.9955294979219190e+01 9.0713915539540437e+01
1375 5.7493855404447434e+00 6.3331299697400588e+01 1.0761547771833450e+02
1376 5.6596121519565079e+00 6.5284468039844953e+01 1.0644673326619230e+02
1377 4.4742014660465777e+01 5.8802499946713631e+01 1.0082369822685240e+02
1378 4.6196106685336034e+00 2.9039902963063611e+01 1.2149215296951080e+02
1379 6.3921141226900460e+01 2.4526389696030929e+01 1.0458271325954910e+02
1380 6.5903505987614835e+01 2.2876804718394830e+01 1.0372260941770050e+02
1381 6.5921346800286344e+01 2.0514940448580639e+01 1.0420419019611241e+02
1382 6.7823858037797052e+01 2.1574970457036290e+01 1.0275915983817090e+02
1383 6.7764974467894078e+01 1.9103354047371401e+01 1.0328586592320580e+02
1384 6.0564063717309367e+01 2.6486397535408429e+01 1.0609177598495560e+02
1385 6.2730274715373831e+01 2.6951734885050961e+01 1.0470681267625170e+02
1386 4.2965025881100757e+01 6.2475754925415274e+01 9.9376992294674508e+01
1387 4.5032924411947057e+00 2.4082718731817700e+01 1.2257545845589659e+02
1388 7.9619422818169042e+01 8.2551712377271986e+00 9.6008331190253614e+01
1389 6.7373398156665644e+01 2.3996066603922831e+01 1.0251835937218030e+02
1390 7.1331218545212337e+01 1.8485332548237849e+01 1.0097103417038080e+02
1391 5.7634201256450517e+01 6.2350123434513861e+01 9.1737456653385834e+01
1392 5.9699935141960367e+01 6.0593594197170319e+01 9.1593308086968719e+01
1393 3.0792127194508591e+01 4.5604294425639253e+01 1.1223677308608271e+02
1394 2.8694846518794620e+01 4.4747543292384691e+01 1.1313382850659210e+02
1395 2.8710667502356401e+01 4.0024430979675842e+01 1.1488578021810321e+02
1396 1.2230713665428199e+01 6.6475134204674262e+01 1.0514973217134150e+02
1397 1.4333461181268669e+01 6.5091789434146506e+01 1.0574786446461130e+02
1398 5.3836434509792987e+01 6.2707272054189119e+01 9.3778656157969579e+01
1399 3.6935261084471300e+01 4.8489361889701321e+01 1.0913096843770570e+02
1400 7.3146141024798609e+01 1.9534257495680510e+01 9.9463836831648138e+01
1401 8.1962811963454456e+01 2.3762578020214310e+01 9.1336944008854573e+01
1402 8.0289714898886913e+01 2.5360059551108751e+01 9.2387385832805535e+01
1403 7.8550953140480686e+01 2.4571280263783631e+01 9.4079753118939493e+01
1404 2.8718837591921329e+01 4.7174128880133772e+01 1.1213754916070430e+02
1405 8.1563939475808127e+01 1.6360997214592320e+01 9.3298668518531443e+01
1406 2.0651106499444801e+01 6.5675159938422780e+01 1.0433266586937749e+02
1407 1.8536273852403252e+01 6.4838874139444798e+01 1.0524888100116760e+02
1408 1.8523297639813940e+01 6.6860390846275280e+01 1.0397872657630580e+02
1409 8.1500372861615787e+01 1.3849876570726259e+01 9.3759640263778991e+01
1410 7.9716624676027237e+01 1.3097491500244081e+01 9.5387187119981888e+01
1411 7.9801780815802175e+01 1.5585720050611039e+01 9.4940829515707563e+01
1412 6.0597131437862963e+01 6.3923907820359751e+01 8.8694541379255739e+01
1413 6.1981291362232142e+01 6.2015076661008791e+01 8.9092366607915892e+01
1414 6.4119464157561083e+01 6.1642703848557979e+01 8.7828647822827222e+01
1415 6.3330671303478063e+01 5.9981578633338231e+01 8.9534553647759267e+01
1416 8.2312447690179852e+01 2.8419691074813240e+01 8.9677099163964854e+01
1417 8.0408716645381318e+01 3.2324165416486522e+01 9.0081000313997365e+01
1418 7.8025102485450802e+01 1.2304430603788511e+01 9.6879741791828963e+01
1419 4.0413309032940148e+01 6.6429629397539713e+01 9.7871695556547948e+01
1420 3.5621067452725860e+01 6.6781095447898466e+01 9.9480776255048539e+01
1421 3.7020141417745997e+01 6.4847974892187580e+01 1.0024594396678749e+02
1422 3.4635450002057283e+01 6.5035618082899433e+01 1.0097402628265471e+02
1423 3.6048550432413187e+01 6.3142201664942917e+01 1.0167873121073769e+02
1424 3.3586535061141177e+01 6.3407641755666567e+01 1.0235436302166990e+02
1425 8.3817834090941858e+01 4.4044905736687390e+01 8.1606476256175071e+01
1426 8.2055363734788898e+01 4.3899756711534373e+01 8.3454949781421490e+01
1427 8.2212906740336066e+01 4.6166575345970067e+01 8.2065128319705138e+01
1428 8.0395407607200724e+01 4.5771387751609673e+01 8.4062824714399454e+01
1429 8.1472823035223144e+01 4.8788142084909161e+01 8.1282816748522748e+01
1430 8.3347197508138279e+01 3.7645530028626041e+01 8.5211846221069550e+01
1431 8.2945375076312843e+01 3.3262332207578517e+01 8.7399553829310037e+01
1432 3.3259449322089189e+01 6.6979393936785982e+01 1.0016271670962310e+02
1433 2.8447953932101640e+01 6.7109487649112069e+01 1.0154816878974580e+02
1434 2.3491181824787851e+01 6.7755303440653961e+01 1.0238351054803530e+02
1435 6.9757862147233652e+01 2.0281080735992440e+01 1.0172275277846011e+02
1436 4.5045324230891133e+01 6.5969605657266243e+01 9.6145358152948177e+01
1437 4.4023890219850557e+01 6.4344292571631769e+01 9.7707262285701162e+01
1438 4.6296466016055753e+01 6.3809104957692234e+01 9.7005336754852877e+01
1439 4.8615429162230797e+01 6.3720594570337809e+01 9.5923020568447271e+01
1440 1.6259658507956459e+01 6.8072283210858927e+01 1.0357020693068669e+02
1441 1.1181513529913840e+01 6.8356550304393437e+01 1.0405458080095890e+02
1442 3.9091228372628493e+01 4.7135949541690863e+01 1.0897283205057199e+02
1443 6.3202466931696772e+00 6.8560859996951706e+01 1.0432862961917920e+02
1444 8.1398985784567316e+01 8.9460292407469506e+00 9.4441376917469313e+01
1445 7.9473907334753065e+01 5.8559572200044414e+00 9.6304754908491191e+01
1446 3.6512219645367402e+01 2.5223361093034971e+01 1.1685734838570841e+02
1447 3.2908719016939123e+01 4.6656974268541262e+01 1.1119866440191100e+02
1448 6.8232713223700728e+01 3.1900990112775368e+01 9.9757825136461477e+01
1449 6.4615950170376166e+01 3.5053139743384023e+01 1.0109924024299220e+02
1450 5.8986315251810908e+01 3.7345426244006489e+01 1.0368670961925380e+02
1451 5.7067375323551623e+01 3.8854269490746532e+01 1.0420489631500691e+02
1452 5.7042483723097511e+01 4.1189706763454360e+01 1.0331777730594480e+02
1453 5.5122929655005443e+01 4.0344547838736091e+01 1.0468419214923161e+02
1454 5.5081741809543168e+01 4.2675753700540930e+01 1.0377755906417140e+02
1455 5.3157258418190381e+01 4.1820192561737137e+01 1.0512077516628651e+02
1456 5.3174295800527737e+01 3.9496835973520461e+01 1.0600704794587389e+02
1457 5.1208197735345848e+01 4.0950517158940563e+01 1.0642262743003970e+02
1458 5.1167375139890737e+01 4.3283093207277389e+01 1.0551527644708050e+02
1459 5.5033611667901141e+01 4.4988220368356288e+01 1.0282198993831460e+02
1460 5.5135887888245719e+01 3.8005539993011297e+01 1.0554910135389321e+02
1461 5.3106573671346048e+01 4.4146545097514618e+01 1.0419104754652869e+02
1462 2.6468074170603849e+01 3.6983009379827507e+01 1.1643323437451610e+02
1463 5.8954484027271519e+01 4.2014344550575437e+01 1.0190271667165560e+02
1464 6.2606676530918890e+01 4.5886139518610193e+01 9.7978907188391972e+01
1465 5.8726365688522733e+01 4.8891565754315280e+01 9.8923347957443099e+01
1466 6.4612129274262188e+01 3.9743829225189110e+01 9.9351400539524548e+01
1467 5.4755034183808682e+01 5.1822333419550830e+01 9.9706228443778016e+01
1468 5.4611841714140091e+01 5.4060554256754571e+01 9.8590076671246209e+01
1469 6.9834181965054995e+01 4.6542156500166953e+01 9.2639163951244484e+01
1470 6.9700333894412040e+01 4.8798398005342698e+01 9.1572811506034057e+01
1471 2.0325926857990812e+01 4.5782884352879350e+01 1.1452416425232920e+02
1472 2.0281664660415050e+01 4.3455207574346268e+01 1.1543525896914230e+02
1473 2.0171517093984420e+01 3.8752813618767057e+01 1.1711673379477500e+02
1474 2.0102324195434630e+01 3.6377162085084123e+01 1.1788807675323730e+02
1475 1.7933770308863132e+01 3.5338653263963089e+01 1.1855192730613170e+02
1476 1.5825457059595818e+01 3.6683915596730891e+01 1.1844342634923569e+02
1477 2.0383387041309181e+01 5.0379025742576488e+01 1.1256762988511839e+02
1478 2.0455446091683669e+01 5.2642582087956519e+01 1.1151382549398519e+02
1479 5.0601184549605428e+01 2.0130845770126541e+01 1.1251341773653550e+02
1480 5.0679842437363789e+01 2.2578429888186559e+01 1.1201235679293700e+02
1481 4.8940255525739680e+01 5.1560863042524119e+01 1.0281696742943440e+02
1482 4.7020740290595121e+01 5.0707477173159717e+01 1.0412877479956200e+02
1483 7.1666498094055399e+01 4.4967977649878080e+01 9.2015183730810548e+01
1484 7.3375961781611821e+01 4.5651183160812757e+01 9.0315766666963327e+01
1485 6.4155860084831389e+01 5.1152530686214192e+01 9.4299757269949822e+01
1486 3.9265222926310933e+01 5.3988378153008718e+01 1.0568111133478320e+02
1487 7.5324325081991830e+01 3.9470496655307358e+01 9.1615096707506609e+01
1488 5.6499390718585197e+01 2.0630630684105341e+01 1.0957735133687390e+02
1489 5.6507934567813479e+01 2.2969165633949061e+01 1.0910669439113219e+02
1490 1.6277959261794290e+01 5.5211514088376411e+01 1.1095817569850530e+02
1491 6.7458087377248319e+01 5.4771558045220260e+01 8.9858126380993482e+01
1492 6.7235555529170099e+01 5.6954964165425871e+01 8.8659529265606508e+01
1493 6.9147944657937899e+01 5.5440760479262707e+01 8.8146944513487128e+01
1494 1.9639812769538029e+01 2.4292174698764239e+01 1.2103374737147570e+02
1495 3.6737790095373768e+01 2.9968508672992449e+01 1.1565994668347830e+02
1496 9.6714024158057086e+00 4.7634164653811467e+01 1.1516271242483450e+02
1497 7.5392823989934170e+00 4.8883609520371742e+01 1.1479787428854270e+02
1498 7.5871050528515447e+00 5.1172203009730538e+01 1.1379297639155030e+02
1499 5.4017738184164941e+00 5.0113432515073953e+01 1.1438734510937741e+02
1500 5.4483134153472310e+00 5.2391935925758283e+01 1.1335960890405090e+02
1501 5.3038662761944311e+00 4.7657503225661287e+01 1.1543669862231999e+02
1502 7.6325385739761007e+00 5.3438596100570400e+01 1.1274334038743430e+02
1503 9.7692508391983015e+00 5.2210757523523782e+01 1.1315298730860189e+02
1504 9.5485582252192724e+00 4.2983960134133348e+01 1.1698805155658771e+02
1505 7.0891585215532569e+00 4.1760572022889789e+01 1.1760441512025530e+02
1506 6.2165684551451797e+01 1.8632811979705458e+01 1.0683279450608011e+02
1507 3.2500075351644597e+01 2.7994186135278181e+01 1.1740984049372020e+02
1508 1.6181062742121689e+01 5.0685520094742571e+01 1.1311123401882310e+02
1509 3.7154867939696281e+01 5.9728092906271748e+01 1.0332991196242980e+02
1510 1.4220449298356719e+01 6.0861337458625712e+01 1.0825283564184430e+02
1511 1.0834928706966011e+01 1.9975427213226489e+01 1.2291699080096311e+02
1512 1.3039893030532140e+01 2.1066100242248229e+01 1.2252012328730260e+02
1513 7.4314123110418620e+01 5.5156579660855741e+01 8.4024775075243255e+01
1514 7.4042804150080073e+01 5.7295552502635417e+01 8.2824409548216110e+01
1515 1.2078115218477389e+01 6.2075240770145470e+01 1.0782292713564060e+02
1516 4.8180022499021732e+01 1.1741208786884769e+01 1.1474244832762000e+02
1517 4.8325284106964389e+01 1.4212453292725570e+01 1.1440136838072900e+02
1518 6.9437042364371763e+01 1.5081077225290070e+01 1.0283996430091410e+02
1519 6.9538843595420616e+01 1.7596845198362761e+01 1.0237040720089220e+02
1520 7.7695555594410735e+01 5.4148273234976422e+01 8.1586550034586992e+01
1521 7.5870552512457238e+01 5.5722462804847893e+01 8.2241512634537642e+01
1522 7.7469235323749189e+01 5.6410768604429343e+01 8.0257976325167206e+01
1523 9.4048983906898940e+00 3.8263898073015682e+01 1.1862723966492121e+02
1524 7.3077786738577018e+01 5.0139544977861050e+01 8.8151364792634396e+01
1525 5.8096895089324853e+01 5.7781831858391342e+01 9.4398149812740357e+01
1526 7.5352573964289377e+01 3.4823852872862581e+01 9.3457417405177210e+01
1527 3.3049659790802508e+01 5.5914966193831013e+01 1.0679998381673541e+02
1528 7.2100903688614352e+01 5.8759208832010998e+01 8.3509371119182049e+01
1529 8.3399705109878912e+00 1.3943859690309139e+01 1.2393955651370079e+02
1530 5.2192351023058997e+01 5.9913470314265503e+01 9.6495256720666958e+01
1531 1.8528154867782298e+01 6.2710296810003371e+01 1.0653227750872860e+02
1532 5.0950679634785978e+01 2.9621525201362999e+01 1.1023426640341209e+02
1533 2.8668206344549809e+01 6.4909594190816492e+01 1.0290713545216310e+02
1534 4.5720060905216243e+01 5.8564076944616366e+00 1.1619112926441311e+02
1535 4.3520463522282760e+01 4.5101873778963180e+00 1.1709238858534709e+02
1536 4.1690605403995932e+01 6.2402395956361314e+00 1.1767732504963460e+02
1537 4.4167029246961398e+01 1.2201669588007450e+01 1.1629872220606360e+02
1538 1.5966907956164841e+01 4.1419557988182937e+01 1.1685237723890310e+02
1539 9.8512978139858340e+00 5.6701908413951926e+01 1.1096326199961850e+02
1540 4.7056192940989988e+01 3.2273912691977621e+01 1.1121649727199170e+02
1541 4.8645403885273033e+01 5.6100443356300623e+01 1.0055528298436219e+02
1542 5.0539003327856102e+00 3.5977456012091928e+01 1.1960384922871110e+02
1543 5.0131014205632241e+00 3.8362510132396046e+01 1.1886204873923791e+02
1544 2.5272266871366971e+00 3.5101655595706191e+01 1.1994368220007360e+02
1545 6.3250555584605699e+01 4.5125294285436537e+00 1.0772188401803621e+02
1546 4.6789170500610751e+01 2.7802506125964850e+01 1.1252908147221530e+02
1547 2.6270364057872460e+01 2.9831271095856181e+01 1.1851144770473600e+02
1548 2.4097576643800078e+01 2.8815342554621839e+01 1.1922240910733170e+02
1549 4.4632125278131063e+01 2.2014316947997870e+01 1.1466622537813960e+02
1550 1.6089341080888541e+01 4.6088845109395699e+01 1.1507367839808100e+02
1551 5.7223250098807661e+00 6.1240695864529840e+01 1.0882018271676191e+02
1552 3.8373858541671160e+00 6.0011098563040129e+01 1.0958532072802140e+02
1553 3.7080295493850137e+01 4.1563832294437233e+01 1.1190397459915650e+02
1554 2.9230399184545000e+01 4.5811168123849910e+00 1.2144791942336199e+02
1555 5.1814553891350108e+01 6.3718563701770083e+00 1.1357663250615509e+02
1556 5.3627766263479373e+01 4.9696564079199161e+00 1.1280232799360500e+02
1557 4.5545096205536613e+00 2.6605549976321949e+01 1.2205081381364781e+02
1558 4.7799849380538921e+00 3.1326698697180245e+01 1.2091645749329599e+02
1559 7.6941418986118720e+01 2.8498514987993079e+01 9.4301923033847302e+01
1560 6.5787300091447108e+01 1.5636504061919059e+01 1.0513101772264680e+02
1561 6.7677074999815758e+01 1.6598676470522651e+01 1.0377522565090490e+02
1562 1.0139250476769250e+01 7.5896017658279149e+00 1.2435671893711850e+02
1563 1.2220485269584071e+01 6.1980023557907984e+00 1.2424670823234510e+02
1564 1.4439193473810089e+01 7.3015037212448357e+00 1.2394836721487910e+02
1565 1.4472474014213180e+01 4.4549518997714728e+00 1.2407941368123340e+02
1566 1.6532714303034290e+01 5.8907277226723602e+00 1.2376174160325790e+02
1567 1.1884386094109651e+01 3.8098154050067419e+00 1.2437542632588600e+02
1568 9.9619156941411386e+00 5.2673134198996419e+00 1.2449102636350690e+02
1569 1.4582159268572230e+01 9.7897188453233586e+00 1.2375993712019860e+02
1570 7.8578911206501829e+01 4.3089877789422509e+01 8.7141363001122116e+01
1571 8.0374355467205376e+01 3.6865160660956711e+01 8.8351134190077957e+01
1572 3.5026053865985347e+01 4.0607989289078503e+01 1.1291220818173370e+02
1573 5.5621113011548623e+01 5.9554136570386476e+00 1.1178472541241980e+02
1574 5.7397213505549082e+01 4.3171877930205769e+00 1.1095909954284150e+02
1575 5.4166868054961199e+01 1.2266288844547409e+01 1.1198432284520260e+02
1576 2.0901328546337169e+01 8.0773425593835437e+00 1.2297516416812149e+02
1577 2.0716173488183600e+01 5.6089405074635099e+00 1.2314373691906231e+02
1578 2.2479096139103049e+01 4.1390154731862507e+00 1.2289246839282580e+02
1579 1.8604144564902910e+01 3.8587292061153260e+00 1.2354754556008820e+02
1580 4.3181745859702417e+01 3.7478399938993952e+01 1.1115622502820470e+02
1581 2.4842758106730461e+01 5.4210330882330897e+00 1.2238647707123020e+02
1582 4.0980593245515287e+01 3.1873191172327999e+01 1.1370879764441210e+02
1583 2.8094868113597109e+01 2.3558560404854941e+01 1.1950176826026630e+02
1584 6.1812953735043443e+01 1.1246397492351200e+01 1.0806330225378740e+02
1585 7.4158061678002070e+01 5.6263555474051836e+00 1.0046853244382450e+02
1586 7.2313654987523037e+01 4.7084967422007047e+00 1.0185070132686459e+02
1587 7.4202037017990222e+01 3.3474801423566638e+00 1.0053781417495280e+02
1588 2.0603500830764929e+01 5.7078046260795603e+01 1.0928216866702070e+02
1589 1.1356782604004410e+01 3.2159186547477333e+01 1.2025726676375911e+02
1590 1.9145192518209811e+01 1.4445318188265540e+01 1.2267760344040170e+02
1591 1.7074389562598121e+01 1.5838772295726701e+01 1.2281123121778710e+02
1592 1.4865248763810190e+01 1.4753895073955871e+01 1.2323289722852719e+02
1593 5.5020336746392651e+01 3.0988404160103968e+01 1.0787715861999520e+02
1594 7.0876870858614993e+01 8.6528361755916947e+00 1.0259920859056170e+02
1595 6.7271398979145687e+01 9.1956186963394995e+00 1.0495236765399881e+02
1596 2.5453584953315140e+01 1.2706549252429980e+01 1.2171959012057160e+02
1597 6.0777160073296400e+01 3.1068926384042332e+01 1.0471799571596020e+02
1598 6.2641587077370289e+01 2.9479539972762211e+01 1.0407683840039800e+02
1599 2.3664512555980661e+01 1.9054413102214429e+01 1.2125147498821610e+02
1600 4.9223258444305962e+01 3.7810895261717008e+01 1.0850072362722990e+02
1601 1.9519993900211659e+01 2.1840684355139679e+01 1.2151935790249580e+02
1602 3.3839203831631117e+01 1.1981718559437450e+01 1.1973448419066141e+02
1603 1.3264862550602540e+01 2.5964712598248781e+01 1.2155195235455480e+02
1604 3.0626532597042171e+01 3.4180779711124572e+01 1.1626990065972311e+02
1605 2.7881963976765540e+01 1.8690075564355151e+01 1.2040879187250840e+02
1606 5.8158591662134562e+01 1.4236224197203510e+01 1.0972651519338450e+02
1607 3.4926505808471482e+01 3.6078246724888452e+01 1.1447051718791560e+02
1608 1.9844652748880609e+01 2.9161107712022080e+01 1.1992005484606899e+02
1609 5.4304353447184077e+01 1.4735124967738781e+01 1.1161950227835830e+02
1610 6.8233298872966429e+01 4.1254585571459941e+01 9.6266692548562858e+01
1611 7.6816916666339736e+01 2.3802486459635379e+01 9.5695365364345051e+01
1612 6.4582933209437115e+01 2.7979466381049232e+01 1.0330147239559140e+02
1613 6.4420779434802583e+01 4.6640839236274317e+01 9.6434409275675719e+01
1614 1.3463420566035570e+01 3.0821654163509450e+01 1.2039004087252010e+02
1615 4.1261064193744048e+01 5.2612175857234867e+01 1.0561478842078471e+02
1616 4.6251529124800477e+01 1.3208619599013000e+01 1.1537473043048161e+02
1617 5.6227642516865103e+01 6.4591068329309778e+01 9.1057378114428801e+01
1618 7.1558419411021688e+01 4.7219586663594256e+01 9.0965395875110815e+01
1619 6.8970346071569963e+01 7.6802499681082397e+00 1.0396684626935280e+02
1620 7.2881678691816134e+00 3.9447081031332253e+01 1.1838838797457350e+02
1621 3.1005546938782960e+01 5.5033781581001243e+01 1.0786537416577011e+02
1622 6.4059763751777865e+01 1.9582953176276650e+01 1.0553603466571100e+02
1623 6.2373148461142137e+01 5.0410484878459201e+01 9.5882080522707454e+01
1624 5.2014927759043829e+01 6.2011439397791747e+01 9.5257696140708006e+01
1625 5.1929501815570383e+01 6.4044638925671393e+01 9.3950045588424544e+01
1626 2.7491161797687539e+01 1.1294275881659120e+01 1.2141530115814210e+02
1627 6.1279508211503551e+00 1.2955507054101600e+01 1.2417569430329220e+02
1628 4.0101587990224372e+00 1.1949985748873351e+01 1.2436284198669770e+02
1629 7.5347952187776770e+01 3.7154739302567933e+01 9.2559232108238234e+01
1630 4.9212242883379488e+01 4.2431183378305747e+01 1.0678365899098920e+02
1631 2.9666363536211701e+01 1.2357589205880389e+01 1.2079816581205210e+02
1632 1.6935844192468519e+01 1.3363477591818731e+01 1.2312430567577380e+02
1633 5.6175408825780401e+01 1.3253327287107380e+01 1.1087683598965680e+02
1634 4.9182468714174497e+01 4.4758566277877073e+01 1.0584307023101761e+02
1635 5.3049927465821213e+01 4.6466680300988983e+01 1.0320636035476100e+02
1636 7.6742901835229116e+00 5.5682712080239497e+01 1.1164918649756579e+02
1637 2.1158777652243881e+00 4.0531819877091927e+01 1.1822730073351759e+02
1638 4.4380378803599143e+00 4.1703595313776553e+01 1.1775446470379480e+02
1639 4.1650116534822024e+00 4.4018965710971763e+01 1.1691870395989960e+02
1640 1.9923504533369880e+00 1.3589601884028079e+01 1.2424312158145700e+02
1641 1.9895126321124328e+00 6.0198728747102841e+00 1.2483910833572540e+02
1642 2.1128172445959068e+00 1.8596965255482509e+01 1.2359081230648709e+02
1643 4.2525311099354024e+00 1.9531127138413300e+01 1.2339145453337591e+02
1644 2.1767031178779979e+00 4.5051796219160273e+01 1.1657871855945180e+02
1645 2.0824394942590092e+00 4.9871445478258103e+01 1.1460149375842310e+02
1646 1.8796540123586021e+00 6.5115318216609239e+01 1.0668393615884040e+02
1647 2.2364164718552422e+00 2.8224597169597271e+01 1.2175126511038140e+02
1648 2.0132842915849412e+00 5.4408814536045327e+01 1.1251945426077870e+02
1649 4.8652916535169368e+01 2.1581868877188079e+01 1.1310223980270990e+02
1650 6.2499802551563583e+01 4.8160011511016570e+01 9.6950440804951029e+01
1651 1.1263462842893709e+01 2.9741656683101720e+01 1.2088659256729530e+02
1652 5.6612974929787349e+01 5.2611712355529683e+01 9.8244484794914953e+01
1653 1.4253855268148801e+01 6.3009963439879094e+01 1.0701201856473770e+02
1654 6.4844166270265774e+01 6.3246760982958612e+01 8.6139893927718703e+01
1655 4.9824556855503573e+01 6.5337106732932668e+01 9.4199660391755444e+01
1656 6.6468174626621206e+01 3.5835119112083049e+01 9.9613382635205255e+01
1657 6.6461413513151854e+01 3.8179717390335952e+01 9.8743048838021579e+01
1658 7.5959738312866003e+00 4.6547584971423483e+01 1.1576106217067340e+02
1659 7.5849624828084918e+00 4.4227380519537967e+01 1.1666793542578171e+02
1660 6.8274993196833051e+01 3.8934543819476083e+01 9.7198902265106341e+01
1661 7.3611984624595479e+01 3.6457059364856768e+01 9.4218674062500085e+01
1662 6.5881393064997866e+01 1.8093032211829090e+01 1.0467704730836159e+02
1663 8.0287553745365770e+01 4.3596983663938069e+01 8.5312435957434246e+01
1664 1.8003574841060189e+01 3.7726180675269802e+01 1.1780325370973100e+02
1665 2.4196061435680779e+01 3.1229745129815370e+01 1.1859280597965260e+02
1666 7.3240472326968103e+01 4.7900640632155579e+01 8.9254477984870334e+01
1667 7.4894205030016053e+01 4.8565535827433123e+01 8.7505695715857428e+01
1668 4.6605064284018468e+01 2.0584392954260100e+01 1.1414574345890919e+02
1669 5.4965129290219963e+00 5.4642500767094461e+01 1.1228973887020651e+02
1670 5.8027308263601427e+01 1.1779615484121830e+01 1.1008665747822130e+02
1671 4.4310008772515850e+01 1.4666154396536029e+01 1.1595916107749539e+02
1672 2.1920486484928890e+01 2.7780831850553010e+01 1.1988626966402509e+02
1673 1.1167277934080291e+01 2.7313201514872240e+01 1.2146720103201100e+02
1674 1.6790911129252560e+01 1.0882187196736330e+01 1.2338818138405610e+02
1675 1.6407781300714060e+01 6.3929065788420893e+01 1.0615488335544291e+02
1676 7.1860645783969744e+01 3.8080686665575577e+01 9.4925807294903152e+01
1677 3.1674929296303652e+01 1.0937750670389320e+01 1.2042451770443830e+02
1678 6.0560781450827953e+01 4.9661662400538582e+01 9.7422333361914440e+01
1679 3.4218128879049473e+01 1.9340743127518682e+01 1.1865940886121130e+02
1680 1.8068635024138381e+01 4.0092556078552327e+01 1.1700902262412340e+02
1681 7.0622428573236718e+01 6.2436858512959521e+00 1.0294896293507961e+02
1682 4.2213980886423819e+01 1.3653231180849231e+01 1.1686132420969280e+02
1683 7.0084121879098717e+01 3.7355228669579184e+01 9.6528766445444063e+01
1684 1.1066859984855091e+01 2.4872878883632310e+01 1.2199944469593200e+02
1685 2.1815906913826051e+01 2.5350293118547071e+01 1.2044263715284150e+02
1686 3.8119885342916497e+01 1.4065796366025509e+01 1.1821179177236260e+02
1687 1.6649830110181341e+01 8.3958096566108740e+00 1.2360134925441569e+02
1688 1.8129095502639551e+01 4.2444011490115273e+01 1.1616730084185970e+02
1689 5.8593783540905847e+01 5.1146286509810473e+01 9.7856149048579738e+01
1690 3.3026369927016482e+01 4.9152880823717538e+01 1.1008293780678861e+02
1691 3.2668156823448697e+01 2.1321494274121542e+00 1.2063683296811860e+02
1692 5.3488273414545780e+01 2.4519496372090548e+00 1.1295128396838780e+02
1693 3.4866508548922120e+01 2.1603804390996051e+00 1.2001941233803100e+02
1694 4.4383645514414802e+01 2.1186982711739590e+00 1.1683579557860890e+02
1695 6.2591641654520318e+00 1.9698228331508889e+00 1.2482765183226000e+02
1696 7.8275105168605791e+01 2.0981954874845798e+00 9.7435134764313844e+01
1697 2.7998727969557962e+01 2.1232109266093770e+00 1.2180543176495790e+02
1698 3.9875682204126917e+01 2.0348868522672952e+00 1.1845163234102750e+02
1699 4.8883122333543753e+01 1.9859246054375430e+00 1.1502824198598060e+02
1700 6.8466372510367947e+01 2.4554387631259509e+00 1.0455298492033630e+02
1701 6.2133417621916237e+01 2.1138044324649772e+00 1.0844339650454440e+02
1702 2.0564429312053282e+01 5.4870458031799757e+01 1.1041438802280280e+02
1703 2.1700207176414839e+01 2.2904188759777231e+01 1.2095246647240050e+02
1704 7.8454149397144150e+01 2.2165846462103630e+01 9.4755589244060076e+01
1705 6.8267865824486279e+01 3.4253126791562117e+01 9.8950602831772102e+01
1706 4.2561768891869633e+01 2.1009741926621341e+01 1.1563773853276381e+02
1707 4.0251769988464993e+01 1.5103673407131730e+01 1.1737407747201431e+02
1708 5.7053500605322590e+01 3.6515355586717497e+01 1.0505487554156650e+02
1709 1.0962603528771080e+01 2.2428792924165268e+01 1.2248171525511830e+02
1710 5.9660823383845973e+01 7.8160395882467713e+00 1.0956502944971309e+02
1711 5.9841199567545878e+01 1.0284143642941940e+01 1.0926237789764819e+02
1712 3.2256960914755311e+01 6.5231726235299959e+01 1.0163321487046851e+02
1713 2.5847563621535460e+01 2.0093726264068810e+01 1.2063641912646170e+02
1714 1.8709561096692280e+01 6.8880377196322859e+00 1.2339978630428040e+02
1715 6.8274838029190548e+01 3.6610972334664588e+01 9.8097824628266949e+01
1716 7.6532282664820002e+01 4.9189756032819680e+01 8.5721511953206772e+01
1717 7.8415956168579839e+01 4.7516666794625117e+01 8.4959426757105263e+01
1718 2.1429378464741311e+00 2.3420072330078060e+01 1.2276769945486500e+02
1719 5.8446009759753473e+01 5.3371111493366413e+01 9.6750133855852908e+01
1720 5.8280472783954181e+01 5.5592045414461559e+01 9.5592421136381006e+01
1721 1.8183696957227699e+01 4.4779135434207191e+01 1.1527871527186900e+02
1722 4.0563579887295511e+01 2.2432886915173189e+01 1.1608773221739690e+02
1723 1.6445277708160610e+01 6.5939137323660745e+01 1.0491226339238369e+02
1724 3.7966752337038947e+01 1.1608255289120050e+01 1.1852752476163739e+02
1725 2.3769710422197871e+01 2.1503179978687431e+01 1.2082058647949459e+02
1726 8.7651031120867806e+00 2.1344234839181411e+01 1.2285192960049250e+02
1727 5.9388463550683767e+01 5.4891835491168672e+00 1.0985389961696040e+02
1728 7.6519059887041818e+00 6.6629696598812060e+01 1.0548427307371600e+02
1729 5.4854721367759048e+01 2.8787462506160299e+01 1.0856906348551570e+02
1730 3.5818541647447702e+01 1.0575352291225251e+01 1.1929037680452910e+02
1731 7.0042355983240924e+01 3.2673415980880527e+01 9.8242130760978995e+01
1732 1.8233355288543631e+01 4.7093955730036278e+01 1.1434467232284641e+02
1733 3.8473568722759957e+01 2.1413380428819391e+01 1.1698825431788320e+02
1734 5.3164380436087569e+01 3.7173886522361492e+01 1.0684872864788581e+02
1735 2.4737173219351519e+01 6.5693356861922410e+01 1.0342850248035070e+02
1736 7.3475811666362276e+01 2.7047228979875339e+01 9.7441020645719092e+01
1737 4.7784382885281751e+01 4.2050358521540616e+00 1.1542950413891110e+02
1738 7.1776798721326472e+01 3.1076481095860519e+01 9.7505607469605607e+01
1739 6.0081714652731549e+01 5.6316302817086047e+01 9.4040744368608699e+01
1740 2.2647234086101090e+01 5.3561374004346732e+01 1.1064936512703470e+02
1741 2.7983922480501661e+01 2.1133532320161851e+01 1.1998030627681339e+02
1742 3.3668224616206011e+01 9.5333073856373467e+00 1.2000236123295100e+02
1743 1.8270879002624248e+01 4.9393693343229629e+01 1.1336418322550760e+02
1744 5.1216823831892889e+01 3.8652725228303872e+01 1.0727443213085810e+02
1745 4.3195595087939459e+01 4.2073545669295783e+01 1.0949409719164071e+02
1746 5.9885337307602853e+01 5.8489377195020523e+01 9.2831778669231824e+01
1747 6.1593648374071847e+01 5.9123671650375577e+01 9.1299583408413056e+01
1748 6.3595798684635703e+01 5.7707724100202213e+01 9.0831673819423955e+01
1749 3.0041188177036510e+01 1.9709160260365650e+01 1.1972500162765959e+02
1750 7.6903638775683618e+01 2.6167245730825510e+01 9.5005818737179283e+01
1751 4.7240216331649208e+01 4.1594454032940597e+01 1.0799658955096950e+02
1752 3.3515849737048207e+01 7.0941449665590834e+00 1.2021381336434280e+02
1753 1.8316991319038049e+01 5.1683858824218220e+01 1.1233105788719590e+02
1754 3.4508608454572887e+01 2.6591576067145869e+01 1.1716246849906400e+02
1755 3.5075498250408060e+01 5.0047030233083987e+01 1.0904129578895510e+02
1756 3.6467520737165337e+01 2.2831963938922119e+01 1.1736192463476461e+02
1757 4.9237980765459483e+01 4.0128138856967873e+01 1.0765850510766040e+02
1758 6.5339200326291163e+01 5.8360917170681880e+01 8.9161607476074593e+01
1759 3.2078681813191757e+01 1.8308238217328029e+01 1.1941845161659720e+02
1760 7.1732960948945063e+01 2.8690383842607279e+01 9.8266190464782852e+01
1761 2.8881610590473372e+01 5.8596047579702777e+01 1.0657089554722459e+02
1762 1.8380446474843598e+01 5.3945899451518947e+01 1.1125196231865760e+02
1763 4.5251783166089922e+01 4.3027384922857607e+01 1.0828628845329141e+02
1764 2.6529673783047141e+01 3.9263712237469981e+01 1.1566994990185761e+02
1765 6.6432653795490381e+01 6.1171238601327367e+01 8.6427901037037742e+01
1766 3.4318244947292150e+01 2.1775337557238650e+01 1.1820783704139910e+02
1767 7.5210254934932465e+01 2.7803454463417939e+01 9.5892572561815811e+01
1768 8.1179766840504612e+01 3.9107018783315395e+00 9.4971321284586338e+01
1769 2.4710181885710689e+01 5.2271493543068487e+01 1.1082462665830209e+02
1770 6.9463176465611596e+01 2.3171421029719959e+01 1.0130623062166880e+02
1771 4.3218756354342929e+01 3.9787872703086819e+01 1.1033614224245341e+02
1772 3.6618749517646577e+01 2.7596692002732709e+01 1.1628624069196739e+02
1773 2.6796584033756510e+01 5.9839477249321632e+01 1.0642452746735469e+02
1774 6.8881888750485231e+01 6.2575770305240304e+01 8.3453929643076592e+01
1775 4.1107271770234632e+01 4.7959414691661017e+01 1.0786605930523911e+02
1776 7.4604338772582608e+01 1.2929411541355041e+01 9.9458649465493963e+01
1777 2.6817540755447268e+01 5.3185735283378229e+01 1.0989584646471560e+02
1778 4.1139013629733633e+01 3.8862993680011193e+01 1.1145514469866340e+02
1779 2.8706683024907431e+01 4.2436061244345609e+01 1.1401801197957120e+02
1780 5.7925999172814279e+01 1.9994217863409978e+00 1.1075008321600230e+02
1781 6.6099310423337494e+00 2.0296079127096370e+01 1.2316402877334860e+02
1782 1.9039556488551550e+00 5.8785793000416163e+01 1.1029780366897350e+02
1783 7.4834487093545818e+01 1.8138617200917281e+01 9.8467203207385296e+01
1784 8.4022726739330096e+01 4.6027598357189497e+01 8.0290980693706246e+01
1785 6.6263807471550209e+01 2.0534859400970680e+00 1.0597118011453470e+02
1786 7.8678272470378090e+01 2.6893452420973471e+01 9.3335264814312168e+01
1787 3.7749853178253558e+00 6.8374663865816487e+01 1.0457368133085311e+02
1788 3.8760673283744232e+01 2.8585649958452620e+01 1.1534934253407630e+02
1789 4.0881779856555283e+01 2.9539658986290618e+01 1.1437258684988200e+02
1790 3.9089556358625217e+01 3.7953764426788908e+01 1.1250119265821890e+02
1791 2.6880639114322751e+01 5.5414051295379529e+01 1.0877368321353561e+02
1792 8.0492754307141482e+01 2.7627061882898460e+01 9.1556878254823957e+01
1793 3.3587986213033894e+01 4.4304703847055809e+00 1.2032131197058690e+02
1794 3.7683500842259310e+00 2.2784578513397840e+00 1.2492240858814080e+02
1795 2.6541982229466100e+01 4.4048625873948353e+01 1.1393086385149390e+02
1796 7.9267641549265903e+01 5.4613132099065588e+01 7.9743631755439282e+01
1797 8.1019827682441132e+01 5.2983016056423402e+01 7.9079627792955165e+01
1798 2.8958486920942612e+01 5.6352198427785289e+01 1.0775358818900240e+02
1799 3.7083040470390848e+01 3.9304138831314027e+01 1.1271660383546050e+02
1800 4.3161074818612938e+01 4.8950464408438393e+01 1.0661132048098970e+02
1801 7.2315689579294244e+01 2.0495419939785720e+00 1.0193743384197030e+02
1802 7.8062953865628458e+01 5.8016578565575173e+01 7.8519117705926902e+01
1803 4.2810286966418992e+01 2.8167630453283511e+01 1.1401256038042520e+02
1804 3.4994400606082131e+01 3.8340821229398408e+01 1.1371179953582811e+02
1805 2.4741712575392111e+01 6.1080626158976152e+01 1.0621678194552911e+02
1806 4.1982106545982560e+00 1.7095258470257981e+01 1.2375430160254911e+02
1807 4.6809604976387362e+01 5.5384516624487951e+01 1.0181559900244361e+02
1808 8.1860569684054070e+01 4.1879988483566699e+01 8.4675342902278501e+01
1809 2.3267563753731260e+01 1.9567433827147500e+00 1.2279980306295390e+02
1810 2.6625323863105631e+01 4.6306731738209777e+01 1.1301229457413120e+02
1811 7.6237986450476157e+01 1.1347332184128000e+01 9.8407354777374550e+01
1812 7.4696571471851072e+01 1.5615458539918039e+01 9.9002927557414907e+01
1813 1.3426841307525709e+01 2.0263442416002730e+00 1.2426026662419910e+02
1814 7.4571878836436781e+01 6.0179421757050683e+01 8.0265011579085993e+01
1815 3.9558759739233800e+01 6.4774935108074132e+01 9.9319244407306883e+01
1816 8.3600289357681959e+01 3.9703663909744208e+01 8.4021489462243650e+01
1817 4.0420415022379963e+00 4.5942279946681772e+01 1.1618075922369810e+02
1818 3.2837943206542022e+01 3.7374030226559007e+01 1.1467280126772950e+02
1819 3.7358592595107353e+01 4.5550338724759687e+00 1.1919977863122639e+02
1820 4.4863612879664217e+01 2.9105491234710762e+01 1.1298285984772110e+02
1821 7.5607202791425323e+01 4.4775517882436890e+00 9.9440949392289511e+01
1822 4.3188933536111513e+01 5.1195139426915169e+01 1.0554038904169370e+02
1823 2.4735526278936149e+01 6.3311479115349719e+01 1.0490381476348080e+02
1824 7.0770990919081342e+01 6.2089348845389530e+01 8.2227608528321142e+01
1825 7.6733168374659764e+00 4.0285499397492259e+00 1.2469920205877349e+02
1826 3.0627232553182210e+01 3.6426951896595682e+01 1.1558568164637180e+02
1827 2.6543909665678491e+01 3.9963815551470465e+00 1.2208378186362830e+02
1828 7.9736523706555445e+01 1.0635849269576051e+01 9.5676358090746660e+01
1829 4.0946407666622378e+00 1.4628672199040530e+01 1.2407350993135080e+02
1830 4.4833021193859572e+01 5.6650761698718469e+01 1.0200829088650561e+02
1831 4.6908051393505943e+01 3.0059203456050710e+01 1.1189762732985881e+02
1832 5.9836543370093949e+01 6.2421852069086590e+01 9.0266829244102382e+01
1833 6.0859802011150308e+01 4.0132906875537993e+00 1.0910993537263590e+02
1834 2.2844962581387009e+00 3.2903760516763448e+01 1.2056999469479140e+02
1835 4.5108789189671498e+01 5.1953492527847352e+01 1.0436010613256720e+02
1836 2.8585323045315771e+01 3.7817421752521831e+01 1.1566210234293180e+02
1837 7.5460868643507425e+01 5.7806891937919708e+01 8.1172782064217756e+01
1838 8.1052213777747411e+01 5.4838721659302372e+01 7.7770516576012881e+01
1839 4.9019469857130588e+01 3.0980611354373650e+01 1.1073523962603380e+02
1840 1.1020963209297740e+01 1.7997353754457870e+00 1.2450019808224270e+02
1841 4.6976713321897428e+01 5.2895585100367803e+01 1.0305457526166420e+02
1842 5.1208025113168191e+01 3.1841404423414364e+01 1.0949366706962419e+02
1843 2.0429716784551490e+00 1.0932407624813790e+01 1.2450425185609500e+02
1844 4.7917685098730722e+01 6.2267726548901329e+01 9.7219471738999530e+01
1845 7.3394616306011343e+01 5.9321808584411478e+01 8.1970441767553126e+01
1846 1.8260450430062921e+01 1.8120406869536840e+00 1.2364575390461270e+02
1847 4.0916215007970393e+01 4.0092200985879352e+00 1.1804570938252100e+02
1848 5.1753961493753430e+01 4.1556306092468240e+00 1.1370689602632980e+02
1849 5.3128334532325738e+01 3.0359287996854189e+01 1.0899859495491370e+02
1850 8.1773223835652558e+01 3.7433327494152529e+01 8.6815239769523117e+01
1851 4.2419952344980718e+00 2.1886671312872359e+01 1.2299584991077050e+02
1852 4.3012103346456527e+01 5.7959178997727307e+01 1.0205730025639100e+02
1853 5.5475873130468429e+01 6.3179163182398923e+01 9.2497680187040274e+01
1854 4.2965677904483321e+01 6.0181885905499243e+01 1.0078239494607020e+02
1855 3.1494989401859669e+01 3.8651361698924660e+00 1.2090544390127739e+02
1856 4.1159952071761383e+00 9.2886478318178689e+00 1.2458643427320230e+02
1857 5.4518394239652189e+01 2.6614324161690600e+01 1.0929054139744350e+02
1858 8.3963568220765197e+01 4.9953446712257133e+01 7.7972895118769259e+01
1859 2.2494313370291319e+01 6.6294098751331575e+01 1.0355722252333651e+02
1860 7.9339547881354861e+01 3.7060161014987130e+00 9.6522026432507261e+01
1861 3.7316743709827378e+01 6.1533079629753132e+01 1.0220636355028741e+02
1862 8.2689344836833115e+01 4.9496920730546591e+01 7.9608586777113985e+01
1863 5.6641681616597737e+01 2.5177653269819071e+01 1.0854863278488931e+02
1864 7.0359532355992684e+01 4.0100037956267736e+00 1.0323979889657420e+02
1865 3.9351237031985646e+00 7.0025927445219320e+00 1.2474164700008930e+02
1866 4.5613175290134841e+01 3.7510015009379010e+00 1.1632011101994100e+02
1867 4.1913131876745950e+01 6.4605654047107095e+01 9.8460138337440981e+01
1868 2.6824749389514238e+01 6.5894311994018395e+01 1.0277826845702700e+02
1869 4.4686803801107708e+01 6.0903231082124343e+01 9.9593604261512041e+01
1870 8.2456596246154731e+01 5.1457874561684683e+01 7.8600234612197852e+01
1871 6.5230108088678818e+01 3.7428797132946441e+00 1.0656464634291750e+02
1872 8.1697765419816022e+01 3.5195054798550217e+01 8.7816759466150657e+01
1873 3.6911322890435390e+00 6.6203847408577815e+01 1.0596426817907310e+02
1874 5.8555623787573651e+01 2.5856687514637350e+01 1.0736699042824350e+02
1875 3.7678493007030598e+00 6.4125982411846039e+01 1.0723181286988860e+02
1876 9.9623665660249436e+00 6.7095236842169641e+01 1.0499514486630950e+02
1877 5.1732542108807444e+01 6.5739350622193754e+01 9.2882085822470302e+01
1878 3.9603351769762165e+00 5.7984260835236718e+01 1.1066680279414081e+02
1879 1.7429773028864659e+00 6.0892808663064393e+01 1.0915139890649620e+02
1880 3.0346088931768040e+01 6.5632332737323097e+01 1.0196328646136580e+02
1881 3.7871621969729992e+00 6.2118648187160211e+01 1.0840632338518650e+02
1882 1.6672441250309220e+01 3.8579991694817490e+00 1.2382304125308529e+02
1883 3.7642685123894579e+00 4.7157171862437117e+00 1.2485428424361740e+02
1884 4.0049877960247793e+00 5.5805288199296740e+01 1.1177982770494469e+02
1885 3.2612056864678358e+01 6.2008788011694392e+01 1.0351987227762470e+02
1886 1.4605936854339530e+01 6.6769316420728458e+01 1.0465908939655310e+02
1887 1.8193589403130770e+00 1.8291322872255431e+00 1.2497337399671230e+02
1888 1.8230930369311971e+00 6.8824204360185092e+01 1.0433074918721790e+02
1889 6.0296653965586550e+01 2.4517845469701591e+01 1.0671545705322239e+02
1890 8.1638417463954525e+01 1.8082206846453350e+00 9.4640895663221116e+01
1891 5.0529672762037890e+01 6.3297662730499759e+01 9.5211123632783938e+01
1892 3.9456219867035780e+00 5.3538857399027201e+01 1.1288499818640510e+02
1893 1.8565940404102150e+01 6.8549706575959647e+01 1.0286517187688530e+02
1894 3.9250756353460390e+00 5.1270530261366247e+01 1.1393386901169970e+02
1895 6.5331326151950336e+01 6.0033179526045231e+01 8.8050185571758519e+01
1896 5.5209533188125498e+01 4.0023362154723872e+00 1.1207537084465790e+02
1897 5.4198681438472374e+00 6.7020519168031555e+01 1.0537492604861380e+02
1898 6.8202977009361874e+01 6.1410072637539614e+01 8.4865522479464929e+01
1899 3.9415522533657752e+00 4.9013603968164453e+01 1.1492228152924010e+02
1900 5.9352137268378362e+00 4.5403009215167557e+01 1.1631139235786050e+02
1901 6.1989532024267064e+01 2.5233017903956359e+01 1.0557268930396251e+02
1902 8.3661397268911202e+01 5.1659486465304482e+01 7.7182044966134697e+01
1903 6.4721542433308883e+01 2.6103067230734180e+01 1.0370511957565630e+02
1904 6.1269346431998748e+01 6.0826443017089566e+01 9.0394751051620688e+01
1905 5.5394100442918743e+00 4.0172129971610062e+01 1.1823922745817170e+02
1906 5.9305790279602801e+00 4.3292789841907030e+01 1.1711346028573141e+02
1907 7.4351871806940437e+01 1.4418222865166550e+00 1.0047248532458229e+02
1908 5.0047180050178191e+01 3.4967862062695381e+00 1.1449040245912620e+02
1909 7.1690208060649113e+01 6.0456185159965138e+01 8.2647224660752229e+01
1910 5.9025791480314062e+01 3.5955555117655451e+00 1.1012732594903180e+02
1911 3.5739512664452683e+01 3.8425006952353482e+00 1.1972018385767100e+02
1912 4.4738111893687098e+01 6.2655633198048839e+01 9.8477271351005115e+01
1913 9.9705393272945475e+00 3.2802819247923392e+00 1.2455853281095099e+02
1914 2.4547289738135319e+01 3.4927306410480159e+00 1.2251624953115861e+02
1915 3.0823425039434520e+00 3.6870431250174839e+01 1.1939878753201189e+02
1916 3.9000261197280639e+00 3.9864872705453507e+01 1.1840853736299350e+02
1917 6.5680455654806067e+01 2.4760563113261981e+01 1.0343109909157511e+02
1918 3.8816367923371963e+01 3.6056804772943440e+00 1.1876568801439700e+02
1919 5.4462557465345798e+00 3.7224158423064448e+00 1.2482580630078169e+02
1920 8.2960506763701630e+01 4.7615600083237602e+01 8.0469304372679872e+01
1921 8.1552125925329150e+01 3.3238018884407097e+01 8.8710116997437524e+01
1922 2.0432108037221290e+01 3.8760138769479719e+00 1.2325788200995920e+02
1923 6.8351229534590587e+01 2.5345865105447121e+01 1.0154160006207400e+02
1924 1.9700000000000000e+02 1.1125000000000000e+01 1.1500000000000000e+02
1925 1.9700000000000000e+02 2.2250000000000000e+01 1.1500000000000000e+02
1926 1.9700000000000000e+02 3.3375000000000000e+01 1.1500000000000000e+02
1927 1.9700000000000000e+02 4.4500000000000000e+01 1.1500000000000000e+02
1928 1.9700000000000000e+02 5.5625000000000000e+01 1.1500000000000000e+02
1929 1.9700000000000000e+02 6.6750000000000000e+01 1.1500000000000000e+02
1930 1.9700000000000000e+02 7.7875000000000000e+01 1.1500000000000000e+02
1931 1.9700000000000000e+02 8.9000000000000000e+01 1.1500000000000000e+02
1932 1.9700000000000000e+02 1.0012500000000000e+02 1.1500000000000000e+02
1933 1.9700000000000000e+02 1.1125000000000000e+02 1.1500000000000000e+02
1934 1.9700000000000000e+02 1.2237500000000000e+02 1.1500000000000000e+02
1935 2.0790000000000001e+02 1.3350000000000000e+02 1.1500000000000000e+02
1936 2.1880000000000001e+02 1.3350000000000000e+02 1.1500000000000000e+02
1937 2.2969999999999999e+02 1.3350000000000000e+02 1.1500000000000000e+02
1938 2.4060000000000011e+02 1.3350000000000000e+02 1.1500000000000000e+02
1939 2.6239999999999998e+02 1.3350000000000000e+02 1.1500000000000000e+02
1940 2.7330000000000001e+02 1.3350000000000000e+02 1.1500000000000000e+02
1941 2.8419999999999987e+02 1.3350000000000000e+02 1.1500000000000000e+02
1942 2.9509999999999991e+02 1.3350000000000000e+02 1.1500000000000000e+02
1943 3.0600000000000000e+02 1.2237500000000000e+02 1.1500000000000000e+02
1944 3.0600000000000000e+02 1.1125000000000000e+02 1.1500000000000000e+02
1945 3.0600000000000000e+02 1.0012500000000000e+02 1.1500000000000000e+02
1946 3.0600000000000000e+02 8.9000000000000000e+01 1.1500000000000000e+02
1947 3.0600000000000000e+02 7.7875000000000000e+01 1.1500000000000000e+02
1948 3.0600000000000000e+02 6.6750000000000000e+01 1.1500000000000000e+02
1949 3.0600000000000000e+02 5.5625000000000000e+01 1.1500000000000000e+02
1950 3.0600000000000000e+02 4.4500000000000000e+01 1.1500000000000000e+02
1951 3.0600000000000000e+02 3.3375000000000000e+01 1.1500000000000000e+02
1952 3.0600000000000011e+02 2.2250000000000000e+01 1.1500000000000000e+02
1953 3.0600000000000011e+02 1.1125000000000000e+01 1.1500000000000000e+02
1954 1.0008697059677991e+02 1.3664107846348273e+02 1.1500000000000001e+02
1955 1.4291133243123866e+02 1.1739282571564588e+02 1.1500000000000001e+02
1956 1.7331519828524500e+02 1.3680595056456869e+02 1.1500000000000001e+02
1957 4.1416719771739274e+01 1.3560838212302747e+02 1.1500000000000001e+02
1958 7.4562438935696093e+01 1.1810693498923082e+02 1.1500000000000001e+02
1959 1.2145592712822450e+02 1.1827919863437025e+02 1.1500000000000001e+02
1960 1.6890496741158394e+01 1.3595973934173151e+02 1.1500000000000001e+02
1961 8.6591425918649009e+01 1.1780033978515287e+02 1.1500000000000001e+02
1962 1.0358984139537733e+02 1.1111636896574363e+02 1.1500000000000001e+02
1963 1.8515066966456172e+02 6.6739122483477633e+00 1.1500000000000001e+02
1964 1.7890372704450590e+02 7.5181632146495147e+01 1.1500000000000001e+02
1965 1.7965505324300881e+02 5.5068128997656778e+01 1.1500000000000001e+02
1966 2.8582266486247740e+01 1.1851488291937191e+02 1.1500000000000001e+02
1967 1.7960914028704056e+02 2.7791496151198871e+01 1.1500000000000001e+02
1968 1.8585649182177086e+01 1.1944456777670446e+02 1.1500000000000001e+02
1969 1.6521270050704834e+02 1.1818911136180198e+02 1.1500000000000001e+02
1970 1.7746111649764612e+02 1.1993538934647073e+02 1.1500000000000001e+02
1971 1.4894971921211609e+02 1.3487732728235488e+02 1.1500000000000001e+02
1972 3.9369811780583859e+01 1.1760875982677720e+02 1.1500000000000001e+02
1973 6.5025467860712084e+01 1.3590269914808002e+02 1.1500000000000001e+02
1974 1.8165522227514927e+02 8.4392393204619168e+01 1.1500000000000001e+02
1975 1.1885005736597947e+01 1.0626195472382084e+02 1.1500000000000001e+02
1976 1.8292930421464399e+02 6.7735659524358312e+01 1.1500000000000001e+02
1977 8.1275638685579494e+01 1.2766038849225843e+02 1.1500000000000001e+02
1978 1.2427885380749922e+02 1.3600652731845062e+02 1.1500000000000001e+02
1979 1.8804853679086403e+02 1.0632474208373515e+02 1.1500000000000001e+02
1980 1.8751277141059532e+02 4.0342173148687344e+01 1.1500000000000001e+02
1981 1.8746289524082388e+02 1.2793749999999993e+02 1.1500000000000001e+02
1982 1.3278455929804051e+02 1.1765426662631836e+02 1.1500000000000001e+02
1983 1.3846819970566833e+02 1.2654032147008407e+02 1.1500000000000001e+02
1984 1.8886764838184340e+02 1.4832047488207776e+01 1.1500000000000001e+02
1985 1.5394359108168157e+02 1.1775156044976272e+02 1.1500000000000001e+02
1986 1.5819108719551278e+02 1.2657771002945570e+02 1.1500000000000001e+02
1987 9.4865396935753921e+01 1.1197241996650700e+02 1.1500000000000001e+02
1988 9.8397904627916219e+01 1.1962199170451194e+02 1.1500000000000001e+02
1989 1.8795026051572862e+02 4.9996224990312648e+01 1.1500000000000001e+02
1990 2.9167808673121119e+01 1.3600863247574046e+02 1.1500000000000001e+02
1991 8.9348905828715637e+00 1.2140580651397761e+02 1.1500000000000001e+02
1992 1.1223258173455504e+02 1.3643685733067736e+02 1.1500000000000001e+02
1993 5.3543034547836747e+01 1.3551000086222146e+02 1.1500000000000001e+02
1994 5.9574942738436370e+01 1.2636076526094556e+02 1.1500000000000001e+02
1995 9.2666113844039401e+01 1.2796212540545157e+02 1.1500000000000001e+02
1996 1.8742703298446656e+02 1.1691890965132040e+02 1.1500000000000001e+02
1997 1.8738036517443575e+02 9.4588303731863988e+01 1.1500000000000001e+02
1998 1.8267021692685128e+02 1.3720755033734449e+02 1.1500000000000001e+02
1999 4.7827862787161763e+01 1.2504182590146834e+02 1.1500000000000001e+02
2000 7.9591520844255585e+00 1.3128811846229956e+02 1.1500000000000001e+02
2001 1.8784754075402734e+02 5.9427722499959778e+01 1.1500000000000001e+02
2002 1.1008321284785039e+02 1.1883184958445950e+02 1.1500000000000001e+02
2003 1.8816815345486100e+02 7.4480970770557903e+01 1.1500000000000001e+02
2004 2.3676719133135837e+01 1.2730709166391932e+02 1.1500000000000001e+02
2005 1.8098823743016928e+02 1.9453494774999943e+01 1.1500000000000001e+02
2006 1.7897511909108729e+02 3.6593491134583481e+01 1.1500000000000001e+02
2007 6.5756820583252820e+00 1.1195735763975438e+02 1.1500000000000001e+02
2008 1.7935027416915034e+02 4.6227256028500896e+01 1.1500000000000001e+02
2009 1.6930535597686924e+02 1.2794515785966750e+02 1.1500000000000001e+02
2010 1.8813400681445992e+02 2.4959833417857240e+01 1.1500000000000001e+02
2011 1.3620392195510462e+02 1.3625731913403868e+02 1.1500000000000001e+02
2012 1.2856020616372842e+02 1.2703295475601556e+02 1.1500000000000001e+02
2013 1.6240678275484962e+02 1.3662709863877001e+02 1.1500000000000001e+02
2014 3.5006864771998259e+01 1.2668159581838411e+02 1.1500000000000001e+02
2015 4.9015589910561779e+01 1.1517546465047111e+02 1.1500000000000001e+02
2016 1.7876713527013692e+02 6.0312030186917918e+00 1.1500000000000001e+02
2017 1.8183483341454519e+02 1.2176525420989632e+01 1.1500000000000001e+02
2018 1.4849278592524348e+02 1.2462794898946065e+02 1.1500000000000001e+02
2019 4.8709201951459837e+00 1.0502941344837629e+02 1.1500000000000001e+02
2020 1.9024074818088923e+02 8.4067333541408203e+01 1.1500000000000001e+02
2021 7.7103959591737080e+01 1.3723053405948778e+02 1.1500000000000001e+02
2022 7.0420827275271250e+01 1.2715118683716231e+02 1.1500000000000001e+02
2023 8.8593510000348900e+01 1.3705905313145297e+02 1.1500000000000001e+02
2024 6.4982515839466430e+01 1.1764579907297130e+02 1.1500000000000001e+02
2025 1.4989751837720087e+01 1.2718843467628507e+02 1.1500000000000001e+02
2026 1.7935408282226911e+02 1.0234717082888078e+02 1.1500000000000001e+02
2027 1.1686125743076960e+02 1.2735013841221217e+02 1.1500000000000001e+02
2028 1.7905016773232455e+02 9.2560495076833988e+01 1.1500000000000001e+02
2029 3.1211430756477426e+02 4.9957286875983158e+01 1.1500000000000001e+02
2030 1.7804295658548710e+02 1.2996630962161029e+02 1.1500000000000001e+02
2031 3.1206332201915416e+02 5.6349065665676594e+00 1.1500000000000001e+02
2032 2.5729791311849590e+02 1.3959216051123468e+02 1.1500000000000001e+02
2033 3.1210765336724273e+02 9.5035694169033945e+01 1.1500000000000001e+02
2034 2.0173769605181295e+02 1.3934499776160331e+02 1.1500000000000001e+02
2035 1.9148128177758613e+02 6.5261919473111076e+00 1.1500000000000001e+02
2036 1.9060430994445258e+02 1.3811610594773694e+02 1.1500000000000001e+02
2037 2.6707847685168230e+02 1.3961372145388538e+02 1.1500000000000001e+02
2038 3.1212819238265223e+02 1.0475361625113227e+02 1.1500000000000001e+02
2039 1.7935579637256734e+02 6.1740840326904532e+01 1.1500000000000001e+02
2040 1.8065815381904915e+02 1.1090524238208141e+02 1.1500000000000001e+02
2041 1.0481079892872518e+02 1.2766339045176544e+02 1.1500000000000001e+02
2042 7.3520679547216110e+00 1.3892457156080619e+02 1.1500000000000001e+02
2043 3.1214381814437775e+02 4.0208709520191640e+01 1.1500000000000001e+02
2044 1.3769408149794014e+01 1.1361393733085144e+02 1.1500000000000001e+02
2045 3.1215021668086166e+02 5.9723399290589775e+01 1.1500000000000001e+02
2046 4.2155432812104664e+01 1.1055936945282163e+02 1.1500000000000001e+02
2047 2.4745936295279697e+02 1.3964530385124809e+02 1.1500000000000001e+02
2048 2.1185876936408258e+02 1.3960507104649304e+02 1.1500000000000001e+02
2049 1.8917050309847639e+02 6.6950278812360878e+01 1.1500000000000001e+02
2050 3.1234509949027864e+02 8.6440341342313616e+01 1.1500000000000001e+02
2051 2.7565124128957450e+02 1.3980066621141418e+02 1.1500000000000001e+02
2052 3.1115570090388104e+02 1.3872956207438040e+02 1.1500000000000001e+02
2053 3.1230041871665657e+02 1.3424688169120106e+01 1.1500000000000001e+02
2054 3.1225888042636365e+02 1.3156011969445893e+02 1.1500000000000001e+02
2055 3.0388526911372384e+02 1.3976090190908326e+02 1.1500000000000001e+02
2056 3.1233708131023184e+02 1.1322757011479798e+02 1.1500000000000001e+02
2057 8.8305846092785828e+01 1.0829041511431357e+02 1.1500000000000001e+02
2058 1.8624620752063660e+02 3.2612398770465383e+01 1.1500000000000001e+02
2059 5.5713088849624356e+01 1.1864477097717125e+02 1.1500000000000001e+02
2060 2.3903807141326308e+02 1.3989670248094581e+02 1.1500000000000001e+02
2061 3.1238133718281046e+02 3.1814856507092344e+01 1.1500000000000001e+02
2062 2.2032423936565669e+02 1.3989542121732632e+02 1.1500000000000001e+02
2063 3.1240079395701656e+02 6.8071444554556450e+01 1.1500000000000001e+02
2064 2.0790000000000001e+02 0.0000000000000000e+00 1.1500000000000000e+02
2065 2.1880000000000001e+02 0.0000000000000000e+00 1.1500000000000000e+02
2066 2.2969999999999999e+02 0.0000000000000000e+00 1.1500000000000000e+02
2067 2.4060000000000011e+02 0.0000000000000000e+00 1.1500000000000000e+02
2068 2.6239999999999998e+02 0.0000000000000000e+00 1.1500000000000000e+02
2069 2.7330000000000001e+02 0.0000000000000000e+00 1.1500000000000000e+02
2070 2.8419999999999987e+02 0.0000000000000000e+00 1.1500000000000000e+02
2071 2.9509999999999991e+02 0.0000000000000000e+00 1.1500000000000000e+02
2072 2.9649517690631342e+02 7.3318615068772147e+01 1.1500000000000000e+02
2073 2.0632544661197261e+02 4.9088868518049203e+01 1.1500000000000000e+02
2074 2.0641248370790350e+02 8.3347393898653834e+01 1.1500000000000000e+02
2075 2.5762580697829799e+02 9.8679439069887422e+00 1.1500000000000000e+02
2076 2.5694999999999999e+02 1.2406032309874971e+02 1.1500000000000000e+02
2077 2.9616153936028519e+02 3.9073936964497243e+01 1.1500000000000000e+02
2078 2.9679201698807742e+02 9.6151538441768338e+01 1.1500000000000000e+02
2079 2.3617314540082481e+02 1.0033733162178271e+01 1.1500000000000000e+02
2080 2.3589792761439469e+02 1.2344293682580580e+02 1.1500000000000000e+02
2081 2.7907258827723871e+02 9.6212300425924724e+00 1.1500000000000000e+02
2082 2.7810201864392099e+02 1.2324974145025040e+02 1.1500000000000000e+02
2083 2.0625574937521469e+02 2.6508224467555610e+01 1.1500000000000000e+02
2084 2.0642867076179749e+02 1.0597317409422671e+02 1.1500000000000000e+02
2085 2.1290384256153871e+02 1.2421676914076269e+02 1.1500000000000000e+02
2086 2.1278616673804851e+02 8.7984867987101012e+00 1.1500000000000000e+02
2087 2.9695171968830817e+02 1.6583044412854900e+01 1.1500000000000000e+02
2088 2.9601504561547767e+02 1.1569814229140979e+02 1.1500000000000000e+02
2089 2.9611178734232681e+02 2.7701684981014211e+01 1.1500000000000000e+02
2090 2.8590591492112759e+02 3.3446781757781821e+01 1.1500000000000000e+02
2091 2.8613193042850202e+02 4.5181821318594118e+01 1.1500000000000000e+02
2092 2.7569712805535210e+02 3.9593842600945550e+01 1.1500000000000000e+02
2093 2.7601236668223959e+02 5.1567698661939161e+01 1.1500000000000000e+02
2094 2.6548671039806129e+02 4.5860518328678687e+01 1.1500000000000000e+02
2095 2.6580617940255041e+02 5.7860351157125933e+01 1.1500000000000000e+02
2096 2.5526156754732847e+02 5.2132234426131333e+01 1.1500000000000000e+02
2097 2.5557483611185373e+02 6.4129582185631861e+01 1.1500000000000000e+02
2098 2.4502996473696379e+02 5.8401215511465359e+01 1.1500000000000000e+02
2099 2.4534178364428519e+02 7.0397362803857618e+01 1.1500000000000000e+02
2100 2.5588641896939029e+02 7.6125524511550609e+01 1.1500000000000000e+02
2101 2.4565340906244239e+02 8.2393347376487014e+01 1.1500000000000000e+02
2102 2.4471908019770939e+02 4.6403580937790068e+01 1.1500000000000000e+02
2103 2.5619801037468193e+02 8.8121486619953600e+01 1.1500000000000000e+02
2104 2.3479723629813341e+02 6.4669266486275149e+01 1.1500000000000000e+02
2105 2.6643101970954291e+02 8.1853669819192504e+01 1.1500000000000000e+02
2106 2.6674260735437161e+02 9.3849623276137351e+01 1.1500000000000000e+02
2107 2.4596500402417649e+02 9.4389308127524941e+01 1.1500000000000000e+02
2108 2.3542040903868951e+02 8.8661174189730829e+01 1.1500000000000000e+02
2109 2.6517997072827887e+02 3.3868154245921453e+01 1.1500000000000000e+02
2110 2.3575695507265439e+02 1.0061118820220599e+02 1.1500000000000000e+02
2111 2.7615677356995042e+02 6.3588789289743985e+01 1.1500000000000000e+02
2112 2.2518740405077790e+02 9.4928996421150714e+01 1.1500000000000000e+02
2113 2.2487581603830341e+02 8.2933042398640126e+01 1.1500000000000000e+02
2114 2.2616676701613150e+02 1.0611827883184250e+02 1.1500000000000000e+02
2115 2.7669712507331133e+02 8.7589037169497232e+01 1.1500000000000000e+02
2116 2.7696229819794752e+02 9.9586196776215445e+01 1.1500000000000000e+02
2117 2.6700244062205610e+02 1.0584257430857990e+02 1.1500000000000000e+02
2118 2.4631616515075589e+02 1.0631877343231390e+02 1.1500000000000000e+02
2119 2.7733564914475591e+02 1.1114202973764570e+02 1.1500000000000000e+02
2120 2.8820960797062997e+02 1.0523499841022139e+02 1.1500000000000000e+02
2121 2.6734594518327640e+02 1.1716555572375840e+02 1.1500000000000000e+02
2122 2.7518278373329917e+02 2.8044270888894541e+01 1.1500000000000000e+02
2123 2.6391573620930842e+02 2.0820474307390018e+01 1.1500000000000000e+02
2124 2.5464368199154819e+02 2.8139580044648849e+01 1.1500000000000000e+02
2125 2.8618689394649442e+02 5.6822669368165243e+01 1.1500000000000000e+02
2126 2.5495006305861423e+02 4.0134921666453167e+01 1.1500000000000000e+02
2127 2.4440869191164941e+02 3.4406059728476450e+01 1.1500000000000000e+02
2128 2.3417516292150151e+02 4.0673250590689520e+01 1.1500000000000000e+02
2129 2.3366238536840149e+02 2.9049071801703430e+01 1.1500000000000000e+02
2130 2.2363108390021631e+02 3.4944035558105341e+01 1.1500000000000000e+02
2131 2.2416437590157949e+02 4.6934404260831883e+01 1.1500000000000000e+02
2132 2.2374789751217631e+02 2.3157010448643351e+01 1.1500000000000000e+02
2133 2.4290793907936890e+02 2.1205123886905010e+01 1.1500000000000000e+02
2134 2.7639386785259768e+02 7.5591812136639916e+01 1.1500000000000000e+02
2135 2.8641554669068688e+02 8.0439668407841850e+01 1.1500000000000000e+02
2136 2.3452251454823099e+02 5.2669720330879237e+01 1.1500000000000000e+02
2137 2.2469774861915431e+02 5.8925826214198871e+01 1.1500000000000000e+02
2138 2.2487194421497881e+02 7.0927933106614717e+01 1.1500000000000000e+02
2139 2.1543124170793601e+02 6.5610974504969889e+01 1.1500000000000000e+02
2140 2.6607968460979708e+02 6.9857993299457235e+01 1.1500000000000000e+02
2141 2.3516009971613880e+02 7.6663687726934242e+01 1.1500000000000000e+02
2142 2.5650996503582792e+02 1.0010145066005390e+02 1.1500000000000000e+02
2143 2.5680933798219428e+02 1.1194323760555160e+02 1.1500000000000000e+02
2144 2.8524657445112149e+02 2.0304512418387041e+01 1.1500000000000000e+02
2145 2.4636945968173771e+02 1.1748862488150171e+02 1.1500000000000000e+02
2146 2.3637798809868451e+02 1.1161380168651969e+02 1.1500000000000000e+02
2147 2.9636546738289809e+02 5.0062500000000000e+01 1.1500000000000000e+02
2148 2.0646227768271601e+02 3.7291703736671323e+01 1.1500000000000000e+02
2149 2.0654445983542109e+02 9.4794963513921090e+01 1.1500000000000000e+02
2150 2.4698059571611270e+02 9.9268239579680539e+00 1.1500000000000000e+02
2151 2.6836089311006577e+02 9.7065332715435204e+00 1.1500000000000000e+02
2152 2.2346004857112479e+02 1.2371543412597900e+02 1.1500000000000000e+02
2153 2.2407714399278080e+02 1.1366353997264600e+01 1.1500000000000000e+02
2154 2.9613296029896179e+02 6.1987748562608587e+01 1.1500000000000000e+02
2155 2.0610879022985850e+02 7.1990028737733795e+01 1.1500000000000000e+02
2156 2.8969746299172351e+02 8.9041039233094565e+00 1.1500000000000000e+02
2157 2.8971286139885211e+02 1.2442025195627130e+02 1.1500000000000000e+02
2158 2.8614068521480482e+02 6.8831404700795929e+01 1.1500000000000000e+02
2159 2.0549561436028571e+02 1.5890909192879322e+01 1.1500000000000000e+02
2160 2.0583523037984000e+02 1.1681250000000000e+02 1.1500000000000000e+02
2161 2.1699422967518930e+02 1.1338547397996589e+02 1.1500000000000000e+02
2162 2.9625866884601709e+02 8.5023026841968331e+01 1.1500000000000000e+02
2163 2.1602121016336520e+02 8.9165059369144004e+01 1.1500000000000000e+02
2164 2.1573584253277320e+02 7.7169304022779031e+01 1.1500000000000000e+02
2165 2.1640439437946031e+02 1.0115915372150199e+02 1.1500000000000000e+02
2166 2.8637985317304202e+02 9.2835008457147609e+01 1.1500000000000000e+02
2167 2.9836335793987831e+02 1.0569066844905710e+02 1.1500000000000000e+02
2168 2.0571533860762409e+02 6.0769358456375812e+01 1.1500000000000000e+02
2169 2.1612542451599089e+02 5.3142783686226693e+01 1.1500000000000000e+02
2170 2.3211370227071049e+02 1.8962258659338939e+01 1.1500000000000000e+02
2171 2.5314712628550211e+02 1.8218350153493340e+01 1.1500000000000000e+02
2172 2.7385122719554982e+02 1.7929551372289861e+01 1.1500000000000000e+02
2173 2.8587503655472727e+02 1.1594903276915970e+02 1.1500000000000000e+02
2174 2.1611954910820461e+02 4.1140427422068477e+01 1.1500000000000000e+02
2175 2.1584605562478259e+02 2.9436051413294141e+01 1.1500000000000000e+02
2176 2.1499181225344230e+02 1.8661644792979011e+01 1.1500000000000000e+02
2177 2.6785000000000002e+02 1.2661172755151128e+02 1.1500000000000000e+02
2178 2.4605000000000001e+02 1.2678904246969880e+02 1.1500000000000000e+02
2179 2.2777939219510500e+02 1.1565518509002260e+02 1.1500000000000000e+02
2180 2.0493995779500889e+02 8.0020990980311879e+00 1.1500000000000000e+02
2181 2.0493995779500889e+02 1.2549790090196880e+02 1.1500000000000000e+02
2182 2.9811054827906872e+02 7.9526144951147169e+00 1.1500000000000000e+02
2183 2.9811054827906872e+02 1.2554738550488531e+02 1.1500000000000000e+02
2184 3.1800000000000000e+02 8.5499999999999901e+01 -2.9818181818181809e+01
2185 3.1800000000000000e+02 9.5499999999999972e+01 -1.8000000000000000e+01
2186 3.1800000000000000e+02 1.0550000000000000e+02 -1.8000000000000000e+01
2187 3.1800000000000000e+02 1.1550000000000000e+02 -1.7999999999999989e+01
2188 3.1800000000000000e+02 1.2550000000000000e+02 -2.9818181818181898e+01
2189 3.1800000000000000e+02 1.2550000000000000e+02 -4.1636363636363797e+01
2190 3.1800000000000000e+02 1.2550000000000000e+02 -5.3454545454545659e+01
2191 3.1800000000000000e+02 1.2550000000000000e+02 -6.5272727272727423e+01
2192 3.1800000000000000e+02 1.2550000000000000e+02 -7.7090909090909179e+01
2193 3.1800000000000000e+02 1.2550000000000000e+02 -8.8909090909090963e+01
2194 3.1800000000000000e+02 1.2550000000000000e+02 -1.0072727272727271e+02
2195 3.1800000000000000e+02 1.2550000000000000e+02 -1.1254545454545460e+02
2196 3.1800000000000000e+02 1.2550000000000000e+02 -1.2436363636363640e+02
2197 3.1800000000000000e+02 1.2550000000000000e+02 -1.3618181818181819e+02
2198 3.1800000000000000e+02 1.1549999999999990e+02 -1.4800000000000000e+02
2199 3.1800000000000000e+02 1.0549999999999990e+02 -1.4800000000000000e+02
2200 3.1800000000000000e+02 9.5499999999999915e+01 -1.4800000000000000e+02
2201 3.1800000000000000e+02 8.5499999999999901e+01 -1.3618181818181810e+02
2202 3.1800000000000000e+02 8.5499999999999901e+01 -1.2436363636363620e+02
2203 3.1800000000000000e+02 8.5499999999999901e+01 -1.1254545454545431e+02
2204 3.1800000000000000e+02 8.5499999999999901e+01 -1.0072727272727261e+02
2205 3.1800000000000000e+02 8.5499999999999901e+01 -8.8909090909090821e+01
2206 3.1800000000000000e+02 8.5499999999999901e+01 -7.7090909090909037e+01
2207 3.1800000000000000e+02 8.5499999999999901e+01 -6.5272727272727266e+01
2208 3.1800000000000000e+02 8.5499999999999901e+01 -5.3454545454545439e+01
2209 3.1800000000000000e+02 8.5499999999999901e+01 -4.1636363636363612e+01
2210 3.1800000000000000e+02 6.7702461083795939e+01 1.0716233334151188e+02
2211 3.1800000000000000e+02 9.5777247425662850e+01 1.0665913013081537e+02
2212 3.1800000000000000e+02 9.0703545177034854e+01 -1.5711295327451674e+02
2213 3.1800000000000000e+02 9.0589337889020811e+01 -9.0805453369174831e+00
2214 3.1800000000000000e+02 7.3745515601095789e+01 -2.6467781915509840e+02
2215 3.1800000000000000e+02 4.0546652683115099e+01 1.0716694137237495e+02
2216 3.1800000000000000e+02 1.8132565676190762e+01 4.2289958959097007e+01
2217 3.1800000000000000e+02 8.0185926971633990e+01 -9.3791179157481146e+00
2218 3.1800000000000000e+02 8.5511743651547562e+01 1.7235931960596909e-01
2219 3.1800000000000000e+02 7.9511906612493263e+01 -1.5721501411388959e+02
2220 3.1800000000000000e+02 8.5400615965858876e+01 -1.6714019982957583e+02
2221 3.1800000000000000e+02 7.4686732866113218e+01 1.0831305116442398e-01
2222 3.1800000000000000e+02 8.0009329898557780e+01 9.9302319850798479e+00
2223 3.1800000000000000e+02 1.2960628708112125e+02 6.1325136955025876e+01
2224 3.1800000000000000e+02 7.2898832733177656e+01 -1.6723575049229939e+02
2225 3.1800000000000000e+02 7.9424646351598980e+01 -1.7842395895201295e+02
2226 3.1800000000000000e+02 7.3787762269229873e+01 -4.6985192282272855e+01
2227 3.1800000000000000e+02 6.9280479700221960e+01 -1.1085624270558197e+01
2228 3.1800000000000000e+02 7.5776690595558222e+01 -9.4634732925414696e+01
2229 3.1800000000000000e+02 7.3935096127176962e+01 -1.3088097708720920e+02
2230 3.1800000000000000e+02 6.8810461388886253e+01 9.0262000427284192e+00
2231 3.1800000000000000e+02 7.4309236073208325e+01 1.9790918715918501e+01
2232 3.1800000000000000e+02 8.5891481969760477e+01 1.9682949214941363e+01
2233 3.1800000000000000e+02 8.0107239437956892e+01 3.0078377470252693e+01
2234 3.1800000000000000e+02 7.5767660625493122e+01 -7.0102573306895550e+01
2235 3.1800000000000000e+02 1.1447107640429101e+02 1.0527941349961962e+02
2236 3.1800000000000000e+02 1.1027213479156664e+02 -1.0037041260053702e+01
2237 3.1800000000000000e+02 6.5783843913302732e+01 -1.7844555418396669e+02
2238 3.1800000000000000e+02 7.2938295721174129e+01 -1.9057075132981166e+02
2239 3.1800000000000000e+02 8.7236724301685186e+01 -1.9026144812131506e+02
2240 3.1800000000000000e+02 1.1195332675875716e+02 -1.5697638203303686e+02
2241 3.1800000000000000e+02 8.0375481791524180e+01 -2.0350464429077175e+02
2242 3.1800000000000000e+02 6.8344743184480606e+01 2.9951533084817989e+01
2243 3.1800000000000000e+02 7.4203533131610001e+01 4.0350503468757040e+01
2244 3.1800000000000000e+02 6.5474389822749004e+01 -2.0400503625388092e+02
2245 3.1800000000000000e+02 5.8948318816834856e+01 -1.6603298069797015e+02
2246 3.1800000000000000e+02 9.2023169209965843e+01 2.9971156917193166e+01
2247 3.1800000000000000e+02 2.2787044476830442e+01 1.0727264433317504e+02
2248 3.1800000000000000e+02 6.2398645187817927e+01 4.0212659744651951e+01
2249 3.1800000000000000e+02 6.8259525344205059e+01 5.0799830210694374e+01
2250 3.1800000000000000e+02 5.5910766302944062e+01 2.9262512337095071e+01
2251 3.1800000000000000e+02 8.0562907086788755e+01 5.1293492908240587e+01
2252 3.1800000000000000e+02 7.4074185673765129e+01 6.1295832395480694e+01
2253 3.1800000000000000e+02 6.2460637294226409e+01 6.1114382528137405e+01
2254 3.1800000000000000e+02 6.8047907453742184e+01 7.1312935131460463e+01
2255 3.1800000000000000e+02 5.6695688022542946e+01 7.0981051959707713e+01
2256 3.1800000000000000e+02 7.9283809152076216e+01 7.1605618971311486e+01
2257 3.1800000000000000e+02 1.3162167954735483e+02 -1.8639132203925982e+02
2258 3.1800000000000000e+02 9.5796348260523857e+01 -2.0301464277568542e+02
2259 3.1800000000000000e+02 1.9494006251082087e+01 -1.1332312423972795e+02
2260 3.1800000000000000e+02 8.8532131325731754e+01 -2.1759422797788818e+02
2261 3.1800000000000000e+02 1.9702683171008495e+01 -6.9868360781746759e+01
2262 3.1800000000000000e+02 5.0764127373500720e+01 -1.7854044371216960e+02
2263 3.1800000000000000e+02 9.8190480036046935e+01 1.9239856340424524e+01
2264 3.1800000000000000e+02 1.9596713686914381e+01 -2.7357197587523725e+01
2265 3.1800000000000000e+02 1.0453318705257800e+02 2.9904367555003176e+01
2266 3.1800000000000000e+02 1.1105860951218848e+02 1.8590968256567724e+01
2267 3.1800000000000000e+02 1.7855773842199760e+01 -2.2587100500708374e+02
2268 3.1800000000000000e+02 1.3372182722707779e+01 8.4596512367341802e+01
2269 3.1800000000000000e+02 6.1911113840069696e+01 8.0831336813454229e+01
2270 3.1800000000000000e+02 5.0978458580291566e+01 8.0541361983162815e+01
2271 3.1800000000000000e+02 4.5195398912697151e+01 7.0464244181130368e+01
2272 3.1800000000000000e+02 4.1885759880269575e+01 -1.6404722091552651e+02
2273 3.1800000000000000e+02 1.0419758833505752e+02 -2.1708288900830047e+02
2274 3.1800000000000000e+02 9.7380339258752699e+01 -2.3247623391529416e+02
2275 3.1800000000000000e+02 5.2277228203177430e+01 -1.5170291308684395e+02
2276 3.1800000000000000e+02 8.0239713118009362e+01 -2.3237480651882814e+02
2277 3.1800000000000000e+02 5.6301657419762506e+01 8.9987710242889534e+01
2278 3.1800000000000000e+02 1.3506683919720902e+02 2.4691052163038787e+00
2279 3.1800000000000000e+02 4.9699762575377015e+01 4.0097300595448445e+01
2280 3.1800000000000000e+02 4.2549022425056201e+01 2.8605659695811347e+01
2281 3.1800000000000000e+02 1.3443229792526992e+02 9.6414161898581170e+01
2282 3.1800000000000000e+02 3.9171035231265854e+01 8.0042912292370389e+01
2283 3.1800000000000000e+02 3.0783327240320613e+01 6.8217988743749643e+01
2284 3.1800000000000000e+02 1.1432142857142853e+02 -2.6799904339276634e+02
2285 3.1800000000000000e+02 3.1954420100971117e+01 -2.6848834390950555e+02
2286 3.1800000000000000e+02 3.5240119174813117e+01 -1.4687871742458398e+02
2287 3.1800000000000000e+02 4.8738405022526301e+01 -1.3432903349387499e+02
2288 3.1800000000000000e+02 6.6945782697383180e+01 9.0413096878094237e+01
2289 3.1800000000000000e+02 1.1831962744071639e+02 3.0226081464139167e+01
2290 3.1800000000000000e+02 1.0400925865043332e+02 -1.8886586254138365e+02
2291 3.1800000000000000e+02 3.2577638302975636e+01 -1.7817821214548951e+02
2292 3.1800000000000000e+02 9.8872254847872739e+01 4.0555244013870137e+01
2293 3.1800000000000000e+02 9.6343935434786360e+01 -2.0651936800505835e-01
2294 3.1800000000000000e+02 5.0069656633623389e+01 1.6477256875346846e+01
2295 3.1800000000000000e+02 3.2128857357800975e+01 1.5974349540045740e+01
2296 3.1800000000000000e+02 4.3444893311511187e+01 -9.2918647528980425e-01
2297 3.1800000000000000e+02 7.5508535145600902e+01 -1.4540584044764174e+02
2298 3.1800000000000000e+02 9.6689695632332402e+01 -1.6631173231591333e+02
2299 3.1800000000000000e+02 4.1986979289833748e+01 -1.9267137923279452e+02
2300 3.1800000000000000e+02 7.5587495394480783e+01 -2.3133264619393891e+01
2301 3.1800000000000000e+02 6.1933117689498197e+01 -2.1707720512757742e+01
2302 3.1800000000000000e+02 2.7488034519667497e+01 4.2572449742178364e-01
2303 3.1800000000000000e+02 4.0242080038562669e+01 6.0609625069208668e+01
2304 3.1800000000000000e+02 1.0622357610394179e+01 9.7702998694547205e+01
2305 3.1800000000000000e+02 2.1718738510389358e+01 9.1815168716522763e+01
2306 3.1800000000000000e+02 1.1419204681972076e+02 -2.3093618403201921e+02
2307 3.1800000000000000e+02 8.8763436001624527e+01 -2.4833952051808569e+02
2308 3.1800000000000000e+02 1.3014249399795287e+02 8.0145128383433175e+01
2309 3.1800000000000000e+02 1.1520644971050785e+02 6.9942370776358572e+01
2310 3.1800000000000000e+02 1.1555440619832660e+02 8.3610321987865106e+01
2311 3.1800000000000000e+02 1.0335358696830966e+02 7.7528293518154911e+01
2312 3.1800000000000000e+02 1.0145941715525630e+02 6.2598265431446755e+01
2313 3.1800000000000000e+02 1.0397706420008636e+02 9.0729408068716154e+01
2314 3.1800000000000000e+02 9.3336466975870223e+01 8.5089275719616694e+01
2315 3.1800000000000000e+02 1.2298453110348778e+02 1.7482293879287152e+01
2316 3.1800000000000000e+02 1.1565292341163094e+02 9.2941980525238321e+00
2317 3.1800000000000000e+02 1.2592043024556865e+02 -5.6729654655440340e+00
2318 3.1800000000000000e+02 1.3321251243953992e+02 -1.7029295493396745e+02
2319 3.1800000000000000e+02 1.1850452035251740e+02 -1.7769193961131307e+02
2320 3.1800000000000000e+02 6.3376950849935788e+01 -1.4060277788061686e+02
2321 3.1800000000000000e+02 6.1212728604449858e+01 -1.2451776458342259e+02
2322 3.1800000000000000e+02 4.6658397842462691e+01 -1.1828349312448596e+02
2323 3.1800000000000000e+02 5.8071964437037217e+01 -1.0886071364347454e+02
2324 3.1800000000000000e+02 4.4809605434520840e+01 -1.0245585111605810e+02
2325 3.1800000000000000e+02 5.5709527113588933e+01 -9.3985388182550153e+01
2326 3.1800000000000000e+02 4.2718971729487308e+01 -8.6485935799623405e+01
2327 3.1800000000000000e+02 5.5532465967730836e+01 -7.6291581757397367e+01
2328 3.1800000000000000e+02 6.6829802777410706e+01 -3.4245733576145241e+01
2329 3.1800000000000000e+02 5.3160835521103046e+01 -3.2274826957306963e+01
2330 3.1800000000000000e+02 5.9021770247425856e+01 -4.5691437054768031e+01
2331 3.1800000000000000e+02 4.4899091309160234e+01 -4.3764708487901792e+01
2332 3.1800000000000000e+02 4.8034548380236252e+01 -1.8576881465392567e+01
2333 3.1800000000000000e+02 6.5393658883884328e+01 -6.1972461578276970e+01
2334 3.1800000000000000e+02 1.7675318670903245e+01 -4.7992868264866850e+01
2335 3.1800000000000000e+02 1.6014058892610290e+01 6.0803472436198128e+01
2336 3.1800000000000000e+02 2.3597927374603326e+01 -1.9399148897892576e+02
2337 3.1800000000000000e+02 1.6898943581934898e+01 -9.0725429108500265e+01
2338 3.1800000000000000e+02 3.4786916690334003e+01 -2.1020065263422714e+02
2339 3.1800000000000000e+02 5.0285348630452987e+01 -5.9092207209421836e+01
2340 3.1800000000000000e+02 1.2838358068990675e+02 -2.0419698722445006e+02
2341 3.1800000000000000e+02 1.3255227027274140e+02 -1.5542074809774894e+02
2342 3.1800000000000000e+02 1.2233867156010878e+02 -1.6200736852300679e+02
2343 3.1800000000000000e+02 1.7908179104274488e+01 -1.3711751809140026e+02
2344 3.1800000000000000e+02 7.2704868460374712e+01 8.1191935312084794e+01
2345 3.1800000000000000e+02 7.7039077834153147e+01 9.0685355869463166e+01
2346 3.1800000000000000e+02 6.2287845730295039e+01 9.8883842358420324e+01
2347 3.1800000000000000e+02 5.2746332678835358e+01 9.9001253038106483e+01
2348 3.1800000000000000e+02 8.6167433601967986e+01 6.1859854629894954e+01
2349 3.1800000000000000e+02 9.1039505451452797e+01 7.3476173972095182e+01
2350 3.1800000000000000e+02 9.4668002127892478e+01 -2.6743106091724206e+02
2351 3.1800000000000000e+02 1.5764404144454440e+01 2.3223197995999662e+01
2352 3.1800000000000000e+02 1.1493874685614746e+02 5.4685498210239892e+01
2353 3.1800000000000000e+02 1.2784112073278020e+02 4.3577206573847718e+01
2354 3.1800000000000000e+02 4.4607715035051065e+01 9.0923616111207579e+01
2355 3.1800000000000000e+02 5.2180560604503988e+01 -2.6761435647650342e+02
2356 3.1800000000000000e+02 4.2501573731136432e+01 -2.4942127956464338e+02
2357 3.1800000000000000e+02 6.0145314433420857e+01 -2.4836844419630910e+02
2358 3.1800000000000000e+02 5.2233414475752930e+01 -2.3437912527053322e+02
2359 3.1800000000000000e+02 9.3022024283275272e+01 9.5998747367475559e+01
2360 3.1800000000000000e+02 2.0735554126494794e+01 -2.4969658824950235e+02
2361 3.1800000000000000e+02 2.0677210173602649e+01 -1.6087769943460049e+02
2362 3.1800000000000000e+02 3.5056468968014975e+01 4.0870585596412141e+01
2363 3.1800000000000000e+02 7.7067047608541600e+01 1.0711450954296737e+02
2364 3.1800000000000000e+02 8.6816375069380612e+01 4.0942334980856558e+01
2365 3.1800000000000000e+02 1.3536115529782526e+02 -1.0121131897555184e+01
2366 3.1800000000000000e+02 1.3500134176446826e+02 -1.4302021929296410e+02
2367 3.1800000000000000e+02 9.1827040109460242e+01 9.4720774005325019e+00
2368 3.1800000000000000e+02 1.0484026307649061e+02 7.8120411735947961e+00
2369 3.1800000000000000e+02 8.6654313051538921e+01 1.0650908502086382e+02
2370 3.1800000000000000e+02 7.2042869597703728e+01 -1.1465427097794766e+02
2371 3.1800000000000000e+02 1.3545682762882117e+02 -2.2698380183795422e+01
2372 3.1800000000000000e+02 1.3087722854869833e+02 1.0712927047596384e+02
2373 3.1800000000000000e+02 1.2337376565491390e+02 9.9624434940583868e+01
2374 3.1800000000000000e+02 3.9774822044210929e+01 -7.0920735668419496e+01
2375 3.1800000000000000e+02 1.0058397715659208e+02 -9.4394974108379301e+00
2376 3.1800000000000000e+02 9.3139585771204267e+01 -1.7783551109453006e+02
2377 3.1800000000000000e+02 5.6668093292818213e+01 5.0660796046322979e+01
2378 3.1800000000000000e+02 1.3548025014545192e+02 -9.4863150346788103e+01
2379 3.1800000000000000e+02 1.3547393826055821e+02 -8.2915357704518470e+01
2380 3.1800000000000000e+02 1.1837974232374485e+02 -1.9219565271216615e+02
2381 3.1800000000000000e+02 7.2117373112644174e+01 9.8923543512396918e+01
2382 3.1800000000000000e+02 1.2686719195445947e+02 -2.4887224110929000e+02
2383 3.1800000000000000e+02 1.3546203781458999e+02 -1.0682593838918780e+02
2384 3.1800000000000000e+02 7.5753488766311648e+01 -8.2849679313370231e+01
2385 3.1800000000000000e+02 1.3538221975109272e+02 -1.3088391373004430e+02
2386 3.1800000000000000e+02 1.0049999999999991e+02 -1.5666025403784437e+02
2387 3.1800000000000000e+02 1.3545498744937933e+02 -7.0938460075785713e+01
2388 3.1800000000000000e+02 1.0472914561033743e+02 1.0673106889569117e+02
2389 3.1800000000000000e+02 9.3112146256805445e+01 5.1087859927900809e+01
2390 3.1800000000000000e+02 1.3547404292761377e+02 -1.1890720043810155e+02
2391 3.1800000000000000e+02 1.3543534205139548e+02 -5.8956712556453901e+01
2392 3.1800000000000000e+02 1.3537981047510178e+02 -3.5107189160752640e+01
2393 3.1800000000000000e+02 1.0701048596685564e+02 -2.4942475289418689e+02
2394 3.1800000000000000e+02 1.0521841968460078e+02 -1.7366971124125590e+02
2395 3.1800000000000000e+02 3.1727370004956740e+01 1.0704850753843026e+02
2396 3.1800000000000000e+02 3.6294411142799731e+01 9.8148919985625085e+01
2397 3.1800000000000000e+02 1.4291995587565562e+01 1.0713620827593813e+02
2398 3.1800000000000000e+02 1.3546919208774955e+02 -4.6870817294898067e+01
2399 3.1800000000000000e+02 2.6212219259205156e+01 8.1031827090735419e+01
2400 3.1800000000000000e+02 5.1206168667584443e+01 6.0716461581718974e+01
2401 3.1800000000000000e+02 7.2897022250909359e+01 -2.1723620485706130e+02
2402 3.1800000000000000e+02 8.1760703109758708e+01 9.9008026280607154e+01
2403 3.1800000000000000e+02 5.8978189923184914e+01 1.0755190536521896e+02
2404 3.1800000000000000e+02 6.2708367553453215e+01 1.9814649650095379e+01
2405 3.1800000000000000e+02 5.6429416621783808e+01 4.7957810512390235e+00
2406 3.1800000000000000e+02 8.3183448626502241e+01 8.2332854544188791e+01
2407 3.1800000000000000e+02 1.1270298767119678e+02 -1.6682791544893004e+02
2408 3.1800000000000000e+02 1.2994512691061189e+02 2.7196206755949799e+01
2409 3.1800000000000000e+02 3.2908203445658145e+01 -1.2657003151424531e+02
2410 3.1800000000000000e+02 4.9290231768348463e+01 1.0729896906634708e+02
2411 3.1800000000000000e+02 1.1154990445161017e+02 4.1371060903365986e+01
2412 3.1800000000000000e+02 5.8023739705760548e+01 -1.9150842472653343e+02
2413 3.1800000000000000e+02 5.4064206421128176e+01 -2.1816221749763696e+02
2414 3.1800000000000000e+02 3.8148562205178621e+01 -2.9608004535800799e+01
2415 3.1800000000000000e+02 3.2007518531340040e+01 -1.4205238852735448e+01
2416 3.1800000000000000e+02 1.0821554331240448e+02 9.9119602085055106e+01
2417 3.1800000000000000e+02 1.7128774752885750e+01 -1.7817991498107475e+02
2418 3.1800000000000000e+02 3.3789261412696405e+01 -5.5298790420853784e+01
2419 3.1800000000000000e+02 1.2978992860916091e+02 -2.2437626568945007e+02
2420 3.1800000000000000e+02 1.5972191221501339e+01 -2.0950727788495209e+02
2421 3.1800000000000000e+02 1.0523462384176713e+02 -2.6758829423306167e+00
2422 3.1800000000000000e+02 3.1033935876726428e+01 5.3876716751745377e+01
2423 3.1800000000000000e+02 7.7189816355721419e+01 -5.9557499978943618e+01
2424 3.1800000000000000e+02 1.2255759279026179e+02 1.0797644781823109e+02
2425 3.1800000000000000e+02 6.7086962060203305e+01 -1.5469921278654357e+02
2426 3.1800000000000000e+02 3.6804968973259335e+01 -2.3004527028911426e+02
2427 3.1800000000000000e+02 3.2895803852039428e+01 8.9255467099118704e+01
2428 3.1800000000000000e+02 3.5250342439608183e+01 -1.1132679258657885e+02
2429 3.1800000000000000e+02 1.2390339714012140e+02 9.0733486982230573e+01
2430 3.1800000000000000e+02 5.7311040533555790e+01 -8.0096343530964056e+00
2431 3.1800000000000000e+02 7.7333308675069574e+01 -3.5727272727272720e+01
2432 3.1800000000000000e+02 1.3401164920638743e+02 1.5334637918629776e+01
2433 3.1800000000000000e+02 7.6811844210623576e+01 -1.0477876448607645e+02
2434 3.1800000000000000e+02 8.5668344165911904e+01 9.0622851956270253e+01
2435 3.1800000000000000e+02 1.1093411232704065e+02 -2.0339539230328643e+02
2436 3.1800000000000000e+02 6.5699139879607685e+01 -2.3117593398662731e+02
2437 3.1800000000000000e+02 2.7220851653667729e+01 9.9702539539406388e+01
2438 3.1800000000000000e+02 1.0085429000642421e+02 9.9761490940834435e+01
2439 3.1800000000000000e+02 5.0867246385961103e+01 -2.0330954206901458e+02
2440 3.1800000000000000e+02 1.3085063278772191e+02 -2.7045654062715505e+02
2441 3.1800000000000000e+02 3.0295383950191752e+01 -8.2800384859333391e+01
2442 3.1800000000000000e+02 4.4553188581698336e+01 5.0947177730332463e+01
2443 3.1800000000000000e+02 1.5638379309314880e+01 -5.7815774447469526e+00
2444 3.1800000000000000e+02 6.7401980319551186e+01 -7.6329600720978448e+01
2445 3.1800000000000000e+02 1.4836650681834055e+01 -2.7056466878871805e+02
2446 3.1800000000000000e+02 6.6790627310930077e+01 -1.0081162072812664e+02
2447 3.1800000000000000e+02 2.9586992714767529e+01 2.9126234472341167e+01
2448 3.1800000000000000e+02 6.4889518111377015e+01 -6.7881481698882307e-01
2449 3.1800000000000000e+02 1.7276357622968767e+01 7.3746815548766392e+01
2450 3.1800000000000000e+02 3.1577875564470837e+01 -9.7852919618303645e+01
2451 3.1800000000000000e+02 1.1535625334200573e+02 -1.3155618792527493e+00
2452 3.1800000000000000e+02 1.1850976367582820e+02 -1.0605113720970095e+01
2453 3.1800000000000000e+02 1.0421734987526067e+02 4.9836266241859335e+01
2454 3.1800000000000000e+02 1.0541288594937743e+02 -1.6408919901539608e+02
2455 3.1800000000000000e+02 3.0821789456970574e+01 -4.0804313859389389e+01
2456 3.1800000000000000e+02 1.3848448999492120e+02 1.0737928763192215e+02
2457 3.1800000000000000e+02 7.4105940671869860e+01 -2.4523188647191199e+02
2458 3.1800000000000000e+02 1.9328197567769450e+01 1.0072591191191789e+02
2459 3.1800000000000000e+02 1.1802321962860303e+02 -2.1500352844537932e+02
2460 3.1800000000000000e+02 6.6160796678945147e+01 -8.7483767271306249e+01
2461 3.1800000000000000e+02 6.7976397697434550e+00 1.0787632405977818e+02
2462 3.1800000000000000e+02 1.6506338683416455e+01 9.1901737696065489e+00
2463 3.1800000000000000e+02 4.4401007357305055e+01 1.0038387554548939e+02
2464 3.1800000000000000e+02 1.1572816539584308e+02 9.4127463318484772e+01
2465 3.1800000000000000e+02 1.2156885371832145e+02 -1.5408089973075852e+02
2466 3.1800000000000000e+02 1.2483210441771492e+02 6.2652846203246417e+00
2467 3.1800000000000000e+02 9.5723268202884270e+01 -8.2933135218707875e+01
2468 3.1800000000000000e+02 1.1547117467573520e+02 -5.9411396921702277e+01
2469 3.1800000000000000e+02 9.5734845681088672e+01 -1.0663636363636350e+02
2470 3.1800000000000000e+02 1.1712752571981849e+02 -3.5200951430549942e+01
2471 3.1800000000000000e+02 9.3872474280181365e+01 -1.3079904856945009e+02
2472 3.1800000000000000e+02 1.1547117467573520e+02 -9.4770421260116080e+01
2473 3.1800000000000000e+02 9.5507543370100421e+01 -4.7667977262374912e+01
2474 3.1800000000000000e+02 1.1549245662989949e+02 -1.1833202273762510e+02
2475 3.1800000000000000e+02 1.1053159757674760e+02 -1.3855531373131771e+02
2476 3.1800000000000000e+02 1.0046840242325230e+02 -2.7444686268682279e+01
2477 3.1800000000000000e+02 9.5580859396635901e+01 -5.9450921597748533e+01
2478 3.1800000000000000e+02 1.1576645006592560e+02 -4.7465694422345202e+01
2479 3.1800000000000000e+02 1.1549393855093911e+02 -1.0660798309053260e+02
2480 3.1800000000000000e+02 9.5267886660211602e+01 -1.1854226567066580e+02
2481 3.1800000000000000e+02 9.5695674242441385e+01 -7.1252086371913578e+01
2482 3.1800000000000000e+02 1.0575527127151339e+02 -7.7091476325709664e+01
2483 3.1800000000000000e+02 9.5616813535433195e+01 -9.4740172906674317e+01
2484 3.1800000000000000e+02 1.1572015153532750e+02 -8.2961872277974749e+01
2485 3.1800000000000000e+02 1.1571220734077620e+02 -7.1216800219113651e+01
2486 3.1800000000000000e+02 1.0563111320348230e+02 -8.8870725119409244e+01
2487 3.1800000000000000e+02 1.0561919782118370e+02 -6.5312871148455571e+01
2488 3.1800000000000000e+02 1.0557464760777970e+02 -1.0069518675975830e+02
2489 3.1800000000000000e+02 1.0549999999999990e+02 -1.1254545454545431e+02
2490 3.1800000000000000e+02 1.0550000000000000e+02 -5.3454545454545652e+01
2491 3.1800000000000000e+02 1.0574004801694440e+02 -3.9193788272162408e+01
2492 3.1800000000000000e+02 1.0526485722964649e+02 -1.2680734888398202e+02
2493 3.1800000000000000e+02 1.0019482151442919e+02 -1.3904210337927651e+02
2494 3.1800000000000000e+02 1.1080599602666921e+02 -2.6958086146747601e+01
2495 3.1800000000000000e+02 1.1713148523938220e+02 -1.3105517483154810e+02
2496 3.1800000000000000e+02 9.3869332301716156e+01 -3.4945014694475987e+01
2497 3.1800000000000000e+02 1.1888670434929750e+02 -2.5595443879095878e+01
2498 3.1800000000000000e+02 1.1883261656322590e+02 -1.4035846134893680e+02
2499 3.1800000000000000e+02 9.2167546944993646e+01 -2.5641576556268021e+01
2500 3.1800000000000000e+02 9.2113459158922055e+01 -1.4040459402610890e+02
2501 2.9800000000000000e+02 1.4550000000000000e+02 -6.5272727272727266e+01
2502 2.9800000000000000e+02 1.4550000000000000e+02 -5.3454545454545439e+01
2503 2.9800000000000000e+02 1.4550000000000000e+02 -4.1636363636363612e+01
2504 2.9800000000000000e+02 1.4550000000000000e+02 -2.9818181818181809e+01
2505 2.8799999999999989e+02 1.4550000000000000e+02 -1.8000000000000000e+01
2506 2.7799999999999989e+02 1.4550000000000000e+02 -1.8000000000000000e+01
2507 2.6800000000000000e+02 1.4550000000000000e+02 -1.8000000000000000e+01
2508 2.5800000000000000e+02 1.4550000000000000e+02 -2.9818181818181898e+01
2509 2.5800000000000000e+02 1.4550000000000000e+02 -4.1636363636363797e+01
2510 2.5800000000000000e+02 1.4550000000000000e+02 -5.3454545454545659e+01
2511 2.5800000000000000e+02 1.4550000000000000e+02 -6.5272727272727423e+01
2512 2.5800000000000000e+02 1.4550000000000000e+02 -7.7090909090909179e+01
2513 2.5800000000000000e+02 1.4550000000000000e+02 -8.8909090909090963e+01
2514 2.5800000000000000e+02 1.4550000000000000e+02 -1.0072727272727271e+02
2515 2.5800000000000000e+02 1.4550000000000000e+02 -1.1254545454545460e+02
2516 2.5800000000000000e+02 1.4550000000000000e+02 -1.2436363636363640e+02
2517 2.5800000000000000e+02 1.4550000000000000e+02 -1.3618181818181819e+02
2518 2.6800000000000011e+02 1.4550000000000000e+02 -1.4800000000000000e+02
2519 2.7800000000000011e+02 1.4550000000000000e+02 -1.4800000000000000e+02
2520 2.8800000000000000e+02 1.4550000000000000e+02 -1.4800000000000000e+02
2521 2.9800000000000000e+02 1.4550000000000000e+02 -1.3618181818181810e+02
2522 2.9800000000000000e+02 1.4550000000000000e+02 -1.2436363636363620e+02
2523 2.9800000000000000e+02 1.4550000000000000e+02 -1.1254545454545431e+02
2524 2.9800000000000000e+02 1.4550000000000000e+02 -1.0072727272727261e+02
2525 2.9800000000000000e+02 1.4550000000000000e+02 -8.8909090909090821e+01
2526 2.9800000000000000e+02 1.4550000000000000e+02 -7.7090909090909037e+01
2527 1.3784166504041872e+02 1.4550000000000000e+02 1.0457452997557210e+02
2528 2.4836253108272348e+02 1.4550000000000000e+02 -2.4611214899903615e+01
2529 2.4854030707782928e+02 1.4550000000000000e+02 -7.0309792049524049e+01
2530 2.4900072722780945e+02 1.4550000000000000e+02 -1.1927038779938448e+02
2531 1.8270442131206494e+02 1.4550000000000000e+02 1.0659330870680100e+02
2532 2.2167399485242069e+02 1.4550000000000000e+02 1.0624326577899286e+02
2533 2.4805289765667538e+02 1.4550000000000000e+02 -1.2776279595126852e+01
2534 2.3812860079190185e+02 1.4550000000000000e+02 -1.9182394058961709e+01
2535 2.1691299993825879e+01 1.4550000000000000e+02 -1.5748296000799826e+02
2536 1.8177675343874995e+01 1.4550000000000000e+02 -8.1575784930102287e+01
2537 1.4691981458877402e+02 1.4550000000000000e+02 -2.6700414458761912e+02
2538 2.3791753103183521e+02 1.4550000000000000e+02 -6.8610052755703901e+00
2539 2.2761727668810994e+02 1.4550000000000000e+02 -1.3059210793248402e+01
2540 2.0613269928530222e+01 1.4550000000000000e+02 -1.2275230331348144e+01
2541 2.2743697539922380e+02 1.4550000000000000e+02 -7.1636600215163870e-01
2542 2.1685326374278785e+02 1.4550000000000000e+02 -7.0678250252364698e+00
2543 1.0208207560795776e+02 1.4550000000000000e+02 1.0543681262917131e+02
2544 2.4919640169919572e+02 1.4550000000000000e+02 1.0712216306960990e+02
2545 2.1686718480642597e+02 1.4550000000000000e+02 5.3216283715125998e+00
2546 2.0586561100908412e+02 1.4550000000000000e+02 -9.1610411965148930e-01
2547 2.0589887845471998e+02 1.4550000000000000e+02 -1.3761693730872580e+01
2548 1.9424918366152454e+02 1.4550000000000000e+02 -7.3982472397877634e+00
2549 1.9437410057131643e+02 1.4550000000000000e+02 -2.0952783542271941e+01
2550 1.8218709434952422e+02 1.4550000000000000e+02 -1.4187020218936164e+01
2551 1.8236305529539624e+02 1.4550000000000000e+02 -2.8575279534428294e+01
2552 2.2736464189979432e+02 1.4550000000000000e+02 1.1501464261280697e+01
2553 1.9552109621138572e+02 1.4550000000000000e+02 5.4123183804889692e+00
2554 1.6974235646667867e+02 1.4550000000000000e+02 -2.1311399418137519e+01
2555 1.6981849605057724e+02 1.4550000000000000e+02 -3.6319936138475327e+01
2556 2.6318191333285966e+02 1.4550000000000000e+02 -1.5701937497225475e+02
2557 2.5231224452619421e+02 1.4550000000000000e+02 -1.5752728907122977e+02
2558 6.5209813441144405e+01 1.4550000000000000e+02 1.0423329744465771e+02
2559 1.5655871645183029e+02 1.4550000000000000e+02 -2.8814655976198843e+01
2560 1.5671892697750627e+02 1.4550000000000000e+02 -4.4279699491285378e+01
2561 1.5681655534002249e+02 1.4550000000000000e+02 -1.3787596106714535e+01
2562 2.5802686434374215e+02 1.4550000000000000e+02 -1.6675206184984995e+02
2563 2.4650998827350995e+02 1.4550000000000000e+02 -1.6688692108616672e+02
2564 1.7060904072841876e+02 1.4550000000000000e+02 -5.3442589977817427e+01
2565 1.5682192667928413e+02 1.4550000000000000e+02 -6.0109508332606474e+01
2566 1.4289211722384471e+02 1.4550000000000000e+02 -5.2376357057440899e+01
2567 1.4326355533571027e+02 1.4550000000000000e+02 -6.8655014030326853e+01
2568 1.5782051942362494e+02 1.4550000000000000e+02 -7.6251420777437346e+01
2569 1.4408774995257130e+02 1.4550000000000000e+02 -8.5035057076739548e+01
2570 1.5768128763980800e+02 1.4550000000000000e+02 -9.2725763860620177e+01
2571 1.4460150240480658e+02 1.4550000000000000e+02 -1.0148480841586647e+02
2572 1.5921293375772137e+02 1.4550000000000000e+02 -1.0917617553544771e+02
2573 1.4525864583976931e+02 1.4550000000000000e+02 -1.1785403736705153e+02
2574 1.5998251084934461e+02 1.4550000000000000e+02 -1.2599740398111592e+02
2575 1.4541764456847611e+02 1.4550000000000000e+02 -1.3409572308947295e+02
2576 1.6093901343890354e+02 1.4550000000000000e+02 -1.4313722076415539e+02
2577 2.5258843040054336e+02 1.4550000000000000e+02 -1.7733005973059440e+02
2578 2.3985845984727183e+02 1.4550000000000000e+02 -1.7749552095752202e+02
2579 1.4553441573551265e+02 1.4550000000000000e+02 -1.5159821960826480e+02
2580 2.7299999999999989e+02 1.4550000000000000e+02 -9.3397459621557033e+00
2581 1.6179032088621858e+02 1.4550000000000000e+02 -1.6076052166729286e+02
2582 2.7620510198513313e+02 1.4550000000000000e+02 1.0671988339077548e+02
2583 7.9500000000000000e+01 1.4550000000000000e+02 -2.6632885154261066e+02
2584 1.3047976784796171e+02 1.4550000000000000e+02 -1.0934815794773539e+02
2585 1.2857545562741382e+02 1.4550000000000000e+02 -6.1043370372701446e+01
2586 2.4662853918109394e+02 1.4550000000000000e+02 -1.8871368553077056e+02
2587 2.3284634253783400e+02 1.4550000000000000e+02 -1.8897288401961183e+02
2588 2.4109678163202886e+02 1.4550000000000000e+02 -1.5662334208401623e+02
2589 1.4634881849778532e+02 1.4550000000000000e+02 -1.7024926021525945e+02
2590 1.2968351831150736e+02 1.4550000000000000e+02 -1.6064407468241947e+02
2591 1.6254546303428722e+02 1.4550000000000000e+02 -1.7864565482802010e+02
2592 1.7076569005798794e+02 1.4550000000000000e+02 -1.0124198563542014e+02
2593 3.0101126384882360e+02 1.4550000000000000e+02 3.8229063781290940e+01
2594 1.3052264996691866e+02 1.4550000000000000e+02 -1.8031771396022216e+02
2595 1.7493412225000816e+02 1.4550000000000000e+02 -1.3372259578585303e+02
2596 1.6063203134787176e+02 1.4550000000000000e+02 1.0513321164332778e+02
2597 1.6946662699999880e+01 1.4550000000000000e+02 5.9707086709315881e+01
2598 2.3953528361551568e+02 1.4550000000000000e+02 -2.0165057639273186e+02
2599 2.2477924501526761e+02 1.4550000000000000e+02 -2.0185088613615093e+02
2600 1.1345893468703785e+02 1.4550000000000000e+02 -1.7085231304763170e+02
2601 2.0311074299460380e+01 1.4550000000000000e+02 -2.0247446117491842e+02
2602 2.0205131232344937e+02 1.4550000000000000e+02 1.0684671410009743e+02
2603 2.4783118500465699e+02 1.4550000000000000e+02 -9.4818181818181827e+01
2604 1.9504608570354978e+02 1.4550000000000000e+02 -3.5216580643658332e+01
2605 2.1696917296632847e+02 1.4550000000000000e+02 1.7578220944549361e+01
2606 2.2740272298666491e+02 1.4550000000000000e+02 2.3469219643756375e+01
2607 2.1720333708024046e+02 1.4550000000000000e+02 2.9440513377434598e+01
2608 2.2796254432741742e+02 1.4550000000000000e+02 3.5138641043720959e+01
2609 2.1753104165356820e+02 1.4550000000000000e+02 4.1033603787450453e+01
2610 2.2733542854701173e+02 1.4550000000000000e+02 4.6712461197545792e+01
2611 2.1763526993209160e+02 1.4550000000000000e+02 5.2373182253381010e+01
2612 2.0773573609030075e+02 1.4550000000000000e+02 4.6953484992945427e+01
2613 2.2730217470593036e+02 1.4550000000000000e+02 5.7867410287278290e+01
2614 2.0782802764390235e+02 1.4550000000000000e+02 5.8228767257762421e+01
2615 1.9793071032963073e+02 1.4550000000000000e+02 5.2726667949276667e+01
2616 2.3835306750462817e+02 1.4550000000000000e+02 5.1701313945925435e+01
2617 2.3767388128227415e+02 1.4550000000000000e+02 1.7537267412507589e+01
2618 2.3730520465247562e+02 1.4550000000000000e+02 6.3413946170439857e+01
2619 1.2813040469369045e+02 1.4550000000000000e+02 -4.3944533562345704e+01
2620 1.1330684001888460e+02 1.4550000000000000e+02 -5.3005099083090400e+01
2621 1.1286468083518325e+02 1.4550000000000000e+02 -3.4959870388191327e+01
2622 9.7463321742235706e+01 1.4550000000000000e+02 -4.4164424782833002e+01
2623 9.7438949504059366e+01 1.4550000000000000e+02 -2.5885214471890681e+01
2624 9.7891124261844624e+01 1.4550000000000000e+02 -6.2786588878022521e+01
2625 2.4842714539905901e+02 1.4550000000000000e+02 -4.9541941217110484e+01
2626 4.3354863459343115e+01 1.4550000000000000e+02 1.0538280904350594e+02
2627 1.9797747896476486e+02 1.4550000000000000e+02 6.4148531138128973e+01
2628 1.8779864155011509e+02 1.4550000000000000e+02 5.8754236456707240e+01
2629 2.4810352694486986e+02 1.4550000000000000e+02 5.7062052900538760e+01
2630 2.6045978558779223e+02 1.4550000000000000e+02 -1.8952523045323466e+02
2631 1.1442295398985519e+02 1.4550000000000000e+02 -1.9161646239335386e+02
2632 2.2894885551166740e+02 1.4550000000000000e+02 -1.7813160129847560e+02
2633 2.8508054385886015e+02 1.4550000000000000e+02 -1.5648191876186746e+02
2634 1.8775733636248137e+02 1.4550000000000000e+02 4.6870086879831959e+01
2635 1.7725267399960342e+02 1.4550000000000000e+02 5.3145621116054627e+01
2636 1.7717725597881872e+02 1.4550000000000000e+02 4.0721001953897847e+01
2637 1.6647063925316576e+02 1.4550000000000000e+02 4.7136153448847089e+01
2638 1.6668948157992952e+02 1.4550000000000000e+02 5.9726994883450267e+01
2639 1.5576737570400701e+02 1.4550000000000000e+02 5.3738316425570908e+01
2640 1.5526506109667844e+02 1.4550000000000000e+02 4.0797270208587427e+01
2641 1.4400351560222475e+02 1.4550000000000000e+02 4.7719840553257256e+01
2642 1.4352269805595301e+02 1.4550000000000000e+02 3.4265660126041041e+01
2643 1.3186371337538574e+02 1.4550000000000000e+02 4.1502200419271915e+01
2644 1.3303879608872595e+02 1.4550000000000000e+02 5.4342438499359545e+01
2645 1.2026333673295846e+02 1.4550000000000000e+02 4.8371751495057261e+01
2646 1.1921012302274914e+02 1.4550000000000000e+02 3.4828211119222850e+01
2647 1.0702986474811155e+02 1.4550000000000000e+02 4.2557106508179793e+01
2648 2.2670254151184622e+02 1.4550000000000000e+02 6.8549176210747092e+01
2649 1.8815796625527759e+02 1.4550000000000000e+02 -2.6368405833089054e+02
2650 9.6596334008388439e+01 1.4550000000000000e+02 -1.8165557122819175e+02
2651 9.6098858813579668e+01 1.4550000000000000e+02 -1.6114904572324596e+02
2652 2.3197914011420329e+02 1.4550000000000000e+02 -2.1565739480451157e+02
2653 2.4861061222369730e+02 1.4550000000000000e+02 -2.1486290191835516e+02
2654 2.4740411892616942e+02 1.4550000000000000e+02 6.9400870687707112e+01
2655 2.6094320841535040e+02 1.4550000000000000e+02 6.2034467866265956e+01
2656 2.5752724435496248e+02 1.4550000000000000e+02 5.0857696753066705e+01
2657 1.0865158126860281e+02 1.4550000000000000e+02 5.7951339197181618e+01
2658 9.4349892734690584e+01 1.4550000000000000e+02 5.0475388036737328e+01
2659 9.3361827385371356e+01 1.4550000000000000e+02 3.5179293492366185e+01
2660 8.0321806373114200e+01 1.4550000000000000e+02 4.3861676080442152e+01
2661 7.8663838208807022e+01 1.4550000000000000e+02 2.8054441436596612e+01
2662 2.9300000000000000e+02 1.4550000000000000e+02 -9.3397459621555843e+00
2663 8.1280963978804806e+01 1.4550000000000000e+02 -5.3642896790170020e+01
2664 8.1941603931834507e+01 1.4550000000000000e+02 -7.2788568639159834e+01
2665 1.8817147848682910e+02 1.4550000000000000e+02 7.0276733310606744e+01
2666 1.5622854734980277e+02 1.4550000000000000e+02 6.6362742502832191e+01
2667 1.3134488764861752e+02 1.4550000000000000e+02 -2.0129215077444110e+02
2668 2.9452920935731970e+02 1.4550000000000000e+02 1.0697684733017317e+02
2669 2.1584122852341036e+02 1.4550000000000000e+02 -2.1598206993400635e+02
2670 1.1524206181761967e+02 1.4550000000000000e+02 -1.6431481595154050e+01
2671 8.1255658458164589e+01 1.4550000000000000e+02 6.0463987026248716e+01
2672 9.7213323039049968e+01 1.4550000000000000e+02 -2.0275744252682736e+02
2673 1.9813703134345141e+02 1.4550000000000000e+02 7.5500796739603942e+01
2674 2.5816134826150824e+02 1.4550000000000000e+02 7.5333981847560409e+01
2675 2.6812525529113407e+02 1.4550000000000000e+02 7.0852367291753524e+01
2676 2.2780047572469829e+02 1.4550000000000000e+02 -2.6294106589797142e+01
2677 1.7761169894334029e+02 1.4550000000000000e+02 -1.6919141389434648e+02
2678 6.4945241448684826e+01 1.4550000000000000e+02 3.6889202225693559e+01
2679 1.5498603468323014e+02 1.4550000000000000e+02 2.7471343565548565e+01
2680 1.4308044444904399e+02 1.4550000000000000e+02 2.0401199191824404e+01
2681 3.0464023520770843e+02 1.4550000000000000e+02 -1.8489365604179554e+02
2682 7.8843348589603380e+01 1.4550000000000000e+02 -1.7190162009975998e+02
2683 7.8387565789096030e+01 1.4550000000000000e+02 -1.5138768700239547e+02
2684 2.2387224550849021e+02 1.4550000000000000e+02 -2.3082942526682780e+02
2685 1.7836360180513091e+02 1.4550000000000000e+02 -1.8659460838267628e+02
2686 6.3214345714735359e+01 1.4550000000000000e+02 1.9872886951515181e+01
2687 2.6441346070219072e+02 1.4550000000000000e+02 -2.6688371950224001e+02
2688 3.0061797275030324e+02 1.4550000000000000e+02 -2.2408596004078666e+02
2689 2.4755615684422332e+02 1.4550000000000000e+02 8.1162117797214023e+01
2690 3.0442385196391564e+02 1.4550000000000000e+02 8.1018075832320505e+01
2691 4.8700816152681057e+01 1.4550000000000000e+02 2.9264400194451984e+01
2692 1.8873688066198147e+02 1.4550000000000000e+02 8.1273214074159583e+01
2693 9.5789758362913417e+01 1.4550000000000000e+02 -1.4084667704878385e+02
2694 7.8299018746624839e+01 1.4550000000000000e+02 -1.3104550717073440e+02
2695 2.5736517827045731e+02 1.4550000000000000e+02 8.7394650634323028e+01
2696 9.1156857314142101e+01 1.4550000000000000e+02 1.8128529145962442e+01
2697 6.4533284732180476e+01 1.4550000000000000e+02 -6.3518981713610536e+01
2698 6.3268218860939278e+01 1.4550000000000000e+02 -8.2594208440406931e+01
2699 6.3809404662038496e+01 1.4550000000000000e+02 -4.3023147982377381e+01
2700 1.8768012039695418e+02 1.4550000000000000e+02 3.4827904599523507e+01
2701 2.4799581359950611e+02 1.4550000000000000e+02 -2.7159769694828145e-01
2702 9.7679682690480348e+01 1.4550000000000000e+02 -8.1375810017763499e+01
2703 2.1420389852689166e+01 1.4550000000000000e+02 -2.4819531981499597e+02
2704 1.2509423790340382e+01 1.4550000000000000e+02 9.3973240552143423e+01
2705 2.0759831163742706e+02 1.4550000000000000e+02 -2.3203334574904821e+02
2706 1.6726749136238936e+02 1.4550000000000000e+02 7.1967062652604397e+01
2707 1.5707054860635751e+02 1.4550000000000000e+02 7.8095334137121313e+01
2708 1.6818295723120812e+02 1.4550000000000000e+02 8.4162062337970212e+01
2709 4.6458024132699393e+01 1.4550000000000000e+02 -5.3593101153542854e+01
2710 9.5300153853789752e+01 1.4550000000000000e+02 -1.2083896760953378e+02
2711 1.9830760391570314e+02 1.4550000000000000e+02 8.6365211564795217e+01
2712 2.0743878201236592e+02 1.4550000000000000e+02 8.0851091172636742e+01
2713 5.1124318433616288e+01 1.4550000000000000e+02 4.5563051737384811e+01
2714 1.9281353080099629e+02 1.4550000000000000e+02 -1.7682083095294587e+02
2715 1.9166833884874060e+02 1.4550000000000000e+02 -1.5981025522626717e+02
2716 1.4581503457022481e+02 1.4550000000000000e+02 7.2983693325288456e+01
2717 1.6354158795930113e+02 1.4550000000000000e+02 -1.9668814747856970e+02
2718 1.7999381105416748e+02 1.4550000000000000e+02 -2.0519897311587900e+02
2719 1.6453378692031649e+02 1.4550000000000000e+02 -2.1539080921796293e+02
2720 6.0562326224418463e+01 1.4550000000000000e+02 -1.4091516939533972e+02
2721 1.7711999882557228e+02 1.4550000000000000e+02 2.8099677194667901e+01
2722 6.0473590532580538e+01 1.4550000000000000e+02 -1.2087966021141607e+02
2723 2.0704142593166964e+02 1.4550000000000000e+02 2.3686829675414053e+01
2724 2.0735633963874332e+02 1.4550000000000000e+02 9.1105126255491768e+01
2725 2.1602503205003808e+02 1.4550000000000000e+02 8.4681131254916693e+01
2726 1.4311368151088044e+02 1.4550000000000000e+02 -2.1088144742607280e+01
2727 1.5521005044795965e+02 1.4550000000000000e+02 1.2980172335349101e+01
2728 1.4334146645506672e+02 1.4550000000000000e+02 6.3054205436303521e+00
2729 1.3026014895782168e+02 1.4550000000000000e+02 1.3422747205119062e+01
2730 1.4768058240921115e+02 1.4550000000000000e+02 8.5871482459711657e+01
2731 1.3650391021995694e+02 1.4550000000000000e+02 7.9802739651904787e+01
2732 2.1007364453415610e+02 1.4550000000000000e+02 -1.9974568044329905e+02
2733 4.7641781195988194e+01 1.4550000000000000e+02 1.0465513718122843e+01
2734 6.5699570782151397e+01 1.4550000000000000e+02 2.0046543874373812e-01
2735 3.0652142155882001e+02 1.4550000000000000e+02 5.6076401850221655e+00
2736 2.6953137780866649e+02 1.4550000000000000e+02 -1.6615008300014787e+02
2737 2.1621986353877048e+02 1.4550000000000000e+02 -2.4742154911878700e+02
2738 2.4876691728192955e+02 1.4550000000000000e+02 -1.3954519395584836e+02
2739 2.3629976035195205e+02 1.4550000000000000e+02 -2.4517878448880148e+02
2740 4.2029157070963620e+01 1.4550000000000000e+02 -1.3096739654727966e+02
2741 9.7033408510645927e+01 1.4550000000000000e+02 -9.4006837379525070e+00
2742 1.8860553403447088e+02 1.4550000000000000e+02 9.1495025064890996e+01
2743 1.1296023623498679e+02 1.4550000000000000e+02 -1.3060965596994509e+02
2744 4.6291772945498451e+01 1.4550000000000000e+02 -3.2921963358542278e+01
2745 4.1569965437832046e+01 1.4550000000000000e+02 -1.1112100101636882e+02
2746 1.8147237319686337e+02 1.4550000000000000e+02 -2.2359605868412498e+02
2747 1.6695310000682872e+02 1.4550000000000000e+02 -2.3470371100438669e+02
2748 1.5026655073507246e+02 1.4550000000000000e+02 -2.2989240443493020e+02
2749 3.0685957819276496e+02 1.4550000000000000e+02 9.6675682914856679e+01
2750 2.9368604670099182e+02 1.4550000000000000e+02 8.8947554590939220e+01
2751 2.9060910024467375e+02 1.4550000000000000e+02 7.5905462595502257e+01
2752 2.7923348524539523e+02 1.4550000000000000e+02 8.7031287923178368e+01
2753 3.0226363235464385e+02 1.4550000000000000e+02 6.5236478137228815e+01
2754 2.8581354975272933e+02 1.4550000000000000e+02 6.0595782766748101e+01
2755 2.4728959260152698e+02 1.4550000000000000e+02 9.2032303661901636e+01
2756 2.3817873539375526e+02 1.4550000000000000e+02 8.7379501913119626e+01
2757 2.3812352549392651e+02 1.4550000000000000e+02 9.6997489679658614e+01
2758 2.2992128980999163e+02 1.4550000000000000e+02 9.2618655962906359e+01
2759 2.0579957847813125e+02 1.4550000000000000e+02 -1.6681682025883541e+02
2760 2.0576128365421781e+02 1.4550000000000000e+02 -1.5186646763052568e+02
2761 2.1871797664370595e+02 1.4550000000000000e+02 -1.5812947709394433e+02
2762 2.1809708517463065e+02 1.4550000000000000e+02 -1.4384049755436357e+02
2763 2.0511144070086431e+02 1.4550000000000000e+02 -1.3639764958381213e+02
2764 2.1770297467050548e+02 1.4550000000000000e+02 -1.2967756419628569e+02
2765 2.0535935339930660e+02 1.4550000000000000e+02 -1.2256138781777209e+02
2766 2.1738753865917019e+02 1.4550000000000000e+02 -1.1558604701136724e+02
2767 2.0505185790949793e+02 1.4550000000000000e+02 -1.0874160456516127e+02
2768 2.1701775525792587e+02 1.4550000000000000e+02 -1.0158086594272027e+02
2769 2.0481299456458325e+02 1.4550000000000000e+02 -9.4788988019774365e+01
2770 2.1667541407661076e+02 1.4550000000000000e+02 -8.7636733658742585e+01
2771 2.0452379369655563e+02 1.4550000000000000e+02 -8.0875202117056176e+01
2772 2.1633822295365226e+02 1.4550000000000000e+02 -7.3749170916344823e+01
2773 2.0430914977428955e+02 1.4550000000000000e+02 -6.6889766439257500e+01
2774 2.1631437611626239e+02 1.4550000000000000e+02 -6.0056390036436120e+01
2775 1.9212005997918385e+02 1.4550000000000000e+02 -7.4190542925201768e+01
2776 1.9364148298767762e+02 1.4550000000000000e+02 -1.1584640882808969e+02
2777 2.2782241897686285e+02 1.4550000000000000e+02 -8.1487318370079635e+01
2778 2.2836627870409993e+02 1.4550000000000000e+02 -1.0798947645268112e+02
2779 1.9248878446790837e+02 1.4550000000000000e+02 -6.0383060513396437e+01
2780 2.2917378544273564e+02 1.4550000000000000e+02 -1.3636869058876616e+02
2781 3.0878458445507487e+01 1.4550000000000000e+02 2.1118414096785219e+01
2782 8.1049487493580642e+01 1.4550000000000000e+02 -1.4604606674401049e+01
2783 1.2733396759032512e+02 1.4550000000000000e+02 -2.3507166723374739e+00
2784 1.1829482983893631e+02 1.4550000000000000e+02 8.4263828267524428e+00
2785 2.5559112335161043e+02 1.4550000000000000e+02 9.8725221986102341e+01
2786 2.6660666569211872e+02 1.4550000000000000e+02 9.2852568950165860e+01
2787 2.3018672155991504e+02 1.4550000000000000e+02 8.3335227560697277e+01
2788 1.8026012082119766e+02 1.4550000000000000e+02 -6.5995609835993477e+01
2789 1.8794357618039072e+02 1.4550000000000000e+02 2.1958255208684381e+01
2790 1.7686265402251027e+02 1.4550000000000000e+02 1.5056455619756148e+01
2791 1.8047351672051340e+02 1.4550000000000000e+02 -7.9170990032977201e+01
2792 3.0625809974363096e+02 1.4550000000000000e+02 -1.6990846572279875e+02
2793 2.9315178360087981e+02 1.4550000000000000e+02 -1.7644275004692759e+02
2794 2.9037770530402287e+02 1.4550000000000000e+02 -1.9203774276944972e+02
2795 2.7860906463654288e+02 1.4550000000000000e+02 -1.8095732514564489e+02
2796 2.7518863404546494e+02 1.4550000000000000e+02 -1.9612042107177135e+02
2797 2.1663253144174908e+02 1.4550000000000000e+02 7.4454909457929318e+01
2798 2.9773644582159996e+01 1.4550000000000000e+02 -4.5106940620547604e+01
2799 1.8298776216627365e+02 1.4550000000000000e+02 -2.4261850529331832e+02
2800 3.0536220651246816e+02 1.4550000000000000e+02 -9.0418157046165675e+00
2801 3.0204786234719876e+02 1.4550000000000000e+02 2.0667763274406386e+01
2802 2.8710959211892185e+02 1.4550000000000000e+02 2.9842471118780754e+01
2803 2.8716596703241817e+02 1.4550000000000000e+02 1.5721023343292440e+01
2804 2.7472175517903702e+02 1.4550000000000000e+02 2.2140970158079384e+01
2805 2.7348381737919817e+02 1.4550000000000000e+02 3.5918482394755785e+01
2806 2.6220864583317405e+02 1.4550000000000000e+02 2.7661634963683753e+01
2807 2.6356437423194217e+02 1.4550000000000000e+02 1.4987992830804400e+01
2808 2.4989531144944988e+02 1.4550000000000000e+02 2.0497366188146966e+01
2809 2.5025966228516194e+02 1.4550000000000000e+02 3.3258452692107852e+01
2810 2.1602225535744051e+02 1.4550000000000000e+02 9.6365930314027622e+01
2811 1.7678769877917071e+02 1.4550000000000000e+02 -1.5174043724589674e+02
2812 3.0307740417844889e+02 1.4550000000000000e+02 -2.0379949161060640e+02
2813 3.0525204810456171e+02 1.4550000000000000e+02 -1.5566455682248926e+02
2814 2.9419450855537656e+02 1.4550000000000000e+02 -1.6373281030919694e+02
2815 4.3802763811171985e+01 1.4550000000000000e+02 -1.1255405583170813e+01
2816 1.4964586447834501e+01 1.4550000000000000e+02 7.8390388608358165e+01
2817 2.7710433272477680e+01 1.4550000000000000e+02 8.8524228245960416e+01
2818 3.1414108572019845e+01 1.4550000000000000e+02 7.2916623256488279e+01
2819 4.2850648444375061e+01 1.4550000000000000e+02 8.3815439309460132e+01
2820 4.7525844000403474e+01 1.4550000000000000e+02 6.9964515133978892e+01
2821 5.8849849455346828e+01 1.4550000000000000e+02 8.1216589936851463e+01
2822 6.3841515790304001e+01 1.4550000000000000e+02 6.6822203001107937e+01
2823 7.5076930245869178e+01 1.4550000000000000e+02 7.7182082045365789e+01
2824 8.9919409710502833e+01 1.4550000000000000e+02 7.4340359498201508e+01
2825 8.4868743912503348e+01 1.4550000000000000e+02 8.7963429423960918e+01
2826 9.7951579732444685e+01 1.4550000000000000e+02 8.4766558398669645e+01
2827 2.2873993059733610e+02 1.4550000000000000e+02 -1.2190432053787087e+02
2828 1.8960391127212031e+02 1.4550000000000000e+02 -1.4110123642830169e+02
2829 2.2774407753088502e+02 1.4550000000000000e+02 -9.4721793010097841e+01
2830 1.7958079334396993e+02 1.4550000000000000e+02 8.7030009973319352e+01
2831 1.7193749989511511e+02 1.4550000000000000e+02 -1.1708209663759189e+02
2832 2.3716952393067609e+02 1.4550000000000000e+02 5.4863786693333330e+00
2833 1.6673488266944261e+02 1.4550000000000000e+02 -2.6718657000230456e+02
2834 1.9761448469161019e+02 1.4550000000000000e+02 9.7556109697066972e+01
2835 2.6255904884059078e+02 1.4550000000000000e+02 -2.0504698057280368e+02
2836 2.6510315563148959e+02 1.4550000000000000e+02 -2.2134941880747621e+02
2837 2.5210835616630376e+02 1.4550000000000000e+02 -2.3327159776694390e+02
2838 2.6696557296015015e+02 1.4550000000000000e+02 -2.3650613345480596e+02
2839 1.1288294811069827e+02 1.4550000000000000e+02 -1.5053816499294209e+02
2840 2.2772029300513776e+02 1.4550000000000000e+02 -6.7646953241270879e+01
2841 2.2746143717314376e+02 1.4550000000000000e+02 -5.3605176998768187e+01
2842 2.1666734018169655e+02 1.4550000000000000e+02 -4.6656856739807850e+01
2843 2.2739759528861683e+02 1.4550000000000000e+02 -3.9935590577288167e+01
2844 2.3936355298098448e+02 1.4550000000000000e+02 -6.0264626822691980e+01
2845 2.1693751926061705e+02 1.4550000000000000e+02 -3.3372198990552278e+01
2846 2.3791533481439700e+02 1.4550000000000000e+02 -3.2129972915850963e+01
2847 2.9766391123898092e+02 1.4550000000000000e+02 -2.4842340961298538e+02
2848 2.3900773260950928e+02 1.4550000000000000e+02 2.8464996186368925e+01
2849 1.0378575020925483e+02 1.4550000000000000e+02 7.1833097115138600e+01
2850 1.1185906268905698e+02 1.4550000000000000e+02 8.4628031217068170e+01
2851 1.1750565469544735e+02 1.4550000000000000e+02 7.0077816744633552e+01
2852 1.7209296191695805e+02 1.4550000000000000e+02 1.0579041606812802e+02
2853 2.8696904014303703e+02 1.4550000000000000e+02 -2.1132824352463709e+02
2854 1.4944312252036357e+02 1.4550000000000000e+02 1.0505937533170543e+02
2855 1.5476955384257124e+02 1.4550000000000000e+02 9.5767647351637336e+01
2856 2.3037806553428510e+02 1.4550000000000000e+02 1.0174992760552179e+02
2857 2.0471900249760733e+01 1.4550000000000000e+02 -1.7942087744825230e+02
2858 4.0572492484463979e+01 1.4550000000000000e+02 -1.9127621648767348e+02
2859 4.0423203170960434e+01 1.4550000000000000e+02 -2.1371438474588106e+02
2860 6.0148724647498547e+01 1.4550000000000000e+02 -2.0280595913500571e+02
2861 6.0210175336693439e+01 1.4550000000000000e+02 -2.2468489210863908e+02
2862 4.0779171006088923e+01 1.4550000000000000e+02 -2.3636543891212563e+02
2863 6.3546716093933071e+01 1.4550000000000000e+02 -2.4857679584582809e+02
2864 8.0387290427964572e+01 1.4550000000000000e+02 -2.3524556014155311e+02
2865 9.9190493418721161e+01 1.4550000000000000e+02 -2.5117854843527127e+02
2866 4.1432026436083419e+01 1.4550000000000000e+02 -1.7031322928958636e+02
2867 5.3238759242917531e+01 1.4550000000000000e+02 9.5331193026073763e+01
2868 2.0657394766714404e+02 1.4550000000000000e+02 -1.8237596530720904e+02
2869 2.3595575099363199e+02 1.4550000000000000e+02 7.5640603836783555e+01
2870 2.0506523086193772e+02 1.4550000000000000e+02 -5.3476090464156634e+01
2871 1.2519642411768444e+02 1.4550000000000000e+02 -2.6827251763749979e+02
2872 1.3427525770000548e+02 1.4550000000000000e+02 -2.4696996400731271e+02
2873 2.8598505824333864e+02 1.4550000000000000e+02 4.4616653575341928e+01
2874 2.1726475885894129e+02 1.4550000000000000e+02 6.3534388949511090e+01
2875 2.8447852796670304e+02 1.4550000000000000e+02 -2.6720979486379935e+02
2876 2.7549525492914398e+02 1.4550000000000000e+02 9.2967774745141991e+00
2877 2.6465574931807032e+02 1.4550000000000000e+02 1.4696866463445803e+00
2878 2.8618708173630887e+02 1.4550000000000000e+02 1.7324525344885686e+00
2879 2.7189236230436222e+02 1.4550000000000000e+02 5.0707128396346533e+01
2880 1.3502642224523726e+02 1.4550000000000000e+02 9.2001596803162741e+01
2881 1.6640329784337328e+02 1.4550000000000000e+02 9.5761046584359747e+01
2882 2.8508195535207426e+02 1.4550000000000000e+02 9.8417127036494378e+01
2883 2.3947445301119558e+02 1.4550000000000000e+02 4.0086709337114257e+01
2884 6.9766309875692883e+01 1.4550000000000000e+02 9.1242093405966926e+01
2885 7.9998710671386391e+01 1.4550000000000000e+02 1.0229192374110745e+02
2886 2.2647642526616744e+02 1.4550000000000000e+02 -2.6078961723178554e+02
2887 2.5702025259200286e+02 1.4550000000000000e+02 -6.8584209144768744e+00
2888 2.0751781767632599e+02 1.4550000000000000e+02 6.9590129329948212e+01
2889 1.9181757625446050e+01 1.4550000000000000e+02 4.0081306712341004e+01
2890 1.2470810417050475e+02 1.4550000000000000e+02 1.0408656867383540e+02
2891 1.2174896036354704e+02 1.4550000000000000e+02 9.2202624452493822e+01
2892 1.1315612997902919e+02 1.4550000000000000e+02 9.9616191773975771e+01
2893 2.1142766649444144e+02 1.4550000000000000e+02 1.0657288873524639e+02
2894 1.7771859052182887e+02 1.4550000000000000e+02 6.5024074693622097e+01
2895 2.0488973054866484e+01 1.4550000000000000e+02 -2.2562313920446132e+02
2896 1.8277937255530406e+02 1.4550000000000000e+02 -4.3569745326135347e+01
2897 7.9000119652343031e+01 1.4550000000000000e+02 -2.1335916529143583e+02
2898 2.0756962525539157e+02 1.4550000000000000e+02 3.5460892095306875e+01
2899 3.0753463806977163e+02 1.4550000000000000e+02 -1.4306085408042074e+02
2900 2.4077588239807412e+02 1.4550000000000000e+02 -1.2919129926846446e+02
2901 2.6583782105793752e+01 1.4550000000000000e+02 -1.2026893091965144e+02
2902 6.0749235947957345e+01 1.4550000000000000e+02 -1.6102983891520904e+02
2903 7.8735500531716312e+01 1.4550000000000000e+02 -1.1102555342001348e+02
2904 9.5208599511494526e+01 1.4550000000000000e+02 -1.0109432151123329e+02
2905 2.4833416276354882e+02 1.4550000000000000e+02 -1.0677233736050347e+02
2906 2.4823764068522735e+02 1.4550000000000000e+02 -8.2854662311284358e+01
2907 1.9254230345872651e+02 1.4550000000000000e+02 1.0693110683581504e+02
2908 1.6970329799232553e+02 1.4550000000000000e+02 -7.3581906071725660e+00
2909 1.1138185972900507e+02 1.4550000000000000e+02 -1.1051815840373736e+02
2910 8.2672008077938855e+01 1.4550000000000000e+02 1.8756547909206798e+00
2911 3.0754033616459498e+02 1.4550000000000000e+02 -2.2518494151638944e+01
2912 2.0670871468713997e+02 1.4550000000000000e+02 1.1487588538918409e+01
2913 1.4494597950022353e+02 1.4550000000000000e+02 6.0443108748594796e+01
2914 9.8173867444933677e+01 1.4550000000000000e+02 -2.2556535689031836e+02
2915 1.1581528512633778e+02 1.4550000000000000e+02 -2.3616681692185071e+02
2916 1.1458621582166458e+02 1.4550000000000000e+02 -2.1384418896862380e+02
2917 1.1376996302302108e+02 1.4550000000000000e+02 -7.0904048830486815e+01
2918 1.1417785677334510e+02 1.4550000000000000e+02 -9.0937098628420330e+01
2919 2.6770048285935707e+02 1.4550000000000000e+02 8.1631234610321101e+01
2920 2.6606814602675473e+02 1.4550000000000000e+02 1.0434845563203604e+02
2921 4.2717481842046652e+01 1.4550000000000000e+02 -2.5915062713127287e+02
2922 2.3000619842388934e+02 1.4550000000000000e+02 -1.5078911317443959e+02
2923 6.3388563150741923e+01 1.4550000000000000e+02 -2.1744409684089902e+01
2924 7.9355439017902313e+01 1.4550000000000000e+02 -1.9221485282675428e+02
2925 2.3946918080209532e+01 1.4550000000000000e+02 1.0042573875186955e+02
2926 1.9303068537838581e+02 1.4550000000000000e+02 -1.0197791342240896e+02
2927 3.0798025014545192e+02 1.4550000000000000e+02 -9.4863150346788018e+01
2928 1.8198284606605944e+02 1.4550000000000000e+02 1.2769211161211174e+00
2929 3.6597513090556703e+01 1.4550000000000000e+02 5.5267124195490879e+01
2930 1.9304789407891903e+02 1.4550000000000000e+02 -8.7682035852165455e+01
2931 1.7836486073903924e+02 1.4550000000000000e+02 9.7254929474279777e+01
2932 1.4715356465796515e+02 1.4550000000000000e+02 -1.8898634831399477e+02
2933 1.2915186969483395e+02 1.4550000000000000e+02 -2.7853639389254454e+01
2934 3.0797393826055816e+02 1.4550000000000000e+02 -8.2915357704518399e+01
2935 1.9767529072079040e+02 1.4550000000000000e+02 -2.1494745122015047e+02
2936 8.0738448421910149e+01 1.4550000000000000e+02 -3.3844116730960337e+01
2937 2.3894319660252657e+02 1.4550000000000000e+02 1.0705769992605279e+02
2938 1.4276095275876432e+02 1.4550000000000000e+02 -3.6392838369855419e+01
2939 1.2974045879060654e+02 1.4550000000000000e+02 -1.4214365594300472e+02
2940 3.0796203781458996e+02 1.4550000000000000e+02 -1.0682593838918766e+02
2941 3.0788776913530990e+02 1.4550000000000000e+02 -1.3089068619462029e+02
2942 2.8226121307672094e+02 1.4550000000000000e+02 -1.6673752355027150e+02
2943 1.6623931318344134e+02 1.4550000000000000e+02 3.4330975779362959e+01
2944 3.0795498744937930e+02 1.4550000000000000e+02 -7.0938460075785642e+01
2945 2.7434250801285123e+02 1.4550000000000000e+02 -1.5706481671409026e+02
2946 1.0578527042969371e+02 1.4550000000000000e+02 2.7725934941660022e+01
2947 2.1685733540327979e+02 1.4550000000000000e+02 -2.0042322686618576e+01
2948 4.8293157371160966e+01 1.4550000000000000e+02 -7.0994080138970645e+01
2949 2.8252003878635594e+02 1.4550000000000000e+02 -8.9303565541327536e+00
2950 1.3202190109503641e+02 1.4550000000000000e+02 6.8227475065076831e+01
2951 1.3104414747951105e+02 1.4550000000000000e+02 2.7583867487952510e+01
2952 3.0797496782498325e+02 1.4550000000000000e+02 -1.1890832918219746e+02
2953 1.2923951187110848e+02 1.4550000000000000e+02 -7.7891611780862533e+01
2954 1.9782001641532335e+02 1.4550000000000000e+02 4.1268630871619393e+01
2955 3.0793534205139542e+02 1.4550000000000000e+02 -5.8956712556453795e+01
2956 2.8526920159889414e+02 1.4550000000000000e+02 1.0842277155148861e+02
2957 1.7827636526803448e+02 1.4550000000000000e+02 7.6622192840380379e+01
2958 3.0786623350393137e+02 1.4550000000000000e+02 -3.4854924519911712e+01
2959 1.9359490581527726e+02 1.4550000000000000e+02 -1.9360237365807663e+02
2960 2.0592264000088218e+02 1.4550000000000000e+02 -2.7178904855601058e+01
2961 2.8815538368751785e+01 1.4550000000000000e+02 -6.4546239956283429e+01
2962 3.0796692925922116e+02 1.4550000000000000e+02 -4.6828773188091155e+01
2963 3.0341718053937416e+02 1.4550000000000000e+02 1.0686049764844340e+02
2964 2.3179231088064202e+02 1.4550000000000000e+02 -1.6539342485894281e+02
2965 2.5360876546556077e+02 1.4550000000000000e+02 8.8695312941159958e+00
2966 2.5735817256150642e+02 1.4550000000000000e+02 1.0757211720454649e+02
2967 6.0183544520584832e+01 1.4550000000000000e+02 -1.8159028612566479e+02
2968 1.4789789260041101e+02 1.4550000000000000e+02 -2.0965279408747506e+02
2969 2.6397297313862640e+02 1.4550000000000000e+02 -1.7614576977097747e+02
2970 6.7269205432804952e+01 1.4550000000000000e+02 5.2513103233147866e+01
2971 1.6657659746829637e+02 1.4550000000000000e+02 2.0596105262495694e+01
2972 2.0613627352467958e+02 1.4550000000000000e+02 -4.0011872497139315e+01
2973 1.3087574110539660e+02 1.4550000000000000e+02 -9.3925322897112338e+01
2974 1.5692150646224133e+02 1.4550000000000000e+02 -4.6270717599738420e-01
2975 6.1883519038516766e+01 1.4550000000000000e+02 -1.0191924022375132e+02
2976 2.4791752533347358e+02 1.4550000000000000e+02 -3.7461155521548839e+01
2977 2.3825693845594307e+02 1.4550000000000000e+02 -1.0095938901600167e+02
2978 1.1832775701611284e+02 1.4550000000000000e+02 2.1083186866235785e+01
2979 2.6099887436576051e+02 1.4550000000000000e+02 4.0287036039152383e+01
2980 2.3810148040095453e+02 1.4550000000000000e+02 -8.8655375602759065e+01
2981 1.9767376022961258e+02 1.4550000000000000e+02 2.9174191738624195e+01
2982 5.9867125301481664e+01 1.4550000000000000e+02 -2.6921125490394229e+02
2983 1.5465682932986229e+02 1.4550000000000000e+02 -2.4927212702130873e+02
2984 1.2487053259307766e+02 1.4550000000000000e+02 8.0690092275669386e+01
2985 8.0502236772702418e+01 1.4550000000000000e+02 -9.1102150961086920e+01
2986 9.2818172416877474e+01 1.4550000000000000e+02 9.7170400191006763e+01
2987 3.6911827252553778e+01 1.4550000000000000e+02 3.8617349255809252e+01
2988 2.4324072508254704e+02 1.4550000000000000e+02 -2.6579603072704964e+02
2989 1.4329738585319242e+02 1.4550000000000000e+02 -7.5863505949852712e+00
2990 2.3745335046331033e+02 1.4550000000000000e+02 -4.6243791992389525e+01
2991 1.9551449741136807e+02 1.4550000000000000e+02 -1.2784356628762575e+02
2992 4.0121268066680216e+01 1.4550000000000000e+02 -8.8638172480478559e+01
2993 2.3829761552116602e+02 1.4550000000000000e+02 -7.5203121399601642e+01
2994 1.0221428571428572e+02 1.4550000000000000e+02 -2.7031007229821068e+02
2995 2.8153732451864852e+02 1.4550000000000000e+02 -2.2841488044531221e+02
2996 2.0689441170113699e+02 1.4550000000000000e+02 9.9689353820386046e+01
2997 4.2016249865414380e+01 1.4550000000000000e+02 -1.4978107119727593e+02
2998 2.5046620109157459e+02 1.4550000000000000e+02 -5.9768726563319909e+01
2999 1.6994567830846947e+01 1.4550000000000000e+02 6.6736937258485671e+00
3000 1.6873817699779542e+02 1.4550000000000000e+02 5.9963956887171959e+00
3001 2.9699806188671658e+02 1.4550000000000000e+02 3.2455365722365592e-01
3002 2.5525470417497226e+02 1.4550000000000000e+02 -2.4992406313947075e+02
3003 1.9927001609337731e+02 1.4550000000000000e+02 -2.4777814672445942e+02
3004 2.3891232002446864e+02 1.4550000000000000e+02 -1.1434786840581768e+02
3005 1.2920643550180091e+02 1.4550000000000000e+02 -1.2409489812015784e+02
3006 2.1998428554251109e+02 1.4550000000000000e+02 -1.8781076052541246e+02
3007 9.5188629928475493e+01 1.4550000000000000e+02 6.2990369562603149e+01
3008 1.3184509953178247e+02 1.4550000000000000e+02 -2.2374034399125199e+02
3009 1.9393214607575089e+02 1.4550000000000000e+02 -4.7719340510186115e+01
3010 5.3799930935124372e+01 1.4550000000000000e+02 1.0698945990284747e+02
3011 1.4495226921156041e+02 1.4550000000000000e+02 9.6654926384357864e+01
3012 2.7777992762559728e+02 1.4550000000000000e+02 7.2825662454100765e+01
3013 1.9741610099306538e+02 1.4550000000000000e+02 1.7539787679594749e+01
3014 2.9861470083990707e+02 1.4550000000000000e+02 5.1786447483285954e+01
3015 2.9578407891229244e+02 1.4550000000000000e+02 8.8106865988866438e+00
3016 1.0357340408507321e+02 1.4550000000000000e+02 9.4323598841978324e+01
3017 2.1075448492363495e+01 1.4550000000000000e+02 -1.0276193018052376e+02
3018 1.8287344375875722e+02 1.4550000000000000e+02 -1.0904327010756154e+02
3019 2.7463907086029519e+02 1.4550000000000000e+02 9.7873864586530019e+01
3020 1.8792025722550045e+02 1.4550000000000000e+02 1.0016816184001799e+02
3021 1.0211719006480241e+01 1.4550000000000000e+02 1.0458161672164091e+02
3022 2.3946762807101578e+02 1.4550000000000000e+02 -1.4383062297760972e+02
3023 9.0035122147494903e+01 1.4550000000000000e+02 1.0709654110758724e+02
3024 2.4954862644727010e+02 1.4550000000000000e+02 4.4906956208546937e+01
3025 1.6745777551688181e+02 1.4550000000000000e+02 -6.8212645721812905e+01
3026 1.0653831741754510e+02 1.4550000000000000e+02 1.2701980303012474e+01
3027 2.5700335488650751e+01 1.4550000000000000e+02 -2.6791084666147123e+02
3028 2.7693315098182740e+02 1.4550000000000000e+02 -6.3509993497380768e-01
3029 2.5077199039838482e+02 1.4550000000000000e+02 -1.2987111287351522e+02
3030 2.2053414839332937e+01 1.4550000000000000e+02 -1.3684539302953462e+02
3031 1.2241831592638628e+02 1.4550000000000000e+02 5.9738500494865718e+01
3032 2.1028261662083685e+02 1.4550000000000000e+02 -2.6527889523432037e+02
3033 1.6804885718789117e+02 1.4550000000000000e+02 -8.4426953646545002e+01
3034 3.0125419175974031e+02 1.4550000000000000e+02 -2.6901806047336709e+02
3035 9.7465534771803746e+01 1.4550000000000000e+02 3.7405789437389676e+00
3036 1.3162779329337033e+02 1.4550000000000000e+02 -1.5062066598867707e+01
3037 1.8281794099014681e+02 1.4550000000000000e+02 -9.4785392298355745e+01
3038 3.2413294681776996e+01 1.4550000000000000e+02 2.5242658774741469e+00
3039 3.0628073264547591e+01 1.4550000000000000e+02 -2.6765438633931147e+01
3040 1.8212385712069894e+02 1.4550000000000000e+02 -5.4829174801104493e+01
3041 2.9328774992288635e+02 1.4550000000000000e+02 -1.5455664035536066e+02
3042 2.4479499101440254e+02 1.4550000000000000e+02 1.1388879958424376e+01
3043 1.1589667191455081e+02 1.4550000000000000e+02 -2.5272517650565368e+02
3044 3.7229812433700893e+01 1.4550000000000000e+02 9.5519201714911659e+01
3045 2.3824370595693532e+02 1.4550000000000000e+02 -2.2843610494786387e+02
3046 2.6413520038201466e+02 1.4550000000000000e+02 -1.0145696046057601e+01
3047 2.7698493475782664e+02 1.4550000000000000e+02 -2.4977027850815489e+02
3048 2.2436852143948670e+02 1.4550000000000000e+02 9.6934019922747410e+01
3049 1.8385629869687145e+02 1.4550000000000000e+02 -1.2331114878015303e+02
3050 2.5158863191159165e+02 1.4550000000000000e+02 -1.9947963959359009e+02
3051 7.6281324019554944e+01 1.4550000000000000e+02 1.3626395552747729e+01
3052 2.4544902344402129e+02 1.4550000000000000e+02 1.0003061436202671e+02
3053 1.5908549891886011e+02 1.4550000000000000e+02 8.7435670145571677e+01
3054 2.9704656262779713e+02 1.4550000000000000e+02 9.8833027776511173e+01
3055 1.8747948551851059e+02 1.4550000000000000e+02 1.2113426800152112e+01
3056 2.2455168275595094e+02 1.4550000000000000e+02 7.7269446355266595e+01
3057 1.5256560148570207e+01 1.4550000000000000e+02 -3.5196249674976727e+01
3058 2.7427144063584620e+02 1.4550000000000000e+02 -2.1245198888440009e+02
3059 2.2987872882709669e+02 1.4550000000000000e+02 1.0937479161423362e+02
3060 3.2635647970496770e+01 1.4550000000000000e+02 1.0621078263594684e+02
3061 3.1094189430021862e+02 1.4550000000000000e+02 1.0737783726967319e+02
3062 1.6996040012845626e+02 1.4550000000000000e+02 -2.5115909007400910e+02
3063 2.7356424115853741e+02 1.4550000000000000e+02 6.2698726835631071e+01
3064 1.1012654042262388e+02 1.4550000000000000e+02 -2.5361253438307871e+00
3065 2.1803457057130504e+02 1.4550000000000000e+02 -1.7143864963050191e+02
3066 1.3111352175217947e+01 1.4550000000000000e+02 -5.9311504935792435e+01
3067 2.2351258382880383e+02 1.4550000000000000e+02 8.8534068561760321e+01
3068 1.9254764044435714e+02 1.4550000000000000e+02 -2.3248237782414336e+02
3069 5.3271679349537081e+01 1.4550000000000000e+02 5.8025999460222074e+01
3070 2.5582014524378499e+02 1.4550000000000000e+02 8.0229983225885448e-01
3071 1.7307653147706503e+02 1.4550000000000000e+02 9.1239254494282179e+01
3072 2.4792871430223369e+02 1.4550000000000000e+02 -1.4910528961774082e+02
3073 8.2596679864799015e+01 1.4550000000000000e+02 -2.5073029564367621e+02
3074 1.1317715843244734e+02 1.4550000000000000e+02 1.0849949723480607e+02
3075 1.2131499247216777e+02 1.4550000000000000e+02 -1.0135098876572287e+02
3076 2.6949789866439608e+02 1.4550000000000000e+02 -1.8481161739787339e+02
3077 2.8777673179711559e+02 1.4550000000000000e+02 -8.2933135218707861e+01
3078 2.6802882532426480e+02 1.4550000000000000e+02 -5.9411396921702263e+01
3079 2.8776515431891119e+02 1.4550000000000000e+02 -1.0663636363636350e+02
3080 2.8962752571981849e+02 1.4550000000000000e+02 -3.5200951430549807e+01
3081 2.8962752571981849e+02 1.4550000000000000e+02 -1.3079904856945009e+02
3082 2.6802882532426480e+02 1.4550000000000000e+02 -9.4770421260116080e+01
3083 2.6800754337010051e+02 1.4550000000000000e+02 -1.1833202273762510e+02
3084 2.7296840242325231e+02 1.4550000000000000e+02 -2.7444686268682261e+01
3085 2.7296840242325243e+02 1.4550000000000000e+02 -1.3855531373131771e+02
3086 2.8788125688486599e+02 1.4550000000000000e+02 -5.9430501144928428e+01
3087 2.6800606144906089e+02 1.4550000000000000e+02 -1.0660798309053260e+02
3088 2.8779801180447549e+02 1.4550000000000000e+02 -7.1248682963110227e+01
3089 2.7774367640297271e+02 1.4550000000000000e+02 -7.7090909090909108e+01
3090 2.8823211333978833e+02 1.4550000000000000e+02 -1.1854226567066580e+02
3091 2.6797320664396318e+02 1.4550000000000000e+02 -4.7675937355385898e+01
3092 2.8825146376744738e+02 1.4550000000000000e+02 -4.7468878459549387e+01
3093 2.8788318646456668e+02 1.4550000000000000e+02 -9.4740172906674317e+01
3094 2.6777975898121042e+02 1.4550000000000000e+02 -8.2961824043722999e+01
3095 2.6778769556662382e+02 1.4550000000000000e+02 -7.1216747883309878e+01
3096 2.7786869649502171e+02 1.4550000000000000e+02 -8.8870622541233843e+01
3097 2.7787324433053379e+02 1.4550000000000000e+02 -6.5308797243084229e+01
3098 2.7823300187057077e+02 1.4550000000000000e+02 -3.9195380290764540e+01
3099 2.7792532067530419e+02 1.4550000000000000e+02 -1.0069516966339580e+02
3100 2.7823514277035338e+02 1.4550000000000000e+02 -1.2680734888398209e+02
3101 2.7802855598725313e+02 1.4550000000000000e+02 -1.1293685894709409e+02
3102 2.7804016647027441e+02 1.4550000000000000e+02 -5.3081815235902461e+01
3103 2.8330482166894018e+02 1.4550000000000000e+02 -2.6958351483181261e+01
3104 2.8330517848557082e+02 1.4550000000000000e+02 -1.3904210337927651e+02
3105 2.6636243515629769e+02 1.4550000000000000e+02 -3.4946606713078218e+01
3106 2.6636851476061770e+02 1.4550000000000000e+02 -1.3105517483154810e+02
3107 2.9138654084107787e+02 1.4550000000000000e+02 -1.4040459402610890e+02
3108 2.6466616751590999e+02 1.4550000000000000e+02 -2.5641894959988470e+01
3109 2.9138646947775169e+02 1.4550000000000000e+02 -2.5595496946382578e+01
3110 2.6466738343677400e+02 1.4550000000000000e+02 -1.4035846134893680e+02
$EndNodes
$Elements
6054
1 2 2 2 2 263 265 264
2 2 2 2 2 263 264 266
3 2 2 2 2 267 269 268
4 2 2 2 2 270 266 271
5 2 2 2 2 272 274 273
6 2 2 2 2 275 97 96
7 2 2 2 2 276 278 277
8 2 2 2 2 277 278 279
9 2 2 2 2 280 282 281
10 2 2 2 2 281 282 283
11 2 2 2 2 284 286 285
12 2 2 2 2 287 289 288
13 2 2 2 2 290 292 291
14 2 2 2 2 287 288 293
15 2 2 2 2 147 295 294
16 2 2 2 2 147 294 13
17 2 2 2 2 270 271 296
18 2 2 2 2 263 298 297
19 2 2 2 2 299 301 300
20 2 2 2 2 299 300 302
21 2 2 2 2 35 304 303
22 2 2 2 2 305 307 306
23 2 2 2 2 305 306 308
24 2 2 2 2 309 310 296
25 2 2 2 2 296 310 270
26 2 2 2 2 263 297 311
27 2 2 2 2 312 313 120
28 2 2 2 2 120 313 121
29 2 2 2 2 314 316 315
30 2 2 2 2 315 316 81
31 2 2 2 2 317 279 318
32 2 2 2 2 319 274 272
33 2 2 2 2 318 279 278
34 2 2 2 2 320 321 318
35 2 2 2 2 320 322 321
36 2 2 2 2 323 265 263
37 2 2 2 2 321 322 324
38 2 2 2 2 325 327 326
39 2 2 2 2 325 326 319
40 2 2 2 2 328 329 269
41 2 2 2 2 328 269 330
42 2 2 2 2 271 274 331
43 2 2 2 2 332 334 333
44 2 2 2 2 271 273 274
45 2 2 2 2 320 318 293
46 2 2 2 2 312 335 324
47 2 2 2 2 271 331 336
48 2 2 2 2 339 327 325
49 2 2 2 2 338 341 340
50 2 2 2 2 268 343 342
51 2 2 2 2 268 342 344
52 2 2 2 2 341 338 345
53 2 2 2 2 346 322 347
54 2 2 2 2 348 347 322
55 2 2 2 2 319 326 303
56 2 2 2 2 335 321 324
57 2 2 2 2 349 351 350
58 2 2 2 2 350 351 352
59 2 2 2 2 322 346 324
60 2 2 2 2 346 353 324
61 2 2 2 2 119 312 120
62 2 2 2 2 354 356 355
63 2 2 2 2 356 354 357
64 2 2 2 2 335 312 119
65 2 2 2 2 310 289 358
66 2 2 2 2 344 342 359
67 2 2 2 2 342 360 359
68 2 2 2 2 361 289 287
69 2 2 2 2 270 310 298
70 2 2 2 2 289 361 358
71 2 2 2 2 362 341 363
72 2 2 2 2 310 364 298
73 2 2 2 2 266 298 263
74 2 2 2 2 358 364 310
75 2 2 2 2 293 288 320
76 2 2 2 2 365 356 357
77 2 2 2 2 366 307 367
78 2 2 2 2 367 307 368
79 2 2 2 2 317 335 118
80 2 2 2 2 117 317 118
81 2 2 2 2 369 371 370
82 2 2 2 2 268 269 343
83 2 2 2 2 343 269 329
84 2 2 2 2 372 136 135
85 2 2 2 2 373 375 374
86 2 2 2 2 343 329 10
87 2 2 2 2 343 10 143
88 2 2 2 2 267 268 344
89 2 2 2 2 376 378 377
90 2 2 2 2 376 377 379
91 2 2 2 2 267 344 380
92 2 2 2 2 380 344 381
93 2 2 2 2 348 383 382
94 2 2 2 2 384 386 385
95 2 2 2 2 384 385 387
96 2 2 2 2 388 390 389
97 2 2 2 2 391 384 387
98 2 2 2 2 389 390 127
99 2 2 2 2 386 392 385
100 2 2 2 2 393 392 386
101 2 2 2 2 394 396 395
102 2 2 2 2 395 396 397
103 2 2 2 2 397 398 395
104 2 2 2 2 374 299 399
105 2 2 2 2 388 283 400
106 2 2 2 2 400 283 401
107 2 2 2 2 402 404 403
108 2 2 2 2 405 407 406
109 2 2 2 2 408 135 134
110 2 2 2 2 281 283 389
111 2 2 2 2 409 411 410
112 2 2 2 2 410 411 412
113 2 2 2 2 413 415 414
114 2 2 2 2 389 283 388
115 2 2 2 2 416 417 276
116 2 2 2 2 418 420 419
117 2 2 2 2 266 270 298
118 2 2 2 2 348 322 383
119 2 2 2 2 421 423 422
120 2 2 2 2 424 426 425
121 2 2 2 2 424 425 427
122 2 2 2 2 428 357 264
123 2 2 2 2 264 265 428
124 2 2 2 2 383 322 320
125 2 2 2 2 422 365 421
126 2 2 2 2 421 365 429
127 2 2 2 2 430 432 431
128 2 2 2 2 411 409 316
129 2 2 2 2 316 409 82
130 2 2 2 2 306 349 433
131 2 2 2 2 414 427 425
132 2 2 2 2 432 430 434
133 2 2 2 2 418 359 435
134 2 2 2 2 13 294 436
135 2 2 2 2 13 436 145
136 2 2 2 2 359 418 437
137 2 2 2 2 435 359 360
138 2 2 2 2 373 374 393
139 2 2 2 2 393 374 438
140 2 2 2 2 439 440 38
141 2 2 2 2 37 439 38
142 2 2 2 2 441 443 442
143 2 2 2 2 442 443 407
144 2 2 2 2 444 275 96
145 2 2 2 2 444 96 95
146 2 2 2 2 445 447 446
147 2 2 2 2 445 446 363
148 2 2 2 2 448 439 37
149 2 2 2 2 435 449 418
150 2 2 2 2 450 452 451
151 2 2 2 2 453 83 409
152 2 2 2 2 409 83 82
153 2 2 2 2 454 334 455
154 2 2 2 2 418 449 420
155 2 2 2 2 295 456 294
156 2 2 2 2 276 277 416
157 2 2 2 2 351 349 306
158 2 2 2 2 410 453 409
159 2 2 2 2 433 349 457
160 2 2 2 2 458 460 459
161 2 2 2 2 461 463 462
162 2 2 2 2 464 466 465
163 2 2 2 2 461 462 444
164 2 2 2 2 458 459 467
165 2 2 2 2 366 351 306
166 2 2 2 2 419 420 468
167 2 2 2 2 469 92 91
168 2 2 2 2 151 471 470
169 2 2 2 2 470 472 150
170 2 2 2 2 470 150 151
171 2 2 2 2 411 473 412
172 2 2 2 2 145 290 12
173 2 2 2 2 412 474 330
174 2 2 2 2 412 473 474
175 2 2 2 2 473 314 475
176 2 2 2 2 473 475 141
177 2 2 2 2 15 476 149
178 2 2 2 2 149 476 477
179 2 2 2 2 469 460 434
180 2 2 2 2 470 478 472
181 2 2 2 2 434 430 469
182 2 2 2 2 328 330 474
183 2 2 2 2 465 300 301
184 2 2 2 2 465 301 31
185 2 2 2 2 31 301 375
186 2 2 2 2 430 92 469
187 2 2 2 2 479 360 342
188 2 2 2 2 11 479 342
189 2 2 2 2 480 482 481
190 2 2 2 2 480 481 483
191 2 2 2 2 410 484 453
192 2 2 2 2 477 476 427
193 2 2 2 2 342 143 11
194 2 2 2 2 383 320 288
195 2 2 2 2 306 307 366
196 2 2 2 2 462 463 397
197 2 2 2 2 382 383 309
198 2 2 2 2 438 485 393
199 2 2 2 2 354 272 357
200 2 2 2 2 391 304 34
201 2 2 2 2 391 34 384
202 2 2 2 2 470 486 478
203 2 2 2 2 472 478 424
204 2 2 2 2 328 474 140
205 2 2 2 2 139 328 140
206 2 2 2 2 472 476 15
207 2 2 2 2 406 414 425
208 2 2 2 2 309 296 336
209 2 2 2 2 402 403 449
210 2 2 2 2 382 309 336
211 2 2 2 2 488 133 442
212 2 2 2 2 442 133 132
213 2 2 2 2 486 470 137
214 2 2 2 2 136 486 137
215 2 2 2 2 489 491 490
216 2 2 2 2 490 491 492
217 2 2 2 2 393 386 493
218 2 2 2 2 393 493 373
219 2 2 2 2 32 373 493
220 2 2 2 2 403 404 494
221 2 2 2 2 386 384 493
222 2 2 2 2 384 33 493
223 2 2 2 2 356 495 355
224 2 2 2 2 313 496 121
225 2 2 2 2 497 498 355
226 2 2 2 2 499 501 500
227 2 2 2 2 502 501 499
228 2 2 2 2 494 404 503
229 2 2 2 2 494 503 504
230 2 2 2 2 500 432 499
231 2 2 2 2 398 505 395
232 2 2 2 2 403 494 506
233 2 2 2 2 506 494 507
234 2 2 2 2 398 510 505
235 2 2 2 2 511 510 398
236 2 2 2 2 476 424 427
237 2 2 2 2 272 273 357
238 2 2 2 2 476 472 424
239 2 2 2 2 111 512 112
240 2 2 2 2 431 461 94
241 2 2 2 2 461 431 463
242 2 2 2 2 375 301 374
243 2 2 2 2 301 299 374
244 2 2 2 2 314 513 475
245 2 2 2 2 314 315 513
246 2 2 2 2 473 141 474
247 2 2 2 2 141 140 474
248 2 2 2 2 411 314 473
249 2 2 2 2 411 316 314
250 2 2 2 2 463 431 432
251 2 2 2 2 514 515 429
252 2 2 2 2 516 517 495
253 2 2 2 2 487 508 456
254 2 2 2 2 518 517 516
255 2 2 2 2 295 487 456
256 2 2 2 2 456 508 503
257 2 2 2 2 503 508 509
258 2 2 2 2 519 518 516
259 2 2 2 2 367 368 520
260 2 2 2 2 520 521 367
261 2 2 2 2 395 505 522
262 2 2 2 2 522 505 523
263 2 2 2 2 372 135 408
264 2 2 2 2 522 525 524
265 2 2 2 2 525 522 523
266 2 2 2 2 434 458 499
267 2 2 2 2 458 502 499
268 2 2 2 2 419 526 369
269 2 2 2 2 527 419 468
270 2 2 2 2 419 527 526
271 2 2 2 2 276 287 278
272 2 2 2 2 528 348 382
273 2 2 2 2 361 287 276
274 2 2 2 2 331 304 391
275 2 2 2 2 391 387 331
276 2 2 2 2 371 510 511
277 2 2 2 2 114 416 115
278 2 2 2 2 501 378 371
279 2 2 2 2 472 15 150
280 2 2 2 2 504 507 494
281 2 2 2 2 336 296 271
282 2 2 2 2 371 511 501
283 2 2 2 2 431 94 93
284 2 2 2 2 486 136 372
285 2 2 2 2 521 332 529
286 2 2 2 2 372 478 486
287 2 2 2 2 521 529 367
288 2 2 2 2 367 529 366
289 2 2 2 2 524 429 515
290 2 2 2 2 467 459 284
291 2 2 2 2 284 459 286
292 2 2 2 2 525 429 524
293 2 2 2 2 516 468 519
294 2 2 2 2 519 468 420
295 2 2 2 2 530 352 529
296 2 2 2 2 109 532 531
297 2 2 2 2 109 531 110
298 2 2 2 2 422 423 516
299 2 2 2 2 423 468 516
300 2 2 2 2 436 290 145
301 2 2 2 2 292 290 436
302 2 2 2 2 34 304 35
303 2 2 2 2 394 395 522
304 2 2 2 2 521 334 332
305 2 2 2 2 533 535 534
306 2 2 2 2 536 537 512
307 2 2 2 2 333 394 332
308 2 2 2 2 396 394 333
309 2 2 2 2 388 400 483
310 2 2 2 2 141 475 142
311 2 2 2 2 538 483 539
312 2 2 2 2 483 400 539
313 2 2 2 2 332 394 540
314 2 2 2 2 537 531 533
315 2 2 2 2 111 536 512
316 2 2 2 2 14 464 148
317 2 2 2 2 541 542 537
318 2 2 2 2 415 543 477
319 2 2 2 2 513 80 79
320 2 2 2 2 543 415 466
321 2 2 2 2 513 142 475
322 2 2 2 2 543 466 464
323 2 2 2 2 137 471 138
324 2 2 2 2 464 14 543
325 2 2 2 2 441 480 443
326 2 2 2 2 443 480 544
327 2 2 2 2 544 480 538
328 2 2 2 2 509 545 504
329 2 2 2 2 542 512 537
330 2 2 2 2 509 504 503
331 2 2 2 2 546 330 269
332 2 2 2 2 462 275 444
333 2 2 2 2 547 275 462
334 2 2 2 2 433 548 308
335 2 2 2 2 513 315 80
336 2 2 2 2 457 548 433
337 2 2 2 2 470 471 137
338 2 2 2 2 457 532 548
339 2 2 2 2 146 295 147
340 2 2 2 2 271 266 273
341 2 2 2 2 535 532 457
342 2 2 2 2 535 531 532
343 2 2 2 2 469 91 90
344 2 2 2 2 533 531 535
345 2 2 2 2 122 496 549
346 2 2 2 2 278 293 318
347 2 2 2 2 8 142 513
348 2 2 2 2 8 513 79
349 2 2 2 2 313 324 353
350 2 2 2 2 151 9 471
351 2 2 2 2 471 9 138
352 2 2 2 2 399 538 539
353 2 2 2 2 550 538 399
354 2 2 2 2 330 546 551
355 2 2 2 2 410 330 551
356 2 2 2 2 330 410 412
357 2 2 2 2 490 492 552
358 2 2 2 2 492 528 392
359 2 2 2 2 552 492 392
360 2 2 2 2 353 549 313
361 2 2 2 2 392 528 385
362 2 2 2 2 264 357 273
363 2 2 2 2 452 554 553
364 2 2 2 2 452 345 554
365 2 2 2 2 337 554 345
366 2 2 2 2 273 266 264
367 2 2 2 2 440 553 39
368 2 2 2 2 39 553 554
369 2 2 2 2 40 39 554
370 2 2 2 2 461 444 95
371 2 2 2 2 356 365 422
372 2 2 2 2 365 357 428
373 2 2 2 2 551 546 555
374 2 2 2 2 94 461 95
375 2 2 2 2 518 557 556
376 2 2 2 2 557 451 556
377 2 2 2 2 315 81 80
378 2 2 2 2 265 515 514
379 2 2 2 2 558 521 559
380 2 2 2 2 521 558 334
381 2 2 2 2 521 520 559
382 2 2 2 2 323 350 352
383 2 2 2 2 371 369 510
384 2 2 2 2 510 369 526
385 2 2 2 2 515 265 323
386 2 2 2 2 488 408 134
387 2 2 2 2 408 488 405
388 2 2 2 2 133 488 134
389 2 2 2 2 482 480 441
390 2 2 2 2 482 441 130
391 2 2 2 2 130 441 131
392 2 2 2 2 515 323 352
393 2 2 2 2 311 457 349
394 2 2 2 2 560 562 561
395 2 2 2 2 560 561 507
396 2 2 2 2 311 297 534
397 2 2 2 2 285 564 563
398 2 2 2 2 564 86 563
399 2 2 2 2 308 548 106
400 2 2 2 2 106 548 107
401 2 2 2 2 498 354 355
402 2 2 2 2 124 280 125
403 2 2 2 2 125 280 281
404 2 2 2 2 565 417 416
405 2 2 2 2 334 558 455
406 2 2 2 2 565 542 417
407 2 2 2 2 401 282 489
408 2 2 2 2 401 490 485
409 2 2 2 2 565 416 114
410 2 2 2 2 489 490 401
411 2 2 2 2 381 369 370
412 2 2 2 2 113 565 114
413 2 2 2 2 450 341 452
414 2 2 2 2 345 452 341
415 2 2 2 2 316 82 81
416 2 2 2 2 104 307 305
417 2 2 2 2 401 539 400
418 2 2 2 2 103 307 104
419 2 2 2 2 103 368 307
420 2 2 2 2 438 539 401
421 2 2 2 2 32 375 373
422 2 2 2 2 401 485 438
423 2 2 2 2 478 426 424
424 2 2 2 2 372 426 478
425 2 2 2 2 408 426 372
426 2 2 2 2 311 535 457
427 2 2 2 2 279 317 117
428 2 2 2 2 288 289 309
429 2 2 2 2 309 383 288
430 2 2 2 2 463 500 397
431 2 2 2 2 529 352 366
432 2 2 2 2 347 491 346
433 2 2 2 2 500 398 397
434 2 2 2 2 369 381 437
435 2 2 2 2 384 34 33
436 2 2 2 2 467 284 377
437 2 2 2 2 346 491 353
438 2 2 2 2 463 432 500
439 2 2 2 2 126 281 389
440 2 2 2 2 305 308 105
441 2 2 2 2 347 528 492
442 2 2 2 2 528 347 348
443 2 2 2 2 491 347 492
444 2 2 2 2 566 567 280
445 2 2 2 2 325 354 339
446 2 2 2 2 282 280 489
447 2 2 2 2 354 498 339
448 2 2 2 2 390 388 481
449 2 2 2 2 489 280 567
450 2 2 2 2 566 280 124
451 2 2 2 2 534 535 311
452 2 2 2 2 460 458 434
453 2 2 2 2 350 311 349
454 2 2 2 2 356 422 495
455 2 2 2 2 465 466 300
456 2 2 2 2 453 84 83
457 2 2 2 2 422 516 495
458 2 2 2 2 530 540 522
459 2 2 2 2 522 524 530
460 2 2 2 2 354 325 272
461 2 2 2 2 421 429 525
462 2 2 2 2 319 272 325
463 2 2 2 2 568 362 562
464 2 2 2 2 562 362 561
465 2 2 2 2 396 547 462
466 2 2 2 2 274 303 304
467 2 2 2 2 525 523 421
468 2 2 2 2 323 311 350
469 2 2 2 2 263 311 323
470 2 2 2 2 274 304 331
471 2 2 2 2 319 303 274
472 2 2 2 2 548 532 108
473 2 2 2 2 286 88 87
474 2 2 2 2 40 554 2
475 2 2 2 2 2 554 337
476 2 2 2 2 515 352 530
477 2 2 2 2 267 380 569
478 2 2 2 2 267 569 546
479 2 2 2 2 376 569 380
480 2 2 2 2 413 466 415
481 2 2 2 2 552 392 393
482 2 2 2 2 530 524 515
483 2 2 2 2 106 105 308
484 2 2 2 2 453 570 84
485 2 2 2 2 570 85 84
486 2 2 2 2 396 462 397
487 2 2 2 2 335 119 118
488 2 2 2 2 531 536 110
489 2 2 2 2 571 498 497
490 2 2 2 2 556 497 517
491 2 2 2 2 497 556 571
492 2 2 2 2 365 514 429
493 2 2 2 2 536 531 537
494 2 2 2 2 339 36 327
495 2 2 2 2 36 448 37
496 2 2 2 2 448 36 339
497 2 2 2 2 536 111 110
498 2 2 2 2 445 363 557
499 2 2 2 2 530 529 540
500 2 2 2 2 387 336 331
501 2 2 2 2 387 382 336
502 2 2 2 2 267 546 269
503 2 2 2 2 529 332 540
504 2 2 2 2 445 518 447
505 2 2 2 2 451 572 571
506 2 2 2 2 572 439 571
507 2 2 2 2 131 441 132
508 2 2 2 2 394 522 540
509 2 2 2 2 518 445 557
510 2 2 2 2 116 277 279
511 2 2 2 2 416 277 115
512 2 2 2 2 432 434 499
513 2 2 2 2 538 480 483
514 2 2 2 2 380 370 376
515 2 2 2 2 485 490 552
516 2 2 2 2 116 279 117
517 2 2 2 2 366 352 351
518 2 2 2 2 360 479 291
519 2 2 2 2 361 573 358
520 2 2 2 2 532 109 108
521 2 2 2 2 435 360 402
522 2 2 2 2 402 360 291
523 2 2 2 2 574 459 460
524 2 2 2 2 528 382 385
525 2 2 2 2 460 90 89
526 2 2 2 2 520 102 101
527 2 2 2 2 460 89 574
528 2 2 2 2 559 520 101
529 2 2 2 2 289 310 309
530 2 2 2 2 520 368 102
531 2 2 2 2 459 574 286
532 2 2 2 2 574 88 286
533 2 2 2 2 298 364 297
534 2 2 2 2 127 390 128
535 2 2 2 2 481 388 483
536 2 2 2 2 442 407 488
537 2 2 2 2 405 426 408
538 2 2 2 2 484 551 555
539 2 2 2 2 442 132 441
540 2 2 2 2 406 426 405
541 2 2 2 2 406 425 426
542 2 2 2 2 567 566 549
543 2 2 2 2 567 549 353
544 2 2 2 2 340 341 362
545 2 2 2 2 496 122 121
546 2 2 2 2 469 90 460
547 2 2 2 2 526 523 505
548 2 2 2 2 565 512 542
549 2 2 2 2 291 292 402
550 2 2 2 2 402 292 404
551 2 2 2 2 302 575 550
552 2 2 2 2 544 538 575
553 2 2 2 2 545 560 507
554 2 2 2 2 545 507 504
555 2 2 2 2 538 550 575
556 2 2 2 2 302 414 575
557 2 2 2 2 317 318 321
558 2 2 2 2 321 335 317
559 2 2 2 2 344 359 437
560 2 2 2 2 439 572 440
561 2 2 2 2 115 277 116
562 2 2 2 2 569 379 555
563 2 2 2 2 546 569 555
564 2 2 2 2 362 363 561
565 2 2 2 2 337 345 338
566 2 2 2 2 379 569 376
567 2 2 2 2 547 396 454
568 2 2 2 2 573 541 358
569 2 2 2 2 339 498 448
570 2 2 2 2 448 498 439
571 2 2 2 2 563 86 85
572 2 2 2 2 563 484 285
573 2 2 2 2 541 537 533
574 2 2 2 2 488 407 405
575 2 2 2 2 558 100 99
576 2 2 2 2 285 379 284
577 2 2 2 2 467 377 378
578 2 2 2 2 517 497 495
579 2 2 2 2 497 355 495
580 2 2 2 2 449 435 402
581 2 2 2 2 542 573 417
582 2 2 2 2 437 381 344
583 2 2 2 2 364 534 297
584 2 2 2 2 507 561 446
585 2 2 2 2 446 561 363
586 2 2 2 2 450 451 557
587 2 2 2 2 555 379 285
588 2 2 2 2 143 342 343
589 2 2 2 2 541 573 542
590 2 2 2 2 547 454 576
591 2 2 2 2 547 576 275
592 2 2 2 2 541 533 534
593 2 2 2 2 112 512 565
594 2 2 2 2 112 565 113
595 2 2 2 2 302 550 299
596 2 2 2 2 302 300 413
597 2 2 2 2 413 300 466
598 2 2 2 2 294 456 577
599 2 2 2 2 577 456 503
600 2 2 2 2 505 510 526
601 2 2 2 2 340 362 568
602 2 2 2 2 454 455 576
603 2 2 2 2 576 455 98
604 2 2 2 2 482 130 129
605 2 2 2 2 379 377 284
606 2 2 2 2 443 544 407
607 2 2 2 2 431 93 430
608 2 2 2 2 575 407 544
609 2 2 2 2 407 575 406
610 2 2 2 2 575 414 406
611 2 2 2 2 514 428 265
612 2 2 2 2 430 93 92
613 2 2 2 2 292 436 577
614 2 2 2 2 454 396 333
615 2 2 2 2 292 577 404
616 2 2 2 2 334 454 333
617 2 2 2 2 428 514 365
618 2 2 2 2 451 571 556
619 2 2 2 2 358 541 364
620 2 2 2 2 577 503 404
621 2 2 2 2 577 436 294
622 2 2 2 2 97 576 98
623 2 2 2 2 576 97 275
624 2 2 2 2 570 484 563
625 2 2 2 2 518 519 447
626 2 2 2 2 364 541 534
627 2 2 2 2 484 570 453
628 2 2 2 2 104 305 105
629 2 2 2 2 496 313 549
630 2 2 2 2 85 570 563
631 2 2 2 2 451 452 553
632 2 2 2 2 329 328 139
633 2 2 2 2 10 329 139
634 2 2 2 2 100 559 101
635 2 2 2 2 543 14 149
636 2 2 2 2 371 378 370
637 2 2 2 2 477 543 149
638 2 2 2 2 370 378 376
639 2 2 2 2 440 572 553
640 2 2 2 2 572 451 553
641 2 2 2 2 519 420 578
642 2 2 2 2 361 276 417
643 2 2 2 2 361 417 573
644 2 2 2 2 578 420 449
645 2 2 2 2 550 399 299
646 2 2 2 2 281 126 125
647 2 2 2 2 527 468 423
648 2 2 2 2 419 369 437
649 2 2 2 2 564 87 86
650 2 2 2 2 552 393 485
651 2 2 2 2 399 539 438
652 2 2 2 2 374 399 438
653 2 2 2 2 564 285 286
654 2 2 2 2 87 564 286
655 2 2 2 2 122 566 123
656 2 2 2 2 278 287 293
657 2 2 2 2 88 574 89
658 2 2 2 2 498 571 439
659 2 2 2 2 419 437 418
660 2 2 2 2 107 548 108
661 2 2 2 2 413 414 302
662 2 2 2 2 102 368 103
663 2 2 2 2 549 566 122
664 2 2 2 2 502 467 378
665 2 2 2 2 312 324 313
666 2 2 2 2 12 290 479
667 2 2 2 2 291 479 290
668 2 2 2 2 12 479 144
669 2 2 2 2 144 479 11
670 2 2 2 2 579 129 128
671 2 2 2 2 579 390 481
672 2 2 2 2 390 579 128
673 2 2 2 2 398 500 511
674 2 2 2 2 517 518 556
675 2 2 2 2 578 447 519
676 2 2 2 2 447 578 506
677 2 2 2 2 523 527 421
678 2 2 2 2 523 526 527
679 2 2 2 2 558 559 100
680 2 2 2 2 502 378 501
681 2 2 2 2 401 283 282
682 2 2 2 2 578 403 506
683 2 2 2 2 449 403 578
684 2 2 2 2 484 555 285
685 2 2 2 2 387 385 382
686 2 2 2 2 455 99 98
687 2 2 2 2 566 124 123
688 2 2 2 2 558 99 455
689 2 2 2 2 491 567 353
690 2 2 2 2 567 491 489
691 2 2 2 2 527 423 421
692 2 2 2 2 458 467 502
693 2 2 2 2 551 484 410
694 2 2 2 2 433 308 306
695 2 2 2 2 500 501 511
696 2 2 2 2 380 381 370
697 2 2 2 2 450 363 341
698 2 2 2 2 557 363 450
699 2 2 2 2 415 477 427
700 2 2 2 2 579 482 129
701 2 2 2 2 481 482 579
702 2 2 2 2 414 415 427
703 2 2 2 2 446 506 507
704 2 2 2 2 506 446 447
705 2 2 2 2 389 127 126
706 2 2 6 8 600 620 583
707 2 2 6 8 46 608 45
708 2 2 6 8 61 609 60
709 2 2 6 8 65 610 64
710 2 2 6 8 42 611 41
711 2 2 6 8 583 620 601
712 2 2 6 8 583 654 600
713 2 2 6 8 597 636 589
714 2 2 6 8 622 644 588
715 2 2 6 8 608 616 45
716 2 2 6 8 61 618 609
717 2 2 6 8 610 619 64
718 2 2 6 8 42 617 611
719 2 2 6 8 606 625 585
720 2 2 6 8 56 604 55
721 2 2 6 8 54 605 53
722 2 2 6 8 589 618 597
723 2 2 6 8 598 616 588
724 2 2 6 8 588 631 598
725 2 2 6 8 593 625 606
726 2 2 6 8 581 660 599
727 2 2 6 8 600 651 594
728 2 2 6 8 587 632 621
729 2 2 6 8 595 644 622
730 2 2 6 8 601 620 582
731 2 2 6 8 582 657 601
732 2 2 6 8 599 623 583
733 2 2 6 8 594 651 640
734 2 2 6 8 621 632 596
735 2 2 6 8 583 645 599
736 2 2 6 8 605 641 53
737 2 2 6 8 56 639 604
738 2 2 6 8 602 623 591
739 2 2 6 8 583 623 602
740 2 2 6 8 613 629 592
741 2 2 6 8 591 630 612
742 2 2 6 8 594 620 600
743 2 2 6 8 601 657 626
744 2 2 6 8 599 647 581
745 2 2 6 8 591 638 602
746 2 2 6 8 599 660 623
747 2 2 6 8 601 626 584
748 2 2 6 8 74 615 607
749 2 2 6 8 606 614 51
750 2 2 6 8 589 629 613
751 2 2 6 8 612 630 590
752 2 2 6 8 634 645 584
753 2 2 6 8 601 645 583
754 2 2 6 8 599 645 634
755 2 2 6 8 51 614 50
756 2 2 6 8 75 615 74
757 2 2 6 8 585 614 606
758 2 2 6 8 607 615 586
759 2 2 6 8 584 633 604
760 2 2 6 8 605 633 584
761 2 2 6 8 603 624 586
762 2 2 6 8 584 626 605
763 2 2 6 8 638 665 602
764 2 2 6 8 584 645 601
765 2 2 6 8 74 607 73
766 2 2 6 8 52 606 51
767 2 2 6 8 603 627 585
768 2 2 6 8 586 628 603
769 2 2 6 8 593 641 605
770 2 2 6 8 604 639 592
771 2 2 6 8 604 634 584
772 2 2 6 8 602 654 583
773 2 2 6 8 611 617 587
774 2 2 6 8 609 618 589
775 2 2 6 8 590 619 610
776 2 2 6 8 588 616 608
777 2 2 6 8 605 626 593
778 2 2 6 8 580 627 603
779 2 2 6 8 603 628 580
780 2 2 6 8 624 625 582
781 2 2 6 8 580 646 631
782 2 2 6 8 585 652 603
783 2 2 6 8 68 612 67
784 2 2 6 8 58 613 57
785 2 2 6 8 589 636 629
786 2 2 6 8 632 646 580
787 2 2 6 8 604 633 55
788 2 2 6 8 64 619 63
789 2 2 6 8 45 616 44
790 2 2 6 8 62 618 61
791 2 2 6 8 43 617 42
792 2 2 6 8 54 633 605
793 2 2 6 8 586 637 607
794 2 2 6 8 49 622 48
795 2 2 6 8 77 621 76
796 2 2 6 8 592 634 604
797 2 2 6 8 581 636 630
798 2 2 6 8 620 650 582
799 2 2 6 8 617 646 587
800 2 2 6 8 607 640 73
801 2 2 6 8 52 641 606
802 2 2 6 8 598 646 617
803 2 2 6 8 612 638 591
804 2 2 6 8 592 639 613
805 2 2 6 8 588 659 622
806 2 2 6 8 621 658 587
807 2 2 6 8 607 637 594
808 2 2 6 8 582 650 624
809 2 2 6 8 636 653 630
810 2 2 6 8 587 658 611
811 2 2 6 8 608 659 588
812 2 2 6 8 594 640 607
813 2 2 6 8 606 641 593
814 2 2 6 8 589 656 609
815 2 2 6 8 610 655 590
816 2 2 6 8 613 656 589
817 2 2 6 8 590 655 612
818 2 2 6 8 68 638 612
819 2 2 6 8 613 639 57
820 2 2 6 8 588 644 631
821 2 2 6 8 66 655 610
822 2 2 6 8 609 656 59
823 2 2 6 8 47 659 608
824 2 2 6 8 611 658 78
825 2 2 6 8 624 652 625
826 2 2 6 8 596 632 628
827 2 2 6 8 628 632 580
828 2 2 6 8 624 650 637
829 2 2 6 8 49 643 622
830 2 2 6 8 621 642 76
831 2 2 6 8 67 655 66
832 2 2 6 8 59 656 58
833 2 2 6 8 614 643 50
834 2 2 6 8 75 642 615
835 2 2 6 8 609 661 60
836 2 2 6 8 46 663 608
837 2 2 6 8 65 662 610
838 2 2 6 8 611 664 41
839 2 2 6 8 48 659 47
840 2 2 6 8 78 658 77
841 2 2 6 8 55 633 54
842 2 2 6 8 590 653 619
843 2 2 6 8 596 642 621
844 2 2 6 8 622 643 595
845 2 2 6 8 615 642 596
846 2 2 6 8 595 643 614
847 2 2 6 8 619 653 597
848 2 2 6 8 624 637 586
849 2 2 6 8 62 649 618
850 2 2 6 8 616 648 44
851 2 2 6 8 619 649 63
852 2 2 6 8 43 648 617
853 2 2 6 8 71 635 70
854 2 2 6 8 78 664 611
855 2 2 6 8 610 662 66
856 2 2 6 8 608 663 47
857 2 2 6 8 59 661 609
858 2 2 6 8 627 667 585
859 2 2 6 8 586 666 628
860 2 2 6 8 612 655 67
861 2 2 6 8 58 656 613
862 2 2 6 8 634 647 599
863 2 2 6 8 623 660 591
864 2 2 6 8 594 650 620
865 2 2 6 8 69 638 68
866 2 2 6 8 57 639 56
867 2 2 6 8 585 667 614
868 2 2 6 8 615 666 586
869 2 2 6 8 580 644 627
870 2 2 6 8 629 636 581
871 2 2 6 8 631 644 580
872 2 2 6 8 596 666 615
873 2 2 6 8 614 667 595
874 2 2 6 8 73 640 72
875 2 2 6 8 53 641 52
876 2 2 6 8 631 646 598
877 2 2 6 8 603 652 624
878 2 2 6 8 50 643 49
879 2 2 6 8 76 642 75
880 2 2 6 8 593 657 625
881 2 2 6 8 618 649 597
882 2 2 6 8 598 648 616
883 2 2 6 8 597 649 619
884 2 2 6 8 617 648 598
885 2 2 6 8 622 659 48
886 2 2 6 8 77 658 621
887 2 2 6 8 71 651 635
888 2 2 6 8 625 652 585
889 2 2 6 8 5 664 78
890 2 2 6 8 6 661 59
891 2 2 6 8 66 662 7
892 2 2 6 8 47 663 4
893 2 2 6 8 626 657 593
894 2 2 6 8 635 665 70
895 2 2 6 8 629 647 592
896 2 2 6 8 630 653 590
897 2 2 6 8 625 657 582
898 2 2 6 8 627 644 595
899 2 2 6 8 591 660 630
900 2 2 6 8 602 665 635
901 2 2 6 8 640 651 72
902 2 2 6 8 69 665 638
903 2 2 6 8 635 651 600
904 2 2 6 8 72 651 71
905 2 2 6 8 581 647 629
906 2 2 6 8 587 646 632
907 2 2 6 8 63 649 62
908 2 2 6 8 44 648 43
909 2 2 6 8 592 647 634
910 2 2 6 8 70 665 69
911 2 2 6 8 628 666 596
912 2 2 6 8 595 667 627
913 2 2 6 8 630 660 581
914 2 2 6 8 60 661 6
915 2 2 6 8 41 664 5
916 2 2 6 8 7 662 65
917 2 2 6 8 4 663 46
918 2 2 6 8 637 650 594
919 2 2 6 8 635 654 602
920 2 2 6 8 597 653 636
921 2 2 6 8 600 654 635
922 2 2 1 1 8 1890 704
923 2 2 1 1 79 1890 8
924 2 2 1 1 669 1887 668
925 2 2 1 1 668 1887 733
926 2 2 1 1 705 1888 9
927 2 2 1 1 9 1888 138
928 2 2 1 1 670 1794 669
929 2 2 1 1 1794 1887 669
930 2 2 1 1 671 1695 670
931 2 2 1 1 1695 1794 670
932 2 2 1 1 672 765 671
933 2 2 1 1 765 1695 671
934 2 2 1 1 673 1840 672
935 2 2 1 1 672 1840 765
936 2 2 1 1 674 1813 673
937 2 2 1 1 1813 1840 673
938 2 2 1 1 675 755 674
939 2 2 1 1 755 1813 674
940 2 2 1 1 676 1846 675
941 2 2 1 1 675 1846 755
942 2 2 1 1 677 776 676
943 2 2 1 1 776 1846 676
944 2 2 1 1 678 1809 677
945 2 2 1 1 677 1809 776
946 2 2 1 1 679 744 678
947 2 2 1 1 744 1809 678
948 2 2 1 1 680 1697 679
949 2 2 1 1 679 1697 744
950 2 2 1 1 681 775 680
951 2 2 1 1 775 1697 680
952 2 2 1 1 682 1691 681
953 2 2 1 1 681 1691 775
954 2 2 1 1 683 1693 682
955 2 2 1 1 682 1693 1691
956 2 2 1 1 684 735 683
957 2 2 1 1 735 1693 683
958 2 2 1 1 685 1698 684
959 2 2 1 1 684 1698 735
960 2 2 1 1 686 777 685
961 2 2 1 1 777 1698 685
962 2 2 1 1 687 1694 686
963 2 2 1 1 686 1694 777
964 2 2 1 1 688 746 687
965 2 2 1 1 746 1694 687
966 2 2 1 1 689 1699 688
967 2 2 1 1 688 1699 746
968 2 2 1 1 690 778 689
969 2 2 1 1 778 1699 689
970 2 2 1 1 691 1692 690
971 2 2 1 1 690 1692 778
972 2 2 1 1 692 734 691
973 2 2 1 1 734 1692 691
974 2 2 1 1 693 1780 692
975 2 2 1 1 692 1780 734
976 2 2 1 1 694 779 693
977 2 2 1 1 779 1780 693
978 2 2 1 1 695 1701 694
979 2 2 1 1 694 1701 779
980 2 2 1 1 696 743 695
981 2 2 1 1 743 1701 695
982 2 2 1 1 697 1785 696
983 2 2 1 1 696 1785 743
984 2 2 1 1 698 1700 697
985 2 2 1 1 1700 1785 697
986 2 2 1 1 699 752 698
987 2 2 1 1 752 1700 698
988 2 2 1 1 700 1801 699
989 2 2 1 1 699 1801 752
990 2 2 1 1 701 1907 700
991 2 2 1 1 700 1907 1801
992 2 2 1 1 702 761 701
993 2 2 1 1 761 1907 701
994 2 2 1 1 703 1696 702
995 2 2 1 1 702 1696 761
996 2 2 1 1 704 785 703
997 2 2 1 1 785 1696 703
998 2 2 1 1 704 1890 785
999 2 2 1 1 706 783 705
1000 2 2 1 1 783 1888 705
1001 2 2 1 1 707 1646 706
1002 2 2 1 1 706 1646 783
1003 2 2 1 1 708 760 707
1004 2 2 1 1 760 1646 707
1005 2 2 1 1 709 1879 708
1006 2 2 1 1 708 1879 760
1007 2 2 1 1 710 1782 709
1008 2 2 1 1 1782 1879 709
1009 2 2 1 1 711 753 710
1010 2 2 1 1 753 1782 710
1011 2 2 1 1 712 1648 711
1012 2 2 1 1 711 1648 753
1013 2 2 1 1 713 774 712
1014 2 2 1 1 774 1648 712
1015 2 2 1 1 714 1645 713
1016 2 2 1 1 713 1645 774
1017 2 2 1 1 715 745 714
1018 2 2 1 1 745 1645 714
1019 2 2 1 1 716 1644 715
1020 2 2 1 1 715 1644 745
1021 2 2 1 1 717 771 716
1022 2 2 1 1 771 1644 716
1023 2 2 1 1 718 1637 717
1024 2 2 1 1 717 1637 771
1025 2 2 1 1 719 737 718
1026 2 2 1 1 737 1637 718
1027 2 2 1 1 720 1544 719
1028 2 2 1 1 719 1915 737
1029 2 2 1 1 1544 1915 719
1030 2 2 1 1 721 1834 720
1031 2 2 1 1 720 1834 1544
1032 2 2 1 1 722 772 721
1033 2 2 1 1 772 1834 721
1034 2 2 1 1 723 1647 722
1035 2 2 1 1 722 1647 772
1036 2 2 1 1 724 741 723
1037 2 2 1 1 741 1647 723
1038 2 2 1 1 725 1718 724
1039 2 2 1 1 724 1718 741
1040 2 2 1 1 726 773 725
1041 2 2 1 1 773 1718 725
1042 2 2 1 1 727 1642 726
1043 2 2 1 1 726 1642 773
1044 2 2 1 1 728 751 727
1045 2 2 1 1 751 1642 727
1046 2 2 1 1 729 1640 728
1047 2 2 1 1 728 1640 751
1048 2 2 1 1 730 1843 729
1049 2 2 1 1 729 1843 1640
1050 2 2 1 1 731 759 730
1051 2 2 1 1 759 1843 730
1052 2 2 1 1 732 1641 731
1053 2 2 1 1 731 1641 759
1054 2 2 1 1 733 784 732
1055 2 2 1 1 784 1641 732
1056 2 2 1 1 733 1887 784
1057 2 2 1 1 80 1768 79
1058 2 2 1 1 1768 1890 79
1059 2 2 1 1 81 780 80
1060 2 2 1 1 780 1768 80
1061 2 2 1 1 82 1444 81
1062 2 2 1 1 81 1444 780
1063 2 2 1 1 83 757 82
1064 2 2 1 1 757 1444 82
1065 2 2 1 1 84 1409 83
1066 2 2 1 1 83 1409 757
1067 2 2 1 1 85 1405 84
1068 2 2 1 1 1405 1409 84
1069 2 2 1 1 86 749 85
1070 2 2 1 1 749 1405 85
1071 2 2 1 1 87 786 86
1072 2 2 1 1 86 786 749
1073 2 2 1 1 88 1401 87
1074 2 2 1 1 87 1401 786
1075 2 2 1 1 89 739 88
1076 2 2 1 1 739 1401 88
1077 2 2 1 1 90 1416 89
1078 2 2 1 1 89 1416 739
1079 2 2 1 1 91 763 90
1080 2 2 1 1 763 1416 90
1081 2 2 1 1 92 1431 91
1082 2 2 1 1 91 1431 763
1083 2 2 1 1 93 742 92
1084 2 2 1 1 742 1431 92
1085 2 2 1 1 94 1430 93
1086 2 2 1 1 93 1430 742
1087 2 2 1 1 95 1816 94
1088 2 2 1 1 94 1816 1430
1089 2 2 1 1 96 754 95
1090 2 2 1 1 754 1816 95
1091 2 2 1 1 97 1425 96
1092 2 2 1 1 96 1425 754
1093 2 2 1 1 98 1784 97
1094 2 2 1 1 97 1784 1425
1095 2 2 1 1 99 762 98
1096 2 2 1 1 762 1784 98
1097 2 2 1 1 100 1858 99
1098 2 2 1 1 99 1858 762
1099 2 2 1 1 101 1902 100
1100 2 2 1 1 100 1902 1858
1101 2 2 1 1 102 782 101
1102 2 2 1 1 782 1902 101
1103 2 2 1 1 103 1838 102
1104 2 2 1 1 102 1838 782
1105 2 2 1 1 104 758 103
1106 2 2 1 1 758 1838 103
1107 2 2 1 1 105 1802 104
1108 2 2 1 1 104 1802 758
1109 2 2 1 1 106 781 105
1110 2 2 1 1 781 1802 105
1111 2 2 1 1 107 1814 106
1112 2 2 1 1 106 1814 781
1113 2 2 1 1 108 750 107
1114 2 2 1 1 750 1814 107
1115 2 2 1 1 109 1824 108
1116 2 2 1 1 108 1824 750
1117 2 2 1 1 110 1774 109
1118 2 2 1 1 1774 1824 109
1119 2 2 1 1 111 770 110
1120 2 2 1 1 770 1774 110
1121 2 2 1 1 112 1654 111
1122 2 2 1 1 111 1654 770
1123 2 2 1 1 113 747 112
1124 2 2 1 1 747 1654 112
1125 2 2 1 1 114 1412 113
1126 2 2 1 1 113 1412 747
1127 2 2 1 1 115 768 114
1128 2 2 1 1 768 1412 114
1129 2 2 1 1 116 1617 115
1130 2 2 1 1 115 1617 768
1131 2 2 1 1 117 738 116
1132 2 2 1 1 738 1617 116
1133 2 2 1 1 118 1877 117
1134 2 2 1 1 117 1877 738
1135 2 2 1 1 119 1655 118
1136 2 2 1 1 1655 1877 118
1137 2 2 1 1 120 767 119
1138 2 2 1 1 767 1655 119
1139 2 2 1 1 121 1436 120
1140 2 2 1 1 120 1436 767
1141 2 2 1 1 122 736 121
1142 2 2 1 1 736 1436 121
1143 2 2 1 1 123 1419 122
1144 2 2 1 1 122 1419 736
1145 2 2 1 1 124 764 123
1146 2 2 1 1 764 1419 123
1147 2 2 1 1 125 1420 124
1148 2 2 1 1 124 1420 764
1149 2 2 1 1 126 1432 125
1150 2 2 1 1 125 1432 1420
1151 2 2 1 1 127 740 126
1152 2 2 1 1 740 1432 126
1153 2 2 1 1 128 1433 127
1154 2 2 1 1 127 1433 740
1155 2 2 1 1 129 766 128
1156 2 2 1 1 766 1433 128
1157 2 2 1 1 130 1434 129
1158 2 2 1 1 129 1434 766
1159 2 2 1 1 131 748 130
1160 2 2 1 1 748 1434 130
1161 2 2 1 1 132 1893 131
1162 2 2 1 1 131 1893 748
1163 2 2 1 1 133 1440 132
1164 2 2 1 1 1440 1893 132
1165 2 2 1 1 134 756 133
1166 2 2 1 1 756 1440 133
1167 2 2 1 1 135 1441 134
1168 2 2 1 1 134 1441 756
1169 2 2 1 1 136 769 135
1170 2 2 1 1 769 1441 135
1171 2 2 1 1 137 1443 136
1172 2 2 1 1 136 1443 769
1173 2 2 1 1 138 1787 137
1174 2 2 1 1 137 1787 1443
1175 2 2 1 1 138 1888 1787
1176 2 2 1 1 734 1780 1574
1177 2 2 1 1 1574 1896 734
1178 2 2 1 1 734 1896 1692
1179 2 2 1 1 735 1911 1693
1180 2 2 1 1 1698 1918 735
1181 2 2 1 1 1819 1911 735
1182 2 2 1 1 735 1918 1819
1183 2 2 1 1 1419 1867 736
1184 2 2 1 1 736 1437 1436
1185 2 2 1 1 736 1867 1437
1186 2 2 1 1 737 1915 1543
1187 2 2 1 1 1543 1916 737
1188 2 2 1 1 737 1916 1637
1189 2 2 1 1 738 1625 1398
1190 2 2 1 1 1398 1853 738
1191 2 2 1 1 738 1853 1617
1192 2 2 1 1 738 1877 1625
1193 2 2 1 1 739 1402 1401
1194 2 2 1 1 739 1792 1402
1195 2 2 1 1 1416 1792 739
1196 2 2 1 1 740 1712 1432
1197 2 2 1 1 1433 1880 740
1198 2 2 1 1 740 1880 1712
1199 2 2 1 1 1387 1557 741
1200 2 2 1 1 741 1718 1387
1201 2 2 1 1 1557 1647 741
1202 2 2 1 1 1430 1850 742
1203 2 2 1 1 742 1872 1431
1204 2 2 1 1 1850 1872 742
1205 2 2 1 1 1545 1701 743
1206 2 2 1 1 743 1871 1545
1207 2 2 1 1 1785 1871 743
1208 2 2 1 1 1697 1827 744
1209 2 2 1 1 744 1914 1809
1210 2 2 1 1 1827 1914 744
1211 2 2 1 1 745 1817 1501
1212 2 2 1 1 1501 1899 745
1213 2 2 1 1 1644 1817 745
1214 2 2 1 1 745 1899 1645
1215 2 2 1 1 746 1866 1694
1216 2 2 1 1 1699 1737 746
1217 2 2 1 1 1737 1866 746
1218 2 2 1 1 1412 1413 747
1219 2 2 1 1 1413 1414 747
1220 2 2 1 1 1414 1654 747
1221 2 2 1 1 748 1408 1406
1222 2 2 1 1 1406 1859 748
1223 2 2 1 1 748 1893 1408
1224 2 2 1 1 748 1859 1434
1225 2 2 1 1 786 787 749
1226 2 2 1 1 787 788 749
1227 2 2 1 1 788 1405 749
1228 2 2 1 1 750 1845 1814
1229 2 2 1 1 1824 1909 750
1230 2 2 1 1 750 1909 1845
1231 2 2 1 1 1640 1829 751
1232 2 2 1 1 751 1806 1642
1233 2 2 1 1 751 1829 1806
1234 2 2 1 1 752 1864 1700
1235 2 2 1 1 1801 1864 752
1236 2 2 1 1 1648 1884 753
1237 2 2 1 1 753 1878 1782
1238 2 2 1 1 753 1884 1878
1239 2 2 1 1 1425 1426 754
1240 2 2 1 1 1426 1808 754
1241 2 2 1 1 1808 1816 754
1242 2 2 1 1 1565 1813 755
1243 2 2 1 1 755 1882 1565
1244 2 2 1 1 1846 1882 755
1245 2 2 1 1 756 1441 1396
1246 2 2 1 1 1396 1886 756
1247 2 2 1 1 756 1886 1440
1248 2 2 1 1 1409 1410 757
1249 2 2 1 1 1410 1828 757
1250 2 2 1 1 757 1828 1444
1251 2 2 1 1 1522 1796 758
1252 2 2 1 1 758 1802 1522
1253 2 2 1 1 1796 1838 758
1254 2 2 1 1 1641 1865 759
1255 2 2 1 1 759 1856 1843
1256 2 2 1 1 759 1865 1856
1257 2 2 1 1 760 1875 1646
1258 2 2 1 1 760 1881 1875
1259 2 2 1 1 1879 1881 760
1260 2 2 1 1 761 1696 1372
1261 2 2 1 1 1372 1821 761
1262 2 2 1 1 761 1821 1587
1263 2 2 1 1 1587 1907 761
1264 2 2 1 1 762 1920 1784
1265 2 2 1 1 1858 1862 762
1266 2 2 1 1 1862 1920 762
1267 2 2 1 1 1374 1416 763
1268 2 2 1 1 763 1417 1374
1269 2 2 1 1 763 1921 1417
1270 2 2 1 1 1431 1921 763
1271 2 2 1 1 764 1815 1419
1272 2 2 1 1 1420 1421 764
1273 2 2 1 1 1421 1815 764
1274 2 2 1 1 765 1825 1695
1275 2 2 1 1 765 1913 1825
1276 2 2 1 1 1840 1913 765
1277 2 2 1 1 766 1868 1433
1278 2 2 1 1 1434 1735 766
1279 2 2 1 1 1735 1868 766
1280 2 2 1 1 1436 1438 767
1281 2 2 1 1 1438 1439 767
1282 2 2 1 1 1439 1655 767
1283 2 2 1 1 768 1617 1391
1284 2 2 1 1 1391 1832 768
1285 2 2 1 1 768 1832 1412
1286 2 2 1 1 769 1876 1441
1287 2 2 1 1 1443 1728 769
1288 2 2 1 1 1728 1876 769
1289 2 2 1 1 1654 1765 770
1290 2 2 1 1 1765 1898 770
1291 2 2 1 1 770 1898 1774
1292 2 2 1 1 1637 1638 771
1293 2 2 1 1 1638 1639 771
1294 2 2 1 1 1639 1644 771
1295 2 2 1 1 1378 1558 772
1296 2 2 1 1 772 1647 1378
1297 2 2 1 1 1558 1834 772
1298 2 2 1 1 1642 1643 773
1299 2 2 1 1 1643 1851 773
1300 2 2 1 1 773 1851 1718
1301 2 2 1 1 1645 1894 774
1302 2 2 1 1 774 1892 1648
1303 2 2 1 1 774 1894 1892
1304 2 2 1 1 1554 1697 775
1305 2 2 1 1 775 1855 1554
1306 2 2 1 1 1691 1855 775
1307 2 2 1 1 776 1809 1578
1308 2 2 1 1 1578 1922 776
1309 2 2 1 1 1579 1846 776
1310 2 2 1 1 776 1922 1579
1311 2 2 1 1 777 1694 1535
1312 2 2 1 1 1535 1847 777
1313 2 2 1 1 777 1847 1698
1314 2 2 1 1 1692 1848 778
1315 2 2 1 1 778 1908 1699
1316 2 2 1 1 1848 1908 778
1317 2 2 1 1 1701 1833 779
1318 2 2 1 1 779 1910 1780
1319 2 2 1 1 1833 1910 779
1320 2 2 1 1 780 1444 1388
1321 2 2 1 1 1388 1445 780
1322 2 2 1 1 1445 1768 780
1323 2 2 1 1 1522 1802 781
1324 2 2 1 1 781 1837 1522
1325 2 2 1 1 1814 1837 781
1326 2 2 1 1 782 1838 1797
1327 2 2 1 1 1797 1870 782
1328 2 2 1 1 1870 1902 782
1329 2 2 1 1 1646 1873 783
1330 2 2 1 1 783 1873 1787
1331 2 2 1 1 1787 1888 783
1332 2 2 1 1 784 1883 1641
1333 2 2 1 1 1794 1883 784
1334 2 2 1 1 784 1887 1794
1335 2 2 1 1 785 1860 1696
1336 2 2 1 1 1768 1860 785
1337 2 2 1 1 785 1890 1768
1338 2 2 1 1 786 1181 787
1339 2 2 1 1 786 1401 1181
1340 2 2 1 1 787 789 788
1341 2 2 1 1 787 1704 789
1342 2 2 1 1 1181 1704 787
1343 2 2 1 1 789 790 788
1344 2 2 1 1 790 1411 788
1345 2 2 1 1 788 1411 1405
1346 2 2 1 1 789 791 790
1347 2 2 1 1 789 792 791
1348 2 2 1 1 789 1704 792
1349 2 2 1 1 791 906 790
1350 2 2 1 1 906 1180 790
1351 2 2 1 1 1180 1411 790
1352 2 2 1 1 792 793 791
1353 2 2 1 1 793 1783 791
1354 2 2 1 1 791 1783 906
1355 2 2 1 1 792 794 793
1356 2 2 1 1 792 1611 794
1357 2 2 1 1 792 1704 1611
1358 2 2 1 1 794 795 793
1359 2 2 1 1 795 1400 793
1360 2 2 1 1 1400 1783 793
1361 2 2 1 1 794 796 795
1362 2 2 1 1 794 1003 796
1363 2 2 1 1 794 1611 1003
1364 2 2 1 1 796 797 795
1365 2 2 1 1 797 861 795
1366 2 2 1 1 861 1400 795
1367 2 2 1 1 796 798 797
1368 2 2 1 1 796 1736 798
1369 2 2 1 1 1003 1736 796
1370 2 2 1 1 798 799 797
1371 2 2 1 1 799 1770 797
1372 2 2 1 1 797 1770 861
1373 2 2 1 1 798 800 799
1374 2 2 1 1 798 1760 800
1375 2 2 1 1 1736 1760 798
1376 2 2 1 1 800 801 799
1377 2 2 1 1 801 1923 799
1378 2 2 1 1 799 1923 1770
1379 2 2 1 1 800 802 801
1380 2 2 1 1 800 862 802
1381 2 2 1 1 800 1760 862
1382 2 2 1 1 802 803 801
1383 2 2 1 1 803 844 801
1384 2 2 1 1 844 1923 801
1385 2 2 1 1 802 804 803
1386 2 2 1 1 802 1448 804
1387 2 2 1 1 862 1448 802
1388 2 2 1 1 804 805 803
1389 2 2 1 1 805 1612 803
1390 2 2 1 1 803 1612 844
1391 2 2 1 1 804 806 805
1392 2 2 1 1 804 1068 806
1393 2 2 1 1 804 1448 1068
1394 2 2 1 1 806 807 805
1395 2 2 1 1 807 1598 805
1396 2 2 1 1 1598 1612 805
1397 2 2 1 1 806 808 807
1398 2 2 1 1 806 1449 808
1399 2 2 1 1 1068 1449 806
1400 2 2 1 1 808 809 807
1401 2 2 1 1 809 1597 807
1402 2 2 1 1 1597 1598 807
1403 2 2 1 1 808 810 809
1404 2 2 1 1 808 814 810
1405 2 2 1 1 808 1449 814
1406 2 2 1 1 810 811 809
1407 2 2 1 1 811 812 809
1408 2 2 1 1 812 1597 809
1409 2 2 1 1 810 1450 811
1410 2 2 1 1 814 848 810
1411 2 2 1 1 848 1450 810
1412 2 2 1 1 811 813 812
1413 2 2 1 1 811 1708 813
1414 2 2 1 1 1450 1708 811
1415 2 2 1 1 813 815 812
1416 2 2 1 1 815 1021 812
1417 2 2 1 1 1021 1597 812
1418 2 2 1 1 813 816 815
1419 2 2 1 1 813 817 816
1420 2 2 1 1 813 1708 817
1421 2 2 1 1 814 849 848
1422 2 2 1 1 814 1206 849
1423 2 2 1 1 814 1449 1206
1424 2 2 1 1 816 1593 815
1425 2 2 1 1 815 1089 1021
1426 2 2 1 1 815 1593 1089
1427 2 2 1 1 817 818 816
1428 2 2 1 1 818 819 816
1429 2 2 1 1 819 1593 816
1430 2 2 1 1 817 1734 818
1431 2 2 1 1 817 1708 1460
1432 2 2 1 1 1460 1734 817
1433 2 2 1 1 818 820 819
1434 2 2 1 1 818 821 820
1435 2 2 1 1 818 1734 821
1436 2 2 1 1 820 1842 819
1437 2 2 1 1 819 1849 1593
1438 2 2 1 1 1842 1849 819
1439 2 2 1 1 821 822 820
1440 2 2 1 1 822 823 820
1441 2 2 1 1 823 1842 820
1442 2 2 1 1 821 1600 822
1443 2 2 1 1 821 1744 1600
1444 2 2 1 1 1734 1744 821
1445 2 2 1 1 822 824 823
1446 2 2 1 1 822 825 824
1447 2 2 1 1 822 1600 825
1448 2 2 1 1 824 1540 823
1449 2 2 1 1 1540 1839 823
1450 2 2 1 1 1839 1842 823
1451 2 2 1 1 825 826 824
1452 2 2 1 1 826 827 824
1453 2 2 1 1 827 1540 824
1454 2 2 1 1 825 1012 826
1455 2 2 1 1 825 1093 1012
1456 2 2 1 1 825 1600 1093
1457 2 2 1 1 826 828 827
1458 2 2 1 1 826 1580 828
1459 2 2 1 1 1012 1580 826
1460 2 2 1 1 828 829 827
1461 2 2 1 1 829 1013 827
1462 2 2 1 1 1013 1540 827
1463 2 2 1 1 828 830 829
1464 2 2 1 1 828 831 830
1465 2 2 1 1 828 1580 831
1466 2 2 1 1 830 1582 829
1467 2 2 1 1 829 1211 1013
1468 2 2 1 1 829 1582 1211
1469 2 2 1 1 831 832 830
1470 2 2 1 1 832 833 830
1471 2 2 1 1 833 1582 830
1472 2 2 1 1 831 1790 832
1473 2 2 1 1 1580 1778 831
1474 2 2 1 1 1778 1790 831
1475 2 2 1 1 832 834 833
1476 2 2 1 1 832 835 834
1477 2 2 1 1 832 1790 835
1478 2 2 1 1 834 836 833
1479 2 2 1 1 836 1011 833
1480 2 2 1 1 1011 1582 833
1481 2 2 1 1 835 1607 834
1482 2 2 1 1 834 837 836
1483 2 2 1 1 834 1607 837
1484 2 2 1 1 835 1804 1607
1485 2 2 1 1 1790 1799 835
1486 2 2 1 1 1799 1804 835
1487 2 2 1 1 837 838 836
1488 2 2 1 1 838 1495 836
1489 2 2 1 1 836 1495 1011
1490 2 2 1 1 837 839 838
1491 2 2 1 1 837 1048 839
1492 2 2 1 1 837 1607 1048
1493 2 2 1 1 839 840 838
1494 2 2 1 1 840 843 838
1495 2 2 1 1 843 1495 838
1496 2 2 1 1 839 841 840
1497 2 2 1 1 839 1604 841
1498 2 2 1 1 1048 1604 839
1499 2 2 1 1 841 842 840
1500 2 2 1 1 842 1507 840
1501 2 2 1 1 840 1507 843
1502 2 2 1 1 841 845 842
1503 2 2 1 1 841 846 845
1504 2 2 1 1 841 1604 846
1505 2 2 1 1 845 847 842
1506 2 2 1 1 847 1024 842
1507 2 2 1 1 1024 1507 842
1508 2 2 1 1 843 1772 1495
1509 2 2 1 1 1507 1754 843
1510 2 2 1 1 1754 1772 843
1511 2 2 1 1 844 1917 1389
1512 2 2 1 1 1389 1923 844
1513 2 2 1 1 1612 1903 844
1514 2 2 1 1 1903 1917 844
1515 2 2 1 1 846 854 845
1516 2 2 1 1 845 1547 847
1517 2 2 1 1 854 1547 845
1518 2 2 1 1 846 855 854
1519 2 2 1 1 846 1234 855
1520 2 2 1 1 846 1604 1234
1521 2 2 1 1 847 1052 1024
1522 2 2 1 1 847 1157 1052
1523 2 2 1 1 847 1547 1157
1524 2 2 1 1 849 850 848
1525 2 2 1 1 850 1207 848
1526 2 2 1 1 1207 1450 848
1527 2 2 1 1 849 851 850
1528 2 2 1 1 849 1466 851
1529 2 2 1 1 1206 1466 849
1530 2 2 1 1 851 852 850
1531 2 2 1 1 852 1463 850
1532 2 2 1 1 850 1463 1207
1533 2 2 1 1 851 853 852
1534 2 2 1 1 851 856 853
1535 2 2 1 1 851 1466 856
1536 2 2 1 1 853 858 852
1537 2 2 1 1 858 895 852
1538 2 2 1 1 895 1463 852
1539 2 2 1 1 856 857 853
1540 2 2 1 1 857 1464 853
1541 2 2 1 1 853 1464 858
1542 2 2 1 1 855 859 854
1543 2 2 1 1 859 1665 854
1544 2 2 1 1 854 1665 1547
1545 2 2 1 1 855 860 859
1546 2 2 1 1 855 1462 860
1547 2 2 1 1 1234 1462 855
1548 2 2 1 1 856 863 857
1549 2 2 1 1 856 1236 863
1550 2 2 1 1 856 1466 1236
1551 2 2 1 1 863 864 857
1552 2 2 1 1 864 1613 857
1553 2 2 1 1 857 1613 1464
1554 2 2 1 1 858 896 895
1555 2 2 1 1 858 1079 896
1556 2 2 1 1 858 1464 1079
1557 2 2 1 1 860 865 859
1558 2 2 1 1 865 867 859
1559 2 2 1 1 867 1665 859
1560 2 2 1 1 860 866 865
1561 2 2 1 1 860 868 866
1562 2 2 1 1 860 1462 868
1563 2 2 1 1 1390 1400 861
1564 2 2 1 1 861 1435 1390
1565 2 2 1 1 861 1770 1435
1566 2 2 1 1 862 1731 1448
1567 2 2 1 1 862 1738 1731
1568 2 2 1 1 862 1760 1738
1569 2 2 1 1 863 883 864
1570 2 2 1 1 863 1610 883
1571 2 2 1 1 1236 1610 863
1572 2 2 1 1 883 884 864
1573 2 2 1 1 884 885 864
1574 2 2 1 1 885 1613 864
1575 2 2 1 1 866 1474 865
1576 2 2 1 1 865 888 867
1577 2 2 1 1 865 1474 888
1578 2 2 1 1 868 869 866
1579 2 2 1 1 869 1473 866
1580 2 2 1 1 1473 1474 866
1581 2 2 1 1 888 889 867
1582 2 2 1 1 889 1235 867
1583 2 2 1 1 1235 1665 867
1584 2 2 1 1 868 870 869
1585 2 2 1 1 868 1764 870
1586 2 2 1 1 1462 1764 868
1587 2 2 1 1 870 871 869
1588 2 2 1 1 871 894 869
1589 2 2 1 1 894 1473 869
1590 2 2 1 1 870 872 871
1591 2 2 1 1 870 955 872
1592 2 2 1 1 870 1764 955
1593 2 2 1 1 872 873 871
1594 2 2 1 1 873 1472 871
1595 2 2 1 1 871 1472 894
1596 2 2 1 1 872 874 873
1597 2 2 1 1 872 1795 874
1598 2 2 1 1 955 1795 872
1599 2 2 1 1 874 875 873
1600 2 2 1 1 875 1471 873
1601 2 2 1 1 1471 1472 873
1602 2 2 1 1 874 876 875
1603 2 2 1 1 874 1810 876
1604 2 2 1 1 1795 1810 874
1605 2 2 1 1 876 877 875
1606 2 2 1 1 877 890 875
1607 2 2 1 1 890 1471 875
1608 2 2 1 1 876 878 877
1609 2 2 1 1 876 880 878
1610 2 2 1 1 876 1810 880
1611 2 2 1 1 878 879 877
1612 2 2 1 1 879 1477 877
1613 2 2 1 1 877 1477 890
1614 2 2 1 1 878 1769 879
1615 2 2 1 1 880 881 878
1616 2 2 1 1 881 1769 878
1617 2 2 1 1 879 1478 1477
1618 2 2 1 1 879 1740 1478
1619 2 2 1 1 879 1769 1740
1620 2 2 1 1 880 882 881
1621 2 2 1 1 880 1404 882
1622 2 2 1 1 880 1810 1404
1623 2 2 1 1 882 886 881
1624 2 2 1 1 886 1777 881
1625 2 2 1 1 881 1777 1769
1626 2 2 1 1 882 887 886
1627 2 2 1 1 882 943 887
1628 2 2 1 1 882 1404 943
1629 2 2 1 1 883 902 884
1630 2 2 1 1 883 920 902
1631 2 2 1 1 883 1610 920
1632 2 2 1 1 884 891 885
1633 2 2 1 1 884 1469 891
1634 2 2 1 1 902 1469 884
1635 2 2 1 1 891 909 885
1636 2 2 1 1 909 1238 885
1637 2 2 1 1 1238 1613 885
1638 2 2 1 1 887 892 886
1639 2 2 1 1 892 912 886
1640 2 2 1 1 912 1777 886
1641 2 2 1 1 887 893 892
1642 2 2 1 1 887 1690 893
1643 2 2 1 1 943 1690 887
1644 2 2 1 1 888 910 889
1645 2 2 1 1 888 1475 910
1646 2 2 1 1 1474 1475 888
1647 2 2 1 1 910 911 889
1648 2 2 1 1 911 1608 889
1649 2 2 1 1 889 1608 1235
1650 2 2 1 1 890 1732 1471
1651 2 2 1 1 1477 1743 890
1652 2 2 1 1 890 1743 1732
1653 2 2 1 1 891 913 909
1654 2 2 1 1 891 1470 913
1655 2 2 1 1 1469 1470 891
1656 2 2 1 1 893 907 892
1657 2 2 1 1 907 1621 892
1658 2 2 1 1 892 1621 912
1659 2 2 1 1 893 908 907
1660 2 2 1 1 893 1755 908
1661 2 2 1 1 1690 1755 893
1662 2 2 1 1 1472 1688 894
1663 2 2 1 1 894 1680 1473
1664 2 2 1 1 894 1688 1680
1665 2 2 1 1 896 897 895
1666 2 2 1 1 897 1047 895
1667 2 2 1 1 1047 1463 895
1668 2 2 1 1 896 898 897
1669 2 2 1 1 896 1465 898
1670 2 2 1 1 1079 1465 896
1671 2 2 1 1 898 899 897
1672 2 2 1 1 899 1459 897
1673 2 2 1 1 897 1459 1047
1674 2 2 1 1 898 900 899
1675 2 2 1 1 898 903 900
1676 2 2 1 1 898 1465 903
1677 2 2 1 1 900 901 899
1678 2 2 1 1 901 1635 899
1679 2 2 1 1 899 1635 1459
1680 2 2 1 1 900 904 901
1681 2 2 1 1 903 1467 900
1682 2 2 1 1 900 1467 904
1683 2 2 1 1 904 905 901
1684 2 2 1 1 905 940 901
1685 2 2 1 1 940 1635 901
1686 2 2 1 1 920 921 902
1687 2 2 1 1 921 1483 902
1688 2 2 1 1 902 1483 1469
1689 2 2 1 1 1465 1689 903
1690 2 2 1 1 903 1652 1467
1691 2 2 1 1 903 1689 1652
1692 2 2 1 1 904 914 905
1693 2 2 1 1 904 1006 914
1694 2 2 1 1 904 1467 1006
1695 2 2 1 1 914 1481 905
1696 2 2 1 1 905 948 940
1697 2 2 1 1 905 1481 948
1698 2 2 1 1 906 1317 1180
1699 2 2 1 1 906 1812 1317
1700 2 2 1 1 1783 1812 906
1701 2 2 1 1 908 915 907
1702 2 2 1 1 915 1527 907
1703 2 2 1 1 1527 1621 907
1704 2 2 1 1 908 916 915
1705 2 2 1 1 908 917 916
1706 2 2 1 1 908 1755 917
1707 2 2 1 1 913 919 909
1708 2 2 1 1 919 1485 909
1709 2 2 1 1 909 1485 1238
1710 2 2 1 1 910 923 911
1711 2 2 1 1 910 947 923
1712 2 2 1 1 910 1475 947
1713 2 2 1 1 923 924 911
1714 2 2 1 1 924 925 911
1715 2 2 1 1 925 1608 911
1716 2 2 1 1 1621 1798 912
1717 2 2 1 1 912 1791 1777
1718 2 2 1 1 912 1798 1791
1719 2 2 1 1 913 941 919
1720 2 2 1 1 913 942 941
1721 2 2 1 1 913 1470 942
1722 2 2 1 1 1006 1007 914
1723 2 2 1 1 1007 1030 914
1724 2 2 1 1 1030 1481 914
1725 2 2 1 1 916 918 915
1726 2 2 1 1 918 951 915
1727 2 2 1 1 951 1527 915
1728 2 2 1 1 917 1215 916
1729 2 2 1 1 916 1486 918
1730 2 2 1 1 1215 1486 916
1731 2 2 1 1 917 1332 1215
1732 2 2 1 1 917 1399 1332
1733 2 2 1 1 917 1755 1399
1734 2 2 1 1 918 1001 951
1735 2 2 1 1 918 1002 1001
1736 2 2 1 1 918 1486 1002
1737 2 2 1 1 941 1004 919
1738 2 2 1 1 1004 1023 919
1739 2 2 1 1 1023 1485 919
1740 2 2 1 1 920 922 921
1741 2 2 1 1 920 1005 922
1742 2 2 1 1 920 1610 1005
1743 2 2 1 1 922 944 921
1744 2 2 1 1 944 946 921
1745 2 2 1 1 946 1483 921
1746 2 2 1 1 922 945 944
1747 2 2 1 1 922 1676 945
1748 2 2 1 1 1005 1676 922
1749 2 2 1 1 923 1614 924
1750 2 2 1 1 947 953 923
1751 2 2 1 1 953 1614 923
1752 2 2 1 1 924 926 925
1753 2 2 1 1 924 1014 926
1754 2 2 1 1 924 1614 1014
1755 2 2 1 1 926 927 925
1756 2 2 1 1 927 1049 925
1757 2 2 1 1 1049 1608 925
1758 2 2 1 1 926 928 927
1759 2 2 1 1 926 1603 928
1760 2 2 1 1 1014 1603 926
1761 2 2 1 1 928 929 927
1762 2 2 1 1 929 1494 927
1763 2 2 1 1 927 1494 1049
1764 2 2 1 1 928 930 929
1765 2 2 1 1 928 999 930
1766 2 2 1 1 928 1603 999
1767 2 2 1 1 930 931 929
1768 2 2 1 1 931 1601 929
1769 2 2 1 1 929 1601 1494
1770 2 2 1 1 930 932 931
1771 2 2 1 1 930 1512 932
1772 2 2 1 1 999 1512 930
1773 2 2 1 1 932 933 931
1774 2 2 1 1 933 934 931
1775 2 2 1 1 934 1601 931
1776 2 2 1 1 932 935 933
1777 2 2 1 1 932 1015 935
1778 2 2 1 1 932 1512 1015
1779 2 2 1 1 933 936 934
1780 2 2 1 1 935 1591 933
1781 2 2 1 1 933 1591 936
1782 2 2 1 1 936 937 934
1783 2 2 1 1 937 1022 934
1784 2 2 1 1 1022 1601 934
1785 2 2 1 1 1015 1016 935
1786 2 2 1 1 1016 1592 935
1787 2 2 1 1 935 1592 1591
1788 2 2 1 1 936 938 937
1789 2 2 1 1 936 1590 938
1790 2 2 1 1 936 1591 1590
1791 2 2 1 1 938 939 937
1792 2 2 1 1 939 1599 937
1793 2 2 1 1 937 1599 1022
1794 2 2 1 1 938 949 939
1795 2 2 1 1 938 952 949
1796 2 2 1 1 938 1590 952
1797 2 2 1 1 949 950 939
1798 2 2 1 1 950 956 939
1799 2 2 1 1 956 1599 939
1800 2 2 1 1 948 994 940
1801 2 2 1 1 994 1020 940
1802 2 2 1 1 1020 1635 940
1803 2 2 1 1 942 995 941
1804 2 2 1 1 995 1491 941
1805 2 2 1 1 941 1491 1004
1806 2 2 1 1 942 996 995
1807 2 2 1 1 942 1154 996
1808 2 2 1 1 942 1470 1154
1809 2 2 1 1 943 1404 1393
1810 2 2 1 1 1393 1447 943
1811 2 2 1 1 1447 1690 943
1812 2 2 1 1 945 1487 944
1813 2 2 1 1 944 997 946
1814 2 2 1 1 944 1487 997
1815 2 2 1 1 945 1629 1487
1816 2 2 1 1 945 1661 1629
1817 2 2 1 1 945 1676 1661
1818 2 2 1 1 997 998 946
1819 2 2 1 1 998 1484 946
1820 2 2 1 1 946 1484 1483
1821 2 2 1 1 947 954 953
1822 2 2 1 1 947 1476 954
1823 2 2 1 1 1475 1476 947
1824 2 2 1 1 948 1028 994
1825 2 2 1 1 948 1482 1028
1826 2 2 1 1 1481 1482 948
1827 2 2 1 1 949 1596 950
1828 2 2 1 1 952 1039 949
1829 2 2 1 1 1039 1596 949
1830 2 2 1 1 950 957 956
1831 2 2 1 1 950 958 957
1832 2 2 1 1 950 1596 958
1833 2 2 1 1 1001 1038 951
1834 2 2 1 1 1038 1080 951
1835 2 2 1 1 1080 1527 951
1836 2 2 1 1 952 1046 1039
1837 2 2 1 1 952 1155 1046
1838 2 2 1 1 952 1590 1155
1839 2 2 1 1 954 1032 953
1840 2 2 1 1 1032 1589 953
1841 2 2 1 1 1589 1614 953
1842 2 2 1 1 954 1033 1032
1843 2 2 1 1 954 1083 1033
1844 2 2 1 1 954 1476 1083
1845 2 2 1 1 955 1764 1395
1846 2 2 1 1 1395 1779 955
1847 2 2 1 1 1779 1795 955
1848 2 2 1 1 957 1605 956
1849 2 2 1 1 956 1713 1599
1850 2 2 1 1 1605 1713 956
1851 2 2 1 1 958 959 957
1852 2 2 1 1 959 960 957
1853 2 2 1 1 960 1605 957
1854 2 2 1 1 958 1631 959
1855 2 2 1 1 1596 1626 958
1856 2 2 1 1 1626 1631 958
1857 2 2 1 1 959 961 960
1858 2 2 1 1 959 962 961
1859 2 2 1 1 959 1631 962
1860 2 2 1 1 961 1759 960
1861 2 2 1 1 960 1749 1605
1862 2 2 1 1 960 1759 1749
1863 2 2 1 1 962 963 961
1864 2 2 1 1 963 964 961
1865 2 2 1 1 964 1759 961
1866 2 2 1 1 962 1602 963
1867 2 2 1 1 962 1677 1602
1868 2 2 1 1 1631 1677 962
1869 2 2 1 1 963 965 964
1870 2 2 1 1 963 1000 965
1871 2 2 1 1 963 1602 1000
1872 2 2 1 1 965 966 964
1873 2 2 1 1 966 1679 964
1874 2 2 1 1 1679 1759 964
1875 2 2 1 1 965 967 966
1876 2 2 1 1 965 1686 967
1877 2 2 1 1 1000 1686 965
1878 2 2 1 1 967 968 966
1879 2 2 1 1 968 1057 966
1880 2 2 1 1 1057 1679 966
1881 2 2 1 1 967 969 968
1882 2 2 1 1 967 1707 969
1883 2 2 1 1 1686 1707 967
1884 2 2 1 1 969 970 968
1885 2 2 1 1 970 1733 968
1886 2 2 1 1 968 1733 1057
1887 2 2 1 1 969 971 970
1888 2 2 1 1 969 972 971
1889 2 2 1 1 969 1707 972
1890 2 2 1 1 971 1706 970
1891 2 2 1 1 1706 1722 970
1892 2 2 1 1 1722 1733 970
1893 2 2 1 1 972 973 971
1894 2 2 1 1 973 974 971
1895 2 2 1 1 974 1706 971
1896 2 2 1 1 972 1671 973
1897 2 2 1 1 972 1682 1671
1898 2 2 1 1 972 1707 1682
1899 2 2 1 1 973 975 974
1900 2 2 1 1 973 976 975
1901 2 2 1 1 973 1671 976
1902 2 2 1 1 975 1668 974
1903 2 2 1 1 974 1668 1549
1904 2 2 1 1 1549 1706 974
1905 2 2 1 1 976 977 975
1906 2 2 1 1 977 978 975
1907 2 2 1 1 978 1668 975
1908 2 2 1 1 976 1517 977
1909 2 2 1 1 976 1616 1517
1910 2 2 1 1 976 1671 1616
1911 2 2 1 1 977 979 978
1912 2 2 1 1 977 980 979
1913 2 2 1 1 977 1517 980
1914 2 2 1 1 979 1479 978
1915 2 2 1 1 1479 1649 978
1916 2 2 1 1 1649 1668 978
1917 2 2 1 1 980 981 979
1918 2 2 1 1 981 982 979
1919 2 2 1 1 982 1479 979
1920 2 2 1 1 980 1018 981
1921 2 2 1 1 980 1019 1018
1922 2 2 1 1 980 1517 1019
1923 2 2 1 1 981 983 982
1924 2 2 1 1 981 1609 983
1925 2 2 1 1 1018 1609 981
1926 2 2 1 1 983 984 982
1927 2 2 1 1 984 1009 982
1928 2 2 1 1 1009 1479 982
1929 2 2 1 1 983 985 984
1930 2 2 1 1 983 986 985
1931 2 2 1 1 983 1609 986
1932 2 2 1 1 985 1488 984
1933 2 2 1 1 984 1010 1009
1934 2 2 1 1 984 1488 1010
1935 2 2 1 1 986 987 985
1936 2 2 1 1 987 988 985
1937 2 2 1 1 988 1488 985
1938 2 2 1 1 986 1606 987
1939 2 2 1 1 986 1633 1606
1940 2 2 1 1 1609 1633 986
1941 2 2 1 1 987 989 988
1942 2 2 1 1 987 990 989
1943 2 2 1 1 987 1606 990
1944 2 2 1 1 989 1035 988
1945 2 2 1 1 1035 1208 988
1946 2 2 1 1 1208 1488 988
1947 2 2 1 1 990 991 989
1948 2 2 1 1 991 1506 989
1949 2 2 1 1 989 1506 1035
1950 2 2 1 1 990 992 991
1951 2 2 1 1 990 1017 992
1952 2 2 1 1 990 1606 1017
1953 2 2 1 1 992 993 991
1954 2 2 1 1 993 1031 991
1955 2 2 1 1 1031 1506 991
1956 2 2 1 1 992 1026 993
1957 2 2 1 1 1017 1584 992
1958 2 2 1 1 992 1584 1026
1959 2 2 1 1 1026 1027 993
1960 2 2 1 1 1027 1560 993
1961 2 2 1 1 993 1560 1031
1962 2 2 1 1 994 1634 1020
1963 2 2 1 1 1028 1058 994
1964 2 2 1 1 1058 1634 994
1965 2 2 1 1 996 1040 995
1966 2 2 1 1 1040 1493 995
1967 2 2 1 1 995 1493 1491
1968 2 2 1 1 996 1041 1040
1969 2 2 1 1 996 1524 1041
1970 2 2 1 1 1154 1524 996
1971 2 2 1 1 997 1053 998
1972 2 2 1 1 997 1055 1053
1973 2 2 1 1 997 1487 1055
1974 2 2 1 1 1053 1054 998
1975 2 2 1 1 1054 1250 998
1976 2 2 1 1 1250 1484 998
1977 2 2 1 1 999 1709 1512
1978 2 2 1 1 1603 1684 999
1979 2 2 1 1 1684 1709 999
1980 2 2 1 1 1602 1730 1000
1981 2 2 1 1 1000 1724 1686
1982 2 2 1 1 1000 1730 1724
1983 2 2 1 1 1002 1025 1001
1984 2 2 1 1 1025 1509 1001
1985 2 2 1 1 1001 1509 1038
1986 2 2 1 1 1002 1071 1025
1987 2 2 1 1 1002 1177 1071
1988 2 2 1 1 1002 1486 1177
1989 2 2 1 1 1611 1750 1003
1990 2 2 1 1 1003 1767 1736
1991 2 2 1 1 1750 1767 1003
1992 2 2 1 1 1004 1036 1023
1993 2 2 1 1 1004 1061 1036
1994 2 2 1 1 1004 1491 1061
1995 2 2 1 1 1610 1660 1005
1996 2 2 1 1 1660 1683 1005
1997 2 2 1 1 1005 1683 1676
1998 2 2 1 1 1006 1008 1007
1999 2 2 1 1 1006 1468 1008
2000 2 2 1 1 1467 1468 1006
2001 2 2 1 1 1008 1029 1007
2002 2 2 1 1 1029 1541 1007
2003 2 2 1 1 1007 1541 1030
2004 2 2 1 1 1008 1045 1029
2005 2 2 1 1 1008 1069 1045
2006 2 2 1 1 1008 1468 1069
2007 2 2 1 1 1010 1034 1009
2008 2 2 1 1 1034 1480 1009
2009 2 2 1 1 1009 1480 1479
2010 2 2 1 1 1010 1182 1034
2011 2 2 1 1 1010 1489 1182
2012 2 2 1 1 1488 1489 1010
2013 2 2 1 1 1495 1788 1011
2014 2 2 1 1 1011 1789 1582
2015 2 2 1 1 1788 1789 1011
2016 2 2 1 1 1093 1338 1012
2017 2 2 1 1 1338 1771 1012
2018 2 2 1 1 1012 1771 1580
2019 2 2 1 1 1211 1820 1013
2020 2 2 1 1 1013 1831 1540
2021 2 2 1 1 1820 1831 1013
2022 2 2 1 1 1014 1673 1603
2023 2 2 1 1 1614 1651 1014
2024 2 2 1 1 1651 1673 1014
2025 2 2 1 1 1015 1062 1016
2026 2 2 1 1 1015 1511 1062
2027 2 2 1 1 1015 1512 1511
2028 2 2 1 1 1062 1063 1016
2029 2 2 1 1 1063 1064 1016
2030 2 2 1 1 1064 1592 1016
2031 2 2 1 1 1017 1711 1584
2032 2 2 1 1 1606 1670 1017
2033 2 2 1 1 1670 1711 1017
2034 2 2 1 1 1019 1042 1018
2035 2 2 1 1 1042 1575 1018
2036 2 2 1 1 1575 1609 1018
2037 2 2 1 1 1019 1056 1042
2038 2 2 1 1 1019 1516 1056
2039 2 2 1 1 1019 1517 1516
2040 2 2 1 1 1458 1461 1020
2041 2 2 1 1 1020 1634 1458
2042 2 2 1 1 1461 1635 1020
2043 2 2 1 1 1089 1090 1021
2044 2 2 1 1 1090 1237 1021
2045 2 2 1 1 1237 1597 1021
2046 2 2 1 1 1599 1725 1022
2047 2 2 1 1 1022 1703 1601
2048 2 2 1 1 1022 1725 1703
2049 2 2 1 1 1036 1037 1023
2050 2 2 1 1 1037 1158 1023
2051 2 2 1 1 1158 1485 1023
2052 2 2 1 1 1052 1118 1024
2053 2 2 1 1 1118 1219 1024
2054 2 2 1 1 1219 1507 1024
2055 2 2 1 1 1071 1072 1025
2056 2 2 1 1 1072 1217 1025
2057 2 2 1 1 1217 1509 1025
2058 2 2 1 1 1026 1043 1027
2059 2 2 1 1 1026 1060 1043
2060 2 2 1 1 1026 1584 1060
2061 2 2 1 1 1043 1044 1027
2062 2 2 1 1 1044 1050 1027
2063 2 2 1 1 1050 1560 1027
2064 2 2 1 1 1028 1059 1058
2065 2 2 1 1 1028 1067 1059
2066 2 2 1 1 1028 1482 1067
2067 2 2 1 1 1045 1120 1029
2068 2 2 1 1 1120 1133 1029
2069 2 2 1 1 1133 1541 1029
2070 2 2 1 1 1030 1841 1481
2071 2 2 1 1 1541 1807 1030
2072 2 2 1 1 1807 1841 1030
2073 2 2 1 1 1031 1622 1506
2074 2 2 1 1 1560 1662 1031
2075 2 2 1 1 1031 1662 1622
2076 2 2 1 1 1033 1137 1032
2077 2 2 1 1 1137 1138 1032
2078 2 2 1 1 1138 1589 1032
2079 2 2 1 1 1083 1084 1033
2080 2 2 1 1 1084 1523 1033
2081 2 2 1 1 1033 1523 1137
2082 2 2 1 1 1182 1183 1034
2083 2 2 1 1 1183 1184 1034
2084 2 2 1 1 1184 1480 1034
2085 2 2 1 1 1035 1209 1208
2086 2 2 1 1 1035 1212 1209
2087 2 2 1 1 1035 1506 1212
2088 2 2 1 1 1036 1075 1037
2089 2 2 1 1 1061 1748 1036
2090 2 2 1 1 1036 1748 1075
2091 2 2 1 1 1075 1739 1037
2092 2 2 1 1 1037 1164 1158
2093 2 2 1 1 1037 1739 1164
2094 2 2 1 1 1038 1081 1080
2095 2 2 1 1 1038 1135 1081
2096 2 2 1 1 1038 1509 1135
2097 2 2 1 1 1046 1139 1039
2098 2 2 1 1 1139 1221 1039
2099 2 2 1 1 1221 1596 1039
2100 2 2 1 1 1041 1073 1040
2101 2 2 1 1 1073 1094 1040
2102 2 2 1 1 1094 1493 1040
2103 2 2 1 1 1041 1074 1073
2104 2 2 1 1 1041 1159 1074
2105 2 2 1 1 1041 1524 1159
2106 2 2 1 1 1056 1141 1042
2107 2 2 1 1 1141 1142 1042
2108 2 2 1 1 1142 1575 1042
2109 2 2 1 1 1043 1595 1044
2110 2 2 1 1 1060 1147 1043
2111 2 2 1 1 1147 1595 1043
2112 2 2 1 1 1044 1051 1050
2113 2 2 1 1 1044 1076 1051
2114 2 2 1 1 1044 1595 1076
2115 2 2 1 1 1069 1078 1045
2116 2 2 1 1 1078 1530 1045
2117 2 2 1 1 1045 1530 1120
2118 2 2 1 1 1046 1576 1139
2119 2 2 1 1 1155 1156 1046
2120 2 2 1 1 1156 1576 1046
2121 2 2 1 1 1047 1454 1452
2122 2 2 1 1 1452 1463 1047
2123 2 2 1 1 1047 1459 1454
2124 2 2 1 1 1048 1826 1604
2125 2 2 1 1 1607 1818 1048
2126 2 2 1 1 1818 1826 1048
2127 2 2 1 1 1494 1685 1049
2128 2 2 1 1 1049 1672 1608
2129 2 2 1 1 1049 1685 1672
2130 2 2 1 1 1051 1518 1050
2131 2 2 1 1 1518 1561 1050
2132 2 2 1 1 1050 1561 1560
2133 2 2 1 1 1076 1077 1051
2134 2 2 1 1 1077 1123 1051
2135 2 2 1 1 1123 1518 1051
2136 2 2 1 1 1052 1583 1118
2137 2 2 1 1 1157 1165 1052
2138 2 2 1 1 1165 1583 1052
2139 2 2 1 1 1053 1570 1054
2140 2 2 1 1 1055 1136 1053
2141 2 2 1 1 1136 1570 1053
2142 2 2 1 1 1054 1325 1250
2143 2 2 1 1 1054 1326 1325
2144 2 2 1 1 1054 1570 1326
2145 2 2 1 1 1055 1151 1136
2146 2 2 1 1 1055 1224 1151
2147 2 2 1 1 1055 1487 1224
2148 2 2 1 1 1056 1152 1141
2149 2 2 1 1 1056 1153 1152
2150 2 2 1 1 1056 1516 1153
2151 2 2 1 1 1057 1766 1679
2152 2 2 1 1 1733 1756 1057
2153 2 2 1 1 1756 1766 1057
2154 2 2 1 1 1059 1121 1058
2155 2 2 1 1 1121 1264 1058
2156 2 2 1 1 1264 1634 1058
2157 2 2 1 1 1067 1800 1059
2158 2 2 1 1 1059 1122 1121
2159 2 2 1 1 1059 1800 1122
2160 2 2 1 1 1060 1178 1147
2161 2 2 1 1 1060 1233 1178
2162 2 2 1 1 1060 1584 1233
2163 2 2 1 1 1491 1492 1061
2164 2 2 1 1 1492 1758 1061
2165 2 2 1 1 1061 1758 1748
2166 2 2 1 1 1062 1175 1063
2167 2 2 1 1 1062 1176 1175
2168 2 2 1 1 1062 1511 1176
2169 2 2 1 1 1063 1065 1064
2170 2 2 1 1 1063 1529 1065
2171 2 2 1 1 1175 1529 1063
2172 2 2 1 1 1065 1066 1064
2173 2 2 1 1 1066 1313 1064
2174 2 2 1 1 1313 1592 1064
2175 2 2 1 1 1065 1070 1066
2176 2 2 1 1 1065 1144 1070
2177 2 2 1 1 1065 1529 1144
2178 2 2 1 1 1070 1140 1066
2179 2 2 1 1 1140 1569 1066
2180 2 2 1 1 1066 1569 1313
2181 2 2 1 1 1482 1835 1067
2182 2 2 1 1 1067 1822 1800
2183 2 2 1 1 1067 1835 1822
2184 2 2 1 1 1448 1705 1068
2185 2 2 1 1 1068 1656 1449
2186 2 2 1 1 1068 1705 1656
2187 2 2 1 1 1069 1254 1078
2188 2 2 1 1 1069 1258 1254
2189 2 2 1 1 1069 1468 1258
2190 2 2 1 1 1070 1562 1140
2191 2 2 1 1 1144 1145 1070
2192 2 2 1 1 1145 1562 1070
2193 2 2 1 1 1071 1852 1072
2194 2 2 1 1 1177 1179 1071
2195 2 2 1 1 1179 1852 1071
2196 2 2 1 1 1072 1218 1217
2197 2 2 1 1 1072 1854 1218
2198 2 2 1 1 1852 1854 1072
2199 2 2 1 1 1074 1513 1073
2200 2 2 1 1 1073 1192 1094
2201 2 2 1 1 1073 1513 1192
2202 2 2 1 1 1159 1160 1074
2203 2 2 1 1 1160 1161 1074
2204 2 2 1 1 1161 1513 1074
2205 2 2 1 1 1075 1746 1739
2206 2 2 1 1 1075 1747 1746
2207 2 2 1 1 1075 1748 1747
2208 2 2 1 1 1076 1594 1077
2209 2 2 1 1 1076 1619 1594
2210 2 2 1 1 1595 1619 1076
2211 2 2 1 1 1077 1124 1123
2212 2 2 1 1 1077 1125 1124
2213 2 2 1 1 1077 1594 1125
2214 2 2 1 1 1254 1255 1078
2215 2 2 1 1 1255 1256 1078
2216 2 2 1 1 1256 1530 1078
2217 2 2 1 1 1464 1650 1079
2218 2 2 1 1 1079 1678 1465
2219 2 2 1 1 1650 1678 1079
2220 2 2 1 1 1081 1082 1080
2221 2 2 1 1 1082 1312 1080
2222 2 2 1 1 1312 1527 1080
2223 2 2 1 1 1081 1146 1082
2224 2 2 1 1 1135 1885 1081
2225 2 2 1 1 1081 1885 1146
2226 2 2 1 1 1146 1271 1082
2227 2 2 1 1 1271 1761 1082
2228 2 2 1 1 1082 1761 1312
2229 2 2 1 1 1083 1085 1084
2230 2 2 1 1 1083 1245 1085
2231 2 2 1 1 1083 1476 1245
2232 2 2 1 1 1085 1086 1084
2233 2 2 1 1 1086 1134 1084
2234 2 2 1 1 1134 1523 1084
2235 2 2 1 1 1085 1087 1086
2236 2 2 1 1 1085 1538 1087
2237 2 2 1 1 1245 1538 1085
2238 2 2 1 1 1087 1088 1086
2239 2 2 1 1 1088 1504 1086
2240 2 2 1 1 1086 1504 1134
2241 2 2 1 1 1087 1091 1088
2242 2 2 1 1 1087 1251 1091
2243 2 2 1 1 1087 1538 1251
2244 2 2 1 1 1091 1092 1088
2245 2 2 1 1 1092 1127 1088
2246 2 2 1 1 1127 1504 1088
2247 2 2 1 1 1089 1368 1090
2248 2 2 1 1 1089 1729 1368
2249 2 2 1 1 1593 1729 1089
2250 2 2 1 1 1090 1384 1237
2251 2 2 1 1 1368 1874 1090
2252 2 2 1 1 1090 1874 1384
2253 2 2 1 1 1091 1095 1092
2254 2 2 1 1 1091 1550 1095
2255 2 2 1 1 1251 1550 1091
2256 2 2 1 1 1095 1096 1092
2257 2 2 1 1 1096 1496 1092
2258 2 2 1 1 1092 1496 1127
2259 2 2 1 1 1093 1751 1338
2260 2 2 1 1 1600 1757 1093
2261 2 2 1 1 1093 1757 1751
2262 2 2 1 1 1192 1193 1094
2263 2 2 1 1 1193 1241 1094
2264 2 2 1 1 1241 1493 1094
2265 2 2 1 1 1095 1097 1096
2266 2 2 1 1 1095 1336 1097
2267 2 2 1 1 1095 1550 1336
2268 2 2 1 1 1097 1098 1096
2269 2 2 1 1 1098 1117 1096
2270 2 2 1 1 1117 1496 1096
2271 2 2 1 1 1097 1099 1098
2272 2 2 1 1 1097 1508 1099
2273 2 2 1 1 1336 1508 1097
2274 2 2 1 1 1099 1100 1098
2275 2 2 1 1 1100 1503 1098
2276 2 2 1 1 1098 1503 1117
2277 2 2 1 1 1099 1101 1100
2278 2 2 1 1 1099 1210 1101
2279 2 2 1 1 1099 1508 1210
2280 2 2 1 1 1101 1102 1100
2281 2 2 1 1 1102 1116 1100
2282 2 2 1 1 1116 1503 1100
2283 2 2 1 1 1101 1103 1102
2284 2 2 1 1 1101 1490 1103
2285 2 2 1 1 1210 1490 1101
2286 2 2 1 1 1103 1104 1102
2287 2 2 1 1 1104 1539 1102
2288 2 2 1 1 1102 1539 1116
2289 2 2 1 1 1103 1105 1104
2290 2 2 1 1 1103 1106 1105
2291 2 2 1 1 1103 1490 1106
2292 2 2 1 1 1105 1109 1104
2293 2 2 1 1 1109 1112 1104
2294 2 2 1 1 1112 1539 1104
2295 2 2 1 1 1106 1107 1105
2296 2 2 1 1 1107 1510 1105
2297 2 2 1 1 1105 1510 1109
2298 2 2 1 1 1106 1108 1107
2299 2 2 1 1 1106 1166 1108
2300 2 2 1 1 1106 1490 1166
2301 2 2 1 1 1108 1110 1107
2302 2 2 1 1 1110 1119 1107
2303 2 2 1 1 1119 1510 1107
2304 2 2 1 1 1108 1111 1110
2305 2 2 1 1 1108 1588 1111
2306 2 2 1 1 1166 1588 1108
2307 2 2 1 1 1109 1113 1112
2308 2 2 1 1 1109 1515 1113
2309 2 2 1 1 1510 1515 1109
2310 2 2 1 1 1111 1114 1110
2311 2 2 1 1 1114 1531 1110
2312 2 2 1 1 1110 1531 1119
2313 2 2 1 1 1111 1115 1114
2314 2 2 1 1 1111 1130 1115
2315 2 2 1 1 1111 1588 1130
2316 2 2 1 1 1113 1148 1112
2317 2 2 1 1 1148 1220 1112
2318 2 2 1 1 1220 1539 1112
2319 2 2 1 1 1113 1149 1148
2320 2 2 1 1 1113 1150 1149
2321 2 2 1 1 1113 1515 1150
2322 2 2 1 1 1115 1143 1114
2323 2 2 1 1 1143 1198 1114
2324 2 2 1 1 1198 1531 1114
2325 2 2 1 1 1130 1169 1115
2326 2 2 1 1 1115 1805 1143
2327 2 2 1 1 1169 1805 1115
2328 2 2 1 1 1502 1503 1116
2329 2 2 1 1 1116 1636 1502
2330 2 2 1 1 1539 1636 1116
2331 2 2 1 1 1117 1497 1496
2332 2 2 1 1 1117 1498 1497
2333 2 2 1 1 1117 1503 1498
2334 2 2 1 1 1118 1248 1219
2335 2 2 1 1 1118 1259 1248
2336 2 2 1 1 1118 1583 1259
2337 2 2 1 1 1119 1653 1510
2338 2 2 1 1 1531 1675 1119
2339 2 2 1 1 1119 1675 1653
2340 2 2 1 1 1120 1167 1133
2341 2 2 1 1 1120 1168 1167
2342 2 2 1 1 1120 1530 1168
2343 2 2 1 1 1122 1128 1121
2344 2 2 1 1 1128 1763 1121
2345 2 2 1 1 1121 1763 1264
2346 2 2 1 1 1122 1129 1128
2347 2 2 1 1 1122 1775 1129
2348 2 2 1 1 1122 1800 1775
2349 2 2 1 1 1124 1266 1123
2350 2 2 1 1 1266 1267 1123
2351 2 2 1 1 1267 1518 1123
2352 2 2 1 1 1125 1126 1124
2353 2 2 1 1 1126 1776 1124
2354 2 2 1 1 1124 1776 1266
2355 2 2 1 1 1125 1173 1126
2356 2 2 1 1 1125 1189 1173
2357 2 2 1 1 1125 1594 1189
2358 2 2 1 1 1173 1174 1126
2359 2 2 1 1 1174 1811 1126
2360 2 2 1 1 1126 1811 1776
2361 2 2 1 1 1496 1658 1127
2362 2 2 1 1 1127 1659 1504
2363 2 2 1 1 1658 1659 1127
2364 2 2 1 1 1129 1131 1128
2365 2 2 1 1 1131 1745 1128
2366 2 2 1 1 1745 1763 1128
2367 2 2 1 1 1129 1132 1131
2368 2 2 1 1 1129 1442 1132
2369 2 2 1 1 1129 1775 1442
2370 2 2 1 1 1130 1275 1169
2371 2 2 1 1 1130 1276 1275
2372 2 2 1 1 1130 1588 1276
2373 2 2 1 1 1132 1170 1131
2374 2 2 1 1 1170 1274 1131
2375 2 2 1 1 1274 1745 1131
2376 2 2 1 1 1132 1171 1170
2377 2 2 1 1 1132 1195 1171
2378 2 2 1 1 1132 1442 1195
2379 2 2 1 1 1167 1187 1133
2380 2 2 1 1 1187 1303 1133
2381 2 2 1 1 1303 1541 1133
2382 2 2 1 1 1504 1505 1134
2383 2 2 1 1 1505 1620 1134
2384 2 2 1 1 1134 1620 1523
2385 2 2 1 1 1423 1424 1135
2386 2 2 1 1 1135 1861 1423
2387 2 2 1 1 1424 1885 1135
2388 2 2 1 1 1509 1861 1135
2389 2 2 1 1 1151 1204 1136
2390 2 2 1 1 1204 1205 1136
2391 2 2 1 1 1205 1570 1136
2392 2 2 1 1 1137 1172 1138
2393 2 2 1 1 1137 1216 1172
2394 2 2 1 1 1137 1523 1216
2395 2 2 1 1 1172 1194 1138
2396 2 2 1 1 1194 1242 1138
2397 2 2 1 1 1242 1589 1138
2398 2 2 1 1 1139 1222 1221
2399 2 2 1 1 1139 1268 1222
2400 2 2 1 1 1139 1576 1268
2401 2 2 1 1 1562 1563 1140
2402 2 2 1 1 1563 1564 1140
2403 2 2 1 1 1564 1569 1140
2404 2 2 1 1 1141 1196 1142
2405 2 2 1 1 1152 1555 1141
2406 2 2 1 1 1141 1555 1196
2407 2 2 1 1 1196 1197 1142
2408 2 2 1 1 1197 1244 1142
2409 2 2 1 1 1244 1575 1142
2410 2 2 1 1 1143 1290 1198
2411 2 2 1 1 1143 1823 1290
2412 2 2 1 1 1805 1823 1143
2413 2 2 1 1 1144 1328 1145
2414 2 2 1 1 1144 1627 1328
2415 2 2 1 1 1529 1627 1144
2416 2 2 1 1 1328 1329 1145
2417 2 2 1 1 1329 1330 1145
2418 2 2 1 1 1330 1562 1145
2419 2 2 1 1 1146 1272 1271
2420 2 2 1 1 1146 1339 1272
2421 2 2 1 1 1146 1885 1339
2422 2 2 1 1 1178 1347 1147
2423 2 2 1 1 1347 1348 1147
2424 2 2 1 1 1348 1595 1147
2425 2 2 1 1 1149 1551 1148
2426 2 2 1 1 1148 1273 1220
2427 2 2 1 1 1148 1551 1273
2428 2 2 1 1 1150 1203 1149
2429 2 2 1 1 1203 1375 1149
2430 2 2 1 1 1375 1551 1149
2431 2 2 1 1 1150 1344 1203
2432 2 2 1 1 1150 1345 1344
2433 2 2 1 1 1150 1515 1345
2434 2 2 1 1 1151 1571 1204
2435 2 2 1 1 1224 1225 1151
2436 2 2 1 1 1225 1571 1151
2437 2 2 1 1 1153 1277 1152
2438 2 2 1 1 1277 1373 1152
2439 2 2 1 1 1373 1555 1152
2440 2 2 1 1 1153 1278 1277
2441 2 2 1 1 1153 1279 1278
2442 2 2 1 1 1153 1516 1279
2443 2 2 1 1 1470 1618 1154
2444 2 2 1 1 1154 1666 1524
2445 2 2 1 1 1618 1666 1154
2446 2 2 1 1 1155 1674 1156
2447 2 2 1 1 1590 1632 1155
2448 2 2 1 1 1632 1674 1155
2449 2 2 1 1 1156 1714 1576
2450 2 2 1 1 1674 1687 1156
2451 2 2 1 1 1687 1714 1156
2452 2 2 1 1 1157 1318 1165
2453 2 2 1 1 1157 1548 1318
2454 2 2 1 1 1547 1548 1157
2455 2 2 1 1 1164 1249 1158
2456 2 2 1 1 1249 1623 1158
2457 2 2 1 1 1158 1623 1485
2458 2 2 1 1 1159 1716 1160
2459 2 2 1 1 1524 1667 1159
2460 2 2 1 1 1667 1716 1159
2461 2 2 1 1 1160 1162 1161
2462 2 2 1 1 1160 1163 1162
2463 2 2 1 1 1160 1716 1163
2464 2 2 1 1 1162 1520 1161
2465 2 2 1 1 1161 1521 1513
2466 2 2 1 1 1520 1521 1161
2467 2 2 1 1 1163 1190 1162
2468 2 2 1 1 1190 1299 1162
2469 2 2 1 1 1299 1520 1162
2470 2 2 1 1 1163 1191 1190
2471 2 2 1 1 1163 1717 1191
2472 2 2 1 1 1716 1717 1163
2473 2 2 1 1 1164 1719 1249
2474 2 2 1 1 1164 1720 1719
2475 2 2 1 1 1164 1739 1720
2476 2 2 1 1 1318 1323 1165
2477 2 2 1 1 1323 1324 1165
2478 2 2 1 1 1324 1583 1165
2479 2 2 1 1 1490 1762 1166
2480 2 2 1 1 1166 1702 1588
2481 2 2 1 1 1166 1762 1702
2482 2 2 1 1 1168 1844 1167
2483 2 2 1 1 1167 1188 1187
2484 2 2 1 1 1167 1844 1188
2485 2 2 1 1 1439 1844 1168
2486 2 2 1 1 1168 1891 1439
2487 2 2 1 1 1530 1624 1168
2488 2 2 1 1 1624 1891 1168
2489 2 2 1 1 1275 1293 1169
2490 2 2 1 1 1293 1773 1169
2491 2 2 1 1 1773 1805 1169
2492 2 2 1 1 1171 1553 1170
2493 2 2 1 1 1170 1342 1274
2494 2 2 1 1 1170 1553 1342
2495 2 2 1 1 1195 1199 1171
2496 2 2 1 1 1199 1200 1171
2497 2 2 1 1 1200 1553 1171
2498 2 2 1 1 1172 1306 1194
2499 2 2 1 1 1216 1542 1172
2500 2 2 1 1 1172 1542 1306
2501 2 2 1 1 1173 1307 1174
2502 2 2 1 1 1189 1585 1173
2503 2 2 1 1 1173 1585 1307
2504 2 2 1 1 1307 1308 1174
2505 2 2 1 1 1308 1309 1174
2506 2 2 1 1 1309 1811 1174
2507 2 2 1 1 1176 1300 1175
2508 2 2 1 1 1300 1301 1175
2509 2 2 1 1 1301 1529 1175
2510 2 2 1 1 1176 1781 1300
2511 2 2 1 1 1511 1726 1176
2512 2 2 1 1 1726 1781 1176
2513 2 2 1 1 1177 1353 1179
2514 2 2 1 1 1177 1615 1353
2515 2 2 1 1 1486 1615 1177
2516 2 2 1 1 1233 1304 1178
2517 2 2 1 1 1304 1545 1178
2518 2 2 1 1 1178 1545 1347
2519 2 2 1 1 1353 1366 1179
2520 2 2 1 1 1366 1830 1179
2521 2 2 1 1 1830 1852 1179
2522 2 2 1 1 1317 1418 1180
2523 2 2 1 1 1410 1411 1180
2524 2 2 1 1 1180 1418 1410
2525 2 2 1 1 1401 1402 1181
2526 2 2 1 1 1402 1403 1181
2527 2 2 1 1 1403 1704 1181
2528 2 2 1 1 1182 1857 1183
2529 2 2 1 1 1489 1863 1182
2530 2 2 1 1 1182 1863 1857
2531 2 2 1 1 1183 1185 1184
2532 2 2 1 1 1183 1311 1185
2533 2 2 1 1 1183 1857 1311
2534 2 2 1 1 1185 1186 1184
2535 2 2 1 1 1186 1239 1184
2536 2 2 1 1 1239 1480 1184
2537 2 2 1 1 1185 1298 1186
2538 2 2 1 1 1185 1532 1298
2539 2 2 1 1 1311 1532 1185
2540 2 2 1 1 1186 1240 1239
2541 2 2 1 1 1186 1546 1240
2542 2 2 1 1 1298 1546 1186
2543 2 2 1 1 1188 1869 1187
2544 2 2 1 1 1187 1377 1303
2545 2 2 1 1 1187 1869 1377
2546 2 2 1 1 1188 1844 1438
2547 2 2 1 1 1438 1912 1188
2548 2 2 1 1 1188 1912 1869
2549 2 2 1 1 1189 1586 1585
2550 2 2 1 1 1189 1681 1586
2551 2 2 1 1 1594 1681 1189
2552 2 2 1 1 1191 1429 1190
2553 2 2 1 1 1190 1331 1299
2554 2 2 1 1 1190 1429 1331
2555 2 2 1 1 1191 1428 1427
2556 2 2 1 1 1427 1429 1191
2557 2 2 1 1 1191 1717 1428
2558 2 2 1 1 1192 1528 1193
2559 2 2 1 1 1513 1514 1192
2560 2 2 1 1 1514 1528 1192
2561 2 2 1 1 1193 1369 1241
2562 2 2 1 1 1193 1371 1369
2563 2 2 1 1 1193 1528 1371
2564 2 2 1 1 1194 1243 1242
2565 2 2 1 1 1194 1558 1243
2566 2 2 1 1 1306 1558 1194
2567 2 2 1 1 1195 1310 1199
2568 2 2 1 1 1195 1399 1310
2569 2 2 1 1 1195 1442 1399
2570 2 2 1 1 1196 1573 1197
2571 2 2 1 1 1555 1556 1196
2572 2 2 1 1 1556 1573 1196
2573 2 2 1 1 1197 1321 1244
2574 2 2 1 1 1197 1322 1321
2575 2 2 1 1 1197 1573 1322
2576 2 2 1 1 1290 1406 1198
2577 2 2 1 1 1406 1407 1198
2578 2 2 1 1 1407 1531 1198
2579 2 2 1 1 1199 1201 1200
2580 2 2 1 1 1199 1447 1201
2581 2 2 1 1 1310 1447 1199
2582 2 2 1 1 1201 1202 1200
2583 2 2 1 1 1202 1572 1200
2584 2 2 1 1 1200 1572 1553
2585 2 2 1 1 1201 1291 1202
2586 2 2 1 1 1201 1393 1291
2587 2 2 1 1 1201 1447 1393
2588 2 2 1 1 1291 1292 1202
2589 2 2 1 1 1292 1294 1202
2590 2 2 1 1 1294 1572 1202
2591 2 2 1 1 1344 1728 1203
2592 2 2 1 1 1203 1376 1375
2593 2 2 1 1 1203 1728 1376
2594 2 2 1 1 1204 1340 1205
2595 2 2 1 1 1204 1850 1340
2596 2 2 1 1 1571 1850 1204
2597 2 2 1 1 1340 1808 1205
2598 2 2 1 1 1205 1663 1570
2599 2 2 1 1 1205 1808 1663
2600 2 2 1 1 1449 1656 1206
2601 2 2 1 1 1206 1657 1466
2602 2 2 1 1 1656 1657 1206
2603 2 2 1 1 1207 1451 1450
2604 2 2 1 1 1207 1452 1451
2605 2 2 1 1 1207 1463 1452
2606 2 2 1 1 1209 1343 1208
2607 2 2 1 1 1343 1489 1208
2608 2 2 1 1 1208 1489 1488
2609 2 2 1 1 1212 1213 1209
2610 2 2 1 1 1213 1889 1209
2611 2 2 1 1 1209 1889 1343
2612 2 2 1 1 1210 1762 1490
2613 2 2 1 1 1508 1753 1210
2614 2 2 1 1 1753 1762 1210
2615 2 2 1 1 1582 1789 1211
2616 2 2 1 1 1789 1803 1211
2617 2 2 1 1 1803 1820 1211
2618 2 2 1 1 1212 1214 1213
2619 2 2 1 1 1212 1622 1214
2620 2 2 1 1 1506 1622 1212
2621 2 2 1 1 1214 1379 1213
2622 2 2 1 1 1379 1901 1213
2623 2 2 1 1 1213 1901 1889
2624 2 2 1 1 1214 1380 1379
2625 2 2 1 1 1214 1381 1380
2626 2 2 1 1 1214 1622 1381
2627 2 2 1 1 1332 1356 1215
2628 2 2 1 1 1356 1615 1215
2629 2 2 1 1 1215 1615 1486
2630 2 2 1 1 1523 1620 1216
2631 2 2 1 1 1216 1543 1542
2632 2 2 1 1 1216 1620 1543
2633 2 2 1 1 1218 1305 1217
2634 2 2 1 1 1305 1861 1217
2635 2 2 1 1 1217 1861 1509
2636 2 2 1 1 1218 1352 1305
2637 2 2 1 1 1218 1386 1352
2638 2 2 1 1 1218 1854 1386
2639 2 2 1 1 1248 1287 1219
2640 2 2 1 1 1287 1754 1219
2641 2 2 1 1 1219 1754 1507
2642 2 2 1 1 1273 1367 1220
2643 2 2 1 1 1367 1636 1220
2644 2 2 1 1 1220 1636 1539
2645 2 2 1 1 1222 1223 1221
2646 2 2 1 1 1223 1626 1221
2647 2 2 1 1 1221 1626 1596
2648 2 2 1 1 1222 1269 1223
2649 2 2 1 1 1268 1581 1222
2650 2 2 1 1 1222 1581 1269
2651 2 2 1 1 1269 1270 1223
2652 2 2 1 1 1270 1314 1223
2653 2 2 1 1 1314 1626 1223
2654 2 2 1 1 1224 1226 1225
2655 2 2 1 1 1224 1629 1226
2656 2 2 1 1 1487 1629 1224
2657 2 2 1 1 1226 1227 1225
2658 2 2 1 1 1227 1351 1225
2659 2 2 1 1 1351 1571 1225
2660 2 2 1 1 1226 1228 1227
2661 2 2 1 1 1226 1526 1228
2662 2 2 1 1 1226 1629 1526
2663 2 2 1 1 1228 1229 1227
2664 2 2 1 1 1229 1417 1227
2665 2 2 1 1 1227 1417 1351
2666 2 2 1 1 1228 1230 1229
2667 2 2 1 1 1228 1231 1230
2668 2 2 1 1 1228 1526 1231
2669 2 2 1 1 1230 1232 1229
2670 2 2 1 1 1232 1374 1229
2671 2 2 1 1 1374 1417 1229
2672 2 2 1 1 1231 1260 1230
2673 2 2 1 1 1230 1559 1232
2674 2 2 1 1 1260 1559 1230
2675 2 2 1 1 1231 1261 1260
2676 2 2 1 1 1231 1262 1261
2677 2 2 1 1 1231 1526 1262
2678 2 2 1 1 1232 1792 1374
2679 2 2 1 1 1559 1786 1232
2680 2 2 1 1 1786 1792 1232
2681 2 2 1 1 1233 1710 1304
2682 2 2 1 1 1584 1711 1233
2683 2 2 1 1 1233 1711 1710
2684 2 2 1 1 1234 1836 1462
2685 2 2 1 1 1604 1826 1234
2686 2 2 1 1 1826 1836 1234
2687 2 2 1 1 1548 1665 1235
2688 2 2 1 1 1235 1672 1548
2689 2 2 1 1 1608 1672 1235
2690 2 2 1 1 1466 1657 1236
2691 2 2 1 1 1236 1660 1610
2692 2 2 1 1 1657 1660 1236
2693 2 2 1 1 1384 1385 1237
2694 2 2 1 1 1385 1598 1237
2695 2 2 1 1 1237 1598 1597
2696 2 2 1 1 1485 1623 1238
2697 2 2 1 1 1238 1650 1613
2698 2 2 1 1 1623 1650 1238
2699 2 2 1 1 1240 1315 1239
2700 2 2 1 1 1315 1649 1239
2701 2 2 1 1 1239 1649 1480
2702 2 2 1 1 1240 1316 1315
2703 2 2 1 1 1240 1359 1316
2704 2 2 1 1 1240 1546 1359
2705 2 2 1 1 1369 1370 1241
2706 2 2 1 1 1370 1492 1241
2707 2 2 1 1 1492 1493 1241
2708 2 2 1 1 1243 1246 1242
2709 2 2 1 1 1246 1651 1242
2710 2 2 1 1 1242 1651 1589
2711 2 2 1 1 1243 1247 1246
2712 2 2 1 1 1243 1378 1247
2713 2 2 1 1 1243 1558 1378
2714 2 2 1 1 1321 1670 1244
2715 2 2 1 1 1244 1633 1575
2716 2 2 1 1 1244 1670 1633
2717 2 2 1 1 1476 1664 1245
2718 2 2 1 1 1245 1680 1538
2719 2 2 1 1 1664 1680 1245
2720 2 2 1 1 1247 1252 1246
2721 2 2 1 1 1252 1673 1246
2722 2 2 1 1 1246 1673 1651
2723 2 2 1 1 1247 1253 1252
2724 2 2 1 1 1247 1557 1253
2725 2 2 1 1 1378 1557 1247
2726 2 2 1 1 1259 1335 1248
2727 2 2 1 1 1248 1766 1287
2728 2 2 1 1 1335 1766 1248
2729 2 2 1 1 1249 1678 1623
2730 2 2 1 1 1249 1689 1678
2731 2 2 1 1 1249 1719 1689
2732 2 2 1 1 1325 1667 1250
2733 2 2 1 1 1250 1666 1484
2734 2 2 1 1 1250 1667 1666
2735 2 2 1 1 1538 1688 1251
2736 2 2 1 1 1251 1721 1550
2737 2 2 1 1 1688 1721 1251
2738 2 2 1 1 1253 1257 1252
2739 2 2 1 1 1257 1684 1252
2740 2 2 1 1 1252 1684 1673
2741 2 2 1 1 1253 1265 1257
2742 2 2 1 1 1253 1387 1265
2743 2 2 1 1 1253 1557 1387
2744 2 2 1 1 1254 1525 1255
2745 2 2 1 1 1258 1720 1254
2746 2 2 1 1 1254 1720 1525
2747 2 2 1 1 1255 1288 1256
2748 2 2 1 1 1255 1289 1288
2749 2 2 1 1 1255 1525 1289
2750 2 2 1 1 1288 1398 1256
2751 2 2 1 1 1398 1624 1256
2752 2 2 1 1 1256 1624 1530
2753 2 2 1 1 1265 1726 1257
2754 2 2 1 1 1257 1709 1684
2755 2 2 1 1 1257 1726 1709
2756 2 2 1 1 1468 1652 1258
2757 2 2 1 1 1652 1719 1258
2758 2 2 1 1 1719 1720 1258
2759 2 2 1 1 1259 1749 1335
2760 2 2 1 1 1583 1741 1259
2761 2 2 1 1 1741 1749 1259
2762 2 2 1 1 1261 1337 1260
2763 2 2 1 1 1337 1767 1260
2764 2 2 1 1 1260 1767 1559
2765 2 2 1 1 1262 1263 1261
2766 2 2 1 1 1263 1738 1261
2767 2 2 1 1 1261 1738 1337
2768 2 2 1 1 1262 1319 1263
2769 2 2 1 1 1262 1661 1319
2770 2 2 1 1 1526 1661 1262
2771 2 2 1 1 1319 1320 1263
2772 2 2 1 1 1320 1731 1263
2773 2 2 1 1 1731 1738 1263
2774 2 2 1 1 1630 1634 1264
2775 2 2 1 1 1264 1751 1630
2776 2 2 1 1 1264 1763 1751
2777 2 2 1 1 1387 1851 1265
2778 2 2 1 1 1265 1781 1726
2779 2 2 1 1 1265 1851 1781
2780 2 2 1 1 1266 1302 1267
2781 2 2 1 1 1266 1812 1302
2782 2 2 1 1 1776 1812 1266
2783 2 2 1 1 1302 1390 1267
2784 2 2 1 1 1390 1519 1267
2785 2 2 1 1 1267 1519 1518
2786 2 2 1 1 1576 1577 1268
2787 2 2 1 1 1577 1578 1268
2788 2 2 1 1 1578 1581 1268
2789 2 2 1 1 1269 1554 1270
2790 2 2 1 1 1269 1827 1554
2791 2 2 1 1 1581 1827 1269
2792 2 2 1 1 1270 1333 1314
2793 2 2 1 1 1270 1334 1333
2794 2 2 1 1 1270 1554 1334
2795 2 2 1 1 1272 1357 1271
2796 2 2 1 1 1357 1773 1271
2797 2 2 1 1 1271 1773 1761
2798 2 2 1 1 1339 1533 1272
2799 2 2 1 1 1272 1358 1357
2800 2 2 1 1 1272 1533 1358
2801 2 2 1 1 1273 1878 1367
2802 2 2 1 1 1551 1552 1273
2803 2 2 1 1 1552 1878 1273
2804 2 2 1 1 1342 1778 1274
2805 2 2 1 1 1274 1771 1745
2806 2 2 1 1 1274 1778 1771
2807 2 2 1 1 1276 1341 1275
2808 2 2 1 1 1275 1791 1293
2809 2 2 1 1 1341 1791 1275
2810 2 2 1 1 1276 1740 1341
2811 2 2 1 1 1588 1702 1276
2812 2 2 1 1 1702 1740 1276
2813 2 2 1 1 1278 1534 1277
2814 2 2 1 1 1277 1737 1373
2815 2 2 1 1 1534 1737 1277
2816 2 2 1 1 1279 1280 1278
2817 2 2 1 1 1280 1281 1278
2818 2 2 1 1 1281 1534 1278
2819 2 2 1 1 1279 1537 1280
2820 2 2 1 1 1516 1616 1279
2821 2 2 1 1 1279 1616 1537
2822 2 2 1 1 1280 1282 1281
2823 2 2 1 1 1280 1283 1282
2824 2 2 1 1 1280 1537 1283
2825 2 2 1 1 1282 1536 1281
2826 2 2 1 1 1281 1535 1534
2827 2 2 1 1 1281 1536 1535
2828 2 2 1 1 1283 1284 1282
2829 2 2 1 1 1284 1285 1282
2830 2 2 1 1 1285 1536 1282
2831 2 2 1 1 1283 1327 1284
2832 2 2 1 1 1283 1682 1327
2833 2 2 1 1 1537 1682 1283
2834 2 2 1 1 1284 1286 1285
2835 2 2 1 1 1284 1724 1286
2836 2 2 1 1 1327 1724 1284
2837 2 2 1 1 1286 1295 1285
2838 2 2 1 1 1295 1346 1285
2839 2 2 1 1 1346 1536 1285
2840 2 2 1 1 1286 1296 1295
2841 2 2 1 1 1286 1730 1296
2842 2 2 1 1 1724 1730 1286
2843 2 2 1 1 1446 1754 1287
2844 2 2 1 1 1287 1756 1446
2845 2 2 1 1 1287 1766 1756
2846 2 2 1 1 1289 1391 1288
2847 2 2 1 1 1391 1853 1288
2848 2 2 1 1 1288 1853 1398
2849 2 2 1 1 1289 1392 1391
2850 2 2 1 1 1289 1746 1392
2851 2 2 1 1 1525 1746 1289
2852 2 2 1 1 1290 1859 1406
2853 2 2 1 1 1290 1823 1735
2854 2 2 1 1 1735 1859 1290
2855 2 2 1 1 1291 1779 1292
2856 2 2 1 1 1393 1394 1291
2857 2 2 1 1 1394 1779 1291
2858 2 2 1 1 1292 1354 1294
2859 2 2 1 1 1292 1395 1354
2860 2 2 1 1 1292 1779 1395
2861 2 2 1 1 1761 1773 1293
2862 2 2 1 1 1293 1798 1761
2863 2 2 1 1 1791 1798 1293
2864 2 2 1 1 1354 1818 1294
2865 2 2 1 1 1294 1804 1572
2866 2 2 1 1 1294 1818 1804
2867 2 2 1 1 1296 1297 1295
2868 2 2 1 1 1297 1819 1295
2869 2 2 1 1 1295 1819 1346
2870 2 2 1 1 1296 1752 1297
2871 2 2 1 1 1730 1742 1296
2872 2 2 1 1 1742 1752 1296
2873 2 2 1 1 1752 1793 1297
2874 2 2 1 1 1793 1911 1297
2875 2 2 1 1 1297 1911 1819
2876 2 2 1 1 1532 1839 1298
2877 2 2 1 1 1298 1831 1546
2878 2 2 1 1 1298 1839 1831
2879 2 2 1 1 1331 1797 1299
2880 2 2 1 1 1299 1796 1520
2881 2 2 1 1 1299 1797 1796
2882 2 2 1 1 1300 1806 1301
2883 2 2 1 1 1300 1781 1643
2884 2 2 1 1 1643 1806 1300
2885 2 2 1 1 1301 1627 1529
2886 2 2 1 1 1301 1829 1627
2887 2 2 1 1 1806 1829 1301
2888 2 2 1 1 1302 1400 1390
2889 2 2 1 1 1302 1783 1400
2890 2 2 1 1 1302 1812 1783
2891 2 2 1 1 1377 1830 1303
2892 2 2 1 1 1303 1807 1541
2893 2 2 1 1 1303 1830 1807
2894 2 2 1 1 1304 1833 1545
2895 2 2 1 1 1710 1727 1304
2896 2 2 1 1 1727 1833 1304
2897 2 2 1 1 1352 1815 1305
2898 2 2 1 1 1421 1423 1305
2899 2 2 1 1 1305 1815 1421
2900 2 2 1 1 1423 1861 1305
2901 2 2 1 1 1542 1544 1306
2902 2 2 1 1 1544 1834 1306
2903 2 2 1 1 1306 1834 1558
2904 2 2 1 1 1307 1372 1308
2905 2 2 1 1 1307 1821 1372
2906 2 2 1 1 1585 1821 1307
2907 2 2 1 1 1308 1388 1309
2908 2 2 1 1 1372 1445 1308
2909 2 2 1 1 1308 1445 1388
2910 2 2 1 1 1388 1828 1309
2911 2 2 1 1 1418 1811 1309
2912 2 2 1 1 1309 1828 1418
2913 2 2 1 1 1399 1755 1310
2914 2 2 1 1 1310 1690 1447
2915 2 2 1 1 1310 1755 1690
2916 2 2 1 1 1311 1849 1532
2917 2 2 1 1 1729 1849 1311
2918 2 2 1 1 1311 1857 1729
2919 2 2 1 1 1312 1621 1527
2920 2 2 1 1 1312 1798 1621
2921 2 2 1 1 1761 1798 1312
2922 2 2 1 1 1569 1674 1313
2923 2 2 1 1 1313 1632 1592
2924 2 2 1 1 1313 1674 1632
2925 2 2 1 1 1333 1677 1314
2926 2 2 1 1 1314 1631 1626
2927 2 2 1 1 1314 1677 1631
2928 2 2 1 1 1316 1549 1315
2929 2 2 1 1 1549 1668 1315
2930 2 2 1 1 1315 1668 1649
2931 2 2 1 1 1359 1360 1316
2932 2 2 1 1 1360 1361 1316
2933 2 2 1 1 1361 1549 1316
2934 2 2 1 1 1317 1811 1418
2935 2 2 1 1 1776 1811 1317
2936 2 2 1 1 1317 1812 1776
2937 2 2 1 1 1318 1685 1323
2938 2 2 1 1 1548 1672 1318
2939 2 2 1 1 1672 1685 1318
2940 2 2 1 1 1319 1683 1320
2941 2 2 1 1 1661 1676 1319
2942 2 2 1 1 1676 1683 1319
2943 2 2 1 1 1683 1715 1320
2944 2 2 1 1 1320 1715 1705
2945 2 2 1 1 1705 1731 1320
2946 2 2 1 1 1322 1710 1321
2947 2 2 1 1 1321 1711 1670
2948 2 2 1 1 1710 1711 1321
2949 2 2 1 1 1573 1574 1322
2950 2 2 1 1 1574 1727 1322
2951 2 2 1 1 1322 1727 1710
2952 2 2 1 1 1323 1725 1324
2953 2 2 1 1 1685 1703 1323
2954 2 2 1 1 1703 1725 1323
2955 2 2 1 1 1324 1741 1583
2956 2 2 1 1 1324 1725 1713
2957 2 2 1 1 1713 1741 1324
2958 2 2 1 1 1326 1717 1325
2959 2 2 1 1 1325 1716 1667
2960 2 2 1 1 1325 1717 1716
2961 2 2 1 1 1326 1663 1428
2962 2 2 1 1 1428 1717 1326
2963 2 2 1 1 1570 1663 1326
2964 2 2 1 1 1682 1707 1327
2965 2 2 1 1 1327 1707 1686
2966 2 2 1 1 1686 1724 1327
2967 2 2 1 1 1328 1856 1329
2968 2 2 1 1 1627 1628 1328
2969 2 2 1 1 1628 1856 1328
2970 2 2 1 1 1329 1350 1330
2971 2 2 1 1 1329 1865 1350
2972 2 2 1 1 1856 1865 1329
2973 2 2 1 1 1350 1825 1330
2974 2 2 1 1 1330 1568 1562
2975 2 2 1 1 1330 1825 1568
2976 2 2 1 1 1429 1862 1331
2977 2 2 1 1 1331 1870 1797
2978 2 2 1 1 1862 1870 1331
2979 2 2 1 1 1332 1775 1356
2980 2 2 1 1 1399 1442 1332
2981 2 2 1 1 1442 1775 1332
2982 2 2 1 1 1334 1752 1333
2983 2 2 1 1 1333 1742 1677
2984 2 2 1 1 1333 1752 1742
2985 2 2 1 1 1554 1855 1334
2986 2 2 1 1 1334 1793 1752
2987 2 2 1 1 1334 1855 1793
2988 2 2 1 1 1335 1759 1679
2989 2 2 1 1 1679 1766 1335
2990 2 2 1 1 1749 1759 1335
2991 2 2 1 1 1336 1743 1508
2992 2 2 1 1 1550 1732 1336
2993 2 2 1 1 1732 1743 1336
2994 2 2 1 1 1337 1760 1736
2995 2 2 1 1 1736 1767 1337
2996 2 2 1 1 1738 1760 1337
2997 2 2 1 1 1338 1763 1745
2998 2 2 1 1 1745 1771 1338
2999 2 2 1 1 1751 1763 1338
3000 2 2 1 1 1424 1712 1339
3001 2 2 1 1 1339 1885 1424
3002 2 2 1 1 1339 1880 1533
3003 2 2 1 1 1712 1880 1339
3004 2 2 1 1 1430 1816 1340
3005 2 2 1 1 1340 1850 1430
3006 2 2 1 1 1340 1816 1808
3007 2 2 1 1 1740 1769 1341
3008 2 2 1 1 1769 1777 1341
3009 2 2 1 1 1777 1791 1341
3010 2 2 1 1 1553 1799 1342
3011 2 2 1 1 1342 1790 1778
3012 2 2 1 1 1342 1799 1790
3013 2 2 1 1 1343 1863 1489
3014 2 2 1 1 1343 1874 1863
3015 2 2 1 1 1343 1889 1874
3016 2 2 1 1 1345 1396 1344
3017 2 2 1 1 1396 1876 1344
3018 2 2 1 1 1344 1876 1728
3019 2 2 1 1 1345 1397 1396
3020 2 2 1 1 1345 1653 1397
3021 2 2 1 1 1515 1653 1345
3022 2 2 1 1 1346 1847 1536
3023 2 2 1 1 1819 1918 1346
3024 2 2 1 1 1346 1918 1847
3025 2 2 1 1 1347 1349 1348
3026 2 2 1 1 1347 1871 1349
3027 2 2 1 1 1545 1871 1347
3028 2 2 1 1 1349 1355 1348
3029 2 2 1 1 1355 1619 1348
3030 2 2 1 1 1348 1619 1595
3031 2 2 1 1 1349 1700 1355
3032 2 2 1 1 1349 1785 1700
3033 2 2 1 1 1349 1871 1785
3034 2 2 1 1 1350 1919 1825
3035 2 2 1 1 1865 1883 1350
3036 2 2 1 1 1883 1919 1350
3037 2 2 1 1 1417 1921 1351
3038 2 2 1 1 1351 1872 1571
3039 2 2 1 1 1351 1921 1872
3040 2 2 1 1 1386 1867 1352
3041 2 2 1 1 1352 1867 1815
3042 2 2 1 1 1353 1835 1366
3043 2 2 1 1 1615 1822 1353
3044 2 2 1 1 1822 1835 1353
3045 2 2 1 1 1395 1836 1354
3046 2 2 1 1 1354 1826 1818
3047 2 2 1 1 1354 1836 1826
3048 2 2 1 1 1355 1681 1619
3049 2 2 1 1 1355 1864 1681
3050 2 2 1 1 1700 1864 1355
3051 2 2 1 1 1356 1822 1615
3052 2 2 1 1 1775 1800 1356
3053 2 2 1 1 1800 1822 1356
3054 2 2 1 1 1358 1823 1357
3055 2 2 1 1 1357 1805 1773
3056 2 2 1 1 1357 1823 1805
3057 2 2 1 1 1533 1868 1358
3058 2 2 1 1 1735 1823 1358
3059 2 2 1 1 1358 1868 1735
3060 2 2 1 1 1359 1803 1360
3061 2 2 1 1 1546 1820 1359
3062 2 2 1 1 1359 1820 1803
3063 2 2 1 1 1360 1362 1361
3064 2 2 1 1 1360 1363 1362
3065 2 2 1 1 1360 1803 1363
3066 2 2 1 1 1362 1722 1361
3067 2 2 1 1 1361 1706 1549
3068 2 2 1 1 1361 1722 1706
3069 2 2 1 1 1363 1364 1362
3070 2 2 1 1 1364 1365 1362
3071 2 2 1 1 1365 1722 1362
3072 2 2 1 1 1363 1788 1364
3073 2 2 1 1 1363 1789 1788
3074 2 2 1 1 1363 1803 1789
3075 2 2 1 1 1364 1446 1365
3076 2 2 1 1 1364 1772 1446
3077 2 2 1 1 1364 1788 1772
3078 2 2 1 1 1446 1756 1365
3079 2 2 1 1 1365 1733 1722
3080 2 2 1 1 1365 1756 1733
3081 2 2 1 1 1807 1830 1366
3082 2 2 1 1 1366 1841 1807
3083 2 2 1 1 1835 1841 1366
3084 2 2 1 1 1367 1669 1636
3085 2 2 1 1 1367 1884 1669
3086 2 2 1 1 1878 1884 1367
3087 2 2 1 1 1729 1857 1368
3088 2 2 1 1 1857 1863 1368
3089 2 2 1 1 1863 1874 1368
3090 2 2 1 1 1369 1765 1370
3091 2 2 1 1 1371 1898 1369
3092 2 2 1 1 1369 1898 1765
3093 2 2 1 1 1370 1758 1492
3094 2 2 1 1 1370 1895 1758
3095 2 2 1 1 1765 1895 1370
3096 2 2 1 1 1528 1909 1371
3097 2 2 1 1 1371 1824 1774
3098 2 2 1 1 1774 1898 1371
3099 2 2 1 1 1371 1909 1824
3100 2 2 1 1 1372 1860 1445
3101 2 2 1 1 1696 1860 1372
3102 2 2 1 1 1373 1848 1555
3103 2 2 1 1 1737 1908 1373
3104 2 2 1 1 1373 1908 1848
3105 2 2 1 1 1374 1792 1416
3106 2 2 1 1 1376 1875 1375
3107 2 2 1 1 1375 1881 1551
3108 2 2 1 1 1875 1881 1375
3109 2 2 1 1 1728 1897 1376
3110 2 2 1 1 1873 1875 1376
3111 2 2 1 1 1376 1897 1873
3112 2 2 1 1 1377 1852 1830
3113 2 2 1 1 1377 1854 1852
3114 2 2 1 1 1377 1869 1854
3115 2 2 1 1 1378 1647 1557
3116 2 2 1 1 1380 1917 1379
3117 2 2 1 1 1385 1901 1379
3118 2 2 1 1 1379 1903 1385
3119 2 2 1 1 1379 1917 1903
3120 2 2 1 1 1381 1382 1380
3121 2 2 1 1 1382 1389 1380
3122 2 2 1 1 1389 1917 1380
3123 2 2 1 1 1381 1383 1382
3124 2 2 1 1 1381 1662 1383
3125 2 2 1 1 1622 1662 1381
3126 2 2 1 1 1383 1435 1382
3127 2 2 1 1 1382 1770 1389
3128 2 2 1 1 1435 1770 1382
3129 2 2 1 1 1383 1519 1435
3130 2 2 1 1 1383 1561 1519
3131 2 2 1 1 1383 1662 1561
3132 2 2 1 1 1384 1901 1385
3133 2 2 1 1 1874 1889 1384
3134 2 2 1 1 1889 1901 1384
3135 2 2 1 1 1385 1612 1598
3136 2 2 1 1 1385 1903 1612
3137 2 2 1 1 1437 1867 1386
3138 2 2 1 1 1386 1912 1437
3139 2 2 1 1 1854 1869 1386
3140 2 2 1 1 1869 1912 1386
3141 2 2 1 1 1718 1851 1387
3142 2 2 1 1 1444 1828 1388
3143 2 2 1 1 1770 1923 1389
3144 2 2 1 1 1435 1519 1390
3145 2 2 1 1 1392 1832 1391
3146 2 2 1 1 1617 1853 1391
3147 2 2 1 1 1746 1747 1392
3148 2 2 1 1 1747 1904 1392
3149 2 2 1 1 1392 1904 1832
3150 2 2 1 1 1393 1404 1394
3151 2 2 1 1 1404 1810 1394
3152 2 2 1 1 1394 1795 1779
3153 2 2 1 1 1394 1810 1795
3154 2 2 1 1 1764 1836 1395
3155 2 2 1 1 1397 1886 1396
3156 2 2 1 1 1441 1876 1396
3157 2 2 1 1 1653 1675 1397
3158 2 2 1 1 1675 1723 1397
3159 2 2 1 1 1723 1886 1397
3160 2 2 1 1 1398 1625 1624
3161 2 2 1 1 1402 1786 1403
3162 2 2 1 1 1402 1792 1786
3163 2 2 1 1 1611 1704 1403
3164 2 2 1 1 1403 1750 1611
3165 2 2 1 1 1403 1786 1750
3166 2 2 1 1 1405 1411 1409
3167 2 2 1 1 1406 1408 1407
3168 2 2 1 1 1408 1723 1407
3169 2 2 1 1 1407 1675 1531
3170 2 2 1 1 1407 1723 1675
3171 2 2 1 1 1440 1723 1408
3172 2 2 1 1 1408 1893 1440
3173 2 2 1 1 1409 1411 1410
3174 2 2 1 1 1418 1828 1410
3175 2 2 1 1 1412 1832 1413
3176 2 2 1 1 1413 1415 1414
3177 2 2 1 1 1413 1904 1415
3178 2 2 1 1 1832 1904 1413
3179 2 2 1 1 1415 1895 1414
3180 2 2 1 1 1414 1765 1654
3181 2 2 1 1 1414 1895 1765
3182 2 2 1 1 1747 1748 1415
3183 2 2 1 1 1415 1904 1747
3184 2 2 1 1 1748 1758 1415
3185 2 2 1 1 1758 1895 1415
3186 2 2 1 1 1815 1867 1419
3187 2 2 1 1 1420 1422 1421
3188 2 2 1 1 1420 1432 1422
3189 2 2 1 1 1422 1423 1421
3190 2 2 1 1 1422 1424 1423
3191 2 2 1 1 1422 1712 1424
3192 2 2 1 1 1432 1712 1422
3193 2 2 1 1 1425 1427 1426
3194 2 2 1 1 1425 1784 1427
3195 2 2 1 1 1427 1428 1426
3196 2 2 1 1 1428 1663 1426
3197 2 2 1 1 1663 1808 1426
3198 2 2 1 1 1427 1920 1429
3199 2 2 1 1 1784 1920 1427
3200 2 2 1 1 1429 1920 1862
3201 2 2 1 1 1872 1921 1431
3202 2 2 1 1 1433 1868 1533
3203 2 2 1 1 1533 1880 1433
3204 2 2 1 1 1434 1859 1735
3205 2 2 1 1 1437 1438 1436
3206 2 2 1 1 1437 1912 1438
3207 2 2 1 1 1438 1844 1439
3208 2 2 1 1 1439 1891 1655
3209 2 2 1 1 1440 1886 1723
3210 2 2 1 1 1443 1897 1728
3211 2 2 1 1 1787 1897 1443
3212 2 2 1 1 1445 1860 1768
3213 2 2 1 1 1446 1772 1754
3214 2 2 1 1 1448 1731 1705
3215 2 2 1 1 1451 1708 1450
3216 2 2 1 1 1452 1453 1451
3217 2 2 1 1 1453 1460 1451
3218 2 2 1 1 1460 1708 1451
3219 2 2 1 1 1452 1454 1453
3220 2 2 1 1 1454 1455 1453
3221 2 2 1 1 1455 1456 1453
3222 2 2 1 1 1456 1460 1453
3223 2 2 1 1 1454 1461 1455
3224 2 2 1 1 1459 1461 1454
3225 2 2 1 1 1455 1457 1456
3226 2 2 1 1 1455 1458 1457
3227 2 2 1 1 1455 1461 1458
3228 2 2 1 1 1457 1744 1456
3229 2 2 1 1 1456 1734 1460
3230 2 2 1 1 1456 1744 1734
3231 2 2 1 1 1458 1630 1457
3232 2 2 1 1 1630 1757 1457
3233 2 2 1 1 1457 1757 1744
3234 2 2 1 1 1458 1634 1630
3235 2 2 1 1 1459 1635 1461
3236 2 2 1 1 1462 1836 1764
3237 2 2 1 1 1613 1650 1464
3238 2 2 1 1 1678 1689 1465
3239 2 2 1 1 1467 1652 1468
3240 2 2 1 1 1469 1618 1470
3241 2 2 1 1 1483 1618 1469
3242 2 2 1 1 1471 1721 1472
3243 2 2 1 1 1471 1732 1721
3244 2 2 1 1 1472 1721 1688
3245 2 2 1 1 1473 1664 1474
3246 2 2 1 1 1473 1680 1664
3247 2 2 1 1 1474 1664 1475
3248 2 2 1 1 1475 1664 1476
3249 2 2 1 1 1478 1753 1477
3250 2 2 1 1 1477 1753 1743
3251 2 2 1 1 1478 1740 1702
3252 2 2 1 1 1702 1762 1478
3253 2 2 1 1 1478 1762 1753
3254 2 2 1 1 1480 1649 1479
3255 2 2 1 1 1481 1841 1482
3256 2 2 1 1 1482 1841 1835
3257 2 2 1 1 1484 1618 1483
3258 2 2 1 1 1484 1666 1618
3259 2 2 1 1 1491 1493 1492
3260 2 2 1 1 1601 1703 1494
3261 2 2 1 1 1494 1703 1685
3262 2 2 1 1 1772 1788 1495
3263 2 2 1 1 1497 1658 1496
3264 2 2 1 1 1498 1499 1497
3265 2 2 1 1 1499 1501 1497
3266 2 2 1 1 1501 1658 1497
3267 2 2 1 1 1498 1500 1499
3268 2 2 1 1 1498 1502 1500
3269 2 2 1 1 1498 1503 1502
3270 2 2 1 1 1500 1894 1499
3271 2 2 1 1 1499 1899 1501
3272 2 2 1 1 1894 1899 1499
3273 2 2 1 1 1502 1669 1500
3274 2 2 1 1 1669 1892 1500
3275 2 2 1 1 1892 1894 1500
3276 2 2 1 1 1501 1900 1658
3277 2 2 1 1 1817 1900 1501
3278 2 2 1 1 1636 1669 1502
3279 2 2 1 1 1504 1659 1505
3280 2 2 1 1 1505 1905 1620
3281 2 2 1 1 1638 1905 1505
3282 2 2 1 1 1505 1906 1638
3283 2 2 1 1 1659 1906 1505
3284 2 2 1 1 1743 1753 1508
3285 2 2 1 1 1510 1653 1515
3286 2 2 1 1 1512 1709 1511
3287 2 2 1 1 1709 1726 1511
3288 2 2 1 1 1513 1521 1514
3289 2 2 1 1 1521 1837 1514
3290 2 2 1 1 1514 1845 1528
3291 2 2 1 1 1837 1845 1514
3292 2 2 1 1 1517 1616 1516
3293 2 2 1 1 1519 1561 1518
3294 2 2 1 1 1520 1522 1521
3295 2 2 1 1 1520 1796 1522
3296 2 2 1 1 1522 1837 1521
3297 2 2 1 1 1666 1667 1524
3298 2 2 1 1 1720 1739 1525
3299 2 2 1 1 1739 1746 1525
3300 2 2 1 1 1629 1661 1526
3301 2 2 1 1 1845 1909 1528
3302 2 2 1 1 1532 1842 1839
3303 2 2 1 1 1532 1849 1842
3304 2 2 1 1 1535 1866 1534
3305 2 2 1 1 1534 1866 1737
3306 2 2 1 1 1536 1847 1535
3307 2 2 1 1 1694 1866 1535
3308 2 2 1 1 1616 1671 1537
3309 2 2 1 1 1671 1682 1537
3310 2 2 1 1 1680 1688 1538
3311 2 2 1 1 1831 1839 1540
3312 2 2 1 1 1543 1915 1542
3313 2 2 1 1 1542 1915 1544
3314 2 2 1 1 1620 1905 1543
3315 2 2 1 1 1905 1916 1543
3316 2 2 1 1 1545 1833 1701
3317 2 2 1 1 1546 1831 1820
3318 2 2 1 1 1547 1665 1548
3319 2 2 1 1 1721 1732 1550
3320 2 2 1 1 1551 1881 1552
3321 2 2 1 1 1782 1878 1552
3322 2 2 1 1 1552 1879 1782
3323 2 2 1 1 1552 1881 1879
3324 2 2 1 1 1572 1799 1553
3325 2 2 1 1 1554 1827 1697
3326 2 2 1 1 1555 1848 1556
3327 2 2 1 1 1556 1896 1573
3328 2 2 1 1 1556 1848 1692
3329 2 2 1 1 1692 1896 1556
3330 2 2 1 1 1559 1767 1750
3331 2 2 1 1 1750 1786 1559
3332 2 2 1 1 1561 1662 1560
3333 2 2 1 1 1562 1568 1563
3334 2 2 1 1 1563 1565 1564
3335 2 2 1 1 1563 1567 1565
3336 2 2 1 1 1563 1568 1567
3337 2 2 1 1 1565 1566 1564
3338 2 2 1 1 1566 1687 1564
3339 2 2 1 1 1564 1687 1569
3340 2 2 1 1 1565 1882 1566
3341 2 2 1 1 1567 1813 1565
3342 2 2 1 1 1579 1714 1566
3343 2 2 1 1 1566 1882 1579
3344 2 2 1 1 1566 1714 1687
3345 2 2 1 1 1568 1913 1567
3346 2 2 1 1 1567 1840 1813
3347 2 2 1 1 1567 1913 1840
3348 2 2 1 1 1825 1913 1568
3349 2 2 1 1 1569 1687 1674
3350 2 2 1 1 1571 1872 1850
3351 2 2 1 1 1572 1804 1799
3352 2 2 1 1 1573 1896 1574
3353 2 2 1 1 1574 1910 1727
3354 2 2 1 1 1780 1910 1574
3355 2 2 1 1 1575 1633 1609
3356 2 2 1 1 1576 1714 1577
3357 2 2 1 1 1577 1922 1578
3358 2 2 1 1 1577 1714 1579
3359 2 2 1 1 1579 1922 1577
3360 2 2 1 1 1578 1914 1581
3361 2 2 1 1 1809 1914 1578
3362 2 2 1 1 1579 1882 1846
3363 2 2 1 1 1771 1778 1580
3364 2 2 1 1 1581 1914 1827
3365 2 2 1 1 1586 1587 1585
3366 2 2 1 1 1587 1821 1585
3367 2 2 1 1 1586 1801 1587
3368 2 2 1 1 1681 1864 1586
3369 2 2 1 1 1586 1864 1801
3370 2 2 1 1 1801 1907 1587
3371 2 2 1 1 1589 1651 1614
3372 2 2 1 1 1591 1632 1590
3373 2 2 1 1 1592 1632 1591
3374 2 2 1 1 1593 1849 1729
3375 2 2 1 1 1619 1681 1594
3376 2 2 1 1 1713 1725 1599
3377 2 2 1 1 1744 1757 1600
3378 2 2 1 1 1677 1742 1602
3379 2 2 1 1 1602 1742 1730
3380 2 2 1 1 1673 1684 1603
3381 2 2 1 1 1605 1741 1713
3382 2 2 1 1 1605 1749 1741
3383 2 2 1 1 1633 1670 1606
3384 2 2 1 1 1804 1818 1607
3385 2 2 1 1 1623 1678 1650
3386 2 2 1 1 1625 1891 1624
3387 2 2 1 1 1625 1877 1655
3388 2 2 1 1 1655 1891 1625
3389 2 2 1 1 1627 1829 1628
3390 2 2 1 1 1628 1829 1640
3391 2 2 1 1 1640 1843 1628
3392 2 2 1 1 1843 1856 1628
3393 2 2 1 1 1751 1757 1630
3394 2 2 1 1 1637 1916 1638
3395 2 2 1 1 1638 1906 1639
3396 2 2 1 1 1638 1916 1905
3397 2 2 1 1 1639 1817 1644
3398 2 2 1 1 1639 1900 1817
3399 2 2 1 1 1639 1906 1900
3400 2 2 1 1 1641 1883 1865
3401 2 2 1 1 1642 1806 1643
3402 2 2 1 1 1781 1851 1643
3403 2 2 1 1 1645 1899 1894
3404 2 2 1 1 1646 1875 1873
3405 2 2 1 1 1648 1892 1884
3406 2 2 1 1 1689 1719 1652
3407 2 2 1 1 1656 1715 1657
3408 2 2 1 1 1705 1715 1656
3409 2 2 1 1 1657 1715 1660
3410 2 2 1 1 1658 1900 1659
3411 2 2 1 1 1900 1906 1659
3412 2 2 1 1 1660 1715 1683
3413 2 2 1 1 1884 1892 1669
3414 2 2 1 1 1693 1793 1691
3415 2 2 1 1 1793 1855 1691
3416 2 2 1 1 1693 1911 1793
3417 2 2 1 1 1695 1919 1794
3418 2 2 1 1 1825 1919 1695
3419 2 2 1 1 1847 1918 1698
3420 2 2 1 1 1699 1908 1737
3421 2 2 1 1 1727 1910 1833
3422 2 2 1 1 1873 1897 1787
3423 2 2 1 1 1794 1919 1883
3424 2 2 1 1 1797 1838 1796
3425 2 2 1 1 1814 1845 1837
3426 2 2 1 1 1858 1870 1862
3427 2 2 1 1 1858 1902 1870
3428 2 2 2 2 196 195 1941
3429 2 2 2 2 162 163 1947
3430 2 2 2 2 197 196 1942
3431 2 2 2 2 156 157 1952
3432 2 2 2 2 167 168 1943
3433 2 2 2 2 189 1937 190
3434 2 2 2 2 1942 196 1941
3435 2 2 2 2 340 1964 338
3436 2 2 2 2 1987 1988 1961
3437 2 2 2 2 1964 1974 338
3438 2 2 2 2 2011 2012 1983
3439 2 2 2 2 1981 2030 1970
3440 2 2 2 2 1970 1996 1981
3441 2 2 2 2 1988 1995 1961
3442 2 2 2 2 1978 2012 2011
3443 2 2 2 2 1962 1987 326
3444 2 2 2 2 327 1962 326
3445 2 2 2 2 39 38 440
3446 2 2 2 2 1947 2063 162
3447 2 2 2 2 1957 2014 1999
3448 2 2 2 2 1963 2035 1984
3449 2 2 2 2 157 2061 1952
3450 2 2 2 2 1986 2013 1971
3451 2 2 2 2 168 2054 1943
3452 2 2 2 2 189 2062 1937
3453 2 2 2 2 1999 2014 1972
3454 2 2 2 2 1937 2060 190
3455 2 2 2 2 155 2031 20
3456 2 2 2 2 31 1975 465
3457 2 2 2 2 1971 2013 182
3458 2 2 2 2 33 2015 493
3459 2 2 2 2 1943 2056 167
3460 2 2 2 2 1984 2017 1963
3461 2 2 2 2 37 1982 1959
3462 2 2 2 2 1942 2055 197
3463 2 2 2 2 1952 2053 156
3464 2 2 2 2 2015 2046 493
3465 2 2 2 2 2007 2044 1991
3466 2 2 2 2 1971 2011 1983
3467 2 2 2 2 1974 2020 1997
3468 2 2 2 2 38 1982 37
3469 2 2 2 2 163 2050 1947
3470 2 2 2 2 1964 2003 1974
3471 2 2 2 2 1973 2022 2021
3472 2 2 2 2 39 1955 38
3473 2 2 2 2 195 2051 1941
3474 2 2 2 2 1971 2018 1986
3475 2 2 2 2 2021 2022 1977
3476 2 2 2 2 2009 2013 1986
3477 2 2 2 2 1969 1985 40
3478 2 2 2 2 36 2002 1962
3479 2 2 2 2 1959 2002 36
3480 2 2 2 2 1988 2041 1995
3481 2 2 2 2 1983 2018 1971
3482 2 2 2 2 1995 2041 1954
3483 2 2 2 2 1991 2044 1968
3484 2 2 2 2 1982 2012 1959
3485 2 2 2 2 1969 1986 1985
3486 2 2 2 2 1956 2013 2009
3487 2 2 2 2 545 2008 560
3488 2 2 2 2 32 31 375
3489 2 2 2 2 1989 2001 1965
3490 2 2 2 2 31 2044 1975
3491 2 2 2 2 493 2046 32
3492 2 2 2 2 2027 2041 2002
3493 2 2 2 2 1977 2023 2021
3494 2 2 2 2 1992 2041 2027
3495 2 2 2 2 152 1963 1
3496 2 2 2 2 1995 2023 1977
3497 2 2 2 2 560 2008 1965
3498 2 2 2 2 1930 2003 1929
3499 2 2 2 2 2003 2049 1929
3500 2 2 2 2 509 2006 545
3501 2 2 2 2 338 2028 337
3502 2 2 2 2 465 1975 464
3503 2 2 2 2 1987 2057 326
3504 2 2 2 2 1924 2035 16
3505 2 2 2 2 172 1990 1957
3506 2 2 2 2 295 2016 487
3507 2 2 2 2 1925 1984 1924
3508 2 2 2 2 40 1985 39
3509 2 2 2 2 326 2057 303
3510 2 2 2 2 1979 2026 1997
3511 2 2 2 2 1966 1968 31
3512 2 2 2 2 32 1966 31
3513 2 2 2 2 1997 2020 1931
3514 2 2 2 2 2026 2028 1997
3515 2 2 2 2 1954 1992 178
3516 2 2 2 2 1929 2001 1928
3517 2 2 2 2 1960 1990 171
3518 2 2 2 2 1927 1989 1980
3519 2 2 2 2 174 1993 1973
3520 2 2 2 2 1993 1994 1973
3521 2 2 2 2 170 1960 171
3522 2 2 2 2 183 1956 184
3523 2 2 2 2 1927 1980 1926
3524 2 2 2 2 1986 2018 1985
3525 2 2 2 2 181 1971 182
3526 2 2 2 2 1979 1997 1932
3527 2 2 2 2 1928 1989 1927
3528 2 2 2 2 1932 1997 1931
3529 2 2 2 2 37 1959 36
3530 2 2 2 2 35 1958 34
3531 2 2 2 2 1929 2049 2001
3532 2 2 2 2 1954 2023 1995
3533 2 2 2 2 2031 2053 1953
3534 2 2 2 2 1957 1993 173
3535 2 2 2 2 177 1954 178
3536 2 2 2 2 179 1992 1978
3537 2 2 2 2 508 1967 509
3538 2 2 2 2 186 2036 2034
3539 2 2 2 2 1957 1999 1993
3540 2 2 2 2 172 1957 173
3541 2 2 2 2 32 1972 1966
3542 2 2 2 2 35 1961 1958
3543 2 2 2 2 17 1981 1934
3544 2 2 2 2 171 1990 172
3545 2 2 2 2 1984 2035 1924
3546 2 2 2 2 174 1973 175
3547 2 2 2 2 1933 1996 1979
3548 2 2 2 2 179 1978 180
3549 2 2 2 2 178 1992 179
3550 2 2 2 2 173 1993 174
3551 2 2 2 2 1969 2009 1986
3552 2 2 2 2 36 1962 327
3553 2 2 2 2 1926 2058 2010
3554 2 2 2 2 1955 1982 38
3555 2 2 2 2 2 1969 40
3556 2 2 2 2 2003 2020 1974
3557 2 2 2 2 1933 1979 1932
3558 2 2 2 2 1928 2001 1989
3559 2 2 2 2 2 1970 1969
3560 2 2 2 2 1981 1996 1934
3561 2 2 2 2 1956 1998 184
3562 2 2 2 2 1962 1988 1987
3563 2 2 2 2 1934 1996 1933
3564 2 2 2 2 1989 2008 1980
3565 2 2 2 2 181 2011 1971
3566 2 2 2 2 1974 2028 338
3567 2 2 2 2 1961 1995 1977
3568 2 2 2 2 1990 2014 1957
3569 2 2 2 2 184 1998 185
3570 2 2 2 2 1 2016 146
3571 2 2 2 2 1993 1999 1994
3572 2 2 2 2 146 2016 295
3573 2 2 2 2 1980 2058 1926
3574 2 2 2 2 1965 2008 1989
3575 2 2 2 2 1978 2011 180
3576 2 2 2 2 182 2013 183
3577 2 2 2 2 1997 2028 1974
3578 2 2 2 2 1961 1977 1958
3579 2 2 2 2 199 1991 200
3580 2 2 2 2 39 1985 1955
3581 2 2 2 2 1926 2010 1925
3582 2 2 2 2 1948 2063 1947
3583 2 2 2 2 22 2042 170
3584 2 2 2 2 1960 2042 2000
3585 2 2 2 2 177 2023 1954
3586 2 2 2 2 1966 2004 1968
3587 2 2 2 2 1980 2008 2006
3588 2 2 2 2 1973 2021 175
3589 2 2 2 2 200 2000 201
3590 2 2 2 2 2016 2017 487
3591 2 2 2 2 1962 2002 1988
3592 2 2 2 2 487 2005 508
3593 2 2 2 2 1983 2012 1982
3594 2 2 2 2 1984 2010 2005
3595 2 2 2 2 1960 2004 1990
3596 2 2 2 2 1952 2061 1951
3597 2 2 2 2 1937 2062 1936
3598 2 2 2 2 560 1965 562
3599 2 2 2 2 1938 2060 1937
3600 2 2 2 2 1943 2054 18
3601 2 2 2 2 148 2019 3
3602 2 2 2 2 568 1964 340
3603 2 2 2 2 170 2042 1960
3604 2 2 2 2 2005 2010 1967
3605 2 2 2 2 562 2039 568
3606 2 2 2 2 1954 2041 1992
3607 2 2 2 2 1991 2000 200
3608 2 2 2 2 2001 2039 1965
3609 2 2 2 2 34 2024 33
3610 2 2 2 2 199 2007 1991
3611 2 2 2 2 3 2007 199
3612 2 2 2 2 185 2036 186
3613 2 2 2 2 1925 2010 1984
3614 2 2 2 2 568 1976 1964
3615 2 2 2 2 1972 2015 1999
3616 2 2 2 2 1961 2057 1987
3617 2 2 2 2 3 2019 2007
3618 2 2 2 2 1944 2056 1943
3619 2 2 2 2 18 2055 1942
3620 2 2 2 2 2034 2036 17
3621 2 2 2 2 17 2036 1981
3622 2 2 2 2 1970 2009 1969
3623 2 2 2 2 1976 2039 2001
3624 2 2 2 2 1955 1983 1982
3625 2 2 2 2 2006 2008 545
3626 2 2 2 2 180 2011 181
3627 2 2 2 2 508 2005 1967
3628 2 2 2 2 1967 2006 509
3629 2 2 2 2 1953 2053 1952
3630 2 2 2 2 2004 2014 1990
3631 2 2 2 2 1968 2025 1991
3632 2 2 2 2 1977 2022 1958
3633 2 2 2 2 1999 2059 1994
3634 2 2 2 2 35 2057 1961
3635 2 2 2 2 1970 2030 2009
3636 2 2 2 2 568 2039 1976
3637 2 2 2 2 1976 2003 1964
3638 2 2 2 2 1966 2014 2004
3639 2 2 2 2 2007 2019 1975
3640 2 2 2 2 1941 2051 1940
3641 2 2 2 2 1947 2050 1946
3642 2 2 2 2 1981 2036 1998
3643 2 2 2 2 1968 2044 31
3644 2 2 2 2 1972 2014 1966
3645 2 2 2 2 1992 2027 1978
3646 2 2 2 2 16 2035 152
3647 2 2 2 2 1963 2016 1
3648 2 2 2 2 155 2053 2031
3649 2 2 2 2 487 2017 2005
3650 2 2 2 2 183 2013 1956
3651 2 2 2 2 1956 2030 1998
3652 2 2 2 2 1985 2018 1955
3653 2 2 2 2 337 2026 2
3654 2 2 2 2 2052 2055 18
3655 2 2 2 2 2015 2059 1999
3656 2 2 2 2 1975 2019 464
3657 2 2 2 2 1936 2048 1935
3658 2 2 2 2 201 2042 22
3659 2 2 2 2 1949 2045 1948
3660 2 2 2 2 153 2047 1938
3661 2 2 2 2 18 2054 2052
3662 2 2 2 2 2 2040 1970
3663 2 2 2 2 2021 2023 176
3664 2 2 2 2 1951 2043 1950
3665 2 2 2 2 1931 2020 1930
3666 2 2 2 2 1994 2022 1973
3667 2 2 2 2 175 2021 176
3668 2 2 2 2 1959 2027 2002
3669 2 2 2 2 176 2023 177
3670 2 2 2 2 1945 2038 1944
3671 2 2 2 2 2005 2017 1984
3672 2 2 2 2 1940 2037 1939
3673 2 2 2 2 1946 2033 1945
3674 2 2 2 2 198 2052 21
3675 2 2 2 2 464 2019 148
3676 2 2 2 2 2000 2025 1960
3677 2 2 2 2 20 2031 154
3678 2 2 2 2 1950 2029 1949
3679 2 2 2 2 1935 2034 17
3680 2 2 2 2 1939 2032 153
3681 2 2 2 2 1955 2018 1983
3682 2 2 2 2 2001 2049 1976
3683 2 2 2 2 1958 2024 34
3684 2 2 2 2 1996 2040 1979
3685 2 2 2 2 2024 2059 33
3686 2 2 2 2 21 2052 169
3687 2 2 2 2 160 2029 159
3688 2 2 2 2 2009 2030 1956
3689 2 2 2 2 1970 2040 1996
3690 2 2 2 2 192 2032 193
3691 2 2 2 2 1936 2062 2048
3692 2 2 2 2 186 2034 187
3693 2 2 2 2 2004 2025 1968
3694 2 2 2 2 165 2033 164
3695 2 2 2 2 2047 2060 1938
3696 2 2 2 2 1991 2025 2000
3697 2 2 2 2 303 2057 35
3698 2 2 2 2 1998 2036 185
3699 2 2 2 2 337 2028 2026
3700 2 2 2 2 1978 2027 2012
3701 2 2 2 2 193 2037 194
3702 2 2 2 2 1930 2020 2003
3703 2 2 2 2 198 2055 2052
3704 2 2 2 2 166 2038 165
3705 2 2 2 2 1998 2030 1981
3706 2 2 2 2 2045 2063 1948
3707 2 2 2 2 32 2046 1972
3708 2 2 2 2 159 2043 158
3709 2 2 2 2 152 2035 1963
3710 2 2 2 2 191 2047 192
3711 2 2 2 2 2052 2054 169
3712 2 2 2 2 187 2048 188
3713 2 2 2 2 161 2045 160
3714 2 2 2 2 194 2051 195
3715 2 2 2 2 197 2055 198
3716 2 2 2 2 164 2050 163
3717 2 2 2 2 169 2054 168
3718 2 2 2 2 190 2060 191
3719 2 2 2 2 188 2062 189
3720 2 2 2 2 156 2053 155
3721 2 2 2 2 167 2056 166
3722 2 2 2 2 1951 2061 2043
3723 2 2 2 2 2026 2040 2
3724 2 2 2 2 158 2061 157
3725 2 2 2 2 1976 2049 2003
3726 2 2 2 2 162 2063 161
3727 2 2 2 2 2032 2037 193
3728 2 2 2 2 2012 2027 1959
3729 2 2 2 2 192 2047 2032
3730 2 2 2 2 2002 2041 1988
3731 2 2 2 2 2034 2048 187
3732 2 2 2 2 2000 2042 201
3733 2 2 2 2 2029 2043 159
3734 2 2 2 2 1965 2039 562
3735 2 2 2 2 160 2045 2029
3736 2 2 2 2 2037 2051 194
3737 2 2 2 2 165 2038 2033
3738 2 2 2 2 1963 2017 2016
3739 2 2 2 2 1960 2025 2004
3740 2 2 2 2 2033 2050 164
3741 2 2 2 2 2022 2024 1958
3742 2 2 2 2 191 2060 2047
3743 2 2 2 2 2048 2062 188
3744 2 2 2 2 1940 2051 2037
3745 2 2 2 2 1967 2058 2006
3746 2 2 2 2 166 2056 2038
3747 2 2 2 2 2038 2056 1944
3748 2 2 2 2 2043 2061 158
3749 2 2 2 2 161 2063 2045
3750 2 2 2 2 1994 2024 2022
3751 2 2 2 2 1935 2048 2034
3752 2 2 2 2 2032 2047 153
3753 2 2 2 2 1972 2046 2015
3754 2 2 2 2 2010 2058 1967
3755 2 2 2 2 1975 2044 2007
3756 2 2 2 2 1946 2050 2033
3757 2 2 2 2 33 2059 2015
3758 2 2 2 2 2006 2058 1980
3759 2 2 2 2 1939 2037 2032
3760 2 2 2 2 2029 2045 1949
3761 2 2 2 2 1950 2043 2029
3762 2 2 2 2 2033 2038 1945
3763 2 2 2 2 1979 2040 2026
3764 2 2 2 2 1994 2059 2024
3765 2 2 2 2 19 2031 1953
3766 2 2 2 2 154 2031 19
3767 2 2 5 6 19 2182 2071
3768 2 2 5 6 1953 2182 19
3769 2 2 5 6 2064 2180 16
3770 2 2 5 6 16 2180 1924
3771 2 2 5 6 18 2183 1943
3772 2 2 5 6 1942 2183 18
3773 2 2 5 6 17 2181 1935
3774 2 2 5 6 1934 2181 17
3775 2 2 5 6 2065 2086 2064
3776 2 2 5 6 2086 2180 2064
3777 2 2 5 6 2066 2153 2065
3778 2 2 5 6 2065 2153 2086
3779 2 2 5 6 2067 2079 2066
3780 2 2 5 6 2079 2153 2066
3781 2 2 5 6 202 2150 2067
3782 2 2 5 6 2067 2150 2079
3783 2 2 5 6 2068 2075 202
3784 2 2 5 6 2075 2150 202
3785 2 2 5 6 2069 2151 2068
3786 2 2 5 6 2068 2151 2075
3787 2 2 5 6 2070 2081 2069
3788 2 2 5 6 2081 2151 2069
3789 2 2 5 6 2071 2156 2070
3790 2 2 5 6 2070 2156 2081
3791 2 2 5 6 2071 2182 2156
3792 2 2 5 6 1943 2088 1944
3793 2 2 5 6 1943 2183 2088
3794 2 2 5 6 1944 2167 1945
3795 2 2 5 6 2088 2167 1944
3796 2 2 5 6 1945 2078 1946
3797 2 2 5 6 1945 2167 2078
3798 2 2 5 6 1946 2162 1947
3799 2 2 5 6 2078 2162 1946
3800 2 2 5 6 1947 2072 1948
3801 2 2 5 6 1947 2162 2072
3802 2 2 5 6 1948 2154 1949
3803 2 2 5 6 2072 2154 1948
3804 2 2 5 6 1949 2147 1950
3805 2 2 5 6 1949 2154 2147
3806 2 2 5 6 1950 2077 1951
3807 2 2 5 6 1950 2147 2077
3808 2 2 5 6 1951 2089 1952
3809 2 2 5 6 2077 2089 1951
3810 2 2 5 6 1952 2087 1953
3811 2 2 5 6 1952 2089 2087
3812 2 2 5 6 2087 2182 1953
3813 2 2 5 6 1935 2085 1936
3814 2 2 5 6 1935 2181 2085
3815 2 2 5 6 1936 2152 1937
3816 2 2 5 6 2085 2152 1936
3817 2 2 5 6 1937 2080 1938
3818 2 2 5 6 1937 2152 2080
3819 2 2 5 6 1938 2178 153
3820 2 2 5 6 2080 2178 1938
3821 2 2 5 6 153 2076 1939
3822 2 2 5 6 153 2178 2076
3823 2 2 5 6 1939 2177 1940
3824 2 2 5 6 2076 2177 1939
3825 2 2 5 6 1940 2082 1941
3826 2 2 5 6 1940 2177 2082
3827 2 2 5 6 1941 2157 1942
3828 2 2 5 6 2082 2157 1941
3829 2 2 5 6 2157 2183 1942
3830 2 2 5 6 1924 2159 1925
3831 2 2 5 6 1924 2180 2159
3832 2 2 5 6 1925 2083 1926
3833 2 2 5 6 1925 2159 2083
3834 2 2 5 6 1926 2148 1927
3835 2 2 5 6 2083 2148 1926
3836 2 2 5 6 1927 2073 1928
3837 2 2 5 6 1927 2148 2073
3838 2 2 5 6 1928 2168 1929
3839 2 2 5 6 2073 2168 1928
3840 2 2 5 6 1929 2155 1930
3841 2 2 5 6 1929 2168 2155
3842 2 2 5 6 1930 2074 1931
3843 2 2 5 6 1930 2155 2074
3844 2 2 5 6 1931 2149 1932
3845 2 2 5 6 2074 2149 1931
3846 2 2 5 6 1932 2084 1933
3847 2 2 5 6 1932 2149 2084
3848 2 2 5 6 1933 2160 1934
3849 2 2 5 6 2084 2160 1933
3850 2 2 5 6 2160 2181 1934
3851 2 2 5 6 2135 2158 2072
3852 2 2 5 6 2072 2162 2135
3853 2 2 5 6 2072 2158 2154
3854 2 2 5 6 2148 2174 2073
3855 2 2 5 6 2073 2169 2168
3856 2 2 5 6 2073 2174 2169
3857 2 2 5 6 2074 2163 2149
3858 2 2 5 6 2155 2164 2074
3859 2 2 5 6 2074 2164 2163
3860 2 2 5 6 2075 2151 2123
3861 2 2 5 6 2123 2171 2075
3862 2 2 5 6 2075 2171 2150
3863 2 2 5 6 2076 2143 2121
3864 2 2 5 6 2121 2177 2076
3865 2 2 5 6 2076 2145 2143
3866 2 2 5 6 2076 2178 2145
3867 2 2 5 6 2077 2090 2089
3868 2 2 5 6 2077 2091 2090
3869 2 2 5 6 2077 2147 2091
3870 2 2 5 6 2120 2166 2078
3871 2 2 5 6 2078 2167 2120
3872 2 2 5 6 2078 2166 2162
3873 2 2 5 6 2079 2150 2133
3874 2 2 5 6 2133 2170 2079
3875 2 2 5 6 2079 2170 2153
3876 2 2 5 6 2080 2146 2145
3877 2 2 5 6 2145 2178 2080
3878 2 2 5 6 2080 2179 2146
3879 2 2 5 6 2152 2179 2080
3880 2 2 5 6 2081 2156 2144
3881 2 2 5 6 2144 2172 2081
3882 2 2 5 6 2081 2172 2151
3883 2 2 5 6 2082 2121 2119
3884 2 2 5 6 2119 2173 2082
3885 2 2 5 6 2082 2177 2121
3886 2 2 5 6 2082 2173 2157
3887 2 2 5 6 2083 2175 2148
3888 2 2 5 6 2159 2176 2083
3889 2 2 5 6 2083 2176 2175
3890 2 2 5 6 2149 2165 2084
3891 2 2 5 6 2084 2161 2160
3892 2 2 5 6 2084 2165 2161
3893 2 2 5 6 2085 2161 2152
3894 2 2 5 6 2160 2161 2085
3895 2 2 5 6 2085 2181 2160
3896 2 2 5 6 2153 2176 2086
3897 2 2 5 6 2086 2176 2159
3898 2 2 5 6 2159 2180 2086
3899 2 2 5 6 2089 2144 2087
3900 2 2 5 6 2144 2156 2087
3901 2 2 5 6 2156 2182 2087
3902 2 2 5 6 2120 2167 2088
3903 2 2 5 6 2088 2173 2120
3904 2 2 5 6 2157 2173 2088
3905 2 2 5 6 2088 2183 2157
3906 2 2 5 6 2090 2144 2089
3907 2 2 5 6 2091 2092 2090
3908 2 2 5 6 2092 2122 2090
3909 2 2 5 6 2122 2144 2090
3910 2 2 5 6 2091 2093 2092
3911 2 2 5 6 2091 2125 2093
3912 2 2 5 6 2091 2147 2125
3913 2 2 5 6 2093 2094 2092
3914 2 2 5 6 2094 2109 2092
3915 2 2 5 6 2109 2122 2092
3916 2 2 5 6 2093 2095 2094
3917 2 2 5 6 2093 2111 2095
3918 2 2 5 6 2093 2125 2111
3919 2 2 5 6 2095 2096 2094
3920 2 2 5 6 2096 2126 2094
3921 2 2 5 6 2094 2126 2109
3922 2 2 5 6 2095 2097 2096
3923 2 2 5 6 2095 2140 2097
3924 2 2 5 6 2111 2140 2095
3925 2 2 5 6 2097 2098 2096
3926 2 2 5 6 2098 2102 2096
3927 2 2 5 6 2102 2126 2096
3928 2 2 5 6 2097 2099 2098
3929 2 2 5 6 2097 2100 2099
3930 2 2 5 6 2097 2140 2100
3931 2 2 5 6 2099 2104 2098
3932 2 2 5 6 2098 2136 2102
3933 2 2 5 6 2104 2136 2098
3934 2 2 5 6 2100 2101 2099
3935 2 2 5 6 2101 2141 2099
3936 2 2 5 6 2099 2141 2104
3937 2 2 5 6 2100 2103 2101
3938 2 2 5 6 2100 2105 2103
3939 2 2 5 6 2100 2140 2105
3940 2 2 5 6 2103 2107 2101
3941 2 2 5 6 2107 2108 2101
3942 2 2 5 6 2108 2141 2101
3943 2 2 5 6 2102 2127 2126
3944 2 2 5 6 2102 2128 2127
3945 2 2 5 6 2102 2136 2128
3946 2 2 5 6 2105 2106 2103
3947 2 2 5 6 2106 2142 2103
3948 2 2 5 6 2103 2142 2107
3949 2 2 5 6 2104 2137 2136
3950 2 2 5 6 2104 2138 2137
3951 2 2 5 6 2104 2141 2138
3952 2 2 5 6 2105 2115 2106
3953 2 2 5 6 2105 2134 2115
3954 2 2 5 6 2105 2140 2134
3955 2 2 5 6 2115 2116 2106
3956 2 2 5 6 2116 2117 2106
3957 2 2 5 6 2117 2142 2106
3958 2 2 5 6 2107 2110 2108
3959 2 2 5 6 2107 2118 2110
3960 2 2 5 6 2107 2142 2118
3961 2 2 5 6 2110 2112 2108
3962 2 2 5 6 2112 2113 2108
3963 2 2 5 6 2113 2141 2108
3964 2 2 5 6 2109 2123 2122
3965 2 2 5 6 2109 2124 2123
3966 2 2 5 6 2109 2126 2124
3967 2 2 5 6 2110 2114 2112
3968 2 2 5 6 2110 2146 2114
3969 2 2 5 6 2118 2146 2110
3970 2 2 5 6 2125 2158 2111
3971 2 2 5 6 2134 2140 2111
3972 2 2 5 6 2111 2158 2134
3973 2 2 5 6 2112 2163 2113
3974 2 2 5 6 2114 2165 2112
3975 2 2 5 6 2112 2165 2163
3976 2 2 5 6 2138 2141 2113
3977 2 2 5 6 2113 2164 2138
3978 2 2 5 6 2163 2164 2113
3979 2 2 5 6 2146 2179 2114
3980 2 2 5 6 2161 2165 2114
3981 2 2 5 6 2114 2179 2161
3982 2 2 5 6 2115 2166 2116
3983 2 2 5 6 2134 2135 2115
3984 2 2 5 6 2135 2166 2115
3985 2 2 5 6 2116 2119 2117
3986 2 2 5 6 2116 2120 2119
3987 2 2 5 6 2116 2166 2120
3988 2 2 5 6 2119 2121 2117
3989 2 2 5 6 2121 2143 2117
3990 2 2 5 6 2117 2143 2142
3991 2 2 5 6 2142 2143 2118
3992 2 2 5 6 2143 2145 2118
3993 2 2 5 6 2145 2146 2118
3994 2 2 5 6 2120 2173 2119
3995 2 2 5 6 2123 2172 2122
3996 2 2 5 6 2122 2172 2144
3997 2 2 5 6 2124 2171 2123
3998 2 2 5 6 2151 2172 2123
3999 2 2 5 6 2126 2127 2124
4000 2 2 5 6 2127 2133 2124
4001 2 2 5 6 2133 2171 2124
4002 2 2 5 6 2147 2154 2125
4003 2 2 5 6 2154 2158 2125
4004 2 2 5 6 2128 2129 2127
4005 2 2 5 6 2129 2133 2127
4006 2 2 5 6 2128 2130 2129
4007 2 2 5 6 2128 2131 2130
4008 2 2 5 6 2128 2136 2131
4009 2 2 5 6 2130 2132 2129
4010 2 2 5 6 2132 2170 2129
4011 2 2 5 6 2129 2170 2133
4012 2 2 5 6 2131 2174 2130
4013 2 2 5 6 2130 2175 2132
4014 2 2 5 6 2174 2175 2130
4015 2 2 5 6 2136 2137 2131
4016 2 2 5 6 2137 2169 2131
4017 2 2 5 6 2169 2174 2131
4018 2 2 5 6 2153 2170 2132
4019 2 2 5 6 2132 2176 2153
4020 2 2 5 6 2175 2176 2132
4021 2 2 5 6 2150 2171 2133
4022 2 2 5 6 2134 2158 2135
4023 2 2 5 6 2162 2166 2135
4024 2 2 5 6 2138 2139 2137
4025 2 2 5 6 2139 2169 2137
4026 2 2 5 6 2138 2164 2139
4027 2 2 5 6 2139 2164 2155
4028 2 2 5 6 2155 2168 2139
4029 2 2 5 6 2168 2169 2139
4030 2 2 5 6 2148 2175 2174
4031 2 2 5 6 2163 2165 2149
4032 2 2 5 6 2161 2179 2152
4033 2 2 6 7 2291 2272 2361
4034 2 2 6 7 2201 2229 2297
4035 2 2 6 7 2365 26 2371
4036 2 2 6 7 2308 2281 2429
4037 2 2 6 7 2333 2327 2444
4038 2 2 6 7 222 2281 2308
4039 2 2 6 7 2360 2356 2426
4040 2 2 6 7 2306 2382 2419
4041 2 2 6 7 2217 2227 2300
4042 2 2 6 7 2296 2332 2430
4043 2 2 6 7 2272 2286 2361
4044 2 2 6 7 2327 2333 2339
4045 2 2 6 7 26 2317 2452
4046 2 2 6 7 2229 2202 2370
4047 2 2 6 7 2202 2203 2370
4048 2 2 6 7 24 2217 2300
4049 2 2 6 7 25 2341 2366
4050 2 2 6 7 2332 2296 2415
4051 2 2 6 7 23 2201 2297
4052 2 2 6 7 2290 2319 2394
4053 2 2 6 7 2319 2342 2407
4054 2 2 6 7 2319 2318 2342
4055 2 2 6 7 2317 26 2365
4056 2 2 6 7 2341 25 2465
4057 2 2 6 7 2297 2320 2425
4058 2 2 6 7 225 224 2353
4059 2 2 6 7 2267 2360 2426
4060 2 2 6 7 2251 2364 2389
4061 2 2 6 7 2382 244 2419
4062 2 2 6 7 2348 2312 2349
4063 2 2 6 7 2307 2214 2350
4064 2 2 6 7 228 2365 2371
4065 2 2 6 7 2287 2320 2321
4066 2 2 6 7 2214 2307 2457
4067 2 2 6 7 223 222 2308
4068 2 2 6 7 2341 239 2366
4069 2 2 6 7 2318 240 2341
4070 2 2 6 7 2234 2333 2444
4071 2 2 6 7 2286 2287 2409
4072 2 2 6 7 2320 2275 2425
4073 2 2 6 7 205 2335 2449
4074 2 2 6 7 2286 2343 2361
4075 2 2 6 7 2359 2369 2402
4076 2 2 6 7 2405 2296 2430
4077 2 2 6 7 2372 2281 2456
4078 2 2 6 7 2297 2229 2320
4079 2 2 6 7 2319 2290 2380
4080 2 2 6 7 2359 2211 2369
4081 2 2 6 7 2283 2335 2422
4082 2 2 6 7 2287 2321 2322
4083 2 2 6 7 2312 2348 2389
4084 2 2 6 7 241 240 2318
4085 2 2 6 7 2413 2338 2426
4086 2 2 6 7 205 206 2335
4087 2 2 6 7 2226 2328 2330
4088 2 2 6 7 2338 2413 2439
4089 2 2 6 7 2304 2268 2305
4090 2 2 6 7 2343 2286 2409
4091 2 2 6 7 2281 221 2456
4092 2 2 6 7 2223 223 2308
4093 2 2 6 7 2309 2308 2310
4094 2 2 6 7 2300 2227 2301
4095 2 2 6 7 2264 210 2334
4096 2 2 6 7 2342 2341 2465
4097 2 2 6 7 2318 2341 2342
4098 2 2 6 7 2303 2283 2422
4099 2 2 6 7 2226 2330 2333
4100 2 2 6 7 213 2259 2337
4101 2 2 6 7 2307 2350 2393
4102 2 2 6 7 206 207 2216
4103 2 2 6 7 206 2216 2335
4104 2 2 6 7 2278 2317 2365
4105 2 2 6 7 2268 205 2449
4106 2 2 6 7 2311 2310 2313
4107 2 2 6 7 2350 2284 2393
4108 2 2 6 7 2303 2422 2442
4109 2 2 6 7 2263 2367 2368
4110 2 2 6 7 2230 2404 2405
4111 2 2 6 7 2223 2308 2309
4112 2 2 6 7 2309 2310 2311
4113 2 2 6 7 204 2268 2304
4114 2 2 6 7 2287 2275 2320
4115 2 2 6 7 2367 2293 2368
4116 2 2 6 7 2210 2346 2381
4117 2 2 6 7 2348 2251 2389
4118 2 2 6 7 2364 2292 2389
4119 2 2 6 7 2337 2259 2450
4120 2 2 6 7 242 2257 2340
4121 2 2 6 7 2257 241 2318
4122 2 2 6 7 2343 215 2361
4123 2 2 6 7 2334 2261 2418
4124 2 2 6 7 2346 2288 2381
4125 2 2 6 7 224 223 2223
4126 2 2 6 7 222 221 2281
4127 2 2 6 7 2321 2229 2370
4128 2 2 6 7 203 204 2304
4129 2 2 6 7 204 205 2268
4130 2 2 6 7 2311 2313 2314
4131 2 2 6 7 2312 2311 2349
4132 2 2 6 7 227 2278 2365
4133 2 2 6 7 2296 2302 2415
4134 2 2 6 7 217 2336 2417
4135 2 2 6 7 2259 2428 2450
4136 2 2 6 7 219 220 2360
4137 2 2 6 7 2356 2358 2426
4138 2 2 6 7 243 242 2340
4139 2 2 6 7 2235 2416 2464
4140 2 2 6 7 2322 2321 2323
4141 2 2 6 7 227 226 2278
4142 2 2 6 7 2335 2283 2449
4143 2 2 6 7 2289 2353 2411
4144 2 2 6 7 2261 2374 2418
4145 2 2 6 7 211 2261 2334
4146 2 2 6 7 2347 2346 2403
4147 2 2 6 7 2355 2214 2357
4148 2 2 6 7 2254 2256 2344
4149 2 2 6 7 2422 2362 2442
4150 2 2 6 7 2261 212 2337
4151 2 2 6 7 2264 2334 2455
4152 2 2 6 7 242 241 2257
4153 2 2 6 7 2256 2349 2406
4154 2 2 6 7 2373 2235 2464
4155 2 2 6 7 229 228 2371
4156 2 2 6 7 209 210 2264
4157 2 2 6 7 2327 2339 2374
4158 2 2 6 7 2349 2314 2406
4159 2 2 6 7 2404 2294 2405
4160 2 2 6 7 2291 2361 2417
4161 2 2 6 7 2311 2314 2349
4162 2 2 6 7 211 212 2261
4163 2 2 6 7 213 214 2259
4164 2 2 6 7 2315 2266 2316
4165 2 2 6 7 2239 2290 2376
4166 2 2 6 7 239 238 2366
4167 2 2 6 7 2259 214 2343
4168 2 2 6 7 2314 2313 2359
4169 2 2 6 7 2309 2312 2352
4170 2 2 6 7 240 239 2341
4171 2 2 6 7 2257 2318 2319
4172 2 2 6 7 42 2284 2350
4173 2 2 6 7 2197 25 2366
4174 2 2 6 7 2277 2269 2288
4175 2 2 6 7 44 2214 2355
4176 2 2 6 7 26 2188 2371
4177 2 2 6 7 2277 2288 2346
4178 2 2 6 7 2309 2311 2312
4179 2 2 6 7 2278 2432 2466
4180 2 2 6 7 2347 2403 2410
4181 2 2 6 7 2304 2305 2458
4182 2 2 6 7 2267 219 2360
4183 2 2 6 7 2357 2214 2457
4184 2 2 6 7 2336 217 2420
4185 2 2 6 7 2376 2290 2394
4186 2 2 6 7 218 219 2267
4187 2 2 6 7 210 211 2334
4188 2 2 6 7 226 225 2432
4189 2 2 6 7 2432 2315 2466
4190 2 2 6 7 212 213 2337
4191 2 2 6 7 2253 2252 2254
4192 2 2 6 7 2255 2254 2269
4193 2 2 6 7 2356 2355 2357
4194 2 2 6 7 2266 2263 2368
4195 2 2 6 7 2356 2357 2358
4196 2 2 6 7 44 43 2214
4197 2 2 6 7 2340 2257 2380
4198 2 2 6 7 2249 2252 2253
4199 2 2 6 7 2270 2269 2277
4200 2 2 6 7 2267 2338 2420
4201 2 2 6 7 2354 2396 2427
4202 2 2 6 7 2214 43 2350
4203 2 2 6 7 2358 2413 2426
4204 2 2 6 7 214 215 2343
4205 2 2 6 7 2328 2226 2431
4206 2 2 6 7 2353 2352 2411
4207 2 2 6 7 2305 2268 2399
4208 2 2 6 7 2253 2254 2255
4209 2 2 6 7 2269 2254 2344
4210 2 2 6 7 2216 207 2351
4211 2 2 6 7 2323 2321 2370
4212 2 2 6 7 2324 2323 2325
4213 2 2 6 7 207 208 2351
4214 2 2 6 7 42 41 2284
4215 2 2 6 7 2338 2267 2426
4216 2 2 6 7 2254 2252 2256
4217 2 2 6 7 230 2392 2398
4218 2 2 6 7 2333 2234 2423
4219 2 2 6 7 2344 2256 2406
4220 2 2 6 7 45 44 2355
4221 2 2 6 7 2285 2355 2356
4222 2 2 6 7 2285 45 2355
4223 2 2 6 7 2326 2325 2327
4224 2 2 6 7 2316 2266 2368
4225 2 2 6 7 2277 2346 2347
4226 2 2 6 7 203 2304 2461
4227 2 2 6 7 43 42 2350
4228 2 2 6 7 244 243 2419
4229 2 2 6 7 2340 2380 2435
4230 2 2 6 7 2255 2269 2270
4231 2 2 6 7 2327 2325 2460
4232 2 2 6 7 2248 2243 2249
4233 2 2 6 7 2346 2210 2403
4234 2 2 6 7 2288 2269 2344
4235 2 2 6 7 2444 2327 2460
4236 2 2 6 7 2298 2376 2394
4237 2 2 6 7 2277 2347 2354
4238 2 2 6 7 2342 2240 2407
4239 2 2 6 7 231 230 2398
4240 2 2 6 7 228 227 2365
4241 2 2 6 7 2295 2351 2462
4242 2 2 6 7 2223 2309 2352
4243 2 2 6 7 2358 2357 2436
4244 2 2 6 7 2288 2344 2345
4245 2 2 6 7 46 45 2285
4246 2 2 6 7 2288 2345 2381
4247 2 2 6 7 2222 2218 2367
4248 2 2 6 7 2300 2301 2328
4249 2 2 6 7 162 161 2210
4250 2 2 6 7 208 2443 2462
4251 2 2 6 7 2274 2307 2393
4252 2 2 6 7 2263 2232 2367
4253 2 2 6 7 2385 237 2390
4254 2 2 6 7 224 2223 2353
4255 2 2 6 7 2230 2222 2231
4256 2 2 6 7 2392 2189 2398
4257 2 2 6 7 2232 2222 2367
4258 2 2 6 7 2240 2342 2465
4259 2 2 6 7 2270 2277 2354
4260 2 2 6 7 216 217 2417
4261 2 2 6 7 2239 2258 2290
4262 2 2 6 7 2249 2251 2252
4263 2 2 6 7 2353 2289 2408
4264 2 2 6 7 2184 24 2300
4265 2 2 6 7 2196 2385 2390
4266 2 2 6 7 215 216 2361
4267 2 2 6 7 232 231 2391
4268 2 2 6 7 2231 2222 2232
4269 2 2 6 7 2368 2421 2451
4270 2 2 6 7 2360 220 2445
4271 2 2 6 7 2218 2213 2293
4272 2 2 6 7 2405 2430 2448
4273 2 2 6 7 2249 2243 2251
4274 2 2 6 7 2242 2233 2243
4275 2 2 6 7 2302 2295 2462
4276 2 2 6 7 237 236 2390
4277 2 2 6 7 2320 2229 2321
4278 2 2 6 7 2221 2218 2222
4279 2 2 6 7 2257 2319 2380
4280 2 2 6 7 208 209 2443
4281 2 2 6 7 229 2371 2392
4282 2 2 6 7 230 229 2392
4283 2 2 6 7 2286 2275 2287
4284 2 2 6 7 2231 2232 2233
4285 2 2 6 7 2285 2356 2360
4286 2 2 6 7 2366 238 2385
4287 2 2 6 7 2382 2306 2393
4288 2 2 6 7 2274 2260 2276
4289 2 2 6 7 163 162 2363
4290 2 2 6 7 2272 2245 2275
4291 2 2 6 7 2391 231 2398
4292 2 2 6 7 221 21 2456
4293 2 2 6 7 233 232 2387
4294 2 2 6 7 2414 2264 2455
4295 2 2 6 7 2436 2357 2457
4296 2 2 6 7 2243 2233 2364
4297 2 2 6 7 162 2210 2363
4298 2 2 6 7 2281 2372 2373
4299 2 2 6 7 2193 2194 2378
4300 2 2 6 7 236 235 2383
4301 2 2 6 7 238 237 2385
4302 2 2 6 7 2265 2263 2266
4303 2 2 6 7 2284 2382 2393
4304 2 2 6 7 2322 2323 2324
4305 2 2 6 7 2192 2193 2379
4306 2 2 6 7 2362 2216 2447
4307 2 2 6 7 2196 2197 2385
4308 2 2 6 7 2451 2236 2452
4309 2 2 6 7 2186 2187 2236
4310 2 2 6 7 2352 2312 2453
4311 2 2 6 7 2252 2251 2348
4312 2 2 6 7 2316 2368 2451
4313 2 2 6 7 234 233 2379
4314 2 2 6 7 2313 2310 2464
4315 2 2 6 7 2188 2189 2392
4316 2 2 6 7 2194 2195 2383
4317 2 2 6 7 2315 2316 2466
4318 2 2 6 7 2231 2233 2242
4319 2 2 6 7 2387 232 2391
4320 2 2 6 7 225 2408 2432
4321 2 2 6 7 235 234 2378
4322 2 2 6 7 2218 2293 2367
4323 2 2 6 7 2193 2378 2379
4324 2 2 6 7 245 244 2382
4325 2 2 6 7 2185 2186 2375
4326 2 2 6 7 2264 2414 2415
4327 2 2 6 7 2306 2274 2393
4328 2 2 6 7 2191 2192 2387
4329 2 2 6 7 2289 2266 2315
4330 2 2 6 7 2256 2348 2349
4331 2 2 6 7 2246 2232 2263
4332 2 2 6 7 2378 2194 2383
4333 2 2 6 7 2396 2354 2463
4334 2 2 6 7 236 2383 2390
4335 2 2 6 7 2249 2253 2377
4336 2 2 6 7 164 163 2369
4337 2 2 6 7 2217 2213 2218
4338 2 2 6 7 2275 2245 2425
4339 2 2 6 7 2192 2379 2387
4340 2 2 6 7 2324 2325 2326
4341 2 2 6 7 2210 161 2403
4342 2 2 6 7 2195 2196 2390
4343 2 2 6 7 2235 2373 2424
4344 2 2 6 7 2274 2276 2307
4345 2 2 6 7 24 2185 2213
4346 2 2 6 7 2256 2252 2348
4347 2 2 6 7 2333 2330 2339
4348 2 2 6 7 2190 2191 2391
4349 2 2 6 7 2242 2243 2248
4350 2 2 6 7 2282 2270 2354
4351 2 2 6 7 2379 233 2387
4352 2 2 6 7 2212 2220 2298
4353 2 2 6 7 2299 2336 2338
4354 2 2 6 7 2383 2195 2390
4355 2 2 6 7 2225 2238 2239
4356 2 2 6 7 2363 2210 2381
4357 2 2 6 7 2317 2278 2466
4358 2 2 6 7 2217 2218 2221
4359 2 2 6 7 2191 2387 2391
4360 2 2 6 7 235 2378 2383
4361 2 2 6 7 2251 2243 2364
4362 2 2 6 7 2359 2402 2434
4363 2 2 6 7 2189 2190 2398
4364 2 2 6 7 2248 2249 2377
4365 2 2 6 7 2221 2222 2230
4366 2 2 6 7 2250 2280 2294
4367 2 2 6 7 2378 234 2379
4368 2 2 6 7 2416 2313 2464
4369 2 2 6 7 2271 2270 2282
4370 2 2 6 7 2310 2308 2429
4371 2 2 6 7 2198 2199 2240
4372 2 2 6 7 2223 2352 2353
4373 2 2 6 7 2204 2205 2228
4374 2 2 6 7 2206 2207 2234
4375 2 2 6 7 2201 2202 2229
4376 2 2 6 7 2208 2209 2226
4377 2 2 6 7 2205 2206 2384
4378 2 2 6 7 2197 2366 2385
4379 2 2 6 7 2335 2216 2422
4380 2 2 6 7 2328 2329 2330
4381 2 2 6 7 2190 2391 2398
4382 2 2 6 7 2330 2331 2339
4383 2 2 6 7 2226 2333 2423
4384 2 2 6 7 2294 2295 2296
4385 2 2 6 7 2199 2200 2386
4386 2 2 6 7 2216 2351 2447
4387 2 2 6 7 2246 2263 2265
4388 2 2 6 7 2276 2260 2401
4389 2 2 6 7 165 164 2211
4390 2 2 6 7 2200 23 2212
4391 2 2 6 7 2233 2232 2246
4392 2 2 6 7 161 160 2403
4393 2 2 6 7 2262 2291 2299
4394 2 2 6 7 2246 2265 2292
4395 2 2 6 7 163 2363 2369
4396 2 2 6 7 24 2213 2217
4397 2 2 6 7 166 165 2388
4398 2 2 6 7 2340 2435 2459
4399 2 2 6 7 2326 2327 2374
4400 2 2 6 7 2186 2236 2375
4401 2 2 6 7 167 166 2235
4402 2 2 6 7 2225 2239 2376
4403 2 2 6 7 2239 2241 2258
4404 2 2 6 7 2258 2241 2260
4405 2 2 6 7 2351 208 2462
4406 2 2 6 7 2272 2275 2286
4407 2 2 6 7 2370 2203 2433
4408 2 2 6 7 5 245 2440
4409 2 2 6 7 2250 2294 2404
4410 2 2 6 7 159 158 2215
4411 2 2 6 7 2371 2188 2392
4412 2 2 6 7 2374 2261 2441
4413 2 2 6 7 2427 2396 2437
4414 2 2 6 7 2255 2270 2271
4415 2 2 6 7 2239 2238 2241
4416 2 2 6 7 2279 2248 2377
4417 2 2 6 7 2225 2237 2238
4418 2 2 6 7 2259 2343 2409
4419 2 2 6 7 2273 2260 2274
4420 2 2 6 7 2233 2246 2364
4421 2 2 6 7 2261 2337 2441
4422 2 2 6 7 2312 2389 2453
4423 2 2 6 7 2241 2238 2244
4424 2 2 6 7 2246 2292 2364
4425 2 2 6 7 2287 2322 2409
4426 2 2 6 7 158 157 2395
4427 2 2 6 7 2230 2231 2404
4428 2 2 6 7 220 4 2445
4429 2 2 6 7 2293 2213 2375
4430 2 2 6 7 2231 2242 2404
4431 2 2 6 7 2213 2185 2375
4432 2 2 6 7 2242 2248 2250
4433 2 2 6 7 2258 2260 2273
4434 2 2 6 7 160 159 2410
4435 2 2 6 7 218 2267 2420
4436 2 2 6 7 2271 2283 2303
4437 2 2 6 7 2220 2224 2225
4438 2 2 6 7 2317 2451 2452
4439 2 2 6 7 2282 2354 2427
4440 2 2 6 7 2250 2248 2279
4441 2 2 6 7 2253 2255 2400
4442 2 2 6 7 2380 2290 2435
4443 2 2 6 7 2265 2266 2289
4444 2 2 6 7 157 156 2247
4445 2 2 6 7 2294 2296 2405
4446 2 2 6 7 156 155 2397
4447 2 2 6 7 217 218 2420
4448 2 2 6 7 2211 2359 2438
4449 2 2 6 7 2328 2301 2329
4450 2 2 6 7 2220 2225 2376
4451 2 2 6 7 2345 2344 2406
4452 2 2 6 7 2237 2224 2245
4453 2 2 6 7 2329 2301 2332
4454 2 2 6 7 169 168 2372
4455 2 2 6 7 2299 2291 2336
4456 2 2 6 7 4 46 2445
4457 2 2 6 7 2273 2274 2306
4458 2 2 6 7 2280 2279 2362
4459 2 2 6 7 20 203 2461
4460 2 2 6 7 41 5 2440
4461 2 2 6 7 2271 2282 2283
4462 2 2 6 7 2403 160 2410
4463 2 2 6 7 2330 2329 2331
4464 2 2 6 7 2262 2245 2272
4465 2 2 6 7 2298 2220 2376
4466 2 2 6 7 2211 164 2369
4467 2 2 6 7 2260 2241 2401
4468 2 2 6 7 2217 2221 2227
4469 2 2 6 7 209 2264 2443
4470 2 2 6 7 2382 2284 2440
4471 2 2 6 7 2225 2224 2237
4472 2 2 6 7 2296 2295 2302
4473 2 2 6 7 2290 2258 2435
4474 2 2 6 7 2262 2272 2291
4475 2 2 6 7 2373 2372 2424
4476 2 2 6 7 2370 2433 2446
4477 2 2 6 7 2289 2315 2408
4478 2 2 6 7 2237 2245 2262
4479 2 2 6 7 2351 2295 2447
4480 2 2 6 7 2203 2204 2433
4481 2 2 6 7 2212 2219 2220
4482 2 2 6 7 2250 2279 2280
4483 2 2 6 7 2262 2299 2412
4484 2 2 6 7 2294 2280 2295
4485 2 2 6 7 2299 2338 2439
4486 2 2 6 7 2325 2323 2446
4487 2 2 6 7 2363 2381 2402
4488 2 2 6 7 2206 2234 2384
4489 2 2 6 7 2228 2205 2384
4490 2 2 6 7 2240 2199 2386
4491 2 2 6 7 2298 2394 2454
4492 2 2 6 7 2377 2253 2400
4493 2 2 6 7 2220 2219 2224
4494 2 2 6 7 2285 2360 2445
4495 2 2 6 7 2368 2293 2421
4496 2 2 6 7 2200 2212 2386
4497 2 2 6 7 2323 2370 2446
4498 2 2 6 7 2241 2244 2401
4499 2 2 6 7 2283 2282 2399
4500 2 2 6 7 2369 2363 2402
4501 2 2 6 7 2212 2298 2386
4502 2 2 6 7 165 2211 2388
4503 2 2 6 7 2362 2279 2442
4504 2 2 6 7 2212 23 2219
4505 2 2 6 7 2415 2302 2443
4506 2 2 6 7 2300 2328 2431
4507 2 2 6 7 159 2215 2410
4508 2 2 6 7 2354 2347 2463
4509 2 2 6 7 2242 2250 2404
4510 2 2 6 7 2381 2345 2402
4511 2 2 6 7 2235 166 2388
4512 2 2 6 7 2215 2395 2396
4513 2 2 6 7 2408 2315 2432
4514 2 2 6 7 155 20 2461
4515 2 2 6 7 2216 2362 2422
4516 2 2 6 7 2305 2427 2437
4517 2 2 6 7 2271 2303 2400
4518 2 2 6 7 2236 2187 2452
4519 2 2 6 7 2292 2265 2411
4520 2 2 6 7 2401 2244 2413
4521 2 2 6 7 2255 2271 2400
4522 2 2 6 7 2224 2219 2425
4523 2 2 6 7 2207 2208 2423
4524 2 2 6 7 2219 23 2297
4525 2 2 6 7 2283 2399 2449
4526 2 2 6 7 2314 2359 2434
4527 2 2 6 7 168 167 2424
4528 2 2 6 7 2451 2317 2466
4529 2 2 6 7 2234 2207 2423
4530 2 2 6 7 2208 2226 2423
4531 2 2 6 7 2244 2238 2412
4532 2 2 6 7 2215 158 2395
4533 2 2 6 7 2238 2237 2412
4534 2 2 6 7 2219 2297 2425
4535 2 2 6 7 2304 2397 2461
4536 2 2 6 7 2226 2209 2431
4537 2 2 6 7 2394 2319 2407
4538 2 2 6 7 2338 2336 2420
4539 2 2 6 7 2334 2418 2455
4540 2 2 6 7 157 2247 2395
4541 2 2 6 7 243 2340 2419
4542 2 2 6 7 2339 2331 2418
4543 2 2 6 7 2406 2314 2434
4544 2 2 6 7 2361 216 2417
4545 2 2 6 7 167 2235 2424
4546 2 2 6 7 2247 156 2397
4547 2 2 6 7 2184 2300 2431
4548 2 2 6 7 2265 2289 2411
4549 2 2 6 7 2414 2332 2415
4550 2 2 6 7 2301 2227 2430
4551 2 2 6 7 2237 2262 2412
4552 2 2 6 7 2198 2240 2465
4553 2 2 6 7 2359 2313 2438
4554 2 2 6 7 2276 2436 2457
4555 2 2 6 7 2235 2388 2416
4556 2 2 6 7 2345 2406 2434
4557 2 2 6 7 2230 2405 2448
4558 2 2 6 7 2209 2184 2431
4559 2 2 6 7 245 2382 2440
4560 2 2 6 7 2336 2291 2417
4561 2 2 6 7 2329 2332 2414
4562 2 2 6 7 2273 2306 2459
4563 2 2 6 7 2372 168 2424
4564 2 2 6 7 2278 226 2432
4565 2 2 6 7 2399 2268 2449
4566 2 2 6 7 2374 2339 2418
4567 2 2 6 7 2284 41 2440
4568 2 2 6 7 2245 2224 2425
4569 2 2 6 7 2375 2236 2421
4570 2 2 6 7 2410 2215 2463
4571 2 2 6 7 2412 2299 2439
4572 2 2 6 7 2331 2329 2414
4573 2 2 6 7 2244 2412 2439
4574 2 2 6 7 2281 2373 2429
4575 2 2 6 7 2316 2451 2466
4576 2 2 6 7 2221 2230 2448
4577 2 2 6 7 169 2372 2456
4578 2 2 6 7 2305 2399 2427
4579 2 2 6 7 46 2285 2445
4580 2 2 6 7 2377 2400 2442
4581 2 2 6 7 2293 2375 2421
4582 2 2 6 7 2347 2410 2463
4583 2 2 6 7 2332 2301 2430
4584 2 2 6 7 2264 2415 2443
4585 2 2 6 7 2399 2282 2427
4586 2 2 6 7 2418 2331 2455
4587 2 2 6 7 2187 26 2452
4588 2 2 6 7 21 169 2456
4589 2 2 6 7 2430 2227 2448
4590 2 2 6 7 2204 2228 2433
4591 2 2 6 7 2258 2273 2435
4592 2 2 6 7 2322 2324 2428
4593 2 2 6 7 2394 2407 2454
4594 2 2 6 7 2388 2211 2438
4595 2 2 6 7 2396 2395 2437
4596 2 2 6 7 2276 2401 2436
4597 2 2 6 7 2307 2276 2457
4598 2 2 6 7 2295 2280 2447
4599 2 2 6 7 2443 2302 2462
4600 2 2 6 7 25 2198 2465
4601 2 2 6 7 2400 2303 2442
4602 2 2 6 7 2401 2413 2436
4603 2 2 6 7 2409 2322 2428
4604 2 2 6 7 2279 2377 2442
4605 2 2 6 7 2324 2326 2450
4606 2 2 6 7 2402 2345 2434
4607 2 2 6 7 2413 2244 2439
4608 2 2 6 7 2280 2362 2447
4609 2 2 6 7 2306 2419 2459
4610 2 2 6 7 2326 2374 2441
4611 2 2 6 7 2389 2292 2453
4612 2 2 6 7 2407 2240 2454
4613 2 2 6 7 2215 2396 2463
4614 2 2 6 7 2384 2234 2444
4615 2 2 6 7 2227 2221 2448
4616 2 2 6 7 2411 2352 2453
4617 2 2 6 7 2416 2388 2438
4618 2 2 6 7 2429 2373 2464
4619 2 2 6 7 2428 2324 2450
4620 2 2 6 7 2413 2358 2436
4621 2 2 6 7 2395 2247 2437
4622 2 2 6 7 2326 2441 2450
4623 2 2 6 7 2397 155 2461
4624 2 2 6 7 2247 2397 2458
4625 2 2 6 7 2240 2386 2454
4626 2 2 6 7 2292 2411 2453
4627 2 2 6 7 2228 2384 2460
4628 2 2 6 7 2310 2429 2464
4629 2 2 6 7 2421 2236 2451
4630 2 2 6 7 2441 2337 2450
4631 2 2 6 7 2419 2340 2459
4632 2 2 6 7 2313 2416 2438
4633 2 2 6 7 2397 2304 2458
4634 2 2 6 7 2259 2409 2428
4635 2 2 6 7 2384 2444 2460
4636 2 2 6 7 2331 2414 2455
4637 2 2 6 7 2446 2228 2460
4638 2 2 6 7 2325 2446 2460
4639 2 2 6 7 2386 2298 2454
4640 2 2 6 7 2433 2228 2446
4641 2 2 6 7 2437 2247 2458
4642 2 2 6 7 2435 2273 2459
4643 2 2 6 7 2305 2437 2458
4644 2 2 6 7 225 2353 2408
4645 2 2 3 4 25 2498 2198
4646 2 2 3 4 2197 2498 25
4647 2 2 3 4 2200 2500 23
4648 2 2 3 4 23 2500 2201
4649 2 2 3 4 2184 2499 24
4650 2 2 3 4 24 2499 2185
4651 2 2 3 4 2187 2497 26
4652 2 2 3 4 26 2497 2188
4653 2 2 3 4 2199 2493 2200
4654 2 2 3 4 2493 2500 2200
4655 2 2 3 4 2198 2475 2199
4656 2 2 3 4 2475 2493 2199
4657 2 2 3 4 2198 2498 2475
4658 2 2 3 4 2209 2496 2184
4659 2 2 3 4 2496 2499 2184
4660 2 2 3 4 2208 2473 2209
4661 2 2 3 4 2473 2496 2209
4662 2 2 3 4 2207 2477 2208
4663 2 2 3 4 2208 2477 2473
4664 2 2 3 4 2206 2481 2207
4665 2 2 3 4 2207 2481 2477
4666 2 2 3 4 2205 2467 2206
4667 2 2 3 4 2467 2481 2206
4668 2 2 3 4 2204 2483 2205
4669 2 2 3 4 2205 2483 2467
4670 2 2 3 4 2203 2469 2204
4671 2 2 3 4 2469 2483 2204
4672 2 2 3 4 2202 2480 2203
4673 2 2 3 4 2203 2480 2469
4674 2 2 3 4 2201 2471 2202
4675 2 2 3 4 2471 2480 2202
4676 2 2 3 4 2201 2500 2471
4677 2 2 3 4 2186 2494 2187
4678 2 2 3 4 2494 2497 2187
4679 2 2 3 4 2185 2476 2186
4680 2 2 3 4 2476 2494 2186
4681 2 2 3 4 2185 2499 2476
4682 2 2 3 4 2196 2495 2197
4683 2 2 3 4 2495 2498 2197
4684 2 2 3 4 2195 2474 2196
4685 2 2 3 4 2474 2495 2196
4686 2 2 3 4 2194 2479 2195
4687 2 2 3 4 2195 2479 2474
4688 2 2 3 4 2193 2472 2194
4689 2 2 3 4 2472 2479 2194
4690 2 2 3 4 2192 2484 2193
4691 2 2 3 4 2193 2484 2472
4692 2 2 3 4 2191 2485 2192
4693 2 2 3 4 2192 2485 2484
4694 2 2 3 4 2190 2468 2191
4695 2 2 3 4 2468 2485 2191
4696 2 2 3 4 2189 2478 2190
4697 2 2 3 4 2190 2478 2468
4698 2 2 3 4 2188 2470 2189
4699 2 2 3 4 2470 2478 2189
4700 2 2 3 4 2188 2497 2470
4701 2 2 3 4 2467 2482 2481
4702 2 2 3 4 2467 2486 2482
4703 2 2 3 4 2483 2486 2467
4704 2 2 3 4 2478 2490 2468
4705 2 2 3 4 2468 2487 2485
4706 2 2 3 4 2468 2490 2487
4707 2 2 3 4 2480 2489 2469
4708 2 2 3 4 2469 2488 2483
4709 2 2 3 4 2469 2489 2488
4710 2 2 3 4 2470 2491 2478
4711 2 2 3 4 2470 2494 2491
4712 2 2 3 4 2470 2497 2494
4713 2 2 3 4 2471 2492 2480
4714 2 2 3 4 2471 2493 2492
4715 2 2 3 4 2471 2500 2493
4716 2 2 3 4 2472 2488 2479
4717 2 2 3 4 2484 2486 2472
4718 2 2 3 4 2486 2488 2472
4719 2 2 3 4 2477 2490 2473
4720 2 2 3 4 2490 2491 2473
4721 2 2 3 4 2491 2496 2473
4722 2 2 3 4 2479 2489 2474
4723 2 2 3 4 2489 2492 2474
4724 2 2 3 4 2492 2495 2474
4725 2 2 3 4 2492 2493 2475
4726 2 2 3 4 2475 2495 2492
4727 2 2 3 4 2475 2498 2495
4728 2 2 3 4 2491 2494 2476
4729 2 2 3 4 2476 2496 2491
4730 2 2 3 4 2476 2499 2496
4731 2 2 3 4 2481 2487 2477
4732 2 2 3 4 2487 2490 2477
4733 2 2 3 4 2478 2491 2490
4734 2 2 3 4 2488 2489 2479
4735 2 2 3 4 2480 2492 2489
4736 2 2 3 4 2482 2487 2481
4737 2 2 3 4 2484 2485 2482
4738 2 2 3 4 2482 2486 2484
4739 2 2 3 4 2485 2487 2482
4740 2 2 3 4 2483 2488 2486
4741 2 2 6 9 2781 258 2889
4742 2 2 6 9 170 171 3021
4743 2 2 6 9 2656 2655 2879
4744 2 2 6 9 2808 2617 2848
4745 2 2 6 9 2761 2922 2964
4746 2 2 6 9 28 2800 2911
4747 2 2 6 9 252 2901 3030
4748 2 2 6 9 2909 2584 3005
4749 2 2 6 9 66 7 3027
4750 2 2 6 9 2879 2655 3063
4751 2 2 6 9 7 246 3027
4752 2 2 6 9 2558 175 2885
4753 2 2 6 9 2743 2909 3005
4754 2 2 6 9 2950 2851 2984
4755 2 2 6 9 2840 2844 2993
4756 2 2 6 9 258 2781 2999
4757 2 2 6 9 2608 2610 2883
4758 2 2 6 9 251 252 3030
4759 2 2 6 9 2671 2823 2824
4760 2 2 6 9 2671 2822 2823
4761 2 2 6 9 175 176 2885
4762 2 2 6 9 2736 2795 2969
4763 2 2 6 9 2891 2850 2892
4764 2 2 6 9 2795 2736 2942
4765 2 2 6 9 2809 2808 2848
4766 2 2 6 9 2667 2968 3008
4767 2 2 6 9 2886 75 3032
4768 2 2 6 9 2616 2629 3024
4769 2 2 6 9 2633 2814 2942
4770 2 2 6 9 2844 2529 2993
4771 2 2 6 9 226 2735 2801
4772 2 2 6 9 2890 2880 2891
4773 2 2 6 9 2760 2715 2828
4774 2 2 6 9 2846 2976 2990
4775 2 2 6 9 243 2688 2812
4776 2 2 6 9 171 2925 3021
4777 2 2 6 9 2892 2850 3016
4778 2 2 6 9 2922 2588 2964
4779 2 2 6 9 2813 27 2899
4780 2 2 6 9 2527 2880 2890
4781 2 2 6 9 2668 2882 2956
4782 2 2 6 9 193 194 2920
4783 2 2 6 9 2976 2625 2990
4784 2 2 6 9 2800 228 2911
4785 2 2 6 9 2812 2688 2853
4786 2 2 6 9 2633 2942 2945
4787 2 2 6 9 75 74 3032
4788 2 2 6 9 2883 2616 3024
4789 2 2 6 9 2799 2649 3062
4790 2 2 6 9 2867 2558 2884
4791 2 2 6 9 2698 2975 2992
4792 2 2 6 9 2935 2718 2959
4793 2 2 6 9 2865 2914 2915
4794 2 2 6 9 76 75 2988
4795 2 2 6 9 2530 2900 3004
4796 2 2 6 9 2891 2880 2984
4797 2 2 6 9 2670 2783 3036
4798 2 2 6 9 2821 2867 2884
4799 2 2 6 9 28 2662 2800
4800 2 2 6 9 2900 2827 3004
4801 2 2 6 9 2752 2786 3019
4802 2 2 6 9 2880 2731 2984
4803 2 2 6 9 27 2813 3041
4804 2 2 6 9 2865 2864 2914
4805 2 2 6 9 75 2886 2988
4806 2 2 6 9 2688 2847 2995
4807 2 2 6 9 2699 2923 2936
4808 2 2 6 9 2532 2810 2893
4809 2 2 6 9 2995 2847 3047
4810 2 2 6 9 261 2704 2816
4811 2 2 6 9 239 2813 2899
4812 2 2 6 9 2763 2760 2828
4813 2 2 6 9 2783 2670 3064
4814 2 2 6 9 2687 3002 3047
4815 2 2 6 9 3002 2838 3047
4816 2 2 6 9 2942 2736 2945
4817 2 2 6 9 223 224 2753
4818 2 2 6 9 225 226 2801
4819 2 2 6 9 2782 2734 2910
4820 2 2 6 9 2655 2675 3063
4821 2 2 6 9 2882 2668 3054
4822 2 2 6 9 2796 2794 2853
4823 2 2 6 9 2909 2904 2918
4824 2 2 6 9 2797 2648 2874
4825 2 2 6 9 2649 2833 3062
4826 2 2 6 9 2786 2752 2919
4827 2 2 6 9 2756 2689 2869
4828 2 2 6 9 2732 2935 2959
4829 2 2 6 9 2801 2735 3015
4830 2 2 6 9 252 253 3017
4831 2 2 6 9 2800 2662 3001
4832 2 2 6 9 2851 2950 3031
4833 2 2 6 9 2968 2748 3008
4834 2 2 6 9 2749 2963 3061
4835 2 2 6 9 260 261 2816
4836 2 2 6 9 2706 2708 2957
4837 2 2 6 9 2708 2830 2957
4838 2 2 6 9 2753 224 3014
4839 2 2 6 9 2734 2782 2923
4840 2 2 6 9 2802 2801 2803
4841 2 2 6 9 2848 2608 2883
4842 2 2 6 9 2761 2964 3065
4843 2 2 6 9 2948 2698 2992
4844 2 2 6 9 2576 2595 2811
4845 2 2 6 9 2731 2950 2984
4846 2 2 6 9 2610 2616 2883
4847 2 2 6 9 2749 2690 2750
4848 2 2 6 9 2797 2874 2888
4849 2 2 6 9 2872 2748 2983
4850 2 2 6 9 2648 2797 3056
4851 2 2 6 9 2923 2782 2936
4852 2 2 6 9 2904 2702 2918
4853 2 2 6 9 2816 2704 2817
4854 2 2 6 9 2579 2590 2939
4855 2 2 6 9 2901 252 3017
4856 2 2 6 9 2672 2631 2916
4857 2 2 6 9 2889 2597 2929
4858 2 2 6 9 221 2749 3061
4859 2 2 6 9 2814 2633 3041
4860 2 2 6 9 2544 2785 3052
4861 2 2 6 9 2884 2558 2885
4862 2 2 6 9 2715 2811 2828
4863 2 2 6 9 2814 2793 2942
4864 2 2 6 9 2794 2812 2853
4865 2 2 6 9 2961 2948 2992
4866 2 2 6 9 2597 2816 2818
4867 2 2 6 9 3033 2791 3037
4868 2 2 6 9 2843 2676 2846
4869 2 2 6 9 2893 2810 2996
4870 2 2 6 9 222 2690 2749
4871 2 2 6 9 2788 2791 3025
4872 2 2 6 9 2787 2756 2869
4873 2 2 6 9 194 2582 2920
4874 2 2 6 9 2592 3033 3037
4875 2 2 6 9 2921 67 3027
4876 2 2 6 9 2727 2971 3000
4877 2 2 6 9 2889 2929 2987
4878 2 2 6 9 2813 2814 3041
4879 2 2 6 9 2916 2667 3008
4880 2 2 6 9 3025 2791 3033
4881 2 2 6 9 2625 2844 2990
4882 2 2 6 9 2877 2580 3046
4883 2 2 6 9 2676 2843 2845
4884 2 2 6 9 2811 2595 2828
4885 2 2 6 9 2824 2823 2825
4886 2 2 6 9 2785 2544 2966
4887 2 2 6 9 2602 2834 2907
4888 2 2 6 9 2699 2744 2923
4889 2 2 6 9 2802 2803 2804
4890 2 2 6 9 2689 2654 2869
4891 2 2 6 9 3056 2725 3067
4892 2 2 6 9 2858 2866 2967
4893 2 2 6 9 2536 2961 2992
4894 2 2 6 9 2631 2667 2916
4895 2 2 6 9 2879 2805 2979
4896 2 2 6 9 2900 2738 3022
4897 2 2 6 9 2580 2877 3028
4898 2 2 6 9 242 243 2812
4899 2 2 6 9 2991 2828 3049
4900 2 2 6 9 2844 2625 2998
4901 2 2 6 9 2748 2872 3008
4902 2 2 6 9 2828 2595 3049
4903 2 2 6 9 2581 2576 2811
4904 2 2 6 9 2597 2818 2929
4905 2 2 6 9 2746 2718 2935
4906 2 2 6 9 222 223 2690
4907 2 2 6 9 241 2681 2792
4908 2 2 6 9 2649 2799 3003
4909 2 2 6 9 221 222 2749
4910 2 2 6 9 2792 2793 2814
4911 2 2 6 9 2874 2614 2888
4912 2 2 6 9 2593 225 2801
4913 2 2 6 9 2632 3006 3065
4914 2 2 6 9 2630 2796 2835
4915 2 2 6 9 2792 2681 2793
4916 2 2 6 9 2735 227 2800
4917 2 2 6 9 2766 2778 2827
4918 2 2 6 9 2619 2933 2938
4919 2 2 6 9 224 225 2593
4920 2 2 6 9 240 2792 2813
4921 2 2 6 9 67 2921 2982
4922 2 2 6 9 2593 2801 2802
4923 2 2 6 9 2754 2879 3063
4924 2 2 6 9 2656 2879 2979
4925 2 2 6 9 2964 2632 3065
4926 2 2 6 9 2813 2792 2814
4927 2 2 6 9 2907 2834 3020
4928 2 2 6 9 2754 2873 2879
4929 2 2 6 9 2534 2528 2846
4930 2 2 6 9 2575 2579 2939
4931 2 2 6 9 2590 2839 2939
4932 2 2 6 9 2701 2538 2832
4933 2 2 6 9 2572 2592 2831
4934 2 2 6 9 2975 2745 2992
4935 2 2 6 9 2823 2821 2884
4936 2 2 6 9 183 184 2852
4937 2 2 6 9 2796 2630 3076
4938 2 2 6 9 3006 2868 3065
4939 2 2 6 9 2748 2747 2983
4940 2 2 6 9 2676 2534 2846
4941 2 2 6 9 2909 2918 3075
4942 2 2 6 9 2770 2777 2829
4943 2 2 6 9 2797 2725 3056
4944 2 2 6 9 2626 2867 3044
4945 2 2 6 9 241 242 2681
4946 2 2 6 9 184 2531 2852
4947 2 2 6 9 2818 2820 2929
4948 2 2 6 9 193 2920 2966
4949 2 2 6 9 2790 2928 3000
4950 2 2 6 9 2738 2900 3029
4951 2 2 6 9 2597 260 2816
4952 2 2 6 9 2657 2849 2851
4953 2 2 6 9 2933 2726 2938
4954 2 2 6 9 2695 2689 2755
4955 2 2 6 9 2929 2820 3069
4956 2 2 6 9 2875 2687 3047
4957 2 2 6 9 2649 73 2833
4958 2 2 6 9 259 260 2597
4959 2 2 6 9 2824 2825 2826
4960 2 2 6 9 2807 2876 2877
4961 2 2 6 9 2735 2800 3001
4962 2 2 6 9 2804 2803 2876
4963 2 2 6 9 2628 2635 2894
4964 2 2 6 9 2564 2788 3025
4965 2 2 6 9 2914 2672 2916
4966 2 2 6 9 2590 2600 2839
4967 2 2 6 9 2674 2654 2689
4968 2 2 6 9 2822 2671 2970
4969 2 2 6 9 2744 2815 2923
4970 2 2 6 9 228 229 2911
4971 2 2 6 9 2843 2846 2990
4972 2 2 6 9 243 244 2688
4973 2 2 6 9 2665 2628 2894
4974 2 2 6 9 2540 2815 3039
4975 2 2 6 9 2714 2715 2759
4976 2 2 6 9 2759 2760 2761
4977 2 2 6 9 2714 2677 2715
4978 2 2 6 9 2678 2713 2970
4979 2 2 6 9 2788 2564 3040
4980 2 2 6 9 2750 2751 2752
4981 2 2 6 9 2862 2703 2895
4982 2 2 6 9 2600 2651 2839
4983 2 2 6 9 2759 2715 2760
4984 2 2 6 9 2538 2541 2832
4985 2 2 6 9 2866 2902 2967
4986 2 2 6 9 22 170 3021
4987 2 2 6 9 226 227 2735
4988 2 2 6 9 2806 2807 2808
4989 2 2 6 9 2806 2804 2807
4990 2 2 6 9 240 241 2792
4991 2 2 6 9 238 239 2899
4992 2 2 6 9 227 228 2800
4993 2 2 6 9 2928 2790 3055
4994 2 2 6 9 2676 2845 2947
4995 2 2 6 9 2805 2804 2806
4996 2 2 6 9 2761 2760 2762
4997 2 2 6 9 2857 2535 2866
4998 2 2 6 9 2890 2891 2892
4999 2 2 6 9 2695 2755 2785
5000 2 2 6 9 261 262 2704
5001 2 2 6 9 3026 2784 3064
5002 2 2 6 9 2701 2832 3042
5003 2 2 6 9 2762 2764 2780
5004 2 2 6 9 239 240 2813
5005 2 2 6 9 27 2521 2899
5006 2 2 6 9 2755 2689 2756
5007 2 2 6 9 2755 2756 2757
5008 2 2 6 9 2809 2848 2883
5009 2 2 6 9 2504 28 2911
5010 2 2 6 9 2764 2766 2827
5011 2 2 6 9 2595 2574 2831
5012 2 2 6 9 2674 2689 2695
5013 2 2 6 9 2840 2774 2841
5014 2 2 6 9 2574 2572 2831
5015 2 2 6 9 2780 2764 2827
5016 2 2 6 9 2784 2783 3064
5017 2 2 6 9 2881 2852 2931
5018 2 2 6 9 182 183 2596
5019 2 2 6 9 2863 2583 2982
5020 2 2 6 9 2583 2863 3073
5021 2 2 6 9 2787 2869 3056
5022 2 2 6 9 2596 183 2852
5023 2 2 6 9 2876 2803 2878
5024 2 2 6 9 250 2535 2857
5025 2 2 6 9 67 66 3027
5026 2 2 6 9 2807 2877 2965
5027 2 2 6 9 2576 2574 2595
5028 2 2 6 9 2677 2581 2811
5029 2 2 6 9 2840 2841 2844
5030 2 2 6 9 2742 2830 2931
5031 2 2 6 9 262 22 3021
5032 2 2 6 9 2807 2804 2876
5033 2 2 6 9 2815 2540 3038
5034 2 2 6 9 2915 2914 2916
5035 2 2 6 9 2777 2840 2993
5036 2 2 6 9 2810 2532 3048
5037 2 2 6 9 182 2596 2854
5038 2 2 6 9 2706 2707 2708
5039 2 2 6 9 2617 2808 3042
5040 2 2 6 9 2766 2768 2778
5041 2 2 6 9 2618 2613 2648
5042 2 2 6 9 2693 2710 2743
5043 2 2 6 9 2772 2774 2840
5044 2 2 6 9 2711 2742 2834
5045 2 2 6 9 2673 2692 2711
5046 2 2 6 9 2685 2677 2714
5047 2 2 6 9 2768 2770 2829
5048 2 2 6 9 2971 2790 3000
5049 2 2 6 9 2725 2724 2810
5050 2 2 6 9 2821 2819 2867
5051 2 2 6 9 2743 2710 2909
5052 2 2 6 9 72 2537 2833
5053 2 2 6 9 2712 2711 2724
5054 2 2 6 9 2572 2570 2592
5055 2 2 6 9 2822 2821 2823
5056 2 2 6 9 2815 2744 3039
5057 2 2 6 9 3035 3026 3064
5058 2 2 6 9 2947 2845 2960
5059 2 2 6 9 2778 2768 2829
5060 2 2 6 9 2770 2772 2777
5061 2 2 6 9 2849 2826 2850
5062 2 2 6 9 2627 2665 2673
5063 2 2 6 9 2818 2817 2819
5064 2 2 6 9 2591 2581 2677
5065 2 2 6 9 2757 2758 2856
5066 2 2 6 9 74 73 2649
5067 2 2 6 9 2638 2666 2706
5068 2 2 6 9 2687 76 2988
5069 2 2 6 9 2827 2778 3004
5070 2 2 6 9 2869 2648 3056
5071 2 2 6 9 2806 2808 2809
5072 2 2 6 9 2537 2871 2872
5073 2 2 6 9 2601 2857 2858
5074 2 2 6 9 2882 2752 3019
5075 2 2 6 9 77 76 2687
5076 2 2 6 9 2777 2772 2840
5077 2 2 6 9 3057 2798 3066
5078 2 2 6 9 2703 247 2895
5079 2 2 6 9 2969 2795 3076
5080 2 2 6 9 258 259 2889
5081 2 2 6 9 2820 2819 2821
5082 2 2 6 9 2762 2763 2764
5083 2 2 6 9 2817 2704 2925
5084 2 2 6 9 2621 2623 2670
5085 2 2 6 9 2673 2711 2712
5086 2 2 6 9 2551 2604 2896
5087 2 2 6 9 2802 2804 2805
5088 2 2 6 9 2629 2656 3024
5089 2 2 6 9 2724 2711 2834
5090 2 2 6 9 2757 2756 2758
5091 2 2 6 9 2854 2596 2855
5092 2 2 6 9 2711 2692 2742
5093 2 2 6 9 2673 2712 2888
5094 2 2 6 9 2606 2607 2608
5095 2 2 6 9 2903 2975 2985
5096 2 2 6 9 2728 2974 2989
5097 2 2 6 9 2858 2857 2866
5098 2 2 6 9 2541 2545 2552
5099 2 2 6 9 2761 2762 2922
5100 2 2 6 9 2712 2724 2725
5101 2 2 6 9 2608 2609 2610
5102 2 2 6 9 2715 2677 2811
5103 2 2 6 9 72 71 2537
5104 2 2 6 9 2552 2606 2617
5105 2 2 6 9 2712 2797 2888
5106 2 2 6 9 2552 2605 2606
5107 2 2 6 9 2651 2693 2839
5108 2 2 6 9 2611 2614 2874
5109 2 2 6 9 2610 2611 2613
5110 2 2 6 9 2750 2752 2882
5111 2 2 6 9 2673 2665 2692
5112 2 2 6 9 2728 2727 2974
5113 2 2 6 9 2593 2802 2873
5114 2 2 6 9 2541 2552 2832
5115 2 2 6 9 2773 2779 2870
5116 2 2 6 9 2599 2732 3006
5117 2 2 6 9 2706 2666 2707
5118 2 2 6 9 2785 2755 3052
5119 2 2 6 9 2537 71 2871
5120 2 2 6 9 2859 2858 2860
5121 2 2 6 9 2635 2638 2894
5122 2 2 6 9 2757 2856 2937
5123 2 2 6 9 2872 2915 3008
5124 2 2 6 9 2614 2627 2888
5125 2 2 6 9 256 257 2540
5126 2 2 6 9 2583 2865 2994
5127 2 2 6 9 2601 249 2857
5128 2 2 6 9 2610 2609 2611
5129 2 2 6 9 2764 2765 2766
5130 2 2 6 9 2648 2613 2874
5131 2 2 6 9 253 254 2536
5132 2 2 6 9 250 251 2535
5133 2 2 6 9 2824 2826 2849
5134 2 2 6 9 2608 2607 2609
5135 2 2 6 9 2606 2608 2848
5136 2 2 6 9 73 72 2833
5137 2 2 6 9 2693 2694 2710
5138 2 2 6 9 2750 2690 2751
5139 2 2 6 9 2841 2842 2843
5140 2 2 6 9 2690 223 2753
5141 2 2 6 9 2651 2683 2693
5142 2 2 6 9 2825 2823 2884
5143 2 2 6 9 2670 2623 2741
5144 2 2 6 9 77 2687 2875
5145 2 2 6 9 2833 2537 2983
5146 2 2 6 9 181 182 2854
5147 2 2 6 9 2703 2862 2921
5148 2 2 6 9 2766 2767 2768
5149 2 2 6 9 2878 2662 2949
5150 2 2 6 9 2606 2605 2607
5151 2 2 6 9 2693 2743 2839
5152 2 2 6 9 2958 230 2962
5153 2 2 6 9 2654 2618 2869
5154 2 2 6 9 2533 2538 2701
5155 2 2 6 9 2601 2859 2895
5156 2 2 6 9 2601 2858 2859
5157 2 2 6 9 2772 2773 2774
5158 2 2 6 9 248 249 2601
5159 2 2 6 9 2529 2844 2998
5160 2 2 6 9 2749 2750 3054
5161 2 2 6 9 2825 2884 2885
5162 2 2 6 9 2620 2585 2917
5163 2 2 6 9 2768 2769 2770
5164 2 2 6 9 2714 2759 2868
5165 2 2 6 9 2527 181 2854
5166 2 2 6 9 2535 251 3030
5167 2 2 6 9 30 2508 2528
5168 2 2 6 9 2770 2771 2772
5169 2 2 6 9 2859 2862 2895
5170 2 2 6 9 2863 2861 2864
5171 2 2 6 9 2780 2827 2900
5172 2 2 6 9 2739 2837 3002
5173 2 2 6 9 2810 3048 3067
5174 2 2 6 9 249 250 2857
5175 2 2 6 9 2688 244 2847
5176 2 2 6 9 2852 2531 2931
5177 2 2 6 9 2829 2777 2980
5178 2 2 6 9 2552 2545 2605
5179 2 2 6 9 224 2593 3014
5180 2 2 6 9 2849 2850 2851
5181 2 2 6 9 30 2533 2887
5182 2 2 6 9 2762 2760 2763
5183 2 2 6 9 2878 2803 3015
5184 2 2 6 9 2552 2617 2832
5185 2 2 6 9 244 245 2847
5186 2 2 6 9 2793 2794 2795
5187 2 2 6 9 2613 2611 2874
5188 2 2 6 9 3001 2878 3015
5189 2 2 6 9 2591 2677 2685
5190 2 2 6 9 2730 2855 3053
5191 2 2 6 9 2864 2861 2897
5192 2 2 6 9 2517 29 2738
5193 2 2 6 9 2868 2732 2959
5194 2 2 6 9 2571 2570 2572
5195 2 2 6 9 2859 2860 2861
5196 2 2 6 9 2850 2826 3016
5197 2 2 6 9 2732 2868 3006
5198 2 2 6 9 246 247 2703
5199 2 2 6 9 71 70 2871
5200 2 2 6 9 2627 2673 2888
5201 2 2 6 9 2569 2568 2570
5202 2 2 6 9 2617 2606 2848
5203 2 2 6 9 2618 2648 2869
5204 2 2 6 9 2841 2774 2842
5205 2 2 6 9 2555 2551 2896
5206 2 2 6 9 2553 2548 2928
5207 2 2 6 9 184 185 2531
5208 2 2 6 9 2764 2763 2765
5209 2 2 6 9 2546 2553 2912
5210 2 2 6 9 246 2703 3027
5211 2 2 6 9 2638 2706 2894
5212 2 2 6 9 2658 2660 2671
5213 2 2 6 9 2919 2752 3012
5214 2 2 6 9 230 231 2962
5215 2 2 6 9 2894 2706 2957
5216 2 2 6 9 2910 2696 3035
5217 2 2 6 9 2867 2819 3044
5218 2 2 6 9 2638 2639 2666
5219 2 2 6 9 2614 2615 2627
5220 2 2 6 9 2567 2565 2568
5221 2 2 6 9 2627 2628 2665
5222 2 2 6 9 2707 2716 2730
5223 2 2 6 9 2611 2612 2614
5224 2 2 6 9 2816 2817 2818
5225 2 2 6 9 2820 2821 2822
5226 2 2 6 9 2560 2555 2564
5227 2 2 6 9 2810 2724 2996
5228 2 2 6 9 2774 2773 2870
5229 2 2 6 9 2710 2903 2904
5230 2 2 6 9 2693 2683 2694
5231 2 2 6 9 2843 2842 2845
5232 2 2 6 9 2657 2851 3031
5233 2 2 6 9 2758 2756 2787
5234 2 2 6 9 2965 2701 3042
5235 2 2 6 9 2766 2765 2767
5236 2 2 6 9 2834 2742 3020
5237 2 2 6 9 69 68 2583
5238 2 2 6 9 2596 2852 2881
5239 2 2 6 9 2635 2637 2638
5240 2 2 6 9 2664 2624 2702
5241 2 2 6 9 2641 2644 2913
5242 2 2 6 9 2710 2694 2903
5243 2 2 6 9 248 2601 2895
5244 2 2 6 9 78 77 2875
5245 2 2 6 9 2624 2620 2917
5246 2 2 6 9 2897 2672 2914
5247 2 2 6 9 2551 2549 2604
5248 2 2 6 9 180 181 2527
5249 2 2 6 9 188 189 2532
5250 2 2 6 9 2619 2621 2933
5251 2 2 6 9 2725 2810 3067
5252 2 2 6 9 2866 2535 2997
5253 2 2 6 9 2768 2767 2769
5254 2 2 6 9 247 248 2895
5255 2 2 6 9 2641 2643 2644
5256 2 2 6 9 2772 2771 2773
5257 2 2 6 9 2564 2555 2896
5258 2 2 6 9 2826 2825 2986
5259 2 2 6 9 2730 2731 2880
5260 2 2 6 9 2645 2647 2657
5261 2 2 6 9 2696 2910 3051
5262 2 2 6 9 2770 2769 2771
5263 2 2 6 9 2573 2572 2574
5264 2 2 6 9 237 2941 2952
5265 2 2 6 9 2678 2691 2713
5266 2 2 6 9 2712 2725 2797
5267 2 2 6 9 2933 2670 3036
5268 2 2 6 9 2655 2654 2674
5269 2 2 6 9 2554 2561 2908
5270 2 2 6 9 255 3057 3066
5271 2 2 6 9 2786 2785 2920
5272 2 2 6 9 2862 2861 2863
5273 2 2 6 9 2860 2858 2967
5274 2 2 6 9 2503 2958 2962
5275 2 2 6 9 2861 2860 2897
5276 2 2 6 9 2864 2865 3073
5277 2 2 6 9 2575 2574 2576
5278 2 2 6 9 2742 2931 3020
5279 2 2 6 9 2541 2542 2545
5280 2 2 6 9 2818 2819 2820
5281 2 2 6 9 2855 2596 2881
5282 2 2 6 9 2941 2522 2952
5283 2 2 6 9 2611 2609 2612
5284 2 2 6 9 2600 2650 2651
5285 2 2 6 9 2965 2877 3070
5286 2 2 6 9 231 232 2955
5287 2 2 6 9 191 192 2544
5288 2 2 6 9 30 2528 2533
5289 2 2 6 9 2538 2539 2541
5290 2 2 6 9 2742 2692 2830
5291 2 2 6 9 179 180 2890
5292 2 2 6 9 2741 2782 2910
5293 2 2 6 9 2714 2868 2959
5294 2 2 6 9 2509 2510 2625
5295 2 2 6 9 2702 2917 2918
5296 2 2 6 9 74 2649 3032
5297 2 2 6 9 2859 2861 2862
5298 2 2 6 9 2546 2548 2553
5299 2 2 6 9 2864 2897 2914
5300 2 2 6 9 187 188 2893
5301 2 2 6 9 180 2527 2890
5302 2 2 6 9 2579 2576 2581
5303 2 2 6 9 2651 2682 2683
5304 2 2 6 9 236 237 2952
5305 2 2 6 9 2918 2917 2953
5306 2 2 6 9 2550 2554 2908
5307 2 2 6 9 2707 2666 2716
5308 2 2 6 9 2569 2570 2571
5309 2 2 6 9 2554 2559 2561
5310 2 2 6 9 2589 2581 2591
5311 2 2 6 9 2567 2568 2569
5312 2 2 6 9 2607 2605 2723
5313 2 2 6 9 2533 2701 2887
5314 2 2 6 9 2631 2594 2667
5315 2 2 6 9 2844 2841 2990
5316 2 2 6 9 188 2532 2893
5317 2 2 6 9 2911 229 2958
5318 2 2 6 9 2702 2624 2917
5319 2 2 6 9 229 230 2958
5320 2 2 6 9 2638 2637 2639
5321 2 2 6 9 2560 2564 2565
5322 2 2 6 9 2762 2780 2922
5323 2 2 6 9 2873 2805 2879
5324 2 2 6 9 2621 2670 2933
5325 2 2 6 9 2616 2613 2618
5326 2 2 6 9 2793 2795 2942
5327 2 2 6 9 2897 2860 2924
5328 2 2 6 9 238 2899 2941
5329 2 2 6 9 2629 2618 2654
5330 2 2 6 9 2533 2534 2538
5331 2 2 6 9 2750 2882 3054
5332 2 2 6 9 2614 2612 2615
5333 2 2 6 9 2730 2716 2731
5334 2 2 6 9 2592 2570 3033
5335 2 2 6 9 2694 2720 2722
5336 2 2 6 9 2511 2512 2529
5337 2 2 6 9 2512 2513 2906
5338 2 2 6 9 2627 2615 2628
5339 2 2 6 9 2846 2528 2976
5340 2 2 6 9 2513 2514 2603
5341 2 2 6 9 2644 2643 2645
5342 2 2 6 9 2710 2904 2909
5343 2 2 6 9 2604 2549 2960
5344 2 2 6 9 2514 2515 2905
5345 2 2 6 9 2695 2785 2786
5346 2 2 6 9 2515 2516 2530
5347 2 2 6 9 259 2597 2889
5348 2 2 6 9 231 2955 2962
5349 2 2 6 9 232 233 2944
5350 2 2 6 9 2721 2700 2789
5351 2 2 6 9 2717 2685 2718
5352 2 2 6 9 2694 2722 2903
5353 2 2 6 9 2862 2863 2921
5354 2 2 6 9 2773 2775 2779
5355 2 2 6 9 2609 2607 2898
5356 2 2 6 9 2719 2718 2746
5357 2 2 6 9 2548 2550 2928
5358 2 2 6 9 2636 2634 2700
5359 2 2 6 9 2865 2583 3073
5360 2 2 6 9 2588 2922 3022
5361 2 2 6 9 2599 2669 2732
5362 2 2 6 9 2871 70 2994
5363 2 2 6 9 2651 2650 2682
5364 2 2 6 9 186 187 2602
5365 2 2 6 9 2621 2622 2623
5366 2 2 6 9 2722 2740 2745
5367 2 2 6 9 2672 2897 2924
5368 2 2 6 9 2877 2876 3028
5369 2 2 6 9 2524 2525 2927
5370 2 2 6 9 235 236 2940
5371 2 2 6 9 2680 2679 2727
5372 2 2 6 9 2868 2759 3065
5373 2 2 6 9 2571 2572 2573
5374 2 2 6 9 2780 2900 3022
5375 2 2 6 9 190 191 2937
5376 2 2 6 9 237 238 2941
5377 2 2 6 9 2566 2585 2619
5378 2 2 6 9 2666 2639 2913
5379 2 2 6 9 185 186 2907
5380 2 2 6 9 2642 2640 2679
5381 2 2 6 9 2842 2774 2870
5382 2 2 6 9 2763 2828 2991
5383 2 2 6 9 2561 2559 2726
5384 2 2 6 9 2694 2683 2720
5385 2 2 6 9 2607 2723 2898
5386 2 2 6 9 2531 185 2907
5387 2 2 6 9 2619 2620 2621
5388 2 2 6 9 2525 2526 2934
5389 2 2 6 9 2550 2908 2928
5390 2 2 6 9 2521 2522 2941
5391 2 2 6 9 177 178 2543
5392 2 2 6 9 2566 2619 2938
5393 2 2 6 9 2767 2765 2776
5394 2 2 6 9 2733 2686 2734
5395 2 2 6 9 2663 2697 2699
5396 2 2 6 9 2683 2682 2902
5397 2 2 6 9 2788 2775 2791
5398 2 2 6 9 2773 2771 2775
5399 2 2 6 9 2661 2659 2696
5400 2 2 6 9 2650 2631 2672
5401 2 2 6 9 2805 2806 2979
5402 2 2 6 9 2679 2640 2943
5403 2 2 6 9 2837 2739 3045
5404 2 2 6 9 2802 2805 2873
5405 2 2 6 9 2747 2746 2799
5406 2 2 6 9 2970 2713 3069
5407 2 2 6 9 2657 2647 2658
5408 2 2 6 9 233 234 2934
5409 2 2 6 9 2600 2631 2650
5410 2 2 6 9 253 2536 3017
5411 2 2 6 9 2722 2720 2740
5412 2 2 6 9 2610 2613 2616
5413 2 2 6 9 2699 2709 2744
5414 2 2 6 9 2741 2623 2782
5415 2 2 6 9 2566 2565 2567
5416 2 2 6 9 191 2544 2937
5417 2 2 6 9 2839 2743 2939
5418 2 2 6 9 2675 2919 3012
5419 2 2 6 9 2503 2504 2958
5420 2 2 6 9 2671 2824 3007
5421 2 2 6 9 2541 2539 2542
5422 2 2 6 9 2559 2555 2560
5423 2 2 6 9 2887 2877 3046
5424 2 2 6 9 2600 2594 2631
5425 2 2 6 9 2523 2524 2940
5426 2 2 6 9 2545 2542 2546
5427 2 2 6 9 2700 2634 2954
5428 2 2 6 9 2713 2929 3069
5429 2 2 6 9 2639 2640 2641
5430 2 2 6 9 2667 2594 2932
5431 2 2 6 9 232 2944 2955
5432 2 2 6 9 2719 2747 2748
5433 2 2 6 9 2612 2609 2898
5434 2 2 6 9 2882 2582 2956
5435 2 2 6 9 2639 2641 2913
5436 2 2 6 9 2591 2685 2717
5437 2 2 6 9 2635 2636 2637
5438 2 2 6 9 2590 2594 2600
5439 2 2 6 9 234 235 2927
5440 2 2 6 9 257 258 2999
5441 2 2 6 9 2554 2551 2555
5442 2 2 6 9 2927 2525 2934
5443 2 2 6 9 2793 2681 2794
5444 2 2 6 9 2719 2746 2747
5445 2 2 6 9 2697 2664 2698
5446 2 2 6 9 2720 2683 2902
5447 2 2 6 9 2692 2665 2957
5448 2 2 6 9 2779 2775 2788
5449 2 2 6 9 2628 2634 2635
5450 2 2 6 9 2702 2904 2985
5451 2 2 6 9 2663 2624 2664
5452 2 2 6 9 2526 2501 2944
5453 2 2 6 9 2636 2700 2721
5454 2 2 6 9 2623 2622 2936
5455 2 2 6 9 2745 2740 2901
5456 2 2 6 9 2721 2789 2790
5457 2 2 6 9 2717 2718 2719
5458 2 2 6 9 2867 2626 3010
5459 2 2 6 9 2808 2807 2965
5460 2 2 6 9 2573 2574 2575
5461 2 2 6 9 2589 2591 2932
5462 2 2 6 9 2605 2545 2912
5463 2 2 6 9 2716 2666 2913
5464 2 2 6 9 2904 2903 2985
5465 2 2 6 9 2590 2589 2594
5466 2 2 6 9 2639 2637 2640
5467 2 2 6 9 2548 2547 2549
5468 2 2 6 9 2550 2549 2551
5469 2 2 6 9 2622 2620 2624
5470 2 2 6 9 2602 187 2893
5471 2 2 6 9 2641 2642 2643
5472 2 2 6 9 2524 2927 2940
5473 2 2 6 9 2560 2565 2566
5474 2 2 6 9 2940 236 2952
5475 2 2 6 9 2536 254 3066
5476 2 2 6 9 2575 2576 2579
5477 2 2 6 9 2539 2534 2676
5478 2 2 6 9 2769 2767 2926
5479 2 2 6 9 2529 2512 2906
5480 2 2 6 9 2527 2854 3011
5481 2 2 6 9 2546 2542 2547
5482 2 2 6 9 2619 2585 2620
5483 2 2 6 9 2578 2587 2632
5484 2 2 6 9 2538 2534 2539
5485 2 2 6 9 2513 2603 2906
5486 2 2 6 9 2628 2615 2634
5487 2 2 6 9 2603 2514 2905
5488 2 2 6 9 2579 2581 2589
5489 2 2 6 9 2515 2530 2905
5490 2 2 6 9 21 221 3061
5491 2 2 6 9 2934 2526 2944
5492 2 2 6 9 2680 2727 2728
5493 2 2 6 9 2642 2679 2680
5494 2 2 6 9 2545 2546 2912
5495 2 2 6 9 2665 2894 2957
5496 2 2 6 9 2522 2523 2952
5497 2 2 6 9 2680 2728 2729
5498 2 2 6 9 2727 2679 2971
5499 2 2 6 9 2975 2698 2985
5500 2 2 6 9 2566 2567 2585
5501 2 2 6 9 2635 2634 2636
5502 2 2 6 9 2557 2563 2588
5503 2 2 6 9 2546 2547 2548
5504 2 2 6 9 2547 2947 2960
5505 2 2 6 9 2663 2664 2697
5506 2 2 6 9 2645 2643 2646
5507 2 2 6 9 2699 2697 2709
5508 2 2 6 9 2737 2684 2739
5509 2 2 6 9 2579 2589 2590
5510 2 2 6 9 2744 2709 2798
5511 2 2 6 9 2621 2620 2622
5512 2 2 6 9 2707 2730 3053
5513 2 2 6 9 2554 2555 2559
5514 2 2 6 9 2723 2605 2912
5515 2 2 6 9 2653 2835 2836
5516 2 2 6 9 2501 2502 2955
5517 2 2 6 9 2641 2640 2642
5518 2 2 6 9 2937 2856 3059
5519 2 2 6 9 2591 2717 2932
5520 2 2 6 9 2548 2549 2550
5521 2 2 6 9 2622 2624 2663
5522 2 2 6 9 2789 2700 2981
5523 2 2 6 9 2718 2685 2959
5524 2 2 6 9 2771 2769 2930
5525 2 2 6 9 233 2934 2944
5526 2 2 6 9 2550 2551 2554
5527 2 2 6 9 2523 2940 2952
5528 2 2 6 9 2733 2734 2815
5529 2 2 6 9 2732 2669 2935
5530 2 2 6 9 2645 2646 2647
5531 2 2 6 9 2729 2783 2784
5532 2 2 6 9 2588 3022 3072
5533 2 2 6 9 2685 2714 2959
5534 2 2 6 9 2650 2672 2924
5535 2 2 6 9 2795 2794 2796
5536 2 2 6 9 2682 2650 2924
5537 2 2 6 9 2944 2501 2955
5538 2 2 6 9 2787 3056 3067
5539 2 2 6 9 2729 2728 2783
5540 2 2 6 9 2927 235 2940
5541 2 2 6 9 2571 2573 2584
5542 2 2 6 9 2567 2569 2953
5543 2 2 6 9 2696 2659 2946
5544 2 2 6 9 2880 2527 3011
5545 2 2 6 9 186 2602 2907
5546 2 2 6 9 68 67 2982
5547 2 2 6 9 2655 2674 2675
5548 2 2 6 9 2532 2856 3048
5549 2 2 6 9 2502 2503 2962
5550 2 2 6 9 2681 242 2812
5551 2 2 6 9 2594 2589 2932
5552 2 2 6 9 2917 2585 2953
5553 2 2 6 9 69 2583 2994
5554 2 2 6 9 2751 2753 2754
5555 2 2 6 9 2658 2659 2660
5556 2 2 6 9 2519 2520 2633
5557 2 2 6 9 2663 2699 2936
5558 2 2 6 9 2675 2674 2919
5559 2 2 6 9 2544 192 2966
5560 2 2 6 9 2767 2776 2926
5561 2 2 6 9 2558 2867 3010
5562 2 2 6 9 234 2927 2934
5563 2 2 6 9 2782 2623 2936
5564 2 2 6 9 2939 2743 3005
5565 2 2 6 9 2915 2872 3043
5566 2 2 6 9 2830 2692 2957
5567 2 2 6 9 2856 2532 3059
5568 2 2 6 9 2871 2994 3043
5569 2 2 6 9 2791 2775 2930
5570 2 2 6 9 2783 2728 2989
5571 2 2 6 9 2645 2657 3031
5572 2 2 6 9 3044 2925 3060
5573 2 2 6 9 2622 2663 2936
5574 2 2 6 9 2705 2737 3003
5575 2 2 6 9 2664 2702 2985
5576 2 2 6 9 2658 2647 2659
5577 2 2 6 9 2974 2727 3000
5578 2 2 6 9 2961 2536 3066
5579 2 2 6 9 2815 2734 2923
5580 2 2 6 9 2899 2521 2941
5581 2 2 6 9 2955 2502 2962
5582 2 2 6 9 2518 2519 2945
5583 2 2 6 9 174 175 2558
5584 2 2 6 9 2660 2661 2678
5585 2 2 6 9 2669 2684 2705
5586 2 2 6 9 2775 2771 2930
5587 2 2 6 9 172 173 2626
5588 2 2 6 9 2722 2745 2975
5589 2 2 6 9 2560 2566 2938
5590 2 2 6 9 2881 2931 3071
5591 2 2 6 9 2674 2695 2919
5592 2 2 6 9 192 193 2966
5593 2 2 6 9 2662 2878 3001
5594 2 2 6 9 2616 2618 2629
5595 2 2 6 9 2585 2567 2953
5596 2 2 6 9 2506 2507 2580
5597 2 2 6 9 29 2556 2557
5598 2 2 6 9 245 5 3034
5599 2 2 6 9 2678 2686 2691
5600 2 2 6 9 2559 2560 2938
5601 2 2 6 9 2557 2562 2563
5602 2 2 6 9 2849 2657 3007
5603 2 2 6 9 2769 2926 2930
5604 2 2 6 9 2640 2637 2943
5605 2 2 6 9 29 2518 2556
5606 2 2 6 9 2803 2801 3015
5607 2 2 6 9 2751 2754 3012
5608 2 2 6 9 2637 2636 2943
5609 2 2 6 9 5 78 3034
5610 2 2 6 9 2505 2506 2949
5611 2 2 6 9 2629 2654 2655
5612 2 2 6 9 2705 2684 2737
5613 2 2 6 9 2660 2659 2661
5614 2 2 6 9 2509 2625 2976
5615 2 2 6 9 2833 2983 3062
5616 2 2 6 9 2647 2646 2946
5617 2 2 6 9 2669 2652 2684
5618 2 2 6 9 2599 2652 2669
5619 2 2 6 9 2629 2655 2656
5620 2 2 6 9 2726 2559 2938
5621 2 2 6 9 28 2505 2662
5622 2 2 6 9 2549 2547 2960
5623 2 2 6 9 2913 2644 2950
5624 2 2 6 9 2737 2739 2886
5625 2 2 6 9 2669 2705 2935
5626 2 2 6 9 2697 2698 2948
5627 2 2 6 9 2731 2716 2950
5628 2 2 6 9 2678 2661 2686
5629 2 2 6 9 2533 2528 2534
5630 2 2 6 9 2565 2564 3025
5631 2 2 6 9 2539 2676 2947
5632 2 2 6 9 2924 2860 2967
5633 2 2 6 9 2547 2542 2947
5634 2 2 6 9 2652 2598 2653
5635 2 2 6 9 2831 2592 3018
5636 2 2 6 9 2695 2786 2919
5637 2 2 6 9 2691 2686 2733
5638 2 2 6 9 2636 2721 2943
5639 2 2 6 9 2586 2577 2630
5640 2 2 6 9 2504 2911 2958
5641 2 2 6 9 2615 2612 2954
5642 2 2 6 9 2826 2986 3016
5643 2 2 6 9 2562 2556 2736
5644 2 2 6 9 2719 2748 2968
5645 2 2 6 9 2838 2995 3047
5646 2 2 6 9 2837 2836 2838
5647 2 2 6 9 2653 2836 2837
5648 2 2 6 9 2781 2889 2987
5649 2 2 6 9 2542 2539 2947
5650 2 2 6 9 2855 2730 3011
5651 2 2 6 9 2830 2708 3071
5652 2 2 6 9 2691 2733 2781
5653 2 2 6 9 2950 2644 3031
5654 2 2 6 9 2643 2642 2951
5655 2 2 6 9 2634 2615 2954
5656 2 2 6 9 194 195 2582
5657 2 2 6 9 2680 2729 2951
5658 2 2 6 9 2646 2643 2951
5659 2 2 6 9 2716 2913 2950
5660 2 2 6 9 2709 2697 2948
5661 2 2 6 9 2997 2535 3030
5662 2 2 6 9 2918 2953 2973
5663 2 2 6 9 2612 2898 2954
5664 2 2 6 9 2599 2598 2652
5665 2 2 6 9 2798 2709 2961
5666 2 2 6 9 2604 2960 2972
5667 2 2 6 9 2928 2908 3000
5668 2 2 6 9 2625 2510 2998
5669 2 2 6 9 2682 2924 2967
5670 2 2 6 9 2587 2598 2599
5671 2 2 6 9 2642 2680 2951
5672 2 2 6 9 2659 2647 2946
5673 2 2 6 9 2920 2785 2966
5674 2 2 6 9 2842 2870 2972
5675 2 2 6 9 2972 2870 3009
5676 2 2 6 9 195 196 2956
5677 2 2 6 9 2563 2562 2577
5678 2 2 6 9 2851 2850 2984
5679 2 2 6 9 2902 2682 2967
5680 2 2 6 9 2932 2717 2968
5681 2 2 6 9 2587 2586 2598
5682 2 2 6 9 2563 2577 2578
5683 2 2 6 9 2900 2530 3029
5684 2 2 6 9 2890 2892 3074
5685 2 2 6 9 2532 189 3059
5686 2 2 6 9 2885 176 3023
5687 2 2 6 9 2511 2529 2998
5688 2 2 6 9 2578 2632 2964
5689 2 2 6 9 2778 2829 2977
5690 2 2 6 9 2578 2586 2587
5691 2 2 6 9 2834 2602 2996
5692 2 2 6 9 2734 2686 3051
5693 2 2 6 9 2582 2882 3019
5694 2 2 6 9 2765 2763 2991
5695 2 2 6 9 2717 2719 2968
5696 2 2 6 9 2660 2678 2970
5697 2 2 6 9 197 198 2963
5698 2 2 6 9 196 197 2668
5699 2 2 6 9 2667 2932 2968
5700 2 2 6 9 2709 2948 2961
5701 2 2 6 9 2789 2981 3013
5702 2 2 6 9 2679 2943 2971
5703 2 2 6 9 2912 2553 3013
5704 2 2 6 9 2960 2845 2972
5705 2 2 6 9 2705 3003 3068
5706 2 2 6 9 2751 2690 2753
5707 2 2 6 9 2817 2925 3044
5708 2 2 6 9 2528 2508 2976
5709 2 2 6 9 2892 2543 3074
5710 2 2 6 9 2571 2584 2973
5711 2 2 6 9 2557 2556 2562
5712 2 2 6 9 2925 171 3060
5713 2 2 6 9 2974 2561 2989
5714 2 2 6 9 2578 2577 2586
5715 2 2 6 9 179 2890 3074
5716 2 2 6 9 2658 2671 3007
5717 2 2 6 9 2980 2777 2993
5718 2 2 6 9 2870 2779 3009
5719 2 2 6 9 2796 2853 3058
5720 2 2 6 9 2646 2951 2978
5721 2 2 6 9 2953 2569 2973
5722 2 2 6 9 2910 2734 3051
5723 2 2 6 9 2925 2704 3021
5724 2 2 6 9 2943 2721 2971
5725 2 2 6 9 2863 2864 3073
5726 2 2 6 9 2537 2872 2983
5727 2 2 6 9 29 2557 3072
5728 2 2 6 9 2508 2509 2976
5729 2 2 6 9 2720 2902 2997
5730 2 2 6 9 2588 2563 2964
5731 2 2 6 9 2530 2516 3029
5732 2 2 6 9 2845 2842 2972
5733 2 2 6 9 30 2887 3046
5734 2 2 6 9 2850 2891 2984
5735 2 2 6 9 2700 2954 2981
5736 2 2 6 9 190 2937 3059
5737 2 2 6 9 2872 2871 3043
5738 2 2 6 9 2519 2633 2945
5739 2 2 6 9 2721 2790 2971
5740 2 2 6 9 2951 2729 2978
5741 2 2 6 9 2507 30 3046
5742 2 2 6 9 2569 2571 2973
5743 2 2 6 9 2671 2660 2970
5744 2 2 6 9 2729 2784 2978
5745 2 2 6 9 2841 2843 2990
5746 2 2 6 9 2995 2836 3058
5747 2 2 6 9 2543 178 3074
5748 2 2 6 9 2908 2561 2974
5749 2 2 6 9 2921 2863 2982
5750 2 2 6 9 2704 262 3021
5751 2 2 6 9 2902 2866 2997
5752 2 2 6 9 2920 2582 3019
5753 2 2 6 9 2556 2518 2945
5754 2 2 6 9 2806 2809 2979
5755 2 2 6 9 2583 68 2982
5756 2 2 6 9 2835 2653 3050
5757 2 2 6 9 2739 2684 3045
5758 2 2 6 9 171 172 3060
5759 2 2 6 9 2881 2708 3053
5760 2 2 6 9 2988 2739 3002
5761 2 2 6 9 2563 2578 2964
5762 2 2 6 9 2931 2531 3020
5763 2 2 6 9 2825 2885 2986
5764 2 2 6 9 177 2543 3023
5765 2 2 6 9 2604 2972 3009
5766 2 2 6 9 2794 2681 2812
5767 2 2 6 9 2506 2580 2949
5768 2 2 6 9 2630 2577 2969
5769 2 2 6 9 2691 2781 2987
5770 2 2 6 9 2736 2556 2945
5771 2 2 6 9 2738 29 3072
5772 2 2 6 9 2724 2834 2996
5773 2 2 6 9 2575 2939 3005
5774 2 2 6 9 2540 257 2999
5775 2 2 6 9 2937 2544 3052
5776 2 2 6 9 2662 2505 2949
5777 2 2 6 9 2819 2817 3044
5778 2 2 6 9 2954 2898 2981
5779 2 2 6 9 2657 2658 3007
5780 2 2 6 9 3009 2779 3040
5781 2 2 6 9 2898 2723 2981
5782 2 2 6 9 2903 2722 2975
5783 2 2 6 9 256 2540 3057
5784 2 2 6 9 2595 2831 3049
5785 2 2 6 9 2876 2878 3028
5786 2 2 6 9 2603 2905 2977
5787 2 2 6 9 2855 2881 3053
5788 2 2 6 9 2553 2928 3055
5789 2 2 6 9 2573 2575 3005
5790 2 2 6 9 2698 2664 2985
5791 2 2 6 9 2661 2696 3051
5792 2 2 6 9 2896 2604 3009
5793 2 2 6 9 2865 2915 3043
5794 2 2 6 9 2906 2603 2980
5795 2 2 6 9 70 69 2994
5796 2 2 6 9 2847 245 3034
5797 2 2 6 9 2517 2738 3029
5798 2 2 6 9 2510 2511 2998
5799 2 2 6 9 2562 2736 2969
5800 2 2 6 9 2653 2598 3050
5801 2 2 6 9 2630 2835 3050
5802 2 2 6 9 2587 2599 3006
5803 2 2 6 9 2561 2726 2989
5804 2 2 6 9 2853 2995 3058
5805 2 2 6 9 3013 2553 3055
5806 2 2 6 9 2946 2646 2978
5807 2 2 6 9 2746 2935 3068
5808 2 2 6 9 2752 2751 3012
5809 2 2 6 9 174 2558 3010
5810 2 2 6 9 2626 173 3010
5811 2 2 6 9 2875 2847 3034
5812 2 2 6 9 2776 2765 2991
5813 2 2 6 9 2568 3025 3033
5814 2 2 6 9 2582 195 2956
5815 2 2 6 9 2543 2892 3016
5816 2 2 6 9 2603 2977 2980
5817 2 2 6 9 2786 2920 3019
5818 2 2 6 9 2730 2880 3011
5819 2 2 6 9 173 174 3010
5820 2 2 6 9 2783 2989 3036
5821 2 2 6 9 3012 2754 3063
5822 2 2 6 9 2915 2916 3008
5823 2 2 6 9 2981 2723 3013
5824 2 2 6 9 2755 2757 3052
5825 2 2 6 9 2577 2562 2969
5826 2 2 6 9 2886 2739 2988
5827 2 2 6 9 2798 2961 3066
5828 2 2 6 9 2713 2691 2987
5829 2 2 6 9 2878 2949 3028
5830 2 2 6 9 2740 2720 2997
5831 2 2 6 9 2757 2937 3052
5832 2 2 6 9 2873 2754 3014
5833 2 2 6 9 2824 2849 3007
5834 2 2 6 9 2896 3009 3040
5835 2 2 6 9 2529 2906 2993
5836 2 2 6 9 2994 2865 3043
5837 2 2 6 9 2633 2520 3041
5838 2 2 6 9 2853 2688 2995
5839 2 2 6 9 2602 2893 2996
5840 2 2 6 9 2568 2565 3025
5841 2 2 6 9 2906 2980 2993
5842 2 2 6 9 196 2668 2956
5843 2 2 6 9 2570 2568 3033
5844 2 2 6 9 2854 2855 3011
5845 2 2 6 9 2741 2910 3035
5846 2 2 6 9 2745 2901 3017
5847 2 2 6 9 2929 2713 2987
5848 2 2 6 9 255 256 3057
5849 2 2 6 9 2781 2733 3038
5850 2 2 6 9 2670 2741 3064
5851 2 2 6 9 2759 2761 3065
5852 2 2 6 9 2986 2543 3016
5853 2 2 6 9 2977 2905 3004
5854 2 2 6 9 2593 2873 3014
5855 2 2 6 9 2653 2837 3045
5856 2 2 6 9 2668 197 2963
5857 2 2 6 9 2847 2875 3047
5858 2 2 6 9 2652 2653 3045
5859 2 2 6 9 2795 2796 3076
5860 2 2 6 9 2708 2707 3053
5861 2 2 6 9 2905 2530 3004
5862 2 2 6 9 2584 2573 3005
5863 2 2 6 9 2543 2986 3023
5864 2 2 6 9 2778 2977 3004
5865 2 2 6 9 2838 2836 2995
5866 2 2 6 9 78 2875 3034
5867 2 2 6 9 2837 2838 3002
5868 2 2 6 9 2977 2829 2980
5869 2 2 6 9 2586 2630 3050
5870 2 2 6 9 2856 2758 3048
5871 2 2 6 9 2584 2909 3075
5872 2 2 6 9 2935 2705 3068
5873 2 2 6 9 2791 2930 3037
5874 2 2 6 9 2789 3013 3055
5875 2 2 6 9 2516 2517 3029
5876 2 2 6 9 2726 2933 3036
5877 2 2 6 9 2708 2881 3071
5878 2 2 6 9 2632 2587 3006
5879 2 2 6 9 2832 2617 3042
5880 2 2 6 9 2808 2965 3042
5881 2 2 6 9 2723 2912 3013
5882 2 2 6 9 176 177 3023
5883 2 2 6 9 2740 2997 3030
5884 2 2 6 9 2644 2645 3031
5885 2 2 6 9 2949 2580 3028
5886 2 2 6 9 2963 2749 3054
5887 2 2 6 9 2822 2970 3069
5888 2 2 6 9 3048 2758 3067
5889 2 2 6 9 2779 2788 3040
5890 2 2 6 9 2922 2780 3022
5891 2 2 6 9 2809 2883 3024
5892 2 2 6 9 2668 2963 3054
5893 2 2 6 9 2963 198 3061
5894 2 2 6 9 2758 2787 3067
5895 2 2 6 9 254 255 3066
5896 2 2 6 9 2531 2907 3020
5897 2 2 6 9 2520 27 3041
5898 2 2 6 9 2747 2799 3062
5899 2 2 6 9 2741 3035 3064
5900 2 2 6 9 2901 2740 3030
5901 2 2 6 9 2737 2886 3032
5902 2 2 6 9 2564 2896 3040
5903 2 2 6 9 2836 2835 3058
5904 2 2 6 9 2703 2921 3027
5905 2 2 6 9 2978 2784 3026
5906 2 2 6 9 2675 3012 3063
5907 2 2 6 9 189 190 3059
5908 2 2 6 9 2908 2974 3000
5909 2 2 6 9 198 21 3061
5910 2 2 6 9 2799 2746 3068
5911 2 2 6 9 2696 2946 3026
5912 2 2 6 9 2926 2776 3018
5913 2 2 6 9 2999 2781 3038
5914 2 2 6 9 2744 2798 3039
5915 2 2 6 9 2754 2753 3014
5916 2 2 6 9 178 179 3074
5917 2 2 6 9 2992 2745 3017
5918 2 2 6 9 2877 2887 3070
5919 2 2 6 9 2733 2815 3038
5920 2 2 6 9 3018 2592 3037
5921 2 2 6 9 2946 2978 3026
5922 2 2 6 9 2790 2789 3055
5923 2 2 6 9 3003 2799 3068
5924 2 2 6 9 2930 2926 3037
5925 2 2 6 9 2684 2652 3045
5926 2 2 6 9 2701 2965 3070
5927 2 2 6 9 2686 2661 3051
5928 2 2 6 9 3018 2776 3049
5929 2 2 6 9 2926 3018 3037
5930 2 2 6 9 2557 2588 3072
5931 2 2 6 9 2835 2796 3058
5932 2 2 6 9 2598 2586 3050
5933 2 2 6 9 2540 3039 3057
5934 2 2 6 9 2820 2822 3069
5935 2 2 6 9 2887 2701 3070
5936 2 2 6 9 2626 3044 3060
5937 2 2 6 9 2687 2988 3002
5938 2 2 6 9 2580 2507 3046
5939 2 2 6 9 2983 2747 3062
5940 2 2 6 9 3022 2738 3072
5941 2 2 6 9 3003 2737 3032
5942 2 2 6 9 2989 2726 3036
5943 2 2 6 9 2831 3018 3049
5944 2 2 6 9 172 2626 3060
5945 2 2 6 9 2536 2992 3017
5946 2 2 6 9 2979 2809 3024
5947 2 2 6 9 2540 2999 3038
5948 2 2 6 9 2931 2830 3071
5949 2 2 6 9 2986 2885 3023
5950 2 2 6 9 2656 2979 3024
5951 2 2 6 9 2973 2584 3075
5952 2 2 6 9 2735 3001 3015
5953 2 2 6 9 2649 3003 3032
5954 2 2 6 9 2776 2991 3049
5955 2 2 6 9 2630 2969 3076
5956 2 2 6 9 2696 3026 3035
5957 2 2 6 9 2918 2973 3075
5958 2 2 6 9 3039 2798 3057
5959 2 2 4 5 27 3107 2521
5960 2 2 4 5 2520 3107 27
5961 2 2 4 5 2504 3109 28
5962 2 2 4 5 28 3109 2505
5963 2 2 4 5 2507 3108 30
5964 2 2 4 5 30 3108 2508
5965 2 2 4 5 2517 3110 29
5966 2 2 4 5 29 3110 2518
5967 2 2 4 5 2503 3080 2504
5968 2 2 4 5 3080 3109 2504
5969 2 2 4 5 2502 3092 2503
5970 2 2 4 5 2503 3092 3080
5971 2 2 4 5 2501 3086 2502
5972 2 2 4 5 3086 3092 2502
5973 2 2 4 5 2526 3088 2501
5974 2 2 4 5 2501 3088 3086
5975 2 2 4 5 2525 3077 2526
5976 2 2 4 5 3077 3088 2526
5977 2 2 4 5 2524 3093 2525
5978 2 2 4 5 2525 3093 3077
5979 2 2 4 5 2523 3079 2524
5980 2 2 4 5 3079 3093 2524
5981 2 2 4 5 2522 3090 2523
5982 2 2 4 5 2523 3090 3079
5983 2 2 4 5 2521 3081 2522
5984 2 2 4 5 3081 3090 2522
5985 2 2 4 5 2521 3107 3081
5986 2 2 4 5 2506 3084 2507
5987 2 2 4 5 3084 3108 2507
5988 2 2 4 5 2505 3103 2506
5989 2 2 4 5 2506 3103 3084
5990 2 2 4 5 2505 3109 3103
5991 2 2 4 5 2516 3106 2517
5992 2 2 4 5 3106 3110 2517
5993 2 2 4 5 2515 3083 2516
5994 2 2 4 5 3083 3106 2516
5995 2 2 4 5 2514 3087 2515
5996 2 2 4 5 2515 3087 3083
5997 2 2 4 5 2513 3082 2514
5998 2 2 4 5 3082 3087 2514
5999 2 2 4 5 2512 3094 2513
6000 2 2 4 5 2513 3094 3082
6001 2 2 4 5 2511 3095 2512
6002 2 2 4 5 2512 3095 3094
6003 2 2 4 5 2510 3078 2511
6004 2 2 4 5 3078 3095 2511
6005 2 2 4 5 2509 3091 2510
6006 2 2 4 5 2510 3091 3078
6007 2 2 4 5 2508 3105 2509
6008 2 2 4 5 2509 3105 3091
6009 2 2 4 5 2508 3108 3105
6010 2 2 4 5 2519 3104 2520
6011 2 2 4 5 3104 3107 2520
6012 2 2 4 5 2518 3085 2519
6013 2 2 4 5 3085 3104 2519
6014 2 2 4 5 2518 3110 3085
6015 2 2 4 5 3077 3089 3088
6016 2 2 4 5 3077 3096 3089
6017 2 2 4 5 3093 3096 3077
6018 2 2 4 5 3091 3102 3078
6019 2 2 4 5 3078 3097 3095
6020 2 2 4 5 3078 3102 3097
6021 2 2 4 5 3090 3101 3079
6022 2 2 4 5 3079 3099 3093
6023 2 2 4 5 3079 3101 3099
6024 2 2 4 5 3092 3098 3080
6025 2 2 4 5 3098 3103 3080
6026 2 2 4 5 3103 3109 3080
6027 2 2 4 5 3081 3100 3090
6028 2 2 4 5 3081 3104 3100
6029 2 2 4 5 3081 3107 3104
6030 2 2 4 5 3082 3099 3087
6031 2 2 4 5 3094 3096 3082
6032 2 2 4 5 3096 3099 3082
6033 2 2 4 5 3087 3101 3083
6034 2 2 4 5 3083 3101 3100
6035 2 2 4 5 3100 3106 3083
6036 2 2 4 5 3084 3103 3098
6037 2 2 4 5 3098 3105 3084
6038 2 2 4 5 3105 3108 3084
6039 2 2 4 5 3100 3104 3085
6040 2 2 4 5 3085 3106 3100
6041 2 2 4 5 3085 3110 3106
6042 2 2 4 5 3088 3097 3086
6043 2 2 4 5 3086 3102 3092
6044 2 2 4 5 3097 3102 3086
6045 2 2 4 5 3099 3101 3087
6046 2 2 4 5 3089 3097 3088
6047 2 2 4 5 3094 3095 3089
6048 2 2 4 5 3089 3096 3094
6049 2 2 4 5 3095 3097 3089
6050 2 2 4 5 3100 3101 3090
6051 2 2 4 5 3098 3102 3091
6052 2 2 4 5 3091 3105 3098
6053 2 2 4 5 3092 3102 3098
6054 2 2 4 5 3093 3099 3096
$EndElements
