$MeshFormat
2.2 0 8
$EndMeshFormat
$PhysicalNames
6
2 1 "wginterface"
2 2 "Front"
2 3 "sideinterface"
2 4 "topinterface"
2 5 "frontinterface"
2 6 "SAWMOD BEM:1:enclosure (1) (1)"
$EndPhysicalNames
$Nodes
3387
1 181 0 115
2 181 98.9999999999999 115
3 171 109 115
4 0 109 115
5 318 0 -286
6 318 145.5 -286
7 0 0 -286
8 0 145.5 -286
9 0 0 125
10 82.98100464865344 9.253967657563363e-13 93.48343633732543
11 -8.05733851470891e-15 70.3458070797552 103.326992728105
12 106.304729994859 -1.15119264372758e-14 101.772309998417
13 126.028388381307 3.05311331771918e-14 107.069237630805
14 138.477681243081 1.0361085324678e-14 109.756338281956
15 158.892064227084 2.32562186239136e-14 113.062070609112
16 -1.02540188017282e-14 92.8497417980674 113.084674612132
17 -8.28330459778925e-14 79.98148148871159 109.059489104276
18 197 0 115
19 197 133.5 115
20 306 133.5 115
21 306 0 115
22 318 0 115
23 318 145.5 115
24 0 145.5 115
25 318 85.5 -148
26 318 85.5 -18
27 318 125.5 -148
28 318 125.5 -18
29 298 145.5 -148
30 298 145.5 -18
31 258 145.5 -148
32 258 145.5 -18
33 181 90.00004194034742 115
34 181 81.00004232763183 115
35 181 72.00005517329544 115
36 181 63.00009887363975 115
37 181 54.00010062207433 115
38 181 45.00011068326481 115
39 181 36.00015555862604 115
40 181 27.00015894560962 115
41 181 18.00016652073096 115
42 181 9.000211987495678 115
43 178.2242997772425 105.9103940848978 114.999999999999
44 11.4329065944991 109 115
45 22.86581318899819 109 115
46 34.29871978349729 109 115
47 45.73162637799638 109 115
48 57.16453297249546 109 115
49 68.59743956699457 109 115
50 80.03034616149367 109 115
51 91.46325275599276 109 115
52 102.8961593504918 109 115
53 114.3290659449909 109 115
54 125.76197253949 109 115
55 137.1948791339891 109 115
56 148.6277857284882 109 115
57 160.0606923229873 109 115
58 318 124.7142857142857 -286
59 318 103.9285714285714 -286
60 318 83.14285714285714 -286
61 318 62.35714285714286 -286
62 318 41.57142857142856 -286
63 318 20.78571428571428 -286
64 295.2857142857143 0 -286
65 272.5714285714286 0 -286
66 249.8571428571429 0 -286
67 227.1428571428571 0 -286
68 204.4285714285714 0 -286
69 181.7142857142857 0 -286
70 159 0 -286
71 136.2857142857143 0 -286
72 113.5714285714285 0 -286
73 90.85714285714283 0 -286
74 68.14285714285712 0 -286
75 45.42857142857142 0 -286
76 22.71428571428572 0 -286
77 0 20.78571428571429 -286
78 0 41.57142857142857 -286
79 0 62.35714285714286 -286
80 0 83.14285714285714 -286
81 0 103.9285714285714 -286
82 0 124.7142857142857 -286
83 22.71428571428571 145.5 -286
84 45.42857142857143 145.5 -286
85 68.14285714285714 145.5 -286
86 90.85714285714286 145.5 -286
87 113.5714285714286 145.5 -286
88 136.2857142857143 145.5 -286
89 159 145.5 -286
90 181.7142857142857 145.5 -286
91 204.4285714285714 145.5 -286
92 227.1428571428572 145.5 -286
93 249.8571428571429 145.5 -286
94 272.5714285714286 145.5 -286
95 295.2857142857143 145.5 -286
96 2.452384651540954 0 124.9759409227267
97 4.903825269292561 0 124.9037729523342
98 7.353378182866697 0 124.7835238695387
99 9.800100448538151 0 124.615239963652
100 12.24305021222597 0 124.3989860147618
101 14.68128707205594 0 124.1348452687958
102 17.11387244036365 0 123.8229194054758
103 19.53986990499962 0 123.463328499177
104 21.95834558979633 0 123.0562109727058
105 24.36836851405963 0 122.6017235440146
106 26.76901095094529 0 122.1000411658742
107 29.159348784583 0 121.5513569585261
108 31.53846186581032 0 120.9558821353423
109 33.90543436637994 0 120.3138459215194
110 36.2593551315031 0 119.6254954658393
111 38.59931803059447 0 118.891095745531
112 40.92442230608275 0 118.1109294642685
113 43.23377292015303 0 117.2852969433451
114 45.52648089928731 0 116.414516006067
115 47.80166367647056 0 115.4989218554078
116 50.05844543093097 0 114.5388669449742
117 52.29595742528254 0 113.5347208433307
118 54.51333833994173 0 112.4868700917358
119 56.70973460468823 0 111.3957180553446
120 58.88430072724272 0 110.2616847679358
121 61.03619961873517 0 109.0852067702212
122 63.16460291593809 0 107.8667369418018
123 65.26869130014123 0 106.6067443268336
124 67.34765481254416 0 105.3057139534717
125 69.40069316604617 0 103.9641466471606
126 71.42701605331297 0 102.5825588378442
127 73.4258434510018 0 101.1614823611684
128 75.39640592002756 0 99.70146425375323
129 77.33794490175484 0 98.20306654261431
130 79.24971301000134 0 96.66686602881271
131 81.13097431874084 0 95.09345406541827
132 82.98521757056456 2.479817239916659 93.44670412121883
133 82.99699923254593 4.957477448803858 93.33754371128012
134 83.01712316495941 7.430790254205572 93.15543786140411
135 83.04621311048388 9.897485405766744 92.89969536104553
136 83.08577427668408 12.35513679727204 92.56927167005591
137 83.1402064595768 14.80074678853322 92.16091207564209
138 83.21458677846596 17.23062837070147 91.67023847367403
139 83.31846676290719 19.63947263207574 91.08964726543162
140 83.46421609626188 22.01999108414588 90.40992608098185
141 83.65539543496038 24.36555650348164 89.62762719238474
142 83.88074066482005 26.67603678755626 88.75497257145072
143 84.11627465357161 28.95761434688112 87.81164465609541
144 84.34457749098053 31.21612188012748 86.81262361136905
145 84.56153220220916 33.45249312710693 85.76257017038124
146 84.7652569821912 35.66605745386099 84.66272461304132
147 84.95752501117866 37.85448213211323 83.51170604889177
148 85.14135219191647 40.01546170632727 82.30863965692402
149 85.31790956587599 42.14635303656299 81.05200496327137
150 85.48370987575788 44.24894128789949 79.74713598761329
151 85.61450390554643 46.33448008650796 78.41136117994108
152 85.53881285408914 48.48379662913396 77.18638426735004
153 85.02120202091015 50.7399678248821 76.30101044650011
154 84.2708383882033 52.98549362611038 75.60399667131247
155 82.81490692590907 54.96947196325438 75.79514885373852
156 81.15162113803406 56.74079968970454 76.28798125346485
157 79.39340776801149 58.37877533882906 76.89971021836527
158 77.55752650827333 59.88604653334878 77.61113923975731
159 75.64931922975988 61.23597085507603 78.43785073669576
160 73.67738251849124 62.39106308696294 79.39846049006434
161 71.66076101970003 63.31743611669344 80.50298083330598
162 69.62387400496583 64.0017392155374 81.73918588608682
163 67.58246108880797 64.4881854152716 83.06008279683877
164 65.53254033571613 64.85260829975448 84.40758839130095
165 63.46011932406881 65.17677904026431 85.7308607664626
166 61.35567294417774 65.50896157710133 87.00042374345666
167 59.21780827858157 65.86174855029259 88.20705224851284
168 57.05043240323822 66.22491342638011 89.35665871135481
169 54.85702203749726 66.58166555692738 90.45790975596623
170 52.64171135688856 66.91439273090904 91.52223216259742
171 50.40838480692855 67.20463548865635 92.56101507347402
172 48.15777743881934 67.4532855896751 93.5729531827418
173 45.88893726080072 67.67143460384798 94.55063672122455
174 43.60016728819029 67.87368826633485 95.48427420876158
175 41.29044486582646 68.07157804077553 96.36577438419721
176 38.96025727774145 68.2713781673616 97.1911815132375
177 36.61084632650256 68.47289150351021 97.95973875185518
178 34.24387322668619 68.67323283178152 98.6727110658226
179 31.86112162057666 68.86868791225004 99.33251764587358
180 29.46396568129995 69.05661331957972 99.94028312761928
181 27.05355871557114 69.23658880639665 100.4958014367232
182 24.63109269242161 69.40833507346829 100.9990078474149
183 22.19774850452498 69.57141663290034 101.4498928315306
184 19.7547112757354 69.72528027199142 101.8485855093702
185 17.30326999838494 69.86522228958201 102.1977739812199
186 14.84460630446003 69.98861556207979 102.4991567716077
187 12.3798042887503 70.09484719501853 102.7532306741612
188 9.909918343797989 70.18328738672969 102.9604298562302
189 7.435980654813498 70.2532869257363 103.1211261916272
190 4.95900852920103 70.30417473562858 103.2356297181323
191 2.480011803470744 70.33525545804487 103.3041891892975
192 0 68.27326383991256 104.7079817618776
193 0 66.17361855588494 106.0474054714223
194 0 64.04770471190295 107.3447321536408
195 0 61.89636621973234 108.5994468162374
196 0 59.7204570838145 109.8110513823644
197 0 57.52084106225797 110.9790648883403
198 0 55.29839132395704 112.1030236745759
199 0 53.05399010197462 113.1824815696298
200 0 50.78852834332787 114.2170100673231
201 0 48.50290535531382 115.2061984968407
202 0 46.19802844851622 116.1496541857533
203 0 43.87481257663637 117.0470026158937
204 0 41.53417997328844 117.8978875720277
205 0 39.17705978590642 118.7019712832584
206 0 36.80438770690552 119.4589345571096
207 0 34.41710560224537 120.1684769062332
208 0 32.01616113754364 120.8303166676925
209 0 29.60250740188629 121.444191114772
210 0 27.17710252948502 122.0098565612707
211 0 24.74090931933297 122.5270884582366
212 0 22.29489485300711 122.9956814831047
213 0 19.8400301107722 123.4154496212028
214 0 17.37728958613599 123.7862262395925
215 0 14.90765089900988 124.1078641532165
216 0 12.43209440762939 124.3802356833263
217 0 9.951602819386677 124.6032327081652
218 0 7.467160800730541 124.7767667058897
219 0 4.979754586289698 124.9007687897089
220 0 2.490371587372582 124.9751897352303
221 98.96118561709528 -3.860423705095641e-14 99.41312767791855
222 93.3106359909316 -8.363892027039474e-15 97.45420069187195
223 88.95722906046402 -7.506848143025307e-15 95.84854611797661
224 85.59238305460806 -6.497707506970006e-15 94.54186777935683
225 115.3522091411512 -5.382217462311841e-14 104.3810282766696
226 132.239522875031 2.805947587491938e-09 108.4756378750999
227 148.6650588890376 -2.345604013790859e-14 111.5306885858791
228 174.1411932698393 -3.220918188073223e-15 114.7696303409895
229 166.7758932355854 -2.681047291975442e-14 114.0819507291436
230 -4.897732799070223e-14 100.2009789626825 114.4543689701589
231 -6.965495215094168e-14 85.55195027611776 111.1074541119953
232 2.469828991590065e-14 75.79034196560113 106.9397148945056
233 5.932037707834013e-14 72.6239517397094 104.9552519436314
234 189.3880908415256 0 115
235 197 7.85294117647058 115
236 197 15.70588235294119 115
237 197 23.55882352941177 115
238 197 31.41176470588235 115
239 197 39.26470588235293 115
240 197 47.11764705882354 115
241 197 54.97058823529412 115
242 197 62.8235294117647 115
243 197 70.6764705882353 115
244 197 78.52941176470588 115
245 197 86.38235294117646 115
246 197 94.23529411764707 115
247 197 102.0882352941176 115
248 197 109.9411764705882 115
249 197 117.7941176470588 115
250 197 125.6470588235294 115
251 204.7857142857143 133.5 115
252 212.5714285714286 133.5 115
253 220.3571428571429 133.5 115
254 228.1428571428571 133.5 115
255 235.9285714285714 133.5 115
256 243.7142857142857 133.5 115
257 251.5 133.5 115
258 259.2857142857143 133.5 115
259 267.0714285714286 133.5 115
260 274.8571428571429 133.5 115
261 282.6428571428571 133.5 115
262 290.4285714285714 133.5 115
263 298.2142857142857 133.5 115
264 306 7.85294117647058 115
265 306 15.70588235294119 115
266 306 23.55882352941177 115
267 306 31.41176470588235 115
268 306 39.26470588235293 115
269 306 47.11764705882354 115
270 306 54.97058823529412 115
271 306 62.8235294117647 115
272 306 70.6764705882353 115
273 306 78.52941176470588 115
274 306 86.38235294117646 115
275 306 94.23529411764707 115
276 306 102.0882352941176 115
277 306 109.9411764705882 115
278 306 117.7941176470588 115
279 306 125.6470588235294 115
280 311.7797693224085 0 115
281 318 9.073845650757534 115
282 318 18.14734184653935 115
283 318 27.22085620120259 115
284 318 36.29440387212489 115
285 318 45.36793633637819 115
286 318 54.4414248920844 115
287 318 63.51495495428543 115
288 318 72.58850308808627 115
289 318 81.66202073750037 115
290 318 90.73551453255732 115
291 318 99.80905550670002 115
292 318 108.8825991731352 115
293 318 117.9560981427143 115
294 318 127.0296091262203 115
295 318 136.1129235006379 115
296 11.9106909480241 145.5 115
297 23.82138189604819 145.5 115
298 35.73207284407226 145.5 115
299 47.64276379209636 145.5 115
300 59.55345474012046 145.5 115
301 71.46414568814453 145.5 115
302 83.37483663616865 145.5 115
303 95.28552758419272 145.5 115
304 107.1962185322168 145.5 115
305 119.1069094802409 145.5 115
306 131.017600428265 145.5 115
307 142.9282913762891 145.5 115
308 154.8389823243132 145.5 115
309 166.7066895492527 145.5 115
310 177.7464707101465 145.5 115
311 187.8309736806145 145.5 115
312 197.253633236838 145.5 115
313 206.5180360352572 145.5 115
314 215.782358153403 145.5 115
315 225.046693734642 145.5 115
316 234.3110372995681 145.5 115
317 243.5753559054853 145.5 115
318 252.839712090274 145.5 115
319 262.104029787769 145.5 115
320 271.3683758823366 145.5 115
321 280.632708760648 145.5 115
322 289.8970325392956 145.5 115
323 299.1613861753439 145.5 115
324 308.4327127689537 145.5 115
325 0 118.125 115
326 0 127.25 115
327 0 136.375 115
328 318 85.5 -140.3529411764706
329 318 85.5 -132.7058823529412
330 318 85.5 -125.0588235294118
331 318 85.5 -117.4117647058823
332 318 85.5 -109.7647058823529
333 318 85.5 -102.1176470588235
334 318 85.5 -94.47058823529412
335 318 85.5 -86.8235294117647
336 318 85.5 -79.17647058823529
337 318 85.5 -71.52941176470588
338 318 85.5 -63.88235294117646
339 318 85.5 -56.23529411764706
340 318 85.5 -48.58823529411764
341 318 85.5 -40.94117647058823
342 318 85.5 -33.29411764705881
343 318 85.5 -25.64705882352941
344 318 117.5 -148
345 318 109.5 -148
346 318 101.5 -148
347 318 93.5 -148
348 318 125.5 -25.64705882352941
349 318 125.5 -33.29411764705883
350 318 125.5 -40.94117647058823
351 318 125.5 -48.58823529411765
352 318 125.5 -56.23529411764706
353 318 125.5 -63.88235294117647
354 318 125.5 -71.52941176470588
355 318 125.5 -79.1764705882353
356 318 125.5 -86.82352941176471
357 318 125.5 -94.47058823529412
358 318 125.5 -102.1176470588235
359 318 125.5 -109.7647058823529
360 318 125.5 -117.4117647058824
361 318 125.5 -125.0588235294118
362 318 125.5 -132.7058823529412
363 318 125.5 -140.3529411764706
364 318 93.5 -18
365 318 101.5 -18
366 318 109.5 -18
367 318 117.5 -18
368 298 145.5 -140.3529411764706
369 298 145.5 -132.7058823529412
370 298 145.5 -125.0588235294118
371 298 145.5 -117.4117647058823
372 298 145.5 -109.7647058823529
373 298 145.5 -102.1176470588235
374 298 145.5 -94.47058823529412
375 298 145.5 -86.8235294117647
376 298 145.5 -79.17647058823529
377 298 145.5 -71.52941176470588
378 298 145.5 -63.88235294117646
379 298 145.5 -56.23529411764706
380 298 145.5 -48.58823529411764
381 298 145.5 -40.94117647058823
382 298 145.5 -33.29411764705881
383 298 145.5 -25.64705882352941
384 266 145.5 -148
385 274 145.5 -148
386 282 145.5 -148
387 290 145.5 -148
388 258 145.5 -25.64705882352941
389 258 145.5 -33.29411764705883
390 258 145.5 -40.94117647058823
391 258 145.5 -48.58823529411765
392 258 145.5 -56.23529411764706
393 258 145.5 -63.88235294117647
394 258 145.5 -71.52941176470588
395 258 145.5 -79.1764705882353
396 258 145.5 -86.82352941176471
397 258 145.5 -94.47058823529412
398 258 145.5 -102.1176470588235
399 258 145.5 -109.7647058823529
400 258 145.5 -117.4117647058824
401 258 145.5 -125.0588235294118
402 258 145.5 -132.7058823529412
403 258 145.5 -140.3529411764706
404 290 145.5 -18
405 282 145.5 -18
406 274 145.5 -18
407 266 145.5 -18
408 204.7857142857143 0 115
409 212.5714285714286 0 115
410 220.3571428571429 0 115
411 228.1428571428571 0 115
412 235.9285714285714 0 115
413 243.7142857142857 0 115
414 251.5 0 115
415 259.2857142857143 0 115
416 267.0714285714286 0 115
417 274.8571428571429 0 115
418 282.6428571428571 0 115
419 290.4285714285714 0 115
420 298.2142857142857 0 115
421 318 0 104.5424133284056
422 318 0 90.59106487660826
423 318 0 74.08427710580696
424 318 0 54.75438077586608
425 318 0 32.50978411110984
426 318 0 9.759085246030626
427 318 0 -12.99161361904856
428 318 0 -35.74231248412778
429 318 0 -58.49301134920708
430 318 0 -81.24371021428644
431 318 0 -103.9944090793658
432 318 0 -126.7451079444452
433 318 0 -149.4958068095245
434 318 0 -172.2465056746039
435 318 0 -194.9972045396833
436 318 0 -217.7479034047626
437 318 0 -240.4986022698419
438 318 0 -263.249301134921
439 318 145.5 103.3530057850658
440 318 145.5 88.45698676874979
441 318 145.5 70.91539570364424
442 318 145.5 50.25425915581998
443 318 145.5 29.15075675769191
444 318 145.5 11.81692584057882
445 318 145.5 -2.685411540736197
446 318 145.5 -15.45302335977854
447 318 145.5 -27.69075486650428
448 318 145.5 -39.92029810132712
449 318 145.5 -52.14979485994533
450 318 145.5 -64.37929313026461
451 318 145.5 -76.60883689265816
452 318 145.5 -88.83834080584617
453 318 145.5 -101.0678340021551
454 318 145.5 -113.2973732589108
455 318 145.5 -125.5268863413755
456 318 145.5 -137.7563767459262
457 318 145.5 -149.9910236969823
458 318 145.5 -162.7091506533655
459 318 145.5 -177.1077807922319
460 318 145.5 -194.2921129877996
461 318 145.5 -215.2623729344774
462 318 145.5 -238.8320458447622
463 318 145.5 -262.4160229223811
464 0 145.5 -262.1978461157694
465 0 145.5 -238.3956922315388
466 0 145.5 -214.5935383473082
467 0 145.5 -190.7913844630776
468 0 145.5 -166.9892305788471
469 0 145.5 -143.1870766946166
470 0 145.5 -119.384922810386
471 0 145.5 -95.58276892615552
472 0 145.5 -71.78061504192486
473 0 145.5 -47.97846115769417
474 0 145.5 -24.17630727346349
475 0 145.5 -0.3741533892328022
476 0 145.5 23.42800049499789
477 0 145.5 47.17074262121747
478 0 145.5 68.48839789559986
479 0 145.5 86.5658109901689
480 0 145.5 101.9076663246377
481 78.04217026065754 12.90681658623129 96.78757020721163
482 78.80851450643303 10.19081813160676 96.49023405038382
483 76.81390214012259 11.01845902721604 97.99601011609212
484 76.92616096238216 8.594435242486165 98.15040215125144
485 72.21662829905873 59.41683947081916 82.942135157075
486 72.78307694550135 61.07006627695748 81.22850925182148
487 74.02423308591662 59.11433957130376 81.55309787549753
488 81.63370117035763 54.49580593403491 77.40249329852855
489 79.93758491568481 56.11659385735993 78.01224526762316
490 70.97518410365274 61.59778743941229 82.42108846661503
491 65.39207500360978 42.07070673601543 97.87201929793041
492 67.5216941380264 41.27936104709796 96.756576894153
493 66.76036033831159 39.70052147086583 97.93836266979406
494 42.88143261473412 17.75744397634471 116.0640164751117
495 41.93338077271075 20.22136320521725 116.0072758368782
496 43.90489540199815 19.6314336999962 115.3774976788033
497 67.20128344116628 43.26604642398466 96.10950385210421
498 46.35629071499545 30.73382071484293 111.9443012190201
499 44.67988659656506 31.38392926919896 112.4444605898574
500 45.89374300547563 32.78380938574204 111.5526162629398
501 36.86725440399626 5.553730185836355 119.3103584511167
502 38.70588672628315 4.124968287261592 118.7848431802695
503 37.03280119632644 2.596262706364773 119.3600898772823
504 8.939881319385766 25.14379864958225 122.118253801242
505 7.206184725385055 26.39425243934044 121.9689072668604
506 9.130333692895253 27.11840393835314 121.6808496621087
507 1.993466836013149 66.0661854893257 106.0956418749787
508 2.672420753617111 64.64924679895242 106.9501428500391
509 2.346026652143154 62.8550920374617 108.021912424793
510 83.18949702148439 52.40575725067981 77.1890160080776
511 84.01952250486865 49.9029622885671 77.94494334387394
512 82.58573649803522 51.09017511006611 78.70444799564937
513 6.389985396398227 2.173032159836292 124.817651066931
514 8.649931987479516 2.068158355411962 124.6832041520786
515 38.54476638192651 6.810463643986936 118.7135989241192
516 10.50329854084511 63.60792669064479 107.0920743186882
517 8.63293023652758 63.50288306813523 107.3212763508056
518 9.551912405547441 65.06189057485598 106.304804050533
519 13.0139167469629 66.45715484676722 105.0670478341136
520 13.21485981156449 68.2907295378093 103.8592496571898
521 14.56739246809104 67.1684452891203 104.4087689522439
522 12.93457777619355 34.35445910005136 119.4883585864937
523 12.93465537727627 32.43584149974398 120.023376375082
524 10.50357091920818 33.29727193340034 120.0248585907867
525 3.121728860097047 57.88501641378286 110.7455628172078
526 4.410289256639248 56.52195200028378 111.4038522258112
527 2.355372776721584 55.90401966288885 111.7774252906821
528 5.857515776866951 58.13309050150307 110.5044492211414
529 41.62434919375342 40.14853378376316 110.8174570598446
530 42.77011270530961 38.86889776077984 110.8373864994892
531 41.02911696471068 38.65191163644683 111.5689978799863
532 11.84160756281172 31.03677945355306 120.5051644182932
533 2.010973725536539 53.98612874247786 112.7229075568751
534 35.79776599487135 41.44126777703082 112.3661037626955
535 33.18608876442821 41.32733673096338 113.2066020656263
536 34.69066754037692 43.39438358041178 111.9753770222683
537 34.79681065378903 39.68296188628346 113.3112726265844
538 78.05780768342575 52.27440311835686 82.45826482698287
539 79.60940415538784 52.76892096568543 80.63983972045926
540 79.78779667034719 50.77453531606141 81.73649164191821
541 77.90366415039999 54.05493874092871 81.44987851222447
542 79.85502536053272 12.90048309599579 95.29822905258314
543 32.18639688362266 46.10651441082055 111.6388157610727
544 32.63559631852322 43.95506171767353 112.3737976680058
545 30.39469455077289 44.80802638624433 112.6650048352852
546 33.99995520196445 45.6141501416493 111.3029754908623
547 74.4851714868194 60.47471749490245 80.12345332354843
548 46.170771921744 40.77326036136905 108.7694858848487
549 47.4146810566372 42.03378871020102 107.7497500088216
550 48.83704521994088 40.30253104598231 107.775920341573
551 68.23836458162381 8.778882093375364 104.3621426975127
552 67.23820059411835 6.547021839668002 105.172053730523
553 65.87788132631037 9.055475056474052 105.8447123075033
554 49.03348899913188 63.20309983505968 96.05251234513074
555 46.34891978988126 63.98636064947378 96.86342594161444
556 47.57095172167656 65.58390446306353 95.18800359117567
557 5.3974207163952 12.58080206658356 124.2481036836043
558 2.232320265208644 13.20507375099104 124.2805003750163
559 3.607851923754874 15.04729331831807 124.0385519436951
560 65.22578586060665 6.457153172704481 106.4373150345804
561 83.54731414772162 39.49137633349658 84.17409039596483
562 82.19761294743536 40.64263492042273 84.95133108120697
563 83.27504236222154 42.22462705780674 83.11045776194076
564 81.00041975801616 42.54503068463753 85.16955068020751
565 4.040770895058022 52.86675702778805 113.1979601050234
566 1.927447232187729 51.89953051520809 113.7001481066235
567 7.628381221148443 11.91165126154235 124.1971028815416
568 5.647494821651899 10.00265334488636 124.4710919382547
569 8.34400105315934 9.300201213777042 124.3739679507257
570 73.50164973080045 4.280888796607794 101.0157486630763
571 72.92812962532174 1.802210299153939 101.5048764709848
572 71.81131438962959 3.181932601557577 102.2644142923281
573 47.7395885062696 61.66896863828287 97.68761434461656
574 42.97308310472101 64.91379592253783 97.79832936917609
575 41.52953064673149 65.60186913353552 97.96271153070779
576 42.64577609545775 66.5753042053976 96.81976374261016
577 28.39694273176511 67.22487296330095 101.4861079091956
578 29.88105740924045 65.58755091991426 102.1293080973005
579 27.60924024498933 65.40824249844488 102.880958716174
580 9.252438037914702 29.19551556626053 121.1899924134612
581 11.11555774275585 27.56829936502749 121.4143041251223
582 80.16868764779315 46.86429272728775 83.67627852624459
583 80.08862136027271 48.83497485260793 82.61935584205447
584 82.20091973267833 47.08885190601172 81.55151023295321
585 76.23586639130413 58.62789464138712 79.84899902619716
586 76.74580561495408 56.0092163202751 81.22837563130456
587 74.97854551273939 57.3472605538651 81.94211017395864
588 36.88192790692608 56.7593094320363 105.0861750501305
589 38.19271546297233 54.08903642676147 106.0221327081704
590 36.36149662600342 54.26912059820986 106.5725298217796
591 84.14421663021136 45.93550329027639 80.21645931576056
592 83.71822920437047 44.37043773274776 81.53233931569021
593 45.19868953229192 59.94460353814446 99.94359895069903
594 43.54271019294309 61.40137765358329 99.79430450329025
595 45.74639041754271 61.74464269700103 98.5893851384896
596 36.88589880092747 52.10065790661157 107.4707025907339
597 44.40400426028173 63.30129652945612 98.21522419331308
598 81.17522777149256 49.37272121340523 81.22756180158106
599 74.62793376345147 55.47161507026169 83.53784426051834
600 76.54738053867007 53.6731816933893 82.97402063041451
601 78.27974010798739 23.74455977964422 94.51707871859378
602 79.72807909496551 24.24853929577199 93.16888829350883
603 79.73061636122932 21.70242797499409 93.79250201721172
604 47.1295811641143 59.85151180305692 99.10398132357599
605 76.68828934928925 50.94244736127113 84.55041888437815
606 81.57120373987624 23.63119223890367 91.72080175072381
607 40.91716521162409 14.34011191566886 117.2396979750918
608 38.88983655498975 15.51878165064186 117.7783852360266
609 40.92613747290885 16.48251593948301 116.9545977713286
610 81.16739431768968 51.4120540654485 79.96033264343062
611 1.897721805653899 59.18562280804238 110.0838803130253
612 4.207762749997396 59.97459625730271 109.5917083378723
613 44.2565304042344 65.4726276677408 96.84882313616649
614 45.53916348486698 66.12764067313684 95.8035475757712
615 41.69421168612536 60.05412671946291 101.3908012387478
616 41.18557926284375 61.97874245493256 100.4359673846434
617 42.21340714121764 63.554830418357 99.01419993124057
618 43.88767153421193 58.77739675063994 101.2130916360279
619 41.76965465862761 58.36023906587219 102.344410916636
620 43.42586947390936 57.19008020965606 102.3156321685406
621 14.34061165219717 3.556799384741691 124.1237126240493
622 13.257756449827 1.965868290558044 124.2793919191
623 12.04644805827073 4.409029353401714 124.340031966138
624 7.668951715158216 17.52844926073303 123.5270846660945
625 8.320112920401487 19.559419029024 123.1795634358184
626 9.604286641989118 17.7612490165207 123.3584034894731
627 7.63531902478851 3.600771328342073 124.7146196290984
628 5.892148422402272 4.222308664821679 124.7896417837128
629 6.426336200542919 19.1186227242934 123.3619895598467
630 12.87422149770305 42.36707509473757 116.8943342029243
631 12.39436207575076 40.49876632709152 117.6062486210611
632 10.0865183716878 41.55372449673403 117.4587166947908
633 10.71383881381272 39.19078473553461 118.2129267452787
634 9.633274148574435 31.17902878133254 120.6651076054352
635 10.87782670712813 29.67764807762255 120.9376289279332
636 49.34027407964523 10.27574539354267 114.3894506077924
637 47.44221514139809 10.64800769987427 115.1557907988162
638 48.76912412679806 12.53213878981147 114.4094315572709
639 66.75446965756042 16.79167762579331 104.3402144105966
640 67.80333031144566 18.78764757876208 103.3185980215238
641 68.7338362791013 17.04908359119922 103.0047984273451
642 72.51490794469667 36.28999957588449 95.12951201679986
643 72.39877170120531 39.15890531038679 94.07442793367875
644 74.18019139924323 37.45018193103648 93.37977873878215
645 79.16785076049626 43.42643823886912 86.43839348258085
646 79.75863034657479 44.98374946302094 85.08832569446058
647 65.98128649944199 19.21194751141657 104.4144190459207
648 31.6106548050779 6.280505190380002 120.7738455020284
649 29.92006635701257 5.701327522904697 121.2323574532333
650 31.27139435926073 8.352400369907063 120.7366444079359
651 27.43504294017925 40.74698469813396 114.9434715713796
652 28.58574384950664 39.47420328465645 115.1070915435361
653 26.53836726099138 39.49140826504598 115.5904136871402
654 50.37797667444157 14.41891536073018 113.4863619383823
655 48.20005545040689 14.63239815494063 114.4012568935018
656 49.09034071859177 16.98817666902222 113.694944045875
657 1.990231239502155 9.014628671268412 124.6586356797332
658 2.050701611357587 6.447749458705245 124.8167502774325
659 29.34889220212393 40.87088679412442 114.4255790423189
660 78.12330226121121 57.38995735686957 78.91858107176105
661 78.76417125989006 55.37517925186675 79.71696713100877
662 36.43037780495426 49.70366205495472 108.753728907634
663 34.88552686448953 51.10068310155812 108.6127073686183
664 51.50322722450484 54.90573909975571 99.78866368165566
665 52.96559813892032 53.30145455262493 99.89294447737967
666 51.14335787326299 52.93541385609687 101.0306829895309
667 35.00729490647015 53.07778101938796 107.6208087006845
668 55.86775624054386 43.82278191004723 102.875447013909
669 54.05740714938771 45.89140460405232 102.9406417104172
670 56.26765170181338 45.85037493850392 101.7678460515011
671 8.987359887464622 68.55493833528006 104.1366784187932
672 34.51991062276448 2.27959358618873 120.1173560468185
673 34.87618108821906 4.780497510638279 119.9408138885698
674 48.9360430315489 57.67605304393331 99.51751904909902
675 50.3252793903312 59.38522917708566 97.80470750362745
676 51.56179588793763 57.08645118591753 98.52673898901006
677 53.5971079380762 43.82720960325241 104.0746161129926
678 38.28337311584086 9.524238259195114 118.6114338015328
679 36.21543559232406 10.17816593954277 119.2050634954965
680 37.20532481790125 11.88991612543839 118.7408678582252
681 80.88964798308947 31.82927975472646 89.82628679549894
682 81.57984923341709 34.12469245467808 88.34723291607142
683 82.72787485651405 31.65341288155902 88.19954747431815
684 79.53170860560203 34.19285429238902 90.16959599340045
685 36.54110167255405 8.13881609710557 119.2623476252818
686 16.46032142838994 4.283133041441913 123.8374442154851
687 15.4360118821748 1.814589591799484 124.0299834789423
688 50.27500761358629 47.8128696008174 103.9776567825467
689 48.35323257709698 47.43547806751528 105.0563673455895
690 48.49719907673057 49.44692153265396 104.0577898701271
691 4.659552148622662 20.82010398567208 123.1657900709449
692 6.85539384401209 21.53228412668057 122.9404909520512
693 17.64198541008055 2.055910002726927 123.7316999998432
694 20.85910520906006 65.45712645523008 104.4282640193802
695 20.93703714305126 63.64344230795832 105.5279713008076
696 18.58147040653753 65.22624331774354 105.0012673265684
697 57.62983091199474 26.12740070901368 107.8014912756105
698 55.90399058217974 24.89144562444727 108.9961456736555
699 56.01172088252816 27.16714350222027 108.3957261044342
700 51.943117582559 65.18725524070157 93.15328383899343
701 54.23020177395698 64.69031681862337 92.19136687055925
702 53.01249285212245 63.40073928388372 93.78177786681522
703 5.658102741011264 6.153501513733834 124.7201679460569
704 4.039446096534762 5.241578772850788 124.8247120052804
705 32.39570733879448 4.348661118639482 120.6507658181017
706 50.701946852533 50.4257444503396 102.5258839610367
707 52.37196273447535 47.93106979478317 102.8824089320733
708 14.22016629000105 5.568170485555123 124.063622178818
709 33.23799702990663 6.966699640481965 120.2983817412322
710 2.277114153302614 44.78299770862678 116.6803233941437
711 2.270183004249216 42.51752002682591 117.5249197400095
712 10.94431986257296 2.184269530904277 124.5008065410102
713 57.45326336326137 28.59722361720591 107.2675222530065
714 59.35639842376052 29.28460363709754 106.0388134410127
715 59.27073226740857 27.30683027660643 106.6129322208604
716 7.533103215837497 5.44703174206529 124.6538495239536
717 9.787772938353379 4.140743086943681 124.5473955873633
718 68.84031958976715 44.51475373922412 94.36337795095591
719 69.31914396101961 41.83612790599436 95.2344196304294
720 79.51160485410341 30.47295532275792 91.5112216475232
721 77.73091999444227 30.17064391092976 93.12699030258355
722 78.12354942857911 32.61221125226464 91.96822658895853
723 2.177815642615724 60.89042992579992 109.144915880118
724 48.02718983312889 45.64418742580609 105.9952696631811
725 46.02593130305613 46.65649242666788 106.44146448695
726 76.15555894240244 32.17454687265123 93.7556898311235
727 68.42786236608225 15.03578216230887 103.5207849022412
728 66.36241752655752 13.97267415622799 105.0037804888697
729 46.67194988942237 44.24432456470051 107.1875404948387
730 46.57398125173699 48.91286313086083 105.1826796136347
731 64.75721043216183 15.81033986788938 105.7427862802307
732 63.30258289190933 17.46439545355262 106.361543288234
733 65.13144793182087 17.6956877158397 105.2129133071031
734 4.467047554910217 29.38673256576714 121.4144366838238
735 3.616084784060471 27.44642972749185 121.8959286688786
736 2.189739942772947 29.71052883937028 121.3980622376979
737 79.97898435663519 4.761864871496343 95.94626988177659
738 78.40116814289685 4.40454207066486 97.25665449200358
739 79.17252616694797 6.221468201017949 96.52981111432707
740 5.570941643851142 27.52908516833227 121.803588120365
741 38.25503292735284 47.96397149506679 108.9082636632665
742 38.29080059016699 50.31603869852601 107.8290816053466
743 80.49879494205823 53.81384059706705 79.05070887139419
744 6.425287727078564 39.66615517529064 118.3651629966943
745 8.468164119974485 39.68534281708938 118.2301305164097
746 7.013573279986252 38.12875758117764 118.8360535997475
747 7.325329859650941 41.33748710440261 117.7393379560997
748 29.82909661408879 38.46902392660515 115.1319208270306
749 27.9506505077543 37.80354451319941 115.8216437391212
750 69.31503974002915 22.28848740713336 101.6053571173304
751 70.10955945163509 20.10161068230823 101.5163776022104
752 68.43952673483298 20.54215614221903 102.5624248998666
753 75.50333192391768 4.627041037276149 99.51300095779483
754 77.14013968739542 5.975728116737811 98.17682782858668
755 77.02155139409891 3.800657270756886 98.37802409662649
756 71.16065111955261 21.78206733877563 100.4325807429559
757 73.36883343679432 57.69977134769563 83.1429531983774
758 72.8351520040608 56.60676567232603 84.35469585425417
759 1.500553314844378 11.18099452589243 124.4898939720059
760 50.9502751742377 25.52077454797137 111.2553797626932
761 49.44481242744171 24.03671625061702 112.2606199693482
762 48.39160321714872 26.44015064616256 112.179192241174
763 70.78380765885198 1.704917146048981 103.013328413559
764 35.72627392425346 44.96816932679969 111.0247589454058
765 70.32589432504574 34.05654042530336 97.56751837390442
766 70.88955334211563 35.98901797126283 96.45963825569461
767 71.79736091415262 34.36815355383168 96.37929750243646
768 9.856284574523137 47.66689812921044 115.1334898156288
769 9.351887367847072 49.64009592193312 114.3389832013578
770 11.35906170915958 48.80477982317895 114.5166589780654
771 53.08118749900788 61.10488893017778 95.25534149078365
772 50.92456367713551 61.22096083681192 96.35186956417044
773 51.30059454463228 63.24458468594477 94.83338814610393
774 36.77311928156847 43.19060455350387 111.3881024912732
775 7.773676287934592 48.49206078019477 114.9482057200559
776 52.32828250441657 59.11215081512436 96.91493422660909
777 11.14002792698092 68.89700199524553 103.701990790212
778 15.71515137346283 68.3289090199399 103.485236673904
779 81.21909703740648 9.203909297065826 94.57138219397945
780 81.9478441738265 11.18334627952103 93.72557602519481
781 32.65308959835735 55.95868416816071 106.8990243447043
782 34.8022579413421 55.27306216876337 106.5771619094462
783 33.46170904165008 54.0674401486121 107.6198213331921
784 6.81966524430306 7.635840563864963 124.5800389502222
785 4.110246692546649 8.22997948149548 124.6610336466876
786 68.81917508661604 35.74466884037545 98.03693074494721
787 46.44978350114378 4.257794386828298 115.9710688044926
788 48.08832792101666 3.738556717605809 115.3192781430322
789 46.98232526994606 2.020260310228564 115.8170093747369
790 22.41831484670772 19.76329350419471 121.3747559803971
791 24.0382026209366 19.00919093369056 121.185046415807
792 22.79188926623265 17.63889607304694 121.6322289896886
793 24.88456876286697 16.84128762953985 121.334781775323
794 32.49926123518214 10.52457639107206 120.2415540108987
795 30.06338960144197 11.38377145859574 120.7957050273327
796 79.79000649050714 7.986317384343146 95.88938209667099
797 78.38542701689632 7.832101316862281 97.05350596625156
798 12.83456267611052 63.65467292284667 106.8099087912652
799 11.69583200350653 65.07631720756436 106.0814802519564
800 63.04993878743556 15.47865147816654 106.818147181638
801 61.87401377161086 14.29091547302912 107.6678975123655
802 61.65097544981143 16.42502479854916 107.4912823742176
803 7.390775757121639 64.62435776801297 106.7430035963941
804 8.316980246476678 66.5717092046781 105.4705426796861
805 70.23357195165171 8.476383992783346 103.0553069245783
806 72.07300362805853 8.104776761234536 101.8076359694125
807 71.05122028236045 6.552981030577575 102.6342171792642
808 63.70110320873061 13.4218356459391 106.7099984906946
809 46.63934963068236 24.27287977586974 113.4045782736003
810 34.58860718784376 12.09636216539293 119.5086033520963
811 36.41144249963681 14.51543784470015 118.695024829486
812 49.81001236564611 21.37142291920983 112.637582318436
813 47.54169549945352 21.99824889358882 113.4938951426594
814 9.62150905181063 6.673775858424618 124.4503406156746
815 61.74483267071096 57.12064796778628 92.46516757247637
816 59.92333285676706 57.05704890877563 93.69464952257778
817 60.98106562777863 58.95992103714685 91.81523482622023
818 58.99181437171372 59.7179165233238 92.62146772345275
819 55.91637579912825 5.424584393301114 111.6643757052831
820 58.23366694389708 4.503953899026092 110.5149511764934
821 56.73201237544461 2.742519235569651 111.3506055667185
822 81.9269243919487 52.59954012627885 78.39813414986291
823 57.89661603447923 6.883360192479547 110.5694406435009
824 22.31251682866764 47.01560862343982 113.6515910075084
825 21.47274833019356 44.71003031683043 114.7385474381486
826 19.86744643765206 46.13365392468467 114.4638394760741
827 6.162036573369265 44.29002480290266 116.7279872533864
828 6.147114614151348 42.66944425832909 117.3308634102973
829 4.17527183077596 43.51390121954262 117.1072478790063
830 6.17271747350612 66.00382300269821 105.9735481524553
831 4.817841507960861 64.08424724147568 107.2147268741454
832 23.58924401493526 44.86775181165683 114.2603711449049
833 2.274057110869567 37.505509265477 119.2189810348743
834 2.475619590432655 39.93121489378404 118.4245303336682
835 4.857448228495641 38.24831505734814 118.905305146496
836 43.29210516526248 21.87654076693043 115.2050805929699
837 44.18203139939362 24.31731058142753 114.3748945682984
838 45.40096032221283 22.49662776346895 114.2700946927619
839 30.2274478848813 16.97309361741647 120.0966922417982
840 30.05663989949847 14.47775802117809 120.465733387682
841 28.30061135080116 16.16924507089472 120.6757262708961
842 49.54733985937104 52.69587865676966 101.9470719807636
843 32.07844293394417 15.44777246562186 119.8221174273934
844 30.82046401349301 19.1415850807162 119.6189730711257
845 32.00198826051603 17.59594575193329 119.5460389994952
846 28.23608709885023 18.79156873850925 120.3104331705776
847 74.51660217381324 2.126600286217185 100.3381959758711
848 75.05099265030222 6.863120097245284 99.7258546452978
849 45.86666645094888 20.21503155626075 114.5102676962061
850 3.467086965083331 10.69497114272794 124.4933608680911
851 34.45319703911579 9.12215124131496 119.8113666165045
852 35.19567539264085 6.93979209389509 119.7418210958451
853 6.849533871724215 62.45369335467908 108.0630374924739
854 4.403392032796651 61.71234918173806 108.6148981359221
855 14.29980057477914 7.56935849644401 123.9484591089129
856 15.96720458534353 6.902499523708534 123.7836979495078
857 54.689073314308 39.53616618892855 105.218804512804
858 53.23094461461191 41.73423994046168 105.1176471960255
859 55.61029897793264 41.56541548039759 103.9461922512165
860 52.66117001297177 39.77485966925089 106.1591339035708
861 15.49852763447376 28.47386254840023 120.7229671302783
862 13.29408307067668 26.53945666639607 121.4245633929249
863 12.99737354656148 28.90228928790412 120.9161939312078
864 81.61310078738457 12.90491668132571 93.79640134523419
865 16.24564371280098 25.72343130560641 121.2410167485512
866 10.8350396296387 67.00799986777153 104.9644219245021
867 80.70667285338493 11.28691421710293 94.78416811046273
868 4.202239142889322 66.13953744592492 105.9853894299826
869 43.35442228585618 41.25166031862115 109.7437678832687
870 45.33676912846523 42.8302609916033 108.3288793830315
871 50.43133752090093 12.18744952243006 113.7239916200236
872 44.82089579181346 39.49924433751029 109.7993488012796
873 57.26112916358806 58.28170926492804 94.60129730648141
874 55.82053343093501 57.24778170189543 96.08204586548932
875 55.3852328682137 59.77114503379698 94.7886396224914
876 69.70105257203141 29.71177419714155 99.41817612694865
877 68.32813335211237 31.36906715152917 99.86114268652648
878 70.05550871338109 31.72584261807123 98.54286686048239
879 67.59062571658482 29.58569994094098 100.9019012419744
880 27.36514712798591 62.01622293242914 105.0244581793162
881 26.41394856652546 63.58946139746251 104.324895016988
882 29.20323868128478 63.29998989844503 103.7558775654694
883 82.55023713218135 49.46903167224925 79.77012758439481
884 54.11960400495885 58.90323361589085 96.0545549775659
885 59.39968060180976 8.24941249686769 109.6750889576093
886 57.41602292469326 9.315367928422233 110.6418737724069
887 59.26188909643511 10.60346640984726 109.5472272621132
888 54.04961195681548 57.14998653780098 97.14689128349313
889 44.38277909025216 44.91704825642722 107.8778369089576
890 41.94884477341801 1.898327853525073 117.735681819643
891 39.45865454986703 1.825034324278549 118.5946197381208
892 24.96508973752797 61.54354702343461 105.8968182438522
893 22.90922752864343 62.68615905616856 105.6911195740947
894 24.39947083043332 63.61337621477754 104.7998291494409
895 71.63554886976732 4.807239796635995 102.3241837674008
896 43.18867309473637 47.1306207560667 107.4171452956362
897 53.91390382503833 6.534033588781382 112.5859555157978
898 52.12157285847935 5.053886434898185 113.5024223294877
899 52.13702833979922 7.47797685726872 113.3614137968344
900 62.86203353853478 42.00996629231614 99.54158664356616
901 61.81878554416463 44.09865456865845 99.29122025173585
902 63.53907516785488 44.0689101991323 98.21261161721799
903 77.9244316080693 45.77257421256652 86.35771192264431
904 76.98419916053801 47.99347889715308 85.99452926180328
905 78.62796150777521 46.96223608432791 85.07168771742846
906 60.71443874361556 42.92150535890215 100.4813480491454
907 39.80767767909281 27.27192796811489 115.3108439943937
908 37.95983975798916 25.83633793151036 116.2606305153924
909 37.80502184660512 28.30553666003543 115.7349425090154
910 14.25275322011077 65.34379916171393 105.6032524913898
911 7.107271190787601 14.33075775157946 123.9722391444397
912 40.30816248500493 25.22099586689593 115.6034316297075
913 25.30843719164522 4.766838360024149 122.3182744276829
914 23.40358995306996 4.528337143495939 122.7060150930809
915 24.44399566172637 7.414890540239792 122.3622101564277
916 21.94023202944362 6.402065276583334 122.8927979121988
917 31.53469920436515 21.20087256417809 119.0843639971583
918 33.54180285661221 19.44541539053422 118.8352779330184
919 33.58970823756115 21.57335594303411 118.4538805352981
920 40.17708419042468 49.556101100497 107.4941614678344
921 22.62323187091841 42.99812583016785 115.1709622900135
922 24.70078930615601 42.93840217099035 114.7656944677075
923 23.5908948964645 41.12454340932383 115.6600259699029
924 25.63118780577481 41.13037045776052 115.2229787745156
925 20.95209631195636 43.06085181719988 115.463295903554
926 17.53299262575536 22.27878959765271 121.7425550234951
927 16.1020012368406 23.76436848082882 121.6592797400847
928 17.95936502620451 24.19689821379524 121.3135249042199
929 15.29148440482014 21.83204538574089 122.1250682659874
930 19.48772679856143 44.13990905364717 115.3121716600654
931 31.87308736896235 22.86661625282986 118.6853999560027
932 39.05843676291786 43.07306011287707 110.6532873897094
933 37.52391510543414 45.35547459918861 110.2716496613818
934 39.69034350829281 45.52867018263741 109.4386441052444
935 22.03447128233053 9.435772141047154 122.6802685007267
936 24.31196564664384 9.734568090327004 122.2258831446564
937 22.40541142413324 49.44690050317782 112.5966321412153
938 20.03431411446443 48.36043504306789 113.5116495361079
939 20.11526710571505 50.74410276422731 112.4518210787148
940 66.96743120458765 33.12623480266493 100.2148478303366
941 66.27719506477035 31.25524696671298 101.2691609099047
942 68.75118468811705 33.31388828162728 98.93664362378418
943 39.27104402298903 37.69251780100795 112.5258157187281
944 36.50301230759904 37.81795538442599 113.4122230758785
945 37.42974847937708 39.71914264288992 112.4562298696001
946 38.10352119396476 35.94044591900679 113.4962819644944
947 73.32233257490503 12.15286772968864 100.5044444376452
948 72.6694298109518 10.21376239301402 101.1920601071557
949 71.82578881703317 11.9389638374632 101.6047105369564
950 71.0213829065283 10.32689560014448 102.3441175510738
951 79.46989981961099 40.14011500350168 87.7399919658456
952 78.04562629921433 42.01792476922808 88.13838104736706
953 79.81690904270997 41.53300388887973 86.77136981075074
954 10.80827418099654 9.001565078368754 124.2060909753153
955 9.77162128453716 11.30070391750122 124.1040269630303
956 75.26118985849067 53.12676568894207 84.48846115604468
957 74.53270797548889 51.79307745314308 85.94970953862041
958 73.94628317379906 53.69604373110381 85.28588448511107
959 10.06841363671178 53.37421053156857 112.5825061764565
960 9.820608485625252 51.34590668039189 113.5436194426642
961 8.163915609340062 52.76312971813749 113.0239028890375
962 7.678799283781747 50.69908064784303 113.9984178092964
963 41.21865177777977 41.93173633241975 110.3075348005319
964 13.69613233414034 62.24611640395532 107.530632620249
965 11.46816073830795 62.1506635766506 107.8460769164198
966 42.75937001458198 43.30977582894214 109.1828722538606
967 40.88265938853312 43.85868133995658 109.6814671329725
968 44.2456614191068 8.742031824381103 116.5800082568502
969 44.01936575681535 10.9591697432134 116.4782899810396
970 45.86204264859212 9.430437259331139 115.8996975716354
971 16.44185296798893 66.59728196866106 104.4962559394627
972 16.22221972289346 64.85833352020559 105.6183514368783
973 63.79495474711688 36.58276171334998 101.0787084119973
974 62.3290917199015 37.89803736562057 101.5077489121207
975 63.97960925678783 38.18995549685044 100.3650183006875
976 62.70855427641961 39.70047338408177 100.5808611697133
977 65.331031124977 35.16596610002984 100.5992604366396
978 63.48358698789042 34.85980956546309 101.8804586768758
979 64.7894860143615 33.31342936552416 101.5752820616467
980 24.86299883054292 50.01388220521235 111.8277375069154
981 24.20483937162812 48.09213400132955 112.8107813916376
982 68.99572957123165 62.17425110693684 83.65973822708884
983 45.7315920229896 11.53445833413837 115.7608645526667
984 9.464315088829364 13.81648477763131 123.8730458505354
985 13.53808716989745 57.30876558266296 110.2607164096608
986 14.88909634899196 55.62762212480703 110.9454030893129
987 12.95511125820356 55.81189873590365 111.0954411836094
988 16.1816445806809 57.54181806877067 109.7820274544291
989 55.17585450183963 55.29534911006787 97.58611298124103
990 54.79185466540637 53.34700735619204 98.87845806070894
991 53.35203118934797 55.17821775684668 98.66065605472555
992 52.89282798069281 18.60550293075705 111.719219514363
993 54.87929433007591 20.09205489802885 110.4969338208418
994 54.77457136807695 17.41459247285331 111.002154485613
995 6.18147032545391 60.40863271078627 109.2592628504735
996 7.043587231375938 28.85459528182355 121.4199333307187
997 55.86012142877854 10.72583054279538 111.3085953245721
998 55.84809307989995 8.024870439649748 111.5418843025599
999 54.05922592680268 9.37170136156166 112.3154989562198
1000 69.19830532748861 6.511107334769324 103.8951395450181
1001 69.36302969010505 10.35233974839726 103.4726977223623
1002 81.79228156066627 44.54022553293792 83.37380275947423
1003 75.16568725722296 49.64526565407075 86.66295089186664
1004 73.56677313337178 48.6229794748117 88.59309091421883
1005 73.4867025009893 50.78556170659275 87.43872870574545
1006 8.409934835166238 15.97747806636313 123.6890989162228
1007 10.74714106550601 15.58194737034653 123.5584957623953
1008 76.60479022991908 13.24011120050105 97.8846544113451
1009 77.17305313059856 14.79257015294783 97.213680821024
1010 78.95744204221202 15.19854965001943 95.70645973332535
1011 4.843353830732455 41.09824727469629 117.9511593610603
1012 75.39321775334207 47.69967020926353 87.55343613316751
1013 71.76668939659804 50.73448270451652 88.88506374952618
1014 12.14536974065621 6.768377269218737 124.2243094688164
1015 6.298432921869056 16.67938139865754 123.7219785603465
1016 37.0935582884592 17.19743010135728 118.1241564262349
1017 39.02947732690835 17.25810356643145 117.4898198180535
1018 11.9994261553042 13.15486640608587 123.7253541590463
1019 12.2327020574395 10.8468158229327 123.9262183191164
1020 14.80645747818487 11.83006567854524 123.554920432122
1021 14.96947606445748 63.51994435883162 106.6120605513587
1022 13.29822983130181 9.177856851149304 123.9512969959318
1023 17.25805893477647 10.25079763400491 123.377796015614
1024 15.4733056674644 9.040592268760404 123.7087082753322
1025 38.93623017015307 13.30235991056028 118.0339663018522
1026 4.281743466933574 54.85445332891112 112.2392784317045
1027 6.641199348073554 55.93323951735397 111.5901751424087
1028 76.39321503560576 41.59563636240015 89.77126339832068
1029 76.15654378048671 43.48401559137435 89.07480691789301
1030 77.94921478632648 40.29785638475796 89.0224841542212
1031 6.229853702731893 53.85850392482275 112.6297051306733
1032 2.18533675732042 46.98230738168015 115.8140194292143
1033 4.686465689533065 45.90633964921263 116.1707580217671
1034 4.081876983564012 48.37012666929314 115.1897092898823
1035 26.17900614940649 9.064596120526483 121.8913152533891
1036 8.255994769910187 57.28247411631397 110.7951113969973
1037 8.803035455756483 54.96219305491343 111.92257994417
1038 10.88505099022123 56.81454708246613 110.8089477648557
1039 27.05191270587328 6.214122622951892 121.8793612511189
1040 2.20963611336798 3.657965076093453 124.9269258396627
1041 5.214561261676878 25.52234347467799 122.255545209241
1042 2.525595831253678 25.26125349398942 122.3948137692507
1043 11.37163600406599 54.62431464377663 111.8564711775261
1044 82.09763034795557 18.5402688269833 92.41881584976966
1045 80.4377182720994 18.78309364213881 93.8188087347575
1046 81.79150666212131 20.69543270554945 92.23257831737243
1047 78.75221907784277 19.61601210260354 95.06997454247039
1048 9.155248717354896 62.1262669329347 108.081026909912
1049 9.966187517631552 60.40545173311173 108.9809914952241
1050 80.20202975323579 16.56614239075355 94.43620783232647
1051 80.92565386231223 14.86227543891277 94.10181356241291
1052 56.35598183086339 53.58401681695162 97.86601276050865
1053 29.84229198189279 49.98660302185431 110.6154470569233
1054 31.49712313263712 51.33800313142579 109.5323726979618
1055 31.70514779565737 49.56273901917825 110.2874358400464
1056 61.00863963872141 62.46586379765979 89.44809528125708
1057 59.95723830163348 61.18721491325297 91.02886523735496
1058 58.58907753619138 63.79085855744718 90.12794437887688
1059 61.81663404296501 60.34808509304573 90.34274946668744
1060 84.0507220487606 47.88420484069761 79.16804310993231
1061 77.09813599998303 44.46802207381251 87.76942769649945
1062 74.85987431040571 45.77379963663362 89.02672904839073
1063 76.43185439884954 46.27340606035431 87.41821048686953
1064 65.9493251612467 58.7218564631353 88.47276464708835
1065 66.23619468137245 56.87333458131302 89.46055179649491
1066 64.52411846311655 58.43714857462483 89.70361086949023
1067 30.26078691946144 2.591498698578405 121.2541500712871
1068 10.38276509843419 43.9976392724847 116.5392892005055
1069 12.91071964704085 44.90654162445997 115.9384139857285
1070 67.73704133164777 57.52261796640596 87.90814327424707
1071 64.82366519479882 56.25437021190088 90.87539965675545
1072 10.40850899048056 19.62114680557679 123.0108675631104
1073 12.29259896115608 17.61380708287944 123.1407560916665
1074 66.92131610658357 59.62171642515639 87.1308692776616
1075 65.83626106970782 61.76308632855641 86.4633326649659
1076 68.10657157721374 60.63364743044723 85.49886377770223
1077 68.30327068885912 55.10913024145894 89.00925220017497
1078 66.65337875671513 54.57735501323231 90.57394448776913
1079 68.46566368218024 53.00708197084719 90.15376951350659
1080 67.27733656349062 62.60722237365162 84.7295443843465
1081 65.63724103782614 63.63031424871944 85.25218881384525
1082 40.90913557823429 47.54427720800214 108.124855287812
1083 42.23105514395351 49.29997901935105 106.8225165876553
1084 72.56127763424043 52.96211821108972 86.91878406122142
1085 69.68911208203093 56.03788801549995 87.33946853502383
1086 71.1411631490656 56.64215706959638 85.76480017058979
1087 71.28794400222557 54.93268526338947 86.74923129163132
1088 69.31547361949801 58.48076997342818 86.02537218878891
1089 26.77007854225794 3.229296892095525 122.0570953956551
1090 28.43726603915058 3.94720981427712 121.658297846471
1091 28.17723318714076 2.002348121660687 121.7663095109529
1092 70.03496698336417 4.976064197624413 103.4182874773133
1093 68.42751429279986 4.209318378425301 104.5225187531267
1094 62.93255644273745 58.05317742607807 91.07316800418202
1095 63.3014718308574 59.79514146922971 89.67978992349377
1096 70.25031984057263 60.04978101641895 84.16600478921033
1097 19.06023231608534 8.841488972892748 123.2214900770116
1098 20.27942655139021 7.357636020454717 123.1243682255356
1099 11.89976074184356 58.72704508244123 109.7020048593999
1100 14.41248305663276 59.26542065357921 109.1095332539581
1101 30.67241226559791 67.33145617209702 100.7505738720836
1102 64.99981464918098 29.46061117625515 102.6260029655917
1103 63.90403195607071 31.74737432644212 102.6322508918822
1104 76.82828762574562 39.14741841187976 90.49803231110012
1105 74.60760171100324 39.31359990714129 92.26671463357481
1106 74.99722976618601 41.09484194043418 91.16813858628809
1107 80.36079865891278 36.42719037454119 88.54491425439757
1108 78.30895533204904 36.78794034455366 90.21837373843927
1109 79.00689791726455 38.49985288480006 88.88572106553275
1110 13.5808179023668 14.91983089587306 123.3610961005993
1111 16.82294139398518 14.6311938142382 122.9955967115276
1112 81.27229932773932 6.391729536268403 94.75736992718581
1113 24.91905598061895 65.5731712086214 103.4611031580449
1114 11.70931212530242 52.63213292493388 112.7730047188791
1115 64.23282981925324 7.982795937264215 106.9365164124718
1116 63.68117468271952 6.221745204556986 107.3824840355192
1117 5.78867052518033 51.83358473403805 113.5991671939993
1118 70.70972160403925 16.04888129720826 101.8212584865625
1119 69.92362062893446 12.87523650641638 102.810094655363
1120 72.35417054253809 14.29509484816853 100.9233583883492
1121 70.31414395224873 53.4296290464756 88.46578943421267
1122 17.09797369915678 55.06854595826023 110.9058814555203
1123 15.73690263642849 53.33425985328642 111.9500184069377
1124 13.47059497716722 54.07416282387818 111.8906966010036
1125 18.27388517992321 56.57979227294364 109.9535912409483
1126 19.4071621191103 54.80110432802158 110.6580364135921
1127 20.17669360089776 56.80795246986813 109.502317653631
1128 61.8508723974581 5.15419378609464 108.5030131843754
1129 59.95024652973831 6.091996606374547 109.516462316729
1130 61.05520898450675 7.365526450686779 108.8255966028325
1131 60.24065649897448 3.783770684049482 109.4611638161366
1132 61.13690978939467 9.416077033428399 108.6214332197102
1133 62.56031713314608 7.742324310926525 107.941016923432
1134 63.3801700262655 10.28193881043313 107.2484768271335
1135 65.04915697205882 54.14448623679494 91.98903079920984
1136 66.86057019705487 52.46917090088145 91.66051635191016
1137 76.29370675479989 2.118089365309421 98.99385843098129
1138 77.93180866159602 2.139298923106399 97.70904051749758
1139 79.6012230915682 2.601509312505077 96.34250065066476
1140 13.85721599317505 51.75070360158574 112.9373376774011
1141 15.81299996952719 50.90789947463468 113.063410540476
1142 4.31453775337585 2.732317032901451 124.8956332607606
1143 17.75630282756342 49.83614886489806 113.25224932076
1144 15.87386739178814 48.8464828971899 113.9607013079617
1145 17.77307880863921 47.47998192854531 114.2574679647983
1146 62.65141731028853 52.88929426871038 94.35317938877225
1147 61.6168718058114 50.9898960832172 96.06451793606686
1148 60.4622271373326 54.09317287217404 95.09599223003404
1149 62.00020911286659 55.12835881103851 93.49779743267862
1150 23.31170091220264 59.52084220899156 107.4189645421717
1151 22.52756194015646 56.88254815890637 109.00405803447
1152 20.82820446315768 59.22666972823853 108.0897196394877
1153 12.20713732279107 47.23086829463436 115.0879267278606
1154 81.37449609306952 3.763725464339668 94.81047281934677
1155 6.066311294007871 68.08836513136342 104.6526368565185
1156 3.485771138372601 67.87250172585215 104.9103088787993
1157 2.087671213427162 69.10722115901002 104.1385308739484
1158 1.599637066553902 67.44774092332172 105.2294797364112
1159 2.313668080500306 1.480563686682471 124.9698158403978
1160 81.22852906919566 1.464753433996155 94.99884505946603
1161 21.23980735648992 4.016921791526046 123.1167532173423
1162 20.23274408784418 5.64811249314005 123.2222986798276
1163 77.30775549827551 18.81759558890942 96.40751545430008
1164 77.48727442113169 21.31063804356885 95.74225299709749
1165 78.80924139490402 17.73697891019539 95.39131537985536
1166 5.535177858479004 49.46399118557742 114.6633131479643
1167 6.082522894141706 47.49382293078448 115.4657511934233
1168 64.45537788642963 39.94489949987222 99.37257803570694
1169 66.97336507350664 2.401217263117167 105.5168352746902
1170 64.6446213431353 2.313409181620877 106.9613064119967
1171 77.62157428449652 35.16044402446688 91.4529079996843
1172 76.24247593945964 37.19509284868128 91.80746119242649
1173 13.55551242934834 49.1565404971014 114.1266078052555
1174 12.25771755252587 19.85558227678258 122.8027044199452
1175 10.86641058282421 21.39128175468685 122.6757277783062
1176 9.106199652873881 21.53043823694338 122.7946145285174
1177 17.90359595700468 67.84069656722342 103.4509600781078
1178 33.18136881546156 50.23612257773337 109.5460120309601
1179 19.20617638317968 3.855238142954654 123.4554977617412
1180 20.36936494306707 2.00754752205295 123.3128489848599
1181 35.11687294212129 31.06877340949502 115.8729327910378
1182 34.26182719941348 33.8405970370955 115.3513813923806
1183 36.55805530586198 32.35236681769432 115.0731634810953
1184 18.54188078169318 60.4792229280151 107.8121618886336
1185 18.45743407617235 58.42021142740464 108.9559636922233
1186 21.18014872389837 61.36603817234224 106.8204599272264
1187 75.52720970347639 34.99805997209157 93.25114687014302
1188 27.20324283859478 42.53428831850757 114.3495426151872
1189 25.93981142651614 44.49190812714425 113.8973059135401
1190 70.23950819142094 3.333830946736315 103.3455226908544
1191 21.55837933472912 54.87124691028182 110.2242375476955
1192 24.12182584238557 54.60452895251386 109.8247828857571
1193 24.86033679917286 57.33861625933808 108.2554697911199
1194 20.56133373763763 52.84134389952944 111.4002869377864
1195 18.09217354989944 52.45551718202135 112.0093387776527
1196 25.30501633745819 11.09042414271591 121.9084026656721
1197 23.54688424887984 11.62685052229158 122.2103129408568
1198 21.43478441325257 12.19807834961872 122.5428778090916
1199 22.94536390393097 13.53820629842208 122.1279134577249
1200 21.1199886020309 14.20922590209385 122.3807336990319
1201 71.62343877554159 19.0363164432541 100.6613216396374
1202 73.8401624790246 18.53687121525435 99.141387980098
1203 72.54848445604951 16.91467821823721 100.3773433793893
1204 73.36919119811066 21.13863455122174 98.97029813153529
1205 74.04000226391348 16.04958491382272 99.42579589248297
1206 75.64085669284667 17.57832308338003 97.95133157006362
1207 69.57013566706662 18.61463741878373 102.1689360668553
1208 2.434052598001584 17.46231138164078 123.7503255315346
1209 4.544916969736055 18.33417947547698 123.5645644701555
1210 4.492095714933272 16.46344247914337 123.8296254448983
1211 1.651856196453297 15.57209037962369 124.0152465316869
1212 18.59334377391123 16.70672931384446 122.4751924388735
1213 16.53476111065331 17.16992182877454 122.7061345630584
1214 17.65074257257892 18.73270109685481 122.3214502703939
1215 14.79602586750044 19.07806709959498 122.6462595200996
1216 20.85015796385506 16.2340930065782 122.1749775409681
1217 19.33558218527468 15.00280810725475 122.5807938074043
1218 32.97778775096813 31.906122877418 116.273233540584
1219 83.19838622756001 33.73627979387329 86.97638734046872
1220 17.20003592358538 8.503862204860813 123.5185941137127
1221 18.12568205028915 6.446115507205453 123.5107576087184
1222 10.61248605825718 45.93190347773575 115.7697515872573
1223 7.828085634534234 45.8531607233371 116.0224492371119
1224 7.977847839361277 43.31118393342151 116.9850216486595
1225 19.2869787858122 13.22216541635286 122.7932685085719
1226 19.4469137953616 11.04006641128868 122.9834723752347
1227 10.61298125511769 23.24210491504978 122.3608155742529
1228 13.69824360652831 23.93933741127871 121.9190971357857
1229 12.92099748945151 21.56061393479462 122.4466730892772
1230 11.17887569700195 25.28589241313885 121.9042918974641
1231 24.90082591386421 46.32173219988275 113.3986154889458
1232 26.78136753110268 45.93367872251012 113.1276072061158
1233 26.42293497998595 47.993603403317 112.3540944487941
1234 69.18180971567482 27.83092823943507 100.3210677664247
1235 70.98229527783806 27.72078357569876 99.08618427933874
1236 71.29606755087572 29.8432891617697 98.24076976382038
1237 35.45351177584919 22.60463907877212 117.7160940350901
1238 35.41381785173142 25.13163258304098 117.2146004082914
1239 36.94526409953873 23.60908869204674 117.0583546430856
1240 33.38783150178612 23.82942088767247 118.077988667518
1241 66.86045896407178 20.62132699602761 103.5830097073674
1242 67.58596771033876 11.4658263754985 104.5259383798298
1243 11.60962224609822 50.56396215516557 113.725557384758
1244 74.2557634506244 24.70898672310708 97.47075237978946
1245 72.22966468366631 23.80682812352811 99.20237131430841
1246 72.26557273624037 26.32443529983956 98.5378663420703
1247 32.36428775172407 1.990933279308364 120.7211210310812
1248 41.85792459722755 45.74697642519512 108.5362994410877
1249 27.24539722968854 11.2777817468445 121.4722189171953
1250 27.95945424194202 13.70966804550339 121.0591339824255
1251 28.70472713312352 8.650253213720438 121.3516038606472
1252 70.34609683491162 25.72261830695835 100.0738405754859
1253 22.67543547880198 66.79797437953243 103.1932906958491
1254 24.1462386610497 67.73667933065796 102.2433441930537
1255 21.02551222322496 67.76349847254136 102.9127597070106
1256 82.13335758232839 38.76323767900798 85.88668684315466
1257 80.90159211192785 40.33236497846122 86.33210717340013
1258 83.53600322031012 37.40237797453151 85.13400194884895
1259 9.481921221405825 58.51958893258708 110.0479481004171
1260 1.666356553333453 27.84394926494494 121.8480108379629
1261 12.8819211143716 60.72838744888881 108.4947881986077
1262 7.563762152786742 23.81373638926159 122.477326315032
1263 4.996112298149023 23.29856975824818 122.7078461595848
1264 58.27328488757372 61.75901672730173 91.73357139721824
1265 56.60805274090938 63.12571891893344 91.84591431223402
1266 32.2313685510891 65.84235045632676 101.2468457173364
1267 18.6585330438336 62.64376842377727 106.5486622267982
1268 45.41058920039999 17.6514994968329 115.1143038635331
1269 47.18539122899826 18.19594910148634 114.3129314245002
1270 63.98106108838224 4.519382171122241 107.2893238248618
1271 62.16146148966634 2.447212978731575 108.4203110773321
1272 2.740410603659544 19.57750104918851 123.4269484447881
1273 3.388109952980833 31.93097249888001 120.8053546256219
1274 26.21190711821806 67.36846476465941 101.9775753804666
1275 74.35084927760435 43.3860711540112 90.63443077284722
1276 48.31502603678852 19.61298029614406 113.6045301163977
1277 70.05187120908963 46.41288643761087 92.53960942555655
1278 67.68133489421948 46.48665296611273 94.25087799561716
1279 68.44075090668233 48.47309128142302 92.6888506615132
1280 59.68483983945978 41.34106672850367 101.7528186100387
1281 61.35261690173223 41.12161655814732 100.8457686318766
1282 60.89369582430608 39.41657441357498 101.8002528010417
1283 3.150430786192712 22.8154619176835 122.8597960414396
1284 82.21693991240515 36.42972863253826 86.82309406603513
1285 61.90851844745207 46.14935356489148 98.29838507922764
1286 62.77968642872388 48.21909521826365 96.74001151665802
1287 64.09121167455297 45.94168054033645 96.98803315470066
1288 83.70211890493053 35.4513867709584 85.80299800613489
1289 80.83792300712811 38.31804216100744 87.30382493820581
1290 24.87219749910773 2.441702606654633 122.4761686204546
1291 62.69933104535768 61.54987507060116 88.91235440172549
1292 62.39804644197267 63.59265491570734 87.67815030551901
1293 60.61355064305813 64.20328170725404 88.48127540028119
1294 71.5689204318642 58.13938438755665 84.39609950260393
1295 66.29801136930764 4.496897455646301 105.8742253891312
1296 55.12498086974867 62.16217977728869 93.39218323524665
1297 64.1048738930931 62.72148554097139 87.07227110099028
1298 22.56278134387482 39.11420770606685 116.5589964505321
1299 24.62104682969889 39.3406791181477 116.0651326606432
1300 81.98074089337216 26.30023663638587 90.6226002465383
1301 81.71310981459415 16.7110028484134 93.10590780518923
1302 21.39657328072909 41.30708852766855 116.0211665568389
1303 25.7244014644454 37.56290977296433 116.4142730883296
1304 56.94188309392925 60.82762053060372 93.18059095274172
1305 72.29364059780937 46.87350504209 90.56215575053373
1306 72.01458248160105 44.5215325050153 91.96049724422734
1307 40.9062289997038 12.28519229604524 117.4766124778587
1308 39.2697662273579 11.26290981584834 118.135652209351
1309 70.42491569656904 49.04516865943594 90.88400673550119
1310 29.08547427118384 60.97605213720841 105.1710808738826
1311 26.90775397526697 60.34719765774002 106.1093233927357
1312 27.05964541659821 58.02914882237665 107.3563853568032
1313 25.32329262241145 59.17171899085516 107.1561408526221
1314 23.84452173982909 35.13435767833826 117.5670689161272
1315 21.97210655656318 33.40178821267283 118.4337244101645
1316 21.55008265116313 35.47793778735707 117.906360592143
1317 73.96665326526264 27.68739706180786 96.88829779017796
1318 75.83334064733836 25.95033492347087 95.92124146206839
1319 23.82785750656654 32.78483907351296 118.2471459848846
1320 60.62341756146768 37.73957844433804 102.5939835565984
1321 22.61281662456972 2.123787588431598 122.9192826637986
1322 63.45205950324495 55.69703605899112 92.17741761971911
1323 64.81667713603279 51.87136984365954 93.45137428409264
1324 66.78570546007994 50.30174900091895 92.92149155953103
1325 61.11211513288317 25.66207115939431 105.9800334393013
1326 61.05856341705081 27.8471037229445 105.45800418977
1327 72.34859824665352 28.33754478239131 97.91661701391799
1328 54.15253003119916 51.38469810906648 100.2602428256593
1329 56.14149040712498 51.37139069694459 99.16709773270854
1330 68.85444704045065 1.900082605458101 104.3094186008445
1331 70.79930668505656 38.05589481071656 95.72986494856754
1332 69.49047487099955 37.42862709542968 96.92869428582151
1333 1.965221641716729 49.63769346232706 114.7050011622814
1334 65.20323214199637 11.8167958296873 105.9901026254641
1335 40.19855707292523 35.03791779133653 113.054943837509
1336 41.84350229471264 36.51989857014363 111.9840092340813
1337 50.77651612598781 38.77823858425493 107.4383247375437
1338 51.05205686564409 41.09557979256505 106.4417249545495
1339 77.27427794222466 16.51882304642384 96.85460471071444
1340 39.6235777061591 40.319333958059 111.4868754560037
1341 20.04429828458512 32.17912888430426 119.1122570121392
1342 22.35666929276933 31.26508667620258 118.9439939352269
1343 49.56887552440612 42.2859108150695 106.6762781774183
1344 19.88039904750361 33.9284385225311 118.6534061590094
1345 82.26692489068667 28.4084888040579 89.722409870109
1346 81.0215381592152 29.90221266410542 90.36795910114074
1347 82.21681180354278 30.15374530291342 89.1972393130407
1348 59.32125755463142 47.01527144526782 99.47639244094485
1349 60.26960730345424 48.84033003691719 98.01630781340634
1350 49.4463474859928 30.93001588615723 110.5594538588922
1351 50.54056452772654 29.35270128488483 110.4946617013647
1352 48.95563870709776 28.82067463918033 111.3450230235847
1353 50.552651168746 27.68893721980352 110.9177723155711
1354 4.035308501254463 50.68372744772797 114.1922766972624
1355 53.2978881298931 49.76890541634774 101.5253228241705
1356 63.0624157731658 23.93906435043381 105.2380773051188
1357 61.03801852584421 23.46104396311448 106.5314024623703
1358 58.50521191274617 2.125326901059872 110.4428502195063
1359 62.93433102233332 26.42759283613142 104.7179655821246
1360 30.69314788945289 32.88356138862648 116.6259064832364
1361 31.43199268291403 30.50578545806285 117.074450199725
1362 29.11024428493775 31.09001035639734 117.5202320186203
1363 26.69502628765555 53.40420210014472 109.8197011903979
1364 26.80048129079949 55.74613626196686 108.6236737292738
1365 17.70650967672868 45.43812873706574 115.0949867367895
1366 61.25061810138315 12.23662292980838 108.2756982959343
1367 61.37989908963594 29.85919890306596 104.7183662430486
1368 27.32340543145068 50.59586348238285 110.9886936318319
1369 24.77813292638833 52.19375437320475 110.8460920967077
1370 63.08085422248952 30.23576621826488 103.5934567033819
1371 63.09770004464724 28.45609907161043 104.0861694688704
1372 22.5190441541083 51.41412754610916 111.6892122770044
1373 61.89785065135698 31.66847880528231 103.8785999852794
1374 53.98895196457534 37.80871673495201 106.2106115443412
1375 54.09061472229123 35.81026876342334 106.8495673835699
1376 52.48018676913777 37.22202063248307 107.1697306925394
1377 34.30356707274263 16.90618064383543 119.006076912584
1378 55.84630098772067 36.8302452885288 105.5922520736049
1379 2.017230639261862 21.43567870197507 123.1318092904255
1380 45.85326664040886 6.906263423597212 116.0809263571214
1381 44.55680221474718 4.817921796479018 116.6896696625666
1382 43.13399637053182 6.705920161425885 117.1302223676517
1383 41.80031038456423 56.54087392886504 103.3482637837437
1384 48.42163012976714 5.869145965515687 115.0908287450025
1385 47.77819960529956 8.51130790818798 115.1946234863771
1386 55.31949873341122 49.59996325672883 100.5216230709357
1387 54.70906064024371 47.75294572836825 101.742689457895
1388 41.15717588845906 32.54040212308864 113.4557583490328
1389 38.71170775976937 33.08374825901463 114.1572130154567
1390 40.09402150273944 30.89406702224472 114.2935958947959
1391 49.98496018859076 8.055228948036023 114.2874316866895
1392 51.66516978866658 10.37885608374612 113.3489725454146
1393 59.23744314453705 24.94585298070152 107.208347383788
1394 75.17015166968358 12.26856688288146 99.11574327319062
1395 58.04791702516972 55.98425546087702 95.50498662127686
1396 47.2374781368573 38.68286003144566 109.0745478975618
1397 54.98635631601351 22.74902429201604 109.927169129609
1398 53.35319259087869 24.67719627845824 110.3153335860208
1399 40.54989641355038 9.904924177380352 117.824438797266
1400 57.38180006156106 21.83407369927245 108.8834342193052
1401 53.36768969376976 22.23901477811639 110.8256103905962
1402 31.5488286079617 24.59906403703629 118.4253244114925
1403 32.78646084730954 26.3680149780491 117.7063115182241
1404 58.05763821255625 30.92614280854432 106.2915064159195
1405 56.43978243880505 30.57177377064336 107.2609789568273
1406 56.64705019230858 32.50063560636532 106.5824581706217
1407 22.89095585080011 64.60814802908456 104.5312936325224
1408 19.62540033041604 67.21444987545706 103.5473871703704
1409 55.02726825536868 31.61928275401746 107.6903928234696
1410 54.96435588841768 34.2336448939441 106.9204243306521
1411 57.14575903785808 34.95942769428311 105.5329362771417
1412 58.5897463773255 33.34376215950086 105.263645882571
1413 48.78990889737906 43.95186930883878 106.3615436802428
1414 42.6098419879465 9.228254511159289 117.1505044139354
1415 42.28665927360588 11.16287543860265 117.0992256994904
1416 42.75285153643193 15.18538979040209 116.4757383424435
1417 42.57138536488942 12.97578933531858 116.8088440112285
1418 19.15145769761832 35.51100259639104 118.309722181465
1419 20.87097597593349 37.44010147019397 117.4207867616019
1420 19.76838668997179 39.64375160247371 116.8870559410113
1421 33.39010637485165 28.98835083157886 116.9178186263385
1422 31.44741109216229 28.30179714161955 117.6225684728707
1423 29.93521533157122 29.08530250267437 117.8258378344087
1424 37.83498238101511 61.9568626866897 101.7588388016046
1425 38.99835030268952 62.99216878452508 100.6782764328563
1426 39.64971574216075 61.08442309813309 101.5952424886821
1427 23.25252801891778 29.34399027574275 119.2612685469451
1428 24.27832531701456 27.56577431905665 119.4809231885662
1429 21.81762096438217 27.22590262914479 120.032252505245
1430 23.88707474665788 25.54128081898311 120.0085440048892
1431 24.76227250672178 30.90755002859783 118.5603357431674
1432 31.33397737662325 59.58168623646979 105.3242827033734
1433 28.98551539814742 59.02284332993423 106.3068382671303
1434 39.7515597141077 21.03816079474063 116.6285097678538
1435 39.1287475695574 23.47938416674589 116.3729334200536
1436 41.11292193207476 22.6726820504802 115.8476462378281
1437 50.83300106647721 1.718796714943872 114.184288500775
1438 52.24742634862995 2.774563358534698 113.5231616812797
1439 53.99787100334403 1.885594571451555 112.7194502302878
1440 31.13537624594919 42.25993771381414 113.444638526674
1441 38.20587707769738 19.175835113635 117.463178504664
1442 37.67292780886967 21.65968156049914 117.2032794123333
1443 57.22967715874703 19.27885527312364 109.4444598491104
1444 40.47932879783274 18.78917587572654 116.7621120483351
1445 64.98320732723221 24.49604370965174 103.9332795982152
1446 65.04992854662252 21.77687273385051 104.4953329580464
1447 63.22841443728706 21.70301464780968 105.6226621655771
1448 65.12237886850262 26.86617063265809 103.2583393535074
1449 66.91500815265084 25.40805260123193 102.4783516014173
1450 67.03725370856911 27.85642999712326 101.7596478130124
1451 68.76139278485874 24.38239177409356 101.5005903118843
1452 70.47725804281941 23.84076469615757 100.44687171569
1453 68.52503169300788 26.13511793710086 101.2238886917811
1454 26.91840630061865 31.20445504106089 118.0113612658765
1455 26.04811402996633 33.28941921095253 117.6363478015164
1456 54.09548863265602 27.46669523664467 109.2897925808786
1457 27.99717662993636 28.95657208479463 118.3328992032657
1458 41.42994639669597 7.87173656197635 117.6715569076306
1459 40.90273246195594 5.576544910773763 117.9867307115668
1460 39.94303163966579 7.93747073921879 118.1801623864881
1461 52.1771016465312 20.76449715950754 111.6753586136188
1462 31.93763462531803 39.58991994880336 114.1824230474508
1463 31.51553952869447 37.29507380514081 115.0688847520667
1464 46.81129829152064 12.98699263874328 115.1739570148717
1465 33.89147401654778 37.84070510608483 114.2122980508666
1466 35.36627594619943 36.01304556612396 114.3559665026253
1467 7.92399497499627 59.27506019365285 109.7664682071673
1468 25.78806131354076 35.49345024548633 117.0478145176588
1469 27.41137294849747 36.07759130700003 116.4990302043904
1470 41.92215271916821 54.07367940533112 104.6115209093157
1471 41.26110850682669 51.5679693119624 106.128532760179
1472 40.09195265620912 53.49513496277148 105.6215218008487
1473 53.5635446970654 30.32370097849661 108.7953116565792
1474 53.20256739663682 32.80568102849437 108.2509774305202
1475 39.70927030819112 55.95330950362197 104.4863675662184
1476 40.09981899953482 58.6467698064662 102.8472698104909
1477 51.25138209830781 31.43392587140768 109.591076905577
1478 49.44771408132263 61.18523939618031 97.14056851884219
1479 48.71836825005082 59.96269457138244 98.26492688030427
1480 42.24592381320607 24.17145685917708 115.1348018388607
1481 55.26351402933342 3.101733297496243 112.0773093345878
1482 55.69562870392748 1.260418670953011 111.899098691849
1483 78.87614255429251 28.08399068896713 92.81618179356944
1484 80.350214494051 28.37532485525523 91.4531791143355
1485 32.05998339110563 34.62287225474 115.7515191338498
1486 29.61572768398174 35.74160229846753 116.0622528597753
1487 28.11297589220575 33.77026502778196 117.0223473804795
1488 33.28356313498269 36.02955924755146 114.9742374859116
1489 38.04831195175593 58.28567229762674 103.8272910290716
1490 17.68538928814532 33.36597131701235 119.1593007859608
1491 17.92713756820855 31.31829726415958 119.6778258286984
1492 35.62699817092776 47.34392666873194 110.0648427469664
1493 17.94647238359806 29.2200580597444 120.2044605493903
1494 16.1373615417083 30.55320912519302 120.1294592288853
1495 16.76238036359402 35.32686134488436 118.7267260226842
1496 14.73390065380475 35.25692063172381 119.0162246044301
1497 15.54635480471683 37.49786149444892 118.2252986277852
1498 13.23707884144056 36.59284219322205 118.788651158128
1499 57.62859753804725 41.49518206556024 102.8693084021847
1500 58.37060443600769 43.77163777867133 101.4983559667245
1501 46.43121239692045 58.02535862929206 100.5097023739206
1502 47.40957146734416 55.60124012541313 101.4191038700251
1503 45.1485839928899 56.38316141283774 102.0173733857663
1504 49.00127954098574 1.879054045440155 114.9797536927284
1505 42.08954038999489 34.40741559155714 112.559319214665
1506 50.27154090485956 3.772793989322299 114.3832951115029
1507 57.03626790328457 39.13050216151545 104.1185283427133
1508 59.1300813300659 39.24677801540572 102.899581618728
1509 46.84669172260305 28.34830312282623 112.3688621669889
1510 47.92554316808918 30.15306058065096 111.4402766043912
1511 44.74510418942403 29.33062300807375 112.9716345151996
1512 50.54701108959075 5.883692354963535 114.1725966866872
1513 31.4564309521011 53.68717434535364 108.4120854082574
1514 45.16276603408288 26.72789244204601 113.4501843531208
1515 43.27917503996348 28.3782274121981 113.7830796595072
1516 49.57947102878857 54.78615329161503 100.8233775471402
1517 50.40060725775574 56.09805970171027 99.68844710272505
1518 42.27167826151539 26.42226746545069 114.6297038247029
1519 51.52996418589991 23.18861717331113 111.4986583981596
1520 48.10064164800148 53.5246796830906 102.2078125089912
1521 49.81702106311023 65.24758997280378 94.26566933480348
1522 35.87427759018141 59.30521996469369 104.0236852467836
1523 78.594461595863 50.26755646189955 83.19304883105414
1524 9.00712178466369 37.30156243072418 118.9641340799109
1525 11.16946961472365 37.37503920518972 118.7575235214018
1526 10.88984190116516 35.70383887653082 119.2964678137888
1527 8.481772353006329 35.26145348991494 119.6231141357319
1528 28.91184350866245 56.74508550971373 107.5597535113664
1529 26.51892837433006 26.63863259409942 119.2146370685821
1530 29.6842119912865 26.54252164467608 118.4877297579723
1531 39.2934959071302 29.17406014878872 115.0212823517074
1532 41.25890563222843 28.82184224661932 114.4202959074213
1533 42.79448068523163 30.76983993071678 113.343942817953
1534 56.95562877491064 47.72964182028988 100.513370466627
1535 60.73834806328976 33.86947428099306 103.8687238126656
1536 60.00846788358831 31.47836835473885 105.0385458200356
1537 46.51515312183228 50.95462831868024 104.2351494600437
1538 71.89752608228034 32.13065620491092 97.07402677899807
1539 22.39402452450565 53.18543155089526 110.8819982519294
1540 40.68428011327734 3.332072941465752 118.1468858733786
1541 45.19503654859451 35.13942747946194 111.1198870940159
1542 46.8641763666575 34.31066700656272 110.6866166392287
1543 36.68825666264196 63.69271785066287 101.1049430831745
1544 38.42676288112411 64.91969003463402 99.66853937068058
1545 36.71559197809889 65.56951672315016 99.88795614282181
1546 53.95394716805458 4.187555318252067 112.6784627399724
1547 44.81773229731796 13.62751031837167 115.8907323052565
1548 46.14586817786181 15.22539423545437 115.1683386199801
1549 45.61098336052778 37.31644559237298 110.2366594433863
1550 46.97465157269923 36.19349728782455 110.0382336449461
1551 72.73042652172977 55.08137534190208 85.44780364884616
1552 1.552067872351485 23.2459426860338 122.8096789099184
1553 64.54953514523136 60.51855896127962 88.29417610343653
1554 15.40976336306141 44.43412162573593 115.8151459371518
1555 17.44186292969984 43.40005048249063 115.9190106740858
1556 15.36375049969246 42.5255196647144 116.5355540074753
1557 17.48189612087517 41.21861097271926 116.7065097477367
1558 7.844811812642971 60.8449205702668 108.9098460582061
1559 48.2252742175555 51.76612330723282 103.0514017584523
1560 42.61503807790583 4.060729206241849 117.4413428394456
1561 44.75437177145574 2.170626529299117 116.693335661522
1562 60.18807507377162 1.694908310225867 109.5423338473942
1563 76.48327466926888 23.92877859449907 95.9308201301366
1564 75.16446773956132 22.33083672509527 97.34801754830748
1565 73.12371836960929 6.524409933263097 101.1699258022106
1566 73.77226108460539 8.435606376371615 100.5559249349721
1567 29.02159309503905 54.35218001554199 108.7593106900926
1568 30.6416703769443 55.69349451934954 107.6304915195219
1569 5.437279176557032 14.98602059055737 123.9792530305598
1570 19.45613043494334 42.10527155774406 116.0758592281233
1571 75.30837812310176 9.615687253745982 99.30350821147294
1572 74.05652420675477 14.0287221563112 99.71873533632167
1573 74.04366361485137 10.52426747879824 100.1587523510824
1574 44.36965337727258 15.92254341540057 115.7704904989409
1575 43.5021834148741 50.69534131003561 105.6529337387167
1576 75.58165461629503 19.93596512806233 97.54471169610258
1577 17.78274928657539 27.37706186441635 120.6618013767519
1578 19.36029522056869 25.72287673556776 120.7829151056523
1579 42.97268108186326 52.33197991836878 105.0700364445541
1580 15.83789023252106 61.50150120260404 107.664880916707
1581 33.32254835616035 67.16460060978865 100.0176194276735
1582 5.650305475495938 33.35902851986506 120.3339073754543
1583 3.84195928610224 34.30141919818291 120.1401348003009
1584 5.745582106193666 31.33362748943984 120.8726274828756
1585 21.653894137205 24.90195845167642 120.56534051694
1586 64.13406566099351 49.69509342084244 95.09058476886717
1587 45.16152058738346 50.21398160711602 105.1855175839124
1588 75.71008602323813 14.94119825517697 98.33485378569176
1589 48.45072572540751 34.84324181208511 109.8338548750152
1590 59.47685493869098 52.36630773350306 96.67095500180996
1591 72.88402900558359 41.84066348395914 92.53257369778136
1592 48.04336308945616 32.35860951112782 110.7689290981954
1593 50.52606095176968 19.07784295252842 112.7304443039977
1594 51.4540414079236 16.9028322262411 112.657782179143
1595 39.19508453499125 51.89578008791003 106.7500508541433
1596 54.62086024436059 15.04548716844387 111.4234936718025
1597 56.5354910906958 16.0543013907915 110.3222446018367
1598 56.41420956710255 13.68405038076678 110.703133307489
1599 28.22813390963194 48.35893370793654 111.7568162870225
1600 30.59144086572347 47.62157260739546 111.4511084204976
1601 37.6286118569802 30.54226926178574 115.2226425580376
1602 35.80222871227082 28.86107912948858 116.2335516566351
1603 51.89718293707399 45.89596508233857 104.0444270124865
1604 33.74719017362485 14.36968612926551 119.4974446418483
1605 68.55917033585121 50.78421902013213 91.35427336132113
1606 66.25768623329742 48.30762008398646 94.34666319924163
1607 43.94779825916444 37.07780519915087 110.9902130360403
1608 37.96856597294792 66.87053819641562 98.54805487314106
1609 39.74837548525502 66.32164591264976 98.21662756234447
1610 58.79839316000552 12.8750917491391 109.5535529969369
1611 40.30990201280926 64.10968718066616 99.44877982818514
1612 22.96950325744116 15.36779914924505 121.90665555832
1613 20.3553267952273 18.45074666269402 121.9435550517066
1614 58.11035210175022 53.91258345067602 96.65205804474371
1615 19.83797338777033 27.705200200497 120.2658583876426
1616 20.43804621248485 29.75755463015583 119.6736153437742
1617 65.11381486443175 44.11192997986546 97.1562079707311
1618 66.26124704808252 45.76256672428072 95.60457429662415
1619 71.21958361433437 41.19579680099681 94.10460794101327
1620 70.58343658321874 39.97198516054829 95.10635563634875
1621 58.43966478872265 48.5582617442744 99.25674181513448
1622 56.66428433262853 49.55477619989031 99.7921992785499
1623 58.13423256936244 50.20279371674213 98.61587350221826
1624 18.86692204066442 20.52780567887636 121.8509271475674
1625 16.75013991425748 20.44244750955956 122.1742163988446
1626 64.56924268813302 47.67117798262962 95.82938843814789
1627 56.37120577882541 17.99656258489923 110.1063617334127
1628 59.08234919189876 19.30749068657513 108.4504348417025
1629 59.90093166908964 21.30465929661184 107.6242996605801
1630 16.66129245213063 59.45220170043361 108.6868761479303
1631 36.26189570969274 27.00131917343007 116.5375633966745
1632 25.22389964216708 13.73344144939442 121.6558567139204
1633 56.28772726968022 64.88499466025424 90.81095323116523
1634 58.26109189250087 45.79268227035189 100.6661582756597
1635 20.81454256298025 20.58611199405399 121.5235236934074
1636 20.21859000510253 22.88693396191179 121.2121977031547
1637 1.997840251687873 35.37610085674563 119.8730166572198
1638 26.61683863032474 15.66107397551902 121.1250373096354
1639 26.69563274713648 17.37986053516077 120.8730062503964
1640 7.719860899773107 32.99181381111527 120.3201727439786
1641 43.85122926462441 53.38800747094495 104.1719268817836
1642 43.73036649097554 55.14691335303052 103.3028218114022
1643 29.30660630673925 52.24003777766128 109.7137242088259
1644 49.82021604392769 45.80946885654135 105.0925241699805
1645 51.20309832727526 43.65022042818589 105.3465755412019
1646 78.75981270378841 25.91823830065683 93.54216603358367
1647 80.22116546519234 26.0987414098596 92.24109880214736
1648 60.08496171158743 15.02896707032586 108.576827753053
1649 43.61001912138345 33.16618283252986 112.3528840241841
1650 57.5869299076464 52.17341260315046 97.91159543768674
1651 48.4628919194422 36.80874260081637 109.1854595399557
1652 49.15523170495876 38.13513886507029 108.4180537538542
1653 52.5290830840632 51.45408450001886 101.0849772152742
1654 22.17044074851464 21.56540199675165 121.1131908329357
1655 24.33634956386503 21.30864802679294 120.7422196631138
1656 55.33197901655318 29.2296066094346 108.2081429263501
1657 37.83874301666686 41.54632414495821 111.6563140935644
1658 43.44571708274056 35.09274175188963 111.8300905101201
1659 78.54547264203717 48.65029488826133 84.19475954431014
1660 74.56299514685638 30.39958525712417 95.60975353448366
1661 73.67640473176465 33.4289318018631 95.28532890423159
1662 14.80641817997966 16.68473488071019 122.9934534950539
1663 51.60466762021436 33.87462403738912 108.694379459716
1664 52.81125202891537 35.00959900220074 107.7511003973671
1665 16.85478996483284 63.56035487034281 106.3061491353979
1666 29.30820132828507 42.96640081104612 113.6658160409067
1667 28.04929119739946 44.54537651939681 113.3752472723595
1668 14.94371973737089 46.86536845950997 114.9144137154486
1669 16.81889940045746 39.26241312895823 117.4759019469453
1670 33.56703766466178 59.31023316015569 104.788120628758
1671 34.42839996525193 57.43236716134526 105.551923137748
1672 32.76869454438226 57.9182524390384 105.8144068275431
1673 18.14818595049553 37.48081571954842 117.8593729819716
1674 14.89043448816729 40.26701066453745 117.3960936866965
1675 13.13558624016807 38.62621426776829 118.1544410738232
1676 57.53426075516605 11.50506143100992 110.3741020385908
1677 49.88051145087422 33.25823333613554 109.6851151832297
1678 33.23856596322084 52.15394884439813 108.6285568008916
1679 47.24223198739873 16.52058075086898 114.5436245650661
1680 30.70902195389073 61.53122090478135 104.3832593120298
1681 31.72372092667969 62.7459832121861 103.3515704829985
1682 35.89050803231967 61.75575960951389 102.5821504367789
1683 34.33079128179102 60.73374025508337 103.7198609939011
1684 33.6638992013152 62.25393517892988 103.0348943091674
1685 34.62671063591973 49.34289588221611 109.5046553188177
1686 31.15845640201569 64.33240732998051 102.5450728303079
1687 63.61897444159922 53.9311119120371 93.10779376040693
1688 37.97407369957149 60.20160193622407 102.7557144443653
1689 17.55324399283624 12.23822115187422 123.1548195092899
1690 52.39544831185064 27.07648599555936 110.2115279920048
1691 45.95836921389985 53.49185367559743 103.2058617014912
1692 36.90540778700998 34.34091784014797 114.383968448252
1693 61.21784464651392 18.95642745061033 107.32208232766
1694 60.31739902440383 17.31380202144718 108.106630853491
1695 58.40149462561359 17.14565874476112 109.1800888976677
1696 3.885934271279971 36.03659705399327 119.6296919147058
1697 34.82190669419368 65.31878260914992 100.7268159560277
1698 35.67570734331387 66.99251594890347 99.31891417242807
1699 53.31291245982346 16.65191415298997 111.8277564833197
1700 52.58022279103694 14.75756230398447 112.4390258143895
1701 70.79510221571013 43.10451642242077 93.56844642429633
1702 59.65180859752243 50.68589895657533 97.45563800010949
1703 77.5219395396778 25.33001480578346 94.72982233671364
1704 44.31627032903872 48.78116807893903 106.2142449249528
1705 77.30045830077293 27.63351334078243 94.26573124383675
1706 67.79806096707726 37.52303587191216 98.0838656867666
1707 67.250071002201 35.38515854692382 99.24877079746625
1708 65.79730245247714 37.47411143509295 99.45554766893338
1709 7.711905377484537 30.7500462876021 120.9130314265549
1710 44.65603263512848 51.85026513718564 104.6058734225468
1711 65.64729438037324 49.90639195700574 93.94032564543477
1712 70.02560412586905 51.40977217250646 89.88019855328567
1713 76.39772638411235 29.88471239096597 94.31485232267264
1714 75.57954721659058 28.1047408279222 95.51364083485916
1715 23.07583940421198 61.28898491319572 106.4714326197459
1716 61.50283329811078 21.13806621158393 106.7500990778907
1717 62.71238228973463 19.73688032588246 106.3137463480051
1718 73.75003849805043 22.88888832253098 98.29562865608412
1719 56.67889645511244 55.22144813620945 96.76308367539025
1720 34.65572913406118 63.43491250245869 101.9803525880941
1721 52.06639969923613 28.88861137362055 109.9069522608252
1722 60.07364142389945 44.9714219713699 99.9686391422117
1723 76.79345905072752 33.80592526334552 92.65486530190054
1724 33.04372824645653 63.99890135162207 102.1628731455791
1725 50.48109436349295 36.05872922466126 108.5192478713646
1726 64.25078132153294 19.57343027519825 105.4216198264592
1727 25.8493019644895 19.07477756906784 120.801351187142
1728 32.13552965307055 12.94690671454172 120.1028115426179
1729 27.92244902321386 24.72109223541182 119.3071851953364
1730 29.98976421988595 23.36103658096689 119.0792845624224
1731 25.788873920177 23.75484614257531 119.9818372366076
1732 26.88894734919116 21.09701469624171 120.2368515945049
1733 70.45177423062562 44.67932775413208 93.08762097720513
1734 15.30049498792759 32.79956402273171 119.6456578946479
1735 14.09836545756414 30.70068554118031 120.3482613032965
1736 25.80902676392804 29.14216980403721 118.7839554679482
1737 32.84938522357549 8.940802507438216 120.2746022273868
1738 28.64663490498711 46.57854392660557 112.4046687388813
1739 29.36467734149217 20.81280660509185 119.7060683752044
1740 58.30023734222863 14.91097287093019 109.5616046518222
1741 79.52644046820375 32.25583181755481 90.88512848764017
1742 35.69810579344254 19.79984274944469 118.1465677447189
1743 63.32429847417472 51.24679346259995 94.80927898974474
1744 14.07828490784217 43.42320830884077 116.3667773645925
1745 27.9897165315782 22.75858368136219 119.6813378823128
1746 68.06507677892894 13.41530148130677 103.9816089952649
1747 34.61643128817029 27.14829327661615 117.0028754220947
1748 23.01067884580261 23.33175918966836 120.628096528838
1749 23.58455393348737 37.09329333548497 117.0164792039399
1750 53.87709059229089 12.42538600850517 112.1065069112838
1751 66.95627859948786 22.82657794143615 103.0572855046712
1752 1.820122644875352 33.35754172329708 120.4531509082934
1753 32.52438648020785 60.95788994293419 104.1695729941867
1754 72.88456124865885 29.97577748559033 97.02728222373783
1755 57.84786617025902 24.19161715242116 108.1359793921453
1756 59.08931524028839 23.15046730375924 107.691729896271
1757 68.96703162987406 39.4431113791102 96.50279536313474
1758 33.12560461010678 47.8660606961768 110.6188706896106
1759 30.95441174970823 57.56155104244294 106.5527673728738
1760 62.77994734371628 33.55418391747536 102.7511311526664
1761 61.8227852017001 35.83899806198983 102.5597847492727
1762 73.22143839994044 31.44292877128513 96.30661030753609
1763 73.25384371580773 45.24746255038388 90.61755632112148
1764 51.79708881194824 12.83767979292171 113.0365231601784
1765 58.88629836307453 36.29247732738459 104.1165690682143
1766 6.307739702158769 35.71261562841311 119.62366615694
1767 73.91557010147588 35.53200878474799 94.33432486796306
1768 71.9381528067868 48.77502841934587 89.83818104480629
1769 83.54683304290332 72.4784536339403 92.54377944076749
1770 90.94910124430348 76.61688275840115 97.48249808847413
1771 91.33433189391229 72.48224286227654 92.9932419022509
1772 83.3059030873208 77.03747240685877 98.54254969733789
1773 101.3617480564947 18.05535218310455 99.30431887082888
1774 107.195847859358 14.67109375770718 101.6003406580186
1775 100.2818130141811 10.8955513651414 99.51402780385777
1776 76.24983812714653 76.7962082614511 99.6772016873451
1777 78.68412423279686 81.63895061230633 104.7210270970013
1778 96.077116113307 87.16077796052303 108.1860962653805
1779 88.94210102180929 81.79758175625317 103.5768081514008
1780 83.9275402394907 90.26016481505152 110.5063636110047
1781 86.96673685916386 43.82456718261582 81.58847255783556
1782 60.76191145440406 68.78285611596999 92.19326818537398
1783 57.56815602335663 67.64246824996086 91.32367584134249
1784 58.18334259354785 69.62178359360509 94.02632632299026
1785 55.25471097565273 68.42013298658688 93.02388340900498
1786 37.12268509808244 70.83277317514218 100.4439416727359
1787 33.86502593494739 70.9409872187034 101.0911123638001
1788 35.49544623158248 73.05686949653895 102.7891453678278
1789 32.57455696895708 72.9281630340319 103.063515464992
1790 89.62269261406072 24.73698675791531 92.92683354548079
1791 88.38020640970942 20.83812418052933 93.36109227238222
1792 86.22254740648343 23.85137219354793 91.34797869252029
1793 61.53143018505043 71.13635241874336 95.38012531282342
1794 60.32172330821894 73.68877685860608 98.99195072947484
1795 65.51264343619833 72.86441074311369 96.86475929072293
1796 141.7370272882798 7.858691835324541 110.3388082147029
1797 135.834373668773 16.68226339438958 109.1000852184077
1798 144.8612574734287 16.17658296091087 110.8287481228002
1799 57.90121444691345 71.41126895706924 96.56897333656231
1800 161.8784699308434 7.935197363825504 113.4704175301289
1801 172.4029285302275 6.957468275642318 114.6392444104861
1802 72.16951638472381 78.51758633481441 102.4608107394626
1803 77.82450869549525 71.23840628198533 91.33289493548074
1804 77.34152443045214 73.87537415861775 95.30010939074309
1805 24.68676272863055 87.64254085331476 111.5167836524001
1806 19.85909473299303 91.26378208871743 112.6056719590647
1807 24.2282572495396 96.11871601339102 113.7049652717593
1808 19.53453730389483 84.76076443121926 110.6654939356733
1809 86.70161919654807 100.903758155797 114.1605131029137
1810 76.21807722846685 99.70868138767102 114.0037258944031
1811 79.55399770743567 60.51626350873924 78.75419964900092
1812 81.2443535130091 62.30567366600671 80.86954712704309
1813 82.51687085917365 59.17871699485893 78.5754970167548
1814 77.85926874975077 61.97479370459828 79.69711778038524
1815 65.83285133869889 76.78171179586906 101.589310237191
1816 71.44126555827992 74.02690848734082 97.06329281746284
1817 79.65669665212775 68.66685228879221 87.75804649155903
1818 47.59656846084984 68.97482885596933 95.84995484040888
1819 45.21540175749212 69.54799039582937 97.23635331012173
1820 86.2101229520045 5.708108604768043 94.61046534585975
1821 84.40712344531127 5.881568637305767 93.86476704023299
1822 85.17825951538362 8.272696373900716 93.99007225610187
1823 52.69901061458359 68.76027035046548 94.16575109405068
1824 55.24697324817203 70.4143700076242 95.8304994098805
1825 91.17635055871398 93.68977170874993 111.809312742717
1826 55.64179512927777 72.49584772290397 98.46342955146527
1827 52.26394469092017 71.01704936930379 97.34916529867124
1828 52.12800388897958 74.0859325439807 101.0242456718062
1829 86.80005976444941 68.94992336964572 88.77767680236821
1830 48.73262619473457 71.09139002547361 98.29397437896009
1831 102.2203161337221 93.79234992593881 111.6924238003219
1832 97.26581040652903 101.6953811112965 114.250692042261
1833 106.5906003543773 102.1100832236242 114.3163302653049
1834 96.68997060589319 5.161294063453001 98.55125836052059
1835 101.4290132867802 4.88860011484877 100.1640075905645
1836 93.73697588453373 10.34598574151117 97.19265252516706
1837 72.5092011790355 89.87396058716803 110.8386267805446
1838 91.50123336920328 54.18123661224513 81.04981047516972
1839 91.73070212006448 50.96094667926914 81.96940921449365
1840 89.5520998583257 51.7313235881026 79.84536982073689
1841 50.07823721394676 69.00913562554571 95.21693852914984
1842 69.05402310573714 82.91895024976742 106.9047865709544
1843 171.8270946409643 97.17908928750435 114.5126501936463
1844 172.064151253135 84.77340136254691 114.4755624838192
1845 113.2108896835973 97.09684963511928 112.9352137776678
1846 171.0570117326937 76.11623094694087 114.3958627660965
1847 161.5075596555462 79.8236764004355 112.7633280207077
1848 117.8614774067175 11.72315813941849 104.8768648979623
1849 107.5905967581495 6.866751307836609 102.0716955062003
1850 109.634133529221 22.83044674737209 101.7742258515844
1851 163.8860163180353 90.25266226526436 113.0941326539005
1852 48.34628094193061 74.29726652891009 101.9426644277732
1853 49.79042415086369 76.89172337204775 104.1670317205858
1854 54.68098175690806 77.6979359636037 104.1808442043906
1855 80.51919763408021 65.49887340966637 84.02344240106052
1856 84.12735868313291 66.41285070023727 85.65454783962656
1857 84.39313860168818 63.89259264817897 83.18750452355104
1858 89.28032625711276 64.93260501518091 85.38653500639434
1859 44.91355855140934 72.05991345154331 100.2689649663349
1860 108.2914435339715 87.1571927310153 108.1107316589664
1861 118.3202761518406 83.00120194870503 104.8535330586968
1862 111.8605386755488 78.25579256330468 100.4745589987247
1863 99.06595058459939 80.35139548772204 101.6186254780963
1864 68.35848117433277 70.80987273773582 93.17455783291177
1865 119.5945064427692 25.40839069363193 104.7219977568533
1866 128.4649834298967 19.76080051036814 107.3431378522493
1867 64.4273757942387 70.14797575677663 93.26201123858132
1868 165.6256693999269 69.52825990783793 113.6640660797863
1869 154.8258821429818 69.19810248220253 111.6268723765135
1870 72.92484497766392 71.3088299738811 92.58068481901979
1871 106.2099180181219 72.62655703687585 95.22767273990327
1872 86.12112461218612 61.16371096836937 81.31228589450187
1873 86.2435658947043 57.83670272247208 78.95688981557498
1874 83.61280160979524 56.64300106994035 77.1603839270398
1875 106.9907094088089 37.60100955784511 98.3118603498551
1876 101.684824902857 30.90243399561746 97.33314005481107
1877 100.0296616341768 36.04675520459622 95.09282294212898
1878 8.630001195014165 72.21085842828832 104.5160922242149
1879 36.39299159421417 97.10774873353715 113.818879295228
1880 31.0263899743041 89.88286773789127 112.0772034398224
1881 30.29311179539055 99.27888472342283 114.2497037084601
1882 97.16550837786775 26.0528228660603 96.33130011479773
1883 93.75589364337404 26.93484860077689 94.44322506144499
1884 96.14448644427867 30.8467847148447 94.54562683900724
1885 92.62391165416909 22.76697089400489 94.94767137524789
1886 101.9972169255614 24.84548835024431 98.66496443985535
1887 107.0387565486987 29.58331873713863 99.94767053357097
1888 60.67252509368234 81.8216131856355 106.9138504695803
1889 57.96469055057926 75.88370901923111 101.8827264556332
1890 59.25960714198668 98.42855757781942 113.8877815941585
1891 55.64377861600987 88.23573127993869 110.8330149133195
1892 50.34456537425189 92.44015646802143 112.4487077543503
1893 63.62218935626026 89.88188974243855 111.1973488698751
1894 29.32458476343725 72.5328365758624 103.1334086574221
1895 30.86979491956463 70.71720739850679 101.3325734327183
1896 28.14472820538457 70.49700949616725 101.517150252507
1897 68.23436500843533 97.92865545047715 113.6750155313721
1898 48.04860089538815 85.59389088888427 110.0339042219225
1899 41.01936661821793 89.26309149560069 111.6733039328
1900 94.67246856103833 51.87215341461868 84.30029835567296
1901 96.34243476094991 48.50364485770692 87.65454631281759
1902 91.98100447114831 47.47441988073315 84.23556907306002
1903 92.83096635686053 43.73035602330381 87.12880104900137
1904 97.16096469855853 43.37000545964191 90.68392381689297
1905 27.87148002609533 82.41517199298542 109.5153711932602
1906 31.04079193681839 75.02397040446246 104.9322482303089
1907 35.62160060666015 76.62578551808451 105.6634890069551
1908 137.3979154422838 26.06511246488929 109.2380169734732
1909 144.0815909469769 35.15367413364075 110.3841925274838
1910 149.1622624130939 24.72933116720708 111.4717881939608
1911 13.53021519538048 74.06279173217651 105.5762467653074
1912 13.88363132306962 77.35535495675281 107.5589941530581
1913 16.79830754460144 74.71489727000858 105.8377619268974
1914 11.42494742062266 72.13082737077701 104.3407828564367
1915 86.1370124502789 11.07579318188893 94.08914787766867
1916 89.27985410291404 11.9627896220539 95.2916829356042
1917 87.7932541324296 8.904295838738273 95.00371330000021
1918 90.8148162954641 9.098022962262547 96.17970959181955
1919 15.41090960137229 86.55363418431244 111.3221334475909
1920 14.21023718983831 81.82509304163715 109.6722212382525
1921 10.38214155749575 85.84177554326033 111.1534303175078
1922 60.01520298197804 67.11872971628341 89.92146044866936
1923 63.05717438684083 67.97995679782173 90.3893704591917
1924 122.3544330961017 37.15846331148484 104.5848481538984
1925 115.0441380378478 44.95879101400387 100.5983436656947
1926 127.2641745717812 46.23222628012381 105.2929103391786
1927 110.5266540198291 63.144466351967 93.31175229289737
1928 116.3871759585815 68.83647506299963 96.58312249946904
1929 117.1340314625525 60.24183030014999 98.30504043148409
1930 7.124938361063938 77.30630881195303 107.7089807451289
1931 10.57047406190027 78.47156146049839 108.2395509200837
1932 10.4241836688135 75.14286776503695 106.390052037649
1933 8.803699378601868 81.38058243565405 109.5840438051221
1934 97.29510693729451 75.17631162314103 96.31495912741856
1935 102.0505579655117 66.32721749098964 89.80286546047503
1936 86.89406519933256 35.06561524364848 86.77650015029035
1937 87.19917351526681 37.5284810249597 85.68969656539618
1938 89.49240259167368 37.01141619027698 87.83185388795124
1939 78.047849333668 63.79453817499851 81.68644726504004
1940 88.14846747341338 32.97502552756105 88.77447877476475
1941 128.4504674702948 29.14759720726148 106.9689687457116
1942 151.9203003801295 8.130117313224934 112.0244874538625
1943 113.8631170880284 32.92284889215616 102.1082286322296
1944 33.85137916130645 82.49298929887765 109.2954967061795
1945 130.7312595726717 98.34361118574327 113.3636251505846
1946 140.5245798799313 101.4596349670979 114.1815402909838
1947 20.37571213652206 71.35933862835877 103.1328159415665
1948 17.06729040602897 71.83834488907368 103.7800359813961
1949 19.25822403482119 73.43157377854223 104.7981791449475
1950 86.85719370434947 41.82481946299923 82.7993414938357
1951 146.1840348793927 63.50257391870421 109.8284617559322
1952 152.0378112611338 55.77180856364754 111.4047203323642
1953 141.7377822589244 54.68868048126337 109.1080459196511
1954 122.0841062208205 100.6377666570318 114.0079905433996
1955 133.3773947239517 36.53651230907777 107.8814122395965
1956 152.3489436782855 79.35981165134652 110.6972231576245
1957 144.4872446343912 86.40376952687113 109.0615556702379
1958 154.5257541436681 89.21766498920826 111.3190462796435
1959 85.90608321456142 13.74795083789933 93.61651288555782
1960 89.69993606430862 48.71852956920738 81.17279896203344
1961 87.62281700361375 48.59775240155212 79.13219807557969
1962 166.9629866660232 15.49354174229421 114.097197336057
1963 76.78093019072114 65.80356504532045 83.96604170610468
1964 89.66453691842827 31.09696054158002 90.6397316246875
1965 88.10022491094324 27.46923399732768 91.11700531261937
1966 86.56690253132527 29.24155205417656 89.39390865555056
1967 87.21565830517179 39.94353913117592 84.30598249318467
1968 89.00365979819972 43.04549891960414 84.08780701839058
1969 89.91701059997632 40.20193068640824 86.53114244766753
1970 6.614585096794302 98.67498925319944 114.2265012671504
1971 16.12676618093005 99.38285448899811 114.3148599842957
1972 13.1288854648073 91.35000108172527 112.6812983829087
1973 91.81068507913234 29.08533079364715 92.7079162185551
1974 121.0878075032588 53.62225184843918 101.8297101079129
1975 85.81010168118551 31.67124398277658 87.69076555383415
1976 3.369578666063033 73.17540498466153 105.302863887448
1977 2.138791539678307 71.34635218521279 104.0515028231627
1978 3.586688691432757 76.71518136425918 107.4392716746871
1979 88.80479803517092 5.173683629855715 95.66110590131379
1980 92.10360325605015 4.940050171668676 96.91560012933665
1981 86.72996957637923 2.849101677467108 94.94679669997436
1982 4.189596772239921 80.76923168083378 109.3801684408821
1983 5.347271857767627 84.96706470915487 110.9082534462842
1984 6.708469004687132 74.27296976390522 105.9528910026605
1985 131.501093720929 7.936705189076434 108.2755902610579
1986 23.19503542309693 73.87815711649324 104.814215081395
1987 26.34363471600116 72.38701894480783 103.3573273149075
1988 23.62490252590286 71.37689322598982 102.8243321218654
1989 27.31541602209852 74.77626450348735 105.1091174920493
1990 88.08568544821262 16.25001974627406 94.17128318272395
1991 38.31761891944053 81.39514355701688 108.4959183256758
1992 6.19694853656819 72.0567879788216 104.4836036364719
1993 175.4004763260145 13.89196957470089 114.8523824165017
1994 14.25995103516806 72.01803725399306 104.1037458969207
1995 39.06724571261981 74.35470535162449 103.4398199382072
1996 41.02641989186627 77.81607607481224 105.9902895893122
1997 44.21314280919444 75.0516511337084 103.3292971548417
1998 46.21913625441864 79.52652040620885 106.7039420829612
1999 45.93760977377576 100.4532533340383 114.3629659629765
2000 154.5822450410549 35.3454737667611 112.2401415168439
2001 122.1961652738342 75.27175885146036 100.1125010205798
2002 43.1982196468649 68.87560635346162 96.90099204933968
2003 127.0601804748014 82.37008880087717 104.7398608978703
2004 121.6545900434366 90.82366980546307 110.3698078945202
2005 91.46680590552404 35.17846391347656 90.12548470409017
2006 93.66395846933969 39.58948425774408 89.77054493929354
2007 95.05871388007655 35.68474191829345 92.27616909286115
2008 93.01991827183768 32.5960802539544 92.15843964824489
2009 162.0443968383672 25.93948597797309 113.4473506161061
2010 163.4487324021682 37.00877080075662 113.5911845340539
2011 100.9026687741694 48.43872583516374 91.30540365721029
2012 147.9695025358877 44.40398087403278 110.9059626153805
2013 161.0217292760566 47.33094041831874 113.1424677692389
2014 172.9446251066552 21.74859687261535 114.681699229394
2015 171.5613462406136 31.02653809563814 114.5587401294847
2016 101.4021135853371 41.7873800058848 94.08088551258808
2017 97.12096412761824 39.48564060287912 92.18158657497808
2018 65.44370952056482 66.00081700074209 86.40378046037742
2019 84.51300623150469 3.138448573212437 94.05168966452622
2020 97.82877051594099 70.509316961774 92.10002187819775
2021 93.94050924251961 66.84797599962822 88.18806516571671
2022 125.7241148454962 65.65280919085487 101.9102861991438
2023 130.0453101747738 73.63130083681611 102.9790443405047
2024 137.4228747922924 66.59737094481339 106.8633958930852
2025 131.1220729391856 56.09475241188549 105.6224659828595
2026 85.10207286806488 55.24409501026335 76.95506044377647
2027 88.40429003455516 55.16505013727873 78.69481225244679
2028 99.39402033859065 54.77984040216567 87.19459494777291
2029 105.1337023478284 54.01107154785012 92.1834718477966
2030 98.97701203057628 61.84875830781856 86.41958370618187
2031 104.089349567222 60.84561651393329 89.47258979925192
2032 106.4496082155816 47.04734954574308 95.50456340547595
2033 111.5978364508177 54.02806324550173 96.60403882014471
2034 52.34719338295751 81.44786409436709 107.4580170618015
2035 90.85183659366231 59.10393884539114 81.54175643208974
2036 94.37713330971178 61.31493965706179 84.1913193752347
2037 69.88434335573351 65.81093567019137 84.60677809080796
2038 72.69915377267024 65.03026463488553 82.9191152778068
2039 71.19060154272879 67.74927278971276 87.41485500598721
2040 74.34219751736859 69.36415289450453 89.18885319143038
2041 74.03544736060709 67.39318836320045 86.26788612424804
2042 67.53982992318053 65.49938311624756 84.79972095040034
2043 68.04730070999254 66.9430451706499 87.0714924961824
2044 24.869554063421 78.01688360039475 107.4190435011446
2045 30.36758401854423 77.7248871621841 106.8745859454885
2046 94.62962482061533 55.872265318689 83.24745994112565
2047 69.08005783608655 68.81404732818423 89.81455048975207
2048 65.5127871776898 67.38531617509989 88.68763291841
2049 5.609071247864848 90.2795516080204 112.4426109470899
2050 20.74624347835683 75.78701169159578 106.3016843480789
2051 171.0994367668793 42.54753999808692 114.4998970401237
2052 95.55627979742897 15.38777479231442 97.39720028864926
2053 88.85634644944528 45.88249193508005 82.13935452478039
2054 75.01940679600787 63.37386020577419 80.7498812772014
2055 42.42530448915426 70.2820610851106 98.79676257199559
2056 23.04821963230513 81.88776408909855 109.4598898710856
2057 91.48582300787878 14.40723503700558 95.89478086856094
2058 42.38970339720527 82.50084633286355 108.837308029991
2059 148.7243343990143 96.8278049194122 112.7272076316057
2060 160.0299593445598 100.4168963179005 113.8910172067733
2061 91.78316740366031 18.45131080044998 95.41895589408369
2062 136.6014760356641 78.37064055358954 105.6998519911953
2063 145.3345170942417 74.17257402996448 108.9678892585799
2064 87.09450666302521 51.36815508552347 77.91247570054706
2065 86.29332694154814 53.23311361049266 77.05567594568372
2066 170.9090039876028 52.81597790167829 114.4571605998104
2067 162.0701093489754 59.87476345625743 113.1718750015329
2068 172.8028202134367 60.74434751593554 114.6275123012612
2069 85.66463890806578 18.5307407299816 92.57968189996218
2070 85.49106597695888 20.91804967452731 91.87314295940156
2071 62.38447714819279 66.43520237571161 88.17117855353113
2072 39.811693531285 69.69813626101043 98.69048829305362
2073 40.96710245882372 71.88629355705838 100.8363653455606
2074 174.1658413918709 68.83407714753733 114.7347020965537
2075 96.60890057643887 20.67063476520632 97.10669656255902
2076 85.24485556665937 16.19190350360823 92.88238647506158
2077 132.0362825616344 88.83762162398949 109.304197116956
2078 139.5696072458441 94.36052058475836 111.8837162766329
2079 66.12984702501461 68.85061702226446 90.82722130013379
2080 85.71985180139983 26.39219691493728 90.0815165411571
2081 19.11617416643514 78.6933973517929 108.0788096908942
2082 87.25821582272916 46.14532717253233 80.30219003722145
2083 156.2076876443444 17.03069050147813 112.6356267029538
2084 137.9755532227565 45.45960152567734 108.6063224056931
2085 26.26887023821117 70.4881553607229 101.7576257280453
2086 177.6912470306868 127.238743952372 115
2087 19.48232686549504 127.7280509975036 115
2088 159.5525617669862 127.550816910965 115
2089 40.24534431338955 127.103032921584 115
2090 62.88098626974501 126.9540359970001 115
2091 85.74679945874321 126.8794297168773 115
2092 108.6126126477414 126.8298401916556 115
2093 130.7897231052069 127.7446758686337 115
2094 185.5401085737757 113.1994484206303 115
2095 143.6968199428017 125.1191123912954 115
2096 185.897055768861 134.0558443554871 115
2097 168.4555230997449 120.2382629913542 115
2098 188.5035660747583 105.5009888998901 115
2099 51.44807967524591 120.7071427157304 115
2100 74.31389286424411 120.6812316867513 115
2101 97.1797060532423 120.6640618112085 115
2102 120.0455192422405 120.6555694734137 115
2103 188.9556948008583 58.89705882352942 115
2104 187.8647993376645 122.4551746163648 115
2105 52.45199613225816 134.0387041511913 115
2106 188.3693834074241 94.50002097017367 115
2107 178.1293293184424 116.3406098166826 115
2108 29.18435634327319 120.2356243562342 115
2109 172.2265801296996 135.9309990117218 115
2110 29.64835167744602 134.1995962673168 115
2111 75.60573737480402 133.9202470049976 115
2112 189.4296435261977 11.42490284087837 115
2113 189.0891388839042 75.74267033130968 115
2114 98.72030643857111 133.8189747699674 115
2115 120.0638547670321 132.5441364926408 115
2116 189.3795290092027 43.19117647058825 115
2117 9.197090303849535 122.9212176797682 115
2118 189.4744317232853 27.48529411764708 115
2119 150.2526760000845 136.0214711562436 115
2120 188.3915148157268 85.50004213398961 115
2121 10.7496333528081 134.6796061654578 115
2122 189.3319997684808 67.06427180973505 115
2123 189.0558706350102 50.52944698226241 115
2124 190.1642576384118 19.63235294117649 115
2125 190.7707921464976 35.47061934701934 115
2126 137.9418716797769 136.1021889185838 115
2127 155.547766116091 117.1172947006775 115
2128 311.9387004889192 58.92410252341459 115
2129 294.3906888333922 139.4282449261169 115
2130 311.9414017709993 113.7182142585239 115
2131 247.8072732373884 139.4326517126355 115
2132 311.9281111225202 121.9531045683019 115
2133 239.5620396451689 139.4194888832356 115
2134 192.9322650387704 138.2662906096945 115
2135 162.5815800067155 136.7438467320999 115
2136 65.25060796628453 136.9506915668662 115
2137 41.68741831808432 137.1623638243542 115
2138 201.0028594003892 139.3479365863131 115
2139 192.1388240290592 130.7848736810151 115
2140 40.18162529868046 117.2091599987097 115
2141 311.9156244719937 50.66881258609719 115
2142 62.88098626974501 117.06697642609 115
2143 85.74679945874321 117.0258759156677 115
2144 286.1236431174607 139.4074175956217 115
2145 311.9109000087897 67.18841695704282 115
2146 108.6126126477414 116.9985395240342 115
2147 132.8510081432312 117.5627252643022 115
2148 88.29641231178077 136.6655698177915 115
2149 312.0920455871492 5.667225614446323 115
2150 310.6945200983698 138.2360973304953 115
2151 311.9020141542095 105.4335075681579 115
2152 16.31315776556077 117.0745655055843 115
2153 302.8155989317242 139.277390376102 115
2154 311.770438536815 130.4131322248641 115
2155 111.3090612671262 136.4232103382285 115
2156 256.1192168049529 139.3915551674054 115
2157 311.8852227388691 42.34195683831574 115
2158 231.2068665418013 139.3857508150679 115
2159 311.8824628138552 75.51678424808532 115
2160 209.5207803600797 139.3726469898272 115
2161 277.7648355791218 139.3804651001677 115
2162 311.8778696780064 97.1017384247653 115
2163 311.9062764544064 20.85576536774253 115
2164 311.8742923740572 34.00316360292094 115
2165 311.8746111212807 83.8558179589062 115
2166 264.4855085077478 139.3778213621316 115
2167 310.7504961598574 90.46214359501047 115
2168 310.7561137656927 27.41007468143204 115
2169 222.8333673573553 139.3789493612863 115
2170 216.2130154598819 138.2503192702227 115
2171 271.1094582795555 138.2516572924598 115
2172 20.01340825581153 136.7943194201513 115
2173 312.0771272209643 13.01639415871318 115
2174 186.6890689538346 5.599636354766687 115
2175 168.6910544841415 129.1366529533041 115
2176 127.7839918921044 137.4782002559717 115
2177 5.66508107520805 140.5136515413645 115
2178 179.3677755075101 138.1881697335389 115
2179 7.388630932781879 115.2241566370705 115
2180 191.7740911895464 113.8220012180495 115
2181 143.3915605610112 115.4694652484366 115
2182 192.6265366647579 90.23005006580715 115
2183 164.2698956541049 113.7907296425157 115
2184 191.9013606643116 4.975496074423134 115
2185 318 105.5549830470485 -105.8694721866315
2186 318 105.5 -82.99999999999991
2187 318 106.5414748106143 -53.60221642256042
2188 318 105.6351071738286 -127.5650231812625
2189 318 108.6638402894712 -35.2322232696784
2190 318 110.0177335640139 -67.70588235294093
2191 318 112.5572416413427 -93.35294377156495
2192 318 98.78935986159166 -94.47058823529412
2193 318 98.18324282788916 -117.6568416534792
2194 318 112.4177335640138 -117.0506787330317
2195 318 98.21356984957674 -72.53335332411652
2196 318 97.9503897680068 -42.4039961209414
2197 318 97.29027582190392 -29.72197233037141
2198 318 97.35150394390911 -137.1290850720494
2199 318 114.1903114186858 -136.5294117647063
2200 318 96.94646914563882 -60.09760141777815
2201 318 114.6470735746997 -44.65378210634231
2202 318 113.2618816128818 -79.93516475550501
2203 318 114.8012413629885 -57.97857458997839
2204 318 95.1345155709343 -105.9411764705882
2205 318 95.13451557093416 -82.99999999999991
2206 318 115.8654844290656 -105.9411764705882
2207 318 114.0265829018446 -29.18243749925637
2208 318 115.5745586828568 -126.583424922755
2209 318 96.13597108230496 -125.7719969711608
2210 318 93.7483569032438 -51.64421691135593
2211 318 105.3004082337976 -139.8908681167636
2212 318 116.7185546087419 -86.62093381023715
2213 318 105.8656304621831 -26.43427603351429
2214 318 117.4456874041853 -36.5278755754436
2215 318 106.2751137799994 -43.97553543456817
2216 318 104.4815382849678 -60.92387691313081
2217 318 117.7347062300701 -66.27769575624779
2218 318 106.3565894401601 -74.4686580789778
2219 318 92.83509650884014 -36.44049795957403
2220 318 93.02933364485307 -67.28514784033544
2221 318 92.31422621852687 -99.23327782239221
2222 318 118.8695279271719 -99.24854866832939
2223 318 92.33128358057911 -89.84535265094772
2224 318 118.7518912050809 -112.4748896046547
2225 318 92.19110542233369 -112.5614843075759
2226 318 105.3213287876941 -113.7838683208253
2227 318 105.4999999999999 -90.69825757442334
2228 318 119.1060988479839 -51.85796790514547
2229 318 105.6000351254934 -97.73623215540283
2230 318 92.46474807775229 -76.48040184170304
2231 318 104.7145789428007 -120.7953452604827
2232 318 101.3633012392572 -35.75339823773194
2233 318 91.34751160301735 -44.7647058823531
2234 318 118.9389976319784 -120.5129263411749
2235 318 91.50206386650558 -119.6921822335021
2236 318 92.37961472443334 -24.836049431172
2237 318 101.9514754505549 -67.27550496144426
2238 318 92.15484429065697 -141.3990950226247
2239 318 118.8451557093429 -141.3990950226246
2240 318 100.3172577854672 -78.83842937452826
2241 318 99.57446670160724 -101.3741348965714
2242 318 91.8545401942178 -132.7524240656291
2243 318 119.004165390118 -132.1300661915071
2244 318 112.2742004752571 -50.41361529171897
2245 318 99.5413468037487 -87.58697230173021
2246 318 111.6040618655436 -100.9814217018753
2247 318 111.2889762657428 -110.6106343876816
2248 318 99.61095691973372 -110.3296391213684
2249 318 119.8290648354513 -92.10330877943807
2250 318 100.8332958507392 -49.24692435360217
2251 318 108.2768990053013 -133.499947441976
2252 318 90.67282559688053 -59.94152716015
2253 318 120.6316083297721 -60.05882352941185
2254 318 119.3262006809253 -75.00362918603236
2255 318 99.88996356938998 -131.0313892488502
2256 318 98.10710420170409 -23.39845955901154
2257 318 97.96135129367272 -142.8838096422875
2258 318 113.0671750723652 -142.7638749808189
2259 318 120.5376864444408 -44.58549273090617
2260 318 99.65114399183167 -54.6086568785849
2261 318 119.3278284085382 -23.91110222486122
2262 318 110.5940902210739 -122.9436627031371
2263 318 120.0613273805098 -81.51194555035491
2264 318 110.7075355725933 -86.72145998234606
2265 318 90.81598637548905 -30.40539220165917
2266 318 113.2440083545131 -23.10556315152635
2267 318 120.3600197429136 -29.71251835402992
2268 318 111.9384398573082 -39.90421565215991
2269 318 110.6710915912702 -61.98735367823218
2270 318 113.3394223056103 -72.67820602594077
2271 318 121.4414403065639 -105.9411764705882
2272 318 89.55855969343594 -105.9411764705882
2273 318 89.55855969343531 -82.99999999999991
2274 277.6613718525242 145.5 -122.1790471071952
2275 278.0203166094602 145.5 -82.56558489658178
2276 277.9450169529518 145.5 -60.13052781336832
2277 277.7863548082721 145.5 -38.2350303618441
2278 278.8628892733564 145.5 -102.1176470588235
2279 283.8895273806592 145.5 -134.3187506820841
2280 271.2893598615917 145.5 -71.52941176470594
2281 284.7106401384083 145.5 -71.52941176470594
2282 270.6050488053095 145.5 -134.9586246388037
2283 270.6832428278893 145.5 -48.3431583465207
2284 284.9177335640139 145.5 -48.94932126696825
2285 270.4007934572192 145.5 -111.3140011515153
2286 270.4007934572192 145.5 -92.92129296613179
2287 285.6251153331187 145.5 -112.6166414188712
2288 286.006831484898 145.5 -92.62182079650667
2289 269.3096885813149 145.5 -29.47058823529414
2290 286.1484960560907 145.5 -28.87091492795074
2291 267.6345155709342 145.5 -60.05882352941176
2292 288.3654844290659 145.5 -60.05882352941175
2293 267.5797239162744 145.5 -83.00000000000003
2294 267.5797239162744 145.5 -121.2352941176471
2295 288.1382077697585 145.5 -124.3781212279133
2296 288.2150988126796 145.5 -82.21336754505718
2297 288.0745586828568 145.5 -39.41657507724551
2298 269.6205921197305 145.5 -39.17945854500846
2299 267.6103772629173 145.5 -102.1176470588235
2300 288.431444636678 145.5 -101.4933897073316
2301 278.1995917662026 145.5 -26.1091318832363
2302 277.8519946736601 145.5 -140.1613542023198
2303 277.0455244757384 145.5 -129.9060432816599
2304 289.806031934717 145.5 -139.7889347660931
2305 264.4357768866174 145.5 -128.0779125551263
2306 277.8808004594546 145.5 -90.93513882316492
2307 278.3145672385104 145.5 -111.9235459811345
2308 291.1960833778458 145.5 -66.76672217760785
2309 264.7858510466731 145.5 -66.77576328628669
2310 264.8134358767882 145.5 -76.15848833525294
2311 291.1050693041701 145.5 -75.99475383755779
2312 264.6911054223337 145.5 -53.43851569242412
2313 291.2518912050811 145.5 -53.52511039534514
2314 277.8030011053447 145.5 -52.2161316791745
2315 277.9486719828975 145.5 -74.85849089481957
2316 265.511772352499 145.5 -140.5026164348517
2317 277.9491771221454 145.5 -68.00361851218277
2318 290.6013772265342 145.5 -131.0821382807194
2319 291.0995491584052 145.5 -117.2678668477328
2320 277.272013287213 145.5 -45.09505142355397
2321 264.4206862270082 145.5 -89.5828984520103
2322 264.4206862270082 145.5 -114.6523956656368
2323 264.1989880739907 145.5 -46.09810886973183
2324 291.4389976319787 145.5 -45.48707365882487
2325 290.8461017082005 145.5 -108.2092347574978
2326 291.7133690770521 145.5 -89.39828305493808
2327 264.6548442906576 145.5 -24.6009049773757
2328 291.3451557093427 145.5 -24.60090497737546
2329 283.9925350537615 145.5 -118.752314467011
2330 283.9281156357881 145.5 -64.61457860247381
2331 291.6420813182768 145.5 -33.38314819913536
2332 264.4958346098821 145.5 -33.8699338084935
2333 272.0282408979754 145.5 -78.37611234501145
2334 271.9691573814256 145.5 -63.64791841971225
2335 271.9086305027497 145.5 -56.04399439883038
2336 283.8530721848819 145.5 -55.69992629939401
2337 273.2544057828333 145.5 -98.62718607286395
2338 272.9266148295482 145.5 -105.4640420454579
2339 272.7898619581372 145.5 -86.88024848522609
2340 272.481533610261 145.5 -117.5147966868773
2341 263.8309655918926 145.5 -97.00498102540192
2342 263.8309655918926 145.5 -107.2303130922451
2343 271.5263596517764 145.5 -125.8918296202583
2344 271.5058622923758 145.5 -142.0743715144353
2345 275.3632876273646 145.5 -32.6342895597427
2346 283.3992686271421 145.5 -86.39490868917326
2347 284.274445775981 145.5 -106.9072534547726
2348 282.9012086400196 145.5 -34.52934675800255
2349 283.7906955130701 145.5 -77.74789302259239
2350 283.9575401204116 145.5 -142.0449574647988
2351 285.5386487063271 145.5 -23.1161903577125
2352 270.432824927635 145.5 -23.23612501918123
2353 281.3118978111892 145.5 -96.35883447485544
2354 292.3999861715607 145.5 -96.23373113747483
2355 283.0940902210742 145.5 -43.05633729686319
2356 282.8355808838215 145.5 -128.0569606914543
2357 263.5125571373321 145.5 -134.9672698899342
2358 293.822967287187 145.5 -83
2359 262.0585596934357 145.5 -60.05882352941176
2360 293.9414403065646 145.5 -60.05882352941176
2361 262.0268244588104 145.5 -83.00000000000003
2362 262.0268244588105 145.5 -121.2352941176471
2363 294.0000000000001 145.5 -144.1764705882353
2364 250.7694067661183 79.03295413262029 115
2365 265.3015102619664 40.68477672716086 115
2366 231.7477847693015 50.24022136557353 115
2367 275.2848924177892 103.3645537913727 115
2368 229.340537958996 101.480546502807 115
2369 277.5151744706424 66.75 115
2370 223.4485897329828 75.53132255762176 115
2371 242.8087741535147 26.46939290341049 115
2372 282.5733975369462 23.3469991889021 115
2373 251.5 109.5576135115611 115
2374 220.1595605802722 23.16211529499028 115
2375 252.3180609307498 57.56725117261814 115
2376 285.1143228870442 47.29502850198634 115
2377 261.881886133101 20.2264474444776 115
2378 286.475147773299 86.2862182461472 115
2379 287.3844021835948 114.9098869763543 115
2380 214.9057808607481 114.1719136081821 115
2381 213.4588708183352 61.53705000942763 115
2382 215.7821706775571 41.06212410214802 115
2383 215.6980939121996 89.81372857028892 115
2384 266.5102255153896 84.56063567200589 115
2385 266.0501580983367 116.8747490448173 115
2386 236.5063469896437 116.4840360821611 115
2387 237.8723357236216 68.63382710690475 115
2388 244.1167345464311 93.49643660398334 115
2389 245.6818046201987 42.27227017795315 115
2390 291.2311236054841 100.6882687915259 115
2391 229.6987438449071 34.87080807961635 115
2392 234.2138218924783 16.02745465189817 115
2393 266.2631932437983 56.5600580660853 115
2394 291.5833933803842 60.81731598158225 115
2395 259.8548799552257 96.76278616772635 115
2396 263.2031790690916 70.24326681844192 115
2397 292.5996218440137 34.2008306385323 115
2398 236.6230974037173 82.23113124056238 115
2399 292.3874484669267 13.18452908109193 115
2400 249.0869944781118 14.14829929584894 115
2401 210.2087679211571 13.3964122034801 115
2402 210.5588168106707 76.23284981196446 115
2403 273.8812786642763 13.33575136805551 115
2404 255.612607469686 31.0955448890861 115
2405 293.1969165841812 73.73786484520747 115
2406 277.9971071603775 36.83072105507436 115
2407 209.9687989914517 103.1837003030579 115
2408 228.8150691470862 61.91585239012188 115
2409 255.1691209953477 121.5288067557805 115
2410 209.390028396603 29.56158091814554 115
2411 226.4581221829771 89.33021809393051 115
2412 278.0052065376902 122.366015519563 115
2413 225.3661293593308 121.9384573896924 115
2414 239.5696439067772 105.459107963089 115
2415 221.9267845581731 11.50574769838009 115
2416 207.9184848338508 49.52664589319085 115
2417 268.4371823093524 29.67201662035152 115
2418 207.3710202551867 121.4227126193523 115
2419 295.2513958155429 122.7764725535065 115
2420 275.1465462794196 77.58916634552142 115
2421 240.3783882855041 56.90168231335728 115
2422 256.2453778690021 47.07226428703549 115
2423 293.8534932761599 51.01196715422779 115
2424 295.6592707604768 90.03218624944829 115
2425 273.782803006201 47.31796780804089 115
2426 249.5744689857951 68.21334750990584 115
2427 263.7301810076034 106.6644391746181 115
2428 295.1618302934555 24.63997406928065 115
2429 220.7210115262899 49.54588908401044 115
2430 277.5232507146862 91.37033635028499 115
2431 244.7521919062632 123.4642449887031 115
2432 279.6212300858497 56.36102270702414 115
2433 262.8312613593116 9.614619999734188 115
2434 277.7299092484986 110.2334491562773 115
2435 225.4237793310659 111.3930860070412 115
2436 295.1929375824467 109.7739390601413 115
2437 206.9528643960092 64.88953487911982 115
2438 207.1261006217429 82.32881025330671 115
2439 232.3462434687998 25.1386656357819 115
2440 258.1946957488051 86.55743988541792 115
2441 283.0264079318701 10.15648016823933 115
2442 218.4542650182727 100.4654196003684 115
2443 240.8331953243902 9.157241789582329 115
2444 206.0880493138092 113.2488379041793 115
2445 220.7644806791625 32.80658231400859 115
2446 218.7727599189659 68.80578527169627 115
2447 236.3886376213885 41.45679778024561 115
2448 214.4956277930063 83.10586873411475 115
2449 267.2690513109393 94.52807167896761 115
2450 234.8103697375718 94.25845741942794 115
2451 286.3675807049616 124.5306239503718 115
2452 217.9195766441626 125.6779748950229 115
2453 206.5367874053571 38.18797642679213 115
2454 254.2201955392735 22.85629623650484 115
2455 206.1784608972443 94.80503198347398 115
2456 263.4794291565717 125.1688242533828 115
2457 298.3228980190041 42.84484193233391 115
2458 204.75410637122 20.69863596663327 115
2459 242.9003501910057 76.01392963942092 115
2460 244.8441413985701 85.20169277956445 115
2461 250.7246275659908 100.4729884172809 115
2462 260.9651317438592 61.45061467181619 115
2463 283.0221457512293 103.4614901147073 115
2464 284.2761187943348 72.64956252388093 115
2465 223.9299950686315 41.71597660285474 115
2466 298.1342292419674 66.93471370676741 115
2467 273.466587718753 21.98443655360622 115
2468 232.6913730962237 74.38829741192755 115
2469 232.9367374213849 125.0316665446493 115
2470 297.780299828925 81.72662700618999 115
2471 262.0137412736785 78.66593014198055 115
2472 241.5407645564167 34.94050116409188 115
2473 241.7705614914297 18.2298717596491 115
2474 268.7224663236193 64.27767252635337 115
2475 244.5216785420389 114.4720103034598 115
2476 246.6711743993527 51.22459869222691 115
2477 284.7238763668627 93.83963804104825 115
2478 255.8080266594615 6.992582494530417 115
2479 258.755072024477 113.8818458700774 115
2480 298.7907942821893 96.9743922169416 115
2481 271.9562718968609 71.59894872659486 115
2482 297.6721778998428 7.68962466190294 115
2483 252.1066706674914 92.06260390482186 115
2484 232.0357142857143 7.007255157069437 115
2485 204.8412685546649 58.10183564171297 115
2486 253.9572088257908 39.17075758730105 115
2487 285.0911138224495 39.34217783838872 115
2488 299.5168760459176 57.93370535611585 115
2489 204.570756804703 7.620403277689547 115
2490 232.6356267759893 108.8350704855902 115
2491 229.014067152056 81.72708435198142 115
2492 271.6584986631594 125.1793518736472 115
2493 265.3595526129794 47.81402893687648 115
2494 283.9342093596957 31.41560966994237 115
2495 216.8343472658834 7.476205347386554 115
2496 218.2802443481111 108.1441624013411 115
2497 255.2332752328866 73.90807114922015 115
2498 225.8939613175357 18.85221309515718 115
2499 299.1729214597166 116.3361400428897 115
2500 269.5267431721114 6.895069731188165 115
2501 239.2874711085877 49.59256234048138 115
2502 298.9033221430193 19.34320087182239 115
2503 285.1883188902343 63.13712221180388 115
2504 286.3945230260133 54.71259680765165 115
2505 298.6372640001225 30.88317767482394 115
2506 258.953863227359 54.07745450257507 115
2507 285.2701283692747 17.02049812518477 115
2508 235.1068365120079 61.68571912881045 115
2509 213.1135192435351 21.92423570177563 115
2510 247.9190000539541 6.265199201875632 115
2511 276.1950211624933 29.92273941765726 115
2512 257.4005053553874 14.78497338896115 115
2513 203.8215782101509 106.237312372606 115
2514 256.967057050555 104.5622596030454 115
2515 226.0561376311195 27.63347469159933 115
2516 270.2998015160089 110.2593602601866 115
2517 262.0310564208173 35.09855946205698 115
2518 248.6752222825529 31.12252805576233 115
2519 226.1479453858688 54.93009337634511 115
2520 246.7678969987965 61.8488277840606 115
2521 289.7513186913107 7.142659634206048 115
2522 226.4314750476862 68.65898454234319 115
2523 204.0844941687317 73.84123600751293 115
2524 300.1572018512892 74.60294117647059 115
2525 288.2305816158694 107.8900170596145 115
2526 261.2542257112341 27.03420597223324 115
2527 202.4323685069712 27.61572791902616 115
2528 270.1669730407174 35.73822391743964 115
2529 203.3447346683015 44.79194346979514 115
2530 239.2433932027066 127.502729427504 115
2531 250.570928170566 126.6673615510691 115
2532 278.7727814363329 43.86072479832545 115
2533 288.9575552084781 79.52988417602859 115
2534 238.8406258348257 88.63701175392117 115
2535 266.6187557440323 15.77495335402553 115
2536 203.3773943168836 14.1105686973189 115
2537 274.6926354789642 84.22656295279768 115
2538 220.1227601146153 87.25455492364291 115
2539 213.7511596872886 47.41984050744307 115
2540 278.8284148777298 97.57996100683386 115
2541 290.837163958563 43.15858929847064 115
2542 288.9989450257891 26.71702170531023 115
2543 236.1433947034474 31.17339805741145 115
2544 272.9428238633092 59.10213282370911 115
2545 290.6684435747757 67.50233246102175 115
2546 224.936816628588 96.16125335483696 115
2547 276.7868859536516 6.077460253496611 115
2548 250.9376684354584 117.2808554662857 115
2549 224.463653930265 5.9904133571359 115
2550 216.7333020589497 75.32831524152894 115
2551 279.3567938531317 17.42647558267547 115
2552 221.8565975882595 62.12416065337607 115
2553 229.4738628199025 116.6303254291027 115
2554 273.9448055381906 116.8285016909192 115
2555 278.75 128.2451791148083 115
2556 224.9444886849757 127.9296197658729 115
2557 214.2458851619447 34.09821635507738 115
2558 268.8402438890723 77.95303304787268 115
2559 211.3665604934801 109.4472206968498 115
2560 235.6453785062976 101.2729188818551 115
2561 230.0405484375272 43.70575876793104 115
2562 213.2048058878378 95.17221377392718 115
2563 247.3123495889765 22.56527765023514 115
2564 252.2165750793598 84.99702606592341 115
2565 202.8641946498914 88.7907063631459 115
2566 299.8036669538985 127.2897729384036 115
2567 203.4337533997715 126.7264395053026 115
2568 215.5346948123035 28.31054611679949 115
2569 254.6770021601965 65.5385631843438 115
2570 244.8241456392292 106.9487819295505 115
2571 267.7137325312743 100.755279676105 115
2572 218.1755408257669 16.31117342479858 115
2573 201.9647084259476 51.04411764705883 115
2574 256.8355294478648 127.3907530348253 115
2575 292.2008775263612 84.66722255449574 115
2576 264.1128081352534 89.88941587840917 115
2577 220.960862282701 116.809745116733 115
2578 281.1405709829161 116.5704775134331 115
2579 233.1492564622296 87.23678057196469 115
2580 300.1106249747719 104.3134468441419 115
2581 209.466667454471 44.19770607987384 115
2582 203.1209664816678 118.6744905447247 115
2583 290.5996036265494 20.50098701730204 115
2584 279.6113808126272 50.15792336412555 115
2585 266.6206704610063 23.12268713271512 115
2586 202.7937676197694 100.1099148141805 115
2587 259.9233018087783 41.88709215034843 115
2588 260.7343836461558 119.9459600685329 115
2589 300.4095912625782 36.20760066973379 115
2590 224.3784961343995 105.1652035944417 115
2591 301.2175922351671 121.8054283278277 115
2592 234.2057847001405 55.67301022998578 115
2593 227.7899471132967 11.78072073675141 115
2594 242.1091069833331 100.3093485432246 115
2595 293.3451231235913 128.1179456472429 115
2596 209.8677377024264 126.8522022808204 115
2597 239.4039345541341 111.0777457062748 115
2598 222.2710783132259 81.44695909144301 115
2599 202.4718368617863 33.20835117043982 115
2600 300.7386534682163 50.77574994735904 115
2601 232.3200129950748 67.0813584238845 115
2602 213.4858348432492 53.64161988600751 115
2603 291.1462618889746 93.3746918750077 115
2604 301.3825867354398 90.19463854838014 115
2605 219.1340520324005 56.35576260183335 115
2606 292.7154379997797 117.5728908695944 115
2607 201.5319722295085 66.57208488798135 115
2608 201.3607877325704 82.45588235294117 115
2609 271.0399609292979 42.22053022233683 115
2610 238.8851795430276 122.0177356041674 115
2611 212.8521711765057 119.697231070715 115
2612 283.5015219564216 110.6130641640773 115
2613 211.7601846952771 70.10579520354167 115
2614 244.3615675313627 68.5490928972641 115
2615 250.3455182795097 46.307936692745 115
2616 248.5585207541449 73.66237380592094 115
2617 272.0493682546536 52.77644736657249 115
2618 252.7244161321156 51.47793235651866 115
2619 219.8124772907484 93.03289805283246 115
2620 281.1992783499613 79.90736435355339 115
2621 209.9234787539461 5.289371297690195 115
2622 209.2865733967739 89.45834454140076 115
2623 278.1591970436668 73.33734421439028 115
2624 238.1511743802425 23.16467556325122 115
2625 270.6159800488857 90.07313487820358 115
2626 300.7319016940651 25.74854827429714 115
2627 272.8725536502175 96.27855623029461 115
2628 263.1785714285714 4.037079707663757 115
2629 226.5174570375238 48.02758783934297 115
2630 256.0114255512177 80.74456908065748 115
2631 280.9228377367547 87.12602398876631 115
2632 240.7033263517986 63.08344958659024 115
2633 301.9716159035321 3.88564145959338 115
2634 200.8391177726043 3.868336113540032 115
2635 300.5136807733564 12.70601225941566 115
2636 318 68.05172902118576 47.43285773978937
2637 318 90.12719370638641 -204.5179919903216
2638 318 105.5 22.37256371502397
2639 318 104.3458273399177 73.98187108220885
2640 318 41.41001821119735 -136.8610219368208
2641 318 46.9209963375861 -99.11943252937687
2642 318 47.29156248587049 -60.7081665370462
2643 318 47.45636267811196 -21.82352941176464
2644 318 113.615586595742 -181.8757161755178
2645 318 31.75763003666364 82.55776410230075
2646 318 56.1293846632791 -180.7056235370857
2647 318 71.42065037847172 77.72692710852955
2648 318 89.35835317519951 -174.6031964602386
2649 318 51.96428571428569 -237.3990286461797
2650 318 61.68574814138859 11.67883054170481
2651 318 61.01876689589977 -121.0454733951153
2652 318 89.5 5.158597434175363
2653 318 122.0007973959425 3.392875305357364
2654 318 122.4437743384888 93.30103784730466
2655 318 63.1848774723737 -82.9915540145883
2656 318 63.59555450707737 -44.76470588235293
2657 318 64.09264493298537 -143.6116352237639
2658 318 92.5300737469386 -244.3788507942712
2659 318 86.72693337909618 95.43938349151256
2660 318 67.13570665532703 -20.93571090929584
2661 318 50.37636638321206 96.2534463324921
2662 318 71.52644320510194 -162.94488936557
2663 318 68.90397855831111 -105.7762379590091
2664 318 105.5560686395939 -1.493916071803397
2665 318 69.50631359741095 -67.70588235294105
2666 318 35.51283768957381 33.19047280021429
2667 318 123.6501605704071 -164.8247051313098
2668 318 105.5 -163.5347619739096
2669 318 32.94374011881254 -206.3725539722229
2670 318 104.3458273399177 97.08568808949232
2671 318 18.82701709446116 96.32427761185731
2672 318 27.77986230814201 -162.0988217641595
2673 318 72.91521580370528 -4.165004583554833
2674 318 35.32346609839831 4.345891152025771
2675 318 117.0415146119444 48.44823358928473
2676 318 117.16924947567 -209.5424769416392
2677 318 28.98034934270663 -42.96906990919342
2678 318 27.90245187547501 -79.71242622371221
2679 318 22.61603162836303 -114.3035271573471
2680 318 68.05172902118579 98.49036930399484
2681 318 31.27313947204169 99.00793588576829
2682 318 71.78973439147512 -127.8099961474408
2683 318 79.10338775504709 30.3599671768244
2684 318 61.23730769308764 -206.16204277358
2685 318 31.9972344617106 -255.9288490657523
2686 318 72.87891736328646 -90.90635094052641
2687 318 71.7413228065621 -53.16173728427395
2688 318 72.81685157714836 -37.01624442265549
2689 318 52.4711691846924 -159.1321883085291
2690 318 88.62423676368104 -161.5531348439427
2691 318 51.76182483976078 62.75854633276035
2692 318 29.22926978655431 51.85603136285675
2693 318 72.76489478273365 -178.3963081156771
2694 318 128.3698299210676 26.87767092609081
2695 318 132.5103387346014 -3.673629220225294
2696 318 88.80786974232765 -5.486628532725888
2697 318 54.00265307522861 -4.582448105019566
2698 318 134.1789830332721 -158.8837148425988
2699 318 134.6596571697096 -23.39202405830784
2700 318 24.01239576797673 -14.06608174323139
2701 318 114.0576232599166 -256.7448962527415
2702 318 135.9866711550646 -82.9999999999998
2703 318 134.5715869538312 -142.2396135338162
2704 318 75.23940526605961 -144.8238231364822
2705 318 69.1497974293994 -259.1357625108258
2706 318 131.4482300378324 104.0767873980306
2707 318 134.554004195637 -104.7398582030517
2708 318 134.5573443913595 -43.57015559967454
2709 318 72.83793205571499 -116.268537590356
2710 318 124.4998486188061 72.68784231969741
2711 318 134.5324751816036 -61.09040806888072
2712 318 134.5305058584563 -122.2577285817129
2713 318 121.5 -8.322986429657021
2714 318 128.7625897206245 -178.0046967930763
2715 318 79.36686886244701 61.41771398112129
2716 318 73.62244212044391 -221.6715365272052
2717 318 24.70508109461829 -229.8207098973809
2718 318 77.17738993232317 -74.5046311372227
2719 318 119.4661679577082 -234.339643504268
2720 318 98.12373241309913 36.27886965724889
2721 318 113.7470832647897 -157.7918697374155
2722 318 98.35254815145987 -188.8390620740959
2723 318 44.89738783826735 -39.36860647994436
2724 318 61.74259664234825 -57.47415490978514
2725 318 45.76307392451778 -78.29598441513659
2726 318 137.0260058488618 -33.52691131998853
2727 318 137.2447751042342 -94.43120158027347
2728 318 21.51218051216932 -139.7503033165647
2729 318 137.228736542802 -71.35622693686915
2730 318 136.991577686738 -132.1987283181188
2731 318 43.3793343070582 -115.5841238672333
2732 318 61.86389117461545 -95.48922923670014
2733 318 76.97434074439428 -22.25706837603684
2734 318 95.27228501962864 104.3194486920758
2735 318 113.4193486579249 104.3194540108713
2736 318 22.03162648694109 -183.5397791886653
2737 318 11.73479311856448 84.77502487914856
2738 318 79.81225247918192 -155.8307395134786
2739 318 58.97818992318514 104.8751587273572
2740 318 77.01086297106119 104.261898868087
2741 318 97.5 -156.0122178286205
2742 318 77.3266004027229 -98.22691973161525
2743 318 77.25241232815472 -60.08559750724581
2744 318 77.06048835388845 -44.85735873124202
2745 318 57.28124204782225 -32.24176838500571
2746 318 97.41986774029559 -10.13028691108823
2747 318 58.75182469500228 29.24273091711042
2748 318 100.6059308661852 -221.3438423169802
2749 318 28.39044148543252 -59.97381081598417
2750 318 57.94767984974976 -108.473274082496
2751 318 92.84005022558736 -268.7011035324933
2752 318 40.64204672353799 104.7583313826219
2753 318 78.09150478608757 -136.5294117647057
2754 318 111.8135423618145 -8.590094059845384
2755 318 75.98658379667705 7.154820934483809
2756 318 133.3699282827794 7.325386469053541
2757 318 123.6561180701875 -154.8892019710153
2758 318 21.37452459450347 20.00782677860009
2759 318 133.1179639145926 -52.32677758805306
2760 318 133.1169020108186 -113.4942861263821
2761 318 59.21551589317667 -70.50832298330252
2762 318 76.02111459306019 -82.98911294088356
2763 318 23.24743048295801 106.425583331818
2764 318 78.33438261742765 -11.97406439233936
2765 318 128.7599529799714 -195.8833331461101
2766 318 102.7945528619316 -173.9179884429337
2767 318 78.53646052771379 -30.14663842547668
2768 318 105.5180089843141 -154.8798999924487
2769 318 61.56653256349156 -133.1065711263764
2770 318 30.207966435169 -97.37875960969876
2771 318 78.65484707849177 -106.3791547735849
2772 318 78.98722317157782 -67.54157514065841
2773 318 51.56692292321978 -267.619663059596
2774 318 99.77455769244253 8.441704058157711
2775 318 133.0395374171958 -13.62057041601116
2776 318 135.5183466648607 -168.3060096425164
2777 318 131.9044924892787 40.6567345117401
2778 318 47.29915192898022 16.16726814939148
2779 318 104.3458273399177 106.7691214828106
2780 318 122.492853634467 106.7691284241351
2781 318 86.28152332796873 106.8041462103351
2782 318 49.96119285167956 107.1773872884943
2783 318 13.61059374864837 107.0205241798034
2784 318 14.31540540333094 43.63208244348796
2785 318 88.56017234155243 18.45247667136489
2786 318 39.41101246356303 -151.9086928489303
2787 318 65.04532889982337 -154.6473684189673
2788 318 50.82283079145157 79.16158606386942
2789 318 81.30410936388523 -166.3785156905841
2790 318 16.14207729217571 1.411021562875305
2791 318 87.5606702481123 77.84057214955101
2792 318 46.1617514358224 -193.9073318966634
2793 318 50.05814752129083 -127.9880805376218
2794 318 66.3794647817476 64.40079836425996
2795 318 65.52222889153259 -9.936222958966596
2796 318 96.21167276293193 -0.7021060046568977
2797 318 112.3131607910105 -196.5434223654821
2798 318 79.14279723549083 -121.5032850347308
2799 318 85.30447211465875 -187.6643171433225
2800 318 74.56883073635802 -198.0268283364941
2801 318 133.7611564329727 83.42084122374149
2802 318 47.6769735952395 46.46890628820849
2803 318 40.06828106010357 -11.16548112699054
2804 318 51.27397631721934 -88.9463613528651
2805 318 105.3753264388997 -11.74135569698565
2806 318 52.36599769382039 -48.18111729546212
2807 318 43.08909341484224 -171.0725578172751
2808 318 98.91694649437139 58.32090977434752
2809 318 96.75542856016247 -165.924259909929
2810 318 47.64212922033661 -217.8569282945762
2811 318 111.3429052556455 7.870615771830145
2812 318 81.10881039202752 -1.862455827992164
2813 318 68.05172902118579 107.3685274545436
2814 318 79.88108934677646 -128.7674435302262
2815 318 80.32711527393951 -114.2654895973814
2816 318 52.79355090284395 -144.8936431847023
2817 318 110.9468246462866 85.53377958585064
2818 318 17.48526675400944 65.73174706800414
2819 318 14.22935983991937 -69.9806968295099
2820 318 131.0443392889889 -29.76342547661216
2821 318 131.1231122481431 -90.84406750515933
2822 318 130.9740482079521 -136.0725939439327
2823 318 131.1138370385222 -75.14486567461722
2824 318 69.72621692165774 -137.2108703371331
2825 318 15.0284010037729 -206.4174068251093
2826 318 132.6813376114582 -150.8007108088825
2827 318 62.17243386225616 -191.4396269319001
2828 318 16.74589636529478 -268.9223417725157
2829 318 60.9889782768758 -168.7946802388503
2830 318 135.9496343301101 19.00889630736044
2831 318 113.0794222831211 -169.9486995524625
2832 318 69.62417736513262 -29.81535672476141
2833 318 131.1217233824185 58.4455338351715
2834 318 33.42869577807465 -26.63391656127203
2835 318 14.47004004078806 -89.24195755574104
2836 318 14.68964238432474 -251.6839608280823
2837 318 116.6163947785686 31.78778908689576
2838 318 79.44532647181393 -90.68330025201681
2839 318 88.98729784857261 -153.8792184372084
2840 318 79.41084469772105 -52.58564458690532
2841 318 79.88276009175013 -37.25110713940424
2842 318 121.8784985663019 16.94797108308744
2843 318 14.45959144155671 -49.59493868075501
2844 318 130.758741023993 -36.88376280329473
2845 318 130.7670906565058 -98.04072189254526
2846 318 31.73557535037304 108.0383701200416
2847 318 114.4426627305992 -1.428701096823673
2848 318 130.7142908847454 -67.93879851399603
2849 318 130.6906308874113 -129.0844558160325
2850 318 129.5734336450938 -219.794291727196
2851 318 12.12061381783442 -160.8711562420643
2852 318 139.8955922812193 107.3839707492957
2853 318 129.5077808522278 -269.3493677554113
2854 318 65.30257405818057 -36.17255568417812
2855 318 16.81350538838578 -30.33298883293801
2856 318 36.07887825398041 67.49773094988018
2857 318 71.93294473360135 19.40081372364014
2858 318 38.59390239956974 -50.70961296787462
2859 318 34.18986573959859 -126.1117960759496
2860 318 139.1483351790652 -8.625991507936945
2861 318 97.06925436845603 88.31905417763485
2862 318 58.27963866960451 -17.90393595401048
2863 318 8.11822113117546 98.8374185900043
2864 318 137.447743877281 -186.1442569184363
2865 318 88.71242402001019 -12.71819596723071
2866 318 6.160532106116278 108.0800712196426
2867 318 131.4197524579036 -251.8471492923868
2868 318 69.02104229766894 -75.73990068578766
2869 318 138.3999739826137 96.10294557367395
2870 318 65.35379664345064 0.1795674579223885
2871 318 69.59739657874036 -59.49626879585878
2872 318 69.61728782538688 -97.72937863353539
2873 318 113.4316876172499 62.57643310389707
2874 318 65.17708933991892 -112.8908807567441
2875 318 113.8433796372775 -273.964248795332
2876 318 72.75 -274.3369621958411
2877 318 61.54889354433723 90.51286339844009
2878 318 70.85037658294056 -241.0442563802665
2879 318 40.00275641333309 91.78707996856681
2880 318 103.6802196275561 -205.9467951600953
2881 318 75.47604087849604 89.92955414636276
2882 318 84.71253290923005 46.76206366586629
2883 318 39.09951932761524 -88.79785830156047
2884 318 32.53343932147359 -272.8941707795728
2885 246.5243000253389 72.92136300661889 -286
2886 73.67496625409967 71.17646603109864 -286
2887 168.392638347879 74.01433336356763 -286
2888 122.6386711779767 91.99359432228513 -286
2889 125.3863729334111 45.16435119260831 -286
2890 208.9484225783312 46.54028272585902 -286
2891 208.1219676549865 99.41681569535029 -286
2892 276.1749435179096 107.5586898488322 -286
2893 275.5438950950026 42.35924865906929 -286
2894 42.10315210442056 42.83475174331647 -286
2895 41.77932679847157 106.2965574623479 -286
2896 80.4267045513938 107.373014861886 -286
2897 80.79686727662487 36.55929102545753 -286
2898 168.6552618284796 37.32280982419326 -286
2899 165.9766932935477 111.887786111386 -286
2900 237.5209621660903 34.26983966608782 -286
2901 240.1573123711553 111.2401334971973 -286
2902 32.04004413297261 69.24827006023318 -286
2903 286.7337471165659 71.52155952990495 -286
2904 99.54109861617624 70.48578964908182 -286
2905 139.4368148789198 111.4029911547012 -286
2906 144.1421531001793 67.70948709732519 -286
2907 104.2721651222207 113.3157474597048 -286
2908 217.6023305350548 72.4239413514355 -286
2909 101.8882921823149 23.20956643592265 -286
2910 147.932544833682 23.6478203370535 -286
2911 193.0714285714286 23.1960760856845 -286
2912 190.9896068608371 121.825132673585 -286
2913 293.3764270045569 24.89019317027802 -286
2914 24.62357299544308 24.89019317027797 -286
2915 24.623572995443 120.6098068297219 -286
2916 293.376427004557 120.6098068297219 -286
2917 56.78571428571431 123.4191201767607 -286
2918 57.91993462952919 22.57190575843748 -286
2919 218.7229546379775 23.49171476698194 -286
2920 218.7229546379775 122.0082852330181 -286
2921 298.3505893777079 52.27583830800251 -286
2922 296.8555076179146 93.13079904688328 -286
2923 19.96691275444462 52.07762828697065 -286
2924 21.47776847948271 92.55099919917365 -286
2925 151.8568473740165 91.39815640332975 -286
2926 260.5425720347002 124.1498959792389 -286
2927 259.3612258270363 21.93188868292071 -286
2928 97.29673137878768 94.29592000719995 -286
2929 192.1503028426499 79.1548728741929 -286
2930 185.8724137670578 54.08187823734889 -286
2931 150.766567648644 45.7959687049389 -286
2932 231.5262455731211 54.34729669014121 -286
2933 231.7380372104674 90.6247893127065 -286
2934 63.20307456502127 51.77907971768462 -286
2935 61.05734734277431 92.99735441331686 -286
2936 266.5268434300796 63.22583133176684 -286
2937 254.8058389087916 95.99706812401581 -286
2938 125.0128705613102 18.40434759311688 -286
2939 101.9158964042808 49.47806583806008 -286
2940 124.6527913448404 128.2548903797205 -286
2941 52.62252165215631 68.88326134243016 -286
2942 187.0727566532627 99.36978208350035 -286
2943 81.68527803347061 128.7247854507366 -286
2944 79.7148055192315 16.30190689584225 -286
2945 169.0646886023055 131.3469027387536 -286
2946 170.2130414961389 16.38940895278276 -286
2947 238.5 130.1892579878023 -286
2948 238.5 15.31074201219781 -286
2949 252.8339120194448 48.17591133943415 -286
2950 121.2752035991682 65.10603935550759 -286
2951 271.954166735561 84.3498585496618 -286
2952 83.82638062324055 55.89573845227656 -286
2953 304.1405399152745 72.68118476076592 -286
2954 13.93362550950098 72.522329110078 -286
2955 171.8478554132876 91.27066463422452 -286
2956 148.162752645055 130.9139054610186 -286
2957 201.1433674307734 63.05024379720905 -286
2958 41.79540168117148 85.99528849550035 -286
2959 122.7501106309894 111.2418058291029 -286
2960 40.11158184650077 128.8040718020457 -286
2961 40.11158184650077 16.69592819795432 -286
2962 166.20386028179 55.37208074842692 -286
2963 278.0674209082375 128.9536950695864 -286
2964 278.0674209082375 16.54630493041367 -286
2965 81.03070732539317 87.77791050297813 -286
2966 11.35714285714286 10.39285714285711 -286
2967 11.35714285714286 135.1071428571428 -286
2968 306.6428571428572 10.39285714285711 -286
2969 306.6428571428571 135.1071428571428 -286
2970 102.6191201385382 132.8752572175107 -286
2971 223.9353266847743 105.7794162765408 -286
2972 224.17964623888 39.66228346226748 -286
2973 135.9902613248227 145.5 -4.149160045303859
2974 129.4143503295929 145.5 -137.9462310354378
2975 211.1736789164034 145.5 38.89083895767584
2976 179.0282769246109 145.5 -75.35294117647059
2977 194.1723229493792 145.5 -144.4753759106522
2978 80.5736028024467 145.5 44.85634754588445
2979 261.6303027938944 145.5 -204.39965190809
2980 200.8226763167783 145.5 -22.17820428614342
2981 270 145.5 29.83797941999201
2982 148.8836368503012 145.5 53.84558457899077
2983 248.3850805478558 145.5 70.21151876180923
2984 78.72151331149878 145.5 -206.4664316244892
2985 214.4655846124062 145.5 -105.9411764705882
2986 217.3321339037129 145.5 -69.77143874663022
2987 80.75986469740586 145.5 -68.34245121179626
2988 157.0345069100217 145.5 -210.4648238851463
2989 286.1155865957419 145.5 -181.8757161755179
2990 43.41746044106762 145.5 69.50308796773052
2991 284.9673093687145 145.5 81.48085983607336
2992 223.8721366992518 145.5 -137.829407352098
2993 228.9424319069272 145.5 -178.5982037196711
2994 182.4682812758168 145.5 76.26619899488063
2995 58.64576984948583 145.5 -132.3056940882293
2996 213.6008221261461 145.5 -233.7991692007183
2997 113.513636857748 145.5 73.51364331212721
2998 226.4281816931007 145.5 -36.62308334947916
2999 77.45106688631449 145.5 80.99776834873293
3000 218.5753473578837 145.5 82.95177500012829
3001 295.0308848293121 145.5 6.560057644595602
3002 270.6888525742586 145.5 5.68659861989228
3003 232.7337708766403 145.5 9.685623986330818
3004 261.6533575249395 145.5 -171.5926543591843
3005 58.57668243781752 145.5 -17.9286251714515
3006 233.7142026399922 145.5 -90.64705882352939
3007 133.8242825044014 145.5 -55.48833923982295
3008 116.8217447794907 145.5 -237.5982824856461
3009 235.7290743729609 145.5 -113.5882352941176
3010 48.4125669626327 145.5 -241.9471550153688
3011 150.5949346801837 145.5 84.56705693627671
3012 45.87029219561376 145.5 -171.5628765492339
3013 240.2770084345076 145.5 -52.87070024220151
3014 239.7278727533538 145.5 -20.80153148868196
3015 190.3282464621118 145.5 -181.8649367866215
3016 176.1033718719821 145.5 15.25011473933284
3017 122.7680209619426 145.5 -183.8077865570006
3018 280.9171179629233 145.5 -248.5075797009902
3019 257.3255014967255 145.5 94.77720373193495
3020 43.1220257822332 145.5 -93.330093004383
3021 97.85127970941058 145.5 -33.41712905627531
3022 34.86408341762191 145.5 35.97009044291313
3023 241.1180707586319 145.5 -75.48963374042953
3024 114.937705327682 145.5 -96.14037775739602
3025 204.9212694940916 145.5 95.15813196208914
3026 165.6294433122862 145.5 -114.8493138199227
3027 241.9412874502142 145.5 -128.8823529411765
3028 113.7117666136723 145.5 39.86399969816011
3029 237.2341283810105 145.5 -156.4943353777255
3030 174.6031743014292 145.5 -247.0027227571382
3031 164.2777136393169 145.5 -34.91668599356061
3032 37.76151916199987 145.5 -51.38588423885203
3033 296.150160570407 145.5 -164.8247051313099
3034 278 145.5 -163.5347619739096
3035 238.9431966025265 145.5 96.43650217024705
3036 84.21909650319627 145.5 -165.133543464418
3037 182.0117211547357 145.5 97.62715623206451
3038 158.0022484575391 145.5 -161.9011904392654
3039 251.0815820597464 145.5 -0.4986109869309132
3040 54.87774661324529 145.5 94.25280794646395
3041 26.93032622233106 145.5 91.52819055643106
3042 300.3755691749271 145.5 95.90499627690775
3043 126.242929356063 145.5 93.69357437197324
3044 99.99554269738947 145.5 94.33336379677843
3045 288.63029235494 145.5 52.67065080383003
3046 83.35468580302515 145.5 -249.4435944667376
3047 242.9016477199877 145.5 -37.11764705882353
3048 242.9871009717082 145.5 -145.680438816461
3049 243.1920702526112 145.5 40.13025591956679
3050 289.3907092050237 145.5 -209.9281740680624
3051 277.2733775558335 145.5 96.85210467643162
3052 93.14839143729432 145.5 6.651668895980393
3053 203.1820027231709 145.5 -46.76988686718961
3054 242.2933916800499 145.5 -251.8756359169208
3055 34.19783951919829 145.5 -206.9345298850218
3056 227.5818731102719 145.5 -214.7874019383471
3057 203.5035924676211 145.5 7.733242468118178
3058 244.2937578373403 145.5 -97.24107059838872
3059 179.6822395079619 145.5 39.15876482338604
3060 80.2382006428447 145.5 -102.7105498217782
3061 210.2442519338673 145.5 -158.001597895083
3062 286.1985859902778 145.5 -4.470953174298614
3063 33.97549696559544 145.5 -131.5654809485653
3064 263.2677739990916 145.5 -4.455834341884938
3065 215.9959009880088 145.5 -8.611494236883953
3066 145.1330780107475 145.5 -86.80187607782162
3067 96.70177677663972 145.5 -131.230421713229
3068 160.6807965997167 145.5 97.18598064040744
3069 251.2076191979456 145.5 -161.782907156326
3070 31.07941164116788 145.5 0.1495516332155731
3071 294.4563956271058 145.5 29.84862530139669
3072 218.8781035442815 145.5 98.14546822368717
3073 146.9355490995386 145.5 18.51984919314383
3074 77.43084034381843 145.5 95.81480628009635
3075 136.8041715601654 145.5 -250.5711522799695
3076 303.3235187894725 145.5 -5.482885926831742
3077 180.9878196670355 145.5 -213.5608860995175
3078 23.25053591134642 145.5 58.45635798252707
3079 201.2869583497517 145.5 -83.86723755141242
3080 59.51900338725893 145.5 15.06654911523054
3081 195.1028624847017 145.5 -254.7277123819346
3082 262 145.5 -158.5363842969497
3083 209.4221167219375 145.5 58.97308473045634
3084 245.8422897213706 145.5 -186.7997651240557
3085 190.6038088287634 145.5 -117.7081818891084
3086 92.36546962031224 145.5 57.86988378706961
3087 247.384785962054 145.5 -60.05882352941177
3088 60.37121330841315 145.5 57.81872778452654
3089 72.84917787179576 145.5 -33.73238004427565
3090 256.803343790883 145.5 19.26207860039722
3091 109.6926877819982 145.5 -209.4165771741826
3092 306.6789830332721 145.5 -158.8837148425988
3093 245.6668756622336 145.5 -113.5606907230296
3094 307.175022840788 145.5 -23.34984715709041
3095 308.4866711550645 145.5 -82.99999999999997
3096 274.9775541289482 145.5 -3.528781894414664
3097 307.0715869538312 145.5 -142.2396135338162
3098 28.49341187862805 145.5 -254.7406627369781
3099 17.50635277929443 145.5 77.52710444288441
3100 32.09053380676464 145.5 -23.34979756436529
3101 307.0540041956371 145.5 -104.7398582030517
3102 307.0573443913597 145.5 -43.57015559967444
3103 246.1845348952291 145.5 -11.32135596517666
3104 245.6280233775998 145.5 -86.03647428909869
3105 307.0324751816035 145.5 -61.09040806888077
3106 307.0305058584563 145.5 -122.2577285817129
3107 264.1071540750298 145.5 51.19423069733041
3108 301.2625897206245 145.5 -178.0046967930763
3109 212.5614588606152 145.5 -194.7788206601127
3110 15.57437758490162 145.5 99.70296249763922
3111 229.3339728512452 145.5 64.98483039805629
3112 249.0553998733479 145.5 -225.202729291307
3113 175.4648618479419 145.5 -13.92587076134188
3114 56.78571428571429 145.5 -262.5888645447122
3115 22.86947926969562 145.5 -153.8048851337894
3116 108.4135485970216 145.5 -156.3576350322665
3117 41.6874183180843 145.5 101.5590794825191
3118 105.9030537089846 145.5 -54.7322845124001
3119 149.0781185802801 145.5 -184.2119261486783
3120 125.9264659297117 145.5 -30.78484686472704
3121 281.2734292650933 145.5 18.5416881150323
3122 131.4073545140269 145.5 76.98078085216018
3123 135.185960686149 145.5 103.6789054755804
3124 113.1515640062289 145.5 101.7102699226004
3125 286.2470832647897 145.5 -157.7850068535443
3126 267.2508120747651 145.5 72.69288349333792
3127 140.5734127324911 145.5 -111.3192102348657
3128 272.6016292838218 145.5 -190.5293455110638
3129 248.3280113259212 145.5 -44.66192612013918
3130 248.6661041459938 145.5 -29.43407972117091
3131 104.2913246299012 145.5 -261.8935228327032
3132 157.773665525963 145.5 -60.11162531632387
3133 309.5285667940417 145.5 -33.51988183645231
3134 223.0122788546553 145.5 -51.41060512016667
3135 309.7447751042344 145.5 -94.43120158027351
3136 26.49073605208295 145.5 -72.98697259311905
3137 192.609594140852 145.5 103.5108529237221
3138 235.7869257449511 145.5 -64.31738751891703
3139 22.49963963110951 145.5 -109.5302091174159
3140 309.7287365428017 145.5 -71.35622693686921
3141 164.6784014703876 145.5 68.87846462743478
3142 309.4915776867379 145.5 -132.1987283181189
3143 210.2906022162068 145.5 -123.9284767070119
3144 58.18310255902231 145.5 -214.483209975718
3145 249.0869489216595 145.5 -136.6543096291274
3146 248.2075339978798 145.5 103.9844487035456
3147 92.80416721158099 145.5 -227.045374918332
3148 141.8632845536767 145.5 -227.747258674256
3149 23.92729980012541 145.5 -229.9889195165478
3150 171.6618902210901 145.5 103.523898263338
3151 119.2789072629392 145.5 16.86240563672914
3152 169.3236822496482 145.5 -140.0023276628842
3153 294.7275073104725 145.5 -10.19029009463038
3154 52.05673464638144 145.5 -71.20846582896922
3155 181.4311875986185 145.5 -52.53167811271156
3156 128.2488925173109 145.5 58.89415826828058
3157 303.4182166812912 145.5 84.03611341378345
3158 294.8416548272301 145.5 -262.7395996558866
3159 266.9184921330305 145.5 103.9589086737536
3160 284.5374344910699 145.5 105.6300884518632
3161 69.57799998119236 145.5 -181.3624045594273
3162 62.57365107404067 145.5 -155.9288760268481
3163 24.13468625177935 145.5 -183.9212096319187
3164 298.2953200977316 145.5 -227.3506724229033
3165 231.3135750053768 145.5 -7.394032496470984
3166 65.84421837403444 145.5 103.1770927682374
3167 89.00812462391565 145.5 103.2073035853439
3168 260.9651357427476 145.5 -264.9069888010556
3169 97.08784611787533 145.5 -185.2104272729696
3170 218.3213588507193 145.5 -261.5200618320489
3171 134.8000329857124 145.5 -161.7120373404464
3172 239.904227880151 145.5 -170.1903085274726
3173 134.0405526719862 145.5 -204.4434777373464
3174 223.5346937055515 145.5 -22.78725032116867
3175 199.9109084513381 145.5 -65.14654634314719
3176 218.7111042952412 145.5 -84.77909383377926
3177 84.175120790601 145.5 -15.06166109463945
3178 303.9705813332606 145.5 17.88505401244982
3179 274.3201316725153 145.5 -222.6532531098784
3180 171.9530042843124 145.5 88.08435782087889
3181 44.72354200485927 145.5 -115.5053579378567
3182 183.4181453555491 145.5 -97.15842184485811
3183 250.5672692792325 145.5 -105.9411764705882
3184 250.3021837565549 145.5 -121.1720384883447
3185 229.5789484797877 145.5 105.1037514018297
3186 211.1501970943303 145.5 105.3136253274413
3187 249.9292591983294 145.5 -75.69623052687328
3188 270 145.5 -155.5460133937524
3189 180.6085661669831 145.5 -162.8099887968399
3190 296.1561180701874 145.5 -154.8883849610305
3191 249.4185645766418 145.5 -151.9513959776683
3192 148.8761025938548 145.5 103.668064131894
3193 96.37107774371428 145.5 76.06463430488029
3194 305.6179639145927 145.5 -52.32677758805305
3195 305.6169020108186 145.5 -113.4942861263821
3196 215.4348558106434 145.5 20.31584730604916
3197 249.8635680973736 145.5 -19.97476580672707
3198 194.6413156497547 145.5 26.90077580873702
3199 60.27937516172803 145.5 77.89404329253401
3200 230.4846721791041 145.5 -125.208418345396
3201 110.8519481452438 145.5 -10.31131568866353
3202 300.7264416328588 145.5 -194.8461449902152
3203 103.4243752091185 145.5 -76.71466947229639
3204 273.4398549950956 145.5 -175.3054116680773
3205 251.0630723766811 145.5 -37.11764705882353
3206 250.3979611444965 145.5 -52.48299586070343
3207 278.0352976092557 145.5 -154.6818243253409
3208 115.4908703510583 145.5 -120.0604604584572
3209 236.1699614936044 145.5 80.52513069986594
3210 213.3099342228467 145.5 -33.82239829819409
3211 223.5527819796168 145.5 -150.9232915168926
3212 211.3379922687753 145.5 -142.2279560974223
3213 233.6316653106553 145.5 -103.2127920828219
3214 157.4681786525124 145.5 -0.49691714708257
3215 251.2756466215003 145.5 -67.70588235294116
3216 251.4660840256857 145.5 -128.8946813882003
3217 304.0214463493408 145.5 105.9286158310761
3218 43.76776496864912 145.5 52.00015687614062
3219 305.421023143291 145.5 -13.31228084865415
3220 190.1076068713124 145.5 -231.7003253135622
3221 71.15399202505967 145.5 -231.1784889145973
3222 125.5003073276973 145.5 -75.51645433697972
3223 88.05133045903047 145.5 90.08357526316638
3224 29.77672737006023 145.5 104.774746580961
3225 53.92112036751617 145.5 105.7977960394441
3226 211.0190888620995 145.5 -176.1765718165685
3227 300.8816264018574 145.5 63.30836168942155
3228 150.2250537662912 145.5 -130.3728222572793
3229 172.0119170963285 145.5 -193.6544158408834
3230 171.2297792622041 145.5 -267.3483851300441
3231 67.17664947582813 145.5 90.42730372721292
3232 125.0003865038123 145.5 105.4086027492202
3233 100.9273954887887 145.5 105.8501874609445
3234 308.0183466648607 145.5 -168.3060096425165
3235 257.4790539011357 145.5 106.5441122218468
3236 242.372416130822 145.5 23.23144658395573
3237 96.98444950284595 145.5 28.71905927370695
3238 124.9285714285714 145.5 -269.0013679932836
3239 229.5717307027475 145.5 -79.03159707849863
3240 15.75442123039524 145.5 35.79067531008089
3241 268.8586953552464 145.5 -164.688933384742
3242 57.07984334843124 145.5 35.77476164383615
3243 51.57087778714753 145.5 -194.2792977149587
3244 199.2751167675128 145.5 76.78981622115595
3245 202.4905460002739 145.5 106.7965220426505
3246 282.9890219774979 145.5 6.508195011698902
3247 238.9431966025265 145.5 106.8340555527035
3248 68.22358915420777 145.5 -88.64146848672252
3249 294.4807675236346 145.5 105.1070742743447
3250 166.3223925943691 145.5 -228.9713004462016
3251 80.38743058495314 145.5 -144.3320025644292
3252 18.55355953825 145.5 -42.78554580923949
3253 225.2507453836512 145.5 -164.6343654790115
3254 135.5610559278741 145.5 38.86394259113948
3255 183.8489526352416 145.5 -32.56262642635551
3256 44.78693787088626 145.5 -149.0335625493332
3257 182.576175147476 145.5 106.6789148108135
3258 251.4985228940019 145.5 -144.5278171199455
3259 306.5122063741707 145.5 2.720485270196292
3260 52.06046708118191 145.5 -35.68166022782749
3261 145.5198337624344 145.5 -40.14106033517407
3262 78.80949328411893 145.5 -267.6848639179974
3263 159.4265720654358 145.5 37.02168080492564
3264 255.0648909599628 145.5 -10.22011164349869
3265 251.5301280897351 145.5 -174.9550431039341
3266 222.7680714330162 145.5 -97.31177929847182
3267 276.0005423214919 145.5 106.8628699973521
3268 251.6855192794865 145.5 -90.97763003026751
3269 284.7090870809669 145.5 -196.1442749729726
3270 113.2592365729075 145.5 87.96004943108485
3271 185.0100400450854 145.5 59.55784910853004
3272 259.441941347694 145.5 8.247915132414271
3273 306.5306249558847 145.5 39.70250795675595
3274 223.4263663814473 145.5 -114.4110029523728
3275 42.56959067830391 145.5 86.70040005760774
3276 236.5919481221086 145.5 -137.160645310925
3277 150.7745525261233 145.5 -20.73575685786501
3278 218.5167421361198 145.5 5.462842381241188
3279 280.8856631416803 145.5 66.61187863207968
3280 238.8165288563888 145.5 -270.733292023988
3281 255.2949968498692 145.5 32.73119824424844
3282 269.7075546880066 145.5 -11.40690824462636
3283 16.70719816816811 145.5 -7.758576962537845
3284 163.6882771792751 145.5 -94.56502652510946
3285 278.8139491345387 145.5 -11.24116302347769
3286 252.2781596119184 145.5 -98.22039562237188
3287 145.568733171999 145.5 68.94960026679362
3288 137.366412775612 145.5 89.94829849079125
3289 241.4929258961833 145.5 0.4419176875615172
3290 252.6485603710832 145.5 -83.7420669692479
3291 241.1947863207713 145.5 -120.4573826716396
3292 197.2795706137779 145.5 -168.5305138461358
3293 203.2634903108163 145.5 -214.8295360771695
3294 16.45196511422061 145.5 -205.2459163687748
3295 286.090589464561 145.5 -12.12887773437646
3296 241.3451278109895 145.5 54.91756368550189
3297 75.90605715778386 145.5 21.70944818995241
3298 303.5452725780488 145.5 -29.76086371147507
3299 303.6231122481434 145.5 -90.84406750515913
3300 303.4740482079521 145.5 -136.0725939439328
3301 303.6138370385215 145.5 -75.14486567461714
3302 19.40327606937918 145.5 15.41141238283926
3303 80.19310511874812 145.5 -121.5040704872743
3304 233.9049484589977 145.5 -146.6164980296995
3305 241.9777284924845 145.5 -106.7087930337892
3306 232.4309373719992 145.5 -235.5794734864448
3307 305.1813376114582 145.5 -150.8005474068856
3308 232.3593316622017 145.5 -195.7733961227053
3309 97.81131615124092 145.5 -108.603262403344
3310 192.781795914914 145.5 -6.309241041374683
3311 77.74670824340089 145.5 64.80299590997606
3312 199.1665089239907 145.5 -100.721763680885
3313 285.5794222831208 145.5 -169.9486995524625
3314 125.604567446788 145.5 -219.8013990178577
3315 236.0621106483225 145.5 -31.67702010261052
3316 236.1682064460825 145.5 -42.39349699890343
3317 246.9867595294506 145.5 10.54065290045969
3318 262.4080439294122 145.5 -12.416570846002
3319 17.22970036917601 145.5 -89.27184202626466
3320 107.7530402980737 145.5 58.672286629393
3321 146.9310332998991 145.5 -267.0454485584811
3322 281.5654733593713 145.5 38.23974790367166
3323 64.63279380383541 145.5 -110.3278579389445
3324 99.31798060599951 145.5 -243.9951936758547
3325 227.2593583168556 145.5 46.87076652081601
3326 268.6589290182609 145.5 17.75529500295668
3327 289.3994353013769 145.5 93.60993549352006
3328 303.2589229395622 145.5 -36.8832634671498
3329 269.1111346977477 145.5 87.03889273704959
3330 303.2670906565064 145.5 -98.04072189254551
3331 260.5823274967637 145.5 -242.7982836909155
3332 255.3779747654172 145.5 -154.9948304688604
3333 261.1162604014761 145.5 -183.9303119457342
3334 160.6606197739577 145.5 107.2274868605865
3335 99.2597978902722 145.5 45.34264342609984
3336 303.2142908847447 145.5 -67.93879851399612
3337 303.1906308874111 145.5 -129.0844558160325
3338 11.96111983675453 145.5 89.39199057405142
3339 243.2938394322173 145.5 -205.3925888769011
3340 146.9747203496821 145.5 -147.2513627948663
3341 83.27755962302574 145.5 -48.44717178898806
3342 220.1807646992127 145.5 107.8384196286445
3343 77.42443313321634 145.5 106.4398405267355
3344 42.1794412605808 145.5 17.94402015011399
3345 309.5052647650059 145.5 97.80937016135263
3346 90.89917519708328 145.5 -90.19212985888889
3347 48.5960208336693 145.5 -1.488333195363445
3348 15.09577629324018 145.5 -131.4349391728251
3349 63.1275538469651 145.5 -51.46633555678478
3350 210.7272793052965 145.5 -94.06291249425303
3351 228.6943583839959 145.5 29.85412987906572
3352 246.7915714979 145.5 87.17990626299901
3353 311.5918847766601 145.5 107.4181983554989
3354 30.73485320646869 145.5 76.74302820143618
3355 69.45664309150565 145.5 0.8334491828442196
3356 18.03130152416148 145.5 -267.3150008843325
3357 210.8593309832193 145.5 -58.27461926928342
3358 193.84853069762 145.5 -271.7161540677665
3359 14.6563136609878 145.5 -59.32019663998358
3360 292.8342085189451 145.5 17.38554623844248
3361 156.2923059286239 145.5 -248.1143779743484
3362 161.5393181729845 145.5 -77.30112694186738
3363 191.5750045882562 145.5 88.54174905175032
3364 15.95312402096574 145.5 -245.5471202090935
3365 244.2320871525986 145.5 -67.81219533076985
3366 39.88614025423679 145.5 -268.6306285746271
3367 167.5361779878344 145.5 51.69246878865346
3368 309.4972578383708 145.5 -186.0626838908308
3369 228.5284158582558 145.5 91.98260878785496
3370 302.4941849167359 145.5 -247.1626921444783
3371 41.18020221024467 145.5 -223.3384535981641
3372 195.3880209627606 145.5 44.03224059618265
3373 278.8360357575068 145.5 -270.1614205846747
3374 8.537386884775904 145.5 106.1048327456489
3375 112.0544232810689 145.5 -138.7043650410111
3376 311.0270942251286 145.5 -7.253163524326602
3377 169.0185660510313 145.5 -175.6546741876001
3378 237.5080068697428 145.5 -82.80119098288905
3379 67.70329047211014 145.5 -250.5685933718827
3380 143.763898639665 145.5 -69.93553520010678
3381 304.8824941871227 145.5 -208.3358954806915
3382 306.5318422782361 145.5 -274.2889056445669
3383 297.1585406587411 145.5 -2.172717256193771
3384 194.7413612295166 145.5 -200.3506132507592
3385 252.5072657396042 145.5 -113.5700752540395
3386 276.5303720072444 145.5 -204.7309399140134
3387 256.6769159839754 145.5 80.62580976424971
$EndNodes
$Elements
6604
1 2 2 1 1 481 483 482
2 2 2 1 1 482 483 484
3 2 2 1 1 485 487 486
4 2 2 1 1 488 156 489
5 2 2 1 1 485 486 490
6 2 2 1 1 491 493 492
7 2 2 1 1 494 496 495
8 2 2 1 1 491 492 497
9 2 2 1 1 498 500 499
10 2 2 1 1 501 503 502
11 2 2 1 1 504 506 505
12 2 2 1 1 507 194 508
13 2 2 1 1 508 194 509
14 2 2 1 1 510 512 511
15 2 2 1 1 510 511 153
16 2 2 1 1 98 514 513
17 2 2 1 1 98 513 97
18 2 2 1 1 501 502 515
19 2 2 1 1 516 518 517
20 2 2 1 1 519 521 520
21 2 2 1 1 522 524 523
22 2 2 1 1 525 527 526
23 2 2 1 1 525 526 528
24 2 2 1 1 529 531 530
25 2 2 1 1 523 524 532
26 2 2 1 1 527 198 533
27 2 2 1 1 534 536 535
28 2 2 1 1 534 535 537
29 2 2 1 1 538 540 539
30 2 2 1 1 153 511 152
31 2 2 1 1 538 539 541
32 2 2 1 1 482 542 481
33 2 2 1 1 543 545 544
34 2 2 1 1 543 544 546
35 2 2 1 1 547 486 487
36 2 2 1 1 548 550 549
37 2 2 1 1 551 553 552
38 2 2 1 1 554 556 555
39 2 2 1 1 486 161 490
40 2 2 1 1 490 161 162
41 2 2 1 1 557 559 558
42 2 2 1 1 552 553 560
43 2 2 1 1 561 563 562
44 2 2 1 1 562 563 564
45 2 2 1 1 565 533 566
46 2 2 1 1 566 533 199
47 2 2 1 1 567 557 568
48 2 2 1 1 567 568 569
49 2 2 1 1 570 572 571
50 2 2 1 1 554 555 573
51 2 2 1 1 574 576 575
52 2 2 1 1 577 579 578
53 2 2 1 1 506 581 580
54 2 2 1 1 582 584 583
55 2 2 1 1 575 576 175
56 2 2 1 1 585 587 586
57 2 2 1 1 588 590 589
58 2 2 1 1 547 159 160
59 2 2 1 1 584 592 591
60 2 2 1 1 593 595 594
61 2 2 1 1 590 596 589
62 2 2 1 1 594 595 597
63 2 2 1 1 584 598 583
64 2 2 1 1 583 598 540
65 2 2 1 1 586 587 599
66 2 2 1 1 586 599 600
67 2 2 1 1 601 603 602
68 2 2 1 1 595 593 604
69 2 2 1 1 605 538 600
70 2 2 1 1 602 603 606
71 2 2 1 1 607 609 608
72 2 2 1 1 540 598 610
73 2 2 1 1 540 610 539
74 2 2 1 1 525 612 611
75 2 2 1 1 613 614 174
76 2 2 1 1 615 594 616
77 2 2 1 1 616 594 617
78 2 2 1 1 615 619 618
79 2 2 1 1 618 619 620
80 2 2 1 1 555 614 613
81 2 2 1 1 575 617 574
82 2 2 1 1 621 623 622
83 2 2 1 1 624 626 625
84 2 2 1 1 513 514 627
85 2 2 1 1 513 627 628
86 2 2 1 1 592 150 591
87 2 2 1 1 624 625 629
88 2 2 1 1 630 632 631
89 2 2 1 1 631 632 633
90 2 2 1 1 580 635 634
91 2 2 1 1 636 638 637
92 2 2 1 1 555 597 595
93 2 2 1 1 639 641 640
94 2 2 1 1 642 644 643
95 2 2 1 1 564 646 645
96 2 2 1 1 639 640 647
97 2 2 1 1 648 650 649
98 2 2 1 1 651 653 652
99 2 2 1 1 489 156 157
100 2 2 1 1 654 656 655
101 2 2 1 1 218 658 657
102 2 2 1 1 218 657 217
103 2 2 1 1 651 652 659
104 2 2 1 1 634 635 532
105 2 2 1 1 660 586 661
106 2 2 1 1 661 586 541
107 2 2 1 1 662 596 663
108 2 2 1 1 664 666 665
109 2 2 1 1 663 596 667
110 2 2 1 1 668 670 669
111 2 2 1 1 189 671 188
112 2 2 1 1 503 673 672
113 2 2 1 1 503 672 110
114 2 2 1 1 674 676 675
115 2 2 1 1 585 660 158
116 2 2 1 1 668 669 677
117 2 2 1 1 585 158 159
118 2 2 1 1 678 680 679
119 2 2 1 1 681 683 682
120 2 2 1 1 681 682 684
121 2 2 1 1 678 679 685
122 2 2 1 1 686 621 687
123 2 2 1 1 688 690 689
124 2 2 1 1 691 629 692
125 2 2 1 1 686 687 693
126 2 2 1 1 694 696 695
127 2 2 1 1 697 699 698
128 2 2 1 1 700 702 701
129 2 2 1 1 700 701 170
130 2 2 1 1 703 704 628
131 2 2 1 1 705 672 673
132 2 2 1 1 706 688 707
133 2 2 1 1 621 686 708
134 2 2 1 1 705 673 709
135 2 2 1 1 710 203 711
136 2 2 1 1 711 203 204
137 2 2 1 1 712 99 100
138 2 2 1 1 713 715 714
139 2 2 1 1 627 717 716
140 2 2 1 1 497 719 718
141 2 2 1 1 720 722 721
142 2 2 1 1 509 195 723
143 2 2 1 1 723 195 196
144 2 2 1 1 689 725 724
145 2 2 1 1 721 722 726
146 2 2 1 1 639 728 727
147 2 2 1 1 725 729 724
148 2 2 1 1 730 725 689
149 2 2 1 1 731 733 732
150 2 2 1 1 734 736 735
151 2 2 1 1 737 739 738
152 2 2 1 1 734 735 740
153 2 2 1 1 741 742 662
154 2 2 1 1 489 661 743
155 2 2 1 1 662 742 596
156 2 2 1 1 744 746 745
157 2 2 1 1 744 745 747
158 2 2 1 1 613 597 555
159 2 2 1 1 748 652 749
160 2 2 1 1 750 752 751
161 2 2 1 1 753 755 754
162 2 2 1 1 750 751 756
163 2 2 1 1 757 758 599
164 2 2 1 1 217 657 759
165 2 2 1 1 217 759 216
166 2 2 1 1 760 762 761
167 2 2 1 1 126 763 125
168 2 2 1 1 546 536 764
169 2 2 1 1 765 767 766
170 2 2 1 1 628 627 716
171 2 2 1 1 628 716 703
172 2 2 1 1 768 770 769
173 2 2 1 1 771 773 772
174 2 2 1 1 536 534 774
175 2 2 1 1 768 769 775
176 2 2 1 1 771 772 776
177 2 2 1 1 188 671 777
178 2 2 1 1 188 777 187
179 2 2 1 1 186 778 185
180 2 2 1 1 779 135 780
181 2 2 1 1 780 135 136
182 2 2 1 1 781 783 782
183 2 2 1 1 568 785 784
184 2 2 1 1 765 766 786
185 2 2 1 1 787 789 788
186 2 2 1 1 536 774 764
187 2 2 1 1 790 792 791
188 2 2 1 1 489 743 488
189 2 2 1 1 791 792 793
190 2 2 1 1 794 795 650
191 2 2 1 1 796 482 797
192 2 2 1 1 798 799 516
193 2 2 1 1 800 802 801
194 2 2 1 1 518 804 803
195 2 2 1 1 805 807 806
196 2 2 1 1 755 738 754
197 2 2 1 1 754 738 739
198 2 2 1 1 800 801 808
199 2 2 1 1 785 703 784
200 2 2 1 1 784 703 716
201 2 2 1 1 761 762 809
202 2 2 1 1 680 811 810
203 2 2 1 1 712 100 622
204 2 2 1 1 622 100 101
205 2 2 1 1 812 761 813
206 2 2 1 1 717 623 814
207 2 2 1 1 815 817 816
208 2 2 1 1 816 817 818
209 2 2 1 1 723 196 611
210 2 2 1 1 611 196 197
211 2 2 1 1 819 821 820
212 2 2 1 1 610 822 743
213 2 2 1 1 819 820 823
214 2 2 1 1 824 826 825
215 2 2 1 1 827 829 828
216 2 2 1 1 804 830 803
217 2 2 1 1 803 830 831
218 2 2 1 1 824 825 832
219 2 2 1 1 739 796 797
220 2 2 1 1 739 797 754
221 2 2 1 1 833 835 834
222 2 2 1 1 833 834 205
223 2 2 1 1 761 809 813
224 2 2 1 1 836 838 837
225 2 2 1 1 839 841 840
226 2 2 1 1 706 666 842
227 2 2 1 1 840 843 839
228 2 2 1 1 127 571 126
229 2 2 1 1 844 839 845
230 2 2 1 1 661 541 539
231 2 2 1 1 844 846 839
232 2 2 1 1 847 753 570
233 2 2 1 1 570 753 848
234 2 2 1 1 849 838 836
235 2 2 1 1 836 495 496
236 2 2 1 1 836 496 849
237 2 2 1 1 216 759 558
238 2 2 1 1 216 558 215
239 2 2 1 1 716 717 814
240 2 2 1 1 716 814 784
241 2 2 1 1 596 590 667
242 2 2 1 1 850 568 557
243 2 2 1 1 851 852 685
244 2 2 1 1 850 558 759
245 2 2 1 1 831 854 853
246 2 2 1 1 831 853 803
247 2 2 1 1 685 852 501
248 2 2 1 1 855 708 856
249 2 2 1 1 856 708 686
250 2 2 1 1 187 777 520
251 2 2 1 1 187 520 186
252 2 2 1 1 667 590 782
253 2 2 1 1 857 859 858
254 2 2 1 1 860 857 858
255 2 2 1 1 861 863 862
256 2 2 1 1 780 136 864
257 2 2 1 1 864 136 137
258 2 2 1 1 865 861 862
259 2 2 1 1 706 690 688
260 2 2 1 1 866 520 777
261 2 2 1 1 482 867 542
262 2 2 1 1 508 831 868
263 2 2 1 1 864 867 780
264 2 2 1 1 743 661 539
265 2 2 1 1 743 539 610
266 2 2 1 1 507 508 868
267 2 2 1 1 753 754 848
268 2 2 1 1 868 831 830
269 2 2 1 1 660 585 586
270 2 2 1 1 548 870 869
271 2 2 1 1 871 638 636
272 2 2 1 1 869 872 548
273 2 2 1 1 568 784 569
274 2 2 1 1 569 784 814
275 2 2 1 1 873 875 874
276 2 2 1 1 623 621 708
277 2 2 1 1 876 878 877
278 2 2 1 1 876 877 879
279 2 2 1 1 518 803 517
280 2 2 1 1 517 803 853
281 2 2 1 1 612 525 528
282 2 2 1 1 880 882 881
283 2 2 1 1 598 883 610
284 2 2 1 1 874 875 884
285 2 2 1 1 885 887 886
286 2 2 1 1 797 482 484
287 2 2 1 1 885 886 823
288 2 2 1 1 888 874 884
289 2 2 1 1 889 870 729
290 2 2 1 1 570 571 847
291 2 2 1 1 890 891 112
292 2 2 1 1 892 894 893
293 2 2 1 1 486 547 160
294 2 2 1 1 486 160 161
295 2 2 1 1 572 570 895
296 2 2 1 1 896 889 725
297 2 2 1 1 557 558 850
298 2 2 1 1 897 899 898
299 2 2 1 1 900 902 901
300 2 2 1 1 889 729 725
301 2 2 1 1 903 905 904
302 2 2 1 1 519 520 866
303 2 2 1 1 900 901 906
304 2 2 1 1 907 909 908
305 2 2 1 1 521 519 910
306 2 2 1 1 911 557 567
307 2 2 1 1 912 907 908
308 2 2 1 1 913 915 914
309 2 2 1 1 883 598 584
310 2 2 1 1 864 542 867
311 2 2 1 1 916 914 915
312 2 2 1 1 917 844 918
313 2 2 1 1 919 917 918
314 2 2 1 1 741 920 742
315 2 2 1 1 921 923 922
316 2 2 1 1 922 923 924
317 2 2 1 1 921 825 925
318 2 2 1 1 926 928 927
319 2 2 1 1 926 927 929
320 2 2 1 1 925 825 930
321 2 2 1 1 917 919 931
322 2 2 1 1 932 934 933
323 2 2 1 1 774 932 933
324 2 2 1 1 915 936 935
325 2 2 1 1 937 939 938
326 2 2 1 1 824 937 938
327 2 2 1 1 940 941 877
328 2 2 1 1 940 877 942
329 2 2 1 1 943 945 944
330 2 2 1 1 946 943 944
331 2 2 1 1 731 639 733
332 2 2 1 1 647 733 639
333 2 2 1 1 731 728 639
334 2 2 1 1 947 949 948
335 2 2 1 1 948 949 950
336 2 2 1 1 685 501 515
337 2 2 1 1 951 953 952
338 2 2 1 1 569 814 954
339 2 2 1 1 569 954 955
340 2 2 1 1 567 569 955
341 2 2 1 1 956 958 957
342 2 2 1 1 956 957 605
343 2 2 1 1 959 961 960
344 2 2 1 1 960 961 962
345 2 2 1 1 963 529 869
346 2 2 1 1 964 798 965
347 2 2 1 1 966 967 963
348 2 2 1 1 968 970 969
349 2 2 1 1 971 910 972
350 2 2 1 1 973 975 974
351 2 2 1 1 974 975 976
352 2 2 1 1 977 973 978
353 2 2 1 1 977 978 979
354 2 2 1 1 980 937 981
355 2 2 1 1 981 937 824
356 2 2 1 1 982 490 162
357 2 2 1 1 982 162 163
358 2 2 1 1 983 970 637
359 2 2 1 1 911 567 984
360 2 2 1 1 963 869 966
361 2 2 1 1 985 987 986
362 2 2 1 1 985 986 988
363 2 2 1 1 567 955 984
364 2 2 1 1 989 991 990
365 2 2 1 1 992 994 993
366 2 2 1 1 854 612 995
367 2 2 1 1 854 995 853
368 2 2 1 1 506 996 505
369 2 2 1 1 997 998 886
370 2 2 1 1 997 999 998
371 2 2 1 1 1000 551 552
372 2 2 1 1 505 996 740
373 2 2 1 1 1001 805 950
374 2 2 1 1 1002 564 563
375 2 2 1 1 149 592 563
376 2 2 1 1 592 1002 563
377 2 2 1 1 1003 1005 1004
378 2 2 1 1 626 624 1006
379 2 2 1 1 626 1006 1007
380 2 2 1 1 1008 481 1009
381 2 2 1 1 1009 481 1010
382 2 2 1 1 834 1011 711
383 2 2 1 1 1003 1004 1012
384 2 2 1 1 1013 1004 1005
385 2 2 1 1 814 1014 954
386 2 2 1 1 911 1006 1015
387 2 2 1 1 1016 608 1017
388 2 2 1 1 1007 984 1018
389 2 2 1 1 1014 814 623
390 2 2 1 1 1019 1020 1018
391 2 2 1 1 608 1016 811
392 2 2 1 1 798 1021 910
393 2 2 1 1 798 910 799
394 2 2 1 1 519 799 910
395 2 2 1 1 1019 1022 1020
396 2 2 1 1 1020 1024 1023
397 2 2 1 1 1024 1020 1022
398 2 2 1 1 1025 608 811
399 2 2 1 1 1026 1027 526
400 2 2 1 1 528 526 1027
401 2 2 1 1 952 1029 1028
402 2 2 1 1 952 1028 1030
403 2 2 1 1 1027 1026 1031
404 2 2 1 1 710 1033 1032
405 2 2 1 1 1034 1032 1033
406 2 2 1 1 1035 936 915
407 2 2 1 1 1027 1037 1036
408 2 2 1 1 1036 1037 1038
409 2 2 1 1 1039 915 913
410 2 2 1 1 915 1039 1035
411 2 2 1 1 658 219 1040
412 2 2 1 1 785 658 704
413 2 2 1 1 658 1040 704
414 2 2 1 1 735 1042 1041
415 2 2 1 1 735 1041 740
416 2 2 1 1 740 1041 505
417 2 2 1 1 1032 202 710
418 2 2 1 1 203 710 202
419 2 2 1 1 1037 961 959
420 2 2 1 1 1037 959 1043
421 2 2 1 1 1044 1046 1045
422 2 2 1 1 1046 603 1045
423 2 2 1 1 1045 603 1047
424 2 2 1 1 516 1048 965
425 2 2 1 1 1049 965 1048
426 2 2 1 1 1050 1010 1051
427 2 2 1 1 542 1051 1010
428 2 2 1 1 1051 542 864
429 2 2 1 1 989 990 1052
430 2 2 1 1 1053 1055 1054
431 2 2 1 1 1056 1058 1057
432 2 2 1 1 1056 1057 1059
433 2 2 1 1 151 1060 591
434 2 2 1 1 1060 511 883
435 2 2 1 1 151 591 150
436 2 2 1 1 645 1061 952
437 2 2 1 1 586 600 541
438 2 2 1 1 541 600 538
439 2 2 1 1 511 1060 152
440 2 2 1 1 1062 1063 1012
441 2 2 1 1 883 511 512
442 2 2 1 1 1064 1066 1065
443 2 2 1 1 1067 107 108
444 2 2 1 1 632 630 1068
445 2 2 1 1 1068 630 1069
446 2 2 1 1 1070 1064 1065
447 2 2 1 1 1066 1071 1065
448 2 2 1 1 181 577 180
449 2 2 1 1 625 626 1072
450 2 2 1 1 1072 626 1073
451 2 2 1 1 1074 1076 1075
452 2 2 1 1 629 625 692
453 2 2 1 1 1077 1065 1078
454 2 2 1 1 1077 1078 1079
455 2 2 1 1 1080 1081 1075
456 2 2 1 1 1076 1080 1075
457 2 2 1 1 155 488 510
458 2 2 1 1 510 488 822
459 2 2 1 1 488 743 822
460 2 2 1 1 896 1083 1082
461 2 2 1 1 955 954 1019
462 2 2 1 1 954 1022 1019
463 2 2 1 1 1005 1003 957
464 2 2 1 1 1005 957 1084
465 2 2 1 1 1085 1087 1086
466 2 2 1 1 1085 1086 1088
467 2 2 1 1 1089 1090 1039
468 2 2 1 1 1089 1091 1090
469 2 2 1 1 1067 1090 1091
470 2 2 1 1 1000 807 805
471 2 2 1 1 1000 1093 1092
472 2 2 1 1 1092 807 1000
473 2 2 1 1 1066 1095 1094
474 2 2 1 1 1066 1094 1071
475 2 2 1 1 1096 982 1076
476 2 2 1 1 490 982 1096
477 2 2 1 1 1067 649 1090
478 2 2 1 1 1097 1098 935
479 2 2 1 1 935 1098 916
480 2 2 1 1 985 1100 1099
481 2 2 1 1 985 1099 1038
482 2 2 1 1 578 1101 577
483 2 2 1 1 1076 1088 1096
484 2 2 1 1 831 509 854
485 2 2 1 1 508 509 831
486 2 2 1 1 1102 941 1103
487 2 2 1 1 1104 1106 1105
488 2 2 1 1 684 682 1107
489 2 2 1 1 1107 1108 684
490 2 2 1 1 1109 1108 1107
491 2 2 1 1 585 487 587
492 2 2 1 1 585 547 487
493 2 2 1 1 547 585 159
494 2 2 1 1 1018 1020 1110
495 2 2 1 1 1111 1110 1020
496 2 2 1 1 1112 779 796
497 2 2 1 1 779 1112 134
498 2 2 1 1 894 881 1113
499 2 2 1 1 960 1114 959
500 2 2 1 1 135 779 134
501 2 2 1 1 1112 796 739
502 2 2 1 1 737 1112 739
503 2 2 1 1 560 553 1115
504 2 2 1 1 560 1115 1116
505 2 2 1 1 1037 1031 961
506 2 2 1 1 881 894 892
507 2 2 1 1 961 1031 1117
508 2 2 1 1 579 1113 881
509 2 2 1 1 727 1119 1118
510 2 2 1 1 1118 1119 1120
511 2 2 1 1 219 658 218
512 2 2 1 1 866 804 518
513 2 2 1 1 1085 1121 1087
514 2 2 1 1 1087 1121 1084
515 2 2 1 1 1122 986 1123
516 2 2 1 1 1123 986 1124
517 2 2 1 1 804 866 671
518 2 2 1 1 1122 1126 1125
519 2 2 1 1 1125 1126 1127
520 2 2 1 1 1128 1130 1129
521 2 2 1 1 1128 1129 1131
522 2 2 1 1 866 777 671
523 2 2 1 1 1130 1133 1132
524 2 2 1 1 1132 1133 1134
525 2 2 1 1 1135 1136 1078
526 2 2 1 1 1137 1138 755
527 2 2 1 1 1138 1139 738
528 2 2 1 1 1135 1078 1071
529 2 2 1 1 580 996 506
530 2 2 1 1 128 1137 847
531 2 2 1 1 755 1138 738
532 2 2 1 1 128 847 127
533 2 2 1 1 127 847 571
534 2 2 1 1 1140 1141 1123
535 2 2 1 1 1142 97 513
536 2 2 1 1 1140 1123 1124
537 2 2 1 1 1143 1141 1144
538 2 2 1 1 1143 1144 1145
539 2 2 1 1 1146 1148 1147
540 2 2 1 1 1146 1149 1148
541 2 2 1 1 816 1148 1149
542 2 2 1 1 660 489 157
543 2 2 1 1 1142 513 628
544 2 2 1 1 660 661 489
545 2 2 1 1 660 157 158
546 2 2 1 1 964 1021 798
547 2 2 1 1 704 1040 1142
548 2 2 1 1 1021 972 910
549 2 2 1 1 1150 1152 1151
550 2 2 1 1 1151 1152 1127
551 2 2 1 1 1142 628 704
552 2 2 1 1 770 768 1153
553 2 2 1 1 1139 1138 130
554 2 2 1 1 1154 737 1139
555 2 2 1 1 738 1139 737
556 2 2 1 1 850 785 568
557 2 2 1 1 785 850 657
558 2 2 1 1 850 759 657
559 2 2 1 1 623 717 712
560 2 2 1 1 622 623 712
561 2 2 1 1 612 854 723
562 2 2 1 1 611 612 723
563 2 2 1 1 671 1155 804
564 2 2 1 1 804 1155 830
565 2 2 1 1 1155 868 830
566 2 2 1 1 190 1156 1155
567 2 2 1 1 1157 1156 190
568 2 2 1 1 1091 107 1067
569 2 2 1 1 584 1060 883
570 2 2 1 1 584 591 1060
571 2 2 1 1 1158 1156 1157
572 2 2 1 1 1158 507 1156
573 2 2 1 1 1158 193 507
574 2 2 1 1 1154 1112 737
575 2 2 1 1 195 509 194
576 2 2 1 1 779 867 482
577 2 2 1 1 796 779 482
578 2 2 1 1 780 867 779
579 2 2 1 1 129 1138 1137
580 2 2 1 1 1137 128 129
581 2 2 1 1 193 1158 192
582 2 2 1 1 507 193 194
583 2 2 1 1 1159 1040 220
584 2 2 1 1 1040 219 220
585 2 2 1 1 717 627 514
586 2 2 1 1 712 717 514
587 2 2 1 1 1155 189 190
588 2 2 1 1 847 1137 753
589 2 2 1 1 1137 755 753
590 2 2 1 1 1039 913 1089
591 2 2 1 1 1154 1160 132
592 2 2 1 1 1154 133 1112
593 2 2 1 1 133 1154 132
594 2 2 1 1 914 916 1161
595 2 2 1 1 785 657 658
596 2 2 1 1 1139 130 1160
597 2 2 1 1 130 1138 129
598 2 2 1 1 1161 916 1162
599 2 2 1 1 883 512 610
600 2 2 1 1 512 822 610
601 2 2 1 1 1098 1162 916
602 2 2 1 1 97 1142 1159
603 2 2 1 1 1163 1047 1164
604 2 2 1 1 1047 1163 1165
605 2 2 1 1 723 854 509
606 2 2 1 1 514 98 99
607 2 2 1 1 514 99 712
608 2 2 1 1 941 979 1103
609 2 2 1 1 1166 1034 1167
610 2 2 1 1 976 1168 900
611 2 2 1 1 868 1156 507
612 2 2 1 1 1168 491 900
613 2 2 1 1 1169 1170 123
614 2 2 1 1 152 1060 151
615 2 2 1 1 1155 1156 868
616 2 2 1 1 785 704 703
617 2 2 1 1 154 155 510
618 2 2 1 1 1171 1108 1172
619 2 2 1 1 510 822 512
620 2 2 1 1 131 1160 130
621 2 2 1 1 770 1153 1173
622 2 2 1 1 1158 1157 192
623 2 2 1 1 1174 1175 1072
624 2 2 1 1 1159 96 97
625 2 2 1 1 1072 1175 1176
626 2 2 1 1 189 1155 671
627 2 2 1 1 644 1172 1105
628 2 2 1 1 1104 1105 1172
629 2 2 1 1 1018 1110 1007
630 2 2 1 1 1172 1108 1104
631 2 2 1 1 185 778 1177
632 2 2 1 1 134 1112 133
633 2 2 1 1 1054 1055 1178
634 2 2 1 1 1154 1139 1160
635 2 2 1 1 1177 184 185
636 2 2 1 1 192 1157 11
637 2 2 1 1 1104 1028 1106
638 2 2 1 1 1157 191 11
639 2 2 1 1 1091 106 107
640 2 2 1 1 1028 1104 1030
641 2 2 1 1 124 1169 123
642 2 2 1 1 693 1180 1179
643 2 2 1 1 1181 1183 1182
644 2 2 1 1 1142 1040 1159
645 2 2 1 1 1184 1185 1152
646 2 2 1 1 1159 220 9
647 2 2 1 1 96 1159 9
648 2 2 1 1 1184 1152 1186
649 2 2 1 1 693 102 103
650 2 2 1 1 488 155 156
651 2 2 1 1 132 1160 10
652 2 2 1 1 1160 131 10
653 2 2 1 1 191 1157 190
654 2 2 1 1 154 510 153
655 2 2 1 1 1172 1187 1171
656 2 2 1 1 1188 1189 922
657 2 2 1 1 1187 1172 644
658 2 2 1 1 1180 693 103
659 2 2 1 1 1188 922 924
660 2 2 1 1 1093 1190 1092
661 2 2 1 1 1191 1192 1151
662 2 2 1 1 1151 1192 1193
663 2 2 1 1 1191 1126 1194
664 2 2 1 1 1194 1126 1195
665 2 2 1 1 1196 1197 936
666 2 2 1 1 1196 936 1035
667 2 2 1 1 1198 1197 1199
668 2 2 1 1 1198 1199 1200
669 2 2 1 1 1201 1203 1202
670 2 2 1 1 1201 1202 1204
671 2 2 1 1 1203 1205 1202
672 2 2 1 1 1202 1205 1206
673 2 2 1 1 1203 1201 1118
674 2 2 1 1 1118 1201 1207
675 2 2 1 1 1208 1210 1209
676 2 2 1 1 1211 559 1208
677 2 2 1 1 1208 559 1210
678 2 2 1 1 603 1046 606
679 2 2 1 1 606 1046 140
680 2 2 1 1 1212 1214 1213
681 2 2 1 1 1213 1214 1215
682 2 2 1 1 1212 1217 1216
683 2 2 1 1 1216 1217 1200
684 2 2 1 1 214 1211 1208
685 2 2 1 1 1218 1181 1182
686 2 2 1 1 682 683 1219
687 2 2 1 1 1219 683 144
688 2 2 1 1 1166 962 1117
689 2 2 1 1 1034 1033 1167
690 2 2 1 1 1220 1221 1097
691 2 2 1 1 1221 1098 1097
692 2 2 1 1 1098 1221 1162
693 2 2 1 1 592 149 150
694 2 2 1 1 149 563 148
695 2 2 1 1 1220 1097 1023
696 2 2 1 1 1222 1223 1068
697 2 2 1 1 1068 1223 1224
698 2 2 1 1 768 1222 1153
699 2 2 1 1 1077 1121 1085
700 2 2 1 1 1077 1085 1070
701 2 2 1 1 1225 1226 1198
702 2 2 1 1 1198 1226 935
703 2 2 1 1 1227 1229 1228
704 2 2 1 1 1227 1228 1230
705 2 2 1 1 1189 1232 1231
706 2 2 1 1 1231 1232 1233
707 2 2 1 1 1234 1235 876
708 2 2 1 1 876 1235 1236
709 2 2 1 1 1237 1239 1238
710 2 2 1 1 1237 1238 1240
711 2 2 1 1 919 1237 1240
712 2 2 1 1 752 1241 640
713 2 2 1 1 551 1242 553
714 2 2 1 1 911 984 1006
715 2 2 1 1 1243 769 770
716 2 2 1 1 1243 1140 1114
717 2 2 1 1 1114 1140 1124
718 2 2 1 1 1007 1006 984
719 2 2 1 1 551 805 1001
720 2 2 1 1 1000 805 551
721 2 2 1 1 752 640 1207
722 2 2 1 1 1244 1246 1245
723 2 2 1 1 672 705 1247
724 2 2 1 1 672 1247 109
725 2 2 1 1 1082 1248 896
726 2 2 1 1 795 1250 1249
727 2 2 1 1 795 1249 1251
728 2 2 1 1 1001 1242 551
729 2 2 1 1 649 1251 1039
730 2 2 1 1 1039 1090 649
731 2 2 1 1 1039 1251 1035
732 2 2 1 1 693 1179 686
733 2 2 1 1 1246 1252 1245
734 2 2 1 1 1253 1254 183
735 2 2 1 1 1255 1253 183
736 2 2 1 1 183 1254 182
737 2 2 1 1 564 1002 646
738 2 2 1 1 561 562 1256
739 2 2 1 1 1256 562 1257
740 2 2 1 1 1256 1258 561
741 2 2 1 1 1049 1259 1099
742 2 2 1 1 735 736 1260
743 2 2 1 1 1260 736 209
744 2 2 1 1 1261 1049 1099
745 2 2 1 1 1049 1261 965
746 2 2 1 1 1262 1041 1263
747 2 2 1 1 1057 1264 818
748 2 2 1 1 1057 818 817
749 2 2 1 1 1265 1264 1058
750 2 2 1 1 1076 1074 1088
751 2 2 1 1 578 1266 1101
752 2 2 1 1 1088 1074 1070
753 2 2 1 1 1184 1186 1267
754 2 2 1 1 1267 1186 695
755 2 2 1 1 1077 1070 1065
756 2 2 1 1 1262 1263 692
757 2 2 1 1 1077 1079 1121
758 2 2 1 1 1268 1269 849
759 2 2 1 1 1176 1262 692
760 2 2 1 1 1270 1271 1170
761 2 2 1 1 1170 1271 122
762 2 2 1 1 935 1226 1097
763 2 2 1 1 1271 121 122
764 2 2 1 1 1208 1209 1272
765 2 2 1 1 1015 1209 1210
766 2 2 1 1 734 1273 736
767 2 2 1 1 736 1273 208
768 2 2 1 1 1274 1113 579
769 2 2 1 1 1030 1104 1109
770 2 2 1 1 579 577 1274
771 2 2 1 1 1106 1028 1275
772 2 2 1 1 1269 1276 849
773 2 2 1 1 849 1276 813
774 2 2 1 1 525 197 527
775 2 2 1 1 611 197 525
776 2 2 1 1 197 198 527
777 2 2 1 1 735 1260 1042
778 2 2 1 1 1277 1279 1278
779 2 2 1 1 1280 1282 1281
780 2 2 1 1 1042 1283 1263
781 2 2 1 1 1263 1041 1042
782 2 2 1 1 481 542 1010
783 2 2 1 1 1219 1284 682
784 2 2 1 1 1285 1287 1286
785 2 2 1 1 1281 1282 976
786 2 2 1 1 1288 1284 1219
787 2 2 1 1 682 1284 1107
788 2 2 1 1 1289 1107 1284
789 2 2 1 1 1089 1290 106
790 2 2 1 1 106 1290 105
791 2 2 1 1 1014 855 1022
792 2 2 1 1 708 855 1014
793 2 2 1 1 1045 1047 1165
794 2 2 1 1 954 1014 1022
795 2 2 1 1 1247 705 1067
796 2 2 1 1 769 960 962
797 2 2 1 1 938 939 1143
798 2 2 1 1 1114 960 1243
799 2 2 1 1 1067 705 649
800 2 2 1 1 648 649 705
801 2 2 1 1 711 829 710
802 2 2 1 1 711 1011 829
803 2 2 1 1 828 829 1011
804 2 2 1 1 1291 1292 1056
805 2 2 1 1 1293 1056 1292
806 2 2 1 1 1294 758 757
807 2 2 1 1 485 757 487
808 2 2 1 1 757 485 1294
809 2 2 1 1 705 709 648
810 2 2 1 1 1033 829 827
811 2 2 1 1 1033 827 1223
812 2 2 1 1 1170 1295 1270
813 2 2 1 1 1296 701 702
814 2 2 1 1 1296 702 771
815 2 2 1 1 1169 1295 1170
816 2 2 1 1 1145 938 1143
817 2 2 1 1 1297 1075 1081
818 2 2 1 1 1298 1299 923
819 2 2 1 1 1300 606 141
820 2 2 1 1 1297 165 1292
821 2 2 1 1 1297 1081 165
822 2 2 1 1 1301 1044 1045
823 2 2 1 1 1298 923 1302
824 2 2 1 1 1299 1303 653
825 2 2 1 1 1304 1296 875
826 2 2 1 1 1304 875 873
827 2 2 1 1 701 1296 1265
828 2 2 1 1 653 1303 749
829 2 2 1 1 1050 1301 1045
830 2 2 1 1 1277 1306 1305
831 2 2 1 1 1307 1025 1308
832 2 2 1 1 1277 1309 1279
833 2 2 1 1 1277 1278 718
834 2 2 1 1 1175 1227 1176
835 2 2 1 1 1176 1227 1262
836 2 2 1 1 1175 1174 1229
837 2 2 1 1 1229 1174 1215
838 2 2 1 1 880 1311 1310
839 2 2 1 1 880 1310 882
840 2 2 1 1 1312 1311 1313
841 2 2 1 1 1312 1313 1193
842 2 2 1 1 1309 1277 1305
843 2 2 1 1 1307 607 1025
844 2 2 1 1 1314 1316 1315
845 2 2 1 1 1317 1244 1318
846 2 2 1 1 1314 1315 1319
847 2 2 1 1 1282 1320 974
848 2 2 1 1 1282 974 976
849 2 2 1 1 1265 1304 1264
850 2 2 1 1 1264 1304 818
851 2 2 1 1 1290 913 914
852 2 2 1 1 1321 1290 914
853 2 2 1 1 1322 1135 1071
854 2 2 1 1 1322 1071 1094
855 2 2 1 1 1136 1135 1323
856 2 2 1 1 1136 1323 1324
857 2 2 1 1 608 1025 607
858 2 2 1 1 210 1042 1260
859 2 2 1 1 1325 1326 715
860 2 2 1 1 715 1326 714
861 2 2 1 1 503 501 673
862 2 2 1 1 673 501 852
863 2 2 1 1 966 1248 967
864 2 2 1 1 1235 1246 1327
865 2 2 1 1 700 773 702
866 2 2 1 1 702 773 771
867 2 2 1 1 1042 210 211
868 2 2 1 1 1235 1327 1236
869 2 2 1 1 1328 1329 990
870 2 2 1 1 1089 913 1290
871 2 2 1 1 1330 1190 1093
872 2 2 1 1 1169 1330 1093
873 2 2 1 1 124 1330 1169
874 2 2 1 1 1328 990 665
875 2 2 1 1 1331 1332 766
876 2 2 1 1 1032 1333 201
877 2 2 1 1 505 1041 1262
878 2 2 1 1 1032 201 202
879 2 2 1 1 766 1332 786
880 2 2 1 1 728 808 1334
881 2 2 1 1 1334 808 1134
882 2 2 1 1 946 1335 943
883 2 2 1 1 1335 1336 943
884 2 2 1 1 860 1338 1337
885 2 2 1 1 1165 1163 1339
886 2 2 1 1 1338 550 1337
887 2 2 1 1 1340 531 529
888 2 2 1 1 1163 1206 1339
889 2 2 1 1 1340 529 963
890 2 2 1 1 531 1340 943
891 2 2 1 1 531 943 1336
892 2 2 1 1 1341 1342 1315
893 2 2 1 1 1109 1104 1108
894 2 2 1 1 1221 1179 1162
895 2 2 1 1 1179 1221 686
896 2 2 1 1 1011 747 828
897 2 2 1 1 828 747 1224
898 2 2 1 1 1011 834 835
899 2 2 1 1 1179 1161 1162
900 2 2 1 1 971 1177 778
901 2 2 1 1 971 778 521
902 2 2 1 1 550 1338 1343
903 2 2 1 1 1341 1315 1344
904 2 2 1 1 1059 1057 817
905 2 2 1 1 1059 817 1094
906 2 2 1 1 1264 1057 1058
907 2 2 1 1 1345 1347 1346
908 2 2 1 1 1348 1285 1349
909 2 2 1 1 1346 1347 681
910 2 2 1 1 1350 1352 1351
911 2 2 1 1 1351 1352 1353
912 2 2 1 1 1354 1117 565
913 2 2 1 1 1074 1064 1070
914 2 2 1 1 566 1354 565
915 2 2 1 1 560 1295 552
916 2 2 1 1 1031 565 1117
917 2 2 1 1 707 1355 706
918 2 2 1 1 1325 1357 1356
919 2 2 1 1 565 1031 1026
920 2 2 1 1 1116 1115 1133
921 2 2 1 1 820 1129 823
922 2 2 1 1 823 1129 885
923 2 2 1 1 820 821 1358
924 2 2 1 1 1358 821 119
925 2 2 1 1 1359 1325 1356
926 2 2 1 1 1360 1362 1361
927 2 2 1 1 1360 1361 1218
928 2 2 1 1 1363 1364 1192
929 2 2 1 1 1364 1193 1192
930 2 2 1 1 930 826 1365
931 2 2 1 1 1132 1366 887
932 2 2 1 1 1132 887 885
933 2 2 1 1 826 938 1145
934 2 2 1 1 826 1145 1365
935 2 2 1 1 1326 1367 714
936 2 2 1 1 1368 1369 980
937 2 2 1 1 1370 1371 1102
938 2 2 1 1 1115 1134 1133
939 2 2 1 1 1369 1372 980
940 2 2 1 1 1284 1288 1258
941 2 2 1 1 1258 1256 1284
942 2 2 1 1 903 646 905
943 2 2 1 1 903 645 646
944 2 2 1 1 960 769 1243
945 2 2 1 1 1367 1370 1373
946 2 2 1 1 818 1304 873
947 2 2 1 1 818 873 816
948 2 2 1 1 1296 1304 1265
949 2 2 1 1 146 1258 1288
950 2 2 1 1 691 1272 1209
951 2 2 1 1 709 650 648
952 2 2 1 1 582 905 646
953 2 2 1 1 1374 1376 1375
954 2 2 1 1 1262 1227 504
955 2 2 1 1 1262 504 505
956 2 2 1 1 1227 1175 1229
957 2 2 1 1 811 1016 1377
958 2 2 1 1 1374 1375 1378
959 2 2 1 1 1379 691 1283
960 2 2 1 1 1379 1272 691
961 2 2 1 1 813 809 838
962 2 2 1 1 629 691 1209
963 2 2 1 1 649 650 1251
964 2 2 1 1 481 1008 483
965 2 2 1 1 813 838 849
966 2 2 1 1 1380 1382 1381
967 2 2 1 1 851 709 852
968 2 2 1 1 619 1383 620
969 2 2 1 1 1384 1385 1380
970 2 2 1 1 787 1380 1381
971 2 2 1 1 1380 787 1384
972 2 2 1 1 1355 1387 1386
973 2 2 1 1 1388 1335 1389
974 2 2 1 1 1388 1389 1390
975 2 2 1 1 1082 1083 920
976 2 2 1 1 1391 1392 636
977 2 2 1 1 1393 715 697
978 2 2 1 1 713 697 715
979 2 2 1 1 1322 1094 815
980 2 2 1 1 815 1094 817
981 2 2 1 1 713 699 697
982 2 2 1 1 1008 1394 483
983 2 2 1 1 1301 1051 137
984 2 2 1 1 1148 816 1395
985 2 2 1 1 1395 816 873
986 2 2 1 1 864 137 1051
987 2 2 1 1 872 1396 548
988 2 2 1 1 1397 698 1398
989 2 2 1 1 1301 137 138
990 2 2 1 1 1307 1308 1399
991 2 2 1 1 698 1397 1400
992 2 2 1 1 1401 1397 1398
993 2 2 1 1 931 1240 1402
994 2 2 1 1 1254 1253 1113
995 2 2 1 1 1402 1240 1403
996 2 2 1 1 1371 1367 1326
997 2 2 1 1 1367 1371 1370
998 2 2 1 1 1326 1359 1371
999 2 2 1 1 1034 1166 1354
1000 2 2 1 1 1404 1406 1405
1001 2 2 1 1 1167 1033 1223
1002 2 2 1 1 1167 1223 775
1003 2 2 1 1 1033 710 829
1004 2 2 1 1 1113 1274 1254
1005 2 2 1 1 1113 1253 1407
1006 2 2 1 1 184 1408 1255
1007 2 2 1 1 1405 1406 1409
1008 2 2 1 1 1410 1406 1411
1009 2 2 1 1 1411 1406 1412
1010 2 2 1 1 1032 1034 1333
1011 2 2 1 1 729 1413 724
1012 2 2 1 1 1354 1333 1034
1013 2 2 1 1 969 1415 1414
1014 2 2 1 1 1171 684 1108
1015 2 2 1 1 1177 1408 184
1016 2 2 1 1 184 1255 183
1017 2 2 1 1 999 899 897
1018 2 2 1 1 607 1417 1416
1019 2 2 1 1 1316 1419 1418
1020 2 2 1 1 526 527 1026
1021 2 2 1 1 833 205 206
1022 2 2 1 1 1316 1418 1344
1023 2 2 1 1 1420 1419 1298
1024 2 2 1 1 1026 527 533
1025 2 2 1 1 1420 1298 1302
1026 2 2 1 1 1421 1361 1422
1027 2 2 1 1 1422 1361 1423
1028 2 2 1 1 899 999 1392
1029 2 2 1 1 1424 1426 1425
1030 2 2 1 1 1427 1429 1428
1031 2 2 1 1 1428 1429 1430
1032 2 2 1 1 1026 533 565
1033 2 2 1 1 763 572 1190
1034 2 2 1 1 1092 1190 895
1035 2 2 1 1 1342 1427 1431
1036 2 2 1 1 1342 1431 1319
1037 2 2 1 1 1432 1310 1433
1038 2 2 1 1 1434 1436 1435
1039 2 2 1 1 1435 1436 912
1040 2 2 1 1 880 881 892
1041 2 2 1 1 1059 1094 1095
1042 2 2 1 1 117 1438 1437
1043 2 2 1 1 1438 117 1439
1044 2 2 1 1 535 536 544
1045 2 2 1 1 535 544 1440
1046 2 2 1 1 117 118 1439
1047 2 2 1 1 1434 1442 1441
1048 2 2 1 1 1400 993 1443
1049 2 2 1 1 495 1434 1444
1050 2 2 1 1 1444 1434 1441
1051 2 2 1 1 1445 1356 1446
1052 2 2 1 1 1446 1356 1447
1053 2 2 1 1 895 1190 572
1054 2 2 1 1 1448 1445 1449
1055 2 2 1 1 1448 1449 1450
1056 2 2 1 1 1289 951 1109
1057 2 2 1 1 1451 750 1452
1058 2 2 1 1 1452 750 756
1059 2 2 1 1 1451 1453 1449
1060 2 2 1 1 1387 1355 707
1061 2 2 1 1 1449 1453 1450
1062 2 2 1 1 1454 1455 1431
1063 2 2 1 1 1456 1398 698
1064 2 2 1 1 1431 1455 1319
1065 2 2 1 1 1109 951 1030
1066 2 2 1 1 1362 1454 1457
1067 2 2 1 1 659 652 748
1068 2 2 1 1 1458 1459 1382
1069 2 2 1 1 1459 1458 1460
1070 2 2 1 1 1362 1457 1423
1071 2 2 1 1 632 747 745
1072 2 2 1 1 633 632 745
1073 2 2 1 1 1401 1461 993
1074 2 2 1 1 1461 992 993
1075 2 2 1 1 1460 1458 1399
1076 2 2 1 1 1116 1270 560
1077 2 2 1 1 560 1270 1295
1078 2 2 1 1 659 748 1462
1079 2 2 1 1 1063 1061 903
1080 2 2 1 1 506 504 1230
1081 2 2 1 1 903 1061 645
1082 2 2 1 1 1062 1061 1063
1083 2 2 1 1 748 1463 1462
1084 2 2 1 1 1464 637 638
1085 2 2 1 1 1464 638 655
1086 2 2 1 1 537 1465 944
1087 2 2 1 1 147 561 1258
1088 2 2 1 1 1465 1466 944
1089 2 2 1 1 1027 1036 528
1090 2 2 1 1 528 1036 1467
1091 2 2 1 1 1455 1468 1314
1092 2 2 1 1 1455 1314 1319
1093 2 2 1 1 1303 1468 1469
1094 2 2 1 1 1303 1469 749
1095 2 2 1 1 1467 1036 1259
1096 2 2 1 1 561 147 148
1097 2 2 1 1 1470 1472 1471
1098 2 2 1 1 1409 1474 1473
1099 2 2 1 1 1475 1383 1476
1100 2 2 1 1 1002 592 584
1101 2 2 1 1 815 816 1149
1102 2 2 1 1 1474 1477 1473
1103 2 2 1 1 573 1479 1478
1104 2 2 1 1 573 1478 554
1105 2 2 1 1 836 1480 1436
1106 2 2 1 1 836 1436 495
1107 2 2 1 1 1481 1439 1482
1108 2 2 1 1 582 1002 584
1109 2 2 1 1 1482 1439 118
1110 2 2 1 1 594 618 593
1111 2 2 1 1 1045 1165 1050
1112 2 2 1 1 1010 1050 1165
1113 2 2 1 1 721 1483 720
1114 2 2 1 1 1483 1484 720
1115 2 2 1 1 1485 1486 1360
1116 2 2 1 1 1360 1486 1487
1117 2 2 1 1 1485 1182 1488
1118 2 2 1 1 1489 1475 1476
1119 2 2 1 1 1488 1182 1466
1120 2 2 1 1 1177 971 696
1121 2 2 1 1 1475 1489 588
1122 2 2 1 1 1476 1383 619
1123 2 2 1 1 589 1475 588
1124 2 2 1 1 1177 696 1408
1125 2 2 1 1 972 696 971
1126 2 2 1 1 1490 1491 1341
1127 2 2 1 1 1272 1379 213
1128 2 2 1 1 662 1492 741
1129 2 2 1 1 1490 1341 1344
1130 2 2 1 1 214 1208 213
1131 2 2 1 1 1493 1491 1494
1132 2 2 1 1 213 1208 1272
1133 2 2 1 1 1493 1494 861
1134 2 2 1 1 1495 1490 1418
1135 2 2 1 1 1418 1490 1344
1136 2 2 1 1 1495 1497 1496
1137 2 2 1 1 1496 1497 1498
1138 2 2 1 1 859 1499 668
1139 2 2 1 1 1499 1500 668
1140 2 2 1 1 1501 1503 1502
1141 2 2 1 1 1502 674 1501
1142 2 2 1 1 1504 788 789
1143 2 2 1 1 1504 789 115
1144 2 2 1 1 1335 1388 1505
1145 2 2 1 1 1335 1505 1336
1146 2 2 1 1 1504 1506 788
1147 2 2 1 1 788 1506 1384
1148 2 2 1 1 213 1379 212
1149 2 2 1 1 782 590 588
1150 2 2 1 1 1499 859 1507
1151 2 2 1 1 1508 1499 1507
1152 2 2 1 1 166 1292 165
1153 2 2 1 1 1509 1510 498
1154 2 2 1 1 498 1511 1509
1155 2 2 1 1 1384 1391 1385
1156 2 2 1 1 1046 1044 139
1157 2 2 1 1 1391 1384 1512
1158 2 2 1 1 1352 1509 762
1159 2 2 1 1 1384 1506 1512
1160 2 2 1 1 1513 783 781
1161 2 2 1 1 1514 1511 1515
1162 2 2 1 1 1516 1517 674
1163 2 2 1 1 1515 1518 1514
1164 2 2 1 1 963 967 932
1165 2 2 1 1 1401 1398 1519
1166 2 2 1 1 1502 1520 1516
1167 2 2 1 1 140 1046 139
1168 2 2 1 1 533 198 199
1169 2 2 1 1 1502 1516 674
1170 2 2 1 1 566 199 200
1171 2 2 1 1 967 934 932
1172 2 2 1 1 1521 554 773
1173 2 2 1 1 554 1521 556
1174 2 2 1 1 1489 1522 588
1175 2 2 1 1 1501 593 618
1176 2 2 1 1 1501 618 1503
1177 2 2 1 1 1521 172 556
1178 2 2 1 1 1437 1504 116
1179 2 2 1 1 498 499 1511
1180 2 2 1 1 1523 540 538
1181 2 2 1 1 605 1523 538
1182 2 2 1 1 637 1464 983
1183 2 2 1 1 613 576 574
1184 2 2 1 1 1524 1526 1525
1185 2 2 1 1 1526 1524 1527
1186 2 2 1 1 524 1526 1527
1187 2 2 1 1 1364 1528 1312
1188 2 2 1 1 1193 1364 1312
1189 2 2 1 1 1300 142 1345
1190 2 2 1 1 953 1257 564
1191 2 2 1 1 1529 1530 1457
1192 2 2 1 1 776 772 675
1193 2 2 1 1 776 675 676
1194 2 2 1 1 1457 1530 1423
1195 2 2 1 1 142 143 1345
1196 2 2 1 1 554 772 773
1197 2 2 1 1 1531 907 1532
1198 2 2 1 1 1390 1532 1533
1199 2 2 1 1 1531 1532 1390
1200 2 2 1 1 562 564 1257
1201 2 2 1 1 953 564 645
1202 2 2 1 1 1386 1387 1534
1203 2 2 1 1 1387 669 670
1204 2 2 1 1 1412 1536 1535
1205 2 2 1 1 836 837 1480
1206 2 2 1 1 1480 837 1518
1207 2 2 1 1 951 1289 1257
1208 2 2 1 1 1536 1373 1535
1209 2 2 1 1 689 690 730
1210 2 2 1 1 1537 730 690
1211 2 2 1 1 942 878 765
1212 2 2 1 1 878 1538 765
1213 2 2 1 1 1369 1192 1539
1214 2 2 1 1 1372 1369 1539
1215 2 2 1 1 1257 953 951
1216 2 2 1 1 1256 1257 1289
1217 2 2 1 1 515 1459 1460
1218 2 2 1 1 145 1288 1219
1219 2 2 1 1 1540 1459 502
1220 2 2 1 1 502 1459 515
1221 2 2 1 1 664 1517 1516
1222 2 2 1 1 1170 122 123
1223 2 2 1 1 666 1516 842
1224 2 2 1 1 1128 1270 1116
1225 2 2 1 1 1387 670 1534
1226 2 2 1 1 776 676 888
1227 2 2 1 1 1516 666 664
1228 2 2 1 1 1133 1128 1116
1229 2 2 1 1 837 838 809
1230 2 2 1 1 1514 837 809
1231 2 2 1 1 782 783 667
1232 2 2 1 1 1541 500 1542
1233 2 2 1 1 1166 775 962
1234 2 2 1 1 769 962 775
1235 2 2 1 1 1166 1167 775
1236 2 2 1 1 654 638 871
1237 2 2 1 1 1290 1321 105
1238 2 2 1 1 638 654 655
1239 2 2 1 1 1501 674 604
1240 2 2 1 1 881 882 579
1241 2 2 1 1 870 889 966
1242 2 2 1 1 870 966 869
1243 2 2 1 1 1425 1544 1543
1244 2 2 1 1 1545 1543 1544
1245 2 2 1 1 882 578 579
1246 2 2 1 1 1438 1546 898
1247 2 2 1 1 1333 566 200
1248 2 2 1 1 530 531 1336
1249 2 2 1 1 1425 1543 1424
1250 2 2 1 1 1547 983 1464
1251 2 2 1 1 201 1333 200
1252 2 2 1 1 571 763 126
1253 2 2 1 1 763 571 572
1254 2 2 1 1 1547 1417 969
1255 2 2 1 1 969 983 1547
1256 2 2 1 1 1081 1080 163
1257 2 2 1 1 1081 163 164
1258 2 2 1 1 1464 1548 1547
1259 2 2 1 1 1549 1550 1396
1260 2 2 1 1 1294 1086 758
1261 2 2 1 1 758 1086 1551
1262 2 2 1 1 1109 1107 1289
1263 2 2 1 1 181 1274 577
1264 2 2 1 1 1283 1042 1552
1265 2 2 1 1 552 1093 1000
1266 2 2 1 1 1552 1042 211
1267 2 2 1 1 182 1254 1274
1268 2 2 1 1 1274 181 182
1269 2 2 1 1 148 563 561
1270 2 2 1 1 1292 166 1293
1271 2 2 1 1 1076 982 1080
1272 2 2 1 1 167 1293 166
1273 2 2 1 1 1096 1088 1294
1274 2 2 1 1 982 163 1080
1275 2 2 1 1 872 1549 1396
1276 2 2 1 1 1330 763 1190
1277 2 2 1 1 763 1330 125
1278 2 2 1 1 1263 1283 691
1279 2 2 1 1 1179 1180 1161
1280 2 2 1 1 692 1263 691
1281 2 2 1 1 1553 1297 1291
1282 2 2 1 1 1180 1321 1161
1283 2 2 1 1 1075 1297 1553
1284 2 2 1 1 1074 1075 1553
1285 2 2 1 1 1553 1064 1074
1286 2 2 1 1 1354 566 1333
1287 2 2 1 1 1321 1180 104
1288 2 2 1 1 910 971 521
1289 2 2 1 1 1221 1220 856
1290 2 2 1 1 1554 1556 1555
1291 2 2 1 1 1556 1557 1555
1292 2 2 1 1 856 1220 1024
1293 2 2 1 1 853 995 1558
1294 2 2 1 1 690 1559 1537
1295 2 2 1 1 1560 890 1561
1296 2 2 1 1 687 102 693
1297 2 2 1 1 1131 1562 1271
1298 2 2 1 1 1271 1128 1131
1299 2 2 1 1 1561 1381 1560
1300 2 2 1 1 1562 121 1271
1301 2 2 1 1 1561 890 113
1302 2 2 1 1 1476 619 615
1303 2 2 1 1 1563 1244 1564
1304 2 2 1 1 1244 1563 1318
1305 2 2 1 1 1426 1476 615
1306 2 2 1 1 1050 1051 1301
1307 2 2 1 1 616 1426 615
1308 2 2 1 1 1354 1166 1117
1309 2 2 1 1 570 848 1565
1310 2 2 1 1 1565 848 1566
1311 2 2 1 1 1276 812 813
1312 2 2 1 1 1407 1253 694
1313 2 2 1 1 1513 1568 1567
1314 2 2 1 1 1568 1528 1567
1315 2 2 1 1 695 1407 694
1316 2 2 1 1 520 778 186
1317 2 2 1 1 1015 1210 1569
1318 2 2 1 1 1015 1569 911
1319 2 2 1 1 778 520 521
1320 2 2 1 1 879 941 1102
1321 2 2 1 1 105 1321 104
1322 2 2 1 1 1095 1553 1291
1323 2 2 1 1 1553 1066 1064
1324 2 2 1 1 1095 1066 1553
1325 2 2 1 1 797 484 754
1326 2 2 1 1 754 484 848
1327 2 2 1 1 925 1570 1302
1328 2 2 1 1 694 1255 1408
1329 2 2 1 1 694 1408 696
1330 2 2 1 1 1302 1570 1420
1331 2 2 1 1 517 853 1048
1332 2 2 1 1 1048 853 1558
1333 2 2 1 1 848 484 1571
1334 2 2 1 1 848 1571 1566
1335 2 2 1 1 947 1394 1572
1336 2 2 1 1 947 1572 1120
1337 2 2 1 1 483 1394 1571
1338 2 2 1 1 1571 1394 1573
1339 2 2 1 1 1253 1255 694
1340 2 2 1 1 1169 1093 1295
1341 2 2 1 1 1566 1573 948
1342 2 2 1 1 1566 948 806
1343 2 2 1 1 895 1565 807
1344 2 2 1 1 807 1565 806
1345 2 2 1 1 552 1295 1093
1346 2 2 1 1 1292 1291 1297
1347 2 2 1 1 866 518 799
1348 2 2 1 1 866 799 519
1349 2 2 1 1 894 1113 1407
1350 2 2 1 1 1407 893 894
1351 2 2 1 1 1570 1557 1420
1352 2 2 1 1 1574 494 1416
1353 2 2 1 1 494 609 1416
1354 2 2 1 1 1444 609 494
1355 2 2 1 1 494 495 1444
1356 2 2 1 1 845 1377 918
1357 2 2 1 1 1552 1379 1283
1358 2 2 1 1 1271 1270 1128
1359 2 2 1 1 927 865 1228
1360 2 2 1 1 865 927 928
1361 2 2 1 1 929 927 1228
1362 2 2 1 1 1161 1321 914
1363 2 2 1 1 935 936 1197
1364 2 2 1 1 844 845 918
1365 2 2 1 1 1284 1256 1289
1366 2 2 1 1 1091 1089 106
1367 2 2 1 1 1059 1095 1291
1368 2 2 1 1 1059 1291 1056
1369 2 2 1 1 1044 1301 138
1370 2 2 1 1 139 1044 138
1371 2 2 1 1 1471 1083 1575
1372 2 2 1 1 948 1573 947
1373 2 2 1 1 948 950 806
1374 2 2 1 1 1204 1202 1576
1375 2 2 1 1 1202 1206 1576
1376 2 2 1 1 1577 865 1578
1377 2 2 1 1 1575 1579 1471
1378 2 2 1 1 934 1248 1082
1379 2 2 1 1 1143 1195 1141
1380 2 2 1 1 1195 1143 939
1381 2 2 1 1 865 1577 861
1382 2 2 1 1 1248 934 967
1383 2 2 1 1 1100 1580 1261
1384 2 2 1 1 708 1014 623
1385 2 2 1 1 1471 1579 1470
1386 2 2 1 1 863 581 862
1387 2 2 1 1 879 1102 1450
1388 2 2 1 1 1230 581 506
1389 2 2 1 1 581 1230 862
1390 2 2 1 1 1266 1581 1101
1391 2 2 1 1 1101 179 180
1392 2 2 1 1 1558 995 1467
1393 2 2 1 1 528 995 612
1394 2 2 1 1 1581 179 1101
1395 2 2 1 1 1582 1583 1273
1396 2 2 1 1 995 528 1467
1397 2 2 1 1 1584 1582 1273
1398 2 2 1 1 1578 1585 1429
1399 2 2 1 1 1286 1586 1147
1400 2 2 1 1 1286 1349 1285
1401 2 2 1 1 1349 1286 1147
1402 2 2 1 1 1585 1430 1429
1403 2 2 1 1 819 998 897
1404 2 2 1 1 998 999 897
1405 2 2 1 1 1537 1587 730
1406 2 2 1 1 1023 1097 1226
1407 2 2 1 1 1437 1506 1504
1408 2 2 1 1 1588 1009 1339
1409 2 2 1 1 1009 1010 1339
1410 2 2 1 1 1009 1588 1008
1411 2 2 1 1 1437 1438 1506
1412 2 2 1 1 1049 1467 1259
1413 2 2 1 1 1467 1049 1558
1414 2 2 1 1 1589 1550 1542
1415 2 2 1 1 898 1506 1438
1416 2 2 1 1 1590 1147 1148
1417 2 2 1 1 516 799 518
1418 2 2 1 1 1106 1275 1591
1419 2 2 1 1 109 1247 108
1420 2 2 1 1 1004 1062 1012
1421 2 2 1 1 1569 559 557
1422 2 2 1 1 559 1569 1210
1423 2 2 1 1 911 1569 557
1424 2 2 1 1 487 757 587
1425 2 2 1 1 1358 1131 820
1426 2 2 1 1 757 599 587
1427 2 2 1 1 1358 119 120
1428 2 2 1 1 1001 950 1119
1429 2 2 1 1 1242 1001 1119
1430 2 2 1 1 1589 1542 1592
1431 2 2 1 1 599 758 1551
1432 2 2 1 1 1506 898 1512
1433 2 2 1 1 1062 1004 1305
1434 2 2 1 1 1276 656 1593
1435 2 2 1 1 1395 873 874
1436 2 2 1 1 1433 1310 1311
1437 2 2 1 1 1593 656 1594
1438 2 2 1 1 1087 1084 1551
1439 2 2 1 1 656 654 1594
1440 2 2 1 1 1002 582 646
1441 2 2 1 1 1471 1472 1595
1442 2 2 1 1 1471 1595 920
1443 2 2 1 1 1596 1598 1597
1444 2 2 1 1 994 1596 1597
1445 2 2 1 1 1251 650 795
1446 2 2 1 1 1368 1599 1053
1447 2 2 1 1 1599 1600 1053
1448 2 2 1 1 1601 1183 1181
1449 2 2 1 1 909 1601 1602
1450 2 2 1 1 1602 1601 1181
1451 2 2 1 1 1561 787 1381
1452 2 2 1 1 707 1603 669
1453 2 2 1 1 573 555 595
1454 2 2 1 1 573 595 604
1455 2 2 1 1 1003 904 605
1456 2 2 1 1 614 555 556
1457 2 2 1 1 614 556 173
1458 2 2 1 1 904 1003 1012
1459 2 2 1 1 483 1571 484
1460 2 2 1 1 1566 1571 1573
1461 2 2 1 1 856 1024 855
1462 2 2 1 1 856 686 1221
1463 2 2 1 1 1603 677 669
1464 2 2 1 1 1377 1604 811
1465 2 2 1 1 1512 899 1391
1466 2 2 1 1 1391 899 1392
1467 2 2 1 1 1604 810 811
1468 2 2 1 1 1533 1532 1515
1469 2 2 1 1 953 645 952
1470 2 2 1 1 1515 1532 1518
1471 2 2 1 1 626 1007 1073
1472 2 2 1 1 1194 1372 1539
1473 2 2 1 1 939 1372 1194
1474 2 2 1 1 1595 1472 589
1475 2 2 1 1 1372 939 937
1476 2 2 1 1 692 625 1176
1477 2 2 1 1 1114 1124 1043
1478 2 2 1 1 573 604 1479
1479 2 2 1 1 771 875 1296
1480 2 2 1 1 1479 604 674
1481 2 2 1 1 1201 1204 756
1482 2 2 1 1 1312 1433 1311
1483 2 2 1 1 1595 589 596
1484 2 2 1 1 1433 1312 1528
1485 2 2 1 1 1279 1309 1605
1486 2 2 1 1 1279 1324 1606
1487 2 2 1 1 1607 1541 1549
1488 2 2 1 1 1607 1549 872
1489 2 2 1 1 742 1595 596
1490 2 2 1 1 1608 1544 1609
1491 2 2 1 1 1330 124 125
1492 2 2 1 1 1610 887 1366
1493 2 2 1 1 575 1609 1611
1494 2 2 1 1 1544 1425 1611
1495 2 2 1 1 1532 907 1518
1496 2 2 1 1 632 1224 747
1497 2 2 1 1 907 912 1518
1498 2 2 1 1 1216 1612 792
1499 2 2 1 1 1216 792 1613
1500 2 2 1 1 1007 1110 1073
1501 2 2 1 1 1038 1037 1043
1502 2 2 1 1 1148 1395 1614
1503 2 2 1 1 1148 1614 1590
1504 2 2 1 1 1493 1577 1615
1505 2 2 1 1 1493 1615 1616
1506 2 2 1 1 497 1618 1617
1507 2 2 1 1 1617 1618 1287
1508 2 2 1 1 719 1620 1619
1509 2 2 1 1 1619 1620 643
1510 2 2 1 1 1621 1623 1622
1511 2 2 1 1 1621 1622 1534
1512 2 2 1 1 1624 926 1625
1513 2 2 1 1 168 1058 167
1514 2 2 1 1 1625 926 929
1515 2 2 1 1 1618 1606 1626
1516 2 2 1 1 1618 1626 1287
1517 2 2 1 1 1609 1544 1611
1518 2 2 1 1 1608 1609 176
1519 2 2 1 1 1443 993 1627
1520 2 2 1 1 1079 1078 1136
1521 2 2 1 1 1070 1085 1088
1522 2 2 1 1 687 622 101
1523 2 2 1 1 622 687 621
1524 2 2 1 1 102 687 101
1525 2 2 1 1 1071 1078 1065
1526 2 2 1 1 1627 993 994
1527 2 2 1 1 1400 1443 1628
1528 2 2 1 1 1400 1628 1629
1529 2 2 1 1 961 1117 962
1530 2 2 1 1 1185 1184 1630
1531 2 2 1 1 1185 1630 988
1532 2 2 1 1 1540 1560 1459
1533 2 2 1 1 890 1540 891
1534 2 2 1 1 1416 609 607
1535 2 2 1 1 908 909 1631
1536 2 2 1 1 1631 909 1602
1537 2 2 1 1 1612 1632 793
1538 2 2 1 1 1279 1605 1324
1539 2 2 1 1 1265 1058 1633
1540 2 2 1 1 1633 1058 168
1541 2 2 1 1 670 1500 1634
1542 2 2 1 1 1209 1015 629
1543 2 2 1 1 670 1634 1534
1544 2 2 1 1 502 503 891
1545 2 2 1 1 1200 1199 1612
1546 2 2 1 1 1632 1199 1197
1547 2 2 1 1 1199 1632 1612
1548 2 2 1 1 1635 1636 1624
1549 2 2 1 1 891 503 111
1550 2 2 1 1 1613 1635 1624
1551 2 2 1 1 833 206 1637
1552 2 2 1 1 1637 206 207
1553 2 2 1 1 1239 1237 1442
1554 2 2 1 1 1638 841 1639
1555 2 2 1 1 1639 841 846
1556 2 2 1 1 890 1560 1540
1557 2 2 1 1 809 762 1514
1558 2 2 1 1 950 805 806
1559 2 2 1 1 524 1640 634
1560 2 2 1 1 1267 695 696
1561 2 2 1 1 490 1096 485
1562 2 2 1 1 524 634 532
1563 2 2 1 1 1096 1294 485
1564 2 2 1 1 1230 504 1227
1565 2 2 1 1 872 869 530
1566 2 2 1 1 1641 1642 1470
1567 2 2 1 1 1383 1470 1642
1568 2 2 1 1 1267 1580 1184
1569 2 2 1 1 1027 1031 1037
1570 2 2 1 1 1275 1306 1591
1571 2 2 1 1 1643 1363 1368
1572 2 2 1 1 724 1644 689
1573 2 2 1 1 620 1383 1642
1574 2 2 1 1 1645 1413 1343
1575 2 2 1 1 1646 1647 1483
1576 2 2 1 1 1029 1062 1275
1577 2 2 1 1 1005 1084 1013
1578 2 2 1 1 1647 1484 1483
1579 2 2 1 1 929 1228 1229
1580 2 2 1 1 1648 1610 1366
1581 2 2 1 1 1649 1533 499
1582 2 2 1 1 1223 768 775
1583 2 2 1 1 768 1223 1222
1584 2 2 1 1 1204 1245 756
1585 2 2 1 1 1363 1643 1567
1586 2 2 1 1 1515 1511 1533
1587 2 2 1 1 1171 722 684
1588 2 2 1 1 1120 949 947
1589 2 2 1 1 950 949 1119
1590 2 2 1 1 949 1120 1119
1591 2 2 1 1 1052 1650 1614
1592 2 2 1 1 1261 964 965
1593 2 2 1 1 1215 1174 1073
1594 2 2 1 1 1614 1650 1590
1595 2 2 1 1 1651 1652 1396
1596 2 2 1 1 1396 1652 550
1597 2 2 1 1 706 1355 1653
1598 2 2 1 1 706 1653 666
1599 2 2 1 1 1654 1635 790
1600 2 2 1 1 951 952 1030
1601 2 2 1 1 1654 790 1655
1602 2 2 1 1 1656 1456 699
1603 2 2 1 1 964 1261 1580
1604 2 2 1 1 1656 699 713
1605 2 2 1 1 1613 1214 1212
1606 2 2 1 1 1511 499 1533
1607 2 2 1 1 1340 932 1657
1608 2 2 1 1 932 1340 963
1609 2 2 1 1 1214 1613 1624
1610 2 2 1 1 1607 1336 1658
1611 2 2 1 1 1659 605 904
1612 2 2 1 1 1659 582 583
1613 2 2 1 1 515 678 685
1614 2 2 1 1 1657 945 1340
1615 2 2 1 1 1183 1601 1389
1616 2 2 1 1 1601 1531 1390
1617 2 2 1 1 1219 144 145
1618 2 2 1 1 726 1661 1660
1619 2 2 1 1 1661 726 1187
1620 2 2 1 1 1601 1390 1389
1621 2 2 1 1 872 530 1607
1622 2 2 1 1 1662 1073 1110
1623 2 2 1 1 530 1336 1607
1624 2 2 1 1 1477 1474 1663
1625 2 2 1 1 711 204 834
1626 2 2 1 1 1474 1664 1663
1627 2 2 1 1 1216 1200 1612
1628 2 2 1 1 1216 1613 1212
1629 2 2 1 1 905 582 1659
1630 2 2 1 1 1415 1417 1307
1631 2 2 1 1 904 905 1659
1632 2 2 1 1 1073 1662 1215
1633 2 2 1 1 1307 1417 607
1634 2 2 1 1 1111 1662 1110
1635 2 2 1 1 969 1417 1415
1636 2 2 1 1 696 1665 1267
1637 2 2 1 1 1382 1459 1560
1638 2 2 1 1 1665 696 972
1639 2 2 1 1 1665 1580 1267
1640 2 2 1 1 1380 970 968
1641 2 2 1 1 1657 932 774
1642 2 2 1 1 1563 1564 1164
1643 2 2 1 1 545 1667 1666
1644 2 2 1 1 968 1382 1380
1645 2 2 1 1 1550 1549 1541
1646 2 2 1 1 1584 1273 734
1647 2 2 1 1 1260 209 210
1648 2 2 1 1 988 1125 1185
1649 2 2 1 1 1125 988 1122
1650 2 2 1 1 515 1460 678
1651 2 2 1 1 1125 1127 1185
1652 2 2 1 1 1251 1249 1035
1653 2 2 1 1 1632 1249 1250
1654 2 2 1 1 205 834 204
1655 2 2 1 1 1173 1153 1668
1656 2 2 1 1 1069 1153 1222
1657 2 2 1 1 1153 1069 1668
1658 2 2 1 1 1541 1542 1550
1659 2 2 1 1 1557 1669 1420
1660 2 2 1 1 1275 1028 1029
1661 2 2 1 1 1128 1133 1130
1662 2 2 1 1 1394 1008 1588
1663 2 2 1 1 1670 1672 1671
1664 2 2 1 1 624 629 1015
1665 2 2 1 1 1671 1672 781
1666 2 2 1 1 1012 1063 904
1667 2 2 1 1 1669 1673 1420
1668 2 2 1 1 631 1675 1674
1669 2 2 1 1 603 1164 1047
1670 2 2 1 1 1164 603 601
1671 2 2 1 1 886 887 1676
1672 2 2 1 1 1674 1675 1497
1673 2 2 1 1 987 1043 1124
1674 2 2 1 1 104 1180 103
1675 2 2 1 1 1015 1006 624
1676 2 2 1 1 1043 987 1038
1677 2 2 1 1 1676 887 1610
1678 2 2 1 1 1675 1498 1497
1679 2 2 1 1 1217 1111 1225
1680 2 2 1 1 1111 1217 1212
1681 2 2 1 1 1200 1217 1225
1682 2 2 1 1 807 1092 895
1683 2 2 1 1 736 208 209
1684 2 2 1 1 1560 1381 1382
1685 2 2 1 1 1220 1023 1024
1686 2 2 1 1 1072 1073 1174
1687 2 2 1 1 171 700 170
1688 2 2 1 1 1072 1176 625
1689 2 2 1 1 770 1173 1243
1690 2 2 1 1 1645 1603 1644
1691 2 2 1 1 1644 1603 688
1692 2 2 1 1 1350 1477 1677
1693 2 2 1 1 969 970 983
1694 2 2 1 1 1043 959 1114
1695 2 2 1 1 111 503 110
1696 2 2 1 1 1121 1013 1084
1697 2 2 1 1 842 1559 706
1698 2 2 1 1 1559 690 706
1699 2 2 1 1 915 935 916
1700 2 2 1 1 663 667 1678
1701 2 2 1 1 952 1061 1029
1702 2 2 1 1 1548 655 1679
1703 2 2 1 1 1061 1062 1029
1704 2 2 1 1 783 1678 667
1705 2 2 1 1 1178 663 1678
1706 2 2 1 1 1503 620 1642
1707 2 2 1 1 549 1413 729
1708 2 2 1 1 1206 1205 1588
1709 2 2 1 1 882 1310 1680
1710 2 2 1 1 882 1680 1681
1711 2 2 1 1 1379 1552 212
1712 2 2 1 1 1343 1413 549
1713 2 2 1 1 1120 1205 1203
1714 2 2 1 1 1552 211 212
1715 2 2 1 1 558 1211 215
1716 2 2 1 1 1211 558 559
1717 2 2 1 1 1127 1152 1185
1718 2 2 1 1 1186 1152 1150
1719 2 2 1 1 1211 214 215
1720 2 2 1 1 893 1407 695
1721 2 2 1 1 1551 958 599
1722 2 2 1 1 1186 893 695
1723 2 2 1 1 549 550 1343
1724 2 2 1 1 680 678 1308
1725 2 2 1 1 1308 678 1399
1726 2 2 1 1 1048 516 517
1727 2 2 1 1 1522 1670 1671
1728 2 2 1 1 1048 1558 1049
1729 2 2 1 1 828 1224 827
1730 2 2 1 1 958 1551 1084
1731 2 2 1 1 1522 1671 588
1732 2 2 1 1 1682 1684 1683
1733 2 2 1 1 1682 1683 1522
1734 2 2 1 1 1685 662 663
1735 2 2 1 1 1288 145 146
1736 2 2 1 1 1229 1215 929
1737 2 2 1 1 1019 1018 955
1738 2 2 1 1 1562 120 121
1739 2 2 1 1 1685 663 1178
1740 2 2 1 1 578 882 1686
1741 2 2 1 1 1562 1131 1358
1742 2 2 1 1 120 1562 1358
1743 2 2 1 1 1686 882 1681
1744 2 2 1 1 1105 1591 643
1745 2 2 1 1 1591 1105 1106
1746 2 2 1 1 1149 1146 1687
1747 2 2 1 1 1394 947 1573
1748 2 2 1 1 545 1666 1440
1749 2 2 1 1 1149 1687 1322
1750 2 2 1 1 1424 1688 1426
1751 2 2 1 1 1426 1688 1476
1752 2 2 1 1 1020 1023 1689
1753 2 2 1 1 1020 1689 1111
1754 2 2 1 1 1668 1069 1554
1755 2 2 1 1 1353 760 1690
1756 2 2 1 1 1313 892 1150
1757 2 2 1 1 892 1313 1311
1758 2 2 1 1 1193 1313 1150
1759 2 2 1 1 985 988 1100
1760 2 2 1 1 985 1038 987
1761 2 2 1 1 1690 760 1398
1762 2 2 1 1 1476 1688 1489
1763 2 2 1 1 787 1561 789
1764 2 2 1 1 1561 114 789
1765 2 2 1 1 1559 1520 1691
1766 2 2 1 1 1576 1164 1564
1767 2 2 1 1 1242 1334 553
1768 2 2 1 1 1334 1134 553
1769 2 2 1 1 1334 1242 728
1770 2 2 1 1 1204 1576 1564
1771 2 2 1 1 142 1300 141
1772 2 2 1 1 1018 984 955
1773 2 2 1 1 926 1636 928
1774 2 2 1 1 1520 1559 842
1775 2 2 1 1 1636 926 1624
1776 2 2 1 1 1120 1572 1205
1777 2 2 1 1 1588 1572 1394
1778 2 2 1 1 1572 1588 1205
1779 2 2 1 1 1588 1339 1206
1780 2 2 1 1 1165 1339 1010
1781 2 2 1 1 1194 1195 939
1782 2 2 1 1 1183 1692 1182
1783 2 2 1 1 1693 1628 1694
1784 2 2 1 1 1694 1628 1695
1785 2 2 1 1 1441 1016 1017
1786 2 2 1 1 865 928 1578
1787 2 2 1 1 928 1636 1578
1788 2 2 1 1 1441 1017 1444
1789 2 2 1 1 1523 605 1659
1790 2 2 1 1 1523 583 540
1791 2 2 1 1 701 169 170
1792 2 2 1 1 583 1523 1659
1793 2 2 1 1 1583 1696 1637
1794 2 2 1 1 1163 1164 1576
1795 2 2 1 1 1692 1466 1182
1796 2 2 1 1 1637 1696 833
1797 2 2 1 1 549 729 870
1798 2 2 1 1 1206 1163 1576
1799 2 2 1 1 1198 1200 1225
1800 2 2 1 1 1198 935 1197
1801 2 2 1 1 680 1025 811
1802 2 2 1 1 1021 1580 1665
1803 2 2 1 1 110 672 109
1804 2 2 1 1 972 1021 1665
1805 2 2 1 1 1580 1021 964
1806 2 2 1 1 1697 1698 1581
1807 2 2 1 1 1698 178 1581
1808 2 2 1 1 1699 1700 1596
1809 2 2 1 1 1632 1638 793
1810 2 2 1 1 1638 1632 1250
1811 2 2 1 1 601 1563 1164
1812 2 2 1 1 1145 1144 1668
1813 2 2 1 1 1173 1144 1141
1814 2 2 1 1 994 1699 1596
1815 2 2 1 1 1144 1173 1668
1816 2 2 1 1 1547 1548 1574
1817 2 2 1 1 1701 718 719
1818 2 2 1 1 885 1129 1130
1819 2 2 1 1 1701 1591 1306
1820 2 2 1 1 1373 1370 1103
1821 2 2 1 1 1079 1136 1605
1822 2 2 1 1 1370 1102 1103
1823 2 2 1 1 1131 1129 820
1824 2 2 1 1 815 1149 1322
1825 2 2 1 1 1547 1574 1416
1826 2 2 1 1 594 615 618
1827 2 2 1 1 1502 1691 1520
1828 2 2 1 1 1537 1559 1691
1829 2 2 1 1 1349 1702 1623
1830 2 2 1 1 1590 1702 1147
1831 2 2 1 1 1502 1503 1691
1832 2 2 1 1 812 1593 1461
1833 2 2 1 1 1519 812 1461
1834 2 2 1 1 956 605 600
1835 2 2 1 1 1514 762 1509
1836 2 2 1 1 956 599 958
1837 2 2 1 1 1511 1514 1509
1838 2 2 1 1 613 574 597
1839 2 2 1 1 1702 1349 1147
1840 2 2 1 1 599 956 600
1841 2 2 1 1 1132 1134 1366
1842 2 2 1 1 597 574 617
1843 2 2 1 1 683 143 144
1844 2 2 1 1 1132 885 1130
1845 2 2 1 1 1134 1115 553
1846 2 2 1 1 1551 1086 1087
1847 2 2 1 1 617 594 597
1848 2 2 1 1 903 904 1063
1849 2 2 1 1 1646 1703 601
1850 2 2 1 1 1703 1563 601
1851 2 2 1 1 1088 1086 1294
1852 2 2 1 1 1173 1140 1243
1853 2 2 1 1 1140 1173 1141
1854 2 2 1 1 1704 896 725
1855 2 2 1 1 1698 1545 1608
1856 2 2 1 1 1565 1566 806
1857 2 2 1 1 1565 895 570
1858 2 2 1 1 1223 827 1224
1859 2 2 1 1 1400 1397 993
1860 2 2 1 1 177 1698 1608
1861 2 2 1 1 673 852 709
1862 2 2 1 1 1397 1401 993
1863 2 2 1 1 1195 1126 1122
1864 2 2 1 1 1687 1323 1135
1865 2 2 1 1 1127 1126 1191
1866 2 2 1 1 1323 1687 1146
1867 2 2 1 1 1322 1687 1135
1868 2 2 1 1 1703 1646 1705
1869 2 2 1 1 1703 1318 1563
1870 2 2 1 1 1258 146 147
1871 2 2 1 1 880 892 1311
1872 2 2 1 1 1293 167 1058
1873 2 2 1 1 1318 1703 1705
1874 2 2 1 1 1056 1293 1058
1875 2 2 1 1 851 810 794
1876 2 2 1 1 1592 1350 1677
1877 2 2 1 1 862 1230 1228
1878 2 2 1 1 1706 1708 1707
1879 2 2 1 1 1151 1193 1150
1880 2 2 1 1 786 1706 1707
1881 2 2 1 1 580 634 1709
1882 2 2 1 1 634 1640 1709
1883 2 2 1 1 1579 1710 1641
1884 2 2 1 1 1584 1709 1640
1885 2 2 1 1 1151 1127 1191
1886 2 2 1 1 580 1709 996
1887 2 2 1 1 1022 855 1024
1888 2 2 1 1 865 862 1228
1889 2 2 1 1 165 1081 164
1890 2 2 1 1 965 798 516
1891 2 2 1 1 141 606 140
1892 2 2 1 1 1261 1099 1100
1893 2 2 1 1 1038 1099 1259
1894 2 2 1 1 1709 1584 996
1895 2 2 1 1 1118 1120 1203
1896 2 2 1 1 1084 957 958
1897 2 2 1 1 605 957 1003
1898 2 2 1 1 1196 1632 1197
1899 2 2 1 1 1196 1035 1249
1900 2 2 1 1 1632 1196 1249
1901 2 2 1 1 1134 808 1366
1902 2 2 1 1 1575 1710 1579
1903 2 2 1 1 180 577 1101
1904 2 2 1 1 1533 1388 1390
1905 2 2 1 1 1268 1574 1548
1906 2 2 1 1 966 889 1248
1907 2 2 1 1 1123 1195 1122
1908 2 2 1 1 1195 1123 1141
1909 2 2 1 1 1711 1586 1606
1910 2 2 1 1 1711 1324 1323
1911 2 2 1 1 1324 1711 1606
1912 2 2 1 1 1622 1623 1329
1913 2 2 1 1 1586 1711 1323
1914 2 2 1 1 643 644 1105
1915 2 2 1 1 988 986 1122
1916 2 2 1 1 1124 986 987
1917 2 2 1 1 1036 1038 1259
1918 2 2 1 1 1068 1224 632
1919 2 2 1 1 1622 1386 1534
1920 2 2 1 1 1386 1622 1329
1921 2 2 1 1 1648 801 802
1922 2 2 1 1 808 801 1366
1923 2 2 1 1 1068 1069 1222
1924 2 2 1 1 996 734 740
1925 2 2 1 1 734 996 1584
1926 2 2 1 1 1213 1215 1662
1927 2 2 1 1 1213 1111 1212
1928 2 2 1 1 1111 1213 1662
1929 2 2 1 1 801 1648 1366
1930 2 2 1 1 1067 108 1247
1931 2 2 1 1 889 896 1248
1932 2 2 1 1 676 664 991
1933 2 2 1 1 664 665 991
1934 2 2 1 1 1688 1682 1522
1935 2 2 1 1 749 652 653
1936 2 2 1 1 1385 1391 636
1937 2 2 1 1 636 637 1385
1938 2 2 1 1 637 970 1385
1939 2 2 1 1 1380 1385 970
1940 2 2 1 1 1605 1309 1712
1941 2 2 1 1 1489 1688 1522
1942 2 2 1 1 1458 1382 1414
1943 2 2 1 1 656 1269 1679
1944 2 2 1 1 656 1679 655
1945 2 2 1 1 656 1276 1269
1946 2 2 1 1 617 575 1611
1947 2 2 1 1 1611 616 617
1948 2 2 1 1 1623 1702 1650
1949 2 2 1 1 1702 1590 1650
1950 2 2 1 1 1470 1383 1475
1951 2 2 1 1 1207 640 641
1952 2 2 1 1 647 640 1241
1953 2 2 1 1 1472 1470 1475
1954 2 2 1 1 1704 1083 896
1955 2 2 1 1 1437 116 117
1956 2 2 1 1 1079 1605 1712
1957 2 2 1 1 724 1413 1644
1958 2 2 1 1 1645 1644 1413
1959 2 2 1 1 1660 1714 1713
1960 2 2 1 1 840 841 1250
1961 2 2 1 1 1492 764 933
1962 2 2 1 1 764 1492 546
1963 2 2 1 1 782 1671 781
1964 2 2 1 1 1671 782 588
1965 2 2 1 1 1715 892 893
1966 2 2 1 1 1715 1186 1150
1967 2 2 1 1 1186 1715 893
1968 2 2 1 1 892 1715 1150
1969 2 2 1 1 1079 1712 1121
1970 2 2 1 1 1013 1712 1309
1971 2 2 1 1 1712 1013 1121
1972 2 2 1 1 1605 1136 1324
1973 2 2 1 1 760 1353 762
1974 2 2 1 1 669 1387 707
1975 2 2 1 1 1714 1705 1713
1976 2 2 1 1 1693 1717 1716
1977 2 2 1 1 1717 1447 1716
1978 2 2 1 1 530 869 529
1979 2 2 1 1 732 800 731
1980 2 2 1 1 800 808 731
1981 2 2 1 1 800 732 802
1982 2 2 1 1 1574 1268 494
1983 2 2 1 1 494 1268 496
1984 2 2 1 1 1268 849 496
1985 2 2 1 1 499 500 1649
1986 2 2 1 1 1694 1648 802
1987 2 2 1 1 1693 1694 802
1988 2 2 1 1 1648 1694 1695
1989 2 2 1 1 500 1541 1649
1990 2 2 1 1 1649 1658 1505
1991 2 2 1 1 1658 1649 1541
1992 2 2 1 1 1633 169 701
1993 2 2 1 1 1265 1633 701
1994 2 2 1 1 169 1633 168
1995 2 2 1 1 1537 1691 1710
1996 2 2 1 1 1710 1587 1537
1997 2 2 1 1 1083 1471 920
1998 2 2 1 1 1718 1204 1564
1999 2 2 1 1 1649 1505 1388
2000 2 2 1 1 1052 1614 1719
2001 2 2 1 1 1614 1395 1719
2002 2 2 1 1 1533 1649 1388
2003 2 2 1 1 1521 700 171
2004 2 2 1 1 172 1521 171
2005 2 2 1 1 549 870 548
2006 2 2 1 1 1463 748 1486
2007 2 2 1 1 1718 1244 1245
2008 2 2 1 1 748 749 1486
2009 2 2 1 1 787 788 1384
2010 2 2 1 1 1244 1718 1564
2011 2 2 1 1 1470 1579 1641
2012 2 2 1 1 1510 1350 1592
2013 2 2 1 1 631 633 1675
2014 2 2 1 1 631 1674 630
2015 2 2 1 1 1510 1592 498
2016 2 2 1 1 1697 1720 1543
2017 2 2 1 1 1720 1682 1543
2018 2 2 1 1 1083 1704 1575
2019 2 2 1 1 837 1514 1518
2020 2 2 1 1 1111 1689 1225
2021 2 2 1 1 1226 1689 1023
2022 2 2 1 1 1689 1226 1225
2023 2 2 1 1 988 1630 1100
2024 2 2 1 1 1580 1630 1184
2025 2 2 1 1 1630 1580 1100
2026 2 2 1 1 1690 1721 1353
2027 2 2 1 1 1690 1398 1456
2028 2 2 1 1 1721 1690 1456
2029 2 2 1 1 745 1524 633
2030 2 2 1 1 1524 745 746
2031 2 2 1 1 1627 994 1597
2032 2 2 1 1 1627 1695 1443
2033 2 2 1 1 1695 1627 1597
2034 2 2 1 1 1204 1718 1245
2035 2 2 1 1 639 727 641
2036 2 2 1 1 1269 1268 1679
2037 2 2 1 1 1634 1500 1722
2038 2 2 1 1 1634 1348 1534
2039 2 2 1 1 1348 1634 1722
2040 2 2 1 1 1346 1484 1345
2041 2 2 1 1 1346 681 720
2042 2 2 1 1 1484 1346 720
2043 2 2 1 1 1548 1679 1268
2044 2 2 1 1 1642 1641 1691
2045 2 2 1 1 1691 1641 1710
2046 2 2 1 1 1503 1642 1691
2047 2 2 1 1 1666 1667 1188
2048 2 2 1 1 1666 659 1440
2049 2 2 1 1 659 1666 1188
2050 2 2 1 1 730 1587 1704
2051 2 2 1 1 762 1353 1352
2052 2 2 1 1 725 730 1704
2053 2 2 1 1 1710 1575 1587
2054 2 2 1 1 1575 1704 1587
2055 2 2 1 1 1416 1417 1547
2056 2 2 1 1 1510 1352 1350
2057 2 2 1 1 1723 722 1171
2058 2 2 1 1 1352 1510 1509
2059 2 2 1 1 1723 1187 726
2060 2 2 1 1 1187 1723 1171
2061 2 2 1 1 722 1723 726
2062 2 2 1 1 1720 1697 1724
2063 2 2 1 1 1720 1684 1682
2064 2 2 1 1 1684 1720 1724
2065 2 2 1 1 1652 1725 1337
2066 2 2 1 1 898 899 1512
2067 2 2 1 1 1725 1652 1651
2068 2 2 1 1 733 647 1726
2069 2 2 1 1 550 1652 1337
2070 2 2 1 1 732 733 1726
2071 2 2 1 1 771 884 875
2072 2 2 1 1 616 1611 1425
2073 2 2 1 1 888 884 776
2074 2 2 1 1 884 771 776
2075 2 2 1 1 945 1657 534
2076 2 2 1 1 1639 846 1727
2077 2 2 1 1 1639 793 1638
2078 2 2 1 1 793 1639 1727
2079 2 2 1 1 1554 1365 1668
2080 2 2 1 1 1365 1145 1668
2081 2 2 1 1 1367 1373 1536
2082 2 2 1 1 1657 774 534
2083 2 2 1 1 714 1367 1536
2084 2 2 1 1 810 1604 1728
2085 2 2 1 1 843 1604 1377
2086 2 2 1 1 1604 843 1728
2087 2 2 1 1 1729 1730 1530
2088 2 2 1 1 945 943 1340
2089 2 2 1 1 906 901 1722
2090 2 2 1 1 1285 901 902
2091 2 2 1 1 901 1285 1722
2092 2 2 1 1 1729 1529 1731
2093 2 2 1 1 1529 1729 1530
2094 2 2 1 1 1707 977 940
2095 2 2 1 1 1727 846 1732
2096 2 2 1 1 728 731 808
2097 2 2 1 1 981 1233 980
2098 2 2 1 1 863 635 581
2099 2 2 1 1 1655 1727 1732
2100 2 2 1 1 635 580 581
2101 2 2 1 1 635 863 532
2102 2 2 1 1 1619 1591 1701
2103 2 2 1 1 719 1619 1701
2104 2 2 1 1 1591 1619 643
2105 2 2 1 1 1708 977 1707
2106 2 2 1 1 977 1708 973
2107 2 2 1 1 940 977 979
2108 2 2 1 1 1733 718 1701
2109 2 2 1 1 1477 1351 1721
2110 2 2 1 1 821 1482 119
2111 2 2 1 1 1482 821 1481
2112 2 2 1 1 1482 118 119
2113 2 2 1 1 1351 1353 1721
2114 2 2 1 1 878 1236 1538
2115 2 2 1 1 1351 1477 1350
2116 2 2 1 1 1218 1182 1485
2117 2 2 1 1 1371 1359 1448
2118 2 2 1 1 1102 1371 1448
2119 2 2 1 1 1734 523 1735
2120 2 2 1 1 523 532 1735
2121 2 2 1 1 523 1734 522
2122 2 2 1 1 1736 1431 1427
2123 2 2 1 1 1431 1736 1454
2124 2 2 1 1 709 1737 650
2125 2 2 1 1 794 1737 851
2126 2 2 1 1 1737 794 650
2127 2 2 1 1 1737 709 851
2128 2 2 1 1 1364 1363 1567
2129 2 2 1 1 689 1644 688
2130 2 2 1 1 1528 1364 1567
2131 2 2 1 1 1460 1399 678
2132 2 2 1 1 1328 1386 1329
2133 2 2 1 1 1608 1545 1544
2134 2 2 1 1 1608 176 177
2135 2 2 1 1 840 795 1728
2136 2 2 1 1 1052 1719 989
2137 2 2 1 1 874 1719 1395
2138 2 2 1 1 1719 874 989
2139 2 2 1 1 1664 1474 1410
2140 2 2 1 1 1386 1328 1355
2141 2 2 1 1 1474 1409 1410
2142 2 2 1 1 981 824 1231
2143 2 2 1 1 576 174 175
2144 2 2 1 1 1233 981 1231
2145 2 2 1 1 1456 1656 1473
2146 2 2 1 1 174 576 613
2147 2 2 1 1 1500 1499 1280
2148 2 2 1 1 1548 1464 655
2149 2 2 1 1 843 840 1728
2150 2 2 1 1 795 840 1250
2151 2 2 1 1 1738 1667 545
2152 2 2 1 1 1600 1738 545
2153 2 2 1 1 1684 1724 1681
2154 2 2 1 1 1266 1724 1697
2155 2 2 1 1 718 1618 497
2156 2 2 1 1 1359 1326 1325
2157 2 2 1 1 900 491 902
2158 2 2 1 1 1285 902 1287
2159 2 2 1 1 845 843 1377
2160 2 2 1 1 1733 1306 1277
2161 2 2 1 1 843 845 839
2162 2 2 1 1 1430 1731 1529
2163 2 2 1 1 942 877 878
2164 2 2 1 1 1692 946 1466
2165 2 2 1 1 846 844 1739
2166 2 2 1 1 879 877 941
2167 2 2 1 1 1695 1597 1740
2168 2 2 1 1 1692 1183 1389
2169 2 2 1 1 722 1741 684
2170 2 2 1 1 681 1741 720
2171 2 2 1 1 1597 1598 1740
2172 2 2 1 1 1741 681 684
2173 2 2 1 1 1741 722 720
2174 2 2 1 1 946 1692 1389
2175 2 2 1 1 766 642 1331
2176 2 2 1 1 1441 1442 1742
2177 2 2 1 1 1233 1599 1368
2178 2 2 1 1 642 766 767
2179 2 2 1 1 1016 1441 1742
2180 2 2 1 1 1207 751 752
2181 2 2 1 1 1600 1599 1738
2182 2 2 1 1 1252 1235 1234
2183 2 2 1 1 1599 1233 1738
2184 2 2 1 1 756 751 1201
2185 2 2 1 1 1306 1733 1701
2186 2 2 1 1 1698 177 178
2187 2 2 1 1 751 1207 1201
2188 2 2 1 1 1586 1743 1147
2189 2 2 1 1 1146 1743 1323
2190 2 2 1 1 1743 1146 1147
2191 2 2 1 1 1743 1586 1323
2192 2 2 1 1 1625 1215 1214
2193 2 2 1 1 1624 1625 1214
2194 2 2 1 1 1215 1625 929
2195 2 2 1 1 116 1504 115
2196 2 2 1 1 1235 1252 1246
2197 2 2 1 1 1698 1697 1545
2198 2 2 1 1 859 668 677
2199 2 2 1 1 173 556 172
2200 2 2 1 1 1688 1424 1682
2201 2 2 1 1 670 668 1500
2202 2 2 1 1 1191 1539 1192
2203 2 2 1 1 1539 1191 1194
2204 2 2 1 1 1669 1674 1497
2205 2 2 1 1 1700 1594 654
2206 2 2 1 1 1554 1744 1556
2207 2 2 1 1 630 1744 1069
2208 2 2 1 1 1744 630 1556
2209 2 2 1 1 1744 1554 1069
2210 2 2 1 1 791 1655 790
2211 2 2 1 1 791 793 1727
2212 2 2 1 1 1655 1732 1731
2213 2 2 1 1 1655 791 1727
2214 2 2 1 1 1732 1739 1745
2215 2 2 1 1 1593 1594 992
2216 2 2 1 1 1746 1242 1119
2217 2 2 1 1 1746 727 728
2218 2 2 1 1 727 1746 1119
2219 2 2 1 1 1242 1746 728
2220 2 2 1 1 1631 1602 1747
2221 2 2 1 1 1631 1238 908
2222 2 2 1 1 1238 1631 1747
2223 2 2 1 1 1674 1669 1557
2224 2 2 1 1 1673 1669 1497
2225 2 2 1 1 535 1440 1462
2226 2 2 1 1 1348 1722 1285
2227 2 2 1 1 537 535 1462
2228 2 2 1 1 906 1722 1500
2229 2 2 1 1 1581 178 179
2230 2 2 1 1 749 1469 1486
2231 2 2 1 1 1487 1469 1468
2232 2 2 1 1 1469 1487 1486
2233 2 2 1 1 1239 1442 1435
2234 2 2 1 1 1239 908 1238
2235 2 2 1 1 1503 618 620
2236 2 2 1 1 908 1239 1435
2237 2 2 1 1 765 1538 767
2238 2 2 1 1 765 786 942
2239 2 2 1 1 1731 1745 1729
2240 2 2 1 1 1481 819 1546
2241 2 2 1 1 819 1481 821
2242 2 2 1 1 1745 1731 1732
2243 2 2 1 1 1673 1497 1495
2244 2 2 1 1 1581 1266 1697
2245 2 2 1 1 1480 1518 912
2246 2 2 1 1 1418 1673 1495
2247 2 2 1 1 1479 674 675
2248 2 2 1 1 1673 1418 1419
2249 2 2 1 1 1493 861 1577
2250 2 2 1 1 1531 909 907
2251 2 2 1 1 909 1531 1601
2252 2 2 1 1 1493 1616 1491
2253 2 2 1 1 548 1396 550
2254 2 2 1 1 665 1653 1328
2255 2 2 1 1 1653 1355 1328
2256 2 2 1 1 1653 665 666
2257 2 2 1 1 924 651 1188
2258 2 2 1 1 651 924 653
2259 2 2 1 1 651 659 1188
2260 2 2 1 1 1344 1315 1316
2261 2 2 1 1 1319 1315 1342
2262 2 2 1 1 1651 1396 1550
2263 2 2 1 1 1654 1636 1635
2264 2 2 1 1 1654 1655 1748
2265 2 2 1 1 1636 1654 1748
2266 2 2 1 1 1498 1675 1525
2267 2 2 1 1 1734 1496 522
2268 2 2 1 1 1675 633 1525
2269 2 2 1 1 1496 1498 522
2270 2 2 1 1 1496 1734 1495
2271 2 2 1 1 1749 1314 1468
2272 2 2 1 1 1603 707 688
2273 2 2 1 1 1314 1749 1316
2274 2 2 1 1 1740 1648 1695
2275 2 2 1 1 1603 1645 677
2276 2 2 1 1 1740 1598 1610
2277 2 2 1 1 999 1750 1392
2278 2 2 1 1 1663 1725 1677
2279 2 2 1 1 1648 1740 1610
2280 2 2 1 1 863 1735 532
2281 2 2 1 1 1725 1663 1664
2282 2 2 1 1 1477 1663 1677
2283 2 2 1 1 1735 863 861
2284 2 2 1 1 1449 1751 1451
2285 2 2 1 1 1751 1449 1445
2286 2 2 1 1 1536 1412 1404
2287 2 2 1 1 714 1536 1404
2288 2 2 1 1 1517 664 676
2289 2 2 1 1 1667 1232 1189
2290 2 2 1 1 674 1517 676
2291 2 2 1 1 1637 207 1752
2292 2 2 1 1 1745 1739 1730
2293 2 2 1 1 1583 1637 1752
2294 2 2 1 1 846 1739 1732
2295 2 2 1 1 1233 1232 1738
2296 2 2 1 1 1426 616 1425
2297 2 2 1 1 1232 1667 1738
2298 2 2 1 1 1680 1432 1753
2299 2 2 1 1 1681 1680 1753
2300 2 2 1 1 718 1733 1277
2301 2 2 1 1 1432 1680 1310
2302 2 2 1 1 925 930 1570
2303 2 2 1 1 925 1302 921
2304 2 2 1 1 498 1592 500
2305 2 2 1 1 842 1516 1520
2306 2 2 1 1 1734 1494 1491
2307 2 2 1 1 861 1494 1735
2308 2 2 1 1 1494 1734 1735
2309 2 2 1 1 1236 1754 1538
2310 2 2 1 1 886 1676 997
2311 2 2 1 1 1598 1676 1610
2312 2 2 1 1 1676 1598 997
2313 2 2 1 1 697 698 1755
2314 2 2 1 1 1660 1754 1317
2315 2 2 1 1 1646 602 1647
2316 2 2 1 1 1393 697 1755
2317 2 2 1 1 718 1278 1618
2318 2 2 1 1 1606 1278 1279
2319 2 2 1 1 1278 1606 1618
2320 2 2 1 1 1656 1409 1473
2321 2 2 1 1 1755 1400 1756
2322 2 2 1 1 1393 1755 1756
2323 2 2 1 1 920 1595 742
2324 2 2 1 1 1400 1755 698
2325 2 2 1 1 1447 1726 1446
2326 2 2 1 1 1620 1757 1331
2327 2 2 1 1 1726 647 1446
2328 2 2 1 1 641 727 1118
2329 2 2 1 1 1207 641 1118
2330 2 2 1 1 1757 1620 719
2331 2 2 1 1 750 1751 752
2332 2 2 1 1 643 1620 1331
2333 2 2 1 1 602 606 1647
2334 2 2 1 1 846 841 839
2335 2 2 1 1 1250 841 1638
2336 2 2 1 1 1751 750 1451
2337 2 2 1 1 1499 1508 1280
2338 2 2 1 1 534 537 945
2339 2 2 1 1 1308 1025 680
2340 2 2 1 1 115 789 114
2341 2 2 1 1 922 832 921
2342 2 2 1 1 1303 1749 1468
2343 2 2 1 1 1749 1303 1299
2344 2 2 1 1 732 1717 1693
2345 2 2 1 1 1447 1717 1726
2346 2 2 1 1 1717 732 1726
2347 2 2 1 1 752 1751 1241
2348 2 2 1 1 1647 1300 1484
2349 2 2 1 1 794 1728 795
2350 2 2 1 1 602 1646 601
2351 2 2 1 1 1300 1647 606
2352 2 2 1 1 1728 794 810
2353 2 2 1 1 1448 1359 1445
2354 2 2 1 1 1448 1450 1102
2355 2 2 1 1 1524 1525 633
2356 2 2 1 1 543 546 1758
2357 2 2 1 1 543 1600 545
2358 2 2 1 1 1600 543 1758
2359 2 2 1 1 1528 1759 1433
2360 2 2 1 1 1435 1442 1434
2361 2 2 1 1 1435 912 908
2362 2 2 1 1 1592 1542 500
2363 2 2 1 1 1759 1432 1433
2364 2 2 1 1 1373 1760 1535
2365 2 2 1 1 1760 1761 1535
2366 2 2 1 1 1538 1762 1661
2367 2 2 1 1 1188 1667 1189
2368 2 2 1 1 1758 546 1492
2369 2 2 1 1 1660 1762 1754
2370 2 2 1 1 1762 1660 1661
2371 2 2 1 1 653 924 1299
2372 2 2 1 1 1275 1763 1306
2373 2 2 1 1 1305 1763 1062
2374 2 2 1 1 1763 1305 1306
2375 2 2 1 1 1763 1275 1062
2376 2 2 1 1 1762 1538 1754
2377 2 2 1 1 886 998 823
2378 2 2 1 1 1404 713 714
2379 2 2 1 1 1237 919 1742
2380 2 2 1 1 997 1598 1750
2381 2 2 1 1 1442 1237 1742
2382 2 2 1 1 999 997 1750
2383 2 2 1 1 933 741 1492
2384 2 2 1 1 741 933 934
2385 2 2 1 1 998 819 823
2386 2 2 1 1 1621 1348 1349
2387 2 2 1 1 1348 1621 1534
2388 2 2 1 1 1623 1621 1349
2389 2 2 1 1 786 1332 1706
2390 2 2 1 1 1757 1332 1331
2391 2 2 1 1 1341 1616 1342
2392 2 2 1 1 1617 491 497
2393 2 2 1 1 1617 1287 902
2394 2 2 1 1 1332 1757 1706
2395 2 2 1 1 781 1672 1759
2396 2 2 1 1 1432 1672 1670
2397 2 2 1 1 1672 1432 1759
2398 2 2 1 1 1613 792 790
2399 2 2 1 1 1764 1700 654
2400 2 2 1 1 1764 1392 1750
2401 2 2 1 1 793 792 1612
2402 2 2 1 1 1700 1764 1750
2403 2 2 1 1 1462 1440 659
2404 2 2 1 1 1629 1628 1693
2405 2 2 1 1 1695 1628 1443
2406 2 2 1 1 1557 1570 1555
2407 2 2 1 1 1570 930 1555
2408 2 2 1 1 1616 1341 1491
2409 2 2 1 1 491 1617 902
2410 2 2 1 1 989 888 991
2411 2 2 1 1 698 699 1456
2412 2 2 1 1 1501 604 593
2413 2 2 1 1 888 989 874
2414 2 2 1 1 1629 1716 1357
2415 2 2 1 1 1716 1447 1357
2416 2 2 1 1 1412 1535 1765
2417 2 2 1 1 113 890 112
2418 2 2 1 1 1535 1761 1765
2419 2 2 1 1 1596 1700 1750
2420 2 2 1 1 1716 1629 1693
2421 2 2 1 1 1598 1596 1750
2422 2 2 1 1 1298 1749 1299
2423 2 2 1 1 1749 1298 1419
2424 2 2 1 1 1607 1658 1541
2425 2 2 1 1 1643 1054 1513
2426 2 2 1 1 1054 1643 1053
2427 2 2 1 1 1629 1756 1400
2428 2 2 1 1 665 990 991
2429 2 2 1 1 1052 990 1329
2430 2 2 1 1 906 1281 900
2431 2 2 1 1 761 812 1519
2432 2 2 1 1 1593 812 1276
2433 2 2 1 1 1281 976 900
2434 2 2 1 1 1281 906 1280
2435 2 2 1 1 1543 1682 1424
2436 2 2 1 1 1507 1378 1765
2437 2 2 1 1 1543 1545 1697
2438 2 2 1 1 1508 1507 1765
2439 2 2 1 1 744 835 746
2440 2 2 1 1 744 747 1011
2441 2 2 1 1 1447 1356 1357
2442 2 2 1 1 1359 1356 1445
2443 2 2 1 1 1734 1490 1495
2444 2 2 1 1 835 744 1011
2445 2 2 1 1 1705 1714 1318
2446 2 2 1 1 1490 1734 1491
2447 2 2 1 1 1317 1714 1660
2448 2 2 1 1 1714 1317 1318
2449 2 2 1 1 1393 1756 1357
2450 2 2 1 1 175 1609 575
2451 2 2 1 1 1756 1629 1357
2452 2 2 1 1 1609 175 176
2453 2 2 1 1 810 679 680
2454 2 2 1 1 685 679 851
2455 2 2 1 1 679 810 851
2456 2 2 1 1 832 1231 824
2457 2 2 1 1 1414 1415 1399
2458 2 2 1 1 1231 832 1189
2459 2 2 1 1 1602 1181 1421
2460 2 2 1 1 859 857 1507
2461 2 2 1 1 1181 1218 1421
2462 2 2 1 1 857 1378 1507
2463 2 2 1 1 1567 1643 1513
2464 2 2 1 1 924 923 1299
2465 2 2 1 1 715 1393 1325
2466 2 2 1 1 1616 1429 1427
2467 2 2 1 1 1519 760 761
2468 2 2 1 1 1302 923 921
2469 2 2 1 1 975 1708 1168
2470 2 2 1 1 760 1519 1398
2471 2 2 1 1 1483 1705 1646
2472 2 2 1 1 976 975 1168
2473 2 2 1 1 1708 975 973
2474 2 2 1 1 1463 1486 1485
2475 2 2 1 1 832 922 1189
2476 2 2 1 1 1747 1602 1421
2477 2 2 1 1 1747 1403 1238
2478 2 2 1 1 1403 1747 1421
2479 2 2 1 1 1234 879 1450
2480 2 2 1 1 1465 537 1462
2481 2 2 1 1 1409 1406 1410
2482 2 2 1 1 1412 1406 1404
2483 2 2 1 1 1674 1556 630
2484 2 2 1 1 1705 1483 721
2485 2 2 1 1 1645 1338 858
2486 2 2 1 1 1664 1376 1725
2487 2 2 1 1 1282 1508 1320
2488 2 2 1 1 1338 860 858
2489 2 2 1 1 1670 1683 1753
2490 2 2 1 1 1420 1673 1419
2491 2 2 1 1 1683 1684 1753
2492 2 2 1 1 1683 1670 1522
2493 2 2 1 1 746 835 1766
2494 2 2 1 1 1524 746 1766
2495 2 2 1 1 1338 1645 1343
2496 2 2 1 1 1430 1748 1731
2497 2 2 1 1 1403 1240 1238
2498 2 2 1 1 919 1240 931
2499 2 2 1 1 1508 1282 1280
2500 2 2 1 1 1748 1655 1731
2501 2 2 1 1 1273 1752 208
2502 2 2 1 1 1752 1273 1583
2503 2 2 1 1 1752 207 208
2504 2 2 1 1 1369 1363 1192
2505 2 2 1 1 1363 1369 1368
2506 2 2 1 1 860 1374 857
2507 2 2 1 1 1736 1428 1529
2508 2 2 1 1 1374 860 1376
2509 2 2 1 1 1616 1615 1429
2510 2 2 1 1 1578 1615 1577
2511 2 2 1 1 1374 1378 857
2512 2 2 1 1 1736 1457 1454
2513 2 2 1 1 1615 1578 1429
2514 2 2 1 1 1686 1681 1724
2515 2 2 1 1 1457 1736 1529
2516 2 2 1 1 1307 1399 1415
2517 2 2 1 1 1686 1266 578
2518 2 2 1 1 1266 1686 1724
2519 2 2 1 1 713 1405 1656
2520 2 2 1 1 1168 1708 493
2521 2 2 1 1 1405 1409 1656
2522 2 2 1 1 491 1168 493
2523 2 2 1 1 1730 1402 1530
2524 2 2 1 1 1405 713 1404
2525 2 2 1 1 1402 1403 1530
2526 2 2 1 1 1402 1730 931
2527 2 2 1 1 1585 1636 1748
2528 2 2 1 1 1430 1585 1748
2529 2 2 1 1 1636 1585 1578
2530 2 2 1 1 1187 1767 1661
2531 2 2 1 1 642 1767 644
2532 2 2 1 1 1753 1684 1681
2533 2 2 1 1 1521 773 700
2534 2 2 1 1 1753 1432 1670
2535 2 2 1 1 1767 642 1661
2536 2 2 1 1 1362 1487 1454
2537 2 2 1 1 1767 1187 644
2538 2 2 1 1 1372 937 980
2539 2 2 1 1 1582 1640 1766
2540 2 2 1 1 1640 1582 1584
2541 2 2 1 1 1360 1218 1485
2542 2 2 1 1 1360 1487 1362
2543 2 2 1 1 1583 1582 1766
2544 2 2 1 1 495 1436 1434
2545 2 2 1 1 992 1461 1593
2546 2 2 1 1 1519 1461 1401
2547 2 2 1 1 940 979 941
2548 2 2 1 1 940 942 1707
2549 2 2 1 1 1745 1730 1729
2550 2 2 1 1 912 1436 1480
2551 2 2 1 1 1623 1650 1329
2552 2 2 1 1 1650 1052 1329
2553 2 2 1 1 1345 1484 1300
2554 2 2 1 1 833 1696 835
2555 2 2 1 1 1766 1696 1583
2556 2 2 1 1 871 1392 1764
2557 2 2 1 1 1392 871 636
2558 2 2 1 1 654 871 1764
2559 2 2 1 1 946 944 1466
2560 2 2 1 1 537 944 945
2561 2 2 1 1 980 1233 1368
2562 2 2 1 1 1696 1766 835
2563 2 2 1 1 1660 1713 726
2564 2 2 1 1 721 1713 1705
2565 2 2 1 1 1713 721 726
2566 2 2 1 1 1342 1616 1427
2567 2 2 1 1 1403 1422 1530
2568 2 2 1 1 1373 1103 1760
2569 2 2 1 1 1103 979 1760
2570 2 2 1 1 1422 1403 1421
2571 2 2 1 1 1422 1423 1530
2572 2 2 1 1 1589 1651 1550
2573 2 2 1 1 1651 1589 1725
2574 2 2 1 1 1556 1674 1557
2575 2 2 1 1 1463 1465 1462
2576 2 2 1 1 1586 1626 1606
2577 2 2 1 1 1382 968 1414
2578 2 2 1 1 968 969 1414
2579 2 2 1 1 858 677 1645
2580 2 2 1 1 1287 1626 1286
2581 2 2 1 1 1444 1017 609
2582 2 2 1 1 677 858 859
2583 2 2 1 1 1017 608 609
2584 2 2 1 1 1399 1458 1414
2585 2 2 1 1 1626 1586 1286
2586 2 2 1 1 1446 1751 1445
2587 2 2 1 1 917 1730 1739
2588 2 2 1 1 1317 1327 1246
2589 2 2 1 1 844 917 1739
2590 2 2 1 1 1730 917 931
2591 2 2 1 1 1475 589 1472
2592 2 2 1 1 1236 1327 1754
2593 2 2 1 1 1336 1505 1658
2594 2 2 1 1 1327 1317 1754
2595 2 2 1 1 546 544 536
2596 2 2 1 1 1440 544 545
2597 2 2 1 1 1331 642 643
2598 2 2 1 1 143 1347 1345
2599 2 2 1 1 681 1347 683
2600 2 2 1 1 1707 942 786
2601 2 2 1 1 824 938 826
2602 2 2 1 1 1347 143 683
2603 2 2 1 1 1453 1252 1234
2604 2 2 1 1 1473 1721 1456
2605 2 2 1 1 1450 1453 1234
2606 2 2 1 1 974 1761 973
2607 2 2 1 1 1761 974 1320
2608 2 2 1 1 946 1389 1335
2609 2 2 1 1 1685 1178 1758
2610 2 2 1 1 1685 1492 662
2611 2 2 1 1 1492 1685 1758
2612 2 2 1 1 1677 1725 1589
2613 2 2 1 1 1664 1375 1376
2614 2 2 1 1 1592 1677 1589
2615 2 2 1 1 1378 1375 1410
2616 2 2 1 1 897 1546 819
2617 2 2 1 1 1546 897 898
2618 2 2 1 1 1375 1664 1410
2619 2 2 1 1 1527 1766 1640
2620 2 2 1 1 1317 1246 1244
2621 2 2 1 1 1766 1527 1524
2622 2 2 1 1 524 1527 1640
2623 2 2 1 1 614 173 174
2624 2 2 1 1 1252 1453 1451
2625 2 2 1 1 1013 1768 1004
2626 2 2 1 1 1305 1768 1309
2627 2 2 1 1 1768 1305 1004
2628 2 2 1 1 1546 1439 1481
2629 2 2 1 1 1439 1546 1438
2630 2 2 1 1 1768 1013 1309
2631 2 2 1 1 1428 1430 1529
2632 2 2 1 1 1721 1473 1477
2633 2 2 1 1 554 1478 772
2634 2 2 1 1 991 888 676
2635 2 2 1 1 675 1478 1479
2636 2 2 1 1 1452 1252 1451
2637 2 2 1 1 1325 1393 1357
2638 2 2 1 1 1452 756 1245
2639 2 2 1 1 1478 675 772
2640 2 2 1 1 1055 1600 1758
2641 2 2 1 1 1600 1055 1053
2642 2 2 1 1 1178 1055 1758
2643 2 2 1 1 1252 1452 1245
2644 2 2 1 1 1016 1742 1377
2645 2 2 1 1 1178 1678 1054
2646 2 2 1 1 1513 1678 783
2647 2 2 1 1 1678 1513 1054
2648 2 2 1 1 1498 1526 522
2649 2 2 1 1 1423 1361 1362
2650 2 2 1 1 1218 1361 1421
2651 2 2 1 1 802 732 1693
2652 2 2 1 1 781 1568 1513
2653 2 2 1 1 1526 1498 1525
2654 2 2 1 1 1708 1706 493
2655 2 2 1 1 1082 920 741
2656 2 2 1 1 1526 524 522
2657 2 2 1 1 934 1082 741
2658 2 2 1 1 1428 1736 1427
2659 2 2 1 1 1528 1568 1759
2660 2 2 1 1 1337 1725 1376
2661 2 2 1 1 979 978 1760
2662 2 2 1 1 860 1337 1376
2663 2 2 1 1 1761 978 973
2664 2 2 1 1 1761 1320 1765
2665 2 2 1 1 978 1761 1760
2666 2 2 1 1 1320 1508 1765
2667 2 2 1 1 930 825 826
2668 2 2 1 1 1316 1749 1419
2669 2 2 1 1 832 825 921
2670 2 2 1 1 1706 1757 493
2671 2 2 1 1 1568 781 1759
2672 2 2 1 1 1053 1643 1368
2673 2 2 1 1 1613 790 1635
2674 2 2 1 1 767 1538 1661
2675 2 2 1 1 642 767 1661
2676 2 2 1 1 502 891 1540
2677 2 2 1 1 112 891 111
2678 2 2 1 1 1757 492 493
2679 2 2 1 1 497 492 719
2680 2 2 1 1 1487 1455 1454
2681 2 2 1 1 1455 1487 1468
2682 2 2 1 1 1555 930 1365
2683 2 2 1 1 492 1757 719
2684 2 2 1 1 1699 992 1594
2685 2 2 1 1 1280 906 1500
2686 2 2 1 1 1700 1699 1594
2687 2 2 1 1 114 1561 113
2688 2 2 1 1 992 1699 994
2689 2 2 1 1 1411 1378 1410
2690 2 2 1 1 1411 1412 1765
2691 2 2 1 1 1554 1555 1365
2692 2 2 1 1 1378 1411 1765
2693 2 2 1 1 919 918 1742
2694 2 2 1 1 918 1377 1742
2695 2 2 1 1 1488 1466 1465
2696 2 2 1 1 1488 1463 1485
2697 2 2 1 1 1463 1488 1465
2698 2 2 1 1 876 1236 878
2699 2 2 1 1 876 879 1234
2700 2 2 1 1 647 1241 1446
2701 2 2 1 1 764 774 933
2702 2 2 1 1 1241 1751 1446
2703 2 2 2 2 1769 1771 1770
2704 2 2 2 2 1769 1770 1772
2705 2 2 2 2 1773 1775 1774
2706 2 2 2 2 1776 1772 1777
2707 2 2 2 2 1778 1780 1779
2708 2 2 2 2 1781 150 149
2709 2 2 2 2 1782 1784 1783
2710 2 2 2 2 1783 1784 1785
2711 2 2 2 2 1786 1788 1787
2712 2 2 2 2 1787 1788 1789
2713 2 2 2 2 1790 1792 1791
2714 2 2 2 2 1793 1795 1794
2715 2 2 2 2 1796 1798 1797
2716 2 2 2 2 1793 1794 1799
2717 2 2 2 2 229 1801 1800
2718 2 2 2 2 229 1800 15
2719 2 2 2 2 1776 1777 1802
2720 2 2 2 2 1769 1804 1803
2721 2 2 2 2 1805 1807 1806
2722 2 2 2 2 1805 1806 1808
2723 2 2 2 2 50 1810 1809
2724 2 2 2 2 50 1809 51
2725 2 2 2 2 1811 1813 1812
2726 2 2 2 2 1811 1812 1814
2727 2 2 2 2 1815 1816 1802
2728 2 2 2 2 1802 1816 1776
2729 2 2 2 2 1769 1803 1817
2730 2 2 2 2 1818 1819 173
2731 2 2 2 2 173 1819 174
2732 2 2 2 2 1820 1822 1821
2733 2 2 2 2 1821 1822 134
2734 2 2 2 2 1823 1785 1824
2735 2 2 2 2 1825 1780 1778
2736 2 2 2 2 1824 1785 1784
2737 2 2 2 2 1826 1827 1824
2738 2 2 2 2 1826 1828 1827
2739 2 2 2 2 1829 1771 1769
2740 2 2 2 2 1827 1828 1830
2741 2 2 2 2 1831 1833 1832
2742 2 2 2 2 1831 1832 1825
2743 2 2 2 2 1834 1835 1775
2744 2 2 2 2 1834 1775 1836
2745 2 2 2 2 1777 1780 1837
2746 2 2 2 2 1838 1840 1839
2747 2 2 2 2 1777 1779 1780
2748 2 2 2 2 1826 1824 1799
2749 2 2 2 2 1818 1841 1830
2750 2 2 2 2 1777 1837 1842
2751 2 2 2 2 1843 1844 33
2752 2 2 2 2 1845 1833 1831
2753 2 2 2 2 1844 1847 1846
2754 2 2 2 2 1774 1849 1848
2755 2 2 2 2 1774 1848 1850
2756 2 2 2 2 1847 1844 1851
2757 2 2 2 2 1852 1828 1853
2758 2 2 2 2 52 1832 1833
2759 2 2 2 2 52 1833 53
2760 2 2 2 2 1854 1853 1828
2761 2 2 2 2 1825 1832 1809
2762 2 2 2 2 1841 1827 1830
2763 2 2 2 2 1855 1857 1856
2764 2 2 2 2 1856 1857 1858
2765 2 2 2 2 1828 1852 1830
2766 2 2 2 2 1852 1859 1830
2767 2 2 2 2 172 1818 173
2768 2 2 2 2 1860 1862 1861
2769 2 2 2 2 1862 1860 1863
2770 2 2 2 2 1841 1818 172
2771 2 2 2 2 1816 1795 1864
2772 2 2 2 2 1850 1848 1865
2773 2 2 2 2 1848 1866 1865
2774 2 2 2 2 1867 1795 1793
2775 2 2 2 2 1776 1816 1804
2776 2 2 2 2 1795 1867 1864
2777 2 2 2 2 1868 1847 1869
2778 2 2 2 2 1816 1870 1804
2779 2 2 2 2 1772 1804 1769
2780 2 2 2 2 1864 1870 1816
2781 2 2 2 2 1799 1794 1826
2782 2 2 2 2 1871 1862 1863
2783 2 2 2 2 1872 1813 1873
2784 2 2 2 2 1873 1813 1874
2785 2 2 2 2 1823 1841 171
2786 2 2 2 2 170 1823 171
2787 2 2 2 2 1875 1877 1876
2788 2 2 2 2 1774 1775 1849
2789 2 2 2 2 1849 1775 1835
2790 2 2 2 2 1878 189 188
2791 2 2 2 2 1879 1881 1880
2792 2 2 2 2 1849 1835 12
2793 2 2 2 2 1849 12 225
2794 2 2 2 2 1773 1774 1850
2795 2 2 2 2 1882 1884 1883
2796 2 2 2 2 1882 1883 1885
2797 2 2 2 2 1773 1850 1886
2798 2 2 2 2 1886 1850 1887
2799 2 2 2 2 1854 1889 1888
2800 2 2 2 2 1890 1892 1891
2801 2 2 2 2 1890 1891 1893
2802 2 2 2 2 1894 1896 1895
2803 2 2 2 2 1897 1890 1893
2804 2 2 2 2 1895 1896 180
2805 2 2 2 2 1892 1898 1891
2806 2 2 2 2 1899 1898 1892
2807 2 2 2 2 1900 1902 1901
2808 2 2 2 2 1901 1902 1903
2809 2 2 2 2 51 1809 1832
2810 2 2 2 2 51 1832 52
2811 2 2 2 2 1903 1904 1901
2812 2 2 2 2 1880 1805 1905
2813 2 2 2 2 1894 1789 1906
2814 2 2 2 2 1906 1789 1907
2815 2 2 2 2 1908 1910 1909
2816 2 2 2 2 1911 1913 1912
2817 2 2 2 2 1914 188 187
2818 2 2 2 2 1787 1789 1895
2819 2 2 2 2 1915 1917 1916
2820 2 2 2 2 1916 1917 1918
2821 2 2 2 2 1919 1921 1920
2822 2 2 2 2 1895 1789 1894
2823 2 2 2 2 1922 1923 1782
2824 2 2 2 2 1924 1926 1925
2825 2 2 2 2 1772 1776 1804
2826 2 2 2 2 1854 1828 1889
2827 2 2 2 2 1927 1929 1928
2828 2 2 2 2 1930 1932 1931
2829 2 2 2 2 1930 1931 1933
2830 2 2 2 2 1934 1863 1770
2831 2 2 2 2 1770 1771 1934
2832 2 2 2 2 1889 1828 1826
2833 2 2 2 2 1928 1871 1927
2834 2 2 2 2 1927 1871 1935
2835 2 2 2 2 1936 1938 1937
2836 2 2 2 2 1917 1915 1822
2837 2 2 2 2 1822 1915 135
2838 2 2 2 2 1812 1855 1939
2839 2 2 2 2 1920 1933 1931
2840 2 2 2 2 1938 1936 1940
2841 2 2 2 2 1924 1865 1941
2842 2 2 2 2 15 1800 1942
2843 2 2 2 2 15 1942 227
2844 2 2 2 2 1865 1924 1943
2845 2 2 2 2 1941 1865 1866
2846 2 2 2 2 1879 1880 1899
2847 2 2 2 2 1899 1880 1944
2848 2 2 2 2 1945 1946 55
2849 2 2 2 2 54 1945 55
2850 2 2 2 2 1947 1949 1948
2851 2 2 2 2 1948 1949 1913
2852 2 2 2 2 1950 1781 149
2853 2 2 2 2 1950 149 148
2854 2 2 2 2 1951 1953 1952
2855 2 2 2 2 1951 1952 1869
2856 2 2 2 2 1954 1945 54
2857 2 2 2 2 1941 1955 1924
2858 2 2 2 2 1956 1958 1957
2859 2 2 2 2 1959 136 1915
2860 2 2 2 2 1915 136 135
2861 2 2 2 2 1960 1840 1961
2862 2 2 2 2 1924 1955 1926
2863 2 2 2 2 1801 1962 1800
2864 2 2 2 2 1782 1783 1922
2865 2 2 2 2 1857 1855 1812
2866 2 2 2 2 1916 1959 1915
2867 2 2 2 2 1939 1855 1963
2868 2 2 2 2 1964 1966 1965
2869 2 2 2 2 1967 1969 1968
2870 2 2 2 2 1970 1972 1971
2871 2 2 2 2 1967 1968 1950
2872 2 2 2 2 1964 1965 1973
2873 2 2 2 2 1872 1857 1812
2874 2 2 2 2 1925 1926 1974
2875 2 2 2 2 1975 145 144
2876 2 2 2 2 233 1977 1976
2877 2 2 2 2 1976 1978 232
2878 2 2 2 2 1976 232 233
2879 2 2 2 2 1917 1979 1918
2880 2 2 2 2 227 1796 14
2881 2 2 2 2 1918 1980 1836
2882 2 2 2 2 1918 1979 1980
2883 2 2 2 2 1979 1820 1981
2884 2 2 2 2 1979 1981 223
2885 2 2 2 2 17 1982 231
2886 2 2 2 2 231 1982 1983
2887 2 2 2 2 1975 1966 1940
2888 2 2 2 2 1976 1984 1978
2889 2 2 2 2 1940 1936 1975
2890 2 2 2 2 1834 1836 1980
2891 2 2 2 2 1971 1806 1807
2892 2 2 2 2 1971 1807 45
2893 2 2 2 2 45 1807 1881
2894 2 2 2 2 45 1881 46
2895 2 2 2 2 1936 145 1975
2896 2 2 2 2 1985 1866 1848
2897 2 2 2 2 13 1985 1848
2898 2 2 2 2 1986 1988 1987
2899 2 2 2 2 1986 1987 1989
2900 2 2 2 2 1916 1990 1959
2901 2 2 2 2 1983 1982 1933
2902 2 2 2 2 1848 225 13
2903 2 2 2 2 1889 1826 1794
2904 2 2 2 2 1812 1813 1872
2905 2 2 2 2 1968 1969 1903
2906 2 2 2 2 1888 1889 1815
2907 2 2 2 2 1944 1991 1899
2908 2 2 2 2 4 230 1970
2909 2 2 2 2 44 4 1970
2910 2 2 2 2 1860 1778 1863
2911 2 2 2 2 1897 1810 49
2912 2 2 2 2 1897 49 1890
2913 2 2 2 2 1976 1992 1984
2914 2 2 2 2 1978 1984 1930
2915 2 2 2 2 1834 1980 222
2916 2 2 2 2 221 1834 222
2917 2 2 2 2 1978 1982 17
2918 2 2 2 2 1912 1920 1931
2919 2 2 2 2 42 1801 1
2920 2 2 2 2 1815 1802 1842
2921 2 2 2 2 1993 1801 42
2922 2 2 2 2 1908 1909 1955
2923 2 2 2 2 1888 1815 1842
2924 2 2 2 2 1994 186 1948
2925 2 2 2 2 1948 186 185
2926 2 2 2 2 1 1801 228
2927 2 2 2 2 1992 1976 190
2928 2 2 2 2 189 1992 190
2929 2 2 2 2 1995 1997 1996
2930 2 2 2 2 1996 1997 1998
2931 2 2 2 2 1899 1892 1999
2932 2 2 2 2 1899 1999 1879
2933 2 2 2 2 46 1879 1999
2934 2 2 2 2 1909 1910 2000
2935 2 2 2 2 46 1999 47
2936 2 2 2 2 1892 1890 1999
2937 2 2 2 2 1890 48 1999
2938 2 2 2 2 1862 2001 1861
2939 2 2 2 2 1819 2002 174
2940 2 2 2 2 2003 2004 1861
2941 2 2 2 2 2005 2007 2006
2942 2 2 2 2 2008 2007 2005
2943 2 2 2 2 2000 1910 2009
2944 2 2 2 2 2000 2009 2010
2945 2 2 2 2 2006 1938 2005
2946 2 2 2 2 1904 2011 1901
2947 2 2 2 2 1909 2000 2012
2948 2 2 2 2 2012 2000 2013
2949 2 2 2 2 2014 40 2015
2950 2 2 2 2 1904 2016 2011
2951 2 2 2 2 2017 2016 1904
2952 2 2 2 2 1982 1930 1933
2953 2 2 2 2 1778 1779 1863
2954 2 2 2 2 1982 1978 1930
2955 2 2 2 2 164 2018 165
2956 2 2 2 2 1937 1967 147
2957 2 2 2 2 1967 1937 1969
2958 2 2 2 2 1881 1807 1880
2959 2 2 2 2 1807 1805 1880
2960 2 2 2 2 1820 2019 1981
2961 2 2 2 2 1820 1821 2019
2962 2 2 2 2 1979 223 1980
2963 2 2 2 2 223 222 1980
2964 2 2 2 2 1917 1820 1979
2965 2 2 2 2 1917 1822 1820
2966 2 2 2 2 1969 1937 1938
2967 2 2 2 2 2020 2021 1935
2968 2 2 2 2 2022 2023 2001
2969 2 2 2 2 1993 2014 1962
2970 2 2 2 2 2024 2023 2022
2971 2 2 2 2 1801 1993 1962
2972 2 2 2 2 1962 2014 2009
2973 2 2 2 2 2009 2014 2015
2974 2 2 2 2 2025 2024 2022
2975 2 2 2 2 1873 1874 2026
2976 2 2 2 2 2026 2027 1873
2977 2 2 2 2 1901 2011 2028
2978 2 2 2 2 2028 2011 2029
2979 2 2 2 2 1878 188 1914
2980 2 2 2 2 2028 2031 2030
2981 2 2 2 2 2031 2028 2029
2982 2 2 2 2 1940 1964 2005
2983 2 2 2 2 1964 2008 2005
2984 2 2 2 2 1925 2032 1875
2985 2 2 2 2 2033 1925 1974
2986 2 2 2 2 1925 2033 2032
2987 2 2 2 2 1999 48 47
2988 2 2 2 2 1782 1793 1784
2989 2 2 2 2 41 2014 1993
2990 2 2 2 2 2034 1854 1888
2991 2 2 2 2 1867 1793 1782
2992 2 2 2 2 1837 1810 1897
2993 2 2 2 2 1897 1893 1837
2994 2 2 2 2 1877 2016 2017
2995 2 2 2 2 167 1922 168
2996 2 2 2 2 2007 1884 1877
2997 2 2 2 2 1978 17 232
2998 2 2 2 2 2010 2013 2000
2999 2 2 2 2 1842 1802 1777
3000 2 2 2 2 1877 2017 2007
3001 2 2 2 2 1937 147 146
3002 2 2 2 2 1992 189 1878
3003 2 2 2 2 2027 1838 2035
3004 2 2 2 2 1878 1984 1992
3005 2 2 2 2 40 2014 41
3006 2 2 2 2 2027 2035 1873
3007 2 2 2 2 1873 2035 1872
3008 2 2 2 2 2030 1935 2021
3009 2 2 2 2 1973 1965 1790
3010 2 2 2 2 1790 1965 1792
3011 2 2 2 2 1993 42 41
3012 2 2 2 2 2031 1935 2030
3013 2 2 2 2 2022 1974 2025
3014 2 2 2 2 2025 1974 1926
3015 2 2 2 2 2036 1858 2035
3016 2 2 2 2 162 2038 2037
3017 2 2 2 2 162 2037 163
3018 2 2 2 2 1928 1929 2022
3019 2 2 2 2 1929 1974 2022
3020 2 2 2 2 1942 1796 227
3021 2 2 2 2 1798 1796 1942
3022 2 2 2 2 49 1810 50
3023 2 2 2 2 1900 1901 2028
3024 2 2 2 2 2027 1840 1838
3025 2 2 2 2 2039 2041 2040
3026 2 2 2 2 2042 2043 2018
3027 2 2 2 2 1839 1900 1838
3028 2 2 2 2 1902 1900 1839
3029 2 2 2 2 1894 1906 1989
3030 2 2 2 2 1971 45 44
3031 2 2 2 2 223 1981 224
3032 2 2 2 2 2044 1989 2045
3033 2 2 2 2 1989 1906 2045
3034 2 2 2 2 1838 1900 2046
3035 2 2 2 2 2043 2037 2039
3036 2 2 2 2 164 2042 2018
3037 2 2 2 2 16 1970 230
3038 2 2 2 2 2047 2048 2043
3039 2 2 2 2 1921 2049 1983
3040 2 2 2 2 44 1970 1971
3041 2 2 2 2 2019 133 132
3042 2 2 2 2 2049 1921 1972
3043 2 2 2 2 2019 224 1981
3044 2 2 2 2 2049 1972 1970
3045 2 2 2 2 190 1977 191
3046 2 2 2 2 1970 16 2049
3047 2 2 2 2 1947 1986 1949
3048 2 2 2 2 1949 1986 2050
3049 2 2 2 2 2050 1986 2044
3050 2 2 2 2 2015 2051 2010
3051 2 2 2 2 2051 2015 39
3052 2 2 2 2 2048 2018 2043
3053 2 2 2 2 2051 39 38
3054 2 2 2 2 2015 2010 2009
3055 2 2 2 2 2052 1836 1775
3056 2 2 2 2 1968 1781 1950
3057 2 2 2 2 2053 1781 1968
3058 2 2 2 2 1939 2054 1814
3059 2 2 2 2 2019 1821 133
3060 2 2 2 2 1963 2054 1939
3061 2 2 2 2 1976 1977 190
3062 2 2 2 2 1963 2038 2054
3063 2 2 2 2 228 1801 229
3064 2 2 2 2 1777 1772 1779
3065 2 2 2 2 2041 2038 1963
3066 2 2 2 2 2041 2037 2038
3067 2 2 2 2 1975 144 143
3068 2 2 2 2 2039 2037 2041
3069 2 2 2 2 175 2002 2055
3070 2 2 2 2 1784 1799 1824
3071 2 2 2 2 10 224 2019
3072 2 2 2 2 10 2019 132
3073 2 2 2 2 1819 1830 1859
3074 2 2 2 2 233 11 1977
3075 2 2 2 2 1977 11 191
3076 2 2 2 2 1905 2044 2045
3077 2 2 2 2 2056 2044 1905
3078 2 2 2 2 1836 2052 2057
3079 2 2 2 2 1916 1836 2057
3080 2 2 2 2 1836 1916 1918
3081 2 2 2 2 1996 1998 2058
3082 2 2 2 2 1998 2034 1898
3083 2 2 2 2 2058 1998 1898
3084 2 2 2 2 1859 2055 1819
3085 2 2 2 2 1898 2034 1891
3086 2 2 2 2 1770 1863 1779
3087 2 2 2 2 1958 2060 2059
3088 2 2 2 2 1958 1851 2060
3089 2 2 2 2 1843 2060 1851
3090 2 2 2 2 1779 1772 1770
3091 2 2 2 2 1946 2059 56
3092 2 2 2 2 56 2059 2060
3093 2 2 2 2 57 56 2060
3094 2 2 2 2 1967 1950 148
3095 2 2 2 2 1862 1871 1928
3096 2 2 2 2 1871 1863 1934
3097 2 2 2 2 2057 2052 2061
3098 2 2 2 2 147 1967 148
3099 2 2 2 2 2024 2063 2062
3100 2 2 2 2 2063 1957 2062
3101 2 2 2 2 1821 134 133
3102 2 2 2 2 1771 2021 2020
3103 2 2 2 2 2064 2027 2065
3104 2 2 2 2 2027 2064 1840
3105 2 2 2 2 2027 2026 2065
3106 2 2 2 2 1829 1856 1858
3107 2 2 2 2 1877 1875 2016
3108 2 2 2 2 2016 1875 2032
3109 2 2 2 2 2021 1771 1829
3110 2 2 2 2 1994 1914 187
3111 2 2 2 2 1914 1994 1911
3112 2 2 2 2 186 1994 187
3113 2 2 2 2 1988 1986 1947
3114 2 2 2 2 1988 1947 183
3115 2 2 2 2 183 1947 184
3116 2 2 2 2 2021 1829 1858
3117 2 2 2 2 1817 1963 1855
3118 2 2 2 2 2066 2068 2067
3119 2 2 2 2 2066 2067 2013
3120 2 2 2 2 1817 1803 2040
3121 2 2 2 2 1791 2070 2069
3122 2 2 2 2 2070 139 2069
3123 2 2 2 2 1814 2054 159
3124 2 2 2 2 159 2054 160
3125 2 2 2 2 2004 1860 1861
3126 2 2 2 2 177 1786 178
3127 2 2 2 2 178 1786 1787
3128 2 2 2 2 2071 1923 1922
3129 2 2 2 2 1840 2064 1961
3130 2 2 2 2 2071 2048 1923
3131 2 2 2 2 1907 1788 1995
3132 2 2 2 2 1907 1996 1991
3133 2 2 2 2 2071 1922 167
3134 2 2 2 2 1995 1996 1907
3135 2 2 2 2 1887 1875 1876
3136 2 2 2 2 166 2071 167
3137 2 2 2 2 1956 1847 1958
3138 2 2 2 2 1851 1958 1847
3139 2 2 2 2 1822 135 134
3140 2 2 2 2 157 1813 1811
3141 2 2 2 2 1907 2045 1906
3142 2 2 2 2 156 1813 157
3143 2 2 2 2 156 1874 1813
3144 2 2 2 2 1944 2045 1907
3145 2 2 2 2 46 1881 1879
3146 2 2 2 2 1907 1991 1944
3147 2 2 2 2 1984 1932 1930
3148 2 2 2 2 1878 1932 1984
3149 2 2 2 2 1914 1932 1878
3150 2 2 2 2 1817 2041 1963
3151 2 2 2 2 1785 1823 170
3152 2 2 2 2 1794 1795 1815
3153 2 2 2 2 1815 1889 1794
3154 2 2 2 2 1969 2006 1903
3155 2 2 2 2 2035 1858 1872
3156 2 2 2 2 1853 1997 1852
3157 2 2 2 2 2006 1904 1903
3158 2 2 2 2 1875 1887 1943
3159 2 2 2 2 1890 49 48
3160 2 2 2 2 1973 1790 1883
3161 2 2 2 2 1852 1997 1859
3162 2 2 2 2 1969 1938 2006
3163 2 2 2 2 179 1787 1895
3164 2 2 2 2 1811 1814 158
3165 2 2 2 2 1853 2034 1998
3166 2 2 2 2 2034 1853 1854
3167 2 2 2 2 1997 1853 1998
3168 2 2 2 2 2072 2073 1786
3169 2 2 2 2 1831 1860 1845
3170 2 2 2 2 1788 1786 1995
3171 2 2 2 2 1860 2004 1845
3172 2 2 2 2 1896 1894 1987
3173 2 2 2 2 1995 1786 2073
3174 2 2 2 2 2072 1786 177
3175 2 2 2 2 2040 2041 1817
3176 2 2 2 2 1966 1964 1940
3177 2 2 2 2 1856 1817 1855
3178 2 2 2 2 1862 1928 2001
3179 2 2 2 2 1971 1972 1806
3180 2 2 2 2 1959 137 136
3181 2 2 2 2 1928 2022 2001
3182 2 2 2 2 2036 2046 2028
3183 2 2 2 2 2028 2030 2036
3184 2 2 2 2 1860 1831 1778
3185 2 2 2 2 1927 1935 2031
3186 2 2 2 2 1825 1778 1831
3187 2 2 2 2 2074 1868 2068
3188 2 2 2 2 2068 1868 2067
3189 2 2 2 2 1902 2053 1968
3190 2 2 2 2 1780 1809 1810
3191 2 2 2 2 2031 2029 1927
3192 2 2 2 2 1829 1817 1856
3193 2 2 2 2 1769 1817 1829
3194 2 2 2 2 1780 1810 1837
3195 2 2 2 2 1825 1809 1780
3196 2 2 2 2 2054 2038 161
3197 2 2 2 2 1792 141 140
3198 2 2 2 2 57 2060 3
3199 2 2 2 2 3 2060 1843
3200 2 2 2 2 43 3 1843
3201 2 2 2 2 2021 1858 2036
3202 2 2 2 2 1773 1886 2075
3203 2 2 2 2 1773 2075 2052
3204 2 2 2 2 1882 2075 1886
3205 2 2 2 2 1919 1972 1921
3206 2 2 2 2 2058 1898 1899
3207 2 2 2 2 2036 2030 2021
3208 2 2 2 2 159 158 1814
3209 2 2 2 2 38 2066 2051
3210 2 2 2 2 38 37 2066
3211 2 2 2 2 1959 2076 137
3212 2 2 2 2 2076 138 137
3213 2 2 2 2 1902 1968 1903
3214 2 2 2 2 1841 172 171
3215 2 2 2 2 2037 2042 163
3216 2 2 2 2 2077 2004 2003
3217 2 2 2 2 1844 1846 34
3218 2 2 2 2 2062 2003 2023
3219 2 2 2 2 2003 2062 2077
3220 2 2 2 2 1871 2020 1935
3221 2 2 2 2 2042 2037 2043
3222 2 2 2 2 1845 53 1833
3223 2 2 2 2 53 1954 54
3224 2 2 2 2 1954 53 1845
3225 2 2 2 2 2042 164 163
3226 2 2 2 2 1951 1869 2063
3227 2 2 2 2 2036 2035 2046
3228 2 2 2 2 1893 1842 1837
3229 2 2 2 2 1893 1888 1842
3230 2 2 2 2 1773 2052 1775
3231 2 2 2 2 2068 2066 37
3232 2 2 2 2 2035 1838 2046
3233 2 2 2 2 1951 2024 1953
3234 2 2 2 2 37 36 2068
3235 2 2 2 2 1957 2078 2077
3236 2 2 2 2 2078 1945 2077
3237 2 2 2 2 184 1947 185
3238 2 2 2 2 1900 2028 2046
3239 2 2 2 2 2024 1951 2063
3240 2 2 2 2 169 1783 1785
3241 2 2 2 2 1843 2 43
3242 2 2 2 2 1922 1783 168
3243 2 2 2 2 1938 1940 2005
3244 2 2 2 2 2044 1986 1989
3245 2 2 2 2 1886 1876 1882
3246 2 2 2 2 1991 1996 2058
3247 2 2 2 2 169 1785 170
3248 2 2 2 2 1872 1858 1857
3249 2 2 2 2 1866 1985 1797
3250 2 2 2 2 1867 2079 1864
3251 2 2 2 2 2038 162 161
3252 2 2 2 2 1941 1866 1908
3253 2 2 2 2 1908 1866 1797
3254 2 2 2 2 2080 1965 1966
3255 2 2 2 2 2034 1888 1891
3256 2 2 2 2 1966 143 142
3257 2 2 2 2 2026 155 154
3258 2 2 2 2 1966 142 2080
3259 2 2 2 2 2065 2026 154
3260 2 2 2 2 1795 1816 1815
3261 2 2 2 2 2026 1874 155
3262 2 2 2 2 1965 2080 1792
3263 2 2 2 2 2080 141 1792
3264 2 2 2 2 1804 1870 1803
3265 2 2 2 2 180 1896 181
3266 2 2 2 2 1987 1894 1989
3267 2 2 2 2 1948 1913 1994
3268 2 2 2 2 1911 1932 1914
3269 2 2 2 2 1990 2057 2061
3270 2 2 2 2 1948 185 1947
3271 2 2 2 2 1912 1932 1911
3272 2 2 2 2 1912 1931 1932
3273 2 2 2 2 2073 2072 2055
3274 2 2 2 2 2073 2055 1859
3275 2 2 2 2 1846 1847 1868
3276 2 2 2 2 2002 175 174
3277 2 2 2 2 1975 143 1966
3278 2 2 2 2 2032 2029 2011
3279 2 2 2 2 2071 2018 2048
3280 2 2 2 2 1797 1798 1908
3281 2 2 2 2 1908 1798 1910
3282 2 2 2 2 1808 2081 2056
3283 2 2 2 2 2050 2044 2081
3284 2 2 2 2 2051 2066 2013
3285 2 2 2 2 2051 2013 2010
3286 2 2 2 2 2044 2056 2081
3287 2 2 2 2 1808 1920 2081
3288 2 2 2 2 1823 1824 1827
3289 2 2 2 2 1827 1841 1823
3290 2 2 2 2 1850 1865 1943
3291 2 2 2 2 1945 2078 1946
3292 2 2 2 2 168 1783 169
3293 2 2 2 2 2075 1885 2061
3294 2 2 2 2 2052 2075 2061
3295 2 2 2 2 1868 1869 2067
3296 2 2 2 2 1843 1851 1844
3297 2 2 2 2 55 1946 56
3298 2 2 2 2 1885 2075 1882
3299 2 2 2 2 2053 1902 1960
3300 2 2 2 2 2079 2047 1864
3301 2 2 2 2 1845 2004 1954
3302 2 2 2 2 1954 2004 1945
3303 2 2 2 2 2069 139 138
3304 2 2 2 2 2069 1990 1791
3305 2 2 2 2 2047 2043 2039
3306 2 2 2 2 1994 1913 1911
3307 2 2 2 2 2064 153 152
3308 2 2 2 2 1791 1885 1790
3309 2 2 2 2 1973 1883 1884
3310 2 2 2 2 2023 2003 2001
3311 2 2 2 2 2003 1861 2001
3312 2 2 2 2 1955 1941 1908
3313 2 2 2 2 2048 2079 1923
3314 2 2 2 2 1943 1887 1850
3315 2 2 2 2 1870 2040 1803
3316 2 2 2 2 2013 2067 1952
3317 2 2 2 2 1952 2067 1869
3318 2 2 2 2 1956 1957 2063
3319 2 2 2 2 2061 1885 1791
3320 2 2 2 2 225 1848 1849
3321 2 2 2 2 2047 2079 2048
3322 2 2 2 2 39 2015 40
3323 2 2 2 2 2053 1960 2082
3324 2 2 2 2 2053 2082 1781
3325 2 2 2 2 2047 2039 2040
3326 2 2 2 2 165 2018 2071
3327 2 2 2 2 165 2071 166
3328 2 2 2 2 1808 2056 1805
3329 2 2 2 2 1808 1806 1919
3330 2 2 2 2 1919 1806 1972
3331 2 2 2 2 1800 1962 2083
3332 2 2 2 2 2083 1962 2009
3333 2 2 2 2 2011 2016 2032
3334 2 2 2 2 1846 1868 2074
3335 2 2 2 2 1960 1961 2082
3336 2 2 2 2 2082 1961 151
3337 2 2 2 2 1988 183 182
3338 2 2 2 2 1885 1883 1790
3339 2 2 2 2 1949 2050 1913
3340 2 2 2 2 1937 146 1936
3341 2 2 2 2 2081 1913 2050
3342 2 2 2 2 1913 2081 1912
3343 2 2 2 2 2081 1920 1912
3344 2 2 2 2 2020 1934 1771
3345 2 2 2 2 1936 146 145
3346 2 2 2 2 1798 1942 2083
3347 2 2 2 2 1960 1902 1839
3348 2 2 2 2 1798 2083 1910
3349 2 2 2 2 1840 1960 1839
3350 2 2 2 2 1934 2020 1871
3351 2 2 2 2 1957 2077 2062
3352 2 2 2 2 1864 2047 1870
3353 2 2 2 2 2083 2009 1910
3354 2 2 2 2 2083 1942 1800
3355 2 2 2 2 150 2082 151
3356 2 2 2 2 2082 150 1781
3357 2 2 2 2 2076 1990 2069
3358 2 2 2 2 2024 2025 1953
3359 2 2 2 2 1870 2047 2040
3360 2 2 2 2 1990 2076 1959
3361 2 2 2 2 157 1811 158
3362 2 2 2 2 2002 1819 2055
3363 2 2 2 2 138 2076 2069
3364 2 2 2 2 1957 1958 2059
3365 2 2 2 2 1835 1834 221
3366 2 2 2 2 12 1835 221
3367 2 2 2 2 153 2065 154
3368 2 2 2 2 2049 16 231
3369 2 2 2 2 1877 1884 1876
3370 2 2 2 2 1983 2049 231
3371 2 2 2 2 1876 1884 1882
3372 2 2 2 2 1946 2078 2059
3373 2 2 2 2 2078 1957 2059
3374 2 2 2 2 2025 1926 2084
3375 2 2 2 2 1867 1782 1923
3376 2 2 2 2 1867 1923 2079
3377 2 2 2 2 2084 1926 1955
3378 2 2 2 2 2 1843 33
3379 2 2 2 2 2056 1905 1805
3380 2 2 2 2 1787 179 178
3381 2 2 2 2 2033 1974 1929
3382 2 2 2 2 1925 1875 1943
3383 2 2 2 2 2070 140 139
3384 2 2 2 2 2058 1899 1991
3385 2 2 2 2 1905 2045 1944
3386 2 2 2 2 1880 1905 1944
3387 2 2 2 2 2070 1791 1792
3388 2 2 2 2 140 2070 1792
3389 2 2 2 2 175 2072 176
3390 2 2 2 2 1784 1793 1799
3391 2 2 2 2 141 2080 142
3392 2 2 2 2 2004 2077 1945
3393 2 2 2 2 1925 1943 1924
3394 2 2 2 2 2074 35 1846
3395 2 2 2 2 1846 35 34
3396 2 2 2 2 160 2054 161
3397 2 2 2 2 2068 36 2074
3398 2 2 2 2 2074 36 35
3399 2 2 2 2 1919 1920 1808
3400 2 2 2 2 155 1874 156
3401 2 2 2 2 2055 2072 175
3402 2 2 2 2 2008 1973 1884
3403 2 2 2 2 1818 1830 1819
3404 2 2 2 2 14 1796 1985
3405 2 2 2 2 1797 1985 1796
3406 2 2 2 2 14 1985 226
3407 2 2 2 2 226 1985 13
3408 2 2 2 2 2085 182 181
3409 2 2 2 2 2085 1896 1987
3410 2 2 2 2 1896 2085 181
3411 2 2 2 2 1904 2006 2017
3412 2 2 2 2 2023 2024 2062
3413 2 2 2 2 2084 1953 2025
3414 2 2 2 2 1953 2084 2012
3415 2 2 2 2 2029 2033 1927
3416 2 2 2 2 2029 2032 2033
3417 2 2 2 2 2064 2065 153
3418 2 2 2 2 2008 1884 2007
3419 2 2 2 2 1907 1789 1788
3420 2 2 2 2 2084 1909 2012
3421 2 2 2 2 1955 1909 2084
3422 2 2 2 2 1990 2061 1791
3423 2 2 2 2 1893 1891 1888
3424 2 2 2 2 33 1844 34
3425 2 2 2 2 1961 152 151
3426 2 2 2 2 2072 177 176
3427 2 2 2 2 2064 152 1961
3428 2 2 2 2 1997 2073 1859
3429 2 2 2 2 2073 1997 1995
3430 2 2 2 2 2033 1929 1927
3431 2 2 2 2 1964 1973 2008
3432 2 2 2 2 2057 1990 1916
3433 2 2 2 2 1939 1814 1812
3434 2 2 2 2 2006 2007 2017
3435 2 2 2 2 1886 1887 1876
3436 2 2 2 2 1956 1869 1847
3437 2 2 2 2 2063 1869 1956
3438 2 2 2 2 1921 1983 1933
3439 2 2 2 2 2085 1988 182
3440 2 2 2 2 1987 1988 2085
3441 2 2 2 2 1920 1921 1933
3442 2 2 2 2 1952 2012 2013
3443 2 2 2 2 2012 1952 1953
3444 2 2 2 2 1895 180 179
3445 2 2 2 3 2086 2107 2104
3446 2 2 2 3 2098 2106 247
3447 2 2 2 3 2104 2107 2094
3448 2 2 2 3 244 2120 2113
3449 2 2 2 3 247 2106 246
3450 2 2 2 3 43 2098 2094
3451 2 2 2 3 250 2104 249
3452 2 2 2 3 2104 2180 249
3453 2 2 2 3 2118 2125 39
3454 2 2 2 3 245 2120 244
3455 2 2 2 3 40 2118 39
3456 2 2 2 3 41 2124 40
3457 2 2 2 3 2093 2147 2095
3458 2 2 2 3 40 2124 2118
3459 2 2 2 3 303 2114 304
3460 2 2 2 3 280 2149 21
3461 2 2 2 3 2114 2155 304
3462 2 2 2 3 2 2098 43
3463 2 2 2 3 2095 2126 2093
3464 2 2 2 3 326 2121 327
3465 2 2 2 3 2113 2120 34
3466 2 2 2 3 2147 2181 2095
3467 2 2 2 3 2086 2104 2096
3468 2 2 2 3 248 2098 247
3469 2 2 2 3 2 2106 2098
3470 2 2 2 3 38 2123 37
3471 2 2 2 3 301 2111 302
3472 2 2 2 3 2094 2107 43
3473 2 2 2 3 2111 2148 302
3474 2 2 2 3 2088 2119 2095
3475 2 2 2 3 36 2122 35
3476 2 2 2 3 299 2105 300
3477 2 2 2 3 2097 2107 2086
3478 2 2 2 3 39 2125 2116
3479 2 2 2 3 2099 2105 2089
3480 2 2 2 3 39 2116 38
3481 2 2 2 3 2100 2111 2090
3482 2 2 2 3 2105 2136 300
3483 2 2 2 3 2101 2114 2091
3484 2 2 2 3 2102 2115 2092
3485 2 2 2 3 2117 2121 326
3486 2 2 2 3 248 2180 2098
3487 2 2 2 3 22 2149 280
3488 2 2 2 3 2108 2110 2087
3489 2 2 2 3 2089 2110 2108
3490 2 2 2 3 2104 2139 2096
3491 2 2 2 3 2088 2127 2097
3492 2 2 2 3 3 2107 2097
3493 2 2 2 3 48 2099 47
3494 2 2 2 3 50 2100 49
3495 2 2 2 3 2119 2126 2095
3496 2 2 2 3 2127 2183 2097
3497 2 2 2 3 2116 2123 38
3498 2 2 2 3 52 2101 51
3499 2 2 2 3 54 2102 53
3500 2 2 2 3 46 2108 45
3501 2 2 2 3 2090 2105 2099
3502 2 2 2 3 311 2178 2096
3503 2 2 2 3 2096 2178 2086
3504 2 2 2 3 2094 2180 2104
3505 2 2 2 3 21 2149 264
3506 2 2 2 3 2091 2111 2100
3507 2 2 2 3 2119 2135 308
3508 2 2 2 3 35 2113 34
3509 2 2 2 3 314 2170 2169
3510 2 2 2 3 2092 2114 2101
3511 2 2 2 3 2095 2127 2088
3512 2 2 2 3 2093 2115 2102
3513 2 2 2 3 42 2112 41
3514 2 2 2 3 2096 2134 311
3515 2 2 2 3 2112 2124 41
3516 2 2 2 3 242 2103 241
3517 2 2 2 3 290 2167 2165
3518 2 2 2 3 297 2110 298
3519 2 2 2 3 35 2122 2113
3520 2 2 2 3 2088 2135 2119
3521 2 2 2 3 2090 2136 2105
3522 2 2 2 3 2091 2148 2111
3523 2 2 2 3 309 2109 310
3524 2 2 2 3 290 2165 289
3525 2 2 2 3 2092 2155 2114
3526 2 2 2 3 314 2169 315
3527 2 2 2 3 2164 2168 283
3528 2 2 2 3 33 2106 2
3529 2 2 2 3 2166 2171 320
3530 2 2 2 3 236 2112 235
3531 2 2 2 3 281 2149 22
3532 2 2 2 3 244 2113 243
3533 2 2 2 3 284 2164 283
3534 2 2 2 3 2097 2183 3
3535 2 2 2 3 240 2116 239
3536 2 2 2 3 319 2166 320
3537 2 2 2 3 37 2123 2103
3538 2 2 2 3 2103 2122 36
3539 2 2 2 3 37 2103 36
3540 2 2 2 3 2086 2178 2109
3541 2 2 2 3 238 2118 237
3542 2 2 2 3 307 2119 308
3543 2 2 2 3 2110 2137 298
3544 2 2 2 3 310 2178 311
3545 2 2 2 3 2108 2152 45
3546 2 2 2 3 2099 2140 47
3547 2 2 2 3 48 2142 2099
3548 2 2 2 3 2100 2142 49
3549 2 2 2 3 50 2143 2100
3550 2 2 2 3 2101 2143 51
3551 2 2 2 3 52 2146 2101
3552 2 2 2 3 2102 2146 53
3553 2 2 2 3 325 2117 326
3554 2 2 2 3 54 2147 2102
3555 2 2 2 3 283 2163 282
3556 2 2 2 3 2089 2137 2110
3557 2 2 2 3 250 2139 2104
3558 2 2 2 3 43 2107 3
3559 2 2 2 3 2115 2176 305
3560 2 2 2 3 283 2168 2163
3561 2 2 2 3 2098 2180 2094
3562 2 2 2 3 2105 2137 2089
3563 2 2 2 3 2134 2139 19
3564 2 2 2 3 291 2162 290
3565 2 2 2 3 2089 2140 2099
3566 2 2 2 3 2111 2136 2090
3567 2 2 2 3 2090 2142 2100
3568 2 2 2 3 2099 2142 2090
3569 2 2 2 3 2114 2148 2091
3570 2 2 2 3 2115 2155 2092
3571 2 2 2 3 2091 2143 2101
3572 2 2 2 3 2100 2143 2091
3573 2 2 2 3 2092 2146 2102
3574 2 2 2 3 2101 2146 2092
3575 2 2 2 3 2102 2147 2093
3576 2 2 2 3 305 2176 306
3577 2 2 2 3 2162 2167 290
3578 2 2 2 3 324 2150 23
3579 2 2 2 3 320 2161 321
3580 2 2 2 3 23 2150 295
3581 2 2 2 3 242 2122 2103
3582 2 2 2 3 2103 2123 241
3583 2 2 2 3 33 2120 2106
3584 2 2 2 3 34 2120 33
3585 2 2 2 3 306 2126 307
3586 2 2 2 3 289 2159 288
3587 2 2 2 3 2150 2154 295
3588 2 2 2 3 24 2177 296
3589 2 2 2 3 305 2155 2115
3590 2 2 2 3 313 2160 314
3591 2 2 2 3 285 2157 284
3592 2 2 2 3 320 2171 2161
3593 2 2 2 3 243 2122 242
3594 2 2 2 3 241 2123 240
3595 2 2 2 3 308 2135 309
3596 2 2 2 3 239 2125 238
3597 2 2 2 3 237 2124 236
3598 2 2 2 3 46 2140 2108
3599 2 2 2 3 236 2124 2112
3600 2 2 2 3 2087 2152 2108
3601 2 2 2 3 2113 2122 243
3602 2 2 2 3 315 2158 316
3603 2 2 2 3 299 2137 2105
3604 2 2 2 3 240 2123 2116
3605 2 2 2 3 2116 2125 239
3606 2 2 2 3 303 2148 2114
3607 2 2 2 3 289 2165 2159
3608 2 2 2 3 238 2125 2118
3609 2 2 2 3 2118 2124 237
3610 2 2 2 3 295 2154 294
3611 2 2 2 3 307 2126 2119
3612 2 2 2 3 324 2153 2150
3613 2 2 2 3 318 2156 319
3614 2 2 2 3 304 2155 305
3615 2 2 2 3 20 2154 2150
3616 2 2 2 3 2112 2184 235
3617 2 2 2 3 3 2183 57
3618 2 2 2 3 19 2138 2134
3619 2 2 2 3 2108 2140 2089
3620 2 2 2 3 301 2136 2111
3621 2 2 2 3 2160 2170 314
3622 2 2 2 3 2150 2153 20
3623 2 2 2 3 2157 2164 284
3624 2 2 2 3 292 2151 291
3625 2 2 2 3 296 2172 297
3626 2 2 2 3 323 2153 324
3627 2 2 2 3 315 2169 2158
3628 2 2 2 3 57 2127 56
3629 2 2 2 3 2096 2139 2134
3630 2 2 2 3 2152 2179 44
3631 2 2 2 3 44 2179 4
3632 2 2 2 3 302 2148 303
3633 2 2 2 3 2117 2179 2152
3634 2 2 2 3 2087 2121 2117
3635 2 2 2 3 288 2145 287
3636 2 2 2 3 2109 2178 310
3637 2 2 2 3 311 2134 312
3638 2 2 2 3 264 2173 265
3639 2 2 2 3 321 2144 322
3640 2 2 2 3 2086 2175 2097
3641 2 2 2 3 234 2174 1
3642 2 2 2 3 286 2141 285
3643 2 2 2 3 297 2172 2110
3644 2 2 2 3 263 2129 262
3645 2 2 2 3 2110 2172 2087
3646 2 2 2 3 270 2128 271
3647 2 2 2 3 2156 2166 319
3648 2 2 2 3 45 2152 44
3649 2 2 2 3 312 2138 313
3650 2 2 2 3 300 2136 301
3651 2 2 2 3 316 2133 317
3652 2 2 2 3 2134 2138 312
3653 2 2 2 3 2088 2175 2135
3654 2 2 2 3 294 2132 293
3655 2 2 2 3 257 2131 256
3656 2 2 2 3 277 2130 278
3657 2 2 2 3 317 2131 318
3658 2 2 2 3 298 2137 299
3659 2 2 2 3 2093 2176 2115
3660 2 2 2 3 293 2130 292
3661 2 2 2 3 282 2173 281
3662 2 2 2 3 1 2174 42
3663 2 2 2 3 256 2133 255
3664 2 2 2 3 278 2132 279
3665 2 2 2 3 2121 2172 296
3666 2 2 2 3 251 2138 19
3667 2 2 2 3 309 2135 2109
3668 2 2 2 3 2097 2175 2088
3669 2 2 2 3 322 2129 323
3670 2 2 2 3 19 2139 250
3671 2 2 2 3 2151 2162 291
3672 2 2 2 3 287 2128 286
3673 2 2 2 3 47 2140 46
3674 2 2 2 3 262 2144 261
3675 2 2 2 3 269 2141 270
3676 2 2 2 3 49 2142 48
3677 2 2 2 3 57 2183 2127
3678 2 2 2 3 2109 2175 2086
3679 2 2 2 3 271 2145 272
3680 2 2 2 3 51 2143 50
3681 2 2 2 3 2135 2175 2109
3682 2 2 2 3 53 2146 52
3683 2 2 2 3 55 2147 54
3684 2 2 2 3 20 2153 263
3685 2 2 2 3 276 2151 277
3686 2 2 2 3 279 2154 20
3687 2 2 2 3 258 2156 257
3688 2 2 2 3 255 2158 254
3689 2 2 2 3 288 2159 2145
3690 2 2 2 3 252 2160 251
3691 2 2 2 3 268 2157 269
3692 2 2 2 3 245 2182 2120
3693 2 2 2 3 272 2159 273
3694 2 2 2 3 2106 2182 246
3695 2 2 2 3 261 2161 260
3696 2 2 2 3 2120 2182 2106
3697 2 2 2 3 275 2162 276
3698 2 2 2 3 270 2141 2128
3699 2 2 2 3 265 2163 266
3700 2 2 2 3 2128 2145 271
3701 2 2 2 3 2130 2132 278
3702 2 2 2 3 2141 2157 285
3703 2 2 2 3 2127 2181 56
3704 2 2 2 3 2129 2144 262
3705 2 2 2 3 259 2166 258
3706 2 2 2 3 267 2164 268
3707 2 2 2 3 2131 2133 256
3708 2 2 2 3 254 2169 253
3709 2 2 2 3 273 2165 274
3710 2 2 2 3 321 2161 2144
3711 2 2 2 3 253 2170 252
3712 2 2 2 3 260 2171 259
3713 2 2 2 3 274 2167 275
3714 2 2 2 3 263 2153 2129
3715 2 2 2 3 266 2168 267
3716 2 2 2 3 277 2151 2130
3717 2 2 2 3 257 2156 2131
3718 2 2 2 3 2132 2154 279
3719 2 2 2 3 306 2176 2126
3720 2 2 2 3 2133 2158 255
3721 2 2 2 3 2174 2184 2112
3722 2 2 2 3 269 2157 2141
3723 2 2 2 3 2138 2160 313
3724 2 2 2 3 251 2160 2138
3725 2 2 2 3 2095 2181 2127
3726 2 2 2 3 294 2154 2132
3727 2 2 2 3 2145 2159 272
3728 2 2 2 3 55 2181 2147
3729 2 2 2 3 2144 2161 261
3730 2 2 2 3 316 2158 2133
3731 2 2 2 3 276 2162 2151
3732 2 2 2 3 268 2164 2157
3733 2 2 2 3 258 2166 2156
3734 2 2 2 3 2159 2165 273
3735 2 2 2 3 2130 2151 292
3736 2 2 2 3 2158 2169 254
3737 2 2 2 3 325 2179 2117
3738 2 2 2 3 275 2167 2162
3739 2 2 2 3 252 2170 2160
3740 2 2 2 3 2163 2168 266
3741 2 2 2 3 2161 2171 260
3742 2 2 2 3 56 2181 55
3743 2 2 2 3 267 2168 2164
3744 2 2 2 3 2165 2167 274
3745 2 2 2 3 235 2184 18
3746 2 2 2 3 2131 2156 318
3747 2 2 2 3 2121 2177 327
3748 2 2 2 3 249 2180 248
3749 2 2 2 3 259 2171 2166
3750 2 2 2 3 2169 2170 253
3751 2 2 2 3 246 2182 245
3752 2 2 2 3 2149 2173 264
3753 2 2 2 3 2126 2176 2093
3754 2 2 2 3 287 2145 2128
3755 2 2 2 3 2128 2141 286
3756 2 2 2 3 293 2132 2130
3757 2 2 2 3 2117 2152 2087
3758 2 2 2 3 2129 2153 323
3759 2 2 2 3 42 2174 2112
3760 2 2 2 3 18 2184 234
3761 2 2 2 3 2087 2172 2121
3762 2 2 2 3 322 2144 2129
3763 2 2 2 3 317 2133 2131
3764 2 2 2 3 2163 2173 282
3765 2 2 2 3 327 2177 24
3766 2 2 2 3 4 2179 325
3767 2 2 2 3 265 2173 2163
3768 2 2 2 3 296 2177 2121
3769 2 2 2 3 281 2173 2149
3770 2 2 2 3 234 2184 2174
3771 2 2 3 4 2188 2231 2209
3772 2 2 3 4 2207 2213 2189
3773 2 2 3 4 2187 2269 2203
3774 2 2 3 4 2209 2231 2193
3775 2 2 3 4 2186 2264 2202
3776 2 2 3 4 2202 2218 2186
3777 2 2 3 4 339 2210 340
3778 2 2 3 4 2216 2269 2187
3779 2 2 3 4 2220 2237 2200
3780 2 2 3 4 2189 2214 2207
3781 2 2 3 4 2203 2244 2187
3782 2 2 3 4 339 2252 2210
3783 2 2 3 4 328 2242 329
3784 2 2 3 4 362 2243 363
3785 2 2 3 4 2238 2242 328
3786 2 2 3 4 363 2243 2239
3787 2 2 3 4 2188 2251 2208
3788 2 2 3 4 2213 2232 2189
3789 2 2 3 4 2197 2232 2213
3790 2 2 3 4 2208 2251 2199
3791 2 2 3 4 2209 2255 2188
3792 2 2 3 4 2208 2243 361
3793 2 2 3 4 330 2242 2209
3794 2 2 3 4 2202 2264 2212
3795 2 2 3 4 2211 2255 2198
3796 2 2 3 4 2203 2269 2217
3797 2 2 3 4 2251 2255 2211
3798 2 2 3 4 2207 2266 2213
3799 2 2 3 4 365 2213 366
3800 2 2 3 4 2195 2237 2220
3801 2 2 3 4 2217 2253 2203
3802 2 2 3 4 2208 2262 2188
3803 2 2 3 4 345 2211 346
3804 2 2 3 4 2199 2243 2208
3805 2 2 3 4 361 2234 2208
3806 2 2 3 4 2209 2235 330
3807 2 2 3 4 349 2214 350
3808 2 2 3 4 2210 2252 2200
3809 2 2 3 4 2189 2232 2215
3810 2 2 3 4 2200 2237 2216
3811 2 2 3 4 2193 2235 2209
3812 2 2 3 4 343 2236 26
3813 2 2 3 4 26 2236 364
3814 2 2 3 4 2215 2232 2196
3815 2 2 3 4 361 2243 362
3816 2 2 3 4 329 2242 330
3817 2 2 3 4 2185 2247 2246
3818 2 2 3 4 363 2239 27
3819 2 2 3 4 25 2238 328
3820 2 2 3 4 2241 2248 2185
3821 2 2 3 4 2214 2259 350
3822 2 2 3 4 27 2239 344
3823 2 2 3 4 347 2238 25
3824 2 2 3 4 2205 2240 2230
3825 2 2 3 4 341 2219 342
3826 2 2 3 4 2246 2247 2206
3827 2 2 3 4 337 2220 338
3828 2 2 3 4 341 2233 2219
3829 2 2 3 4 2189 2268 2214
3830 2 2 3 4 2204 2248 2241
3831 2 2 3 4 337 2230 2220
3832 2 2 3 4 353 2217 354
3833 2 2 3 4 365 2256 2213
3834 2 2 3 4 2217 2269 2190
3835 2 2 3 4 2228 2253 352
3836 2 2 3 4 2210 2233 340
3837 2 2 3 4 351 2228 352
3838 2 2 3 4 2230 2240 2195
3839 2 2 3 4 2202 2270 2218
3840 2 2 3 4 2212 2249 356
3841 2 2 3 4 356 2263 2212
3842 2 2 3 4 2201 2259 2214
3843 2 2 3 4 2196 2233 2210
3844 2 2 3 4 2211 2257 346
3845 2 2 3 4 2198 2257 2211
3846 2 2 3 4 345 2258 2211
3847 2 2 3 4 2211 2258 2199
3848 2 2 3 4 2187 2244 2215
3849 2 2 3 4 2215 2244 2201
3850 2 2 3 4 2200 2260 2210
3851 2 2 3 4 2213 2256 2197
3852 2 2 3 4 2240 2245 2186
3853 2 2 3 4 2213 2266 366
3854 2 2 3 4 2210 2250 2196
3855 2 2 3 4 2191 2249 2212
3856 2 2 3 4 2198 2242 2238
3857 2 2 3 4 2239 2243 2199
3858 2 2 3 4 2199 2251 2211
3859 2 2 3 4 2212 2264 2191
3860 2 2 3 4 2219 2233 2196
3861 2 2 3 4 2220 2230 2195
3862 2 2 3 4 2226 2231 2194
3863 2 2 3 4 2205 2245 2240
3864 2 2 3 4 2212 2263 2202
3865 2 2 3 4 333 2221 334
3866 2 2 3 4 357 2222 358
3867 2 2 3 4 2194 2262 2234
3868 2 2 3 4 2203 2253 2228
3869 2 2 3 4 334 2223 335
3870 2 2 3 4 367 2266 2261
3871 2 2 3 4 349 2267 2214
3872 2 2 3 4 2219 2232 2197
3873 2 2 3 4 2196 2232 2219
3874 2 2 3 4 2206 2247 2224
3875 2 2 3 4 2225 2248 2204
3876 2 2 3 4 2187 2260 2216
3877 2 2 3 4 2216 2260 2200
3878 2 2 3 4 2215 2268 2189
3879 2 2 3 4 2234 2262 2208
3880 2 2 3 4 2218 2270 2190
3881 2 2 3 4 331 2225 332
3882 2 2 3 4 359 2224 360
3883 2 2 3 4 2221 2223 334
3884 2 2 3 4 2214 2267 2207
3885 2 2 3 4 2188 2255 2251
3886 2 2 3 4 2192 2229 2227
3887 2 2 3 4 2190 2237 2218
3888 2 2 3 4 2218 2237 2195
3889 2 2 3 4 2217 2254 354
3890 2 2 3 4 353 2253 2217
3891 2 2 3 4 360 2234 361
3892 2 2 3 4 330 2235 331
3893 2 2 3 4 366 2266 367
3894 2 2 3 4 2204 2241 2221
3895 2 2 3 4 2192 2223 2221
3896 2 2 3 4 2223 2245 2205
3897 2 2 3 4 2227 2229 2191
3898 2 2 3 4 367 2261 28
3899 2 2 3 4 28 2261 348
3900 2 2 3 4 2216 2237 2190
3901 2 2 3 4 2215 2250 2187
3902 2 2 3 4 2196 2250 2215
3903 2 2 3 4 2222 2246 2206
3904 2 2 3 4 336 2230 337
3905 2 2 3 4 356 2249 357
3906 2 2 3 4 2214 2268 2201
3907 2 2 3 4 2224 2247 2194
3908 2 2 3 4 2193 2248 2225
3909 2 2 3 4 2230 2273 2205
3910 2 2 3 4 2201 2268 2215
3911 2 2 3 4 355 2263 356
3912 2 2 3 4 2224 2271 2206
3913 2 2 3 4 2204 2272 2225
3914 2 2 3 4 2205 2273 2223
3915 2 2 3 4 2221 2272 2204
3916 2 2 3 4 2206 2271 2222
3917 2 2 3 4 2221 2241 2192
3918 2 2 3 4 340 2233 341
3919 2 2 3 4 2192 2245 2223
3920 2 2 3 4 2193 2231 2226
3921 2 2 3 4 2231 2262 2194
3922 2 2 3 4 2225 2235 2193
3923 2 2 3 4 2194 2234 2224
3924 2 2 3 4 333 2272 2221
3925 2 2 3 4 2222 2271 358
3926 2 2 3 4 2223 2273 335
3927 2 2 3 4 2185 2246 2229
3928 2 2 3 4 2186 2245 2227
3929 2 2 3 4 2228 2244 2203
3930 2 2 3 4 2218 2240 2186
3931 2 2 3 4 2195 2240 2218
3932 2 2 3 4 2222 2249 2191
3933 2 2 3 4 2191 2246 2222
3934 2 2 3 4 364 2256 365
3935 2 2 3 4 2190 2269 2216
3936 2 2 3 4 2229 2241 2185
3937 2 2 3 4 2191 2264 2227
3938 2 2 3 4 2261 2266 2207
3939 2 2 3 4 359 2271 2224
3940 2 2 3 4 2225 2272 332
3941 2 2 3 4 342 2265 343
3942 2 2 3 4 2220 2252 338
3943 2 2 3 4 331 2235 2225
3944 2 2 3 4 2224 2234 360
3945 2 2 3 4 2185 2248 2226
3946 2 2 3 4 2226 2247 2185
3947 2 2 3 4 344 2258 345
3948 2 2 3 4 346 2257 347
3949 2 2 3 4 2217 2270 2254
3950 2 2 3 4 2200 2252 2220
3951 2 2 3 4 336 2273 2230
3952 2 2 3 4 2192 2241 2229
3953 2 2 3 4 2190 2270 2217
3954 2 2 3 4 2242 2255 2209
3955 2 2 3 4 2198 2255 2242
3956 2 2 3 4 351 2259 2228
3957 2 2 3 4 2219 2265 342
3958 2 2 3 4 2227 2245 2192
3959 2 2 3 4 338 2252 339
3960 2 2 3 4 357 2249 2222
3961 2 2 3 4 352 2253 353
3962 2 2 3 4 354 2254 355
3963 2 2 3 4 2194 2247 2226
3964 2 2 3 4 2226 2248 2193
3965 2 2 3 4 2197 2265 2219
3966 2 2 3 4 2201 2244 2228
3967 2 2 3 4 350 2259 351
3968 2 2 3 4 2229 2246 2191
3969 2 2 3 4 2188 2262 2231
3970 2 2 3 4 2236 2256 364
3971 2 2 3 4 2228 2259 2201
3972 2 2 3 4 343 2265 2236
3973 2 2 3 4 348 2267 349
3974 2 2 3 4 358 2271 359
3975 2 2 3 4 332 2272 333
3976 2 2 3 4 335 2273 336
3977 2 2 3 4 2227 2264 2186
3978 2 2 3 4 2239 2258 344
3979 2 2 3 4 347 2257 2238
3980 2 2 3 4 2254 2270 2202
3981 2 2 3 4 2197 2256 2236
3982 2 2 3 4 2236 2265 2197
3983 2 2 3 4 2238 2257 2198
3984 2 2 3 4 2199 2258 2239
3985 2 2 3 4 2210 2260 2250
3986 2 2 3 4 2250 2260 2187
3987 2 2 3 4 2202 2263 2254
3988 2 2 3 4 2254 2263 355
3989 2 2 3 4 2261 2267 348
3990 2 2 3 4 2207 2267 2261
3991 2 2 4 5 2277 2320 2298
3992 2 2 4 5 2319 2325 372
3993 2 2 4 5 2298 2320 2283
3994 2 2 4 5 2295 2319 370
3995 2 2 4 5 368 2304 369
3996 2 2 4 5 2307 2338 2278
3997 2 2 4 5 2278 2347 2307
3998 2 2 4 5 371 2319 372
3999 2 2 4 5 2304 2318 369
4000 2 2 4 5 2302 2303 2279
4001 2 2 4 5 2282 2303 2302
4002 2 2 4 5 403 2316 31
4003 2 2 4 5 370 2318 2295
4004 2 2 4 5 382 2331 383
4005 2 2 4 5 388 2332 389
4006 2 2 4 5 383 2331 2328
4007 2 2 4 5 2327 2332 388
4008 2 2 4 5 31 2316 384
4009 2 2 4 5 2298 2345 2277
4010 2 2 4 5 2289 2345 2298
4011 2 2 4 5 370 2319 371
4012 2 2 4 5 390 2332 2298
4013 2 2 4 5 2297 2331 381
4014 2 2 4 5 2290 2348 2301
4015 2 2 4 5 2301 2348 2345
4016 2 2 4 5 2326 2346 2296
4017 2 2 4 5 405 2301 406
4018 2 2 4 5 2288 2346 2326
4019 2 2 4 5 2298 2332 2289
4020 2 2 4 5 2298 2323 390
4021 2 2 4 5 381 2324 2297
4022 2 2 4 5 373 2325 2300
4023 2 2 4 5 2283 2323 2298
4024 2 2 4 5 2287 2325 2319
4025 2 2 4 5 369 2318 370
4026 2 2 4 5 389 2332 390
4027 2 2 4 5 381 2331 382
4028 2 2 4 5 2329 2356 2274
4029 2 2 4 5 2293 2339 2321
4030 2 2 4 5 2322 2340 2294
4031 2 2 4 5 2334 2335 2276
4032 2 2 4 5 2300 2353 2288
4033 2 2 4 5 2278 2353 2300
4034 2 2 4 5 385 2302 386
4035 2 2 4 5 398 2341 2299
4036 2 2 4 5 2299 2342 398
4037 2 2 4 5 2295 2356 2329
4038 2 2 4 5 32 2327 388
4039 2 2 4 5 383 2328 30
4040 2 2 4 5 2276 2336 2330
4041 2 2 4 5 2300 2354 373
4042 2 2 4 5 2321 2339 2286
4043 2 2 4 5 2285 2340 2322
4044 2 2 4 5 407 2327 32
4045 2 2 4 5 30 2328 404
4046 2 2 4 5 2300 2347 2278
4047 2 2 4 5 2291 2335 2334
4048 2 2 4 5 401 2305 402
4049 2 2 4 5 2337 2341 2286
4050 2 2 4 5 2285 2342 2338
4051 2 2 4 5 2338 2342 2299
4052 2 2 4 5 2299 2341 2337
4053 2 2 4 5 2274 2343 2340
4054 2 2 4 5 2288 2354 2300
4055 2 2 4 5 2330 2336 2292
4056 2 2 4 5 2306 2353 2337
4057 2 2 4 5 2296 2358 2326
4058 2 2 4 5 2307 2347 2287
4059 2 2 4 5 2306 2337 2286
4060 2 2 4 5 2285 2338 2307
4061 2 2 4 5 2279 2318 2304
4062 2 2 4 5 2301 2351 2290
4063 2 2 4 5 2301 2352 406
4064 2 2 4 5 405 2351 2301
4065 2 2 4 5 2289 2352 2301
4066 2 2 4 5 372 2325 373
4067 2 2 4 5 2340 2343 2294
4068 2 2 4 5 2328 2331 2290
4069 2 2 4 5 2289 2332 2327
4070 2 2 4 5 2301 2345 2289
4071 2 2 4 5 2282 2343 2303
4072 2 2 4 5 2305 2343 2282
4073 2 2 4 5 401 2362 2305
4074 2 2 4 5 2303 2343 2274
4075 2 2 4 5 2314 2320 2284
4076 2 2 4 5 377 2308 378
4077 2 2 4 5 393 2309 394
4078 2 2 4 5 2284 2355 2324
4079 2 2 4 5 394 2310 395
4080 2 2 4 5 2275 2339 2333
4081 2 2 4 5 376 2311 377
4082 2 2 4 5 2279 2350 2302
4083 2 2 4 5 2312 2335 2291
4084 2 2 4 5 2292 2336 2313
4085 2 2 4 5 387 2350 2304
4086 2 2 4 5 2324 2355 2297
4087 2 2 4 5 2275 2349 2346
4088 2 2 4 5 379 2313 380
4089 2 2 4 5 391 2312 392
4090 2 2 4 5 2309 2310 394
4091 2 2 4 5 2274 2356 2303
4092 2 2 4 5 377 2311 2308
4093 2 2 4 5 386 2350 387
4094 2 2 4 5 2345 2348 2277
4095 2 2 4 5 2315 2317 2281
4096 2 2 4 5 2305 2362 2294
4097 2 2 4 5 384 2344 385
4098 2 2 4 5 390 2323 391
4099 2 2 4 5 380 2324 381
4100 2 2 4 5 2308 2311 2281
4101 2 2 4 5 2308 2330 2292
4102 2 2 4 5 2333 2339 2293
4103 2 2 4 5 2280 2310 2309
4104 2 2 4 5 2280 2317 2315
4105 2 2 4 5 2310 2333 2293
4106 2 2 4 5 2304 2350 2279
4107 2 2 4 5 2302 2344 2282
4108 2 2 4 5 2291 2334 2309
4109 2 2 4 5 2294 2362 2322
4110 2 2 4 5 2321 2361 2293
4111 2 2 4 5 2283 2335 2312
4112 2 2 4 5 2313 2336 2284
4113 2 2 4 5 2302 2350 386
4114 2 2 4 5 2279 2356 2318
4115 2 2 4 5 2318 2356 2295
4116 2 2 4 5 397 2341 398
4117 2 2 4 5 398 2342 399
4118 2 2 4 5 2316 2344 384
4119 2 2 4 5 385 2344 2302
4120 2 2 4 5 2307 2329 2274
4121 2 2 4 5 2287 2329 2307
4122 2 2 4 5 2291 2359 2312
4123 2 2 4 5 2313 2360 2292
4124 2 2 4 5 2346 2349 2296
4125 2 2 4 5 373 2354 374
4126 2 2 4 5 2292 2360 2308
4127 2 2 4 5 2309 2359 2291
4128 2 2 4 5 2293 2361 2310
4129 2 2 4 5 402 2357 403
4130 2 2 4 5 2281 2330 2308
4131 2 2 4 5 2311 2349 2281
4132 2 2 4 5 2280 2333 2310
4133 2 2 4 5 2283 2320 2314
4134 2 2 4 5 399 2322 400
4135 2 2 4 5 396 2321 397
4136 2 2 4 5 2320 2355 2284
4137 2 2 4 5 2312 2323 2283
4138 2 2 4 5 2284 2324 2313
4139 2 2 4 5 2308 2360 378
4140 2 2 4 5 393 2359 2309
4141 2 2 4 5 2310 2361 395
4142 2 2 4 5 2317 2334 2276
4143 2 2 4 5 2296 2349 2311
4144 2 2 4 5 2275 2333 2315
4145 2 2 4 5 376 2358 2311
4146 2 2 4 5 2337 2353 2278
4147 2 2 4 5 2309 2334 2280
4148 2 2 4 5 2315 2349 2275
4149 2 2 4 5 2348 2355 2277
4150 2 2 4 5 2276 2330 2317
4151 2 2 4 5 2282 2357 2305
4152 2 2 4 5 403 2357 2316
4153 2 2 4 5 379 2360 2313
4154 2 2 4 5 2312 2359 392
4155 2 2 4 5 391 2323 2312
4156 2 2 4 5 2313 2324 380
4157 2 2 4 5 374 2326 375
4158 2 2 4 5 2314 2336 2276
4159 2 2 4 5 2276 2335 2314
4160 2 2 4 5 406 2352 407
4161 2 2 4 5 404 2351 405
4162 2 2 4 5 2311 2358 2296
4163 2 2 4 5 2303 2356 2279
4164 2 2 4 5 2294 2343 2305
4165 2 2 4 5 2305 2357 402
4166 2 2 4 5 368 2363 2304
4167 2 2 4 5 2306 2346 2288
4168 2 2 4 5 2275 2346 2306
4169 2 2 4 5 2274 2340 2307
4170 2 2 4 5 2306 2339 2275
4171 2 2 4 5 2307 2340 2285
4172 2 2 4 5 2286 2339 2306
4173 2 2 4 5 2317 2330 2281
4174 2 2 4 5 2304 2363 387
4175 2 2 4 5 2297 2355 2348
4176 2 2 4 5 2322 2342 2285
4177 2 2 4 5 2286 2341 2321
4178 2 2 4 5 2322 2362 400
4179 2 2 4 5 396 2361 2321
4180 2 2 4 5 2331 2348 2290
4181 2 2 4 5 2297 2348 2331
4182 2 2 4 5 2295 2329 2319
4183 2 2 4 5 2325 2347 2300
4184 2 2 4 5 2287 2347 2325
4185 2 2 4 5 2315 2333 2280
4186 2 2 4 5 387 2363 29
4187 2 2 4 5 2288 2353 2306
4188 2 2 4 5 2316 2357 2282
4189 2 2 4 5 2314 2335 2283
4190 2 2 4 5 2284 2336 2314
4191 2 2 4 5 2326 2354 2288
4192 2 2 4 5 2326 2358 375
4193 2 2 4 5 2280 2334 2317
4194 2 2 4 5 2277 2355 2320
4195 2 2 4 5 2282 2344 2316
4196 2 2 4 5 2319 2329 2287
4197 2 2 4 5 2281 2349 2315
4198 2 2 4 5 375 2358 376
4199 2 2 4 5 392 2359 393
4200 2 2 4 5 378 2360 379
4201 2 2 4 5 400 2362 401
4202 2 2 4 5 395 2361 396
4203 2 2 4 5 29 2363 368
4204 2 2 4 5 407 2352 2327
4205 2 2 4 5 2328 2351 404
4206 2 2 4 5 399 2342 2322
4207 2 2 4 5 2321 2341 397
4208 2 2 4 5 2337 2338 2299
4209 2 2 4 5 2278 2338 2337
4210 2 2 4 5 2290 2351 2328
4211 2 2 4 5 2327 2352 2289
4212 2 2 4 5 374 2354 2326
4213 2 2 5 6 2402 2448 2438
4214 2 2 5 6 413 2443 412
4215 2 2 5 6 2385 2479 2427
4216 2 2 5 6 2437 2485 2381
4217 2 2 5 6 2459 2468 2387
4218 2 2 5 6 2398 2468 2459
4219 2 2 5 6 420 2482 419
4220 2 2 5 6 2432 2504 2503
4221 2 2 5 6 2382 2465 2429
4222 2 2 5 6 2518 2563 2454
4223 2 2 5 6 2389 2518 2486
4224 2 2 5 6 2394 2504 2423
4225 2 2 5 6 2423 2504 2376
4226 2 2 5 6 2432 2503 2369
4227 2 2 5 6 2429 2539 2382
4228 2 2 5 6 2423 2488 2394
4229 2 2 5 6 2482 2521 419
4230 2 2 5 6 2443 2484 412
4231 2 2 5 6 2385 2554 2492
4232 2 2 5 6 2463 2477 2390
4233 2 2 5 6 2367 2463 2434
4234 2 2 5 6 2376 2541 2423
4235 2 2 5 6 2463 2540 2477
4236 2 2 5 6 2385 2492 2456
4237 2 2 5 6 2438 2523 2402
4238 2 2 5 6 2375 2520 2476
4239 2 2 5 6 2476 2520 2421
4240 2 2 5 6 2395 2571 2427
4241 2 2 5 6 2371 2563 2518
4242 2 2 5 6 2472 2518 2389
4243 2 2 5 6 2431 2531 256
4244 2 2 5 6 2391 2543 2447
4245 2 2 5 6 248 2582 249
4246 2 2 5 6 2381 2613 2437
4247 2 2 5 6 2448 2622 2438
4248 2 2 5 6 2427 2516 2385
4249 2 2 5 6 2439 2498 2392
4250 2 2 5 6 2383 2622 2448
4251 2 2 5 6 2390 2580 2436
4252 2 2 5 6 2397 2542 2428
4253 2 2 5 6 2427 2514 2395
4254 2 2 5 6 236 2458 237
4255 2 2 5 6 277 2499 2436
4256 2 2 5 6 2444 2582 248
4257 2 2 5 6 2404 2518 2454
4258 2 2 5 6 2437 2613 2523
4259 2 2 5 6 2375 2569 2520
4260 2 2 5 6 256 2530 2431
4261 2 2 5 6 2428 2505 2397
4262 2 2 5 6 2447 2543 2472
4263 2 2 5 6 418 2521 2441
4264 2 2 5 6 2434 2516 2367
4265 2 2 5 6 2446 2613 2381
4266 2 2 5 6 269 2457 268
4267 2 2 5 6 2400 2473 2443
4268 2 2 5 6 2369 2544 2432
4269 2 2 5 6 2445 2465 2382
4270 2 2 5 6 2391 2465 2445
4271 2 2 5 6 2440 2471 2384
4272 2 2 5 6 2520 2569 2426
4273 2 2 5 6 269 2600 2457
4274 2 2 5 6 2503 2504 2394
4275 2 2 5 6 2442 2496 2407
4276 2 2 5 6 254 2556 2469
4277 2 2 5 6 2523 2607 2437
4278 2 2 5 6 254 2469 255
4279 2 2 5 6 2459 2460 2398
4280 2 2 5 6 2364 2460 2459
4281 2 2 5 6 2460 2483 2388
4282 2 2 5 6 2431 2548 2531
4283 2 2 5 6 2438 2608 2523
4284 2 2 5 6 2531 2548 2409
4285 2 2 5 6 2379 2606 2451
4286 2 2 5 6 2485 2602 2381
4287 2 2 5 6 2439 2515 2498
4288 2 2 5 6 236 2536 2458
4289 2 2 5 6 2388 2594 2450
4290 2 2 5 6 2462 2474 2396
4291 2 2 5 6 2393 2474 2462
4292 2 2 5 6 2451 2578 2379
4293 2 2 5 6 2446 2522 2370
4294 2 2 5 6 2495 2572 2401
4295 2 2 5 6 2404 2517 2486
4296 2 2 5 6 2485 2607 242
4297 2 2 5 6 2392 2484 2443
4298 2 2 5 6 261 2451 262
4299 2 2 5 6 252 2452 253
4300 2 2 5 6 2523 2613 2402
4301 2 2 5 6 2517 2587 2486
4302 2 2 5 6 2443 2473 2392
4303 2 2 5 6 2450 2594 2560
4304 2 2 5 6 2384 2576 2440
4305 2 2 5 6 2470 2533 2405
4306 2 2 5 6 2480 2580 2390
4307 2 2 5 6 2392 2624 2439
4308 2 2 5 6 2395 2483 2440
4309 2 2 5 6 2368 2546 2450
4310 2 2 5 6 2450 2546 2411
4311 2 2 5 6 2493 2609 2425
4312 2 2 5 6 2436 2525 2390
4313 2 2 5 6 2436 2580 277
4314 2 2 5 6 2447 2472 2389
4315 2 2 5 6 2436 2606 2379
4316 2 2 5 6 2389 2501 2447
4317 2 2 5 6 2470 2575 2533
4318 2 2 5 6 258 2456 259
4319 2 2 5 6 2458 2509 2410
4320 2 2 5 6 2379 2525 2436
4321 2 2 5 6 2575 2603 2378
4322 2 2 5 6 274 2470 273
4323 2 2 5 6 2391 2515 2439
4324 2 2 5 6 2425 2617 2493
4325 2 2 5 6 419 2521 418
4326 2 2 5 6 2479 2514 2427
4327 2 2 5 6 2380 2611 2444
4328 2 2 5 6 2444 2611 2418
4329 2 2 5 6 2519 2592 2408
4330 2 2 5 6 2441 2551 2403
4331 2 2 5 6 2433 2535 2512
4332 2 2 5 6 2446 2552 2522
4333 2 2 5 6 2516 2571 2367
4334 2 2 5 6 2512 2535 2377
4335 2 2 5 6 2439 2543 2391
4336 2 2 5 6 2457 2600 2423
4337 2 2 5 6 2451 2606 2419
4338 2 2 5 6 2437 2607 2485
4339 2 2 5 6 2440 2576 2395
4340 2 2 5 6 2415 2572 2495
4341 2 2 5 6 2449 2571 2395
4342 2 2 5 6 2396 2558 2471
4343 2 2 5 6 274 2604 2470
4344 2 2 5 6 2492 2554 2412
4345 2 2 5 6 241 2485 242
4346 2 2 5 6 2460 2564 2483
4347 2 2 5 6 2452 2577 2413
4348 2 2 5 6 2412 2578 2451
4349 2 2 5 6 2378 2603 2477
4350 2 2 5 6 2452 2611 2577
4351 2 2 5 6 2469 2556 2413
4352 2 2 5 6 2481 2558 2396
4353 2 2 5 6 2408 2592 2508
4354 2 2 5 6 2441 2547 418
4355 2 2 5 6 2445 2515 2391
4356 2 2 5 6 2476 2501 2389
4357 2 2 5 6 272 2466 271
4358 2 2 5 6 2461 2483 2395
4359 2 2 5 6 2388 2483 2461
4360 2 2 5 6 2407 2562 2442
4361 2 2 5 6 413 2510 2443
4362 2 2 5 6 2399 2507 2441
4363 2 2 5 6 256 2531 257
4364 2 2 5 6 2403 2547 2441
4365 2 2 5 6 278 2499 277
4366 2 2 5 6 2490 2590 2368
4367 2 2 5 6 2418 2582 2444
4368 2 2 5 6 2373 2514 2479
4369 2 2 5 6 2447 2561 2391
4370 2 2 5 6 2475 2597 2570
4371 2 2 5 6 2443 2510 2400
4372 2 2 5 6 248 2513 2444
4373 2 2 5 6 2462 2569 2375
4374 2 2 5 6 2441 2521 2399
4375 2 2 5 6 2454 2526 2404
4376 2 2 5 6 2377 2526 2454
4377 2 2 5 6 266 2502 265
4378 2 2 5 6 2467 2535 2403
4379 2 2 5 6 2454 2512 2377
4380 2 2 5 6 2400 2512 2454
4381 2 2 5 6 2509 2568 2410
4382 2 2 5 6 235 2536 236
4383 2 2 5 6 252 2596 2452
4384 2 2 5 6 2451 2595 262
4385 2 2 5 6 2427 2571 2516
4386 2 2 5 6 2468 2491 2370
4387 2 2 5 6 2398 2491 2468
4388 2 2 5 6 2453 2557 2382
4389 2 2 5 6 2410 2557 2453
4390 2 2 5 6 2500 2535 2433
4391 2 2 5 6 2473 2624 2392
4392 2 2 5 6 2489 2536 235
4393 2 2 5 6 2456 2492 259
4394 2 2 5 6 410 2549 2495
4395 2 2 5 6 2470 2604 2424
4396 2 2 5 6 2435 2590 2490
4397 2 2 5 6 2374 2515 2445
4398 2 2 5 6 2469 2553 2386
4399 2 2 5 6 2413 2553 2469
4400 2 2 5 6 2511 2528 2417
4401 2 2 5 6 415 2478 414
4402 2 2 5 6 2486 2518 2404
4403 2 2 5 6 2498 2515 2374
4404 2 2 5 6 2447 2501 2366
4405 2 2 5 6 2457 2541 2397
4406 2 2 5 6 2453 2529 239
4407 2 2 5 6 2369 2481 2474
4408 2 2 5 6 2474 2481 2396
4409 2 2 5 6 2474 2544 2369
4410 2 2 5 6 2394 2488 2466
4411 2 2 5 6 2423 2541 2457
4412 2 2 5 6 2466 2488 271
4413 2 2 5 6 2444 2559 2380
4414 2 2 5 6 2471 2497 2396
4415 2 2 5 6 250 2582 2567
4416 2 2 5 6 2382 2557 2445
4417 2 2 5 6 410 2495 409
4418 2 2 5 6 2395 2576 2449
4419 2 2 5 6 2445 2568 2374
4420 2 2 5 6 2496 2577 2380
4421 2 2 5 6 2435 2577 2496
4422 2 2 5 6 2391 2561 2465
4423 2 2 5 6 2475 2548 2431
4424 2 2 5 6 2462 2506 2393
4425 2 2 5 6 2403 2535 2500
4426 2 2 5 6 266 2626 2502
4427 2 2 5 6 2496 2559 2407
4428 2 2 5 6 2475 2570 2373
4429 2 2 5 6 2381 2552 2446
4430 2 2 5 6 2370 2550 2446
4431 2 2 5 6 2431 2610 2475
4432 2 2 5 6 2475 2610 2386
4433 2 2 5 6 261 2555 2451
4434 2 2 5 6 2452 2556 253
4435 2 2 5 6 2395 2514 2461
4436 2 2 5 6 2467 2511 2417
4437 2 2 5 6 2570 2597 2414
4438 2 2 5 6 2406 2528 2511
4439 2 2 5 6 2450 2534 2388
4440 2 2 5 6 2397 2589 2457
4441 2 2 5 6 2390 2525 2463
4442 2 2 5 6 2467 2585 2535
4443 2 2 5 6 2532 2609 2406
4444 2 2 5 6 2577 2611 2380
4445 2 2 5 6 2366 2561 2447
4446 2 2 5 6 2368 2560 2490
4447 2 2 5 6 2400 2563 2473
4448 2 2 5 6 2365 2609 2493
4449 2 2 5 6 2413 2556 2452
4450 2 2 5 6 2451 2555 2412
4451 2 2 5 6 2537 2558 2420
4452 2 2 5 6 249 2582 250
4453 2 2 5 6 2464 2545 2405
4454 2 2 5 6 2448 2538 2383
4455 2 2 5 6 2494 2542 2397
4456 2 2 5 6 276 2480 275
4457 2 2 5 6 2402 2550 2448
4458 2 2 5 6 2375 2506 2462
4459 2 2 5 6 2408 2552 2519
4460 2 2 5 6 2507 2551 2441
4461 2 2 5 6 239 2599 2453
4462 2 2 5 6 2406 2494 2487
4463 2 2 5 6 2472 2543 2371
4464 2 2 5 6 2552 2605 2519
4465 2 2 5 6 2546 2590 2442
4466 2 2 5 6 258 2574 2456
4467 2 2 5 6 2454 2563 2400
4468 2 2 5 6 2419 2595 2451
4469 2 2 5 6 2507 2583 2372
4470 2 2 5 6 2455 2586 246
4471 2 2 5 6 2369 2503 2464
4472 2 2 5 6 272 2524 2466
4473 2 2 5 6 2411 2579 2450
4474 2 2 5 6 2401 2509 2458
4475 2 2 5 6 2372 2583 2542
4476 2 2 5 6 2482 2635 2399
4477 2 2 5 6 2450 2560 2368
4478 2 2 5 6 2396 2569 2462
4479 2 2 5 6 2411 2598 2491
4480 2 2 5 6 2406 2511 2494
4481 2 2 5 6 246 2565 2455
4482 2 2 5 6 2388 2534 2460
4483 2 2 5 6 2495 2549 2415
4484 2 2 5 6 2461 2514 2373
4485 2 2 5 6 2480 2603 2424
4486 2 2 5 6 2513 2559 2444
4487 2 2 5 6 271 2488 270
4488 2 2 5 6 2466 2524 2405
4489 2 2 5 6 415 2628 2478
4490 2 2 5 6 412 2484 411
4491 2 2 5 6 259 2492 260
4492 2 2 5 6 2397 2541 2487
4493 2 2 5 6 2453 2599 2410
4494 2 2 5 6 2407 2586 2455
4495 2 2 5 6 2399 2635 2502
4496 2 2 5 6 2421 2501 2476
4497 2 2 5 6 2368 2590 2546
4498 2 2 5 6 2372 2511 2467
4499 2 2 5 6 2382 2581 2453
4500 2 2 5 6 2424 2603 2575
4501 2 2 5 6 2538 2598 2411
4502 2 2 5 6 2416 2602 2485
4503 2 2 5 6 2387 2614 2459
4504 2 2 5 6 2455 2562 2407
4505 2 2 5 6 2522 2552 2408
4506 2 2 5 6 2567 2596 251
4507 2 2 5 6 263 2595 2566
4508 2 2 5 6 2493 2617 2393
4509 2 2 5 6 2407 2559 2513
4510 2 2 5 6 2459 2616 2364
4511 2 2 5 6 2458 2527 237
4512 2 2 5 6 263 2566 20
4513 2 2 5 6 19 2567 251
4514 2 2 5 6 2457 2589 268
4515 2 2 5 6 20 2566 279
4516 2 2 5 6 250 2567 19
4517 2 2 5 6 2433 2512 2478
4518 2 2 5 6 2487 2494 2397
4519 2 2 5 6 2490 2560 2414
4520 2 2 5 6 2460 2534 2398
4521 2 2 5 6 2464 2623 2369
4522 2 2 5 6 2390 2603 2480
4523 2 2 5 6 2410 2527 2458
4524 2 2 5 6 2370 2522 2468
4525 2 2 5 6 251 2596 252
4526 2 2 5 6 262 2595 263
4527 2 2 5 6 2420 2558 2481
4528 2 2 5 6 239 2529 240
4529 2 2 5 6 2478 2628 2433
4530 2 2 5 6 2494 2511 2372
4531 2 2 5 6 2543 2624 2371
4532 2 2 5 6 2458 2536 2401
4533 2 2 5 6 2393 2506 2493
4534 2 2 5 6 2470 2524 273
4535 2 2 5 6 2466 2545 2394
4536 2 2 5 6 2461 2594 2388
4537 2 2 5 6 2364 2564 2460
4538 2 2 5 6 2371 2518 2472
4539 2 2 5 6 2400 2510 2478
4540 2 2 5 6 2424 2604 2480
4541 2 2 5 6 2620 2623 2464
4542 2 2 5 6 2405 2533 2464
4543 2 2 5 6 2399 2521 2482
4544 2 2 5 6 2456 2588 2385
4545 2 2 5 6 2499 2606 2436
4546 2 2 5 6 2574 2588 2456
4547 2 2 5 6 2409 2588 2574
4548 2 2 5 6 2367 2540 2463
4549 2 2 5 6 2405 2524 2470
4550 2 2 5 6 2420 2623 2620
4551 2 2 5 6 2479 2548 2373
4552 2 2 5 6 2409 2548 2479
4553 2 2 5 6 2373 2570 2461
4554 2 2 5 6 2614 2632 2520
4555 2 2 5 6 2478 2510 414
4556 2 2 5 6 2423 2600 2488
4557 2 2 5 6 2471 2630 2497
4558 2 2 5 6 2384 2558 2537
4559 2 2 5 6 2463 2612 2434
4560 2 2 5 6 2478 2512 2400
4561 2 2 5 6 2505 2589 2397
4562 2 2 5 6 2417 2528 2517
4563 2 2 5 6 2517 2528 2365
4564 2 2 5 6 2469 2530 255
4565 2 2 5 6 2467 2551 2372
4566 2 2 5 6 2403 2551 2467
4567 2 2 5 6 2406 2609 2528
4568 2 2 5 6 2401 2572 2509
4569 2 2 5 6 2405 2545 2466
4570 2 2 5 6 2465 2629 2429
4571 2 2 5 6 2468 2601 2387
4572 2 2 5 6 2477 2631 2378
4573 2 2 5 6 2430 2631 2477
4574 2 2 5 6 417 2500 416
4575 2 2 5 6 2417 2585 2467
4576 2 2 5 6 2480 2604 275
4577 2 2 5 6 414 2510 413
4578 2 2 5 6 2440 2630 2471
4579 2 2 5 6 2503 2545 2464
4580 2 2 5 6 2432 2617 2584
4581 2 2 5 6 2432 2584 2504
4582 2 2 5 6 2504 2584 2376
4583 2 2 5 6 2484 2549 411
4584 2 2 5 6 2386 2553 2490
4585 2 2 5 6 2490 2553 2435
4586 2 2 5 6 2471 2558 2384
4587 2 2 5 6 2366 2592 2519
4588 2 2 5 6 2493 2506 2422
4589 2 2 5 6 2429 2605 2602
4590 2 2 5 6 277 2580 276
4591 2 2 5 6 2433 2628 2500
4592 2 2 5 6 2455 2622 2562
4593 2 2 5 6 418 2547 417
4594 2 2 5 6 2477 2540 2430
4595 2 2 5 6 2497 2569 2396
4596 2 2 5 6 247 2513 248
4597 2 2 5 6 2386 2610 2469
4598 2 2 5 6 2424 2575 2470
4599 2 2 5 6 2393 2544 2474
4600 2 2 5 6 2426 2614 2520
4601 2 2 5 6 2488 2600 270
4602 2 2 5 6 257 2574 258
4603 2 2 5 6 2562 2622 2383
4604 2 2 5 6 246 2586 247
4605 2 2 5 6 2489 2621 2401
4606 2 2 5 6 2365 2587 2517
4607 2 2 5 6 2473 2563 2371
4608 2 2 5 6 2422 2587 2493
4609 2 2 5 6 2493 2587 2365
4610 2 2 5 6 238 2599 239
4611 2 2 5 6 2371 2624 2473
4612 2 2 5 6 2401 2621 2495
4613 2 2 5 6 2373 2548 2475
4614 2 2 5 6 2500 2547 2403
4615 2 2 5 6 2497 2630 2364
4616 2 2 5 6 2517 2526 2417
4617 2 2 5 6 2429 2602 2539
4618 2 2 5 6 2428 2583 2502
4619 2 2 5 6 2502 2583 2399
4620 2 2 5 6 2492 2555 260
4621 2 2 5 6 2567 2582 2418
4622 2 2 5 6 2502 2626 2428
4623 2 2 5 6 245 2565 246
4624 2 2 5 6 2370 2598 2550
4625 2 2 5 6 2550 2598 2448
4626 2 2 5 6 243 2523 244
4627 2 2 5 6 273 2524 272
4628 2 2 5 6 2412 2555 2492
4629 2 2 5 6 2425 2609 2532
4630 2 2 5 6 2376 2532 2487
4631 2 2 5 6 2439 2624 2543
4632 2 2 5 6 2421 2592 2501
4633 2 2 5 6 2386 2597 2475
4634 2 2 5 6 2369 2623 2481
4635 2 2 5 6 2487 2532 2406
4636 2 2 5 6 237 2527 238
4637 2 2 5 6 268 2589 267
4638 2 2 5 6 2481 2623 2420
4639 2 2 5 6 2535 2585 2377
4640 2 2 5 6 2389 2615 2476
4641 2 2 5 6 2476 2618 2375
4642 2 2 5 6 2420 2620 2537
4643 2 2 5 6 2500 2628 416
4644 2 2 5 6 2483 2564 2440
4645 2 2 5 6 2385 2588 2479
4646 2 2 5 6 2486 2615 2389
4647 2 2 5 6 2422 2615 2486
4648 2 2 5 6 267 2626 266
4649 2 2 5 6 255 2530 256
4650 2 2 5 6 2479 2588 2409
4651 2 2 5 6 2477 2603 2390
4652 2 2 5 6 2487 2541 2376
4653 2 2 5 6 2620 2631 2537
4654 2 2 5 6 2544 2617 2432
4655 2 2 5 6 2562 2619 2442
4656 2 2 5 6 2442 2590 2496
4657 2 2 5 6 2380 2559 2496
4658 2 2 5 6 2387 2632 2614
4659 2 2 5 6 2401 2536 2489
4660 2 2 5 6 2526 2585 2417
4661 2 2 5 6 2374 2568 2509
4662 2 2 5 6 2374 2572 2498
4663 2 2 5 6 2498 2572 2415
4664 2 2 5 6 2513 2586 2407
4665 2 2 5 6 276 2580 2480
4666 2 2 5 6 2501 2592 2366
4667 2 2 5 6 241 2573 2485
4668 2 2 5 6 2372 2542 2494
4669 2 2 5 6 2398 2579 2491
4670 2 2 5 6 2491 2579 2411
4671 2 2 5 6 2531 2574 257
4672 2 2 5 6 2484 2593 2549
4673 2 2 5 6 409 2621 408
4674 2 2 5 6 408 2621 2489
4675 2 2 5 6 411 2549 410
4676 2 2 5 6 267 2589 2505
4677 2 2 5 6 243 2607 2523
4678 2 2 5 6 2523 2608 244
4679 2 2 5 6 2404 2526 2517
4680 2 2 5 6 2485 2573 2416
4681 2 2 5 6 253 2556 254
4682 2 2 5 6 260 2555 261
4683 2 2 5 6 264 2635 2482
4684 2 2 5 6 2505 2626 267
4685 2 2 5 6 2383 2619 2562
4686 2 2 5 6 2402 2613 2550
4687 2 2 5 6 2550 2613 2446
4688 2 2 5 6 420 2633 2482
4689 2 2 5 6 2497 2616 2426
4690 2 2 5 6 2364 2616 2497
4691 2 2 5 6 2533 2620 2464
4692 2 2 5 6 2566 2595 2419
4693 2 2 5 6 2418 2596 2567
4694 2 2 5 6 2482 2633 264
4695 2 2 5 6 2486 2587 2422
4696 2 2 5 6 240 2573 241
4697 2 2 5 6 2434 2578 2554
4698 2 2 5 6 2553 2577 2435
4699 2 2 5 6 2554 2578 2412
4700 2 2 5 6 2413 2577 2553
4701 2 2 5 6 2490 2597 2386
4702 2 2 5 6 2414 2597 2490
4703 2 2 5 6 2410 2599 2527
4704 2 2 5 6 2394 2545 2503
4705 2 2 5 6 2434 2554 2516
4706 2 2 5 6 2516 2554 2385
4707 2 2 5 6 417 2547 2500
4708 2 2 5 6 279 2591 278
4709 2 2 5 6 2372 2551 2507
4710 2 2 5 6 265 2635 264
4711 2 2 5 6 2560 2594 2414
4712 2 2 5 6 2392 2593 2484
4713 2 2 5 6 2508 2601 2408
4714 2 2 5 6 2415 2593 2498
4715 2 2 5 6 2498 2593 2392
4716 2 2 5 6 2584 2617 2425
4717 2 2 5 6 2375 2618 2506
4718 2 2 5 6 2533 2575 2378
4719 2 2 5 6 2426 2569 2497
4720 2 2 5 6 2491 2598 2370
4721 2 2 5 6 270 2600 269
4722 2 2 5 6 275 2604 274
4723 2 2 5 6 242 2607 243
4724 2 2 5 6 244 2608 245
4725 2 2 5 6 2496 2590 2435
4726 2 2 5 6 2489 2634 408
4727 2 2 5 6 18 2634 235
4728 2 2 5 6 264 2633 21
4729 2 2 5 6 2377 2585 2526
4730 2 2 5 6 235 2634 2489
4731 2 2 5 6 2408 2601 2522
4732 2 2 5 6 416 2628 415
4733 2 2 5 6 408 2634 18
4734 2 2 5 6 21 2633 420
4735 2 2 5 6 2495 2621 409
4736 2 2 5 6 2450 2579 2534
4737 2 2 5 6 2376 2584 2532
4738 2 2 5 6 2509 2572 2374
4739 2 2 5 6 2522 2601 2468
4740 2 2 5 6 2506 2618 2422
4741 2 2 5 6 2557 2568 2445
4742 2 2 5 6 2532 2584 2425
4743 2 2 5 6 2411 2619 2538
4744 2 2 5 6 278 2591 2499
4745 2 2 5 6 2571 2627 2367
4746 2 2 5 6 2449 2627 2571
4747 2 2 5 6 2546 2619 2411
4748 2 2 5 6 2499 2591 2419
4749 2 2 5 6 2399 2583 2507
4750 2 2 5 6 2576 2625 2449
4751 2 2 5 6 2384 2625 2576
4752 2 2 5 6 2570 2594 2461
4753 2 2 5 6 2419 2606 2499
4754 2 2 5 6 2549 2593 2415
4755 2 2 5 6 2602 2605 2381
4756 2 2 5 6 2519 2629 2366
4757 2 2 5 6 2429 2629 2519
4758 2 2 5 6 247 2586 2513
4759 2 2 5 6 2418 2611 2596
4760 2 2 5 6 2596 2611 2452
4761 2 2 5 6 2508 2592 2421
4762 2 2 5 6 2529 2573 240
4763 2 2 5 6 2387 2601 2508
4764 2 2 5 6 2416 2573 2529
4765 2 2 5 6 2564 2630 2440
4766 2 2 5 6 2540 2627 2430
4767 2 2 5 6 2502 2635 265
4768 2 2 5 6 2525 2612 2463
4769 2 2 5 6 2534 2579 2398
4770 2 2 5 6 2381 2605 2552
4771 2 2 5 6 2561 2629 2465
4772 2 2 5 6 2428 2626 2505
4773 2 2 5 6 2409 2574 2531
4774 2 2 5 6 2508 2632 2387
4775 2 2 5 6 2421 2632 2508
4776 2 2 5 6 2519 2605 2429
4777 2 2 5 6 2529 2581 2416
4778 2 2 5 6 2453 2581 2529
4779 2 2 5 6 2410 2568 2557
4780 2 2 5 6 245 2608 2565
4781 2 2 5 6 2364 2630 2564
4782 2 2 5 6 2565 2608 2438
4783 2 2 5 6 2416 2581 2539
4784 2 2 5 6 2442 2619 2546
4785 2 2 5 6 2539 2581 2382
4786 2 2 5 6 2542 2583 2428
4787 2 2 5 6 2527 2599 238
4788 2 2 5 6 2379 2612 2525
4789 2 2 5 6 2367 2627 2540
4790 2 2 5 6 2520 2632 2421
4791 2 2 5 6 2528 2609 2365
4792 2 2 5 6 2448 2598 2538
4793 2 2 5 6 2566 2591 279
4794 2 2 5 6 2430 2625 2537
4795 2 2 5 6 2537 2625 2384
4796 2 2 5 6 2469 2610 2530
4797 2 2 5 6 2530 2610 2431
4798 2 2 5 6 2539 2602 2416
4799 2 2 5 6 2378 2620 2533
4800 2 2 5 6 2578 2612 2379
4801 2 2 5 6 2434 2612 2578
4802 2 2 5 6 2538 2619 2383
4803 2 2 5 6 2393 2617 2544
4804 2 2 5 6 2414 2594 2570
4805 2 2 5 6 2537 2631 2430
4806 2 2 5 6 2419 2591 2566
4807 2 2 5 6 2438 2622 2565
4808 2 2 5 6 2565 2622 2455
4809 2 2 5 6 2625 2627 2449
4810 2 2 5 6 2430 2627 2625
4811 2 2 5 6 2366 2629 2561
4812 2 2 5 6 2378 2631 2620
4813 2 2 5 6 2614 2616 2459
4814 2 2 5 6 2615 2618 2476
4815 2 2 5 6 2426 2616 2614
4816 2 2 5 6 2422 2618 2615
4817 2 2 6 7 2667 2831 2714
4818 2 2 6 7 328 2704 25
4819 2 2 6 7 2642 2749 2725
4820 2 2 6 7 2693 2789 2662
4821 2 2 6 7 2645 2681 2671
4822 2 2 6 7 2792 2807 2736
4823 2 2 6 7 348 2699 28
4824 2 2 6 7 2637 2800 2716
4825 2 2 6 7 356 2702 355
4826 2 2 6 7 27 2703 363
4827 2 2 6 7 2685 2773 2649
4828 2 2 6 7 28 2775 2713
4829 2 2 6 7 2747 2857 2683
4830 2 2 6 7 2648 2789 2693
4831 2 2 6 7 460 2765 461
4832 2 2 6 7 457 2826 2698
4833 2 2 6 7 2697 2870 2650
4834 2 2 6 7 2720 2785 2638
4835 2 2 6 7 2793 2816 2769
4836 2 2 6 7 359 2707 358
4837 2 2 6 7 351 2708 350
4838 2 2 6 7 2716 2800 2684
4839 2 2 6 7 2733 2764 2660
4840 2 2 6 7 2686 2762 2655
4841 2 2 6 7 432 2679 431
4842 2 2 6 7 2695 2860 445
4843 2 2 6 7 2672 2786 2728
4844 2 2 6 7 2738 2839 25
4845 2 2 6 7 353 2711 352
4846 2 2 6 7 361 2712 360
4847 2 2 6 7 2644 2765 2714
4848 2 2 6 7 2690 2839 2738
4849 2 2 6 7 2709 2815 2771
4850 2 2 6 7 2641 2770 2731
4851 2 2 6 7 2649 2717 2685
4852 2 2 6 7 2646 2807 2792
4853 2 2 6 7 2701 2719 2658
4854 2 2 6 7 294 2706 295
4855 2 2 6 7 2650 2778 2697
4856 2 2 6 7 2671 2737 2645
4857 2 2 6 7 2649 2773 2705
4858 2 2 6 7 2662 2829 2693
4859 2 2 6 7 457 2698 458
4860 2 2 6 7 437 2717 436
4861 2 2 6 7 2770 2835 2679
4862 2 2 6 7 2667 2776 2698
4863 2 2 6 7 2683 2785 2720
4864 2 2 6 7 2679 2835 431
4865 2 2 6 7 2757 2826 27
4866 2 2 6 7 28 2713 367
4867 2 2 6 7 2674 2778 2758
4868 2 2 6 7 2764 2865 2696
4869 2 2 6 7 2764 2795 2660
4870 2 2 6 7 2704 2738 25
4871 2 2 6 7 2762 2868 2655
4872 2 2 6 7 2636 2747 2683
4873 2 2 6 7 2737 2818 2645
4874 2 2 6 7 2653 2713 2695
4875 2 2 6 7 2684 2810 2716
4876 2 2 6 7 367 2754 366
4877 2 2 6 7 26 2865 2764
4878 2 2 6 7 2714 2831 2644
4879 2 2 6 7 2725 2749 2678
4880 2 2 6 7 2769 2816 2657
4881 2 2 6 7 2738 2789 2690
4882 2 2 6 7 445 2756 2695
4883 2 2 6 7 337 2718 336
4884 2 2 6 7 2728 2786 2640
4885 2 2 6 7 2697 2778 2674
4886 2 2 6 7 2687 2744 2656
4887 2 2 6 7 2656 2744 2688
4888 2 2 6 7 2717 2825 436
4889 2 2 6 7 432 2728 2679
4890 2 2 6 7 2818 2856 2645
4891 2 2 6 7 2713 2754 367
4892 2 2 6 7 2715 2791 2647
4893 2 2 6 7 2714 2776 2667
4894 2 2 6 7 2682 2709 2651
4895 2 2 6 7 2716 2810 2649
4896 2 2 6 7 2745 2806 2656
4897 2 2 6 7 2655 2761 2725
4898 2 2 6 7 345 2721 344
4899 2 2 6 7 2654 2735 2670
4900 2 2 6 7 2696 2812 2764
4901 2 2 6 7 2698 2757 2667
4902 2 2 6 7 2765 2850 461
4903 2 2 6 7 26 2733 343
4904 2 2 6 7 2644 2797 2765
4905 2 2 6 7 2791 2881 2647
4906 2 2 6 7 2788 2879 2645
4907 2 2 6 7 454 2760 2712
4908 2 2 6 7 2728 2851 2672
4909 2 2 6 7 2719 2748 2658
4910 2 2 6 7 449 2759 2711
4911 2 2 6 7 2657 2816 2787
4912 2 2 6 7 2758 2778 2666
4913 2 2 6 7 2718 2868 2762
4914 2 2 6 7 2709 2771 2663
4915 2 2 6 7 2698 2826 2757
4916 2 2 6 7 2640 2816 2793
4917 2 2 6 7 2693 2799 2648
4918 2 2 6 7 2725 2804 2655
4919 2 2 6 7 2708 2759 449
4920 2 2 6 7 2716 2748 2637
4921 2 2 6 7 2707 2760 454
4922 2 2 6 7 328 2753 2704
4923 2 2 6 7 2654 2817 2710
4924 2 2 6 7 2756 2842 2653
4925 2 2 6 7 2802 2856 2692
4926 2 2 6 7 2731 2770 2679
4927 2 2 6 7 2666 2802 2692
4928 2 2 6 7 348 2820 2699
4929 2 2 6 7 2702 2823 355
4930 2 2 6 7 356 2821 2702
4931 2 2 6 7 2703 2822 363
4932 2 2 6 7 2730 2822 2703
4933 2 2 6 7 2729 2823 2702
4934 2 2 6 7 2651 2750 2731
4935 2 2 6 7 2713 2775 2695
4936 2 2 6 7 2658 2748 2716
4937 2 2 6 7 2645 2856 2788
4938 2 2 6 7 2658 2751 2701
4939 2 2 6 7 2705 2751 2658
4940 2 2 6 7 2699 2775 28
4941 2 2 6 7 2803 2834 2643
4942 2 2 6 7 2702 2821 2727
4943 2 2 6 7 2722 2766 2648
4944 2 2 6 7 2669 2825 2717
4945 2 2 6 7 2705 2878 2649
4946 2 2 6 7 2736 2807 2672
4947 2 2 6 7 2699 2820 2726
4948 2 2 6 7 2694 2830 443
4949 2 2 6 7 2787 2816 2689
4950 2 2 6 7 456 2730 2703
4951 2 2 6 7 2707 2845 358
4952 2 2 6 7 2691 2856 2802
4953 2 2 6 7 2703 2826 457
4954 2 2 6 7 2830 2842 2756
4955 2 2 6 7 451 2729 2702
4956 2 2 6 7 2708 2844 350
4957 2 2 6 7 2787 2829 2662
4958 2 2 6 7 27 2826 2703
4959 2 2 6 7 2653 2847 2713
4960 2 2 6 7 2700 2803 2674
4961 2 2 6 7 2732 2750 2663
4962 2 2 6 7 2746 2805 2664
4963 2 2 6 7 2785 2857 2755
4964 2 2 6 7 2702 2727 452
4965 2 2 6 7 2643 2862 2697
4966 2 2 6 7 2699 2726 447
4967 2 2 6 7 353 2848 2711
4968 2 2 6 7 2656 2724 2687
4969 2 2 6 7 361 2849 2712
4970 2 2 6 7 2674 2803 2697
4971 2 2 6 7 2692 2784 2666
4972 2 2 6 7 359 2760 2707
4973 2 2 6 7 444 2756 445
4974 2 2 6 7 435 2736 434
4975 2 2 6 7 351 2759 2708
4976 2 2 6 7 2683 2882 2636
4977 2 2 6 7 454 2712 455
4978 2 2 6 7 449 2711 450
4979 2 2 6 7 446 2775 2699
4980 2 2 6 7 2695 2756 2653
4981 2 2 6 7 2652 2785 2755
4982 2 2 6 7 2636 2794 2691
4983 2 2 6 7 2731 2793 2651
4984 2 2 6 7 2710 2801 2654
4985 2 2 6 7 2693 2829 2646
4986 2 2 6 7 2673 2795 2764
4987 2 2 6 7 2711 2759 352
4988 2 2 6 7 2712 2760 360
4989 2 2 6 7 26 2764 2733
4990 2 2 6 7 2655 2732 2686
4991 2 2 6 7 2669 2792 2736
4992 2 2 6 7 292 2735 293
4993 2 2 6 7 290 2734 291
4994 2 2 6 7 2647 2794 2715
4995 2 2 6 7 2689 2829 2787
4996 2 2 6 7 2670 2817 2654
4997 2 2 6 7 448 2708 449
4998 2 2 6 7 453 2707 454
4999 2 2 6 7 2650 2857 2747
5000 2 2 6 7 2658 2878 2705
5001 2 2 6 7 2723 2745 2643
5002 2 2 6 7 2644 2766 2722
5003 2 2 6 7 2649 2810 2717
5004 2 2 6 7 2715 2882 2808
5005 2 2 6 7 2717 2810 2669
5006 2 2 6 7 433 2728 432
5007 2 2 6 7 2672 2851 2736
5008 2 2 6 7 2710 2817 2639
5009 2 2 6 7 2736 2851 434
5010 2 2 6 7 2682 2798 2709
5011 2 2 6 7 2723 2806 2745
5012 2 2 6 7 347 2741 346
5013 2 2 6 7 2704 2787 2738
5014 2 2 6 7 334 2742 333
5015 2 2 6 7 2676 2748 2719
5016 2 2 6 7 2655 2868 2761
5017 2 2 6 7 339 2743 338
5018 2 2 6 7 341 2744 340
5019 2 2 6 7 456 2703 457
5020 2 2 6 7 451 2702 452
5021 2 2 6 7 446 2699 447
5022 2 2 6 7 2648 2799 2722
5023 2 2 6 7 441 2801 2710
5024 2 2 6 7 2712 2730 455
5025 2 2 6 7 2711 2729 450
5026 2 2 6 7 2725 2761 2642
5027 2 2 6 7 2700 2834 2803
5028 2 2 6 7 2676 2850 2765
5029 2 2 6 7 2807 2829 2689
5030 2 2 6 7 448 2726 2708
5031 2 2 6 7 440 2801 441
5032 2 2 6 7 2784 2818 424
5033 2 2 6 7 453 2727 2707
5034 2 2 6 7 2731 2750 2641
5035 2 2 6 7 2724 2761 2665
5036 2 2 6 7 423 2737 422
5037 2 2 6 7 286 2739 287
5038 2 2 6 7 288 2740 289
5039 2 2 6 7 2791 2808 2639
5040 2 2 6 7 2722 2799 2637
5041 2 2 6 7 365 2746 364
5042 2 2 6 7 437 2836 2717
5043 2 2 6 7 2691 2802 2636
5044 2 2 6 7 455 2730 456
5045 2 2 6 7 2663 2771 2742
5046 2 2 6 7 426 2758 425
5047 2 2 6 7 450 2729 451
5048 2 2 6 7 2638 2837 2720
5049 2 2 6 7 2666 2784 2758
5050 2 2 6 7 433 2851 2728
5051 2 2 6 7 2745 2832 2660
5052 2 2 6 7 2651 2769 2682
5053 2 2 6 7 2747 2778 2650
5054 2 2 6 7 452 2727 453
5055 2 2 6 7 447 2726 448
5056 2 2 6 7 2755 2870 2673
5057 2 2 6 7 2721 2831 2667
5058 2 2 6 7 2718 2762 336
5059 2 2 6 7 2721 2757 344
5060 2 2 6 7 337 2772 2718
5061 2 2 6 7 345 2768 2721
5062 2 2 6 7 2654 2869 2706
5063 2 2 6 7 2649 2878 2716
5064 2 2 6 7 2758 2784 425
5065 2 2 6 7 63 2828 5
5066 2 2 6 7 2719 2850 2676
5067 2 2 6 7 2641 2750 2732
5068 2 2 6 7 459 2776 2714
5069 2 2 6 7 461 2850 462
5070 2 2 6 7 2716 2878 2658
5071 2 2 6 7 329 2753 328
5072 2 2 6 7 2668 2831 2721
5073 2 2 6 7 5 2828 438
5074 2 2 6 7 2706 2852 295
5075 2 2 6 7 2698 2776 458
5076 2 2 6 7 2717 2836 2685
5077 2 2 6 7 2661 2879 2788
5078 2 2 6 7 2724 2871 2687
5079 2 2 6 7 2662 2789 2738
5080 2 2 6 7 344 2757 27
5081 2 2 6 7 443 2777 2694
5082 2 2 6 7 462 2850 2719
5083 2 2 6 7 2640 2859 2728
5084 2 2 6 7 59 2751 60
5085 2 2 6 7 2697 2803 2643
5086 2 2 6 7 2656 2854 2745
5087 2 2 6 7 2715 2808 2791
5088 2 2 6 7 352 2759 351
5089 2 2 6 7 2674 2790 2700
5090 2 2 6 7 360 2760 359
5091 2 2 6 7 294 2780 2706
5092 2 2 6 7 2808 2882 2720
5093 2 2 6 7 2722 2797 2644
5094 2 2 6 7 2733 2767 343
5095 2 2 6 7 2681 2763 2671
5096 2 2 6 7 284 2752 285
5097 2 2 6 7 2700 2790 427
5098 2 2 6 7 2636 2882 2715
5099 2 2 6 7 446 2860 2775
5100 2 2 6 7 2657 2787 2704
5101 2 2 6 7 427 2855 2700
5102 2 2 6 7 424 2818 423
5103 2 2 6 7 2646 2829 2807
5104 2 2 6 7 2665 2772 2743
5105 2 2 6 7 2692 2818 2784
5106 2 2 6 7 2799 2800 2637
5107 2 2 6 7 2764 2812 2673
5108 2 2 6 7 2645 2879 2681
5109 2 2 6 7 2659 2881 2791
5110 2 2 6 7 336 2762 335
5111 2 2 6 7 2788 2794 2647
5112 2 2 6 7 2726 2844 2708
5113 2 2 6 7 2801 2869 2654
5114 2 2 6 7 2654 2780 2735
5115 2 2 6 7 2727 2845 2707
5116 2 2 6 7 2660 2862 2745
5117 2 2 6 7 458 2776 459
5118 2 2 6 7 2737 2863 422
5119 2 2 6 7 2692 2856 2818
5120 2 2 6 7 2664 2796 2746
5121 2 2 6 7 282 2763 283
5122 2 2 6 7 2659 2861 2734
5123 2 2 6 7 343 2767 342
5124 2 2 6 7 2711 2848 2729
5125 2 2 6 7 2712 2849 2730
5126 2 2 6 7 2732 2872 2686
5127 2 2 6 7 2665 2871 2724
5128 2 2 6 7 2638 2842 2837
5129 2 2 6 7 2646 2827 2693
5130 2 2 6 7 442 2777 443
5131 2 2 6 7 346 2768 345
5132 2 2 6 7 2777 2833 2675
5133 2 2 6 7 2761 2868 2665
5134 2 2 6 7 2683 2857 2785
5135 2 2 6 7 2786 2807 2689
5136 2 2 6 7 439 2869 440
5137 2 2 6 7 2719 2867 462
5138 2 2 6 7 2734 2861 2670
5139 2 2 6 7 2715 2794 2636
5140 2 2 6 7 443 2830 444
5141 2 2 6 7 2690 2789 2648
5142 2 2 6 7 459 2864 460
5143 2 2 6 7 2668 2768 2741
5144 2 2 6 7 2751 2875 2701
5145 2 2 6 7 2648 2809 2690
5146 2 2 6 7 2705 2876 2751
5147 2 2 6 7 2774 2796 2664
5148 2 2 6 7 333 2771 332
5149 2 2 6 7 338 2772 337
5150 2 2 6 7 2701 2867 2719
5151 2 2 6 7 463 2853 6
5152 2 2 6 7 2667 2757 2721
5153 2 2 6 7 2709 2874 2651
5154 2 2 6 7 427 2790 426
5155 2 2 6 7 2671 2863 2737
5156 2 2 6 7 2710 2833 441
5157 2 2 6 7 2792 2810 2684
5158 2 2 6 7 2766 2831 2668
5159 2 2 6 7 2642 2761 2724
5160 2 2 6 7 2643 2834 2723
5161 2 2 6 7 438 2836 437
5162 2 2 6 7 422 2863 421
5163 2 2 6 7 61 2773 62
5164 2 2 6 7 2788 2856 2691
5165 2 2 6 7 2754 2805 366
5166 2 2 6 7 2741 2768 346
5167 2 2 6 7 2811 2842 2638
5168 2 2 6 7 2664 2805 2754
5169 2 2 6 7 428 2855 427
5170 2 2 6 7 2833 2873 2675
5171 2 2 6 7 2666 2778 2747
5172 2 2 6 7 2720 2882 2683
5173 2 2 6 7 2694 2842 2830
5174 2 2 6 7 2742 2872 2663
5175 2 2 6 7 2673 2812 2755
5176 2 2 6 7 6 2853 58
5177 2 2 6 7 2837 2842 2694
5178 2 2 6 7 2710 2873 2833
5179 2 2 6 7 435 2825 2736
5180 2 2 6 7 2740 2881 2659
5181 2 2 6 7 2663 2872 2732
5182 2 2 6 7 2750 2874 2663
5183 2 2 6 7 2668 2809 2766
5184 2 2 6 7 2639 2873 2710
5185 2 2 6 7 2728 2859 2679
5186 2 2 6 7 425 2784 424
5187 2 2 6 7 23 2852 439
5188 2 2 6 7 2774 2811 2638
5189 2 2 6 7 2706 2780 2654
5190 2 2 6 7 2652 2796 2774
5191 2 2 6 7 2661 2877 2739
5192 2 2 6 7 347 2839 2741
5193 2 2 6 7 2675 2808 2720
5194 2 2 6 7 2745 2854 2832
5195 2 2 6 7 441 2833 442
5196 2 2 6 7 2688 2854 2656
5197 2 2 6 7 2691 2794 2788
5198 2 2 6 7 2742 2771 333
5199 2 2 6 7 2714 2864 459
5200 2 2 6 7 2659 2781 2740
5201 2 2 6 7 2661 2782 2752
5202 2 2 6 7 2743 2772 338
5203 2 2 6 7 2752 2879 2661
5204 2 2 6 7 2682 2814 2798
5205 2 2 6 7 2766 2809 2648
5206 2 2 6 7 2669 2810 2792
5207 2 2 6 7 445 2860 446
5208 2 2 6 7 2736 2825 2669
5209 2 2 6 7 365 2805 2746
5210 2 2 6 7 2720 2837 2675
5211 2 2 6 7 2746 2865 364
5212 2 2 6 7 2652 2812 2696
5213 2 2 6 7 331 2798 330
5214 2 2 6 7 2777 2837 2694
5215 2 2 6 7 2650 2870 2755
5216 2 2 6 7 2755 2812 2652
5217 2 2 6 7 2663 2874 2709
5218 2 2 6 7 2718 2772 2665
5219 2 2 6 7 2774 2785 2652
5220 2 2 6 7 334 2838 2742
5221 2 2 6 7 2638 2785 2774
5222 2 2 6 7 339 2840 2743
5223 2 2 6 7 2744 2840 340
5224 2 2 6 7 341 2841 2744
5225 2 2 6 7 429 2843 428
5226 2 2 6 7 2696 2796 2652
5227 2 2 6 7 2642 2858 2749
5228 2 2 6 7 2734 2781 2659
5229 2 2 6 7 2852 2869 439
5230 2 2 6 7 2743 2871 2665
5231 2 2 6 7 366 2805 365
5232 2 2 6 7 2739 2782 2661
5233 2 2 6 7 330 2814 329
5234 2 2 6 7 431 2835 430
5235 2 2 6 7 2754 2847 2664
5236 2 2 6 7 2741 2809 2668
5237 2 2 6 7 2636 2802 2747
5238 2 2 6 7 291 2779 292
5239 2 2 6 7 2637 2880 2722
5240 2 2 6 7 293 2780 294
5241 2 2 6 7 2721 2768 2668
5242 2 2 6 7 332 2815 331
5243 2 2 6 7 2732 2804 2641
5244 2 2 6 7 2739 2877 2680
5245 2 2 6 7 2656 2806 2724
5246 2 2 6 7 2680 2881 2740
5247 2 2 6 7 289 2781 290
5248 2 2 6 7 2828 2836 438
5249 2 2 6 7 59 2875 2751
5250 2 2 6 7 2751 2876 60
5251 2 2 6 7 329 2814 2753
5252 2 2 6 7 2722 2880 2797
5253 2 2 6 7 436 2825 435
5254 2 2 6 7 2651 2874 2750
5255 2 2 6 7 442 2833 2777
5256 2 2 6 7 2655 2804 2732
5257 2 2 6 7 285 2782 286
5258 2 2 6 7 25 2839 347
5259 2 2 6 7 349 2820 348
5260 2 2 6 7 357 2821 356
5261 2 2 6 7 2738 2787 2662
5262 2 2 6 7 2685 2884 2773
5263 2 2 6 7 2700 2855 2834
5264 2 2 6 7 363 2822 362
5265 2 2 6 7 355 2823 354
5266 2 2 6 7 281 2783 282
5267 2 2 6 7 2664 2847 2811
5268 2 2 6 7 2693 2800 2799
5269 2 2 6 7 2765 2864 2714
5270 2 2 6 7 2745 2862 2643
5271 2 2 6 7 2758 2790 2674
5272 2 2 6 7 430 2819 429
5273 2 2 6 7 2704 2824 2657
5274 2 2 6 7 2664 2811 2774
5275 2 2 6 7 462 2867 463
5276 2 2 6 7 2724 2806 2642
5277 2 2 6 7 2733 2832 2767
5278 2 2 6 7 335 2838 334
5279 2 2 6 7 340 2840 339
5280 2 2 6 7 342 2841 341
5281 2 2 6 7 364 2865 26
5282 2 2 6 7 2651 2793 2769
5283 2 2 6 7 2677 2858 2723
5284 2 2 6 7 292 2779 2735
5285 2 2 6 7 2734 2779 291
5286 2 2 6 7 2735 2780 293
5287 2 2 6 7 2762 2838 335
5288 2 2 6 7 2834 2855 2677
5289 2 2 6 7 290 2781 2734
5290 2 2 6 7 2748 2880 2637
5291 2 2 6 7 2678 2883 2725
5292 2 2 6 7 2731 2859 2793
5293 2 2 6 7 287 2813 288
5294 2 2 6 7 350 2844 349
5295 2 2 6 7 358 2845 357
5296 2 2 6 7 2767 2841 342
5297 2 2 6 7 2672 2807 2786
5298 2 2 6 7 434 2851 433
5299 2 2 6 7 2723 2834 2677
5300 2 2 6 7 2681 2879 2752
5301 2 2 6 7 2641 2883 2770
5302 2 2 6 7 354 2848 353
5303 2 2 6 7 362 2849 361
5304 2 2 6 7 426 2790 2758
5305 2 2 6 7 2771 2815 332
5306 2 2 6 7 2682 2824 2753
5307 2 2 6 7 2769 2824 2682
5308 2 2 6 7 2817 2861 2639
5309 2 2 6 7 421 2866 22
5310 2 2 6 7 2644 2831 2766
5311 2 2 6 7 2676 2880 2748
5312 2 2 6 7 61 2876 2773
5313 2 2 6 7 2773 2884 62
5314 2 2 6 7 2765 2797 2676
5315 2 2 6 7 2863 2866 421
5316 2 2 6 7 2793 2859 2640
5317 2 2 6 7 2843 2855 428
5318 2 2 6 7 2706 2869 2852
5319 2 2 6 7 2697 2862 2795
5320 2 2 6 7 2675 2837 2777
5321 2 2 6 7 2660 2832 2733
5322 2 2 6 7 2693 2827 2800
5323 2 2 6 7 2673 2870 2795
5324 2 2 6 7 2747 2802 2666
5325 2 2 6 7 2689 2816 2786
5326 2 2 6 7 423 2818 2737
5327 2 2 6 7 2753 2814 2682
5328 2 2 6 7 2713 2847 2754
5329 2 2 6 7 2798 2814 330
5330 2 2 6 7 2740 2781 289
5331 2 2 6 7 331 2815 2798
5332 2 2 6 7 286 2782 2739
5333 2 2 6 7 2746 2796 2696
5334 2 2 6 7 2877 2881 2680
5335 2 2 6 7 460 2864 2765
5336 2 2 6 7 2783 2866 2863
5337 2 2 6 7 2792 2827 2646
5338 2 2 6 7 2786 2816 2640
5339 2 2 6 7 2739 2813 287
5340 2 2 6 7 288 2813 2740
5341 2 2 6 7 58 2875 59
5342 2 2 6 7 60 2876 61
5343 2 2 6 7 2670 2861 2817
5344 2 2 6 7 62 2884 63
5345 2 2 6 7 2741 2839 2690
5346 2 2 6 7 2639 2861 2791
5347 2 2 6 7 2675 2873 2808
5348 2 2 6 7 2679 2859 2731
5349 2 2 6 7 440 2869 2801
5350 2 2 6 7 2688 2841 2767
5351 2 2 6 7 2749 2858 2677
5352 2 2 6 7 2686 2838 2762
5353 2 2 6 7 2753 2824 2704
5354 2 2 6 7 2767 2832 2688
5355 2 2 6 7 2696 2865 2746
5356 2 2 6 7 2690 2809 2741
5357 2 2 6 7 283 2846 284
5358 2 2 6 7 2788 2877 2661
5359 2 2 6 7 2749 2819 2678
5360 2 2 6 7 2752 2782 285
5361 2 2 6 7 2665 2868 2718
5362 2 2 6 7 349 2844 2820
5363 2 2 6 7 357 2845 2821
5364 2 2 6 7 2823 2848 354
5365 2 2 6 7 2822 2849 362
5366 2 2 6 7 444 2830 2756
5367 2 2 6 7 2806 2858 2642
5368 2 2 6 7 2791 2861 2659
5369 2 2 6 7 2773 2876 2705
5370 2 2 6 7 2723 2858 2806
5371 2 2 6 7 282 2783 2763
5372 2 2 6 7 2657 2824 2769
5373 2 2 6 7 284 2846 2752
5374 2 2 6 7 2677 2855 2843
5375 2 2 6 7 2819 2835 2678
5376 2 2 6 7 2742 2838 2686
5377 2 2 6 7 2743 2840 2687
5378 2 2 6 7 2687 2840 2744
5379 2 2 6 7 2744 2841 2688
5380 2 2 6 7 2677 2843 2749
5381 2 2 6 7 2770 2883 2678
5382 2 2 6 7 430 2835 2819
5383 2 2 6 7 2685 2836 2828
5384 2 2 6 7 2795 2862 2660
5385 2 2 6 7 2763 2846 283
5386 2 2 6 7 295 2852 23
5387 2 2 6 7 2755 2857 2650
5388 2 2 6 7 2678 2835 2770
5389 2 2 6 7 2647 2877 2788
5390 2 2 6 7 2647 2881 2877
5391 2 2 6 7 2811 2847 2653
5392 2 2 6 7 2653 2842 2811
5393 2 2 6 7 2687 2871 2743
5394 2 2 6 7 2800 2827 2684
5395 2 2 6 7 2686 2872 2742
5396 2 2 6 7 2804 2883 2641
5397 2 2 6 7 2725 2883 2804
5398 2 2 6 7 2684 2827 2792
5399 2 2 6 7 2795 2870 2697
5400 2 2 6 7 22 2866 281
5401 2 2 6 7 2775 2860 2695
5402 2 2 6 7 2808 2873 2639
5403 2 2 6 7 463 2867 2853
5404 2 2 6 7 2853 2867 2701
5405 2 2 6 7 2749 2843 2819
5406 2 2 6 7 2798 2815 2709
5407 2 2 6 7 2670 2779 2734
5408 2 2 6 7 2735 2779 2670
5409 2 2 6 7 281 2866 2783
5410 2 2 6 7 2832 2854 2688
5411 2 2 6 7 2783 2863 2671
5412 2 2 6 7 2820 2844 2726
5413 2 2 6 7 2821 2845 2727
5414 2 2 6 7 2729 2848 2823
5415 2 2 6 7 2730 2849 2822
5416 2 2 6 7 2819 2843 429
5417 2 2 6 7 2853 2875 58
5418 2 2 6 7 2680 2813 2739
5419 2 2 6 7 2740 2813 2680
5420 2 2 6 7 2797 2880 2676
5421 2 2 6 7 63 2884 2828
5422 2 2 6 7 2763 2783 2671
5423 2 2 6 7 2681 2846 2763
5424 2 2 6 7 2752 2846 2681
5425 2 2 6 7 2828 2884 2685
5426 2 2 6 7 2701 2875 2853
5427 2 2 6 8 2905 2925 2888
5428 2 2 6 8 63 2913 62
5429 2 2 6 8 78 2914 77
5430 2 2 6 8 82 2915 81
5431 2 2 6 8 59 2916 58
5432 2 2 6 8 2888 2925 2906
5433 2 2 6 8 2888 2959 2905
5434 2 2 6 8 2902 2941 2894
5435 2 2 6 8 2927 2949 2893
5436 2 2 6 8 2913 2921 62
5437 2 2 6 8 78 2923 2914
5438 2 2 6 8 2915 2924 81
5439 2 2 6 8 59 2922 2916
5440 2 2 6 8 2911 2930 2890
5441 2 2 6 8 73 2909 72
5442 2 2 6 8 71 2910 70
5443 2 2 6 8 2894 2923 2902
5444 2 2 6 8 2903 2921 2893
5445 2 2 6 8 2893 2936 2903
5446 2 2 6 8 2898 2930 2911
5447 2 2 6 8 2886 2965 2904
5448 2 2 6 8 2905 2956 2899
5449 2 2 6 8 2892 2937 2926
5450 2 2 6 8 2900 2949 2927
5451 2 2 6 8 2906 2925 2887
5452 2 2 6 8 2887 2962 2906
5453 2 2 6 8 2904 2928 2888
5454 2 2 6 8 2899 2956 2945
5455 2 2 6 8 2926 2937 2901
5456 2 2 6 8 2888 2950 2904
5457 2 2 6 8 2910 2946 70
5458 2 2 6 8 73 2944 2909
5459 2 2 6 8 2907 2928 2896
5460 2 2 6 8 2888 2928 2907
5461 2 2 6 8 2918 2934 2897
5462 2 2 6 8 2896 2935 2917
5463 2 2 6 8 2899 2925 2905
5464 2 2 6 8 2906 2962 2931
5465 2 2 6 8 2904 2952 2886
5466 2 2 6 8 2896 2943 2907
5467 2 2 6 8 2904 2965 2928
5468 2 2 6 8 2906 2931 2889
5469 2 2 6 8 91 2920 2912
5470 2 2 6 8 2911 2919 68
5471 2 2 6 8 2894 2934 2918
5472 2 2 6 8 2917 2935 2895
5473 2 2 6 8 2939 2950 2889
5474 2 2 6 8 2906 2950 2888
5475 2 2 6 8 2904 2950 2939
5476 2 2 6 8 68 2919 67
5477 2 2 6 8 92 2920 91
5478 2 2 6 8 2890 2919 2911
5479 2 2 6 8 2912 2920 2891
5480 2 2 6 8 2889 2938 2909
5481 2 2 6 8 2910 2938 2889
5482 2 2 6 8 2908 2929 2891
5483 2 2 6 8 2889 2931 2910
5484 2 2 6 8 2943 2970 2907
5485 2 2 6 8 2889 2950 2906
5486 2 2 6 8 91 2912 90
5487 2 2 6 8 69 2911 68
5488 2 2 6 8 2908 2932 2890
5489 2 2 6 8 2891 2933 2908
5490 2 2 6 8 2898 2946 2910
5491 2 2 6 8 2909 2944 2897
5492 2 2 6 8 2909 2939 2889
5493 2 2 6 8 2907 2959 2888
5494 2 2 6 8 2916 2922 2892
5495 2 2 6 8 2914 2923 2894
5496 2 2 6 8 2895 2924 2915
5497 2 2 6 8 2893 2921 2913
5498 2 2 6 8 2910 2931 2898
5499 2 2 6 8 2885 2932 2908
5500 2 2 6 8 2908 2933 2885
5501 2 2 6 8 2929 2930 2887
5502 2 2 6 8 2885 2951 2936
5503 2 2 6 8 2890 2957 2908
5504 2 2 6 8 85 2917 84
5505 2 2 6 8 75 2918 74
5506 2 2 6 8 2894 2941 2934
5507 2 2 6 8 2937 2951 2885
5508 2 2 6 8 2909 2938 72
5509 2 2 6 8 81 2924 80
5510 2 2 6 8 62 2921 61
5511 2 2 6 8 79 2923 78
5512 2 2 6 8 60 2922 59
5513 2 2 6 8 71 2938 2910
5514 2 2 6 8 2891 2942 2912
5515 2 2 6 8 66 2927 65
5516 2 2 6 8 94 2926 93
5517 2 2 6 8 2897 2939 2909
5518 2 2 6 8 2886 2941 2935
5519 2 2 6 8 2925 2955 2887
5520 2 2 6 8 2922 2951 2892
5521 2 2 6 8 2912 2945 90
5522 2 2 6 8 69 2946 2911
5523 2 2 6 8 2903 2951 2922
5524 2 2 6 8 2917 2943 2896
5525 2 2 6 8 2897 2944 2918
5526 2 2 6 8 2893 2964 2927
5527 2 2 6 8 2926 2963 2892
5528 2 2 6 8 2912 2942 2899
5529 2 2 6 8 2887 2955 2929
5530 2 2 6 8 2941 2958 2935
5531 2 2 6 8 2892 2963 2916
5532 2 2 6 8 2913 2964 2893
5533 2 2 6 8 2899 2945 2912
5534 2 2 6 8 2911 2946 2898
5535 2 2 6 8 2894 2961 2914
5536 2 2 6 8 2915 2960 2895
5537 2 2 6 8 2918 2961 2894
5538 2 2 6 8 2895 2960 2917
5539 2 2 6 8 85 2943 2917
5540 2 2 6 8 2918 2944 74
5541 2 2 6 8 2893 2949 2936
5542 2 2 6 8 83 2960 2915
5543 2 2 6 8 2914 2961 76
5544 2 2 6 8 64 2964 2913
5545 2 2 6 8 2916 2963 95
5546 2 2 6 8 2929 2957 2930
5547 2 2 6 8 2901 2937 2933
5548 2 2 6 8 2933 2937 2885
5549 2 2 6 8 2929 2955 2942
5550 2 2 6 8 66 2948 2927
5551 2 2 6 8 2926 2947 93
5552 2 2 6 8 84 2960 83
5553 2 2 6 8 76 2961 75
5554 2 2 6 8 2919 2948 67
5555 2 2 6 8 92 2947 2920
5556 2 2 6 8 2914 2966 77
5557 2 2 6 8 63 2968 2913
5558 2 2 6 8 82 2967 2915
5559 2 2 6 8 2916 2969 58
5560 2 2 6 8 65 2964 64
5561 2 2 6 8 95 2963 94
5562 2 2 6 8 72 2938 71
5563 2 2 6 8 2895 2958 2924
5564 2 2 6 8 2901 2947 2926
5565 2 2 6 8 2927 2948 2900
5566 2 2 6 8 2920 2947 2901
5567 2 2 6 8 2900 2948 2919
5568 2 2 6 8 2924 2958 2902
5569 2 2 6 8 2929 2942 2891
5570 2 2 6 8 79 2954 2923
5571 2 2 6 8 2921 2953 61
5572 2 2 6 8 2924 2954 80
5573 2 2 6 8 60 2953 2922
5574 2 2 6 8 88 2940 87
5575 2 2 6 8 95 2969 2916
5576 2 2 6 8 2915 2967 83
5577 2 2 6 8 2913 2968 64
5578 2 2 6 8 76 2966 2914
5579 2 2 6 8 2932 2972 2890
5580 2 2 6 8 2891 2971 2933
5581 2 2 6 8 2917 2960 84
5582 2 2 6 8 75 2961 2918
5583 2 2 6 8 2939 2952 2904
5584 2 2 6 8 2928 2965 2896
5585 2 2 6 8 2899 2955 2925
5586 2 2 6 8 86 2943 85
5587 2 2 6 8 74 2944 73
5588 2 2 6 8 2890 2972 2919
5589 2 2 6 8 2920 2971 2891
5590 2 2 6 8 2885 2949 2932
5591 2 2 6 8 2934 2941 2886
5592 2 2 6 8 2936 2949 2885
5593 2 2 6 8 2901 2971 2920
5594 2 2 6 8 2919 2972 2900
5595 2 2 6 8 90 2945 89
5596 2 2 6 8 70 2946 69
5597 2 2 6 8 2936 2951 2903
5598 2 2 6 8 2908 2957 2929
5599 2 2 6 8 67 2948 66
5600 2 2 6 8 93 2947 92
5601 2 2 6 8 2898 2962 2930
5602 2 2 6 8 2923 2954 2902
5603 2 2 6 8 2903 2953 2921
5604 2 2 6 8 2902 2954 2924
5605 2 2 6 8 2922 2953 2903
5606 2 2 6 8 2927 2964 65
5607 2 2 6 8 94 2963 2926
5608 2 2 6 8 88 2956 2940
5609 2 2 6 8 2930 2957 2890
5610 2 2 6 8 6 2969 95
5611 2 2 6 8 7 2966 76
5612 2 2 6 8 83 2967 8
5613 2 2 6 8 64 2968 5
5614 2 2 6 8 2931 2962 2898
5615 2 2 6 8 2940 2970 87
5616 2 2 6 8 2934 2952 2897
5617 2 2 6 8 2935 2958 2895
5618 2 2 6 8 2930 2962 2887
5619 2 2 6 8 2932 2949 2900
5620 2 2 6 8 2896 2965 2935
5621 2 2 6 8 2907 2970 2940
5622 2 2 6 8 2945 2956 89
5623 2 2 6 8 86 2970 2943
5624 2 2 6 8 2940 2956 2905
5625 2 2 6 8 89 2956 88
5626 2 2 6 8 2886 2952 2934
5627 2 2 6 8 2892 2951 2937
5628 2 2 6 8 80 2954 79
5629 2 2 6 8 61 2953 60
5630 2 2 6 8 2897 2952 2939
5631 2 2 6 8 87 2970 86
5632 2 2 6 8 2933 2971 2901
5633 2 2 6 8 2900 2972 2932
5634 2 2 6 8 2935 2965 2886
5635 2 2 6 8 77 2966 7
5636 2 2 6 8 58 2969 6
5637 2 2 6 8 8 2967 82
5638 2 2 6 8 5 2968 63
5639 2 2 6 8 2942 2955 2899
5640 2 2 6 8 2940 2959 2907
5641 2 2 6 8 2902 2958 2941
5642 2 2 6 8 2905 2959 2940
5643 2 2 6 9 3108 3313 3033
5644 2 2 6 9 3066 3127 3024
5645 2 2 6 9 3065 3174 2980
5646 2 2 6 9 3157 3227 2991
5647 2 2 6 9 3116 3251 3067
5648 2 2 6 9 3052 3201 3177
5649 2 2 6 9 3025 3072 3000
5650 2 2 6 9 2994 3271 3141
5651 2 2 6 9 393 3087 392
5652 2 2 6 9 2996 3170 3081
5653 2 2 6 9 3000 3244 3025
5654 2 2 6 9 3134 3210 2998
5655 2 2 6 9 297 3110 296
5656 2 2 6 9 3024 3222 3066
5657 2 2 6 9 3036 3251 3116
5658 2 2 6 9 2973 3151 3073
5659 2 2 6 9 3075 3238 3008
5660 2 2 6 9 30 3094 383
5661 2 2 6 9 384 3082 31
5662 2 2 6 9 376 3095 375
5663 2 2 6 9 368 3097 29
5664 2 2 6 9 3100 3347 3005
5665 2 2 6 9 3151 3254 3073
5666 2 2 6 9 3177 3201 3021
5667 2 2 6 9 2986 3176 3079
5668 2 2 6 9 3122 3270 3043
5669 2 2 6 9 2995 3256 3063
5670 2 2 6 9 3143 3312 2985
5671 2 2 6 9 3063 3181 2995
5672 2 2 6 9 3067 3375 3116
5673 2 2 6 9 3092 3307 457
5674 2 2 6 9 3000 3111 3083
5675 2 2 6 9 3068 3180 3011
5676 2 2 6 9 3021 3120 3118
5677 2 2 6 9 3118 3120 3007
5678 2 2 6 9 3070 3347 3100
5679 2 2 6 9 3083 3244 3000
5680 2 2 6 9 3028 3254 3151
5681 2 2 6 9 373 3101 372
5682 2 2 6 9 381 3102 380
5683 2 2 6 9 3116 3169 3036
5684 2 2 6 9 3017 3169 3116
5685 2 2 6 9 2996 3306 3170
5686 2 2 6 9 3069 3082 3004
5687 2 2 6 9 2980 3310 3065
5688 2 2 6 9 2977 3152 3085
5689 2 2 6 9 3227 3279 2991
5690 2 2 6 9 2988 3229 3077
5691 2 2 6 9 3174 3210 2980
5692 2 2 6 9 379 3105 378
5693 2 2 6 9 3321 3361 3230
5694 2 2 6 9 371 3106 370
5695 2 2 6 9 3108 3202 2989
5696 2 2 6 9 3136 3154 3020
5697 2 2 6 9 3032 3154 3136
5698 2 2 6 9 478 3078 477
5699 2 2 6 9 3008 3238 3131
5700 2 2 6 9 3025 3186 3072
5701 2 2 6 9 3065 3310 3057
5702 2 2 6 9 3075 3361 3321
5703 2 2 6 9 3165 3278 3003
5704 2 2 6 9 2993 3172 3084
5705 2 2 6 9 2980 3210 3053
5706 2 2 6 9 3007 3222 3118
5707 2 2 6 9 3192 3288 3123
5708 2 2 6 9 3144 3243 2984
5709 2 2 6 9 3143 3200 2992
5710 2 2 6 9 2984 3243 3161
5711 2 2 6 9 3010 3366 3098
5712 2 2 6 9 3114 3366 3010
5713 2 2 6 9 3153 3219 30
5714 2 2 6 9 3115 3163 468
5715 2 2 6 9 3029 3191 3069
5716 2 2 6 9 3081 3230 3030
5717 2 2 6 9 3089 3177 3021
5718 2 2 6 9 3005 3177 3089
5719 2 2 6 9 3127 3284 3026
5720 2 2 6 9 3011 3180 3141
5721 2 2 6 9 3003 3289 3165
5722 2 2 6 9 3118 3222 3203
5723 2 2 6 9 3085 3152 3026
5724 2 2 6 9 458 3092 457
5725 2 2 6 9 3107 3281 3049
5726 2 2 6 9 3011 3192 3068
5727 2 2 6 9 3271 3367 3141
5728 2 2 6 9 3066 3284 3127
5729 2 2 6 9 3092 3234 3033
5730 2 2 6 9 3199 3275 3040
5731 2 2 6 9 3008 3148 3075
5732 2 2 6 9 3098 3149 3010
5733 2 2 6 9 478 3099 3078
5734 2 2 6 9 297 3224 3110
5735 2 2 6 9 29 3307 3190
5736 2 2 6 9 3111 3325 3083
5737 2 2 6 9 3172 3265 3084
5738 2 2 6 9 3013 3138 3134
5739 2 2 6 9 3230 3361 3030
5740 2 2 6 9 86 3131 87
5741 2 2 6 9 3011 3288 3192
5742 2 2 6 9 3073 3263 3016
5743 2 2 6 9 3053 3210 3134
5744 2 2 6 9 3044 3270 3193
5745 2 2 6 9 3016 3263 3059
5746 2 2 6 9 3008 3147 3091
5747 2 2 6 9 91 3358 3170
5748 2 2 6 9 3085 3143 2977
5749 2 2 6 9 3057 3310 3016
5750 2 2 6 9 3122 3287 3156
5751 2 2 6 9 3073 3214 2973
5752 2 2 6 9 3016 3214 3073
5753 2 2 6 9 3048 3191 3029
5754 2 2 6 9 2997 3270 3122
5755 2 2 6 9 2989 3313 3108
5756 2 2 6 9 3065 3278 3165
5757 2 2 6 9 3037 3363 3180
5758 2 2 6 9 2984 3169 3091
5759 2 2 6 9 3091 3169 3017
5760 2 2 6 9 3091 3147 2984
5761 2 2 6 9 3056 3306 2996
5762 2 2 6 9 3078 3354 2990
5763 2 2 6 9 3005 3260 3100
5764 2 2 6 9 3079 3175 2986
5765 2 2 6 9 469 3115 468
5766 2 2 6 9 3143 3274 3200
5767 2 2 6 9 3059 3198 3016
5768 2 2 6 9 86 3262 3131
5769 2 2 6 9 3077 3250 2988
5770 2 2 6 9 2996 3293 3056
5771 2 2 6 9 479 3099 478
5772 2 2 6 9 3100 3252 474
5773 2 2 6 9 3197 3264 32
5774 2 2 6 9 3053 3255 2980
5775 2 2 6 9 3017 3173 3091
5776 2 2 6 9 3069 3172 3029
5777 2 2 6 9 3002 3096 3064
5778 2 2 6 9 3081 3358 3230
5779 2 2 6 9 3006 3104 3058
5780 2 2 6 9 2990 3199 3088
5781 2 2 6 9 3049 3296 3107
5782 2 2 6 9 3033 3234 3108
5783 2 2 6 9 3096 3246 3062
5784 2 2 6 9 91 3170 92
5785 2 2 6 9 468 3163 467
5786 2 2 6 9 3134 3138 2986
5787 2 2 6 9 3110 3374 296
5788 2 2 6 9 387 3125 386
5789 2 2 6 9 3076 3383 3259
5790 2 2 6 9 3016 3198 3057
5791 2 2 6 9 466 3294 3149
5792 2 2 6 9 3229 3384 3077
5793 2 2 6 9 299 3117 298
5794 2 2 6 9 2973 3277 3120
5795 2 2 6 9 3082 3332 31
5796 2 2 6 9 3033 3190 3092
5797 2 2 6 9 3085 3312 3143
5798 2 2 6 9 3156 3287 2982
5799 2 2 6 9 469 3348 3115
5800 2 2 6 9 2993 3308 3109
5801 2 2 6 9 466 3149 465
5802 2 2 6 9 3083 3325 2975
5803 2 2 6 9 462 3164 461
5804 2 2 6 9 2990 3275 3199
5805 2 2 6 9 3081 3220 2996
5806 2 2 6 9 3202 3269 2989
5807 2 2 6 9 389 3130 388
5808 2 2 6 9 391 3129 390
5809 2 2 6 9 2984 3221 3144
5810 2 2 6 9 305 3124 304
5811 2 2 6 9 307 3123 306
5812 2 2 6 9 3098 3364 3149
5813 2 2 6 9 388 3197 32
5814 2 2 6 9 3106 3195 454
5815 2 2 6 9 3036 3169 3161
5816 2 2 6 9 3161 3169 2984
5817 2 2 6 9 3170 3358 3081
5818 2 2 6 9 3091 3314 3008
5819 2 2 6 9 3138 3239 2986
5820 2 2 6 9 3147 3221 2984
5821 2 2 6 9 3105 3194 449
5822 2 2 6 9 3012 3163 3115
5823 2 2 6 9 479 3338 3099
5824 2 2 6 9 3110 3338 480
5825 2 2 6 9 2987 3349 3341
5826 2 2 6 9 3017 3171 3119
5827 2 2 6 9 3119 3171 3038
5828 2 2 6 9 2977 3212 3061
5829 2 2 6 9 2983 3126 3107
5830 2 2 6 9 3014 3165 3103
5831 2 2 6 9 84 3114 85
5832 2 2 6 9 3190 3307 3092
5833 2 2 6 9 3061 3292 2977
5834 2 2 6 9 3023 3239 3138
5835 2 2 6 9 3120 3277 3261
5836 2 2 6 9 3193 3270 2997
5837 2 2 6 9 3259 3383 3001
5838 2 2 6 9 3057 3278 3065
5839 2 2 6 9 3151 3237 3028
5840 2 2 6 9 3052 3237 3151
5841 2 2 6 9 3143 3212 2977
5842 2 2 6 9 3157 3327 3042
5843 2 2 6 9 3161 3162 3036
5844 2 2 6 9 3012 3162 3161
5845 2 2 6 9 3163 3243 3055
5846 2 2 6 9 3012 3243 3163
5847 2 2 6 9 3100 3260 3032
5848 2 2 6 9 2977 3189 3152
5849 2 2 6 9 449 3194 3102
5850 2 2 6 9 454 3195 3101
5851 2 2 6 9 2988 3250 3148
5852 2 2 6 9 3014 3174 3165
5853 2 2 6 9 3030 3220 3081
5854 2 2 6 9 3021 3341 3089
5855 2 2 6 9 3151 3201 3052
5856 2 2 6 9 2990 3218 3078
5857 2 2 6 9 471 3139 470
5858 2 2 6 9 3170 3306 3054
5859 2 2 6 9 480 3374 3110
5860 2 2 6 9 2974 3171 3116
5861 2 2 6 9 393 3215 3087
5862 2 2 6 9 3119 3173 3017
5863 2 2 6 9 3094 3298 383
5864 2 2 6 9 3087 3206 392
5865 2 2 6 9 3000 3209 3111
5866 2 2 6 9 3309 3346 3024
5867 2 2 6 9 376 3301 3095
5868 2 2 6 9 3095 3299 375
5869 2 2 6 9 368 3300 3097
5870 2 2 6 9 3097 3300 3142
5871 2 2 6 9 3148 3173 2988
5872 2 2 6 9 2979 3179 3112
5873 2 2 6 9 3095 3301 3140
5874 2 2 6 9 3115 3348 3063
5875 2 2 6 9 3053 3175 3155
5876 2 2 6 9 444 3178 443
5877 2 2 6 9 3109 3226 2993
5878 2 2 6 9 30 3219 3094
5879 2 2 6 9 3341 3349 3089
5880 2 2 6 9 403 3145 402
5881 2 2 6 9 3213 3274 3266
5882 2 2 6 9 480 3338 479
5883 2 2 6 9 3129 3206 3013
5884 2 2 6 9 3178 3273 443
5885 2 2 6 9 3089 3260 3005
5886 2 2 6 9 3130 3315 3014
5887 2 2 6 9 3013 3316 3129
5888 2 2 6 9 3026 3182 3085
5889 2 2 6 9 3099 3354 3078
5890 2 2 6 9 3088 3218 2990
5891 2 2 6 9 3164 3381 461
5892 2 2 6 9 3155 3175 2976
5893 2 2 6 9 3178 3259 3001
5894 2 2 6 9 3187 3290 3104
5895 2 2 6 9 3130 3197 388
5896 2 2 6 9 474 3252 473
5897 2 2 6 9 3084 3333 2979
5898 2 2 6 9 3149 3294 3055
5899 2 2 6 9 2981 3281 3107
5900 2 2 6 9 312 3137 311
5901 2 2 6 9 384 3188 3082
5902 2 2 6 9 3180 3363 2994
5903 2 2 6 9 3135 3299 3095
5904 2 2 6 9 3047 3315 3130
5905 2 2 6 9 3024 3346 3203
5906 2 2 6 9 3129 3316 3047
5907 2 2 6 9 3133 3298 3094
5908 2 2 6 9 3220 3293 2996
5909 2 2 6 9 3076 3219 3153
5910 2 2 6 9 3152 3189 3038
5911 2 2 6 9 404 3153 30
5912 2 2 6 9 3097 3142 456
5913 2 2 6 9 373 3330 3101
5914 2 2 6 9 2976 3175 3079
5915 2 2 6 9 3131 3262 3046
5916 2 2 6 9 457 3307 3097
5917 2 2 6 9 3122 3156 2997
5918 2 2 6 9 3112 3306 3056
5919 2 2 6 9 3095 3140 451
5920 2 2 6 9 381 3328 3102
5921 2 2 6 9 3204 3333 3004
5922 2 2 6 9 2991 3327 3157
5923 2 2 6 9 3097 3307 29
5924 2 2 6 9 310 3150 309
5925 2 2 6 9 3115 3256 3012
5926 2 2 6 9 3150 3180 3068
5927 2 2 6 9 93 3168 94
5928 2 2 6 9 3154 3349 2987
5929 2 2 6 9 474 3283 3100
5930 2 2 6 9 3116 3171 3017
5931 2 2 6 9 3250 3361 3148
5932 2 2 6 9 3099 3338 3041
5933 2 2 6 9 3100 3283 3070
5934 2 2 6 9 3002 3246 3096
5935 2 2 6 9 452 3135 3095
5936 2 2 6 9 318 3146 317
5937 2 2 6 9 3020 3181 3139
5938 2 2 6 9 3139 3181 3063
5939 2 2 6 9 447 3133 3094
5940 2 2 6 9 3105 3336 378
5941 2 2 6 9 3064 3264 3039
5942 2 2 6 9 3106 3337 370
5943 2 2 6 9 3242 3297 3080
5944 2 2 6 9 3037 3180 3150
5945 2 2 6 9 3248 3323 3020
5946 2 2 6 9 3032 3252 3100
5947 2 2 6 9 2988 3173 3119
5948 2 2 6 9 3101 3195 372
5949 2 2 6 9 3082 3241 3004
5950 2 2 6 9 3056 3293 3109
5951 2 2 6 9 3020 3323 3181
5952 2 2 6 9 3112 3339 2979
5953 2 2 6 9 3102 3194 380
5954 2 2 6 9 3041 3338 3110
5955 2 2 6 9 3077 3293 3220
5956 2 2 6 9 3078 3218 3022
5957 2 2 6 9 3136 3359 3032
5958 2 2 6 9 455 3106 454
5959 2 2 6 9 450 3105 449
5960 2 2 6 9 3094 3219 446
5961 2 2 6 9 3145 3276 3027
5962 2 2 6 9 3023 3187 3104
5963 2 2 6 9 2978 3297 3242
5964 2 2 6 9 3078 3240 477
5965 2 2 6 9 2987 3248 3154
5966 2 2 6 9 3004 3265 3069
5967 2 2 6 9 3048 3276 3145
5968 2 2 6 9 3016 3310 3113
5969 2 2 6 9 3107 3322 2981
5970 2 2 6 9 3031 3155 3132
5971 2 2 6 9 3132 3155 2976
5972 2 2 6 9 3134 3316 3013
5973 2 2 6 9 3022 3240 3078
5974 2 2 6 9 379 3194 3105
5975 2 2 6 9 371 3195 3106
5976 2 2 6 9 3155 3255 3053
5977 2 2 6 9 3121 3246 3002
5978 2 2 6 9 3107 3296 2983
5979 2 2 6 9 3084 3308 2993
5980 2 2 6 9 3014 3197 3130
5981 2 2 6 9 3139 3348 470
5982 2 2 6 9 3039 3264 3103
5983 2 2 6 9 3071 3273 3178
5984 2 2 6 9 449 3102 448
5985 2 2 6 9 3020 3319 3136
5986 2 2 6 9 454 3101 453
5987 2 2 6 9 2978 3311 3086
5988 2 2 6 9 3139 3319 3020
5989 2 2 6 9 3111 3209 2983
5990 2 2 6 9 3045 3273 3071
5991 2 2 6 9 3062 3285 3096
5992 2 2 6 9 3026 3228 3127
5993 2 2 6 9 3141 3180 2994
5994 2 2 6 9 3096 3282 3064
5995 2 2 6 9 3088 3311 2978
5996 2 2 6 9 3120 3201 2973
5997 2 2 6 9 3128 3204 2989
5998 2 2 6 9 3087 3138 3013
5999 2 2 6 9 3113 3310 2980
6000 2 2 6 9 2992 3212 3143
6001 2 2 6 9 3159 3329 3019
6002 2 2 6 9 320 3159 319
6003 2 2 6 9 3103 3197 3014
6004 2 2 6 9 322 3160 321
6005 2 2 6 9 2997 3320 3193
6006 2 2 6 9 303 3167 302
6007 2 2 6 9 3021 3201 3120
6008 2 2 6 9 301 3166 300
6009 2 2 6 9 3012 3256 3162
6010 2 2 6 9 3013 3206 3087
6011 2 2 6 9 3029 3304 3048
6012 2 2 6 9 3071 3322 3045
6013 2 2 6 9 3003 3317 3289
6014 2 2 6 9 3118 3341 3021
6015 2 2 6 9 3118 3203 2987
6016 2 2 6 9 3032 3359 3252
6017 2 2 6 9 3104 3268 3058
6018 2 2 6 9 3162 3256 2995
6019 2 2 6 9 395 3187 394
6020 2 2 6 9 3121 3322 3071
6021 2 2 6 9 3062 3246 3001
6022 2 2 6 9 3063 3348 3139
6023 2 2 6 9 441 3157 440
6024 2 2 6 9 2985 3274 3143
6025 2 2 6 9 2980 3255 3113
6026 2 2 6 9 3039 3317 3272
6027 2 2 6 9 3109 3308 3056
6028 2 2 6 9 3009 3274 3213
6029 2 2 6 9 2974 3208 3127
6030 2 2 6 9 3127 3208 3024
6031 2 2 6 9 3079 3182 2976
6032 2 2 6 9 3193 3311 2999
6033 2 2 6 9 93 3280 3168
6034 2 2 6 9 2999 3311 3199
6035 2 2 6 9 3056 3339 3112
6036 2 2 6 9 3144 3221 3010
6037 2 2 6 9 3289 3317 3039
6038 2 2 6 9 3051 3329 3159
6039 2 2 6 9 3172 3253 3029
6040 2 2 6 9 3015 3226 3109
6041 2 2 6 9 457 3097 456
6042 2 2 6 9 452 3095 451
6043 2 2 6 9 447 3094 446
6044 2 2 6 9 2981 3322 3121
6045 2 2 6 9 2979 3333 3128
6046 2 2 6 9 3114 3262 85
6047 2 2 6 9 455 3142 3106
6048 2 2 6 9 450 3140 3105
6049 2 2 6 9 3003 3351 3236
6050 2 2 6 9 3134 3357 3053
6051 2 2 6 9 3244 3271 2994
6052 2 2 6 9 3127 3228 2974
6053 2 2 6 9 3057 3198 3196
6054 2 2 6 9 3041 3354 3099
6055 2 2 6 9 3022 3344 3302
6056 2 2 6 9 2991 3329 3051
6057 2 2 6 9 3132 3261 3031
6058 2 2 6 9 3007 3261 3132
6059 2 2 6 9 3102 3133 448
6060 2 2 6 9 3001 3383 3062
6061 2 2 6 9 3103 3264 3197
6062 2 2 6 9 3101 3135 453
6063 2 2 6 9 3015 3384 3229
6064 2 2 6 9 3031 3277 3113
6065 2 2 6 9 3113 3214 3016
6066 2 2 6 9 3117 3224 298
6067 2 2 6 9 299 3225 3117
6068 2 2 6 9 2973 3201 3151
6069 2 2 6 9 3119 3229 2988
6070 2 2 6 9 3179 3331 3112
6071 2 2 6 9 3227 3273 3045
6072 2 2 6 9 307 3192 3123
6073 2 2 6 9 456 3142 455
6074 2 2 6 9 3272 3326 3002
6075 2 2 6 9 3116 3375 2974
6076 2 2 6 9 451 3140 450
6077 2 2 6 9 3019 3352 3146
6078 2 2 6 9 3110 3224 3041
6079 2 2 6 9 3196 3351 3003
6080 2 2 6 9 3074 3223 2999
6081 2 2 6 9 2999 3231 3074
6082 2 2 6 9 3058 3213 3006
6083 2 2 6 9 3356 3366 83
6084 2 2 6 9 305 3232 3124
6085 2 2 6 9 3164 3179 3050
6086 2 2 6 9 3123 3232 306
6087 2 2 6 9 2987 3346 3248
6088 2 2 6 9 3124 3233 304
6089 2 2 6 9 3052 3355 3297
6090 2 2 6 9 2978 3242 3088
6091 2 2 6 9 453 3135 452
6092 2 2 6 9 448 3133 447
6093 2 2 6 9 3177 3355 3052
6094 2 2 6 9 3033 3313 3125
6095 2 2 6 9 3136 3319 472
6096 2 2 6 9 387 3190 3125
6097 2 2 6 9 2975 3372 3083
6098 2 2 6 9 3063 3256 3115
6099 2 2 6 9 475 3302 3283
6100 2 2 6 9 3126 3279 3107
6101 2 2 6 9 3125 3207 386
6102 2 2 6 9 3018 3370 3158
6103 2 2 6 9 3184 3216 3027
6104 2 2 6 9 442 3227 441
6105 2 2 6 9 3043 3288 3122
6106 2 2 6 9 399 3183 398
6107 2 2 6 9 401 3184 400
6108 2 2 6 9 3108 3234 459
6109 2 2 6 9 3019 3235 3159
6110 2 2 6 9 3051 3327 2991
6111 2 2 6 9 385 3188 384
6112 2 2 6 9 3148 3314 3173
6113 2 2 6 9 3146 3352 3035
6114 2 2 6 9 3086 3335 2978
6115 2 2 6 9 3120 3261 3007
6116 2 2 6 9 3157 3345 440
6117 2 2 6 9 3125 3313 3034
6118 2 2 6 9 3064 3272 3002
6119 2 2 6 9 3027 3276 3200
6120 2 2 6 9 458 3234 3092
6121 2 2 6 9 3038 3377 3119
6122 2 2 6 9 3002 3326 3121
6123 2 2 6 9 3176 3239 3006
6124 2 2 6 9 3141 3287 3011
6125 2 2 6 9 3246 3360 3001
6126 2 2 6 9 3045 3322 3107
6127 2 2 6 9 29 3190 387
6128 2 2 6 9 2987 3341 3118
6129 2 2 6 9 2982 3254 3156
6130 2 2 6 9 3131 3238 87
6131 2 2 6 9 3128 3333 3204
6132 2 2 6 9 3158 3373 3018
6133 2 2 6 9 3168 3280 3054
6134 2 2 6 9 3164 3370 3018
6135 2 2 6 9 3022 3302 3240
6136 2 2 6 9 3126 3329 2991
6137 2 2 6 9 3226 3253 2993
6138 2 2 6 9 3042 3345 3157
6139 2 2 6 9 3114 3379 3262
6140 2 2 6 9 3083 3271 3244
6141 2 2 6 9 3107 3279 3045
6142 2 2 6 9 2998 3316 3134
6143 2 2 6 9 442 3273 3227
6144 2 2 6 9 3046 3221 3147
6145 2 2 6 9 3193 3320 3086
6146 2 2 6 9 308 3192 307
6147 2 2 6 9 84 3366 3114
6148 2 2 6 9 3146 3235 3019
6149 2 2 6 9 3165 3174 3065
6150 2 2 6 9 3018 3373 3168
6151 2 2 6 9 380 3194 379
6152 2 2 6 9 3272 3317 3090
6153 2 2 6 9 372 3195 371
6154 2 2 6 9 3113 3255 3031
6155 2 2 6 9 2989 3269 3128
6156 2 2 6 9 2977 3292 3189
6157 2 2 6 9 391 3206 3129
6158 2 2 6 9 389 3205 3130
6159 2 2 6 9 3061 3212 3211
6160 2 2 6 9 3129 3205 390
6161 2 2 6 9 314 3186 313
6162 2 2 6 9 316 3185 315
6163 2 2 6 9 3038 3340 3152
6164 2 2 6 9 3055 3243 3144
6165 2 2 6 9 3188 3207 3034
6166 2 2 6 9 3196 3198 2975
6167 2 2 6 9 3219 3376 446
6168 2 2 6 9 3090 3326 3272
6169 2 2 6 9 83 3366 84
6170 2 2 6 9 2998 3210 3174
6171 2 2 6 9 3191 3258 31
6172 2 2 6 9 3132 3380 3007
6173 2 2 6 9 3050 3381 3164
6174 2 2 6 9 461 3381 460
6175 2 2 6 9 3018 3331 3179
6176 2 2 6 9 3040 3225 3166
6177 2 2 6 9 3122 3288 3011
6178 2 2 6 9 3086 3311 3193
6179 2 2 6 9 3199 3311 3088
6180 2 2 6 9 3102 3328 3133
6181 2 2 6 9 476 3302 475
6182 2 2 6 9 3211 3212 2992
6183 2 2 6 9 3006 3266 3176
6184 2 2 6 9 3101 3330 3135
6185 2 2 6 9 3014 3315 3174
6186 2 2 6 9 3018 3179 3164
6187 2 2 6 9 459 3234 458
6188 2 2 6 9 3059 3367 3271
6189 2 2 6 9 2976 3362 3132
6190 2 2 6 9 2979 3339 3084
6191 2 2 6 9 472 3319 471
6192 2 2 6 9 3152 3228 3026
6193 2 2 6 9 298 3224 297
6194 2 2 6 9 300 3225 299
6195 2 2 6 9 3087 3365 3138
6196 2 2 6 9 3262 3379 3046
6197 2 2 6 9 3039 3272 3064
6198 2 2 6 9 3008 3324 3147
6199 2 2 6 9 3154 3248 3020
6200 2 2 6 9 392 3206 391
6201 2 2 6 9 3140 3336 3105
6202 2 2 6 9 390 3205 389
6203 2 2 6 9 3142 3337 3106
6204 2 2 6 9 3161 3243 3012
6205 2 2 6 9 3026 3284 3182
6206 2 2 6 9 2986 3239 3176
6207 2 2 6 9 3061 3253 3226
6208 2 2 6 9 444 3259 3178
6209 2 2 6 9 3062 3295 3285
6210 2 2 6 9 3167 3233 3044
6211 2 2 6 9 386 3207 385
6212 2 2 6 9 472 3359 3136
6213 2 2 6 9 3003 3278 3196
6214 2 2 6 9 3080 3344 3242
6215 2 2 6 9 3006 3378 3104
6216 2 2 6 9 477 3240 476
6217 2 2 6 9 306 3232 305
6218 2 2 6 9 3010 3379 3114
6219 2 2 6 9 324 3217 323
6220 2 2 6 9 304 3233 303
6221 2 2 6 9 2982 3263 3254
6222 2 2 6 9 3145 3216 402
6223 2 2 6 9 3028 3320 3156
6224 2 2 6 9 3162 3251 3036
6225 2 2 6 9 2995 3251 3162
6226 2 2 6 9 2974 3340 3171
6227 2 2 6 9 3203 3222 3024
6228 2 2 6 9 403 3258 3145
6229 2 2 6 9 3166 3225 300
6230 2 2 6 9 3165 3289 3103
6231 2 2 6 9 3200 3291 3027
6232 2 2 6 9 3303 3309 3067
6233 2 2 6 9 2981 3326 3090
6234 2 2 6 9 3166 3231 3040
6235 2 2 6 9 3131 3324 3008
6236 2 2 6 9 3046 3324 3131
6237 2 2 6 9 3029 3253 3211
6238 2 2 6 9 303 3233 3167
6239 2 2 6 9 471 3319 3139
6240 2 2 6 9 460 3368 459
6241 2 2 6 9 3069 3265 3172
6242 2 2 6 9 95 3373 3158
6243 2 2 6 9 3010 3371 3144
6244 2 2 6 9 3144 3371 3055
6245 2 2 6 9 2983 3387 3126
6246 2 2 6 9 3069 3332 3082
6247 2 2 6 9 443 3273 442
6248 2 2 6 9 3266 3274 2985
6249 2 2 6 9 394 3215 393
6250 2 2 6 9 3113 3277 3214
6251 2 2 6 9 3044 3223 3167
6252 2 2 6 9 3083 3372 3271
6253 2 2 6 9 2991 3279 3126
6254 2 2 6 9 475 3283 474
6255 2 2 6 9 3125 3190 3033
6256 2 2 6 9 3103 3289 3039
6257 2 2 6 9 464 3364 3356
6258 2 2 6 9 3182 3284 2976
6259 2 2 6 9 3054 3306 3112
6260 2 2 6 9 3283 3302 3070
6261 2 2 6 9 404 3295 3153
6262 2 2 6 9 402 3216 401
6263 2 2 6 9 3193 3223 3044
6264 2 2 6 9 3098 3366 3356
6265 2 2 6 9 2993 3253 3172
6266 2 2 6 9 445 3259 444
6267 2 2 6 9 440 3345 439
6268 2 2 6 9 89 3230 90
6269 2 2 6 9 24 3374 480
6270 2 2 6 9 3088 3242 3218
6271 2 2 6 9 3011 3287 3122
6272 2 2 6 9 3204 3241 3034
6273 2 2 6 9 3045 3279 3227
6274 2 2 6 9 3034 3313 3204
6275 2 2 6 9 3112 3331 3054
6276 2 2 6 9 2983 3296 3111
6277 2 2 6 9 3027 3216 3145
6278 2 2 6 9 3015 3292 3226
6279 2 2 6 9 3040 3231 3199
6280 2 2 6 9 3167 3343 302
6281 2 2 6 9 3034 3241 3188
6282 2 2 6 9 301 3343 3166
6283 2 2 6 9 460 3381 3202
6284 2 2 6 9 3008 3314 3148
6285 2 2 6 9 2992 3304 3211
6286 2 2 6 9 3187 3365 3215
6287 2 2 6 9 3152 3340 3228
6288 2 2 6 9 3265 3333 3084
6289 2 2 6 9 3148 3361 3075
6290 2 2 6 9 31 3258 403
6291 2 2 6 9 87 3238 88
6292 2 2 6 9 3147 3324 3046
6293 2 2 6 9 31 3332 3191
6294 2 2 6 9 3149 3371 3010
6295 2 2 6 9 3055 3371 3149
6296 2 2 6 9 94 3373 95
6297 2 2 6 9 3149 3364 465
6298 2 2 6 9 296 3374 24
6299 2 2 6 9 3027 3291 3184
6300 2 2 6 9 3067 3309 3208
6301 2 2 6 9 465 3364 464
6302 2 2 6 9 464 3356 8
6303 2 2 6 9 3009 3291 3200
6304 2 2 6 9 3254 3263 3073
6305 2 2 6 9 3150 3334 309
6306 2 2 6 9 3121 3360 3246
6307 2 2 6 9 3109 3384 3015
6308 2 2 6 9 310 3257 3150
6309 2 2 6 9 3158 3370 463
6310 2 2 6 9 3060 3346 3309
6311 2 2 6 9 3163 3294 467
6312 2 2 6 9 441 3227 3157
6313 2 2 6 9 3032 3349 3154
6314 2 2 6 9 311 3257 310
6315 2 2 6 9 2999 3223 3193
6316 2 2 6 9 3090 3281 2981
6317 2 2 6 9 8 3356 83
6318 2 2 6 9 3071 3360 3121
6319 2 2 6 9 3242 3344 3022
6320 2 2 6 9 3055 3294 3163
6321 2 2 6 9 3199 3231 2999
6322 2 2 6 9 3187 3215 394
6323 2 2 6 9 3041 3224 3117
6324 2 2 6 9 3117 3225 3040
6325 2 2 6 9 3282 3318 3064
6326 2 2 6 9 3268 3286 3058
6327 2 2 6 9 3211 3304 3029
6328 2 2 6 9 459 3368 3108
6329 2 2 6 9 385 3207 3188
6330 2 2 6 9 3236 3281 3090
6331 2 2 6 9 85 3262 86
6332 2 2 6 9 446 3376 445
6333 2 2 6 9 3261 3277 3031
6334 2 2 6 9 3124 3232 3043
6335 2 2 6 9 3043 3232 3123
6336 2 2 6 9 3249 3327 3160
6337 2 2 6 9 3044 3233 3124
6338 2 2 6 9 439 3353 23
6339 2 2 6 9 3004 3241 3204
6340 2 2 6 9 3042 3327 3249
6341 2 2 6 9 463 3370 462
6342 2 2 6 9 3156 3320 2997
6343 2 2 6 9 3030 3250 3220
6344 2 2 6 9 3220 3250 3077
6345 2 2 6 9 3054 3331 3168
6346 2 2 6 9 3168 3331 3018
6347 2 2 6 9 3138 3365 3023
6348 2 2 6 9 3025 3363 3137
6349 2 2 6 9 3158 3382 95
6350 2 2 6 9 395 3290 3187
6351 2 2 6 9 397 3268 396
6352 2 2 6 9 3302 3344 3070
6353 2 2 6 9 3104 3378 3023
6354 2 2 6 9 3031 3255 3155
6355 2 2 6 9 3137 3257 311
6356 2 2 6 9 3174 3315 2998
6357 2 2 6 9 3221 3379 3010
6358 2 2 6 9 3028 3335 3320
6359 2 2 6 9 3025 3245 3186
6360 2 2 6 9 2982 3287 3141
6361 2 2 6 9 3200 3276 2992
6362 2 2 6 9 3137 3363 3037
6363 2 2 6 9 3356 3364 3098
6364 2 2 6 9 407 3282 406
6365 2 2 6 9 3170 3280 92
6366 2 2 6 9 406 3285 405
6367 2 2 6 9 308 3334 3192
6368 2 2 6 9 401 3216 3184
6369 2 2 6 9 398 3286 397
6370 2 2 6 9 319 3235 318
6371 2 2 6 9 463 3382 3158
6372 2 2 6 9 405 3295 404
6373 2 2 6 9 3284 3362 2976
6374 2 2 6 9 467 3294 466
6375 2 2 6 9 3167 3223 3074
6376 2 2 6 9 3345 3353 439
6377 2 2 6 9 312 3245 3137
6378 2 2 6 9 3128 3386 2979
6379 2 2 6 9 89 3321 3230
6380 2 2 6 9 3034 3207 3125
6381 2 2 6 9 92 3280 93
6382 2 2 6 9 3251 3303 3067
6383 2 2 6 9 2995 3303 3251
6384 2 2 6 9 3074 3231 3166
6385 2 2 6 9 3230 3358 90
6386 2 2 6 9 3023 3365 3187
6387 2 2 6 9 396 3290 395
6388 2 2 6 9 3181 3323 2995
6389 2 2 6 9 3168 3373 94
6390 2 2 6 9 3156 3254 3028
6391 2 2 6 9 3060 3309 3303
6392 2 2 6 9 32 3318 407
6393 2 2 6 9 3015 3377 3189
6394 2 2 6 9 3238 3321 88
6395 2 2 6 9 313 3245 312
6396 2 2 6 9 3054 3280 3170
6397 2 2 6 9 3175 3357 2986
6398 2 2 6 9 317 3247 316
6399 2 2 6 9 3047 3316 3315
6400 2 2 6 9 3183 3286 398
6401 2 2 6 9 321 3267 320
6402 2 2 6 9 3001 3360 3178
6403 2 2 6 9 3259 3376 3076
6404 2 2 6 9 3209 3369 3035
6405 2 2 6 9 3269 3386 3128
6406 2 2 6 9 323 3249 322
6407 2 2 6 9 2978 3335 3237
6408 2 2 6 9 3030 3361 3250
6409 2 2 6 9 3062 3383 3153
6410 2 2 6 9 3004 3333 3265
6411 2 2 6 9 3079 3312 3182
6412 2 2 6 9 399 3385 3183
6413 2 2 6 9 309 3334 308
6414 2 2 6 9 3059 3372 3198
6415 2 2 6 9 3184 3385 400
6416 2 2 6 9 3276 3304 2992
6417 2 2 6 9 3173 3314 3091
6418 2 2 6 9 318 3235 3146
6419 2 2 6 9 383 3298 382
6420 2 2 6 9 375 3299 374
6421 2 2 6 9 6 3382 463
6422 2 2 6 9 369 3300 368
6423 2 2 6 9 377 3301 376
6424 2 2 6 9 3146 3247 317
6425 2 2 6 9 3123 3288 3043
6426 2 2 6 9 473 3359 472
6427 2 2 6 9 3043 3270 3124
6428 2 2 6 9 3248 3346 3060
6429 2 2 6 9 3119 3377 3229
6430 2 2 6 9 3124 3270 3044
6431 2 2 6 9 3217 3353 3345
6432 2 2 6 9 3121 3326 2981
6433 2 2 6 9 3108 3368 3202
6434 2 2 6 9 3117 3275 3041
6435 2 2 6 9 3040 3275 3117
6436 2 2 6 9 3171 3340 3038
6437 2 2 6 9 3200 3274 3009
6438 2 2 6 9 3009 3305 3093
6439 2 2 6 9 470 3348 469
6440 2 2 6 9 3093 3291 3009
6441 2 2 6 9 3075 3321 3238
6442 2 2 6 9 3218 3242 3022
6443 2 2 6 9 3209 3352 2983
6444 2 2 6 9 3153 3383 3076
6445 2 2 6 9 3192 3334 3068
6446 2 2 6 9 3072 3369 3000
6447 2 2 6 9 88 3321 89
6448 2 2 6 9 3196 3278 3057
6449 2 2 6 9 3229 3377 3015
6450 2 2 6 9 3214 3277 2973
6451 2 2 6 9 3182 3312 3085
6452 2 2 6 9 302 3343 301
6453 2 2 6 9 2974 3375 3208
6454 2 2 6 9 3208 3375 3067
6455 2 2 6 9 3005 3355 3177
6456 2 2 6 9 3213 3266 3006
6457 2 2 6 9 3074 3343 3167
6458 2 2 6 9 3166 3343 3074
6459 2 2 6 9 2979 3386 3179
6460 2 2 6 9 2975 3351 3196
6461 2 2 6 9 462 3370 3164
6462 2 2 6 9 3236 3317 3003
6463 2 2 6 9 90 3358 91
6464 2 2 6 9 3159 3235 319
6465 2 2 6 9 382 3328 381
6466 2 2 6 9 374 3330 373
6467 2 2 6 9 320 3267 3159
6468 2 2 6 9 3160 3267 321
6469 2 2 6 9 322 3249 3160
6470 2 2 6 9 3141 3367 2982
6471 2 2 6 9 3035 3352 3209
6472 2 2 6 9 3130 3205 3047
6473 2 2 6 9 3047 3205 3129
6474 2 2 6 9 3188 3241 3082
6475 2 2 6 9 3060 3323 3248
6476 2 2 6 9 378 3336 377
6477 2 2 6 9 3208 3309 3024
6478 2 2 6 9 95 3382 6
6479 2 2 6 9 370 3337 369
6480 2 2 6 9 3137 3245 3025
6481 2 2 6 9 3189 3292 3015
6482 2 2 6 9 3297 3355 3080
6483 2 2 6 9 3183 3305 3058
6484 2 2 6 9 3264 3318 32
6485 2 2 6 9 3179 3386 3050
6486 2 2 6 9 3048 3258 3191
6487 2 2 6 9 3035 3369 3185
6488 2 2 6 9 3058 3305 3213
6489 2 2 6 9 3204 3313 2989
6490 2 2 6 9 3090 3317 3236
6491 2 2 6 9 3237 3297 2978
6492 2 2 6 9 3282 3285 406
6493 2 2 6 9 3050 3269 3202
6494 2 2 6 9 3285 3295 405
6495 2 2 6 9 445 3376 3259
6496 2 2 6 9 3160 3327 3051
6497 2 2 6 9 3228 3340 2974
6498 2 2 6 9 3000 3369 3209
6499 2 2 6 9 2994 3363 3244
6500 2 2 6 9 3058 3286 3183
6501 2 2 6 9 3226 3292 3061
6502 2 2 6 9 3153 3295 3062
6503 2 2 6 9 2986 3357 3134
6504 2 2 6 9 407 3318 3282
6505 2 2 6 9 397 3286 3268
6506 2 2 6 9 3211 3253 3061
6507 2 2 6 9 3023 3378 3239
6508 2 2 6 9 3084 3339 3308
6509 2 2 6 9 400 3385 399
6510 2 2 6 9 3244 3363 3025
6511 2 2 6 9 3068 3334 3150
6512 2 2 6 9 3268 3290 396
6513 2 2 6 9 3203 3346 2987
6514 2 2 6 9 3202 3368 460
6515 2 2 6 9 3145 3258 3048
6516 2 2 6 9 3052 3297 3237
6517 2 2 6 9 3352 3387 2983
6518 2 2 6 9 3191 3332 3069
6519 2 2 6 9 3053 3357 3175
6520 2 2 6 9 3189 3377 3038
6521 2 2 6 9 3049 3281 3236
6522 2 2 6 9 3093 3305 3183
6523 2 2 6 9 3186 3245 313
6524 2 2 6 9 316 3247 3185
6525 2 2 6 9 3185 3369 3072
6526 2 2 6 9 2990 3354 3275
6527 2 2 6 9 315 3342 314
6528 2 2 6 9 3240 3302 476
6529 2 2 6 9 3007 3380 3222
6530 2 2 6 9 3222 3380 3066
6531 2 2 6 9 3298 3328 382
6532 2 2 6 9 3299 3330 374
6533 2 2 6 9 3275 3354 3041
6534 2 2 6 9 377 3336 3301
6535 2 2 6 9 3048 3304 3276
6536 2 2 6 9 369 3337 3300
6537 2 2 6 9 3325 3351 2975
6538 2 2 6 9 314 3342 3186
6539 2 2 6 9 3185 3342 315
6540 2 2 6 9 2995 3323 3303
6541 2 2 6 9 3150 3257 3037
6542 2 2 6 9 3217 3249 323
6543 2 2 6 9 3213 3305 3009
6544 2 2 6 9 3315 3316 2998
6545 2 2 6 9 3184 3291 3093
6546 2 2 6 9 3185 3247 3035
6547 2 2 6 9 3260 3349 3032
6548 2 2 6 9 3329 3387 3019
6549 2 2 6 9 3046 3379 3221
6550 2 2 6 9 3198 3372 2975
6551 2 2 6 9 3252 3359 473
6552 2 2 6 9 3239 3378 3006
6553 2 2 6 9 3178 3360 3071
6554 2 2 6 9 324 3353 3217
6555 2 2 6 9 23 3353 324
6556 2 2 6 9 3183 3385 3093
6557 2 2 6 9 3093 3385 3184
6558 2 2 6 9 3215 3365 3087
6559 2 2 6 9 3089 3349 3260
6560 2 2 6 9 3237 3335 3028
6561 2 2 6 9 3042 3249 3217
6562 2 2 6 9 2982 3367 3263
6563 2 2 6 9 3176 3350 3079
6564 2 2 6 9 3303 3323 3060
6565 2 2 6 9 3037 3257 3137
6566 2 2 6 9 3096 3285 3282
6567 2 2 6 9 3035 3247 3146
6568 2 2 6 9 3076 3376 3219
6569 2 2 6 9 3263 3367 3059
6570 2 2 6 9 3308 3339 3056
6571 2 2 6 9 3080 3347 3344
6572 2 2 6 9 3344 3347 3070
6573 2 2 6 9 3066 3362 3284
6574 2 2 6 9 3236 3351 3049
6575 2 2 6 9 3293 3384 3109
6576 2 2 6 9 3066 3380 3362
6577 2 2 6 9 3362 3380 3132
6578 2 2 6 9 3064 3318 3264
6579 2 2 6 9 3126 3387 3329
6580 2 2 6 9 3080 3355 3347
6581 2 2 6 9 3347 3355 3005
6582 2 2 6 9 3217 3345 3042
6583 2 2 6 9 3312 3350 2985
6584 2 2 6 9 3077 3384 3293
6585 2 2 6 9 3266 3350 3176
6586 2 2 6 9 3202 3381 3050
6587 2 2 6 9 3104 3290 3268
6588 2 2 6 9 3320 3335 3086
6589 2 2 6 9 3296 3325 3111
6590 2 2 6 9 3159 3267 3051
6591 2 2 6 9 3051 3267 3160
6592 2 2 6 9 3271 3372 3059
6593 2 2 6 9 3133 3328 3298
6594 2 2 6 9 3049 3325 3296
6595 2 2 6 9 3135 3330 3299
6596 2 2 6 9 3301 3336 3140
6597 2 2 6 9 3300 3337 3142
6598 2 2 6 9 3049 3351 3325
6599 2 2 6 9 3079 3350 3312
6600 2 2 6 9 3019 3387 3352
6601 2 2 6 9 2985 3350 3266
6602 2 2 6 9 3050 3386 3269
6603 2 2 6 9 3186 3342 3072
6604 2 2 6 9 3072 3342 3185
$EndElements
