$MeshFormat
4.1 0 8
$EndMeshFormat
$PhysicalNames
3
2 2 "LF"
2 3 "Sealedvolume_boundary"
3 1 "Sealedvolume"
$EndPhysicalNames
$Entities
30 45 17 1
1 0 50.6083129378729 -189.133196471955 0 
2 0 50.6083129378729 -274 0 
3 200 50.6083129378729 -189.133196471955 0 
4 200 50.6083129378729 -274 0 
5 0 133.5 -189.133196471955 0 
6 200 133.5 -189.133196471955 0 
7 200 133.5 -274 0 
8 306 133.5 -274 0 
9 306 0 -274 0 
10 0 0 -274 0 
11 0 133.5 -63.7521367215158 0 
12 84.7623577603145 133.5 -41.5524715938143 0 
13 131.723009483483 133.5 103 0 
14 185 133.5 103 0 
15 185 133.5 -171 0 
16 306 133.5 -171 0 
17 84.7623577603145 0 -41.5524715938143 0 
18 131.723009483483 0 103 0 
19 0 0 -63.7521367215158 0 
20 185 0 103 0 
21 306 0 -171 0 
22 185 0 -171 0 
23 185 0 -138 0 
24 202 0 -138 0 
25 202 0 -133 0 
26 225.54902597136 0 -58.2797082123139 0 
27 225.54902597136 0 14.279708212314 0 
28 202 0 89.0000000000001 0 
29 202 0 94.0000000000001 0 
30 185 0 94.0000000000001 0 
1 -1e-07 50.6083128378729 -274.0000001 1e-07 50.6083130378729 -189.133196371955 0 2 1 -2 
2 -9.999999406318238e-08 50.6083128378729 -189.133196571955 200.0000001 50.6083130378729 -189.133196371955 0 2 1 -3 
3 199.9999999 50.6083128378729 -274.0000001 200.0000001 50.6083130378729 -189.133196371955 0 2 3 -4 
4 -9.999999406318238e-08 50.6083128378729 -274.0000001 200.0000001 50.6083130378729 -273.9999999 0 2 2 -4 
5 -1e-07 50.6083128378729 -189.133196571955 1e-07 133.5000001 -189.133196371955 0 2 5 -1 
6 -9.999999406318238e-08 133.4999999 -189.133196571956 200.0000001 133.5000001 -189.133196371956 0 2 6 -5 
7 199.9999999 50.6083128378729 -189.133196571955 200.0000001 133.5000001 -189.133196371955 0 2 6 -3 
8 199.9999999 133.4999999 -274.0000001 200.0000001 133.5000001 -189.133196371955 0 2 7 -6 
9 199.9999999 50.6083128378729 -274.0000001 200.0000001 133.5000001 -273.9999999 0 2 4 -7 
10 199.9999999 133.4999999 -274.0000001 306.0000001 133.5000001 -273.9999999 0 2 7 -8 
11 305.9999999 -9.999999406318238e-08 -274.0000001 306.0000001 133.5000001 -273.9999999 0 2 9 -8 
12 -9.999999406318238e-08 -1e-07 -274.0000001 306.0000001 1e-07 -273.9999999 0 2 10 -9 
13 -1e-07 -1.000000011686097e-07 -274.0000001 1e-07 50.6083130378729 -273.9999999 0 2 10 -2 
14 -1e-07 133.4999999 -189.133196571955 1e-07 133.5000001 -63.7521366215158 0 2 5 -11 
15 -1.000000011686097e-07 133.4999999 -63.75213682151577 84.76235786031448 133.5000001 -41.55247149381428 0 2 11 -12 
16 84.76235766031456 133.4999999 -41.55247169381433 131.7230095834827 133.5000001 103.0000001000001 0 2 12 -13 
17 131.723009383483 133.4999999 102.9999999 185.0000001 133.5000001 103.0000001 0 2 14 -13 
18 184.9999999 133.4999999 -171.0000001 185.0000001 133.5000001 103.0000001 0 2 14 -15 
19 184.9999999 133.4999999 -171.0000001 306.0000001 133.5000001 -170.9999999 0 2 15 -16 
20 305.9999999 133.4999999 -274.0000001 306.0000001 133.5000001 -170.9999999 0 2 8 -16 
21 84.76235766031451 -9.999999406318238e-08 -41.5524716938143 84.76235786031449 133.5000001 -41.5524714938143 0 2 17 -12 
22 84.76235766031445 -1e-07 -41.55247169381425 131.7230095834825 1e-07 103.0000001000001 0 2 18 -17 
23 131.723009383483 -9.999999406318238e-08 102.9999999 131.723009583483 133.5000001 103.0000001 0 2 18 -13 
24 -1.000000088817842e-07 -9.999999406318238e-08 -63.7521368215158 9.99999911182158e-08 133.5000001 -63.7521366215158 0 2 19 -11 
25 -9.999998695775503e-08 -1e-07 -63.7521368215158 84.76235786031449 1e-07 -41.55247149381431 0 2 17 -19 
26 131.723009383483 -1e-07 102.9999999 185.0000001 1e-07 103.0000001 0 2 18 -20 
27 184.9999999 -9.999999406318238e-08 102.9999999 185.0000001 133.5000001 103.0000001 0 2 20 -14 
28 -1e-07 -1e-07 -274.0000001 1e-07 1e-07 -63.7521366215158 0 2 19 -10 
29 305.9999999 -1e-07 -274.0000001 306.0000001 1e-07 -170.9999999 0 2 21 -9 
30 184.9999999 -1e-07 -171.0000001 306.0000001 1e-07 -170.9999999 0 2 21 -22 
31 184.9999999 -1e-07 -171.0000001 185.0000001 1e-07 -137.9999999 0 2 22 -23 
32 184.9999999 -1e-07 -138.0000001 202.0000001 1e-07 -137.9999999 0 2 23 -24 
33 201.9899998996 -0.01000010039999998 -138.0100001004 202.0100001004 0.01000010039999998 -132.9899998996 0 2 24 -25 
34 201.8889998999 -0.1110001001000127 -133.1110001001 225.66002607146 0.1110001001000001 -58.1687081122139 0 2 25 -26 
35 212.8610670656945 -0.03628273983116064 -58.31599095214506 225.5853087111912 0.03628273983116064 14.31599095214516 0 2 26 -27 
36 201.8889998999 -0.1110001001000001 14.168708112214 225.66002607146 0.1110001001000001 89.1110001001001 0 2 27 -28 
37 201.9899998996 -0.01000010039999998 88.98999989960009 202.0100001004 0.01000010039999998 94.01000010040011 0 2 28 -29 
38 184.9999999 -1e-07 93.99999990000011 202.0000001 1e-07 94.00000010000009 0 2 29 -30 
39 184.9999999 -1e-07 93.99999990000011 185.0000001 1e-07 103.0000001 0 2 30 -20 
40 225.5127432315288 -0.03628273983116159 -58.31599095214506 225.5853087111912 36.31599095214506 14.31599095214516 0 2 26 -27 
41 201.8889998999 -0.1110001001000001 -133.1110001001 202.1110001001 111.1110001001 89.11100010010011 0 2 25 -28 
42 201.8839998999 -0.1160001001000026 -138.1160001001 202.1160001001 116.1160001001 94.11600010010011 0 2 24 -29 
43 184.9999999 -1.000000011686097e-07 -138.0000001 185.0000001 116.0000001 94.00000009999999 0 2 30 -23 
44 184.9999999 -9.999999406318238e-08 -171.0000001 185.0000001 133.5000001 -170.9999999 0 2 22 -15 
45 305.9999999 -9.999999406318238e-08 -171.0000001 306.0000001 133.5000001 -170.9999999 0 2 16 -21 
1 -9.999999406318238e-08 50.6083128378729 -274.0000001 200.0000001 50.6083130378729 -189.133196371955 1 3 4 4 -3 -2 1 
2 -9.999999406318238e-08 50.6083128378729 -189.133196571956 200.0000001 133.5000001 -189.133196371955 1 3 4 2 -7 6 5 
3 199.9999999 50.6083128378729 -274.0000001 200.0000001 133.5000001 -189.133196371955 1 3 4 7 3 9 8 
4 -9.999999406318238e-08 -9.999999406318238e-08 -274.0000001 306.0000001 133.5000001 -273.9999999 1 3 6 4 9 10 -11 -12 13 
5 -9.999999406318238e-08 133.4999999 -274.0000001 306.0000001 133.5000001 103.0000001000001 1 3 10 8 6 14 15 16 -17 18 19 -20 -10 
6 84.76235766031445 -9.999999406318238e-08 -41.55247169381432 131.723009583483 133.5000001 103.0000001000001 1 3 4 -23 22 21 16 
7 -1.000000082740371e-07 -9.999999406318238e-08 -63.7521368215158 84.76235786031449 133.5000001 -41.55247149381428 1 3 4 -21 25 24 15 
8 131.723009383483 -9.999999406318238e-08 102.9999999 185.0000001 133.5000001 103.0000001 1 3 4 -23 26 27 17 
9 -9.999999406318238e-08 -1.000000135935795e-07 -274.0000001 306.0000001 1e-07 103.0000001000001 1 3 16 22 25 28 12 -29 30 31 32 33 34 35 36 37 38 39 -26 
10 212.8657977884618 -0.03155201706383082 -58.31126022937773 225.5805779884238 36.31126022937773 14.31126022937783 1 2 2 -40 35 
11 201.8304535994415 -0.1695464005585592 -133.1695464005585 225.7185723719186 111.1695464005585 89.16954640055866 1 2 4 -34 41 -36 -40 
12 184.9999999 -1.000000153794645e-07 -138.0000001 202.0000001 116.0000001 94.00000009999999 1 3 4 -38 -42 -32 -43 
13 201.9999998999999 -1.000000580120286e-07 -138.0000001000001 202.0000001000001 116.0000001000001 94.00000010000016 1 2 4 -37 -41 -33 42 
14 184.9999999 -9.999999406318238e-08 -171.0000001 185.0000001 133.5000001 103.0000001 1 3 6 39 27 18 -44 31 -43 
15 184.9999999 -9.999999406318238e-08 -171.0000001 306.0000001 133.5000001 -170.9999999 1 3 4 19 45 30 44 
16 305.9999999 -9.999999406318238e-08 -274.0000001 306.0000001 133.5000001 -170.9999999 1 3 4 45 29 11 20 
17 -1.000000088817842e-07 -9.999999406318238e-08 -274.0000001 1e-07 133.5000001 -63.7521366215158 1 3 6 -5 14 -24 28 13 -1 
1 -0.169546400558545 -0.1695464005585592 -274.1695464005585 306.1695464005585 133.6695464005585 103.1695464005587 1 1 17 -1 -2 -3 4 5 -6 -7 8 9 -10 11 12 13 -14 -15 16 -17 
$EndEntities
$Nodes
90 2749 1 2749
0 1 0 1
1
0 50.6083129378729 -189.133196471955
0 2 0 1
2
0 50.6083129378729 -274
0 3 0 1
3
200 50.6083129378729 -189.133196471955
0 4 0 1
4
200 50.6083129378729 -274
0 5 0 1
5
0 133.5 -189.133196471955
0 6 0 1
6
200 133.5 -189.133196471955
0 7 0 1
7
200 133.5 -274
0 8 0 1
8
306 133.5 -274
0 9 0 1
9
306 0 -274
0 10 0 1
10
0 0 -274
0 11 0 1
11
0 133.5 -63.7521367215158
0 12 0 1
12
84.7623577603145 133.5 -41.5524715938143
0 13 0 1
13
131.723009483483 133.5 103
0 14 0 1
14
185 133.5 103
0 15 0 1
15
185 133.5 -171
0 16 0 1
16
306 133.5 -171
0 17 0 1
17
84.7623577603145 0 -41.5524715938143
0 18 0 1
18
131.723009483483 0 103
0 19 0 1
19
0 0 -63.7521367215158
0 20 0 1
20
185 0 103
0 21 0 1
21
306 0 -171
0 22 0 1
22
185 0 -171
0 23 0 1
23
185 0 -138
0 24 0 1
24
202 0 -138
0 25 0 1
25
202 0 -133
0 26 0 1
26
225.54902597136 0 -58.2797082123139
0 27 0 1
27
225.54902597136 0 14.279708212314
0 28 0 1
28
202 0 89.0000000000001
0 29 0 1
29
202 0 94.0000000000001
0 30 0 1
30
185 0 94.0000000000001
1 1 0 5
31
32
33
34
35
0 50.6083129378729 -203.2776637266292
0 50.6083129378729 -217.4221309813033
0 50.6083129378729 -231.5665982359775
0 50.6083129378729 -245.7110654906517
0 50.6083129378729 -259.8555327453258
1 2 0 12
36
37
38
39
40
41
42
43
44
45
46
47
15.38461538461539 50.6083129378729 -189.133196471955
30.76923076923077 50.6083129378729 -189.133196471955
46.15384615384615 50.6083129378729 -189.133196471955
61.53846153846154 50.6083129378729 -189.133196471955
76.92307692307692 50.6083129378729 -189.133196471955
92.30769230769231 50.6083129378729 -189.133196471955
107.6923076923077 50.6083129378729 -189.133196471955
123.0769230769231 50.6083129378729 -189.133196471955
138.4615384615385 50.6083129378729 -189.133196471955
153.8461538461538 50.6083129378729 -189.133196471955
169.2307692307692 50.6083129378729 -189.133196471955
184.6153846153846 50.6083129378729 -189.133196471955
1 3 0 5
48
49
50
51
52
200 50.6083129378729 -203.2776637266291
200 50.6083129378729 -217.4221309813033
200 50.6083129378729 -231.5665982359774
200 50.6083129378729 -245.7110654906516
200 50.6083129378729 -259.8555327453257
1 4 0 12
53
54
55
56
57
58
59
60
61
62
63
64
15.38461538461539 50.6083129378729 -274
30.76923076923077 50.6083129378729 -274
46.15384615384615 50.6083129378729 -274
61.53846153846154 50.6083129378729 -274
76.92307692307692 50.6083129378729 -274
92.30769230769231 50.6083129378729 -274
107.6923076923077 50.6083129378729 -274
123.0769230769231 50.6083129378729 -274
138.4615384615385 50.6083129378729 -274
153.8461538461538 50.6083129378729 -274
169.2307692307692 50.6083129378729 -274
184.6153846153846 50.6083129378729 -274
1 5 0 5
65
66
67
68
69
0 119.6847188229788 -189.133196471955
0 105.8694376459576 -189.133196471955
0 92.05415646893644 -189.133196471955
0 78.23887529191524 -189.133196471955
0 64.42359411489406 -189.133196471955
1 6 0 12
70
71
72
73
74
75
76
77
78
79
80
81
184.6153846153846 133.5 -189.133196471956
169.2307692307692 133.5 -189.133196471956
153.8461538461538 133.5 -189.133196471956
138.4615384615385 133.5 -189.133196471956
123.0769230769231 133.5 -189.133196471956
107.6923076923077 133.5 -189.133196471956
92.30769230769231 133.5 -189.133196471956
76.92307692307692 133.5 -189.133196471956
61.53846153846155 133.5 -189.133196471956
46.15384615384616 133.5 -189.133196471956
30.76923076923077 133.5 -189.133196471956
15.38461538461539 133.5 -189.133196471956
1 7 0 5
82
83
84
85
86
200 119.6847188229788 -189.133196471955
200 105.8694376459576 -189.133196471955
200 92.05415646893647 -189.133196471955
200 78.23887529191529 -189.133196471955
200 64.4235941148941 -189.133196471955
1 8 0 5
87
88
89
90
91
200 133.5 -259.8555327453258
200 133.5 -245.7110654906517
200 133.5 -231.5665982359775
200 133.5 -217.4221309813033
200 133.5 -203.2776637266292
1 9 0 5
92
93
94
95
96
200 64.42359411489409 -274
200 78.23887529191526 -274
200 92.05415646893644 -274
200 105.8694376459576 -274
200 119.6847188229788 -274
1 10 0 6
97
98
99
100
101
102
215.1428571428571 133.5 -274
230.2857142857143 133.5 -274
245.4285714285714 133.5 -274
260.5714285714286 133.5 -274
275.7142857142857 133.5 -274
290.8571428571429 133.5 -274
1 11 0 8
103
104
105
106
107
108
109
110
306 14.83333333333333 -274
306 29.66666666666667 -274
306 44.5 -274
306 59.33333333333334 -274
306 74.16666666666667 -274
306 89 -274
306 103.8333333333333 -274
306 118.6666666666667 -274
1 12 0 19
111
112
113
114
115
116
117
118
119
120
121
122
123
124
125
126
127
128
129
15.3 0 -274
30.6 0 -274
45.90000000000001 0 -274
61.2 0 -274
76.5 0 -274
91.80000000000001 0 -274
107.1 0 -274
122.4 0 -274
137.7 0 -274
153 0 -274
168.3 0 -274
183.6 0 -274
198.9 0 -274
214.2 0 -274
229.5 0 -274
244.8 0 -274
260.1 0 -274
275.4 0 -274
290.7 0 -274
1 13 0 3
130
131
132
0 12.65207823446823 -274
0 25.30415646893645 -274
0 37.95623470340468 -274
1 14 0 7
133
134
135
136
137
138
139
0 133.5 -173.4605640031501
0 133.5 -157.7879315343452
0 133.5 -142.1152990655403
0 133.5 -126.4426665967354
0 133.5 -110.7700341279305
0 133.5 -95.09740165912558
0 133.5 -79.42476919032069
1 15 0 5
140
141
142
143
144
14.12705962671906 133.5 -60.05219253356553
28.25411925343813 133.5 -56.35224834561528
42.38117888015719 133.5 -52.65230415766504
56.50823850687625 133.5 -48.95235996971479
70.63529813359538 133.5 -45.25241578176453
1 16 0 9
145
146
147
148
149
150
151
152
153
89.45842293263138 133.5 -27.09722443443287
94.15448810494819 133.5 -12.64197727505143
98.85055327726499 133.5 1.813269884330012
103.5466184495818 133.5 16.26851704371147
108.2426836218986 133.5 30.7237642030929
112.9387487942154 133.5 45.17901136247436
117.6348139665322 133.5 59.63425852185581
122.3308791388491 133.5 74.08950568123724
127.0269443111659 133.5 88.5447528406187
1 17 0 3
154
155
156
171.6807523708707 133.5 103
158.3615047417415 133.5 103
145.0422571126122 133.5 103
1 18 0 18
157
158
159
160
161
162
163
164
165
166
167
168
169
170
171
172
173
174
185 133.5 87.71618020816607
185 133.5 72.4323604163321
185 133.5 57.29400948014879
185 133.5 42.67935033832855
185 133.5 28.50752470662368
185 133.5 14.66749053952373
185 133.5 1.059600639396919
185 133.5 -12.41034567510907
185 133.5 -25.82368891370617
185 133.5 -39.25931418720041
185 133.5 -52.7974026880225
185 133.5 -66.52531780643911
185 133.5 -80.5419895800578
185 133.5 -94.95281912633581
185 133.5 -109.8690898465248
185 133.5 -125.1485406244981
185 133.5 -140.4323604163321
185 133.5 -155.7161802081661
1 19 0 7
175
176
177
178
179
180
181
200.125 133.5 -171
215.25 133.5 -171
230.375 133.5 -171
245.5 133.5 -171
260.625 133.5 -171
275.75 133.5 -171
290.875 133.5 -171
1 20 0 6
182
183
184
185
186
187
306 133.5 -259.2857142857143
306 133.5 -244.5714285714286
306 133.5 -229.8571428571429
306 133.5 -215.1428571428571
306 133.5 -200.4285714285714
306 133.5 -185.7142857142857
1 21 0 8
188
189
190
191
192
193
194
195
84.7623577603145 14.83333333333333 -41.5524715938143
84.7623577603145 29.66666666666667 -41.5524715938143
84.7623577603145 44.5 -41.5524715938143
84.7623577603145 59.33333333333334 -41.5524715938143
84.7623577603145 74.16666666666667 -41.5524715938143
84.7623577603145 89 -41.5524715938143
84.7623577603145 103.8333333333333 -41.5524715938143
84.7623577603145 118.6666666666667 -41.5524715938143
1 22 0 9
196
197
198
199
200
201
202
203
204
127.0269443111657 0 88.54475284061871
122.3308791388489 0 74.08950568123727
117.6348139665321 0 59.63425852185583
112.9387487942153 0 45.17901136247439
108.2426836218985 0 30.72376420309297
103.5466184495817 0 16.26851704371153
98.85055327726488 0 1.813269884330097
94.15448810494807 0 -12.64197727505135
89.45842293263124 0 -27.09722443443285
1 23 0 8
205
206
207
208
209
210
211
212
131.723009483483 14.83333333333334 103
131.723009483483 29.66666666666667 103
131.723009483483 44.5 103
131.723009483483 59.33333333333334 103
131.723009483483 74.16666666666667 103
131.723009483483 89 103
131.723009483483 103.8333333333333 103
131.723009483483 118.6666666666667 103
1 24 0 8
213
214
215
216
217
218
219
220
-8.881784197001251e-15 14.83333333333334 -63.7521367215158
-8.881784197001251e-15 29.66666666666667 -63.7521367215158
-8.881784197001251e-15 44.5 -63.7521367215158
-8.881784197001251e-15 59.33333333333334 -63.7521367215158
-8.881784197001251e-15 74.16666666666667 -63.7521367215158
-8.881784197001251e-15 89 -63.7521367215158
-8.881784197001251e-15 103.8333333333333 -63.7521367215158
-8.881784197001251e-15 118.6666666666667 -63.7521367215158
1 25 0 5
221
222
223
224
225
70.63529813359546 0 -45.25241578176455
56.50823850687639 0 -48.95235996971479
42.38117888015732 0 -52.65230415766504
28.25411925343827 0 -56.35224834561528
14.12705962671915 0 -60.05219253356553
1 26 0 3
226
227
228
145.6748185576386 0 103
159.5707816905189 0 103
172.7234019555825 0 103
1 27 0 9
229
230
231
232
233
234
235
236
237
185 12.36846477018253 103
185 24.78226840031549 103
185 37.30048580791939 103
185 49.99621265608902 103
185 62.95907609468912 103
185 76.28717565293496 103
185 90.08161467320294 103
185 104.4286928706406 103
185 118.9643464353203 103
1 28 0 13
238
239
240
241
242
243
244
245
246
247
248
249
250
0 0 -78.76984124140753
0 0 -93.78754576129924
0 0 -108.805250281191
0 0 -123.8229548010827
0 0 -138.8406593209745
0 0 -153.8583638408662
0 0 -168.8760683607579
0 0 -183.8937728806496
0 0 -198.9114774005413
0 0 -213.9291819204331
0 0 -228.9468864403248
0 0 -243.9645909602165
0 0 -258.9822954801083
1 29 0 6
251
252
253
254
255
256
306 0 -185.7142857142857
306 0 -200.4285714285714
306 0 -215.1428571428571
306 0 -229.8571428571428
306 0 -244.5714285714286
306 0 -259.2857142857143
1 30 0 7
257
258
259
260
261
262
263
290.4860010857406 0 -171
274.9720021714811 0 -171
259.4580032572216 0 -171
243.9440043429622 0 -171
228.5522147082996 0 -171
213.808659751024 0 -171
199.4473225413751 0 -171
1 31 0 2
264
265
185 0 -159.5064623685391
185 0 -148.5764743259144
1 32 0 1
266
193.7264534754898 0 -138
1 34 0 6
267
268
269
270
271
272
203.3313750481566 -1.221948198781217e-14 -121.7796425575101
205.4352925467113 -1.085632109871952e-14 -110.6485891791671
208.1329079848905 -9.520826943536403e-15 -99.74345182762244
211.3586652548803 -8.205246890869615e-15 -89.00092546342695
215.1681733683315 -6.903666565888523e-15 -78.3727155510889
219.740439563564 -5.633621389686521e-15 -68.00200967012583
1 35 0 6
273
274
275
276
277
278
219.4645801872102 0 -48.91080293414218
215.2776727040795 0 -38.54670917095369
213.1473224947425 0 -27.58280292107391
213.1474912845776 0 -16.41544348157791
215.278174228703 0 -5.451597224324157
219.4648313591138 0 4.911285405024852
1 36 0 6
279
280
281
282
283
284
219.7677938001974 0 23.94734139175024
215.2050157310162 0 34.27913264046569
211.390326932763 0 44.90428922583851
208.1547934547439 0 55.66364840187297
205.4342338594364 0 66.65340384489835
203.3292329105125 0 77.79336214287169
1 38 0 1
285
193.7264534754898 0 94.0000000000001
1 40 0 9
286
287
288
289
290
291
292
293
294
225.54902597136 11.209357213253 -56.50460170522665
225.54902597136 21.32322274655534 -51.35195733969749
225.54902597136 29.35000349846097 -43.32591199951284
225.54902597136 34.50492235367163 -33.20837014635617
225.54902597136 36.27970820391543 -21.99921936710483
225.54902597136 34.50511813032224 -10.79223256918918
225.54902597136 29.35037692401272 -0.6746019406666584
225.54902597136 21.32373378840157 7.351586077962089
225.54902597136 11.20995773813835 12.50440660958812
1 41 0 28
295
296
297
298
299
300
301
302
303
304
305
306
307
308
309
310
311
312
313
314
315
316
317
318
319
320
321
322
202 11.95994372704834 -132.353793528115
202 23.78866234216813 -130.4209368340373
202 35.33612136332187 -127.2252751338603
202 46.46513327401664 -122.8067030996842
202 57.06394810173678 -117.2087486896151
202 67.05386314037307 -110.4577833655813
202 76.27810500400749 -102.6390147323094
202 84.55122580387706 -93.91724560257988
202 91.87980814250041 -84.28242814548352
202 98.11775746314586 -73.90284838429665
202 103.1857832315284 -62.91080711616475
202 107.0274443937657 -51.43002117803144
202 109.5964890572468 -39.59572636536438
202 110.8610438486861 -27.55238298208037
202 110.8062925092416 -15.44518952551641
202 109.4328363181315 -3.413598105899034
202 106.7803535880066 8.314288505922267
202 102.8930646579396 19.64153269630048
202 97.8082077955065 30.48384978096614
202 91.58084493778958 40.72119929083421
202 84.29232291272342 50.22052546179073
202 76.02719932705278 58.87561413976765
202 66.86764710084869 66.59863300974999
202 56.94036576523899 73.28270958847045
202 46.36437439888237 78.85308516153712
202 35.25071764759408 83.2539163420041
202 23.7283886735421 86.43414393518916
202 11.93098209139319 88.35692849266354
1 42 0 30
323
324
325
326
327
328
329
330
331
332
333
334
335
336
337
338
339
340
341
342
343
344
345
346
347
348
349
350
351
352
202 11.72884907564457 -137.40552022915
202 23.32817409521214 -135.630085335634
202 34.68775887352368 -132.6921830317402
202 45.6923794931573 -128.6217916574905
202 56.23053130377841 -123.4599790523081
202 66.20043010287513 -117.2549371644029
202 75.50667493008906 -110.0610131726967
202 84.03507079305739 -101.963159497395
202 91.69678444526208 -93.04716547758356
202 98.41710130436434 -83.40092972298129
202 104.1286609614833 -73.11968276866023
202 108.7701198870101 -62.31204559142891
202 112.2920992784975 -51.09440564142959
202 114.6600732817144 -39.58031839961633
202 115.8508016617302 -27.88147552357866
202 115.8508016617302 -16.118524476421
202 114.6600732817144 -4.419681600383583
202 112.2920992784975 7.094405641429802
202 108.7701198870101 18.31204559142889
202 104.1286609614831 29.11968276866061
202 98.41710130436414 39.40092972298161
202 91.69678444526194 49.04716547758376
202 84.03507079305737 57.96315949739503
202 75.50667493008946 66.06101317269636
202 66.20043010287554 73.25493716440261
202 56.23053130377913 79.4599790523077
202 45.69237949315792 84.62179165749018
202 34.68775887352437 88.69218303174002
202 23.32817409521297 91.63008533563386
202 11.72884907564499 93.40552022914996
1 43 0 27
353
354
355
356
357
358
359
360
361
362
363
364
365
366
367
368
369
370
371
372
373
374
375
376
377
378
379
185 12.98734842716297 93.27067615326749
185 25.81104357073255 91.09195386847708
185 38.31006450439832 87.4912734315792
185 50.32743238205517 82.51387252336249
185 61.71206110160723 76.22230660390488
185 72.32167994596821 68.69495360709404
185 82.0219564895154 60.02681667376859
185 90.6906662919787 50.32705612367309
185 98.21864962970646 39.71788124131418
185 104.5115978867594 28.3321557968294
185 109.4899331694615 16.31389479740799
185 113.0914407256914 3.813291820056982
185 115.2705519621642 -9.011549348055542
185 116 -22.0000000000002
185 115.2705519621642 -34.98845065194482
185 113.0914407256913 -47.81329182005737
185 109.4899331694615 -60.3138947974081
185 104.5115978867594 -72.33215579682943
185 98.21864962970628 -83.71788124131447
185 90.69066629197842 -94.32705612367344
185 82.02195648951536 -104.0268166737686
185 72.32167994596841 -112.6949536070939
185 61.7120611016072 -120.2223066039049
185 50.32743238205504 -126.5138725233626
185 38.31006450439826 -131.4912734315792
185 25.81104357073229 -135.0919538684771
185 12.9873484271629 -137.2706761532675
1 44 0 8
380
381
382
383
384
385
386
387
185 14.26226560553231 -171
185 28.6192991284335 -171
185 43.17007449980809 -171
185 58.01597724595719 -171
185 73.10760316082347 -171
185 88.20570237061762 -171
185 103.3038015804117 -171
185 118.4019007902059 -171
1 45 0 8
388
389
390
391
392
393
394
395
306 118.6666666666667 -171
306 103.8333333333333 -171
306 89 -171
306 74.16666666666666 -171
306 59.33333333333333 -171
306 44.5 -171
306 29.66666666666666 -171
306 14.83333333333333 -171
2 1 0 65
396
397
398
399
400
401
402
403
404
405
406
407
408
409
410
411
412
413
414
415
416
417
418
419
420
421
422
423
424
425
426
427
428
429
430
431
432
433
434
435
436
437
438
439
440
441
442
443
444
445
446
447
448
449
450
451
452
453
454
455
456
457
458
459
460
131.3965960076647 50.6083129378729 -203.7462951067662
68.80961418622489 50.6083129378729 -203.672261745759
100.0960550889944 50.6083129378729 -260.5326765408884
161.5384615384615 50.6083129378729 -202.4566642224848
37.7859119694436 50.6083129378729 -203.7272957993345
187.316853003766 50.6083129378729 -238.9674076129676
12.79467702929622 50.6083129378729 -238.943324473425
53.34414008935909 50.6083129378729 -260.660636019707
146.8593936997933 50.6083129378729 -260.779221428284
100.0025603746821 50.6083129378729 -203.527329989537
187.6788172678543 50.6083129378729 -210.8821118845543
12.35328704825362 50.6083129378729 -210.7099223373477
177.3546511316788 50.6083129378729 -262.218736099754
22.70674270984457 50.6083129378729 -262.1618262053973
84.53533870788931 50.6083129378729 -260.5087005894581
92.30959816263274 50.6083129378729 -246.8556945543752
108.163542283464 50.6083129378729 -246.9433898895815
76.45286964499198 50.6083129378729 -246.8367330487549
84.21884536085024 50.6083129378729 -233.0771944544253
68.18301967210051 50.6083129378729 -233.1496462874593
76.29331394483515 50.6083129378729 -218.4991473292223
60.54303754463668 50.6083129378729 -218.5046644566081
52.1565383427278 50.6083129378729 -233.4985152919413
92.27411945394306 50.6083129378729 -218.2511236798662
44.36441455706139 50.6083129378729 -219.1871557916961
36.92514956252919 50.6083129378729 -233.2034635663406
27.29056036730204 50.6083129378729 -217.8963544025117
100.3847117303618 50.6083129378729 -232.9989117958612
116.3293233187759 50.6083129378729 -233.1853202994216
123.8971128030392 50.6083129378729 -246.9749262321351
132.377250837587 50.6083129378729 -233.2976200511783
124.4259234792897 50.6083129378729 -219.1794171911818
139.9099547202519 50.6083129378729 -218.7315423863688
148.4571104021941 50.6083129378729 -233.7265445958375
155.5270651703707 50.6083129378729 -218.5876021948441
163.475093396911 50.6083129378729 -233.2435490950016
172.7021564412863 50.6083129378729 -217.6668804322773
108.133542290278 50.6083129378729 -218.2664611963921
155.5529414057969 50.6083129378729 -247.3120238091892
44.88266434126949 50.6083129378729 -247.1630420720496
53.1992143249457 50.6083129378729 -203.8929617895513
115.7879754868575 50.6083129378729 -203.8309827379645
84.43506286507574 50.6083129378729 -203.7027092813824
146.7799616240735 50.6083129378729 -203.6314161423956
68.85485723225658 50.6083129378729 -260.4396092503134
115.3846153846154 50.6083129378729 -260.6765322494702
131.3261481597262 50.6083129378729 -260.5052599729746
60.55698867834893 50.6083129378729 -246.8647604756821
38.15977196721869 50.6083129378729 -261.0147910539062
12.44434943157048 50.6083129378729 -224.6307532432096
187.6700691312607 50.6083129378729 -224.5647485357038
139.7449928846895 50.6083129378729 -247.0992660149331
161.7387977872504 50.6083129378729 -261.3043715232231
27.23196672684434 50.6083129378729 -246.7573620075597
187.5365779382961 50.6083129378729 -252.9732708133403
12.19832554805226 50.6083129378729 -252.8917092498598
172.8465203462934 50.6083129378729 -246.8718198319257
177.545665437505 50.6083129378729 -201.4203670546977
22.82007702358805 50.6083129378729 -201.7213448915539
23.35008938887802 50.6083129378729 -232.031787563811
176.8021384639035 50.6083129378729 -232.2628811015752
189.5084035312742 50.6083129378729 -199.2501528449601
10.49159646872577 50.6083129378729 -199.2501528449601
189.5434331776715 50.6083129378729 -263.9211445767993
10.45656682232844 50.6083129378729 -263.9211445767994
2 2 0 65
461
462
463
464
465
466
467
468
469
470
471
472
473
474
475
476
477
478
479
480
481
482
483
484
485
486
487
488
489
490
491
492
493
494
495
496
497
498
499
500
501
502
503
504
505
506
507
508
509
510
511
512
513
514
515
516
517
518
519
520
521
522
523
524
525
130.6731756802364 64.07563639698448 -189.133196471955
69.23076923076923 120.1765322494702 -189.133196471955
99.82048335766387 120.0220531694081 -189.133196471955
161.5384615384615 63.93178068840274 -189.133196471955
38.46153846153847 120.1765322494702 -189.133196471955
187.081661009703 98.95397114257833 -189.133196471955
11.96438445972533 85.14651588042584 -189.133196471955
83.90834066099114 63.83127980301958 -189.133196471955
146.0125383479588 119.5830019723246 -189.133196471955
52.72887748153688 63.60629846449254 -189.133196471955
12.06863470729347 112.1528497276157 -189.133196471955
188.0356155402747 71.3312347034047 -189.133196471955
22.46551421118643 62.15727845781255 -189.133196471955
177.2455529384479 121.582820143149 -189.133196471955
146.2406990016094 64.19040005246123 -189.133196471955
138.4140724809114 77.87612952565613 -189.133196471955
122.5980951314857 77.68550823865127 -189.133196471955
130.3134867583051 91.5672999143855 -189.133196471955
146.2943221448611 91.77872869171252 -189.133196471955
114.3278688813073 91.34676537692522 -189.133196471955
122.3097118635672 105.5037916776383 -189.133196471955
106.8514123726211 77.62449957226576 -189.133196471955
98.37043637780336 91.298849609063 -189.133196471955
138.1379566461852 105.4929829462455 -189.133196471955
154.0557056029311 105.796059331932 -189.133196471955
161.8979767763337 91.96041593296985 -189.133196471955
130.5002053247333 119.6628144289921 -189.133196471955
106.6588957201829 105.5700305466794 -189.133196471955
90.73740682906052 105.2657119323403 -189.133196471955
82.42221443632837 91.13336748842758 -189.133196471955
74.69360923731213 104.9766579442659 -189.133196471955
66.4235611250262 90.99072791896938 -189.133196471955
58.7956340082183 104.7961248203707 -189.133196471955
50.44178577613707 90.79157087982122 -189.133196471955
75.15944481514904 77.52978388890836 -189.133196471955
42.68726529451715 104.4993046689467 -189.133196471955
35.35405643913988 90.84998032812123 -189.133196471955
43.53531346640941 77.00833281539465 -189.133196471955
26.51719374831279 105.1594155584043 -189.133196471955
172.3175950584335 106.185861929072 -189.133196471955
154.2293754087261 78.02747168169623 -189.133196471955
172.2578714017279 77.97643135421447 -189.133196471955
84.61538461538461 120.1765322494702 -189.133196471955
53.84615384615384 120.1765322494702 -189.133196471955
115.3846153846153 63.93178068840281 -189.133196471955
161.9524550853574 120.0680262827627 -189.133196471955
99.43861533616936 64.10232303661371 -189.133196471955
91.02507733317705 77.58668389971635 -189.133196471955
115.0097545058963 119.6264483037863 -189.133196471955
11.96438445972533 98.96179705744703 -189.133196471955
187.2449788044043 85.10147090499761 -189.133196471955
68.1237768763677 64.03805846190735 -189.133196471955
187.7289809349055 112.6662729836576 -189.133196471955
12.15278033184704 71.27362648722061 -189.133196471955
59.40212659010437 77.32746207158226 -189.133196471955
37.64003979915732 63.3101550055638 -189.133196471955
177.5642535801579 62.47794582466197 -189.133196471955
22.24896565277686 121.3642513578598 -189.133196471955
26.46559337304948 77.40000649192503 -189.133196471955
176.0947248747204 92.05415646893636 -189.133196471955
22.45312249599056 91.50354306326469 -189.133196471955
10.29258084567031 123.6967106116689 -189.133196471955
189.7074191543297 60.4116023262041 -189.133196471955
10.27092339715097 60.38748471966294 -189.133196471955
189.7290766028491 123.7208282182099 -189.133196471955
2 3 0 30
526
527
528
529
530
531
532
533
534
535
536
537
538
539
540
541
542
543
544
545
546
547
548
549
550
551
552
553
554
555
200 62.97674392398419 -238.7601550885187
200 119.9789744065585 -224.5494680892672
200 85.01913674617394 -201.1997513962859
200 98.47484738466753 -262.079901879869
200 71.03833019464142 -262.301637377017
200 112.540635877917 -200.9435558900605
200 62.85778090341785 -210.3498973539662
200 121.2505320344551 -252.7832991179887
200 63.53998975892006 -224.2670453993952
200 76.75222314443832 -231.6177646987635
200 77.11113122199639 -248.5078082499024
200 90.67271140351875 -239.4145000731095
200 91.04952508353793 -224.6461720968039
200 105.1803007306677 -231.9217025634617
200 105.7199290907627 -215.486273865174
200 77.51486382983276 -214.8540389923874
200 119.4227126249931 -239.0243376886641
200 84.79879467701609 -262.1491951555585
200 98.96179705744707 -201.0975809316803
200 104.9395634624374 -248.3033207963653
200 71.3312347034047 -200.3091167942161
200 112.2877455133844 -262.5135166282441
200 61.91678815323065 -252.8826278364163
200 122.2798554069655 -210.3498973539662
200 91.7676521065182 -211.4944096709848
200 91.87542749993949 -252.0058234265626
200 123.4444134564943 -199.2801134871695
200 60.66389948137853 -263.8530829847855
200 123.7814683952964 -264.279828854359
200 60.14730200194128 -198.6629011160212
2 4 0 99
556
557
558
559
560
561
562
563
564
565
566
567
568
569
570
571
572
573
574
575
576
577
578
579
580
581
582
583
584
585
586
587
588
589
590
591
592
593
594
595
596
597
598
599
600
601
602
603
604
605
606
607
608
609
610
611
612
613
614
615
616
617
618
619
620
621
622
623
624
625
626
627
628
629
630
631
632
633
634
635
636
637
638
639
640
641
642
643
644
645
646
647
648
649
650
651
652
653
654
211.9643844597253 71.33123470340468 -274
293.1144621053226 53.25806464715933 -274
253.136636227166 120.2786881623714 -274
253.2770085679179 13.02937632686707 -274
293.1645591332916 81.78730899160028 -274
213.0946134986083 98.98313808448265 -274
222.0822815841538 12.87725957230214 -274
192.0857776101859 37.85020802628386 -274
38.30908088815506 13.12663096612295 -274
68.88303911831608 13.15463688719983 -274
99.5809523809524 13.00003925464268 -274
130.2897435897436 12.91644486086101 -274
160.94383438014 12.93112225889572 -274
284.1740019287046 12.54251855832246 -274
283.6503946040686 121.2165772595164 -274
207.1690212567423 37.65082289231684 -274
22.33899070644012 39.95803825171438 -274
53.84615384615385 37.28484518734308 -274
84.6153846153846 37.28484518734308 -274
115.3846153846154 37.28484518734308 -274
146.1538461538462 37.28484518734308 -274
12.21082764124839 18.99249673211529 -274
215.9086361206045 49.93032055057671 -274
222.9799598682058 37.62065077458743 -274
230.8294830209557 50.59406020188621 -274
238.8818703483754 37.05899499731697 -274
246.8249058616729 50.71461063644212 -274
239.0118255083195 64.35282704222976 -274
254.8040505885356 64.54533933736094 -274
246.7484169321798 78.35502627411562 -274
262.6988655992905 50.66761396861313 -274
262.6174458263508 78.38908375194605 -274
254.6315927022611 92.22690269793721 -274
269.779652561477 91.75811258986177 -274
238.9462628358161 92.14135106113152 -274
191.4654615429686 12.92370716844411 -274
222.6189690862201 121.6395052534116 -274
261.710066547087 106.0760718697332 -274
254.8871074294641 36.84761133909478 -274
269.4781646665771 37.76007098226536 -274
269.7691125138064 63.9446500305721 -274
228.185066271964 78.13462218698986 -274
246.1495012676674 106.184399771292 -274
227.8077828058355 106.3093614145899 -274
176.9248796940073 37.44196365503177 -274
38.33854973312463 38.192379154233 -274
130.7692307692307 37.28484518734304 -274
69.23076923076923 37.2848451873431 -274
100 37.2848451873431 -274
161.5379359751046 37.42891362200718 -274
206.6246238545204 12.72095279387615 -274
84.28032865833782 12.95289746649404 -274
53.59157116732136 13.0999808646631 -274
145.706878379596 12.81572689596061 -274
115.0233211233211 12.81094628193451 -274
269.6610292107175 13.4244079005083 -274
237.9131566549135 12.86547587971306 -274
176.4031529359343 12.85751315410632 -274
237.8571428571429 120.3859010284071 -274
268.1428571428575 120.3859010284077 -274
293.196643756117 38.17750170968294 -274
293.1242973320765 68.04414916121283 -274
293.3200340319007 96.90902918527799 -274
279.0520275028136 105.32568200329 -274
279.078733637283 76.44896657638866 -274
278.6902829031957 48.50581376902549 -274
212.9418087244925 85.13269720077754 -274
293.9587764839014 22.25 -274
212.2921595345006 112.6937882784739 -274
294.0164288343829 111.25 -274
12.16855946820449 31.97124816953293 -274
22.4731898831057 10.62990930931007 -274
222.7006304395465 62.45570295154133 -274
199.4062755870381 25.35120973011692 -274
224.4067881166576 92.05415646893643 -274
27.42757778201779 25.46159702189076 -274
214.8593086092638 25.29364165124892 -274
45.50856582587237 25.42529990016187 -274
61.3305293519183 25.27692766277229 -274
76.84733557477392 25.32009200531697 -274
92.27168973392108 25.38004716540688 -274
107.6568908324007 25.39605061450325 -274
123.0769230769231 25.48694581969325 -274
138.4615384615384 25.51134598966911 -274
153.8461538461539 25.53544826633782 -274
169.2168524346859 25.55090793123269 -274
184.5650298239639 25.5301119970878 -274
230.8936895049228 25.54095414429407 -274
280.4421548757815 28.7001593236215 -274
246.9259602724865 25.74526523481506 -274
262.4452375038241 25.91781518452868 -274
282.744758797922 89.68408209023333 -274
296.1047932591189 123.6266487852366 -274
295.671668714265 10.31005942964143 -274
282.4985645447014 61.71939888634142 -274
9.978433111851999 42.22042940007956 -274
9.996803504870821 8.454896855178715 -274
210.2315918163396 123.6765684494228 -274
210.3043872557098 60.39115302416076 -274
2 5 0 207
655
656
657
658
659
660
661
662
663
664
665
666
667
668
669
670
671
672
673
674
675
676
677
678
679
680
681
682
683
684
685
686
687
688
689
690
691
692
693
694
695
696
697
698
699
700
701
702
703
704
705
706
707
708
709
710
711
712
713
714
715
716
717
718
719
720
721
722
723
724
725
726
727
728
729
730
731
732
733
734
735
736
737
738
739
740
741
742
743
744
745
746
747
748
749
750
751
752
753
754
755
756
757
758
759
760
761
762
763
764
765
766
767
768
769
770
771
772
773
774
775
776
777
778
779
780
781
782
783
784
785
786
787
788
789
790
791
792
793
794
795
796
797
798
799
800
801
802
803
804
805
806
807
808
809
810
811
812
813
814
815
816
817
818
819
820
821
822
823
824
825
826
827
828
829
830
831
832
833
834
835
836
837
838
839
840
841
842
843
844
845
846
847
848
849
850
851
852
853
854
855
856
857
858
859
860
861
80.88252813990302 133.5 -56.15171654599189
173.1545166140293 133.5 -117.1622122194417
100.4698940698572 133.5 -176.4731198642033
13.57289786216186 133.5 -118.6063503623329
173.5969704900337 133.5 -59.55338392515591
292.6249981358234 133.5 -221.0669955774007
175.2419556452994 133.5 -19.22274571846341
212.7484848875451 133.5 -224.7938091430796
96.01757544556583 133.5 -52.1592328677969
91.62683577712755 133.5 -67.41114200942295
53.84615384615385 133.5 -175.8097287214262
117.9030570069833 133.5 21.59763184527515
38.14217498614769 133.5 -66.96891280669266
253.1337320921174 133.5 -260.6857952453745
253.4703472206378 133.5 -183.5005177434537
106.9656463836955 133.5 -63.34483446588737
102.7279155952207 133.5 -78.75118764820149
87.24262613768391 133.5 -82.76256344263774
98.43324784762241 133.5 -94.16205035489654
82.94461043962573 133.5 -98.16926445542953
109.0446856087735 133.5 -7.871319886104118
169.5645267853781 133.5 -148.936203535966
133.1098264385195 133.5 -174.2423370205051
172.0024246388533 133.5 -87.15810710649919
94.15588031067296 133.5 -109.5803879820009
78.66528653709042 133.5 -113.5868712541159
109.6603317469842 133.5 -105.5609475724427
127.2627235565309 133.5 49.05174230940827
170.2606081950856 133.5 8.064287578759661
105.3722135085498 133.5 -120.989850403543
118.1902078820803 133.5 -74.70709722178043
122.3968926950002 133.5 -59.27472630810198
13.38370412324626 133.5 -149.6301024022843
120.8727241929819 133.5 -116.9736669143658
175.2157552133484 133.5 35.44232866746131
137.1629096748943 133.5 77.08513597000922
67.44946617054444 133.5 -102.1749807388586
63.17413992566154 133.5 -117.5931729454884
74.38895817808182 133.5 -129.0049467132011
58.89846791722864 133.5 -133.0113289986747
116.5869593733513 133.5 -132.4013235785968
132.0771682748787 133.5 -128.3947249712686
51.95921461934128 133.5 -106.181378607949
136.3498731053985 133.5 -112.9788465605275
133.6588213660381 133.5 -70.65409586999473
137.8879447759851 133.5 -55.22360354678483
211.6422808764501 133.5 -195.4359689339265
70.11328945338107 133.5 -144.4231060643384
172.1713893454673 133.5 63.8632076425273
126.6180809713397 133.5 -43.84078861085578
142.1170610095223 133.5 -39.79256724743914
14.61287868926727 133.5 -86.08592284382902
223.1489552099825 133.5 -261.1302068504051
283.4438124114403 133.5 -261.8895078092065
283.6145849283143 133.5 -183.1637563491197
101.0949174051561 133.5 -136.4094435675659
112.2766391576575 133.5 -147.6940528855659
160.0455020617868 133.5 -176.2085115869173
131.1356033663862 133.5 -28.48608905398495
56.27648513688508 133.5 -90.91868735591589
165.0211285563061 133.5 91.46519319387841
146.001168289939 133.5 -24.26650110857778
135.3565866858407 133.5 -13.05234336265016
54.54314597638427 133.5 -148.1208481515519
43.39488374179366 133.5 -136.966283651922
149.9817095686517 133.5 -8.767170489672026
39.3553953208762 133.5 -152.0367464568133
24.37374136602891 133.5 -174.0762983565419
139.7045139295894 133.5 2.346167194843531
40.79254572227703 133.5 -94.95468665251201
129.4290078979988 133.5 -86.08412083249414
144.8884911101676 133.5 -82.05240244370282
158.8387569381966 133.5 -38.04669556132643
115.8488831455433 133.5 -32.86823488082399
96.66995814225841 133.5 -151.2527601894037
147.1125555503006 133.5 -124.8349680142124
143.214519920943 133.5 -139.8824094512484
150.6775724206104 133.5 -110.2669106865987
36.9626892850978 133.5 -109.7412496812398
64.71254723511112 133.5 -162.1394316648986
154.8148474477719 133.5 6.498200987283212
144.0554033049918 133.5 17.74376527623724
158.5858928952694 133.5 20.74775018478715
147.3621448878812 133.5 31.14888247415809
158.1710424894346 133.5 -136.5050783664468
152.5204341080527 133.5 -152.3023500583805
137.7202890135998 133.5 -156.5842583674286
132.9637625282067 133.5 26.47031916638514
27.93560992654044 133.5 -142.7150934402572
76.46115142323841 133.5 -71.2903159519069
124.6786395789132 133.5 -2.903923861892906
223.2326467024431 133.5 -186.0079797433751
26.257402870396 133.5 -98.0672227775467
29.52962513994785 133.5 -83.3578170808469
140.4570735905252 133.5 -97.74389734151424
157.7158613705911 133.5 -95.32474280941665
113.945305921711 133.5 -90.13248872358008
111.473343319141 133.5 -48.03296992369508
148.6379652797411 133.5 -67.05940626332995
81.09757872592311 133.5 -155.7349927303023
77.05253428965568 133.5 -171.2530584742545
71.81494499794613 133.5 -86.77443248532359
61.54055431304381 133.5 -75.27650785890717
152.2753826737332 133.5 -53.04978339525246
89.88013537450232 133.5 -124.9980319906019
85.54080621321714 133.5 -140.3038802092356
29.57368912678685 133.5 -125.0339217503783
47.32718076931829 133.5 -121.421222605942
127.5665775635569 133.5 -144.0317136874062
122.315675468085 133.5 -160.1397349711644
147.538532338785 133.5 -168.0681621705475
125.1190527425999 133.5 -101.5789946574874
160.0387742237656 133.5 -78.11006035514885
14.07765017312257 133.5 -134.0905722695881
171.8325947805844 133.5 -163.358090104083
115.7501219993756 133.5 -175.2663173240732
40.16480290026887 133.5 -175.6983356247502
132.5014578106975 133.5 62.79497036449311
147.1861390941038 133.5 66.10911852787382
153.4408273325763 133.5 81.12681402317804
237.8415894884294 133.5 -260.5854466394792
245.5122714240248 133.5 -246.9630193980593
261.281014647305 133.5 -247.2352002019681
253.6451886799332 133.5 -233.305179760108
237.9708386816995 133.5 -233.1790372284477
245.9354299207194 133.5 -219.3488330028849
261.8568872727384 133.5 -219.5802038593601
254.1144373917419 133.5 -205.6089182315166
238.4954006299068 133.5 -205.7849857464608
270.1121623254367 133.5 -205.8779714411119
268.858075850532 133.5 -233.0945983927184
227.8534059582526 133.5 -218.6403122280662
276.9263833188771 133.5 -219.5559121453398
284.8894282666146 133.5 -207.2155718887578
230.4159394686457 133.5 -247.3051953711068
268.226142096129 133.5 -260.8706376920427
269.0031465515075 133.5 -183.3657881212342
238.5830213584171 133.5 -183.5806872297472
172.7099373186071 133.5 -102.3613542549921
172.5943114593495 133.5 49.4557733056912
173.3647018627118 133.5 -45.84346514057523
214.1655627460779 133.5 -249.6238393947792
292.8950099774027 133.5 -237.6863132548434
173.1477138381458 133.5 21.58750762307375
66.77601397958531 133.5 -59.33678039325588
52.1995295341322 133.5 -63.48296852011453
172.7360204948086 133.5 -7.631344154904355
173.3772717362712 133.5 -32.54150155045335
212.2494679655444 133.5 -210.3498973539662
106.5604645548515 133.5 -162.5851925293807
100.274885001261 133.5 -37.42250107174465
278.6880803474153 133.5 -246.320782965407
142.6885539762115 133.5 51.49506902211954
158.1234154007844 133.5 54.27213794019303
24.29932662363938 133.5 -70.0719442313675
45.5653806274611 133.5 -80.00802005920394
172.9055875633063 133.5 -72.86713226577376
12.44714126328998 133.5 -165.0948721977421
172.3412239398309 133.5 -132.3223191817452
293.7124574840071 133.5 -252.1872053614735
293.3430530290669 133.5 -194.1302722487766
120.0255209649712 133.5 -18.00113062922679
171.3184864467268 133.5 80.32802826652471
140.3866543107791 133.5 90.34849082027819
104.8011476263547 133.5 -22.650398029564
25.57882475472108 133.5 -157.9324936680702
223.2757101058212 133.5 -233.7479593949939
48.60521128313813 133.5 -162.6948484222185
12.68390283778437 133.5 -103.2140234795901
162.5178999166494 133.5 -19.15600005745929
114.1121261832286 133.5 7.004777640408804
224.2985095165319 133.5 -203.2776637266299
91.59476251243947 133.5 -165.8167053701497
128.9029170886521 133.5 12.04312287687605
10.60785298792514 133.5 -71.87739310411968
122.7591810090387 133.5 35.58662524923034
152.4504744108031 133.5 93.7880996074669
209.2695185710331 133.5 -182.3402433979296
174.144850137705 133.5 -177.7665989269825
160.3930892906091 133.5 69.48114442218764
246.4005071024084 133.5 -195.0632119790474
161.8853012720184 133.5 -64.60123500908864
262.2839778439001 133.5 -195.5950453232801
277.7304571603837 133.5 -195.402751956362
160.6735032404362 133.5 -122.1571479870349
159.9300966108721 133.5 -162.1915638577457
162.3803772320512 133.5 36.69303489156488
193.7430687453657 133.5 -180.1994564395804
66.23618610135686 133.5 -177.5386520973031
210.3358459203353 133.5 -236.9531135871953
23.81011639644538 133.5 -110.9325536102176
87.66959202054431 133.5 -178.3618553305039
281.9985095260101 133.5 -231.5449204671419
161.4484167433791 133.5 -3.616041818817735
211.2377525866447 133.5 -263.0026541855285
11.21202921383331 133.5 -177.8418408893515
137.2441105463971 133.5 40.4972826087465
295.9665275914763 133.5 -181.0016628624364
295.2478421677841 133.5 -263.3694852822412
35.61559512500664 133.5 -164.4877445056788
297.0492939740249 133.5 -207.7168875260782
234.2020170619415 133.5 -194.7429056850521
163.9922226473387 133.5 -52.21891260627976
175.6040734747808 133.5 93.10188033371378
162.9862781928549 133.5 -109.4544735914968
150.8776902674388 133.5 43.69555841212292
146.4727493506394 133.5 -179.8636663561003
2 6 0 83
862
863
864
865
866
867
868
869
870
871
872
873
874
875
876
877
878
879
880
881
882
883
884
885
886
887
888
889
890
891
892
893
894
895
896
897
898
899
900
901
902
903
904
905
906
907
908
909
910
911
912
913
914
915
916
917
918
919
920
921
922
923
924
925
926
927
928
929
930
931
932
933
934
935
936
937
938
939
940
941
942
943
944
89.00230121198845 65.32776579714438 -28.50124076826185
127.0671153143046 66.8321143995971 88.66840567713216
106.0966421194017 13.18421285968095 24.11790180668565
106.245068504703 120.99893033871 24.57478219607034
115.8018247763228 121.1420622727794 53.99202171024813
115.6538719219512 12.89347633312344 53.53659892555488
88.65254500734676 97.13645449449224 -29.57784686253558
88.90604688929014 36.30370599910514 -28.79752712156142
126.8845890331926 38.16739993801232 88.10656030025976
127.0054956245035 95.47176446857927 88.47873031844863
96.54114176411039 13.34972637649678 -5.295471794164087
96.40184719962414 119.9595087492747 -5.724242964010088
124.8751621886563 121.7259938912012 81.92121988852593
124.7826097712841 12.25929291955367 81.63632859779173
91.81473377869435 12.22430899094202 -19.84411903356278
93.43705143623356 27.72751477372859 -14.85036322944802
98.92148897688222 27.11499947681914 2.031621426049028
96.68952612828943 40.74102071827532 -4.838720752581452
101.6051481049433 40.65128072713267 10.29235771572766
99.23155882879298 54.48607124226723 2.98606651605013
104.1734792161347 54.20894910551101 18.1980957404588
101.782088777565 68.17313043595635 10.83700968741917
106.724703055321 67.89164461732027 26.05117481860756
109.1203652267352 53.89617633073426 33.42540995535863
111.6681575828471 67.60403219813854 41.26792637431447
114.0639811289664 53.607569320341 48.64265824847493
109.2727802521804 81.59727438706376 33.89456802339446
114.2155287144809 81.3148214059696 49.10914619628578
111.5181554225109 40.12731491094889 40.80619549483627
116.4613315572803 39.88230222921272 56.0220901126691
119.007211810428 53.36868674717331 63.85872076983728
111.8176399044414 94.90377094757264 41.72805710617517
116.7601434735849 94.5660607916426 56.94188145837141
119.1579587804086 80.95476455732546 64.32274429371068
106.8743957009156 95.10884264392789 26.51195296171487
96.97855135735583 68.70570749851188 -3.949054411049346
99.41008139358034 82.20646079449799 3.535587807351689
94.52611467668751 81.90311396031875 -11.49805065811461
96.76391839053395 94.10016980664486 -4.609729352753988
121.395264234607 39.42400737155485 71.20953187539031
121.6423310892707 94.6039907007509 71.97004356294283
123.9498207331475 53.04021401087189 79.07286941735836
124.1055718505595 80.86954979389304 79.55229651534935
118.6767726680502 107.7178244616309 62.84157571351184
118.4377950718562 26.31737879956709 62.10596407019305
93.70298136044447 56.26835362072592 -14.03178796686331
106.5697327572955 40.38561974577642 25.57415120881446
108.7878242983977 26.7922356624249 32.40179526234593
101.895285298299 94.65446092912251 11.18544686295864
104.3275306561191 81.68382012231936 18.67229095677715
121.6498298856116 67.06401272068217 71.99312606936647
116.6271113171238 67.31898115827167 56.53238699199827
109.0583258278064 107.8501702322463 33.23444266418434
101.5062393008829 120.4316027904697 9.987900440015011
91.57839116689655 120.9335306864367 -20.57161976927881
101.3312798199582 13.48311954978858 9.449346896390495
89.53584461368251 81.47124504233943 -26.85890799417479
88.9484049623927 50.70050054734691 -28.6671421304199
103.8853526794798 26.93524467027044 17.31119571933556
110.9400392844129 13.36063077280961 39.02666063822973
88.63186040073582 21.91376653423437 -29.64151742288433
127.9115176512298 111.5015833590162 91.2676124671415
127.8496250081521 22.08626326535731 91.07709691418256
88.47124698595991 111.25 -30.13591145757201
93.13631503080094 105.4238014121384 -15.77607846355065
113.6331695927349 26.56222311801444 47.31655075063816
120.2394991441578 12.69005526988534 67.65190023537106
128.1932705176272 52.03587368189372 92.13489330166817
128.2711279573672 81.50125444235402 92.37455107755974
123.264897043875 25.15739959398843 76.96456366553141
120.4731471909292 120.7880819871995 68.37110666468062
111.1067852057024 120.608827176585 39.53993151855454
113.8702486426514 107.7981193137428 48.04631836184092
99.1705162384288 107.1011639010181 2.798167562652949
104.2230012768718 107.5413489002866 18.35053264274377
123.43073773544 108.6348731447297 77.4750481025419
92.47509082820136 42.42552040770258 -17.81143336720211
92.74915864403175 70.73523718380808 -16.96780835969281
92.31213460664389 92.53331548931065 -18.31303893959878
128.37675246423 122.7729305583696 92.69968037129068
88.10861477956746 10.7270694416305 -31.25215196510499
128.3767524642301 10.72706944163047 92.69968037129068
87.95450281102461 123.1796187789058 -31.72653349810369
2 7 0 49
945
946
947
948
949
950
951
952
953
954
955
956
957
958
959
960
961
962
963
964
965
966
967
968
969
970
971
972
973
974
975
976
977
978
979
980
981
982
983
984
985
986
987
988
989
990
991
992
993
73.21490373401092 81.11844978522049 -44.57680479117954
12.45034013078116 51.23657329431624 -60.49133335393024
12.42690565204708 96.41666666666667 -60.49747095550345
73.27459173083447 37.55973373358027 -44.56117222058289
36.49771747646842 15.27718195071718 -54.19321071577403
48.6985218095028 120.5767933540964 -50.99776196188407
21.00559143155199 121.0632768597753 -58.25067229896644
63.06995724178401 13.29327945097435 -47.23381458676278
11.6867994020044 21.94586485894108 -60.6913083067051
71.91859130289947 109.1330121243515 -44.91631518980397
12.6899380582399 81.40141738067032 -60.42858151578628
25.83120837785071 88.99999999999997 -56.98682024160249
25.79145602824217 73.26704334362068 -56.99723157126187
39.08826879634662 80.73120872094474 -53.51473298913926
38.88638516961975 64.74200048808989 -53.56760727232963
39.68741152458909 96.16351066499932 -53.35781465555195
51.46660603578002 72.38910776190507 -50.2727875216686
51.10950777386689 56.3812096561938 -50.36631325693156
38.3375616550473 48.71996835473764 -53.71134676424147
50.3654656633596 39.86795222832668 -50.56118142873109
63.86420432564712 65.25693932319348 -47.02579749337006
37.83742217508917 32.71960282805122 -53.84233567565907
50.65253563198391 24.06163729048516 -50.48599643694853
25.0942141162279 41.94449382692186 -57.17984254821798
26.73161331579788 106.3220030592728 -56.75099990071156
51.69842237320756 88.31014174374928 -50.21207371900901
54.22412508324837 105.4815576248314 -49.55058015209356
64.79257665570387 93.43432175549367 -46.78265235930758
12.84105236173848 66.07470522176452 -60.38900396010808
34.75110547121992 120.7449462865901 -54.65065671714864
74.01612882043374 53.58284086572213 -44.36696012568785
25.72333349395943 57.48672119978602 -57.01507318738354
12.0118824009608 36.55093772159078 -60.60616752126414
21.02363766289357 12.46896837331061 -58.24594590504365
62.98611624221656 121.0946696795686 -47.25577294379235
73.83620614341025 22.49910721625137 -44.41408273157495
11.4169190208771 111.25 -60.76199126366701
24.02527887227405 26.81784159325546 -57.45980177877733
49.71414930347196 10.70235991417147 -50.73176428489214
41.43560813687156 109.5076044463958 -52.8999536380494
62.06374884666332 30.89645812064059 -47.49734535691344
61.82924918129124 47.66871406802695 -47.55876193593947
76.24952467688418 66.75 -43.78202311566511
74.45928046431844 10.71359984903106 -44.25089659990851
10.30307729599602 122.7864001509689 -61.05371171542158
10.23600013038366 10.64533447114358 -61.07127954451054
74.52635762993086 122.8546655288564 -44.23332877081955
60.92018383694294 80.14610258814264 -47.79685047850688
76.32562331755408 95.84888948963254 -43.76209251929918
2 8 0 30
994
995
996
997
998
999
1000
1001
1002
1003
1004
1005
1006
1007
1008
1009
1010
1011
1012
1013
1014
1015
1016
1017
1018
1019
1020
1021
1022
1023
171.649140501796 32.71153523709853 103
173.6504770942943 54.75251002719116 103
172.4119649291803 82.75551375705979 103
173.7111391570305 111.7871283114814 103
152.6228001240787 11.71238017950076 103
144.9257712559115 96.48029991945626 103
144.8409570031027 66.56808404733698 103
141.5425253574033 36.83085193148048 103
151.7018809271768 121.9651931938784 103
166.0134051929264 10.68596201714136 103
160.8434551188265 21.95936172384316 103
145.1880311755251 81.58351053399116 103
158.9389646156956 74.64856962222927 103
160.0245749471462 60.25923582107224 103
147.2170680569079 49.62269859235563 103
172.4089037842548 97.04468041040926 103
158.6382915786543 107.1402208329172 103
172.5043302643861 68.61034682919609 103
164.0740110240324 46.13587587229847 103
158.9628428909552 89.7070506244324 103
143.5134561997382 22.24999999999997 103
164.9348806180408 121.9227390152763 103
143.2628602092885 111.6039577311622 103
174.0849286181304 18.58812097762404 103
175.7983083392077 43.91925468512416 103
154.8066093764507 34.91838722617939 103
141.7231760705367 10.26120105171005 103
176.149545556337 8.840837964306672 103
141.1740683494238 123.5768289722159 103
175.5157149327708 123.6438917533808 103
2 9 0 330
1024
1025
1026
1027
1028
1029
1030
1031
1032
1033
1034
1035
1036
1037
1038
1039
1040
1041
1042
1043
1044
1045
1046
1047
1048
1049
1050
1051
1052
1053
1054
1055
1056
1057
1058
1059
1060
1061
1062
1063
1064
1065
1066
1067
1068
1069
1070
1071
1072
1073
1074
1075
1076
1077
1078
1079
1080
1081
1082
1083
1084
1085
1086
1087
1088
1089
1090
1091
1092
1093
1094
1095
1096
1097
1098
1099
1100
1101
1102
1103
1104
1105
1106
1107
1108
1109
1110
1111
1112
1113
1114
1115
1116
1117
1118
1119
1120
1121
1122
1123
1124
1125
1126
1127
1128
1129
1130
1131
1132
1133
1134
1135
1136
1137
1138
1139
1140
1141
1142
1143
1144
1145
1146
1147
1148
1149
1150
1151
1152
1153
1154
1155
1156
1157
1158
1159
1160
1161
1162
1163
1164
1165
1166
1167
1168
1169
1170
1171
1172
1173
1174
1175
1176
1177
1178
1179
1180
1181
1182
1183
1184
1185
1186
1187
1188
1189
1190
1191
1192
1193
1194
1195
1196
1197
1198
1199
1200
1201
1202
1203
1204
1205
1206
1207
1208
1209
1210
1211
1212
1213
1214
1215
1216
1217
1218
1219
1220
1221
1222
1223
1224
1225
1226
1227
1228
1229
1230
1231
1232
1233
1234
1235
1236
1237
1238
1239
1240
1241
1242
1243
1244
1245
1246
1247
1248
1249
1250
1251
1252
1253
1254
1255
1256
1257
1258
1259
1260
1261
1262
1263
1264
1265
1266
1267
1268
1269
1270
1271
1272
1273
1274
1275
1276
1277
1278
1279
1280
1281
1282
1283
1284
1285
1286
1287
1288
1289
1290
1291
1292
1293
1294
1295
1296
1297
1298
1299
1300
1301
1302
1303
1304
1305
1306
1307
1308
1309
1310
1311
1312
1313
1314
1315
1316
1317
1318
1319
1320
1321
1322
1323
1324
1325
1326
1327
1328
1329
1330
1331
1332
1333
1334
1335
1336
1337
1338
1339
1340
1341
1342
1343
1344
1345
1346
1347
1348
1349
1350
1351
1352
1353
175.331003668323 0 -144.1863470078025
13.13024554249559 0 -175.067718601502
100.2358670234334 0 -260.6081147313259
66.85057454642704 0 -58.87412330095734
200.1668762649315 0 -91.39730710332279
204.7181559307453 0 -34.9095613827597
12.84397959206569 0 -133.426074574564
204.7624259441744 0 -9.09662156667062
99.74781918404258 0 -38.22005424605717
146.0241650592666 0 -260.5452941095547
204.4559100762489 0 36.27878814544061
192.9949655769262 0 -183.0197691323292
176.743296912002 0 -180.7536460214533
177.0462889747448 0 -130.6669990460157
164.0572253538562 0 -138.8840382063067
163.5302284979003 0 -124.199787919201
150.469018981993 0 -132.3649198095474
113.4909148412431 0 6.099993868765893
53.42315145903184 0 -261.6854259214597
295.6954800799758 0 -222.2063403925508
238.331245172192 0 -183.2879212681725
150.0172945668166 0 -116.5528432341606
136.3500615200443 0 -125.0117862377537
137.1276452223737 0 -140.9547521701062
122.7694207357771 0 -133.4617258624007
123.7776909498118 0 -149.9400605146426
109.2730023922164 0 -142.0853411879835
110.2985553427669 0 -158.5938899406976
127.1921973689091 0 50.36186457933859
95.83259124595794 0 -150.7857762613236
96.51839415541059 0 -166.7920796090077
110.8848123240573 0 -174.8192741155382
97.18026320453401 0 -182.8212064113455
208.0869340055365 0 -261.9534690614335
94.99320880334535 0 -134.633086458049
195.565714339027 0 57.73912678169042
135.9923495571202 0 -109.0492113799256
111.3090392583972 0 -190.0967085325775
82.27131289066961 0 -159.2939368850021
251.8775176962144 0 -260.6018870097174
149.7982056739672 0 -100.6665077913619
15.28207315142934 0 -219.524979565455
185.8547038308122 0 -195.8713587532127
12.64159921106976 0 -102.7416091905637
176.5304872151929 0 -261.1466877962704
97.81114020995588 0 -198.6961428917486
83.63113044887868 0 -191.2913416146264
170.1372269686033 0 -196.0146886063117
208.8619795314369 0 -69.53192753355364
136.0284232322475 0 -93.47521614392133
149.4774658709826 0 -84.85030224243215
111.9852948200376 0 -206.0861669433548
84.29884686670788 0 -207.2592503545179
70.11643794965286 0 -199.8483947453944
95.18491185716044 0 -52.93032431632165
39.1112421743253 0 -66.80837985061024
110.414883820833 0 -49.63620854784764
137.1577973145786 0 76.46959302420542
122.3268324613113 0 -101.8971611608427
267.2150027143514 0 -184.4355171740329
163.1525729568809 0 -185.2078781233411
178.395803012625 0 -210.095940894095
194.3527950883493 0 -209.6951242833178
163.0141224776844 0 -211.2219487200699
167.3515818913738 0 89.99490041341065
70.78989452304424 0 -215.8307896691246
114.9584380402171 0 -34.47704654374149
125.9021764896037 0 -45.89590262669009
130.3589437319172 0 -30.46920228895297
141.4367582099606 0 -41.87313294395159
145.8649299076906 0 -26.54723152117916
156.9498295598718 0 -37.92664478319395
161.433549613249 0 -22.85879351232848
150.2800274896299 0 -11.19825137784171
166.113910906149 0 -7.772453112940866
154.7379236316941 0 4.122414072342892
170.4807728984991 0 7.756690019707079
159.1203336106346 0 19.4489241530224
56.60771005901938 0 -208.4205005309925
55.93313234185062 0 -192.4352762097537
175.6998912274399 0 -115.0185740904214
84.97114577174429 0 -223.2387235224354
125.3809067860419 0 -197.7160967110023
126.1472810033967 0 -213.5267325177592
105.5121019645276 0 -64.81654845537378
186.6583198543891 0 -223.9208544589169
202.7139695810361 0 -223.77809797528
42.42607160157988 0 -201.0115893256548
57.28249310498374 0 -224.4062430457827
163.4501258050835 0 -92.4107243591817
163.2256424549489 0 -77.47228623990057
210.4586208945611 0 -209.647199094191
218.7046428492977 0 -223.5087914883293
174.4876813915388 0 23.2314842356636
163.4788827145368 0 34.657061336618
139.1159433950411 0 -157.3156392227008
172.3920752857638 0 -34.44361134829575
281.8879620148493 0 -260.797491936897
22.97076773026807 0 -261.7070788012776
166.0921888137344 0 -154.4679571121645
143.5680962023324 0 15.64849294576118
185.490768261781 0 11.55213683500197
112.6558627462489 0 -222.0748133247388
126.8366325176261 0 -229.4837889960914
187.984011077446 0 86.12772917637457
133.2156484729111 0 -75.74128674803782
188.9405498308677 0 -130.6767199733449
41.87573302712193 0 -185.0206895133043
55.27875010434877 0 -176.4478162687395
41.22508513615698 0 -169.0337867712289
54.61139337276541 0 -160.4615623597848
40.43114945309755 0 -153.0530026921151
53.91800317449782 0 -144.476537275421
180.0992610098765 0 39.02703556111028
168.0543524945853 0 49.75850907675577
40.03540437859931 0 -137.0554435259615
53.28661016107328 0 -128.4889477957317
39.41435360830721 0 -121.0674093018065
52.62798881500442 0 -112.502510365081
66.74768919092845 0 -119.9136093214328
66.07822922611712 0 -103.9276249404295
80.19310184255579 0 -111.3388934134304
79.2975610965787 0 -95.86367560443927
51.8976441465699 0 -96.51909284884019
226.4975213619328 0 -209.919324349311
234.708560982061 0 -223.346613730467
242.503422778432 0 -209.7751094210406
250.7089600236187 0 -223.1330123398832
226.938152981604 0 -237.2619585558009
89.6493394688992 0 -67.01836804778145
98.29937583645899 0 -78.59952458852433
293.2570547728861 0 -193.0714285714286
167.8108651830822 0 -48.97963499811539
182.5154974073411 0 -45.6612936262467
93.58615523313325 0 -103.1659223451758
258.5046033178724 0 -209.6427500525592
178.2249320386434 0 -84.3046896411586
266.2510939849766 0 -222.6582313719158
113.4145428168407 0 -237.8989902569638
194.9246406235461 0 -237.7538384287532
178.8730936065248 0 -59.56645238358067
152.9683517484773 0 45.93299020467715
157.6446616523815 0 60.83596592606758
172.9369932616367 0 64.62901182558508
178.8607524070044 0 -236.5904213597191
28.10932470566561 0 -194.1385333132662
258.8345542070651 0 -236.2309809301831
274.1971260363121 0 -236.0056384309615
139.6906202384777 0 -220.9341467928199
140.5525639215678 0 -236.3267554556535
274.4944289964233 0 -208.8263093743926
119.6162703968211 0 -19.51443364459575
216.8370507597972 0 -196.1272611449267
195.7695792262581 0 -114.8870178856985
193.4867093874965 0 -56.83277235102085
186.205429653072 0 -31.03559384060799
154.9424257156041 0 -226.5359112754772
26.8949888259963 0 -161.631500430971
206.2984604166606 0 -48.68872788680923
208.4024515278522 0 3.353386282144186
204.296202694923 0 -21.93860627435933
192.6021369979599 0 -16.54507142846748
187.8746241984398 0 -71.17890383782623
153.6533608104149 0 -245.5721465721051
28.95734048132352 0 -209.9010675885077
137.147075564102 0 -57.51433053373353
175.9468504735945 0 -100.0307257258806
114.9558180529376 0 -77.08399230366231
175.3752171869237 0 -165.2034409348079
251.2724642254782 0 -195.0038936494977
266.9605119247118 0 -250.4921640324228
179.0620755817814 0 85.50668382141136
185.2507756192191 0 74.81483973004367
195.6279954564691 0 0.085155464117463
181.2534372127166 0 -4.159439479971297
188.5749329648111 0 25.98720565400758
199.6332385825757 0 16.09088238493663
162.1279673903067 0 74.96870257318102
151.2054123541876 0 87.35263984677258
176.666756611485 0 -19.46916045376864
163.0737660408003 0 -108.1465271867012
152.039835854705 0 -148.2889846185445
152.143561840441 0 -164.3822019955348
138.3746603412449 0 -173.9774328377537
153.8066264344808 0 -197.0082490390344
124.438562268295 0 -166.2305329941615
141.9884068761403 0 58.65207612323795
182.3584203158318 0 53.64340816369821
213.5616940304467 0 14.62509116049794
122.2349994239889 0 -117.4952477621384
201.1876878827742 0 -196.0895232750747
121.1912840608192 0 -61.78137820255751
149.4943441524199 0 -68.35818021788657
171.2389746725557 0 -224.1076266081674
200.3881518953674 0 46.69915524365625
204.5278953781627 0 -80.51418701748923
108.1021738854832 0 -110.1039350516707
108.5763062051434 0 -126.0897991953376
135.0841015581812 0 -15.22941730945556
210.9338350114505 0 -236.9250377627027
139.5011110965878 0 0.1985664223870316
81.58734466371135 0 -143.3033616890943
68.76879617401143 0 -167.8710556393949
242.9006784081733 0 -236.415899086848
235.1324856554131 0 -251.0002141244478
68.09533383885187 0 -151.884348684663
99.24728091046484 0 -230.4637691910104
82.96189631776693 0 -175.3092770441576
98.49492855419322 0 -214.6364777046342
86.27727519630493 0 -238.2186610056045
71.56941466016451 0 -231.6476681061289
73.61016626458979 0 -247.825131153542
58.76276863642607 0 -239.4023937145019
44.10241292673212 0 -233.5176224431187
138.9895895202953 0 -205.1074725755307
127.514888206033 0 -245.462496336369
114.3808374241112 0 -252.6465100965696
69.44173896161061 0 -183.859643564468
65.20205786432226 0 -88.30954184893884
49.4619574027571 0 -79.30812407928221
37.98067512869359 0 -89.97342687386788
38.88710902165755 0 -105.221083741333
26.04562618138716 0 -112.0862571456095
26.22019719253893 0 -145.645736256199
43.16169725862171 0 -217.1385966732996
29.59415537809158 0 -225.574557105741
16.23930841281548 0 -236.4979275881396
80.83692154134101 0 -127.3080079985118
67.41515275745566 0 -135.8996382592808
197.2824625968952 0 -102.8799923104229
138.4484212848471 0 -189.832669765375
128.5236270786567 0 10.85011009127071
132.9464951064873 0 25.6177295908717
14.03928569745476 0 -204.3116923771856
217.6704958521377 0 -249.8218098532703
80.63836862935069 0 -80.0282857777143
148.634309190265 0 30.52316234415244
213.8211182649012 0 -59.00573840698772
107.4565049107868 0 -92.65213475795773
192.8803186617848 0 -261.2432043389749
83.41986162508157 0 -261.4252168798656
38.25 0 -260.7498113220981
30.3059679424139 0 -246.3258524896214
128.9016910139784 0 -260.229256540087
160.65 0 -260.7498113220979
94.38131125183367 0 -118.7732740770292
12.76677100001963 0 -88.20084374358362
152.4568876417289 0 -52.95734394777472
290.8018324509981 0 -236.2838356138435
290.8655721982142 0 -208.2590036731659
53.03421856487137 0 -63.35479382288671
25.78320806510293 0 -69.56125245748376
208.5528229415818 0 25.1679432868176
104.2342310025237 0 -23.69323178481318
27.50967729133145 0 -178.6384472449909
80.82287164766363 0 -55.33061054504054
12.63663502207161 0 -160.3483629950264
100.5131566389369 0 -245.0239373232105
109.262247965444 0 -8.653778745470802
188.3892684713181 0 -94.72596652005598
12.12136476908322 0 -251.4734432201623
293.2773485309995 0 -252.1198880537593
124.6271082475379 0 -182.29062835204
68.61420463326034 0 -261.7979241014192
10.34016236133525 0 -146.423839397526
283.6204173993632 0 -183.0396097751625
47.65149778298321 0 -248.9002542950967
124.2463788228223 0 -4.374826552849754
223.0801497342552 0 -183.5870300203818
195.0250695938012 0 -41.04534189794242
64.60899253978147 0 -73.17745089066915
26.38800907530817 0 -128.1661169545532
192.5776987428096 0 -82.82842473481443
117.9847557433724 0 20.67974227482516
12.98653567663846 0 -118.1747104912607
207.8926393743587 0 -183.4705972621187
195.4563872896833 0 70.53685405925893
164.846995151954 0 -63.28382769116584
193.8241172243768 0 37.2262193792665
26.22586983163607 0 -97.35735739462524
233.6927362578127 0 -197.0901892637451
169.0616586668977 0 -248.7299879360079
123.1714293990007 0 35.7326479740945
138.6989140205605 0 92.74331604448004
252.0441439424411 0 -180.9454664183406
13.08560572882371 0 -73.97072230663889
186.5616398372355 0 -108.0204507776499
138.7508228964132 0 41.47814792687122
266.4270499876469 0 -199.0028574180179
129.2608189330018 0 63.84145958597501
13.79808887282457 0 -189.1602736363559
267.245198327155 0 -263.9783085958074
149.7733782399619 0 71.62589217044645
281.4544561662803 0 -221.9899337580283
123.3930174045482 0 -87.98014642953044
177.3596819337962 0 -154.3881363498456
251.1411495783155 0 -246.9482290367239
187.020477991435 0 63.50178554896024
196.6414984623158 0 82.68227173991414
196.2173432034911 0 -126.6262633339839
279.6948247274698 0 -196.3915102858639
236.6320006703255 0 -264.6651128105232
91.85559314126169 0 -90.0619086147623
223.5369860305688 0 -262.5734343082791
202.7817680129612 0 -248.395981054683
186.4487469170452 0 -248.6415026526802
25.63018986966382 0 -83.24351434958794
165.5514344544954 0 -236.3072187502954
174.6090574901022 0 -71.16123195872643
281.4249561915742 0 -247.1398036135768
177.8274118857476 0 95.10031684696442
151.2263788884567 0 -180.8202759895216
149.9379987514035 0 -212.4874740566064
139.3293338022521 0 -249.6271898027538
174.1880736209559 0 76.10825331484877
186.5847120436922 0 -120.8677443603956
76.59596475887538 0 -67.13915734892745
204.3004493414163 0 -61.20259757942006
164.1222027664064 0 -171.8059000294705
10.95324161252514 0 -263.1258134038583
295.1436929676112 0 -181.6248960659068
295.2263159401209 0 -263.394832261177
198.6048927632936 0 -70.34813550902072
114.6966760540469 0 -265.0437597674287
61.06468573329535 0 -251.7204198797802
89.5231364624663 0 -250.3075786577892
199.2014646868146 0 27.8888738358111
196.9261647674922 0 -29.14410230021011
35.77917905283305 0 -77.83848289862686
190.4471329568959 0 46.86698902588434
2 10 0 15
1354
1355
1356
1357
1358
1359
1360
1361
1362
1363
1364
1365
1366
1367
1368
213.6905202844276 9.689817369392706 -22.0462704177344
219.2502097226665 18.80993485029795 -3.34071785680516
219.6724120791877 19.38875898049644 -41.22787168713415
219.9242721526647 27.4341826215408 -17.65588600796924
214.7961986443865 9.580198187870801 -10.68752337864439
217.1898540092102 8.645165649326779 -1.773699059853872
214.8978468413273 9.948551947709213 -33.49897256571538
216.6924311854288 20.01988907363787 -27.39529452239078
217.2669580264642 8.845583164943536 -42.34487915310835
216.3852699944375 18.77939538266708 -15.39046382475039
220.9921107141985 26.99533428256873 -34.28963520525183
220.8509278503152 26.37827488160795 -8.969847214441744
221.150798533401 29.5844816021058 -26.52081495315561
220.8446250935212 12.72505122138148 4.514847877476104
220.918743287241 12.85521472971886 -48.59248496411327
2 11 0 129
1369
1370
1371
1372
1373
1374
1375
1376
1377
1378
1379
1380
1381
1382
1383
1384
1385
1386
1387
1388
1389
1390
1391
1392
1393
1394
1395
1396
1397
1398
1399
1400
1401
1402
1403
1404
1405
1406
1407
1408
1409
1410
1411
1412
1413
1414
1415
1416
1417
1418
1419
1420
1421
1422
1423
1424
1425
1426
1427
1428
1429
1430
1431
1432
1433
1434
1435
1436
1437
1438
1439
1440
1441
1442
1443
1444
1445
1446
1447
1448
1449
1450
1451
1452
1453
1454
1455
1456
1457
1458
1459
1460
1461
1462
1463
1464
1465
1466
1467
1468
1469
1470
1471
1472
1473
1474
1475
1476
1477
1478
1479
1480
1481
1482
1483
1484
1485
1486
1487
1488
1489
1490
1491
1492
1493
1494
1495
1496
1497
219.5719983124171 32.1794491120127 11.34560254703867
219.7647312304832 32.11433539510674 -54.86928263500901
220.6010736641123 43.77775917063047 -15.06793357847032
203.3716163246008 94.65372150835678 -52.74997364368932
203.1059130884988 91.52674242640084 21.33709277046962
203.0844331431234 48.47358069085229 -111.0804817079419
202.9991299649873 47.50710732394462 68.27036126628423
203.2993892692322 99.98182574010846 -21.1671395135092
203.4386380681814 78.91222000075427 -81.95063080815062
202.9461344029262 72.972727172582 49.8167491970615
212.8269100893704 10.94288767177238 39.71033158231717
212.8357085113967 7.653867661688968 -84.17872956022364
206.2165490605983 10.49442124231255 -106.5843241472182
206.1596477105965 10.40059289969091 62.83798814149119
203.3642369790456 64.54007996763229 -97.82074743848284
203.2076577705509 98.25946305472182 -0.4965572611359837
203.2149684842807 26.81476600167113 -118.8946154559983
203.2585448847822 26.88596134304485 74.57791984879579
219.9532851525132 40.54498157894431 -1.178353907878141
216.1688787242882 43.51292498284612 9.792308210431184
215.4180493600561 36.75772592117805 19.90418880862105
212.4974359511183 47.93469091962725 19.82670177174647
212.5403732973096 54.81293652083204 10.0467476958659
211.6661882422219 41.04255087101534 29.7743081471628
209.4446708342203 59.63570382532613 20.34958395415259
209.1753312789001 66.63722992271482 10.31430130356953
212.2379075090716 60.55792879890301 -0.1702922314410143
208.5772319130518 72.91951265685874 -0.07420556319394889
210.6867614184314 68.12643116507751 -10.5124831784019
207.483901004333 79.31486090756275 -10.36906431969251
209.1822571090286 74.03223507432969 -22.66982085555114
219.2143952663714 46.92098429367994 -25.74402956632481
218.4716754915343 45.43513241458447 -39.34353472388059
215.3699623674635 54.55882750288901 -33.99668556384771
214.3354579192305 53.26254051854415 -46.27374016073801
211.0278961649699 64.85623251581153 -42.50219348405341
210.7503413642874 61.35284028312307 -53.32620504591675
213.183352828459 50.30964753358199 -57.66303497755335
209.4509114088467 59.25247293257127 -64.84820527346325
211.1690380129808 48.18491983354504 -69.38839595784826
207.5555996627268 70.17832709952965 -60.17723582520677
207.6663421390645 57.44074865546348 -76.92166636795294
208.9292969234138 46.01489130724095 -81.10878587532119
219.9349853902929 22.98052036216973 -61.40343727124684
213.5606905267226 30.46620956110473 30.41029214445249
210.0658164689899 34.46689572434867 40.16639950904414
208.2264345379917 45.92522171320325 40.30672747112472
212.27456135267 37.22773947615146 -74.38425040502764
209.6142086328921 34.75754225940946 -85.70892990663418
206.6284282341355 71.59247957893709 21.0297323347521
207.019061780212 38.90351086917256 50.14389185710705
208.5145797722442 27.19583353180494 49.36078388087819
205.4493362608255 50.54883936916019 50.74666305423589
206.6029901733552 64.51525144851013 31.21777975842279
206.6694170485907 44.09882798398585 -92.74295004341352
207.0271505955195 32.42843610842754 -97.24224299571358
204.7274880145208 75.57189170046465 30.47432797877252
203.5463998601485 12.66374290537285 75.62078522186815
203.5503181683797 12.68532907643674 -119.593974369321
212.8132043029892 26.33195980348302 -78.91598642798463
215.4612082860849 55.63278324753226 -21.84192051465017
220.5997534385441 20.12219183480778 17.49513487005346
205.3509029209476 30.92157213887589 61.49210747029171
206.1283214058247 85.59575127681826 -20.67931276148437
206.9835848087947 81.37003678588701 -32.96006630830573
205.524182052136 85.45161309325542 0.03246006743384731
204.6908391549053 91.74869152304555 -30.9645234265269
205.1194993974337 87.61680423143844 -43.05138868084162
220.0024159562372 10.87736378164558 -66.16212632656567
203.283564469778 98.20586899217486 -41.31711001538809
205.6847574864361 81.31083125874495 -54.40179444101037
203.5240327679462 88.90217122698088 -64.58458975441545
216.4169935202942 50.7910410001116 -5.862090086729062
207.6731793360644 76.43641650976762 -43.661374277958
204.4968894042218 92.43270816526066 -10.34742525727469
209.5863914705502 24.13532073084667 -90.54137404901202
209.1161014791719 52.64505669088249 30.37735376530281
206.3924394911399 78.27285626437455 9.831268616503509
215.0098755780371 39.69300868640985 -62.5963146651995
206.1304255267606 69.53196972495559 -71.92146665158899
204.9843076445337 66.44878569989466 -83.81113463743921
205.9951637282304 55.17952186954243 -88.191424509226
211.993052237596 22.4936619709113 39.0830937218716
212.1956067233276 63.99352509927101 -30.03709508605312
216.2496372923003 17.79158343661032 28.66162281568946
206.8311622497129 21.13305091727353 -101.9656694641962
206.1561267231366 57.50031741381295 41.26072070129681
209.382728319286 11.83473733974053 -94.39145741641958
208.9370054062519 10.23007642845036 52.17918855209363
204.274361548574 80.44240481457837 -71.25148716494392
216.8599485075796 43.29165871129117 -51.24878891612908
204.3485840909925 53.13545930319325 -99.45819190160159
203.7871855837863 91.67124635538552 9.74656229109422
204.0498808747786 61.65738691758175 50.97211887135779
207.1075648497368 19.5667829278129 57.23681042631044
204.985256029116 29.64023314894311 -107.7711452716143
203.2162667330471 56.20785510139958 61.34597362139731
203.0345821798979 73.93818221011868 -91.91559177372352
203.0778362299128 79.79901303815137 40.6604263906097
203.1027000806858 86.51739696622113 30.67282583928924
203.1602769542731 38.23785330191491 -115.3745006042321
203.1676213995335 37.57185087780038 71.59143760990517
204.8607199924489 19.67596003053119 -111.2053159967392
220.4422379717505 10.10375248119608 21.46782270619278
202.8983492515378 87.79851135930343 -75.33813630042532
215.6405984278252 30.00458390418529 -68.31577310630263
202.9483592927057 101.8722193025396 -32.07221163725164
204.9815238002401 41.00042939164885 -102.9780456188339
216.1322269205145 9.380299894058609 -75.15743179966508
204.9111780717496 20.23663120345237 66.82876529966059
212.2522623080441 64.29427178101918 -19.84561604680192
213.8365876530027 58.82675510943555 -10.87626802820246
204.7739220101521 81.74316943508823 19.72029594048408
209.4307748371606 71.970304347923 -35.30584335877847
202.8413571206826 57.75539441264785 -107.465034333865
216.5878864155112 8.158722385278825 30.25333401493181
202.826156294044 102.5789848374635 -10.12881188755166
204.7772376692797 42.11876854268273 59.52020202665234
215.9725323862217 19.21674901262138 -72.85801138437887
204.5624055981457 68.38918768839252 40.77303173600546
210.0736573176999 18.06901521938117 46.72046862385685
215.3704720476514 50.03043813194755 2.847495483084843
202.7050693327404 67.02280228295582 57.77336751262555
221.0389206483441 37.31394379097534 -44.36201709306086
217.0295656704673 27.91337853595433 21.69682773512719
205.4701505060772 78.44663284526804 -62.94717883750888
212.5639717053565 17.7179881566775 -82.90067796226737
216.94499810723 51.52312724790598 -14.62844320967513
208.3373011300382 71.295309783638 -51.09219521368558
2 12 0 31
1498
1499
1500
1501
1502
1503
1504
1505
1506
1507
1508
1509
1510
1511
1512
1513
1514
1515
1516
1517
1518
1519
1520
1521
1522
1523
1524
1525
1526
1527
1528
193.3677627618156 101.4032665287329 -78.33273947983312
193.3677627618164 101.4032665287328 34.33273947983345
193.6265727928486 95.17922491155204 44.30923876230364
193.6265727928485 95.17922491155227 -88.30923876230334
193.7607973346727 106.9682387700504 22.87533726261561
193.7607973346718 106.9682387700472 -66.87533726262316
193.8990966465207 18.47079323719004 92.51999736809714
193.8990966465207 18.47079323728993 -136.519997368081
193.9581302319029 87.26055748829958 54.43032844905981
193.9595115018831 87.25137075085314 -98.44081568178854
194.0896526986261 110.9734281749552 -55.77718518612904
194.0896526986265 110.9734281749563 11.77718518612535
193.6948333565116 8.799900024435948 93.66573286656654
193.6948333565068 8.799900024429638 -137.665732866567
194.1686172405458 30.2940387181109 89.97442216035589
194.1686172405464 30.2940387181571 -133.9744221603434
194.2400443796602 78.97916630017993 -106.9605278380998
194.238466317059 78.98247810910975 62.95744906565874
194.3106859769717 113.9408016403814 -43.75991088095871
194.3106859769716 113.9408016403798 -0.2400891190331329
194.3722475299296 41.53837425549336 86.30772578265396
194.3722475299296 41.53837425549471 -130.3077257826534
194.4025850609011 69.40897764816252 70.94296004451803
194.4039653666816 69.39243768056161 -114.9553096533456
194.4436959521098 115.6029286027278 -31.58972880078563
194.4436959521099 115.602928602728 -12.41027119921708
194.4617531430293 52.66217301732905 -125.3571261843754
194.4617531430294 52.66217301731885 81.3571261843806
194.509175117836 61.29405121173751 76.48370061108031
194.5091751178347 61.294051211737 -120.4837006110806
194.5197653438756 116 -21.99999999999982
2 13 0 0
2 14 0 71
1529
1530
1531
1532
1533
1534
1535
1536
1537
1538
1539
1540
1541
1542
1543
1544
1545
1546
1547
1548
1549
1550
1551
1552
1553
1554
1555
1556
1557
1558
1559
1560
1561
1562
1563
1564
1565
1566
1567
1568
1569
1570
1571
1572
1573
1574
1575
1576
1577
1578
1579
1580
1581
1582
1583
1584
1585
1586
1587
1588
1589
1590
1591
1592
1593
1594
1595
1596
1597
1598
1599
185 84.46245186471396 -116.9246759225343
185 94.54445446534163 63.24854820334554
185 95.91011169842308 -158.4531658494413
185 62.85831914518392 -135.1388986845281
185 121.5907302897252 -132.4886731351983
185 102.6517211731423 -95.77689277422135
185 122.1990950825059 80.88195521081603
185 98.19477892337031 89.24064649221302
185 35.54771802775512 -144.046925017808
185 9.422380784891814 -154.1074625331465
185 122.713888782301 49.73094316860943
185 66.04607231773369 -159.1521562741409
185 75.02251489093877 82.18708331423687
185 122.6332736212938 -88.98682904359333
185 117.201132116039 -69.55190289901657
185 115.9337749452182 26.00028727221978
185 73.93837495320039 -125.8181983905043
185 86.50102959126104 -130.4772413858646
185 97.28341200790604 -121.19523133381
185 99.51598125396137 -134.5638574569552
185 76.40255930940603 -136.7402437824858
185 85.38159422379465 72.2727478079107
185 102.6598632987396 52.5741334132499
185 106.7238805253421 65.13329251436511
185 48.78184976045516 -139.3982052109232
185 45.67250309063596 -153.0569160910916
185 94.36875208324548 -107.1897323079895
185 108.6643008808777 -109.1148962308822
185 60.37761267044539 90.01683180056195
185 20.42005886890652 -147.3276713164774
185 97.40147619529662 74.98402314168695
185 111.4630279416544 41.4899770729497
185 122.2635101725193 -102.5592542290423
185 83.60267398887953 92.20729384775323
185 80.33076040083041 -158.6453670958523
185 32.25809927804076 -157.7534201811031
185 119.5147232188356 -147.8026823007447
185 121.6184224663333 -117.330004275492
185 121.850933799751 -57.16488087850055
185 121.0187529260126 65.24149030545769
185 111.6965196529804 91.06472558118023
185 122.0662533440537 11.778851933675
185 110.6020380272413 -159.4034170758944
185 58.00472293701337 -149.2484216522659
185 87.54177096548167 -145.0759619177388
185 111.8493189774789 -83.35324998835694
185 18.68553941142851 -161.073630869166
185 123.8741852236558 35.02295212220682
185 110.1919934548774 -124.7995715868064
185 123.9341919231476 -44.63509314289553
185 123.0642929837972 -1.924060047367774
185 6.184232385091268 98.50000000000004
185 71.7667451315824 93.68467368149966
185 47.51274162548481 92.71410591960529
185 103.9292719677925 -148.163798600749
185 124.2965295858019 -30.29440804990742
185 123.8286107890457 -15.73438170082824
185 54.18187001822966 -160.6914988034997
185 122.552418907779 -160.0008557044312
185 8.565957616192245 -145.0564568657612
185 109.554565789521 77.50795604054481
185 123.0499653529015 92.33165615478678
185 8.474037160370527 -163.3375111541703
185 89.43717616012484 82.87878858201699
185 18.57536658524901 98.5104763350456
185 113.2827988290496 56.87645939224168
185 126.040818837126 22.11118763503138
185 70.63514600050863 -148.1875201497615
185 110.8711829353829 -137.9650777645769
185 113.8727122241226 -94.92307589140594
185 123.8561461912894 -78.18401227211768
2 15 0 66
1600
1601
1602
1603
1604
1605
1606
1607
1608
1609
1610
1611
1612
1613
1614
1615
1616
1617
1618
1619
1620
1621
1622
1623
1624
1625
1626
1627
1628
1629
1630
1631
1632
1633
1634
1635
1636
1637
1638
1639
1640
1641
1642
1643
1644
1645
1646
1647
1648
1649
1650
1651
1652
1653
1654
1655
1656
1657
1658
1659
1660
1661
1662
1663
1664
1665
292.153207450817 65.56254232801787 -171
200.0755330308549 66.38474089636991 -171
236.3528023186788 121.1470035884346 -171
251.5807617448439 13.43984184328217 -171
197.1506135931008 35.1956389887665 -171
292.4804021700899 98.05412435492033 -171
292.5249085825099 36.54757964233899 -171
200.3949413093112 95.39536369869512 -171
267.6193805468092 120.4940979389685 -171
220.8526824264561 12.72967030760554 -171
207.3355383115103 121.3920738832362 -171
282.8432705508464 12.36321971352908 -171
235.9547373493243 13.34754214951627 -171
243.3949390234124 27.12474315631103 -171
259.2707916883161 27.38456279390151 -171
251.0042503301113 41.05291380252648 -171
235.03588428702 40.58976618898856 -171
242.4899739779421 54.56558368883115 -171
258.6163266913156 55.0846823176873 -171
250.2401559972939 68.71143306028883 -171
234.0860904977945 68.17560422373809 -171
241.8600528531282 82.33956507112661 -171
257.8799621401485 82.7918392566622 -171
225.8651751907886 81.90219591749469 -171
249.5165028599792 96.4314932887161 -171
265.7006658615663 95.44269095669827 -171
273.8395496271833 82.69360902577139 -171
217.5518992133318 67.42666129162635 -171
209.9094683315096 81.48883608822248 -171
217.790703560561 95.3517601753189 -171
210.8408626820514 53.2665365409287 -171
226.1827546665704 53.85572094604476 -171
219.74435460713 40.33625319314193 -171
227.8120918473547 26.59350348619153 -171
210.9808345554046 27.09360043347085 -171
266.6085929027724 41.66776452724356 -171
276.786280013203 56.76779144070542 -171
277.5821395476989 28.11187907656139 -171
266.2668753750638 69.16540432097702 -171
233.5665413960884 95.4763388975596 -171
227.2744700116639 108.254866192879 -171
196.9486981916454 21.25253387228491 -171
267.5027351755775 13.51723150535156 -171
251.4221535203759 120.5643118472009 -171
283.2317590406848 121.2012979412717 -171
292.36663047405 50.97429273821322 -171
290.0569115278016 82.19368336562013 -171
293.3461379713003 22.03314078395902 -171
206.438459736001 11.68632061185473 -171
277.1752782014306 107.0025328166141 -171
197.3549305486345 111.1594572738973 -171
293.3444975632516 111.9198789199237 -171
196.9466810583062 50.1161907604201 -171
196.0759885343352 80.91644924294572 -171
280.73538679777 43.1345096848837 -171
279.8205647988137 71.27660609621836 -171
221.4154380767661 120.9158798924167 -171
241.5679219138273 107.4733665241233 -171
258.8336504839981 107.9014155620535 -171
211.9276703030745 108.7449001860739 -171
279.9020123860661 94.03661439318755 -171
195.5008600273571 10.45085414152965 -171
195.9790439528946 122.5283190711539 -171
295.1795459673042 122.7613184067362 -171
295.1265091467467 10.67616627132467 -171
207.132789314358 41.91760614290605 -171
2 16 0 58
1666
1667
1668
1669
1670
1671
1672
1673
1674
1675
1676
1677
1678
1679
1680
1681
1682
1683
1684
1685
1686
1687
1688
1689
1690
1691
1692
1693
1694
1695
1696
1697
1698
1699
1700
1701
1702
1703
1704
1705
1706
1707
1708
1709
1710
1711
1712
1713
1714
1715
1716
1717
1718
1719
1720
1721
1722
1723
306 12.82023291456413 -223.1759538417282
306 120.9104647250157 -223.1868482593718
306 67.37192806814298 -183.4938208101368
306 66.931915952663 -260.8820524803803
306 97.00792135168892 -183.1319672628288
306 37.08333333333334 -261.1539565105309
306 96.70438646952374 -261.1131750120488
306 36.15798469838752 -187.0136100681333
306 11.93117371488154 -193.1329579523981
306 120.7570547728861 -251.9285714285714
306 121.0497696739707 -192.1270836334594
306 12.37020453364016 -252.0915547986708
306 51.75274869043341 -260.6682291958305
306 59.42579929319664 -247.1374665151827
306 75.08170098302317 -247.3119625878231
306 67.62010410458416 -233.5622247687733
306 51.65786721400673 -233.1869150212588
306 83.59689792616108 -233.7924102746586
306 75.97532144139439 -219.9424980012348
306 91.72625800287955 -220.2054541736798
306 98.36839513100762 -233.2838140156784
306 84.26845235888774 -206.7448835851363
306 99.93575139657339 -207.4591448920727
306 68.33626117288286 -206.2596349365527
306 59.95749549245194 -219.603186122615
306 44.01100669371135 -219.1788165447219
306 36.33153994738697 -232.4257677384751
306 52.33545392972619 -205.8356131372103
306 38.17875562663574 -204.3324795301509
306 27.32227878027069 -216.8109587342513
306 43.96692850531104 -246.8382784436144
306 26.86485698904731 -246.0337303815159
306 81.89581684466242 -260.9318537778011
306 82.66107913870161 -183.3944120285643
306 51.91666666666666 -183.8460434894692
306 117.1361218035284 -207.5000508403872
306 12.65601818094221 -208.1866450880629
306 120.9637860887056 -238.0556990650751
306 12.56072363563291 -237.6798697034806
306 90.59806427998156 -247.2827594189836
306 107.0680953757453 -246.3837443554217
306 111.5173946263422 -261.8887168805905
306 111.25 -182.8371383053631
306 22.08858984803588 -261.9546078219061
306 21.7172622318101 -183.4581796899833
306 106.4818818013202 -219.9101955257655
306 24.43253453037815 -199.2813574394704
306 106.3642401069015 -194.8197252859399
306 47.84126940004214 -195.2841733579909
306 60.61748607879456 -195.3931205649907
306 76.33326292121238 -195.6276283230604
306 91.80587641564773 -195.862966781528
306 23.30904737654582 -230.3494077703972
306 10.78342175688105 -263.24886293379
306 122.7165782431191 -181.7511370662099
306 10.50044906298357 -181.5194491250197
306 122.716578243119 -263.24886293379
306 110.8349808881128 -230.8593298529576
2 17 0 88
1724
1725
1726
1727
1728
1729
1730
1731
1732
1733
1734
1735
1736
1737
1738
1739
1740
1741
1742
1743
1744
1745
1746
1747
1748
1749
1750
1751
1752
1753
1754
1755
1756
1757
1758
1759
1760
1761
1762
1763
1764
1765
1766
1767
1768
1769
1770
1771
1772
1773
1774
1775
1776
1777
1778
1779
1780
1781
1782
1783
1784
1785
1786
1787
1788
1789
1790
1791
1792
1793
1794
1795
1796
1797
1798
1799
1800
1801
1802
1803
1804
1805
1806
1807
1808
1809
1810
1811
0 66.75 -76.59818021098496
0 57.73769363281166 -176.5443581896571
0 121.1739740107827 -134.1471015575963
0 13.15623235777498 -130.1512459514516
0 13.12518719526324 -100.9817759168558
0 86.43544355173333 -177.1931648266023
0 96.63999813980384 -79.80058277887748
0 12.35143426197656 -162.4703598204347
0 38.35289459080896 -238.2022132307058
0 37.76567886432093 -193.7955291840447
0 119.9271021378381 -102.933717893528
0 37.50991739795097 -78.24223499745219
0 119.0415000761143 -165.294009731609
0 40.46194707851036 -177.1219080421545
0 50.27260197529052 -163.2793836891053
0 11.96152343335145 -221.2573479307769
0 18.73698568993214 -262.4905737438289
0 24.92254344884412 -184.7601975056782
0 66.13526500659323 -163.4244067703476
0 59.19005168121389 -149.7423832011812
0 75.31040931939778 -150.3006653074571
0 68.22655022623177 -136.336306137563
0 52.14285446858253 -135.4742490035652
0 61.12509666900004 -122.0779039548519
0 77.11651454797926 -123.0668495820722
0 45.15930966664693 -121.0910262956356
0 54.04009958785444 -107.7505986260432
0 38.51347343624046 -107.0491431814721
0 23.19173094542731 -200.079428998463
0 36.73636568932814 -134.7743148124766
0 34.8369650799583 -161.0424920602806
0 34.78392985625781 -211.4662231610459
0 45.9712243651901 -92.74719418147082
0 62.75869857825878 -92.77214253672015
0 27.32785109416017 -93.19036160556809
0 21.7246154175597 -76.62163233355959
0 43.33370381702971 -148.6026595373438
0 29.29374138871589 -147.4604841768199
0 84.22327860310878 -137.3225829501404
0 92.82284297619915 -124.1988308519502
0 85.93439284631174 -109.7675499893517
0 91.36792417676818 -151.3215573572581
0 104.2084177183208 -110.4165476718623
0 94.51506731835897 -96.37835070547446
0 99.07059996866857 -138.8920981085047
0 106.7727928074951 -152.234229907507
0 99.71351851539512 -166.4372601038115
0 78.76536404872822 -96.19521624519442
0 70.01220334840306 -108.7488246399436
0 27.95394946623261 -121.7721890920971
0 119.9585722777458 -118.4335453041892
0 121.1217276218042 -87.21027290133793
0 12.18526431670474 -177.0434797425284
0 12.48230096081983 -236.7167034137428
0 13.16885863788388 -115.5100699345986
0 81.08855996055786 -76.39437306639518
0 52.8038622791222 -77.97733756160996
0 26.11957282167359 -227.2418546083406
0 40.07688449651751 -253.2792382236838
0 72.60149421694788 -176.4180885139533
0 25.56128025328074 -247.5245446360814
0 14.75416860290964 -146.6821485972065
0 111.1743418252323 -177.9070889391657
0 111.7478679185849 -76.96573713709847
0 39.82178673271376 -224.9839642049506
0 120.8701852480502 -148.9090076400236
0 31.98630257211839 -263.0370204960428
0 108.0778752576043 -127.9939329229412
0 10.51776767021114 -252.694975995672
0 82.63809370373974 -163.080208353203
0 11.72977302353581 -191.7232126816401
0 11.20328756808891 -206.4203296604871
0 99.02435601744983 -179.5809574020935
0 108.1819447465217 -93.08797298453335
0 24.39006911309552 -107.6156282492018
0 10.78073854952402 -86.28707656676546
0 24.63914066571139 -170.6750640895617
0 24.37889150099225 -136.1680765260103
0 10.71034436323217 -74.51423045395228
0 122.8503001644758 -74.64835107876648
0 86.33996067422338 -87.07966983967577
0 21.13730181248115 -212.8450644228211
0 123.3801121448651 -178.985611123567
0 8.381366318922311 -264.4335690439218
0 42.24720952955728 -264.8343582930105
0 111.2044452114884 -140.8467597462373
0 24.14900352704945 -158.4954397723055
0 72.75010917187839 -86.5202292442645
3 1 0 938
1812
1813
1814
1815
1816
1817
1818
1819
1820
1821
1822
1823
1824
1825
1826
1827
1828
1829
1830
1831
1832
1833
1834
1835
1836
1837
1838
1839
1840
1841
1842
1843
1844
1845
1846
1847
1848
1849
1850
1851
1852
1853
1854
1855
1856
1857
1858
1859
1860
1861
1862
1863
1864
1865
1866
1867
1868
1869
1870
1871
1872
1873
1874
1875
1876
1877
1878
1879
1880
1881
1882
1883
1884
1885
1886
1887
1888
1889
1890
1891
1892
1893
1894
1895
1896
1897
1898
1899
1900
1901
1902
1903
1904
1905
1906
1907
1908
1909
1910
1911
1912
1913
1914
1915
1916
1917
1918
1919
1920
1921
1922
1923
1924
1925
1926
1927
1928
1929
1930
1931
1932
1933
1934
1935
1936
1937
1938
1939
1940
1941
1942
1943
1944
1945
1946
1947
1948
1949
1950
1951
1952
1953
1954
1955
1956
1957
1958
1959
1960
1961
1962
1963
1964
1965
1966
1967
1968
1969
1970
1971
1972
1973
1974
1975
1976
1977
1978
1979
1980
1981
1982
1983
1984
1985
1986
1987
1988
1989
1990
1991
1992
1993
1994
1995
1996
1997
1998
1999
2000
2001
2002
2003
2004
2005
2006
2007
2008
2009
2010
2011
2012
2013
2014
2015
2016
2017
2018
2019
2020
2021
2022
2023
2024
2025
2026
2027
2028
2029
2030
2031
2032
2033
2034
2035
2036
2037
2038
2039
2040
2041
2042
2043
2044
2045
2046
2047
2048
2049
2050
2051
2052
2053
2054
2055
2056
2057
2058
2059
2060
2061
2062
2063
2064
2065
2066
2067
2068
2069
2070
2071
2072
2073
2074
2075
2076
2077
2078
2079
2080
2081
2082
2083
2084
2085
2086
2087
2088
2089
2090
2091
2092
2093
2094
2095
2096
2097
2098
2099
2100
2101
2102
2103
2104
2105
2106
2107
2108
2109
2110
2111
2112
2113
2114
2115
2116
2117
2118
2119
2120
2121
2122
2123
2124
2125
2126
2127
2128
2129
2130
2131
2132
2133
2134
2135
2136
2137
2138
2139
2140
2141
2142
2143
2144
2145
2146
2147
2148
2149
2150
2151
2152
2153
2154
2155
2156
2157
2158
2159
2160
2161
2162
2163
2164
2165
2166
2167
2168
2169
2170
2171
2172
2173
2174
2175
2176
2177
2178
2179
2180
2181
2182
2183
2184
2185
2186
2187
2188
2189
2190
2191
2192
2193
2194
2195
2196
2197
2198
2199
2200
2201
2202
2203
2204
2205
2206
2207
2208
2209
2210
2211
2212
2213
2214
2215
2216
2217
2218
2219
2220
2221
2222
2223
2224
2225
2226
2227
2228
2229
2230
2231
2232
2233
2234
2235
2236
2237
2238
2239
2240
2241
2242
2243
2244
2245
2246
2247
2248
2249
2250
2251
2252
2253
2254
2255
2256
2257
2258
2259
2260
2261
2262
2263
2264
2265
2266
2267
2268
2269
2270
2271
2272
2273
2274
2275
2276
2277
2278
2279
2280
2281
2282
2283
2284
2285
2286
2287
2288
2289
2290
2291
2292
2293
2294
2295
2296
2297
2298
2299
2300
2301
2302
2303
2304
2305
2306
2307
2308
2309
2310
2311
2312
2313
2314
2315
2316
2317
2318
2319
2320
2321
2322
2323
2324
2325
2326
2327
2328
2329
2330
2331
2332
2333
2334
2335
2336
2337
2338
2339
2340
2341
2342
2343
2344
2345
2346
2347
2348
2349
2350
2351
2352
2353
2354
2355
2356
2357
2358
2359
2360
2361
2362
2363
2364
2365
2366
2367
2368
2369
2370
2371
2372
2373
2374
2375
2376
2377
2378
2379
2380
2381
2382
2383
2384
2385
2386
2387
2388
2389
2390
2391
2392
2393
2394
2395
2396
2397
2398
2399
2400
2401
2402
2403
2404
2405
2406
2407
2408
2409
2410
2411
2412
2413
2414
2415
2416
2417
2418
2419
2420
2421
2422
2423
2424
2425
2426
2427
2428
2429
2430
2431
2432
2433
2434
2435
2436
2437
2438
2439
2440
2441
2442
2443
2444
2445
2446
2447
2448
2449
2450
2451
2452
2453
2454
2455
2456
2457
2458
2459
2460
2461
2462
2463
2464
2465
2466
2467
2468
2469
2470
2471
2472
2473
2474
2475
2476
2477
2478
2479
2480
2481
2482
2483
2484
2485
2486
2487
2488
2489
2490
2491
2492
2493
2494
2495
2496
2497
2498
2499
2500
2501
2502
2503
2504
2505
2506
2507
2508
2509
2510
2511
2512
2513
2514
2515
2516
2517
2518
2519
2520
2521
2522
2523
2524
2525
2526
2527
2528
2529
2530
2531
2532
2533
2534
2535
2536
2537
2538
2539
2540
2541
2542
2543
2544
2545
2546
2547
2548
2549
2550
2551
2552
2553
2554
2555
2556
2557
2558
2559
2560
2561
2562
2563
2564
2565
2566
2567
2568
2569
2570
2571
2572
2573
2574
2575
2576
2577
2578
2579
2580
2581
2582
2583
2584
2585
2586
2587
2588
2589
2590
2591
2592
2593
2594
2595
2596
2597
2598
2599
2600
2601
2602
2603
2604
2605
2606
2607
2608
2609
2610
2611
2612
2613
2614
2615
2616
2617
2618
2619
2620
2621
2622
2623
2624
2625
2626
2627
2628
2629
2630
2631
2632
2633
2634
2635
2636
2637
2638
2639
2640
2641
2642
2643
2644
2645
2646
2647
2648
2649
2650
2651
2652
2653
2654
2655
2656
2657
2658
2659
2660
2661
2662
2663
2664
2665
2666
2667
2668
2669
2670
2671
2672
2673
2674
2675
2676
2677
2678
2679
2680
2681
2682
2683
2684
2685
2686
2687
2688
2689
2690
2691
2692
2693
2694
2695
2696
2697
2698
2699
2700
2701
2702
2703
2704
2705
2706
2707
2708
2709
2710
2711
2712
2713
2714
2715
2716
2717
2718
2719
2720
2721
2722
2723
2724
2725
2726
2727
2728
2729
2730
2731
2732
2733
2734
2735
2736
2737
2738
2739
2740
2741
2742
2743
2744
2745
2746
2747
2748
2749
147.9059759299503 63.10851740134447 -45.30548852237494
118.4839378136041 66.7139744289414 -116.0317055123354
157.2939210413538 54.24081142764138 10.52159721247161
59.94809024607459 60.01603230686074 -129.2840148701029
249.0508746639449 49.52352009134581 -224.4943646086404
163.9194099868546 45.30115288226757 -86.18922184235308
177.0879668583597 47.12491685601539 -24.24380705526583
77.15869722968327 86.06203905103246 -92.68778424598526
141.8525927966396 86.22593849026255 -83.1835920731202
150.5531222481897 91.8149575873897 -6.399416481475249
93.56079054777283 44.75086609053606 -85.68035787476617
167.6180257804361 39.75417537772326 45.93905300767406
91.25596115171003 88.84815383109473 -144.547984608844
143.9906090414114 41.09827733348373 -138.6863984053828
243.1121595011227 90.78519011315473 -213.3086102186951
96.81039519158388 43.51938282567918 -146.1721558413104
138.3645538421879 87.08883262350402 -147.6201897568675
44.02190365377113 41.47111990330281 -94.88977785733488
151.6882672767999 73.97093762142956 44.10808470421205
181.9614522448384 37.66339145481241 -56.23599349996258
172.6734147847978 84.37402226008854 -36.33626955400549
42.90419414978953 92.44116348383204 -148.4954509680055
184.0870729418609 34.46343556462508 8.704897219537187
174.3233334691593 69.33758489724001 -65.12940026569574
38.20577394395096 86.65464328098932 -95.04599909037337
123.4581711051146 94.21946428947084 -48.88824122376796
38.15658669053202 38.63704848021107 -153.0761377174037
141.1411266324756 37.04314530812716 -18.90101888512094
120.6508245885982 37.08333333333334 -50.60369224314202
151.0695307098885 78.15852713634619 -115.4801521338188
269.1170470096794 78.42283531434438 -237.1720344064575
128.7325290409756 36.71542352683672 -95.96872238854964
111.0555019869658 97.8098591365746 -98.68655608811291
177.820891083083 72.10282693725755 -4.507109099721306
176.76055425162 65.10953577922857 30.38461176079863
103.9351264446816 75.70769429265592 -71.93362646424811
80.42460066871104 34.63264077536844 -116.5257635745308
154.0396268438885 92.20224408305945 70.03427430081001
65.78903886149838 99.11513334200251 -122.998147076383
154.0421345161724 100.7918722980168 -57.02851484856888
126.1244054546596 74.06914762275093 -21.77720496825279
271.6340368360731 66.62726918210386 -204.9188619768794
141.3244338263347 100.383955976224 25.25397915268116
225.6613841623756 32.26938773194473 -238.6388318633145
270.1660913392187 33.02992865491103 -204.1565592651322
228.4613241049801 32.91630103515553 -203.9097944827667
160.1520822179895 30.77230815254354 -113.7953952017373
140.8779613729141 32.27693528621734 28.49918373479897
123.6233087655275 59.20242900826527 -157.2776772618847
154.9842393520888 52.12141639888083 72.31403590691224
150.719307676318 31.24082731380439 -60.43938710360202
69.6395748159205 32.73613348858913 -162.042153950192
273.4029353773702 33.22713995029338 -240.9385971168376
230.4244609033186 63.96754076355754 -203.9347101124631
232.2634562657898 73.91958134760016 -240.1267925571183
74.88346520481787 64.27492514644545 -157.5757169996888
274.0562890428363 101.3342279105556 -214.3556034034618
181.2186965935842 25.85719034952119 -96.32861378112769
31.9449935118506 74.7326000924445 -124.1315051844159
130.7342265205797 58.23876787993382 -72.3827993364748
65.61708881603464 59.29951527189931 -78.97545465166937
117.0517307852699 30.74964764322325 -125.0616628809236
116.3845798249527 101.754408310712 -129.8383437717202
154.2959707724352 62.79127346865691 -158.1186572757971
48.65021739339323 30.95306353952653 -124.3018393280086
87.39185986072545 71.31634250328638 -118.6192583433299
250.7336734952624 103.3624059236368 -240.821840811114
90.79582120855001 103.2568831577705 -71.47033930229775
185.9174160157402 63.9192016337479 -42.46913816436938
154.7216691758141 30.68565034020956 -165.6353832660769
132.3554962335572 72.4620036066998 9.396539070382158
186.6403812899522 25.14906615876975 33.05405595336777
116.5037044904692 30.20374706116299 -166.4238991740145
198.7902988823407 34.65350997219979 -32.07092909916782
126.9835512421146 104.2319945532757 -20.61811773152347
114.3767445411686 100.8921351518287 -160.1323100382873
166.4306678951287 87.1533011555963 16.32609050167064
139.1246715816424 104.2804103001791 -106.9430067290195
152.7798995184618 63.62706251883797 -16.63555582590242
28.58338096659311 66.74210806869212 -152.5337312485175
181.0813187551805 64.12168009159613 -87.95844609980597
159.2396621317434 107.3076890117765 -28.02653736707362
180.3652734156078 26.20615272539423 63.37527836081928
157.2399634860141 105.1287029678677 -136.4810709187398
36.13404088285631 104.4106357812032 -119.5381504872866
68.00979067932619 29.23769284571945 -81.14026411098997
113.0527458885573 64.98830208202857 -46.30420328712663
57.28510597186144 105.2838030076287 -82.55126950144037
158.9915699148333 102.2486446706977 45.52095116567966
193.4324982470127 48.88230063185015 -6.702776946134044
68.86958942160692 98.98241637494692 -160.8520266710549
157.8627340190248 27.71524002609396 1.542402085294125
165.2322089201276 26.30995040929411 -37.66030761735691
129.2989788860613 44.53265685054316 5.726782046784045
153.4397894444974 26.36213270713787 64.53994757552778
123.4167347891198 105.7810747961715 -74.61742474446481
99.22332178886469 27.02769001524764 -65.09044354933474
160.0041838923734 101.1741066220055 -85.3630729781805
92.02048176434619 106.6847531114917 -117.1005187755276
26.86241184828241 47.73567592580957 -129.2009875499367
27.3744216445408 62.32874510417729 -85.00870602242041
163.1383814504802 79.81670028584861 -93.33246316698012
143.9600014253281 60.84851740156014 -95.88577128157868
194.2416488269319 25.60134935253639 -10.71405759660751
58.00490787779343 69.42402254021205 -103.452268462711
196.6960488431104 26.14623482719424 -196.2054300992921
190.2401912532947 28.16714110647692 -75.38446943379121
117.6430523304768 48.68678199354282 -25.28734263307422
181.3544056810092 92.76698153834097 -15.66254744251799
26.73761364076193 26.73830513603157 -109.2919176087179
228.3395148623147 107.3511132248166 -197.9534763143141
46.83461912254016 26.26590799185682 -176.1614129734751
161.4474443863055 110.1794914369604 9.743450429610313
200.4583642619399 25.49010690373982 -238.6388318633145
146.1542278420021 25.2797634847457 -248.9629118027084
91.59306369294359 26.12565992418077 -176.9581827869059
276.0169261353529 103.1391307021409 -239.8382508878718
100.3040496159607 71.4968065121781 -163.1677382359056
161.5384615384615 25.36970842624915 -193.5306958362484
141.3278926724716 49.58555036881573 49.18711268920079
280.0196430428314 55.72936800567413 -227.9405438325216
188.5830645670192 58.58519124941557 12.71285434605022
165.8217771191423 59.54701934659662 -105.930058661105
66.92512980733856 25.28416211351191 -248.4449012027357
225.3362413755945 97.90490744545505 -248.381209851463
158.1632962928184 98.09118180349228 -162.8181007821442
186.7232183440225 48.09684259461297 40.23813468480705
257.822037844632 57.0777444047003 -248.5490154510318
99.96389654844752 25.76657277613489 -249.0740682764331
172.3001631522989 24.87404373215547 -232.0279432970325
104.5619782311571 25.55213086892194 -101.4781802008784
114.7305945815539 77.32502205645805 -140.0589853734714
107.9312020366035 25.35636660195106 -198.248600159314
147.4523784558094 84.71559531462151 -31.39164224303159
159.9038351298799 59.64997844519648 -130.8922727992858
249.3192764180329 47.19120585304663 -196.5450378100958
183.3733666783136 47.05567115073436 -101.5529021656745
254.5765666701841 108.4773571492799 -197.6465506433542
61.97560220392912 25.38366325508007 -198.1492069003861
117.6638624647011 24.56335666217665 -229.7649836544324
100.968876301746 67.37702125215128 -96.57935798235741
199.3438521364941 22.33036698140346 -51.37795907999721
81.99235353570836 25.02146992267868 -215.3601699437667
147.5099774111283 25.38237950470127 -222.3978702030055
249.2724467575507 26.05126568429203 -247.9691872105584
126.7305690430731 108.4129562452695 5.150821635813583
185.0235132607766 65.45853842108066 49.86128698615796
51.13467683138317 73.1825222128238 -164.3080580067144
191.4705511848194 62.80124503973884 -22.27234349282632
161.4643134289333 24.19593022801674 -141.6858211902663
249.2598612155662 24.93281308718694 -216.8358804928281
38.21788660080219 24.55517184776861 -209.2838249320196
31.19852765443999 24.4781358743692 -81.46828448198926
224.3854697874653 54.30605762942682 -226.4093238310297
131.7759224250738 25.27465281244454 -187.2230317441549
53.06504160974105 81.22510811182259 -74.93870827158196
65.08590842460069 81.73740306199316 -141.7105478666625
23.60812322962767 105.040623207478 -140.4709458804349
69.62052869763109 25.33153252621952 -137.6536657357479
224.6834541053737 105.9301207881795 -223.6575909800754
100.3167387515534 49.62127010462045 -121.7216720431281
121.7338147451116 23.86204276801039 -28.91920381279928
182.4715543879763 87.85605674237846 -55.96323522334471
166.8319796402768 89.67052827165972 -72.63754467602686
281.4375301391521 87.35612900007703 -195.0175600430859
165.7733306352435 31.65081899760256 23.63937940786769
58.39709574213148 25.3115047037652 -224.5865898263172
167.0463912092376 23.44691435129018 -77.41577589878007
183.1047587749026 47.06425452403969 61.06467087871068
135.4717939944119 64.33657523974404 -134.3851771057195
201.8823682030335 20.78771075924826 8.162595063371242
97.91049940101691 52.064868520838 -61.87953559056642
123.9787499949228 24.41382496639097 -73.3119563628924
91.1713927979567 109.7945854965438 -158.0825139455554
223.6972992448471 53.68826628646333 -250.8306974824323
105.4163686819776 110.2840359294362 -53.08438236214403
161.6144212785406 81.62274341941023 -141.3750431198348
41.11390490754653 24.8912844659914 -244.2172212686713
24.26338943799824 88.1854570170143 -164.4919397876695
162.1066912086766 99.68545917624989 -113.3165519517275
250.5895464247479 75.60790233587515 -194.9738023240615
187.7902292454464 49.59620707438817 -73.35235787843909
78.17650132171356 54.93196625444457 -102.3477421982568
25.50182346171277 107.0876432405546 -83.42949922704349
72.88838520995338 109.2706516640265 -101.4665478007438
61.6146219226663 24.24660237758573 -104.4267730455591
137.5306699579496 48.10351535606829 -115.9663938116747
154.1342806710575 56.67479650779505 -67.51974689900263
148.8672463010425 23.26174996170528 -93.58852775463176
24.81127303223705 26.26686400242172 -188.1583288144489
167.2358841947812 50.81772202032759 -44.60312854140854
132.6683483793365 55.71779639594445 27.18235386654521
27.77382391596977 23.69884357801744 -135.9522444115195
185.2730162528104 18.76331787913067 -114.446432500699
208.7932594109906 28.51500983545234 -216.5580347667311
184.9807928827076 83.02997928904851 22.78350024558217
169.7868867554355 83.75427338534544 37.42976541528996
183.9265463756123 92.62681600481821 4.686406916153542
33.46842205206352 109.9583916499423 -161.5856324925534
282.7458882512712 49.56367246538571 -193.4027640354508
282.7462512081931 63.81630467867453 -250.2280293894849
79.04791177337552 78.06079862586984 -68.88396021743324
137.331890566229 78.38599716247225 -60.76876912959837
128.1393647827495 23.78300776075181 -145.8049728375374
137.3573577140341 23.30033604587898 -114.6523641571809
123.9367351643789 74.07180449104621 -93.74992630112972
137.1955078738452 110.974268008381 47.36786972404787
95.13324471180105 23.94457022284532 -132.283425189374
24.43634943292244 50.28055826653572 -105.5046932691444
222.2573469358308 83.571859595785 -194.0747741656075
126.5478860272561 23.70697542562865 -5.562637581991094
194.3477171300405 43.69736176000794 22.77037893480677
165.4498331795624 67.07385804106183 59.9155545397661
136.7470692295734 110.2509251493522 -164.9184675149705
251.2406804465915 23.74045776280134 -193.1798319202403
171.9790311792008 22.33800634994845 -15.93041957812164
194.4448447665017 52.1011743462174 -55.82651114481004
22.9197217255396 24.56490647975932 -164.578377147798
139.3338572517871 109.9174255285239 -40.74415373566337
57.88883633178317 110.3216649462642 -142.7328765458582
186.0522597039335 79.76911921163789 -75.22347769405317
125.1903640278319 80.91839108112018 -166.0345086766132
132.555504212556 79.60894183454018 31.74677379361734
23.07692307692308 49.46068482237224 -167.1656504325608
156.7830695495026 54.88896980133983 33.11177681917745
91.36654567460192 65.70089825808233 -141.0032189354253
80.64676672399078 110.7992911080445 -137.1704335260125
134.8491934527914 111.1281605465835 -141.3288586676126
111.8243397374754 89.89990870581204 -29.77962876911034
53.93119022294742 49.80616350835813 -166.7355749193229
254.6943562945758 71.7229725308402 -220.115046681305
283.0037777039151 110.7056629191361 -194.8672708671043
142.1983745960985 23.2936675883884 -40.18443561924683
120.7859524532892 87.76511261122386 -3.75301019928042
222.9801448573587 80.140282180753 -219.3768778381238
163.3241781973434 111.8497024394334 65.14653833546903
88.56581502978563 21.76013242840464 -154.4005360182683
283.3605537548272 80.68042666422407 -219.0762119647775
129.8276707436546 86.66678049908907 -118.6457277760734
105.4148678053482 85.6672210695053 -117.4704802997628
178.0504415802691 23.16805194093283 -209.6425152219205
21.23925379860857 85.50661145828757 -80.85615176264169
74.5275325720234 47.42337546300399 -141.8917165200679
143.494084488193 71.94443039500001 65.75614483854937
123.7902267851531 21.65936524931276 -251.5342797855465
117.4401221795224 50.3595497968029 -137.0060451414257
172.2834089441733 47.70099332447779 -3.351317926205692
105.4339042959948 22.25 -44.3801153765675
176.8956517590383 29.01713092058497 -253.4034566590003
87.15295198752665 47.03120629357186 -166.8818373614832
128.6240110673189 22.46734672305623 -209.7480945192253
76.91570300128626 44.07346146506401 -66.18225200073897
89.27759061524253 22.04570225282698 -84.96303370604024
159.422129649437 79.95516959939923 -53.15799952649672
93.74868360579482 111.2777209526451 -92.57133387252713
254.7614837188126 111.89903739551 -220.1300234305411
42.09826185842659 111.0268864639484 -98.55360325789412
59.10745705918048 46.29012439263406 -111.1900962171127
52.60433850676764 21.15952138432359 -152.5410720497774
51.20421965425346 42.53467685183027 -73.23194602880073
160.0988039961744 73.47399019919827 80.68173918886276
135.9323406641237 21.84881329219455 48.17137461371873
135.4946877313048 42.81271200006205 -167.8691737427965
143.0796215783619 40.81222043730919 -79.2263992202881
283.1117705660325 23.61502469066998 -221.6017797676476
114.8208120110844 52.19947950051147 -87.21956996673519
23.77871515810983 27.13453138769714 -228.0443880303665
48.94179664126329 86.42694908388444 -115.1074484023247
250.9395406973197 82.46179012334693 -251.3459803328277
167.0338405787481 105.7375925670905 -9.304055204059207
164.3289306577924 80.98961547940073 -17.5952971201669
144.616218487755 112.5373657137917 -73.44882805280446
78.9072243206621 20.96185474228123 -64.9440905874666
125.4800527833911 21.34695138529575 16.60379052927729
185.8070211760471 97.06229894203884 -36.14173488118826
150.7430254452843 72.5985969751509 21.50701518540511
192.5567477675922 17.40919241887785 47.65698407398223
172.5868543954314 19.26296733579856 46.17919262934608
147.8046370129625 110.5409960043321 81.15661059504212
184.9357474015997 19.92050142937119 -36.65869333404864
138.0841107715485 89.35435671753316 52.86843547216259
20.99774686967647 98.41856009725983 -103.8319139306269
88.12111418922697 89.74764821683399 -167.5405776654372
188.9738705910271 80.58286073514613 -27.73550915545628
285.8604753628904 20.35831918404325 -253.1775946416589
21.84137053206673 73.66031036433398 -103.857145073053
170.3024349575517 17.6933986810459 -126.1411988683992
163.7996114253096 34.46115319809762 82.36275034640715
170.9716946587552 19.52048810616771 -56.9316639845883
167.2332154476887 114.7318230353913 -55.05500769448159
287.2971043034241 87.47434094890066 -254.3265504488062
145.3391348649661 112.3450740804421 -11.89392770262128
137.6992862228386 44.7188554225192 -39.13981600573867
162.0956621398776 44.12099996296605 -150.2675837482681
47.66751153353042 57.4517081108632 -147.2127606853828
169.6127891682862 65.135541092282 -30.25802331721056
119.035006481082 61.40708778576638 -4.761898914489446
110.1948169610105 112.4402143433107 -31.89604806662609
103.8753653476541 84.36775937261426 -51.61216419243675
166.8025200379712 87.51586594390697 56.21323434335097
157.5647547003362 73.46456897496216 1.486849295801233
21.35583737685706 83.50135713028398 -140.8691885452303
221.3572773978092 48.96314836706382 -191.4164274742119
119.8311082967537 112.6670304381097 -111.5855100592554
211.5932595451106 34.3321130741149 -253.8933189468064
135.740480305147 20.02654010000573 -165.8564825179801
286.1859733546568 20.32924787713729 -191.840924793455
42.16790507856855 59.16586033257809 -113.5692180178338
165.1544253241557 40.38077035794375 -130.5770652904761
227.9803429058184 20.19639283374119 -221.117490051496
48.96617562635427 96.87205153919945 -168.6023198575056
50.28331100378016 20.95693407036922 -71.89749579590111
71.17886077151988 20.75230257636867 -179.5440965748639
175.7009318929384 47.92981537948124 22.02347970709649
71.16555850222795 112.4441107050823 -66.82143441681116
83.75022350072497 21.01170380490234 -236.1668795156003
146.4082230175332 80.75343835759928 -166.2055650689333
67.446303349277 78.00101527370948 -121.0060811980007
21.95548971016192 43.15021967613259 -78.02727921275017
198.4319997250811 51.28309787999692 -38.47411381680156
105.5377108932408 114.0015296845466 -143.1893480960728
152.1562602701262 19.50274126691503 -22.13159732287597
155.8406720740478 114.6670613278018 29.2054108859664
122.7446293253707 84.7589488879744 -74.5160985519681
177.8587248115854 35.56896226280184 -114.7877866528412
198.5405026948562 38.2060045724407 -64.93282954094965
96.69911622813426 89.40487891424516 -85.99743271316179
241.3515258531465 45.2320160139305 -243.4621787777398
85.66169001927297 63.89143672462372 -82.7667980068538
108.1304713770166 49.5730597798979 -168.002429134078
82.07817054586403 31.04743535163043 -195.137908367823
115.5356223228357 47.89081276379466 -107.5941022417787
190.1714688555549 71.45529995024241 -57.78771312762195
199.4363720262914 16.98847068616321 24.82494372716583
286.2018203858818 114.207004013875 -225.1802871250823
42.49862005092422 19.1686820058077 -98.07252672824188
154.8709027463 18.95475807916668 35.6612230184594
198.1936559624831 17.11036759817476 -25.5355796895978
20.58214622944134 30.55434820072047 -253.9791027235827
44.63691630106985 62.27054672241613 -73.40411358109934
237.3098244998747 114.4868802997161 -252.1666318876684
226.8035189042916 18.9895585164148 -254.6508051112946
156.9197811042095 46.79916663856694 -27.44162757149094
124.5614027636184 91.08854106382684 16.39672252225144
216.721937359242 20.75835531993274 -190.6839245943006
166.1141941776849 113.7515222663825 -152.5990083626071
241.9728614749889 93.83182882290515 -190.1341607167655
56.52532242450897 114.5276367192942 -112.8819969752777
193.8532173163304 16.92188385150574 -88.24291381695571
101.9152604253381 20.14358035548631 -217.246189519
105.1222573482558 46.75282073243617 -41.38449810939189
168.5552375523418 79.66628207067467 -111.1523718679081
125.6593999097131 113.5092687061517 -55.68603660716397
162.8274018245323 48.74822518686491 -169.9900598562442
107.82822569504 25.62785598769068 -148.3608042366756
259.4104399651704 92.45657233216083 -225.7167109946045
130.9032994480106 74.06315088711209 -41.74970452262418
186.339466029909 78.28173304240144 38.94029991311345
114.1173013997577 41.98899304197986 -69.43048441156671
171.4854279647355 66.51237409456775 12.34267377685482
190.0143500957396 34.50233198053919 50.88913033938952
69.76078685269721 80.29531053283728 -169.4552078076833
286.2560084702375 42.95108337017437 -212.7871566434088
127.984424574867 114.1516466640455 -92.80053740352039
143.5973581066571 19.07386685686582 -133.5080875830207
150.0668415628024 42.17753782605944 -100.5382139545709
55.21050455149722 39.23025362612561 -141.8105027468969
126.4122050804419 114.2761169255129 24.67575533652792
81.32373760274753 18.86711769573314 -103.5323860609393
57.97252605078945 91.28073126958067 -97.42493600700979
200.6396912945605 37.74136634895248 4.527548140926798
18.76341145485791 36.14248060751624 -148.7856051856155
263.9381512197434 113.5039669697408 -254.1396191819551
19.39474534439838 69.07475444689371 -170.3882228159821
190.7200585515881 40.32532636860783 -87.53664069743485
81.59590855080809 89.82110855694334 -112.2516801410141
171.3690713727665 99.02986841746907 -46.95538018313087
267.3194352595313 40.57458747234899 -222.9005851582747
263.761888922819 85.29370097392055 -207.1399082303736
166.8574893215609 101.7208855597484 81.89405489562576
179.7212077520338 21.4407823669829 -188.1828741963349
264.6207209821114 19.29618388078879 -228.9592478063703
286.2154712595266 43.30119130341425 -254.5858966865959
202.5541083201923 45.42070596945542 -20.07496705995482
78.18896374759402 53.75341306823717 -122.9577123042733
182.8786096752359 17.68042582789427 16.50153713590996
128.2123673533202 18.47913815930884 -54.24809841261113
138.4021988747947 62.75074410661641 -170.5447834231942
56.24135707511652 114.7406948445337 -162.4318463017785
287.9347137955939 68.76335877393947 -191.8422577675701
169.8702837222766 46.09131553182329 -68.18807550404014
236.4334069066476 92.01181733872617 -232.2849530600911
166.5682413453807 80.19668802802313 -166.8558135179936
46.27668506513279 75.4331050011894 -138.2581478612111
155.5443921041913 74.11750645426169 -76.24043433941652
262.0583287587382 39.29162745510379 -255.8347871875507
134.287992886971 55.78038792917742 -16.5607616384937
201.2420030627625 38.52681515589136 -48.61908455803968
150.3101552576792 114.3268898132317 -120.130724765021
105.610402227911 115.3478025633571 -170.4480192165441
218.580433935017 72.72000481332816 -254.808298083889
287.5834644502173 114.8639381876603 -255.7274631471041
18.50849918295799 25.28894761237424 -206.965074994268
167.0091992607767 38.8485432773882 64.7409152008838
193.8441342294301 66.01393580350219 -5.5692936578985
189.6238409271445 75.11059141823687 8.319910793615371
108.9379309208432 66.20161256211348 -27.13261888450884
21.20062046253004 91.49709246264923 -122.5666579041272
217.293318719727 46.93063076310337 -210.3498973539662
40.63841126287964 97.39240843363118 -73.72590358071386
19.31050382900015 114.5449247539818 -115.5952237250233
170.1391325176792 16.93958708078802 82.74108126708668
150.2206046834673 19.65491590691414 83.22153448016115
128.5110830138152 57.18886225831353 -54.05359750171316
200.0244310825854 16.71743537320722 -67.4396742038769
193.9338513726097 20.09720391355247 -256.1200352558415
167.5974623931662 114.4998513874651 -102.6620461314149
266.915916076135 93.90779752077184 -253.9278643601428
143.4322544450144 18.45287218029653 -74.54076361352169
167.2132010441787 107.7292362020658 -71.72982675679209
145.652841822308 90.7143147616209 -129.6720608386161
106.3613057910628 115.3141447714458 -72.1073350887428
191.9400708088607 67.36316081527602 25.60730826377425
144.9279775339447 19.58496111048175 13.98356743708566
207.2751310037177 34.56094964775825 -9.523088563948479
191.3999255844955 82.18954834076871 -7.899748201562071
153.15589443994 46.70261860536535 -6.97179612276717
64.51564012543554 44.97151482426811 -92.35858540395306
108.3714810227443 95.77703983533752 -66.94117233435665
167.5293709032073 55.93193726601301 85.48922871770175
184.118294650879 41.15402548768758 -39.17338115106679
192.691199062584 18.60553712483912 -221.943115721662
72.70705747822423 95.1877806379847 -75.94539597523394
19.29590901930716 64.76870739309791 -135.3552626661689
120.6700032361595 19.12697251835715 -92.04341086726176
165.0703981037976 17.4827671688328 -101.3378845782851
39.33287085263296 115.8221677481443 -144.0489348148295
94.34374604942788 41.77853292441782 -104.9181928914657
17.75103113003934 18.00122964237656 -94.19962394143364
190.5749742088744 80.22003627745667 -43.99759777903118
139.9767077159705 75.59869449945978 -8.216141867072396
107.2051251492348 29.51581773187056 -82.63570152470454
218.4904148415006 95.45793616374196 -209.0464369642354
133.5615122965719 67.32278366863314 46.85914627907436
167.2838129837827 99.99529187769322 29.351228891936
144.3103575747009 31.11643826927748 -201.3630185859801
114.6274084522949 17.94866794972141 -181.4879420707545
145.6619483897128 40.54653044560449 84.55939357863762
143.0886460499054 114.944601819375 12.83649779790383
83.2161536535679 32.1836839219356 -255.6458498637953
168.332231874423 21.4407823669829 -173.7822568830143
148.8371415881655 19.25546270938415 -180.1822562632217
169.5263814241416 58.17035462191876 45.07228555097939
144.2066528403838 87.50804315903541 11.24808332499554
138.4809300689592 115.7979289153597 65.58881874360306
106.812600319473 87.49327698097696 -171.7808224340864
44.95627703559197 60.51184907868537 -92.52991698402774
74.97004556078008 115.6029039516848 -119.4707028168298
138.5897447657422 83.41902002728801 -101.8846652465618
136.1154826190801 97.40211404643942 -62.94075224724038
266.7186891527047 20.8063209522083 -253.907218627479
45.36189345947604 17.22109792031203 -193.0373297939643
261.1444787978753 92.363041396437 -189.4377376694333
145.0666413135627 84.09209003613505 84.39400231253677
166.5501708765257 112.9062975773577 -171.8449782564708
233.7885401103334 38.41410476028736 -221.4345086670262
119.2069312449977 17.80550961985097 -111.101259839146
167.569547592669 88.51504491465859 -1.577699947659971
240.2885420879936 63.36979689993222 -254.5082263680568
81.7017438405438 61.36452306250128 -60.8561164308879
155.9532924176309 48.45118317001995 -116.8190640242975
141.0222545346033 40.74343721082196 66.07162475428463
288.895616303088 75.66429273974302 -236.6165485231125
266.5967423744474 72.39648584794686 -256.1683546053131
237.3300375047312 115.6200317651424 -212.8407318356659
288.8719709623488 61.78168246020191 -211.4462420217873
128.7602191523601 42.33951959617946 -150.0579332968523
180.7617914603991 20.02640888839555 -0.8321012769831508
134.624546183774 31.67873370868622 -235.0818970198791
74.96300903539461 17.08174236416061 -121.380158578741
218.2815345474378 115.5085987076287 -255.7705652363278
112.167076831547 33.22191095654883 -14.71032473352045
156.2596845926328 16.21051590993465 -236.1262975161235
134.9975815692237 41.7015684396147 -62.10176848110263
45.91720283772334 115.9800514009435 -70.78891054024335
115.0286311154874 114.8538611712382 -9.233972858572528
146.353028685431 38.8449571404245 11.62222981116472
264.9273786726383 56.65334565127193 -189.4655005703821
48.89063696135978 96.55999514735157 -131.0544902357273
163.4900596343529 62.77245742845638 -88.72483297681642
153.1096270983107 89.74060499462661 33.87950943937466
230.7354997046019 37.28095629391805 -256.8374446111056
169.4549606823771 37.45763459042566 -100.1742792835866
77.38397742504783 115.6642102300999 -84.31789969897298
113.0773660561755 59.09189989578238 -64.50564513821125
150.1355154241924 33.57589911367845 46.03507611879943
184.5187866158107 30.85366470507733 -23.63987354768179
106.214096299692 59.16583874625169 -150.3670712629781
136.8223792177216 66.4435680597185 -112.2657506997899
188.77659404719 61.57823640084611 -102.1690267974981
103.7710332723916 68.99232615246586 -127.3770500369559
168.2014557363358 116.7894777774731 -122.4174829224785
36.69164872932316 62.17411320458409 -168.7474105912422
163.9567746763583 33.54910227442153 -217.2273268260136
187.4328040002578 16.85119234357136 77.18407450465918
161.9293415406058 18.07295795253966 -256.0219041083321
144.0707921147341 17.21856908116855 -5.441055118657517
52.50071371042198 17.39613779662271 -256.3185804388241
77.0138182714516 113.6570406539036 -171.4400596658742
72.59901557384985 115.7412855398237 -153.3517047091955
167.8269176705784 88.95329527203468 -126.3555762401249
236.5561823483055 67.46567782994684 -221.2114283860148
268.6964857249753 75.24498165634577 -188.5495142851195
80.25100181294123 35.2133228198143 -94.61292517917666
128.340579126963 95.51890841643855 -92.06674617394891
240.3797803420816 61.41461475702139 -188.2911617996871
140.7818388842713 58.30832965585962 0.7089591562463555
260.6895123981265 52.55108213128902 -210.2802228161254
264.8604838120334 115.3609544308968 -235.5224003089105
16.87975612240403 117.1571639353205 -157.6025715368509
16.97066135524275 105.5181702209379 -172.2986758746872
144.2977623366536 59.09966651716469 85.91641034960095
98.26772395705721 31.98463797408228 -231.4010762068035
288.3057732135536 96.03331701995896 -228.2342587867947
175.1945768430562 74.48870387889488 -49.39948414277568
45.38353991577469 48.54659383956339 -129.1483895591358
217.7861983073738 85.34951692003615 -236.6463507107278
217.5927282005992 66.45661931286659 -191.7105141398003
79.11836907127844 88.73115073393782 -130.5673964912292
191.3692310720567 14.6019412641931 62.61126487142057
147.2865573485034 17.58680496849294 -151.5903033423718
190.9709894694926 65.04415664245757 -72.22018374122132
175.0040383028507 103.733063151255 -25.91731320705081
103.0767786963506 17.35722652352273 -165.2096181974046
240.9997020458225 115.8909917026317 -187.8898512519931
34.49152579903633 17.47964373548891 -152.0172350322939
66.2845196786913 40.13611840557824 -127.0566667606322
124.8315056717839 39.53972288963757 22.9390947238295
164.9205011145877 16.32283334971962 13.85973976469102
138.1590434185796 69.18584760499766 -151.9517608068196
250.1041291163667 69.94174471186783 -237.8631185231502
38.76649469721792 41.09807598495003 -112.5342419792502
88.63676111490443 117.1160680138761 -59.50833005469732
235.8520347901144 31.76927819861985 -187.112615489596
236.8037192430515 17.50397683816372 -237.214012252115
91.92050285926848 17.11164092606717 -202.0361362021736
188.892233292804 101.5404495752242 -5.796481255310401
188.7044311782184 76.72048912530049 -89.46352454337925
16.74788388539625 17.77754113916031 -122.182161123987
133.8419588420087 103.7978495972149 -124.5228369038826
130.004807238417 90.32750924125789 -32.198239438778
268.3600894285374 17.59736009239585 -194.5965814069357
114.2505051405003 33.62907854360137 -213.6861896173771
178.4764235342016 56.58537628907291 -55.35956930913243
170.1156624676838 16.85889681822864 -153.8607238599474
41.38970769430276 33.22041744520214 -225.6478557302988
35.31115491850661 77.95107338770279 -71.9138292051497
191.5892158070009 35.78579863465915 -106.4882361190662
146.3595074524579 116.1636817237664 -94.6344629858641
48.33212103278538 16.29393359473149 -135.3571817573924
239.2073445260027 114.8555572080837 -231.4922896307132
170.442598717895 96.23363479339028 -99.57031351581124
129.5909183627861 37.72845884010916 41.77313547081227
20.70476082971316 36.00089560778731 -94.77129746575324
168.137981088712 64.12888451516885 -146.4434508494975
201.5371467091973 30.88642764221086 19.35840760398285
105.7090307775976 115.7306582704707 -125.0434101977611
38.68369708009192 42.68847788028228 -174.2594289389327
171.3903405090659 74.71086796365243 -80.23595967357841
102.0256845232835 16.4902141494501 -117.1165098064647
168.2529388172405 118.0001321447486 -38.13980654288701
121.4942399224984 93.41217912455282 -145.1653473828508
216.183881992934 17.26576756641374 -234.6491029523791
17.56860314766634 62.24828568606821 -117.3972665130896
121.1190871864416 58.7806189434613 13.49149764030173
119.369606046868 77.53864650703477 -58.19193943194557
129.6118900012804 96.9292823901185 38.69979464356343
238.0708876031064 17.11861228800921 -204.3518418196237
233.3160391835085 83.29811834901682 -255.6400607512306
98.54053910047671 100.7539137633536 -132.9578947965743
138.1431749108407 17.11410095441679 69.4059483400352
57.33269525403465 96.7191289969424 -65.7262737602931
70.97144690860222 53.8387419115049 -172.1129089666287
99.57411048351453 34.82418106754031 -161.8397771771745
153.8021516923961 17.01330889227938 -207.617052929674
169.0027728726648 118.7614860796061 -21.94108309291884
110.4856506287724 116.9363741171433 -96.64611860807389
84.46994270900626 69.88883724505881 -171.9854126548257
180.161086214083 15.76953683858198 -70.40604943022981
215.8797704161172 113.3965666230468 -209.666803928034
75.75584759416165 72.70075184774916 -104.8209690848264
153.8950500191417 38.67296747332957 -44.30748460996824
106.5497987675701 85.87006648015047 -153.7567358768918
171.4751122059747 55.1148434905304 69.51384901720031
215.8857750598945 98.96179705744706 -189.3146107594602
217.3112164389118 116.4906732000392 -187.6067209312866
253.3597253453557 33.70077736217757 -232.1059831445482
243.6053275528629 98.12951278061905 -256.5869891722039
121.2455841272953 116.491843596572 -152.7702252882068
176.7466808211102 36.54692721259224 -79.70103190472486
141.2541778855026 92.84621241856176 -46.25710351620141
193.635655755784 16.13886492592547 -103.3088426855795
166.9299216959645 15.95296563569926 65.97445427257878
73.40743342770045 65.89508339032444 -139.7023846929679
196.6017150402806 38.23320553746164 36.08236419402053
110.6745930102998 15.55633464301848 -17.48617083091058
36.65495435057694 17.81076067242571 -121.4122177687235
161.7468189230423 33.64393656370056 -244.1802349109071
289.8106645515008 37.51515917140078 -233.3666048312828
57.13292623773773 15.80973093176068 -119.7172843153731
95.36376184648914 83.24903740144842 -102.8014538152076
262.6987604541864 58.92537865323337 -231.3779122869013
18.20258744199949 116.8845204125417 -97.29639301187994
172.2237511244266 17.27712677545817 29.49363453408036
158.3768458906183 50.49335714578257 55.5896876665366
181.3500620803491 58.07149937014469 -11.09530639392113
214.7882479003664 45.54169907277994 -238.6388318633145
185.2701770318325 16.20058576420304 -240.8943723437482
31.74865679016121 16.6388299203429 -257.422465540309
115.5367161666391 66.76841508913837 -171.4072006631788
63.20621507770637 72.33741463858088 -63.49793842929663
135.8515915701518 93.91852887697426 -172.2487773729884
64.10511836583622 74.94023887805288 -87.55167986421998
111.1986027598411 16.08701898064443 -133.559512806899
151.5767679942678 94.75426528228515 -99.33821846216392
39.81392851605393 34.41804284516304 -194.1839570603053
61.86424076727652 36.24816450684889 -178.0521394988262
81.07487835019036 93.44091765966802 -60.54848655009805
209.9396358227671 37.39163822664962 -197.7354732672167
73.69858363471398 34.00518104596082 -228.6561548612544
269.1627400873426 115.7014171409152 -204.9662921539762
107.0830188464517 34.3597338034728 -181.2653578924724
148.9658967158927 108.8823140408802 -151.9970590771491
215.9126952555934 109.895843509287 -238.8493381038746
145.9581739471713 116.8739708410894 -56.00080492001525
72.78891176475881 15.33569822630741 -159.6941639136515
47.92843869778392 114.3325857027669 -128.5000889072939
169.7993235954925 117.9022295048568 86.95773758085636
47.35381953314997 34.22639742730936 -257.8566058822694
208.2349885317652 28.30751494486291 -41.06599736954908
188.4751994081618 39.62073868949615 72.77911600577549
175.4242936312805 70.41960201087777 -100.8046634295595
189.7598826719377 103.1417493424591 -19.59682127371491
78.08991174552753 81.3321741208109 -153.8020143215435
169.5806535005823 117.840489019938 38.58633188267162
146.7819474437402 36.91277629795248 -180.2708235197517
168.6830840698744 96.5206667461409 -148.3941694487997
182.8995983998987 36.87542778285019 -8.788189493338143
123.6319794258572 117.8253669076657 -128.1010660205786
111.2815107852177 75.46437625970485 -12.22737645784686
96.77529705065395 67.92011050347325 -53.42178875678567
16.91033821432093 53.80150838477836 -149.1180851695264
140.7645792723839 66.1082202107366 -29.3917549356366
112.785765704041 15.96245364346641 -62.53145627092693
87.34585365799018 41.20691007617543 -131.4130537946982
132.7515122837217 16.24722836901168 -225.7781797771405
21.27401848490052 16.41465669645742 -242.5390485528537
192.3800374314767 33.47869781990487 -211.8267133023536
262.3239467944344 37.40255625527013 -188.2428375706096
170.3610711207091 79.10876391069321 69.54526840926259
16.51412635871624 39.20502825496923 -117.2353110365716
192.6167087259371 60.96017247833167 38.34765037089135
101.8140301443759 59.13315269580586 -77.54982505152176
203.4308348502294 12.56312759821374 -41.70503563249456
269.6100244255349 17.34682963143812 -212.1717726896782
95.42673738900518 33.42931093412845 -207.6704772351166
143.593754820142 100.3216845454855 -24.48493218458153
116.5745776926782 32.35038494929973 6.111732372255934
111.6174364739476 98.37915429153516 -14.36917459469354
114.3815899117971 34.433282863305 -243.9457112494364
187.511822262328 33.65854576452197 -229.7194897718736
273.3413291161053 50.63551446985338 -243.3835281932154
154.2399919841581 16.13466203678164 -120.4226311456432
216.7540768357189 64.60534941981867 -214.6609374275603
17.21270907309201 18.64312027190288 -149.0520847353727
57.28220259889732 16.30937890091682 -87.96773313523155
145.6395712274229 48.02353934131128 -154.6380585575018
67.32660331126945 34.08429372613089 -212.358233703283
217.4435435336723 16.0393789941262 -207.6342447913477
38.95692131007929 82.83199396463334 -172.9636828225191
154.7494807316157 17.21664087395203 -50.76759206884687
126.9984313223587 57.5435922933229 -98.5778614934155
125.48570151813 21.78985579592039 34.11307966554886
201.727613352108 14.0189020397227 -5.099291319374124
157.1514074565034 15.41402406267276 52.10724753410534
169.4283876053249 85.60933799201472 86.97351564154432
150.2372615712936 88.42988768421944 -68.34471935318328
165.5305393971338 38.0767902394288 -15.64550392492028
127.5620174700519 15.69072295029241 -127.1223502021599
163.9072475978523 63.69765878178423 -53.97304371545444
175.7575076573518 77.13659245638907 49.38874074804983
168.6642124131399 72.58812175382633 -125.9369248461149
70.39825295222782 98.22680388632867 -143.5176869603287
101.0952063796148 98.15073891391144 -41.54468809283127
267.5446330223959 114.5928454434429 -187.5270591072089
135.0672302956593 16.65094438166047 -20.34037836109463
67.08020946612285 16.61694831864157 -212.2772067607552
210.0404244559893 15.69839393441103 -250.9402779047437
76.63040651358742 16.77240761737617 -259.3924362728002
57.70759526788174 15.18427798832375 -168.339365944325
190.1488707898919 94.73583889035523 17.06617582239506
216.5507772291397 67.79738544294239 -234.7614544017376
169.5045170061155 63.60531702974588 -165.4591841326948
289.3943539216153 94.12438790479887 -209.2919508009101
15.88474908210504 118.3497711842945 -76.00649885969504
209.1952276089868 13.43504796524759 -56.87799342512643
247.5190989941734 63.27634168492446 -206.7754660337143
179.0444961581619 71.68737724963499 -19.91090063677384
88.78246807684627 37.08333333333334 -56.27326577402695
279.7744038968379 16.52850785490198 -237.2368959547669
134.1098015432246 33.96282554053509 -257.5219590473435
122.7642320058032 115.7036271524184 -173.9340928882161
58.29035092245967 116.8155312840202 -95.60485201854485
175.0786510218181 98.72801252209297 -62.89619522770026
118.4605104818108 15.50332909226732 -157.5135893315665
103.6713331989509 16.01553090962664 -235.2756657182565
152.824730743051 117.6491598512698 50.13190802026802
188.2078510285103 99.40376076858595 -49.96258613653614
149.7939445166408 73.48548563590163 -131.9509605599078
18.80100281484624 15.74605271991383 -74.47052891522664
134.4370686588807 98.03923883107886 -6.315293125305373
147.7574676408278 103.226981742382 58.46801621697995
177.1368577348721 37.58206560642246 33.69250920361753
43.69414462427912 16.15843151141464 -223.4523587436568
189.9077691125721 51.2180906506715 -112.6736401044876
57.35794820418766 87.0417314490242 -156.1722513664191
123.7560945225066 35.50905471731771 -199.0343326779604
156.4709492808916 95.91068038132138 -39.97726499600525
178.6480259042766 49.29101979484139 -87.45329406756822
199.5987605750769 55.66958680098882 4.183374405677775
174.6351644297263 50.69136923700729 -115.0429793110368
55.03894897415677 34.30499945043281 -239.2505724166866
193.271026670648 36.08256738951976 -258.0286331457337
38.58715495108001 74.9072171500697 -107.613314064487
235.940345585201 48.02840148614609 -207.3297998526615
36.23780096899662 61.82491693985319 -135.1305058611373
198.2401177049549 62.66142593892884 -48.11813242837829
208.4190482931216 32.35107722564324 -22.83316676733882
190.5973165821858 12.0004617909313 -125.0914210587034
107.4416326546833 33.10335027262123 -31.22171159478754
146.3893710251588 35.24046620782411 -122.8398959648139
126.667281151942 117.2603964685468 -31.78721765340744
173.1258516952701 100.4722149462169 12.39692126150415
183.0713776755772 35.629838261819 -196.121669362247
126.6624166510733 41.51933699955831 -10.92444797675651
189.9722484660784 58.56693574384448 63.86294196649303
118.2667602991274 84.27007653672192 -106.2630081596568
126.8395667271233 58.53533210754283 -35.82855854708829
86.42443016619228 118.6163150203035 -106.1848971927559
140.0158203300274 69.30020122406698 -81.5491703796052
201.6468303495726 57.76315653539406 -15.66248169918985
74.29147271541481 14.61819170958776 -88.53276848328213
185.3209150356989 14.56042181091694 -51.76789772778625
135.7562581011189 56.83607681921081 63.64347566233839
14.47087137392858 118.8683949866661 -141.4837334122854
165.1352109029339 36.29291287324263 -181.1612481920064
16.77901506888269 35.98141839059014 -176.1742201085856
63.31357049679006 33.19074382119173 -64.777375157199
76.34231652863814 15.01017248293669 -194.7304878428724
129.6930627938263 41.27429893995685 -129.4475340905447
93.38973728765207 58.59940263980994 -109.0331884296744
190.0003588274145 91.69768160471858 -68.36127155521565
32.64008486299006 16.36532615790349 -176.3177203368232
16.01874292072128 16.79115669171614 -177.6203258732461
107.4693435168665 102.0814031356131 -82.66498858153213
190.4282189841425 31.56540963962332 -120.7825029050584
109.6080631673494 15.25887561293218 -258.1649581297497
170.7721310842963 117.4848205479753 -0.08623655852681145
37.60082955508156 48.9009121521101 -81.0792807379417
165.5823830261398 36.37337252051635 -55.63939098611765
242.6100773860292 14.20154670570339 -257.8929334022419
112.1346432802567 42.26486173434662 -153.263170610956
291.0312597144223 52.25570695017967 -241.0581070341563
236.1610192655635 77.72804707341905 -186.3016095563803
138.3869535782449 97.24385847783981 75.37438150076716
168.3979089010298 118.0406448120658 -86.17218547088297
102.2518064228592 33.40477342341239 -117.3090463657834
63.02069504837669 53.17281530112587 -152.8744585203213
78.90148653088534 37.47272811569356 -178.3896622466602
153.8620885947279 35.62725514056971 -259.3982045696065
166.0866106896775 61.74745160093903 -7.919482775770036
166.2091651289507 15.50390227125074 -219.1811351320479
130.3221936468312 80.42769220488545 -134.3388409255611
107.6923076923077 35.99940108840489 -259.4585732192544
185.3858415872765 14.04275273887685 -16.82346419021733
150.1206565940935 117.3242970753918 -172.7534933182615
116.1234245593719 67.60492748286366 -80.28998893730068
55.32571366449137 16.78425191621765 -239.1279903268443
15.72978559861961 100.0225669535811 -155.0977058044312
159.2129156425246 75.30554437769581 -37.56120469073663
116.0946879126665 76.49130322132598 7.823548100744736
138.0103526730056 14.70933531613297 -259.180182032628
168.962294195687 39.60768973415853 10.08752820531221
191.7928221527012 54.40423666115794 -90.10983996740811
192.6862093326967 54.57307216940981 51.36655852289378
49.67479546412844 71.32020892758101 -122.3570580524234
235.9553201637097 79.74996877029346 -202.9314470552618
271.2282899210393 69.37236545572242 -221.4401194508092
82.61134239363463 37.29020179339619 -152.4874475673663
195.5533839268701 69.70570171404285 -33.90549960108827
112.7539376028617 85.08877286599321 -87.94155876574955
33.12433554129511 98.77728236031665 -174.3189989354499
175.519429835737 58.18771166612428 -75.23848688912554
290.8280250846014 27.52131502659942 -206.7469767768801
139.8170940115829 118.9373552763775 33.13237888684102
77.53588940708639 48.10511988119593 -82.37833050841371
215.1800255351308 88.57166443716102 -257.2411479676629
170.0539583422292 94.80477982668127 -173.9210960986292
139.9930773362175 33.16410194253429 -2.716227693144944
155.9521613735111 69.14829102346387 -173.4526791596418
170.723049488309 117.6445051092394 -137.9937637777863
91.64773478187895 15.55530598213829 -56.31822069406088
15.85559285844183 72.76674250385538 -88.99461821923352
200.8838957437367 15.79694480282473 37.75306462564601
126.6943599649714 35.92631781646189 -112.4916410209929
157.6924810008348 14.56555679077927 -66.91898080571868
15.62865069116788 76.68375283664432 -156.0118996660977
126.5565858350746 42.48056772001627 -80.4951272282636
140.239989745805 15.13806126847461 -197.7401819125825
29.90453329671304 116.8973614748506 -129.6582480130512
246.1865417556165 43.01426413338583 -259.2453212751208
148.6565213611031 59.33289007456283 -142.9841685400933
200.6079973293101 14.2703903575354 -185.8972070310202
90.79503758781763 59.55797985699735 -156.5742798690118
162.0641811144779 70.76843575288046 32.50662503527454
232.5907154843503 15.14874600522063 -188.3953090753916
171.2654063987829 94.19636162537898 69.54880292615965
140.6452161841583 32.22890183131459 -155.7252409343295
61.98526320841231 51.97901708736277 -64.03384715544641
94.47757718693664 82.55718800158607 -129.5441496700296
107.6310008377661 101.8057067448149 -114.4048842025111
158.1048131869998 36.49921849274404 -73.87910839887468
179.667476386004 29.11955465667835 77.58799618748711
33.26026824191731 90.15306883385379 -111.2925005283287
143.6847829972534 102.2724476293184 -86.25740210441562
139.9371511374823 14.80108245013921 29.26190010102824
171.1526313626234 35.42607153274268 -166.1841526170666
33.0081798555799 93.04776246234768 -134.0424078931008
176.0523697094234 80.55359229945908 7.335096978567146
59.0388219861624 69.02848577091856 -150.3906006331312
269.8723408714993 53.47540811304987 -259.3326540779926
26.9439479663738 14.9703043353059 -217.0387752282879
99.29955833190898 15.77618774466807 -187.2986599335715
155.632971557158 98.49482105121969 18.7225114499435
199.8158459613413 37.50333732141858 -77.76183490949873
135.6225156672524 14.40002820600974 -243.1347624545207
87.620516777053 97.27280366407288 -98.80718849641876
15.35937051988799 14.97772817827949 -257.8526099795325
113.585168654107 14.58453707357259 -1.383321146577792
121.3798364089954 15.96182520500158 -196.4187402546823
155.6389400863712 111.0218093563555 -44.83513040277685
87.65539723904867 34.45923964005768 -74.21362402743986
200.8730706961523 15.15843868051722 -207.9212231475819
35.19244846816545 36.30398361654218 -70.11601120610985
178.898979513122 15.20687112338591 -85.62214095512989
237.4136083962123 59.0167490050494 -235.3346009026335
174.8699688847597 42.51431894066759 76.11523705401149
189.3392769178445 24.34708782858121 -61.53266914793688
50.53902160541202 35.86029207749659 -211.6928975146483
63.42232584771039 15.43378849929393 -63.58843070009104
275.4266249584363 99.42760644438147 -185.7725841011064
194.5853249403628 27.54947521753057 -96.36071504176086
50.97341930952182 34.22853685796827 -162.384168079227
39.20199409674427 35.47518440193187 -136.975163251828
157.3725681665714 118.671710392996 -66.50551606256704
170.7339266008375 13.06233767269008 -139.877640361748
130.9231360285237 118.76978655973 -7.016558258667501
82.97652975042878 16.0498043128529 -140.0353757892074
104.7039106384106 38.31512864815821 -132.7672999799566
155.1552315340358 119.1709709010238 -1.595402760671603
284.0937278700986 35.30127021170739 -185.1607198492486
90.82541193557462 119.1865296085692 -75.62139951282552
92.95539524331929 14.68001696550083 -259.0233772931489
173.4072152745357 89.64404565675277 -85.60898840047199
147.1758926667717 49.58176186957099 -54.50447764692913
290.9131267419888 78.29753844158265 -204.7789809019892
135.2058811561488 15.59731334897483 -99.8142247933034
124.3808730477278 37.58919309569445 -178.9807684083808
37.89648255169072 79.41278759571 -157.0104536332065
171.0141265041256 112.5896807375628 21.23836644709043
186.7946248396837 54.49794574502062 27.41196855960488
134.9116738054072 117.4510734069061 -115.6287994672414
96.03433516804019 58.60339278915767 -174.1657940514006
172.5839996157347 97.47916388883797 47.16857622462378
292.2829256532477 98.33121033047301 -191.1009895468092
289.2628284192815 117.3709179675934 -208.9644779604442
106.980990219617 39.72896170764776 -53.18220902263355
97.85779954693989 101.2287227605445 -174.6406971383869
271.1245077003345 118.3934795419066 -220.8553283547977
151.0753317030484 54.36203207990915 -83.07757932680516
123.4150484654347 52.58492977069661 -172.7225971198128
250.151582062696 40.1809169250297 -211.2112904458309
16.01166130920294 34.51415162656993 -132.819759246644
92.47650697953983 87.12652412974927 -70.27354686458268
51.09515352648949 30.98189942716007 -84.67440554533722
290.3351408541913 119.9523914691012 -185.1938968534229
67.29162296839135 62.87263292844175 -115.0698139806528
112.5617429547594 45.98560685162964 -2.898089099365403
107.0127589340977 40.18997866160613 -94.8776471925667
67.46460851036912 119.4687293163894 -133.3390700308032
190.7848555474714 49.43412084991226 -26.75471490175555
134.4927130753103 34.97118193563988 -218.8638122671595
120.1082005325162 97.41639497891313 -175.0693309444073
164.2793513999704 92.97611884135881 -26.98653051964861
101.6573768834254 74.11051598918687 -39.26154989930109
51.51412988700858 15.38184333168569 -207.9222563965606
15.75231968438888 51.7590547492648 -91.12922626254532
134.5491149701407 25.12751073634492 -86.29663944101517
159.8592980175159 14.92414172058219 -8.174241294182433
252.084431776888 118.9586047390035 -244.6723701666469
212.8542282153731 29.12876359191693 0.5841622366438699
151.7384889853235 82.64258244928692 57.40856568622195
154.7657339478382 70.16091458106845 -102.4713044329553
20.75630636302408 71.26844810824147 -73.39121772819615
62.03875191061395 67.0592842747461 -174.5003463315734
121.7725757412376 72.25876727194621 22.29619025618717
291.9588612271893 113.2696171776064 -240.2519537394743
74.73630478653567 94.5647454351538 -175.29163378614
15.47849665958051 14.976812945066 -194.9284731133615
196.4389546007654 74.70418193666714 -18.04105897892159
15.97150446749539 76.4581048197556 -124.8236393045096
119.0701312118272 14.00614159915547 -41.49005621037431
152.8501643412671 94.03294836030886 -147.2425826697455
116.1611449215464 80.4476026555817 -42.02771705096772
70.92571492640057 15.69563561644667 -227.9284955796634
96.08135256743121 97.75514250774586 -56.79574263894833
50.15213540461955 100.6854041189874 -107.8259840887007
44.44937046843625 112.1238783405901 -174.1972169380354
172.007459625129 14.81461062937063 -29.58977669382352
116.0782934634671 13.38473013760029 -213.9228906174665
218.0262849926187 39.08560544542559 -224.3191082260969
145.789614454753 115.820641188812 -27.43241601014253
145.8774754411361 59.47400837011691 -123.356053146464
256.4934357331162 99.16576553669272 -210.5507469548162
130.9322292396386 119.5221795764088 -77.99575569810131
63.01113529509425 35.92143919813397 -259.5020836536747
101.9596991094467 119.5251647230419 -109.9478845231268
37.22931176175523 118.8160391141004 -84.68665948974174
$EndNodes
$Elements
18 14638 1 14638
2 1 2 166
1 31 1 458 
2 1 36 458 
3 2 35 460 
4 53 2 460 
5 47 3 457 
6 3 48 457 
7 52 4 459 
8 4 64 459 
9 32 31 407 
10 407 31 458 
11 33 32 445 
12 32 407 445 
13 34 33 402 
14 402 33 445 
15 35 34 451 
16 34 402 451 
17 35 451 460 
18 36 37 454 
19 36 454 458 
20 37 38 400 
21 37 400 454 
22 38 39 436 
23 400 38 436 
24 39 40 397 
25 39 397 436 
26 40 41 438 
27 397 40 438 
28 41 42 405 
29 41 405 438 
30 42 43 437 
31 405 42 437 
32 43 44 396 
33 43 396 437 
34 44 45 439 
35 396 44 439 
36 45 46 399 
37 45 399 439 
38 46 47 453 
39 399 46 453 
40 453 47 457 
41 48 49 406 
42 48 406 457 
43 49 50 446 
44 406 49 446 
45 50 51 401 
46 50 401 446 
47 51 52 450 
48 401 51 450 
49 450 52 459 
50 54 53 409 
51 409 53 460 
52 55 54 444 
53 54 409 444 
54 56 55 403 
55 403 55 444 
56 57 56 440 
57 56 403 440 
58 58 57 410 
59 410 57 440 
60 59 58 398 
61 398 58 410 
62 60 59 441 
63 59 398 441 
64 61 60 442 
65 60 441 442 
66 62 61 404 
67 404 61 442 
68 63 62 448 
69 62 404 448 
70 64 63 408 
71 408 63 448 
72 64 408 459 
73 427 396 428 
74 396 427 437 
75 428 396 439 
76 397 416 417 
77 416 397 438 
78 397 417 436 
79 398 410 411 
80 398 411 412 
81 398 412 441 
82 430 399 432 
83 399 430 439 
84 432 399 453 
85 400 420 422 
86 420 400 436 
87 400 422 454 
88 446 401 456 
89 401 450 452 
90 401 452 456 
91 402 445 455 
92 402 449 451 
93 449 402 455 
94 403 435 443 
95 435 403 444 
96 440 403 443 
97 434 404 447 
98 404 434 448 
99 404 442 447 
100 419 405 433 
101 405 419 438 
102 433 405 437 
103 432 406 446 
104 406 432 453 
105 406 453 457 
106 407 422 445 
107 422 407 454 
108 454 407 458 
109 408 448 452 
110 450 408 452 
111 408 450 459 
112 444 409 449 
113 449 409 451 
114 451 409 460 
115 411 410 413 
116 413 410 440 
117 412 411 423 
118 411 413 414 
119 411 414 423 
120 412 423 424 
121 412 424 425 
122 412 425 441 
123 414 413 415 
124 415 413 443 
125 413 440 443 
126 414 415 416 
127 414 416 419 
128 414 419 423 
129 416 415 417 
130 417 415 418 
131 418 415 443 
132 419 416 438 
133 417 418 420 
134 417 420 436 
135 420 418 421 
136 421 418 435 
137 435 418 443 
138 423 419 433 
139 420 421 422 
140 422 421 455 
141 421 435 449 
142 421 449 455 
143 445 422 455 
144 424 423 433 
145 425 424 426 
146 426 424 427 
147 427 424 433 
148 425 426 447 
149 441 425 442 
150 442 425 447 
151 426 427 428 
152 426 428 429 
153 426 429 447 
154 427 433 437 
155 429 428 430 
156 430 428 439 
157 429 430 431 
158 429 431 434 
159 429 434 447 
160 431 430 432 
161 431 432 456 
162 434 431 452 
163 452 431 456 
164 432 446 456 
165 448 434 452 
166 435 444 449 
2 2 2 166
167 36 1 524 
168 1 69 524 
169 3 47 523 
170 86 3 523 
171 65 5 522 
172 5 81 522 
173 70 6 525 
174 6 82 525 
175 37 36 473 
176 473 36 524 
177 38 37 516 
178 37 473 516 
179 39 38 470 
180 470 38 516 
181 40 39 512 
182 39 470 512 
183 41 40 468 
184 468 40 512 
185 42 41 507 
186 41 468 507 
187 43 42 505 
188 505 42 507 
189 44 43 461 
190 461 43 505 
191 45 44 475 
192 44 461 475 
193 46 45 464 
194 464 45 475 
195 47 46 517 
196 46 464 517 
197 47 517 523 
198 66 65 471 
199 471 65 522 
200 67 66 510 
201 66 471 510 
202 68 67 467 
203 467 67 510 
204 69 68 514 
205 68 467 514 
206 69 514 524 
207 71 70 474 
208 474 70 525 
209 72 71 506 
210 71 474 506 
211 73 72 469 
212 469 72 506 
213 74 73 487 
214 73 469 487 
215 75 74 509 
216 74 487 509 
217 76 75 463 
218 463 75 509 
219 77 76 503 
220 76 463 503 
221 78 77 462 
222 462 77 503 
223 79 78 504 
224 78 462 504 
225 80 79 465 
226 465 79 504 
227 81 80 518 
228 80 465 518 
229 81 518 522 
230 82 83 513 
231 82 513 525 
232 83 84 466 
233 83 466 513 
234 84 85 511 
235 466 84 511 
236 85 86 472 
237 85 472 511 
238 472 86 523 
239 475 461 476 
240 476 461 477 
241 477 461 505 
242 462 491 493 
243 491 462 503 
244 462 493 504 
245 463 488 489 
246 488 463 509 
247 463 489 503 
248 464 475 501 
249 464 501 502 
250 464 502 517 
251 465 496 499 
252 496 465 504 
253 465 499 518 
254 466 500 513 
255 500 466 520 
256 466 511 520 
257 467 510 521 
258 514 467 519 
259 519 467 521 
260 468 495 508 
261 495 468 512 
262 507 468 508 
263 484 469 485 
264 469 484 487 
265 485 469 506 
266 470 498 515 
267 498 470 516 
268 512 470 515 
269 471 499 510 
270 499 471 518 
271 518 471 522 
272 472 502 511 
273 502 472 517 
274 517 472 523 
275 473 514 519 
276 514 473 524 
277 516 473 519 
278 474 500 506 
279 500 474 513 
280 513 474 525 
281 475 476 501 
282 476 477 478 
283 476 478 479 
284 476 479 501 
285 478 477 480 
286 480 477 482 
287 482 477 505 
288 479 478 484 
289 478 480 481 
290 478 481 484 
291 479 484 485 
292 479 485 486 
293 479 486 501 
294 481 480 488 
295 480 482 483 
296 480 483 488 
297 484 481 487 
298 487 481 509 
299 481 488 509 
300 483 482 508 
301 482 505 507 
302 482 507 508 
303 488 483 489 
304 489 483 490 
305 490 483 508 
306 486 485 500 
307 500 485 506 
308 486 500 520 
309 501 486 502 
310 502 486 520 
311 489 490 491 
312 489 491 503 
313 491 490 492 
314 492 490 495 
315 495 490 508 
316 491 492 493 
317 493 492 494 
318 494 492 515 
319 492 495 515 
320 493 494 496 
321 493 496 504 
322 496 494 497 
323 497 494 498 
324 498 494 515 
325 495 512 515 
326 496 497 499 
327 497 498 519 
328 499 497 521 
329 497 519 521 
330 498 516 519 
331 510 499 521 
332 511 502 520 
2 3 2 82
333 48 3 555 
334 3 86 555 
335 4 52 553 
336 92 4 553 
337 82 6 552 
338 6 91 552 
339 87 7 554 
340 7 96 554 
341 49 48 532 
342 532 48 555 
343 50 49 534 
344 49 532 534 
345 51 50 526 
346 526 50 534 
347 52 51 548 
348 51 526 548 
349 52 548 553 
350 83 82 531 
351 531 82 552 
352 84 83 544 
353 83 531 544 
354 85 84 528 
355 528 84 544 
356 86 85 546 
357 85 528 546 
358 86 546 555 
359 88 87 533 
360 533 87 554 
361 89 88 542 
362 88 533 542 
363 90 89 527 
364 527 89 542 
365 91 90 549 
366 90 527 549 
367 91 549 552 
368 93 92 530 
369 530 92 553 
370 94 93 543 
371 93 530 543 
372 95 94 529 
373 529 94 543 
374 96 95 547 
375 95 529 547 
376 96 547 554 
377 526 534 535 
378 526 535 536 
379 526 536 548 
380 527 539 540 
381 539 527 542 
382 527 540 549 
383 528 541 546 
384 541 528 550 
385 528 544 550 
386 529 543 551 
387 529 545 547 
388 545 529 551 
389 530 536 543 
390 536 530 548 
391 548 530 553 
392 531 540 544 
393 540 531 549 
394 549 531 552 
395 534 532 541 
396 541 532 546 
397 546 532 555 
398 542 533 545 
399 545 533 547 
400 547 533 554 
401 535 534 541 
402 536 535 537 
403 537 535 538 
404 538 535 541 
405 536 537 551 
406 543 536 551 
407 537 538 539 
408 537 539 545 
409 537 545 551 
410 539 538 540 
411 540 538 550 
412 538 541 550 
413 539 542 545 
414 544 540 550 
2 4 2 255
415 53 651 2 
416 2 651 132 
417 4 563 64 
418 92 654 4 
419 4 571 563 
420 4 578 571 
421 4 654 578 
422 7 653 96 
423 97 653 7 
424 8 648 102 
425 110 648 8 
426 9 649 103 
427 129 649 9 
428 10 652 111 
429 130 652 10 
430 54 572 53 
431 572 651 53 
432 55 601 54 
433 54 601 572 
434 56 573 55 
435 573 601 55 
436 57 603 56 
437 56 603 573 
438 58 574 57 
439 574 603 57 
440 59 604 58 
441 58 604 574 
442 60 575 59 
443 575 604 59 
444 61 602 60 
445 60 602 575 
446 62 576 61 
447 576 602 61 
448 63 605 62 
449 62 605 576 
450 64 600 63 
451 600 605 63 
452 563 600 64 
453 93 556 92 
454 556 654 92 
455 94 622 93 
456 93 622 556 
457 95 561 94 
458 561 622 94 
459 96 624 95 
460 95 624 561 
461 96 653 624 
462 98 592 97 
463 592 653 97 
464 99 614 98 
465 98 614 592 
466 100 558 99 
467 558 614 99 
468 101 615 100 
469 100 615 558 
470 102 570 101 
471 570 615 101 
472 102 648 570 
473 103 623 104 
474 103 649 623 
475 104 616 105 
476 104 623 616 
477 105 557 106 
478 105 616 557 
479 106 617 107 
480 557 617 106 
481 107 560 108 
482 107 617 560 
483 108 618 109 
484 560 618 108 
485 109 625 110 
486 618 625 109 
487 625 648 110 
488 111 627 112 
489 111 652 627 
490 112 564 113 
491 112 627 564 
492 113 608 114 
493 564 608 113 
494 114 565 115 
495 114 608 565 
496 115 607 116 
497 565 607 115 
498 116 566 117 
499 116 607 566 
500 117 610 118 
501 566 610 117 
502 118 567 119 
503 118 610 567 
504 119 609 120 
505 567 609 119 
506 120 568 121 
507 120 609 568 
508 121 613 122 
509 568 613 121 
510 122 591 123 
511 122 613 591 
512 123 606 124 
513 591 606 123 
514 124 562 125 
515 124 606 562 
516 125 612 126 
517 562 612 125 
518 126 559 127 
519 126 612 559 
520 127 611 128 
521 559 611 127 
522 128 569 129 
523 128 611 569 
524 569 649 129 
525 131 577 130 
526 577 652 130 
527 132 626 131 
528 131 626 577 
529 132 651 626 
530 556 622 597 
531 597 628 556 
532 628 654 556 
533 616 621 557 
534 557 650 617 
535 621 650 557 
536 593 598 558 
537 558 615 593 
538 598 614 558 
539 559 646 611 
540 612 645 559 
541 645 646 559 
542 617 620 560 
543 560 647 618 
544 620 647 560 
545 561 624 599 
546 599 630 561 
547 561 630 622 
548 606 632 562 
549 562 643 612 
550 632 643 562 
551 571 629 563 
552 563 642 600 
553 629 642 563 
554 564 633 608 
555 627 631 564 
556 631 633 564 
557 565 635 607 
558 608 634 565 
559 634 635 565 
560 607 636 566 
561 566 637 610 
562 636 637 566 
563 567 639 609 
564 610 638 567 
565 638 639 567 
566 609 640 568 
567 568 641 613 
568 640 641 568 
569 611 644 569 
570 569 644 623 
571 623 649 569 
572 570 619 615 
573 570 625 619 
574 570 648 625 
575 578 579 571 
576 579 632 571 
577 571 632 629 
578 601 631 572 
579 572 631 626 
580 626 651 572 
581 573 633 601 
582 603 634 573 
583 573 634 633 
584 574 635 603 
585 604 636 574 
586 574 636 635 
587 602 638 575 
588 575 637 604 
589 575 638 637 
590 576 639 602 
591 605 640 576 
592 576 640 639 
593 626 631 577 
594 577 631 627 
595 627 652 577 
596 578 580 579 
597 578 628 580 
598 578 654 628 
599 580 581 579 
600 581 643 579 
601 579 643 632 
602 580 582 581 
603 580 583 582 
604 580 628 583 
605 582 594 581 
606 594 645 581 
607 581 645 643 
608 583 584 582 
609 584 586 582 
610 586 594 582 
611 583 585 584 
612 583 597 585 
613 583 628 597 
614 585 587 584 
615 584 596 586 
616 587 596 584 
617 585 588 587 
618 585 590 588 
619 585 597 590 
620 586 595 594 
621 586 621 595 
622 596 621 586 
623 588 589 587 
624 589 620 587 
625 587 620 596 
626 588 593 589 
627 590 598 588 
628 588 598 593 
629 593 619 589 
630 619 647 589 
631 589 647 620 
632 597 630 590 
633 590 599 598 
634 590 630 599 
635 591 629 606 
636 613 642 591 
637 591 642 629 
638 592 614 599 
639 599 624 592 
640 624 653 592 
641 615 619 593 
642 595 646 594 
643 594 646 645 
644 621 644 595 
645 644 646 595 
646 620 650 596 
647 596 650 621 
648 622 630 597 
649 599 614 598 
650 600 641 605 
651 600 642 641 
652 601 633 631 
653 602 639 638 
654 603 635 634 
655 604 637 636 
656 605 641 640 
657 629 632 606 
658 635 636 607 
659 633 634 608 
660 639 640 609 
661 637 638 610 
662 611 646 644 
663 643 645 612 
664 641 642 613 
665 616 644 621 
666 623 644 616 
667 617 650 620 
668 619 625 618 
669 618 647 619 
2 5 2 500
670 5 850 81 
671 133 850 5 
672 70 842 6 
673 6 701 91 
674 6 832 701 
675 6 842 832 
676 87 849 7 
677 7 849 97 
678 102 853 8 
679 8 853 182 
680 11 829 139 
681 140 829 11 
682 12 655 144 
683 145 805 12 
684 12 663 655 
685 12 805 663 
686 13 818 153 
687 156 818 13 
688 14 858 154 
689 157 858 14 
690 70 833 15 
691 15 842 70 
692 15 769 174 
693 175 842 15 
694 15 833 769 
695 16 852 181 
696 187 852 16 
697 71 833 70 
698 72 712 71 
699 712 833 71 
700 73 861 72 
701 72 861 712 
702 74 677 73 
703 677 861 73 
704 75 770 74 
705 74 770 677 
706 76 657 75 
707 657 770 75 
708 77 846 76 
709 76 846 657 
710 78 843 77 
711 77 843 755 
712 755 846 77 
713 79 665 78 
714 665 843 78 
715 80 771 79 
716 79 771 665 
717 81 722 80 
718 722 771 80 
719 81 850 722 
720 88 796 87 
721 796 849 87 
722 89 844 88 
723 88 844 796 
724 90 662 89 
725 662 844 89 
726 91 803 90 
727 90 803 662 
728 701 803 91 
729 97 707 98 
730 97 849 707 
731 98 775 99 
732 707 775 98 
733 99 668 100 
734 99 775 668 
735 100 790 101 
736 668 790 100 
737 101 708 102 
738 101 790 708 
739 708 853 102 
740 134 812 133 
741 812 850 133 
742 135 687 134 
743 687 812 134 
744 136 768 135 
745 135 768 687 
746 137 658 136 
747 658 768 136 
748 138 823 137 
749 137 823 658 
750 139 706 138 
751 706 823 138 
752 139 829 706 
753 141 809 140 
754 809 829 140 
755 142 667 141 
756 667 809 141 
757 143 800 142 
758 142 800 667 
759 144 799 143 
760 799 800 143 
761 655 799 144 
762 146 819 145 
763 145 819 805 
764 147 675 146 
765 675 819 146 
766 148 825 147 
767 147 825 675 
768 149 666 148 
769 666 825 148 
770 150 830 149 
771 149 830 666 
772 151 682 150 
773 682 830 150 
774 152 772 151 
775 151 772 682 
776 153 690 152 
777 690 772 152 
778 153 818 690 
779 154 715 155 
780 154 858 715 
781 155 831 156 
782 715 831 155 
783 156 831 818 
784 158 817 157 
785 817 858 157 
786 159 703 158 
787 703 817 158 
788 160 794 159 
789 159 794 703 
790 161 689 160 
791 689 794 160 
792 162 798 161 
793 161 798 689 
794 163 683 162 
795 683 798 162 
796 164 801 163 
797 163 801 683 
798 165 661 164 
799 661 801 164 
800 166 802 165 
801 165 802 661 
802 167 795 166 
803 795 802 166 
804 168 659 167 
805 659 795 167 
806 169 811 168 
807 168 811 659 
808 170 678 169 
809 678 811 169 
810 171 793 170 
811 170 793 678 
812 172 656 171 
813 656 793 171 
814 173 813 172 
815 172 813 656 
816 174 676 173 
817 676 813 173 
818 174 769 676 
819 176 832 175 
820 832 842 175 
821 177 746 176 
822 746 832 176 
823 178 792 177 
824 177 792 746 
825 179 669 178 
826 669 792 178 
827 180 791 179 
828 179 791 669 
829 181 709 180 
830 709 791 180 
831 181 852 709 
832 182 814 183 
833 182 853 814 
834 183 797 184 
835 183 814 797 
836 184 660 185 
837 184 797 660 
838 185 855 186 
839 660 855 185 
840 186 815 187 
841 186 855 815 
842 815 852 187 
843 663 664 655 
844 664 744 655 
845 744 799 655 
846 656 859 793 
847 813 839 656 
848 839 859 656 
849 657 804 770 
850 657 827 804 
851 657 846 827 
852 761 768 658 
853 658 845 761 
854 823 845 658 
855 659 857 795 
856 811 836 659 
857 836 857 659 
858 787 788 660 
859 660 847 787 
860 788 855 660 
861 797 847 660 
862 661 824 801 
863 802 824 661 
864 662 803 786 
865 786 821 662 
866 821 844 662 
867 663 670 664 
868 663 752 670 
869 663 805 752 
870 670 671 664 
871 671 672 664 
872 672 744 664 
873 665 822 734 
874 734 843 665 
875 771 822 665 
876 742 828 666 
877 666 830 742 
878 666 828 825 
879 748 809 667 
880 667 810 748 
881 800 810 667 
882 775 776 668 
883 776 777 668 
884 777 790 668 
885 791 837 669 
886 669 835 792 
887 669 837 835 
888 670 685 671 
889 670 686 685 
890 670 752 686 
891 671 673 672 
892 671 751 673 
893 685 751 671 
894 673 674 672 
895 674 756 672 
896 672 756 744 
897 673 679 674 
898 673 681 679 
899 673 751 681 
900 679 680 674 
901 680 691 674 
902 691 756 674 
903 745 816 675 
904 675 825 745 
905 816 819 675 
906 676 740 739 
907 739 813 676 
908 676 840 740 
909 769 840 676 
910 677 764 741 
911 741 765 677 
912 677 770 764 
913 765 861 677 
914 750 767 678 
915 678 793 750 
916 767 811 678 
917 679 759 680 
918 681 684 679 
919 684 759 679 
920 680 692 691 
921 680 693 692 
922 680 759 693 
923 681 688 684 
924 681 766 688 
925 751 766 681 
926 772 807 682 
927 807 851 682 
928 682 851 830 
929 735 737 683 
930 683 848 735 
931 737 798 683 
932 801 848 683 
933 688 695 684 
934 695 710 684 
935 710 759 684 
936 686 699 685 
937 699 725 685 
938 725 751 685 
939 686 700 699 
940 686 704 700 
941 686 752 704 
942 687 768 743 
943 743 820 687 
944 687 820 812 
945 688 696 695 
946 688 698 696 
947 688 766 698 
948 689 841 794 
949 798 841 689 
950 690 773 772 
951 690 774 773 
952 690 818 774 
953 692 697 691 
954 697 714 691 
955 714 756 691 
956 693 694 692 
957 694 762 692 
958 692 762 697 
959 693 702 694 
960 693 760 702 
961 759 760 693 
962 702 718 694 
963 718 719 694 
964 719 762 694 
965 696 763 695 
966 695 711 710 
967 695 763 711 
968 698 730 696 
969 730 731 696 
970 731 763 696 
971 697 724 714 
972 697 733 724 
973 697 762 733 
974 698 732 730 
975 698 749 732 
976 698 766 749 
977 700 753 699 
978 699 726 725 
979 699 753 726 
980 704 705 700 
981 705 758 700 
982 700 758 753 
983 746 826 701 
984 701 832 746 
985 701 826 803 
986 702 734 718 
987 702 754 734 
988 702 760 754 
989 794 808 703 
990 808 834 703 
991 703 834 817 
992 704 713 705 
993 704 728 713 
994 704 752 728 
995 713 716 705 
996 716 727 705 
997 727 758 705 
998 706 748 747 
999 747 823 706 
1000 706 809 748 
1001 706 829 809 
1002 707 789 775 
1003 707 796 789 
1004 707 849 796 
1005 790 806 708 
1006 806 814 708 
1007 814 853 708 
1008 709 838 791 
1009 815 838 709 
1010 709 852 815 
1011 711 729 710 
1012 729 760 710 
1013 710 760 759 
1014 711 804 729 
1015 763 764 711 
1016 764 804 711 
1017 765 840 712 
1018 712 861 765 
1019 769 833 712 
1020 712 840 769 
1021 713 717 716 
1022 713 816 717 
1023 728 816 713 
1024 724 810 714 
1025 714 757 756 
1026 714 810 757 
1027 715 817 774 
1028 774 831 715 
1029 715 858 817 
1030 717 720 716 
1031 720 824 716 
1032 716 824 727 
1033 717 723 720 
1034 717 745 723 
1035 717 816 745 
1036 718 721 719 
1037 718 822 721 
1038 734 822 718 
1039 721 743 719 
1040 743 761 719 
1041 761 762 719 
1042 723 735 720 
1043 735 848 720 
1044 720 848 824 
1045 721 820 743 
1046 721 854 820 
1047 822 854 721 
1048 722 854 771 
1049 812 820 722 
1050 722 850 812 
1051 820 854 722 
1052 723 736 735 
1053 723 828 736 
1054 745 828 723 
1055 733 747 724 
1056 747 748 724 
1057 748 810 724 
1058 726 749 725 
1059 749 766 725 
1060 725 766 751 
1061 726 750 749 
1062 726 767 750 
1063 753 767 726 
1064 727 857 758 
1065 727 802 795 
1066 795 857 727 
1067 727 824 802 
1068 752 805 728 
1069 805 819 728 
1070 728 819 816 
1071 754 760 729 
1072 729 827 754 
1073 804 827 729 
1074 730 739 731 
1075 732 839 730 
1076 730 839 739 
1077 739 740 731 
1078 740 741 731 
1079 741 763 731 
1080 749 750 732 
1081 750 859 732 
1082 732 859 839 
1083 733 845 747 
1084 733 762 761 
1085 761 845 733 
1086 754 755 734 
1087 755 843 734 
1088 736 737 735 
1089 736 738 737 
1090 736 742 738 
1091 736 828 742 
1092 738 841 737 
1093 737 841 798 
1094 742 851 738 
1095 738 860 841 
1096 851 860 738 
1097 739 839 813 
1098 740 765 741 
1099 740 840 765 
1100 741 764 763 
1101 830 851 742 
1102 743 768 761 
1103 756 757 744 
1104 757 799 744 
1105 825 828 745 
1106 792 856 746 
1107 746 856 826 
1108 747 845 823 
1109 793 859 750 
1110 758 836 753 
1111 753 836 767 
1112 754 827 755 
1113 827 846 755 
1114 757 800 799 
1115 757 810 800 
1116 758 857 836 
1117 770 804 764 
1118 767 836 811 
1119 771 854 822 
1120 773 807 772 
1121 774 834 773 
1122 773 808 807 
1123 773 834 808 
1124 817 834 774 
1125 818 831 774 
1126 775 789 776 
1127 776 778 777 
1128 776 779 778 
1129 776 789 779 
1130 778 785 777 
1131 785 806 777 
1132 777 806 790 
1133 779 780 778 
1134 780 781 778 
1135 781 785 778 
1136 779 786 780 
1137 779 821 786 
1138 789 821 779 
1139 780 782 781 
1140 780 783 782 
1141 780 786 783 
1142 782 784 781 
1143 784 787 781 
1144 781 787 785 
1145 783 835 782 
1146 782 837 784 
1147 835 837 782 
1148 786 826 783 
1149 826 856 783 
1150 783 856 835 
1151 784 788 787 
1152 784 838 788 
1153 837 838 784 
1154 787 847 785 
1155 785 847 806 
1156 803 826 786 
1157 788 838 815 
1158 815 855 788 
1159 796 821 789 
1160 791 838 837 
1161 835 856 792 
1162 794 841 808 
1163 796 844 821 
1164 797 814 806 
1165 806 847 797 
1166 824 848 801 
1167 808 860 807 
1168 807 860 851 
1169 841 860 808 
2 6 2 202
1170 145 12 944 
1171 12 195 944 
1172 13 153 941 
1173 212 13 941 
1174 188 17 942 
1175 17 204 942 
1176 196 18 943 
1177 18 205 943 
1178 146 145 916 
1179 916 145 944 
1180 147 146 873 
1181 873 146 916 
1182 148 147 915 
1183 147 873 915 
1184 149 148 865 
1185 865 148 915 
1186 150 149 933 
1187 149 865 933 
1188 151 150 866 
1189 866 150 933 
1190 152 151 932 
1191 151 866 932 
1192 153 152 874 
1193 874 152 932 
1194 153 874 941 
1195 189 188 922 
1196 922 188 942 
1197 190 189 869 
1198 869 189 922 
1199 191 190 919 
1200 190 869 919 
1201 192 191 862 
1202 862 191 919 
1203 193 192 918 
1204 192 862 918 
1205 194 193 868 
1206 868 193 918 
1207 195 194 925 
1208 194 868 925 
1209 195 925 944 
1210 197 196 875 
1211 875 196 943 
1212 198 197 928 
1213 197 875 928 
1214 199 198 867 
1215 867 198 928 
1216 200 199 921 
1217 199 867 921 
1218 201 200 864 
1219 864 200 921 
1220 202 201 917 
1221 201 864 917 
1222 203 202 872 
1223 872 202 917 
1224 204 203 876 
1225 203 872 876 
1226 204 876 942 
1227 205 206 924 
1228 205 924 943 
1229 206 207 870 
1230 206 870 924 
1231 207 208 929 
1232 870 207 929 
1233 208 209 863 
1234 208 863 929 
1235 209 210 930 
1236 863 209 930 
1237 210 211 871 
1238 210 871 930 
1239 211 212 923 
1240 871 211 923 
1241 923 212 941 
1242 907 862 919 
1243 862 907 939 
1244 918 862 939 
1245 903 863 912 
1246 863 903 929 
1247 863 904 912 
1248 904 863 930 
1249 864 909 920 
1250 909 864 921 
1251 917 864 920 
1252 865 914 933 
1253 914 865 936 
1254 865 915 936 
1255 866 905 932 
1256 905 866 934 
1257 866 933 934 
1258 867 906 927 
1259 906 867 928 
1260 921 867 927 
1261 868 918 940 
1262 925 868 926 
1263 926 868 940 
1264 877 869 922 
1265 869 877 938 
1266 919 869 938 
1267 901 870 903 
1268 870 901 931 
1269 903 870 929 
1270 924 870 931 
1271 871 902 904 
1272 902 871 937 
1273 871 904 930 
1274 871 923 937 
1275 876 872 877 
1276 877 872 878 
1277 878 872 917 
1278 915 873 935 
1279 873 916 926 
1280 873 926 935 
1281 923 874 937 
1282 874 923 941 
1283 874 932 937 
1284 875 924 931 
1285 924 875 943 
1286 928 875 931 
1287 876 877 922 
1288 876 922 942 
1289 877 878 879 
1290 877 879 938 
1291 879 878 880 
1292 880 878 920 
1293 878 917 920 
1294 879 880 881 
1295 879 881 907 
1296 879 907 938 
1297 881 880 882 
1298 882 880 908 
1299 908 880 920 
1300 881 882 883 
1301 881 883 897 
1302 881 897 907 
1303 883 882 884 
1304 884 882 885 
1305 885 882 908 
1306 883 884 911 
1307 897 883 898 
1308 898 883 911 
1309 884 885 886 
1310 884 886 888 
1311 884 888 911 
1312 886 885 887 
1313 887 885 890 
1314 890 885 908 
1315 886 887 913 
1316 888 886 889 
1317 889 886 913 
1318 887 890 891 
1319 887 891 892 
1320 887 892 913 
1321 888 889 893 
1322 888 893 896 
1323 888 896 911 
1324 893 889 894 
1325 894 889 895 
1326 895 889 913 
1327 891 890 927 
1328 890 908 909 
1329 890 909 927 
1330 892 891 901 
1331 901 891 906 
1332 906 891 927 
1333 892 901 903 
1334 892 903 912 
1335 892 912 913 
1336 893 894 934 
1337 896 893 914 
1338 914 893 934 
1339 894 895 902 
1340 894 902 905 
1341 894 905 934 
1342 902 895 904 
1343 904 895 912 
1344 912 895 913 
1345 896 910 911 
1346 910 896 936 
1347 896 914 936 
1348 897 898 899 
1349 897 899 939 
1350 907 897 939 
1351 899 898 900 
1352 900 898 910 
1353 910 898 911 
1354 899 900 940 
1355 899 918 939 
1356 918 899 940 
1357 900 910 935 
1358 926 900 935 
1359 900 926 940 
1360 901 906 931 
1361 905 902 937 
1362 932 905 937 
1363 906 928 931 
1364 907 919 938 
1365 909 908 920 
1366 909 921 927 
1367 935 910 936 
1368 933 914 934 
1369 915 935 936 
1370 916 925 926 
1371 925 916 944 
2 7 2 126
1372 140 11 989 
1373 11 220 989 
1374 12 144 991 
1375 195 12 991 
1376 17 188 988 
1377 221 17 988 
1378 213 19 990 
1379 19 225 990 
1380 141 140 951 
1381 951 140 989 
1382 142 141 974 
1383 141 951 974 
1384 143 142 950 
1385 950 142 974 
1386 144 143 979 
1387 143 950 979 
1388 144 979 991 
1389 188 189 980 
1390 188 980 988 
1391 189 190 948 
1392 189 948 980 
1393 190 191 975 
1394 948 190 975 
1395 191 192 987 
1396 975 191 987 
1397 192 193 945 
1398 192 945 987 
1399 193 194 993 
1400 945 193 993 
1401 194 195 954 
1402 194 954 993 
1403 954 195 991 
1404 214 213 953 
1405 953 213 990 
1406 215 214 977 
1407 214 953 977 
1408 216 215 946 
1409 946 215 977 
1410 217 216 973 
1411 216 946 973 
1412 218 217 955 
1413 955 217 973 
1414 219 218 947 
1415 947 218 955 
1416 220 219 981 
1417 219 947 981 
1418 220 981 989 
1419 222 221 952 
1420 952 221 988 
1421 223 222 983 
1422 222 952 983 
1423 224 223 949 
1424 949 223 983 
1425 225 224 978 
1426 224 949 978 
1427 225 978 990 
1428 945 965 987 
1429 965 945 992 
1430 945 972 992 
1431 972 945 993 
1432 946 968 976 
1433 968 946 977 
1434 973 946 976 
1435 947 955 956 
1436 947 956 969 
1437 947 969 981 
1438 948 975 986 
1439 980 948 985 
1440 985 948 986 
1441 966 949 967 
1442 949 966 982 
1443 967 949 983 
1444 978 949 982 
1445 950 971 979 
1446 971 950 984 
1447 950 974 984 
1448 951 969 974 
1449 969 951 981 
1450 981 951 989 
1451 952 967 983 
1452 967 952 985 
1453 952 980 985 
1454 980 952 988 
1455 977 953 982 
1456 953 978 982 
1457 978 953 990 
1458 954 971 972 
1459 971 954 979 
1460 954 972 993 
1461 979 954 991 
1462 956 955 957 
1463 957 955 973 
1464 956 957 958 
1465 956 958 960 
1466 956 960 969 
1467 958 957 959 
1468 959 957 976 
1469 957 973 976 
1470 958 959 961 
1471 960 958 970 
1472 958 961 970 
1473 961 959 962 
1474 962 959 963 
1475 963 959 976 
1476 969 960 984 
1477 960 970 971 
1478 960 971 984 
1479 961 962 965 
1480 961 965 992 
1481 970 961 992 
1482 962 963 964 
1483 962 964 986 
1484 965 962 986 
1485 964 963 966 
1486 966 963 968 
1487 968 963 976 
1488 964 966 967 
1489 964 967 985 
1490 964 985 986 
1491 975 965 986 
1492 965 975 987 
1493 966 968 982 
1494 968 977 982 
1495 974 969 984 
1496 971 970 972 
1497 972 970 992 
2 8 2 85
1498 13 1022 156 
1499 212 1022 13 
1500 154 1023 14 
1501 14 1023 237 
1502 18 1020 205 
1503 226 1020 18 
1504 20 1021 228 
1505 229 1021 20 
1506 155 1015 154 
1507 1015 1023 154 
1508 156 1002 155 
1509 1002 1015 155 
1510 156 1022 1002 
1511 205 1014 206 
1512 205 1020 1014 
1513 206 1001 207 
1514 206 1014 1001 
1515 207 1008 208 
1516 1001 1008 207 
1517 208 1000 209 
1518 208 1008 1000 
1519 209 1005 210 
1520 1000 1005 209 
1521 210 999 211 
1522 210 1005 999 
1523 211 1016 212 
1524 999 1016 211 
1525 1016 1022 212 
1526 227 998 226 
1527 998 1020 226 
1528 228 1003 227 
1529 227 1003 998 
1530 228 1021 1003 
1531 230 1017 229 
1532 1017 1021 229 
1533 231 994 230 
1534 994 1017 230 
1535 232 1018 231 
1536 231 1018 994 
1537 233 995 232 
1538 995 1018 232 
1539 234 1011 233 
1540 233 1011 995 
1541 235 996 234 
1542 996 1011 234 
1543 236 1009 235 
1544 235 1009 996 
1545 237 997 236 
1546 997 1009 236 
1547 237 1023 997 
1548 1004 1017 994 
1549 994 1019 1004 
1550 994 1018 1012 
1551 1012 1019 994 
1552 995 1011 1007 
1553 1007 1012 995 
1554 1012 1018 995 
1555 1006 1011 996 
1556 996 1013 1006 
1557 1009 1013 996 
1558 997 1010 1009 
1559 997 1015 1010 
1560 997 1023 1015 
1561 1003 1004 998 
1562 1004 1014 998 
1563 1014 1020 998 
1564 1005 1013 999 
1565 999 1013 1010 
1566 1010 1016 999 
1567 1000 1006 1005 
1568 1000 1007 1006 
1569 1000 1008 1007 
1570 1001 1019 1008 
1571 1014 1019 1001 
1572 1010 1015 1002 
1573 1002 1016 1010 
1574 1002 1022 1016 
1575 1003 1017 1004 
1576 1003 1021 1017 
1577 1004 1019 1014 
1578 1006 1013 1005 
1579 1007 1011 1006 
1580 1008 1012 1007 
1581 1008 1019 1012 
1582 1010 1013 1009 
2 9 2 758
1583 9 1345 129 
1584 256 1345 9 
1585 111 1343 10 
1586 10 1343 250 
1587 17 1032 204 
1588 221 1279 17 
1589 17 1078 1032 
1590 17 1279 1078 
1591 196 1307 18 
1592 18 1307 226 
1593 19 1309 225 
1594 238 1309 19 
1595 20 1334 30 
1596 228 1334 20 
1597 21 1344 251 
1598 257 1344 21 
1599 22 1035 263 
1600 264 1192 22 
1601 22 1036 1035 
1602 22 1192 1036 
1603 23 1024 265 
1604 266 1130 23 
1605 23 1037 1024 
1606 23 1130 1037 
1607 266 24 25 
1608 25 1323 266 
1609 267 1323 25 
1610 26 1261 272 
1611 273 1261 26 
1612 27 1212 278 
1613 279 1212 27 
1614 285 28 29 
1615 28 1322 284 
1616 285 1322 28 
1617 30 1128 285 
1618 30 1195 1128 
1619 30 1334 1195 
1620 112 1122 111 
1621 1122 1343 111 
1622 113 1265 112 
1623 112 1265 1122 
1624 114 1042 113 
1625 1042 1265 113 
1626 115 1287 114 
1627 114 1287 1042 
1628 116 1264 115 
1629 1264 1287 115 
1630 117 1026 116 
1631 1026 1264 116 
1632 118 1347 117 
1633 117 1347 1026 
1634 119 1267 118 
1635 1267 1347 118 
1636 120 1033 119 
1637 1033 1267 119 
1638 121 1268 120 
1639 120 1268 1033 
1640 122 1068 121 
1641 1068 1268 121 
1642 123 1263 122 
1643 122 1263 1068 
1644 124 1057 123 
1645 1057 1263 123 
1646 125 1327 124 
1647 124 1327 1057 
1648 126 1325 125 
1649 1325 1327 125 
1650 127 1063 126 
1651 1063 1325 126 
1652 128 1315 127 
1653 127 1315 1063 
1654 129 1121 128 
1655 1121 1315 128 
1656 129 1345 1121 
1657 197 1081 196 
1658 1081 1307 196 
1659 198 1313 197 
1660 197 1313 1081 
1661 199 1052 198 
1662 1052 1313 198 
1663 200 1306 199 
1664 199 1306 1052 
1665 201 1297 200 
1666 1297 1306 200 
1667 202 1041 201 
1668 1041 1297 201 
1669 203 1282 202 
1670 202 1282 1041 
1671 204 1277 203 
1672 1277 1282 203 
1673 1032 1277 204 
1674 222 1027 221 
1675 1027 1279 221 
1676 223 1274 222 
1677 222 1274 1027 
1678 224 1079 223 
1679 1079 1274 223 
1680 225 1275 224 
1681 224 1275 1079 
1682 225 1309 1275 
1683 226 1202 227 
1684 226 1307 1202 
1685 227 1088 228 
1686 227 1202 1088 
1687 1088 1334 228 
1688 239 1270 238 
1689 1270 1309 238 
1690 240 1067 239 
1691 1067 1270 239 
1692 241 1298 240 
1693 240 1298 1067 
1694 242 1030 241 
1695 1030 1298 241 
1696 243 1288 242 
1697 242 1288 1030 
1698 244 1280 243 
1699 1280 1288 243 
1700 245 1025 244 
1701 1025 1280 244 
1702 246 1314 245 
1703 245 1314 1025 
1704 247 1257 246 
1705 1257 1314 246 
1706 248 1065 247 
1707 1065 1257 247 
1708 249 1250 248 
1709 248 1250 1065 
1710 250 1284 249 
1711 249 1284 1250 
1712 250 1343 1284 
1713 251 1155 252 
1714 251 1344 1155 
1715 252 1273 253 
1716 1155 1273 252 
1717 253 1043 254 
1718 253 1273 1043 
1719 254 1272 255 
1720 1043 1272 254 
1721 255 1285 256 
1722 1272 1285 255 
1723 1285 1345 256 
1724 258 1289 257 
1725 1289 1344 257 
1726 259 1083 258 
1727 1083 1289 258 
1728 260 1308 259 
1729 259 1308 1083 
1730 261 1044 260 
1731 1044 1308 260 
1732 262 1292 261 
1733 261 1292 1044 
1734 263 1299 262 
1735 262 1299 1292 
1736 1035 1299 263 
1737 265 1319 264 
1738 264 1319 1192 
1739 1024 1319 265 
1740 266 1323 1130 
1741 268 1177 267 
1742 1177 1323 267 
1743 269 1253 268 
1744 268 1253 1177 
1745 270 1028 269 
1746 1028 1253 269 
1747 271 1219 270 
1748 270 1219 1028 
1749 272 1072 271 
1750 1072 1219 271 
1751 272 1261 1072 
1752 274 1182 273 
1753 1182 1261 273 
1754 275 1029 274 
1755 1029 1182 274 
1756 276 1184 275 
1757 275 1184 1029 
1758 277 1031 276 
1759 1031 1184 276 
1760 278 1183 277 
1761 277 1183 1031 
1762 278 1212 1183 
1763 280 1276 279 
1764 279 1276 1212 
1765 281 1034 280 
1766 1034 1276 280 
1767 282 1218 281 
1768 281 1218 1034 
1769 283 1059 282 
1770 1059 1218 282 
1771 284 1300 283 
1772 283 1300 1059 
1773 284 1322 1300 
1774 1128 1322 285 
1775 1037 1038 1024 
1776 1038 1123 1024 
1777 1123 1319 1024 
1778 1025 1278 1181 
1779 1181 1280 1025 
1780 1025 1314 1278 
1781 1240 1281 1026 
1782 1026 1347 1240 
1783 1026 1349 1264 
1784 1281 1349 1026 
1785 1274 1294 1027 
1786 1027 1340 1279 
1787 1294 1340 1027 
1788 1219 1296 1028 
1789 1028 1283 1253 
1790 1028 1296 1283 
1791 1029 1293 1182 
1792 1184 1351 1029 
1793 1029 1351 1293 
1794 1030 1288 1247 
1795 1247 1295 1030 
1796 1295 1298 1030 
1797 1183 1197 1031 
1798 1031 1185 1184 
1799 1031 1197 1185 
1800 1078 1080 1032 
1801 1080 1090 1032 
1802 1090 1277 1032 
1803 1033 1268 1187 
1804 1187 1337 1033 
1805 1033 1337 1267 
1806 1218 1302 1034 
1807 1034 1350 1276 
1808 1302 1350 1034 
1809 1036 1066 1035 
1810 1066 1214 1035 
1811 1214 1299 1035 
1812 1036 1071 1066 
1813 1036 1084 1071 
1814 1036 1342 1084 
1815 1192 1342 1036 
1816 1037 1039 1038 
1817 1037 1104 1039 
1818 1037 1339 1104 
1819 1130 1339 1037 
1820 1039 1040 1038 
1821 1040 1205 1038 
1822 1038 1205 1123 
1823 1039 1045 1040 
1824 1039 1204 1045 
1825 1104 1204 1039 
1826 1045 1046 1040 
1827 1046 1047 1040 
1828 1047 1205 1040 
1829 1041 1291 1255 
1830 1255 1297 1041 
1831 1282 1291 1041 
1832 1042 1290 1265 
1833 1287 1348 1042 
1834 1042 1348 1290 
1835 1043 1317 1272 
1836 1273 1317 1043 
1837 1044 1304 1193 
1838 1193 1308 1044 
1839 1292 1304 1044 
1840 1045 1060 1046 
1841 1045 1064 1060 
1842 1045 1204 1064 
1843 1046 1048 1047 
1844 1046 1213 1048 
1845 1060 1213 1046 
1846 1048 1049 1047 
1847 1049 1119 1047 
1848 1119 1205 1047 
1849 1048 1050 1049 
1850 1048 1221 1050 
1851 1213 1221 1048 
1852 1050 1051 1049 
1853 1051 1209 1049 
1854 1049 1209 1119 
1855 1050 1053 1051 
1856 1050 1058 1053 
1857 1050 1221 1058 
1858 1053 1054 1051 
1859 1054 1055 1051 
1860 1055 1209 1051 
1861 1052 1311 1210 
1862 1210 1313 1052 
1863 1306 1311 1052 
1864 1053 1062 1054 
1865 1058 1225 1053 
1866 1053 1225 1062 
1867 1054 1056 1055 
1868 1054 1231 1056 
1869 1062 1231 1054 
1870 1056 1061 1055 
1871 1061 1286 1055 
1872 1055 1286 1209 
1873 1056 1069 1061 
1874 1056 1070 1069 
1875 1056 1231 1070 
1876 1057 1327 1258 
1877 1258 1328 1057 
1878 1057 1328 1263 
1879 1221 1269 1058 
1880 1058 1251 1225 
1881 1058 1269 1251 
1882 1059 1321 1211 
1883 1211 1353 1059 
1884 1059 1353 1218 
1885 1300 1321 1059 
1886 1064 1073 1060 
1887 1073 1082 1060 
1888 1082 1213 1060 
1889 1069 1075 1061 
1890 1075 1106 1061 
1891 1106 1286 1061 
1892 1225 1229 1062 
1893 1062 1229 1226 
1894 1226 1231 1062 
1895 1063 1315 1194 
1896 1194 1320 1063 
1897 1063 1320 1228 
1898 1228 1325 1063 
1899 1064 1074 1073 
1900 1064 1113 1074 
1901 1064 1204 1113 
1902 1065 1249 1188 
1903 1188 1257 1065 
1904 1065 1250 1249 
1905 1071 1085 1066 
1906 1085 1086 1066 
1907 1086 1214 1066 
1908 1067 1298 1246 
1909 1246 1303 1067 
1910 1067 1303 1270 
1911 1263 1329 1068 
1912 1068 1305 1268 
1913 1068 1329 1305 
1914 1070 1076 1069 
1915 1069 1232 1075 
1916 1076 1232 1069 
1917 1070 1077 1076 
1918 1070 1241 1077 
1919 1231 1241 1070 
1920 1084 1208 1071 
1921 1071 1087 1085 
1922 1071 1208 1087 
1923 1072 1346 1219 
1924 1261 1341 1072 
1925 1341 1346 1072 
1926 1074 1129 1073 
1927 1073 1318 1082 
1928 1129 1318 1073 
1929 1113 1114 1074 
1930 1114 1216 1074 
1931 1074 1216 1129 
1932 1075 1107 1106 
1933 1075 1126 1107 
1934 1075 1232 1126 
1935 1077 1089 1076 
1936 1089 1105 1076 
1937 1105 1232 1076 
1938 1077 1102 1089 
1939 1077 1103 1102 
1940 1077 1241 1103 
1941 1078 1108 1080 
1942 1078 1153 1108 
1943 1078 1279 1153 
1944 1243 1274 1079 
1945 1079 1352 1243 
1946 1275 1352 1079 
1947 1080 1091 1090 
1948 1080 1215 1091 
1949 1108 1215 1080 
1950 1202 1307 1081 
1951 1081 1316 1202 
1952 1081 1313 1210 
1953 1210 1316 1081 
1954 1082 1220 1213 
1955 1082 1262 1220 
1956 1082 1318 1262 
1957 1083 1308 1193 
1958 1193 1312 1083 
1959 1083 1324 1289 
1960 1312 1324 1083 
1961 1084 1335 1208 
1962 1084 1342 1335 
1963 1085 1109 1086 
1964 1087 1217 1085 
1965 1085 1217 1109 
1966 1109 1110 1086 
1967 1110 1115 1086 
1968 1115 1214 1086 
1969 1180 1217 1087 
1970 1087 1336 1180 
1971 1208 1336 1087 
1972 1195 1334 1088 
1973 1088 1338 1195 
1974 1088 1202 1201 
1975 1201 1338 1088 
1976 1102 1112 1089 
1977 1089 1234 1105 
1978 1112 1234 1089 
1979 1091 1092 1090 
1980 1092 1175 1090 
1981 1175 1277 1090 
1982 1091 1093 1092 
1983 1091 1189 1093 
1984 1091 1215 1189 
1985 1093 1094 1092 
1986 1094 1222 1092 
1987 1092 1222 1175 
1988 1093 1095 1094 
1989 1093 1271 1095 
1990 1189 1271 1093 
1991 1095 1096 1094 
1992 1096 1097 1094 
1993 1097 1222 1094 
1994 1095 1120 1096 
1995 1095 1156 1120 
1996 1095 1271 1156 
1997 1096 1098 1097 
1998 1096 1203 1098 
1999 1120 1203 1096 
2000 1098 1099 1097 
2001 1099 1224 1097 
2002 1097 1224 1222 
2003 1098 1100 1099 
2004 1098 1198 1100 
2005 1098 1203 1198 
2006 1100 1101 1099 
2007 1101 1124 1099 
2008 1124 1224 1099 
2009 1100 1117 1101 
2010 1100 1125 1117 
2011 1100 1198 1125 
2012 1117 1118 1101 
2013 1118 1260 1101 
2014 1101 1260 1124 
2015 1103 1111 1102 
2016 1111 1248 1102 
2017 1102 1248 1112 
2018 1103 1131 1111 
2019 1103 1132 1131 
2020 1103 1241 1132 
2021 1190 1204 1104 
2022 1104 1310 1190 
2023 1104 1339 1310 
2024 1230 1232 1105 
2025 1105 1233 1230 
2026 1105 1234 1233 
2027 1107 1238 1106 
2028 1238 1254 1106 
2029 1254 1286 1106 
2030 1126 1127 1107 
2031 1127 1172 1107 
2032 1172 1238 1107 
2033 1153 1154 1108 
2034 1154 1191 1108 
2035 1191 1215 1108 
2036 1109 1163 1110 
2037 1109 1168 1163 
2038 1109 1217 1168 
2039 1110 1116 1115 
2040 1110 1223 1116 
2041 1163 1223 1110 
2042 1131 1169 1111 
2043 1169 1188 1111 
2044 1188 1248 1111 
2045 1112 1236 1234 
2046 1112 1237 1236 
2047 1112 1248 1237 
2048 1113 1160 1114 
2049 1113 1190 1160 
2050 1113 1204 1190 
2051 1160 1332 1114 
2052 1114 1301 1216 
2053 1114 1332 1301 
2054 1116 1148 1115 
2055 1148 1176 1115 
2056 1176 1214 1115 
2057 1116 1149 1148 
2058 1116 1152 1149 
2059 1116 1223 1152 
2060 1117 1137 1118 
2061 1125 1199 1117 
2062 1117 1199 1137 
2063 1137 1138 1118 
2064 1138 1165 1118 
2065 1165 1260 1118 
2066 1119 1206 1205 
2067 1119 1207 1206 
2068 1119 1209 1207 
2069 1156 1157 1120 
2070 1157 1179 1120 
2071 1179 1203 1120 
2072 1194 1315 1121 
2073 1121 1333 1194 
2074 1285 1333 1121 
2075 1121 1345 1285 
2076 1265 1266 1122 
2077 1266 1284 1122 
2078 1284 1343 1122 
2079 1192 1319 1123 
2080 1123 1342 1192 
2081 1205 1206 1123 
2082 1206 1342 1123 
2083 1124 1255 1224 
2084 1124 1256 1255 
2085 1124 1260 1256 
2086 1125 1198 1197 
2087 1197 1200 1125 
2088 1125 1200 1199 
2089 1126 1162 1127 
2090 1126 1230 1162 
2091 1126 1232 1230 
2092 1162 1239 1127 
2093 1127 1173 1172 
2094 1127 1239 1173 
2095 1195 1196 1128 
2096 1196 1322 1128 
2097 1189 1215 1129 
2098 1129 1216 1189 
2099 1129 1215 1191 
2100 1191 1318 1129 
2101 1323 1339 1130 
2102 1132 1133 1131 
2103 1133 1278 1131 
2104 1131 1278 1169 
2105 1132 1134 1133 
2106 1132 1226 1134 
2107 1132 1241 1226 
2108 1134 1135 1133 
2109 1135 1181 1133 
2110 1181 1278 1133 
2111 1134 1136 1135 
2112 1134 1229 1136 
2113 1226 1229 1134 
2114 1136 1139 1135 
2115 1139 1247 1135 
2116 1135 1247 1181 
2117 1136 1140 1139 
2118 1136 1252 1140 
2119 1229 1252 1136 
2120 1137 1211 1138 
2121 1199 1302 1137 
2122 1137 1353 1211 
2123 1302 1353 1137 
2124 1138 1166 1165 
2125 1138 1167 1166 
2126 1138 1211 1167 
2127 1140 1141 1139 
2128 1141 1295 1139 
2129 1139 1295 1247 
2130 1140 1142 1141 
2131 1140 1143 1142 
2132 1140 1252 1143 
2133 1142 1245 1141 
2134 1245 1246 1141 
2135 1246 1295 1141 
2136 1143 1144 1142 
2137 1144 1147 1142 
2138 1147 1245 1142 
2139 1143 1145 1144 
2140 1143 1251 1145 
2141 1143 1252 1251 
2142 1145 1146 1144 
2143 1146 1242 1144 
2144 1144 1242 1147 
2145 1145 1158 1146 
2146 1145 1269 1158 
2147 1251 1269 1145 
2148 1158 1326 1146 
2149 1146 1259 1242 
2150 1146 1326 1259 
2151 1242 1243 1147 
2152 1243 1244 1147 
2153 1244 1245 1147 
2154 1149 1150 1148 
2155 1150 1304 1148 
2156 1148 1304 1176 
2157 1149 1151 1150 
2158 1149 1227 1151 
2159 1152 1227 1149 
2160 1151 1159 1150 
2161 1159 1193 1150 
2162 1193 1304 1150 
2163 1151 1161 1159 
2164 1151 1170 1161 
2165 1151 1227 1170 
2166 1223 1258 1152 
2167 1152 1228 1227 
2168 1152 1258 1228 
2169 1153 1259 1154 
2170 1153 1340 1259 
2171 1279 1340 1153 
2172 1154 1262 1191 
2173 1259 1326 1154 
2174 1154 1326 1262 
2175 1155 1324 1273 
2176 1289 1324 1155 
2177 1155 1344 1289 
2178 1156 1164 1157 
2179 1156 1301 1164 
2180 1271 1301 1156 
2181 1164 1178 1157 
2182 1178 1293 1157 
2183 1157 1293 1179 
2184 1220 1262 1158 
2185 1158 1269 1220 
2186 1262 1326 1158 
2187 1161 1174 1159 
2188 1174 1312 1159 
2189 1159 1312 1193 
2190 1160 1296 1186 
2191 1186 1332 1160 
2192 1190 1283 1160 
2193 1283 1296 1160 
2194 1170 1171 1161 
2195 1171 1317 1161 
2196 1161 1317 1174 
2197 1230 1281 1162 
2198 1162 1240 1239 
2199 1162 1281 1240 
2200 1168 1329 1163 
2201 1163 1328 1223 
2202 1163 1329 1328 
2203 1164 1186 1178 
2204 1164 1332 1186 
2205 1301 1332 1164 
2206 1166 1210 1165 
2207 1210 1311 1165 
2208 1165 1311 1260 
2209 1167 1201 1166 
2210 1201 1316 1166 
2211 1166 1316 1210 
2212 1167 1321 1196 
2213 1196 1338 1167 
2214 1167 1338 1201 
2215 1211 1321 1167 
2216 1217 1331 1168 
2217 1305 1329 1168 
2218 1168 1331 1305 
2219 1169 1257 1188 
2220 1169 1314 1257 
2221 1278 1314 1169 
2222 1170 1194 1171 
2223 1170 1320 1194 
2224 1227 1320 1170 
2225 1194 1333 1171 
2226 1272 1317 1171 
2227 1171 1333 1272 
2228 1173 1180 1172 
2229 1180 1336 1172 
2230 1172 1336 1238 
2231 1173 1187 1180 
2232 1173 1337 1187 
2233 1239 1337 1173 
2234 1174 1317 1273 
2235 1273 1324 1174 
2236 1174 1324 1312 
2237 1222 1291 1175 
2238 1175 1282 1277 
2239 1175 1291 1282 
2240 1176 1299 1214 
2241 1292 1299 1176 
2242 1176 1304 1292 
2243 1253 1310 1177 
2244 1310 1339 1177 
2245 1177 1339 1323 
2246 1182 1293 1178 
2247 1178 1341 1182 
2248 1186 1346 1178 
2249 1178 1346 1341 
2250 1185 1203 1179 
2251 1179 1351 1185 
2252 1293 1351 1179 
2253 1187 1331 1180 
2254 1180 1331 1217 
2255 1247 1280 1181 
2256 1182 1341 1261 
2257 1183 1200 1197 
2258 1183 1212 1200 
2259 1185 1351 1184 
2260 1197 1198 1185 
2261 1198 1203 1185 
2262 1296 1346 1186 
2263 1268 1305 1187 
2264 1305 1331 1187 
2265 1188 1249 1248 
2266 1216 1271 1189 
2267 1190 1310 1283 
2268 1262 1318 1191 
2269 1195 1338 1196 
2270 1196 1321 1300 
2271 1300 1322 1196 
2272 1200 1350 1199 
2273 1199 1350 1302 
2274 1212 1276 1200 
2275 1276 1350 1200 
2276 1202 1316 1201 
2277 1207 1335 1206 
2278 1335 1342 1206 
2279 1209 1286 1207 
2280 1207 1286 1254 
2281 1254 1335 1207 
2282 1208 1254 1238 
2283 1238 1336 1208 
2284 1208 1335 1254 
2285 1220 1221 1213 
2286 1216 1301 1271 
2287 1218 1353 1302 
2288 1219 1346 1296 
2289 1220 1269 1221 
2290 1224 1291 1222 
2291 1223 1328 1258 
2292 1255 1291 1224 
2293 1225 1252 1229 
2294 1251 1252 1225 
2295 1226 1241 1231 
2296 1228 1320 1227 
2297 1258 1327 1228 
2298 1228 1327 1325 
2299 1233 1281 1230 
2300 1234 1235 1233 
2301 1235 1349 1233 
2302 1233 1349 1281 
2303 1234 1236 1235 
2304 1236 1348 1235 
2305 1235 1287 1264 
2306 1264 1349 1235 
2307 1235 1348 1287 
2308 1237 1290 1236 
2309 1290 1348 1236 
2310 1248 1249 1237 
2311 1249 1266 1237 
2312 1266 1290 1237 
2313 1240 1267 1239 
2314 1267 1337 1239 
2315 1240 1347 1267 
2316 1242 1294 1243 
2317 1259 1294 1242 
2318 1243 1352 1244 
2319 1243 1294 1274 
2320 1244 1303 1245 
2321 1244 1330 1303 
2322 1244 1352 1330 
2323 1245 1303 1246 
2324 1246 1298 1295 
2325 1247 1288 1280 
2326 1250 1266 1249 
2327 1250 1284 1266 
2328 1283 1310 1253 
2329 1256 1297 1255 
2330 1260 1311 1256 
2331 1256 1306 1297 
2332 1256 1311 1306 
2333 1259 1340 1294 
2334 1328 1329 1263 
2335 1265 1290 1266 
2336 1303 1330 1270 
2337 1270 1330 1309 
2338 1272 1333 1285 
2339 1309 1330 1275 
2340 1330 1352 1275 
2 10 2 45
2341 286 273 26 
2342 294 27 278 
2343 274 273 1362 
2344 273 286 1368 
2345 1362 273 1368 
2346 275 274 1360 
2347 1360 274 1362 
2348 276 275 1354 
2349 1354 275 1360 
2350 277 276 1358 
2351 276 1354 1358 
2352 278 277 1359 
2353 277 1358 1359 
2354 294 278 1367 
2355 278 1359 1367 
2356 286 287 1368 
2357 287 288 1356 
2358 287 1356 1368 
2359 288 289 1364 
2360 1356 288 1364 
2361 289 290 1366 
2362 1364 289 1366 
2363 290 291 1357 
2364 290 1357 1366 
2365 291 292 1365 
2366 1357 291 1365 
2367 292 293 1355 
2368 292 1355 1365 
2369 293 294 1367 
2370 1355 293 1367 
2371 1358 1354 1363 
2372 1354 1360 1361 
2373 1354 1361 1363 
2374 1358 1355 1359 
2375 1355 1358 1363 
2376 1359 1355 1367 
2377 1355 1363 1365 
2378 1360 1356 1361 
2379 1356 1360 1362 
2380 1361 1356 1364 
2381 1356 1362 1368 
2382 1361 1357 1363 
2383 1357 1361 1366 
2384 1363 1357 1365 
2385 1361 1364 1366 
2 11 2 309
2386 267 25 295 
2387 272 1437 26 
2388 26 1437 286 
2389 27 1472 279 
2390 294 1472 27 
2391 284 322 28 
2392 267 1427 268 
2393 295 1427 267 
2394 268 1381 269 
2395 268 1427 1381 
2396 269 1456 270 
2397 1381 1456 269 
2398 270 1380 271 
2399 270 1456 1380 
2400 271 1477 272 
2401 1380 1477 271 
2402 272 1477 1437 
2403 279 1484 280 
2404 1472 1484 279 
2405 280 1379 281 
2406 280 1484 1379 
2407 281 1457 282 
2408 1379 1457 281 
2409 282 1382 283 
2410 282 1457 1382 
2411 283 1426 284 
2412 1382 1426 283 
2413 284 1426 322 
2414 286 1412 287 
2415 286 1437 1412 
2416 287 1370 288 
2417 287 1412 1370 
2418 288 1492 289 
2419 1370 1492 288 
2420 289 1400 290 
2421 289 1401 1400 
2422 289 1492 1401 
2423 290 1371 291 
2424 290 1400 1371 
2425 291 1387 292 
2426 1371 1387 291 
2427 292 1369 293 
2428 292 1387 1369 
2429 293 1430 294 
2430 1369 1430 293 
2431 1430 1472 294 
2432 296 1427 295 
2433 297 1385 296 
2434 1385 1427 296 
2435 298 1469 297 
2436 297 1469 1385 
2437 299 1374 298 
2438 1374 1469 298 
2439 300 1483 299 
2440 299 1483 1374 
2441 301 1383 300 
2442 1383 1483 300 
2443 302 1466 301 
2444 301 1466 1383 
2445 303 1377 302 
2446 1377 1466 302 
2447 304 1473 303 
2448 303 1473 1377 
2449 305 1440 304 
2450 1440 1473 304 
2451 306 1372 305 
2452 1372 1440 305 
2453 307 1438 306 
2454 306 1438 1372 
2455 308 1475 307 
2456 307 1475 1438 
2457 309 1376 308 
2458 1376 1475 308 
2459 310 1485 309 
2460 309 1485 1376 
2461 311 1384 310 
2462 1384 1485 310 
2463 312 1461 311 
2464 311 1461 1384 
2465 313 1373 312 
2466 1373 1461 312 
2467 314 1468 313 
2468 313 1468 1373 
2469 315 1467 314 
2470 1467 1468 314 
2471 316 1378 315 
2472 1378 1467 315 
2473 317 1491 316 
2474 316 1491 1378 
2475 318 1465 317 
2476 1465 1491 317 
2477 319 1375 318 
2478 1375 1465 318 
2479 320 1470 319 
2480 319 1470 1375 
2481 321 1386 320 
2482 1386 1470 320 
2483 322 1426 321 
2484 321 1426 1386 
2485 1387 1388 1369 
2486 1388 1389 1369 
2487 1389 1493 1369 
2488 1369 1493 1430 
2489 1412 1474 1370 
2490 1447 1459 1370 
2491 1370 1474 1447 
2492 1459 1492 1370 
2493 1371 1441 1387 
2494 1400 1496 1371 
2495 1371 1496 1441 
2496 1372 1438 1436 
2497 1436 1439 1372 
2498 1439 1440 1372 
2499 1373 1481 1461 
2500 1468 1481 1373 
2501 1460 1476 1374 
2502 1374 1483 1460 
2503 1374 1476 1469 
2504 1375 1486 1465 
2505 1470 1486 1375 
2506 1432 1435 1376 
2507 1376 1443 1432 
2508 1435 1475 1376 
2509 1376 1485 1443 
2510 1448 1449 1377 
2511 1377 1458 1448 
2512 1449 1466 1377 
2513 1377 1473 1458 
2514 1462 1488 1378 
2515 1378 1491 1462 
2516 1378 1488 1467 
2517 1379 1453 1451 
2518 1451 1489 1379 
2519 1379 1484 1453 
2520 1379 1489 1457 
2521 1456 1495 1380 
2522 1380 1495 1477 
2523 1427 1471 1381 
2524 1454 1456 1381 
2525 1381 1471 1454 
2526 1382 1478 1426 
2527 1457 1463 1382 
2528 1463 1478 1382 
2529 1449 1450 1383 
2530 1383 1466 1449 
2531 1450 1460 1383 
2532 1460 1483 1383 
2533 1434 1443 1384 
2534 1384 1461 1434 
2535 1443 1485 1384 
2536 1385 1471 1427 
2537 1385 1469 1464 
2538 1464 1471 1385 
2539 1426 1478 1386 
2540 1431 1470 1386 
2541 1386 1478 1431 
2542 1387 1490 1388 
2543 1441 1490 1387 
2544 1388 1390 1389 
2545 1388 1391 1390 
2546 1388 1490 1391 
2547 1390 1392 1389 
2548 1392 1413 1389 
2549 1413 1493 1389 
2550 1391 1393 1390 
2551 1390 1445 1392 
2552 1393 1445 1390 
2553 1391 1394 1393 
2554 1391 1395 1394 
2555 1391 1490 1395 
2556 1392 1414 1413 
2557 1392 1415 1414 
2558 1392 1445 1415 
2559 1394 1418 1393 
2560 1418 1422 1393 
2561 1422 1445 1393 
2562 1395 1396 1394 
2563 1396 1446 1394 
2564 1394 1446 1418 
2565 1395 1397 1396 
2566 1395 1480 1397 
2567 1441 1480 1395 
2568 1395 1490 1441 
2569 1397 1398 1396 
2570 1398 1434 1396 
2571 1434 1446 1396 
2572 1397 1399 1398 
2573 1397 1479 1399 
2574 1397 1480 1479 
2575 1399 1432 1398 
2576 1432 1443 1398 
2577 1398 1443 1434 
2578 1399 1433 1432 
2579 1399 1482 1433 
2580 1399 1479 1452 
2581 1452 1482 1399 
2582 1401 1402 1400 
2583 1402 1429 1400 
2584 1429 1496 1400 
2585 1401 1403 1402 
2586 1401 1459 1403 
2587 1401 1492 1459 
2588 1403 1404 1402 
2589 1404 1452 1402 
2590 1402 1452 1429 
2591 1403 1405 1404 
2592 1403 1406 1405 
2593 1403 1459 1406 
2594 1405 1497 1404 
2595 1442 1482 1404 
2596 1404 1497 1442 
2597 1404 1482 1452 
2598 1406 1407 1405 
2599 1407 1409 1405 
2600 1409 1497 1405 
2601 1406 1408 1407 
2602 1406 1447 1408 
2603 1406 1459 1447 
2604 1408 1410 1407 
2605 1407 1448 1409 
2606 1410 1448 1407 
2607 1408 1411 1410 
2608 1408 1416 1411 
2609 1408 1447 1416 
2610 1409 1494 1439 
2611 1439 1497 1409 
2612 1448 1494 1409 
2613 1411 1450 1410 
2614 1410 1449 1448 
2615 1410 1450 1449 
2616 1416 1417 1411 
2617 1417 1423 1411 
2618 1423 1450 1411 
2619 1437 1487 1412 
2620 1412 1487 1474 
2621 1414 1451 1413 
2622 1451 1453 1413 
2623 1453 1493 1413 
2624 1415 1419 1414 
2625 1419 1420 1414 
2626 1420 1451 1414 
2627 1415 1421 1419 
2628 1415 1455 1421 
2629 1445 1455 1415 
2630 1416 1428 1417 
2631 1416 1474 1428 
2632 1447 1474 1416 
2633 1417 1424 1423 
2634 1417 1444 1424 
2635 1428 1444 1417 
2636 1418 1425 1422 
2637 1418 1481 1425 
2638 1446 1481 1418 
2639 1419 1431 1420 
2640 1421 1486 1419 
2641 1419 1486 1431 
2642 1431 1463 1420 
2643 1420 1489 1451 
2644 1463 1489 1420 
2645 1455 1462 1421 
2646 1462 1465 1421 
2647 1465 1486 1421 
2648 1425 1488 1422 
2649 1422 1455 1445 
2650 1422 1488 1455 
2651 1424 1476 1423 
2652 1423 1460 1450 
2653 1423 1476 1460 
2654 1444 1454 1424 
2655 1454 1464 1424 
2656 1464 1476 1424 
2657 1425 1468 1467 
2658 1467 1488 1425 
2659 1425 1481 1468 
2660 1428 1495 1444 
2661 1474 1487 1428 
2662 1487 1495 1428 
2663 1452 1479 1429 
2664 1479 1480 1429 
2665 1480 1496 1429 
2666 1453 1472 1430 
2667 1430 1493 1453 
2668 1431 1478 1463 
2669 1431 1486 1470 
2670 1433 1435 1432 
2671 1433 1436 1435 
2672 1433 1442 1436 
2673 1433 1482 1442 
2674 1434 1461 1446 
2675 1436 1438 1435 
2676 1438 1475 1435 
2677 1436 1442 1439 
2678 1477 1487 1437 
2679 1439 1494 1440 
2680 1442 1497 1439 
2681 1458 1473 1440 
2682 1440 1494 1458 
2683 1441 1496 1480 
2684 1444 1456 1454 
2685 1444 1495 1456 
2686 1461 1481 1446 
2687 1458 1494 1448 
2688 1453 1484 1472 
2689 1454 1471 1464 
2690 1455 1488 1462 
2691 1457 1489 1463 
2692 1462 1491 1465 
2693 1469 1476 1464 
2694 1477 1495 1487 
2 12 2 123
2695 23 1511 266 
2696 379 1511 23 
2697 266 1511 24 
2698 24 1511 323 
2699 29 1510 285 
2700 352 1510 29 
2701 285 1510 30 
2702 30 1510 353 
2703 323 1505 324 
2704 323 1511 1505 
2705 324 1513 325 
2706 1505 1513 324 
2707 325 1519 326 
2708 1513 1519 325 
2709 326 1524 327 
2710 1519 1524 326 
2711 327 1527 328 
2712 1524 1527 327 
2713 328 1521 329 
2714 328 1527 1521 
2715 329 1514 330 
2716 329 1521 1514 
2717 330 1507 331 
2718 330 1514 1507 
2719 331 1501 332 
2720 331 1507 1501 
2721 332 1498 333 
2722 332 1501 1498 
2723 333 1503 334 
2724 1498 1503 333 
2725 334 1508 335 
2726 1503 1508 334 
2727 335 1516 336 
2728 1508 1516 335 
2729 336 1522 337 
2730 1516 1522 336 
2731 337 1528 338 
2732 1522 1528 337 
2733 338 1523 339 
2734 338 1528 1523 
2735 339 1517 340 
2736 339 1523 1517 
2737 340 1509 341 
2738 340 1517 1509 
2739 341 1502 342 
2740 341 1509 1502 
2741 342 1499 343 
2742 342 1502 1499 
2743 343 1500 344 
2744 1499 1500 343 
2745 344 1506 345 
2746 1500 1506 344 
2747 345 1515 346 
2748 1506 1515 345 
2749 346 1520 347 
2750 1515 1520 346 
2751 347 1526 348 
2752 1520 1526 347 
2753 348 1525 349 
2754 348 1526 1525 
2755 349 1518 350 
2756 349 1525 1518 
2757 350 1512 351 
2758 350 1518 1512 
2759 351 1504 352 
2760 351 1512 1504 
2761 1504 1510 352 
2762 353 1504 354 
2763 353 1510 1504 
2764 354 1512 355 
2765 1504 1512 354 
2766 355 1518 356 
2767 1512 1518 355 
2768 356 1525 357 
2769 1518 1525 356 
2770 357 1520 358 
2771 357 1526 1520 
2772 1525 1526 357 
2773 358 1515 359 
2774 358 1520 1515 
2775 359 1506 360 
2776 359 1515 1506 
2777 360 1500 361 
2778 360 1506 1500 
2779 361 1499 362 
2780 361 1500 1499 
2781 362 1502 363 
2782 1499 1502 362 
2783 363 1509 364 
2784 1502 1509 363 
2785 364 1517 365 
2786 1509 1517 364 
2787 365 1523 366 
2788 1517 1523 365 
2789 366 1522 367 
2790 366 1528 1522 
2791 1523 1528 366 
2792 367 1516 368 
2793 367 1522 1516 
2794 368 1508 369 
2795 368 1516 1508 
2796 369 1503 370 
2797 369 1508 1503 
2798 370 1498 371 
2799 370 1503 1498 
2800 371 1501 372 
2801 1498 1501 371 
2802 372 1507 373 
2803 1501 1507 372 
2804 373 1514 374 
2805 1507 1514 373 
2806 374 1521 375 
2807 1514 1521 374 
2808 375 1524 376 
2809 1521 1527 375 
2810 375 1527 1524 
2811 376 1519 377 
2812 376 1524 1519 
2813 377 1513 378 
2814 377 1519 1513 
2815 378 1505 379 
2816 378 1513 1505 
2817 1505 1511 379 
2 13 2 60
2818 25 24 323 
2819 323 295 25 
2820 352 29 28 
2821 28 322 352 
2822 324 296 295 
2823 324 295 323 
2824 296 325 297 
2825 324 325 296 
2826 297 326 298 
2827 325 326 297 
2828 298 327 299 
2829 326 327 298 
2830 299 328 300 
2831 327 328 299 
2832 300 329 301 
2833 328 329 300 
2834 301 330 302 
2835 329 330 301 
2836 302 331 303 
2837 330 331 302 
2838 303 332 304 
2839 331 332 303 
2840 304 333 305 
2841 332 333 304 
2842 305 334 306 
2843 333 334 305 
2844 306 335 307 
2845 334 335 306 
2846 307 336 308 
2847 335 336 307 
2848 308 338 309 
2849 336 337 308 
2850 337 338 308 
2851 309 339 310 
2852 338 339 309 
2853 310 340 311 
2854 339 340 310 
2855 311 341 312 
2856 340 341 311 
2857 312 342 313 
2858 341 342 312 
2859 313 343 314 
2860 342 343 313 
2861 314 344 315 
2862 343 344 314 
2863 315 345 316 
2864 344 345 315 
2865 316 346 317 
2866 345 346 316 
2867 317 347 318 
2868 346 347 317 
2869 318 348 319 
2870 347 348 318 
2871 319 349 320 
2872 348 349 319 
2873 350 321 320 
2874 320 349 350 
2875 351 322 321 
2876 351 321 350 
2877 352 322 351 
2 14 2 210
2878 157 14 1590 
2879 14 237 1590 
2880 15 174 1587 
2881 387 15 1587 
2882 20 30 1580 
2883 229 20 1580 
2884 264 22 1591 
2885 22 380 1591 
2886 23 265 1588 
2887 379 23 1588 
2888 30 353 1580 
2889 158 157 1535 
2890 1535 157 1590 
2891 159 158 1568 
2892 158 1535 1568 
2893 160 159 1539 
2894 1539 159 1568 
2895 161 160 1576 
2896 160 1539 1576 
2897 162 161 1595 
2898 161 1576 1595 
2899 163 162 1570 
2900 1570 162 1595 
2901 164 163 1579 
2902 163 1570 1579 
2903 165 164 1585 
2904 164 1579 1585 
2905 166 165 1584 
2906 1584 165 1585 
2907 167 166 1578 
2908 1578 166 1584 
2909 168 167 1567 
2910 1567 167 1578 
2911 169 168 1599 
2912 1543 168 1567 
2913 168 1543 1599 
2914 170 169 1542 
2915 1542 169 1599 
2916 171 170 1561 
2917 170 1542 1561 
2918 172 171 1566 
2919 171 1561 1566 
2920 173 172 1533 
2921 1533 172 1566 
2922 174 173 1565 
2923 173 1533 1565 
2924 174 1565 1587 
2925 230 229 1593 
2926 353 229 1580 
2927 229 353 1593 
2928 230 354 231 
2929 354 230 1593 
2930 232 231 1582 
2931 354 355 231 
2932 231 355 1582 
2933 233 232 1557 
2934 1557 232 1582 
2935 234 233 1581 
2936 233 1557 1581 
2937 235 234 1562 
2938 1562 234 1581 
2939 236 235 1536 
2940 1536 235 1562 
2941 237 236 1569 
2942 236 1536 1569 
2943 237 1569 1590 
2944 265 264 1538 
2945 1538 264 1591 
2946 265 1538 1588 
2947 353 354 1593 
2948 355 356 1582 
2949 356 357 1557 
2950 356 1557 1582 
2951 357 358 1541 
2952 357 1541 1557 
2953 358 359 1550 
2954 1541 358 1550 
2955 359 360 1530 
2956 359 1530 1550 
2957 360 361 1551 
2958 1530 360 1551 
2959 361 362 1560 
2960 1551 361 1560 
2961 362 363 1544 
2962 362 1544 1560 
2963 363 364 1570 
2964 1544 363 1570 
2965 364 365 1579 
2966 1570 364 1579 
2967 365 366 1585 
2968 1579 365 1585 
2969 366 367 1584 
2970 366 1584 1585 
2971 367 368 1578 
2972 367 1578 1584 
2973 368 369 1567 
2974 368 1567 1578 
2975 369 370 1543 
2976 369 1543 1567 
2977 370 371 1574 
2978 1543 370 1574 
2979 371 372 1534 
2980 371 1534 1574 
2981 372 373 1555 
2982 1534 372 1555 
2983 373 374 1529 
2984 373 1529 1555 
2985 374 375 1545 
2986 1529 374 1545 
2987 375 376 1532 
2988 375 1532 1545 
2989 376 377 1553 
2990 1532 376 1553 
2991 377 378 1537 
2992 377 1537 1553 
2993 378 379 1558 
2994 1537 378 1558 
2995 1558 379 1588 
2996 380 381 1575 
2997 380 1575 1591 
2998 381 382 1564 
2999 381 1564 1575 
3000 382 383 1586 
3001 382 1554 1564 
3002 1554 382 1586 
3003 383 384 1540 
3004 383 1540 1586 
3005 384 385 1563 
3006 1540 384 1563 
3007 385 386 1531 
3008 385 1531 1563 
3009 386 387 1571 
3010 1531 386 1571 
3011 1571 387 1587 
3012 1529 1545 1546 
3013 1529 1546 1547 
3014 1529 1547 1555 
3015 1550 1530 1559 
3016 1530 1551 1552 
3017 1530 1552 1559 
3018 1563 1531 1573 
3019 1531 1571 1583 
3020 1573 1531 1583 
3021 1545 1532 1549 
3022 1549 1532 1596 
3023 1532 1553 1572 
3024 1532 1572 1596 
3025 1565 1533 1597 
3026 1533 1566 1577 
3027 1533 1577 1597 
3028 1534 1555 1556 
3029 1534 1556 1598 
3030 1574 1534 1598 
3031 1568 1535 1589 
3032 1535 1569 1589 
3033 1569 1535 1590 
3034 1536 1559 1589 
3035 1559 1536 1592 
3036 1536 1562 1592 
3037 1569 1536 1589 
3038 1553 1537 1554 
3039 1554 1537 1564 
3040 1537 1558 1564 
3041 1558 1538 1575 
3042 1538 1558 1588 
3043 1575 1538 1591 
3044 1539 1560 1576 
3045 1560 1539 1594 
3046 1539 1568 1594 
3047 1540 1563 1596 
3048 1540 1572 1586 
3049 1572 1540 1596 
3050 1541 1550 1592 
3051 1557 1541 1581 
3052 1541 1562 1581 
3053 1562 1541 1592 
3054 1561 1542 1598 
3055 1542 1574 1598 
3056 1574 1542 1599 
3057 1543 1574 1599 
3058 1560 1544 1576 
3059 1544 1570 1595 
3060 1576 1544 1595 
3061 1546 1545 1549 
3062 1547 1546 1548 
3063 1548 1546 1573 
3064 1546 1549 1573 
3065 1547 1548 1577 
3066 1555 1547 1556 
3067 1556 1547 1577 
3068 1548 1573 1583 
3069 1577 1548 1597 
3070 1548 1583 1597 
3071 1573 1549 1596 
3072 1550 1559 1592 
3073 1552 1551 1594 
3074 1551 1560 1594 
3075 1559 1552 1589 
3076 1552 1568 1589 
3077 1568 1552 1594 
3078 1553 1554 1572 
3079 1572 1554 1586 
3080 1561 1556 1566 
3081 1556 1561 1598 
3082 1566 1556 1577 
3083 1564 1558 1575 
3084 1563 1573 1596 
3085 1571 1565 1583 
3086 1565 1571 1587 
3087 1583 1565 1597 
2 15 2 164
3088 175 15 1662 
3089 15 387 1662 
3090 16 181 1663 
3091 388 16 1663 
3092 257 21 1664 
3093 21 395 1664 
3094 22 263 1661 
3095 380 22 1661 
3096 176 175 1610 
3097 1610 175 1662 
3098 177 176 1656 
3099 176 1610 1656 
3100 178 177 1602 
3101 1602 177 1656 
3102 179 178 1643 
3103 178 1602 1643 
3104 180 179 1608 
3105 1608 179 1643 
3106 181 180 1644 
3107 180 1608 1644 
3108 181 1644 1663 
3109 258 257 1611 
3110 1611 257 1664 
3111 259 258 1642 
3112 258 1611 1642 
3113 260 259 1603 
3114 1603 259 1642 
3115 261 260 1612 
3116 260 1603 1612 
3117 262 261 1609 
3118 1609 261 1612 
3119 263 262 1648 
3120 262 1609 1648 
3121 263 1648 1661 
3122 381 380 1641 
3123 1641 380 1661 
3124 382 381 1604 
3125 1604 381 1641 
3126 383 382 1652 
3127 382 1604 1652 
3128 384 383 1601 
3129 1601 383 1652 
3130 385 384 1653 
3131 384 1601 1653 
3132 386 385 1607 
3133 1607 385 1653 
3134 387 386 1650 
3135 386 1607 1650 
3136 387 1650 1662 
3137 389 388 1651 
3138 1651 388 1663 
3139 390 389 1605 
3140 1605 389 1651 
3141 391 390 1646 
3142 390 1605 1646 
3143 392 391 1600 
3144 1600 391 1646 
3145 393 392 1645 
3146 392 1600 1645 
3147 394 393 1606 
3148 1606 393 1645 
3149 395 394 1647 
3150 394 1606 1647 
3151 395 1647 1664 
3152 1600 1636 1645 
3153 1636 1600 1655 
3154 1600 1646 1655 
3155 1601 1627 1628 
3156 1627 1601 1630 
3157 1601 1628 1653 
3158 1630 1601 1652 
3159 1640 1602 1656 
3160 1602 1640 1657 
3161 1643 1602 1657 
3162 1612 1603 1613 
3163 1613 1603 1614 
3164 1614 1603 1642 
3165 1634 1604 1641 
3166 1604 1634 1665 
3167 1652 1604 1665 
3168 1646 1605 1660 
3169 1649 1605 1651 
3170 1605 1649 1660 
3171 1606 1637 1647 
3172 1637 1606 1654 
3173 1606 1645 1654 
3174 1607 1628 1629 
3175 1628 1607 1653 
3176 1607 1629 1659 
3177 1650 1607 1659 
3178 1608 1643 1658 
3179 1644 1608 1649 
3180 1649 1608 1658 
3181 1609 1612 1633 
3182 1609 1633 1634 
3183 1609 1634 1648 
3184 1610 1650 1659 
3185 1650 1610 1662 
3186 1656 1610 1659 
3187 1611 1637 1642 
3188 1637 1611 1647 
3189 1647 1611 1664 
3190 1612 1613 1633 
3191 1613 1614 1615 
3192 1613 1615 1616 
3193 1613 1616 1633 
3194 1615 1614 1635 
3195 1635 1614 1637 
3196 1637 1614 1642 
3197 1616 1615 1617 
3198 1617 1615 1618 
3199 1618 1615 1635 
3200 1616 1617 1631 
3201 1616 1631 1632 
3202 1616 1632 1633 
3203 1617 1618 1619 
3204 1617 1619 1620 
3205 1617 1620 1631 
3206 1619 1618 1638 
3207 1618 1635 1636 
3208 1618 1636 1638 
3209 1620 1619 1621 
3210 1621 1619 1622 
3211 1622 1619 1638 
3212 1620 1621 1623 
3213 1620 1623 1627 
3214 1620 1627 1631 
3215 1621 1622 1624 
3216 1623 1621 1639 
3217 1621 1624 1639 
3218 1624 1622 1625 
3219 1625 1622 1626 
3220 1626 1622 1638 
3221 1627 1623 1628 
3222 1628 1623 1629 
3223 1629 1623 1639 
3224 1624 1625 1658 
3225 1639 1624 1657 
3226 1657 1624 1658 
3227 1625 1626 1660 
3228 1625 1649 1658 
3229 1649 1625 1660 
3230 1626 1638 1655 
3231 1646 1626 1655 
3232 1626 1646 1660 
3233 1627 1630 1631 
3234 1629 1639 1640 
3235 1629 1640 1659 
3236 1631 1630 1632 
3237 1632 1630 1665 
3238 1630 1652 1665 
3239 1633 1632 1634 
3240 1634 1632 1665 
3241 1634 1641 1648 
3242 1636 1635 1654 
3243 1635 1637 1654 
3244 1638 1636 1655 
3245 1645 1636 1654 
3246 1640 1639 1657 
3247 1640 1656 1659 
3248 1648 1641 1661 
3249 1643 1657 1658 
3250 1644 1649 1651 
3251 1644 1651 1663 
2 16 2 146
3252 8 1722 110 
3253 182 1722 8 
3254 103 1719 9 
3255 9 1719 256 
3256 16 1720 187 
3257 388 1720 16 
3258 251 1721 21 
3259 21 1721 395 
3260 104 1709 103 
3261 1709 1719 103 
3262 105 1671 104 
3263 1671 1709 104 
3264 106 1678 105 
3265 105 1678 1671 
3266 107 1669 106 
3267 1669 1678 106 
3268 108 1698 107 
3269 107 1698 1669 
3270 109 1672 108 
3271 1672 1698 108 
3272 110 1707 109 
3273 109 1707 1672 
3274 110 1722 1707 
3275 183 1675 182 
3276 1675 1722 182 
3277 184 1703 183 
3278 183 1703 1675 
3279 185 1667 184 
3280 1667 1703 184 
3281 186 1701 185 
3282 185 1701 1667 
3283 187 1676 186 
3284 1676 1701 186 
3285 187 1720 1676 
3286 252 1674 251 
3287 1674 1721 251 
3288 253 1702 252 
3289 252 1702 1674 
3290 254 1666 253 
3291 1666 1702 253 
3292 255 1704 254 
3293 254 1704 1666 
3294 256 1677 255 
3295 1677 1704 255 
3296 256 1719 1677 
3297 389 1708 388 
3298 1708 1720 388 
3299 390 1670 389 
3300 1670 1708 389 
3301 391 1699 390 
3302 390 1699 1670 
3303 392 1668 391 
3304 1668 1699 391 
3305 393 1700 392 
3306 392 1700 1668 
3307 394 1673 393 
3308 1673 1700 393 
3309 395 1710 394 
3310 394 1710 1673 
3311 395 1721 1710 
3312 1695 1702 1666 
3313 1666 1718 1695 
3314 1704 1718 1666 
3315 1701 1711 1667 
3316 1667 1723 1703 
3317 1711 1723 1667 
3318 1668 1716 1699 
3319 1700 1715 1668 
3320 1715 1716 1668 
3321 1669 1679 1678 
3322 1669 1680 1679 
3323 1669 1698 1680 
3324 1699 1717 1670 
3325 1670 1713 1708 
3326 1670 1717 1713 
3327 1678 1696 1671 
3328 1696 1697 1671 
3329 1697 1709 1671 
3330 1672 1705 1698 
3331 1672 1706 1705 
3332 1672 1707 1706 
3333 1673 1712 1694 
3334 1694 1714 1673 
3335 1673 1714 1700 
3336 1710 1712 1673 
3337 1702 1712 1674 
3338 1674 1712 1710 
3339 1710 1721 1674 
3340 1703 1706 1675 
3341 1706 1707 1675 
3342 1707 1722 1675 
3343 1676 1713 1701 
3344 1708 1713 1676 
3345 1676 1720 1708 
3346 1697 1704 1677 
3347 1677 1709 1697 
3348 1677 1719 1709 
3349 1679 1696 1678 
3350 1680 1681 1679 
3351 1681 1682 1679 
3352 1682 1696 1679 
3353 1680 1683 1681 
3354 1680 1705 1683 
3355 1698 1705 1680 
3356 1681 1690 1682 
3357 1683 1684 1681 
3358 1684 1690 1681 
3359 1690 1691 1682 
3360 1691 1692 1682 
3361 1692 1696 1682 
3362 1683 1685 1684 
3363 1683 1686 1685 
3364 1683 1705 1686 
3365 1685 1687 1684 
3366 1687 1689 1684 
3367 1689 1690 1684 
3368 1686 1711 1685 
3369 1685 1688 1687 
3370 1685 1711 1688 
3371 1705 1706 1686 
3372 1706 1723 1686 
3373 1686 1723 1711 
3374 1688 1717 1687 
3375 1687 1716 1689 
3376 1687 1717 1716 
3377 1688 1711 1701 
3378 1701 1713 1688 
3379 1713 1717 1688 
3380 1689 1693 1690 
3381 1689 1715 1693 
3382 1689 1716 1715 
3383 1690 1693 1691 
3384 1691 1695 1692 
3385 1693 1694 1691 
3386 1694 1695 1691 
3387 1695 1718 1692 
3388 1692 1697 1696 
3389 1692 1718 1697 
3390 1693 1714 1694 
3391 1693 1715 1714 
3392 1694 1712 1695 
3393 1695 1712 1702 
3394 1697 1718 1704 
3395 1716 1717 1699 
3396 1714 1715 1700 
3397 1703 1723 1706 
2 17 2 221
3398 1 31 1733 
3399 69 1 1725 
3400 1725 1 1737 
3401 1 1733 1737 
3402 35 2 1808 
3403 2 132 1808 
3404 5 65 1806 
3405 133 5 1806 
3406 130 10 1807 
3407 10 250 1807 
3408 11 139 1803 
3409 220 11 1803 
3410 19 213 1802 
3411 238 19 1802 
3412 31 32 1755 
3413 1733 31 1755 
3414 32 33 1788 
3415 1755 32 1788 
3416 33 34 1732 
3417 33 1732 1788 
3418 34 35 1782 
3419 1732 34 1782 
3420 1782 35 1808 
3421 65 66 1786 
3422 65 1786 1806 
3423 66 67 1796 
3424 1786 66 1796 
3425 67 68 1729 
3426 67 1729 1796 
3427 68 69 1783 
3428 1729 68 1783 
3429 69 1725 1783 
3430 131 130 1740 
3431 1740 130 1807 
3432 132 131 1790 
3433 131 1740 1790 
3434 132 1790 1808 
3435 134 133 1736 
3436 1736 133 1806 
3437 135 134 1789 
3438 134 1736 1789 
3439 136 135 1726 
3440 1726 135 1789 
3441 137 136 1774 
3442 136 1726 1774 
3443 138 137 1734 
3444 1734 137 1774 
3445 139 138 1775 
3446 138 1734 1775 
3447 139 1775 1803 
3448 213 214 1759 
3449 213 1759 1802 
3450 214 215 1735 
3451 214 1735 1759 
3452 215 216 1780 
3453 1735 215 1780 
3454 216 217 1724 
3455 216 1724 1780 
3456 217 218 1779 
3457 1724 217 1779 
3458 218 219 1730 
3459 218 1730 1779 
3460 219 220 1787 
3461 1730 219 1787 
3462 1787 220 1803 
3463 239 238 1799 
3464 1799 238 1802 
3465 240 239 1728 
3466 1728 239 1799 
3467 241 240 1778 
3468 240 1728 1778 
3469 242 241 1727 
3470 1727 241 1778 
3471 243 242 1785 
3472 242 1727 1785 
3473 244 243 1731 
3474 1731 243 1785 
3475 245 244 1776 
3476 244 1731 1776 
3477 246 245 1794 
3478 245 1776 1794 
3479 247 246 1795 
3480 246 1794 1795 
3481 248 247 1739 
3482 1739 247 1795 
3483 249 248 1777 
3484 248 1739 1777 
3485 250 249 1792 
3486 249 1777 1792 
3487 250 1792 1807 
3488 1724 1757 1780 
3489 1757 1724 1811 
3490 1724 1779 1811 
3491 1725 1737 1738 
3492 1725 1738 1742 
3493 1725 1742 1783 
3494 1774 1726 1791 
3495 1726 1789 1809 
3496 1791 1726 1809 
3497 1773 1727 1778 
3498 1727 1773 1801 
3499 1785 1727 1801 
3500 1728 1758 1798 
3501 1758 1728 1799 
3502 1778 1728 1798 
3503 1770 1729 1793 
3504 1729 1770 1796 
3505 1729 1783 1793 
3506 1767 1730 1797 
3507 1730 1767 1804 
3508 1779 1730 1804 
3509 1730 1787 1797 
3510 1776 1731 1800 
3511 1731 1785 1810 
3512 1800 1731 1810 
3513 1781 1732 1784 
3514 1732 1781 1788 
3515 1732 1782 1784 
3516 1737 1733 1741 
3517 1741 1733 1752 
3518 1752 1733 1755 
3519 1766 1734 1774 
3520 1734 1766 1797 
3521 1775 1734 1797 
3522 1735 1756 1758 
3523 1756 1735 1780 
3524 1735 1758 1759 
3525 1769 1736 1770 
3526 1736 1769 1789 
3527 1770 1736 1786 
3528 1786 1736 1806 
3529 1738 1737 1754 
3530 1737 1741 1800 
3531 1754 1737 1800 
3532 1742 1738 1743 
3533 1743 1738 1760 
3534 1738 1754 1760 
3535 1777 1739 1781 
3536 1781 1739 1805 
3537 1739 1795 1805 
3538 1740 1784 1790 
3539 1784 1740 1792 
3540 1792 1740 1807 
3541 1741 1752 1794 
3542 1776 1741 1794 
3543 1741 1776 1800 
3544 1742 1743 1744 
3545 1742 1744 1793 
3546 1783 1742 1793 
3547 1744 1743 1745 
3548 1745 1743 1746 
3549 1746 1743 1760 
3550 1744 1745 1762 
3551 1744 1762 1765 
3552 1744 1765 1793 
3553 1745 1746 1747 
3554 1745 1747 1748 
3555 1745 1748 1762 
3556 1747 1746 1749 
3557 1749 1746 1753 
3558 1753 1746 1760 
3559 1748 1747 1772 
3560 1747 1749 1750 
3561 1747 1750 1772 
3562 1762 1748 1763 
3563 1763 1748 1764 
3564 1764 1748 1772 
3565 1750 1749 1751 
3566 1751 1749 1773 
3567 1749 1753 1773 
3568 1750 1751 1756 
3569 1750 1756 1757 
3570 1750 1757 1772 
3571 1756 1751 1758 
3572 1758 1751 1798 
3573 1751 1773 1798 
3574 1752 1755 1805 
3575 1794 1752 1795 
3576 1795 1752 1805 
3577 1753 1760 1761 
3578 1753 1761 1801 
3579 1773 1753 1801 
3580 1760 1754 1761 
3581 1761 1754 1810 
3582 1754 1800 1810 
3583 1781 1755 1788 
3584 1755 1781 1805 
3585 1757 1756 1780 
3586 1757 1771 1772 
3587 1771 1757 1811 
3588 1759 1758 1799 
3589 1759 1799 1802 
3590 1761 1785 1801 
3591 1785 1761 1810 
3592 1762 1763 1768 
3593 1765 1762 1768 
3594 1763 1764 1766 
3595 1763 1766 1791 
3596 1768 1763 1791 
3597 1766 1764 1767 
3598 1767 1764 1771 
3599 1771 1764 1772 
3600 1765 1768 1769 
3601 1765 1769 1770 
3602 1765 1770 1793 
3603 1766 1767 1797 
3604 1766 1774 1791 
3605 1767 1771 1804 
3606 1769 1768 1809 
3607 1768 1791 1809 
3608 1789 1769 1809 
3609 1770 1786 1796 
3610 1804 1771 1811 
3611 1773 1778 1798 
3612 1787 1775 1797 
3613 1775 1787 1803 
3614 1777 1781 1784 
3615 1777 1784 1792 
3616 1779 1804 1811 
3617 1784 1782 1790 
3618 1790 1782 1808 
3 1 4 11020
3619 1767 2053 1804 2624 
3620 1820 1913 1909 1975 
3621 1206 2262 1881 2366 
3622 1828 2383 2025 2433 
3623 1206 1881 2342 2366 
3624 1967 1836 2268 2368 
3625 1943 2033 1860 2404 
3626 1860 2404 2033 2431 
3627 1231 2048 1927 2447 
3628 942 1277 1032 2059 
3629 1860 2309 1943 2404 
3630 1967 2268 1836 2434 
3631 528 546 541 2021 
3632 1821 2260 1924 2681 
3633 1582 1018 2241 2668 
3634 1921 2004 1911 2353 
3635 1924 2260 1821 2655 
3636 1985 2132 1824 2404 
3637 2003 1830 2036 2087 
3638 1190 2005 1869 2413 
3639 1011 2072 1581 2241 
3640 710 759 2038 2378 
3641 942 1277 2059 2417 
3642 2025 2383 1887 2433 
3643 2003 1830 2087 2255 
3644 1154 2253 1908 2465 
3645 999 2090 2191 2275 
3646 710 2038 2132 2378 
3647 528 2021 541 2046 
3648 1499 1468 361 2007 
3649 731 2039 1895 2210 
3650 1928 2213 2102 2229 
3651 1883 2088 1302 2625 
3652 2252 2478 2362 2532 
3653 546 541 2021 2485 
3654 1366 1401 1364 2549 
3655 2015 2583 2166 2680 
3656 1838 1891 2463 2547 
3657 1977 2036 1859 2307 
3658 1838 2106 1891 2547 
3659 1859 2036 1977 2298 
3660 2003 2087 2034 2255 
3661 2099 2241 1018 2668 
3662 1814 2003 2087 2328 
3663 541 2046 2021 2485 
3664 760 2038 1985 2132 
3665 1813 1981 1998 2571 
3666 1813 2143 2057 2571 
3667 2127 2261 414 2334 
3668 1911 2353 2004 2675 
3669 1995 2053 1767 2093 
3670 733 2068 1896 2159 
3671 1964 2123 1244 2147 
3672 449 1989 2078 2150 
3673 1813 2057 1981 2571 
3674 1813 1952 2051 2312 
3675 1885 2209 1953 2242 
3676 1887 2132 1985 2404 
3677 1244 2147 2123 2487 
3678 2034 2087 1830 2255 
3679 1838 2463 1911 2547 
3680 1962 2026 1159 2476 
3681 1732 2150 2078 2468 
3682 2003 2036 1859 2298 
3683 2003 2036 1830 2255 
3684 2260 2265 1821 2655 
3685 1821 2103 2260 2681 
3686 402 2078 1732 2150 
3687 733 2159 1896 2448 
3688 1262 1942 2064 2253 
3689 1813 1943 1981 2057 
3690 915 1957 825 2179 
3691 2047 2456 1594 2695 
3692 2010 2332 518 2739 
3693 1755 1788 445 2078 
3694 733 1896 2068 2222 
3695 2051 2312 1952 2572 
3696 455 2078 402 2150 
3697 1911 1921 2353 2472 
3698 454 36 458 2001 
3699 1873 2015 2166 2680 
3700 1919 1973 1840 2104 
3701 1831 2400 2411 2669 
3702 1814 2036 2003 2298 
3703 1735 2375 2130 2531 
3704 2004 2353 1921 2418 
3705 1154 2064 1908 2253 
3706 1468 361 1500 1499 
3707 1170 2193 1956 2356 
3708 1894 2089 2341 2414 
3709 1079 1964 1352 2531 
3710 617 2012 1669 2102 
3711 1447 2137 1953 2209 
3712 760 1985 729 2132 
3713 1834 1933 1901 2058 
3714 1821 2265 2260 2532 
3715 414 2261 2127 2441 
3716 52 654 553 1986 
3717 1916 1836 2268 2434 
3718 1255 2022 2085 2318 
3719 1852 2252 2362 2532 
3720 1159 2026 1962 2389 
3721 1582 355 1018 2668 
3722 1846 2007 1888 2008 
3723 1901 1933 1834 2541 
3724 1889 2232 1991 2436 
3725 1945 2362 2252 2478 
3726 458 454 2001 2214 
3727 1539 1594 2047 2456 
3728 1759 2250 2375 2531 
3729 1813 1998 2143 2571 
3730 1828 2039 2025 2383 
3731 1841 1991 2232 2436 
3732 1830 2055 1931 2426 
3733 1472 1982 1212 2145 
3734 2353 2418 2004 2675 
3735 1962 2193 1151 2356 
3736 1136 1970 1229 2070 
3737 2055 2092 895 2586 
3738 1842 1928 2167 2335 
3739 1912 2268 1836 2368 
3740 1831 2400 2100 2411 
3741 1839 1973 1919 2104 
3742 1255 2085 2235 2318 
3743 1963 2273 2001 2730 
3744 361 2007 1468 2169 
3745 1553 2120 1946 2376 
3746 1553 2105 2120 2376 
3747 1211 2341 2089 2414 
3748 1393 1390 2023 2541 
3749 1455 1445 1415 2473 
3750 1065 2078 1739 2653 
3751 1813 1952 2312 2572 
3752 1901 1834 2182 2541 
3753 827 846 2211 2320 
3754 411 414 2261 2334 
3755 1136 1252 1229 1970 
3756 752 2109 2164 2553 
3757 1831 2091 1953 2242 
3758 1053 2166 2019 2435 
3759 1859 2003 1931 2036 
3760 1407 1993 1408 2028 
3761 722 2010 518 2739 
3762 1841 2232 1889 2436 
3763 1895 2039 731 2444 
3764 760 710 759 2038 
3765 1771 2097 2093 2624 
3766 1275 1079 1352 2531 
3767 2021 2046 528 2254 
3768 1821 2260 2103 2532 
3769 1889 2115 2050 2558 
3770 2102 2213 619 2229 
3771 1352 1964 1079 2123 
3772 1767 1804 1771 2624 
3773 1812 1999 2014 2065 
3774 1889 2326 2115 2558 
3775 1952 2422 2051 2572 
3776 361 1468 1500 2169 
3777 1062 2048 1231 2447 
3778 1430 1367 1472 1982 
3779 865 915 825 2179 
3780 2051 2422 1877 2572 
3781 1474 1953 1447 2137 
3782 1883 1834 2023 2377 
3783 378 377 2098 2136 
3784 1877 2312 2051 2572 
3785 1850 2181 2129 2187 
3786 2167 2203 2080 2352 
3787 2132 2391 1824 2404 
3788 1410 1408 1407 1993 
3789 36 1733 458 2001 
3790 2109 2362 1837 2553 
3791 1910 2038 759 2378 
3792 1170 1956 2193 2272 
3793 1999 2014 1871 2225 
3794 1812 2014 1999 2225 
3795 1767 2093 2053 2624 
3796 1823 2036 1977 2307 
3797 1831 1904 2091 2242 
3798 1539 2047 794 2456 
3799 2005 2098 1858 2136 
3800 1931 2003 887 2255 
3801 355 2099 1018 2668 
3802 1963 1169 2273 2730 
3803 887 2003 1931 2374 
3804 1831 1953 2209 2242 
3805 752 2109 1987 2164 
3806 1839 2154 2133 2403 
3807 731 1895 739 2210 
3808 458 2001 1733 2214 
3809 830 682 933 2018 
3810 1814 2298 2003 2328 
3811 1011 1581 2072 2497 
3812 1813 2050 1943 2051 
3813 1943 2050 1874 2051 
3814 1979 2000 1817 2304 
3815 1681 2284 1932 2287 
3816 1844 2115 2326 2558 
3817 733 2222 2068 2424 
3818 1834 1883 2023 2534 
3819 830 2018 933 2616 
3820 518 2010 722 2332 
3821 45 2165 2199 2457 
3822 1458 2144 1494 2573 
3823 1813 1943 2057 2312 
3824 1895 1548 2313 2322 
3825 1390 2182 2023 2541 
3826 1909 1975 1913 2685 
3827 1564 1537 1961 2366 
3828 1868 2442 2274 2672 
3829 1839 2133 2044 2403 
3830 1062 1054 1231 2048 
3831 1888 2007 1846 2171 
3832 1755 2078 445 2214 
3833 364 2081 2358 2554 
3834 1445 2416 1415 2473 
3835 429 2315 1955 2419 
3836 1943 1860 1981 2057 
3837 1827 2037 1972 2309 
3838 1103 2124 1950 2273 
3839 1928 2335 1705 2728 
3840 1814 1977 2036 2298 
3841 2014 2065 1999 2206 
3842 378 2098 377 2120 
3843 2074 2199 2165 2457 
3844 1909 2370 2083 2587 
3845 1883 1834 2197 2534 
3846 1873 2288 2057 2571 
3847 2015 2288 1873 2571 
3848 2037 1972 2309 2312 
3849 710 2038 760 2132 
3850 1705 1928 2102 2335 
3851 1824 1902 1985 2094 
3852 1616 2114 2327 2355 
3853 1681 1932 1690 2287 
3854 1666 1043 2076 2521 
3855 1963 454 2214 2437 
3856 1472 1367 1212 1982 
3857 1882 2087 2003 2328 
3858 364 2358 2009 2554 
3859 1113 2000 1979 2247 
3860 1154 1262 2064 2253 
3861 1885 1953 2091 2242 
3862 1563 1988 2204 2376 
3863 1836 1899 2068 2221 
3864 1828 1943 2033 2351 
3865 1110 2384 2006 2490 
3866 1906 2089 1823 2215 
3867 1824 1985 1902 2504 
3868 1875 1988 2128 2351 
3869 1876 2147 1997 2353 
3870 739 1895 731 2444 
3871 1435 2086 2095 2454 
3872 1432 2095 1920 2454 
3873 1698 617 1669 2102 
3874 613 2060 1068 2227 
3875 1814 2003 2036 2087 
3876 1860 2033 1943 2351 
3877 2057 2309 1972 2312 
3878 1445 1422 1393 2692 
3879 942 2059 922 2417 
3880 560 617 1698 2102 
3881 1273 2476 2118 2615 
3882 1255 1224 2022 2318 
3883 733 2448 1896 2631 
3884 1830 2024 2055 2426 
3885 1767 1771 2093 2624 
3886 1996 2181 1850 2187 
3887 2092 2533 905 2586 
3888 1912 2718 2130 2725 
3889 1413 2416 2145 2625 
3890 1739 2078 1805 2653 
3891 553 1986 654 2212 
3892 2060 2317 1068 2429 
3893 730 696 2039 2210 
3894 1812 1999 2065 2501 
3895 1616 2327 1947 2355 
3896 2042 2203 2167 2352 
3897 1842 2080 2167 2229 
3898 1878 2167 2080 2229 
3899 1537 1564 1961 2105 
3900 1262 2246 1942 2253 
3901 1490 1441 1901 2541 
3902 2110 2462 2439 2705 
3903 1858 2005 2136 2247 
3904 1900 2456 2047 2695 
3905 1922 1949 1826 2286 
3906 999 2191 1013 2275 
3907 1386 1431 1478 2341 
3908 906 2283 2073 2374 
3909 1447 1953 1370 2209 
3910 1206 1881 2262 2263 
3911 1812 2225 1999 2686 
3912 1831 2091 1904 2100 
3913 1058 1053 2019 2435 
3914 377 2120 2098 2136 
3915 1925 2006 50 2482 
3916 1949 2274 1868 2442 
3917 1581 2072 1541 2241 
3918 850 1806 522 2332 
3919 1169 1963 2653 2730 
3920 2152 2372 789 2445 
3921 1845 1933 2171 2427 
3922 1819 1996 2181 2244 
3923 1899 2181 1996 2244 
3924 1827 1972 2057 2309 
3925 2010 1833 2200 2248 
3926 1852 2362 2045 2532 
3927 50 2006 1925 2742 
3928 1842 2167 1928 2229 
3929 1812 2065 2014 2412 
3930 1909 1913 1820 2436 
3931 1110 2490 2006 2664 
3932 1813 1943 2050 2594 
3933 2439 2462 2013 2705 
3934 1928 2167 1878 2229 
3935 1868 2274 1949 2745 
3936 1828 2128 1988 2351 
3937 1428 2160 1495 2226 
3938 1894 1823 1980 2172 
3939 1255 2235 1224 2318 
3940 696 2039 2210 2693 
3941 1967 2268 2151 2368 
3942 1812 1945 2065 2412 
3943 1837 2164 2109 2553 
3944 1068 2227 2060 2429 
3945 1759 2375 1735 2531 
3946 1891 2106 1838 2314 
3947 1136 1970 2070 2371 
3948 1828 2433 2444 2734 
3949 1812 2154 2107 2464 
3950 1874 2050 1943 2594 
3951 1842 2167 2049 2335 
3952 1812 2065 1945 2601 
3953 2130 2375 1964 2531 
3954 1841 2050 1889 2232 
3955 2026 2363 1159 2476 
3956 1934 1946 1841 2503 
3957 2100 2400 1979 2411 
3958 1730 1767 1995 2053 
3959 2233 2398 751 2746 
3960 2383 2391 2132 2404 
3961 1869 2005 1190 2247 
3962 1891 1838 2035 2314 
3963 1874 1943 2051 2391 
3964 1428 1918 2160 2226 
3965 739 2157 1895 2444 
3966 2064 2084 1153 2623 
3967 2174 2287 1932 2329 
3968 1199 2145 1883 2625 
3969 1916 1994 1872 2239 
3970 313 1468 1499 2512 
3971 2051 2391 1943 2641 
3972 1937 2444 2433 2734 
3973 1432 1920 1443 2454 
3974 1980 1958 2264 2405 
3975 1868 1949 2442 2745 
3976 1154 1191 2253 2465 
3977 906 891 2283 2374 
3978 2058 2171 1933 2427 
3979 2088 2416 1420 2625 
3980 1302 1199 1883 2625 
3981 41 2443 2142 2477 
3982 1805 1795 1739 2653 
3983 1386 1431 1894 2452 
3984 2031 1833 2200 2537 
3985 1828 2033 2383 2433 
3986 455 449 2078 2150 
3987 1887 2383 2033 2433 
3988 1604 3 1917 2555 
3989 2031 2200 1833 2248 
3990 2067 2203 1826 2372 
3991 422 1963 454 2214 
3992 1819 2138 2140 2422 
3993 1231 1927 2124 2447 
3994 618 2102 1672 2213 
3995 1430 1982 1472 2145 
3996 1886 2362 2109 2553 
3997 376 1946 1553 2120 
3998 2122 2200 1833 2537 
3999 1923 2511 2347 2574 
4000 1170 1320 1956 2272 
4001 1858 2098 2005 2247 
4002 1985 2038 760 2321 
4003 1972 2057 1813 2143 
4004 1445 2416 2473 2692 
4005 1431 2172 1894 2452 
4006 1979 2247 2000 2304 
4007 1393 1391 1390 2541 
4008 767 2083 2370 2587 
4009 1378 1958 1506 2169 
4010 1930 2052 1071 2396 
4011 2042 2323 2203 2352 
4012 1812 2014 2168 2412 
4013 1262 1942 1326 2064 
4014 1191 2246 1262 2253 
4015 1875 2128 1988 2204 
4016 1819 2140 2402 2422 
4017 1971 2286 1826 2372 
4018 2009 2358 2081 2554 
4019 2107 2154 1890 2464 
4020 1894 2215 2089 2414 
4021 1458 2032 2144 2573 
4022 192 2439 2110 2462 
4023 1840 1973 1919 2551 
4024 1136 1252 1970 2371 
4025 666 865 825 2179 
4026 1170 1956 1320 2356 
4027 1837 2109 2040 2362 
4028 1953 2091 1831 2564 
4029 413 2261 414 2441 
4030 2040 2045 1852 2362 
4031 1826 1949 1922 2158 
4032 1064 2000 2247 2484 
4033 2045 2362 2040 2480 
4034 651 460 1808 2150 
4035 1896 2222 733 2631 
4036 1853 1932 2287 2329 
4037 1872 1994 1916 2434 
4038 1889 2050 1841 2270 
4039 493 2200 1902 2320 
4040 422 2078 1963 2214 
4041 1064 2000 2484 2688 
4042 1669 2012 1680 2102 
4043 936 1957 915 2179 
4044 904 2055 895 2586 
4045 759 2038 1910 2269 
4046 192 2013 2439 2462 
4047 618 619 2102 2213 
4048 1971 1826 2203 2372 
4049 1370 1447 1474 1953 
4050 949 1964 1079 2531 
4051 1958 2405 1980 2557 
4052 2067 1826 2286 2372 
4053 685 2233 751 2746 
4054 1879 2244 2305 2658 
4055 1151 1149 1962 2356 
4056 1577 2313 1548 2322 
4057 1229 2070 1970 2447 
4058 1828 2033 1943 2383 
4059 2129 2187 2181 2402 
4060 1666 1043 1702 2076 
4061 1904 2133 2154 2403 
4062 1244 2123 1243 2487 
4063 1616 1617 1947 2327 
4064 1386 1894 1431 2341 
4065 50 2006 49 2482 
4066 2127 2334 414 2441 
4067 1812 2168 1945 2412 
4068 1840 1973 2044 2104 
4069 2079 2129 1850 2181 
4070 949 1079 1964 2123 
4071 1848 2069 1997 2325 
4072 1937 2276 1571 2619 
4073 1413 2377 2145 2416 
4074 1829 1997 2147 2353 
4075 1402 2131 1885 2195 
4076 654 52 578 1986 
4077 1571 2157 1937 2458 
4078 429 1955 2290 2419 
4079 2089 2215 1906 2414 
4080 1002 2090 831 2449 
4081 1931 2036 2003 2255 
4082 1931 2055 1830 2255 
4083 546 2021 2339 2485 
4084 1443 1920 1432 2237 
4085 1158 1326 1942 2064 
4086 1873 2057 1972 2143 
4087 1390 1391 2182 2541 
4088 1952 2402 2140 2422 
4089 1868 1928 2167 2330 
4090 1604 1917 3 2440 
4091 1904 2002 1818 2242 
4092 1886 2045 2362 2532 
4093 662 1971 527 2445 
4094 1836 1967 2181 2221 
4095 1937 2157 1571 2276 
4096 407 1755 445 2214 
4097 905 2092 2018 2533 
4098 2080 2167 1878 2203 
4099 1840 2104 2044 2295 
4100 2018 2179 933 2616 
4101 1777 1739 1250 2468 
4102 2025 2383 2039 2410 
4103 1820 1975 1909 2498 
4104 1231 2570 1927 2654 
4105 1780 946 2130 2725 
4106 739 1895 2157 2622 
4107 905 2533 2266 2586 
4108 1828 2433 2025 2444 
4109 1840 2044 2198 2295 
4110 2142 2443 1944 2477 
4111 1958 358 2024 2557 
4112 1452 2131 2195 2562 
4113 1133 2347 2511 2574 
4114 1697 2420 2096 2521 
4115 1900 2092 2018 2302 
4116 1408 2028 1993 2137 
4117 1604 47 3 2555 
4118 2042 1826 2203 2323 
4119 1837 1987 2109 2164 
4120 1993 2028 1407 2343 
4121 2052 2315 1930 2555 
4122 1887 2383 2132 2404 
4123 1812 2464 2107 2601 
4124 1991 2228 2210 2370 
4125 733 845 2222 2424 
4126 1116 2384 1110 2490 
4127 1823 2089 1906 2496 
4128 1960 2107 1880 2712 
4129 1933 1834 2125 2604 
4130 1920 2095 1432 2237 
4131 1058 2019 1053 2679 
4132 1697 1718 2420 2521 
4133 1393 2023 1933 2541 
4134 1681 1684 2284 2287 
4135 1805 2214 1795 2653 
4136 1939 2408 2207 2483 
4137 376 1532 1553 1946 
4138 2005 2098 1104 2247 
4139 865 936 915 2179 
4140 2100 2400 1831 2669 
4141 1824 1902 2094 2455 
4142 1706 1672 2102 2213 
4143 1162 2056 1951 2657 
4144 1245 1921 1303 2147 
4145 752 2164 704 2553 
4146 1836 2068 1995 2221 
4147 1922 1826 1971 2286 
4148 1922 1971 1826 2254 
4149 557 1678 1669 2012 
4150 825 1957 828 2179 
4151 2078 2214 1805 2653 
4152 2130 2718 1780 2725 
4153 1976 1868 2274 2672 
4154 2029 2347 1923 2674 
4155 1952 2140 2138 2422 
4156 1231 2124 1927 2570 
4157 1407 1410 1993 2343 
4158 1846 2008 1888 2636 
4159 846 503 2211 2320 
4160 1401 2451 1364 2549 
4161 1408 1410 1411 2656 
4162 1190 1310 2005 2413 
4163 2025 2039 1828 2444 
4164 1445 1393 2023 2692 
4165 1928 1868 2167 2335 
4166 1110 2243 2006 2384 
4167 493 2122 1902 2200 
4168 1464 2369 1471 2413 
4169 1697 2194 2096 2420 
4170 1149 2121 1962 2356 
4171 1835 1974 1975 2065 
4172 1901 2182 1490 2541 
4173 486 1937 479 2128 
4174 1814 2036 1977 2125 
4175 1158 2064 1942 2180 
4176 1452 1960 2131 2562 
4177 361 2007 2008 2256 
4178 2057 2143 1873 2571 
4179 1947 2327 2114 2355 
4180 527 1971 662 2401 
4181 1105 2127 1954 2161 
4182 1409 1407 2144 2343 
4183 1088 998 1003 2224 
4184 1886 2362 2045 2480 
4185 827 2211 1985 2320 
4186 1206 1881 2263 2342 
4187 493 2320 1902 2729 
4188 1604 3 1665 2440 
4189 195 1987 805 2109 
4190 1939 2423 2408 2483 
4191 1895 2313 1548 2622 
4192 1068 2060 613 2317 
4193 1941 1305 2317 2429 
4194 1899 1836 2068 2181 
4195 1422 2234 1393 2692 
4196 1735 2130 977 2531 
4197 1868 2190 1976 2274 
4198 1838 2547 1911 2675 
4199 1862 2230 2198 2295 
4200 1842 2102 1928 2335 
4201 1705 2335 1686 2728 
4202 947 1995 969 2221 
4203 1941 1305 2294 2317 
4204 1899 2181 1967 2221 
4205 1846 2125 2036 2171 
4206 1841 1946 1934 2744 
4207 794 2456 2047 2528 
4208 1445 2023 2416 2692 
4209 1603 1308 2026 2363 
4210 492 2122 494 2173 
4211 1838 1891 2035 2463 
4212 2010 2613 2332 2739 
4213 767 2083 2587 2676 
4214 1435 2095 1376 2454 
4215 1604 1634 1917 2440 
4216 365 2358 1920 2454 
4217 357 2405 2072 2471 
4218 804 2132 729 2211 
4219 933 682 866 2018 
4220 1852 2252 1945 2362 
4221 1409 1407 2028 2144 
4222 2198 2230 1984 2295 
4223 2025 1887 2383 2410 
4224 1681 1690 1684 2287 
4225 1071 2396 2052 2593 
4226 830 682 2018 2616 
4227 1859 2036 1931 2307 
4228 2018 2302 2092 2388 
4229 2175 2398 2233 2746 
4230 830 933 2179 2616 
4231 1931 2426 2055 2565 
4232 1914 1871 2629 2701 
4233 729 2132 1985 2211 
4234 1930 2315 399 2555 
4235 1273 2076 2476 2615 
4236 1197 2197 1982 2289 
4237 2198 2230 1862 2492 
4238 1933 2058 1834 2604 
4239 1303 1245 1246 1921 
4240 1953 2564 1831 2669 
4241 2091 2100 1831 2564 
4242 757 2126 1899 2305 
4243 1826 2167 2042 2203 
4244 2127 2161 1105 2527 
4245 2088 2172 1420 2416 
4246 1286 2117 1966 2258 
4247 1869 2136 2005 2247 
4248 1996 2305 2244 2658 
4249 757 2305 1899 2524 
4250 1477 1380 1219 2226 
4251 1923 2273 2124 2511 
4252 538 1971 2254 2338 
4253 1432 1376 2095 2454 
4254 2007 362 2512 2554 
4255 1908 2084 2064 2623 
4256 1553 1946 1532 2376 
4257 1219 2160 1296 2226 
4258 1949 2274 2442 2672 
4259 2091 2451 2149 2475 
4260 1563 2204 1988 2458 
4261 999 2090 1010 2191 
4262 1604 1917 381 2555 
4263 1943 2391 2383 2404 
4264 2010 1833 2122 2200 
4265 2020 2268 2119 2545 
4266 2175 2233 1907 2746 
4267 1791 2219 1969 2222 
4268 1984 2253 1191 2465 
4269 452 456 1941 2482 
4270 1937 479 2128 2433 
4271 1197 2289 1982 2495 
4272 1918 2411 2400 2669 
4273 1750 2385 2097 2718 
4274 39 2437 1950 2438 
4275 773 2047 834 2090 
4276 2050 2558 2115 2642 
4277 1839 2044 1973 2104 
4278 1156 2564 2100 2740 
4279 1914 1871 2493 2629 
4280 1991 2210 1889 2370 
4281 2096 2194 1864 2420 
4282 1907 2233 2175 2398 
4283 1988 2128 1828 2734 
4284 1883 2197 1977 2534 
4285 1188 1169 1963 2653 
4286 1832 1880 2095 2107 
4287 1894 2089 1823 2172 
4288 1066 2052 1917 2664 
4289 1190 2413 1869 2666 
4290 1836 1916 2181 2434 
4291 1432 1443 1376 2454 
4292 1937 2128 486 2619 
4293 2080 2280 584 2285 
4294 1819 1996 2244 2658 
4295 1937 485 2433 2597 
4296 1624 1949 2158 2346 
4297 1923 2379 2029 2674 
4298 1452 2195 1429 2562 
4299 1834 1883 2197 2377 
4300 1862 2198 2044 2295 
4301 1431 1894 2172 2341 
4302 2165 2199 2074 2488 
4303 1103 1950 2124 2570 
4304 1110 2006 2243 2664 
4305 557 1678 2012 2194 
4306 1984 2246 1191 2253 
4307 2029 2379 1838 2674 
4308 1154 1191 1262 2253 
4309 1074 1979 1113 2000 
4310 1728 1798 2250 2360 
4311 1848 1994 2069 2325 
4312 1919 1973 1839 2556 
4313 2070 2347 1923 2511 
4314 1694 1714 2011 2682 
4315 1066 1917 2052 2192 
4316 1537 1961 378 2120 
4317 942 922 876 2417 
4318 1237 1989 2468 2535 
4319 1836 2181 1899 2221 
4320 1977 2197 1834 2534 
4321 1604 1665 1634 2440 
4322 1302 1883 1137 2088 
4323 1305 1331 1941 2294 
4324 1718 1666 2076 2521 
4325 2093 2097 2053 2624 
4326 1914 2629 2075 2701 
4327 1074 1979 2000 2230 
4328 1444 2160 2656 2673 
4329 2049 2167 1868 2335 
4330 467 1990 521 2332 
4331 1824 2132 1985 2391 
4332 1444 2656 1417 2673 
4333 2214 2653 1963 2730 
4334 1841 1889 2270 2436 
4335 809 2296 951 2749 
4336 1920 2081 2009 2358 
4337 1616 1947 1615 2355 
4338 1879 2305 2066 2658 
4339 1829 2069 1997 2353 
4340 809 951 2516 2749 
4341 2067 2167 1826 2203 
4342 1813 2051 1952 2558 
4343 357 2241 2072 2405 
4344 454 1963 400 2437 
4345 1420 2416 1414 2625 
4346 195 805 944 2109 
4347 1615 1616 1617 1947 
4348 539 1971 2338 2445 
4349 2003 2298 1905 2328 
4350 1820 1913 1975 2206 
4351 1838 2347 2029 2674 
4352 1474 1953 2137 2226 
4353 1818 2002 1904 2154 
4354 1943 1981 1860 2351 
4355 1880 1832 2095 2251 
4356 1702 1043 1273 2076 
4357 730 696 2210 2693 
4358 2028 2144 1407 2343 
4359 1843 1914 2075 2177 
4360 1933 2023 1393 2692 
4361 2046 2254 1971 2338 
4362 942 876 1277 2417 
4363 1331 1305 1941 2429 
4364 835 782 1949 2286 
4365 361 362 2007 2256 
4366 422 1963 2078 2367 
4367 2260 2265 1957 2532 
4368 2289 2459 1903 2604 
4369 1821 2478 2252 2532 
4370 976 2130 1912 2580 
4371 933 2018 934 2179 
4372 1838 2183 1911 2463 
4373 2147 2353 1876 2418 
4374 1985 2404 2094 2699 
4375 685 2164 2233 2746 
4376 528 2046 541 2254 
4377 2069 2239 1997 2325 
4378 1899 2296 757 2524 
4379 1418 1394 1933 2217 
4380 1887 2404 1985 2699 
4381 1989 2150 449 2450 
4382 455 402 449 2150 
4383 1475 2086 1435 2454 
4384 972 992 2432 2439 
4385 1835 1975 1974 2032 
4386 1958 2024 2405 2557 
4387 1900 2018 1854 2302 
4388 854 2010 722 2739 
4389 1856 2011 2174 2329 
4390 2088 2089 1211 2341 
4391 1071 2052 1930 2192 
4392 1402 1885 1401 2195 
4393 1946 2120 2105 2376 
4394 731 730 2039 2210 
4395 905 2018 2266 2533 
4396 1836 2268 1912 2545 
4397 1109 2243 1941 2593 
4398 1990 2113 1833 2600 
4399 1864 2207 2194 2272 
4400 1639 1640 1922 2406 
4401 2171 2217 2007 2234 
4402 1305 1068 2317 2429 
4403 2083 1909 2587 2676 
4404 39 1950 2142 2438 
4405 1468 2007 1499 2512 
4406 1162 1951 1127 2657 
4407 314 1500 1468 2169 
4408 1922 2158 1639 2406 
4409 1874 2383 1943 2391 
4410 401 2482 2060 2544 
4411 976 1912 2151 2580 
4412 1899 2126 757 2296 
4413 2315 2469 2052 2482 
4414 1849 2191 2090 2275 
4415 1818 2002 1880 2242 
4416 1698 1669 1680 2102 
4417 1872 2140 1994 2434 
4418 906 2073 2283 2392 
4419 2393 2432 2013 2439 
4420 1988 2204 2128 2734 
4421 2062 2396 1238 2467 
4422 1945 2252 1821 2478 
4423 1937 2204 2128 2619 
4424 910 2045 1957 2155 
4425 1088 1003 2223 2224 
4426 2107 2464 1890 2601 
4427 2027 1903 2289 2459 
4428 972 992 2393 2432 
4429 1869 2247 1979 2304 
4430 976 1912 2130 2725 
4431 1474 1428 2226 2656 
4432 1902 2031 2200 2537 
4433 1759 977 953 2531 
4434 1639 1922 1640 2158 
4435 1885 2195 1915 2549 
4436 1797 1995 1767 2093 
4437 1276 1472 1212 2145 
4438 976 2130 946 2725 
4439 1846 1888 2171 2636 
4440 1991 1889 2210 2232 
4441 1824 2391 1943 2404 
4442 886 887 2003 2255 
4443 558 2152 2184 2721 
4444 2288 2351 1981 2633 
4445 2128 2204 486 2619 
4446 1997 2147 1876 2421 
4447 52 578 1986 2116 
4448 1892 2311 1948 2453 
4449 557 1669 617 2012 
4450 1983 2281 2140 2617 
4451 2053 2093 1836 2097 
4452 972 2432 2393 2439 
4453 1541 2072 1581 2497 
4454 1401 1885 1402 2131 
4455 1417 1444 1428 2656 
4456 1839 1903 2133 2499 
4457 1928 1878 2167 2330 
4458 378 1961 2098 2120 
4459 1824 1902 2455 2504 
4460 1363 2149 1915 2549 
4461 2097 2385 2020 2718 
4462 1563 1596 1988 2376 
4463 2075 2629 1871 2701 
4464 835 2286 1949 2346 
4465 452 1941 2060 2482 
4466 2001 2273 1169 2730 
4467 1207 1966 1286 2117 
4468 1251 1269 2019 2291 
4469 2024 2264 1958 2405 
4470 1962 2121 1149 2389 
4471 782 2067 1949 2286 
4472 2062 1238 2396 2630 
4473 2316 2341 1167 2414 
4474 376 375 1946 2542 
4475 2049 2284 1684 2287 
4476 2044 2133 1095 2492 
4477 1768 2113 1969 2219 
4478 1933 1393 2234 2692 
4479 2100 2564 2091 2740 
4480 1246 2250 1921 2360 
4481 1878 2167 2067 2203 
4482 1537 2105 1961 2120 
4483 1969 1833 2113 2600 
4484 1916 2239 1872 2268 
4485 1013 2275 2191 2497 
4486 1111 1963 1169 2273 
4487 1842 2284 2102 2335 
4488 1864 2194 2096 2272 
4489 1886 2040 2109 2362 
4490 45 2199 2165 2621 
4491 518 850 522 2332 
4492 1813 1952 2143 2493 
4493 192 193 2110 2439 
4494 931 2259 2224 2392 
4495 2018 1854 2302 2388 
4496 413 1935 2261 2441 
4497 1040 1961 2484 2677 
4498 2228 2370 1991 2436 
4499 2155 2179 896 2388 
4500 1840 2044 1973 2198 
4501 914 896 2179 2388 
4502 1901 2058 1933 2427 
4503 2138 2244 1879 2658 
4504 2010 2331 722 2332 
4505 1393 1418 1394 1933 
4506 558 668 2152 2721 
4507 1847 2138 1952 2140 
4508 1983 2063 2281 2617 
4509 721 2010 2200 2248 
4510 2120 1961 2484 2552 
4511 1728 1778 1798 2360 
4512 1881 1961 2366 2648 
4513 1949 1826 2286 2745 
4514 1824 1943 2391 2641 
4515 1871 2014 1999 2561 
4516 1728 2250 1067 2360 
4517 289 1364 1366 1401 
4518 1979 2230 1074 2627 
4519 1269 2019 2291 2381 
4520 1817 2000 1979 2643 
4521 1386 2316 1894 2341 
4522 1718 2076 2420 2521 
4523 479 1937 485 2433 
4524 1184 1354 2149 2495 
4525 1822 1983 2140 2617 
4526 1172 1238 2396 2467 
4527 1981 2288 1860 2351 
4528 811 1543 659 2101 
4529 1109 1941 2243 2429 
4530 1935 2441 413 2543 
4531 1718 1704 1666 2521 
4532 1189 2230 2198 2492 
4533 731 730 696 2039 
4534 1385 1471 1464 2369 
4535 358 2405 2024 2557 
4536 1876 1997 2069 2353 
4537 1421 2416 2172 2606 
4538 935 1957 2045 2480 
4539 1640 2158 1922 2346 
4540 2147 2418 1876 2421 
4541 2060 2482 1925 2544 
4542 2047 2090 773 2266 
4543 1050 2166 1053 2435 
4544 1997 2348 2291 2421 
4545 2180 2291 1848 2381 
4546 1885 2149 2091 2451 
4547 1823 1894 1980 2215 
4548 1860 2057 1943 2309 
4549 1230 1105 2161 2527 
4550 452 1941 456 2419 
4551 2184 2213 1928 2229 
4552 825 1957 915 2297 
4553 1154 1108 1908 2623 
4554 359 1506 1515 1958 
4555 1529 2163 1555 2322 
4556 1826 1922 2254 2608 
4557 1824 2415 2340 2455 
4558 885 2003 887 2374 
4559 721 2010 822 2200 
4560 1842 2167 2080 2352 
4561 493 1902 2122 2729 
4562 431 2315 429 2419 
4563 1067 2250 1246 2360 
4564 1964 2375 2250 2531 
4565 1835 1974 2065 2336 
4566 806 847 2330 2728 
4567 1991 2370 1889 2436 
4568 1827 2057 1972 2680 
4569 1105 2161 1954 2357 
4570 1854 2018 1900 2134 
4571 1162 1951 2056 2527 
4572 422 400 454 1963 
4573 1822 1994 2140 2572 
4574 1411 1410 1450 2605 
4575 1840 2225 2162 2559 
4576 1415 2416 1938 2473 
4577 1842 1939 2285 2483 
4578 1906 2089 2414 2496 
4579 1824 2037 2415 2455 
4580 1831 2411 1918 2669 
4581 1852 2045 2252 2532 
4582 1912 1836 2053 2368 
4583 1822 2140 1952 2572 
4584 1877 2037 1972 2196 
4585 733 2068 747 2424 
4586 1921 1303 2147 2250 
4587 1847 2013 2140 2281 
4588 1822 2140 1983 2474 
4589 1876 2418 2353 2675 
4590 1842 2285 2012 2483 
4591 2140 2402 1994 2434 
4592 1944 2142 1927 2443 
4593 1798 2375 1921 2472 
4594 1836 1912 2097 2545 
4595 1837 2362 2030 2553 
4596 685 2164 686 2233 
4597 1476 1460 1948 2605 
4598 1552 1551 2638 2695 
4599 2194 2207 644 2272 
4600 1931 1830 2036 2255 
4601 1909 1975 2231 2498 
4602 754 1985 760 2321 
4603 902 2092 905 2586 
4604 1245 1921 2147 2418 
4605 1746 1911 2245 2385 
4606 1109 1168 1941 2429 
4607 1872 2239 2071 2268 
4608 1813 2017 1952 2493 
4609 2129 2079 2300 2607 
4610 1894 1823 2089 2215 
4611 538 2254 2046 2338 
4612 492 2122 2173 2729 
4613 1824 1929 2037 2455 
4614 1471 2369 2005 2413 
4615 2162 2225 1898 2559 
4616 1231 1070 2570 2654 
4617 1690 1932 1681 2584 
4618 938 2293 1919 2709 
4619 419 2334 1954 2441 
4620 947 969 956 2221 
4621 1452 1402 1429 2195 
4622 1816 2408 1939 2423 
4623 1921 2250 1798 2360 
4624 1994 2239 2069 2325 
4625 476 477 461 2199 
4626 1217 1109 1941 2593 
4627 1836 1995 2068 2093 
4628 1838 2106 2547 2675 
4629 1084 2192 1930 2262 
4630 821 789 2372 2445 
4631 1850 2038 1910 2340 
4632 2210 2228 732 2370 
4633 1878 2203 2067 2372 
4634 1834 1982 1915 2182 
4635 1818 1880 2002 2107 
4636 1858 2120 2484 2552 
4637 2211 2320 503 2699 
4638 539 1971 538 2338 
4639 2001 2214 454 2437 
4640 2019 1848 2291 2381 
4641 931 2283 2259 2392 
4642 1950 2124 1923 2273 
4643 1759 2250 1758 2375 
4644 1813 2051 1943 2312 
4645 1291 1255 1224 2022 
4646 771 854 722 2739 
4647 515 492 494 2173 
4648 666 825 828 2179 
4649 1940 411 2261 2334 
4650 1108 1154 1908 2465 
4651 789 2292 2152 2445 
4652 1466 1449 2359 2605 
4653 50 1925 2428 2742 
4654 1431 2088 1463 2341 
4655 370 2525 371 2573 
4656 1975 2065 1974 2525 
4657 2007 2256 362 2554 
4658 1939 1842 2423 2483 
4659 1814 2125 1977 2604 
4660 1824 2038 1985 2504 
4661 1211 1167 2341 2414 
4662 1452 2131 1960 2611 
4663 2016 2484 2000 2688 
4664 739 740 2157 2444 
4665 1904 2044 2133 2403 
4666 2078 2468 1989 2535 
4667 1939 2139 2207 2408 
4668 1850 2181 1996 2738 
4669 1857 2355 2026 2703 
4670 548 52 553 1986 
4671 1814 2036 2125 2171 
4672 1901 1915 2195 2236 
4673 1552 2638 2047 2695 
4674 1847 2281 2140 2474 
4675 1246 1921 1245 2418 
4676 499 518 2332 2739 
4677 1909 2498 2083 2646 
4678 1818 1880 2107 2712 
4679 452 2060 1941 2419 
4680 1162 1239 2056 2657 
4681 821 1971 662 2445 
4682 1749 1911 1746 2385 
4683 2129 2181 1916 2402 
4684 670 2164 1987 2233 
4685 1813 1981 1943 2594 
4686 371 2231 1909 2685 
4687 1838 2106 2041 2314 
4688 696 2460 2039 2693 
4689 907 2108 1919 2218 
4690 1244 1964 2147 2250 
4691 476 2033 477 2199 
4692 1105 1232 2161 2357 
4693 1868 2190 2274 2745 
4694 1931 2003 1859 2374 
4695 1154 1153 1108 2623 
4696 1833 2010 1990 2600 
4697 924 2224 931 2259 
4698 1831 2202 2411 2581 
4699 2207 2408 1864 2483 
4700 1943 2309 2037 2404 
4701 1634 2156 1917 2440 
4702 2193 2356 1962 2408 
4703 1537 378 377 2120 
4704 1854 1957 2260 2265 
4705 1813 1998 1981 2310 
4706 1848 2291 1997 2348 
4707 1836 2181 1967 2434 
4708 1927 2142 1944 2654 
4709 1163 1925 1110 2384 
4710 1103 2124 1241 2570 
4711 1728 1067 1778 2360 
4712 1824 2094 1985 2404 
4713 935 1957 910 2045 
4714 1616 2114 1631 2327 
4715 376 375 1532 1946 
4716 1824 1943 2037 2404 
4717 1188 1169 2653 2730 
4718 1816 2139 1939 2408 
4719 811 2101 659 2676 
4720 1955 2257 430 2713 
4721 1363 1915 2149 2495 
4722 1821 1924 2081 2681 
4723 1624 2158 1949 2274 
4724 1197 1125 1982 2197 
4725 1395 1480 1441 2562 
4726 1114 1113 1074 1979 
4727 1856 2299 2011 2329 
4728 1933 1845 2216 2427 
4729 2055 2255 1931 2565 
4730 2288 2488 2351 2633 
4731 1388 1390 1391 2182 
4732 922 2417 2059 2551 
4733 1890 2082 1945 2252 
4734 1151 2193 1962 2476 
4735 2132 2211 804 2410 
4736 1823 2089 1977 2534 
4737 1408 1993 1410 2656 
4738 1818 2107 1960 2712 
4739 1157 2564 1156 2740 
4740 1547 2313 1577 2322 
4741 1850 1910 2038 2269 
4742 1632 2156 1634 2440 
4743 1730 947 1995 2516 
4744 1938 2473 2416 2692 
4745 1909 2231 371 2587 
4746 895 2092 2055 2255 
4747 950 800 2126 2296 
4748 1694 2011 2615 2682 
4749 378 2136 2098 2577 
4750 1833 1969 2010 2600 
4751 1818 1904 2242 2308 
4752 1919 2108 907 2709 
4753 619 2213 2184 2229 
4754 1821 1945 2082 2252 
4755 1881 2105 1961 2648 
4756 555 2339 2220 2485 
4757 1826 2158 1922 2608 
4758 1087 2396 1071 2593 
4759 1682 1690 1681 2584 
4760 1813 2143 1952 2572 
4761 806 1928 2184 2213 
4762 1938 2264 1980 2606 
4763 1018 2099 1012 2241 
4764 1976 2201 1655 2324 
4765 1826 2158 1992 2190 
4766 1188 1169 1111 1963 
4767 1705 1706 1672 2102 
4768 645 2272 1956 2582 
4769 1441 1901 2195 2236 
4770 806 2184 1928 2330 
4771 2069 2239 1916 2268 
4772 598 2184 2152 2409 
4773 413 411 414 2261 
4774 2091 1953 2451 2475 
4775 1466 2359 1383 2605 
4776 44 45 2199 2457 
4777 1818 2242 1880 2712 
4778 522 1806 471 2332 
4779 831 2090 774 2449 
4780 1452 2131 1402 2195 
4781 1431 2172 2088 2341 
4782 2096 2194 644 2272 
4783 1933 1418 2217 2234 
4784 1917 2192 381 2555 
4785 1784 2150 1732 2468 
4786 1826 2158 2190 2745 
4787 1326 1262 1158 1942 
4788 976 2151 1912 2725 
4789 1217 1109 1168 1941 
4790 2095 2107 1880 2519 
4791 1903 2459 2058 2604 
4792 722 2331 850 2332 
4793 1996 1899 2244 2305 
4794 1846 2171 2036 2636 
4795 548 1986 553 2212 
4796 2001 2214 1963 2730 
4797 1092 2507 2044 2733 
4798 886 2255 2003 2727 
4799 1923 2347 2029 2574 
4800 1632 1634 1665 2440 
4801 2065 2188 1974 2525 
4802 1934 1948 1892 2540 
4803 2026 2355 1947 2703 
4804 1500 314 1468 1499 
4805 1474 2226 2137 2656 
4806 1764 2093 1771 2097 
4807 1977 2089 1823 2148 
4808 1819 2181 1996 2187 
4809 1730 1995 947 2053 
4810 1691 2174 1932 2420 
4811 2025 2433 1937 2444 
4812 1269 2291 2180 2381 
4813 313 1373 1468 2512 
4814 430 2257 1955 2315 
4815 618 619 647 2102 
4816 1363 2149 1354 2495 
4817 1904 1156 2100 2740 
4818 620 2012 617 2102 
4819 39 1950 397 2142 
4820 1874 2050 2115 2642 
4821 1924 1821 2279 2655 
4822 1828 1943 2351 2594 
4823 1938 1980 1823 2172 
4824 598 558 2152 2184 
4825 1921 2353 2147 2418 
4826 1110 1925 2243 2384 
4827 786 662 1971 2401 
4828 1812 2002 2107 2154 
4829 467 1729 1990 2332 
4830 2361 2383 2232 2594 
4831 467 1990 1729 2185 
4832 1834 2023 2125 2534 
4833 1894 2341 2316 2414 
4834 880 2386 2349 2479 
4835 2125 2264 2036 2534 
4836 1163 1110 1925 2243 
4837 1896 2093 2068 2222 
4838 2006 2469 49 2482 
4839 1857 1947 2355 2703 
4840 1892 1948 1934 2453 
4841 974 969 951 2296 
4842 1877 1972 2037 2312 
4843 811 1543 2101 2676 
4844 1974 2032 1975 2573 
4845 1133 2347 2070 2511 
4846 443 1935 413 2543 
4847 1951 2290 424 2713 
4848 2232 2383 1828 2594 
4849 887 885 886 2003 
4850 811 2231 1543 2676 
4851 1819 2181 2187 2402 
4852 1832 2095 1920 2519 
4853 1244 1330 1964 2250 
4854 365 1920 2081 2454 
4855 415 413 2441 2543 
4856 1294 2084 1340 2563 
4857 2096 2420 1864 2521 
4858 1532 1946 375 2503 
4859 1875 2204 1988 2376 
4860 1820 1913 2561 2724 
4861 1158 1326 2064 2180 
4862 1848 2180 2381 2588 
4863 1912 2053 1836 2624 
4864 2068 2222 2093 2424 
4865 376 1946 2120 2542 
4866 1477 1495 1380 2226 
4867 1639 2158 2021 2406 
4868 1790 651 1808 2150 
4869 1868 2043 2442 2672 
4870 762 2159 733 2448 
4871 1937 2433 2025 2597 
4872 1871 1999 2225 2686 
4873 1151 1962 1159 2476 
4874 1342 2262 1206 2366 
4875 595 644 2194 2207 
4876 1980 2264 1958 2606 
4877 375 2503 1946 2542 
4878 1836 1916 2268 2545 
4879 1058 1050 1053 2435 
4880 1702 2076 1273 2615 
4881 1956 2356 2193 2408 
4882 2408 2423 2189 2483 
4883 2037 2309 1929 2404 
4884 1065 1739 1795 2653 
4885 2027 1903 2459 2499 
4886 1113 2247 1979 2666 
4887 1830 1931 2036 2426 
4888 1619 2299 1992 2324 
4889 934 2179 2018 2388 
4890 2145 2416 1883 2625 
4891 2058 2459 1903 2499 
4892 1824 2037 1943 2641 
4893 40 39 2142 2438 
4894 1846 2171 2007 2234 
4895 1823 1977 2036 2534 
4896 558 2184 668 2721 
4897 378 2098 2005 2577 
4898 1142 2418 2147 2421 
4899 2180 2249 1942 2588 
4900 1045 1064 2484 2688 
4901 2143 1952 2572 2710 
4902 1619 1992 2299 2327 
4903 1255 2085 2022 2660 
4904 2095 2519 1880 2611 
4905 48 555 2114 2220 
4906 1757 1750 2097 2718 
4907 1604 1641 381 1917 
4908 2244 2393 2013 2439 
4909 1506 1958 359 2169 
4910 1918 1993 1831 2137 
4911 919 1919 2162 2218 
4912 856 1922 2286 2346 
4913 1866 2203 2323 2352 
4914 1393 1418 1933 2234 
4915 1227 1170 1320 2356 
4916 1476 1948 2186 2605 
4917 1927 1944 2443 2654 
4918 999 1010 1013 2191 
4919 1093 2198 2044 2492 
4920 1883 2416 2088 2625 
4921 1137 2088 1883 2089 
4922 1626 1976 1655 2324 
4923 1230 2127 1105 2527 
4924 733 747 845 2424 
4925 1843 2000 2016 2177 
4926 751 2398 2175 2746 
4927 1967 2181 1899 2244 
4928 2114 2220 555 2339 
4929 2050 2115 1889 2361 
4930 1874 2115 2050 2361 
4931 1308 1603 2026 2637 
4932 1848 2249 2180 2588 
4933 754 729 760 1985 
4934 1875 1988 2351 2633 
4935 2210 2313 1895 2622 
4936 863 2055 2275 2333 
4937 1150 1962 1149 2389 
4938 429 2290 1926 2419 
4939 645 1956 2303 2582 
4940 1920 365 2081 2358 
4941 1012 2241 2099 2259 
4942 436 1950 39 2437 
4943 1837 2030 2164 2553 
4944 1206 2263 2117 2342 
4945 1877 2415 2340 2641 
4946 1823 2172 2089 2534 
4947 2071 2569 1897 2617 
4948 41 2061 1927 2443 
4949 647 2102 619 2229 
4950 1730 1804 1767 2053 
4951 1903 1839 2133 2620 
4952 1972 2057 1873 2680 
4953 936 2155 1957 2179 
4954 1302 1199 1137 1883 
4955 805 1987 752 2109 
4956 902 895 2092 2586 
4957 663 805 195 1987 
4958 1821 2081 1893 2103 
4959 2063 2569 2071 2617 
4960 1363 1915 2236 2549 
4961 50 49 2006 2742 
4962 1938 1823 1980 2264 
4963 961 1967 2151 2368 
4964 41 1927 2142 2443 
4965 1484 1472 1276 2145 
4966 1939 584 2280 2285 
4967 882 2349 880 2386 
4968 1919 2104 1840 2559 
4969 645 2303 1956 2632 
4970 1883 2089 2172 2534 
4971 1434 2217 2009 2237 
4972 1971 2046 1826 2254 
4973 2104 2208 2154 2464 
4974 1283 2413 1190 2666 
4975 1768 1762 2113 2219 
4976 1428 1444 1495 2160 
4977 669 835 837 1949 
4978 1730 1767 1797 1995 
4979 2014 2206 1999 2561 
4980 1818 1904 2308 2499 
4981 1821 1893 2081 2715 
4982 1902 2200 2122 2537 
4983 1547 1991 2313 2322 
4984 584 582 1939 2280 
4985 1840 2306 2170 2698 
4986 1409 2144 2028 2548 
4987 557 2012 650 2194 
4988 1840 2225 2170 2306 
4989 686 2164 670 2233 
4990 976 2151 963 2580 
4991 508 1929 2267 2399 
4992 1798 2250 1921 2375 
4993 1987 1837 2109 2505 
4994 843 2200 462 2320 
4995 1822 2170 1983 2663 
4996 1822 2063 1983 2617 
4997 1922 2021 2254 2608 
4998 1972 2037 1827 2466 
4999 1245 2147 1142 2418 
5000 1953 2226 1474 2517 
5001 1863 1927 2590 2610 
5002 894 2018 905 2092 
5003 722 812 850 2331 
5004 1094 1095 2044 2133 
5005 1132 2511 1923 2574 
5006 1826 2046 1971 2203 
5007 1114 1979 1074 2627 
5008 2034 2092 889 2255 
5009 2045 2108 1852 2252 
5010 1882 2108 2045 2252 
5011 1824 2037 1929 2404 
5012 1764 2093 2097 2219 
5013 1829 2071 2239 2268 
5014 685 686 2164 2746 
5015 1223 1163 1110 2384 
5016 1105 1954 1076 2357 
5017 806 2330 1928 2728 
5018 508 2267 2094 2399 
5019 1868 1928 2330 2700 
5020 1705 2102 2284 2335 
5021 1867 2589 2061 2610 
5022 1022 941 818 2090 
5023 739 2210 1895 2622 
5024 1547 1577 1548 2322 
5025 1970 2054 1863 2178 
5026 1932 2189 2174 2329 
5027 1907 2233 2164 2746 
5028 1833 2504 2300 2537 
5029 467 521 510 2332 
5030 1541 2072 357 2241 
5031 1847 2462 2281 2474 
5032 1735 977 1759 2531 
5033 1824 1985 2038 2391 
5034 1912 1836 2097 2624 
5035 1963 2367 400 2670 
5036 1904 2154 2133 2499 
5037 1818 2107 2154 2592 
5038 2061 2589 2394 2610 
5039 1563 1540 2376 2514 
5040 2158 2274 2190 2745 
5041 1876 2348 1997 2421 
5042 1841 1934 2724 2744 
5043 2259 2283 2224 2392 
5044 1681 1932 2284 2584 
5045 837 669 1949 2506 
5046 1791 1768 1969 2219 
5047 1968 2300 2504 2537 
5048 482 508 507 1929 
5049 1421 1455 1415 2606 
5050 1836 2053 1995 2093 
5051 2394 2589 1863 2610 
5052 969 2221 1995 2296 
5053 630 1936 2390 2409 
5054 1151 1149 1150 1962 
5055 2098 2136 2005 2577 
5056 1084 2262 1930 2263 
5057 1229 2447 1970 2679 
5058 1791 2222 1969 2566 
5059 1632 1665 2114 2440 
5060 1869 2304 1979 2411 
5061 1839 2044 2104 2403 
5062 2181 2244 1967 2434 
5063 645 559 2272 2582 
5064 2332 2613 499 2739 
5065 1951 2467 1127 2657 
5066 1831 1993 1918 2411 
5067 1252 1229 1970 2679 
5068 447 1926 429 2290 
5069 1813 2057 1972 2312 
5070 1252 1970 2371 2421 
5071 1894 2089 2088 2341 
5072 2127 2527 1349 2684 
5073 2115 2558 1844 2642 
5074 1825 2105 1961 2639 
5075 1829 2147 1964 2375 
5076 1920 2237 2009 2279 
5077 1904 2492 1156 2740 
5078 1875 2199 2165 2488 
5079 1092 2044 1093 2733 
5080 721 854 822 2010 
5081 885 2349 2003 2374 
5082 1950 2437 1923 2438 
5083 1992 2190 2158 2274 
5084 1936 2203 1878 2372 
5085 424 2334 1951 2364 
5086 51 1925 50 2482 
5087 1133 1135 2070 2347 
5088 1981 2057 1860 2288 
5089 1839 2238 1903 2499 
5090 1390 1388 1389 2182 
5091 1435 2095 2086 2251 
5092 1947 2355 2114 2546 
5093 976 2580 963 2665 
5094 1346 1219 1296 2226 
5095 2063 2617 2071 2640 
5096 1553 2105 1537 2120 
5097 1820 2498 1909 2646 
5098 1303 1921 1246 2250 
5099 1458 2144 2032 2343 
5100 2001 2379 2029 2574 
5101 1543 2231 2101 2676 
5102 1541 357 2072 2471 
5103 1394 2217 2216 2541 
5104 1889 2210 2232 2361 
5105 1977 2125 2036 2534 
5106 2026 2389 1857 2703 
5107 1750 2020 2385 2718 
5108 508 1929 482 2267 
5109 365 2081 2344 2454 
5110 2037 2415 1877 2641 
5111 2001 2029 2379 2568 
5112 465 722 518 2739 
5113 947 1787 981 2516 
5114 1162 2527 2056 2578 
5115 2044 2507 1973 2733 
5116 1071 1930 1084 2192 
5117 891 2283 1931 2565 
5118 1972 2196 2037 2466 
5119 557 617 650 2012 
5120 1385 2005 1471 2369 
5121 1624 1658 1949 2346 
5122 1904 2133 2044 2492 
5123 1340 2084 1294 2671 
5124 1966 2117 1207 2263 
5125 1553 1572 2105 2376 
5126 1855 1956 2139 2408 
5127 1855 2356 1956 2408 
5128 315 1378 1506 2169 
5129 1408 2137 1993 2656 
5130 1927 1863 2124 2447 
5131 1829 1921 2147 2375 
5132 1955 2315 1941 2419 
5133 1936 1878 2152 2372 
5134 1095 1156 2492 2740 
5135 2014 2135 1871 2387 
5136 910 1957 936 2155 
5137 1795 2214 1257 2653 
5138 1847 2138 2140 2705 
5139 1961 2105 1881 2639 
5140 1200 1212 1982 2145 
5141 835 1949 669 2346 
5142 1847 2013 2281 2462 
5143 1822 1942 2064 2325 
5144 731 739 730 2210 
5145 1922 2158 2021 2608 
5146 367 2188 2086 2344 
5147 1941 2317 2060 2429 
5148 671 2233 2066 2398 
5149 1145 2180 1269 2291 
5150 1555 2163 1991 2322 
5151 739 2313 2210 2622 
5152 1855 2277 2356 2408 
5153 2105 2165 1586 2648 
5154 949 2123 1964 2665 
5155 1905 2298 2085 2620 
5156 1999 2206 2065 2501 
5157 2009 2081 1920 2279 
5158 1840 2162 1919 2559 
5159 2051 2422 1952 2558 
5160 1942 2381 2180 2588 
5161 2160 1918 2656 2673 
5162 1901 1933 2216 2427 
5163 1468 2007 1425 2169 
5164 1822 2249 1942 2325 
5165 1916 2129 2079 2181 
5166 1700 2011 1645 2201 
5167 1045 2484 2016 2688 
5168 1885 1915 2195 2308 
5169 938 1919 907 2709 
5170 976 2130 2580 2665 
5171 818 831 1002 2090 
5172 453 399 2315 2555 
5173 1888 2256 2007 2554 
5174 2013 2393 2244 2432 
5175 1883 2145 1199 2197 
5176 1856 2026 1962 2476 
5177 1577 1548 2313 2622 
5178 381 1917 1641 2192 
5179 2000 2016 1858 2484 
5180 1912 2151 2268 2368 
5181 1936 2292 561 2618 
5182 1949 2067 782 2442 
5183 1313 2073 928 2392 
5184 1850 1968 2129 2300 
5185 895 2055 913 2255 
5186 1586 2165 2105 2514 
5187 2117 2263 1881 2342 
5188 1916 2069 1994 2239 
5189 1885 2091 1953 2451 
5190 1132 1923 1131 2574 
5191 584 582 586 1939 
5192 1968 1833 2300 2537 
5193 1190 2005 1104 2247 
5194 1244 2147 1303 2250 
5195 316 1378 1491 1958 
5196 669 2346 1949 2506 
5197 2132 2378 2038 2391 
5198 195 925 1987 2109 
5199 2141 2443 2061 2694 
5200 1821 2081 1924 2279 
5201 620 617 560 2102 
5202 1880 2028 2131 2242 
5203 1286 1209 2117 2258 
5204 1432 1376 1435 2095 
5205 2050 2530 2310 2594 
5206 2018 2134 1854 2616 
5207 1563 1988 1573 2458 
5208 456 2315 1941 2482 
5209 1994 2402 1916 2434 
5210 1276 1034 1484 2625 
5211 1422 1445 2473 2692 
5212 2063 1897 2569 2617 
5213 1895 1548 2322 2458 
5214 740 739 731 2444 
5215 476 2128 2033 2199 
5216 2040 2109 1837 2505 
5217 1882 2034 2003 2087 
5218 2091 2564 1157 2740 
5219 1380 1028 1219 2160 
5220 1251 1269 1058 2019 
5221 1255 2022 1291 2660 
5222 1105 1076 1232 2357 
5223 1386 1470 1431 2452 
5224 381 2555 2192 2567 
5225 1390 2023 2182 2377 
5226 2060 2429 1925 2482 
5227 1040 1961 2176 2484 
5228 2282 1914 2724 2744 
5229 1915 1982 1834 2289 
5230 1814 2036 2171 2636 
5231 891 1931 2283 2374 
5232 728 2109 752 2553 
5233 432 2469 2315 2482 
5234 1428 1918 2226 2656 
5235 840 2157 2444 2597 
5236 38 2437 39 2438 
5237 1251 2291 2019 2679 
5238 1817 2000 2177 2304 
5239 961 958 1967 2368 
5240 1858 2016 2000 2177 
5241 1934 1841 2163 2503 
5242 399 46 1930 2555 
5243 1854 2155 1957 2265 
5244 508 507 1929 2694 
5245 1396 2216 1394 2217 
5246 2224 2283 1906 2392 
5247 582 1939 2280 2632 
5248 809 974 951 2296 
5249 1441 2195 1901 2562 
5250 1419 2172 1421 2416 
5251 1901 2216 1933 2541 
5252 1749 1911 2385 2472 
5253 2021 2046 1865 2485 
5254 700 2030 704 2164 
5255 361 2008 2007 2169 
5256 1882 2252 2045 2265 
5257 1932 2284 2049 2287 
5258 1633 2156 1632 2355 
5259 368 2086 367 2188 
5260 1133 1135 1134 2070 
5261 1133 2070 1134 2511 
5262 1885 2451 1401 2549 
5263 2045 2265 2252 2532 
5264 1205 1040 1961 2176 
5265 1822 1942 2249 2710 
5266 41 1927 2061 2590 
5267 1906 2099 1861 2259 
5268 1868 2146 1928 2700 
5269 1823 2036 2264 2534 
5270 2052 2243 1109 2593 
5271 1860 2351 2288 2488 
5272 1813 1952 2017 2558 
5273 1988 2530 2351 2633 
5274 1841 2310 2050 2530 
5275 2195 2308 1915 2459 
5276 415 443 413 2543 
5277 1901 2195 1915 2459 
5278 1817 2000 2075 2177 
5279 2031 2300 1833 2504 
5280 1851 2188 2065 2525 
5281 1622 1992 1621 2158 
5282 856 1922 826 2286 
5283 916 2109 819 2297 
5284 1872 2071 2151 2268 
5285 1197 1125 2197 2289 
5286 1933 2217 2171 2234 
5287 1817 2075 2000 2643 
5288 1066 1086 2052 2664 
5289 1401 1885 1400 2195 
5290 1838 2314 2041 2379 
5291 1904 2100 1156 2492 
5292 1838 1911 2183 2675 
5293 1822 2064 1942 2710 
5294 40 2438 2142 2590 
5295 191 2162 2462 2716 
5296 2061 2394 1863 2610 
5297 2233 2398 1907 2576 
5298 1934 2304 1948 2540 
5299 1699 1646 1976 2201 
5300 1512 2452 1386 2644 
5301 1162 1127 1239 2657 
5302 1752 2214 2001 2730 
5303 1992 2158 1622 2274 
5304 463 846 503 2211 
5305 654 1986 628 2212 
5306 364 2081 365 2358 
5307 1876 2069 1997 2348 
5308 1746 2463 1911 2704 
5309 1730 1787 947 2516 
5310 846 657 827 2211 
5311 1040 2484 1038 2677 
5312 1831 1904 2242 2581 
5313 880 2386 2479 2709 
5314 518 722 850 2332 
5315 1969 2566 2222 2631 
5316 1973 1840 2198 2733 
5317 44 2199 2074 2457 
5318 529 561 2292 2618 
5319 1946 2503 1934 2542 
5320 452 2060 401 2482 
5321 1825 2288 1981 2633 
5322 41 2061 2443 2694 
5323 1839 2154 2104 2208 
5324 1907 1837 2164 2240 
5325 2061 2590 1927 2610 
5326 1411 2605 2186 2656 
5327 1820 1913 2206 2561 
5328 973 946 1780 2725 
5329 1051 1053 2166 2345 
5330 1906 2224 1316 2414 
5331 1946 1825 2105 2120 
5332 1131 1923 1132 2273 
5333 671 2066 2233 2683 
5334 1828 2351 1988 2530 
5335 1941 2294 1955 2419 
5336 1823 1906 2307 2496 
5337 1932 2012 1842 2284 
5338 1750 1772 2097 2385 
5339 364 2081 2554 2579 
5340 1852 2108 2045 2461 
5341 578 1986 2116 2303 
5342 2172 2416 1938 2606 
5343 1832 2086 1920 2095 
5344 1068 1329 2227 2429 
5345 1084 1930 1208 2263 
5346 1204 1104 2098 2247 
5347 891 887 892 1931 
5348 84 1628 85 2021 
5349 936 896 2155 2179 
5350 1706 1705 1686 2728 
5351 925 1987 2109 2505 
5352 762 2448 733 2631 
5353 1851 2065 1975 2525 
5354 1108 2465 1908 2623 
5355 1904 2100 2091 2740 
5356 1170 2193 1171 2521 
5357 1861 2055 2024 2426 
5358 1054 1927 2345 2654 
5359 1142 2147 1997 2421 
5360 1205 2176 1961 2342 
5361 1923 2347 2070 2674 
5362 1159 1193 2026 2389 
5363 39 397 40 2142 
5364 1825 1981 2288 2571 
5365 1834 2023 1933 2125 
5366 1948 2311 1934 2453 
5367 1189 2230 2492 2627 
5368 1867 2054 2589 2610 
5369 1736 1806 850 2332 
5370 493 462 2200 2320 
5371 586 1939 582 2632 
5372 2094 2267 1929 2399 
5373 1920 1845 2237 2279 
5374 1895 2313 1991 2322 
5375 1984 2198 1129 2230 
5376 2077 2143 1952 2493 
5377 1372 1974 1439 2251 
5378 455 445 402 2078 
5379 2034 2155 888 2388 
5380 1262 1942 2246 2278 
5381 1512 320 1386 2452 
5382 51 52 1986 2116 
5383 2047 2456 1900 2528 
5384 46 1930 2555 2567 
5385 1699 1976 1716 2201 
5386 1072 1477 1219 2226 
5387 1839 2104 1919 2208 
5388 1848 1997 2069 2348 
5389 2224 2259 1906 2283 
5390 2000 1858 2247 2484 
5391 2018 2092 1900 2533 
5392 1970 1863 2054 2610 
5393 419 1954 2334 2477 
5394 2135 1871 2387 2598 
5395 367 2188 2344 2382 
5396 1955 2396 2062 2467 
5397 1363 2236 1915 2495 
5398 1694 1673 1714 2682 
5399 1906 1861 2099 2215 
5400 1475 1435 1376 2454 
5401 2037 2455 1929 2635 
5402 1394 1933 2217 2541 
5403 1493 1982 1430 2145 
5404 868 2109 2040 2505 
5405 2044 2198 1093 2733 
5406 1903 2133 2318 2620 
5407 1892 2343 1449 2359 
5408 1975 371 2525 2573 
5409 1947 1615 2355 2470 
5410 919 907 938 1919 
5411 1837 2135 2240 2271 
5412 1819 2244 2138 2658 
5413 1515 1958 1491 2557 
5414 2092 2586 2055 2723 
5415 1008 2241 2259 2333 
5416 1936 1971 2203 2372 
5417 1960 1880 2519 2611 
5418 1901 2541 1441 2562 
5419 1782 1808 460 2150 
5420 1155 1674 1702 2118 
5421 1830 2036 2264 2426 
5422 1367 1183 1212 1982 
5423 1374 1476 1460 1948 
5424 508 1929 2399 2694 
5425 1512 1386 2316 2644 
5426 1842 1928 2102 2229 
5427 1897 2239 2071 2617 
5428 1451 1420 1414 2625 
5429 2089 2425 1977 2534 
5430 1196 1167 2316 2341 
5431 1974 2144 1439 2251 
5432 1818 2154 1904 2499 
5433 3 2114 1665 2440 
5434 1563 2376 2204 2514 
5435 895 889 2092 2255 
5436 1893 1821 2103 2478 
5437 941 874 690 2090 
5438 2102 2229 620 2285 
5439 1486 2172 1431 2452 
5440 1871 2135 2014 2561 
5441 890 2349 885 2374 
5442 1886 2040 2362 2480 
5443 580 2280 1986 2632 
5444 1646 1655 1976 2201 
5445 1852 2045 2040 2461 
5446 1085 2052 1109 2593 
5447 1402 1401 1400 2195 
5448 1931 2255 887 2565 
5449 1980 2405 2264 2426 
5450 1820 2206 1975 2498 
5451 1952 2143 2077 2710 
5452 1821 2081 2103 2681 
5453 645 1956 2207 2632 
5454 821 2372 1971 2445 
5455 1979 2411 2202 2581 
5456 1983 2063 1822 2663 
5457 1458 1494 1440 2573 
5458 1834 2459 2289 2604 
5459 1834 2289 2350 2604 
5460 1940 2261 2127 2334 
5461 896 888 2155 2388 
5462 1920 2095 2086 2454 
5463 1724 2718 2624 2725 
5464 401 2060 450 2544 
5465 2085 2298 1905 2349 
5466 1627 86 85 2339 
5467 1938 1958 2264 2606 
5468 2068 2221 1899 2749 
5469 935 2297 1957 2480 
5470 353 1334 1021 2223 
5471 1976 2043 1868 2672 
5472 889 2092 2034 2388 
5473 1912 2020 2268 2580 
5474 1850 1910 2187 2340 
5475 2028 2242 1880 2365 
5476 1843 2177 1998 2493 
5477 1759 1758 1735 2375 
5478 642 2060 613 2227 
5479 961 2151 959 2368 
5480 1960 2131 2562 2712 
5481 2071 2569 2063 2640 
5482 1022 1016 941 2090 
5483 2081 2082 1920 2279 
5484 1254 1286 1207 1966 
5485 1829 2268 2020 2580 
5486 2299 2329 1856 2470 
5487 1194 2272 2193 2521 
5488 976 968 2130 2665 
5489 1624 2158 1657 2346 
5490 430 1955 429 2315 
5491 1880 1832 2251 2336 
5492 1449 2343 1892 2605 
5493 1970 2610 2466 2679 
5494 890 885 887 2374 
5495 1993 2343 1410 2605 
5496 1395 1441 2541 2562 
5497 1754 2035 2183 2568 
5498 613 1068 591 2227 
5499 2145 2377 1883 2416 
5500 50 1925 51 2428 
5501 1359 1183 1367 1982 
5502 1985 2320 2211 2699 
5503 1050 1051 1053 2166 
5504 452 401 456 2482 
5505 1820 2561 2270 2724 
5506 1412 1953 1474 2517 
5507 699 2446 2164 2746 
5508 961 959 958 2368 
5509 470 2314 2041 2726 
5510 1853 1932 2329 2609 
5511 2151 2268 1967 2434 
5512 1855 2139 2277 2408 
5513 510 1796 1729 2332 
5514 1697 1704 1718 2521 
5515 601 409 572 2150 
5516 2049 2190 2167 2609 
5517 2156 2355 1857 2440 
5518 1574 371 2231 2587 
5519 1832 2107 2095 2519 
5520 645 2207 594 2632 
5521 2150 2430 631 2450 
5522 1705 2284 1683 2335 
5523 1634 1917 2156 2634 
5524 2191 2275 1849 2497 
5525 822 2010 854 2739 
5526 1942 1843 2278 2626 
5527 933 866 934 2018 
5528 1984 2230 2075 2295 
5529 1940 2527 2127 2684 
5530 1476 2186 1948 2369 
5531 1990 2010 1833 2613 
5532 1401 1885 2131 2209 
5533 1094 2044 1093 2507 
5534 368 2188 367 2382 
5535 1923 1132 2273 2511 
5536 1843 2177 2016 2626 
5537 1849 2055 2586 2723 
5538 806 1928 2213 2728 
5539 2127 2261 1935 2441 
5540 2206 2561 1913 2724 
5541 1971 2372 1936 2445 
5542 1832 1920 2082 2519 
5543 1922 2346 856 2407 
5544 2310 2724 1914 2744 
5545 1801 2360 2486 2704 
5546 1363 2236 2495 2722 
5547 1043 1317 2076 2521 
5548 1975 371 2573 2685 
5549 1999 2202 2002 2581 
5550 1962 2356 2277 2408 
5551 601 444 2150 2450 
5552 1944 1075 2357 2741 
5553 36 1733 2001 2568 
5554 2114 1857 2355 2440 
5555 1839 1903 2238 2620 
5556 1235 2127 1935 2736 
5557 1262 1326 1154 2064 
5558 682 866 2018 2266 
5559 732 2210 859 2228 
5560 375 1934 2503 2542 
5561 1092 1093 2044 2507 
5562 1843 1914 2177 2493 
5563 2283 2307 2073 2374 
5564 1109 2052 1085 2243 
5565 434 429 447 1926 
5566 862 2162 191 2716 
5567 1694 2011 2174 2615 
5568 1132 1133 2511 2574 
5569 1919 2108 1852 2218 
5570 1390 2182 1389 2377 
5571 1244 1303 1330 2250 
5572 862 2218 2162 2716 
5573 2024 2055 1861 2072 
5574 1814 2171 2087 2636 
5575 1071 1066 2052 2192 
5576 2311 2453 375 2542 
5577 2048 2166 1053 2345 
5578 378 377 2136 2577 
5579 1254 1966 1207 2263 
5580 1813 1972 2143 2572 
5581 195 944 925 2109 
5582 1045 2016 1060 2688 
5583 427 1951 424 2713 
5584 1840 2170 1984 2465 
5585 1820 2270 1913 2724 
5586 584 2080 585 2280 
5587 1158 2180 1942 2381 
5588 2085 2298 2235 2620 
5589 1995 2053 1836 2221 
5590 47 1604 382 2555 
5591 1914 2177 1934 2301 
5592 891 887 1931 2374 
5593 374 375 2311 2453 
5594 399 1930 2257 2315 
5595 1494 2144 1458 2343 
5596 1052 928 1313 2073 
5597 2349 2386 1905 2479 
5598 700 2030 2164 2446 
5599 2359 2453 2380 2685 
5600 2195 2562 2131 2712 
5601 1845 1933 2216 2217 
5602 2013 2281 987 2432 
5603 913 2255 2055 2565 
5604 412 411 1940 2334 
5605 434 429 1926 2419 
5606 2090 2275 999 2586 
5607 1463 1431 1420 2088 
5608 1888 2279 2265 2655 
5609 2021 2158 1639 2585 
5610 1085 1066 1086 2052 
5611 2057 2288 1981 2571 
5612 1678 2012 2194 2584 
5613 1557 1581 1541 2241 
5614 1969 2222 2219 2631 
5615 1316 2392 1906 2496 
5616 435 1989 449 2450 
5617 1920 2082 2081 2715 
5618 1814 1977 2298 2604 
5619 1151 1161 2193 2476 
5620 1488 1378 2169 2473 
5621 1004 1003 998 2224 
5622 1069 1075 1944 2654 
5623 1061 1944 1075 2654 
5624 1363 1354 1358 2495 
5625 630 599 1936 2409 
5626 1200 2145 1982 2197 
5627 1837 2240 1907 2271 
5628 1992 2042 1826 2190 
5629 593 2229 2184 2409 
5630 1746 1911 1749 2704 
5631 1831 2100 1904 2581 
5632 1453 1430 1472 2145 
5633 1856 2011 2299 2470 
5634 745 1957 825 2297 
5635 1558 1961 1537 2366 
5636 987 2013 192 2281 
5637 1259 1153 2064 2084 
5638 1092 1094 1093 2507 
5639 2129 2340 1877 2415 
5640 1002 1022 818 2090 
5641 2045 2108 1882 2602 
5642 821 786 662 1971 
5643 1883 2089 2088 2172 
5644 2152 1936 2372 2445 
5645 1975 2573 2032 2685 
5646 1995 2093 1797 2424 
5647 1995 2221 2068 2749 
5648 1820 1907 2135 2271 
5649 1693 1714 2011 2174 
5650 950 2126 971 2296 
5651 1094 1095 1093 2044 
5652 1746 2245 1911 2463 
5653 2002 2202 1999 2501 
5654 2160 2226 1918 2400 
5655 682 772 866 2266 
5656 919 907 1919 2218 
5657 49 48 2006 2220 
5658 1892 2359 1449 2605 
5659 501 486 2128 2204 
5660 1120 1157 1156 2740 
5661 1833 2031 2504 2537 
5662 1824 2094 1929 2455 
5663 2089 2148 1977 2425 
5664 1943 2309 2057 2312 
5665 1973 2044 1839 2507 
5666 1393 1933 1394 2541 
5667 1864 2408 2189 2483 
5668 1531 1571 386 2619 
5669 1997 2180 1144 2291 
5670 1434 2009 1384 2237 
5671 1604 381 382 2555 
5672 1907 2271 1820 2646 
5673 1205 2366 1961 2677 
5674 1859 2148 1977 2307 
5675 2098 2484 1961 2677 
5676 774 773 834 2090 
5677 961 2151 1967 2432 
5678 2019 2466 2610 2679 
5679 2136 2247 1869 2304 
5680 1867 2394 2061 2589 
5681 904 2275 2055 2586 
5682 2015 2117 1119 2526 
5683 757 756 2305 2524 
5684 1624 1949 1658 2274 
5685 1534 371 1574 2587 
5686 1484 1453 1472 2145 
5687 1969 2113 1833 2649 
5688 1474 1412 1370 1953 
5689 1826 2042 1992 2608 
5690 1547 1529 1555 2322 
5691 1888 2007 2171 2650 
5692 1696 2194 1697 2420 
5693 448 605 600 2060 
5694 1251 2019 1058 2679 
5695 1281 1349 2527 2684 
5696 1822 1952 2077 2710 
5697 1980 2557 1375 2606 
5698 1970 1863 2070 2178 
5699 1843 2246 1942 2278 
5700 1934 2177 1817 2301 
5701 1868 2167 2067 2330 
5702 2078 2150 1989 2468 
5703 1764 2219 2097 2732 
5704 1883 2197 1199 2425 
5705 864 1041 917 2085 
5706 1829 2020 2375 2580 
5707 644 2207 595 2272 
5708 580 1986 2303 2632 
5709 1822 2253 2170 2663 
5710 1409 2028 1407 2548 
5711 1942 1843 2626 2710 
5712 650 2194 2012 2652 
5713 1927 2395 2061 2610 
5714 1204 2247 2098 2484 
5715 1170 2193 1194 2272 
5716 1946 2282 1934 2744 
5717 826 1922 856 2407 
5718 1891 2205 2113 2547 
5719 485 484 2433 2597 
5720 1920 2344 2081 2454 
5721 2071 2617 1872 2640 
5722 1646 1655 1626 1976 
5723 1883 2172 2088 2416 
5724 1780 2718 1724 2725 
5725 1655 2201 1636 2324 
5726 1252 2291 1970 2421 
5727 2029 2035 1838 2379 
5728 1400 2195 1885 2549 
5729 1990 1833 2122 2613 
5730 1935 2599 1235 2736 
5731 835 783 782 2286 
5732 1852 2108 1919 2208 
5733 1974 1975 2525 2573 
5734 2033 1943 2383 2404 
5735 1979 2304 1817 2411 
5736 1983 2170 1908 2663 
5737 2088 2089 1894 2172 
5738 1823 1980 2264 2426 
5739 2114 2327 1947 2546 
5740 1679 1669 1678 2012 
5741 444 449 2150 2450 
5742 1069 1061 1075 2654 
5743 863 2055 904 2275 
5744 1821 2478 1893 2715 
5745 36 473 524 2185 
5746 2046 2203 1826 2323 
5747 1867 2610 2061 2635 
5748 1888 2008 2007 2256 
5749 1830 2024 2264 2502 
5750 1767 1771 1764 2093 
5751 632 2116 629 2509 
5752 1406 1403 2028 2209 
5753 1867 2054 2610 2635 
5754 2081 2279 2009 2554 
5755 1640 1657 2158 2346 
5756 917 2085 1041 2660 
5757 2021 1865 2339 2485 
5758 1172 2396 1955 2467 
5759 1985 2132 2038 2391 
5760 1819 2140 2013 2434 
5761 662 527 844 2445 
5762 1840 2170 2465 2698 
5763 515 2173 1959 2726 
5764 882 908 880 2349 
5765 918 2218 2040 2461 
5766 2128 2204 1937 2734 
5767 373 1913 2453 2685 
5768 1834 2289 2197 2350 
5769 378 1537 1558 1961 
5770 1871 1914 2493 2561 
5771 463 2211 503 2699 
5772 1911 2385 2119 2547 
5773 1829 1997 2069 2239 
5774 1548 2458 1895 2622 
5775 1571 2276 386 2619 
5776 2032 2573 371 2685 
5777 1069 1944 1075 2357 
5778 1486 1980 2172 2452 
5779 1975 1835 2065 2206 
5780 1805 1739 1781 2078 
5781 1829 2071 2268 2580 
5782 545 529 2292 2618 
5783 1493 1982 2145 2377 
5784 1834 2350 2197 2604 
5785 1460 1374 1948 2536 
5786 2337 2547 2106 2675 
5787 49 2006 48 2469 
5788 741 2039 2025 2444 
5789 1591 1575 380 2366 
5790 1834 2197 1977 2604 
5791 1977 2148 1823 2307 
5792 1798 1751 2375 2472 
5793 1901 2182 1915 2236 
5794 1162 2056 1240 2578 
5795 902 894 905 2092 
5796 1861 1906 2259 2283 
5797 1973 2417 2059 2733 
5798 1801 2360 1727 2486 
5799 924 931 2224 2392 
5800 1142 1147 1997 2147 
5801 2117 2258 1209 2526 
5802 1273 2076 1317 2476 
5803 382 2555 381 2567 
5804 2072 2471 2024 2723 
5805 1898 2462 2162 2716 
5806 1868 2167 2049 2190 
5807 1838 2035 2314 2379 
5808 436 1950 2437 2670 
5809 976 2368 2151 2725 
5810 400 1963 422 2367 
5811 2265 2279 1821 2655 
5812 759 2269 1910 2560 
5813 1921 2360 1798 2472 
5814 891 1931 892 2565 
5815 1702 1666 2076 2615 
5816 1616 1631 1617 2327 
5817 892 1931 887 2565 
5818 1678 1679 2012 2584 
5819 1923 2124 1950 2438 
5820 1259 1340 2084 2563 
5821 2018 2092 894 2388 
5822 1848 2381 2019 2588 
5823 1839 2104 2154 2403 
5824 1861 2055 2426 2565 
5825 2308 2459 2195 2712 
5826 1697 2096 1704 2521 
5827 1850 2079 2181 2738 
5828 671 2066 673 2398 
5829 614 668 775 2152 
5830 886 2034 2255 2727 
5831 189 2520 2162 2698 
5832 1869 2411 2186 2540 
5833 575 638 2522 2595 
5834 741 2444 2025 2597 
5835 1874 2132 2383 2391 
5836 1825 2120 1946 2282 
5837 1091 1093 2198 2733 
5838 1829 2239 2069 2268 
5839 1466 1383 1449 2605 
5840 507 482 1929 2431 
5841 1920 2086 1832 2344 
5842 1738 2183 2035 2463 
5843 2003 2034 1882 2727 
5844 2055 2333 912 2565 
5845 1694 2011 1714 2174 
5846 1911 2472 1749 2704 
5847 548 526 51 1986 
5848 1969 2113 1768 2600 
5849 2049 2167 1842 2609 
5850 601 2150 631 2450 
5851 1051 2345 2166 2526 
5852 902 904 895 2586 
5853 1190 1869 2247 2666 
5854 358 2405 357 2471 
5855 471 518 522 2332 
5856 2375 2580 2020 2718 
5857 1907 2164 1987 2240 
5858 1137 1883 1199 2425 
5859 1563 1540 1596 2376 
5860 1849 2586 2092 2723 
5861 1833 2113 1990 2690 
5862 1291 1175 2022 2507 
5863 1349 2127 1233 2527 
5864 1973 2198 2044 2733 
5865 846 463 657 2211 
5866 1962 2026 1856 2703 
5867 467 510 1729 2332 
5868 1244 1330 1352 1964 
5869 1981 2351 1943 2594 
5870 1987 2164 1907 2233 
5871 669 1643 2346 2506 
5872 1940 412 2334 2481 
5873 2049 2190 1853 2687 
5874 498 470 1959 2314 
5875 2281 2462 1983 2474 
5876 2074 1881 2165 2488 
5877 1871 2225 2170 2295 
5878 1840 1919 2162 2551 
5879 1872 1916 2268 2434 
5880 1594 2456 1560 2695 
5881 1882 2112 2087 2328 
5882 2099 2414 2215 2644 
5883 697 2068 733 2159 
5884 1987 2233 1907 2240 
5885 1151 1159 1161 2476 
5886 1639 1640 1657 2158 
5887 1443 1920 2358 2454 
5888 1101 2235 2148 2350 
5889 768 2222 1726 2566 
5890 1050 1051 2166 2526 
5891 438 1954 2142 2489 
5892 1974 2188 2065 2336 
5893 2116 2227 629 2509 
5894 663 752 805 1987 
5895 2244 2393 1967 2432 
5896 1946 2105 1825 2633 
5897 195 1987 925 2505 
5898 1829 2069 2119 2268 
5899 2040 2461 2045 2480 
5900 419 414 2334 2441 
5901 2010 2122 1833 2613 
5902 1927 2048 2395 2610 
5903 1910 2038 2378 2391 
5904 1646 1699 1976 2696 
5905 1425 2169 2007 2234 
5906 1839 2133 2154 2499 
5907 1349 2510 2127 2684 
5908 1976 1853 2190 2687 
5909 979 950 800 2126 
5910 1515 316 1491 1958 
5911 2071 2239 1872 2617 
5912 1905 2479 2386 2709 
5913 1999 2581 2002 2686 
5914 1004 2223 1003 2224 
5915 2170 2225 1871 2306 
5916 2137 2226 1918 2656 
5917 1877 2196 2129 2415 
5918 982 1964 949 2531 
5919 2051 2187 1910 2641 
5920 822 2200 2010 2739 
5921 1324 2363 2118 2476 
5922 1994 2069 1916 2708 
5923 1474 1416 1428 2656 
5924 2004 2360 1921 2704 
5925 2056 2522 638 2595 
5926 2047 2638 2111 2695 
5927 1159 1962 1150 2389 
5928 1829 2119 2020 2268 
5929 816 819 2109 2297 
5930 1591 380 2262 2366 
5931 1967 2244 2013 2434 
5932 578 2116 579 2303 
5933 2201 2299 1636 2324 
5934 2132 2410 695 2460 
5935 2002 2242 1904 2581 
5936 1169 2273 2001 2574 
5937 2074 2165 1881 2457 
5938 830 851 682 2616 
5939 817 2047 1568 2449 
5940 885 886 2003 2727 
5941 1736 850 2331 2332 
5942 1119 2117 2015 2342 
5943 521 467 519 1990 
5944 1818 2154 2499 2592 
5945 1865 2046 2021 2608 
5946 1159 2026 1193 2363 
5947 1928 1878 2184 2229 
5948 1830 2264 2024 2426 
5949 1175 2417 2022 2507 
5950 935 2045 910 2480 
5951 2624 2718 1912 2725 
5952 1757 1750 1772 2097 
5953 2071 2151 963 2640 
5954 2015 2500 2176 2571 
5955 2186 2605 1993 2656 
5956 1997 2291 1144 2421 
5957 2148 2235 1101 2647 
5958 1276 1350 1034 2625 
5959 507 2431 1929 2694 
5960 1856 1962 2189 2476 
5961 1934 2282 1914 2724 
5962 1916 2119 2069 2268 
5963 2195 2236 1915 2549 
5964 1372 1440 1439 1974 
5965 1638 2299 1619 2324 
5966 1956 2272 1320 2582 
5967 1297 1041 864 2085 
5968 2003 2255 2034 2727 
5969 1874 2039 2383 2410 
5970 1949 2442 2506 2672 
5971 1008 2241 1012 2259 
5972 1812 2104 2154 2464 
5973 1196 1321 1167 2341 
5974 691 1996 674 2305 
5975 711 2132 804 2410 
5976 424 433 2334 2364 
5977 1990 2122 1833 2690 
5978 1840 2170 2225 2295 
5979 1973 2022 1839 2556 
5980 1885 2209 1401 2451 
5981 630 1936 599 2618 
5982 1192 1591 2262 2366 
5983 1870 2119 2385 2547 
5984 1813 2310 1981 2594 
5985 1986 2212 548 2513 
5986 1563 1596 1573 1988 
5987 1817 2304 1934 2540 
5988 2011 1856 2615 2682 
5989 1958 2169 1378 2473 
5990 2047 2266 773 2528 
5991 2230 2000 2688 2719 
5992 745 1957 2297 2678 
5993 1754 2035 1738 2183 
5994 945 2432 992 2439 
5995 51 1986 526 2428 
5996 2310 2530 1981 2594 
5997 1988 2458 2204 2734 
5998 1075 1944 1061 2661 
5999 1974 2086 1832 2251 
6000 1878 1928 2184 2330 
6001 800 757 2126 2296 
6002 1901 2195 2459 2712 
6003 1987 2164 1837 2240 
6004 2025 2433 484 2597 
6005 1820 2135 1907 2326 
6006 1929 2094 1824 2404 
6007 728 752 704 2553 
6008 1206 2262 1342 2263 
6009 1331 1941 1168 2429 
6010 1964 2147 1921 2375 
6011 1850 1996 2187 2269 
6012 840 2444 740 2597 
6013 1921 2147 1964 2250 
6014 825 745 828 1957 
6015 812 1736 850 2331 
6016 1907 2164 1837 2271 
6017 1964 1921 2250 2375 
6018 1873 2571 2143 2626 
6019 1486 1375 1980 2452 
6020 2003 2328 1905 2386 
6021 1882 2328 2003 2386 
6022 485 479 486 1937 
6023 1461 2009 1434 2217 
6024 1976 2190 2049 2687 
6025 1276 1484 2145 2625 
6026 1910 2378 759 2748 
6027 2025 2039 741 2410 
6028 1839 2022 1973 2507 
6029 1348 1235 1935 2599 
6030 949 1964 982 2665 
6031 896 893 888 2388 
6032 1132 1131 1133 2574 
6033 561 1936 599 2292 
6034 1859 2298 2085 2349 
6035 2047 2111 1900 2695 
6036 1925 2227 2060 2544 
6037 1906 2283 2073 2392 
6038 1486 1980 1375 2606 
6039 1848 2069 1994 2196 
6040 645 2303 643 2582 
6041 1874 2383 2132 2410 
6042 1829 2375 1964 2580 
6043 1733 2001 1752 2214 
6044 2084 2563 1294 2671 
6045 1752 2001 1741 2730 
6046 45 475 2199 2621 
6047 1830 2502 2264 2636 
6048 1572 1586 1554 2105 
6049 1859 1977 2148 2235 
6050 722 854 820 2010 
6051 85 2021 1628 2339 
6052 1289 1611 2118 2363 
6053 2044 2198 1862 2492 
6054 1170 1194 2193 2521 
6055 1086 2243 2052 2664 
6056 1370 2451 1953 2517 
6057 1475 1522 2086 2454 
6058 1077 1103 1950 2717 
6059 1837 2110 1987 2240 
6060 192 2281 2013 2462 
6061 1951 427 2364 2713 
6062 1729 1990 1793 2185 
6063 1725 36 2035 2568 
6064 1476 1948 1374 2369 
6065 1654 2011 1635 2299 
6066 1902 1985 2321 2504 
6067 1192 1591 380 2262 
6068 1628 2021 84 2406 
6069 1855 1965 2139 2428 
6070 1959 2173 2122 2537 
6071 1910 759 2560 2748 
6072 470 38 2041 2314 
6073 1906 2099 2223 2414 
6074 1909 1913 2373 2685 
6075 1910 2642 2066 2658 
6076 2033 2128 476 2433 
6077 1438 1436 2251 2529 
6078 1400 1885 1401 2549 
6079 811 2587 2231 2676 
6080 1432 2237 2095 2731 
6081 1262 1220 1942 2278 
6082 1914 1934 2177 2282 
6083 1880 2107 1832 2336 
6084 1821 2081 2082 2715 
6085 2176 2500 2016 2571 
6086 584 1939 586 2652 
6087 1795 1257 1065 2653 
6088 1443 1920 2237 2358 
6089 1129 2246 1984 2719 
6090 856 2286 783 2346 
6091 486 479 501 2128 
6092 816 2297 2109 2553 
6093 2129 2415 2196 2708 
6094 1931 2307 2283 2374 
6095 448 605 2060 2591 
6096 1979 2247 1869 2666 
6097 1834 2125 1977 2534 
6098 1934 2453 2311 2542 
6099 1874 2039 2410 2460 
6100 355 994 1018 2099 
6101 1924 2279 2554 2655 
6102 704 700 705 2030 
6103 2129 2196 1877 2708 
6104 810 2524 2296 2749 
6105 939 2218 918 2461 
6106 1992 1621 2158 2585 
6107 1910 2187 2051 2422 
6108 1910 2187 1996 2269 
6109 2126 972 2393 2439 
6110 895 912 913 2055 
6111 2360 2472 1921 2704 
6112 1486 1431 1470 2452 
6113 2161 2357 1075 2741 
6114 1438 2251 2086 2529 
6115 2081 2397 2103 2681 
6116 1354 1031 1358 2495 
6117 948 2520 2084 2569 
6118 1900 2111 2047 2533 
6119 519 1990 467 2185 
6120 1813 2050 2310 2594 
6121 783 2286 835 2346 
6122 1890 2154 2107 2592 
6123 2045 2155 1882 2265 
6124 2066 2138 1879 2658 
6125 1916 1836 2181 2545 
6126 2336 2365 1880 2501 
6127 1349 1235 2127 2510 
6128 1907 1820 2326 2646 
6129 2036 2125 1846 2264 
6130 1864 2193 1956 2272 
6131 2219 2222 1896 2631 
6132 408 448 600 2060 
6133 1910 2422 2051 2642 
6134 1834 2197 1982 2377 
6135 1045 1060 1064 2688 
6136 1821 2082 2081 2279 
6137 2122 2200 493 2739 
6138 1950 2273 1923 2437 
6139 1557 1011 1581 2241 
6140 438 1954 416 2477 
6141 1629 1639 2021 2406 
6142 1874 2410 2132 2460 
6143 1456 1028 1380 2160 
6144 1749 1746 1747 2385 
6145 1973 2059 2417 2551 
6146 416 419 1954 2441 
6147 1043 1317 1273 2076 
6148 2113 2205 1891 2690 
6149 2037 2196 2054 2466 
6150 1359 1367 1355 1982 
6151 1836 2093 2068 2645 
6152 1843 2016 2000 2688 
6153 2010 2248 820 2331 
6154 1594 1568 703 2047 
6155 1189 2198 1093 2492 
6156 1930 1208 2263 2630 
6157 540 538 1971 2254 
6158 973 1780 1724 2725 
6159 1872 2268 2151 2434 
6160 1903 2350 2289 2604 
6161 786 1971 821 2372 
6162 1985 2132 1887 2211 
6163 1825 1961 2120 2552 
6164 1853 2011 2299 2329 
6165 1998 2177 1914 2493 
6166 1356 2451 1370 2517 
6167 1915 2149 1885 2549 
6168 595 2207 2194 2652 
6169 1715 1693 1714 2011 
6170 811 1543 2231 2587 
6171 1383 2359 2311 2605 
6172 1935 2127 1235 2510 
6173 1184 1031 1354 2495 
6174 1825 1961 2176 2342 
6175 1903 2350 2235 2720 
6176 1137 2089 1883 2425 
6177 2066 2642 1844 2658 
6178 2143 2572 2249 2710 
6179 1996 2159 691 2269 
6180 2121 2277 1962 2356 
6181 1819 2402 2140 2434 
6182 1113 1979 1114 2666 
6183 1693 2011 1715 2287 
6184 1951 2334 424 2481 
6185 2094 2404 2267 2699 
6186 1702 1273 2118 2615 
6187 953 977 982 2531 
6188 1923 2273 1131 2574 
6189 2165 2199 1875 2621 
6190 1104 1190 1310 2005 
6191 1814 2058 2171 2604 
6192 2041 2178 2106 2674 
6193 1907 2240 2135 2271 
6194 2060 2227 1925 2429 
6195 959 2151 976 2368 
6196 1445 1393 1390 2023 
6197 699 700 2164 2446 
6198 2027 2289 1198 2596 
6199 527 1971 539 2445 
6200 2187 2340 1910 2641 
6201 1837 1987 2110 2505 
6202 2039 2361 2210 2693 
6203 1814 2171 2125 2604 
6204 438 2142 1954 2477 
6205 871 2090 999 2586 
6206 840 2157 740 2444 
6207 1890 2252 1945 2464 
6208 1893 2103 2081 2397 
6209 194 1987 195 2505 
6210 1293 2149 1351 2475 
6211 1887 2267 2404 2699 
6212 1630 3 86 2339 
6213 2139 2428 1965 2667 
6214 1782 451 402 2150 
6215 2029 2379 1923 2574 
6216 1830 2111 2008 2302 
6217 1085 2052 1086 2243 
6218 903 2259 2283 2333 
6219 1105 1954 2127 2736 
6220 1855 2139 1965 2277 
6221 1957 2265 2155 2532 
6222 1986 2428 2139 2667 
6223 51 2116 1925 2544 
6224 1552 1551 1530 2638 
6225 2143 1942 2588 2626 
6226 1938 2264 1958 2473 
6227 1813 2312 1972 2572 
6228 710 760 729 2132 
6229 1859 1977 2235 2298 
6230 1871 2561 2493 2598 
6231 555 2220 48 2485 
6232 1716 2201 1976 2687 
6233 1822 1983 2170 2474 
6234 1348 2319 1935 2510 
6235 1085 1071 1066 2052 
6236 2072 2241 1007 2333 
6237 1838 2106 2178 2674 
6238 2027 2308 1904 2499 
6239 555 48 532 2485 
6240 1546 1988 1549 2322 
6241 1119 2015 1047 2342 
6242 628 2212 1986 2280 
6243 315 1467 1378 2169 
6244 358 1958 2024 2502 
6245 907 2108 2218 2461 
6246 903 2333 2283 2565 
6247 1403 2131 2028 2209 
6248 962 963 2151 2640 
6249 1434 1396 2217 2237 
6250 808 794 2047 2528 
6251 50 534 49 1965 
6252 1105 2508 1954 2736 
6253 1858 2098 2120 2136 
6254 2011 1856 2174 2615 
6255 1677 1285 1704 2096 
6256 654 578 628 1986 
6257 1373 2007 1468 2512 
6258 2113 2205 1870 2547 
6259 1821 2082 1945 2715 
6260 998 1088 1202 2224 
6261 1825 1961 2342 2639 
6262 646 645 559 2272 
6263 1850 2187 1910 2269 
6264 606 632 629 2509 
6265 545 2292 1936 2618 
6266 957 959 976 2368 
6267 1814 2087 2036 2636 
6268 1757 2097 2624 2718 
6269 438 416 1954 2489 
6270 971 2296 2126 2393 
6271 1991 2163 1555 2373 
6272 740 2444 741 2597 
6273 592 2152 707 2292 
6274 36 454 37 2001 
6275 2091 2242 1904 2308 
6276 1401 1492 1364 2451 
6277 1893 2397 2382 2743 
6278 2002 2501 1999 2686 
6279 1281 1349 1233 2527 
6280 2039 2232 1828 2734 
6281 2235 2350 1099 2720 
6282 1835 2032 1974 2144 
6283 1732 1782 402 2150 
6284 695 2132 711 2410 
6285 1374 2369 1948 2536 
6286 1871 2225 2014 2387 
6287 1006 2072 1007 2333 
6288 1868 2330 2067 2700 
6289 1617 1618 1615 1947 
6290 2074 1884 2583 2702 
6291 1742 2463 2185 2628 
6292 641 2060 605 2591 
6293 401 51 50 2482 
6294 1768 1763 1762 2219 
6295 2155 2265 2045 2532 
6296 2152 2409 2184 2721 
6297 1850 2129 2079 2300 
6298 1814 2087 2112 2328 
6299 1934 2163 1841 2724 
6300 2080 2390 2203 2409 
6301 1618 1947 1617 2327 
6302 1910 2340 2038 2391 
6303 38 436 39 2437 
6304 441 2522 2481 2595 
6305 1007 2072 1011 2241 
6306 1442 2251 1497 2548 
6307 489 503 2320 2699 
6308 1316 2224 1906 2392 
6309 550 528 541 2254 
6310 1766 2219 1791 2222 
6311 1363 2495 1355 2722 
6312 1960 1880 2107 2519 
6313 1403 1405 1406 2028 
6314 1155 1702 1273 2118 
6315 1838 2041 2106 2674 
6316 1942 2626 2143 2710 
6317 2170 2253 1908 2663 
6318 941 690 818 2090 
6319 1895 1991 2210 2232 
6320 1631 1620 2327 2339 
6321 441 575 2522 2595 
6322 2085 2479 1905 2620 
6323 1863 1927 2124 2590 
6324 1488 2169 1425 2234 
6325 2204 2458 1937 2734 
6326 1847 1952 2138 2612 
6327 614 558 668 2152 
6328 1988 2376 1549 2503 
6329 859 2228 2210 2313 
6330 1420 2088 1431 2172 
6331 537 551 1936 2618 
6332 867 928 1052 2073 
6333 759 693 2038 2269 
6334 1554 2105 1586 2648 
6335 211 871 923 2090 
6336 1970 2070 1863 2447 
6337 1962 2193 2189 2476 
6338 1167 1338 2316 2414 
6339 1624 1657 1658 2346 
6340 2328 2556 2238 2620 
6341 2176 2484 1961 2552 
6342 1631 2327 2114 2339 
6343 45 2257 1930 2457 
6344 1618 2299 1947 2327 
6345 2071 963 2151 2580 
6346 721 2200 718 2248 
6347 1889 2232 2050 2361 
6348 2007 2512 2009 2554 
6349 957 2368 976 2725 
6350 561 630 599 2618 
6351 1635 2299 2011 2470 
6352 2238 2328 2208 2556 
6353 1909 2370 2228 2436 
6354 1835 1999 2206 2614 
6355 824 2397 2103 2743 
6356 50 1965 49 2742 
6357 1914 2561 1871 2701 
6358 2042 2518 1992 2608 
6359 1623 2021 1639 2585 
6360 1597 2458 1548 2622 
6361 1863 2178 2054 2589 
6362 691 1996 2305 2524 
6363 1283 2160 2413 2666 
6364 585 2080 584 2285 
6365 2176 2016 2552 2571 
6366 1006 2072 2275 2497 
6367 1961 1881 2342 2639 
6368 767 2083 726 2370 
6369 1172 1238 1336 2396 
6370 2037 2054 1827 2466 
6371 444 409 601 2150 
6372 2028 2343 1993 2365 
6373 1704 2096 1272 2521 
6374 1950 397 2142 2489 
6375 1866 2080 2203 2352 
6376 1744 2245 1743 2628 
6377 2340 2391 1910 2641 
6378 1956 2193 1864 2408 
6379 1551 1530 2638 2695 
6380 948 2063 2520 2569 
6381 1547 1555 1991 2322 
6382 1849 2111 2047 2638 
6383 1910 2422 2642 2658 
6384 1853 2299 1992 2518 
6385 1603 1613 2026 2637 
6386 1855 1956 2153 2303 
6387 2112 2265 1888 2279 
6388 1985 2094 1902 2320 
6389 470 1959 2314 2726 
6390 2047 2111 1849 2533 
6391 1868 1928 2146 2335 
6392 1089 2508 1105 2736 
6393 1636 2201 2011 2299 
6394 2245 2463 1743 2628 
6395 604 410 574 2261 
6396 1014 2224 924 2259 
6397 1049 2015 1119 2526 
6398 551 545 537 1936 
6399 2448 2631 2248 2649 
6400 1925 2116 51 2428 
6401 906 2283 931 2392 
6402 2004 2486 2360 2704 
6403 1384 2237 2009 2358 
6404 2055 2072 2024 2723 
6405 1355 1359 1982 2495 
6406 1200 1982 1125 2197 
6407 2145 2197 1883 2377 
6408 1680 2102 2012 2284 
6409 1838 2035 2029 2183 
6410 586 1939 2632 2652 
6411 2013 2244 1967 2432 
6412 194 195 925 2505 
6413 1497 2251 2144 2548 
6414 1912 2020 2580 2718 
6415 1273 1317 1174 2476 
6416 1817 2177 1934 2304 
6417 976 963 968 2665 
6418 1823 2148 2089 2307 
6419 1833 2205 2113 2690 
6420 424 1951 427 2364 
6421 2291 2348 1970 2421 
6422 1637 2363 2470 2682 
6423 918 2040 899 2461 
6424 1874 2383 2361 2594 
6425 1813 2143 1998 2493 
6426 2162 2218 1898 2716 
6427 1942 2249 2180 2325 
6428 419 416 1954 2477 
6429 1077 1950 1103 2570 
6430 923 1016 211 2090 
6431 2087 2265 2034 2302 
6432 1939 2280 2080 2285 
6433 2072 2275 2055 2333 
6434 190 2162 189 2520 
6435 1522 307 1475 2086 
6436 1907 2398 2175 2576 
6437 2103 2260 1957 2532 
6438 2065 2206 2014 2498 
6439 1858 2016 2177 2552 
6440 2094 495 2399 2729 
6441 2048 2447 1970 2610 
6442 1915 2182 1982 2722 
6443 1833 2010 1969 2248 
6444 1863 1970 2447 2610 
6445 591 1068 1263 2227 
6446 1822 2063 2617 2663 
6447 2301 2561 2206 2724 
6448 2135 2561 1871 2598 
6449 936 914 896 2179 
6450 2006 2220 48 2440 
6451 1856 2174 2189 2329 
6452 1887 2211 2132 2410 
6453 1534 2228 2373 2587 
6454 2011 2201 1715 2287 
6455 462 843 504 2200 
6456 2216 2217 1396 2237 
6457 913 2055 912 2565 
6458 1115 1116 1110 2490 
6459 1827 2048 2019 2610 
6460 796 2292 789 2445 
6461 1940 2261 411 2595 
6462 2038 2321 1985 2504 
6463 443 413 1935 2747 
6464 741 731 2039 2444 
6465 2015 2176 1825 2571 
6466 1205 2342 1961 2366 
6467 537 2338 1936 2445 
6468 2197 2350 1977 2604 
6469 1509 2009 364 2358 
6470 2012 2102 620 2285 
6471 940 2040 926 2480 
6472 1966 2117 1884 2258 
6473 1170 1171 1194 2521 
6474 1755 1781 1788 2078 
6475 1836 2068 2181 2738 
6476 2099 2241 1861 2259 
6477 836 811 659 2676 
6478 1287 2319 1348 2510 
6479 2084 2520 2063 2569 
6480 1945 2252 1852 2464 
6481 1645 2011 1700 2682 
6482 1830 2034 2092 2302 
6483 2106 2178 2041 2589 
6484 36 2035 473 2185 
6485 1127 1162 1126 1951 
6486 1902 2173 2122 2729 
6487 1943 1828 2383 2594 
6488 417 2441 1978 2543 
6489 1100 2350 2289 2720 
6490 1820 1909 2436 2646 
6491 1200 1276 1212 2145 
6492 1914 2561 2301 2724 
6493 1847 2013 2462 2705 
6494 970 1967 958 2393 
6495 1944 2357 2161 2741 
6496 2040 2109 926 2480 
6497 910 2045 900 2480 
6498 1110 1115 2490 2664 
6499 548 51 52 1986 
6500 1934 1892 2301 2540 
6501 1296 2400 2160 2666 
6502 1535 817 1568 2449 
6503 934 914 2179 2388 
6504 2091 2149 1293 2475 
6505 1859 2003 2298 2349 
6506 561 599 1936 2618 
6507 1925 1855 2428 2742 
6508 620 2229 589 2285 
6509 1356 1370 287 2517 
6510 1823 2307 2089 2496 
6511 2074 2583 2288 2702 
6512 1754 2183 2029 2568 
6513 2306 2387 1871 2598 
6514 2074 1884 2288 2583 
6515 1391 1490 1388 2182 
6516 1964 2123 2147 2706 
6517 570 708 790 2213 
6518 604 398 2261 2595 
6519 2001 1923 2379 2574 
6520 1826 1949 2158 2745 
6521 1829 1997 2239 2706 
6522 1856 2363 2026 2476 
6523 1766 2093 2219 2222 
6524 912 2055 863 2333 
6525 1433 2095 1435 2251 
6526 1842 2049 2284 2335 
6527 1823 2215 1980 2426 
6528 458 407 454 2214 
6529 1071 1208 1084 1930 
6530 824 2103 2397 2681 
6531 1874 2051 2050 2642 
6532 1942 2180 2064 2325 
6533 1899 2296 2524 2749 
6534 1272 1704 1285 2096 
6535 1910 2066 2642 2748 
6536 526 1986 548 2513 
6537 1400 1401 1366 2549 
6538 1952 1847 2140 2474 
6539 1821 1945 2478 2715 
6540 1915 2236 2182 2722 
6541 1914 2177 1998 2282 
6542 1367 1982 1430 2722 
6543 1837 2240 2135 2387 
6544 1618 1615 1947 2470 
6545 1099 2318 2235 2720 
6546 1481 2217 2007 2512 
6547 786 2286 1971 2372 
6548 1927 2061 2395 2443 
6549 1862 2075 2230 2295 
6550 454 37 2001 2437 
6551 1408 1406 2028 2137 
6552 979 800 799 2126 
6553 1589 1568 2047 2449 
6554 1874 1943 2383 2594 
6555 1854 2034 2265 2302 
6556 980 948 2084 2569 
6557 2493 2561 2017 2598 
6558 1967 2221 1836 2368 
6559 1436 1433 1435 2251 
6560 1916 2181 2079 2545 
6561 1488 1467 1425 2169 
6562 616 2096 1671 2194 
6563 588 2229 593 2409 
6564 1104 2098 2005 2550 
6565 651 572 460 2150 
6566 38 1923 2437 2438 
6567 938 1919 2293 2551 
6568 1830 2111 2024 2502 
6569 1293 2091 1351 2149 
6570 1525 1375 2452 2557 
6571 2144 2343 2028 2365 
6572 1715 2011 1700 2201 
6573 1834 2058 1901 2459 
6574 1746 2245 1747 2385 
6575 1311 2148 2073 2496 
6576 191 190 1983 2162 
6577 365 2081 366 2344 
6578 1818 2427 1960 2519 
6579 1841 1913 2163 2436 
6580 1469 2536 298 2577 
6581 1076 2357 1954 2508 
6582 1906 2223 2099 2224 
6583 1855 1925 2384 2742 
6584 2151 2268 2071 2580 
6585 191 2162 1983 2462 
6586 1260 2148 1101 2647 
6587 420 400 2367 2670 
6588 1076 2357 2508 2570 
6589 1622 1619 1992 2324 
6590 2039 1895 2210 2361 
6591 398 411 2261 2595 
6592 1623 1629 1639 2021 
6593 540 1971 527 2401 
6594 1825 2282 1946 2744 
6595 2223 2224 1906 2414 
6596 1855 2153 1956 2356 
6597 870 924 931 2259 
6598 41 2142 1927 2590 
6599 2164 2446 2083 2746 
6600 2006 2440 48 2469 
6601 2487 2563 1897 2671 
6602 1861 2259 2241 2333 
6603 645 646 594 2207 
6604 431 1941 456 2315 
6605 740 741 765 2597 
6606 1849 2275 2090 2586 
6607 605 641 600 2060 
6608 1819 2244 2181 2434 
6609 540 538 539 1971 
6610 1645 2011 1636 2201 
6611 189 2059 2520 2698 
6612 1709 1671 623 2096 
6613 1905 2298 2003 2349 
6614 1151 1150 1159 1962 
6615 1791 1726 2222 2566 
6616 1494 1458 1448 2343 
6617 2124 2142 1950 2438 
6618 2020 2119 1911 2385 
6619 1914 2177 2301 2701 
6620 1917 2192 1066 2634 
6621 1049 1048 2015 2435 
6622 2015 1049 2435 2526 
6623 2123 2487 2147 2706 
6624 1962 2389 2026 2703 
6625 1938 1846 2264 2473 
6626 2019 2048 1827 2166 
6627 425 2481 441 2522 
6628 1954 2508 2357 2570 
6629 820 2010 721 2248 
6630 1474 2137 1416 2656 
6631 2104 2403 2295 2686 
6632 3 1917 48 2440 
6633 410 604 398 2261 
6634 1488 1378 1467 2169 
6635 1895 2232 2039 2734 
6636 1255 2235 2085 2647 
6637 2270 2561 1914 2724 
6638 1394 2216 1396 2541 
6639 1971 2203 2046 2338 
6640 1998 2143 2571 2626 
6641 1422 2473 2234 2692 
6642 756 691 674 2305 
6643 2075 2177 1914 2701 
6644 495 490 2094 2399 
6645 732 2210 2370 2693 
6646 827 1985 754 2320 
6647 1144 1142 1147 1997 
6648 1812 2154 2104 2403 
6649 303 2032 1501 2359 
6650 2235 2318 1903 2720 
6651 1094 2133 2044 2507 
6652 1465 1375 2557 2606 
6653 407 422 454 2214 
6654 1553 1537 377 2120 
6655 588 2080 587 2229 
6656 1833 2113 2205 2649 
6657 1237 2468 1249 2535 
6658 1958 2264 1846 2473 
6659 1589 1535 1568 2449 
6660 192 2013 945 2439 
6661 1945 2082 1890 2601 
6662 439 2257 430 2315 
6663 599 2152 1936 2409 
6664 747 2424 2068 2749 
6665 1694 2615 1673 2682 
6666 1077 1950 2508 2717 
6667 567 1267 2056 2578 
6668 1812 2002 2154 2403 
6669 2030 704 2164 2553 
6670 1845 2171 1933 2217 
6671 1859 2235 2085 2298 
6672 1618 1947 2299 2470 
6673 1979 2000 2230 2643 
6674 1453 1493 1430 2145 
6675 1116 2121 2384 2490 
6676 1994 2140 1872 2617 
6677 1577 1597 1548 2622 
6678 2020 2119 1829 2353 
6679 371 1975 2231 2685 
6680 424 2290 1951 2481 
6681 1334 353 1195 2223 
6682 1894 2215 2414 2644 
6683 1900 2134 2018 2528 
6684 1829 2147 1921 2353 
6685 1959 2314 2106 2690 
6686 1886 2362 2478 2532 
6687 1812 2107 2002 2601 
6688 465 771 722 2739 
6689 2300 2448 2248 2649 
6690 1129 1318 1984 2246 
6691 2278 2588 1942 2626 
6692 1953 2209 1885 2451 
6693 1074 2230 2000 2688 
6694 1891 2106 2314 2690 
6695 1321 1211 1167 2341 
6696 851 2018 682 2616 
6697 2141 2395 2061 2443 
6698 298 2536 1519 2577 
6699 2013 1819 2244 2705 
6700 1968 1815 2129 2607 
6701 934 2018 894 2388 
6702 1372 1974 2251 2529 
6703 1845 2082 1920 2519 
6704 628 1986 580 2280 
6705 2026 2470 1856 2703 
6706 540 539 527 1971 
6707 1861 2072 2055 2333 
6708 2173 2399 495 2729 
6709 874 690 2090 2266 
6710 1064 2247 1204 2484 
6711 1531 2204 1563 2458 
6712 782 837 835 1949 
6713 1030 2360 2004 2486 
6714 1806 1786 471 2332 
6715 1827 2054 2037 2635 
6716 2068 2093 1995 2424 
6717 1726 658 1774 2222 
6718 2065 2206 1835 2501 
6719 834 2047 773 2528 
6720 1744 2113 2245 2628 
6721 940 868 926 2040 
6722 2080 2203 1878 2409 
6723 721 822 718 2200 
6724 722 2010 820 2331 
6725 1449 1410 2343 2605 
6726 1693 2174 2011 2287 
6727 1983 190 2281 2520 
6728 1902 2320 2094 2729 
6729 1840 2198 1984 2295 
6730 926 2040 868 2109 
6731 1075 2161 1232 2357 
6732 1850 1996 2159 2738 
6733 1848 1972 2196 2249 
6734 378 1961 1558 2677 
6735 768 658 1726 2222 
6736 2022 2479 2085 2620 
6737 1858 2000 2247 2304 
6738 1913 2270 1820 2436 
6739 1370 2209 1953 2451 
6740 1683 2049 1685 2335 
6741 1845 1920 2082 2279 
6742 1178 1953 2475 2517 
6743 429 2290 1955 2713 
6744 2007 2008 1846 2169 
6745 1568 817 703 2047 
6746 2117 2457 1966 2689 
6747 1744 2113 1745 2245 
6748 1405 2028 1403 2548 
6749 1896 2631 2448 2649 
6750 1987 2240 2110 2737 
6751 1964 2375 2130 2580 
6752 490 495 2094 2729 
6753 1331 1168 1305 2429 
6754 1339 2098 1104 2550 
6755 2094 2399 2173 2729 
6756 691 2305 756 2524 
6757 623 1671 616 2096 
6758 45 399 1930 2257 
6759 1499 361 362 2007 
6760 1822 2249 1994 2572 
6761 458 1755 407 2214 
6762 1600 1700 1645 2201 
6763 2066 1844 2642 2748 
6764 636 2261 1940 2595 
6765 775 707 614 2152 
6766 1641 2192 1917 2634 
6767 1531 2204 2458 2619 
6768 545 537 1936 2445 
6769 671 673 2066 2683 
6770 2230 2688 1073 2719 
6771 1817 2301 2177 2701 
6772 2074 2457 2117 2689 
6773 1835 2206 2380 2614 
6774 821 662 844 2445 
6775 1961 2105 1825 2120 
6776 963 2580 2071 2665 
6777 1488 2169 2234 2473 
6778 828 2260 1957 2678 
6779 2002 1880 2242 2365 
6780 421 2367 1989 2543 
6781 1952 2402 2422 2572 
6782 1903 2235 1977 2298 
6783 939 918 899 2461 
6784 1858 2136 2120 2542 
6785 1361 2149 2451 2475 
6786 1359 1183 1982 2495 
6787 2051 1910 2391 2641 
6788 1869 2304 2411 2540 
6789 1971 2286 786 2401 
6790 1291 2022 1224 2318 
6791 508 2094 490 2399 
6792 1897 2563 2084 2671 
6793 1959 498 2314 2491 
6794 1499 2007 362 2512 
6795 1170 1194 1320 2272 
6796 604 2261 636 2595 
6797 974 809 667 2296 
6798 1318 2688 2246 2719 
6799 1043 1272 1317 2521 
6800 2299 2327 1992 2518 
6801 2065 2188 1832 2336 
6802 649 1345 1719 2096 
6803 781 782 2067 2442 
6804 373 2163 1913 2373 
6805 1822 2077 1952 2474 
6806 2073 2283 1906 2307 
6807 504 843 665 2200 
6808 1248 1963 1111 2717 
6809 671 751 2233 2398 
6810 1989 2430 2150 2450 
6811 2049 2190 1976 2515 
6812 1974 1832 2188 2336 
6813 1208 1930 1071 2396 
6814 945 2013 2432 2439 
6815 2092 2302 2034 2388 
6816 2187 2422 1910 2658 
6817 314 1468 1467 2169 
6818 1010 2090 1002 2449 
6819 1982 2289 1915 2495 
6820 1918 1869 2186 2673 
6821 1627 85 86 1601 
6822 606 629 2227 2509 
6823 1385 2005 2369 2577 
6824 1514 2311 301 2359 
6825 1845 1920 2237 2519 
6826 2340 2415 1968 2455 
6827 1974 2144 2032 2573 
6828 940 899 2040 2480 
6829 1913 2163 373 2453 
6830 1968 2205 1815 2607 
6831 892 887 2255 2565 
6832 1996 2269 691 2560 
6833 1685 1683 1684 2049 
6834 1941 2315 2052 2482 
6835 1036 2192 1084 2262 
6836 1934 2311 1948 2542 
6837 639 640 2591 2603 
6838 2041 2589 2178 2674 
6839 1876 1970 2348 2421 
6840 1944 405 2364 2477 
6841 1066 1917 2634 2664 
6842 2148 2235 1977 2350 
6843 1047 1119 1049 2015 
6844 975 2281 190 2520 
6845 685 686 670 2233 
6846 1348 1935 1235 2510 
6847 889 2034 888 2388 
6848 432 2315 456 2482 
6849 2002 1880 2365 2501 
6850 1431 1463 1478 2341 
6851 1965 1816 2323 2546 
6852 2146 2515 1711 2697 
6853 1873 2143 1972 2588 
6854 1818 1960 2107 2519 
6855 1178 2226 1953 2517 
6856 2334 2364 433 2477 
6857 1823 1906 2215 2307 
6858 1412 287 1370 2517 
6859 2087 2171 1888 2636 
6860 870 2259 931 2283 
6861 493 2122 492 2729 
6862 1091 1092 1093 2733 
6863 693 760 759 2038 
6864 1849 2055 2275 2586 
6865 1813 1998 2310 2493 
6866 526 2428 1986 2513 
6867 1193 2026 1308 2363 
6868 449 435 421 1989 
6869 2097 2219 2093 2645 
6870 1875 2376 1988 2633 
6871 1509 311 2009 2358 
6872 1825 2176 1961 2552 
6873 1361 2451 2149 2549 
6874 988 1279 1027 2671 
6875 1930 2396 1208 2630 
6876 1932 2284 1842 2609 
6877 1934 375 2453 2542 
6878 919 2162 862 2218 
6879 918 2040 2218 2716 
6880 1016 999 211 2090 
6881 2028 2131 1403 2548 
6882 365 2344 366 2454 
6883 1339 1037 2098 2550 
6884 1201 1316 2224 2414 
6885 2154 2208 1890 2464 
6886 1908 2465 2170 2698 
6887 1900 2302 2111 2723 
6888 1825 2488 2288 2633 
6889 1308 1044 1603 2637 
6890 1883 2377 2023 2416 
6891 1890 2208 2154 2238 
6892 2154 2208 1839 2238 
6893 1999 2301 2206 2614 
6894 2311 2359 1892 2605 
6895 1842 2042 2167 2352 
6896 880 882 2386 2709 
6897 705 2030 700 2446 
6898 886 2034 889 2255 
6899 535 2046 2485 2513 
6900 863 930 209 2275 
6901 477 476 478 2033 
6902 587 2229 2080 2285 
6903 1868 2043 1976 2515 
6904 478 2033 476 2433 
6905 1823 2036 2307 2426 
6906 703 1568 1594 1539 
6907 2024 2072 1861 2405 
6908 2282 2724 1934 2744 
6909 2223 2414 2099 2644 
6910 1956 2207 2139 2408 
6911 614 707 592 2152 
6912 498 1959 515 2491 
6913 2002 1904 2154 2403 
6914 1841 2232 1991 2322 
6915 1858 2177 2000 2304 
6916 1594 1560 1551 2695 
6917 1818 2427 2107 2592 
6918 1543 1567 659 2101 
6919 1822 2077 2170 2253 
6920 617 620 650 2012 
6921 1877 2037 2196 2415 
6922 597 2212 628 2280 
6923 1846 1933 2171 2234 
6924 1237 1989 1266 2468 
6925 1932 1853 2287 2609 
6926 1782 1790 1808 2150 
6927 365 366 2081 2397 
6928 2066 2398 1844 2748 
6929 1990 2491 2122 2690 
6930 1980 2215 2405 2426 
6931 602 441 575 2522 
6932 211 999 871 2090 
6933 1889 2175 2115 2326 
6934 214 953 1759 977 
6935 1971 1936 2203 2338 
6936 1880 2251 2095 2611 
6937 943 1081 875 2224 
6938 38 2379 1923 2438 
6939 1884 2258 2117 2526 
6940 1966 1884 2117 2689 
6941 699 2083 2446 2746 
6942 1391 1490 2182 2541 
6943 537 1936 2338 2618 
6944 2103 2397 1893 2743 
6945 382 47 2555 2567 
6946 1936 2152 599 2292 
6947 1924 2134 737 2260 
6948 1654 1636 2011 2299 
6949 195 663 1987 2354 
6950 2111 2302 1830 2723 
6951 1832 2086 1974 2188 
6952 2019 2610 2048 2679 
6953 1425 1468 1481 2007 
6954 1129 1984 1215 2198 
6955 828 2179 1957 2260 
6956 425 2290 2481 2522 
6957 1491 1520 1515 2557 
6958 1129 1318 2246 2719 
6959 1962 1857 2389 2703 
6960 1915 2182 1901 2459 
6961 1829 2353 1921 2375 
6962 2007 2217 2171 2650 
6963 1351 2091 1179 2149 
6964 581 2303 645 2632 
6965 1553 1572 1554 2105 
6966 818 774 831 2090 
6967 1836 2221 2053 2368 
6968 1936 2338 1971 2445 
6969 905 894 934 2018 
6970 1727 2360 1030 2486 
6971 961 962 2151 2432 
6972 2037 2312 1943 2641 
6973 1823 1938 2172 2534 
6974 1862 2643 2075 2686 
6975 945 2013 987 2432 
6976 2075 2643 1999 2686 
6977 1546 1573 1549 1988 
6978 1900 2092 2302 2723 
6979 1848 2196 1994 2249 
6980 1061 1944 2654 2661 
6981 1939 2139 1816 2667 
6982 37 2001 2379 2568 
6983 1872 2013 2140 2434 
6984 1858 2247 2136 2304 
6985 1093 2044 1095 2492 
6986 1439 2144 1497 2251 
6987 1944 2357 1069 2654 
6988 1822 2253 2064 2710 
6989 2138 2244 1819 2705 
6990 1481 2007 2217 2234 
6991 2029 2183 2035 2568 
6992 2043 2696 2515 2697 
6993 190 191 1983 2281 
6994 1841 2163 1991 2436 
6995 2553 2678 1886 2743 
6996 1827 2019 2466 2610 
6997 1098 2027 1198 2596 
6998 1847 2140 2013 2705 
6999 1856 2189 1962 2703 
7000 2051 2558 2050 2642 
7001 1861 2283 2333 2565 
7002 51 2116 1986 2428 
7003 975 2063 2281 2520 
7004 1939 1816 2423 2667 
7005 727 2382 2397 2743 
7006 2133 2499 1903 2720 
7007 1220 1158 1942 2381 
7008 718 2200 2031 2248 
7009 1058 2019 1269 2381 
7010 1331 1217 1168 1941 
7011 1909 2373 2228 2587 
7012 552 2401 701 2407 
7013 1549 2322 1988 2503 
7014 778 2067 2372 2721 
7015 189 2162 869 2551 
7016 1725 1737 36 2568 
7017 966 967 2123 2569 
7018 2231 2587 1909 2676 
7019 1911 2547 2337 2675 
7020 1332 1114 2400 2666 
7021 1915 1982 2495 2722 
7022 632 2116 2153 2303 
7023 1793 2185 1990 2628 
7024 613 2060 641 2317 
7025 1486 2172 1980 2606 
7026 1884 2288 2015 2639 
7027 936 910 935 1957 
7028 2068 2093 1896 2645 
7029 1831 2209 1953 2669 
7030 1854 2265 2260 2655 
7031 1622 1619 1621 1992 
7032 1311 1165 2148 2496 
7033 844 527 542 2445 
7034 1032 188 2059 2623 
7035 1987 2110 2505 2737 
7036 816 2297 2553 2678 
7037 2397 2579 848 2681 
7038 1628 2021 1623 2339 
7039 1193 1308 2026 2637 
7040 2064 2253 1942 2710 
7041 48 457 2469 2555 
7042 866 772 932 2266 
7043 1843 2253 2246 2629 
7044 489 463 503 2699 
7045 1407 1408 1406 2028 
7046 1932 2049 2284 2609 
7047 1888 2554 2279 2655 
7048 1991 2232 1895 2322 
7049 1738 2035 1725 2185 
7050 1841 2050 2232 2530 
7051 1363 1365 2236 2722 
7052 737 735 1924 2260 
7053 1048 2015 2435 2500 
7054 1866 2203 2080 2390 
7055 482 2267 1929 2431 
7056 945 192 987 2013 
7057 804 711 729 2132 
7058 750 767 2370 2587 
7059 1874 2361 2050 2594 
7060 933 934 914 2179 
7061 809 667 2296 2749 
7062 1047 2015 1048 2500 
7063 1127 1951 1126 2741 
7064 1839 2238 2208 2556 
7065 383 46 2165 2514 
7066 1746 1760 2463 2704 
7067 1406 2028 2137 2209 
7068 1984 2198 1840 2465 
7069 2025 2523 677 2597 
7070 1826 2323 2042 2608 
7071 2033 2267 477 2431 
7072 1830 2008 2111 2502 
7073 1000 863 2275 2333 
7074 1276 2145 1350 2625 
7075 487 677 2523 2597 
7076 1714 1700 1715 2011 
7077 1955 2294 1180 2467 
7078 1814 2328 2112 2592 
7079 52 571 578 2116 
7080 1871 2306 2225 2387 
7081 1837 2135 2271 2387 
7082 2151 2432 962 2640 
7083 1947 1857 2546 2703 
7084 2030 2362 1886 2553 
7085 1843 2177 2075 2719 
7086 1473 303 1377 2032 
7087 495 508 490 2399 
7088 1283 1310 1190 2413 
7089 565 2319 1287 2510 
7090 1839 2208 1919 2556 
7091 1372 2251 1436 2529 
7092 1547 1991 1556 2313 
7093 1890 2112 2082 2252 
7094 1158 1269 2180 2381 
7095 1630 2114 3 2339 
7096 991 2126 655 2354 
7097 1752 1733 1741 2001 
7098 2223 2316 1338 2414 
7099 2094 2320 1985 2699 
7100 1294 2563 2487 2671 
7101 906 891 901 2283 
7102 2039 2232 1895 2361 
7103 2088 2172 1894 2341 
7104 1188 1111 1248 1963 
7105 49 1965 534 2485 
7106 2082 2112 1821 2252 
7107 2515 2696 1688 2697 
7108 1982 2197 1834 2289 
7109 1100 2289 1098 2720 
7110 2013 2432 1967 2434 
7111 1908 2170 1983 2698 
7112 458 1733 1755 2214 
7113 1144 2180 1997 2563 
7114 790 2184 615 2213 
7115 1162 1126 1951 2527 
7116 1839 2238 2556 2620 
7117 1868 2190 2049 2515 
7118 1873 2166 2015 2435 
7119 1881 1961 2342 2366 
7120 1880 2242 2131 2712 
7121 1163 2243 1925 2429 
7122 943 875 924 2224 
7123 1220 1158 1262 1942 
7124 1064 2000 1113 2247 
7125 1418 1446 1394 2217 
7126 1844 2115 2175 2326 
7127 1904 2133 2027 2499 
7128 2006 2384 1925 2742 
7129 1144 1142 1997 2421 
7130 2041 2106 1959 2314 
7131 1328 2227 2429 2509 
7132 2079 2181 1836 2545 
7133 915 1957 935 2297 
7134 378 2098 1961 2677 
7135 1909 2373 1913 2436 
7136 640 609 2317 2603 
7137 856 826 783 2286 
7138 1254 1966 2263 2630 
7139 1871 2075 1999 2295 
7140 1791 1763 1768 2219 
7141 2008 2111 1900 2302 
7142 2258 2538 2443 2689 
7143 907 897 2108 2461 
7144 1949 2346 1658 2506 
7145 2196 2249 1972 2572 
7146 1233 1349 1235 2127 
7147 1230 1105 1232 2161 
7148 1813 2050 2051 2558 
7149 1884 2015 2117 2639 
7150 641 2317 2060 2591 
7151 462 504 493 2200 
7152 1368 1356 287 2517 
7153 2142 2357 1944 2654 
7154 311 1509 2009 2512 
7155 1854 2134 1900 2302 
7156 2075 2177 2000 2719 
7157 2246 2253 1984 2629 
7158 1866 2203 2046 2323 
7159 2257 2315 1930 2396 
7160 1949 2286 1922 2346 
7161 2400 2564 2226 2669 
7162 1980 2452 1375 2557 
7163 1918 2160 1869 2673 
7164 1256 1255 2085 2647 
7165 831 715 1015 2449 
7166 2122 2491 1990 2613 
7167 889 888 893 2388 
7168 1328 1163 1223 2509 
7169 1832 2082 1920 2715 
7170 412 1940 411 2595 
7171 1947 2327 2299 2518 
7172 1640 2346 1922 2407 
7173 2142 2438 2124 2590 
7174 1547 1556 1577 2313 
7175 48 555 3 2114 
7176 828 1957 745 2678 
7177 1162 1239 1240 2056 
7178 1883 1977 2197 2425 
7179 1831 2028 1993 2365 
7180 38 1923 2379 2437 
7181 1812 2002 2501 2601 
7182 826 2286 1922 2401 
7183 2143 2626 1843 2710 
7184 636 637 2595 2684 
7185 2114 2355 1857 2546 
7186 2110 2705 2439 2737 
7187 2054 2196 2037 2415 
7188 2232 2530 2050 2594 
7189 1852 2559 2218 2735 
7190 1698 1672 560 2102 
7191 2053 2097 1836 2624 
7192 1809 1969 1768 2600 
7193 1744 1745 1743 2245 
7194 584 2285 1939 2652 
7195 743 820 2248 2331 
7196 1819 2187 1996 2658 
7197 2005 2098 378 2550 
7198 1906 2307 2283 2426 
7199 580 1986 578 2303 
7200 1957 2155 1854 2179 
7201 1045 1046 2016 2484 
7202 1817 1934 2301 2540 
7203 1877 2422 2402 2572 
7204 1461 2009 2217 2512 
7205 1440 1974 1372 2573 
7206 680 691 2269 2560 
7207 1919 2293 1973 2556 
7208 1931 2307 2036 2426 
7209 1934 2282 1946 2542 
7210 1259 1294 1340 2563 
7211 1421 2172 1486 2606 
7212 1863 2178 2589 2674 
7213 1207 1286 1209 2117 
7214 670 2233 1987 2354 
7215 2107 2501 2002 2601 
7216 2118 2476 1856 2615 
7217 778 2330 2067 2721 
7218 1079 983 1274 2123 
7219 2096 2272 1333 2521 
7220 1974 2529 1372 2573 
7221 820 854 721 2010 
7222 1123 1206 2342 2366 
7223 293 1367 1430 2722 
7224 2087 2112 1882 2265 
7225 1370 1953 1412 2517 
7226 1738 1760 2183 2463 
7227 1230 1233 1105 2127 
7228 980 2084 948 2520 
7229 862 919 191 2162 
7230 2194 2420 1696 2584 
7231 1603 1612 1613 2637 
7232 417 415 2441 2543 
7233 597 2212 2280 2390 
7234 1509 363 364 2009 
7235 2104 1919 2208 2559 
7236 1008 1007 2241 2333 
7237 1596 1549 1988 2376 
7238 2006 2384 2121 2490 
7239 2075 2295 1862 2686 
7240 1198 2027 1098 2289 
7241 1297 2085 864 2494 
7242 1906 2283 2215 2426 
7243 2075 2230 1984 2719 
7244 413 2261 1935 2747 
7245 1129 2198 1189 2230 
7246 978 982 949 2531 
7247 1814 2238 2328 2592 
7248 399 453 46 2555 
7249 650 2012 620 2285 
7250 1007 1006 1011 2072 
7251 1259 2084 2064 2563 
7252 434 1926 447 2591 
7253 1850 1968 2300 2504 
7254 1829 2147 1997 2706 
7255 1957 2480 2297 2532 
7256 880 2349 908 2479 
7257 1878 1936 2152 2409 
7258 2295 2403 1862 2686 
7259 1924 2279 2081 2554 
7260 1028 1456 1253 2413 
7261 1313 1210 2073 2392 
7262 2072 2405 2024 2471 
7263 1016 923 941 2090 
7264 1936 2203 2390 2409 
7265 1248 1188 1963 2653 
7266 1957 2260 2103 2678 
7267 1870 2385 2119 2545 
7268 1840 1984 2170 2295 
7269 1700 1600 1668 2201 
7270 1057 562 606 2509 
7271 1932 2287 2049 2609 
7272 2177 2282 1934 2304 
7273 1831 2202 1993 2411 
7274 2149 2451 1885 2549 
7275 1254 1286 1966 2661 
7276 1855 2139 1956 2303 
7277 743 2331 2248 2566 
7278 1872 2151 1967 2434 
7279 1952 2558 2422 2612 
7280 1852 2168 2559 2735 
7281 1725 2035 1737 2568 
7282 1442 1439 1497 2251 
7283 477 2267 2033 2714 
7284 1898 2162 1919 2218 
7285 1683 2284 2049 2335 
7286 1913 2301 2206 2724 
7287 1913 2380 2453 2685 
7288 828 723 2260 2678 
7289 2013 1872 2140 2281 
7290 1929 2455 2399 2635 
7291 1906 1861 2215 2283 
7292 1711 2146 2335 2515 
7293 1020 1307 943 2224 
7294 1854 2179 2155 2388 
7295 42 405 437 1944 
7296 1172 1955 1180 2467 
7297 773 2090 690 2266 
7298 1214 2634 2156 2664 
7299 44 2257 1966 2538 
7300 2220 2339 1865 2485 
7301 194 2439 2354 2737 
7302 1791 1768 1809 1969 
7303 501 2204 2128 2621 
7304 1604 3 47 382 
7305 1338 1196 1167 2316 
7306 1721 1344 1664 2118 
7307 1318 1191 1984 2246 
7308 358 1958 1515 2557 
7309 1982 2197 2145 2377 
7310 1994 2249 2196 2572 
7311 737 1924 683 2691 
7312 1894 2172 1980 2452 
7313 1970 1876 2178 2371 
7314 1831 2242 2028 2365 
7315 1999 2643 2581 2686 
7316 2015 1873 2500 2571 
7317 1833 2300 2248 2649 
7318 1068 1305 1329 2429 
7319 1139 2347 2004 2371 
7320 1765 1768 2113 2600 
7321 383 517 46 2514 
7322 1902 2504 2031 2537 
7323 547 529 561 2292 
7324 1060 1045 1046 2016 
7325 1446 1396 1394 2217 
7326 1637 2363 1614 2470 
7327 768 2222 2566 2631 
7328 2398 2642 1844 2748 
7329 899 2461 2040 2480 
7330 465 518 499 2739 
7331 372 1501 2032 2359 
7332 2006 2243 1925 2384 
7333 1002 831 1015 2449 
7334 1185 1184 2149 2495 
7335 1975 2032 1835 2380 
7336 1496 2195 1441 2562 
7337 749 2370 2175 2693 
7338 1833 2205 1968 2300 
7339 1417 2656 2186 2673 
7340 364 365 2081 2579 
7341 651 1790 626 2150 
7342 2067 2286 1826 2745 
7343 1006 1011 2072 2497 
7344 670 1987 663 2354 
7345 2126 2296 1899 2393 
7346 1913 1841 2163 2724 
7347 2186 2656 1918 2673 
7348 1834 2182 1915 2459 
7349 638 2578 2056 2595 
7350 1947 2355 2026 2470 
7351 42 2443 1944 2538 
7352 1915 1885 2149 2308 
7353 1425 2007 1481 2234 
7354 2238 2499 2154 2592 
7355 2075 2230 2000 2643 
7356 837 1949 782 2442 
7357 2140 2281 1983 2474 
7358 2035 2379 2029 2568 
7359 1936 1878 2203 2409 
7360 1679 1680 1669 2012 
7361 867 2073 1052 2494 
7362 2087 2112 1888 2171 
7363 1822 2170 2077 2474 
7364 1944 2443 2258 2538 
7365 1838 2035 2183 2463 
7366 724 747 733 2068 
7367 1934 2304 2282 2542 
7368 1002 1016 1022 2090 
7369 2137 2226 1953 2669 
7370 1849 2471 2072 2723 
7371 541 535 2046 2485 
7372 42 1944 437 2538 
7373 1751 2375 2020 2718 
7374 2132 2383 1887 2410 
7375 1825 2342 2176 2639 
7376 1619 2299 1618 2327 
7377 431 456 1941 2419 
7378 1912 2097 2020 2718 
7379 1144 1997 2487 2563 
7380 1935 2319 1348 2599 
7381 1006 2275 1013 2497 
7382 1461 2217 1481 2512 
7383 1069 1075 1232 2357 
7384 1861 2283 2259 2333 
7385 473 2035 37 2314 
7386 1999 2202 2581 2643 
7387 1458 2032 1377 2343 
7388 1096 1095 2133 2740 
7389 1406 2137 1447 2209 
7390 376 2120 377 2136 
7391 1421 1415 1419 2416 
7392 485 1937 486 2619 
7393 1919 2162 1898 2559 
7394 915 936 935 1957 
7395 1342 2262 1084 2263 
7396 2159 2448 692 2711 
7397 618 560 1672 2102 
7398 834 2047 817 2449 
7399 1791 1969 1809 2566 
7400 1310 1177 2005 2413 
7401 1339 1104 2005 2550 
7402 2060 2317 1941 2419 
7403 1815 2054 2178 2589 
7404 1316 1166 1210 2496 
7405 485 1937 2276 2597 
7406 749 2175 766 2693 
7407 1143 1144 2291 2421 
7408 630 2390 1936 2618 
7409 1847 2598 1952 2612 
7410 763 695 2410 2460 
7411 2045 2480 1957 2532 
7412 431 430 429 2315 
7413 1891 2113 2245 2547 
7414 2184 2229 1878 2409 
7415 1922 2406 1640 2407 
7416 954 2354 194 2439 
7417 1210 2073 2392 2496 
7418 1846 2125 1933 2692 
7419 1919 1898 2218 2559 
7420 1858 2304 2136 2542 
7421 545 1936 551 2618 
7422 2001 2379 1923 2437 
7423 1843 2000 2177 2719 
7424 988 2084 1279 2671 
7425 1979 2581 2202 2643 
7426 2128 2199 476 2621 
7427 1098 2289 2027 2720 
7428 1884 1966 2258 2689 
7429 1862 2492 2230 2627 
7430 691 2159 692 2269 
7431 826 2401 1922 2407 
7432 1871 2493 2077 2598 
7433 1595 1544 2456 2691 
7434 1673 2615 2118 2682 
7435 1316 1210 2392 2496 
7436 1297 864 921 2494 
7437 1514 373 2311 2359 
7438 1262 2246 1082 2278 
7439 1843 1942 2246 2710 
7440 1906 2392 2073 2496 
7441 966 964 967 2569 
7442 1624 1622 2158 2274 
7443 750 732 2228 2370 
7444 1246 2360 1921 2418 
7445 1830 2092 2034 2255 
7446 2118 2363 1856 2476 
7447 1467 1468 1425 2169 
7448 1144 2180 1145 2291 
7449 437 1944 405 2364 
7450 1855 2116 1925 2428 
7451 1046 2176 2016 2484 
7452 643 2303 2153 2582 
7453 1906 2215 2099 2414 
7454 2100 2581 1979 2627 
7455 498 1959 470 2726 
7456 1060 2278 2016 2500 
7457 1821 2265 2112 2279 
7458 941 923 874 2090 
7459 1623 2339 2021 2585 
7460 2258 1966 2538 2689 
7461 1693 1694 1714 2174 
7462 839 2210 739 2313 
7463 1564 1558 1537 2366 
7464 2122 2173 1902 2537 
7465 1825 1981 2571 2744 
7466 840 2276 2157 2597 
7467 956 2053 2221 2368 
7468 2290 2294 1955 2657 
7469 1067 1298 1778 2360 
7470 757 799 800 2126 
7471 1399 1452 1960 2611 
7472 926 2109 916 2297 
7473 1977 2235 1903 2350 
7474 504 493 2200 2739 
7475 1732 1788 1781 2078 
7476 1680 2012 1679 2284 
7477 311 2009 1384 2512 
7478 2156 2490 1176 2664 
7479 1906 2215 2307 2426 
7480 1217 1941 1331 2593 
7481 1827 2141 2061 2635 
7482 806 2184 790 2213 
7483 1890 2112 2328 2592 
7484 2076 2174 1695 2420 
7485 1835 2501 1999 2614 
7486 630 2390 590 2409 
7487 216 1780 973 946 
7488 816 2553 713 2678 
7489 539 2338 537 2445 
7490 1139 2371 2004 2418 
7491 397 39 436 1950 
7492 1906 2224 2099 2259 
7493 2167 2190 2042 2609 
7494 1549 2376 1532 2503 
7495 1034 1379 1484 2625 
7496 1930 2315 2052 2396 
7497 1973 2059 1840 2733 
7498 1317 2076 2193 2476 
7499 2327 2339 1620 2585 
7500 1549 1573 1596 1988 
7501 1477 2226 1072 2517 
7502 1868 1976 2190 2515 
7503 1893 2344 2188 2382 
7504 431 1941 2315 2419 
7505 1822 2077 2253 2710 
7506 473 2185 2035 2314 
7507 2183 2463 1760 2704 
7508 419 438 416 2477 
7509 2113 2219 1762 2732 
7510 2301 2380 2206 2614 
7511 1040 1039 1038 2484 
7512 1840 2059 1973 2551 
7513 1947 2470 2026 2703 
7514 412 423 411 2334 
7515 1848 1997 2180 2325 
7516 364 2554 363 2691 
7517 435 421 1989 2543 
7518 1985 754 2320 2321 
7519 655 991 799 2126 
7520 1127 2467 1951 2741 
7521 1897 1997 2239 2325 
7522 1140 1252 2371 2421 
7523 2320 2699 2094 2729 
7524 1925 2429 2227 2509 
7525 1333 2096 1121 2272 
7526 746 2346 1602 2407 
7527 1683 1684 2049 2284 
7528 598 593 2184 2409 
7529 2248 2331 1969 2566 
7530 674 2305 1996 2560 
7531 1833 2031 2248 2300 
7532 2013 2244 1819 2434 
7533 632 606 562 2509 
7534 484 2433 2025 2523 
7535 2003 2386 885 2727 
7536 1947 1856 2329 2470 
7537 358 2024 2405 2471 
7538 1916 2402 2181 2434 
7539 1896 2448 2300 2649 
7540 442 441 602 2522 
7541 1000 1006 1007 2333 
7542 1332 2400 1114 2627 
7543 1829 2119 2069 2353 
7544 356 2452 1980 2557 
7545 761 733 2222 2631 
7546 315 1500 1467 2169 
7547 866 905 2018 2266 
7548 1897 2239 1997 2706 
7549 565 608 1287 2319 
7550 1856 2470 2363 2682 
7551 1840 2465 2059 2698 
7552 2036 2087 1830 2636 
7553 1532 2376 1946 2503 
7554 1990 2491 521 2613 
7555 1825 2120 2282 2552 
7556 581 643 645 2303 
7557 1201 2224 2223 2414 
7558 1852 2208 1919 2559 
7559 1384 1434 1461 2009 
7560 2103 1886 2678 2743 
7561 193 2110 2439 2737 
7562 1330 1352 1964 2531 
7563 1481 2217 1418 2234 
7564 1317 2193 2076 2521 
7565 311 1384 2009 2358 
7566 1832 1920 2344 2715 
7567 1713 2696 2043 2697 
7568 1505 1513 378 2550 
7569 1837 2164 2030 2271 
7570 359 358 2471 2502 
7571 419 2334 433 2477 
7572 1865 2220 2114 2339 
7573 1713 1688 2696 2697 
7574 2003 2349 885 2386 
7575 871 999 2275 2586 
7576 1729 1770 1990 2332 
7577 1738 2035 1754 2568 
7578 1297 1256 2085 2494 
7579 1041 2085 1255 2660 
7580 1993 2028 1831 2137 
7581 2028 2209 2131 2242 
7582 1236 1235 2599 2736 
7583 2061 2141 1827 2395 
7584 1956 1864 2207 2408 
7585 1813 2017 2310 2558 
7586 801 848 2397 2579 
7587 318 1375 1525 2557 
7588 1695 2174 2076 2615 
7589 37 2379 2001 2437 
7590 724 747 2068 2749 
7591 1048 1047 1049 2015 
7592 2028 1831 2209 2242 
7593 2433 2523 484 2714 
7594 1555 1556 1991 2373 
7595 2086 2251 1974 2529 
7596 1995 2424 1797 2516 
7597 534 1965 50 2513 
7598 1984 2170 1908 2465 
7599 1042 1287 608 2319 
7600 519 521 1990 2491 
7601 1211 1353 1137 2088 
7602 761 733 845 2222 
7603 36 2001 37 2568 
7604 1643 1658 2346 2506 
7605 1619 1621 1992 2585 
7606 1965 2277 1816 2546 
7607 1993 2365 2343 2614 
7608 1622 1621 1624 2158 
7609 1214 2156 1176 2664 
7610 970 958 960 2393 
7611 691 2159 1996 2524 
7612 1947 2329 2299 2470 
7613 1842 2423 1932 2609 
7614 1441 2195 1496 2236 
7615 502 2514 2204 2621 
7616 371 372 1501 2032 
7617 528 85 546 2021 
7618 1817 2614 2301 2701 
7619 1948 2311 1460 2536 
7620 1346 1072 1219 2226 
7621 439 399 2257 2315 
7622 1817 1999 2614 2701 
7623 1873 2588 2278 2626 
7624 1644 791 709 2506 
7625 1894 2414 2316 2644 
7626 1939 2423 2352 2667 
7627 728 816 819 2109 
7628 1869 1918 2186 2411 
7629 1883 2416 2023 2534 
7630 1980 1894 2452 2668 
7631 632 579 2116 2303 
7632 485 2276 1937 2619 
7633 1825 2176 2015 2639 
7634 1941 2243 2052 2593 
7635 1137 1211 2088 2089 
7636 1147 1997 2147 2487 
7637 553 654 530 2212 
7638 1600 1645 1636 2201 
7639 1840 2198 2059 2465 
7640 656 1566 1561 2228 
7641 1633 1634 1632 2156 
7642 1863 2590 2061 2610 
7643 642 613 591 2227 
7644 1954 2142 1950 2508 
7645 1475 308 1522 2454 
7646 555 546 2339 2485 
7647 1377 2343 2032 2359 
7648 303 1377 2032 2359 
7649 1637 2118 2363 2682 
7650 1887 2433 2033 2714 
7651 1204 2098 1039 2484 
7652 1695 2076 1666 2615 
7653 1679 2284 2012 2584 
7654 420 400 422 2367 
7655 519 2185 2314 2491 
7656 2080 2229 588 2409 
7657 448 2060 2419 2591 
7658 2089 2307 2148 2496 
7659 1899 1967 2244 2393 
7660 1409 1448 1407 2343 
7661 1616 1632 2114 2355 
7662 40 2394 2061 2694 
7663 1129 1984 2230 2719 
7664 1911 2119 2020 2353 
7665 1000 1005 1006 2275 
7666 1844 2326 2175 2576 
7667 1595 1544 1576 2456 
7668 1614 2026 1613 2470 
7669 45 2457 1930 2567 
7670 1585 2397 365 2579 
7671 397 1950 436 2489 
7672 1088 1021 1334 2223 
7673 1573 1988 1546 2322 
7674 674 1996 691 2560 
7675 1853 2329 2299 2518 
7676 1869 2005 2136 2369 
7677 1028 2160 1456 2413 
7678 1836 2645 2068 2738 
7679 1913 2373 2163 2436 
7680 515 1959 498 2726 
7681 1952 2017 2558 2612 
7682 1363 1355 1365 2722 
7683 1826 2167 2067 2745 
7684 1589 2047 1552 2638 
7685 625 1672 1707 2213 
7686 737 2134 1924 2691 
7687 2204 2376 1875 2514 
7688 1871 2077 2493 2629 
7689 1320 2356 1956 2582 
7690 632 562 2153 2509 
7691 1614 1613 1615 2470 
7692 1216 2492 1271 2627 
7693 2083 2164 1907 2271 
7694 44 1966 2257 2457 
7695 1809 2566 1969 2600 
7696 1964 1829 2580 2706 
7697 1950 2142 1954 2489 
7698 1844 2642 2422 2658 
7699 1080 2059 2465 2623 
7700 2270 2310 2017 2558 
7701 1169 2574 2001 2730 
7702 353 1195 2223 2316 
7703 1189 1216 2230 2627 
7704 1152 2356 2153 2384 
7705 1965 2277 2139 2667 
7706 2039 2460 2361 2693 
7707 1962 2121 1857 2277 
7708 1974 2188 2086 2529 
7709 2481 2522 2056 2595 
7710 632 2153 643 2303 
7711 1699 1668 1646 2201 
7712 636 2595 1940 2684 
7713 1817 1999 2202 2614 
7714 1289 1083 1611 2363 
7715 1449 2343 1377 2359 
7716 741 740 731 2444 
7717 1935 2319 634 2510 
7718 1067 1246 1298 2360 
7719 1311 2073 2148 2647 
7720 562 1057 1327 2509 
7721 1498 303 1473 2573 
7722 1574 371 370 2231 
7723 1719 623 649 2096 
7724 2015 2176 1047 2342 
7725 1656 746 1602 2407 
7726 487 484 469 2597 
7727 1888 2087 2302 2655 
7728 467 1729 1783 2185 
7729 1052 2073 1311 2494 
7730 1931 1859 2307 2374 
7731 1836 2097 2093 2645 
7732 1203 2027 1098 2596 
7733 1842 2102 2012 2285 
7734 2025 2433 1887 2714 
7735 1816 2189 2408 2423 
7736 1826 2254 2046 2608 
7737 2112 2252 1882 2265 
7738 2030 2662 705 2743 
7739 1837 2271 2030 2412 
7740 942 1032 188 2059 
7741 363 2009 1509 2512 
7742 1818 2499 2058 2592 
7743 2126 2354 954 2439 
7744 1921 2360 2004 2418 
7745 315 1467 1500 314 
7746 1259 1340 1153 2084 
7747 2054 2415 2037 2635 
7748 371 2032 1501 2573 
7749 1890 2328 2238 2592 
7750 2273 2437 1950 2670 
7751 2163 2373 1991 2436 
7752 1841 1913 2436 2724 
7753 1646 1976 1660 2696 
7754 1882 2034 2087 2265 
7755 924 2224 875 2392 
7756 1443 2358 1485 2454 
7757 2086 2188 1832 2344 
7758 1954 1950 2489 2508 
7759 694 719 2031 2448 
7760 821 796 789 2445 
7761 1158 1269 1145 2180 
7762 1884 2074 2288 2639 
7763 1010 2191 2090 2449 
7764 1863 2070 2178 2674 
7765 1843 1998 2177 2626 
7766 764 2025 2410 2523 
7767 750 732 859 2228 
7768 1254 1966 2630 2661 
7769 694 692 2448 2711 
7770 976 946 973 2725 
7771 2104 2225 1840 2559 
7772 1644 2506 709 2707 
7773 1945 1890 2464 2601 
7774 1941 2317 2294 2419 
7775 746 856 2346 2407 
7776 1742 1738 1725 2185 
7777 307 1522 1516 2086 
7778 1081 875 2224 2392 
7779 508 483 2094 2267 
7780 940 899 918 2040 
7781 1948 2186 1869 2369 
7782 882 885 2349 2386 
7783 468 2394 40 2694 
7784 1815 2178 2106 2589 
7785 482 477 2267 2431 
7786 1826 1992 2158 2608 
7787 1156 1095 1120 2740 
7788 1819 2181 2402 2434 
7789 2041 2314 1959 2726 
7790 1999 1835 2206 2501 
7791 1852 2108 2208 2252 
7792 1823 2264 1938 2534 
7793 502 517 384 2514 
7794 1899 1996 2181 2524 
7795 2301 2614 1999 2701 
7796 364 2579 2554 2691 
7797 1850 2159 2300 2738 
7798 1200 1197 1125 1982 
7799 366 2344 2081 2397 
7800 1204 1104 1039 2098 
7801 49 2220 1965 2485 
7802 1077 2508 1950 2570 
7803 1963 2437 2273 2670 
7804 48 2469 1917 2555 
7805 447 1926 2290 2522 
7806 717 816 713 2678 
7807 1573 1546 1548 2322 
7808 1147 1144 1997 2487 
7809 1915 2495 2236 2722 
7810 2018 2528 2134 2616 
7811 1074 1073 2230 2688 
7812 2015 2288 1884 2583 
7813 1897 1997 2325 2563 
7814 863 209 1000 2275 
7815 972 945 992 2439 
7816 1857 2121 1962 2389 
7817 863 912 904 2055 
7818 1766 1763 1791 2219 
7819 1405 1409 1407 2548 
7820 1834 1982 2182 2377 
7821 1922 2021 2158 2406 
7822 2031 2200 718 2321 
7823 2581 2643 1862 2686 
7824 1892 2343 2032 2380 
7825 943 1014 1020 2224 
7826 2090 2191 2047 2449 
7827 1905 2556 2328 2620 
7828 1852 1919 2218 2559 
7829 1744 1762 1745 2113 
7830 816 2109 728 2553 
7831 1965 2220 49 2742 
7832 1346 1296 1186 2226 
7833 895 913 889 2255 
7834 1417 2186 1424 2673 
7835 1084 1208 1335 2263 
7836 674 2066 672 2305 
7837 1969 2248 2631 2649 
7838 1217 1085 1109 2593 
7839 1101 2350 2148 2425 
7840 2142 1950 2508 2570 
7841 479 485 484 2433 
7842 972 2126 954 2439 
7843 1665 3 1630 2114 
7844 1858 2282 2304 2542 
7845 1476 1424 1423 2186 
7846 808 794 703 2047 
7847 843 734 2200 2320 
7848 1721 1674 1344 2118 
7849 2099 2224 1019 2259 
7850 1516 307 2086 2529 
7851 920 2085 917 2660 
7852 422 2078 455 2367 
7853 1970 2178 2070 2371 
7854 2113 1870 2245 2547 
7855 2079 1870 2645 2649 
7856 2015 1884 2166 2583 
7857 720 824 2103 2743 
7858 1879 2244 2138 2705 
7859 1870 2205 2113 2649 
7860 2026 2355 1857 2389 
7861 1830 2055 2024 2723 
7862 1842 2285 1939 2352 
7863 1926 2294 2290 2657 
7864 1954 2142 2508 2570 
7865 683 1924 2579 2691 
7866 1950 436 2489 2670 
7867 1697 1671 2096 2194 
7868 1917 2440 2490 2664 
7869 1869 2413 2160 2666 
7870 1401 2131 1403 2209 
7871 1831 2137 2209 2669 
7872 1700 1606 1645 2682 
7873 1882 2252 2112 2328 
7874 521 2332 1990 2613 
7875 1855 2139 1986 2428 
7876 1452 1404 2131 2611 
7877 719 2248 2031 2448 
7878 1999 2501 2202 2614 
7879 2099 2223 1004 2224 
7880 886 888 889 2034 
7881 1151 1227 1149 2356 
7882 2080 2280 1939 2352 
7883 921 1306 1297 2494 
7884 1981 2310 1998 2744 
7885 642 641 613 2060 
7886 958 970 961 1967 
7887 994 2099 354 2223 
7888 1858 2120 2282 2542 
7889 632 2153 2116 2509 
7890 1229 1134 2070 2447 
7891 1829 2020 2353 2375 
7892 189 190 869 2162 
7893 1153 1154 1259 2064 
7894 502 384 2204 2514 
7895 46 399 1930 2567 
7896 2095 2237 1920 2519 
7897 1970 2447 2048 2679 
7898 546 2021 85 2339 
7899 2140 2281 1872 2617 
7900 928 2073 906 2392 
7901 2276 2444 2157 2597 
7902 570 790 615 2213 
7903 1925 2116 1855 2384 
7904 425 447 2290 2522 
7905 1867 2415 2054 2635 
7906 1079 949 983 2123 
7907 1907 2164 2083 2746 
7908 1843 2278 2626 2688 
7909 361 1560 2256 2695 
7910 46 2555 47 2567 
7911 637 2578 2595 2684 
7912 464 2165 46 2514 
7913 1032 2059 1078 2623 
7914 2205 2651 2106 2690 
7915 1830 2087 2034 2302 
7916 1954 2161 2127 2334 
7917 2175 2326 1907 2576 
7918 2127 2510 2261 2684 
7919 1907 2326 2135 2612 
7920 1820 2135 2014 2271 
7921 1178 1953 2226 2564 
7922 1907 2576 2326 2612 
7923 1640 1602 2346 2407 
7924 218 955 1779 2053 
7925 1869 1918 2411 2666 
7926 903 912 2333 2565 
7927 2323 2518 2042 2608 
7928 1541 358 357 2471 
7929 1465 1486 1375 2606 
7930 1672 625 618 2213 
7931 1970 2291 1252 2679 
7932 1818 2107 2427 2519 
7933 2044 2133 1839 2507 
7934 1427 2005 1177 2413 
7935 1047 2176 2015 2500 
7936 1295 1139 2004 2418 
7937 2094 2399 1929 2455 
7938 1754 1738 1760 2183 
7939 2208 2252 2108 2328 
7940 1741 2001 1733 2568 
7941 1888 2265 2087 2655 
7942 1640 1656 1602 2407 
7943 1943 2037 2309 2312 
7944 798 2456 2134 2691 
7945 1178 2475 1953 2564 
7946 1951 2481 2056 2527 
7947 1318 1073 2688 2719 
7948 1937 2444 2276 2597 
7949 2184 2409 1878 2721 
7950 1970 1876 2371 2421 
7951 1272 2096 1333 2521 
7952 1175 1973 1090 2417 
7953 1908 2170 1984 2253 
7954 1941 2294 1331 2593 
7955 1462 1958 1378 2473 
7956 1994 1872 2239 2617 
7957 464 46 517 2514 
7958 1882 2155 2034 2265 
7959 723 2260 2678 2681 
7960 2006 2490 2440 2664 
7961 1992 2274 1622 2324 
7962 1969 2248 2010 2331 
7963 1627 85 1628 2339 
7964 979 971 950 2126 
7965 1907 2135 2576 2612 
7966 1272 1285 1333 2096 
7967 1926 2317 1187 2603 
7968 780 2067 782 2286 
7969 580 582 2280 2632 
7970 2054 2466 1970 2610 
7971 477 480 2267 2714 
7972 1917 2440 2156 2490 
7973 2246 2629 1984 2719 
7974 1112 2508 1978 2717 
7975 1766 2093 1764 2219 
7976 1012 2099 1019 2259 
7977 1843 2253 2629 2710 
7978 1983 2162 1898 2462 
7979 2064 2180 1326 2563 
7980 1297 1255 1041 2085 
7981 838 709 2506 2707 
7982 2159 2448 2300 2738 
7983 831 774 715 2449 
7984 1996 2181 2524 2738 
7985 1965 2428 50 2513 
7986 44 45 475 2199 
7987 1724 216 1780 973 
7988 1964 2580 2665 2706 
7989 2030 2446 705 2662 
7990 1886 2297 2480 2532 
7991 1975 1851 2231 2498 
7992 2215 2283 1861 2426 
7993 888 2155 2034 2727 
7994 1884 2117 2074 2639 
7995 1959 2106 2041 2651 
7996 2030 2412 2271 2446 
7997 1882 2108 2252 2328 
7998 632 643 579 2303 
7999 1873 2016 2500 2571 
8000 1856 2174 2076 2189 
8001 1927 2570 2142 2654 
8002 699 2164 686 2746 
8003 1469 2369 2536 2577 
8004 1070 1231 1056 2654 
8005 1854 2034 2155 2265 
8006 468 2399 2394 2694 
8007 834 703 817 2047 
8008 2041 2314 38 2379 
8009 892 887 913 2255 
8010 1245 1142 1141 2418 
8011 663 670 752 1987 
8012 1112 1978 2535 2717 
8013 1967 2151 1872 2432 
8014 1018 994 1012 2099 
8015 1933 2125 1846 2171 
8016 1895 2232 2210 2361 
8017 2098 2247 1858 2484 
8018 1685 2049 1684 2687 
8019 498 515 494 2491 
8020 1103 2273 1950 2717 
8021 1731 2029 1810 2486 
8022 906 901 931 2283 
8023 873 916 819 2297 
8024 1060 1213 2278 2500 
8025 1849 2072 2055 2723 
8026 1872 2281 2013 2432 
8027 401 452 450 2060 
8028 1820 2014 2135 2561 
8029 685 671 751 2233 
8030 1940 2261 636 2684 
8031 649 569 1345 2096 
8032 1215 2198 1984 2465 
8033 2316 2414 2223 2644 
8034 811 1599 1543 2587 
8035 2157 2276 1937 2444 
8036 359 2169 1958 2502 
8037 1992 2299 1853 2324 
8038 1032 1078 188 2623 
8039 1705 1683 1686 2335 
8040 824 720 2103 2681 
8041 637 2578 638 2595 
8042 1870 2219 2097 2645 
8043 1888 2008 2302 2636 
8044 1443 2237 1384 2358 
8045 410 603 574 2261 
8046 1948 1460 2311 2605 
8047 971 2126 972 2393 
8048 1851 2271 2412 2446 
8049 1206 1207 2117 2263 
8050 2185 2463 1891 2628 
8051 2014 2412 2065 2498 
8052 1872 2432 2013 2434 
8053 2072 2241 1861 2405 
8054 2050 2310 2270 2558 
8055 1914 2270 2017 2561 
8056 434 2419 1926 2591 
8057 766 2175 2115 2693 
8058 961 962 959 2151 
8059 2347 2371 2070 2675 
8060 2097 2219 1870 2732 
8061 1029 1184 1354 2149 
8062 1975 1835 2206 2380 
8063 596 2012 650 2285 
8064 984 2221 2296 2393 
8065 1871 2295 1999 2686 
8066 1286 2258 1966 2661 
8067 1891 2205 2106 2690 
8068 2020 2375 1751 2472 
8069 189 2520 2059 2623 
8070 1354 1360 1029 2149 
8071 1257 2214 1795 2730 
8072 981 947 219 1787 
8073 1830 2008 2502 2636 
8074 1934 2301 1892 2453 
8075 2011 2201 1853 2299 
8076 1934 1948 2304 2542 
8077 1685 2515 2049 2687 
8078 757 714 756 2524 
8079 565 634 2319 2510 
8080 1910 1996 2187 2658 
8081 367 2086 1522 2454 
8082 1944 2661 1075 2741 
8083 1462 1491 1378 1958 
8084 1949 1658 2274 2506 
8085 380 1035 2192 2634 
8086 1833 2248 1969 2649 
8087 1627 1628 1623 2339 
8088 763 695 711 2410 
8089 446 2469 432 2482 
8090 1815 2119 2069 2708 
8091 2075 1984 2295 2629 
8092 806 847 785 2330 
8093 1850 2300 2159 2448 
8094 2038 2340 1824 2391 
8095 1843 2629 2246 2719 
8096 1842 2352 1939 2423 
8097 1932 2423 2329 2609 
8098 1989 2367 2078 2535 
8099 1268 568 609 2317 
8100 1856 1947 2329 2703 
8101 2216 2519 2237 2731 
8102 514 467 1783 2185 
8103 2202 2411 1979 2643 
8104 1306 1052 1311 2494 
8105 2228 2370 1909 2587 
8106 1822 1952 2140 2474 
8107 705 704 2030 2553 
8108 1885 2308 2195 2712 
8109 1850 2448 2159 2711 
8110 1979 2400 1114 2666 
8111 2045 2155 910 2602 
8112 2070 2347 1135 2371 
8113 1958 2169 1846 2502 
8114 1973 2293 2022 2556 
8115 1476 1424 2186 2673 
8116 1899 2181 2068 2738 
8117 1941 2429 2060 2482 
8118 597 628 583 2280 
8119 1899 2068 2524 2738 
8120 1888 2112 2087 2265 
8121 2017 2270 1914 2310 
8122 1843 2246 2278 2688 
8123 45 1930 399 2567 
8124 2264 2502 1846 2636 
8125 1958 1846 2264 2502 
8126 1685 1684 1687 2687 
8127 1798 1758 2250 2375 
8128 826 701 2401 2407 
8129 2221 2296 1899 2749 
8130 1848 1970 2348 2466 
8131 1476 2186 2369 2673 
8132 1348 1236 1235 2599 
8133 1937 2458 2204 2619 
8134 1306 867 1052 2494 
8135 1052 1313 1210 2073 
8136 1848 2196 1972 2466 
8137 1886 2553 2297 2678 
8138 1843 2246 2253 2710 
8139 3 2114 555 2339 
8140 1457 2088 1059 2341 
8141 314 1467 1500 2169 
8142 2030 2271 2164 2446 
8143 1420 2172 1419 2416 
8144 2199 2351 1860 2488 
8145 445 455 422 2078 
8146 1390 1392 2023 2377 
8147 1050 2166 2435 2526 
8148 1831 1993 2202 2365 
8149 1212 1183 1200 1982 
8150 1815 2205 1968 2651 
8151 1810 2029 2183 2486 
8152 1944 2357 2142 2477 
8153 1356 2475 2451 2517 
8154 1926 2522 447 2591 
8155 1901 2459 1818 2712 
8156 1986 2280 2139 2632 
8157 190 1983 2162 2520 
8158 1063 1320 2272 2582 
8159 943 1307 1081 2224 
8160 921 867 1306 2494 
8161 1947 1857 2355 2546 
8162 1922 2158 1949 2346 
8163 1945 2168 1812 2464 
8164 1495 1456 1380 2160 
8165 2039 1828 2444 2734 
8166 882 885 908 2349 
8167 2082 2107 1890 2601 
8168 1742 1743 2463 2628 
8169 1959 2106 2651 2690 
8170 1899 2524 2181 2738 
8171 920 2479 2085 2660 
8172 585 2280 2080 2390 
8173 596 650 2012 2652 
8174 2024 2471 358 2502 
8175 1058 2019 2381 2435 
8176 1877 2196 1972 2572 
8177 1828 2128 2033 2433 
8178 1220 1942 2278 2381 
8179 1813 2310 2050 2558 
8180 894 2092 889 2388 
8181 356 1525 2452 2557 
8182 376 2120 2136 2542 
8183 1136 2070 1135 2371 
8184 1614 2363 2026 2470 
8185 1344 1674 1155 2118 
8186 1557 1541 357 2241 
8187 1077 1102 1103 2717 
8188 519 1990 2185 2491 
8189 1423 1424 1417 2186 
8190 717 2103 2678 2743 
8191 1999 2295 2075 2686 
8192 502 464 2514 2621 
8193 1751 2020 1750 2718 
8194 1134 2070 2447 2511 
8195 2069 2196 1848 2348 
8196 354 2223 2099 2644 
8197 1387 1490 1441 2236 
8198 2076 2189 1864 2193 
8199 1890 2238 2154 2592 
8200 1177 2005 1427 2550 
8201 1050 2435 1049 2526 
8202 358 359 1958 2502 
8203 1387 2182 1490 2236 
8204 489 2699 2320 2729 
8205 1573 1988 2322 2458 
8206 1851 2412 2030 2446 
8207 1218 1059 1457 2088 
8208 606 2227 1057 2509 
8209 86 1627 1630 2339 
8210 1932 2189 2329 2423 
8211 1856 2189 2076 2476 
8212 961 1967 970 2432 
8213 980 2569 2084 2671 
8214 1681 2284 1679 2584 
8215 1480 1496 1441 2562 
8216 634 2319 1935 2747 
8217 1123 1342 1206 2366 
8218 567 2056 1267 2603 
8219 1844 2175 2398 2576 
8220 2189 2193 2076 2476 
8221 562 1327 2153 2509 
8222 1128 1195 353 2316 
8223 528 2021 2254 2406 
8224 764 2410 2211 2523 
8225 1745 2245 2113 2732 
8226 1233 2127 1230 2527 
8227 980 985 948 2569 
8228 2072 1849 2275 2497 
8229 2067 781 2442 2700 
8230 1355 1982 1367 2722 
8231 498 516 470 2314 
8232 1810 2029 1754 2183 
8233 531 2406 2401 2407 
8234 603 410 440 2261 
8235 580 578 579 2303 
8236 599 2152 592 2292 
8237 1302 1137 1353 2088 
8238 1556 2228 1991 2373 
8239 1940 2595 2578 2684 
8240 2176 2552 1825 2571 
8241 2046 2323 1826 2608 
8242 1226 1231 2124 2447 
8243 1063 2272 559 2582 
8244 1842 2229 2102 2285 
8245 1762 1745 2113 2732 
8246 1935 2510 634 2747 
8247 1631 1627 1620 2339 
8248 475 476 2199 2621 
8249 757 744 2126 2305 
8250 555 532 546 2485 
8251 378 2550 1513 2577 
8252 1384 2009 1461 2512 
8253 1874 2039 2361 2383 
8254 1852 2362 1945 2464 
8255 1434 1396 1446 2217 
8256 425 2290 426 2481 
8257 2118 2615 1856 2682 
8258 1490 1395 1441 2541 
8259 1033 2317 609 2603 
8260 1361 2149 1363 2549 
8261 651 626 572 2150 
8262 1936 2292 545 2445 
8263 2045 2461 2108 2602 
8264 2016 2176 1046 2500 
8265 615 2184 619 2213 
8266 369 368 2101 2188 
8267 2074 2199 1860 2488 
8268 585 584 587 2285 
8269 1685 1687 2515 2687 
8270 764 677 2025 2523 
8271 2172 2416 1883 2534 
8272 750 2370 2228 2587 
8273 1888 2302 2087 2636 
8274 2130 2580 2375 2718 
8275 1566 2228 656 2313 
8276 1835 2032 2343 2380 
8277 1129 2230 1073 2719 
8278 1852 2168 2362 2464 
8279 1945 2362 2168 2464 
8280 834 808 2047 2528 
8281 1851 1975 2065 2498 
8282 1534 1598 2228 2587 
8283 1560 2456 2256 2695 
8284 1121 2096 611 2272 
8285 1255 1124 1224 2235 
8286 593 619 2184 2229 
8287 1838 2347 2070 2675 
8288 2164 2271 2083 2446 
8289 1976 2672 1660 2696 
8290 2005 2369 1869 2413 
8291 1004 2099 994 2223 
8292 2294 2467 1955 2657 
8293 1815 2178 2054 2348 
8294 1866 1936 2203 2390 
8295 369 1503 2529 2573 
8296 315 1506 1500 2169 
8297 194 195 1987 2354 
8298 502 464 517 2514 
8299 1071 1084 1036 2192 
8300 1827 2309 2141 2635 
8301 1860 2288 2583 2702 
8302 1011 996 1581 2497 
8303 1892 2343 1993 2605 
8304 1842 2012 2102 2284 
8305 1180 2294 1173 2467 
8306 1820 2135 2017 2561 
8307 1438 2086 307 2529 
8308 1295 2004 1030 2360 
8309 379 378 2098 2550 
8310 1867 2399 2455 2635 
8311 914 893 896 2388 
8312 1831 1918 2137 2669 
8313 585 587 2080 2285 
8314 586 2632 2207 2652 
8315 918 2505 2040 2716 
8316 2105 1875 2376 2514 
8317 838 815 2043 2697 
8318 2218 2559 1898 2735 
8319 1721 1664 1710 2118 
8320 2289 2350 1903 2720 
8321 1861 2333 2055 2565 
8322 1823 2307 2215 2426 
8323 1827 2610 2054 2635 
8324 1419 1486 1421 2172 
8325 1918 1869 2160 2666 
8326 1871 2077 2170 2306 
8327 1064 1204 1045 2484 
8328 1991 2228 1556 2313 
8329 1818 2427 1901 2712 
8330 1312 1159 1193 2363 
8331 804 2211 764 2410 
8332 1236 1234 1235 2736 
8333 844 796 821 2445 
8334 2055 2072 1849 2275 
8335 2081 2579 2397 2681 
8336 1825 2552 2282 2744 
8337 1438 1372 1436 2529 
8338 1838 2004 2183 2347 
8339 477 2033 478 2714 
8340 1108 1191 1154 2465 
8341 1830 2024 2111 2723 
8342 857 2101 2382 2662 
8343 2014 2271 2135 2387 
8344 1483 1460 2311 2536 
8345 1812 2168 2014 2225 
8346 1964 2147 1829 2706 
8347 2265 2302 2087 2655 
8348 805 752 728 2109 
8349 1955 1941 2315 2593 
8350 1032 1080 1078 2059 
8351 2127 2261 1940 2684 
8352 1947 1856 2470 2703 
8353 1866 2203 1936 2338 
8354 1713 2043 1676 2697 
8355 2042 1842 2167 2609 
8356 1955 2294 1941 2593 
8357 1193 1044 1308 2637 
8358 673 672 674 2066 
8359 1818 2107 2002 2154 
8360 1080 1078 2059 2623 
8361 479 476 2128 2433 
8362 1361 1360 2149 2475 
8363 1180 1955 2396 2593 
8364 773 774 690 2090 
8365 1867 2589 2651 2726 
8366 879 2293 938 2709 
8367 1955 2257 2062 2396 
8368 1280 1731 2029 2575 
8369 1627 2339 1623 2585 
8370 1730 218 1779 2053 
8371 1613 2355 2026 2637 
8372 1831 2242 2002 2581 
8373 1179 1351 1293 2091 
8374 1962 2277 1857 2703 
8375 1129 1073 1318 2719 
8376 601 572 631 2150 
8377 735 1924 2260 2681 
8378 1007 1012 1008 2241 
8379 1699 1605 1670 2696 
8380 85 528 84 2021 
8381 1891 2185 2035 2463 
8382 705 2446 758 2662 
8383 1853 2299 2201 2324 
8384 2083 2498 2271 2646 
8385 874 2090 937 2266 
8386 2017 2561 2135 2598 
8387 1988 1895 2232 2322 
8388 1486 1470 1375 2452 
8389 353 1021 1017 2223 
8390 2238 2298 1903 2604 
8391 1848 2180 2249 2325 
8392 307 1438 1475 2086 
8393 1067 1303 1246 2250 
8394 1018 995 1582 2241 
8395 778 781 2067 2330 
8396 1555 1556 1547 1991 
8397 1893 2188 2344 2715 
8398 1017 1021 1003 2223 
8399 834 773 808 2528 
8400 2017 2135 1820 2326 
8401 923 2090 871 2586 
8402 1989 2319 1290 2430 
8403 538 2046 535 2338 
8404 1957 2179 1854 2260 
8405 2252 2265 1821 2532 
8406 1822 2140 1994 2617 
8407 1998 1843 2493 2626 
8408 606 1263 1057 2227 
8409 1870 2097 2385 2545 
8410 1848 2249 1994 2325 
8411 1555 2163 373 2373 
8412 1191 1129 1318 1984 
8413 189 980 2084 2623 
8414 1631 2114 1630 2339 
8415 1386 1478 2316 2341 
8416 361 360 2008 2169 
8417 189 2084 980 2520 
8418 827 729 754 1985 
8419 1291 1222 1175 2507 
8420 1999 2075 1871 2701 
8421 629 2227 2116 2544 
8422 964 2071 963 2640 
8423 1291 1224 1222 2318 
8424 1660 1646 1626 1976 
8425 1824 2340 2038 2504 
8426 699 700 686 2164 
8427 1317 2193 1161 2476 
8428 2153 2303 1956 2582 
8429 531 544 2401 2406 
8430 2055 2255 2092 2723 
8431 732 2370 749 2693 
8432 1221 2381 2278 2435 
8433 928 867 906 2073 
8434 1297 1306 1256 2494 
8435 1856 2363 2118 2682 
8436 1815 1968 2129 2415 
8437 1726 1774 1791 2222 
8438 1881 2117 2074 2457 
8439 2216 2217 1933 2541 
8440 2343 2380 1892 2614 
8441 1850 2129 1968 2340 
8442 2228 2373 1909 2436 
8443 2270 2436 1913 2724 
8444 1172 1180 1173 2467 
8445 460 451 1782 2150 
8446 1457 1463 2088 2341 
8447 1907 2083 2271 2646 
8448 1850 2031 2448 2711 
8449 1405 1407 2028 2548 
8450 2254 2401 544 2406 
8451 1861 2241 2072 2333 
8452 534 535 2485 2513 
8453 44 2538 1966 2689 
8454 1731 1280 2029 2486 
8455 1611 1083 1642 2363 
8456 1753 1760 1746 2704 
8457 1126 1951 2527 2741 
8458 742 2179 828 2260 
8459 602 575 638 2522 
8460 1457 1382 1463 2341 
8461 718 694 719 2031 
8462 1920 2081 2344 2715 
8463 2141 2583 1884 2702 
8464 1917 2006 2440 2664 
8465 1654 1635 1636 2299 
8466 1573 2322 1548 2458 
8467 1868 2515 2146 2697 
8468 1963 2214 2001 2437 
8469 1177 1339 2005 2550 
8470 1262 1082 1220 2278 
8471 2069 2119 1916 2708 
8472 1991 2373 2228 2436 
8473 959 963 976 2151 
8474 920 909 2085 2349 
8475 378 2005 2550 2577 
8476 1452 1429 1479 2562 
8477 1106 2630 2062 2661 
8478 1554 1537 1553 2105 
8479 630 590 599 2409 
8480 1949 2274 2158 2745 
8481 2086 2095 1832 2251 
8482 1762 1765 1768 2113 
8483 1063 1315 559 2272 
8484 2400 2411 1918 2666 
8485 1925 2243 2006 2482 
8486 1278 2575 2574 2730 
8487 481 484 2523 2714 
8488 1390 1389 1392 2377 
8489 1725 1738 1737 2035 
8490 1591 1319 1538 2366 
8491 1991 2163 1841 2322 
8492 1857 2121 2006 2742 
8493 1735 2130 2375 2718 
8494 1100 2197 2289 2350 
8495 1944 2538 2258 2661 
8496 1546 2322 1549 2503 
8497 935 910 900 2480 
8498 1948 1869 2304 2369 
8499 1887 2033 2383 2404 
8500 892 2255 913 2565 
8501 1248 1963 2535 2653 
8502 2056 2481 2290 2522 
8503 1626 1976 2324 2672 
8504 2042 2167 1826 2190 
8505 2066 2398 2233 2576 
8506 2451 2475 1953 2517 
8507 859 2210 839 2313 
8508 837 1949 2442 2506 
8509 1814 2298 2238 2604 
8510 966 2123 949 2665 
8511 656 1561 793 2228 
8512 1569 1536 997 2191 
8513 368 2101 2188 2382 
8514 1664 1344 1289 2118 
8515 1750 2385 2020 2472 
8516 1457 1059 1382 2341 
8517 2207 2632 1939 2652 
8518 424 426 2290 2481 
8519 1060 2016 1046 2500 
8520 688 2378 2115 2748 
8521 1080 2465 1078 2623 
8522 1815 2069 2119 2337 
8523 1889 2370 2210 2693 
8524 539 538 537 2338 
8525 2041 1863 2394 2589 
8526 718 2031 719 2248 
8527 1877 2187 2051 2641 
8528 493 494 492 2122 
8529 1602 746 792 2346 
8530 644 2096 616 2194 
8531 1825 1946 2633 2744 
8532 1692 1697 1718 2420 
8533 1146 1326 2180 2563 
8534 401 450 51 2544 
8535 2092 1900 2533 2723 
8536 1837 2271 2014 2387 
8537 1946 1841 2503 2530 
8538 2043 2506 2442 2672 
8539 1123 2366 1205 2677 
8540 1171 2193 1161 2521 
8541 1017 994 354 2223 
8542 1655 1636 1638 2324 
8543 1458 1377 1448 2343 
8544 741 2039 763 2410 
8545 1835 2343 2144 2365 
8546 1589 2191 2047 2638 
8547 776 775 668 2152 
8548 699 2083 753 2446 
8549 1005 1000 209 2275 
8550 1414 1420 1419 2416 
8551 2051 2187 1877 2422 
8552 1892 2380 2359 2453 
8553 2290 1955 2467 2657 
8554 1915 2495 2289 2596 
8555 2311 2359 373 2453 
8556 2258 2345 1055 2526 
8557 2182 2377 1982 2722 
8558 836 659 2101 2676 
8559 412 2481 1940 2595 
8560 1939 2285 2080 2352 
8561 1179 2149 2091 2596 
8562 1136 1229 1134 2070 
8563 1494 1448 2144 2343 
8564 1834 1977 2125 2604 
8565 2136 2536 2369 2577 
8566 2047 2191 1589 2449 
8567 674 2066 2305 2560 
8568 2258 2538 1966 2661 
8569 1342 1192 2262 2366 
8570 1622 1638 1619 2324 
8571 2103 2678 2260 2681 
8572 1342 1084 1335 2263 
8573 437 1944 2364 2538 
8574 1483 2311 1527 2536 
8575 1964 2250 1330 2531 
8576 1903 2318 2133 2720 
8577 1917 48 2440 2469 
8578 1856 2011 2470 2682 
8579 1773 1798 2360 2472 
8580 1978 2441 417 2489 
8581 2107 2519 2082 2592 
8582 776 2152 668 2721 
8583 2106 2589 2041 2651 
8584 1814 2171 2058 2592 
8585 1865 2220 1965 2546 
8586 2306 2462 1847 2474 
8587 866 932 905 2266 
8588 917 920 864 2085 
8589 1895 2039 2444 2734 
8590 1575 2262 380 2366 
8591 1214 1176 2156 2634 
8592 1736 1786 1806 2332 
8593 1953 2209 2137 2669 
8594 1510 1322 1128 2316 
8595 1177 1339 1310 2005 
8596 806 790 708 2213 
8597 2109 2297 926 2480 
8598 194 2354 1987 2737 
8599 435 449 444 2450 
8600 1028 1253 1283 2413 
8601 1837 2168 2014 2412 
8602 922 877 2417 2551 
8603 1983 2462 2306 2474 
8604 947 1730 219 1787 
8605 376 2536 2136 2577 
8606 1695 1718 2076 2420 
8607 1209 2258 1055 2526 
8608 1152 2153 1258 2384 
8609 1900 2111 2008 2695 
8610 1825 2488 2105 2639 
8611 776 2372 2152 2721 
8612 1989 2535 1237 2599 
8613 1231 1241 2124 2570 
8614 1339 1037 1104 2098 
8615 1189 2492 1216 2627 
8616 992 970 2393 2432 
8617 1855 2277 2121 2356 
8618 762 697 733 2159 
8619 356 1980 357 2557 
8620 365 2397 2081 2579 
8621 2116 1855 2384 2509 
8622 313 1468 314 1499 
8623 1896 2079 2645 2649 
8624 1832 2188 2065 2539 
8625 1896 2300 2079 2649 
8626 1935 2543 443 2747 
8627 423 424 433 2334 
8628 1100 2197 1125 2289 
8629 596 2012 2285 2652 
8630 1389 1388 1369 2182 
8631 697 724 733 2068 
8632 1060 2016 2278 2688 
8633 568 1068 613 2317 
8634 1372 2529 305 2573 
8635 547 561 624 2292 
8636 1702 1695 1666 2615 
8637 900 2045 2461 2480 
8638 984 2221 969 2296 
8639 683 2579 1570 2691 
8640 1333 2272 1194 2521 
8641 1884 2117 2015 2526 
8642 1066 2634 1214 2664 
8643 2136 2304 1869 2369 
8644 1715 1700 1668 2201 
8645 1816 2518 2323 2546 
8646 2074 2117 1881 2639 
8647 1975 2206 2065 2498 
8648 1963 2273 1111 2717 
8649 1493 1369 1982 2377 
8650 1973 1090 2417 2733 
8651 1834 2182 2023 2377 
8652 382 383 46 2165 
8653 2180 2325 1997 2563 
8654 647 560 618 2102 
8655 1948 2304 2136 2369 
8656 1248 2535 1963 2717 
8657 1952 1847 2474 2598 
8658 2067 2167 1878 2330 
8659 1945 2065 2412 2539 
8660 1864 1956 2207 2272 
8661 1912 2624 2097 2718 
8662 1676 2697 2043 2707 
8663 1847 2462 2110 2705 
8664 2002 2365 2202 2501 
8665 2134 2256 1900 2302 
8666 1627 1620 2339 2585 
8667 791 838 709 2506 
8668 1369 2377 2182 2722 
8669 1498 1501 303 2573 
8670 1967 2393 970 2432 
8671 2376 2530 1988 2633 
8672 1628 1629 2021 2406 
8673 1986 2139 2303 2632 
8674 382 46 47 2567 
8675 1993 2137 1918 2656 
8676 2104 2208 2464 2559 
8677 1019 2224 1014 2259 
8678 2314 2491 2185 2690 
8679 1783 1729 1793 2185 
8680 856 783 835 2346 
8681 1191 1215 1984 2465 
8682 1473 2032 1458 2573 
8683 1673 1606 1700 2682 
8684 1838 2183 2029 2347 
8685 1854 2034 2302 2388 
8686 1169 1131 2273 2574 
8687 1366 1400 289 1401 
8688 1834 1901 2182 2459 
8689 1946 2282 2120 2542 
8690 930 1005 209 2275 
8691 737 735 683 1924 
8692 1001 1019 1014 2259 
8693 376 1553 377 2120 
8694 1001 206 870 2259 
8695 2127 2334 2161 2527 
8696 1017 1004 994 2223 
8697 1814 2112 2087 2171 
8698 1938 2416 2172 2534 
8699 2047 2090 1849 2191 
8700 1908 2253 1984 2465 
8701 1337 1187 2603 2657 
8702 2427 2519 2107 2592 
8703 1712 2118 1673 2615 
8704 1173 2467 2294 2657 
8705 2040 1852 2218 2735 
8706 1896 2068 2645 2738 
8707 2068 2159 697 2524 
8708 50 2428 1965 2742 
8709 1849 2090 2047 2533 
8710 650 621 2194 2652 
8711 900 2045 898 2461 
8712 2059 2198 1840 2733 
8713 1442 2251 2548 2611 
8714 1175 1973 2417 2507 
8715 1935 2441 1978 2736 
8716 1238 1107 1106 2062 
8717 1865 1965 2323 2546 
8718 1865 2327 2114 2546 
8719 2116 2153 1855 2509 
8720 369 2529 2525 2573 
8721 1373 1481 1468 2007 
8722 1695 2174 1691 2420 
8723 1923 2273 2001 2437 
8724 2103 2532 1957 2678 
8725 1761 1801 2486 2704 
8726 2001 2273 1963 2437 
8727 838 2043 815 2707 
8728 1943 2312 2051 2641 
8729 725 751 2175 2746 
8730 1311 2494 2073 2647 
8731 1949 2506 2274 2672 
8732 493 491 2320 2729 
8733 927 906 2073 2374 
8734 1626 2324 2274 2672 
8735 1869 2413 2369 2673 
8736 1841 2232 2322 2530 
8737 1462 1378 1488 2473 
8738 764 2025 741 2410 
8739 1735 214 1759 977 
8740 2070 2371 2178 2675 
8741 1483 1521 1527 2311 
8742 888 2034 886 2727 
8743 1238 2062 1106 2630 
8744 1820 2271 2014 2498 
8745 1389 2182 1369 2377 
8746 1847 2306 2387 2462 
8747 2264 2405 2024 2426 
8748 189 2084 2520 2623 
8749 695 2378 2132 2460 
8750 2090 2266 2047 2533 
8751 1830 2092 2255 2723 
8752 2537 2651 2205 2690 
8753 2001 2273 1923 2574 
8754 2033 1860 2199 2351 
8755 1074 1113 1064 2000 
8756 1936 1866 2338 2390 
8757 2007 2217 2009 2512 
8758 473 516 2185 2314 
8759 1965 2220 1865 2485 
8760 84 2021 528 2406 
8761 1917 2490 2156 2664 
8762 1968 2340 2129 2415 
8763 1848 2180 1997 2291 
8764 1542 793 1561 2587 
8765 1835 2343 2365 2614 
8766 38 2041 2379 2438 
8767 1642 1614 1637 2363 
8768 418 415 417 2543 
8769 1873 2588 1972 2680 
8770 1203 1098 1198 2596 
8771 409 460 572 2150 
8772 1818 1901 2427 2459 
8773 360 1506 359 2169 
8774 1114 2400 1979 2627 
8775 1595 2456 798 2691 
8776 1980 2215 1894 2668 
8777 1831 2137 2028 2209 
8778 367 1516 1522 2086 
8779 438 2142 397 2489 
8780 2139 2277 1816 2667 
8781 1247 1030 2004 2486 
8782 1317 1161 2193 2521 
8783 1764 2097 1772 2732 
8784 305 2529 1503 2573 
8785 1263 1068 1329 2227 
8786 779 2152 776 2372 
8787 1100 1198 1098 2289 
8788 1955 2315 2257 2396 
8789 356 1582 2241 2668 
8790 2100 1831 2564 2669 
8791 1954 2334 2127 2441 
8792 218 947 955 2053 
8793 1200 1199 2145 2197 
8794 683 2579 1924 2681 
8795 2109 2297 1886 2553 
8796 778 2067 780 2372 
8797 2116 2384 1925 2509 
8798 1909 2231 1975 2685 
8799 1852 2218 2108 2461 
8800 1395 2541 2216 2562 
8801 1159 1150 1193 2389 
8802 371 372 2032 2685 
8803 2049 2287 1684 2687 
8804 1676 815 855 2697 
8805 1946 2376 2105 2633 
8806 1106 2062 1107 2661 
8807 2068 1896 2159 2738 
8808 2058 2238 1903 2604 
8809 1219 1028 1296 2160 
8810 585 2390 2080 2409 
8811 528 2254 544 2406 
8812 684 2378 688 2748 
8813 724 2068 697 2524 
8814 1520 358 1515 2557 
8815 2052 2243 1941 2482 
8816 1143 2291 1252 2421 
8817 838 2043 2442 2697 
8818 2027 1904 2308 2740 
8819 1846 2169 2008 2502 
8820 2126 2393 2244 2439 
8821 1445 2023 1392 2416 
8822 1019 2099 1004 2224 
8823 762 733 761 2631 
8824 1077 2508 1102 2717 
8825 1603 1044 1612 2637 
8826 3 555 86 2339 
8827 2161 2364 2334 2477 
8828 2271 2498 1820 2646 
8829 2074 2117 1884 2689 
8830 2065 2412 1851 2498 
8831 1731 1800 1810 2029 
8832 1493 1369 1430 1982 
8833 2144 2365 2028 2548 
8834 2091 2475 1293 2564 
8835 1812 2002 2403 2686 
8836 361 1560 362 2256 
8837 1926 2603 1187 2657 
8838 1949 2286 2067 2745 
8839 470 2041 39 2726 
8840 1729 1796 1770 2332 
8841 1593 1017 354 353 
8842 1993 1918 2186 2656 
8843 1828 1988 2232 2530 
8844 839 730 739 2210 
8845 1290 1989 1237 2599 
8846 1392 2377 1413 2416 
8847 1053 1054 1062 2048 
8848 1174 2363 1324 2476 
8849 372 2359 2032 2685 
8850 1832 2344 2188 2715 
8851 1864 2189 2076 2420 
8852 1121 569 611 2096 
8853 1831 2002 2242 2365 
8854 903 2259 870 2283 
8855 1660 1976 1626 2672 
8856 1453 2145 1484 2625 
8857 367 2344 2086 2454 
8858 1890 2107 2082 2592 
8859 1729 1770 1793 1990 
8860 1028 1283 2160 2413 
8861 448 2060 452 2419 
8862 538 541 535 2046 
8863 2031 1850 2504 2711 
8864 2086 2188 368 2529 
8865 2064 2084 1897 2563 
8866 925 2109 868 2505 
8867 1054 2048 1053 2345 
8868 41 40 2061 2694 
8869 1189 1271 1216 2492 
8870 646 595 2207 2272 
8871 2424 2516 1995 2749 
8872 838 2506 2043 2707 
8873 604 574 636 2261 
8874 1835 2380 2343 2614 
8875 1003 1021 1088 2223 
8876 1853 1976 2190 2324 
8877 1493 2145 1413 2377 
8878 857 758 2101 2662 
8879 1537 1554 1564 2105 
8880 589 647 619 2229 
8881 2006 1857 2440 2490 
8882 1801 1727 1785 2486 
8883 714 2524 810 2749 
8884 2138 2240 1847 2612 
8885 1825 2571 1998 2744 
8886 2117 2263 1966 2457 
8887 1519 2536 376 2577 
8888 1818 2058 2427 2592 
8889 1075 1232 2161 2741 
8890 1812 2403 2104 2686 
8891 1846 2169 1958 2473 
8892 1524 1519 298 2536 
8893 1118 1101 2148 2425 
8894 408 2060 600 2544 
8895 1816 2277 2139 2408 
8896 519 2314 516 2491 
8897 192 945 193 2439 
8898 2134 2528 860 2616 
8899 763 2410 2039 2460 
8900 1828 2232 1988 2734 
8901 1148 1149 2121 2389 
8902 416 414 419 2441 
8903 1340 2084 1279 2623 
8904 557 650 621 2194 
8905 1980 2172 1938 2606 
8906 777 2184 806 2330 
8907 727 705 2662 2743 
8908 1828 2351 2530 2594 
8909 1649 1651 2672 2707 
8910 1636 2299 1638 2324 
8911 2014 2498 2206 2561 
8912 1033 1187 2317 2603 
8913 1847 2387 2110 2462 
8914 541 534 535 2485 
8915 614 592 599 2152 
8916 2027 2499 2133 2720 
8917 583 628 580 2280 
8918 2016 2571 1873 2626 
8919 2038 2504 1850 2711 
8920 1820 2498 2014 2561 
8921 603 2261 440 2747 
8922 1869 2369 2186 2673 
8923 1406 1459 1403 2209 
8924 1927 2124 2142 2570 
8925 1970 2178 1876 2348 
8926 1194 1333 1121 2272 
8927 1857 2389 2156 2490 
8928 1908 2520 1983 2663 
8929 1899 2221 1967 2393 
8930 369 368 2188 2529 
8931 1570 2579 364 2691 
8932 1185 2495 2149 2596 
8933 1338 2223 1195 2316 
8934 1340 1279 1153 2623 
8935 962 964 963 2640 
8936 1903 2238 2058 2499 
8937 2322 2503 1841 2530 
8938 2008 1846 2502 2636 
8939 1867 2651 2173 2726 
8940 2054 1863 2589 2610 
8941 1998 2571 1981 2744 
8942 1178 2475 1182 2517 
8943 1837 2014 2168 2387 
8944 542 796 844 2445 
8945 1840 2059 2551 2698 
8946 1737 2035 1738 2568 
8947 907 2218 939 2461 
8948 357 2405 358 2557 
8949 1585 801 2397 2579 
8950 1597 1583 2458 2622 
8951 2080 2229 1842 2285 
8952 1864 2189 2420 2483 
8953 1932 2420 2189 2483 
8954 943 924 1014 2224 
8955 1840 2551 2162 2698 
8956 535 2338 2046 2513 
8957 785 2330 847 2700 
8958 606 591 1263 2227 
8959 2121 2356 1152 2384 
8960 1816 1965 2323 2667 
8961 1903 2298 1977 2604 
8962 1352 1079 1243 2123 
8963 1355 2495 1982 2722 
8964 1571 2157 1587 2276 
8965 614 598 558 2152 
8966 670 664 2233 2354 
8967 1815 2607 2119 2708 
8968 623 1719 1709 2096 
8969 44 1966 2457 2689 
8970 2093 2222 1766 2424 
8971 2189 2193 1962 2408 
8972 1268 609 1033 2317 
8973 1253 1456 1381 2413 
8974 1437 1477 1072 2517 
8975 1526 318 1525 2557 
8976 354 2099 355 2644 
8977 1252 1225 1229 2679 
8978 1169 1278 2574 2730 
8979 2281 2432 1872 2640 
8980 1570 364 363 2691 
8981 2040 2218 1852 2461 
8982 578 571 579 2116 
8983 2105 2165 1875 2514 
8984 675 825 915 2297 
8985 1605 2672 1651 2696 
8986 1036 380 1035 2192 
8987 409 444 449 2150 
8988 423 2334 412 2481 
8989 2038 2269 693 2711 
8990 2300 2448 1896 2738 
8991 1828 2033 2128 2351 
8992 1116 2121 1152 2384 
8993 1369 1982 2377 2722 
8994 1911 2463 2245 2547 
8995 1552 1589 1568 2047 
8996 446 406 432 2469 
8997 1849 2072 2471 2497 
8998 2048 2610 1970 2679 
8999 2059 2520 1908 2623 
9000 2007 2169 1846 2234 
9001 2176 2342 2015 2639 
9002 2027 2289 1903 2720 
9003 1986 2212 1866 2280 
9004 1845 2237 2216 2519 
9005 1449 1450 1410 2605 
9006 1676 815 2697 2707 
9007 1109 1085 1086 2243 
9008 1887 1985 2211 2699 
9009 2185 2491 1990 2690 
9010 1641 380 2192 2634 
9011 807 682 851 2018 
9012 903 912 863 2333 
9013 2257 2263 1930 2457 
9014 623 616 644 2096 
9015 46 45 399 2567 
9016 190 975 191 2281 
9017 2003 2349 1859 2374 
9018 2298 2328 2238 2620 
9019 1815 2106 2178 2337 
9020 1879 2354 2126 2439 
9021 1837 2110 2240 2387 
9022 977 215 946 2130 
9023 727 2662 2382 2743 
9024 1353 1059 2088 2341 
9025 1942 2143 2588 2710 
9026 1108 1078 2465 2623 
9027 1813 2310 2017 2493 
9028 382 2165 46 2567 
9029 1058 2381 1221 2435 
9030 1149 1152 2121 2356 
9031 1842 2080 2285 2352 
9032 424 425 426 2481 
9033 1406 1447 1459 2209 
9034 1911 2463 2183 2704 
9035 1974 2251 1832 2336 
9036 679 2560 759 2748 
9037 1861 2241 2099 2668 
9038 425 441 442 2522 
9039 1878 2229 2080 2409 
9040 598 593 558 2184 
9041 1978 2441 1935 2543 
9042 1957 2155 2045 2532 
9043 2014 2225 2168 2387 
9044 1866 2513 1986 2667 
9045 789 2152 779 2372 
9046 1995 2296 2221 2749 
9047 2175 2370 725 2746 
9048 666 830 933 2179 
9049 379 2098 1037 2550 
9050 1922 2286 1971 2401 
9051 923 937 874 2090 
9052 1868 2043 2515 2697 
9053 1674 1712 1702 2118 
9054 2012 2284 1932 2584 
9055 1430 1982 1369 2722 
9056 920 2349 2085 2479 
9057 1587 2157 769 2276 
9058 2336 2501 2107 2601 
9059 1143 1144 1145 2291 
9060 2046 2254 2021 2608 
9061 1961 2366 1558 2677 
9062 1825 2288 2015 2571 
9063 744 655 2126 2354 
9064 1751 1750 2020 2472 
9065 2018 2388 2179 2616 
9066 1849 2497 2471 2638 
9067 686 704 752 2164 
9068 767 2587 811 2676 
9069 2067 1878 2372 2721 
9070 771 822 854 2739 
9071 1830 2255 2055 2723 
9072 779 789 776 2152 
9073 2052 2396 2315 2593 
9074 1373 1481 2007 2512 
9075 545 529 547 2292 
9076 587 589 2229 2285 
9077 358 359 1515 1958 
9078 1912 2368 2053 2725 
9079 1815 2415 2129 2708 
9080 559 1315 611 2272 
9081 2033 2199 1860 2431 
9082 2067 2330 1878 2721 
9083 2065 2188 1851 2539 
9084 1279 2084 988 2623 
9085 2011 1853 2201 2287 
9086 1815 1968 2415 2651 
9087 1850 2300 2031 2504 
9088 1886 2109 2040 2480 
9089 1763 1762 2219 2732 
9090 1317 1171 1161 2521 
9091 1971 2254 1922 2401 
9092 1958 2557 1980 2606 
9093 2256 2302 2134 2655 
9094 1398 2216 1396 2237 
9095 540 2254 1971 2401 
9096 1857 2156 2389 2637 
9097 1692 1696 1697 2420 
9098 896 910 936 2155 
9099 980 985 2569 2671 
9100 37 473 36 2035 
9101 658 2222 768 2631 
9102 2142 2570 2357 2654 
9103 884 885 2386 2727 
9104 1668 1600 1646 2201 
9105 2123 2487 1897 2671 
9106 320 1512 1518 2452 
9107 1869 2411 1979 2666 
9108 1914 2017 2310 2493 
9109 1880 2131 2028 2548 
9110 1319 1588 1538 2366 
9111 2032 2343 1892 2359 
9112 938 869 919 2551 
9113 1711 2515 1688 2697 
9114 1765 2600 2113 2628 
9115 1841 2530 1946 2744 
9116 1968 2205 1833 2537 
9117 680 691 692 2269 
9118 1453 1413 1493 2145 
9119 1998 2493 2143 2626 
9120 416 2441 1954 2489 
9121 1866 2212 1986 2513 
9122 2089 2148 1118 2496 
9123 631 2430 633 2450 
9124 1112 2535 1978 2599 
9125 2175 2370 1889 2693 
9126 1994 1877 2196 2708 
9127 1872 2432 2151 2640 
9128 1312 1159 2363 2476 
9129 1096 2133 2720 2740 
9130 743 820 721 2248 
9131 1247 2004 1139 2347 
9132 2455 2537 2173 2651 
9133 585 2080 588 2409 
9134 1505 296 1513 2550 
9135 1080 1108 1078 2465 
9136 922 2059 189 2551 
9137 375 2536 2311 2542 
9138 1846 2473 1938 2692 
9139 1705 2102 1680 2284 
9140 1975 2231 1851 2525 
9141 1895 2210 1991 2313 
9142 1893 2382 2188 2662 
9143 894 895 889 2092 
9144 763 2039 696 2460 
9145 2062 2396 2257 2630 
9146 2141 2431 42 2694 
9147 1959 2173 2651 2726 
9148 1800 2029 1731 2575 
9149 356 357 1980 2405 
9150 1990 2600 1793 2628 
9151 1863 2589 2041 2674 
9152 2179 2260 742 2616 
9153 885 884 886 2727 
9154 1825 2633 1981 2744 
9155 2016 2626 2278 2688 
9156 937 905 2266 2586 
9157 1899 2305 1996 2524 
9158 2369 2413 1464 2673 
9159 2349 2374 890 2494 
9160 2311 2536 1948 2542 
9161 1361 2451 1360 2475 
9162 478 2033 2433 2714 
9163 1152 1116 1149 2121 
9164 2033 2199 2128 2351 
9165 1986 2139 1855 2303 
9166 1062 2048 2447 2679 
9167 1853 2190 1992 2324 
9168 1251 1145 1269 2291 
9169 1868 2335 2146 2515 
9170 1896 2219 2093 2222 
9171 552 531 2401 2407 
9172 680 2269 759 2560 
9173 1459 1447 1370 2209 
9174 1112 1978 2508 2736 
9175 2051 2391 1910 2642 
9176 1180 2294 1955 2593 
9177 1354 1363 1361 2149 
9178 1850 2159 2269 2711 
9179 672 2066 673 2683 
9180 1509 364 1517 2358 
9181 907 2108 881 2709 
9182 2153 2384 1855 2509 
9183 400 2437 1963 2670 
9184 838 788 815 2697 
9185 1827 1972 2466 2680 
9186 628 578 580 1986 
9187 2085 2349 1905 2479 
9188 2091 2308 1904 2740 
9189 1205 1123 2342 2366 
9190 714 724 2524 2749 
9191 1422 1445 1455 2473 
9192 1822 1994 2249 2325 
9193 1897 2063 2084 2663 
9194 1042 1348 1287 2319 
9195 694 2448 2031 2711 
9196 519 2185 516 2314 
9197 1730 947 218 2053 
9198 1185 1031 1184 2495 
9199 1829 2239 2071 2706 
9200 727 2397 824 2743 
9201 2111 2533 1900 2723 
9202 1404 2548 2131 2611 
9203 604 58 574 410 
9204 1911 2245 2385 2547 
9205 838 2442 788 2697 
9206 698 732 749 2693 
9207 1353 2088 1211 2341 
9208 1825 1998 2552 2744 
9209 2065 2539 1945 2601 
9210 1409 1494 1448 2144 
9211 788 2697 2442 2700 
9212 410 398 411 2261 
9213 2054 2348 1970 2466 
9214 1988 2232 1895 2734 
9215 1838 2178 2106 2675 
9216 1905 2328 2298 2620 
9217 903 929 2259 2333 
9218 901 870 931 2283 
9219 1088 1334 1195 2223 
9220 1850 2159 1996 2269 
9221 1850 2031 2300 2448 
9222 900 910 898 2045 
9223 2382 2662 1893 2743 
9224 2076 2189 2174 2420 
9225 1128 353 1510 2316 
9226 1178 1341 2226 2517 
9227 1960 2519 2095 2611 
9228 1332 1301 2400 2627 
9229 2199 2431 461 2702 
9230 1914 2301 2561 2701 
9231 1880 2365 2144 2548 
9232 2068 2524 724 2749 
9233 1099 1224 2235 2318 
9234 1016 1010 999 2090 
9235 1970 2291 1848 2348 
9236 368 1578 2101 2382 
9237 1897 2084 2063 2569 
9238 583 2280 585 2390 
9239 997 1569 2191 2449 
9240 1757 2624 1724 2718 
9241 737 798 2134 2691 
9242 1408 1447 1406 2137 
9243 1935 1978 2599 2736 
9244 1853 1976 2201 2687 
9245 1616 1632 1631 2114 
9246 1074 2000 1064 2688 
9247 1981 2530 2310 2744 
9248 909 2349 890 2494 
9249 702 760 2038 2321 
9250 381 1641 380 2192 
9251 369 2188 2101 2525 
9252 37 2379 2035 2568 
9253 2043 2697 815 2707 
9254 2026 2389 1193 2637 
9255 1299 1648 2156 2634 
9256 2068 2424 1995 2749 
9257 1853 2201 1976 2324 
9258 1401 1403 1459 2209 
9259 2092 1830 2302 2723 
9260 2149 2495 1915 2596 
9261 85 1627 1628 1601 
9262 1294 2487 2123 2671 
9263 1681 1680 1679 2284 
9264 2139 2207 1956 2632 
9265 448 408 452 2060 
9266 840 740 765 2597 
9267 1360 1029 2149 2475 
9268 1930 2192 2052 2555 
9269 2105 2165 1881 2488 
9270 1853 2190 2049 2609 
9271 439 430 399 2315 
9272 1871 2225 2295 2686 
9273 1443 1434 1384 2237 
9274 1385 2550 2005 2577 
9275 2070 2178 1838 2675 
9276 1844 2138 2066 2658 
9277 2170 2306 1983 2698 
9278 1112 2599 1978 2736 
9279 1854 2155 2034 2388 
9280 1994 2196 2069 2708 
9281 1101 1099 2235 2350 
9282 2004 2371 2347 2675 
9283 1256 2085 2494 2647 
9284 1886 2297 2532 2678 
9285 1895 2322 1988 2458 
9286 2299 2329 1947 2518 
9287 1401 289 1364 1492 
9288 371 1501 1498 2573 
9289 2162 2520 1983 2698 
9290 638 2522 2056 2603 
9291 1335 2263 1208 2630 
9292 665 504 2200 2739 
9293 1904 2403 2002 2581 
9294 1628 1629 1623 2021 
9295 42 2431 505 2694 
9296 907 939 897 2461 
9297 2389 2490 1304 2637 
9298 2152 2292 1936 2445 
9299 1121 611 1315 2272 
9300 1324 1155 1273 2118 
9301 2115 2175 766 2398 
9302 1957 2532 2297 2678 
9303 736 2260 2134 2616 
9304 1543 369 2101 2231 
9305 1835 2144 1974 2336 
9306 677 741 764 2025 
9307 1867 2394 2589 2726 
9308 2000 2230 2075 2719 
9309 1409 2144 1448 2343 
9310 1766 1764 1763 2219 
9311 737 2134 798 2456 
9312 912 895 904 2055 
9313 2266 2528 2047 2533 
9314 2067 2330 781 2700 
9315 1851 2271 2083 2498 
9316 1899 2524 2068 2749 
9317 1042 608 564 2319 
9318 1647 1710 2118 2682 
9319 2143 2493 1843 2626 
9320 1560 362 2256 2456 
9321 1575 2262 2366 2648 
9322 1848 1972 2249 2588 
9323 2082 2112 1845 2279 
9324 1664 1289 1611 2118 
9325 39 470 38 2041 
9326 595 2194 621 2652 
9327 476 501 479 2128 
9328 1891 2463 2245 2628 
9329 879 938 907 2709 
9330 963 2071 964 2665 
9331 1921 2353 2020 2375 
9332 1197 1982 1183 2495 
9333 911 2155 888 2727 
9334 1834 1915 2289 2459 
9335 420 2367 418 2670 
9336 2106 1815 2205 2547 
9337 1785 1727 1030 2486 
9338 1832 2082 2107 2519 
9339 748 2516 2424 2749 
9340 568 1268 1068 2317 
9341 1176 2490 2156 2637 
9342 1871 2170 2077 2629 
9343 1984 2629 2075 2719 
9344 1241 1077 1103 2570 
9345 1693 1691 2174 2287 
9346 356 2405 1980 2668 
9347 762 692 2159 2448 
9348 1815 2069 2337 2348 
9349 629 2116 571 2544 
9350 37 2314 2035 2379 
9351 883 2108 897 2602 
9352 1861 2426 2283 2565 
9353 972 971 954 2126 
9354 1815 2069 2348 2708 
9355 742 828 736 2260 
9356 1775 1797 2424 2516 
9357 1827 2166 2048 2395 
9358 1946 2530 2376 2633 
9359 2025 2523 2433 2714 
9360 975 2281 2063 2640 
9361 1257 2653 2214 2730 
9362 784 787 788 2700 
9363 1644 1608 791 2506 
9364 1475 1438 1435 2086 
9365 656 2228 859 2313 
9366 638 2056 567 2603 
9367 2156 2490 2389 2637 
9368 2025 1887 2410 2523 
9369 1545 374 1529 2163 
9370 2283 2307 1931 2426 
9371 1830 2264 2036 2636 
9372 2042 2329 1853 2518 
9373 1965 1855 2277 2742 
9374 1846 1933 2234 2692 
9375 1908 2059 2465 2698 
9376 1879 2244 2126 2305 
9377 1619 1992 2327 2585 
9378 1457 1218 2088 2625 
9379 1870 2385 2245 2547 
9380 1812 1945 2464 2601 
9381 1911 2337 2353 2675 
9382 1780 946 215 2130 
9383 698 749 766 2693 
9384 534 2485 1965 2513 
9385 1843 2626 2016 2688 
9386 1854 2134 2302 2655 
9387 710 2132 695 2378 
9388 1815 2348 2196 2708 
9389 1202 1020 998 2224 
9390 1215 1129 1191 1984 
9391 36 37 2035 2568 
9392 488 2523 2211 2714 
9393 1886 2362 2030 2478 
9394 2017 2270 1820 2561 
9395 1676 2043 1713 2707 
9396 1474 1428 1487 2226 
9397 744 2354 2126 2683 
9398 2025 1887 2523 2714 
9399 83 2406 531 2407 
9400 1827 2141 2309 2583 
9401 2574 2575 2001 2730 
9402 2196 2348 2069 2708 
9403 1966 2263 2257 2457 
9404 2116 2303 1986 2428 
9405 597 2280 583 2390 
9406 1838 2070 2347 2674 
9407 735 683 1924 2681 
9408 1445 1390 1392 2023 
9409 1981 2530 2351 2594 
9410 690 774 818 2090 
9411 2108 2461 897 2602 
9412 2064 2084 1908 2663 
9413 1035 1066 2192 2634 
9414 1855 2303 2116 2428 
9415 1897 1997 2487 2706 
9416 2161 2334 1954 2477 
9417 1311 1306 2494 2647 
9418 1252 2291 1251 2679 
9419 1820 2206 2498 2561 
9420 1231 1070 1241 2570 
9421 410 604 58 398 
9422 1908 1983 2520 2698 
9423 1815 2415 2054 2589 
9424 41 2142 438 2477 
9425 311 1384 1461 2512 
9426 2193 2272 1864 2521 
9427 1186 2400 1164 2564 
9428 2256 2456 362 2691 
9429 1399 2611 1960 2731 
9430 1591 1192 1319 2366 
9431 2115 2378 688 2460 
9432 1139 1135 2347 2371 
9433 977 2130 968 2665 
9434 2009 2237 2217 2650 
9435 2192 2262 381 2567 
9436 666 933 865 2179 
9437 1968 1850 2340 2504 
9438 1840 2225 2104 2295 
9439 819 675 873 2297 
9440 1564 2105 1554 2648 
9441 784 788 2442 2700 
9442 2113 2628 1990 2690 
9443 751 671 673 2398 
9444 1879 2138 2066 2576 
9445 1667 660 797 2146 
9446 1883 2425 2089 2534 
9447 2041 2589 2394 2726 
9448 1324 1289 2118 2363 
9449 2126 2244 1899 2305 
9450 1372 1439 1436 2251 
9451 762 694 692 2448 
9452 1952 2422 2138 2612 
9453 1860 2288 2074 2488 
9454 2106 2205 1891 2547 
9455 1665 1630 1632 2114 
9456 2101 758 2446 2662 
9457 736 737 2134 2260 
9458 1993 2186 1918 2411 
9459 1290 1266 1989 2430 
9460 1972 1848 2466 2588 
9461 2056 2290 1951 2657 
9462 1627 1631 1630 2339 
9463 355 354 994 2099 
9464 2141 2689 42 2702 
9465 707 2152 789 2292 
9466 2168 1898 2559 2735 
9467 1914 2301 1934 2724 
9468 470 516 38 2314 
9469 1857 2277 2121 2742 
9470 702 2031 718 2321 
9471 2141 2443 42 2689 
9472 1988 2322 2232 2530 
9473 1460 1483 1374 2536 
9474 2025 2444 1937 2597 
9475 2237 2519 2095 2731 
9476 2006 2121 1857 2490 
9477 1972 2312 1877 2572 
9478 596 650 620 2285 
9479 1994 2402 1877 2708 
9480 570 615 619 2213 
9481 1867 2455 2173 2651 
9482 927 891 906 2374 
9483 2017 1952 2598 2612 
9484 739 2157 676 2622 
9485 1772 1757 2097 2624 
9486 2152 1878 2409 2721 
9487 1433 2095 2251 2611 
9488 1877 1994 2196 2572 
9489 1712 1702 2118 2615 
9490 364 2009 363 2554 
9491 1541 2471 2072 2497 
9492 924 870 206 2259 
9493 1844 2175 2115 2398 
9494 2338 2390 2212 2618 
9495 1647 1710 1664 2118 
9496 57 574 410 603 
9497 1871 2077 2306 2598 
9498 976 968 946 2130 
9499 807 2266 2018 2528 
9500 1926 2294 1187 2317 
9501 361 2256 2008 2695 
9502 1872 1967 2432 2434 
9503 1597 1583 1548 2458 
9504 2066 2138 1844 2576 
9505 2178 2337 2106 2675 
9506 905 934 866 2018 
9507 1770 1793 1990 2600 
9508 807 2018 851 2616 
9509 1815 2196 2415 2708 
9510 1885 2242 2091 2308 
9511 1841 2436 2270 2724 
9512 799 991 979 2126 
9513 516 519 473 2185 
9514 1445 1392 1415 2416 
9515 1141 2418 1142 2421 
9516 1129 1215 1189 2198 
9517 1761 2486 2183 2704 
9518 1628 84 1629 2406 
9519 1809 1769 2566 2600 
9520 1542 1561 1598 2587 
9521 673 2066 674 2560 
9522 1370 1459 2209 2451 
9523 1866 2323 2046 2513 
9524 2210 2228 1991 2313 
9525 2041 2394 1863 2438 
9526 1765 2113 1744 2628 
9527 918 193 2505 2716 
9528 1386 321 1512 2316 
9529 1131 1132 1103 2273 
9530 632 571 629 2116 
9531 746 826 856 2407 
9532 1704 1697 1677 2096 
9533 44 2257 45 2457 
9534 2111 2638 1530 2695 
9535 1062 2447 1225 2679 
9536 1963 2214 2078 2653 
9537 2206 2561 2301 2701 
9538 1609 1299 1648 2156 
9539 1762 1744 1765 2113 
9540 1487 1495 1477 2226 
9541 1897 2084 2064 2663 
9542 2015 2166 1884 2526 
9543 1964 2580 2130 2665 
9544 1461 1434 1446 2217 
9545 1930 2263 2257 2630 
9546 1815 2589 2106 2651 
9547 2069 1876 2337 2348 
9548 897 881 907 2108 
9549 2179 2388 1854 2616 
9550 1392 2023 2377 2416 
9551 1983 2281 2063 2520 
9552 1189 1093 1271 2492 
9553 959 962 963 2151 
9554 1939 2207 2139 2632 
9555 1916 2119 2607 2708 
9556 763 741 731 2039 
9557 1176 1304 2490 2637 
9558 732 839 859 2210 
9559 1057 2227 1328 2509 
9560 2401 2406 1922 2407 
9561 2059 1908 2520 2698 
9562 1815 2415 2589 2651 
9563 1750 1749 2385 2472 
9564 1919 1973 2293 2551 
9565 1643 669 1608 2506 
9566 356 1980 2452 2668 
9567 2156 2440 1857 2490 
9568 1461 1446 1481 2217 
9569 1946 2376 1988 2503 
9570 1902 1985 2320 2321 
9571 530 654 556 2212 
9572 1118 2148 2089 2425 
9573 1979 2411 2400 2666 
9574 826 786 2286 2401 
9575 1257 1188 2653 2730 
9576 1990 2332 1770 2600 
9577 1977 2425 1883 2534 
9578 1924 2554 2081 2579 
9579 638 639 2522 2603 
9580 1893 2539 2188 2715 
9581 49 2220 2006 2742 
9582 1030 1295 1247 2004 
9583 1999 1871 2561 2701 
9584 1133 1181 2347 2574 
9585 898 2045 910 2602 
9586 42 2431 2141 2702 
9587 1405 1407 1406 2028 
9588 1935 2261 2127 2510 
9589 1880 2028 2365 2548 
9590 1843 2688 2000 2719 
9591 2121 2384 2006 2742 
9592 2194 2207 1864 2483 
9593 2073 2148 1859 2307 
9594 2394 2399 2061 2694 
9595 2200 2320 734 2321 
9596 793 2228 1561 2587 
9597 1821 2252 2112 2265 
9598 681 2115 766 2398 
9599 1015 1010 1002 2449 
9600 1138 2089 1118 2496 
9601 446 50 49 2482 
9602 1918 2226 2137 2669 
9603 1638 1618 1619 2299 
9604 2170 2253 2077 2629 
9605 1953 2475 2091 2564 
9606 738 2134 860 2616 
9607 725 685 751 2746 
9608 1553 1532 1572 2376 
9609 764 2211 770 2523 
9610 1319 1024 1588 2366 
9611 1798 1751 1758 2375 
9612 1881 2105 2488 2639 
9613 2323 2485 2046 2513 
9614 1990 2628 2185 2690 
9615 2066 2305 1996 2658 
9616 640 609 568 2317 
9617 1890 2112 2252 2328 
9618 770 764 804 2211 
9619 1866 2046 2203 2338 
9620 2009 2237 1920 2358 
9621 1055 2345 2258 2654 
9622 988 980 2084 2671 
9623 1083 1193 1308 2363 
9624 803 701 552 2401 
9625 2027 2720 2133 2740 
9626 2119 2337 1911 2547 
9627 1036 1192 380 2262 
9628 2108 1919 2556 2709 
9629 1708 2696 1651 2707 
9630 900 2461 899 2480 
9631 2212 2338 536 2513 
9632 1206 1342 1335 2263 
9633 2170 2295 1984 2629 
9634 1119 2117 1209 2526 
9635 1797 2093 1766 2424 
9636 760 2038 693 2711 
9637 1809 1768 1769 2600 
9638 1864 2420 2194 2483 
9639 1919 2208 2108 2556 
9640 417 1978 2489 2670 
9641 2015 2435 2166 2526 
9642 737 841 2134 2456 
9643 2097 2385 1772 2732 
9644 1444 1417 1424 2673 
9645 512 2394 2399 2726 
9646 2050 2361 2232 2594 
9647 1332 1301 1164 2400 
9648 2165 2514 464 2621 
9649 1685 2335 2049 2515 
9650 1822 1994 2325 2617 
9651 373 374 1514 2311 
9652 792 746 856 2346 
9653 1847 2240 2110 2387 
9654 2004 2347 1838 2675 
9655 1370 1492 1459 2451 
9656 1810 2183 1761 2486 
9657 1036 380 2192 2262 
9658 720 716 824 2743 
9659 702 2031 2321 2711 
9660 1815 2337 2178 2348 
9661 1381 1177 1253 2413 
9662 2022 2417 1973 2507 
9663 367 368 1516 2086 
9664 2015 1873 2435 2500 
9665 2257 2538 396 2713 
9666 497 521 2491 2613 
9667 2151 2368 1912 2725 
9668 1699 1646 1605 2696 
9669 1340 1153 2084 2623 
9670 2066 672 2305 2683 
9671 1931 2283 2426 2565 
9672 429 426 2290 2713 
9673 602 60 575 441 
9674 894 902 895 2092 
9675 781 782 780 2067 
9676 739 740 676 2157 
9677 1988 2376 1946 2530 
9678 868 2040 918 2505 
9679 2077 2629 2253 2710 
9680 2027 2133 1904 2740 
9681 984 960 2221 2393 
9682 2367 2535 1989 2599 
9683 1838 2183 2004 2675 
9684 2108 2328 1882 2386 
9685 1905 2328 2108 2386 
9686 2212 2338 1866 2390 
9687 1639 1629 1640 2406 
9688 1181 2029 2574 2575 
9689 1972 2249 2143 2572 
9690 763 731 696 2039 
9691 2135 1847 2240 2612 
9692 1186 2400 1296 2666 
9693 44 396 2257 2538 
9694 635 2510 2261 2747 
9695 1859 2148 2073 2647 
9696 1996 2524 2159 2738 
9697 2185 2628 1891 2690 
9698 1481 1446 1418 2217 
9699 2248 2300 2031 2448 
9700 296 1513 2550 2577 
9701 1881 2366 2262 2648 
9702 838 2442 2043 2506 
9703 1906 2073 2307 2496 
9704 1856 2076 2174 2615 
9705 1302 2088 1218 2625 
9706 41 468 40 2694 
9707 1094 1096 1095 2133 
9708 1080 2059 1032 2733 
9709 2059 2465 2198 2733 
9710 1898 2387 2306 2462 
9711 1290 2319 1989 2599 
9712 1918 2160 2400 2666 
9713 600 2060 642 2544 
9714 2019 2466 1848 2588 
9715 1959 2651 2537 2690 
9716 2243 2469 2006 2482 
9717 423 424 2334 2481 
9718 1845 2112 2082 2592 
9719 1891 2314 2185 2690 
9720 1855 1986 2303 2428 
9721 582 583 580 2280 
9722 1693 1690 1691 2287 
9723 2166 2435 1873 2680 
9724 1229 1225 2447 2679 
9725 2091 2149 1885 2308 
9726 1491 2557 1958 2606 
9727 189 980 948 2520 
9728 787 2697 788 2700 
9729 1395 2216 1397 2562 
9730 1996 1910 2560 2658 
9731 2371 2418 1141 2421 
9732 540 550 538 2254 
9733 1888 2171 2112 2650 
9734 920 908 909 2349 
9735 1398 1396 1434 2237 
9736 955 2053 956 2725 
9737 47 46 382 383 
9738 1965 1816 2277 2667 
9739 619 618 625 2213 
9740 807 2528 2018 2616 
9741 1142 1245 1147 2147 
9742 427 2538 2364 2713 
9743 1818 2459 2308 2712 
9744 413 440 2261 2747 
9745 991 954 2126 2354 
9746 1886 2297 2109 2480 
9747 435 1989 2450 2543 
9748 1816 2042 2323 2518 
9749 507 505 2431 2694 
9750 587 620 589 2285 
9751 1263 1328 1057 2227 
9752 1187 2294 1926 2657 
9753 1126 1230 2161 2527 
9754 1049 1050 1048 2435 
9755 2066 1910 2560 2748 
9756 1140 2371 1141 2421 
9757 385 2204 1531 2619 
9758 1124 1101 1099 2235 
9759 1998 1914 2310 2493 
9760 1911 2337 2119 2353 
9761 2101 2188 1851 2525 
9762 1647 1606 1710 2682 
9763 1206 2117 1119 2342 
9764 1833 2537 2205 2690 
9765 1837 2030 2362 2412 
9766 2061 2394 1867 2399 
9767 1815 2106 2205 2651 
9768 508 483 490 2094 
9769 501 2128 476 2621 
9770 755 827 754 2320 
9771 1697 1671 1709 2096 
9772 1779 2053 955 2725 
9773 1837 2040 2505 2735 
9774 1873 2143 2588 2626 
9775 705 2553 2030 2743 
9776 495 512 2399 2726 
9777 821 789 779 2372 
9778 48 2220 2114 2440 
9779 1888 2008 2256 2302 
9780 2071 2239 1897 2706 
9781 603 410 57 440 
9782 2038 2340 1850 2504 
9783 2032 2144 1835 2343 
9784 1076 2508 1077 2570 
9785 688 2115 681 2748 
9786 1295 1139 1247 2004 
9787 558 615 668 2184 
9788 1913 1975 2206 2380 
9789 960 956 2221 2368 
9790 635 634 2510 2747 
9791 1038 1123 1205 2677 
9792 1881 2263 2117 2457 
9793 2029 2347 1181 2574 
9794 2053 2368 956 2725 
9795 1997 1897 2487 2563 
9796 2006 1857 2220 2440 
9797 2525 2529 1974 2573 
9798 1010 1016 1002 2090 
9799 2058 2499 2238 2592 
9800 1126 2527 2161 2741 
9801 2216 1960 2519 2731 
9802 1009 997 1536 2191 
9803 1707 1672 1706 2213 
9804 1827 2019 2166 2680 
9805 1529 373 1555 2163 
9806 1863 2438 2511 2674 
9807 1989 2543 2367 2599 
9808 881 2108 883 2386 
9809 2194 2483 2420 2584 
9810 1884 2074 2689 2702 
9811 925 926 868 2109 
9812 2192 2555 1930 2567 
9813 1218 1302 1353 2088 
9814 2422 2558 1844 2612 
9815 799 744 655 2126 
9816 1310 1253 1177 2413 
9817 1862 2230 2075 2643 
9818 1226 2124 1241 2511 
9819 692 2269 2159 2711 
9820 1226 1231 1241 2124 
9821 2256 2456 1900 2695 
9822 1993 2343 1892 2614 
9823 1987 2233 1879 2354 
9824 960 958 956 2368 
9825 2170 2306 2077 2474 
9826 1265 1042 564 2319 
9827 1364 2451 1361 2549 
9828 1673 2118 1710 2682 
9829 387 1571 1587 2276 
9830 1827 2395 2141 2583 
9831 775 789 707 2152 
9832 2114 2327 1865 2339 
9833 1979 2230 2627 2643 
9834 1266 1989 2430 2468 
9835 385 1563 1531 2204 
9836 1929 2309 2141 2431 
9837 315 1378 316 1506 
9838 1887 2267 2033 2404 
9839 1411 2186 1423 2656 
9840 512 2394 468 2399 
9841 601 631 633 2450 
9842 1849 2533 2092 2586 
9843 1206 1205 1123 2342 
9844 1387 1388 1490 2182 
9845 1218 1353 1059 2088 
9846 45 439 399 2257 
9847 191 1983 2281 2462 
9848 1288 1785 1030 2486 
9849 1965 2485 2323 2513 
9850 1185 1197 2495 2596 
9851 1124 1099 1224 2235 
9852 1927 2345 2258 2443 
9853 1290 1266 1237 1989 
9854 1258 2384 2153 2509 
9855 1847 2135 2240 2387 
9856 1879 2240 2233 2737 
9857 1585 365 1579 2579 
9858 2042 2329 1816 2423 
9859 505 2431 42 2702 
9860 1935 1978 2543 2599 
9861 1743 1738 1742 2463 
9862 869 2162 919 2551 
9863 1879 2233 1987 2737 
9864 2233 2240 1987 2737 
9865 3 48 2114 2440 
9866 569 649 623 2096 
9867 1820 2270 2017 2326 
9868 599 598 2152 2409 
9869 727 705 758 2662 
9870 977 1735 215 2130 
9871 669 791 1608 2506 
9872 1655 1600 1636 2201 
9873 1006 996 1011 2497 
9874 1831 2365 2202 2581 
9875 1105 2127 1233 2736 
9876 1462 1491 1958 2606 
9877 878 2417 2293 2660 
9878 1860 2074 2288 2702 
9879 736 742 2260 2616 
9880 2051 2422 1844 2642 
9881 1072 2226 1341 2517 
9882 896 888 911 2155 
9883 544 84 528 2406 
9884 585 587 588 2080 
9885 1353 1211 1059 2341 
9886 736 2134 738 2616 
9887 1068 613 121 568 
9888 1824 2455 2340 2504 
9889 1135 1136 1134 2070 
9890 585 590 2390 2409 
9891 1876 2069 2337 2353 
9892 2491 2537 2122 2690 
9893 1978 2535 2367 2599 
9894 515 498 470 2726 
9895 1351 2149 1179 2596 
9896 2113 2600 1990 2628 
9897 488 2211 2699 2714 
9898 302 303 1501 2359 
9899 38 39 2041 2438 
9900 1539 1560 1594 2456 
9901 744 2126 2305 2683 
9902 1933 2125 2023 2692 
9903 2367 2543 1978 2599 
9904 45 2165 464 2621 
9905 1109 2243 1163 2429 
9906 1917 2052 2469 2664 
9907 1099 2350 1100 2720 
9908 369 2101 2231 2525 
9909 922 877 876 2417 
9910 1179 2596 2091 2740 
9911 702 2038 760 2711 
9912 2009 2217 2007 2650 
9913 1831 2002 2365 2581 
9914 1197 1198 1125 2289 
9915 1959 2537 2491 2690 
9916 781 784 782 2442 
9917 2018 1854 2388 2616 
9918 1735 2375 1756 2718 
9919 1939 2280 2139 2667 
9920 1857 2006 2220 2742 
9921 1604 1652 3 382 
9922 1190 2247 1113 2666 
9923 824 2397 848 2681 
9924 2233 2354 664 2683 
9925 2049 2515 1976 2687 
9926 1858 2282 2177 2304 
9927 1627 1623 1620 2585 
9928 1879 2576 2066 2683 
9929 1866 2080 2280 2390 
9930 474 387 833 2276 
9931 60 602 442 441 
9932 1646 1660 1605 2696 
9933 766 2115 688 2693 
9934 1907 2326 2175 2646 
9935 2085 2349 909 2494 
9936 868 940 918 2040 
9937 2004 2360 1295 2418 
9938 611 2096 644 2272 
9939 757 756 744 2305 
9940 1545 1529 2322 2503 
9941 1586 2165 382 2648 
9942 2034 2155 1882 2727 
9943 1898 2306 1983 2462 
9944 685 699 686 2746 
9945 1328 2227 1329 2429 
9946 1872 2151 2071 2640 
9947 1823 2264 2036 2426 
9948 699 753 700 2446 
9949 1287 114 1042 608 
9950 1849 2533 2111 2723 
9951 2027 1903 2499 2720 
9952 1659 83 82 2407 
9953 1866 2280 2080 2352 
9954 1863 2394 2061 2590 
9955 983 1274 2123 2671 
9956 2101 1851 2231 2525 
9957 402 451 449 2150 
9958 1876 2178 2371 2675 
9959 984 2296 971 2393 
9960 1433 2251 1442 2611 
9961 1029 1351 1184 2149 
9962 718 2200 734 2321 
9963 1907 2646 2175 2746 
9964 1958 2264 2024 2502 
9965 767 726 2083 2676 
9966 755 846 827 2320 
9967 514 519 467 2185 
9968 2359 2380 2032 2685 
9969 368 1516 2086 2529 
9970 369 2188 2525 2529 
9971 1936 2390 2338 2618 
9972 2086 2344 1920 2454 
9973 1487 1428 1495 2226 
9974 1545 374 2163 2503 
9975 1097 2133 1094 2507 
9976 545 551 529 2618 
9977 420 418 417 2670 
9978 702 2321 2038 2711 
9979 2205 2547 1815 2607 
9980 1959 2122 2491 2537 
9981 1865 2339 2327 2585 
9982 1746 1743 2245 2463 
9983 1178 1186 1164 2564 
9984 1871 2295 2170 2629 
9985 1837 2505 2110 2735 
9986 1458 1473 1377 2032 
9987 1205 1047 2176 2342 
9988 1060 1046 1213 2500 
9989 2061 2399 1867 2635 
9990 2079 2129 1916 2607 
9991 1666 1695 1718 2076 
9992 359 360 2169 2502 
9993 1911 2353 2020 2472 
9994 1782 1732 1784 2150 
9995 1978 2489 2670 2717 
9996 1147 2147 1244 2487 
9997 189 2059 188 2623 
9998 1816 2329 2042 2518 
9999 1006 1005 1013 2275 
10000 1866 1986 2280 2667 
10001 1479 2562 1397 2731 
10002 1240 2056 1267 2578 
10003 1754 2029 1800 2568 
10004 1915 2027 2289 2459 
10005 725 2175 749 2370 
10006 911 910 2155 2602 
10007 1865 2021 2339 2585 
10008 495 2399 2173 2726 
10009 930 863 904 2275 
10010 1993 2540 1892 2605 
10011 684 759 2378 2748 
10012 743 2566 2248 2631 
10013 857 2382 727 2662 
10014 1545 1529 1546 2322 
10015 1360 2451 1356 2475 
10016 1427 1471 2005 2413 
10017 1965 2428 1855 2742 
10018 1395 1396 2216 2541 
10019 1978 2508 2489 2717 
10020 1138 2414 2089 2496 
10021 737 736 735 2260 
10022 718 694 2031 2711 
10023 688 766 681 2115 
10024 1841 2270 2050 2310 
10025 1847 2240 2138 2705 
10026 873 926 916 2297 
10027 1362 2475 1368 2517 
10028 640 2317 641 2591 
10029 1915 2289 2027 2596 
10030 673 2066 2560 2748 
10031 1654 2011 1645 2682 
10032 2274 2506 1658 2672 
10033 1237 1266 1249 2468 
10034 425 447 426 2290 
10035 114 1287 565 608 
10036 646 644 595 2272 
10037 1990 2010 2332 2600 
10038 2274 2324 1976 2672 
10039 1913 1975 2380 2685 
10040 883 2386 2108 2602 
10041 1846 2234 2169 2473 
10042 2070 2511 1923 2674 
10043 1181 2347 2029 2486 
10044 2022 2507 1839 2620 
10045 2010 2200 2122 2739 
10046 1148 1150 1149 2389 
10047 662 549 527 2401 
10048 916 925 944 2109 
10049 1817 2177 2075 2701 
10050 1875 2351 2199 2488 
10051 2202 2365 2002 2581 
10052 514 1783 524 2185 
10053 507 42 505 2694 
10054 2168 2225 1898 2387 
10055 1969 2331 2010 2600 
10056 986 2063 948 2569 
10057 1509 1517 311 2358 
10058 1865 2323 1965 2485 
10059 1040 2176 1046 2484 
10060 1146 2180 1144 2563 
10061 1882 2155 2045 2602 
10062 1902 2200 2031 2321 
10063 1407 1448 1410 2343 
10064 482 477 480 2267 
10065 1427 1177 1381 2413 
10066 1891 2245 2463 2547 
10067 1356 1368 2475 2517 
10068 616 1678 557 2194 
10069 1443 1485 1376 2454 
10070 1812 2104 2464 2559 
10071 548 553 530 2212 
10072 1534 2228 1556 2373 
10073 588 587 589 2229 
10074 903 870 901 2283 
10075 2138 2576 2240 2612 
10076 1644 1649 2506 2707 
10077 408 600 459 2544 
10078 1567 368 1578 2101 
10079 1910 2269 1996 2560 
10080 1139 1136 1135 2371 
10081 1800 1754 1810 2029 
10082 1850 2300 2079 2738 
10083 1097 2318 2133 2507 
10084 1194 1063 1320 2272 
10085 86 1627 1601 1630 
10086 1121 1345 569 2096 
10087 530 556 543 2212 
10088 565 634 608 2319 
10089 2030 1893 2478 2539 
10090 806 797 847 2728 
10091 2074 2199 44 2702 
10092 1942 2253 2246 2710 
10093 1893 2188 2539 2662 
10094 718 2031 702 2711 
10095 1873 2381 2019 2435 
10096 603 635 2261 2747 
10097 982 977 968 2665 
10098 1373 1461 1481 2512 
10099 2041 2394 39 2726 
10100 1855 2384 2121 2742 
10101 1922 2401 2254 2406 
10102 1202 1307 1020 2224 
10103 212 941 1022 1016 
10104 2019 2381 1873 2588 
10105 869 922 189 2551 
10106 2135 2240 1907 2576 
10107 1841 2724 2310 2744 
10108 2095 2611 1433 2731 
10109 2258 2345 1927 2654 
10110 2076 1856 2476 2615 
10111 2257 2263 1966 2630 
10112 2202 2365 1993 2614 
10113 1205 1047 1040 2176 
10114 1385 1427 1471 2005 
10115 1915 2308 2027 2459 
10116 1861 2099 2215 2668 
10117 1689 1715 2201 2287 
10118 516 2314 37 2379 
10119 1232 1126 1230 2161 
10120 387 1587 769 2276 
10121 1598 1534 1574 2587 
10122 626 2150 1790 2659 
10123 2027 2308 1915 2596 
10124 1244 1245 1303 2147 
10125 2211 2410 1887 2523 
10126 1743 1745 1746 2245 
10127 920 908 2349 2479 
10128 778 781 780 2067 
10129 684 688 2378 2460 
10130 639 609 640 2603 
10131 2141 2309 1929 2635 
10132 1198 1100 1125 2289 
10133 2248 2566 1969 2631 
10134 502 2204 385 2619 
10135 1863 2438 2124 2511 
10136 1348 1235 1287 2510 
10137 1815 2547 2337 2607 
10138 2106 2337 1815 2547 
10139 1178 1293 2475 2564 
10140 360 361 2008 2695 
10141 1299 1609 1292 2156 
10142 2124 2438 1923 2511 
10143 1988 2503 2322 2530 
10144 422 455 421 2367 
10145 367 366 2344 2454 
10146 1976 2515 2043 2696 
10147 684 2378 695 2460 
10148 2066 2560 1910 2658 
10149 726 750 767 2370 
10150 684 695 688 2460 
10151 1917 2156 2634 2664 
10152 84 83 1607 2406 
10153 988 2084 980 2623 
10154 571 2116 52 2544 
10155 2119 2337 2069 2353 
10156 769 2157 840 2276 
10157 841 860 2134 2528 
10158 536 2338 2212 2618 
10159 807 773 2266 2528 
10160 2217 2237 1845 2650 
10161 446 49 2469 2482 
10162 508 482 483 2267 
10163 1814 2238 2058 2604 
10164 2515 2687 1717 2696 
10165 793 859 656 2228 
10166 1894 2644 2452 2668 
10167 1922 2254 2021 2406 
10168 1379 1453 1484 2625 
10169 2163 2322 1529 2503 
10170 1610 1659 82 2407 
10171 1721 1710 1674 2118 
10172 526 50 2428 2513 
10173 726 725 2370 2746 
10174 1676 855 1701 2697 
10175 384 517 383 2514 
10176 2020 2385 1911 2472 
10177 1935 2127 2441 2736 
10178 2340 2455 1968 2504 
10179 1885 2131 2209 2242 
10180 1578 795 2101 2382 
10181 439 2257 396 2713 
10182 806 2213 814 2728 
10183 2357 2570 1070 2654 
10184 2554 2579 1924 2691 
10185 1853 2329 2042 2609 
10186 1852 2252 2208 2464 
10187 1756 2375 1751 2718 
10188 1951 2334 2161 2364 
10189 758 2101 2446 2676 
10190 2100 2400 1301 2627 
10191 2066 2576 2233 2683 
10192 1860 2141 2309 2431 
10193 1929 2267 2094 2404 
10194 1622 2274 1626 2324 
10195 1121 1315 1194 2272 
10196 659 1567 795 2101 
10197 673 2398 2066 2748 
10198 1951 2290 2056 2481 
10199 385 502 384 2204 
10200 2022 2293 1973 2417 
10201 942 188 922 2059 
10202 2323 2513 1866 2667 
10203 2135 2326 2017 2612 
10204 966 949 982 2665 
10205 2067 2286 780 2372 
10206 1362 1356 1368 2475 
10207 1183 1197 1200 1982 
10208 1866 2280 2212 2390 
10209 1136 1140 1252 2371 
10210 1603 1613 1614 2026 
10211 2094 2699 490 2729 
10212 2065 1851 2412 2539 
10213 1815 2054 2196 2348 
10214 1817 2202 1999 2643 
10215 1832 2107 2082 2601 
10216 498 516 2314 2491 
10217 1530 360 359 2111 
10218 2017 2493 1914 2561 
10219 367 2382 2344 2397 
10220 1605 1649 1651 2672 
10221 2489 1950 2670 2717 
10222 1254 2263 1335 2630 
10223 1204 1190 1104 2247 
10224 2076 1864 2420 2521 
10225 2008 2256 1900 2695 
10226 786 803 662 2401 
10227 1673 1710 1606 2682 
10228 1842 2042 2352 2423 
10229 1659 82 83 1650 
10230 1821 2112 2082 2279 
10231 711 695 710 2132 
10232 1018 1012 995 2241 
10233 2021 2585 1865 2608 
10234 1325 612 2153 2582 
10235 1652 86 3 523 
10236 584 583 582 2280 
10237 1545 2163 1529 2503 
10238 1939 2352 2280 2667 
10239 411 423 414 2334 
10240 1184 1354 275 1029 
10241 1572 2376 1540 2514 
10242 1853 2042 2190 2609 
10243 1220 2278 1221 2381 
10244 816 675 819 2297 
10245 404 447 2522 2591 
10246 795 1567 1578 2101 
10247 2110 2505 193 2716 
10248 1898 2110 2387 2462 
10249 1512 355 2452 2644 
10250 398 412 411 2595 
10251 1852 2040 2362 2735 
10252 2014 2271 1837 2412 
10253 965 2432 2281 2640 
10254 1772 2097 1771 2624 
10255 2329 2423 2042 2609 
10256 1525 1375 319 2452 
10257 1583 2157 1571 2458 
10258 1087 1208 1071 2396 
10259 2056 2290 1926 2522 
10260 2105 2376 1875 2633 
10261 1859 2235 2148 2647 
10262 1847 2135 2387 2598 
10263 1990 2332 2010 2613 
10264 1330 1275 1352 2531 
10265 1902 2173 2094 2455 
10266 833 387 769 2276 
10267 408 450 2060 2544 
10268 1876 2353 2337 2675 
10269 1814 2112 2171 2592 
10270 1561 2228 1598 2587 
10271 1849 2191 2497 2638 
10272 1839 2154 2238 2499 
10273 2141 2635 1929 2694 
10274 713 2553 705 2743 
10275 2059 1080 2465 2733 
10276 1525 357 1526 2557 
10277 1959 2173 2537 2651 
10278 819 805 728 2109 
10279 1274 1294 2123 2671 
10280 1107 2661 2062 2741 
10281 1856 2329 2189 2703 
10282 2030 1886 2478 2553 
10283 1489 2088 1420 2625 
10284 1013 2191 1009 2497 
10285 1887 2699 2211 2714 
10286 2030 2553 2478 2743 
10287 2317 2419 2060 2591 
10288 1965 2513 2323 2667 
10289 564 1265 2319 2430 
10290 356 357 1525 2557 
10291 2125 2534 2023 2692 
10292 1741 2001 2568 2575 
10293 1879 2233 2576 2683 
10294 2136 2369 2005 2577 
10295 2128 2204 1875 2621 
10296 1816 2518 2546 2703 
10297 633 2430 2319 2450 
10298 2148 2350 1977 2425 
10299 2116 2227 1925 2544 
10300 1734 1766 2222 2424 
10301 376 2136 377 2577 
10302 1927 2443 2258 2654 
10303 793 1542 678 2587 
10304 1812 2225 2104 2559 
10305 2108 2386 881 2709 
10306 1842 2284 2049 2609 
10307 1987 2505 194 2737 
10308 1645 1654 1636 2011 
10309 1441 1496 1371 2236 
10310 1488 1425 1422 2234 
10311 1860 2583 2141 2702 
10312 1562 1581 996 2497 
10313 1158 1146 1326 2180 
10314 2207 2483 2194 2652 
10315 1780 215 1735 2130 
10316 2030 1893 2539 2662 
10317 1650 1659 82 1610 
10318 2478 2553 1886 2743 
10319 1530 360 2111 2695 
10320 1820 2270 2326 2646 
10321 1953 2226 2564 2669 
10322 409 451 460 2150 
10323 1583 1571 1531 2458 
10324 1466 1449 1377 2359 
10325 2270 2436 2326 2646 
10326 2183 2347 2004 2486 
10327 2029 2347 2183 2486 
10328 1199 2197 1117 2425 
10329 790 668 615 2184 
10330 1497 1439 1409 2144 
10331 1946 2503 1988 2530 
10332 1820 2436 2270 2646 
10333 1853 2287 2049 2687 
10334 373 374 2311 2453 
10335 993 954 194 2439 
10336 1962 2408 2277 2703 
10337 2153 2356 1855 2384 
10338 737 683 798 2691 
10339 2129 2187 1877 2340 
10340 1243 2123 1294 2487 
10341 2062 2257 1955 2713 
10342 1843 2629 2077 2710 
10343 2354 2439 1879 2737 
10344 1992 2518 2327 2608 
10345 2208 2252 1890 2464 
10346 2189 2408 1962 2703 
10347 2327 2518 1865 2608 
10348 1500 1506 360 2169 
10349 1572 1540 1586 2514 
10350 1256 1255 1297 2085 
10351 2174 2189 1932 2420 
10352 963 964 966 2665 
10353 1619 1618 1617 2327 
10354 2082 2112 1890 2592 
10355 564 1042 113 608 
10356 38 2314 516 2379 
10357 1566 1556 2228 2313 
10358 1815 2196 2054 2415 
10359 494 2491 2122 2613 
10360 1843 2143 2077 2493 
10361 837 2442 838 2506 
10362 1491 317 1520 2557 
10363 1864 2076 2193 2521 
10364 1029 1351 2149 2475 
10365 474 500 387 2276 
10366 1914 2310 2270 2724 
10367 927 2073 867 2494 
10368 1531 1563 1573 2458 
10369 1697 1696 1671 2194 
10370 2054 2178 1970 2348 
10371 429 428 426 2713 
10372 367 2344 366 2397 
10373 1280 2029 1181 2575 
10374 1804 2053 1779 2624 
10375 1497 2144 1409 2548 
10376 857 2101 758 2676 
10377 2077 2143 1843 2710 
10378 2053 2624 1912 2725 
10379 1849 2090 2533 2586 
10380 543 2212 556 2618 
10381 1701 1713 1676 2697 
10382 1935 2450 2319 2543 
10383 1825 2015 2288 2639 
10384 878 2293 2479 2660 
10385 596 2285 584 2652 
10386 47 46 383 517 
10387 639 576 2522 2591 
10388 1765 1793 2600 2628 
10389 1711 2335 1685 2515 
10390 1417 1423 2186 2656 
10391 1388 1369 2182 2722 
10392 909 864 2085 2494 
10393 974 984 969 2296 
10394 965 2281 975 2640 
10395 1983 2520 2063 2663 
10396 1969 2219 2113 2649 
10397 997 2191 1010 2449 
10398 1221 1220 1213 2278 
10399 803 549 662 2401 
10400 1675 1703 814 2728 
10401 1354 1360 275 1029 
10402 2489 2508 1950 2717 
10403 1956 2356 2153 2582 
10404 598 588 593 2409 
10405 822 665 2200 2739 
10406 1678 2194 1696 2584 
10407 1722 853 648 2213 
10408 644 611 569 2096 
10409 1779 1804 1730 2053 
10410 396 2538 427 2713 
10411 717 713 716 2743 
10412 675 915 873 2297 
10413 84 1607 1629 2406 
10414 1575 381 2262 2648 
10415 487 469 73 861 
10416 1228 2153 1152 2356 
10417 563 459 600 2544 
10418 1705 1698 1680 2102 
10419 1841 2322 2163 2503 
10420 900 898 899 2461 
10421 488 481 2523 2714 
10422 1929 2309 2037 2635 
10423 1874 2391 2051 2642 
10424 1891 2628 2113 2690 
10425 1268 1068 121 568 
10426 1008 1012 1019 2259 
10427 1832 2539 2065 2601 
10428 1705 1680 1683 2284 
10429 1865 2114 2220 2546 
10430 47 457 3 2555 
10431 2119 2337 2547 2607 
10432 1074 1064 1073 2688 
10433 1951 2364 2062 2713 
10434 1857 2355 2156 2637 
10435 1864 2193 2189 2408 
10436 1814 2238 2298 2328 
10437 1907 2083 2646 2746 
10438 2208 2238 1890 2328 
10439 2290 2467 1951 2657 
10440 1850 2269 2038 2711 
10441 2149 2308 2091 2596 
10442 1775 1787 1797 2516 
10443 1326 1259 1154 2064 
10444 590 585 588 2409 
10445 2043 1868 2442 2697 
10446 691 697 2159 2524 
10447 1156 2100 1301 2492 
10448 1017 1003 1004 2223 
10449 1496 2195 1371 2236 
10450 1058 1269 1221 2381 
10451 1976 2274 2190 2324 
10452 1337 1187 1033 2603 
10453 2379 2438 2041 2674 
10454 1844 2422 2051 2558 
10455 972 954 993 2439 
10456 1206 1335 1207 2263 
10457 2159 1896 2448 2738 
10458 2008 2169 360 2502 
10459 1708 1670 1605 2696 
10460 2271 2412 2014 2498 
10461 1889 2326 2270 2436 
10462 554 653 849 2292 
10463 473 37 516 2314 
10464 2161 2527 1951 2741 
10465 786 780 2286 2372 
10466 2225 2306 1898 2387 
10467 766 2175 751 2398 
10468 1366 1364 1361 2549 
10469 1626 2274 1625 2672 
10470 1137 1118 2089 2425 
10471 489 490 2699 2729 
10472 671 672 673 2683 
10473 670 663 664 2354 
10474 1575 2366 1564 2648 
10475 2035 2185 1891 2314 
10476 1393 1422 1418 2234 
10477 874 932 690 2266 
10478 1268 120 609 568 
10479 1863 2447 2070 2511 
10480 893 894 889 2388 
10481 1902 2455 2504 2537 
10482 1061 2654 2258 2661 
10483 501 502 486 2204 
10484 41 2061 40 2590 
10485 1838 2379 2041 2674 
10486 1877 2402 1994 2572 
10487 369 370 1503 2573 
10488 509 770 657 2211 
10489 524 1783 1725 2185 
10490 188 988 980 2623 
10491 583 584 585 2280 
10492 1777 1784 1781 2468 
10493 1361 1356 1360 2451 
10494 1206 1207 1119 2117 
10495 1916 2402 1994 2708 
10496 1875 2165 2105 2488 
10497 1816 2277 2408 2703 
10498 2119 2268 1916 2545 
10499 614 668 99 775 
10500 2115 2175 1889 2693 
10501 383 2165 1586 2514 
10502 1917 2440 2006 2469 
10503 1862 2627 2230 2643 
10504 489 2320 491 2729 
10505 1855 2153 2116 2303 
10506 38 516 37 2379 
10507 302 1377 303 2359 
10508 1066 1036 1035 2192 
10509 1301 2100 1164 2400 
10510 2139 2280 1939 2632 
10511 531 83 544 2406 
10512 1020 943 205 1014 
10513 834 808 703 2047 
10514 1209 1286 1055 2258 
10515 2056 2578 2481 2595 
10516 1699 1716 1668 2201 
10517 2240 2576 2135 2612 
10518 576 404 61 2522 
10519 1865 2323 2046 2608 
10520 1691 1694 2174 2615 
10521 1993 2540 2411 2614 
10522 2208 1890 2252 2328 
10523 1695 1692 1718 2420 
10524 947 956 955 2053 
10525 486 2204 502 2619 
10526 2078 2367 1963 2653 
10527 1810 1754 1761 2183 
10528 1834 2058 2459 2604 
10529 686 700 704 2164 
10530 1987 2354 1879 2737 
10531 43 2538 44 2689 
10532 1363 1365 1357 2236 
10533 480 2699 2267 2714 
10534 1594 1552 1568 2047 
10535 1155 1289 1344 2118 
10536 1246 1295 2360 2418 
10537 2148 2307 2073 2496 
10538 2004 2418 2371 2675 
10539 2082 2519 1845 2592 
10540 293 1430 1369 2722 
10541 1838 2178 2070 2674 
10542 1140 1143 1252 2421 
10543 2052 2192 1917 2555 
10544 2249 2588 2143 2710 
10545 642 2060 2227 2544 
10546 877 2293 878 2417 
10547 744 799 757 2126 
10548 1254 1106 1286 2661 
10549 726 2370 2083 2746 
10550 1926 2290 2056 2657 
10551 1530 2111 359 2638 
10552 443 2543 2450 2747 
10553 965 987 2281 2432 
10554 306 307 1516 2529 
10555 1395 1394 1396 2541 
10556 1543 369 1567 2101 
10557 45 44 439 2257 
10558 1239 2603 2056 2657 
10559 2094 2173 1902 2729 
10560 1391 1393 1394 2541 
10561 1009 1013 1010 2191 
10562 1753 1746 1749 2704 
10563 1180 2396 1336 2593 
10564 1239 1267 1240 2056 
10565 881 2386 882 2709 
10566 1836 2181 2079 2738 
10567 1827 2395 2048 2610 
10568 1433 1436 1442 2251 
10569 1892 2359 2311 2453 
10570 172 1533 1566 656 
10571 1844 2422 2138 2658 
10572 602 576 61 2522 
10573 1200 1125 1199 2197 
10574 1923 2511 2438 2674 
10575 560 647 620 2102 
10576 369 2525 370 2573 
10577 2052 2469 2243 2482 
10578 300 301 1514 2311 
10579 2156 2355 1633 2637 
10580 2078 2535 2367 2653 
10581 1363 2236 1357 2549 
10582 1905 2349 2003 2386 
10583 1076 1089 1077 2508 
10584 1895 2458 1988 2734 
10585 1879 2066 2305 2683 
10586 2139 1956 2303 2632 
10587 2024 2471 2111 2723 
10588 1293 1157 2091 2564 
10589 1923 2438 2379 2674 
10590 2243 2469 2052 2664 
10591 986 975 948 2063 
10592 2147 2487 1997 2706 
10593 52 2116 51 2544 
10594 636 637 604 2595 
10595 2121 1148 2389 2490 
10596 1452 1482 1404 2611 
10597 591 613 122 1068 
10598 1861 2405 2241 2668 
10599 1332 1160 1114 2666 
10600 502 2204 501 2621 
10601 2367 2535 1963 2653 
10602 657 463 509 2211 
10603 1884 2345 2258 2526 
10604 1144 2487 1242 2563 
10605 432 431 456 2315 
10606 382 2567 381 2648 
10607 1342 1123 1192 2366 
10608 1456 2160 1454 2413 
10609 1900 2256 2008 2302 
10610 1311 2148 1260 2647 
10611 857 727 758 2662 
10612 1304 2389 1148 2490 
10613 41 438 405 2477 
10614 2064 2325 1897 2663 
10615 1958 2473 1462 2606 
10616 1870 2097 2545 2645 
10617 299 1483 1527 2536 
10618 2032 2380 1975 2685 
10619 1689 1684 2287 2687 
10620 937 2266 2090 2586 
10621 1932 2189 2423 2483 
10622 1845 2217 2216 2237 
10623 1694 1712 1673 2615 
10624 1851 2083 2271 2446 
10625 2278 2381 1873 2435 
10626 1847 2387 2306 2598 
10627 937 902 905 2586 
10628 2030 2478 2412 2539 
10629 1889 2326 2436 2646 
10630 2481 2578 1940 2595 
10631 1833 2122 2537 2690 
10632 1879 2305 2126 2683 
10633 1104 1310 1339 2005 
10634 998 227 1088 1003 
10635 1841 2310 2530 2744 
10636 507 505 482 2431 
10637 920 909 864 2085 
10638 2002 2581 2403 2686 
10639 1891 2245 2113 2628 
10640 1675 814 2213 2728 
10641 2206 2301 1999 2701 
10642 2150 2430 1989 2468 
10643 1254 1335 1208 2630 
10644 1625 2274 1658 2672 
10645 1868 2067 2167 2745 
10646 1812 2501 2002 2686 
10647 834 817 774 2449 
10648 2126 2244 1879 2439 
10649 519 497 521 2491 
10650 2362 2412 2030 2478 
10651 380 1661 1035 2634 
10652 2062 2538 2257 2713 
10653 641 642 600 2060 
10654 1360 1354 1361 2149 
10655 1927 2395 2345 2443 
10656 2020 2353 1921 2472 
10657 1756 1751 1750 2718 
10658 684 688 681 2748 
10659 1132 1226 1241 2511 
10660 2132 2378 1874 2460 
10661 1036 1084 1342 2262 
10662 637 638 575 2595 
10663 1395 1397 1480 2562 
10664 1944 2364 2062 2741 
10665 955 217 1779 2725 
10666 1713 2696 1708 2707 
10667 1385 296 2550 2577 
10668 1984 2253 2170 2629 
10669 1176 2490 1115 2664 
10670 797 806 814 2728 
10671 1045 1040 1046 2484 
10672 1399 1433 2611 2731 
10673 1746 1745 1747 2245 
10674 2157 2458 1583 2622 
10675 2262 2263 1881 2567 
10676 1398 2216 2237 2731 
10677 1299 2156 1176 2634 
10678 1355 1363 1358 2495 
10679 823 1734 1774 2222 
10680 1652 47 3 382 
10681 1847 2110 2240 2705 
10682 1164 2100 1156 2564 
10683 387 500 386 2276 
10684 1978 2670 2535 2717 
10685 1667 855 660 2697 
10686 2371 2418 1876 2675 
10687 2325 2617 1897 2663 
10688 1904 2492 2403 2581 
10689 1347 1240 1267 2578 
10690 1737 1738 1754 2568 
10691 2022 2479 2293 2660 
10692 2293 2417 877 2551 
10693 797 2146 847 2728 
10694 520 502 385 2619 
10695 1463 1420 1489 2088 
10696 1960 2427 2216 2519 
10697 913 886 889 2255 
10698 658 823 1774 2222 
10699 189 188 980 2623 
10700 1105 1233 1234 2736 
10701 737 798 841 2456 
10702 1734 2222 823 2424 
10703 456 446 432 2482 
10704 975 2063 986 2640 
10705 2218 2716 2040 2735 
10706 610 1347 118 567 
10707 1779 2624 2053 2725 
10708 1860 2057 2309 2583 
10709 1226 2447 2124 2511 
10710 833 387 474 525 
10711 1854 2302 2265 2655 
10712 384 1540 1563 2514 
10713 1817 2643 1999 2701 
10714 357 1980 2405 2557 
10715 1741 2001 2575 2730 
10716 1870 2219 2645 2649 
10717 1488 2234 1422 2473 
10718 1948 2369 2136 2536 
10719 1780 1757 1724 2718 
10720 1863 2511 2070 2674 
10721 1246 1245 1141 2418 
10722 2003 1882 2386 2727 
10723 1452 1404 1402 2131 
10724 1863 2438 2394 2590 
10725 372 1555 373 2373 
10726 1280 1181 2029 2486 
10727 841 2134 2456 2528 
10728 2345 2395 1884 2443 
10729 1842 2042 2423 2609 
10730 1852 2362 2168 2735 
10731 1392 1413 1414 2416 
10732 1816 2329 2518 2703 
10733 1904 2044 2403 2492 
10734 1763 2219 1764 2732 
10735 1968 2504 2455 2537 
10736 1672 1698 1705 2102 
10737 1745 1747 2245 2732 
10738 83 1659 1607 2406 
10739 1811 1779 1724 2624 
10740 988 952 980 2671 
10741 1646 391 1668 1699 
10742 1825 2552 1998 2571 
10743 488 2699 480 2714 
10744 754 755 2320 2321 
10745 1607 1628 84 1629 
10746 937 2090 923 2586 
10747 490 2094 483 2699 
10748 2442 2697 1868 2700 
10749 2175 2646 2370 2746 
10750 2049 2287 1853 2609 
10751 886 913 887 2255 
10752 1723 1711 2146 2335 
10753 1879 2576 2240 2705 
10754 1128 1196 1195 2316 
10755 1545 1546 1549 2503 
10756 593 589 619 2229 
10757 2091 2596 2308 2740 
10758 717 2103 720 2678 
10759 1879 2138 2576 2705 
10760 1691 2174 1695 2615 
10761 1723 2335 2146 2728 
10762 1555 1534 1556 2373 
10763 1880 2336 2144 2365 
10764 801 848 824 2397 
10765 1968 2537 2455 2651 
10766 1927 2142 2124 2590 
10767 1074 1073 1129 2230 
10768 1947 2327 2518 2546 
10769 1884 2689 2141 2702 
10770 2016 2278 1873 2500 
10771 2022 2318 2507 2620 
10772 838 784 788 2442 
10773 598 614 599 2152 
10774 986 2063 2569 2640 
10775 419 423 433 2334 
10776 779 2372 776 2721 
10777 1010 997 1009 2191 
10778 1524 376 1519 2536 
10779 1822 2064 2253 2663 
10780 1328 1329 1163 2429 
10781 1814 2058 2238 2592 
10782 2143 2249 1972 2588 
10783 2198 2465 1215 2733 
10784 2261 2510 636 2684 
10785 2205 2537 1968 2651 
10786 1265 1290 2319 2430 
10787 1899 2296 2221 2393 
10788 635 636 2261 2510 
10789 1764 1771 1772 2097 
10790 929 1008 2259 2333 
10791 2277 2546 1857 2703 
10792 1218 1379 1034 2625 
10793 1849 2047 2191 2638 
10794 1899 2244 2126 2393 
10795 1719 1677 1709 2096 
10796 543 556 622 2618 
10797 918 2218 939 2716 
10798 2240 2576 2138 2705 
10799 972 992 970 2393 
10800 1833 2205 2300 2649 
10801 1479 1397 1399 2731 
10802 1566 656 1533 2313 
10803 1222 1097 1094 2507 
10804 734 665 843 2200 
10805 1828 2530 2232 2594 
10806 2119 1815 2337 2607 
10807 2083 2370 2646 2746 
10808 1832 2336 2107 2601 
10809 803 826 701 2401 
10810 189 922 188 2059 
10811 1845 2171 2217 2650 
10812 1950 2142 2124 2570 
10813 1817 1979 2411 2643 
10814 1930 2263 2262 2567 
10815 1964 2665 2123 2706 
10816 1051 1055 2345 2526 
10817 1921 2375 2020 2472 
10818 1355 1367 293 2722 
10819 870 903 929 2259 
10820 306 1438 307 2529 
10821 1733 1752 1755 2214 
10822 1316 1201 1166 2414 
10823 837 791 669 2506 
10824 1545 2322 1546 2503 
10825 1049 1119 1209 2526 
10826 778 785 781 2330 
10827 2032 2359 1892 2380 
10828 2319 2450 1989 2543 
10829 1427 2005 1385 2550 
10830 1395 1396 1397 2216 
10831 1977 2350 1903 2604 
10832 1887 2033 2267 2714 
10833 1283 1296 2160 2666 
10834 927 906 867 2073 
10835 2187 2402 1877 2422 
10836 1063 1194 1315 2272 
10837 1118 1101 1260 2148 
10838 369 2231 370 2525 
10839 442 61 404 2522 
10840 783 780 782 2286 
10841 1300 2316 1426 2341 
10842 1902 2320 2200 2321 
10843 1860 2288 2057 2583 
10844 658 761 2222 2631 
10845 488 509 2211 2523 
10846 1873 2278 2016 2626 
10847 2552 2571 2016 2626 
10848 1963 2535 2670 2717 
10849 2046 2338 1866 2513 
10850 1425 1481 1418 2234 
10851 40 2061 2394 2590 
10852 1897 2617 2063 2663 
10853 1954 2489 2441 2736 
10854 1041 1255 1291 2660 
10855 1865 2518 2327 2546 
10856 1951 2062 2467 2713 
10857 1102 2508 1112 2717 
10858 1557 995 1011 2241 
10859 1837 2362 2168 2412 
10860 1885 2195 2131 2712 
10861 2258 2345 1884 2443 
10862 1747 2385 2245 2732 
10863 625 1722 648 2213 
10864 2266 2533 2090 2586 
10865 1338 1195 1196 2316 
10866 1952 2474 2077 2598 
10867 1812 2168 2225 2559 
10868 864 921 200 1297 
10869 697 692 691 2159 
10870 1265 1042 113 564 
10871 597 583 585 2390 
10872 570 648 853 2213 
10873 424 427 433 2364 
10874 2116 1925 2227 2509 
10875 793 750 2228 2587 
10876 497 2491 494 2613 
10877 1151 1161 1170 2193 
10878 1770 2332 2331 2600 
10879 2243 2429 1941 2482 
10880 2112 2171 1845 2650 
10881 675 745 825 2297 
10882 1954 2508 2489 2736 
10883 201 1041 917 864 
10884 751 766 725 2175 
10885 461 44 2199 2702 
10886 1189 1091 1093 2198 
10887 639 640 576 2591 
10888 2074 1881 2488 2639 
10889 1901 2562 2195 2712 
10890 1267 2056 1239 2603 
10891 1804 1779 1811 2624 
10892 624 561 599 2292 
10893 453 399 432 2315 
10894 43 42 2689 2702 
10895 1163 1109 1110 2243 
10896 1827 2061 2610 2635 
10897 634 2450 2319 2747 
10898 1826 2190 2167 2745 
10899 1301 2492 2100 2627 
10900 1214 1176 1115 2664 
10901 1993 1892 2540 2614 
10902 1311 1165 1260 2148 
10903 2146 1868 2697 2700 
10904 1403 1401 1402 2131 
10905 984 950 971 2296 
10906 871 999 210 2275 
10907 639 638 567 2603 
10908 1589 1552 1559 2638 
10909 1470 1386 320 2452 
10910 1667 2146 1711 2697 
10911 2134 2260 1924 2655 
10912 613 641 568 2317 
10913 1259 2064 1326 2563 
10914 1889 2175 2326 2646 
10915 890 908 885 2349 
10916 753 2083 726 2676 
10917 787 2146 2697 2700 
10918 2263 2457 1881 2567 
10919 1708 1605 1651 2696 
10920 1830 2087 2302 2636 
10921 1527 300 1521 1483 
10922 1976 2687 2515 2696 
10923 1893 2030 2478 2743 
10924 626 1790 577 2659 
10925 1080 1215 2465 2733 
10926 1444 1454 1456 2160 
10927 2094 2267 483 2699 
10928 367 1522 366 2454 
10929 1860 2199 2074 2702 
10930 2139 2280 1986 2667 
10931 558 668 99 614 
10932 1901 2427 2216 2562 
10933 1966 2257 2062 2538 
10934 2190 2274 1992 2324 
10935 1819 2402 2187 2422 
10936 1116 1223 1110 2384 
10937 362 363 2512 2554 
10938 591 122 1263 1068 
10939 1148 2121 1116 2490 
10940 1544 362 2456 2691 
10941 2128 2199 1875 2351 
10942 1867 2399 2394 2726 
10943 1510 322 1322 2316 
10944 1930 2457 2263 2567 
10945 897 883 881 2108 
10946 956 2368 957 2725 
10947 680 674 691 2560 
10948 1904 2100 2492 2581 
10949 1843 2493 2077 2629 
10950 1320 1228 2356 2582 
10951 1902 2321 2031 2504 
10952 2220 2277 1965 2546 
10953 1314 2575 1278 2730 
10954 1712 1710 1673 2118 
10955 1896 2079 2300 2738 
10956 742 830 2179 2616 
10957 1900 2256 2134 2456 
10958 1020 1014 998 2224 
10959 452 408 450 2060 
10960 822 771 665 2739 
10961 1144 1146 1145 2180 
10962 736 737 738 2134 
10963 2471 2497 1550 2638 
10964 1818 2427 2058 2459 
10965 1457 1379 1218 2625 
10966 2144 2251 1880 2548 
10967 2112 1845 2279 2650 
10968 1799 2250 1759 2531 
10969 431 452 456 2419 
10970 201 1041 864 1297 
10971 1689 2287 2201 2687 
10972 1318 1262 1191 2246 
10973 1626 1622 1625 2274 
10974 44 2457 2074 2689 
10975 1996 2305 2066 2560 
10976 1456 1028 1253 269 
10977 1850 2187 2129 2340 
10978 1351 1185 2149 2596 
10979 1790 1740 577 2659 
10980 1647 1664 1611 2118 
10981 640 641 605 2591 
10982 1628 84 85 1653 
10983 2026 2363 1856 2470 
10984 1886 2480 2045 2532 
10985 690 932 772 2266 
10986 1457 2088 1489 2625 
10987 2073 2307 1859 2374 
10988 1457 1463 1489 2088 
10989 1444 1454 2160 2673 
10990 566 637 636 2684 
10991 1900 2456 2134 2528 
10992 2441 2489 1978 2736 
10993 1221 1048 2435 2500 
10994 1566 1556 1561 2228 
10995 735 2260 723 2681 
10996 1748 1764 1772 2732 
10997 1858 2177 2282 2552 
10998 660 787 2146 2697 
10999 1426 2316 1478 2341 
11000 1178 1346 1186 2226 
11001 552 82 531 2407 
11002 2173 2399 2094 2455 
11003 1960 2216 2427 2562 
11004 477 478 480 2714 
11005 552 701 82 2407 
11006 878 2479 2293 2709 
11007 734 2320 755 2321 
11008 1845 2171 2112 2592 
11009 478 2433 484 2714 
11010 602 61 442 2522 
11011 1036 1066 1071 2192 
11012 1426 1300 1322 2316 
11013 2111 2471 359 2638 
11014 1954 2357 2142 2570 
11015 1862 2403 2044 2492 
11016 574 603 635 2261 
11017 2083 2370 1909 2646 
11018 1678 1696 1679 2584 
11019 438 40 397 2142 
11020 2168 2362 1945 2412 
11021 381 2567 2262 2648 
11022 605 63 448 600 
11023 1998 2282 2177 2552 
11024 1993 2411 2202 2614 
11025 955 956 957 2725 
11026 556 654 628 2212 
11027 1247 2004 2347 2486 
11028 843 755 734 2320 
11029 1371 2236 2195 2549 
11030 2319 2430 1989 2450 
11031 413 440 410 2261 
11032 475 501 476 2621 
11033 1221 1213 1048 2500 
11034 433 2364 405 2477 
11035 1036 1342 1192 2262 
11036 661 1585 801 2397 
11037 2415 2455 1867 2651 
11038 1202 1081 1307 2224 
11039 1892 2301 2380 2453 
11040 382 2165 2567 2648 
11041 1885 2242 2308 2712 
11042 375 1527 2311 2536 
11043 2323 2518 1865 2546 
11044 1137 1118 1138 2089 
11045 1652 1601 86 523 
11046 898 2461 2045 2602 
11047 500 474 387 513 
11048 1586 383 382 2165 
11049 1587 1565 676 2157 
11050 505 461 477 2431 
11051 354 353 1017 2223 
11052 2489 2508 1978 2736 
11053 726 725 749 2370 
11054 1510 353 1504 2316 
11055 498 519 516 2491 
11056 897 2461 898 2602 
11057 951 969 981 2516 
11058 1297 921 200 1306 
11059 2282 2552 1998 2744 
11060 1503 305 1508 2529 
11061 1908 2465 2059 2623 
11062 1877 2340 2187 2641 
11063 759 710 684 2378 
11064 39 2394 2041 2438 
11065 1944 2062 2661 2741 
11066 2138 2422 1844 2612 
11067 1097 1222 2318 2507 
11068 1884 2443 2141 2689 
11069 1867 2173 2399 2726 
11070 1585 1579 801 2579 
11071 1835 2144 2336 2365 
11072 2178 2337 1876 2348 
11073 924 875 931 2392 
11074 1388 2182 1387 2722 
11075 1448 1377 1449 2343 
11076 361 1500 360 2169 
11077 1090 1080 1032 2733 
11078 1403 2131 1404 2548 
11079 1432 2095 1433 2731 
11080 1639 2158 1621 2585 
11081 2216 2541 1901 2562 
11082 1545 375 374 2503 
11083 1592 1550 2497 2638 
11084 535 536 2338 2513 
11085 2077 2474 2306 2598 
11086 1851 2412 2271 2498 
11087 1827 2309 2057 2583 
11088 1243 1274 1294 2123 
11089 474 833 506 2276 
11090 1646 1600 1655 2201 
11091 600 642 563 2544 
11092 2049 2335 1868 2515 
11093 2016 1858 2484 2552 
11094 493 491 462 2320 
11095 964 2569 2071 2640 
11096 1854 2134 2260 2616 
11097 1724 1779 217 2725 
11098 1713 2043 2696 2707 
11099 1432 1435 1433 2095 
11100 762 719 2448 2631 
11101 438 397 416 2489 
11102 495 512 468 2399 
11103 571 632 579 2116 
11104 1777 248 1250 1739 
11105 872 2417 878 2660 
11106 1419 1420 1431 2172 
11107 1845 2216 2427 2519 
11108 1881 2165 2105 2648 
11109 44 2689 2074 2702 
11110 1724 2624 1779 2725 
11111 1968 2455 2415 2651 
11112 2062 2364 1944 2538 
11113 1888 2112 2279 2650 
11114 967 949 966 2123 
11115 1397 2562 2216 2731 
11116 2111 2471 1849 2723 
11117 732 730 2210 2693 
11118 2081 1893 2344 2715 
11119 1868 2442 2067 2745 
11120 1293 1157 1179 2091 
11121 1877 2187 2129 2402 
11122 461 475 476 2199 
11123 313 1499 1502 2512 
11124 1844 2326 2576 2612 
11125 2082 2601 1945 2715 
11126 1877 2312 2037 2641 
11127 2278 2435 1873 2500 
11128 1816 2329 2189 2423 
11129 1117 2197 1100 2350 
11130 983 949 967 2123 
11131 785 777 806 2330 
11132 359 2471 2111 2502 
11133 2182 2236 1387 2722 
11134 2104 2295 2225 2686 
11135 1210 1311 1052 2073 
11136 1374 1469 2369 2536 
11137 1643 1658 1657 2346 
11138 1060 2278 1082 2688 
11139 1400 1429 1402 2195 
11140 2009 2512 363 2554 
11141 1780 2130 1735 2718 
11142 418 2367 421 2543 
11143 882 881 883 2386 
11144 1692 1695 1691 2420 
11145 1270 1330 2250 2531 
11146 1857 2389 2355 2637 
11147 1870 2119 2547 2607 
11148 1181 2574 1278 2575 
11149 1983 2306 2170 2474 
11150 790 806 777 2184 
11151 1282 1291 1175 2660 
11152 723 717 720 2678 
11153 1521 375 1527 2311 
11154 1873 2381 2278 2588 
11155 1863 2124 2447 2511 
11156 566 2578 637 2684 
11157 1772 1771 1757 2624 
11158 658 768 761 2631 
11159 791 180 1644 709 
11160 190 191 919 2162 
11161 983 2123 967 2671 
11162 934 893 914 2388 
11163 360 2008 2502 2695 
11164 1854 2260 2134 2655 
11165 36 1737 1733 2568 
11166 1853 2201 2287 2687 
11167 1570 798 683 2691 
11168 2017 2326 2270 2558 
11169 2211 2523 1887 2714 
11170 2085 2479 2022 2660 
11171 595 644 621 2194 
11172 84 1653 385 511 
11173 2019 2435 2166 2680 
11174 1827 2466 2019 2680 
11175 1930 2257 2396 2630 
11176 1857 2121 2389 2490 
11177 1121 1285 1345 2096 
11178 660 2146 1667 2697 
11179 830 933 149 666 
11180 681 2115 2398 2748 
11181 1160 1113 1114 2666 
11182 1879 2126 2354 2683 
11183 865 914 936 2179 
11184 1592 2191 1559 2638 
11185 1282 1175 2417 2660 
11186 1837 2387 2168 2735 
11187 1019 1004 1014 2224 
11188 679 680 759 2560 
11189 1665 1652 3 1604 
11190 376 2136 2536 2542 
11191 1836 2079 2645 2738 
11192 1977 2350 2197 2425 
11193 2105 2488 1825 2633 
11194 786 821 779 2372 
11195 98 614 775 707 
11196 1857 2220 2114 2546 
11197 1440 1372 305 2573 
11198 884 885 882 2386 
11199 1703 797 814 2728 
11200 1686 2335 1723 2728 
11201 1033 120 609 1268 
11202 2093 2219 1896 2645 
11203 698 766 688 2693 
11204 2261 2510 1935 2747 
11205 82 832 1610 2407 
11206 660 847 797 2146 
11207 1493 1389 1369 2377 
11208 1316 1081 2224 2392 
11209 2062 2257 1966 2630 
11210 40 2394 2438 2590 
11211 1374 298 1469 2536 
11212 1742 2185 1793 2628 
11213 2041 2438 1863 2674 
11214 414 415 413 2441 
11215 1866 2338 2212 2513 
11216 724 697 714 2524 
11217 861 469 72 2597 
11218 505 461 2431 2702 
11219 940 900 899 2480 
11220 1797 1767 1766 2093 
11221 2079 1916 2545 2607 
11222 46 464 45 2165 
11223 1141 2371 1139 2418 
11224 1275 978 224 1079 
11225 1503 1508 369 2529 
11226 1935 2543 2319 2599 
11227 2319 2543 1989 2599 
11228 2131 2548 1880 2611 
11229 1812 1999 2501 2686 
11230 1927 2048 2345 2395 
11231 2071 2665 2580 2706 
11232 896 911 910 2155 
11233 1047 1046 2176 2500 
11234 2062 2467 1107 2741 
11235 1254 2630 1106 2661 
11236 1675 814 1722 2213 
11237 1942 2278 2381 2588 
11238 1270 2250 1799 2531 
11239 1533 172 813 656 
11240 1699 1605 390 1670 
11241 1701 1688 1713 2697 
11242 1846 2036 2264 2636 
11243 481 478 484 2714 
11244 748 706 2424 2516 
11245 302 1501 1507 2359 
11246 792 669 1643 2346 
11247 594 2207 586 2632 
11248 1584 2382 367 2397 
11249 1915 2308 2149 2596 
11250 2097 1870 2385 2732 
11251 1735 1758 1756 2375 
11252 1865 2046 2323 2485 
11253 2019 1873 2435 2680 
11254 884 2386 883 2727 
11255 1974 2144 2251 2336 
11256 1894 2215 2644 2668 
11257 748 2424 747 2749 
11258 2130 1912 2580 2718 
11259 2386 2602 883 2727 
11260 1880 2548 2251 2611 
11261 1171 1333 1194 2521 
11262 2019 2588 1873 2680 
11263 408 448 63 600 
11264 759 680 693 2269 
11265 1324 1083 1289 2363 
11266 2085 2235 1859 2647 
11267 1512 2316 354 2644 
11268 1861 2215 2405 2668 
11269 500 387 386 513 
11270 1859 2349 2085 2494 
11271 1365 291 1357 2236 
11272 939 2218 862 2716 
11273 2136 2304 1948 2542 
11274 1800 2568 2029 2575 
11275 1812 2464 2168 2559 
11276 671 670 664 2233 
11277 1256 2494 1306 2647 
11278 1929 2431 2141 2694 
11279 1827 2037 2309 2635 
11280 1098 1099 1100 2720 
11281 1742 1744 1743 2628 
11282 1271 1093 1095 2492 
11283 677 487 73 861 
11284 1792 1777 1284 2468 
11285 419 414 423 2334 
11286 911 2602 2155 2727 
11287 1274 1243 1079 2123 
11288 1147 1244 1243 2487 
11289 1750 1749 1747 2385 
11290 632 562 643 2153 
11291 1874 2361 2039 2460 
11292 1300 1196 2316 2341 
11293 437 2364 427 2538 
11294 384 1563 2204 2514 
11295 546 532 541 2485 
11296 1851 2030 2412 2662 
11297 1723 2146 1667 2728 
11298 633 564 2319 2430 
11299 1889 2370 2175 2646 
11300 1908 2253 2064 2663 
11301 2064 1897 2325 2563 
11302 212 941 1016 923 
11303 1515 1520 1491 317 
11304 714 810 724 2749 
11305 1592 2497 2191 2638 
11306 2067 2442 1949 2745 
11307 952 988 1027 2671 
11308 1518 1512 355 2452 
11309 1107 2467 1127 2741 
11310 786 779 780 2372 
11311 828 745 723 2678 
11312 1456 1495 1444 2160 
11313 435 2450 443 2543 
11314 1672 108 1698 560 
11315 1659 2406 83 2407 
11316 732 698 730 2693 
11317 857 836 659 2101 
11318 1137 1138 1211 2089 
11319 2173 2455 1902 2537 
11320 54 572 601 409 
11321 1895 2444 2157 2458 
11322 2334 2481 1951 2527 
11323 616 1671 1678 2194 
11324 784 2442 781 2700 
11325 781 2330 785 2700 
11326 738 841 860 2134 
11327 1903 2298 2238 2620 
11328 2403 2492 1862 2581 
11329 1868 2067 2442 2700 
11330 597 2390 630 2618 
11331 868 918 193 2505 
11332 207 929 1008 2259 
11333 992 961 970 2432 
11334 1818 1960 2427 2712 
11335 2099 2644 2215 2668 
11336 1193 2389 1304 2637 
11337 2206 1999 2561 2701 
11338 1854 2260 2179 2616 
11339 2108 2556 1905 2709 
11340 1148 1149 1116 2121 
11341 969 984 960 2221 
11342 1691 1695 1694 2615 
11343 938 2293 877 2551 
11344 890 2374 927 2494 
11345 447 429 426 2290 
11346 1248 1112 2535 2717 
11347 356 2241 357 2405 
11348 769 1587 676 2157 
11349 439 396 428 2713 
11350 1817 2411 2304 2540 
11351 1347 1267 118 567 
11352 1897 2569 2123 2671 
11353 871 210 930 2275 
11354 1722 814 853 2213 
11355 919 862 907 2218 
11356 1574 2231 1543 2587 
11357 1227 1320 1228 2356 
11358 994 1004 1019 2099 
11359 252 1155 1674 1702 
11360 1176 1304 1148 2490 
11361 1893 2662 2030 2743 
11362 1794 1776 1314 2575 
11363 1299 1292 1176 2156 
11364 1852 2464 2208 2559 
11365 2165 2457 45 2567 
11366 1137 1199 1117 2425 
11367 1442 2548 1404 2611 
11368 1935 2450 2543 2747 
11369 1634 2156 1648 2634 
11370 1613 1612 1633 2637 
11371 1112 1236 2599 2736 
11372 1521 300 1514 2311 
11373 2063 2520 2084 2663 
11374 1249 1250 1065 2653 
11375 1397 2216 1398 2731 
11376 485 500 2276 2619 
11377 777 668 2184 2721 
11378 2103 2478 1886 2743 
11379 2103 2478 1821 2532 
11380 743 687 2331 2566 
11381 1596 1532 1549 2376 
11382 379 2098 378 2677 
11383 1880 2251 2144 2336 
11384 1350 1302 1034 2625 
11385 726 753 699 2083 
11386 1844 2398 2066 2576 
11387 1857 2220 2277 2742 
11388 355 2644 2099 2668 
11389 1895 2458 2157 2622 
11390 1454 2413 2160 2673 
11391 443 440 413 2747 
11392 1913 2380 2301 2453 
11393 1905 2386 2108 2709 
11394 1783 1793 1742 2185 
11395 2062 2538 1944 2661 
11396 1865 2585 2327 2608 
11397 619 615 593 2184 
11398 1543 370 369 2231 
11399 657 509 75 770 
11400 2367 2535 1978 2670 
11401 1851 2446 2030 2662 
11402 1832 2601 2082 2715 
11403 924 205 943 1014 
11404 1616 1633 1632 2355 
11405 1871 2075 2295 2629 
11406 877 878 872 2417 
11407 1144 1143 1142 2421 
11408 1519 376 377 2577 
11409 1178 1182 1341 2517 
11410 606 629 591 2227 
11411 1860 2431 2199 2702 
11412 840 712 2276 2597 
11413 1335 1254 1207 2263 
11414 98 614 707 592 
11415 933 865 149 666 
11416 545 539 537 2445 
11417 1350 1200 1199 2145 
11418 1133 1181 1135 2347 
11419 1536 1009 2191 2497 
11420 845 823 2222 2424 
11421 1253 1310 1283 2413 
11422 813 1533 656 2313 
11423 2188 2382 2101 2662 
11424 1504 1512 321 2316 
11425 657 804 827 2211 
11426 1584 367 366 2397 
11427 1489 1420 1451 2625 
11428 744 664 2354 2683 
11429 2096 1864 2272 2521 
11430 1226 1062 1231 2447 
11431 1069 2357 1070 2654 
11432 1897 2084 2569 2671 
11433 1764 1766 1767 2093 
11434 1545 1532 375 2503 
11435 1870 2113 2219 2649 
11436 308 1528 1522 2454 
11437 1859 2073 2494 2647 
11438 1827 2583 2057 2680 
11439 809 2516 748 2749 
11440 2123 2665 2071 2706 
11441 671 2233 664 2683 
11442 302 301 1466 2359 
11443 526 534 50 2513 
11444 612 643 2153 2582 
11445 2444 2458 1895 2734 
11446 1588 2366 1024 2677 
11447 1667 1701 855 2697 
11448 1992 2327 2585 2608 
11449 40 2142 41 2590 
11450 1613 1616 1615 2355 
11451 1951 2062 2364 2741 
11452 1566 1561 171 656 
11453 2027 2596 1203 2740 
11454 1062 1229 1225 2447 
11455 2121 2277 1855 2742 
11456 682 933 150 830 
11457 108 1672 618 560 
11458 2157 2444 1937 2458 
11459 1948 2536 2136 2542 
11460 1386 1478 1426 2316 
11461 1631 1632 1630 2114 
11462 927 2374 2073 2494 
11463 1941 2052 2315 2593 
11464 353 1334 1580 1021 
11465 1152 1228 1258 2153 
11466 188 17 1078 1032 
11467 183 1675 1703 814 
11468 463 509 75 657 
11469 1233 1230 1281 2527 
11470 1482 1442 1404 2611 
11471 1545 1549 1532 2503 
11472 1613 1633 2355 2637 
11473 1683 1681 1684 2284 
11474 1271 1156 1301 2492 
11475 1836 2545 2097 2645 
11476 2267 2699 1887 2714 
11477 1818 2308 2459 2499 
11478 1659 1640 2406 2407 
11479 2009 2554 2279 2650 
11480 1215 1091 2198 2733 
11481 1399 1482 1452 2611 
11482 1678 1669 106 557 
11483 2212 2390 597 2618 
11484 659 811 168 1543 
11485 2111 2471 2024 2502 
11486 1940 2481 2334 2527 
11487 643 562 612 2153 
11488 1844 2398 2115 2642 
11489 1202 1201 1316 2224 
11490 1464 1471 1454 2413 
11491 925 916 926 2109 
11492 1522 1528 366 2454 
11493 123 1263 606 591 
11494 1839 2556 2022 2620 
11495 1589 1559 2191 2638 
11496 1917 2469 2006 2664 
11497 1185 1198 1197 2596 
11498 637 610 638 2578 
11499 702 754 760 2321 
11500 107 1698 560 617 
11501 1763 1764 1748 2732 
11502 1633 1609 2156 2637 
11503 1947 2546 2518 2703 
11504 837 838 791 2506 
11505 1065 1250 248 1739 
11506 2235 2298 1903 2620 
11507 820 743 687 2331 
11508 1945 2412 2478 2539 
11509 1057 562 124 606 
11510 793 678 750 2587 
11511 2235 1903 2318 2620 
11512 1019 1012 994 2099 
11513 1106 2661 1107 2741 
11514 1812 2104 2225 2686 
11515 932 690 152 874 
11516 727 824 716 2743 
11517 1295 1141 1139 2418 
11518 1169 1278 1131 2574 
11519 544 2254 540 2401 
11520 356 355 1582 2668 
11521 722 820 812 2331 
11522 545 2292 533 2445 
11523 1597 1565 1583 2622 
11524 684 679 759 2748 
11525 511 385 84 466 
11526 1350 1276 1200 2145 
11527 2061 2635 2141 2694 
11528 1188 1257 1169 2730 
11529 798 1570 1595 2691 
11530 2051 2312 1877 2641 
11531 1187 2294 1305 2317 
11532 1775 1734 138 2424 
11533 1963 2535 2367 2670 
11534 1473 1458 1440 2573 
11535 1635 1637 2470 2682 
11536 1805 1752 1795 2214 
11537 1774 1726 136 658 
11538 1795 2214 1752 2730 
11539 1932 2483 2012 2584 
11540 1703 1723 1667 2728 
11541 1541 1550 2471 2497 
11542 711 804 764 2410 
11543 1060 1213 1082 2278 
11544 387 833 15 525 
11545 1314 1278 1169 2730 
11546 1157 1164 1156 2564 
11547 443 2450 403 2747 
11548 2293 2479 2022 2556 
11549 580 2303 581 2632 
11550 1861 2024 2405 2426 
11551 729 711 710 2132 
11552 2270 2310 1841 2724 
11553 1816 2408 2189 2703 
11554 2123 2569 1897 2706 
11555 385 1653 84 1607 
11556 2119 2545 1916 2607 
11557 1801 1773 2360 2704 
11558 1536 236 1569 997 
11559 2258 2654 1944 2661 
11560 311 1517 310 2358 
11561 1574 370 1543 2231 
11562 1562 1541 1581 2497 
11563 1942 2588 2249 2710 
11564 592 849 653 2292 
11565 365 1585 366 2397 
11566 439 44 396 2257 
11567 1999 2643 2075 2701 
11568 790 570 101 708 
11569 712 506 833 2276 
11570 483 2267 480 2699 
11571 726 2083 699 2746 
11572 515 495 492 2173 
11573 890 909 908 2349 
11574 1371 1357 2236 2549 
11575 40 2394 39 2438 
11576 1397 1396 1398 2216 
11577 576 404 2522 2591 
11578 1300 1196 1322 2316 
11579 903 2283 901 2565 
11580 488 481 509 2523 
11581 1689 1684 1690 2287 
11582 779 778 2372 2721 
11583 945 987 965 2432 
11584 615 668 100 558 
11585 1164 2400 2100 2564 
11586 369 368 1567 2101 
11587 1096 2133 1097 2720 
11588 1916 2607 2129 2708 
11589 1097 1096 1094 2133 
11590 2239 2325 1994 2617 
11591 2399 2635 2061 2694 
11592 301 1507 1514 2359 
11593 1822 2325 2064 2663 
11594 2364 2538 2062 2713 
11595 1294 1242 2487 2563 
11596 1117 2350 1101 2425 
11597 362 2554 2256 2691 
11598 1884 2395 2141 2443 
11599 909 890 927 2494 
11600 391 1646 1668 1600 
11601 1126 2161 1232 2741 
11602 1938 2473 1958 2606 
11603 1118 2148 1165 2496 
11604 1734 1797 1766 2424 
11605 563 571 52 2544 
11606 2101 2231 1851 2676 
11607 742 666 828 2179 
11608 1279 188 17 1078 
11609 1860 2309 2141 2583 
11610 84 385 1607 466 
11611 1687 1717 2515 2687 
11612 1263 1329 1328 2227 
11613 2165 1881 2457 2567 
11614 2058 2427 1901 2459 
11615 300 1383 301 2311 
11616 593 588 589 2229 
11617 1769 1770 2331 2600 
11618 991 954 979 2126 
11619 1346 1178 1341 2226 
11620 1568 1535 158 817 
11621 311 310 1384 2358 
11622 1253 1381 1456 269 
11623 669 179 1608 791 
11624 1859 2073 2374 2494 
11625 1355 1358 1359 2495 
11626 867 199 921 1306 
11627 1817 2540 2301 2614 
11628 1550 1530 359 2638 
11629 45 464 475 2621 
11630 360 359 2111 2502 
11631 865 825 148 666 
11632 2123 2569 967 2671 
11633 1214 1299 1176 2634 
11634 1134 2447 1226 2511 
11635 705 713 704 2553 
11636 2027 2308 2596 2740 
11637 1937 2458 2444 2734 
11638 435 418 421 2543 
11639 1945 2412 2362 2478 
11640 712 861 72 2597 
11641 191 2281 987 2462 
11642 1947 2518 2329 2703 
11643 736 828 723 2260 
11644 1650 83 1607 386 
11645 1944 2161 2364 2741 
11646 1251 1252 1143 2291 
11647 1332 1114 1301 2627 
11648 1726 768 136 658 
11649 83 531 82 2407 
11650 2017 2326 2558 2612 
11651 1918 2400 2226 2669 
11652 857 659 795 2101 
11653 1792 1784 2468 2659 
11654 1926 2294 2317 2419 
11655 1550 359 2471 2638 
11656 857 2101 795 2382 
11657 83 1607 386 466 
11658 1886 2532 2103 2678 
11659 2071 2569 2123 2706 
11660 254 1043 1666 1704 
11661 1865 2518 2323 2608 
11662 1951 2467 2290 2713 
11663 1215 1080 1091 2733 
11664 322 1510 1504 2316 
11665 767 753 726 2676 
11666 1128 1322 1196 2316 
11667 2293 2556 1919 2709 
11668 1539 689 1576 2456 
11669 666 742 830 2179 
11670 1229 1226 1134 2447 
11671 1263 1057 123 606 
11672 1485 1523 309 2454 
11673 2331 2566 1769 2600 
11674 1662 1610 82 832 
11675 2108 2386 1882 2602 
11676 1996 2560 2066 2658 
11677 107 1698 617 1669 
11678 1258 2153 1327 2509 
11679 1875 2199 2128 2621 
11680 1981 2351 2530 2633 
11681 1900 2528 2018 2533 
11682 2085 1859 2494 2647 
11683 2029 2568 2001 2575 
11684 1403 1402 1404 2131 
11685 706 1775 2424 2516 
11686 1785 1288 243 1731 
11687 1870 2219 2113 2732 
11688 1348 2319 1290 2599 
11689 434 447 404 2591 
11690 1827 2166 2583 2680 
11691 1748 1772 2385 2732 
11692 1140 1141 1142 2421 
11693 725 766 749 2175 
11694 723 735 736 2260 
11695 1086 1066 1214 2664 
11696 2115 2642 2398 2748 
11697 2001 2574 2029 2575 
11698 1618 2299 1635 2470 
11699 2071 1897 2569 2706 
11700 1888 2302 2256 2655 
11701 1748 2385 1747 2732 
11702 2197 2350 1117 2425 
11703 772 690 152 932 
11704 960 956 969 2221 
11705 1530 1551 360 2695 
11706 1112 2508 1089 2736 
11707 833 769 712 2276 
11708 1302 1218 1034 2625 
11709 2115 2361 1874 2460 
11710 1427 1381 1471 2413 
11711 2293 2417 2022 2660 
11712 1439 1494 1409 2144 
11713 1857 2114 2220 2440 
11714 528 550 544 2254 
11715 1125 1100 1117 2197 
11716 1602 792 1643 2346 
11717 987 2281 192 2462 
11718 1867 2054 2415 2589 
11719 368 367 1578 2382 
11720 1849 2092 2533 2723 
11721 2015 2342 2117 2639 
11722 918 939 862 2716 
11723 2319 2450 1935 2747 
11724 1111 1169 1131 2273 
11725 354 353 2223 2316 
11726 1055 2258 1061 2654 
11727 1521 1483 300 2311 
11728 1669 617 106 557 
11729 138 706 1775 2424 
11730 1653 84 85 511 
11731 1160 1186 1296 2666 
11732 530 543 536 2212 
11733 636 2510 607 2684 
11734 479 478 476 2433 
11735 180 1644 1608 791 
11736 1416 1474 1447 2137 
11737 674 672 756 2305 
11738 1885 2131 2242 2712 
11739 915 825 148 865 
11740 2027 2459 2308 2499 
11741 1637 1647 1611 2118 
11742 1138 1166 2414 2496 
11743 217 973 1724 2725 
11744 1792 1784 1777 2468 
11745 635 607 636 2510 
11746 477 482 505 2431 
11747 454 400 37 2437 
11748 1400 1366 290 2549 
11749 2315 2396 1955 2593 
11750 1498 1473 304 2573 
11751 1082 2278 2246 2688 
11752 1832 2188 2539 2715 
11753 1827 2061 2395 2610 
11754 883 897 898 2602 
11755 633 2319 634 2450 
11756 1951 2467 2062 2741 
11757 1917 2469 2052 2555 
11758 1292 2156 1609 2637 
11759 1707 1722 625 2213 
11760 1312 2363 1174 2476 
11761 1619 2327 1620 2585 
11762 2355 2389 2026 2637 
11763 2110 192 2462 2716 
11764 702 718 734 2321 
11765 192 2110 193 2716 
11766 194 954 195 2354 
11767 1072 1346 1341 2226 
11768 356 2241 2405 2668 
11769 82 1662 525 513 
11770 1945 2539 2478 2715 
11771 1652 3 47 523 
11772 839 739 813 2313 
11773 826 803 786 2401 
11774 612 645 643 2582 
11775 188 1279 988 2623 
11776 1855 2356 2121 2384 
11777 533 554 849 2292 
11778 1830 2302 2008 2636 
11779 1773 2472 2360 2704 
11780 1689 1693 1715 2287 
11781 1728 1270 1067 2250 
11782 495 2173 515 2726 
11783 1832 2539 2601 2715 
11784 1051 1209 1055 2526 
11785 642 2227 629 2544 
11786 1279 188 1078 2623 
11787 1893 2081 2344 2397 
11788 744 664 655 2354 
11789 1858 2282 2120 2552 
11790 1058 1053 1225 2679 
11791 673 2560 679 2748 
11792 1708 389 1605 1670 
11793 570 853 708 2213 
11794 1824 2391 2340 2641 
11795 559 611 646 2272 
11796 1757 1811 1724 2624 
11797 1110 2243 1086 2664 
11798 1637 1647 2118 2682 
11799 675 825 147 915 
11800 2153 2356 1228 2582 
11801 701 826 746 2407 
11802 1609 1648 1634 2156 
11803 1979 2400 2100 2627 
11804 1007 1011 995 2241 
11805 1867 2399 2173 2455 
11806 999 1013 1005 2275 
11807 807 773 772 2266 
11808 682 150 933 866 
11809 1625 1624 1658 2274 
11810 413 410 411 2261 
11811 1268 1033 1187 2317 
11812 837 784 838 2442 
11813 520 511 385 502 
11814 998 1014 1004 2224 
11815 663 195 655 2354 
11816 1443 1384 1485 2358 
11817 473 514 524 2185 
11818 1292 1176 2156 2637 
11819 1112 1237 2535 2599 
11820 2301 2540 1892 2614 
11821 739 813 2313 2622 
11822 753 2446 2083 2676 
11823 1934 2453 2163 2724 
11824 1667 660 184 797 
11825 2115 2460 688 2693 
11826 1889 2361 2115 2693 
11827 112 564 627 2430 
11828 1485 2358 1523 2454 
11829 1868 2167 2190 2745 
11830 1203 2596 1179 2740 
11831 1618 1635 1615 2470 
11832 2129 1877 2402 2708 
11833 1527 299 300 1483 
11834 1900 2047 2528 2533 
11835 1603 1642 259 1308 
11836 494 2122 496 2613 
11837 488 483 480 2699 
11838 1930 2262 2192 2567 
11839 1005 210 999 2275 
11840 487 481 484 2523 
11841 772 151 866 932 
11842 2150 2468 1784 2659 
11843 503 846 755 2320 
11844 1442 1436 1439 2251 
11845 1851 2188 2101 2662 
11846 933 914 865 2179 
11847 1602 1656 177 746 
11848 396 437 427 2538 
11849 1703 1667 184 797 
11850 1178 1293 1182 2475 
11851 2248 2448 719 2631 
11852 1748 1772 1747 2385 
11853 179 1608 1643 669 
11854 1792 2468 1284 2659 
11855 2117 2342 1881 2639 
11856 1289 258 1611 1083 
11857 812 687 134 2331 
11858 1327 562 124 1057 
11859 837 782 784 2442 
11860 1607 83 84 466 
11861 1072 1341 1261 2517 
11862 779 778 780 2372 
11863 1875 2488 2105 2633 
11864 815 855 186 1676 
11865 386 1650 83 513 
11866 954 971 979 2126 
11867 1472 294 1212 1367 
11868 1119 1207 1209 2117 
11869 1216 1129 1189 2230 
11870 384 385 511 502 
11871 1641 1661 380 2634 
11872 1621 1639 1624 2158 
11873 1037 2098 379 2677 
11874 1005 930 210 2275 
11875 1940 2334 2127 2527 
11876 1696 2420 1692 2584 
11877 1859 2374 2349 2494 
11878 1610 832 1656 2407 
11879 866 682 151 772 
11880 770 2211 509 2523 
11881 288 1370 1356 2451 
11882 1316 1081 1202 2224 
11883 656 1561 171 793 
11884 1870 2113 2245 2732 
11885 2331 2332 2010 2600 
11886 393 1645 1700 1606 
11887 1790 2150 1784 2659 
11888 1301 1156 1164 2100 
11889 2030 2539 2412 2662 
11890 1818 2308 2242 2712 
11891 1736 2331 1770 2332 
11892 85 1653 472 1601 
11893 2064 2325 2180 2563 
11894 1168 1109 1163 2429 
11895 1818 2459 2058 2499 
11896 1258 1327 1057 2509 
11897 1827 2466 2054 2610 
11898 1541 1592 1550 2497 
11899 1357 291 1371 2236 
11900 1454 1464 2413 2673 
11901 603 634 635 2747 
11902 1913 2453 2301 2724 
11903 1837 2168 2362 2735 
11904 488 2211 463 2699 
11905 2479 2556 2293 2709 
11906 468 512 40 2394 
11907 1605 1660 2672 2696 
11908 1001 207 1008 2259 
11909 194 193 993 2439 
11910 965 962 2432 2640 
11911 1560 1544 362 2456 
11912 1368 273 1362 2517 
11913 1925 2429 2243 2482 
11914 1908 2520 2084 2623 
11915 1138 1118 1165 2496 
11916 1723 1686 1711 2335 
11917 2043 2672 1976 2696 
11918 1362 1182 2475 2517 
11919 878 2293 879 2709 
11920 492 2173 495 2729 
11921 1051 1054 1053 2345 
11922 1025 1776 1731 2575 
11923 360 2502 2111 2695 
11924 660 788 787 2697 
11925 1469 1385 1464 2369 
11926 444 54 601 409 
11927 1061 2258 1286 2661 
11928 252 1155 1702 1273 
11929 1074 2230 1216 2627 
11930 51 526 50 2428 
11931 1277 1175 1090 2417 
11932 1600 1700 1668 392 
11933 710 695 684 2378 
11934 1794 2575 1314 2730 
11935 1351 1179 1185 2596 
11936 1248 1102 1112 2717 
11937 631 2430 2150 2659 
11938 549 803 552 2401 
11939 573 403 55 2450 
11940 1118 1117 1101 2425 
11941 2161 2334 1951 2527 
11942 777 2184 2330 2721 
11943 1701 1711 1688 2697 
11944 1716 1689 1715 2201 
11945 836 2101 857 2676 
11946 1072 1261 1437 2517 
11947 423 412 424 2481 
11948 1837 2362 2040 2735 
11949 573 2450 634 2747 
11950 1620 1617 1631 2327 
11951 1097 2133 2318 2720 
11952 1538 1575 1591 2366 
11953 1969 2566 2331 2600 
11954 1857 2277 2220 2546 
11955 880 881 882 2709 
11956 372 1507 1501 2359 
11957 1031 1359 1358 2495 
11958 288 1492 1370 2451 
11959 40 438 41 2142 
11960 1271 2492 1301 2627 
11961 1589 2191 1569 2449 
11962 1924 2134 2655 2691 
11963 1274 983 222 2671 
11964 217 955 973 2725 
11965 1584 1578 367 2382 
11966 1174 1312 1324 2363 
11967 2478 2539 1893 2715 
11968 112 1265 564 2430 
11969 754 734 755 2321 
11970 1225 1252 1251 2679 
11971 203 1282 1277 2417 
11972 847 2146 787 2700 
11973 1046 1040 1047 2176 
11974 891 890 887 2374 
11975 100 790 668 615 
11976 893 934 894 2388 
11977 2301 2453 1934 2724 
11978 769 840 712 2276 
11979 472 86 85 1601 
11980 380 381 2192 2262 
11981 112 627 1122 2430 
11982 792 1602 177 746 
11983 1565 2157 1583 2622 
11984 1851 2412 2539 2662 
11985 2279 2554 1888 2650 
11986 921 927 867 2494 
11987 1281 2578 1026 2684 
11988 1734 823 138 2424 
11989 811 836 767 2676 
11990 1835 2336 2065 2501 
11991 193 2439 194 2737 
11992 2152 2372 1878 2721 
11993 823 1774 137 658 
11994 1832 2065 2336 2601 
11995 1416 2137 1408 2656 
11996 2256 2655 2134 2691 
11997 1848 2348 2196 2466 
11998 2054 2196 2348 2466 
11999 1180 1331 2294 2593 
12000 1306 867 199 1052 
12001 1866 2352 2323 2667 
12002 1745 1748 1747 2732 
12003 798 689 841 2456 
12004 848 2579 683 2681 
12005 2111 1849 2471 2638 
12006 1870 2545 2079 2645 
12007 762 761 719 2631 
12008 817 158 1568 703 
12009 594 586 582 2632 
12010 744 2305 672 2683 
12011 1879 2233 2240 2576 
12012 197 1081 928 875 
12013 787 847 660 2146 
12014 1898 2225 2168 2559 
12015 676 740 840 2157 
12016 691 756 714 2524 
12017 1874 2378 2115 2460 
12018 543 536 2212 2618 
12019 2101 1851 2446 2676 
12020 2158 2585 2021 2608 
12021 1716 1689 2201 2687 
12022 1111 2273 1103 2717 
12023 926 2297 935 2480 
12024 83 386 513 466 
12025 2194 2483 2012 2652 
12026 745 2297 816 2678 
12027 294 1472 1430 1367 
12028 1974 2525 2188 2529 
12029 1786 1796 510 2332 
12030 978 949 224 1079 
12031 412 441 425 2481 
12032 578 52 4 571 
12033 2083 2446 1851 2676 
12034 1027 1274 222 2671 
12035 1889 2436 2370 2646 
12036 1847 2135 2598 2612 
12037 1204 1064 1113 2247 
12038 1141 1140 1139 2371 
12039 1623 1639 1621 2585 
12040 1737 36 1 1725 
12041 362 363 2554 2691 
12042 571 52 4 563 
12043 2163 2453 1913 2724 
12044 86 546 85 2339 
12045 1250 1284 1777 2468 
12046 281 1034 1218 1379 
12047 977 946 968 2130 
12048 701 832 82 2407 
12049 207 870 929 2259 
12050 1086 1110 1109 2243 
12051 254 1272 1043 1704 
12052 435 403 443 2450 
12053 814 1703 183 797 
12054 1676 1713 1708 2707 
12055 1782 34 1732 402 
12056 1951 2364 2161 2741 
12057 909 921 864 2494 
12058 2016 2484 2176 2552 
12059 1170 1161 1171 2193 
12060 1193 1083 1312 2363 
12061 1575 1564 381 2648 
12062 687 1789 134 2331 
12063 2466 2588 2019 2680 
12064 2110 2240 2705 2737 
12065 1296 1028 1283 2160 
12066 1657 1624 1639 2158 
12067 1398 2237 1432 2731 
12068 190 919 869 2162 
12069 1763 1748 1762 2732 
12070 1557 1582 995 2241 
12071 1504 354 1512 2316 
12072 1734 1774 137 823 
12073 302 1507 301 2359 
12074 665 771 504 2739 
12075 1605 390 1646 1699 
12076 1081 1313 197 928 
12077 1056 1055 1061 2654 
12078 1190 1113 1160 2666 
12079 707 849 592 2292 
12080 1351 1185 1184 2149 
12081 1202 998 227 1088 
12082 727 2382 802 2397 
12083 1405 1403 1404 2548 
12084 1167 1138 1166 2414 
12085 1897 2325 2239 2617 
12086 1173 2294 1187 2657 
12087 1788 33 445 402 
12088 635 636 574 2261 
12089 595 586 2207 2652 
12090 1371 2195 1400 2549 
12091 402 1782 34 451 
12092 904 871 2275 2586 
12093 2219 1896 2645 2649 
12094 1886 2478 2103 2532 
12095 843 462 755 2320 
12096 974 667 950 2296 
12097 1539 160 1576 689 
12098 1567 659 168 1543 
12099 1039 2098 1037 2677 
12100 1089 1112 1102 2508 
12101 2084 2520 1908 2663 
12102 1382 1059 1300 2341 
12103 291 1365 1387 2236 
12104 1160 2400 1186 2666 
12105 1795 1065 247 1739 
12106 2051 1844 2558 2642 
12107 565 635 634 2510 
12108 842 1662 82 832 
12109 1416 1447 1408 2137 
12110 794 689 1539 2456 
12111 2134 2456 2256 2691 
12112 417 2441 416 2489 
12113 1633 1609 1634 2156 
12114 1536 1562 1009 2497 
12115 2554 2655 2256 2691 
12116 876 203 1277 2417 
12117 790 777 668 2184 
12118 1309 1799 1802 2531 
12119 1130 379 1037 2550 
12120 2062 1955 2467 2713 
12121 692 693 2269 2711 
12122 213 953 990 2531 
12123 33 1788 1732 402 
12124 2166 2345 2048 2395 
12125 878 880 2479 2709 
12126 1812 2501 2065 2601 
12127 1385 2369 1469 2577 
12128 1575 381 380 2262 
12129 520 386 500 2619 
12130 1973 2417 2293 2551 
12131 374 1521 1514 2311 
12132 730 839 732 2210 
12133 1837 2110 2387 2735 
12134 1247 1288 1030 2486 
12135 1096 1120 1095 2740 
12136 920 880 908 2479 
12137 1884 2258 2443 2689 
12138 1443 1432 1398 2237 
12139 207 1001 870 2259 
12140 1168 1329 1305 2429 
12141 412 441 2481 2595 
12142 387 386 1571 2276 
12143 2233 1879 2354 2683 
12144 449 451 409 2150 
12145 1357 290 1366 2549 
12146 1863 2124 2438 2590 
12147 2370 2436 1909 2646 
12148 44 43 2689 2702 
12149 1966 2538 2062 2661 
12150 112 1122 1265 2430 
12151 1336 2396 1087 2593 
12152 2403 2581 1862 2686 
12153 1761 1753 1801 2704 
12154 462 503 755 2320 
12155 1337 2603 1239 2657 
12156 1382 1300 1426 2341 
12157 384 472 1601 523 
12158 1112 1234 1236 2736 
12159 1851 2101 2446 2662 
12160 985 980 952 2671 
12161 991 195 954 2354 
12162 1147 1242 1144 2487 
12163 105 1678 557 616 
12164 1819 2138 2422 2658 
12165 1070 2357 1076 2570 
12166 1653 1628 84 1607 
12167 2062 2630 1966 2661 
12168 1470 320 319 2452 
12169 1037 1039 1104 2098 
12170 109 1707 625 1672 
12171 823 706 138 2424 
12172 383 384 1601 523 
12173 640 568 641 2317 
12174 469 506 72 2597 
12175 1559 1592 1536 2191 
12176 565 1287 115 2510 
12177 875 1081 928 2392 
12178 1106 1075 2661 2741 
12179 1700 1673 393 1606 
12180 1536 1569 1589 2191 
12181 1536 2191 1592 2497 
12182 601 573 55 2450 
12183 543 94 529 622 
12184 520 385 386 2619 
12185 1709 1677 1697 2096 
12186 43 505 42 2702 
12187 1662 82 1650 513 
12188 1945 2601 2539 2715 
12189 2115 2378 1874 2642 
12190 1741 1733 1737 2568 
12191 1465 1421 1486 2606 
12192 958 959 957 2368 
12193 1607 1659 1629 2406 
12194 1959 2491 2314 2690 
12195 1624 1625 1622 2274 
12196 433 437 405 2364 
12197 1884 2345 2166 2395 
12198 2186 2411 1993 2540 
12199 1843 2246 2688 2719 
12200 1998 2571 2552 2626 
12201 985 986 948 2569 
12202 1107 1127 1126 2741 
12203 1691 1694 1693 2174 
12204 2111 2502 2008 2695 
12205 1305 1187 1331 2294 
12206 676 2157 1565 2622 
12207 788 855 815 2697 
12208 792 178 1643 669 
12209 2186 2540 1993 2605 
12210 2056 2522 1926 2603 
12211 1758 1759 1799 2250 
12212 1773 1751 1798 2472 
12213 1371 290 1357 2549 
12214 658 845 823 2222 
12215 1756 1758 1751 2375 
12216 1870 2079 2545 2607 
12217 1790 1784 1740 2659 
12218 675 147 873 915 
12219 1271 1095 1156 2492 
12220 419 433 405 2477 
12221 789 775 776 2152 
12222 1587 1571 1565 2157 
12223 1965 2277 2220 2742 
12224 1606 394 1647 1710 
12225 1879 2439 2244 2705 
12226 1642 1611 258 1083 
12227 1726 1791 1809 2566 
12228 46 2165 45 2567 
12229 670 671 685 2233 
12230 1932 2420 2483 2584 
12231 1155 1324 1289 2118 
12232 1246 1141 1295 2418 
12233 1601 472 86 523 
12234 1907 2240 2233 2576 
12235 1081 1313 928 2392 
12236 1852 2168 2464 2559 
12237 1762 1748 1745 2732 
12238 1566 1577 1556 2313 
12239 1523 1485 310 2358 
12240 1082 2246 1318 2688 
12241 742 851 830 2616 
12242 2071 2580 1829 2706 
12243 883 884 882 2386 
12244 146 819 873 916 
12245 525 1662 387 513 
12246 1309 1270 1799 2531 
12247 702 760 693 2711 
12248 805 195 12 663 
12249 1674 1710 1712 2118 
12250 1092 1175 1222 2507 
12251 2351 2488 1875 2633 
12252 1608 1644 1649 2506 
12253 255 1704 1677 1285 
12254 383 1652 47 523 
12255 1082 1262 1318 2246 
12256 1099 1097 2318 2720 
12257 306 1508 305 2529 
12258 386 2276 500 2619 
12259 584 586 596 2652 
12260 911 898 910 2602 
12261 688 2460 696 2693 
12262 1760 1761 1754 2183 
12263 500 386 520 466 
12264 655 12 195 663 
12265 2075 2629 1843 2719 
12266 496 2122 493 2739 
12267 373 1529 374 2163 
12268 236 1536 1009 997 
12269 1944 2364 2161 2477 
12270 1761 1801 1785 2486 
12271 2204 2514 1875 2621 
12272 570 790 101 615 
12273 561 547 95 529 
12274 1268 1305 1068 2317 
12275 1554 1586 382 2648 
12276 191 987 192 2462 
12277 70 833 474 525 
12278 1729 510 67 1796 
12279 277 1359 1358 1031 
12280 475 461 44 2199 
12281 170 1561 1542 793 
12282 705 700 758 2446 
12283 223 1274 1079 983 
12284 743 768 2566 2631 
12285 1734 1766 1774 2222 
12286 1844 2558 2326 2612 
12287 610 566 117 2578 
12288 873 819 146 675 
12289 1866 2280 2352 2667 
12290 658 761 845 2222 
12291 654 52 4 578 
12292 861 765 677 2597 
12293 1672 625 109 618 
12294 104 1671 623 1709 
12295 1201 2223 1338 2414 
12296 1874 2378 2132 2391 
12297 544 550 540 2254 
12298 520 386 385 466 
12299 930 904 871 2275 
12300 1121 1333 1285 2096 
12301 1774 1766 1791 2222 
12302 1146 1158 1145 2180 
12303 1912 2268 2151 2580 
12304 542 545 533 2445 
12305 745 675 816 2297 
12306 610 117 1347 2578 
12307 309 1528 308 2454 
12308 442 447 425 2522 
12309 193 2505 2110 2737 
12310 612 562 125 1325 
12311 1379 1218 281 1457 
12312 1686 1683 1685 2335 
12313 771 80 465 722 
12314 2183 2486 2004 2704 
12315 1711 1685 1688 2515 
12316 2135 2017 2598 2612 
12317 80 518 465 722 
12318 1264 1235 1349 2510 
12319 672 744 756 2305 
12320 1602 178 1643 792 
12321 42 437 43 2538 
12322 824 848 720 2681 
12323 1822 2617 2325 2663 
12324 1875 2514 2165 2621 
12325 1161 1174 1317 2476 
12326 1069 1070 1056 2654 
12327 371 1534 372 2685 
12328 1584 1585 661 2397 
12329 855 660 185 1667 
12330 1432 1433 1399 2731 
12331 245 1314 1794 1776 
12332 1583 1565 1571 2157 
12333 1799 1270 1728 2250 
12334 1534 2373 372 2685 
12335 1896 2645 2079 2738 
12336 1699 1670 1717 2696 
12337 1861 2405 2215 2426 
12338 319 320 1518 2452 
12339 586 594 595 2207 
12340 986 2569 964 2640 
12341 1079 949 223 983 
12342 991 655 195 2354 
12343 1050 1049 1051 2526 
12344 1245 1244 1147 2147 
12345 213 990 1802 2531 
12346 1836 2079 2545 2645 
12347 1725 1783 1742 2185 
12348 569 623 644 2096 
12349 1106 1107 1075 2741 
12350 2142 2357 1954 2477 
12351 2216 2562 1960 2731 
12352 646 611 644 2272 
12353 484 485 469 2597 
12354 1819 2422 2187 2658 
12355 1556 1534 1598 2228 
12356 1924 2655 2554 2691 
12357 461 43 44 2702 
12358 1152 1258 1223 2384 
12359 697 762 692 2159 
12360 400 436 2437 2670 
12361 1816 2189 2329 2703 
12362 1375 1470 319 2452 
12363 1731 1810 1785 2486 
12364 1612 1603 260 1044 
12365 1208 2396 1238 2630 
12366 681 766 751 2398 
12367 506 2276 712 2597 
12368 826 786 783 2286 
12369 1300 1321 1196 2341 
12370 1741 2568 1800 2575 
12371 203 872 1282 2417 
12372 2065 2501 2336 2601 
12373 1078 1108 1153 2623 
12374 1431 1486 1419 2172 
12375 1682 1692 2420 2584 
12376 2146 2335 1928 2728 
12377 1773 1798 1778 2360 
12378 1149 1227 1152 2356 
12379 322 1426 1322 2316 
12380 2056 2603 1926 2657 
12381 805 819 145 944 
12382 2155 2602 1882 2727 
12383 354 2316 2223 2644 
12384 2244 2439 2013 2705 
12385 1448 1449 1410 2343 
12386 316 1515 1491 317 
12387 1332 2400 1160 2666 
12388 718 822 734 2200 
12389 1878 2330 2184 2721 
12390 494 493 496 2122 
12391 115 607 565 2510 
12392 622 597 630 2618 
12393 1601 1652 383 523 
12394 392 1600 1700 1645 
12395 996 1009 1562 2497 
12396 1667 1711 1701 2697 
12397 529 543 622 2618 
12398 938 877 869 2551 
12399 1383 1450 1449 2605 
12400 1869 2160 2413 2673 
12401 85 1628 1653 1601 
12402 1898 2387 2110 2735 
12403 288 1364 1492 2451 
12404 1960 2095 2519 2731 
12405 1076 1069 1232 2357 
12406 1954 2441 2127 2736 
12407 1162 1230 1126 2527 
12408 667 950 142 974 
12409 94 561 529 622 
12410 394 1606 1673 1710 
12411 965 987 975 2281 
12412 730 698 696 2693 
12413 667 800 950 2296 
12414 1270 1330 1303 2250 
12415 37 38 2379 2437 
12416 1386 320 1512 321 
12417 406 2469 457 2555 
12418 1383 2311 1460 2605 
12419 984 971 960 2393 
12420 1898 2168 2387 2735 
12421 378 1558 379 2677 
12422 735 848 683 2681 
12423 242 1030 1288 1785 
12424 2258 2443 1944 2654 
12425 743 2248 719 2631 
12426 1238 1208 1336 2396 
12427 1181 1278 1025 2575 
12428 1892 2380 2301 2614 
12429 374 373 2163 2453 
12430 1770 1765 1793 2600 
12431 1429 2195 1496 2562 
12432 511 85 1653 472 
12433 626 631 572 2150 
12434 1640 1629 1659 2406 
12435 642 629 563 2544 
12436 2344 2382 1893 2397 
12437 408 459 450 2544 
12438 1456 1454 1381 2413 
12439 593 615 558 2184 
12440 1387 2236 1365 2722 
12441 779 776 778 2721 
12442 1916 2129 2402 2708 
12443 778 777 2330 2721 
12444 1741 2575 1794 2730 
12445 1704 255 1272 1285 
12446 874 937 932 2266 
12447 1816 2546 2277 2703 
12448 1327 125 562 1325 
12449 836 857 758 2676 
12450 448 2419 434 2591 
12451 1356 1361 1364 2451 
12452 1679 1682 1681 2584 
12453 673 681 2398 2748 
12454 1280 1025 1731 2575 
12455 1308 260 1603 1044 
12456 2081 1924 2579 2681 
12457 1399 1433 1482 2611 
12458 1737 1 36 1733 
12459 1651 389 1605 1708 
12460 693 680 692 2269 
12461 1455 1462 2473 2606 
12462 2166 2345 1884 2526 
12463 1182 1362 273 2517 
12464 796 707 789 2292 
12465 1514 1507 373 2359 
12466 1728 1798 1758 2250 
12467 83 1607 1659 1650 
12468 962 961 965 2432 
12469 1114 1074 1216 2627 
12470 1475 1376 308 2454 
12471 750 859 793 2228 
12472 1769 1770 1736 2331 
12473 712 72 506 2597 
12474 1123 1319 1192 2366 
12475 1337 1267 1239 2603 
12476 521 499 2332 2613 
12477 1717 1687 1716 2687 
12478 703 159 1568 1539 
12479 1557 357 356 2241 
12480 718 702 694 2711 
12481 532 49 534 2485 
12482 952 222 983 2671 
12483 1660 1626 1625 2672 
12484 497 494 496 2613 
12485 1599 1574 1543 2587 
12486 916 145 819 944 
12487 1264 2510 1349 2684 
12488 642 591 629 2227 
12489 459 64 563 600 
12490 1980 2405 2215 2668 
12491 1876 2418 2371 2421 
12492 531 544 540 2401 
12493 633 634 573 2450 
12494 306 305 1372 2529 
12495 303 304 1498 1473 
12496 602 638 639 2522 
12497 953 213 1759 2531 
12498 1898 2110 2462 2716 
12499 625 648 570 2213 
12500 1776 1800 1731 2575 
12501 1058 1221 1050 2435 
12502 1602 1657 1640 2346 
12503 566 1026 117 2578 
12504 876 872 203 2417 
12505 160 1539 794 689 
12506 485 486 500 2619 
12507 1417 1411 1423 2656 
12508 1650 82 83 513 
12509 1682 1692 1691 2420 
12510 1258 1223 2384 2509 
12511 1794 246 1795 2730 
12512 840 769 676 2157 
12513 1205 1119 1047 2342 
12514 542 527 539 2445 
12515 1637 1614 1635 2470 
12516 48 457 406 2469 
12517 835 669 792 2346 
12518 1676 855 186 1701 
12519 793 1542 170 678 
12520 1671 1696 1678 2194 
12521 1024 1319 1123 2366 
12522 434 448 452 2419 
12523 66 510 1786 1796 
12524 1874 2378 2391 2642 
12525 104 1671 616 623 
12526 599 590 598 2409 
12527 892 903 901 2565 
12528 1960 2611 2095 2731 
12529 1211 1321 1059 2341 
12530 622 561 529 2618 
12531 1584 802 1578 2382 
12532 1667 1723 1711 2146 
12533 608 633 564 2319 
12534 1311 1256 1306 2647 
12535 1076 1070 1069 2357 
12536 1643 1608 1658 2506 
12537 1044 1193 1304 2637 
12538 1815 2129 2607 2708 
12539 1389 1413 1392 2377 
12540 417 415 416 2441 
12541 811 678 1599 2587 
12542 563 629 571 2544 
12543 1042 1265 1290 2319 
12544 384 502 472 517 
12545 809 748 667 2749 
12546 1224 1099 1097 2318 
12547 537 535 536 2338 
12548 952 1027 222 2671 
12549 2141 2395 1884 2583 
12550 718 719 721 2248 
12551 1266 2468 2430 2659 
12552 1782 1784 1790 2150 
12553 716 713 705 2743 
12554 55 403 444 2450 
12555 1817 2075 2643 2701 
12556 1228 1325 2153 2582 
12557 1728 1270 239 1067 
12558 1047 1048 1046 2500 
12559 1610 82 1650 1662 
12560 1870 2545 2119 2607 
12561 1638 1622 1626 2324 
12562 594 581 645 2632 
12563 1898 2716 2218 2735 
12564 1247 2347 1181 2486 
12565 536 548 530 2212 
12566 1851 2539 2188 2662 
12567 1298 1727 1778 2360 
12568 2206 2301 1913 2380 
12569 487 677 74 2523 
12570 1283 1160 1296 2666 
12571 1457 1489 1379 2625 
12572 1102 1111 1103 2717 
12573 1685 1711 1686 2335 
12574 1741 1776 1794 2575 
12575 732 750 749 2370 
12576 2161 2357 1944 2477 
12577 1954 2357 2161 2477 
12578 1465 2557 1491 2606 
12579 1539 703 159 794 
12580 489 488 463 2699 
12581 117 1026 1347 2578 
12582 2166 1884 2395 2583 
12583 950 143 979 800 
12584 1547 1548 1546 2322 
12585 814 806 708 2213 
12586 1387 1441 1371 2236 
12587 810 757 800 2296 
12588 1287 1264 115 2510 
12589 1756 1780 1735 2718 
12590 679 673 674 2560 
12591 808 860 841 2528 
12592 1992 2585 2158 2608 
12593 356 1582 1557 2241 
12594 1180 1217 1331 2593 
12595 1635 1618 1636 2299 
12596 1423 1450 1460 2605 
12597 746 1656 832 2407 
12598 1897 2487 2123 2706 
12599 1083 259 1642 1308 
12600 1411 1416 1408 2656 
12601 1325 1327 1228 2153 
12602 489 490 483 2699 
12603 1870 2547 2205 2607 
12604 1972 2588 2466 2680 
12605 816 728 713 2553 
12606 785 778 777 2330 
12607 580 581 582 2632 
12608 1025 1280 1181 2575 
12609 1827 2166 2395 2583 
12610 1359 1031 1183 2495 
12611 505 43 461 2702 
12612 922 869 877 2551 
12613 504 771 465 2739 
12614 1658 2506 1649 2672 
12615 1749 2472 1773 2704 
12616 485 2276 506 2597 
12617 318 1526 317 2557 
12618 546 86 555 2339 
12619 698 688 696 2693 
12620 884 888 886 2727 
12621 1650 387 1662 513 
12622 802 2382 1584 2397 
12623 1811 1771 1804 2624 
12624 1926 2419 2317 2591 
12625 683 1579 1570 2579 
12626 892 913 912 2565 
12627 1905 2556 2479 2709 
12628 727 716 705 2743 
12629 2194 2012 2483 2584 
12630 627 2430 631 2659 
12631 242 1030 1785 1727 
12632 2018 2528 2266 2533 
12633 1280 243 1288 1731 
12634 535 526 536 2513 
12635 2006 2469 2243 2664 
12636 1283 1190 1160 2666 
12637 1845 2519 2427 2592 
12638 656 859 839 2313 
12639 734 822 665 2200 
12640 1653 384 472 1601 
12641 1295 1298 1246 2360 
12642 937 923 871 2586 
12643 1738 1743 1760 2463 
12644 1067 240 1728 1778 
12645 471 499 518 2332 
12646 1860 2141 2431 2702 
12647 974 141 809 951 
12648 1584 366 1585 2397 
12649 2068 2159 2524 2738 
12650 553 52 4 654 
12651 1575 1558 1564 2366 
12652 1706 1675 1707 2213 
12653 1292 1609 1612 2637 
12654 1290 1265 1266 2430 
12655 621 644 616 2194 
12656 530 93 543 556 
12657 240 1067 1298 1778 
12658 807 808 773 2528 
12659 965 975 986 2640 
12660 1204 1039 1045 2484 
12661 417 2489 436 2670 
12662 1619 1620 1621 2585 
12663 1893 2478 2103 2743 
12664 1236 1348 1290 2599 
12665 1910 2391 2378 2642 
12666 527 662 90 549 
12667 1433 1442 1482 2611 
12668 580 579 581 2303 
12669 1373 313 312 2512 
12670 1130 1037 1339 2550 
12671 844 542 88 796 
12672 2210 2361 1889 2693 
12673 1716 1715 1668 2201 
12674 800 950 142 667 
12675 1667 185 855 1701 
12676 191 2462 192 2716 
12677 1529 1547 1546 2322 
12678 928 906 931 2392 
12679 1751 1749 1750 2472 
12680 1224 1097 1222 2318 
12681 1588 1024 23 379 
12682 1688 2515 1717 2696 
12683 1247 1139 1135 2347 
12684 1465 1375 318 2557 
12685 502 511 384 472 
12686 1653 384 511 472 
12687 1199 1125 1117 2197 
12688 652 1740 1807 2659 
12689 833 70 15 525 
12690 22 1035 1036 380 
12691 1746 1760 1743 2463 
12692 115 1264 607 2510 
12693 55 444 601 2450 
12694 1736 812 134 2331 
12695 488 509 463 2211 
12696 945 965 992 2432 
12697 1160 1332 1186 2400 
12698 1682 1696 1692 2584 
12699 1499 362 1502 2512 
12700 547 95 624 561 
12701 519 514 473 2185 
12702 595 594 646 2207 
12703 1802 1759 213 2531 
12704 1038 1039 1037 2677 
12705 545 547 533 2292 
12706 1497 1404 1442 2548 
12707 404 447 442 2522 
12708 747 748 706 2424 
12709 596 587 584 2285 
12710 764 741 763 2410 
12711 39 2394 512 2726 
12712 799 979 143 800 
12713 74 509 487 2523 
12714 926 873 935 2297 
12715 695 763 696 2460 
12716 967 2569 985 2671 
12717 1405 1497 1409 2548 
12718 1749 1773 1753 2704 
12719 1675 2213 1706 2728 
12720 1018 355 231 994 
12721 1165 1118 1260 2148 
12722 1375 318 1525 319 
12723 1146 1259 1326 2563 
12724 1846 2234 2473 2692 
12725 1867 2589 2415 2651 
12726 804 657 770 2211 
12727 878 879 880 2709 
12728 1116 1152 1223 2384 
12729 842 387 15 525 
12730 907 862 939 2218 
12731 434 431 429 2419 
12732 533 547 554 2292 
12733 52 459 563 2544 
12734 1312 1174 1159 2476 
12735 1644 1651 1649 2707 
12736 49 48 406 2469 
12737 1427 1385 296 2550 
12738 446 49 406 2469 
12739 1654 1645 1606 2682 
12740 1635 1654 1637 2682 
12741 1015 831 155 715 
12742 1662 175 1610 832 
12743 1234 1089 1105 2736 
12744 386 1607 385 466 
12745 774 817 715 2449 
12746 1106 1061 1286 2661 
12747 1636 1618 1638 2299 
12748 2245 2385 1870 2732 
12749 873 915 935 2297 
12750 313 1502 312 2512 
12751 1727 1298 1030 2360 
12752 379 1505 378 2550 
12753 502 501 464 2621 
12754 805 12 195 944 
12755 1115 1148 1116 2490 
12756 490 489 491 2729 
12757 486 502 520 2619 
12758 858 1023 715 2449 
12759 489 503 491 2320 
12760 1707 1675 1722 2213 
12761 1077 1089 1102 2508 
12762 556 628 597 2212 
12763 1400 290 1371 2549 
12764 193 194 2505 2737 
12765 126 559 612 2582 
12766 1008 1000 1007 2333 
12767 750 678 767 2587 
12768 1180 1336 1087 2593 
12769 1876 2337 2178 2675 
12770 188 17 1032 942 
12771 43 396 44 2538 
12772 770 74 677 2523 
12773 1801 1773 1727 2360 
12774 795 659 167 1567 
12775 1536 1589 1559 2191 
12776 1939 2483 2207 2652 
12777 247 1065 1795 1257 
12778 273 1368 1261 2517 
12779 1786 510 471 2332 
12780 1356 287 1370 288 
12781 514 467 68 1783 
12782 1648 1299 1609 262 
12783 1835 2365 2336 2501 
12784 1367 1359 278 1183 
12785 1483 1460 1383 2311 
12786 1195 1338 1088 2223 
12787 929 208 1008 2333 
12788 161 1595 1576 689 
12789 1132 1133 1134 2511 
12790 64 459 408 600 
12791 1225 1251 1058 2679 
12792 616 557 621 2194 
12793 1171 1317 1272 2521 
12794 1220 1269 1158 2381 
12795 1292 1612 1044 2637 
12796 495 515 512 2726 
12797 633 631 564 2430 
12798 1266 2430 1122 2659 
12799 1443 1398 1434 2237 
12800 996 1006 1013 2497 
12801 2100 2564 2400 2669 
12802 1562 235 1536 1009 
12803 1028 1456 1380 270 
12804 74 770 509 2523 
12805 261 1292 1609 1612 
12806 665 79 504 771 
12807 1031 277 1359 1183 
12808 1504 321 322 2316 
12809 694 762 719 2448 
12810 282 1218 1059 1457 
12811 261 1292 1612 1044 
12812 1273 1702 253 1043 
12813 286 1261 1368 2517 
12814 1277 1032 204 942 
12815 1678 105 1671 616 
12816 1092 1222 1094 2507 
12817 1028 1380 1219 270 
12818 1286 1061 1055 2258 
12819 1055 1054 1051 2345 
12820 1362 1360 1356 2475 
12821 1736 134 1789 2331 
12822 397 436 417 2489 
12823 1476 1374 1469 2369 
12824 462 503 77 755 
12825 973 957 976 2725 
12826 755 503 77 846 
12827 662 803 90 549 
12828 1617 1620 1619 2327 
12829 633 608 634 2319 
12830 1799 1759 1802 2531 
12831 1702 1666 253 1043 
12832 1075 1061 1106 2661 
12833 1478 1463 1382 2341 
12834 2165 1881 2567 2648 
12835 2256 2554 1888 2655 
12836 508 495 468 2399 
12837 422 421 420 2367 
12838 1588 1558 1538 2366 
12839 630 597 590 2390 
12840 308 1475 1522 307 
12841 499 2613 496 2739 
12842 2115 2378 2642 2748 
12843 1173 1127 2467 2657 
12844 2122 2613 2010 2739 
12845 478 479 484 2433 
12846 1466 1377 302 2359 
12847 1065 1257 1188 2653 
12848 2186 1948 2540 2605 
12849 849 796 533 2292 
12850 683 801 1579 2579 
12851 1898 2110 2716 2735 
12852 1625 1658 1649 2672 
12853 661 802 1584 2397 
12854 1161 1159 1174 2476 
12855 1173 1187 1337 2657 
12856 624 599 592 2292 
12857 842 1662 387 525 
12858 1143 1145 1251 2291 
12859 978 1275 990 2531 
12860 510 521 499 2332 
12861 905 932 937 2266 
12862 1112 1089 1234 2736 
12863 1451 1453 1379 2625 
12864 592 653 624 2292 
12865 235 1562 996 1009 
12866 1633 1612 1609 2637 
12867 773 690 772 2266 
12868 858 1535 1590 2449 
12869 814 708 853 2213 
12870 1817 2411 2202 2643 
12871 2290 2467 1955 2713 
12872 291 1387 1371 2236 
12873 903 863 929 2333 
12874 374 375 1521 2311 
12875 1558 2366 1588 2677 
12876 1001 1008 1019 2259 
12877 691 714 697 2524 
12878 1533 2313 813 2622 
12879 1462 1465 1491 2606 
12880 1414 1415 1392 2416 
12881 1400 1371 1496 2195 
12882 1075 1126 1232 2741 
12883 652 1807 1343 2659 
12884 619 625 570 2213 
12885 1652 3 1630 1665 
12886 1769 2331 1789 2566 
12887 2361 2460 2115 2693 
12888 1605 1660 1649 2672 
12889 1416 1417 1428 2656 
12890 1270 1799 1728 239 
12891 459 4 52 563 
12892 274 1360 1362 2475 
12893 1488 1455 1462 2473 
12894 1219 1072 271 1477 
12895 1177 1427 1323 2550 
12896 838 815 709 2707 
12897 1681 1683 1680 2284 
12898 89 844 662 527 
12899 1653 384 385 511 
12900 1690 1693 1689 2287 
12901 785 847 787 2700 
12902 379 1588 1024 2677 
12903 1776 244 1025 1731 
12904 321 1386 1426 2316 
12905 278 1212 1367 1183 
12906 743 761 768 2631 
12907 1825 2288 2488 2639 
12908 639 576 602 2522 
12909 1029 1293 1351 2475 
12910 175 1662 842 832 
12911 496 2613 2122 2739 
12912 767 678 811 2587 
12913 1112 1236 1237 2599 
12914 1750 1747 1772 2385 
12915 1299 1292 1609 262 
12916 379 1024 23 1037 
12917 690 153 874 941 
12918 860 851 738 2616 
12919 537 538 535 2338 
12920 1754 1800 1737 2568 
12921 1597 1577 1533 2622 
12922 225 990 978 1275 
12923 1638 1626 1655 2324 
12924 573 56 403 2747 
12925 1309 990 1275 2531 
12926 1137 1117 1118 2425 
12927 1809 1769 1789 2566 
12928 173 676 1565 2622 
12929 1810 1761 1785 2486 
12930 997 1010 1015 2449 
12931 841 738 737 2134 
12932 1455 1421 1462 2606 
12933 1500 344 315 314 
12934 1066 1035 1214 2634 
12935 990 225 1309 1275 
12936 764 770 677 2523 
12937 288 1356 1364 2451 
12938 863 1000 208 2333 
12939 1844 2576 2138 2612 
12940 1270 1303 1067 2250 
12941 1146 1144 1242 2563 
12942 1515 316 346 317 
12943 993 945 972 2439 
12944 1572 1596 1540 2376 
12945 1281 1240 1026 2578 
12946 622 543 93 556 
12947 1634 1648 1641 2634 
12948 1257 1795 246 2730 
12949 810 2296 667 2749 
12950 681 751 673 2398 
12951 1100 1099 1101 2350 
12952 988 188 17 1279 
12953 1357 1361 1363 2549 
12954 997 1023 1590 2449 
12955 1025 1314 1776 2575 
12956 1508 306 1516 2529 
12957 1276 1034 280 1484 
12958 1113 1190 1204 2247 
12959 1110 1086 1115 2664 
12960 541 532 534 2485 
12961 1206 1119 1205 2342 
12962 1805 1755 1752 2214 
12963 1414 1419 1415 2416 
12964 1107 1172 1127 2467 
12965 1689 1687 1684 2687 
12966 1103 1111 1131 2273 
12967 1292 1304 1176 2637 
12968 918 192 193 2716 
12969 879 907 881 2709 
12970 585 590 597 2390 
12971 1298 241 1778 1727 
12972 385 384 1563 2204 
12973 306 1372 1438 2529 
12974 1502 363 1509 2512 
12975 652 1343 627 2659 
12976 842 82 6 832 
12977 1577 2313 1533 2622 
12978 995 233 1557 1011 
12979 1002 831 155 1015 
12980 727 802 824 2397 
12981 1325 126 612 2582 
12982 1509 311 312 2512 
12983 1400 1496 1429 2195 
12984 627 631 577 2659 
12985 1150 1304 1193 2389 
12986 38 400 436 2437 
12987 1592 1559 1550 2638 
12988 843 462 77 755 
12989 988 221 1027 1279 
12990 482 480 483 2267 
12991 1523 2358 365 2454 
12992 50 446 401 2482 
12993 856 835 792 2346 
12994 1185 1197 1031 2495 
12995 576 605 62 2591 
12996 891 927 890 2374 
12997 1391 1395 1490 2541 
12998 431 432 430 2315 
12999 1803 1775 706 2516 
13000 549 540 527 2401 
13001 1227 1228 1152 2356 
13002 467 510 67 1729 
13003 1425 1418 1422 2234 
13004 407 458 31 1755 
13005 1270 1309 1330 2531 
13006 1123 1024 2366 2677 
13007 1733 31 458 1755 
13008 1587 174 676 1565 
13009 1929 2635 2399 2694 
13010 846 463 76 657 
13011 845 747 823 2424 
13012 1082 1318 1073 2688 
13013 844 89 542 527 
13014 1650 386 387 513 
13015 787 784 781 2700 
13016 1517 1523 310 2358 
13017 1656 1610 176 832 
13018 79 465 504 771 
13019 167 795 1567 1578 
13020 1803 706 829 2516 
13021 1429 1496 1480 2562 
13022 1258 1228 1327 2153 
13023 282 1059 1382 1457 
13024 273 1261 1182 2517 
13025 1020 998 226 1202 
13026 1725 36 1 524 
13027 404 576 62 2591 
13028 802 795 1578 2382 
13029 566 607 116 2684 
13030 1201 1088 1338 2223 
13031 1192 22 1036 380 
13032 372 1534 1555 2373 
13033 579 643 581 2303 
13034 1129 1216 1074 2230 
13035 1580 30 1334 353 
13036 604 59 398 2595 
13037 974 950 984 2296 
13038 415 418 443 2543 
13039 1581 1011 234 996 
13040 299 298 1374 2536 
13041 1556 1598 1561 2228 
13042 1027 1340 1294 2671 
13043 470 39 512 2726 
13044 491 493 492 2729 
13045 385 511 520 466 
13046 386 500 513 466 
13047 858 1590 1023 2449 
13048 419 405 438 2477 
13049 1382 1426 1478 2341 
13050 1412 1487 1437 2517 
13051 47 46 453 2555 
13052 995 1012 1007 2241 
13053 1249 1266 1250 2468 
13054 506 500 474 2276 
13055 1293 1178 1157 2564 
13056 1536 1592 1562 2497 
13057 1544 1595 1570 2691 
13058 387 474 525 513 
13059 233 1557 1011 1581 
13060 862 191 192 2716 
13061 1242 1243 1294 2487 
13062 274 1362 1182 2475 
13063 490 492 495 2729 
13064 1210 1166 1165 2496 
13065 406 457 453 2555 
13066 1294 1259 1242 2563 
13067 1280 1288 1247 2486 
13068 809 667 141 974 
13069 1284 2468 1266 2659 
13070 627 1122 2430 2659 
13071 884 911 888 2727 
13072 780 783 786 2286 
13073 196 1081 875 943 
13074 312 1502 1509 2512 
13075 1783 467 68 1729 
13076 1220 1082 1213 2278 
13077 1380 1219 271 1477 
13078 403 2450 573 2747 
13079 474 833 71 506 
13080 1309 1802 990 2531 
13081 1056 1061 1069 2654 
13082 1548 1583 1573 2458 
13083 713 728 704 2553 
13084 761 743 719 2631 
13085 1070 1076 1077 2570 
13086 1572 1532 1596 2376 
13087 577 1790 131 1740 
13088 1314 246 1794 2730 
13089 1688 1687 1717 2515 
13090 587 596 620 2285 
13091 879 877 938 2293 
13092 1041 202 917 2660 
13093 66 510 471 1786 
13094 997 1590 1569 2449 
13095 485 500 506 2276 
13096 604 575 59 2595 
13097 758 2446 753 2676 
13098 1484 1034 280 1379 
13099 986 985 964 2569 
13100 1264 116 607 2684 
13101 1541 1550 358 2471 
13102 575 441 59 2595 
13103 1789 2331 687 2566 
13104 1792 1777 249 1284 
13105 2530 2633 1946 2744 
13106 956 958 957 2368 
13107 1741 1737 1800 2568 
13108 1042 1290 1348 2319 
13109 1117 1100 1101 2350 
13110 925 868 194 2505 
13111 1520 317 1526 2557 
13112 234 1562 1581 996 
13113 56 573 603 2747 
13114 1024 1037 379 2677 
13115 15 769 833 387 
13116 736 738 742 2616 
13117 1485 1384 310 2358 
13118 673 679 681 2748 
13119 52 51 450 2544 
13120 514 69 524 1783 
13121 1566 1533 1577 2313 
13122 876 1277 204 942 
13123 131 626 1790 577 
13124 82 1662 842 525 
13125 1268 1187 1305 2317 
13126 900 926 935 2480 
13127 1559 1552 1530 2638 
13128 2262 2567 1881 2648 
13129 1045 1039 1040 2484 
13130 1493 1413 1389 2377 
13131 1797 1734 1775 2424 
13132 1768 1765 1769 2600 
13133 724 748 747 2749 
13134 1720 388 1663 1708 
13135 127 559 1063 1315 
13136 566 1026 2578 2684 
13137 898 897 899 2461 
13138 1756 1750 1757 2718 
13139 1584 802 166 1578 
13140 2074 2488 2288 2639 
13141 1542 1599 678 2587 
13142 735 723 720 2681 
13143 1383 300 1483 2311 
13144 549 552 531 2401 
13145 1721 251 1344 1674 
13146 1661 1648 263 2634 
13147 1444 1424 1454 2673 
13148 777 776 668 2721 
13149 370 371 1498 2573 
13150 22 1035 380 1661 
13151 1181 1133 1278 2574 
13152 2378 1910 2642 2748 
13153 663 655 664 2354 
13154 692 694 693 2711 
13155 542 533 88 796 
13156 153 690 818 941 
13157 554 96 653 547 
13158 359 358 1550 2471 
13159 22 1192 1591 380 
13160 815 1676 852 2707 
13161 465 499 496 2739 
13162 1981 2633 2530 2744 
13163 788 660 855 2697 
13164 399 430 432 2315 
13165 128 1315 1121 611 
13166 746 1656 176 832 
13167 609 567 119 2603 
13168 876 877 872 2417 
13169 1506 316 315 345 
13170 1659 1656 1640 2407 
13171 1235 1264 1287 2510 
13172 1015 715 1023 2449 
13173 309 310 1523 1485 
13174 2240 1879 2705 2737 
13175 56 603 440 2747 
13176 1088 228 1334 1021 
13177 1349 1281 1026 2684 
13178 1508 1516 368 2529 
13179 56 440 403 2747 
13180 1551 1560 361 2695 
13181 701 6 82 832 
13182 1736 1770 1786 2332 
13183 879 878 877 2293 
13184 1041 1282 202 2660 
13185 553 92 530 654 
13186 195 12 655 991 
13187 999 210 211 871 
13188 1096 1097 1098 2720 
13189 1215 1091 1189 2198 
13190 661 801 824 2397 
13191 749 750 726 2370 
13192 1120 1203 1179 2740 
13193 1026 566 116 2684 
13194 1267 119 567 2603 
13195 1847 2306 2474 2598 
13196 745 816 717 2678 
13197 523 47 383 517 
13198 1757 1771 1811 2624 
13199 139 706 829 1803 
13200 652 130 1807 1740 
13201 2430 2468 2150 2659 
13202 1186 1332 1164 2400 
13203 1284 1777 249 1250 
13204 251 1155 1344 1674 
13205 1794 1752 1741 2730 
13206 1173 1239 1127 2657 
13207 312 311 1461 2512 
13208 648 102 570 853 
13209 65 471 522 1806 
13210 1324 1312 1083 2363 
13211 1560 1576 1544 2456 
13212 127 559 1315 611 
13213 382 1652 47 383 
13214 304 305 1503 2573 
13215 1676 1720 852 2707 
13216 173 1565 1533 2622 
13217 1248 2535 1249 2653 
13218 414 416 415 2441 
13219 1278 1133 1131 2574 
13220 1136 1139 1140 2371 
13221 110 625 1722 648 
13222 981 1787 220 2516 
13223 815 187 852 1676 
13224 967 964 985 2569 
13225 763 711 764 2410 
13226 126 1063 559 2582 
13227 858 1023 154 715 
13228 1525 319 1518 2452 
13229 84 544 83 2406 
13230 656 839 813 2313 
13231 1719 1677 1345 256 
13232 967 985 952 2671 
13233 1280 1247 1181 2486 
13234 1298 1295 1030 2360 
13235 241 1298 1030 1727 
13236 1472 1276 279 1484 
13237 833 712 71 506 
13238 872 1282 2417 2660 
13239 1035 1661 263 2634 
13240 610 637 566 2578 
13241 612 559 645 2582 
13242 1602 1643 1657 2346 
13243 69 1725 524 1783 
13244 173 813 676 2622 
13245 858 817 1535 2449 
13246 1102 1248 1111 2717 
13247 1685 1687 1688 2515 
13248 607 2510 1264 2684 
13249 1498 304 1503 2573 
13250 1713 1670 1708 2696 
13251 975 987 191 2281 
13252 1450 1383 1460 2605 
13253 1299 263 1648 2634 
13254 1504 353 354 2316 
13255 1314 245 1025 1776 
13256 196 1081 943 1307 
13257 313 314 343 1499 
13258 1087 1085 1217 2593 
13259 1799 1728 1758 2250 
13260 1059 1321 1300 2341 
13261 1579 1570 163 683 
13262 1488 1422 1455 2473 
13263 734 754 702 2321 
13264 40 512 39 2394 
13265 991 144 655 799 
13266 706 139 1775 1803 
13267 1526 347 318 317 
13268 428 396 427 2713 
13269 268 1253 1381 1177 
13270 321 1426 322 2316 
13271 398 59 441 2595 
13272 863 208 929 2333 
13273 801 1579 163 683 
13274 611 1121 128 569 
13275 1394 1395 1391 2541 
13276 193 945 993 2439 
13277 1882 2602 2386 2727 
13278 1284 1266 1122 2659 
13279 1087 1336 1208 2396 
13280 1719 623 103 649 
13281 1090 1092 1091 2733 
13282 497 498 494 2491 
13283 721 719 743 2248 
13284 1282 872 202 2660 
13285 1479 1429 1480 2562 
13286 1535 1590 157 858 
13287 1610 1656 1659 2407 
13288 427 437 433 2364 
13289 1792 1343 1807 2659 
13290 1033 609 119 2603 
13291 842 15 70 525 
13292 840 765 712 2597 
13293 1073 1064 1060 2688 
13294 1579 364 1570 2579 
13295 187 852 1676 1720 
13296 1279 1078 1153 2623 
13297 1721 1664 395 1710 
13298 1793 1765 1744 2628 
13299 997 1023 237 1590 
13300 904 902 871 2586 
13301 328 299 300 1527 
13302 1523 366 1528 2454 
13303 1220 1221 1269 2381 
13304 753 758 700 2446 
13305 286 1437 1261 2517 
13306 664 744 672 2683 
13307 1539 1576 1560 2456 
13308 1528 309 1523 2454 
13309 315 344 1500 1506 
13310 1599 168 811 1543 
13311 1339 1177 1323 2550 
13312 1143 1140 1142 2421 
13313 181 709 852 2707 
13314 543 551 536 2618 
13315 1035 263 1299 2634 
13316 1201 1167 1166 2414 
13317 701 746 832 2407 
13318 1172 1173 1127 2467 
13319 727 857 795 2382 
13320 1334 30 1195 353 
13321 1722 1675 182 814 
13322 986 964 962 2640 
13323 1221 1048 1050 2435 
13324 688 695 696 2460 
13325 577 1740 652 2659 
13326 220 1787 1803 2516 
13327 1544 1570 363 2691 
13328 1399 1397 1398 2731 
13329 208 1000 1008 2333 
13330 701 91 803 552 
13331 1801 1753 1773 2704 
13332 420 421 418 2367 
13333 1794 1795 1752 2730 
13334 1081 1210 1313 2392 
13335 202 872 917 2660 
13336 481 488 480 2714 
13337 412 425 424 2481 
13338 1248 1112 1237 2535 
13339 1677 1285 1345 256 
13340 448 62 605 2591 
13341 1469 1464 1476 2369 
13342 503 463 76 846 
13343 1171 1272 1333 2521 
13344 1123 1038 1024 2677 
13345 299 1524 298 2536 
13346 132 1790 651 1808 
13347 598 590 588 2409 
13348 174 676 769 1587 
13349 469 485 506 2597 
13350 1241 1070 1077 2570 
13351 1706 1686 1723 2728 
13352 758 753 836 2676 
13353 1512 354 355 2644 
13354 304 1440 305 2573 
13355 329 301 1514 300 
13356 1026 116 1264 2684 
13357 426 428 427 2713 
13358 1491 1465 317 2557 
13359 274 1029 1360 2475 
13360 572 53 651 460 
13361 309 308 1376 2454 
13362 707 796 849 2292 
13363 1150 1148 1304 2389 
13364 627 564 631 2430 
13365 1203 1120 1096 2740 
13366 397 417 416 2489 
13367 982 978 953 2531 
13368 1210 1081 1316 2392 
13369 820 687 812 2331 
13370 1195 30 1128 353 
13371 1162 1281 1230 2527 
13372 748 810 667 2749 
13373 1615 1635 1614 2470 
13374 1651 1663 388 1708 
13375 989 829 809 2516 
13376 1520 1515 346 317 
13377 1608 1649 1658 2506 
13378 372 373 1507 2359 
13379 355 231 994 354 
13380 1187 1173 1180 2294 
13381 1167 1201 1338 2414 
13382 1782 1808 35 460 
13383 497 519 498 2491 
13384 653 97 849 592 
13385 228 1088 1003 1021 
13386 386 385 1531 2619 
13387 1613 1633 1616 2355 
13388 989 981 220 2516 
13389 1213 1046 1048 2500 
13390 814 182 1722 853 
13391 1257 246 1314 2730 
13392 1238 1106 1254 2630 
13393 1713 1688 1717 2696 
13394 863 209 208 1000 
13395 630 561 622 2618 
13396 1523 365 366 2454 
13397 989 220 1803 2516 
13398 1203 1185 1179 2596 
13399 1099 1098 1097 2720 
13400 456 401 446 2482 
13401 968 963 966 2665 
13402 1644 709 181 2707 
13403 435 443 418 2543 
13404 813 173 1533 2622 
13405 1108 1080 1215 2465 
13406 1454 1424 1464 2673 
13407 365 1523 1517 2358 
13408 1013 1009 996 2497 
13409 1261 273 286 1368 
13410 875 928 931 2392 
13411 983 967 952 2671 
13412 379 1558 1588 2677 
13413 237 1569 997 1590 
13414 1325 1063 126 2582 
13415 687 135 1789 2566 
13416 739 676 813 2622 
13417 181 852 1663 2707 
13418 1780 216 215 946 
13419 1134 1226 1132 2511 
13420 661 165 1585 1584 
13421 1176 1148 1115 2490 
13422 1595 161 798 689 
13423 443 403 440 2747 
13424 1267 1033 119 2603 
13425 1366 1400 290 289 
13426 951 989 809 2516 
13427 900 940 926 2480 
13428 989 1803 829 2516 
13429 652 1343 111 627 
13430 1593 1017 230 354 
13431 1226 1229 1062 2447 
13432 1799 1802 238 1309 
13433 960 971 970 2393 
13434 378 1513 377 2577 
13435 1485 309 1376 2454 
13436 1773 1749 1751 2472 
13437 1724 217 216 973 
13438 701 82 6 552 
13439 355 1582 1018 231 
13440 1773 1778 1727 2360 
13441 1744 1742 1793 2628 
13442 1562 1592 1541 2497 
13443 1202 226 1020 1307 
13444 1517 364 365 2358 
13445 1277 1282 1175 2417 
13446 1770 1796 1786 2332 
13447 431 434 452 2419 
13448 42 507 41 2694 
13449 1236 1290 1237 2599 
13450 23 379 1037 1130 
13451 939 899 897 2461 
13452 595 621 586 2652 
13453 318 317 1465 2557 
13454 1059 283 1382 1300 
13455 1191 1108 1215 2465 
13456 1258 1328 1223 2509 
13457 649 569 129 1345 
13458 65 471 1806 1786 
13459 37 400 38 2437 
13460 965 986 962 2640 
13461 843 78 504 665 
13462 1072 1261 272 1437 
13463 1216 1271 1301 2627 
13464 387 15 769 1587 
13465 542 539 545 2445 
13466 795 166 802 1578 
13467 274 1182 1029 2475 
13468 462 491 503 2320 
13469 1260 1124 1256 2647 
13470 1319 1024 265 1588 
13471 1344 257 1664 1289 
13472 1573 1583 1531 2458 
13473 448 404 62 2591 
13474 1185 1203 1198 2596 
13475 1730 219 218 947 
13476 787 781 785 2700 
13477 279 1212 1276 1472 
13478 458 36 1 1733 
13479 507 468 41 2694 
13480 1122 627 1343 2659 
13481 462 78 504 843 
13482 1663 1644 181 2707 
13483 1025 1278 1314 2575 
13484 1254 1208 1238 2630 
13485 1498 1503 370 2573 
13486 1726 135 768 2566 
13487 102 570 853 708 
13488 1726 1789 135 2566 
13489 625 1707 110 1722 
13490 680 679 674 2560 
13491 1593 1017 353 1021 
13492 683 848 801 2579 
13493 190 189 948 2520 
13494 1712 1695 1702 2615 
13495 1130 1323 1511 2550 
13496 1309 1275 1330 2531 
13497 858 157 1535 817 
13498 1357 1366 1361 2549 
13499 1086 1214 1115 2664 
13500 1130 1511 379 2550 
13501 1008 207 208 929 
13502 988 1027 221 952 
13503 566 636 607 2684 
13504 609 639 567 2603 
13505 97 707 849 592 
13506 265 1319 1588 1538 
13507 1575 1538 1558 2366 
13508 1243 1242 1147 2487 
13509 1623 1621 1620 2585 
13510 1178 1164 1157 2564 
13511 892 912 903 2565 
13512 706 823 747 2424 
13513 1709 623 103 1719 
13514 1647 395 1664 1710 
13515 1599 811 169 678 
13516 356 1525 1518 2452 
13517 382 1564 1554 2648 
13518 1637 1606 1647 2682 
13519 296 297 1513 2577 
13520 581 594 582 2632 
13521 909 927 921 2494 
13522 313 342 1502 1499 
13523 412 398 441 2595 
13524 794 841 689 2456 
13525 238 1270 1799 1309 
13526 1789 1769 1736 2331 
13527 672 671 664 2683 
13528 717 723 745 2678 
13529 364 1579 365 2579 
13530 1023 1015 154 715 
13531 1535 1589 1569 2449 
13532 1374 1483 299 2536 
13533 604 59 58 398 
13534 1166 1138 1165 2496 
13535 526 535 534 2513 
13536 685 725 699 2746 
13537 687 768 135 2566 
13538 829 809 140 989 
13539 331 302 303 1501 
13540 1735 215 214 977 
13541 1506 1515 316 345 
13542 624 653 96 547 
13543 2439 2705 1879 2737 
13544 1247 1135 1181 2347 
13545 800 667 810 2296 
13546 1280 1025 244 1731 
13547 487 509 481 2523 
13548 230 1017 994 354 
13549 883 898 911 2602 
13550 499 471 510 2332 
13551 1502 362 363 2512 
13552 1440 304 1473 2573 
13553 920 878 880 2479 
13554 1248 1249 1188 2653 
13555 57 56 603 440 
13556 1780 1756 1757 2718 
13557 1367 294 1212 278 
13558 574 58 57 410 
13559 368 369 1508 2529 
13560 1261 1341 1182 2517 
13561 355 2452 2644 2668 
13562 1355 293 292 2722 
13563 420 436 400 2670 
13564 1461 1373 312 2512 
13565 1741 1800 1776 2575 
13566 267 1323 1177 1427 
13567 257 1611 1664 1289 
13568 573 56 55 403 
13569 61 60 602 442 
13570 955 957 973 2725 
13571 403 435 444 2450 
13572 970 971 972 2393 
13573 355 356 2452 2668 
13574 314 1500 343 1499 
13575 292 1387 1365 2722 
13576 941 818 13 1022 
13577 1187 1180 1331 2294 
13578 556 530 92 654 
13579 1329 1168 1163 2429 
13580 1381 268 1177 1427 
13581 576 62 61 404 
13582 540 549 531 2401 
13583 330 301 302 1507 
13584 1274 1027 1294 2671 
13585 1051 1049 1209 2526 
13586 1057 1328 1258 2509 
13587 328 300 1521 1527 
13588 174 173 676 1565 
13589 1388 1387 1369 2722 
13590 1073 1060 1082 2688 
13591 1087 1217 1180 2593 
13592 1803 1787 1775 2516 
13593 290 1371 1357 291 
13594 1579 164 1585 801 
13595 1591 1319 264 1538 
13596 1291 1282 1041 2660 
13597 375 376 2536 2542 
13598 250 1343 1807 1792 
13599 652 627 577 2659 
13600 60 59 575 441 
13601 1540 384 383 2514 
13602 1514 329 300 1521 
13603 681 679 684 2748 
13604 347 1526 1520 317 
13605 861 712 765 2597 
13606 1802 990 19 1309 
13607 991 979 144 799 
13608 1381 1454 1471 2413 
13609 862 192 918 2716 
13610 520 500 486 2619 
13611 1679 1696 1682 2584 
13612 860 808 807 2528 
13613 753 767 836 2676 
13614 481 480 478 2714 
13615 130 652 577 1740 
13616 637 575 604 2595 
13617 297 1385 1469 2577 
13618 1740 1784 1792 2659 
13619 1265 1122 1266 2430 
13620 569 1121 129 1345 
13621 217 218 955 1779 
13622 726 699 725 2746 
13623 565 607 635 2510 
13624 152 151 772 932 
13625 1542 1599 169 678 
13626 576 640 605 2591 
13627 470 512 515 2726 
13628 53 572 409 460 
13629 299 1527 1524 2536 
13630 331 1507 302 1501 
13631 778 776 777 2721 
13632 1542 1574 1599 2587 
13633 522 518 81 850 
13634 286 1412 1437 2517 
13635 603 573 634 2747 
13636 193 194 868 2505 
13637 601 633 573 2450 
13638 953 213 214 1759 
13639 1698 108 107 560 
13640 668 99 100 558 
13641 989 809 140 951 
13642 1703 1675 1706 2728 
13643 1477 1072 272 1437 
13644 114 113 1042 608 
13645 1426 1382 283 1300 
13646 1256 1311 1260 2647 
13647 296 1385 297 2577 
13648 504 496 493 2739 
13649 1479 1480 1397 2562 
13650 1347 1026 1240 2578 
13651 1249 1248 1237 2535 
13652 802 661 824 2397 
13653 1080 1090 1091 2733 
13654 165 661 802 1584 
13655 1287 115 114 565 
13656 106 105 1678 557 
13657 1716 1687 1689 2687 
13658 997 1015 1023 2449 
13659 706 809 829 2516 
13660 206 207 1001 870 
13661 1314 1169 1257 2730 
13662 121 120 1268 568 
13663 529 551 543 2618 
13664 1720 1676 1708 2707 
13665 872 878 917 2660 
13666 487 73 74 677 
13667 902 937 871 2586 
13668 596 621 650 2652 
13669 475 464 501 2621 
13670 1533 1565 1597 2622 
13671 1041 202 201 917 
13672 116 117 566 1026 
13673 722 81 518 850 
13674 1542 1598 1574 2587 
13675 417 436 420 2670 
13676 1284 1250 1266 2468 
13677 264 1192 1319 1591 
13678 982 968 966 2665 
13679 119 118 1267 567 
13680 1803 829 11 989 
13681 91 803 552 549 
13682 743 768 687 2566 
13683 1005 209 210 930 
13684 1031 1197 1183 2495 
13685 1675 183 182 814 
13686 1559 1530 1550 2638 
13687 396 43 437 2538 
13688 1540 383 1586 2514 
13689 1265 113 112 564 
13690 229 1593 353 1021 
13691 1365 292 291 1387 
13692 295 1323 1427 2550 
13693 1404 1497 1405 2548 
13694 99 98 614 775 
13695 809 706 748 2516 
13696 176 177 1656 746 
13697 1263 123 122 591 
13698 488 489 483 2699 
13699 1126 1075 1107 2741 
13700 1519 1513 297 2577 
13701 35 1782 460 451 
13702 852 1720 1663 2707 
13703 1662 387 15 842 
13704 951 981 989 2516 
13705 332 304 1498 303 
13706 554 849 87 533 
13707 295 1511 1323 2550 
13708 742 738 851 2616 
13709 342 312 313 1502 
13710 617 106 107 1669 
13711 1456 1028 269 270 
13712 357 1520 1526 2557 
13713 1216 1301 1114 2627 
13714 1790 626 132 651 
13715 521 497 499 2613 
13716 1038 1037 1024 2677 
13717 1535 1569 1590 2449 
13718 1267 1337 1033 2603 
13719 362 1544 363 2691 
13720 292 293 1369 2722 
13721 1242 1259 1146 2563 
13722 1462 1421 1465 2606 
13723 1202 998 226 227 
13724 1595 798 162 1570 
13725 1527 375 1524 2536 
13726 121 122 613 1068 
13727 949 223 224 1079 
13728 1416 1411 1417 2656 
13729 391 1646 390 1699 
13730 1673 393 1606 394 
13731 1514 301 330 1507 
13732 1712 1694 1695 2615 
13733 1518 355 356 2452 
13734 1300 284 1426 1322 
13735 627 1343 111 1122 
13736 690 153 152 874 
13737 149 150 933 830 
13738 1057 124 123 606 
13739 609 119 120 1033 
13740 825 148 147 915 
13741 199 200 921 1306 
13742 448 434 404 2591 
13743 295 296 1505 2550 
13744 1570 798 162 683 
13745 1519 377 1513 2577 
13746 75 76 463 657 
13747 1792 1807 1740 2659 
13748 1128 30 1510 353 
13749 203 202 1282 872 
13750 852 16 1663 1720 
13751 992 965 961 2432 
13752 180 181 1644 709 
13753 648 1722 8 853 
13754 9 1719 649 1345 
13755 1769 1765 1770 2600 
13756 63 64 408 600 
13757 162 163 1570 683 
13758 1580 20 229 1021 
13759 1027 222 221 952 
13760 1344 1664 21 1721 
13761 232 995 1557 1582 
13762 219 220 981 1787 
13763 360 1551 361 2695 
13764 1214 1035 1299 2634 
13765 164 661 1585 801 
13766 1032 17 204 942 
13767 178 179 1643 669 
13768 146 145 819 916 
13769 1292 1044 1304 2637 
13770 1774 136 137 658 
13771 795 802 727 2382 
13772 254 255 1272 1704 
13773 509 74 75 770 
13774 1264 116 115 607 
13775 295 1427 296 2550 
13776 253 252 1702 1273 
13777 389 1651 388 1708 
13778 943 205 18 1020 
13779 1264 1349 1026 2684 
13780 702 693 694 2711 
13781 240 1298 241 1778 
13782 1503 1498 333 304 
13783 864 200 201 1297 
13784 95 94 561 529 
13785 1284 1343 1792 2659 
13786 235 1536 1009 236 
13787 1399 1398 1432 2731 
13788 1803 11 220 989 
13789 169 170 1542 678 
13790 1320 1063 1228 2582 
13791 1557 233 995 232 
13792 1520 357 358 2557 
13793 850 5 522 1806 
13794 653 849 7 554 
13795 1789 1726 1809 2566 
13796 1612 260 261 1044 
13797 240 1728 239 1067 
13798 62 63 448 605 
13799 748 724 810 2749 
13800 179 180 1608 791 
13801 1511 1323 1130 266 
13802 533 849 87 796 
13803 687 135 134 1789 
13804 715 817 858 2449 
13805 25 1323 1511 266 
13806 1130 23 379 1511 
13807 20 1580 1334 1021 
13808 1020 18 943 1307 
13809 136 135 768 1726 
13810 815 852 709 2707 
13811 204 203 1277 876 
13812 1777 248 249 1250 
13813 1590 1023 14 858 
13814 1703 184 183 797 
13815 492 490 491 2729 
13816 230 994 231 354 
13817 1016 211 212 923 
13818 90 89 662 527 
13819 1081 197 196 875 
13820 707 97 98 592 
13821 1660 1625 1649 2672 
13822 142 143 950 800 
13823 1807 1343 10 652 
13824 407 31 32 1755 
13825 34 33 1732 402 
13826 586 621 596 2652 
13827 138 139 1775 706 
13828 52 450 459 2544 
13829 80 81 518 722 
13830 1498 332 303 1501 
13831 1065 248 247 1739 
13832 818 156 13 1022 
13833 1212 27 294 1472 
13834 514 68 69 1783 
13835 381 1564 382 2648 
13836 1581 1011 233 234 
13837 26 1261 273 286 
13838 151 150 682 866 
13839 655 12 144 991 
13840 177 178 1602 792 
13841 246 1314 1794 245 
13842 27 1212 294 278 
13843 1218 282 281 1457 
13844 941 13 212 1022 
13845 1717 1670 1713 2696 
13846 881 880 879 2709 
13847 542 88 89 844 
13848 990 953 978 2531 
13849 251 252 1155 1674 
13850 272 271 1072 1477 
13851 735 720 848 2681 
13852 1018 995 232 1582 
13853 812 134 133 1736 
13854 1606 1637 1654 2682 
13855 659 168 167 1567 
13856 171 172 1566 656 
13857 1228 1063 1325 2582 
13858 148 149 865 666 
13859 79 80 465 771 
13860 924 206 205 1014 
13861 1034 281 280 1379 
13862 146 147 873 675 
13863 1239 1173 1337 2657 
13864 72 71 712 506 
13865 543 93 94 622 
13866 990 225 19 1309 
13867 17 221 988 1279 
13868 1489 1451 1379 2625 
13869 459 64 4 563 
13870 842 6 82 525 
13871 990 19 213 1802 
13872 145 12 805 944 
13873 1672 109 108 618 
13874 1322 285 1510 1128 
13875 389 390 1605 1670 
13876 229 353 1580 1021 
13877 1808 651 2 460 
13878 562 124 125 1327 
13879 867 198 199 1052 
13880 1261 26 1437 286 
13881 1182 1293 1029 2475 
13882 47 453 457 2555 
13883 155 154 1015 715 
13884 504 465 496 2739 
13885 259 1642 258 1083 
13886 1505 379 1511 2550 
13887 1706 1723 1703 2728 
13888 1645 1700 392 393 
13889 1130 1339 1323 2550 
13890 1707 110 109 625 
13891 1121 129 128 569 
13892 78 79 504 665 
13893 1285 1677 255 256 
13894 1354 275 276 1184 
13895 158 159 1568 703 
13896 276 277 1358 1031 
13897 469 72 73 861 
13898 236 1569 997 237 
13899 1365 1355 292 2722 
13900 667 142 141 974 
13901 818 13 153 941 
13902 1382 283 1059 282 
13903 25 1323 295 1511 
13904 510 66 67 1796 
13905 1600 1668 391 392 
13906 570 102 101 708 
13907 1017 1593 229 1021 
13908 1648 1661 1641 2634 
13909 238 1802 19 1309 
13910 27 1212 279 1472 
13911 292 1369 1387 2722 
13912 1188 1249 1065 2653 
13913 245 244 1025 1776 
13914 157 158 1535 817 
13915 272 1261 26 1437 
13916 185 186 855 1701 
13917 243 242 1288 1785 
13918 100 101 790 615 
13919 1734 137 138 823 
13920 601 55 54 444 
13921 497 496 499 2613 
13922 1299 1648 263 262 
13923 1603 259 260 1308 
13924 186 187 815 1676 
13925 305 1503 333 304 
13926 559 126 127 1063 
13927 471 65 66 1786 
13928 1722 182 8 853 
13929 533 87 88 796 
13930 1795 247 1257 246 
13931 388 1663 16 1720 
13932 9 1719 1345 256 
13933 1274 223 222 983 
13934 257 258 1611 1289 
13935 224 225 978 1275 
13936 701 6 91 552 
13937 623 103 104 1709 
13938 660 184 185 1667 
13939 141 140 809 951 
13940 1610 175 176 832 
13941 1276 280 279 1484 
13942 274 273 1182 1362 
13943 811 169 168 1599 
13944 67 68 467 1729 
13945 395 1647 394 1710 
13946 530 92 93 556 
13947 170 171 1561 793 
13948 1313 198 197 928 
13949 21 251 1344 1721 
13950 1664 395 21 1721 
13951 1292 1609 262 261 
13952 1030 242 241 1727 
13953 1661 22 1035 263 
13954 103 9 1719 649 
13955 250 1343 1792 1284 
13956 1510 28 285 1322 
13957 143 144 979 799 
13958 96 95 624 547 
13959 131 130 577 1740 
13960 1579 163 164 801 
13961 1088 227 228 1003 
13962 1539 159 160 794 
13963 996 234 1562 235 
13964 8 110 1722 648 
13965 118 117 1347 610 
13966 1323 267 295 1427 
13967 257 1664 21 1344 
13968 181 16 1663 852 
13969 831 155 156 1002 
13970 1782 35 34 451 
13971 25 1323 267 295 
13972 375 376 1524 2536 
13973 1671 105 104 616 
13974 172 173 1533 813 
13975 8 102 648 853 
13976 341 312 1502 1509 
13977 852 187 16 1720 
13978 310 339 1523 1517 
13979 7 97 849 653 
13980 237 1023 14 1590 
13981 230 1017 1593 229 
13982 1023 154 14 858 
13983 553 4 92 654 
13984 10 250 1343 1807 
13985 462 77 78 843 
13986 649 129 9 1345 
13987 1360 275 1029 274 
13988 829 140 11 989 
13989 125 126 612 1325 
13990 111 10 1343 652 
13991 1725 1 69 524 
13992 5 65 522 1806 
13993 1651 1644 1663 2707 
13994 1505 1511 295 2550 
13995 76 77 503 846 
13996 1319 265 264 1538 
13997 1590 14 157 858 
13998 445 32 33 1788 
13999 133 5 850 1806 
14000 829 11 139 1803 
14001 1509 1517 340 311 
14002 795 167 166 1578 
14003 626 132 131 1790 
14004 299 327 298 1524 
14005 7 96 653 554 
14006 1343 1284 1122 2659 
14007 1808 2 35 460 
14008 309 310 339 1523 
14009 28 1510 322 1322 
14010 306 335 1508 1516 
14011 572 54 53 409 
14012 627 111 112 1122 
14013 267 1177 268 1427 
14014 338 1528 308 309 
14015 318 348 1525 319 
14016 651 53 2 460 
14017 1807 10 130 652 
14018 289 288 1364 1492 
14019 243 1280 244 1731 
14020 283 284 1426 1300 
14021 1666 253 1043 254 
14022 1315 128 127 611 
14023 2 132 651 1808 
14024 71 70 833 474 
14025 340 1517 310 311 
14026 239 1270 1799 238 
14027 269 1253 1381 268 
14028 265 1024 23 1588 
14029 1519 326 298 297 
14030 1503 334 1508 305 
14031 285 30 1510 1128 
14032 15 174 769 1587 
14033 349 1518 319 320 
14034 308 337 1528 338 
14035 458 1 31 1733 
14036 522 81 5 850 
14037 294 1430 293 1367 
14038 661 165 164 1585 
14039 284 28 322 1322 
14040 322 1426 284 1322 
14041 1511 25 24 323 
14042 352 28 29 1510 
14043 341 312 1509 311 
14044 803 91 90 549 
14045 849 87 7 554 
14046 802 166 165 1584 
14047 306 1508 334 305 
14048 1380 271 1219 270 
14049 306 307 335 1516 
14050 228 20 1334 1021 
14051 943 18 196 1307 
14052 1522 307 1516 336 
14053 160 161 1576 689 
14054 1511 1130 23 266 
14055 327 299 328 1527 
14056 347 1526 318 348 
14057 1359 277 278 1183 
14058 1511 24 25 266 
14059 1510 28 29 285 
14060 1518 320 350 1512 
14061 307 1522 308 336 
14062 297 1519 325 1513 
14063 342 313 343 1499 
14064 1524 299 327 1527 
14065 232 1018 1582 231 
14066 22 1192 264 1591 
14067 15 175 1662 842 
14068 344 1500 343 314 
14069 298 326 1519 1524 
14070 1526 318 348 1525 
14071 1525 349 1518 319 
14072 226 18 1020 1307 
14073 1522 337 308 336 
14074 1506 315 344 345 
14075 249 250 1792 1284 
14076 297 325 296 1513 
14077 320 350 1512 321 
14078 346 316 1515 345 
14079 296 324 1505 1513 
14080 321 1512 1504 351 
14081 1511 295 25 323 
14082 1510 352 28 322 
14083 798 162 161 1595 
14084 1498 333 304 332 
14085 842 70 6 525 
14086 307 335 1516 336 
14087 1520 346 347 317 
14088 303 332 331 1501 
14089 1514 301 329 330 
14090 310 339 1517 340 
14091 302 330 1507 331 
14092 338 309 339 1523 
14093 1508 335 306 334 
14094 329 300 1521 328 
14095 309 338 1528 1523 
14096 349 1518 320 350 
14097 326 1519 325 297 
14098 349 1525 348 319 
14099 326 298 327 1524 
14100 308 337 1522 1528 
14101 334 1503 333 305 
14102 1580 30 20 1334 
14103 341 312 342 1502 
14104 352 1504 351 322 
14105 1505 324 295 323 
14106 295 296 324 1505 
14107 340 341 1509 311 
14108 1504 321 351 322 
14109 350 1512 321 351 
14110 324 296 325 1513 
14111 1510 1504 352 322 
14112 1511 1505 295 323 
14113 1927 1054 2048 1231 
14114 1927 2048 1054 2345 
14115 445 2214 422 407 
14116 422 2214 445 2078 
14117 1995 2749 969 2296 
14118 1995 969 2749 2516 
14119 951 969 2749 2296 
14120 951 2749 969 2516 
14121 2541 1834 2023 1933 
14122 2541 2023 1834 2182 
14123 2173 1959 2491 515 
14124 2491 1959 2173 2122 
14125 2491 494 2173 515 
14126 2173 494 2491 2122 
14127 2048 2019 1053 2166 
14128 1053 2019 2048 2679 
14129 2583 2288 2680 2015 
14130 2583 2680 2288 2057 
14131 1873 2680 2288 2015 
14132 1873 2288 2680 2057 
14133 2100 2411 2581 1831 
14134 2581 2411 2100 1979 
14135 2356 1170 1151 1227 
14136 2356 1151 1170 2193 
14137 2226 1380 2160 1495 
14138 2226 2160 1380 1219 
14139 2221 947 2053 956 
14140 2221 2053 947 1995 
14141 2287 2329 2011 1853 
14142 2011 2329 2287 2174 
14143 1414 2625 1413 1451 
14144 1413 2625 1414 2416 
14145 2123 1244 1352 1964 
14146 2123 1352 1244 1243 
14147 2629 1914 1843 2493 
14148 2629 1843 1914 2075 
14149 2734 2433 2128 1828 
14150 2734 2128 2433 1937 
14151 1324 2476 1273 1174 
14152 1273 2476 1324 2118 
14153 2213 2728 2102 1706 
14154 2213 2102 2728 1928 
14155 1705 2102 2728 1706 
14156 1705 2728 2102 1928 
14157 2318 2085 2620 2022 
14158 2318 2620 2085 2235 
14159 2236 1490 1901 2182 
14160 2236 1901 1490 1441 
14161 2047 1539 703 1594 
14162 2047 703 1539 794 
14163 729 2211 827 804 
14164 827 2211 729 1985 
14165 2160 2656 1428 1444 
14166 1428 2656 2160 1918 
14167 2653 2078 1250 1065 
14168 1739 2078 1250 2468 
14169 1739 1250 2078 1065 
14170 2698 1898 1983 2162 
14171 2698 1983 1898 2306 
14172 2295 2403 2044 1862 
14173 2044 2403 2295 2104 
14174 2604 1933 2171 2125 
14175 2604 2171 1933 2058 
14176 2120 2484 2098 1858 
14177 2098 2484 2120 1961 
14178 2695 1552 1594 2047 
14179 2695 1594 1552 1551 
14180 2648 1961 1564 2105 
14181 2648 1564 1961 2366 
14182 1415 2473 2606 1455 
14183 2606 2473 1415 1938 
14184 2623 1154 2064 1908 
14185 2623 2064 1154 1153 
14186 2199 477 2431 2033 
14187 2199 2431 477 461 
14188 2733 2417 1277 1090 
14189 1277 2417 2733 2059 
14190 1277 1032 2733 1090 
14191 2733 1032 1277 2059 
14192 2482 51 2544 401 
14193 2482 2544 51 1925 
14194 2605 1476 1423 2186 
14195 2605 1423 1476 1460 
14196 2306 2225 2698 1840 
14197 2306 2698 2225 1898 
14198 2162 2698 2225 1840 
14199 2162 2225 2698 1898 
14200 2607 1968 2300 2129 
14201 2607 2300 1968 2205 
14202 2656 1410 2605 1993 
14203 2656 2605 1410 1411 
14204 2164 670 752 686 
14205 2164 752 670 1987 
14206 2383 2232 2039 2361 
14207 2383 2039 2232 1828 
14208 2584 1690 2420 1682 
14209 2584 2420 1690 1932 
14210 1691 2420 1690 1682 
14211 1691 1690 2420 1932 
14212 2677 1040 1205 1038 
14213 2677 1205 1040 1961 
14214 2606 2416 1415 1421 
14215 2606 1415 2416 1938 
14216 2654 1231 1054 1927 
14217 2654 1054 1231 1056 
14218 2185 36 1725 524 
14219 2185 1725 36 2035 
14220 432 2315 2555 453 
14221 2685 373 2359 2453 
14222 2685 2359 373 372 
14223 1732 2468 1781 1784 
14224 1781 2468 1732 2078 
14225 2355 2440 1632 2114 
14226 1632 2440 2355 2156 
14227 2171 2427 2592 1845 
14228 2592 2427 2171 2058 
14229 2458 2619 1571 1531 
14230 1571 2619 2458 1937 
14231 1071 2593 1085 1087 
14232 1085 2593 1071 2052 
14233 2524 810 757 714 
14234 2524 757 810 2296 
14235 2309 2431 2404 1860 
14236 2404 2431 2309 1929 
14237 2625 1199 1350 1302 
14238 2625 1350 1199 2145 
14239 2705 1819 2140 2013 
14240 2705 2140 1819 2138 
14241 2431 2404 2267 1929 
14242 2431 2267 2404 2033 
14243 2572 2710 1822 2249 
14244 1822 2710 2572 1952 
14245 2545 1912 2020 2268 
14246 2545 2020 1912 2097 
14247 2650 2237 2279 2009 
14248 2650 2279 2237 1845 
14249 1944 405 2443 42 
14250 1944 2443 405 2477 
14251 41 2443 405 42 
14252 41 405 2443 2477 
14253 834 2090 2449 774 
14254 2449 2090 834 2047 
14255 2558 1889 2270 2050 
14256 2558 2270 1889 2326 
14257 2384 1163 2509 1223 
14258 2384 2509 1163 1925 
14259 2685 373 2373 372 
14260 2685 2373 373 1913 
14261 2641 2415 1824 2037 
14262 2641 1824 2415 2340 
14263 1917 1641 1634 1604 
14264 1917 1634 1641 2634 
14265 2483 1842 1932 2012 
14266 2483 1932 1842 2423 
14267 2573 1494 1974 2144 
14268 2573 1974 1494 1440 
14269 1439 1974 1494 2144 
14270 1439 1494 1974 1440 
14271 2744 1914 1998 2282 
14272 2744 1998 1914 2310 
14273 1958 316 1506 1515 
14274 1958 1506 316 1378 
14275 1603 2363 1614 1642 
14276 1614 2363 1603 2026 
14277 2516 1730 1797 1995 
14278 2516 1797 1730 1787 
14279 1921 2704 1911 2004 
14280 1911 2704 1921 2472 
14281 2545 2020 2385 2119 
14282 2545 2385 2020 2097 
14283 2140 2572 2402 1952 
14284 2402 2572 2140 1994 
14285 2516 947 969 981 
14286 2516 969 947 1995 
14287 2032 303 2573 1473 
14288 2032 2573 303 1501 
14289 919 2551 1919 938 
14290 1919 2551 919 2162 
14291 2496 1316 2414 1906 
14292 2496 2414 1316 1166 
14293 2315 2469 2555 2052 
14294 2555 2469 2315 432 
14295 2525 371 2231 370 
14296 2525 2231 371 1975 
14297 2492 2740 2133 1095 
14298 2133 2740 2492 1904 
14299 2272 645 2207 646 
14300 2272 2207 645 1956 
14301 2540 1869 1948 2186 
14302 2540 1948 1869 2304 
14303 2400 1296 2226 1186 
14304 2400 2226 1296 2160 
14305 2266 682 807 2018 
14306 2266 807 682 772 
14307 2644 1386 1894 2452 
14308 2644 1894 1386 2316 
14309 2578 567 638 2056 
14310 2578 638 567 610 
14311 2523 2597 484 487 
14312 484 2597 2523 2025 
14313 2508 1105 1076 1089 
14314 2508 1076 1105 1954 
14315 424 2713 426 427 
14316 426 2713 424 2290 
14317 2414 1211 1138 2089 
14318 2414 1138 1211 1167 
14319 2470 1613 2355 2026 
14320 2470 2355 1613 1615 
14321 2185 1738 2463 1742 
14322 2185 2463 1738 2035 
14323 2667 2428 2513 1986 
14324 2667 2513 2428 1965 
14325 2363 1611 1637 1642 
14326 2363 1637 1611 2118 
14327 1413 2625 1453 1451 
14328 1453 2625 1413 2145 
14329 2733 2507 1090 1092 
14330 2733 1090 2507 1973 
14331 1175 1090 2507 1092 
14332 1175 2507 1090 1973 
14333 2251 1438 1435 1436 
14334 2251 1435 1438 2086 
14335 2682 1714 1700 1673 
14336 2682 1700 1714 2011 
14337 2163 2453 2503 374 
14338 2163 2503 2453 1934 
14339 375 2503 2453 374 
14340 375 2453 2503 1934 
14341 2042 1992 1853 2190 
14342 1853 1992 2042 2518 
14343 2359 1383 301 1466 
14344 2359 301 1383 2311 
14345 2396 1172 1180 1336 
14346 2396 1180 1172 1955 
14347 2620 2133 2507 1839 
14348 2620 2507 2133 2318 
14349 2555 406 432 453 
14350 2555 432 406 2469 
14351 2287 1691 1932 1690 
14352 2287 1932 1691 2174 
14353 2443 2694 42 41 
14354 42 2694 2443 2141 
14355 1052 928 198 1313 
14356 198 928 1052 867 
14357 2333 1006 2275 1000 
14358 2333 2275 1006 2072 
14359 2501 1880 2107 2002 
14360 2501 2107 1880 2336 
14361 2555 48 3 1917 
14362 2555 3 48 457 
14363 2285 2483 2652 2012 
14364 2652 2483 2285 1939 
14365 2509 1163 2429 1328 
14366 2509 2429 1163 1925 
14367 2467 1238 1107 1172 
14368 2467 1107 1238 2062 
14369 2682 1635 2011 2470 
14370 2682 2011 1635 1654 
14371 2647 1255 1124 1256 
14372 2647 1124 1255 2235 
14373 541 2254 538 550 
14374 538 2254 541 2046 
14375 2679 2466 2291 2019 
14376 2679 2291 2466 1970 
14377 1848 2291 2466 2019 
14378 1848 2466 2291 1970 
14379 2654 1054 1055 2345 
14380 2654 1055 1054 1056 
14381 2677 1039 2484 1038 
14382 2677 2484 1039 2098 
14383 847 2700 2728 2146 
14384 847 2728 2700 2330 
14385 1928 2728 2700 2146 
14386 1928 2700 2728 2330 
14387 2543 2367 2670 418 
14388 2670 2367 2543 1978 
14389 2670 417 2543 418 
14390 2543 417 2670 1978 
14391 2078 1805 1755 1781 
14392 2078 1755 1805 2214 
14393 2591 2603 2317 1926 
14394 2317 2603 2591 640 
14395 2496 1311 1210 2073 
14396 2496 1210 1311 1165 
14397 2614 2501 2365 1835 
14398 2614 2365 2501 2202 
14399 2672 2707 2696 2043 
14400 2696 2707 2672 1651 
14401 2694 508 468 2399 
14402 2694 468 508 507 
14403 2591 2603 2522 639 
14404 2522 2603 2591 1926 
14405 2507 1291 2318 2022 
14406 2507 2318 1291 1222 
14407 1101 2647 1124 1260 
14408 1124 2647 1101 2235 
14409 713 2678 2743 717 
14410 2743 2678 713 2553 
14411 1781 2468 1739 1777 
14412 1739 2468 1781 2078 
14413 2713 439 430 428 
14414 2713 430 439 2257 
14415 1308 1642 2363 1603 
14416 1308 2363 1642 1083 
14417 2596 1197 2289 1198 
14418 2596 2289 1197 2495 
14419 2416 2692 2534 1938 
14420 2534 2692 2416 2023 
14421 2259 206 1014 1001 
14422 2259 1014 206 924 
14423 2273 2670 2717 1963 
14424 2717 2670 2273 1950 
14425 2224 1088 1201 2223 
14426 2224 1201 1088 1202 
14427 2607 1870 2649 2205 
14428 2649 1870 2607 2079 
14429 2649 2300 2607 2205 
14430 2607 2300 2649 2079 
14431 1755 445 32 407 
14432 32 445 1755 1788 
14433 2367 455 1989 2078 
14434 2367 1989 455 421 
14435 449 1989 455 2078 
14436 449 455 1989 421 
14437 2605 1411 1423 1450 
14438 2605 1423 1411 2186 
14439 2581 2627 2492 1862 
14440 2492 2627 2581 2100 
14441 1960 2131 1880 2611 
14442 1880 2131 1960 2712 
14443 2671 1279 1340 2084 
14444 2671 1340 1279 1027 
14445 2578 1162 1281 1240 
14446 2578 1281 1162 2527 
14447 2713 430 429 428 
14448 2713 429 430 1955 
14449 1002 818 156 831 
14450 1002 156 818 1022 
14451 2294 2290 2419 1926 
14452 2294 2419 2290 1955 
14453 2650 2554 2007 2009 
14454 2650 2007 2554 1888 
14455 2627 2643 2581 1979 
14456 2581 2643 2627 1862 
14457 2527 2684 2578 1281 
14458 2578 2684 2527 1940 
14459 2041 2651 2726 1959 
14460 2726 2651 2041 2589 
14461 2511 2273 1103 1132 
14462 1103 2273 2511 2124 
14463 1103 1241 2511 1132 
14464 2511 1241 1103 2124 
14465 2229 647 620 589 
14466 2229 620 647 2102 
14467 2552 2626 2177 1998 
14468 2177 2626 2552 2016 
14469 2485 48 49 2220 
14470 2485 49 48 532 
14471 2685 1534 1909 371 
14472 2685 1909 1534 2373 
14473 2587 1909 1534 371 
14474 2587 1534 1909 2373 
14475 944 819 2109 805 
14476 944 2109 819 916 
14477 2597 741 677 2025 
14478 2597 677 741 765 
14479 2514 1572 2105 1586 
14480 2514 2105 1572 2376 
14481 2520 975 948 190 
14482 2520 948 975 2063 
14483 2740 1157 1179 1120 
14484 2740 1179 1157 2091 
14485 2678 2681 720 723 
14486 720 2681 2678 2103 
14487 1699 2696 1716 1976 
14488 1699 1716 2696 1717 
14489 2687 1716 2696 1976 
14490 2687 2696 1716 1717 
14491 2672 2707 2506 1649 
14492 2506 2707 2672 2043 
14493 1474 2517 1487 1412 
14494 1487 2517 1474 2226 
14495 2665 977 1964 982 
14496 2665 1964 977 2130 
14497 2531 1964 977 982 
14498 2531 977 1964 2130 
14499 2743 720 717 2103 
14500 2743 717 720 716 
14501 548 2513 536 526 
14502 536 2513 548 2212 
14503 2731 1479 1960 1399 
14504 2731 1960 1479 2562 
14505 1452 1960 1479 1399 
14506 1452 1479 1960 2562 
14507 2551 2698 189 2162 
14508 189 2698 2551 2059 
14509 1967 2368 2393 2221 
14510 1967 2393 2368 958 
14511 960 2393 2368 2221 
14512 960 2368 2393 958 
14513 2667 2323 2042 2352 
14514 2042 2323 2667 1816 
14515 2042 2423 2667 2352 
14516 2667 2423 2042 1816 
14517 2679 1062 1053 1225 
14518 2679 1053 1062 2048 
14519 2564 1186 2226 1178 
14520 2564 2226 1186 2400 
14521 2447 2610 1927 1863 
14522 1927 2610 2447 2048 
14523 2556 2328 2108 1905 
14524 2556 2108 2328 2208 
14525 2027 1098 2740 1203 
14526 2027 2740 1098 2720 
14527 1096 2740 1098 1203 
14528 1096 1098 2740 2720 
14529 1911 2004 2183 2675 
14530 1911 2183 2004 2704 
14531 2500 1221 2278 2435 
14532 2500 2278 1221 1213 
14533 1325 562 2153 612 
14534 1325 2153 562 1327 
14535 2451 1459 1401 1492 
14536 2451 1401 1459 2209 
14537 2620 2479 2556 2022 
14538 2620 2556 2479 1905 
14539 1948 1892 2605 2311 
14540 1948 2605 1892 2540 
14541 2635 2415 2455 1867 
14542 2635 2455 2415 2037 
14543 1031 1354 276 1184 
14544 1031 276 1354 1358 
14545 2616 807 860 851 
14546 2616 860 807 2528 
14547 2528 794 841 808 
14548 2528 841 794 2456 
14549 2517 1477 1487 1437 
14550 2517 1487 1477 2226 
14551 287 2517 286 1368 
14552 286 2517 287 1412 
14553 1667 2728 797 1703 
14554 797 2728 1667 2146 
14555 901 2565 891 892 
14556 891 2565 901 2283 
14557 1595 689 2456 1576 
14558 2456 689 1595 798 
14559 2618 537 536 2338 
14560 2618 536 537 551 
14561 2123 2665 2569 2071 
14562 2123 2569 2665 966 
14563 964 2569 2665 2071 
14564 964 2665 2569 966 
14565 2736 1233 1235 2127 
14566 2736 1235 1233 1234 
14567 2640 2617 2281 2063 
14568 2640 2281 2617 1872 
14569 533 2445 796 542 
14570 796 2445 533 2292 
14571 2660 1175 2022 1291 
14572 2660 2022 1175 2417 
14573 2660 920 878 917 
14574 2660 878 920 2479 
14575 2493 2598 1952 2077 
14576 1952 2598 2493 2017 
14577 1347 567 2578 1267 
14578 2578 567 1347 610 
14579 86 1652 1630 1601 
14580 1630 1652 86 3 
14581 547 653 2292 624 
14582 547 2292 653 554 
14583 1704 1043 2521 1272 
14584 1704 2521 1043 1666 
14585 2631 2649 2219 1969 
14586 2219 2649 2631 1896 
14587 978 1079 2531 949 
14588 2531 1079 978 1275 
14589 2427 2562 2712 1960 
14590 2712 2562 2427 1901 
14591 2704 1760 1761 1753 
14592 2704 1761 1760 2183 
14593 2481 2578 2527 1940 
14594 2527 2578 2481 2056 
14595 2618 556 597 2212 
14596 2618 597 556 622 
14597 487 861 2597 469 
14598 2597 861 487 677 
14599 2659 626 631 577 
14600 2659 631 626 2150 
14601 2534 2692 1846 1938 
14602 1846 2692 2534 2125 
14603 1846 2264 2534 1938 
14604 2534 2264 1846 2125 
14605 2614 2411 1817 2540 
14606 2614 1817 2411 2202 
14607 1788 402 2078 1732 
14608 2078 402 1788 445 
14609 2505 2735 2716 2110 
14610 2716 2735 2505 2040 
14611 298 2577 297 1469 
14612 297 2577 298 1519 
14613 883 2727 911 884 
14614 911 2727 883 2602 
14615 2504 2711 2321 2031 
14616 2321 2711 2504 2038 
14617 42 2689 2538 43 
14618 2538 2689 42 2443 
14619 1677 1345 2096 1719 
14620 2096 1345 1677 1285 
14621 2673 1476 1464 2369 
14622 2673 1464 1476 1424 
14623 850 1736 133 1806 
14624 133 1736 850 812 
14625 1731 1288 2486 1785 
14626 1731 2486 1288 1280 
14627 384 523 517 472 
14628 517 523 384 383 
14629 1708 1663 2707 1651 
14630 1708 2707 1663 1720 
14631 1851 2676 2498 2083 
14632 1851 2498 2676 2231 
14633 1909 2498 2676 2083 
14634 1909 2676 2498 2231 
14635 2535 2078 1249 2653 
14636 2535 1249 2078 2468 
14637 1250 1249 2078 2653 
14638 1250 2078 1249 2468 
$EndElements
