$MeshFormat
4.1 0 8
$EndMeshFormat
$PhysicalNames
6
2 2 "LF"
2 3 "SideInterface"
2 4 "Topinterface"
2 5 "Frontinterface"
2 6 "SidePort_boundary"
3 1 "SidePort"
$EndPhysicalNames
$Entities
38 57 24 1
1 225.54902597136 0 14.279708212314 0 
2 225.54902597136 0 -58.2797082123139 0 
3 202 0 -133 0 
4 202 0 89.0000000000001 0 
5 202 0 -138 0 
6 202 0 94.0000000000001 0 
7 197 -7.10295143505464e-15 -138 0 
8 197 2.13088543051639e-14 94.0000000000001 0 
9 197 0 -159 0 
10 306 0 -159 0 
11 306 0 115 0 
12 197 0 115 0 
13 247 5.67172578257231e-15 68.5 0 
14 287 0 68.5 0 
15 297 0 41.0252258054538 0 
16 297 0 -85.0252258054538 0 
17 287 0 -112.5 0 
18 247 -1.4423310963143e-14 -112.5 0 
19 298 133.5 -148 0 
20 298 133.5 -18 0 
21 298 145.5 -148 0 
22 298 145.5 -18 0 
23 258 133.5 -18 0 
24 258 145.5 -18 0 
25 258 133.5 -148 0 
26 258 145.5 -148 0 
27 306 125.5 -148 0 
28 306 85.4999999999999 -148 0 
29 318 125.5 -148 0 
30 318 85.4999999999999 -148 0 
31 306 85.4999999999999 -18 0 
32 318 85.4999999999999 -18 0 
33 306 125.5 -18 0 
34 318 125.5 -18 0 
35 306 133.5 115 0 
36 306 133.5 -159 0 
37 197 133.5 115 0 
38 197 133.5 -159 0 
1 212.8610670656945 -0.03628273983116063 -58.31599095214506 225.5853087111912 0.03628273983116063 14.31599095214516 0 2 1 -2 
2 225.5127432315288 -0.03628273983116159 -58.31599095214506 225.5853087111912 36.31599095214506 14.31599095214516 0 2 2 -1 
3 201.8889998999 -0.1110001001000001 -133.1110001001 202.1110001001 111.1110001001 89.11100010010011 0 2 3 -4 
4 201.8835677963167 -0.1164322036833234 14.16327600863067 225.6654581750433 0.1164322036833234 89.11643220368342 0 2 4 -1 
5 201.8830831254852 -0.1169168745148056 -133.1169168745148 225.6659428458748 0.1169168745147921 -58.16279133779911 0 2 2 -3 
6 201.8839998999 -0.1160001001000026 -138.1160001001 202.1160001001 116.1160001001 94.11600010010011 0 2 5 -6 
7 196.9999999 -1e-07 -138.0000001 202.0000001 1e-07 -137.9999999 0 2 5 -7 
8 196.9999999 -1.000000366957465e-07 -138.0000001 197.0000001 116.0000001 94.00000009999999 0 2 7 -8 
9 196.9999999 -1e-07 93.99999990000011 202.0000001 1e-07 94.00000010000009 0 2 8 -6 
10 201.9899998996 -0.01000010039999998 88.98999989960009 202.0100001004 0.01000010039999998 94.01000010040011 0 2 6 -4 
11 201.9899998996 -0.01000010039999998 -138.0100001004 202.0100001004 0.01000010039999998 -132.9899998996 0 2 3 -5 
12 196.9999999 -1e-07 -159.0000001 197.0000001 1e-07 -137.9999999 0 2 7 -9 
13 196.9999999 -1e-07 -159.0000001 306.0000001 1e-07 -158.9999999 0 2 10 -9 
14 305.9999999 -1e-07 -159.0000001 306.0000001 1e-07 115.0000001 0 2 11 -10 
15 196.9332498999 -0.0667501001 114.9332498999 306.0667501001 0.0667501001 115.0667501001 0 2 12 -11 
16 196.9999999 -1e-07 93.99999990000011 197.0000001 1e-07 115.0000001 0 2 12 -8 
17 246.9999999 -1e-07 68.49999990000001 287.0000001 1e-07 68.50000009999999 0 2 13 -14 
18 286.9999999 -1e-07 41.0252257054538 297.0000001 1e-07 68.50000009999999 0 2 15 -14 
19 296.9999999 -1e-07 -85.02522590545379 297.0000001 1e-07 41.02522590545379 0 2 15 -16 
20 286.9999999 -1e-07 -112.5000001 297.0000001 1e-07 -85.02522570545381 0 2 17 -16 
21 246.9999999 -1e-07 -112.5000001 287.0000001 1e-07 -112.4999999 0 2 17 -18 
22 246.9999999 -1e-07 -112.5000001 247.0000001 1e-07 68.50000009999999 0 2 18 -13 
23 286.9999999 -1.000000224848918e-07 -112.5000001 287.0000001 90.50000009999998 68.50000009999999 0 2 14 -17 
24 296.9999999 -1.000000189321781e-07 -85.02522590545379 297.0000001 63.02522590545379 41.02522590545379 0 2 16 -15 
25 246.9999999 -9.999999406318238e-08 -112.5000001 247.0000001 90.50000009999998 68.50000009999999 0 2 13 -18 
26 297.9999999 133.4999999 -148.0000001 298.0000001 133.5000001 -17.99999990000001 0 2 19 -20 
27 297.9999999 133.4999999 -148.0000001 298.0000001 145.5000001 -147.9999999 0 2 19 -21 
28 297.9349998999 145.4349998999 -148.0650001001 298.0650001001 145.5650001001 -17.93499989989999 0 2 22 -21 
29 297.9999999 133.4999999 -18.0000001 298.0000001 145.5000001 -17.9999999 0 2 20 -22 
30 257.9999999 133.4999999 -18.0000001 298.0000001 133.5000001 -17.9999999 0 2 20 -23 
31 257.9349998999 145.4349998999 -18.0650001001 298.0650001001 145.5650001001 -17.9349998999 0 2 24 -22 
32 257.9999999 133.4999999 -18.0000001 258.0000001 145.5000001 -17.9999999 0 2 23 -24 
33 257.9999999 133.4999999 -148.0000001 258.0000001 133.5000001 -17.99999990000001 0 2 23 -25 
34 257.9349998999 145.4349998999 -148.0650001001 258.0650001001 145.5650001001 -17.93499989989999 0 2 26 -24 
35 257.9999999 133.4999999 -148.0000001 258.0000001 145.5000001 -147.9999999 0 2 25 -26 
36 257.9999999 133.4999999 -148.0000001 298.0000001 133.5000001 -147.9999999 0 2 25 -19 
37 257.9349998999 145.4349998999 -148.0650001001 298.0650001001 145.5650001001 -147.9349998999 0 2 21 -26 
38 305.9999999 85.49999989999991 -148.0000001 306.0000001 125.5000001 -147.9999999 0 2 27 -28 
39 305.9999999 125.4999999 -148.0000001 318.0000001 125.5000001 -147.9999999 0 2 27 -29 
40 317.9349998999 85.43499989989991 -148.0650001001 318.0650001001 125.5650001001 -147.9349998999 0 2 30 -29 
41 305.9999999 85.49999989999991 -148.0000001 318.0000001 85.50000009999989 -147.9999999 0 2 28 -30 
42 305.9999999 85.49999989999991 -148.0000001 306.0000001 85.50000009999989 -17.99999990000001 0 2 28 -31 
43 317.9349998999 85.43499989989991 -148.0650001001 318.0650001001 85.56500010009989 -17.93499989989999 0 2 32 -30 
44 305.9999999 85.49999989999991 -18.0000001 318.0000001 85.50000009999989 -17.9999999 0 2 31 -32 
45 305.9999999 85.49999989999991 -18.00000010000001 306.0000001 125.5000001 -17.9999999 0 2 31 -33 
46 317.9349998999 85.43499989989991 -18.0650001001 318.0650001001 125.5650001001 -17.9349998999 0 2 34 -32 
47 305.9999999 125.4999999 -18.0000001 318.0000001 125.5000001 -17.9999999 0 2 33 -34 
48 305.9999999 125.4999999 -148.0000001 306.0000001 125.5000001 -17.99999990000001 0 2 33 -27 
49 317.9349998999 125.4349998999 -148.0650001001 318.0650001001 125.5650001001 -17.93499989989999 0 2 29 -34 
50 305.9332498999 -0.06675010009999482 114.9332498999 306.0667501001 133.5667501001 115.0667501001 0 2 35 -11 
51 305.9999999 -9.999999406318238e-08 -159.0000001 306.0000001000001 133.5000001 -158.9999999 0 2 36 -10 
52 305.9999999 133.4999999 -159.0000001 306.0000001 133.5000001 115.0000001 0 2 35 -36 
53 196.9332498999 133.4332498999 114.9332498999 306.0667501001 133.5667501001 115.0667501001 0 2 37 -35 
54 196.9999999 133.4999999 -159.0000001 306.0000001 133.5000001 -158.9999999 0 2 38 -36 
55 196.9999999 133.4999999 -159.0000001 197.0000001 133.5000001 115.0000001 0 2 37 -38 
56 196.9332498999 -0.06675010009999482 114.9332498999 197.0667501001 133.5667501001 115.0667501001 0 2 12 -37 
57 196.9999999 -9.999999406318238e-08 -159.0000001 197.0000001 133.5000001 -158.9999999 0 2 9 -38 
1 212.8657977884618 -0.03155201706382726 -58.31126022937773 225.5805779884238 36.31126022937773 14.31126022937783 1 2 2 -1 -2 
2 201.8304535994415 -0.1695464005585592 -133.1695464005585 225.7185723719186 111.1695464005585 89.16954640055866 1 2 4 3 4 -2 5 
3 196.9999999 -1.000000153794645e-07 -138.0000001 202.0000001 116.0000001 94.00000009999999 1 6 4 -6 7 8 9 
4 201.9999998999999 -1.00000065117456e-07 -138.0000001000001 202.0000001000001 116.0000001000001 94.00000010000016 1 2 4 -3 11 6 10 
5 196.9940831255852 -0.005916874414805648 -159.0059168744148 306.0059168744148 0.005916874414792055 115.0059168744148 1 6 18 9 10 4 1 5 11 7 12 -13 -14 -15 16 17 -18 19 -20 21 22 
6 286.9999999 -1.000000224848918e-07 -112.5000001 297.0000001 90.50000009999998 68.50000009999999 1 6 4 -23 -18 -24 -20 
7 296.9999999 -1.000000189321781e-07 -85.02522590545379 297.0000001 63.02522590545379 41.02522590545379 1 6 2 -24 -19 
8 246.9999999 -1.000000366957465e-07 -112.5000001 287.0000001 90.50000009999998 68.50000009999999 1 6 4 21 -25 17 23 
9 246.9999999 -1.000000011686097e-07 -112.5000001 247.0000001 90.50000009999998 68.50000009999999 1 6 2 25 22 
10 297.9999999 133.4999999 -148.0000001 298.0000001 145.5000001 -17.99999990000001 1 6 4 -26 27 -28 -29 
11 257.9999999 133.4999999 -18.0000001 298.0000001 145.5000001 -17.9999999 1 6 4 -30 29 -31 -32 
12 257.9999999 133.4999999 -148.0000001 258.0000001 145.5000001 -17.99999990000001 1 6 4 -33 32 -34 -35 
13 257.9999999 133.4999999 -148.0000001 298.0000001 145.5000001 -147.9999999 1 6 4 -36 35 -37 -27 
14 257.9999999 145.4999999 -148.0000001 298.0000001 145.5000001 -17.99999989999999 1 4 4 37 34 31 28 
15 305.9999999 85.49999989999991 -148.0000001 318.0000001 125.5000001 -147.9999999 1 6 4 -38 39 -40 -41 
16 305.9999999 85.49999989999991 -148.0000001 318.0000001 85.50000009999989 -17.99999990000001 1 6 4 -42 41 -43 -44 
17 305.9999999 85.49999989999991 -18.00000010000001 318.0000001 125.5000001 -17.99999989999999 1 6 4 -45 44 -46 -47 
18 305.9999999 125.4999999 -148.0000001 318.0000001 125.5000001 -17.99999990000001 1 6 4 -48 47 -49 -39 
19 317.9999999 85.49999989999988 -148.0000001 318.0000001 125.5000001 -17.99999989999998 1 3 4 49 46 43 40 
20 305.9999999 -9.999999406318238e-08 -159.0000001 306.0000001000001 133.5000001 115.0000001 1 6 8 50 14 -51 -52 38 42 45 48 
21 196.9999999 133.4999999 -159.0000001 306.0000001 133.5000001 115.0000001 1 6 8 53 52 -54 -55 26 30 33 36 
22 196.9999999 -1.000000366957465e-07 -159.0000001 197.0000001 133.5000001 115.0000001 1 6 6 8 -16 56 55 -57 -12 
23 196.9999999 -1.000000224848918e-07 114.9999999 306.0000001 133.5000001 115.0000001 1 5 4 -56 15 -50 -53 
24 196.9999999 -9.999999406318238e-08 -159.0000001 306.0000001000001 133.5000001 -158.9999999 1 6 4 57 54 51 13 
1 196.8304535994415 -0.1695464005585876 -159.1695464005585 318.1695464005585 145.6695464005586 115.1695464005585 1 1 24 1 -2 -3 -4 5 -6 7 -8 -9 10 11 12 13 14 15 16 17 18 19 20 21 22 23 24 
$EndEntities
$Nodes
108 2706 1 2706
0 1 0 1
1
225.54902597136 0 14.279708212314
0 2 0 1
2
225.54902597136 0 -58.2797082123139
0 3 0 1
3
202 0 -133
0 4 0 1
4
202 0 89.0000000000001
0 5 0 1
5
202 0 -138
0 6 0 1
6
202 0 94.0000000000001
0 7 0 1
7
197 -7.10295143505464e-15 -138
0 8 0 1
8
197 2.13088543051639e-14 94.0000000000001
0 9 0 1
9
197 0 -159
0 10 0 1
10
306 0 -159
0 11 0 1
11
306 0 115
0 12 0 1
12
197 0 115
0 13 0 1
13
247 5.67172578257231e-15 68.5
0 14 0 1
14
287 0 68.5
0 15 0 1
15
297 0 41.0252258054538
0 16 0 1
16
297 0 -85.0252258054538
0 17 0 1
17
287 0 -112.5
0 18 0 1
18
247 -1.4423310963143e-14 -112.5
0 19 0 1
19
298 133.5 -148
0 20 0 1
20
298 133.5 -18
0 21 0 1
21
298 145.5 -148
0 22 0 1
22
298 145.5 -18
0 23 0 1
23
258 133.5 -18
0 24 0 1
24
258 145.5 -18
0 25 0 1
25
258 133.5 -148
0 26 0 1
26
258 145.5 -148
0 27 0 1
27
306 125.5 -148
0 28 0 1
28
306 85.4999999999999 -148
0 29 0 1
29
318 125.5 -148
0 30 0 1
30
318 85.4999999999999 -148
0 31 0 1
31
306 85.4999999999999 -18
0 32 0 1
32
318 85.4999999999999 -18
0 33 0 1
33
306 125.5 -18
0 34 0 1
34
318 125.5 -18
0 35 0 1
35
306 133.5 115
0 36 0 1
36
306 133.5 -159
0 37 0 1
37
197 133.5 115
0 38 0 1
38
197 133.5 -159
1 1 0 6
39
40
41
42
43
44
219.4643819772929 0 4.910422189075486
215.2793151697412 0 -5.447745068510088
213.1476148130053 0 -16.41416046775889
213.1476148130053 0 -27.58583953224104
215.2793151697412 0 -38.55225493148984
219.4643819772929 0 -48.91042218907542
1 2 0 9
45
46
47
48
49
50
51
52
53
225.54902597136 11.21104638856932 -56.50405290460794
225.54902597136 21.3246774446722 -51.35090049472632
225.54902597136 29.35090049472626 -43.32467744467228
225.54902597136 34.50405290460791 -33.2110463885694
225.54902597136 36.2797082123139 -22.00000000000007
225.54902597136 34.50405290460795 -10.78895361143072
225.54902597136 29.35090049472631 -0.6753225553277922
225.54902597136 21.32467744467226 7.350900494726268
225.54902597136 11.21104638856936 12.50405290460792
1 3 0 29
54
55
56
57
58
59
60
61
62
63
64
65
66
67
68
69
70
71
72
73
74
75
76
77
78
79
80
81
82
202 11.60265942270953 -132.3919303858783
202 23.07819768077128 -130.5743836814524
202 34.30088637561914 -127.5672733087621
202 45.14776738141379 -123.4035457983287
202 55.49999999999998 -118.1288198200727
202 65.24416300446451 -111.8008863756192
202 74.27349730583325 -104.4890756279908
202 82.48907562799074 -96.27349730583326
202 89.80088637561916 -87.24416300446453
202 96.12881982007268 -77.50000000000001
202 101.4035457983287 -67.14776738141384
202 105.567273308762 -56.30088637561916
202 108.5743836814524 -45.07819768077128
202 110.3919303858784 -33.60265942270951
202 111 -21.99999999999998
202 110.3919303858783 -10.39734057729043
202 108.5743836814524 1.078197680771286
202 105.5672733087621 12.30088637561916
202 101.4035457983287 23.14776738141374
202 96.12881982007272 33.49999999999993
202 89.8008863756192 43.24416300446447
202 82.48907562799083 52.27349730583319
202 74.27349730583332 60.48907562799072
202 65.24416300446453 67.80088637561916
202 55.50000000000004 74.12881982007268
202 45.14776738141385 79.40354579832868
202 34.30088637561917 83.56727330876204
202 23.07819768077128 86.57438368145243
202 11.60265942270956 88.39193038587834
1 4 0 6
83
84
85
86
87
88
203.3341497197481 0 77.78869906562956
205.4258595037487 0 66.69275521255055
208.1349182029608 0 55.73068445541745
211.3858604424434 0 44.91677049962505
215.1992586024679 0 34.28870236435122
219.7649428764462 0 23.96369680777178
1 5 0 6
89
90
91
92
93
94
219.7583511700576 -6.172286050770073e-15 -67.95945995880369
215.2015399654997 -6.809531296455746e-15 -78.28850131962812
211.3918480035474 -7.994337143909217e-15 -88.9180688671257
208.1368958541579 -9.874912851980101e-15 -99.73083561552451
205.4270943417546 -1.169260532396019e-14 -110.6927866447278
203.335002941994 -1.305121283389518e-14 -121.7887342017621
1 6 0 30
95
96
97
98
99
100
101
102
103
104
105
106
107
108
109
110
111
112
113
114
115
116
117
118
119
120
121
122
123
124
202 11.73552535054212 -137.4048415134598
202 23.35062833028455 -135.6254731852894
202 34.7261222649095 -132.6801537424057
202 45.74527919314492 -128.5991061479468
202 56.29502765360536 -123.4242074727715
202 66.26711295099584 -117.2085591800441
202 75.55920799577771 -110.0159422323638
202 84.07596331857783 -101.9201626127797
202 91.72998548477297 -93.00429397552898
202 98.44273386939105 -83.35982519792776
202 104.145326590206 -73.08572158068569
202 108.7792473290613 -62.28740932999925
202 112.2969457884797 -51.07569374201168
202 114.6623256220609 -39.56562219053097
202 115.8511148318421 -27.87530358529076
202 115.8511148318421 -16.12469641470938
202 114.6623256220609 -4.43437780946914
202 112.2969457884797 7.075693742011524
202 108.7792473290614 18.28740932999907
202 104.1453265902061 29.08572158068545
202 98.44273386939119 39.35982519792752
202 91.7299854847731 49.00429397552881
202 84.07596331857799 57.92016261277958
202 75.55920799577785 66.01594223236367
202 66.26711295099595 73.20855918004402
202 56.29502765360544 79.4242074727715
202 45.74527919314501 84.59910614794673
202 34.72612226490958 88.68015374240565
202 23.35062833028463 91.62547318528935
202 11.73552535054214 93.40484151345984
1 8 0 30
125
126
127
128
129
130
131
132
133
134
135
136
137
138
139
140
141
142
143
144
145
146
147
148
149
150
151
152
153
154
197 11.7355253505421 -137.4048415134598
197 23.35062833028453 -135.6254731852894
197 34.72612226490943 -132.6801537424057
197 45.74527919314487 -128.5991061479468
197 56.29502765360531 -123.4242074727716
197 66.26711295099582 -117.2085591800441
197 75.5592079957777 -110.0159422323638
197 84.07596331857783 -101.9201626127797
197 91.72998548477297 -93.00429397552898
197 98.44273386939103 -83.35982519792779
197 104.145326590206 -73.08572158068569
197 108.7792473290613 -62.28740932999931
197 112.2969457884797 -51.07569374201169
197 114.6623256220609 -39.56562219053106
197 115.8511148318421 -27.87530358529079
197 115.8511148318421 -16.1246964147095
197 114.6623256220609 -4.434377809469229
197 112.2969457884797 7.075693742011413
197 108.7792473290614 18.28740932999904
197 104.1453265902061 29.08572158068551
197 98.44273386939119 39.35982519792753
197 91.72998548477308 49.00429397552882
197 84.075963318578 57.92016261277955
197 75.55920799577784 66.01594223236368
197 66.26711295099594 73.20855918004403
197 56.29502765360548 79.42420747277149
197 45.74527919314509 84.59910614794669
197 34.72612226490961 88.68015374240565
197 23.35062833028461 91.62547318528937
197 11.73552535054223 93.40484151345983
1 12 0 1
155
197 0 -148.5
1 13 0 9
156
157
158
159
160
161
162
163
164
295.1 0 -159
284.2 0 -159
273.3 0 -159
262.4 0 -159
251.4999999999999 0 -159
240.6 0 -159
229.7 0 -159
218.8000000000001 0 -159
207.9000000000001 0 -159
1 14 0 22
165
166
167
168
169
170
171
172
173
174
175
176
177
178
179
180
181
182
183
184
185
186
306 0 103.0869565217391
306 0 91.17391304347822
306 0 79.26086956521733
306 0 67.34782608695645
306 0 55.43478260869558
306 0 43.52173913043472
306 0 31.60869565217385
306 0 19.69565217391299
306 0 7.782608695652073
306 0 -4.130434782608859
306 0 -16.04347826086979
306 0 -27.95652173913069
306 0 -39.86956521739162
306 0 -51.78260869565253
306 0 -63.69565217391349
306 0 -75.60869565217439
306 0 -87.52173913043518
306 0 -99.43478260869597
306 0 -111.3478260869568
306 0 -123.2608695652176
306 0 -135.1739130434784
306 0 -147.0869565217392
1 15 0 9
187
188
189
190
191
192
193
194
195
207.9 0 115
218.8 0 115
229.7 0 115
240.6000000000001 0 115
251.5000000000001 0 115
262.4 0 115
273.3 0 115
284.1999999999999 0 115
295.0999999999999 0 115
1 16 0 1
196
197 0 104.5000000000001
1 17 0 3
197
198
199
257 0 68.5
266.9999999999999 0 68.5
276.9999999999999 0 68.5
1 18 0 2
200
201
293.6666666666667 0 50.18348387030253
290.3333333333333 0 59.34174193515128
1 19 0 10
202
203
204
205
206
207
208
209
210
211
297 0 29.56609384082583
297 0 18.10696187619788
297 0 6.647829911569893
297 0 -4.811302053058093
297 0 -16.27043401768604
297 0 -27.729565982314
297 0 -39.18869794694199
297 0 -50.64782991156997
297 0 -62.10696187619794
297 0 -73.56609384082587
1 20 0 2
212
213
290.3333333333333 0 -103.3417419351513
293.6666666666667 0 -94.18348387030252
1 21 0 3
214
215
216
277 0 -112.5
267.0000000000001 0 -112.5
257.0000000000001 0 -112.5
1 22 0 15
217
218
219
220
221
222
223
224
225
226
227
228
229
230
231
247 0 -101.1875
247 0 -89.87500000000006
247 0 -78.56250000000006
247 0 -67.25000000000006
247 0 -55.9375000000001
247 0 -44.62500000000014
247 0 -33.3125000000002
247 0 -22.00000000000024
247 0 -10.68750000000026
247 0 0.6249999999997868
247 0 11.93749999999983
247 0 23.24999999999985
247 0 34.56249999999989
247 0 45.87499999999994
247 0 57.18749999999996
1 23 0 23
232
233
234
235
236
237
238
239
240
241
242
243
244
245
246
247
248
249
250
251
252
253
254
287 11.81262039591463 67.72575995432985
287 23.42312358177808 65.4162872791607
287 34.63285062904056 61.61109769227147
287 45.24999999999994 56.37529904249173
287 55.09290932528909 49.79847729635688
287 63.99316369738242 41.99316369738268
287 71.79847729635665 33.09290932528937
287 78.37529904249158 23.25000000000018
287 83.61109769227136 12.63285062904083
287 87.41628727916061 1.423123581778359
287 89.72575995432979 -10.18737960408508
287 90.49999999999999 -21.99999999999982
287 89.72575995432986 -33.81262039591447
287 87.41628727916071 -45.42312358177793
287 83.6110976922715 -56.63285062904049
287 78.37529904249176 -67.24999999999986
287 71.79847729635686 -77.09290932528907
287 63.99316369738262 -85.99316369738247
287 55.09290932528931 -93.79847729635671
287 45.25000000000011 -100.3752990424916
287 34.63285062904068 -105.6110976922714
287 23.4231235817782 -109.4162872791607
287 11.81262039591475 -111.7257599543298
1 24 0 16
255
256
257
258
259
260
261
262
263
264
265
266
267
268
269
270
297 11.58085485203255 -83.95210156826477
297 22.76733758178365 -80.76927281552446
297 33.17850593659873 -75.58512696302512
297 42.45982006497474 -68.57620388007601
297 50.29521594597919 -59.98118403599022
297 56.41786857040601 -50.09276052296806
297 60.61927834644273 -39.24767174388876
297 62.75637130320207 -27.81523418987355
297 62.75637130320209 -16.18476581012676
297 60.61927834644278 -4.752328256111433
297 56.41786857040607 6.092760522967939
297 50.29521594597928 15.98118403599012
297 42.45982006497484 24.57620388007592
297 33.1785059365988 31.58512696302508
297 22.76733758178368 36.76927281552444
297 11.58085485203258 39.95210156826476
1 25 0 23
271
272
273
274
275
276
277
278
279
280
281
282
283
284
285
286
287
288
289
290
291
292
293
247 11.81262039591466 67.72575995432985
247 23.42312358177809 65.4162872791607
247 34.63285062904058 61.61109769227147
247 45.24999999999994 56.37529904249172
247 55.09290932528912 49.79847729635685
247 63.99316369738245 41.99316369738265
247 71.79847729635668 33.09290932528933
247 78.37529904249159 23.25000000000017
247 83.61109769227136 12.63285062904082
247 87.41628727916061 1.423123581778309
247 89.7257599543298 -10.18737960408517
247 90.49999999999999 -21.99999999999983
247 89.72575995432985 -33.81262039591452
247 87.4162872791607 -45.42312358177801
247 83.61109769227149 -56.6328506290405
247 78.37529904249173 -67.24999999999991
247 71.79847729635682 -77.09290932528916
247 63.99316369738261 -85.99316369738249
247 55.09290932528929 -93.79847729635671
247 45.25000000000011 -100.3752990424916
247 34.63285062904067 -105.6110976922714
247 23.42312358177811 -109.4162872791607
247 11.81262039591474 -111.7257599543298
1 26 0 10
294
295
296
297
298
299
300
301
302
303
298 133.5 -136.1818181818182
298 133.5 -124.3636363636364
298 133.5 -112.5454545454546
298 133.5 -100.7272727272727
298 133.5 -88.90909090909096
298 133.5 -77.09090909090919
298 133.5 -65.27272727272742
298 133.5 -53.45454545454565
298 133.5 -41.6363636363638
298 133.5 -29.8181818181819
1 28 0 10
304
305
306
307
308
309
310
311
312
313
298 145.5 -29.81818181818181
298 145.5 -41.63636363636361
298 145.5 -53.45454545454544
298 145.5 -65.27272727272727
298 145.5 -77.09090909090904
298 145.5 -88.90909090909082
298 145.5 -100.7272727272726
298 145.5 -112.5454545454543
298 145.5 -124.3636363636362
298 145.5 -136.1818181818181
1 30 0 3
314
315
316
288 133.5 -18
278.0000000000001 133.5 -18
268.0000000000001 133.5 -18
1 31 0 3
317
318
319
268 145.5 -18
277.9999999999999 145.5 -18
287.9999999999999 145.5 -18
1 33 0 10
320
321
322
323
324
325
326
327
328
329
258 133.5 -29.81818181818181
258 133.5 -41.63636363636361
258 133.5 -53.45454545454544
258 133.5 -65.27272727272728
258 133.5 -77.09090909090904
258 133.5 -88.90909090909081
258 133.5 -100.7272727272726
258 133.5 -112.5454545454543
258 133.5 -124.3636363636362
258 133.5 -136.1818181818181
1 34 0 10
330
331
332
333
334
335
336
337
338
339
258 145.5 -136.1818181818182
258 145.5 -124.3636363636364
258 145.5 -112.5454545454546
258 145.5 -100.7272727272727
258 145.5 -88.90909090909096
258 145.5 -77.09090909090918
258 145.5 -65.27272727272742
258 145.5 -53.45454545454566
258 145.5 -41.6363636363638
258 145.5 -29.8181818181819
1 36 0 3
340
341
342
268 133.5 -148
277.9999999999999 133.5 -148
287.9999999999999 133.5 -148
1 37 0 3
343
344
345
288 145.5 -148
278.0000000000001 145.5 -148
268.0000000000001 145.5 -148
1 38 0 3
346
347
348
306 115.5 -148
306 105.5 -148
306 95.49999999999996 -148
1 40 0 3
349
350
351
318 95.49999999999991 -148
318 105.4999999999999 -148
318 115.4999999999999 -148
1 42 0 10
352
353
354
355
356
357
358
359
360
361
306 85.4999999999999 -136.1818181818182
306 85.4999999999999 -124.3636363636364
306 85.4999999999999 -112.5454545454546
306 85.4999999999999 -100.7272727272727
306 85.4999999999999 -88.90909090909096
306 85.4999999999999 -77.09090909090919
306 85.4999999999999 -65.27272727272742
306 85.4999999999999 -53.45454545454565
306 85.4999999999999 -41.6363636363638
306 85.4999999999999 -29.8181818181819
1 43 0 10
362
363
364
365
366
367
368
369
370
371
318 85.4999999999999 -29.81818181818181
318 85.4999999999999 -41.63636363636361
318 85.4999999999999 -53.45454545454544
318 85.4999999999999 -65.27272727272727
318 85.4999999999999 -77.09090909090904
318 85.4999999999999 -88.90909090909082
318 85.4999999999999 -100.7272727272726
318 85.4999999999999 -112.5454545454543
318 85.4999999999999 -124.3636363636362
318 85.4999999999999 -136.1818181818181
1 45 0 3
372
373
374
306 95.49999999999991 -18.00000000000001
306 105.4999999999999 -18.00000000000001
306 115.4999999999999 -18
1 46 0 3
375
376
377
318 115.5 -17.99999999999999
318 105.5 -18
318 95.49999999999997 -18
1 48 0 10
378
379
380
381
382
383
384
385
386
387
306 125.5 -29.81818181818181
306 125.5 -41.63636363636361
306 125.5 -53.45454545454544
306 125.5 -65.27272727272728
306 125.5 -77.09090909090904
306 125.5 -88.90909090909081
306 125.5 -100.7272727272726
306 125.5 -112.5454545454543
306 125.5 -124.3636363636362
306 125.5 -136.1818181818181
1 49 0 10
388
389
390
391
392
393
394
395
396
397
318 125.5 -136.1818181818182
318 125.5 -124.3636363636364
318 125.5 -112.5454545454546
318 125.5 -100.7272727272727
318 125.5 -88.90909090909096
318 125.5 -77.09090909090918
318 125.5 -65.27272727272742
318 125.5 -53.45454545454566
318 125.5 -41.6363636363638
318 125.5 -29.8181818181819
1 50 0 11
398
399
400
401
402
403
404
405
406
407
408
306 122.375 115
306 111.25 115
306 100.125 115
306 89 115
306 77.875 115
306 66.75 115
306 55.625 115
306 44.5 115
306 33.375 115
306.0000000000001 22.25 115
306.0000000000001 11.125 115
1 51 0 11
409
410
411
412
413
414
415
416
417
418
419
306 122.375 -159
306 111.25 -159
306 100.125 -159
306 89 -159
306 77.875 -159
306 66.75 -159
306 55.625 -159
306 44.5 -159
306 33.375 -159
306.0000000000001 22.25 -159
306.0000000000001 11.125 -159
1 52 0 22
420
421
422
423
424
425
426
427
428
429
430
431
432
433
434
435
436
437
438
439
440
441
306 133.5 103.0869565217391
306 133.5 91.17391304347822
306 133.5 79.26086956521733
306 133.5 67.34782608695645
306 133.5 55.43478260869558
306 133.5 43.52173913043472
306 133.5 31.60869565217385
306 133.5 19.69565217391299
306 133.5 7.782608695652073
306 133.5 -4.130434782608859
306 133.5 -16.04347826086979
306 133.5 -27.95652173913069
306 133.5 -39.86956521739162
306 133.5 -51.78260869565253
306 133.5 -63.69565217391349
306 133.5 -75.60869565217439
306 133.5 -87.52173913043518
306 133.5 -99.43478260869597
306 133.5 -111.3478260869568
306 133.5 -123.2608695652176
306 133.5 -135.1739130434784
306 133.5 -147.0869565217392
1 53 0 9
442
443
444
445
446
447
448
449
450
207.9 133.5 115
218.8 133.5 115
229.7 133.5 115
240.6000000000001 133.5 115
251.5000000000001 133.5 115
262.4 133.5 115
273.3 133.5 115
284.1999999999999 133.5 115
295.0999999999999 133.5 115
1 54 0 9
451
452
453
454
455
456
457
458
459
207.9 133.5 -159
218.8 133.5 -159
229.7 133.5 -159
240.6000000000001 133.5 -159
251.5000000000001 133.5 -159
262.4 133.5 -159
273.3 133.5 -159
284.1999999999999 133.5 -159
295.0999999999999 133.5 -159
1 55 0 22
460
461
462
463
464
465
466
467
468
469
470
471
472
473
474
475
476
477
478
479
480
481
197 133.5 103.0869565217391
197 133.5 91.17391304347822
197 133.5 79.26086956521733
197 133.5 67.34782608695645
197 133.5 55.43478260869558
197 133.5 43.52173913043472
197 133.5 31.60869565217385
197 133.5 19.69565217391299
197 133.5 7.782608695652073
197 133.5 -4.130434782608859
197 133.5 -16.04347826086979
197 133.5 -27.95652173913069
197 133.5 -39.86956521739162
197 133.5 -51.78260869565253
197 133.5 -63.69565217391349
197 133.5 -75.60869565217439
197 133.5 -87.52173913043518
197 133.5 -99.43478260869597
197 133.5 -111.3478260869568
197 133.5 -123.2608695652176
197 133.5 -135.1739130434784
197 133.5 -147.0869565217392
1 56 0 11
482
483
484
485
486
487
488
489
490
491
492
197 11.125 115
197 22.25 115
197 33.375 115
197 44.5 115
197 55.625 115
197 66.75 115
197 77.875 115
197 89 115
197 100.125 115
197 111.25 115
197 122.375 115
1 57 0 11
493
494
495
496
497
498
499
500
501
502
503
197 11.125 -159
197 22.25 -159
197 33.375 -159
197 44.5 -159
197 55.625 -159
197 66.75 -159
197 77.875 -159
197 89 -159
197 100.125 -159
197 111.25 -159
197 122.375 -159
2 1 0 15
504
505
506
507
508
509
510
511
512
513
514
515
516
517
518
213.6854811656428 9.659995322284281 -21.99999999999998
219.5609683655641 19.30175749317205 -2.984496643707246
219.2664003422524 18.78374212067898 -40.73056469099271
219.9224074490194 27.4306255248067 -26.34458427149851
214.8734054838897 9.957825816100426 -10.62937840181035
216.6777527137635 20.01492661514078 -16.73609188635785
217.2493798789358 8.819694596837287 -1.690481708396266
214.8101462283001 9.535203270375437 -33.41946752751231
217.1910014574106 8.641966843987818 -42.23072902529135
216.3868013929273 18.75752346320193 -28.68391554474384
220.963306013027 26.97687579523982 -9.787688713151372
220.8470844509727 26.38398694611203 -35.00372209660731
221.1574230231612 29.61947619204514 -17.63783947697596
220.9022369985077 12.81734957810873 4.579570471956355
220.8429633481356 12.74540776607342 -48.50191408290885
2 2 0 139
519
520
521
522
523
524
525
526
527
528
529
530
531
532
533
534
535
536
537
538
539
540
541
542
543
544
545
546
547
548
549
550
551
552
553
554
555
556
557
558
559
560
561
562
563
564
565
566
567
568
569
570
571
572
573
574
575
576
577
578
579
580
581
582
583
584
585
586
587
588
589
590
591
592
593
594
595
596
597
598
599
600
601
602
603
604
605
606
607
608
609
610
611
612
613
614
615
616
617
618
619
620
621
622
623
624
625
626
627
628
629
630
631
632
633
634
635
636
637
638
639
640
641
642
643
644
645
646
647
648
649
650
651
652
653
654
655
656
657
220.599521712167 39.49488655246478 -1.876350176623922
220.0939988055037 44.94923811310579 -27.64281842904171
203.037229655455 79.25448426930448 -85.79670220247264
202.9862082963651 55.11599973193515 -107.9448358629209
203.0352592142363 55.65729466569142 63.18421442363798
212.9727567845263 9.771921639881064 39.4879897855805
212.433696723669 9.258393607234929 -85.12681909043577
220.4080194591397 31.42917034594787 -53.7744780438865
203.1760966909245 99.60348637355162 -6.54942955139523
203.0270314656746 79.46818802615236 41.64412387192484
203.1321770474298 95.04614870279232 -56.42952197001021
206.7504145791809 10.19339956953776 -104.4070577655841
206.5779435899495 9.776603098242681 61.16168949550369
203.1514430898918 36.0459409454046 72.30587766749694
203.1672564212678 89.86141603401499 23.78667839693726
203.0895955934291 101.1747220867541 -28.44351558840441
203.0506899217253 34.469249357625 -117.6250214875108
220.9228471578419 19.69621575498441 17.02896775147891
219.9478628412796 39.3648737076594 -44.99608618822797
216.1079237306909 42.0543726591453 -55.93377501145368
215.015593556686 50.70174811731665 -47.51990205238816
212.1465395963542 53.32617797164702 -58.53335186243491
212.3439660044581 44.92492925114046 -67.67048250543384
211.1405951499119 61.68731539232528 -49.82071683949799
208.8422956002135 64.36891695564569 -60.90208093137598
207.933424696991 72.47406107513063 -52.09990733441525
209.8811959844687 69.19967801258366 -40.72080282406773
206.6617757766803 80.62029924380302 -43.32614829456424
208.1431008888784 77.08072535285764 -31.84003248399815
211.5980782943526 65.8683287609375 -29.32104764302669
209.3094313391732 73.58425928672823 -20.42012022295521
219.6684300786114 46.00812220075618 -18.43111598538124
205.955878106479 75.72776055923204 -63.47980918095057
212.6319470399174 63.09100123771219 -17.80646146363722
209.9481734468486 70.26624296744477 -8.954770994509754
213.2043865442618 59.55026511910839 -6.206606873096937
210.0881410887314 66.62083532127484 2.575339707790382
207.3794024712534 77.52763176233661 -0.09471216310080344
207.3155625345767 73.64636639711205 11.26009755030803
209.784717474073 62.44845045772696 13.84774181562748
206.8481120680438 69.60883168449075 22.54794540633214
208.9928577704885 58.0938999578856 24.93964500013683
218.8237135256445 35.50584447372748 10.12824254298556
212.5450453457438 50.73902952272191 16.14829446051691
211.1072380626948 46.51760677546452 27.28886447316779
207.5936756202509 54.43562911198451 36.27728071848561
209.0135763902272 42.92141943897274 39.03505379501048
212.8556424116146 35.09811537535897 29.82473889394576
210.4599135586598 30.6469983995406 40.72214054319858
207.3189108419819 37.8890763079089 49.36071999220234
206.4577153964538 67.26368349897535 -72.69432489954201
219.9208130177294 20.1736021229509 -62.94288560812564
207.8526331510616 26.78483509083367 52.08208323121421
203.1364913509147 16.39943776804481 -121.7212408902073
202.9810905487975 15.63695114127839 78.93154583186396
213.8316582919119 22.21619258454701 33.60904203362641
206.3585274432479 84.63372082817985 -22.90925382674274
216.5457418940286 31.14463665526665 -64.86691481196219
212.1624534954365 35.72347283977781 -75.81596735758592
209.2922510326091 47.23206334672275 -78.52326485399182
208.6889600280438 38.6147665762937 -87.16796611062527
215.7519649756167 21.77347689370826 -72.40798549476035
211.399012687097 25.74169839604464 -83.72524463722401
207.8620784403171 29.30670106969834 -95.08332458116971
206.4327358434251 50.11129650082929 -89.82742948090251
204.7022118176829 86.26833554369337 10.33470121694799
205.9816754643115 40.39860046423753 -98.1842420902213
206.6643467536828 58.56654781961276 -81.35198503523405
204.5526994946982 61.14761604816847 -91.91169871981562
209.5886824491517 17.77646065404447 -92.4508073458715
215.5320367618688 55.29472297322451 -26.22366171561749
205.2764320368323 33.88143607339043 60.70647268115626
209.3361842633685 55.98798615327904 -69.63518100620391
213.3079970615897 59.04212392576171 -38.55896591238704
206.9941180237136 81.4302481052359 -11.82715754075912
205.0080659682855 88.67217901803649 -3.220124753639711
213.2103617360071 55.31430381387693 5.091270110835965
206.1952357364088 65.40827009576005 32.78799189716067
204.8958323669875 62.23745471838421 44.63414689404555
206.1413895464704 50.22017727857819 47.25908220536572
204.801018100856 45.77035438928949 57.39258936168517
204.8837275359474 90.49268545562857 -33.63575478807729
204.1938533792618 91.76209378683126 -45.61194785082554
205.1875229577955 83.70213068808965 -54.50183595798315
205.959247900397 22.04785355724956 61.46646416127665
215.1224943511771 39.25362922185403 18.62212650132115
203.1988503746329 96.97752869517386 4.915124785226458
216.617548236227 10.96545512871156 -73.66536554342754
216.7174113832527 9.919698067647479 29.63631098366411
209.7394365252485 9.362083780419562 49.54629414984051
206.3334457787342 21.37930345361733 -104.0018884432534
204.7888245682435 91.39393559073726 -14.50124780539746
204.7859955945787 34.67608752071229 -106.9070157642397
204.1916739927495 24.2260920689685 -113.6139635467681
204.3642860663533 77.89040488649084 -74.35287649327265
203.3893611117195 88.37169211545553 -67.53031204458662
216.0268401941254 45.23523798186822 7.919880652219619
202.9919446865599 100.6139688265278 -39.11249639262545
203.0014672594453 45.33842359688273 -113.3604506211126
203.0486475693113 64.49161946140228 56.58743128494555
203.04099353785 101.6198359076452 -17.59847400312506
203.0486053067382 71.4163978915643 -94.35268521117031
202.9910710751635 63.60799983286058 -101.8203632047383
203.0484936106518 85.61959956997876 32.81473030626586
203.0162831545245 25.74992080021841 76.58005146106156
203.1217496818233 45.92590869519676 68.13467088006345
210.2460636411167 19.51206976054072 45.74237220547092
205.0001125721087 80.06334837458996 20.56984807240533
217.0226794911663 28.55268215563888 21.3009121448771
216.8793159243181 48.81437719999839 -3.50431629640492
203.0398136015474 72.40758482047568 49.4477122649762
204.6829152548464 75.32695124140518 31.21008837243149
204.6053017724767 68.60194730048332 -84.21826810991442
202.8510395678123 96.20103808452973 15.0200575936835
209.4848773818251 7.575278371409701 -94.6134209669888
217.728527895564 48.05054146349394 -36.74099373680939
204.3773129691808 53.43955596172622 -99.06624974778805
204.2319478549504 7.951228018330825 -116.212648135178
204.1916902427483 8.167480541760812 72.410262095473
208.0597514995391 16.73527944524561 54.19481994294721
202.8106084515809 86.44859878646454 -78.69327904878712
220.6544724017591 9.816369221318869 21.11854544414535
202.7691155885549 26.60827722919215 -122.2231715665366
216.2143737171364 53.14134771725517 -13.73676414052433
221.0922816969916 8.873991661043704 -64.48612165387475
204.3023496497093 94.16367481184579 -23.42249921533407
202.7729238420126 100.1337090180507 -48.83074646651936
213.2780704500146 17.71494955865766 -80.79259365748348
217.6722257304851 18.16881320687632 24.99708281129858
204.3163281129759 28.74469695856715 67.6030551336696
204.2152661927843 46.25264477164799 -104.5638173021995
202.7635626355845 7.15826642874373 81.4904061984967
204.6126873043731 16.86948349643926 69.0267777721939
202.7979801905926 7.290390968390273 -125.2184563845513
204.3235414511307 70.77664679069211 39.9556078707835
204.2606986758638 55.86821376316231 54.08612152327275
221.2969013009397 26.94823150883969 11.5436880086987
221.0491962146454 42.03444527579543 -10.87160174615095
204.8411193111379 15.7801471586276 -112.0731834477755
2 3 0 31
658
659
660
661
662
663
664
665
666
667
668
669
670
671
672
673
674
675
676
677
678
679
680
681
682
683
684
685
686
687
688
199.5000000000022 110.6801537412598 12.72612226856182
199.5000000000005 51.08572158315024 -126.1453265889971
199.503755722796 115.4048415134598 -33.7355253505422
199.5037557227959 51.08572158068566 82.14532659020598
199.4999999999999 61.32031691410151 -120.4673485656751
199.4999999999951 5.875303580540976 93.851114832083
199.4999999999984 29.07569374451949 -134.2969457878303
199.4962442772041 17.5656221905309 -136.6623256220609
199.4962442772041 71.00429397552881 -113.7299854847731
199.5 88.01594223435332 -97.55920799346021
199.5037557227959 101.4242074727714 -78.29502765360554
199.5037557227959 29.07569374201168 90.29694578847968
199.5000000000028 106.5991061464067 23.74527919673364
199.496244277204 5.875303585290685 -137.8511148318421
199.5037557227959 79.92016261277959 62.07596331857796
199.5 71.04109789395511 69.70148532069416
199.5 61.32031691410164 76.46734856567501
199.5000000000006 106.5807407865686 -67.78805186275419
199.503755722796 95.20855918004413 44.2671129509958
199.5 79.88641796777884 -106.1080271096483
199.5037557227959 40.2874093299992 86.77924732906132
199.4999999999999 110.6662098469689 -56.77053347457659
199.4999999999986 40.24375488112956 -130.7954052020009
199.4999999999989 88.04625573156628 53.52388265741924
199.5 95.18195968359969 -88.30531314147913
199.5000000000023 101.4467895145313 34.25432336447017
199.5037557227959 113.6254731852893 -45.35062833028469
199.5037557227959 115.4048415134599 -10.26447464945794
199.4999999999964 17.61163275762752 92.6552676138801
199.500000000003 116 -21.99999999640411
199.5000000000023 113.6254731845344 1.350628333958323
2 4 0 2
689
690
202 5.834546193312912 -135.1991929748345
202 5.834546193312935 91.19919297483455
2 5 0 130
691
692
693
694
695
696
697
698
699
700
701
702
703
704
705
706
707
708
709
710
711
712
713
714
715
716
717
718
719
720
721
722
723
724
725
726
727
728
729
730
731
732
733
734
735
736
737
738
739
740
741
742
743
744
745
746
747
748
749
750
751
752
753
754
755
756
757
758
759
760
761
762
763
764
765
766
767
768
769
770
771
772
773
774
775
776
777
778
779
780
781
782
783
784
785
786
787
788
789
790
791
792
793
794
795
796
797
798
799
800
801
802
803
804
805
806
807
808
809
810
811
812
813
814
815
816
817
818
819
820
207.8250565514901 0 90.91835890015133
207.8250753343915 0 -134.9184202949431
235.15 0 -149.5603230987497
235.15 0 105.5603230987496
281.7408192158481 0 77.66960499257127
281.7408192158482 0 -121.6696049925712
262 0 77.16025403784434
262.0000000000001 0 -121.1602540378444
211.2876438418746 0 75.27091362751908
211.2883386092288 0 -119.2711269628882
267.5345173437269 0 105.4577458243774
267.5345173437269 0 -149.4577458243773
219.0875985952808 0 52.16084631557746
219.0920161082378 0 -96.16241439998402
295.0627818031523 0 -141.0339229683717
295.0627818031523 0 97.0339229683717
224.0837696197338 0 -22
235.2065689870433 0 40.68171446364657
235.2065141216082 0 -84.68040451954494
237.6766544703724 0 62.82222547420567
234.6981868962015 0 74.87275751796362
237.6767750982912 0 -106.8222988385224
234.698314188714 0 -118.8727826826581
226.3422845552344 0 -3.893035611592154
226.3422845552344 0 -40.10696438840787
207.8142314694545 0 99.22078564194673
217.3569263386653 0 95.19989656168363
207.8142302083156 0 -143.2207901988337
217.3569262680068 0 -139.1999323888025
245.8391669724959 0 80.25779607612866
236.835307021748 0 86.66943263404983
246.6380328032466 0 91.70306231937714
245.8391881879146 0 -124.2578002702444
236.8353233356667 0 -130.6694351341216
246.6380359945168 0 -135.7030628886108
230.337110888142 0 -67.77825962116918
230.3431527378785 0 23.77843201464705
234.4205567084662 0 -29.1866787212825
237.3258617039128 0 7.537819621857679
237.3250682857872 0 -51.53781962185784
227.6862426470555 0 67.17588804474241
227.6869560658202 0 -111.1762473608628
292.52943772742 0 -121.6917925243935
292.52943772742 0 77.69179252439353
286.8550263684164 0 -131.5526563984565
276.2441282972192 0 -130.8229493215821
282.150613381804 0 -140.8304587453609
286.8550263684164 0 87.55265639845648
276.2441282972192 0 86.82294932158221
282.150613381804 0 96.83045874536093
237.373533199033 0 -96.12717842332358
237.3726871993658 0 52.12616536733626
234.0230522925773 0 -15.03195395318656
257.2773107695948 0 -149.576403560076
262.3999999999999 0 -139.1680182533364
246.2544401935799 0 103.8466085554472
257.134379660812 0 105.4228033899619
262.4 0 95.16801825333641
224.1873926809431 0 105.5450011563802
229.6682095248292 0 95.2980662947103
225.8413096399382 0 85.31437546225629
224.1873926778776 0 -149.5450027900095
229.6682097317386 0 -139.2980676657803
225.8414628212729 0 -129.3144366920376
246.3011993308463 0 -147.8489058455271
236.6679065765106 0 -2.604576737348125
236.7340250761378 0 -41.43186204173017
289.1269876155183 0 106.1870657216966
289.1269876155184 0 -150.1870657216966
222.479890496296 0 -86.20388015442302
222.4794965765375 0 42.20518743606085
271.5677868391257 0 77.45756339987958
271.5677868391258 0 -121.4575633998796
217.5652602000928 0 64.31522323346876
217.567060272127 0 -108.3158125896239
296.6541488562744 0 -112.1852125011538
296.6541488562744 0 68.18521250115377
227.0458528718446 0 32.30399718107957
227.0437736920665 0 -76.30279259559484
228.0184551489778 0 57.86851095046444
228.0201430559084 0 -101.8700487962213
238.0120031537028 0 -62.08506398277873
238.0144701095087 0 18.08508450581166
255.6550194384563 0 85.95006985413363
255.6550219289347 0 -129.9500703401897
278.75 0 -151.0670809713823
278.7499999999999 0 107.0670809713821
213.35 0 107.080536035889
213.3500000000001 0 -151.0805378632687
214.5583606725765 0 84.30838437219288
214.5585079815855 0 -128.308544374607
297.2894491797978 0 -130.5426308999835
297.2894491797978 0 86.54263089998345
221.9006064265076 0 -31.57478666056903
221.9006064265075 0 -12.42521333943083
237.4332336425866 0 -72.77650345318131
237.4350074510459 0 28.77695469419744
301.5 0 -22.00000000000011
238.9185536785537 0 -140.6159589265579
238.9091979086807 0 96.61549858046681
301.5 0 -10.31391227855568
301.5 0 -33.68608772144458
265.7143338050343 0 86.13398166852659
265.7143339130831 0 -130.133981689614
301.5 0 1.372175442888761
301.5 0 -45.37217544288902
228.5158234421745 0 -49.36176224994577
228.5124225112341 0 5.359865187311641
298.7915704460386 0 57.97176773910268
298.7915704460386 0 -101.9717677391028
301.1812011714651 0 12.72477715431721
301.181201171465 0 -56.72477715431739
204.961529700431 0 107.1427929776478
204.9615296921095 0 -151.1427929862863
272.1322654712974 0 96.24670579742761
272.1322654893056 0 -140.2467058009422
228.432961301441 0 49.00848490661711
228.4344193962167 0 -93.00878525869939
298.2579538837342 0 -151.2615890423614
298.2579538837341 0 107.2615890423615
300.2355406789457 0 48.97315971695747
300.2355406789457 0 -92.97315971695758
253.7369241026055 0 97.04997326418294
253.7467999838943 0 -141.0580895967257
221.9395006496232 0 75.20959037635717
221.9401066564581 0 -119.2098251104462
207.8010421571378 0 83.45727119309859
207.80138497344 0 -127.4573651668401
253.6547161607149 0 -120.0468516009351
253.6547127741582 0 76.04685093233911
2 6 0 43
821
822
823
824
825
826
827
828
829
830
831
832
833
834
835
836
837
838
839
840
841
842
843
844
845
846
847
848
849
850
851
852
853
854
855
856
857
858
859
860
861
862
863
292 8.394281729966616 -98.30225929742738
292.0457376866731 9.602179291280862 54.03302047921456
293.6416287170801 32.2056102914494 -86.67758436082464
293.6416287170801 32.20561029144942 42.67758436082464
293.6416287170801 71.02204278616861 -35.27632070552396
293.6416287170801 71.02204278616877 -8.723679294476304
293.6272790845603 51.0870988902525 29.14878559960856
293.6416287170801 53.39507556726007 -70.67604295916921
290.5685859344047 72.37349630933542 -57.69065867084205
290.5685859344047 72.37349630933528 13.69065867084235
293.6429795896501 72.24856357953833 -22.00000000000011
293.6429444566891 43.53911639968924 -79.65599908358971
293.6416287170801 43.54172351523991 35.65856021718463
293.3081750786045 21.65845965121635 47.88941608754935
293.3081750786241 21.65845965120155 -91.88941608749775
293.318920111818 61.24813536651076 -61.97456720129222
293.3189201118212 61.24813536650323 17.97456720128805
293.3643849237971 68.74935063144856 2.588013727948791
293.4568240842302 68.91509538743692 -45.33945961090672
290.7661199909832 53.99850485208937 -81.23353813938689
290.7599501225079 51.69803086615369 39.27382709270108
290.80136626388 79.71432796093215 -14.61337971340726
290.8013662638801 79.71432796093171 -29.38662028659309
290.830204170718 42.10225479608673 45.9974762272015
290.8302041707182 42.10225479608656 -89.99747622720129
290.3676385022237 68.9256180141745 21.0164351397727
290.2272213903817 67.44915501706407 -67.9848261308571
290.4492412722464 76.72339211526375 -48.04408220797086
290.2272213903819 77.54265940724576 3.517223964469512
290.2902528290596 62.95804835754154 29.69170916356011
290.6837476446089 30.5173188276392 -96.36043791395454
290.6837476446057 30.51731882767583 52.36043791394914
289.8314107123259 62.22701022680069 -76.50251214375038
289.996514331179 80.53441241653235 -38.79557939346844
289.6898141695036 16.50441183151205 59.45454334932415
289.8425434714475 16.13205306309428 -103.1013074531634
289.7887490413666 81.17567697162787 -5.488199158239564
294.6137036403183 9.944838375705938 46.86717852493481
294.6155547251723 9.816799932963418 -90.88040937682777
293.8822709391825 64.32466651640097 -53.42650422307857
293.4323449616567 65.20925577648919 10.42784765987341
288.7256231801499 5.907780097827561 -107.5551589591222
288.6054607220565 5.723038319065894 63.89859382557751
2 7 0 43
864
865
866
867
868
869
870
871
872
873
874
875
876
877
878
879
880
881
882
883
884
885
886
887
888
889
890
891
892
893
894
895
896
897
898
899
900
901
902
903
904
905
906
297 9.965426778990292 -21.9412221984034
297 10.05026265864215 0.8338561482153501
297 10.05026265864215 -45.00267171029651
297 51.787043475866 -31.68067617607877
297 50.2468190940552 -1.975004453901818
297 38.58503649062499 -57.7234412162552
297 31.6626320096185 20.60493784765874
297 23.37397761485918 -69.08645689557966
297 8.997256088806353 21.91880457008011
297 11.18432415034854 -66.22114330892879
297 9.870346302849327 12.04370738230516
297 20.00828101958628 6.091613961248743
297 20.07128279287302 -5.15422631010243
297 30.08482569073756 -0.007583166183074752
297 30.00927601867462 -10.92471480089027
297 9.920413497843498 -10.56707520623945
297 10.14627052576579 -33.39413905549328
297 20.38070757970861 -39.25359012200349
297 19.93757622024174 -50.81475545825892
297 32.29311027420652 -46.78961960486915
297 31.12944928407651 -33.87455333975743
297 41.09348681753654 -39.47404811200481
297 20.4249719327741 -27.86498926292752
297 9.962700784996812 -55.92445070817374
297 19.85835483754808 18.10696187619791
297 40.87944877067574 -27.46646096003827
297 51.96919459296274 -21.7550148697622
297 20.32005267225872 -16.47421733301869
297 30.75687401041293 -22.18871159415244
297 41.06202438989618 -16.5506975399644
297 41.09223308761892 -5.8417107995812
297 42.22129839578677 5.714225054049983
297 44.92806068276347 -49.2955804949441
297 33.2987738815717 -65.43810119790732
297 50.96914757860294 -41.9581474099769
297 24.43571066572465 27.22998148418375
297 27.68208602704209 -58.43428605944342
297 30.0959377407524 10.67386430281041
297 18.42813295949767 -60.09621848607691
297 39.34698083142236 15.51008302411704
297 51.29098680236299 -11.17658695490797
297 13.78129883980479 -74.71901368582471
297 14.77728297064399 29.64179507464106
2 8 0 73
907
908
909
910
911
912
913
914
915
916
917
918
919
920
921
922
923
924
925
926
927
928
929
930
931
932
933
934
935
936
937
938
939
940
941
942
943
944
945
946
947
948
949
950
951
952
953
954
955
956
957
958
959
960
961
962
963
964
965
966
967
968
969
970
971
972
973
974
975
976
977
978
979
276.7498516900368 50.27910608827388 53.24799991338044
257.2501483099633 75.24799991338021 28.27910608827416
276.7498516900367 90.30623255309359 -16.08101680467181
257.2501483099633 29.0902716099361 -107.6971767193071
276.7498516900367 68.04150257684755 -81.67079626655611
276.7498516900367 29.09027160993608 63.69717671930708
276.7545120081154 85.69713200501943 -51.09040333364725
257.2501483099633 50.27910608827409 -97.24799991338027
276.7498516900367 85.69717671930698 7.090271609936323
257.2501483099633 59.67079626655611 46.04150257684755
276.7498516900367 40.02712646481972 -103.1669831087082
257.2468198767362 40.02711940352033 59.16698659095535
257.2501483099632 17.65567414245958 66.76106787649236
276.7498516900367 68.04150257684734 37.67079626655637
257.2501483099633 81.16698310870834 -62.02712646481949
257.2468198767363 88.761066340498 -4.344318135577154
257.2501483099633 90.30623255309361 -27.91898319532777
276.7498516900367 17.65567414245967 -110.7610678764923
271.726398170296 10.60284405961042 67.87674725894114
262.2736190921768 10.60285846220633 -111.8767455598522
257.2501483099633 68.04150257684749 -81.67079626655617
257.2454897634484 40.02711981118281 -103.1669863899185
276.7522169154043 90.30623263054916 -27.91898201358428
276.7533772662874 81.16614345213044 -62.02882907490775
276.7544391565795 29.09020277249287 -107.6972000864395
276.7544391565792 88.76108205862644 -4.344397156092896
257.2462553305763 85.69555931547833 7.09503589286896
276.750706660902 59.67298858918975 -90.03957989901488
257.2518848096784 88.76024831724554 -39.65979384536826
276.7522169154043 59.67079537616797 46.04150335769698
257.2549460536671 68.04700401444863 37.66452249584848
257.246649243984 81.16346560524208 18.03425846630213
267.2684918440777 78.37520196692499 23.25016813939715
257.2469337359252 29.08937068799444 63.69748253581578
276.7498516900367 75.24799991338043 -72.27910608827386
257.2485236985087 90.30626422736795 -16.08150008052706
257.2501483099633 75.24799991338037 -72.27910608827395
257.2455380937171 59.67089975926847 -90.04141181603548
276.7578290728862 88.76155952342761 -39.65320228652627
276.7520845910897 50.2810439834357 -97.24670501713548
276.7544391565792 40.02719166330056 59.16695095634307
257.2485236985086 50.27950877886438 53.2477308425716
257.2453169392576 85.69450145478341 -51.09815149483077
277.3222628965247 75.24799991338021 28.27910608827416
277.3222628965247 81.16698310870818 18.02712646481979
267.2595485499356 83.44714364048697 13.02605056588499
267.2595485499349 72.05702140453863 32.75432098296773
267.0020696506523 45.24980494147824 56.37541165925811
267.0020696506526 89.72573055511319 -10.18715629701189
266.9979303493453 63.99300443268064 -85.99332296168808
266.9979303493437 63.99332296169024 41.99300443267848
267.0020696506524 45.25019505824145 -100.3751864252398
266.9976161691819 89.72487745018785 -33.81932174656269
267.0020696506566 23.42334114106762 -109.4162289840346
267.0019256462967 55.09290932528912 49.79847729635685
266.9980743537037 23.42312358177798 65.41628727916073
266.9980653125266 71.79846045383493 -77.09293127488408
266.9990805332783 78.37461683783711 -67.25118159255314
266.9998653010489 90.49999999997526 -22.00006690610279
267.0020353534107 83.61109769227154 -56.63285062904039
266.9955722508179 87.41424540448737 -45.43074263364385
266.9994478530804 34.63299569602206 -105.6110376034129
266.9931410366095 87.41628727916061 1.423123581778302
266.9949292183294 34.63058430563689 61.61203639817759
267.0033770379068 55.09219416598555 -93.79902605173238
271.7701550518011 10.06737762622332 -111.9383005606122
262.2296657405238 10.06722819056773 67.93831728778918
256.8299273681183 18.37161467180643 -110.615651971594
277.1700726318957 18.37161467182311 66.61565197159052
253.4208810990254 8.507596366264821 -112.0992275442399
280.5842614506769 8.051041178498831 -112.1411711480504
253.4132178446852 8.050196723478987 68.14124656733614
280.579120674582 8.507595013977959 68.09922767192923
2 9 0 94
980
981
982
983
984
985
986
987
988
989
990
991
992
993
994
995
996
997
998
999
1000
1001
1002
1003
1004
1005
1006
1007
1008
1009
1010
1011
1012
1013
1014
1015
1016
1017
1018
1019
1020
1021
1022
1023
1024
1025
1026
1027
1028
1029
1030
1031
1032
1033
1034
1035
1036
1037
1038
1039
1040
1041
1042
1043
1044
1045
1046
1047
1048
1049
1050
1051
1052
1053
1054
1055
1056
1057
1058
1059
1060
1061
1062
1063
1064
1065
1066
1067
1068
1069
1070
1071
1072
1073
247 9.815877674183554 -16.90485933736104
247 71.72789633988442 -56.55040641895537
247 80.63939544797788 -15.33131824399016
247 67.4231059937493 22.80955697118173
247 9.450278447824225 -51.52999728249566
247 9.957361565048494 17.70100230043919
247 51.79065538262491 -83.54617001513736
247 9.492282962658834 -74.10378001655654
247 44.4757599543298 44.56267864657711
247 10.09014851185415 40.7068519484403
247 79.49370545021543 -38.46902698309437
247 36.51344944581744 -94.3464017108921
247 74.30039984362837 3.54049584843586
247 8.982605979600393 -95.4091013328548
247 25.84347105825923 53.56481021434135
247 12.85216240749153 53.75417655558543
247 9.984103095837995 6.191873082967025
247 20.14869213184598 11.93962802183395
247 20.16628733867262 0.09885557312163229
247 30.4524104442676 5.837258671383186
247 30.36715705991839 -6.203252829840784
247 40.76099375751907 -0.4220670521109575
247 40.51964600082955 -12.43438518564163
247 40.94505664697814 11.657325280577
247 50.9768099571877 -6.643420018231843
247 50.71735819037576 -18.64870370746347
247 40.24546155180092 -24.43876404506222
247 50.50881762614593 -30.64953718492909
247 40.00274697753957 -36.43804909596039
247 50.271331481752 -42.6479111307227
247 39.76043634458849 -48.43601294759159
247 29.73521013405492 -30.22849660017382
247 50.02908810674947 -54.64565495736611
247 39.51740906269501 -60.43365173234569
247 20.00005391154975 23.83701401233331
247 60.72080139254679 -24.84048588309147
247 29.48158565127628 -54.22881382446643
247 29.33958423259773 -66.22841438357847
247 38.90436829225053 -71.65974977327693
247 28.95470800367972 -77.29333039568409
247 60.64915915338148 -49.2533208057354
247 19.58237921082083 -58.94490386959656
247 30.48947509199967 17.91672136868485
247 41.22481448172385 23.64761301245354
247 50.81627807237494 17.41912273579388
247 50.95601659630349 28.39762605044414
247 30.22315544003924 30.10867058061472
247 51.1336959263479 5.389383136984584
247 61.80492958263916 -1.187945052884174
247 62.34790909113991 12.17651477442362
247 71.41135094251837 -8.426709326436089
247 60.29788817904902 -60.85529591649896
247 30.11902312518944 -18.22650911414729
247 19.75418147803244 -23.51130434747045
247 19.60272564799868 -35.10571519300085
247 60.57840628119537 -37.4457200885418
247 29.82650199267973 -42.0799986924725
247 49.3910109286567 -65.90934702419406
247 59.02420996100172 -73.64692909845571
247 60.87406313193443 -13.09992441009404
247 9.796912380311468 -84.21875000000004
247 19.10056558996824 -90.79056635993217
247 10.01997679601615 29.22447891253038
247 10.05759042403304 -5.451891439054958
247 20.14171139824276 -11.79551006929636
247 20.07229678764453 35.2895052139698
247 30.53928288800746 42.07837157871451
247 9.41381024965969 -27.8910428132796
247 70.32283795306265 -43.62900725019513
247 9.807186924350511 -40.08452663040306
247 40.20933901498766 34.51564315972927
247 39.76755524328643 -82.80398941840947
247 70.12865952177644 -31.40971854489681
247 19.62510964582505 -46.99565924873917
247 26.28071652029453 -98.86567138719806
247 80.94633609696238 -27.14964396196493
247 36.1482729059274 51.63845143487923
247 73.2115623326561 14.88188364461644
247 9.798304210373047 -63.30195406700761
247 19.34868097096963 45.43349415067507
247 19.24625404719423 -70.13741993306091
247 70.78676775561938 -20.04296672841225
247 53.07435246602442 38.8266476529711
247 61.08039320338325 31.58156928831147
247 45.68291387940364 -90.97406749665744
247 68.24475416375675 -67.07910815183982
247 16.13905743234044 -102.6530751138556
247 80.69863869352301 -5.796357548859451
247 28.95674593045969 -87.34294276188537
247 19.25791148571203 -80.64779824451983
247 47.60667506719166 -75.12483872382558
247 79.03278673701544 -48.56722391036642
247 58.52474059139018 22.47687796403097
247 7.386856761571117 -104.6950872802081
2 10 0 11
1074
1075
1076
1077
1078
1079
1080
1081
1082
1083
1084
298 139.5 -142.0909090909091
298 139.5000000000001 -106.6363636363635
298 139.5000000000001 -94.81818181818173
298 139.4999999999999 -59.3636363636365
298 139.5 -82.99999999999997
298 139.4999999999999 -71.18181818181829
298 139.5 -130.2727272727272
298 139.5 -23.90909090909091
298 139.5 -47.54545454545462
298 139.5 -35.72727272727278
298 139.5 -118.4545454545453
2 11 0 4
1085
1086
1087
1088
282.9999999999999 139.5 -18
264.0204081632653 139.5 -18
273 139.5 -18
291.9795918367347 139.5 -18
2 12 0 11
1089
1090
1091
1092
1093
1094
1095
1096
1097
1098
1099
258 139.5 -142.0909090909091
258 139.5 -23.90909090909093
258 139.5 -71.18181818181827
258 139.5 -59.36363636363643
258 139.5 -106.6363636363635
258 139.5 -130.2727272727273
258 139.5 -83.00000000000003
258 139.5 -94.81818181818178
258 139.5 -118.4545454545454
258 139.5 -35.72727272727275
258 139.5 -47.54545454545462
2 13 0 4
1100
1101
1102
1103
291.9795918367347 139.5 -148
264.0204081632653 139.5 -148
282.9999999999999 139.4999999999999 -148
273.0000000000001 139.5 -148
2 14 0 34
1104
1105
1106
1107
1108
1109
1110
1111
1112
1113
1114
1115
1116
1117
1118
1119
1120
1121
1122
1123
1124
1125
1126
1127
1128
1129
1130
1131
1132
1133
1134
1135
1136
1137
287.7767317971156 145.5 -82.93313521870786
268.0288253242648 145.5 -59.41139692170226
287.7651543189112 145.5 -106.6363636363635
289.6275257198185 145.5 -35.20095143054981
289.6275257198185 145.5 -130.7990485694501
268.0288253242648 145.5 -94.77042126011608
268.0075433701005 145.5 -118.3320227376251
272.9684024232523 145.5 -27.44468626868226
272.9684024232524 145.5 -138.5553137313177
287.881256884866 145.5 -59.43050114492843
268.0060614490609 145.5 -106.6079830905326
287.7980118044755 145.5 -71.24868296311023
277.7436764029727 145.5 -77.09090909090911
288.2321133397883 145.5 -118.5422656706658
267.9732066439632 145.5 -47.6759373553859
288.2514637674474 145.5 -47.46887845954939
287.8831864645667 145.5 -94.74017290667432
267.7797589812104 145.5 -82.961824043723
267.7876955666238 145.5 -71.21674788330988
277.8686964950217 145.5 -88.87062254123384
277.8732443305338 145.5 -65.30879724308423
278.2330018705708 145.5 -39.19538029076454
277.9253206753042 145.5 -100.6951696633958
278.2351427703534 145.5 -126.8073488839821
278.0285559872531 145.5 -112.9368589470941
278.0401664702744 145.5 -53.08181523590246
283.3048216689402 145.5 -26.95835148318126
283.3051784855708 145.5 -139.0421033792765
266.3624351562977 145.5 -34.94660671307822
266.3685147606177 145.5 -131.0551748315481
291.3865408410779 145.5 -140.4045940261089
264.66616751591 145.5 -25.64189495998847
291.3864694777517 145.5 -25.59549694638258
264.667383436774 145.5 -140.3584613489368
2 15 0 4
1138
1139
1140
1141
312 100.5 -148
312 110.4999999999999 -148
312 91.52040816326522 -148
312 119.4795918367347 -148
2 16 0 11
1142
1143
1144
1145
1146
1147
1148
1149
1150
1151
1152
312 85.4999999999999 -142.0909090909091
312 85.4999999999999 -82.99999999999997
312 85.4999999999999 -23.90909090909091
312 85.4999999999999 -94.81818181818178
312 85.4999999999999 -106.6363636363636
312 85.4999999999999 -71.18181818181822
311.9999999999999 85.4999999999999 -35.72727272727283
311.9999999999999 85.4999999999999 -130.2727272727273
311.9999999999999 85.4999999999999 -59.36363636363649
311.9999999999999 85.4999999999999 -47.54545454545468
311.9999999999999 85.4999999999999 -118.4545454545454
2 17 0 4
1153
1154
1155
1156
312 100.4999999999999 -18.00000000000001
312 91.52040816326523 -18.00000000000001
312 110.5 -18
312 119.4795918367347 -18
2 18 0 11
1157
1158
1159
1160
1161
1162
1163
1164
1165
1166
1167
312 125.5 -83
312 125.5 -142.0909090909091
312 125.5 -23.90909090909093
312.0000000000001 125.5 -71.18181818181829
312 125.5 -59.36363636363646
312 125.5 -94.81818181818177
311.9999999999999 125.5 -35.72727272727272
311.9999999999999 125.5 -106.6363636363635
312 125.5 -130.2727272727272
311.9999999999999 125.5 -47.54545454545459
311.9999999999999 125.5 -118.4545454545454
2 19 0 34
1168
1169
1170
1171
1172
1173
1174
1175
1176
1177
1178
1179
1180
1181
1182
1183
1184
1185
1186
1187
1188
1189
1190
1191
1192
1193
1194
1195
1196
1197
1198
1199
1200
1201
318 95.72326820288427 -82.93313521870787
318 115.4711746757352 -59.41139692170228
318 95.73484568108867 -106.6363636363635
318 117.1275257198185 -35.20095143054994
318 93.87247428018136 -130.7990485694501
318 115.4711746757352 -94.77042126011608
318 95.50754337010042 -47.66797726237491
318 115.4924566298995 -118.3320227376251
318 110.5315975767476 -138.5553137313177
318 100.4684024232523 -27.44468626868228
318 95.5808593966359 -59.45092159774853
318 115.7664500659256 -47.4656944223452
318 115.4939385509391 -106.6079830905326
318 95.2678866602116 -118.5422656706658
318 95.69567424244138 -71.25208637191358
318 105.7552712715134 -77.09147632570966
318 95.6168135354332 -94.74017290667432
318 115.7201515353275 -82.96187227797475
318 115.7122073407762 -71.21680021911365
318 105.6311132034823 -88.87072511940924
318 105.6191978211837 -65.31287114845557
318 105.5746476077797 -100.6951867597583
318 105.4999999999999 -112.5454545454543
318 105.5 -53.45454545454565
318 105.7400480169444 -39.19378827216241
318 105.2648572296465 -126.807348883982
318 100.1948215144292 -139.0421033792765
318 110.8059960266692 -26.9580861467476
318 117.1314852393822 -131.0551748315481
318 93.86933230171616 -34.94501469447599
318 118.8867043492975 -25.59544387909588
318 118.8326165632259 -140.3584613489368
318 92.16754694499365 -25.64157655626802
318 92.11345915892205 -140.4045940261089
2 20 0 228
1202
1203
1204
1205
1206
1207
1208
1209
1210
1211
1212
1213
1214
1215
1216
1217
1218
1219
1220
1221
1222
1223
1224
1225
1226
1227
1228
1229
1230
1231
1232
1233
1234
1235
1236
1237
1238
1239
1240
1241
1242
1243
1244
1245
1246
1247
1248
1249
1250
1251
1252
1253
1254
1255
1256
1257
1258
1259
1260
1261
1262
1263
1264
1265
1266
1267
1268
1269
1270
1271
1272
1273
1274
1275
1276
1277
1278
1279
1280
1281
1282
1283
1284
1285
1286
1287
1288
1289
1290
1291
1292
1293
1294
1295
1296
1297
1298
1299
1300
1301
1302
1303
1304
1305
1306
1307
1308
1309
1310
1311
1312
1313
1314
1315
1316
1317
1318
1319
1320
1321
1322
1323
1324
1325
1326
1327
1328
1329
1330
1331
1332
1333
1334
1335
1336
1337
1338
1339
1340
1341
1342
1343
1344
1345
1346
1347
1348
1349
1350
1351
1352
1353
1354
1355
1356
1357
1358
1359
1360
1361
1362
1363
1364
1365
1366
1367
1368
1369
1370
1371
1372
1373
1374
1375
1376
1377
1378
1379
1380
1381
1382
1383
1384
1385
1386
1387
1388
1389
1390
1391
1392
1393
1394
1395
1396
1397
1398
1399
1400
1401
1402
1403
1404
1405
1406
1407
1408
1409
1410
1411
1412
1413
1414
1415
1416
1417
1418
1419
1420
1421
1422
1423
1424
1425
1426
1427
1428
1429
306.0000000000001 11.98149070435642 48.72445882611218
306 72.21661249712966 105.6302051467056
306 122.6021436622102 38.56183165275809
306.0000000000001 12.34693877756078 12.28913952194374
306 75.83309399988482 -24.18244281187151
306 75.6950576881365 -12.50884394925225
306 75.69384885097752 -107.3279086692356
306 75.60617987678805 -71.69151592541766
306.0000000000001 12.1335238275696 -46.84836145087237
306 38.9375 105.3654673828981
306 39.05542647846259 -149.5989196966141
306 125.0049624402561 73.30639948702114
306.0000000000001 9.494013787905857 -92.62540542763577
306 65.56845165737796 -18.59856603026967
306 65.49390448946728 -6.714709630878531
306 75.92042663744351 -0.8940226936376945
306 65.6028564468278 5.221894041475537
306 76.07285852061362 11.1013468382458
306 65.76516896893023 17.23131645239903
306 76.22529204104605 23.10275715670684
306 65.91809466141166 29.23257029925024
306 76.37738633981246 35.10197123988748
306 66.06151762641112 41.23212107468284
306 76.52717214900849 47.10113491734131
306 66.21091740858698 53.23127543823378
306 55.11443381717558 -12.73926150026054
306 55.26029197857554 -24.72024075013823
306 76.67756773041791 59.10022419289885
306.0000000000001 10.31699828856242 -69.65217391304401
306.0000000000001 10.31699828856244 73.30434782608688
306.0000000000001 9.495096052266433 -116.5095368441823
306 94.5625 105.3654673828981
306 55.55869600992465 35.25527383087244
306 123.1830017114375 13.73913043478254
306 66.36141535853668 65.23035133963531
306 55.89452085059204 59.36142057928393
306.0000000000001 11.65766363841922 -23.13880189880763
306 55.16452649088254 11.28391229574088
306 75.2651543189111 -130.2727272727273
306 100.2901332771657 -8.562431736765816
306 86.99361483075783 52.97010475626796
306 87.14433869989506 64.96916491479439
306 86.69233232571042 28.97134910622279
306 56.04523829198763 71.36047973496375
306 75.59379419369998 -47.93391412033998
306 45.57836851601749 65.49154715215525
306 44.74953289821008 -18.79254724771147
306 44.7950306351119 -30.79609111040506
306 97.46040530797029 58.83904542776231
306 97.61118774650623 70.83809943118504
306 87.29509985757356 76.96822072431503
306 45.72915519336117 77.49060054471872
306 56.19603650875828 83.35953216690439
306 61.51321803439276 -149.407956328869
306.0000000000001 11.08656937455964 -140.5557781115079
306.0000000000001 10.31699828856246 97.13043478260867
306 123.1830017114375 97.13043478260866
306 44.71964940981985 -6.750409541732921
306 34.30860194006497 -12.84527935794293
306 34.29624532215786 -0.7892705924985677
306 97.30999377142473 46.83929685105693
306 45.42757295704678 53.49249350936767
306 35.11147678676535 59.62261623170208
306 34.9606777265343 47.62356318572176
306 97.80406942502104 82.76208331558338
306 55.20723925122641 -36.73504579427978
306 44.83581758524858 -42.79701150250614
306 34.41615056575597 -36.84546890658888
306 34.46693283240863 -48.84609285325146
306 44.88534409896646 -54.8002746993437
306 34.51908260713792 -60.84674372714284
306 44.9376670490535 -66.80085419097841
306 34.57187391257048 -72.84687057661552
306 44.99056529600529 -78.8008936884458
306 34.62486804785769 -84.846820090286
306 45.04359322488847 -90.8008136312084
306 34.67791759220852 -96.84672010222951
306 45.09665200414338 -102.8007053928368
306 34.73098151323057 -108.8466071670319
306 45.14971832077292 -114.8005902996467
306 34.78404908655625 -120.8464909314297
306 45.20278650283308 -126.8004735139469
306 55.40925997511582 -84.75491522648522
306 107.7041504909725 52.8379061162908
306 55.16311077091586 -60.75558924914509
306.0000000000001 23.26196191990411 -6.580364436896957
306 55.37674402803634 -120.7554211207163
306 86.20874197614913 5.292174898888561
306 87.75772706747475 88.33989257466152
306 77.05982281133375 82.94233865782573
306 119.5475421596098 -9.268959977760943
306 34.5765371621261 -132.370287240166
306.0000000000001 24.76657860636519 -126.8701467776419
306 55.52407626396781 -132.3105655711277
306.0000000000001 24.31224225485738 -102.8926262518844
306 45.54663958754483 88.83363679352595
306 35.36432915350753 83.53292543418462
306 55.98709624301631 95.48573632789885
306.0000000000001 24.20610465408265 -78.8928609440384
306.0000000000001 23.61217906579415 -54.0110053326872
306 109.4436447210669 40.10604989703864
306.0000000000001 23.56324037711977 5.375536244305835
306 34.14334538139059 11.25022315223512
306 107.4405180968405 75.60587539901756
306 108.0238410274322 86.75107371852496
306.0000000000001 23.57472929985313 17.52538710907042
306 34.22909636821896 23.25421327679587
306.0000000000001 23.74715444915327 29.53190270585102
306.0000000000001 22.58265706137971 56.0310199062264
306 26.86427329619465 66.47498434937188
306.0000000000001 23.77517692895772 -139.1342032630262
306 72.54989358588287 -148.9363962798835
306.0000000000001 23.9413816274573 -18.88851705076783
306.0000000000001 11.48034432392728 0.5996744523355346
306.0000000000001 23.41923707476671 42.33767752758108
306.0000000000001 12.02040783991059 36.78176038049079
306 65.47780327485404 -30.4459856121498
306 34.41589460887985 35.51471576750507
306 44.86699227006855 29.20022306046992
306 87.861046594486 -7.488991832318192
306 55.150520062629 -0.7026096915841151
306 44.61949912397466 5.243073279530606
306 86.51102109353353 17.02400763128462
306 96.68989045374303 11.13599138097555
306 96.97624608140865 22.89633824111282
306 106.7327375345903 15.82024643543264
306 105.8168987571974 2.267557856214196
306 107.0993541091694 27.49395918873009
306 34.36744941939673 -24.84345266814165
306.0000000000001 23.45498421610544 -30.08700156044739
306.0000000000001 12.00171176258524 -34.78384304459451
306.0000000000001 23.34758037836986 -41.90362885807363
306.0000000000001 12.35391577034865 -57.73913043478305
306 55.11241295723153 -48.75159796424924
306 97.39404515943238 34.54634162612984
306 86.88242409602439 40.92169974948439
306.0000000000001 22.53455313587199 -66.70118830366266
306 55.73833092278642 47.34433728822295
306 66.63412533577434 88.67705469607039
306 55.19514717293937 -72.7556791967146
306 65.49829461938199 -78.27063597157468
306 65.56731351692952 -90.05197757257545
306 55.24801543070092 -96.64607114930737
306 76.84172765441946 71.07328517187952
306 107.4903748778548 64.00982015695568
306 117.111146162582 57.07180154463725
306.0000000000001 24.25917345405668 -90.89274359772074
306 66.52306099346836 77.10717362787985
306 35.59896456616222 71.72741066180367
306.0000000000001 25.9733507307207 76.34914313655136
306.0000000000001 25.24575267062312 87.24753963653231
306.0000000000001 24.36531105543104 -114.8925089055775
306 44.76757574007435 -139.2038234177371
306 55.27685687794184 -108.7374642387444
306 65.38184243417575 -114.117051099996
306 45.16136074920676 41.40510110702665
306 65.26742644887887 -54.37164680964153
306 66.42427772986242 -138.6145427799541
306 124.0460795994132 0.5435503149693517
306 123.6906136593994 25.73692002371126
306.0000000000001 10.31699828856244 85.21739130434777
306 123.9712617663616 85.18195200396056
306.0000000000001 10.21665407543611 61.36504355683899
306.0000000000001 9.220465984089657 -104.2928598050473
306.0000000000001 9.356130674405264 -80.54119792717802
306.0000000000001 9.486740086401994 -128.2233587185349
306 55.48972007934987 23.36364081161335
306 44.75219661898085 17.26588097939762
306 77.55037147674179 95.32109724319258
306 105.4114123799822 105.5472364116002
306 83.36741399564525 105.7254892963522
306 50.12284937383605 105.7606210709905
306 28.05247284077288 105.7215477146704
306 50.18103670882162 -149.7003355155529
306 61.24139512324368 105.8555197974108
306 27.8125 -149.4379575734054
306 99.15895687772976 94.93409272466229
306.0000000000001 11.94820506107963 24.57208959057382
306 65.45458464760742 -42.32757717132222
306 75.39379382051203 -59.90619119734731
306 116.8125 105.7954322653617
306.0000000000001 16.94579217498634 106.3324086572425
306.0000000000001 17.14993278497221 -149.6954014063903
306 65.35399211823605 -66.29187639164016
306 75.63234625099216 -83.47205188129161
306 110.2095625946209 -8.79629638874863
306 75.70529432612555 -35.96308568043858
306 117.1609223915823 47.48490636311067
306 34.23096958325458 95.34018000270167
306 75.45823269423235 -95.53360434027252
306 65.43768496749298 -102.0690128450219
306 75.36296179610892 -119.2234034642693
306 65.02406531972966 -126.4972336257899
306.0000000000001 11.72355858495132 -11.36365366293592
306 95.52752060339373 0.4492374108677097
306 129.5 -141.6106719367589
306 129.5 -129.7450592885376
306 129.5 -117.8794466403162
306 111.5531482441982 97.73672966405103
306 127.6011205251912 -10.11764013904909
306 115.0787054424111 8.4753654568554
306 76.98104557586545 -140.11742218693
306 33.32670377313087 -141.9897368693101
306 115.7022611367055 20.09534640420279
306 55.62500000000001 -141.991313650097
306 88.99999999999999 98.0361660053169
306 126.0286581603342 49.87894116779593
306 116.0152594642833 31.16777939164703
306.0000000000001 21.94255705509883 97.90789785922667
306 114.6028013737524 -1.213944474179343
306 66.74681262547995 98.25655623886983
306 126.0077917365023 61.56579931897501
306.0000000000001 7.960189090249131 -150.8043954288714
306.0000000000001 7.677558092709745 107.3099599923181
306 125.8741003422875 107.2025647139419
306 44.49999999999997 98.34206903979592
306 116.5716935672387 68.15296333309198
306 116.5052999940637 79.44257084247604
306.0000000000001 17.8060478078219 -132.0122306971365
306.0000000000001 18.16892550506377 -120.9199707430331
306.0000000000001 16.57522242033637 91.17391304347821
306 116.6055779947254 90.36292970403815
306.0000000000001 18.16765423141054 -108.9198590177118
306.0000000000001 16.49677667453697 79.26086956521732
306.0000000000001 18.16603183295513 -96.91974884510137
306.0000000000001 18.16405431735564 -84.91964024245104
306.0000000000001 17.60398585894069 68.08749035724166
306.0000000000001 17.83733472920281 -73.75821475416532
2 21 0 170
1430
1431
1432
1433
1434
1435
1436
1437
1438
1439
1440
1441
1442
1443
1444
1445
1446
1447
1448
1449
1450
1451
1452
1453
1454
1455
1456
1457
1458
1459
1460
1461
1462
1463
1464
1465
1466
1467
1468
1469
1470
1471
1472
1473
1474
1475
1476
1477
1478
1479
1480
1481
1482
1483
1484
1485
1486
1487
1488
1489
1490
1491
1492
1493
1494
1495
1496
1497
1498
1499
1500
1501
1502
1503
1504
1505
1506
1507
1508
1509
1510
1511
1512
1513
1514
1515
1516
1517
1518
1519
1520
1521
1522
1523
1524
1525
1526
1527
1528
1529
1530
1531
1532
1533
1534
1535
1536
1537
1538
1539
1540
1541
1542
1543
1544
1545
1546
1547
1548
1549
1550
1551
1552
1553
1554
1555
1556
1557
1558
1559
1560
1561
1562
1563
1564
1565
1566
1567
1568
1569
1570
1571
1572
1573
1574
1575
1576
1577
1578
1579
1580
1581
1582
1583
1584
1585
1586
1587
1588
1589
1590
1591
1592
1593
1594
1595
1596
1597
1598
1599
208.0595693255752 133.5 62.25735124756695
297.1959909228856 133.5 37.74970981560976
256.95 133.5 105.5603230987497
208.4153790858743 133.5 24.38538373794881
263.2048104370027 133.5 -8.770570432385767
295.3760330726035 133.5 72.03699297606545
252.0031437420704 133.5 -8.123686730925471
257.9555716869847 133.5 1.321044607627982
247.7480595783334 133.5 -118.4382317485451
247.7734267537267 133.5 -94.37179315293633
247.8166759626061 133.5 -70.76791067096769
247.5551315851095 133.5 -47.33907061687398
206.0881123865654 133.5 86.11707535625624
235.005093184534 133.5 105.1684629259534
208.0905889640856 133.5 -20.95125036010813
207.7419752111989 133.5 1.352699894417157
223.9632453013198 133.5 -148.9580238962639
207.3310542435106 133.5 -105.4266514222759
207.3373810169041 133.5 -81.55163292747639
206.9621165752523 133.5 -58.04662729934785
246.0781395886065 133.5 1.423710199973272
252.1335503357308 133.5 11.68340159911678
282.5889967065461 133.5 -10.62788460072923
264.0938002684118 133.5 11.47579370911902
258.1994046653576 133.5 22.01157632822574
246.1798565620263 133.5 22.09122985178418
252.2783343909484 133.5 32.46676032429831
279.4375312257249 133.5 105.0288550856344
240.3055729985205 133.5 32.52816930628381
246.3557230037519 133.5 42.89704195352378
258.3520689126415 133.5 42.81591196561538
252.4247722768103 133.5 53.25007988966561
264.4238873722308 133.5 53.1665744715209
258.4966538831803 133.5 63.60072954021945
246.4969246294183 133.5 63.68475033472756
240.2140740422807 133.5 -8.313654425464733
234.5031069986695 133.5 43.0274640878137
252.5693380449547 133.5 74.034958185818
240.5696644646397 133.5 74.11893666945832
264.5690796969153 133.5 73.95092410013393
207.3163428690159 133.5 -129.2296486478464
295.2917157064755 133.5 14.50531754498898
270.1977738871037 133.5 21.92158371899977
233.9509918955744 133.5 22.16197126936865
247.1257725135912 133.5 -142.0210072258545
234.0288263636721 133.5 1.393940479458905
270.3506460354187 133.5 42.73280037611448
276.4233067410999 133.5 53.08280167758168
234.4970636300068 133.5 63.76888602502921
228.2730495484026 133.5 -9.31249827077184
236.2397807299429 133.5 -19.43767842341705
246.6419461014453 133.5 84.42691878748695
234.6424872764994 133.5 84.54599620232929
213.35 133.5 105.5603230987496
275.5927409425223 133.5 11.22920696307656
296.6404691361956 133.5 97.46421263994176
283.7299798836397 133.5 21.06119240673449
247.6068436960247 133.5 -24.60426621490456
222.0176907905853 133.5 -20.02123343682595
228.5912521398012 133.5 -29.98765836483486
221.0361966707123 133.5 1.091029345449527
281.5170433544131 133.5 42.89091487649948
287.4915691201061 133.5 52.54802668686235
284.0618785571261 133.5 64.57352083902407
269.36158809879 133.5 0.9911412337189631
216.528226501756 133.5 -30.38135324839914
222.7491722643961 133.5 -40.55927090135182
236.2667317640698 133.5 -41.02425846306792
228.3334518056204 133.5 -49.2207457266021
215.2113626150368 133.5 -9.654701558263071
215.2362224949431 133.5 12.26735322318413
210.8652130746068 133.5 -40.37520877083438
227.5308818159216 133.5 11.88891957682512
221.7254771438541 133.5 22.87975366885723
216.9220671256148 133.5 34.06403739257377
239.9837077602553 133.5 11.77386216275451
240.715132535259 133.5 94.90306331614565
228.715426571945 133.5 94.98706804207578
224.801765845849 133.5 85.94771440808354
276.1599663037402 133.5 32.09939088907416
264.2563656992017 133.5 32.34133726705464
240.4503345094379 133.5 53.34118244076319
228.569160293952 133.5 53.4924109398191
222.0194471756739 133.5 63.59675233363789
216.6755551603034 133.5 53.0638221665984
215.5048922191188 133.5 70.92018342741557
270.7572594337335 133.5 63.70691652928332
276.5687503518485 133.5 73.86694854721988
270.6410830659401 133.5 84.21951070704674
282.0568579394641 133.5 84.32526966516727
258.6415104382706 133.5 84.3223164236266
263.9177487198381 133.5 94.73185686530962
226.696511736791 133.5 74.8768520856851
295.4134503975951 133.5 1.397054335534023
207.3540959744885 133.5 -93.49279889934252
217.7201185946979 133.5 -87.51189347058144
217.6865588887876 133.5 -75.53406576299213
228.0874206475509 133.5 -81.49992990677012
228.1139900863781 133.5 -93.49956204395954
227.563977574025 133.5 -70.10390675368888
217.7313224017147 133.5 -99.49327932424626
217.6864675945316 133.5 -111.4281321547304
228.0485616784414 133.5 -105.4953140702397
227.8043030763008 133.5 -117.9061880238201
295.8024900397521 133.5 25.92791436153551
294.1158349284986 133.5 84.67812718582172
207.2801945852748 133.5 -69.6737300646771
206.1887242029322 133.5 -141.2458770919927
217.9449589914763 133.5 -137.8938991385972
247.6353809528396 133.5 -130.4904547798895
237.6393061933022 133.5 -136.7822819099135
248.0567282180873 133.5 -59.11540736901861
247.7651543189113 133.5 -35.72727272727278
247.7651423633325 133.5 -82.34918721090617
247.7890427794467 133.5 -106.1894954347159
207.3209968561213 133.5 -117.3379235838725
217.1787191134218 133.5 -64.07066394912522
292.2362043050323 133.5 -9.245506040938068
216.9445185180668 133.5 -51.39300799678759
217.7011974751498 133.5 -124.2118691702302
237.5891543736273 133.5 -124.6219879185461
228.4248762269166 133.5 32.87879300312864
252.1527229658022 133.5 94.91746693167804
236.3069275260224 133.5 -148.305128808113
246.1538247809326 133.5 105.0915527120878
224.25 133.5 105.5603230987496
268.5185842978446 133.5 105.0985649414524
275.6240746385435 133.5 94.36790855339271
296.1329428935454 133.5 60.23656834452817
216.9225719263323 133.5 93.76754052006331
223.042423079565 133.5 43.46111522144317
213.2589379517216 133.5 -149.5051221320775
290.0309558811794 133.5 105.4538751539098
237.6965669785043 133.5 -111.8029533342512
273 133.5 -9.339745962155646
237.5825737403261 133.5 -99.47915875743996
237.5276781442115 133.5 -87.4788728874513
237.6896362472347 133.5 -75.92228141714668
206.5241736460557 133.5 37.77102363921284
237.7906556139485 133.5 -64.91126644117438
205.8574579748906 133.5 97.7689506416848
282.053285279038 133.5 -0.7682885391169521
228.0084483209628 133.5 -130.725387035797
206.4011089189397 133.5 49.32911546810067
239.29395252975 133.5 -30.15622683869944
287.5243686675673 133.5 34.05963600428683
238.2314456866166 133.5 -53.53847597079914
205.0787153584033 133.5 13.09673954502304
302 133.5 -141.610671936759
286.4162344418541 133.5 9.484896542243419
297.8681766114366 133.5 49.47826086956513
246.220902750917 133.5 -151.2455165007732
302 133.5 -129.7450592885377
302 133.5 -117.8794466403164
205.8968057080897 133.5 -31.90677986717279
286.4385088770927 133.5 94.27809620320996
228.7725772666167 133.5 -140.5329441577369
286.1730502114692 133.5 75.18838187861095
300.4774370411793 133.5 -10.79614836547862
226.9563859679096 133.5 -59.65510097512555
213.6752657629777 133.5 43.56016315259245
204.7516108286848 133.5 -9.943011158701609
205.7261508143492 133.5 -48.58151560895229
205.7354096786395 133.5 74.17538523807893
204.7840635364458 133.5 106.9078953098223
298.2433007853981 133.5 106.9329326656116
204.7566992146016 133.5 -150.9329326656119
246.3829609068922 133.5 -15.41755227321468
290.5257865184773 133.5 43.97390590805182
215.958210632216 133.5 80.96745850593045
2 22 0 100
1600
1601
1602
1603
1604
1605
1606
1607
1608
1609
1610
1611
1612
1613
1614
1615
1616
1617
1618
1619
1620
1621
1622
1623
1624
1625
1626
1627
1628
1629
1630
1631
1632
1633
1634
1635
1636
1637
1638
1639
1640
1641
1642
1643
1644
1645
1646
1647
1648
1649
1650
1651
1652
1653
1654
1655
1656
1657
1658
1659
1660
1661
1662
1663
1664
1665
1666
1667
1668
1669
1670
1671
1672
1673
1674
1675
1676
1677
1678
1679
1680
1681
1682
1683
1684
1685
1686
1687
1688
1689
1690
1691
1692
1693
1694
1695
1696
1697
1698
1699
197 86.66587557104909 69.44975791777074
197 86.96591252039498 -113.0566209801616
197 107.2092846844758 -149.4172322973482
197 106.6581074382401 105.5380803186161
197 84.2117559286723 105.4364604519851
197 82.07846205992757 -150.1448171519426
197 122.4314942359038 -118.0293870412406
197 123.1830017114376 73.30434782608688
197 103.175640410861 -94.17454808059782
197 104.784047915797 50.61926532975842
197 62.91774467216877 105.9808916528194
197 63.19022530587193 -150.0150510533696
197 66.95589395075812 86.34362808508062
197 66.55374807957955 -129.3097941329015
197 123.0146589332774 -81.26928324719265
197 122.5452047379939 37.44252981792279
197 43.10645524752892 95.60022186183953
197 43.10645524752879 -139.6002218618395
197 123.2130080863272 -140.4734142534279
197 122.6440600626396 96.77257541455455
197 27.8125 -149.3654673828981
197 27.8125 105.3654673828981
197 95.40930342467249 -103.906200392255
197 98.93469893716099 -115.4926584352828
197 90.3784386626153 -124.5681433502724
197 102.3873126739674 -127.1170029806528
197 94.29120361856369 -136.2088149101725
197 82.47308844243123 -133.1940879125143
197 106.4637259516604 -106.4492213381065
197 115.3156035951911 -96.02666978350157
197 95.41321867792297 60.73857688312369
197 98.25084923877004 72.83070040912193
197 89.32838135895636 81.06951052875014
197 101.0195080540189 84.29454964233206
197 106.5627427400168 63.80376675580349
197 115.1600568263114 55.65328085355262
197 90.4710772194647 93.98727919471887
197 80.27479248597049 89.15286767955521
197 54.03753649734195 91.35058569314339
197 54.07991191136322 -135.1345296186242
197 121.0300987319029 -59.68293106798038
197 121.030098731903 15.68293106798002
197 110.1916649634436 -83.16136355296879
197 110.190868376946 38.39123687231563
197 77.46910263557632 -122.9204184070267
197 72.22991489504517 -141.19316119356
197 110.2144756230759 -118.2031017610598
197 114.778304347541 -130.3403987823655
197 115.4504136051329 -71.52314711531179
197 115.3720384748361 27.42366709699108
197 77.14214946976851 77.65944106936446
197 70.69640509399854 96.97542513170779
197 111.0482026986317 76.39559354205699
197 112.456201021641 88.03190154605993
197 124.2370926094707 -104.822135393989
197 15.7635959689436 104.5559858075494
197 51.59775705086481 103.6422092262811
197 95.76626177770341 104.9552274061222
197 15.76359596894357 -148.5559858075494
197 51.73650767986923 -147.5787236307232
197 95.12898889432195 -147.5839572913837
197 123.1681066912823 84.67613731721914
197 123.1921137046868 -46.10043261152424
197 123.1921137046869 2.100432611523928
197 104.6912853745154 -138.6633401703926
197 39.00954919790419 105.4372688700517
197 39.03267430273821 -149.4266879374587
197 116.8125 105.7954322653617
197 116.8125 -149.7954322653617
197 123.9198061180646 61.71325570261045
197 124.2143196350647 -34.10360294729242
197 124.2143196350648 -9.896397052707883
197 124.5218114889689 -22.00000000000017
197 123.8553859713198 48.31365716923941
197 103.2396950101109 95.68417931664544
197 125.4845613339544 -129.455596537146
197 73.25189504759103 106.2387980517899
197 124.4863534444969 -92.8062835402767
197 72.42472045216894 -151.8706058797745
197 125.4531283668552 -69.90864910920678
197 125.3618847288451 26.01876638689689
197 33.60567602909219 -141.3396008219783
197 33.60105100812547 97.34171700849689
197 7.817803146282303 101.5624621910979
197 7.817803146282271 -145.5624621910979
197 115.8826912013957 67.43524855799453
197 115.7324784030604 -108.7061030635795
197 112.3621127065263 98.36443377224754
197 125.5398109097509 -150.8043954288714
197 125.539810909751 106.8043954288716
197 62.41492034264051 -140.5442697212096
197 85.24033158205792 -141.6649676919146
197 113.6299455070435 -141.6164410413945
197 115.4139974615627 46.14042077328499
197 79.31501270492525 97.75654833295437
197 62.06006293901407 96.77088320832384
197 6.94127982304518 108.1236895997295
197 6.941279823045168 -152.1236895997294
197 118.2520702341023 -88.31590003098492
197 74.24115922349921 -132.7161305899199
2 23 0 112
1700
1701
1702
1703
1704
1705
1706
1707
1708
1709
1710
1711
1712
1713
1714
1715
1716
1717
1718
1719
1720
1721
1722
1723
1724
1725
1726
1727
1728
1729
1730
1731
1732
1733
1734
1735
1736
1737
1738
1739
1740
1741
1742
1743
1744
1745
1746
1747
1748
1749
1750
1751
1752
1753
1754
1755
1756
1757
1758
1759
1760
1761
1762
1763
1764
1765
1766
1767
1768
1769
1770
1771
1772
1773
1774
1775
1776
1777
1778
1779
1780
1781
1782
1783
1784
1785
1786
1787
1788
1789
1790
1791
1792
1793
1794
1795
1796
1797
1798
1799
1800
1801
1802
1803
1804
1805
1806
1807
1808
1809
1810
1811
296.4951769063134 73.31861506877215 115
206.3254466119726 49.0888685180492 115
206.4124837079035 83.34739389865383 115
257.625806978298 9.867943906988742 115
256.95 124.0603230987497 115
296.1615393602852 39.07393696449724 115
296.7920169880774 96.15153844176834 115
236.1731454008248 10.03373316217827 115
235.8979276143947 123.4429368258058 115
279.0725882772387 9.621230042592472 115
278.102018643921 123.2497414502504 115
206.2557493752147 26.50822446755561 115
206.4286707617975 105.9731740942267 115
212.9038425615387 124.2167691407627 115
212.7861667380485 8.798486798710101 115
296.9517196883082 16.5830444128549 115
296.0150456154777 115.6981422914098 115
296.1117873423268 27.70168498101421 115
285.9059149211276 33.44678175778182 115
286.131930428502 45.18182131859412 115
275.6971280553521 39.59384260094555 115
276.0123666822396 51.56769866193916 115
265.4867103980613 45.86051832867869 115
265.8061794025504 57.86035115712593 115
255.2615675473285 52.13223442613133 115
255.5748361118537 64.12958218563186 115
245.0299647369638 58.40121551146536 115
245.3417836442852 70.39736280385762 115
255.8864189693903 76.12552451155061 115
245.6534090624424 82.39334737648701 115
244.7190801977094 46.40358093779007 115
256.1980103746819 88.1214866199536 115
234.7972362981334 64.66926648627515 115
266.4310197095429 81.8536698191925 115
266.7426073543716 93.84962327613735 115
245.9650040241765 94.38930812752494 115
235.4204090386895 88.66117418973083 115
265.1799707282789 33.86815424592145 115
235.7569550726544 100.611188202206 115
276.1567735699504 63.58878928974398 115
225.1874040507779 94.92899642115071 115
224.8758160383034 82.93304239864013 115
226.1667670161315 106.1182788318425 115
276.6971250733113 87.58903716949723 115
276.9622981979475 99.58619677621544 115
267.0024406220561 105.8425743085799 115
246.3161651507559 106.3187734323139 115
277.3356491447559 111.1420297376457 115
288.20960797063 105.2349984102214 115
267.3459451832764 117.1655557237584 115
275.1827837332992 28.04427088889454 115
263.9157362093084 20.82047430739002 115
254.6436819915482 28.13958004464885 115
286.1868939464944 56.82266936816524 115
254.9500630586142 40.13492166645317 115
244.4086919116494 34.40605972847645 115
234.1751629215015 40.67325059068952 115
233.6623853684015 29.04907180170343 115
223.6310839002163 34.94403555810534 115
224.1643759015795 46.93440426083188 115
223.7478975121763 23.15701044864335 115
242.9079390793689 21.20512388690501 115
276.3938678525977 75.59181213663992 115
286.4155466906869 80.43966840784185 115
234.522514548231 52.66972033087924 115
224.6977486191543 58.92582621419887 115
224.8719442149788 70.92793310661472 115
215.431241707936 65.61097450496989 115
266.0796846097971 69.85799329945723 115
235.1600997161388 76.66368772693424 115
256.5099650358279 100.1014506600539 115
256.8093379821943 111.9432376055516 115
285.2465744511215 20.30451241838704 115
246.3694596817377 117.4886248815017 115
236.3779880986845 111.6138016865197 115
296.3654673828981 50.0625 115
206.462277682716 37.29170373667132 115
206.5444598354211 94.79496351392109 115
246.9805957161127 9.926823957968054 115
268.3608931100658 9.70653327154352 115
223.4600485711248 123.715434125979 115
224.0771439927808 11.3663539972646 115
296.1329602989618 61.98774856260859 115
206.1087902298585 71.99002873773379 115
289.6974629917235 8.904103923309457 115
289.7128613988521 124.4202519562713 115
286.1406852148048 68.83140470079593 115
205.4956143602857 15.89090919287932 115
205.83523037984 116.8125 115
216.9942296751893 113.3854739799659 115
296.2586688460171 85.02302684196833 115
216.0212101633652 89.165059369144 115
215.7358425327732 77.16930402277903 115
216.4043943794603 101.159153721502 115
286.379853173042 92.83500845714761 115
298.3633579398783 105.6906684490571 115
205.7153386076241 60.76935845637581 115
216.1254245159909 53.14278368622669 115
232.1137022707105 18.96225865933894 115
253.1471262855021 18.21835015349334 115
273.8512271955498 17.92955137228986 115
285.8750365547273 115.9490327691597 115
216.1195491082046 41.14042742206848 115
215.8460556247826 29.43605141329414 115
214.9918122534423 18.66164479297901 115
267.85 126.6117275515113 115
246.05 126.7890424696988 115
227.779392195105 115.6551850900226 115
204.9399577950089 8.002099098031188 115
204.9399577950089 125.4979009019688 115
298.1105482790687 7.952614495114716 115
298.1105482790687 125.5473855048853 115
2 24 0 112
1812
1813
1814
1815
1816
1817
1818
1819
1820
1821
1822
1823
1824
1825
1826
1827
1828
1829
1830
1831
1832
1833
1834
1835
1836
1837
1838
1839
1840
1841
1842
1843
1844
1845
1846
1847
1848
1849
1850
1851
1852
1853
1854
1855
1856
1857
1858
1859
1860
1861
1862
1863
1864
1865
1866
1867
1868
1869
1870
1871
1872
1873
1874
1875
1876
1877
1878
1879
1880
1881
1882
1883
1884
1885
1886
1887
1888
1889
1890
1891
1892
1893
1894
1895
1896
1897
1898
1899
1900
1901
1902
1903
1904
1905
1906
1907
1908
1909
1910
1911
1912
1913
1914
1915
1916
1917
1918
1919
1920
1921
1922
1923
296.495152610728 73.31861506877215 -159
206.4136054919653 83.34723608879679 -159
206.3216162973828 49.11444474284961 -159
257.6273245144349 9.863884591900295 -159
256.95 124.0603230987497 -159
296.1615393602852 39.07393696449724 -159
296.7920169880774 96.15153844176835 -159
235.8979276152273 123.4429368249833 -159
236.1602811463111 10.03337682025659 -159
278.102018643921 123.2497414502504 -159
279.0813861322194 9.625162349056154 -159
206.2486655106424 26.52082709979191 -159
206.4286707617975 105.9731740942267 -159
212.7841091196057 8.796353395569028 -159
212.9038425615387 124.2167691407627 -159
296.0150456154776 115.6981422914098 -159
296.9554465852283 16.58536537458797 -159
296.1161353887336 27.70439276970281 -159
285.9301684332424 33.42789542584531 -159
286.135447706512 45.17992411204742 -159
275.7071831676366 39.59078699177944 -159
276.0141037732796 51.56812370809641 -159
265.4856043795397 45.85519588553582 -159
265.8078122713371 57.86173644986383 -159
255.2585839699636 52.12669421842244 -159
255.5740565336033 64.12841730279132 -159
245.0308712949819 58.40254248504494 -159
245.3418300276989 70.39740215629524 -159
255.8862967702509 76.12533692315013 -159
245.6533964264881 82.39332267049321 -159
244.708063558289 46.40697851429394 -159
256.1979879016658 88.12145123874575 -159
234.8019018575262 64.67683802236685 -159
266.4309962253253 81.85362523723768 -159
266.7425996943322 93.84960995013478 -159
245.9650059025197 94.38931015182902 -159
235.4204072457543 88.66117040944921 -159
265.1912986280209 33.85603443143978 -159
235.7569550868891 100.6111879095431 -159
276.1568102559124 63.59034152833589 -159
225.1874040507779 94.92899642115073 -159
224.8758160383034 82.93304239864014 -159
226.166767018504 106.1182787830654 -159
276.6971198826018 87.58902751817102 -159
276.962296056156 99.58619294666067 -159
267.0024389889443 105.8425714510813 -159
246.3161653771328 106.3187736393005 -159
277.3356485156053 111.1420286231369 -159
288.2096075747811 105.2349977039266 -159
267.3459448072599 117.165555062327 -159
275.2042469207508 28.04129681339582 -159
263.9240241211238 20.81239222495363 -159
254.6582132564255 28.10946995861986 -159
286.187751493411 56.82268271453232 -159
254.9456688076242 40.1274180268915 -159
244.3836247423913 34.41026944185197 -159
234.1560865369672 40.70563789401069 -159
233.6245610904193 29.0771042160968 -159
223.596250482447 35.01040383784721 -159
224.1629942309534 46.99581646950809 -159
223.6978077958421 23.20526222539003 -159
242.8867022484017 21.20429323571994 -159
276.3938691877702 75.59206180419174 -159
286.4155419988332 80.43970841054613 -159
266.0797480135653 69.85814552272983 -159
235.1095962907084 76.6664773406717 -159
224.8041562350251 70.9373664448279 -159
256.5099600932805 100.1014424383873 -159
234.5217875884433 52.69310143338049 -159
256.8093368622825 111.9432356826967 -159
224.7388751566347 58.95317247544997 -159
215.4272389368226 65.62768667298957 -159
285.2598623434411 20.304050806649 -159
246.369459532954 117.4886245950136 -159
236.3779881145233 111.6138016162257 -159
296.3654673828981 50.0625 -159
206.4522830735662 37.32763909505586 -159
206.5446467994314 94.79493721227826 -159
268.3690646186152 9.706776434430587 -159
223.4600485712636 123.715434125842 -159
246.9716234155781 9.92311968087877 -159
224.0566382176411 11.37240409855949 -159
296.1330991741837 61.98775078700311 -159
206.1099601050916 71.99262998757051 -159
289.7128613988521 124.4202519562713 -159
289.6990308151092 8.904455700305213 -159
286.1408049119278 68.83162582932087 -159
205.4920331613403 15.89052066125412 -159
205.83523037984 116.8125 -159
216.9942296755481 113.3854739729781 -159
296.2586640147773 85.02303350908572 -159
216.0212101633652 89.16505936914402 -159
215.7384801424769 77.1683571636367 -159
216.4043943794603 101.1591537215021 -159
286.3798517060825 92.83501121927738 -159
298.3633578833285 105.6906683481578 -159
205.7173642040343 60.77865521746876 -159
216.1140759986664 53.20722395402288 -159
232.0851980997231 18.97848811920457 -159
253.1361187715005 18.20525961138492 -159
273.8816529439133 17.93921944067343 -159
285.8750363497274 115.949032404999 -159
216.1006531092438 41.22944450307478 -159
215.8179676651872 29.51183736020381 -159
267.85 126.6117275515113 -159
214.9794665427847 18.64884437413259 -159
246.05 126.789042467461 -159
227.7793921990133 115.6551850646189 -159
204.9399577950089 8.002099098031195 -159
204.9399577950089 125.4979009019688 -159
298.1105482790687 125.5473855048853 -159
298.1105482790687 7.952614495114702 -159
3 1 0 783
1924
1925
1926
1927
1928
1929
1930
1931
1932
1933
1934
1935
1936
1937
1938
1939
1940
1941
1942
1943
1944
1945
1946
1947
1948
1949
1950
1951
1952
1953
1954
1955
1956
1957
1958
1959
1960
1961
1962
1963
1964
1965
1966
1967
1968
1969
1970
1971
1972
1973
1974
1975
1976
1977
1978
1979
1980
1981
1982
1983
1984
1985
1986
1987
1988
1989
1990
1991
1992
1993
1994
1995
1996
1997
1998
1999
2000
2001
2002
2003
2004
2005
2006
2007
2008
2009
2010
2011
2012
2013
2014
2015
2016
2017
2018
2019
2020
2021
2022
2023
2024
2025
2026
2027
2028
2029
2030
2031
2032
2033
2034
2035
2036
2037
2038
2039
2040
2041
2042
2043
2044
2045
2046
2047
2048
2049
2050
2051
2052
2053
2054
2055
2056
2057
2058
2059
2060
2061
2062
2063
2064
2065
2066
2067
2068
2069
2070
2071
2072
2073
2074
2075
2076
2077
2078
2079
2080
2081
2082
2083
2084
2085
2086
2087
2088
2089
2090
2091
2092
2093
2094
2095
2096
2097
2098
2099
2100
2101
2102
2103
2104
2105
2106
2107
2108
2109
2110
2111
2112
2113
2114
2115
2116
2117
2118
2119
2120
2121
2122
2123
2124
2125
2126
2127
2128
2129
2130
2131
2132
2133
2134
2135
2136
2137
2138
2139
2140
2141
2142
2143
2144
2145
2146
2147
2148
2149
2150
2151
2152
2153
2154
2155
2156
2157
2158
2159
2160
2161
2162
2163
2164
2165
2166
2167
2168
2169
2170
2171
2172
2173
2174
2175
2176
2177
2178
2179
2180
2181
2182
2183
2184
2185
2186
2187
2188
2189
2190
2191
2192
2193
2194
2195
2196
2197
2198
2199
2200
2201
2202
2203
2204
2205
2206
2207
2208
2209
2210
2211
2212
2213
2214
2215
2216
2217
2218
2219
2220
2221
2222
2223
2224
2225
2226
2227
2228
2229
2230
2231
2232
2233
2234
2235
2236
2237
2238
2239
2240
2241
2242
2243
2244
2245
2246
2247
2248
2249
2250
2251
2252
2253
2254
2255
2256
2257
2258
2259
2260
2261
2262
2263
2264
2265
2266
2267
2268
2269
2270
2271
2272
2273
2274
2275
2276
2277
2278
2279
2280
2281
2282
2283
2284
2285
2286
2287
2288
2289
2290
2291
2292
2293
2294
2295
2296
2297
2298
2299
2300
2301
2302
2303
2304
2305
2306
2307
2308
2309
2310
2311
2312
2313
2314
2315
2316
2317
2318
2319
2320
2321
2322
2323
2324
2325
2326
2327
2328
2329
2330
2331
2332
2333
2334
2335
2336
2337
2338
2339
2340
2341
2342
2343
2344
2345
2346
2347
2348
2349
2350
2351
2352
2353
2354
2355
2356
2357
2358
2359
2360
2361
2362
2363
2364
2365
2366
2367
2368
2369
2370
2371
2372
2373
2374
2375
2376
2377
2378
2379
2380
2381
2382
2383
2384
2385
2386
2387
2388
2389
2390
2391
2392
2393
2394
2395
2396
2397
2398
2399
2400
2401
2402
2403
2404
2405
2406
2407
2408
2409
2410
2411
2412
2413
2414
2415
2416
2417
2418
2419
2420
2421
2422
2423
2424
2425
2426
2427
2428
2429
2430
2431
2432
2433
2434
2435
2436
2437
2438
2439
2440
2441
2442
2443
2444
2445
2446
2447
2448
2449
2450
2451
2452
2453
2454
2455
2456
2457
2458
2459
2460
2461
2462
2463
2464
2465
2466
2467
2468
2469
2470
2471
2472
2473
2474
2475
2476
2477
2478
2479
2480
2481
2482
2483
2484
2485
2486
2487
2488
2489
2490
2491
2492
2493
2494
2495
2496
2497
2498
2499
2500
2501
2502
2503
2504
2505
2506
2507
2508
2509
2510
2511
2512
2513
2514
2515
2516
2517
2518
2519
2520
2521
2522
2523
2524
2525
2526
2527
2528
2529
2530
2531
2532
2533
2534
2535
2536
2537
2538
2539
2540
2541
2542
2543
2544
2545
2546
2547
2548
2549
2550
2551
2552
2553
2554
2555
2556
2557
2558
2559
2560
2561
2562
2563
2564
2565
2566
2567
2568
2569
2570
2571
2572
2573
2574
2575
2576
2577
2578
2579
2580
2581
2582
2583
2584
2585
2586
2587
2588
2589
2590
2591
2592
2593
2594
2595
2596
2597
2598
2599
2600
2601
2602
2603
2604
2605
2606
2607
2608
2609
2610
2611
2612
2613
2614
2615
2616
2617
2618
2619
2620
2621
2622
2623
2624
2625
2626
2627
2628
2629
2630
2631
2632
2633
2634
2635
2636
2637
2638
2639
2640
2641
2642
2643
2644
2645
2646
2647
2648
2649
2650
2651
2652
2653
2654
2655
2656
2657
2658
2659
2660
2661
2662
2663
2664
2665
2666
2667
2668
2669
2670
2671
2672
2673
2674
2675
2676
2677
2678
2679
2680
2681
2682
2683
2684
2685
2686
2687
2688
2689
2690
2691
2692
2693
2694
2695
2696
2697
2698
2699
2700
2701
2702
2703
2704
2705
2706
261.0220450911084 91.68833953610977 -117.2454392480091
240.2862164427013 90.75561589811755 73.47485370087242
270.7397273776367 73.57625598451756 79.94481905609634
236.1122423933377 68.28467830088157 -124.1952430468581
269.3957330255496 98.78187853057986 55.48444306493158
277.4636456488226 104.9636456488225 -89.90342504483205
235.723357600387 99.25378108679486 -94.88168610374349
234.3159355541582 59.96236314602624 82.66032038396381
234.2892531043021 100.9042968849922 43.084566425636
272.9348797912236 63.09689383036799 -126.7615406952873
231.3284785321561 100.1808934456707 -126.9378958328486
265.3612574455367 102.7736087687936 85.07336759887133
230.8018379790984 39.87934437166975 -129.6774391024554
281.6771349954203 109.1771349954202 -129.6232721269272
228.9709422020702 106.4955316970197 -52.66517420608314
261.0926980040118 47.37462211732802 86.66101278961837
278 112.6710449092289 -61.87285570528565
252.9274684478764 106.1516752325402 -73.89859985582632
258.8081102356051 106.1029527040324 30.63494445493974
229.7156158696619 105.9260325155334 15.96332816538358
229.4876801833895 33.42756813050129 88.14965854261378
280.3223789727001 114.8148859783998 -36.00988345598044
257.825471522435 41.15475302903162 -132.0179205806052
223.4923517153342 106.4397992086434 87.96686945981257
228.0927533064669 74.03088853348459 57.2600371820949
227.5673140874644 106.7280358179497 -11.25684107941865
280.3975938587059 82.51428712953495 -102.7864380455564
227.4449355691145 75.7510006116018 -101.1797930924923
252.5307584803517 24.29857928908093 90.26408618875676
281.2365452479734 31.68064136006421 89.13735608163982
223.9758039839458 81.51376869753355 90.03976632678925
253.810791847302 108.7778353559748 -134.2304261423551
281.2847998834769 84.97111864029237 -134.8111753185977
284.6642415107335 112.1642415107334 -14.77653975930307
258.3299178243866 89.85833529374683 -92.90086815259387
281.3195456570008 24.30311984771745 -134.5327651642041
249.4632204561475 76.99236410949094 91.44832635260454
281.2207049727422 107.0029309549454 19.48293245296943
278 120.4545848847241 -108.5101378621028
255.875067553512 110.0839823559278 6.968837680031863
225.1351311388796 110.1736996650825 -76.1790386018546
256.9785292576109 78.77275581069597 60.80186411420937
226.4417065702711 52.6778545441749 -109.3313547598939
248.4065326672184 109.5899418826912 60.6806969028006
253.5290413270769 110.0856269377916 -50.16691208197763
226.6483887149115 86.33109445668195 -76.93775850967583
221.2608932300627 102.8610023217642 63.79029381652317
255.4367645069557 76.96381447897178 -135.1637389875856
256.0090524349066 69.33933871456472 -111.5393211958184
254.4840335286879 110.3308969881268 -104.1771415127586
283.1620488694622 92.533514094436 73.54320451241239
237.4985247659206 110.5923016964948 -31.67050684627483
282.5498877893143 56.44974978093024 91.48998111673363
219.3258092164475 78.16015553764898 -136.3475231525586
226.5165492125542 82.00025059131265 32.79081574914471
245.4247481232705 111.187167404122 92.62261056297369
263 112.3246665282884 -22.36502437752174
295.0167888265211 105.4999999999999 -111.4472056606637
226.1242648437859 51.95073808550662 62.87131322524229
245.0687013124228 22.36013100386455 -132.024099504091
225.5463247852289 21.0959631189886 -115.717242708497
282.7924651724643 94.6187706493513 38.05263670234888
296.5729073049653 104.767401985348 -71.21280018974126
220.1525470359255 110.211523054593 -108.7728060180296
284.6792648469362 112.2723666580708 88.65760794486813
278.7251663618575 78.82564928802356 56.8250925091622
283.8449838663465 46.38600483907558 -136.8075377098039
217.7255970795995 113.2056334927081 46.0441165579588
226.1338467888554 30.39486613702579 66.72410722906832
218.8817712598855 56.45555769834565 -137.0924820556783
285.7203969041065 113.4963461547026 45.93639617062923
226.1167166608526 92.33170992133657 -28.05173999589632
223.5390619947638 20.87616347919054 -137.374476229182
277.1954658006943 124.1597761482845 -80.0964945287749
294.9708657239109 106.9932996995496 -49.8015123677473
252.8973417109046 60.59568853200831 71.69924848981901
282.4915385463095 85.28561100634711 94.101537451187
252.486024878786 89.79680527297896 43.11606182132692
226.6163130779487 86.35409501791878 -5.64434429460384
226.3987285384576 84.62367491699156 -50.72586685124249
240.7542576922983 86.287744230364 -113.9366282879174
218.5994792820908 86.58032498050294 -116.9994050077997
226.5777523794756 58.43340948278482 -88.84730401482888
226.9994411815247 61.70566088610357 37.01988176602827
275.5394535173037 112.9242670378843 69.75301741790435
242.9919869083145 54.5261698174436 -138.473851316204
286.3592645561633 62.93907274348981 71.21644117986551
219.7157660565005 50.79803618622096 94.52026213362224
226.8345789457193 66.99382935559588 -70.27165752791419
217.8110836947185 112.3107930947445 -137.8533722589603
297.9479420875492 103.946729240446 -91.43488934002322
246.544718154313 113.8090334482953 -10.63068060719668
227.2255932219489 77.77596328007597 12.84983273314696
227.9775037676683 32.67278804850189 -99.49454512707598
227.3583657232944 38.23099653242939 48.33564050015963
247.6961621653423 52.65861373508216 -119.0340725632283
271.129874414061 97.21836080669743 -72.5725106790003
237.7637986910746 85.64477844239015 -139.2555004188735
242.8743733883362 46.68907952144201 95.02767255749751
218.8237451147187 84.64665952145516 71.17504312603573
287.7158105629308 115.5562281648156 3.595568943572938
215.9445875709408 115.3656048787491 -89.94287168352618
263.9984513866796 64.46610080061279 96.1168938745267
238.8522754482338 92.93634555801087 96.0750342831241
236.1622087316785 18.39878373928963 96.85038687506996
242.4195181131123 114.5303140780265 -119.1982019522836
240.8347992213967 114.0204819832923 29.99815379488597
276.1376105153063 100.9865993714416 -109.0122664914164
228.6698517168357 19.11405645163495 51.32643879568836
261.8874534144398 114.978652497226 47.69659513227638
287.626028745554 90.36423741088653 -82.37945306982211
264.535189418218 93.52407078584477 -139.6972216088483
287.6714126612483 58.57669663733012 -114.7194311942387
228.3091165784234 74.19371692268153 -34.50747320512894
219.7690161048161 17.67700296240027 86.60719946444154
244.293479849404 115.3906605527851 -88.53493996869325
262.9665281774683 19.57562410831168 -139.4763051559485
236.6327268493015 114.7127920501023 -140.142736064766
233.9813910499067 114.7806976243459 73.30791840236206
273.0429223789955 44.8872446936392 -121.1996176548801
228.7380419838722 59.92982206542663 18.42688697580535
286.70385042576 67.07390753235569 -139.7479500948336
217.4708453809615 114.7722390616537 27.25264675494503
263.8913155575309 88.0688923091996 97.08207972775179
238.060144984625 97.14828161887195 -66.39287143961865
220.7293472816103 89.86283118421638 50.14003288051028
282.2952837636475 45.33250349815729 76.29838701032216
263.4924227567856 116.0423613090318 -119.7484067135357
261.4792735822053 57.51040323152617 -140.6539252733128
272.0684378851534 106.7809392374881 -1.937890125892461
269.5247348734845 18.76779919812222 96.56872218528478
219.4868725787068 110.0013744861315 -27.76492775490032
240.5182916802901 43.34788846557608 76.80442213188462
258.2341907532108 87.25951051882411 77.42601998479687
274.9370210976294 126.9895877992994 -130.3513349256902
241.1260652049721 95.72688746312446 26.5618158420997
288.5831556267671 89.28952502043714 -118.1587914437338
287.7370335629495 95.97607165275363 55.8893627187141
219.2875614210567 92.21130445407697 -99.44009025212011
229.4666309664008 68.10815276267877 -2.95472276372743
217.0215256943669 65.84783289476236 83.64307620866808
254.5011301674118 115.3999359944138 77.10917140465062
241.3701603670664 115.4986176299142 -62.95552741776061
262.5632417366659 115.1995099435949 -86.65218945410444
295.01747416539 105.5445555557292 -32.03737268195331
229.0636949743437 17.68491662453549 -89.51874843497419
299.4793117665428 102.4046905614434 -130.2727272727273
273.3796880851338 66.23622053708274 -106.6032327359945
219.9754599236205 68.28564234749589 -115.9216740229468
239.1325999181505 88.41475013193816 55.43938971235671
229.4697346357555 44.98656367897095 29.38514506432758
275.4341794233441 127.0077198209082 -49.7062466881064
229.2482464226026 66.12811135089289 -51.7083691292158
243.8764833534829 89.51458395719619 -81.85218169200554
214.2274202188459 97.30348876905619 -132.0790451562627
219.8841343481536 115.1676773146849 3.304876641504909
239.6144150733347 72.84343132818489 71.13806049734873
270.550312207669 104.9362381334694 -47.43814158167554
219.8122239685068 44.37807536609533 77.811684390972
245.5961708651597 77.64401573867531 -98.35166847053245
234.3841096670622 116.5744487582299 51.87834167534059
216.2015237218096 116.0472156728064 74.76149170760517
268.8287685322479 65.79297005437523 63.982695357604
273.7789123381293 79.2608110001617 -119.1033255207155
219.5979148937728 98.31242666386289 33.49803724924635
234.5873319614621 69.43019988977795 97.79423400612282
217.4748326052062 37.30976549464549 -141.4917725262368
280.6996538944709 15.87555054563028 83.27145890741488
229.1382439127658 43.1341309586907 -78.3999103193516
288.4672808427816 35.95259546077295 -123.2340202156538
239.3445646324599 116.7645451091066 5.479227070237126
269.2466726793701 114.1857299877101 -141.4673728427532
268.9222142207809 116.138573852308 96.89962202651205
288.2078039185518 119.0366914434499 -93.63680586863805
233.2124007975627 68.80493071768728 -141.9174375325931
239.9413485259985 63.69574139057191 -107.3526679671991
270.9126909176958 35.9749352432375 -142.5061471736259
219.3743809459654 97.46678338264161 -64.86949522473942
212.1344412283471 117.8750709511147 100.1109074828999
230.1900531407289 63.91828202571548 -20.17382685853249
219.380191782996 92.32053371802374 17.43143403062926
220.1597821576901 37.7449507080644 -115.9497767779466
270.7790208245675 73.49791014402108 -142.6334731993142
273.6009888028627 115.8391626996301 33.01642520151883
273.0000000000001 128.5634526126915 -32.37062937062943
235.3900630370678 116.6956759030313 -103.428394071258
269.2589797924985 85.75131531034505 44.13046814504083
270.8079752083493 94.89783838676837 25.86099946736832
247.5518911330768 94.04038792497441 -127.7805900162335
273.1616925332177 43.75551197874267 98.44844064133092
217.7075369565744 116.2647912640855 -61.65709560395988
289.4039465733654 70.3741021145532 98.39946234223301
214.1755438831672 94.52691822818542 97.84782865938972
243.5444141508929 37.12448941640146 -141.5781965294308
289.0984736934707 73.07693784688448 -123.8271186166268
261.5185052172578 116.8429914009549 -63.68912038753331
288.9611691007093 77.58853081336693 80.03117939577622
215.9646987254866 34.57590882814601 98.63711051475633
230.7340593037907 26.63466150055463 35.61245456578025
230.8885089916788 117.2116647093077 98.54912801827709
287.6113423082031 99.20974333864223 -142.6453153316564
225.9121019769416 117.2599272931059 -123.4380514764704
273.0760325908088 83.54935315241619 -87.59768157258574
229.8339328274911 51.60692247135167 -61.9204808026021
290.0114851792069 115.902488597455 -142.6508078181418
228.8555584995054 100.2454357822754 -143.5241264716672
276.3099736838319 100.7023027664023 97.99012081955652
218.6605462803756 116.9726393028043 -43.56426882612213
253.1542021636436 105.269952199038 -34.15803331706633
290.5560133244819 113.6838204390822 62.45866433260138
269.0378210926301 35.27191840069526 78.22882158660819
245.2766269834596 35.94239370612299 -122.2219101727272
290.4379546322555 119.3463246818873 -119.6405994995492
219.2025858816812 98.10105955233117 -42.08103972537616
213.7235865645815 71.65911471835028 99.15831994631436
263.6581233319243 117.817036844616 19.65472051037162
273.3576609377556 129.6824157686897 -95.38511833407793
288.9400767102643 19.07643111336439 98.14293149022606
260.3360961920984 101.6255469052302 69.20429416040648
250.0647831366003 60.04100869309104 88.11399460408047
289.633080369556 41.92701199069104 99.11774079404765
267.4520865731246 51.24578413953549 71.83640694208869
289.697291602413 115.8493386179697 30.27597196376929
259.7670002136274 98.94087853853814 -60.67712621283147
259.3972479323448 26.35894412878702 -124.8444000566752
219.3283731316093 73.59187393720507 44.09847462558821
218.3432377815056 65.62195027785823 67.34415595971679
258.1374363118033 37.01076248379183 99.13278447897315
235.8115378283277 101.7561790534213 -111.1641812128201
290.8098341663405 82.87413281435802 46.37919215104739
262.672963250678 74.75782567446768 -97.57593977465258
235.7706295452562 19.48430910687727 79.13572627211541
263.3845428929884 117.1019771872981 -39.09240744806549
236.6036558740982 100.6387552752813 1.557245283301245
262.7494011609323 54.56931683253603 -113.0628034423091
219.3330036251246 98.76601360912997 2.306322811660217
218.1791549357604 98.010474299845 -84.33872564431
271.4635710132633 14.49168302613484 -127.3597932382177
282.1575825351069 128.4893870188555 -64.835044161658
254.3529543677352 97.81952470721951 17.4440387305307
220.4260036125475 73.76810409817377 -86.10214445427006
212.9285698957769 98.81354172804252 77.61463684559992
237.0401546214656 15.49835626549225 -144.0125384220681
239.3247643135635 118.0345984792265 -46.49343328552769
232.312750668351 16.69409375036364 -29.26952558220174
258.2877257635576 104.2756606978804 99.50694581582795
261.2681758799752 117.8867336254893 -5.906013150692036
284.2978219165597 97.95432108729541 -63.37638898065737
275.0184546750614 95.48317805850506 -124.305356280097
291.4796551561924 15.44575730926153 -126.3829493247575
236.7708428656141 77.25704389866503 44.16861066274685
232.1219087472673 15.17149197281297 -74.09340737110639
244.9109265333119 99.33791132130656 -143.7342585509956
231.5218393301863 79.89115563775229 -19.48442546898098
221.7128927612736 14.9620948268269 68.97523374095478
256.8810851343001 63.5240704302005 -126.4879763101093
290.2193319915473 94.52543298875035 23.88089519548832
229.9081961157182 47.10968427261348 -144.0314757526283
235.0770429748363 97.13869155049792 -41.32208710047178
290.488696499515 97.34522455674909 87.04628246431714
249.5992558591056 105.5284275655768 43.71320413305085
291.1816136767927 71.06433646278612 -99.74638210624545
219.3078805202028 59.18656645809132 50.58994025461971
292.1160709668168 93.24695158429765 -101.6922777117342
249.9367579113695 100.7054206521895 81.43218982806663
230.8826825890911 53.23483836754077 3.671879378287981
212.41877147121 108.2248310778876 -122.9223859821657
231.1215074228099 51.16456330597388 -45.77051190894386
245.1310399491885 69.11892762768609 56.81503158227538
217.1240411246458 51.98260940417127 -122.0555285247938
269.8197464356804 87.52454733762518 66.62358888710085
248.4484700793868 95.70185574376568 -103.799924344966
253.3147401714453 34.23850616622413 78.06186028684962
261.9281188894311 117.9865967346173 63.30048558246743
218.4571743239549 63.13878569121771 -101.1665426176949
232.706696476818 46.4890860159534 -95.72177394258185
290.6690466822525 15.25619465570614 -144.1511604867197
260.7414495530187 13.922097598505 82.93675074092825
291.789434308295 32.48217800525371 77.57055339958542
290.4024968350694 120.7274071378696 -26.10697820249376
291.7320105717536 70.19725491318593 58.38962061422168
290.9732814726593 100.9223384863072 8.622609096935829
216.1979064079156 29.74906119088653 -127.8987872708618
290.0666396236284 119.1550162327816 100.9073461603461
290.2412516257142 33.6373900357752 -143.739965579001
257.2995691572791 90.56136464933446 -74.28562825847297
291.8576873053134 118.2829550546273 -78.1656686473118
231.7269973237463 15.71792367372363 -13.33501667338244
211.787018242783 118.7749590928514 -76.26150883190344
231.023160868174 82.88890337077055 -125.5451621124862
217.5538690154981 118.5894425045708 -14.55965539396866
268.3524266608551 102.1104560701963 12.3649776205303
221.4590008875072 117.9591942522607 60.31160645847786
293.1650648130865 116.9971684547757 -61.85789874285366
273 120.2844289349685 -16.02520424897072
253.4431869638593 93.52348322441011 58.0451532630068
270.0768028851471 102.9275619107814 40.65690898444814
238.2574233694229 33.15943784338697 100.8491251637029
291.2140610828551 119.1636216956819 76.6981002162612
238.5299931027458 103.8260745780423 -80.22208866312586
227.0399490677645 93.35650703212264 80.7736405421296
229.5469582581895 119.4470826016143 -87.55509687153625
217.2743823643956 98.20868472943671 -17.97018408771087
289.649514200213 121.3267672237468 -46.68933453186884
250.4228453081677 14.04265170958404 100.9185591138333
276.2355383762685 57.06455613854143 -144.7117995744465
249.9036041416066 66.55692610995104 -144.913741074423
257.3899227415845 103.4068853335158 -8.386481540045189
272.1149993417848 89.14076302561344 83.55451608908876
248.4758816618774 118.9815639580787 17.63065862298956
232.9541191961104 14.37271788762266 -127.258338792726
291.9144713102702 80.48954179330276 -144.7799420338232
233.0219501771876 53.41317326408341 -123.0493818208043
234.4316301603645 79.37106931870046 -88.14833529059962
234.6531891262809 40.29801164134953 -112.3299184296594
251.879511119676 119.6493359645927 -29.57906619528693
276.0730473407869 105.179792050987 -25.11771808715441
231.8705346873455 35.87642143860151 -64.3512369035344
240.490314126684 56.61181391272586 63.9830698840361
273.9392664994699 29.84398497803668 -122.5436151491861
252.901537561889 12.90509530962897 -125.3526083615532
229.0330693478693 119.2316688224852 37.95054840575859
232.1079787661707 79.97797151971035 -64.13684973330356
232.3758294936198 52.38992664862273 47.53655105781615
282.322755556232 106.8373228965541 -75.73671731036266
235.2124183853294 102.7563619212168 58.03455489585935
255.9655900901799 52.30416036082399 99.9472289471246
211.7075302192939 16.91626144268657 102.3641042649648
268.8374792240242 112.0870473224787 -99.98106849482119
211.1611473888418 66.60790170899962 -129.1947024120984
272.40298858253 76.14615520656572 100.5056367283116
253.4165823556283 103.4337885415155 -88.68351520061243
268.5212493543621 118.6450248384285 81.93500041719021
303.4839172772832 98.9462729909022 -59.36363636363654
291.3267812779273 84.02247905646018 64.24403253019865
253.7263986399842 104.6623016073948 -119.1623005659193
274.6080668712181 117.0191398509652 55.36201858004379
232.0532294659185 32.13832577184109 21.28038097017309
295.6701347662049 123.1701347662047 -130.2727272727272
227.2687794436452 100.7452176275435 101.1763033073961
239.9277228245861 103.2745107618967 -18.88561000086877
251.2810018924002 13.53939082249337 -145.4536269584656
211.2852053641832 98.17928114523734 -110.7363588998221
253.5749718626608 119.0370070384888 35.96830931076252
217.1675188968359 14.30767674189463 -125.7945252655364
232.0817736726178 14.37321418940745 -103.9125599190958
234.0545350295596 91.55569531890349 13.49206622629578
217.145663556412 29.81005783990391 78.50046756542982
275.7679064775784 13.82707377414003 -144.7191969099916
273.233586961423 118.732895017095 7.661743787234201
252.3447746018286 80.21332332780082 -120.9906091780503
252.4625667222537 119.4818934136486 -145.0952940261637
291.2928244853381 57.17266548841584 -129.3114674054876
211.3535634667658 67.72768400880589 -144.3322209388642
232.4142097995526 28.74033196168045 -80.16103483826132
237.3165463322802 80.41552781877502 83.67235716233991
283.7806818811347 101.6995493068044 -41.79169217851107
249.8092686108569 66.20381936622104 101.5476747089581
221.1469293249725 69.91088000552402 26.22634223749528
291.8829950295532 54.76268770318828 -145.6935801070234
291.5874927580717 104.6416118254986 74.08006115060741
213.8766518397363 13.72374329969973 -145.4347853918974
259.859531976885 39.59359307110802 -117.5847147448375
243.6618177246107 99.56079288550204 -53.01255188941825
232.1764985592029 53.43025371472966 -30.86841368814099
270.3061732939314 59.35686403736666 83.8110076808958
291.876069387771 94.02155429190229 101.3045310993035
267.7205241958417 89.87362487181797 -104.2511858371461
254.9329321033837 118.6588529303087 101.2867211551803
232.6048138330902 51.8414932642039 -11.32852464038372
232.0113251392352 118.7141086167688 -19.81423802266195
232.3109347936383 55.19963677310131 100.6897469116126
233.1225420927721 13.76501379141848 27.36524991635366
292.8004465223277 56.24616450804703 101.9467362677526
256.1266105047441 72.84760955625747 79.0684049125051
211.4258196922764 87.60106166556683 -144.8489746564759
251.2662588996934 120.478400366704 -76.57401332260939
209.926423585983 76.63566973058694 81.81208746630006
230.4572113184268 31.40100462475982 -144.876325162053
257.4989121245042 90.20165574426917 29.4496514571276
219.6010865505918 120.2728340900414 88.06909745546584
210.637995879607 102.3895903880419 51.093968911201
250.9179930490716 86.1670855091556 -145.5417453514839
291.8065885484356 102.9139147602721 -5.895890290168623
248.3426513980106 120.0196716543989 49.52883391627372
281.9355782832344 131.7213577008804 -117.8040055689839
254.7016978222876 45.590448566082 -145.5176858499482
230.1376951651795 119.3998572171508 21.61426907168431
230.416016242591 119.657776422939 -5.494064449636306
304.3051262129865 111.7247849532156 -81.14383254474589
215.7353318816392 108.0281718825445 14.83545860147453
267.1969870401107 106.2950393972569 -129.6347801117929
250.4321014729751 86.77328827759723 101.9176347168969
210.7876923456734 100.7420725599949 -144.8534277297069
255.4816943499832 83.01795259107008 -107.2499160040938
214.7769595881634 78.45383868667362 56.45383868667351
233.7005869338153 45.34669962182077 15.51476489455887
220.0502728983196 73.72719377723421 -59.61677156769395
226.5442730846189 74.0158570619091 76.79865158159453
218.5686105942818 49.05475459228672 -97.70071277210798
304.8031864632893 99.44619434324844 -103.0050048606539
231.2631609243785 82.56237774003488 102.2540686423407
268.8004938089227 111.1325702223305 -74.51323069565065
292.4256510344636 64.20081335444766 84.29341429715141
293.0964113004044 50.65404025334145 68.70737403683903
209.9448732512285 119.9653794719802 -146.2126180757139
234.0911666584268 40.43071883838423 60.62605077738482
214.1575270663357 106.7844714472219 -50.92228657515064
210.3944371481708 120.6285699062137 -111.3848783433888
253.02051097256 46.48089117547007 71.00792196008619
256.6523601539039 31.856284955227 -142.641745936959
236.2075288488458 104.0352128196078 82.24175947763447
269.9564017963471 47.91622584389967 -134.6588139823024
214.786240754315 79.76196742335173 -105.445400255966
292.9531261658546 78.55585103605209 -87.93758355877854
243.654452782334 106.2778702212634 13.86267608314895
267.810435479699 82.58743297744395 -131.4311703209872
292.5265054169899 119.1848229772459 16.61381919680491
237.2674646284569 119.4493273408556 -75.80747636360981
285.8021691579202 107.2919168999589 -100.980933960677
284.1699767811586 132.205152833904 -103.9618759358831
304.2822425713787 111.7665420093491 -120.4773535622247
252.3694786570949 120.7339648580614 -126.9650892639527
227.3723365773607 41.92746773706569 102.2710945281881
252.6310439174536 76.59833132143966 47.70153681217658
259.8522427706392 104.9709334804987 -146.2900392362016
234.7875528270187 72.75508718613771 26.61339505773354
304.7388756339903 100.0501857980148 -41.45217597098613
293.7831164795804 90.20022508445548 -69.92681303985013
293.1249096419308 49.92277690514115 84.42345885120045
243.4178920316182 34.64829044998191 87.9346346750059
221.9307834037143 55.03009616108288 -75.95257372417096
229.282091764712 91.46247498046394 64.88043413338306
225.3655482358378 86.86862425707149 -145.5954811294822
293.7929760919039 89.73813360656322 -131.0439530142281
266.5466717027972 74.1964373422728 51.61501426726223
231.1900125140577 47.24623165730316 87.44366894458544
235.9684656590644 67.05115062833676 -94.44136059806172
232.20946146082 88.67025547469541 -103.2108177426489
273.9502220458668 57.06251899765869 102.3967512143903
270.3940574447491 131.9904717368599 -71.05505258196423
209.7584050016051 105.1445874608688 -97.58100019417428
265.993487276257 98.62571634171694 -85.37424006129058
242.7249410325793 120.3261494207079 82.54093073811387
278.1504267782679 103.8045700222963 79.84915765997516
218.2771121072845 40.21936797180739 59.48290042734747
244.8628038266834 13.08433630045616 87.4374834542255
209.8198654212718 58.1857528728543 101.6110417110122
234.3089935809426 27.74787683236449 -124.0741239934215
294.8303689475994 118.6639267695395 -106.1726485578824
209.6142026130838 105.0797248624213 89.75556685750114
227.6749282627082 120.4406814958585 -53.26012604683591
274.1896319956994 101.7696256299842 -145.495735615145
233.3126270069214 38.29749265687077 -50.69018122645033
284.0989738889045 132.3833923945342 -40.06349026848929
220.562724751032 84.94261635102932 -38.25789182536106
271.2703692439723 132.4088170901933 -109.1774415010487
240.9737854997129 120.9050287580736 63.15831295336535
209.7599983947742 83.17085212045843 -127.3673529943234
293.9020897151478 19.09451165823151 85.20054385549606
243.0328956988684 84.77105498353036 34.64220805387757
284.6433107960578 45.24646069592822 -113.934443980251
261.9136656250458 121.461511061179 -107.2351446394068
280.0180658502255 75.03730702521172 69.94637366146186
226.4145190879612 26.45386352340241 102.015422691548
293.0478745495866 78.01255294382477 -111.5416877073064
254.3372694070928 121.2366817989287 -95.81016273435054
226.3106971096318 109.0520128661926 -96.59598147579499
221.3044835350648 49.33896018274947 39.735361364974
267.7201660354968 31.24558412386554 91.24295855498316
234.6840319608355 13.55779702563605 0.1537946262858007
293.014243713425 102.7539539037044 -19.16394951103353
284.9268268437272 132.9406141042792 -88.39917639628966
214.7973914868915 107.7140794464724 -6.812602620739801
305.606588518338 111.7073511948441 -63.70242879056916
225.5588870946499 119.6527101204957 -146.2272490659145
228.8303551049253 107.5375079499792 29.49151268436338
279.9766965907472 120.3877482485236 21.83981905332713
276.0788462976238 72.40071317376675 -94.78474848973265
210.5487211157874 93.4606756142761 63.98212980813973
278.4620865315613 69.3901544009191 90.35163185031278
210.1277947361944 26.78236648278034 -145.9710660612835
266.558162108152 103.2570375138527 -34.58725741323947
292.9785192986161 104.4135086896127 37.90292060033467
281.4121224817759 121.3483901869814 -6.179400951540078
293.2101568641218 85.1560064264652 33.22406182364704
304.8463194276663 98.24888798993675 -81.34139076576427
214.4684871570215 85.35754815351424 -89.03704296311935
209.4823672318126 120.8812935790648 54.0578979508156
229.9903719753472 121.2838521713606 -36.61980173825221
258.9214153070794 76.22084455299164 101.8009146976891
217.9034928744342 85.11183855519 5.313017237321448
231.9427396702864 76.03198039865173 -113.92790770993
304.5482106003532 98.19126515503076 -118.1822473814157
222.83575629261 121.1659535402628 -101.3858773296607
219.4664461949282 80.89512996905249 -25.44194389869388
210.6343017821787 48.8894111407173 -145.6128884550984
281.1163905217548 92.64769162991396 -93.9455427885418
222.2963735125203 66.07479256164571 8.2904980204849
253.5646658639383 102.1347226231211 -21.15094453182307
220.2169924630734 21.59994369696468 -102.8539826667336
222.0851085266645 34.91714630899659 -87.11007598921114
234.5705064798562 15.21338490781015 -42.83372091550908
214.2733165149934 53.26713342753747 69.73527637871481
256.733838404932 62.80787485972779 59.05559517901654
223.6006826132326 99.00250830912375 -116.0213061909178
233.8697329233776 22.322281553515 -62.36949498356541
273.8625475491755 86.14688635941572 -145.947341679621
240.0500609542267 104.4281071302275 102.8824094007869
224.9353546924002 67.00855959150911 -131.4758399875657
210.0748143792737 110.9021010485289 63.5436628737029
232.0368296833345 92.82816441869099 -16.04470537893641
218.6816800336532 22.56375770180191 58.88473047011074
252.0732565123196 89.88646216110217 89.00889139267197
275.7560203238875 111.0788382878473 -117.7816282742814
294.8280321060423 115.006162255003 -6.511557257322672
293.3348762042266 106.7897948773791 103.0899205320933
233.8294213514138 41.49330595237136 -2.876348738757692
279.5707967890855 27.31566149147881 76.57621879164726
234.3815232002743 34.13371301844497 8.269234585047862
294.0906290938922 27.78467720741032 -132.2857564039561
272.4486304025754 96.49791742612157 -57.53157610201983
294.5141386479565 120.6189749657743 52.2964377703789
269.3156810935825 102.2004219552513 -14.08820162723043
306.6549349164247 112.2964894907014 -100.6953290480208
222.3496971437259 72.33721229229792 -13.41727125916164
213.4732524741266 120.9651590910142 -128.0533696554989
279.2105401256991 53.0714767028022 65.9782714528227
280.1279755294056 32.82977832199148 102.6721707536016
278.9642176062318 101.236590598405 64.39708874650285
234.6166904511004 65.32607083220218 49.61998619629215
234.7305564248845 76.14095509986296 -45.58704019267003
242.4661226879413 74.32358200617657 -134.163616483428
258.207380089103 113.1669822287152 89.65506036770397
241.0724195337638 103.5094213206564 69.91171439767703
251.2277773931178 56.83701755745168 -107.0085744479014
216.5559248503884 84.28453769104119 -67.76858278513288
254.2879609400556 81.58040429052171 -83.46255217638355
234.9235893033227 55.14074318644123 -78.97487294646213
280.3801193358398 63.54162126557627 58.08762822214081
296.6888728369972 124.1888728369971 -141.3358960887452
267.1424570909054 116.940213845207 -51.74630330279901
217.0065510897555 11.85396973102175 -113.1995022461567
262.1289654601402 100.7487828447555 -99.30287798220436
251.1990162235113 121.341582516966 1.901333393858241
305.3012644063468 112.8114376817416 -36.98917206249026
233.6626387895602 68.01593810955757 -81.49966247741472
234.1227936717703 63.32163600119386 -39.60916532714377
275.4506052082236 53.68729229491336 -109.858890843958
224.5707638207304 12.01706797447191 97.58616164409871
235.3603389189184 56.38789166340135 28.8470116639856
218.1725410611712 83.29126451460964 103.4188659267769
230.8964727709785 63.01613490736413 70.32235452802193
223.1761026308877 63.48476189688726 95.03284154010124
247.077767640545 120.4687132512414 -108.3369023246105
225.8150682625716 14.33421877120603 38.87160805287807
258.7593682420315 24.1631109776367 101.837871876793
241.9734772536537 76.61264075228101 -147.8022464639475
227.4572336766879 108.0255841583975 -39.7200000850043
214.8587848715449 85.15782729460656 39.07928065594061
234.6892750288259 85.57645938071023 -35.24128525274979
227.6162055991675 90.49186705007713 -89.46364698982357
251.3535539267646 121.1183895337493 -56.74870632153333
251.7420611680431 121.3601938306093 -43.57450498563348
279.6329994498137 94.47130258530834 16.28291951507218
294.142075240983 121.1303478224997 88.9693915721739
285.3095463821467 101.8783935091817 -119.4106680258708
264.2944437792387 105.8795620945971 -111.5731845111252
211.3178149579476 121.6811768937113 13.26554716896196
262.6232161456253 77.61541297202285 89.35053657790682
213.4154093625154 120.832409465227 -32.12759327219104
241.4416185420503 107.7043014991465 -130.2599699180388
221.0807635120178 74.02488007817551 -45.34004732598122
215.6830912476758 92.0124838442723 -53.34180969112038
234.7454906322589 27.67174551934786 -109.3642172050829
210.5551498517713 122.027316876108 -52.42044455916642
210.4025777696721 120.5199872899768 37.29041143956991
208.4334149166528 44.9663825144727 102.140232110956
259.202476497973 98.69663353071361 -47.73812742053251
286.4671308036316 132.9308617858834 -130.2727272727273
228.8096920584204 121.2207340164617 -66.14764111606473
221.229710728891 54.83573787359284 27.67392756433736
280.7603330473065 88.73865110409461 -71.62385767382553
234.817884018624 20.45144547554895 16.38148311561941
214.1999708671864 42.60757297508034 -130.6969879673379
232.1636181049948 11.85056338836974 61.67883161345805
280.3920690849147 81.97679687754533 38.83838565772356
233.7243380131042 27.53940444572444 -17.63818683999293
242.3372387569273 121.2173096570933 103.2198372726732
294.1698627248637 106.8855611108968 21.75979057549238
281.2949953696539 111.8457691842397 -49.40247597236808
273.992285540525 47.17565229920758 86.0201500044558
251.7076084084766 21.47177289630358 77.73365690949127
259.291960527014 98.02903981372374 4.269828190760232
293.830874331044 29.98646769663892 92.61086198007344
248.9416079306878 81.70616835635451 70.43715784016389
261.6488422329336 51.60330260786425 -125.5417120090889
234.4881299082747 31.98825955330375 76.3807410455529
208.0753339670621 75.42336256909539 -119.4389514535606
279.3674288943269 98.104885969934 4.009216345286672
292.5763019588559 94.82254137585433 -54.18791550628221
213.9678406068163 107.6690196168809 -70.33646329247385
208.6403713744684 123.2733884772719 -6.178350304940372
252.6413484585236 67.03097430859043 -99.42513414244216
228.6467272126677 92.82511676545192 26.2697686338657
294.7575381374357 59.42508464406055 -103.9828511137334
208.7258220179881 83.39550886467654 94.85736948395905
295.088141899417 48.67065326170807 -120.513152306847
231.2804365251633 107.9384588357163 -65.17369016121641
255.0183677287977 120.9940386349382 -17.1556408653249
281.6338557584473 105.9294213983034 32.2129142921877
237.0022309351925 121.2477634557193 -128.9154094355036
214.0518978020209 40.79633158721697 87.62878071990173
243.5032263756309 106.6770663466997 -42.40640265905597
222.9709774503763 63.23012062038615 -147.1059573676026
231.0458667425077 88.56971817456535 42.74588824273369
211.1595361012146 106.8785992857143 37.32246208562329
267.5137110936972 127.2710836293113 -59.62570905416423
263.4071659027605 122.2157889512457 -133.3389672801656
241.8069427975263 46.24703387018944 -128.8626459882853
224.6735714200221 103.72327328504 50.94732854328906
213.5928919678466 53.6511745936261 83.80070689557972
245.6134523017777 24.9017808068967 -144.4899325702021
293.235226807654 122.1483647778124 40.19131278327537
275.8707172471969 117.5508939673565 -90.89089367914515
258.195811037615 104.6830923534413 54.19944234400422
215.8025631925125 106.0239326317008 103.1939950616139
230.386740573275 50.77029931221822 74.79650169536099
225.5575628769024 105.5062208499645 75.4583011625086
243.0132747366177 76.66351948040383 103.9701344728178
283.0000000000001 133.0839194469372 -28.49976581045378
264.2863148524414 124.1914637061655 -24.99751116884896
234.9812707776045 82.95353481886065 3.749316148207614
281.9712704959127 11.65358386925635 -133.8717716558826
210.3445505289731 107.858594127048 -82.4198921353685
279.5524543970816 102.8721684961796 49.08562634792771
276.4552211797962 121.8986418280797 43.79445924370289
243.0522900599661 69.14716804486838 82.76623326594022
278.9416171498493 12.01327621320645 102.296751184786
280.7553756443916 25.53649357832844 -147.4867249302855
241.1769214176926 122.4950797467041 39.3932936530096
244.4400384370464 74.20846704300683 -113.1433090255408
240.0880363654887 51.20462237240578 -109.0820537797047
279.0430551912285 122.4443757847983 -141.6063420301252
306.0225387263138 113.0551599854751 -133.1112001334414
294.0134539830482 80.21297080685288 91.54644861083406
229.3343077234096 94.84669870087879 -57.54799774955612
269.3625585863068 107.3456168046822 23.81286396738845
263.1045485298637 74.06353215428638 -123.3954084536511
295.1357643458115 41.56234251079544 -132.7765682387792
231.3351961961269 116.1248624023209 85.98497715051008
279.5966531609147 112.1201206344166 102.5238380261379
279.1367235069354 72.97468799461647 -131.5624738131437
235.955230595222 26.91034744114602 -36.17635911078397
262.3410079350369 11.21227049775565 103.4879491597816
277.9232852671638 44.98015350879762 -147.8342282998306
214.2933074791864 50.69262248849378 -110.1194990745244
235.9210251512417 45.5945584542357 -21.7483742769554
285.1901640273798 134.2861908195011 -53.7886802837244
295.1500672039767 10.89725890487284 103.9604702152194
235.4340143923946 68.06636716847106 8.935108566907379
259.5900627878111 77.18417392075752 -147.0302794731993
266.0594843843345 76.62139292938731 -109.5384472179411
236.6423867872004 78.80486663261907 -75.79423837133517
279.684198618813 67.90338680015469 -117.3304912822501
235.154103800262 27.94535558364888 57.96432566574094
264.2278796856502 122.6159453735735 -76.66959970492366
214.9784764019169 97.64032711720509 -30.28402581140757
245.0332765393677 101.7813027154394 -7.586359090060863
243.2907172385661 89.28855115326824 -94.36012142890084
249.645322448904 92.80238484102441 -64.66990683213392
235.797076905065 68.41618162313173 -61.9119138197492
249.6041101554572 106.1453442074423 -61.8367343107325
231.2003266219219 56.76157522956176 -134.9598219461777
235.1686534783161 57.86198204882077 -147.6359780911709
269.4945743588477 133.1733973850062 -84.0309006975552
235.2080956216911 77.81823945142909 -7.911446472471782
223.0675133609373 89.88866492896921 -132.9924354996948
243.3978755291035 108.3056319794309 -98.78552166607071
264.2451749835428 87.40463504525258 55.44857307988694
268.9230769764939 23.27659707263481 81.70268276658462
237.7413282391021 96.62861966787194 -29.17701854439049
208.0991525955727 54.34597451913739 -132.7918042465013
221.9937990731657 27.44832025185513 44.64596060581913
216.0825125251601 90.3861975015046 86.24393930324587
278.2024185067148 36.1827889224589 -132.3953492713056
228.0713512603402 98.30173979276223 -73.76181473082944
294.717349117446 25.66110276214813 -120.022376628215
280.1299990646937 99.873052549227 -8.5746521078984
235.3725198165812 35.77726382674457 -89.98435813559404
207.6025404200363 123.3402649711973 -87.52185644823804
221.790064366202 61.09891660386377 -60.43191836038259
280.1691535331303 88.6263473926432 49.32930529546799
259.7031528954429 96.44505614310536 -128.638686916901
223.6152382304086 36.75366464396463 36.59495750550131
294.5037567304772 72.24930595073187 70.30399289301883
283.451032339356 134.7491268156744 -75.34038417399336
214.250529691377 11.79605109579092 77.77217708232843
265.1702358167494 122.9127158271204 38.74253945810784
231.8953708916893 11.32387469388505 87.6162478786224
223.4984084758612 122.6935951068347 -77.24248844819151
242.6752222548895 19.54831928572739 -120.2760375498225
217.1788647121521 37.91304850904176 -103.6153573436219
277.436801994819 89.24877752348624 -112.753436961749
274.7693154389923 89.41182193177795 102.8851114581763
293.8363512532586 88.88562265278513 78.64785280220441
268.0057229824199 127.5715362220657 -120.1026433427207
248.9651975278949 48.2952893127199 84.37546200353057
280.6695868897166 87.82340305607818 27.99445497443403
247.5652373682525 40.39251559282719 104.5777978397009
294.7415082844693 95.76313024946435 66.07502847801966
208.0498794558015 93.00528219665142 -101.8424158620074
215.6560390587622 84.01710459450877 26.38728733140362
219.6813814151584 47.23118443995318 -85.41688662012044
233.4601666758991 122.0296938270528 -114.6213417242913
220.6205000329369 11.90079971993616 -95.7923965827806
290.1760685820139 81.86896697628049 103.2458631882232
245.0024129879901 60.6619863914967 -127.9921168376691
290.3437775237351 122.4986754213805 -14.44389689602459
223.7485493620706 62.63267517278781 -32.51503768930392
279.6950365483058 121.6931683470925 94.79955212406261
212.7910250189404 107.7068764846095 -38.41531383689852
217.0476456873668 73.61713789597532 -74.13724079566863
280.7482494035755 54.0875802592369 -123.8186061182791
294.0096103662567 105.2419868081553 50.32797319756013
221.3156431359616 75.57228498010066 -148.1813369857135
210.8430837302535 123.3501601898771 -99.43237012675232
295.4059973736444 38.63846484265777 -113.5332043193881
223.8774512139859 122.393123794942 -134.3905018311983
207.2820837579654 77.93939237067424 -138.0706737509367
279.2881517132838 121.9904551880614 77.11102697584097
288.2854952622654 109.329871824062 -86.15215428684657
217.98957286551 86.38519525073951 -14.47989291643106
207.7544793631874 122.1735739506059 -65.32460927032768
280.998106748023 19.89902678749745 -121.9843429056814
265.5320346733216 76.35570538787807 69.21993592002238
226.2644383558138 17.86321297279719 -148.617737180937
268.384027147024 86.05012760774832 -76.62422627028093
281.7091051480156 74.57208609564148 -148.0266359678669
219.2209921727211 74.28308864207722 -0.2786464480825082
228.5975915511625 121.4035901067382 9.498685963228262
228.3950662802423 103.1842410093453 -22.92089705943231
306.1115789175878 113.0064440689292 -51.05699575677905
268.0208498498431 28.70011040432539 -133.1497947868184
207.4450623510406 96.82305397974243 -122.4978422379386
224.3173375493371 122.9007150928495 49.29682612175212
263.6969808193768 122.2356901238029 -148.5453009467057
257.1589178965662 9.995162912231507 -135.926335518789
240.1626443005994 121.7204670192914 -28.08085692131101
261.5017841693157 121.9862899585611 8.397348708486289
259.5234442882831 80.95388023117331 38.73047196947747
236.3568026255748 84.14732798438826 22.79869309804902
262.7687432802837 61.52633535713346 -103.1472264848993
244.1876202840857 55.56485677104017 103.217611869787
220.44359936501 77.05777104570973 -124.3059184291879
251.9122041957539 122.9897366015074 67.9945405080631
230.621136888886 62.53743795728821 -115.0310465261359
208.3251533382874 116.3104981759263 84.44890743194411
298.238435740931 94.0143740300429 -33.3122577352832
266.3453560415231 48.53679372271383 -147.2031238136072
306.2745713924949 102.1276945579103 -29.54052053640964
248.0292558098847 105.5766007903148 25.13542246057578
263.8759942529499 64.51423857451623 74.95041035660944
294.6451000731932 74.61614052759285 -134.5139784974072
263.0186214800723 11.18195179616881 -148.2226413034464
220.5585488364925 107.3894168100119 -148.4574095581827
236.4220184365848 26.51645541263971 -48.53489366288647
268.1236480870979 31.64970148039327 103.3084113954157
236.4841600198292 34.70982749795323 -26.96337535715584
242.9161201829063 55.125177643176 75.71141831133642
220.7763490676916 10.67756169583445 57.66493504989169
235.7829479053961 37.45072448015673 39.18794956044769
270.0438093785093 96.72541690072715 74.41308824888802
237.0554437174552 23.61263879411518 -5.997357528104595
284.7211417745093 97.63355134600832 -131.0781493766268
251.3868792831718 93.6346277431424 69.88427896066376
271.0530476992906 10.67050562915637 87.95549078848778
207.7821361461374 88.1467777014397 74.86829215650518
244.8563580063233 110.6118907850953 -147.8774953575321
292.6795942612008 94.63574254851112 44.86261851458396
295.6139520711 33.46669422735737 104.6786429043857
215.6111575099613 63.00473068413406 -87.86272177518815
211.7889613897866 122.5812007901456 65.7126958285905
$EndNodes
$Elements
25 14362 1 14362
2 1 2 45
1 53 39 1 
2 45 2 44 
3 39 510 40 
4 53 517 39 
5 39 517 510 
6 40 508 41 
7 40 510 508 
8 41 504 42 
9 41 508 504 
10 42 511 43 
11 504 511 42 
12 43 512 44 
13 511 512 43 
14 44 518 45 
15 512 518 44 
16 45 518 46 
17 46 506 47 
18 46 518 506 
19 47 515 48 
20 506 515 47 
21 48 507 49 
22 48 515 507 
23 49 516 50 
24 507 516 49 
25 50 514 51 
26 50 516 514 
27 51 505 52 
28 51 514 505 
29 52 517 53 
30 505 517 52 
31 508 509 504 
32 509 513 504 
33 504 513 511 
34 505 509 508 
35 508 510 505 
36 505 514 509 
37 510 517 505 
38 506 512 511 
39 511 513 506 
40 506 518 512 
41 513 515 506 
42 507 513 509 
43 509 516 507 
44 507 515 513 
45 514 516 509 
2 2 2 330
46 53 1 640 
47 1 88 640 
48 2 45 643 
49 89 2 643 
50 54 3 652 
51 3 94 652 
52 4 82 650 
53 83 4 650 
54 45 46 570 
55 45 570 643 
56 46 47 526 
57 46 526 570 
58 47 48 537 
59 526 47 537 
60 48 49 520 
61 48 520 634 
62 537 48 634 
63 49 50 656 
64 520 49 550 
65 550 49 656 
66 50 51 519 
67 50 519 656 
68 51 52 655 
69 519 51 561 
70 561 51 655 
71 52 53 536 
72 52 536 655 
73 536 53 640 
74 55 54 572 
75 572 54 652 
76 56 55 641 
77 55 572 641 
78 57 56 535 
79 535 56 641 
80 58 57 617 
81 57 535 617 
82 59 58 522 
83 522 58 617 
84 60 59 621 
85 59 522 621 
86 61 60 620 
87 620 60 621 
88 62 61 521 
89 521 61 620 
90 63 62 639 
91 62 521 639 
92 64 63 614 
93 614 63 639 
94 65 64 529 
95 529 64 614 
96 66 65 645 
97 65 529 645 
98 67 66 616 
99 616 66 645 
100 68 67 534 
101 534 67 616 
102 69 68 619 
103 68 534 619 
104 70 69 527 
105 527 69 619 
106 71 70 605 
107 70 527 605 
108 72 71 632 
109 71 605 632 
110 73 72 533 
111 533 72 632 
112 74 73 622 
113 73 533 622 
114 75 74 528 
115 528 74 622 
116 76 75 629 
117 75 528 629 
118 77 76 618 
119 618 76 629 
120 78 77 523 
121 523 77 618 
122 79 78 624 
123 78 523 624 
124 80 79 532 
125 532 79 624 
126 81 80 623 
127 80 532 623 
128 82 81 573 
129 573 81 623 
130 82 573 650 
131 84 83 637 
132 637 83 650 
133 85 84 531 
134 531 84 637 
135 86 85 608 
136 85 531 608 
137 87 86 524 
138 524 86 608 
139 88 87 607 
140 87 524 607 
141 88 607 640 
142 90 89 606 
143 606 89 643 
144 91 90 525 
145 525 90 606 
146 92 91 633 
147 91 525 633 
148 93 92 530 
149 530 92 633 
150 94 93 636 
151 93 530 636 
152 94 636 652 
153 519 561 615 
154 519 615 628 
155 519 628 656 
156 520 550 589 
157 520 589 634 
158 613 521 631 
159 521 613 639 
160 521 620 631 
161 522 617 649 
162 621 522 635 
163 635 522 649 
164 523 599 624 
165 599 523 654 
166 523 618 654 
167 524 574 607 
168 574 524 625 
169 524 608 625 
170 525 588 633 
171 588 525 646 
172 525 606 646 
173 526 537 538 
174 526 538 576 
175 570 526 576 
176 527 594 605 
177 594 527 610 
178 610 527 619 
179 528 622 630 
180 629 528 653 
181 528 630 653 
182 601 529 602 
183 529 601 645 
184 602 529 614 
185 530 588 609 
186 588 530 633 
187 530 609 657 
188 636 530 657 
189 531 603 638 
190 603 531 651 
191 608 531 638 
192 531 637 651 
193 590 532 624 
194 532 590 648 
195 623 532 648 
196 533 584 626 
197 584 533 632 
198 622 533 626 
199 600 534 616 
200 534 600 644 
201 619 534 644 
202 611 535 612 
203 535 611 617 
204 612 535 641 
205 627 536 647 
206 536 627 655 
207 536 640 647 
208 538 537 539 
209 539 537 634 
210 538 539 540 
211 538 540 541 
212 538 541 576 
213 540 539 542 
214 542 539 592 
215 592 539 634 
216 541 540 591 
217 540 542 543 
218 540 543 591 
219 576 541 577 
220 577 541 578 
221 578 541 591 
222 543 542 544 
223 544 542 545 
224 545 542 592 
225 543 544 551 
226 543 551 569 
227 543 569 591 
228 544 545 546 
229 544 546 602 
230 551 544 602 
231 546 545 547 
232 547 545 548 
233 548 545 592 
234 546 547 600 
235 546 600 601 
236 546 601 602 
237 547 548 549 
238 547 549 575 
239 547 575 600 
240 549 548 552 
241 552 548 589 
242 589 548 592 
243 549 552 553 
244 549 553 593 
245 575 549 593 
246 589 550 642 
247 642 550 656 
248 569 551 613 
249 551 602 614 
250 613 551 614 
251 553 552 554 
252 554 552 642 
253 552 589 642 
254 553 554 555 
255 553 555 556 
256 553 556 593 
257 555 554 595 
258 595 554 628 
259 628 554 642 
260 556 555 557 
261 557 555 558 
262 558 555 595 
263 556 557 584 
264 556 584 594 
265 593 556 594 
266 557 558 559 
267 557 559 626 
268 584 557 626 
269 559 558 560 
270 560 558 562 
271 562 558 595 
272 559 560 596 
273 559 596 630 
274 626 559 630 
275 560 562 563 
276 560 563 564 
277 560 564 596 
278 561 604 615 
279 604 561 627 
280 627 561 655 
281 563 562 604 
282 562 595 615 
283 604 562 615 
284 564 563 565 
285 565 563 566 
286 566 563 604 
287 564 565 598 
288 596 564 597 
289 597 564 598 
290 565 566 567 
291 565 567 568 
292 565 568 598 
293 567 566 574 
294 574 566 627 
295 566 604 627 
296 568 567 571 
297 571 567 625 
298 567 574 625 
299 568 571 590 
300 568 590 599 
301 598 568 599 
302 569 586 591 
303 586 569 631 
304 569 613 631 
305 570 576 580 
306 570 580 606 
307 570 606 643 
308 590 571 603 
309 603 571 638 
310 571 625 638 
311 572 612 641 
312 612 572 657 
313 636 572 652 
314 572 636 657 
315 573 623 651 
316 573 637 650 
317 637 573 651 
318 607 574 647 
319 574 627 647 
320 575 593 610 
321 600 575 644 
322 575 610 644 
323 576 577 580 
324 577 578 579 
325 577 579 581 
326 580 577 581 
327 579 578 583 
328 583 578 586 
329 586 578 591 
330 581 579 582 
331 582 579 585 
332 579 583 585 
333 580 581 646 
334 606 580 646 
335 581 582 588 
336 581 588 646 
337 582 585 611 
338 588 582 609 
339 609 582 611 
340 585 583 635 
341 583 586 587 
342 583 587 635 
343 594 584 605 
344 605 584 632 
345 611 585 649 
346 585 635 649 
347 587 586 631 
348 587 620 621 
349 620 587 631 
350 587 621 635 
351 589 592 634 
352 599 590 624 
353 590 603 648 
354 593 594 610 
355 615 595 628 
356 596 597 653 
357 630 596 653 
358 597 598 654 
359 597 618 629 
360 618 597 654 
361 597 629 653 
362 598 599 654 
363 601 600 616 
364 601 616 645 
365 648 603 651 
366 640 607 647 
367 625 608 638 
368 609 611 612 
369 609 612 657 
370 610 619 644 
371 617 611 649 
372 613 614 639 
373 622 626 630 
374 623 648 651 
375 628 642 656 
2 3 2 124
376 7 5 671 
377 5 95 671 
378 6 8 663 
379 124 6 663 
380 125 7 671 
381 8 154 663 
382 95 96 665 
383 125 95 665 
384 95 125 671 
385 96 97 664 
386 126 96 664 
387 96 126 665 
388 97 98 680 
389 97 127 664 
390 127 97 680 
391 98 99 659 
392 128 98 659 
393 98 128 680 
394 99 100 662 
395 99 129 659 
396 129 99 662 
397 100 101 666 
398 100 130 662 
399 130 100 666 
400 101 102 677 
401 101 131 666 
402 131 101 677 
403 102 103 667 
404 132 102 667 
405 102 132 677 
406 103 104 682 
407 103 133 667 
408 133 103 682 
409 104 105 668 
410 134 104 668 
411 104 134 682 
412 105 106 675 
413 105 135 668 
414 135 105 675 
415 106 107 679 
416 106 136 675 
417 136 106 679 
418 107 108 684 
419 107 137 679 
420 137 107 684 
421 108 109 660 
422 138 108 660 
423 108 138 684 
424 109 110 687 
425 109 139 660 
426 139 109 687 
427 110 111 685 
428 140 110 685 
429 110 140 687 
430 111 112 688 
431 111 141 685 
432 141 111 688 
433 112 113 658 
434 142 112 658 
435 112 142 688 
436 113 114 670 
437 113 143 658 
438 143 113 670 
439 114 115 683 
440 114 144 670 
441 144 114 683 
442 115 116 676 
443 145 115 676 
444 115 145 683 
445 116 117 681 
446 116 146 676 
447 146 116 681 
448 117 118 672 
449 147 117 672 
450 117 147 681 
451 118 119 673 
452 118 148 672 
453 148 118 673 
454 119 120 674 
455 119 149 673 
456 149 119 674 
457 120 121 661 
458 150 120 661 
459 120 150 674 
460 121 122 678 
461 121 151 661 
462 151 121 678 
463 122 123 669 
464 152 122 669 
465 122 152 678 
466 123 124 686 
467 123 153 669 
468 153 123 686 
469 154 124 663 
470 124 154 686 
471 126 125 665 
472 127 126 664 
473 128 127 680 
474 129 128 659 
475 130 129 662 
476 131 130 666 
477 132 131 677 
478 133 132 667 
479 134 133 682 
480 135 134 668 
481 136 135 675 
482 137 136 679 
483 138 137 684 
484 139 138 660 
485 140 139 687 
486 141 140 685 
487 142 141 688 
488 143 142 658 
489 144 143 670 
490 145 144 683 
491 146 145 676 
492 147 146 681 
493 148 147 672 
494 149 148 673 
495 150 149 674 
496 151 150 661 
497 152 151 678 
498 153 152 669 
499 154 153 686 
2 4 2 65
500 5 3 689 
501 3 54 689 
502 4 6 690 
503 82 4 690 
504 95 5 689 
505 6 124 690 
506 54 55 96 
507 95 54 96 
508 54 95 689 
509 55 56 97 
510 96 55 97 
511 56 57 98 
512 97 56 98 
513 57 58 99 
514 98 57 99 
515 58 59 100 
516 99 58 100 
517 59 60 101 
518 100 59 101 
519 60 61 102 
520 101 60 102 
521 61 62 103 
522 102 61 103 
523 62 63 104 
524 103 62 104 
525 63 64 105 
526 104 63 105 
527 64 65 106 
528 105 64 106 
529 65 66 107 
530 106 65 107 
531 66 67 108 
532 107 66 108 
533 67 68 109 
534 108 67 109 
535 68 69 110 
536 109 68 110 
537 69 70 111 
538 110 69 111 
539 70 71 112 
540 111 70 112 
541 71 72 113 
542 71 113 112 
543 72 73 114 
544 72 114 113 
545 73 74 115 
546 114 73 115 
547 74 75 116 
548 115 74 116 
549 75 76 117 
550 116 75 117 
551 76 77 118 
552 117 76 118 
553 77 78 119 
554 118 77 119 
555 78 79 120 
556 119 78 120 
557 80 121 79 
558 79 121 120 
559 122 80 81 
560 122 121 80 
561 123 81 82 
562 123 122 81 
563 124 123 82 
564 124 82 690 
2 5 2 373
565 39 798 1 
566 1 727 88 
567 1 773 727 
568 729 773 1 
569 1 798 729 
570 2 797 44 
571 89 726 2 
572 726 772 2 
573 2 772 730 
574 730 797 2 
575 5 692 3 
576 3 818 94 
577 692 818 3 
578 4 691 6 
579 83 817 4 
580 4 817 691 
581 7 155 5 
582 155 718 5 
583 5 718 692 
584 196 8 6 
585 6 716 196 
586 691 716 6 
587 9 804 155 
588 164 804 9 
589 10 809 156 
590 186 809 10 
591 11 810 165 
592 195 810 11 
593 12 803 187 
594 196 803 12 
595 197 820 13 
596 13 710 231 
597 13 711 710 
598 13 720 711 
599 13 820 720 
600 14 695 199 
601 201 767 14 
602 14 734 695 
603 14 767 734 
604 15 171 170 
605 170 811 15 
606 202 171 15 
607 15 811 200 
608 16 181 180 
609 180 211 16 
610 16 812 181 
611 213 812 16 
612 17 766 212 
613 214 696 17 
614 696 733 17 
615 733 766 17 
616 18 819 216 
617 217 712 18 
618 712 713 18 
619 713 723 18 
620 723 819 18 
621 40 714 39 
622 714 798 39 
623 41 785 40 
624 40 785 714 
625 42 707 41 
626 707 785 41 
627 43 784 42 
628 42 784 707 
629 44 715 43 
630 715 784 43 
631 44 797 715 
632 84 699 83 
633 699 817 83 
634 85 764 84 
635 84 764 699 
636 86 703 85 
637 703 764 85 
638 87 761 86 
639 86 761 703 
640 88 768 87 
641 87 768 761 
642 727 768 88 
643 90 769 89 
644 89 769 726 
645 91 760 90 
646 760 769 90 
647 92 704 91 
648 704 760 91 
649 93 765 92 
650 92 765 704 
651 94 700 93 
652 700 765 93 
653 94 818 700 
654 155 804 718 
655 156 759 157 
656 156 809 759 
657 157 776 158 
658 759 776 157 
659 158 702 159 
660 158 776 702 
661 159 744 160 
662 702 744 159 
663 160 755 161 
664 744 755 160 
665 161 693 162 
666 161 755 693 
667 162 752 163 
668 693 752 162 
669 163 779 164 
670 752 779 163 
671 779 804 164 
672 165 706 166 
673 165 810 706 
674 166 783 167 
675 706 783 166 
676 167 767 168 
677 734 767 167 
678 167 783 734 
679 168 799 169 
680 767 799 168 
681 169 811 170 
682 799 811 169 
683 202 172 171 
684 172 801 173 
685 203 172 202 
686 203 801 172 
687 173 795 174 
688 204 795 173 
689 173 801 204 
690 174 791 175 
691 205 791 174 
692 174 795 205 
693 175 788 176 
694 206 788 175 
695 175 791 206 
696 176 792 177 
697 176 788 207 
698 207 792 176 
699 177 796 178 
700 177 792 208 
701 208 796 177 
702 178 802 179 
703 178 796 209 
704 209 802 178 
705 180 179 211 
706 211 179 210 
707 179 802 210 
708 181 812 182 
709 182 800 183 
710 182 812 800 
711 183 766 184 
712 183 800 766 
713 184 782 185 
714 184 766 733 
715 733 782 184 
716 185 705 186 
717 185 782 705 
718 705 809 186 
719 187 778 188 
720 187 803 778 
721 188 749 189 
722 188 778 749 
723 189 694 190 
724 189 749 694 
725 190 746 191 
726 694 746 190 
727 191 747 192 
728 746 747 191 
729 192 701 193 
730 192 747 701 
731 193 777 194 
732 701 777 193 
733 194 758 195 
734 194 777 758 
735 758 810 195 
736 716 803 196 
737 198 697 197 
738 697 820 197 
739 199 762 198 
740 198 762 697 
741 695 762 199 
742 200 799 201 
743 200 811 799 
744 201 799 767 
745 204 801 203 
746 205 795 204 
747 206 791 205 
748 207 788 206 
749 208 792 207 
750 209 796 208 
751 210 802 209 
752 212 800 213 
753 766 800 212 
754 800 812 213 
755 215 763 214 
756 214 763 696 
757 216 698 215 
758 698 763 215 
759 216 819 698 
760 218 741 217 
761 217 741 712 
762 219 709 218 
763 709 741 218 
764 220 786 219 
765 219 786 709 
766 221 772 220 
767 772 786 220 
768 222 730 221 
769 730 772 221 
770 223 757 222 
771 222 757 730 
772 224 728 223 
773 728 757 223 
774 225 743 224 
775 224 743 728 
776 226 756 225 
777 225 756 743 
778 227 729 226 
779 729 756 226 
780 228 773 227 
781 227 773 729 
782 229 787 228 
783 228 787 773 
784 230 708 229 
785 708 787 229 
786 231 742 230 
787 230 742 708 
788 710 742 231 
789 691 717 716 
790 691 780 717 
791 691 817 780 
792 718 719 692 
793 719 781 692 
794 781 818 692 
795 693 753 752 
796 693 789 753 
797 755 789 693 
798 694 790 746 
799 749 750 694 
800 750 790 694 
801 734 738 695 
802 738 739 695 
803 739 762 695 
804 696 735 733 
805 696 736 735 
806 696 763 736 
807 762 793 697 
808 697 793 774 
809 774 820 697 
810 698 794 763 
811 775 794 698 
812 698 819 775 
813 764 815 699 
814 699 815 780 
815 780 817 699 
816 700 816 765 
817 781 816 700 
818 700 818 781 
819 747 748 701 
820 748 805 701 
821 701 805 777 
822 702 745 744 
823 702 806 745 
824 776 806 702 
825 761 807 703 
826 703 770 764 
827 703 807 770 
828 704 808 760 
829 765 771 704 
830 771 808 704 
831 735 737 705 
832 705 782 735 
833 737 759 705 
834 759 809 705 
835 706 740 738 
836 738 783 706 
837 706 758 740 
838 706 810 758 
839 728 743 707 
840 707 784 728 
841 743 785 707 
842 742 807 708 
843 761 768 708 
844 708 807 761 
845 768 787 708 
846 709 808 741 
847 709 769 760 
848 760 808 709 
849 709 786 769 
850 711 731 710 
851 731 770 710 
852 710 770 742 
853 720 721 711 
854 721 751 711 
855 711 815 731 
856 751 815 711 
857 712 732 713 
858 712 771 732 
859 741 771 712 
860 713 724 723 
861 713 754 724 
862 732 816 713 
863 713 816 754 
864 743 756 714 
865 714 785 743 
866 756 798 714 
867 715 757 728 
868 728 784 715 
869 715 797 757 
870 717 778 716 
871 778 803 716 
872 717 750 749 
873 749 778 717 
874 717 751 750 
875 717 780 751 
876 718 779 719 
877 718 804 779 
878 752 753 719 
879 719 779 752 
880 753 754 719 
881 754 781 719 
882 720 722 721 
883 720 774 722 
884 720 820 774 
885 722 790 721 
886 750 751 721 
887 721 790 750 
888 746 790 722 
889 722 813 746 
890 774 813 722 
891 724 725 723 
892 725 775 723 
893 775 819 723 
894 724 789 725 
895 724 754 753 
896 753 789 724 
897 725 789 755 
898 755 814 725 
899 725 814 775 
900 769 786 726 
901 726 786 772 
902 727 787 768 
903 773 787 727 
904 729 798 756 
905 757 797 730 
906 764 770 731 
907 731 815 764 
908 732 771 765 
909 765 816 732 
910 735 782 733 
911 734 783 738 
912 736 737 735 
913 736 806 737 
914 763 794 736 
915 794 806 736 
916 737 776 759 
917 737 806 776 
918 738 740 739 
919 740 805 739 
920 739 793 762 
921 739 805 793 
922 758 777 740 
923 777 805 740 
924 741 808 771 
925 770 807 742 
926 745 814 744 
927 744 814 755 
928 745 794 775 
929 775 814 745 
930 745 806 794 
931 746 813 747 
932 747 813 748 
933 774 793 748 
934 748 813 774 
935 793 805 748 
936 780 815 751 
937 754 816 781 
2 6 2 131
938 201 14 863 
939 14 232 863 
940 15 200 858 
941 270 15 858 
942 213 16 859 
943 16 255 859 
944 17 212 862 
945 254 17 862 
946 200 201 822 
947 200 822 858 
948 822 201 863 
949 212 213 821 
950 212 821 862 
951 821 213 859 
952 232 233 855 
953 232 855 863 
954 233 234 852 
955 233 852 855 
956 234 235 852 
957 235 236 844 
958 235 844 852 
959 236 237 841 
960 236 841 844 
961 237 238 850 
962 841 237 850 
963 238 239 846 
964 238 846 850 
965 239 240 830 
966 239 830 846 
967 240 241 849 
968 830 240 849 
969 241 242 857 
970 849 241 857 
971 242 243 842 
972 242 842 857 
973 243 244 843 
974 842 243 843 
975 244 245 854 
976 843 244 854 
977 245 246 848 
978 245 848 854 
979 246 247 829 
980 246 829 848 
981 247 248 847 
982 829 247 847 
983 248 249 853 
984 847 248 853 
985 249 250 840 
986 249 840 853 
987 250 251 845 
988 840 250 845 
989 251 252 851 
990 845 251 851 
991 252 253 851 
992 253 254 856 
993 851 253 856 
994 856 254 862 
995 255 256 835 
996 255 835 859 
997 256 257 823 
998 256 823 835 
999 257 258 832 
1000 823 257 832 
1001 258 259 828 
1002 258 828 832 
1003 259 260 836 
1004 828 259 836 
1005 260 261 839 
1006 836 260 860 
1007 260 839 860 
1008 261 262 825 
1009 261 825 839 
1010 262 263 831 
1011 825 262 831 
1012 263 264 826 
1013 263 826 831 
1014 264 265 838 
1015 826 264 838 
1016 265 266 837 
1017 265 837 861 
1018 838 265 861 
1019 266 267 827 
1020 266 827 837 
1021 267 268 833 
1022 827 267 833 
1023 268 269 824 
1024 268 824 833 
1025 269 270 834 
1026 824 269 834 
1027 834 270 858 
1028 821 835 856 
1029 835 821 859 
1030 821 856 862 
1031 834 822 855 
1032 822 834 858 
1033 855 822 863 
1034 823 832 845 
1035 835 823 851 
1036 823 845 851 
1037 833 824 844 
1038 824 834 852 
1039 844 824 852 
1040 825 831 843 
1041 839 825 848 
1042 825 843 854 
1043 848 825 854 
1044 831 826 842 
1045 826 838 849 
1046 842 826 857 
1047 826 849 857 
1048 827 833 841 
1049 837 827 850 
1050 827 841 850 
1051 832 828 840 
1052 828 836 847 
1053 840 828 853 
1054 828 847 853 
1055 836 829 847 
1056 829 836 860 
1057 829 839 848 
1058 839 829 860 
1059 830 837 846 
1060 837 830 861 
1061 838 830 849 
1062 830 838 861 
1063 831 842 843 
1064 832 840 845 
1065 841 833 844 
1066 852 834 855 
1067 835 851 856 
1068 846 837 850 
2 7 2 112
1069 270 202 15 
1070 211 255 16 
1071 202 872 203 
1072 270 906 202 
1073 202 906 872 
1074 203 874 204 
1075 872 874 203 
1076 204 865 205 
1077 204 874 865 
1078 205 879 206 
1079 865 879 205 
1080 206 864 207 
1081 206 879 864 
1082 207 880 208 
1083 864 880 207 
1084 208 866 209 
1085 208 880 866 
1086 209 887 210 
1087 866 887 209 
1088 210 873 211 
1089 210 887 873 
1090 211 905 255 
1091 873 905 211 
1092 255 905 256 
1093 256 871 257 
1094 256 905 871 
1095 257 897 258 
1096 871 897 257 
1097 258 869 259 
1098 258 897 869 
1099 259 896 260 
1100 869 896 259 
1101 260 898 261 
1102 896 898 260 
1103 261 867 262 
1104 261 898 867 
1105 262 890 263 
1106 867 890 262 
1107 263 904 264 
1108 890 904 263 
1109 264 868 265 
1110 264 904 868 
1111 265 895 266 
1112 868 895 265 
1113 266 903 267 
1114 895 903 266 
1115 267 870 268 
1116 267 903 870 
1117 268 899 269 
1118 870 899 268 
1119 269 906 270 
1120 899 906 269 
1121 879 891 864 
1122 864 886 880 
1123 864 891 886 
1124 874 875 865 
1125 875 876 865 
1126 876 879 865 
1127 880 881 866 
1128 881 882 866 
1129 882 887 866 
1130 885 889 867 
1131 867 898 885 
1132 889 890 867 
1133 894 895 868 
1134 868 904 894 
1135 883 896 869 
1136 869 900 883 
1137 897 900 869 
1138 888 899 870 
1139 870 901 888 
1140 870 903 901 
1141 873 902 871 
1142 871 905 873 
1143 871 900 897 
1144 871 902 900 
1145 872 888 874 
1146 872 906 888 
1147 887 902 873 
1148 874 888 875 
1149 875 877 876 
1150 875 901 877 
1151 888 901 875 
1152 877 878 876 
1153 878 891 876 
1154 876 891 879 
1155 877 894 878 
1156 877 895 894 
1157 877 901 895 
1158 878 892 891 
1159 878 893 892 
1160 878 894 893 
1161 880 886 881 
1162 881 883 882 
1163 881 884 883 
1164 881 886 884 
1165 883 900 882 
1166 882 902 887 
1167 900 902 882 
1168 884 885 883 
1169 885 896 883 
1170 884 889 885 
1171 886 892 884 
1172 884 892 889 
1173 885 898 896 
1174 891 892 886 
1175 888 906 899 
1176 889 893 890 
1177 892 893 889 
1178 893 904 890 
1179 894 904 893 
1180 901 903 895 
2 8 2 200
1181 197 13 978 
1182 13 271 978 
1183 14 199 979 
1184 232 14 979 
1185 214 17 977 
1186 17 254 977 
1187 18 216 976 
1188 293 18 976 
1189 198 197 973 
1190 973 197 978 
1191 199 198 925 
1192 925 198 973 
1193 199 925 979 
1194 215 214 972 
1195 972 214 977 
1196 216 215 926 
1197 926 215 972 
1198 216 926 976 
1199 233 232 975 
1200 975 232 979 
1201 234 233 912 
1202 912 233 975 
1203 235 234 947 
1204 234 912 947 
1205 236 235 907 
1206 907 235 947 
1207 237 236 936 
1208 236 907 936 
1209 238 237 920 
1210 920 237 936 
1211 239 238 950 
1212 238 920 950 
1213 240 239 951 
1214 239 950 951 
1215 241 240 915 
1216 915 240 951 
1217 242 241 932 
1218 241 915 932 
1219 243 242 909 
1220 909 242 932 
1221 244 243 929 
1222 243 909 929 
1223 245 244 945 
1224 244 929 945 
1225 246 245 913 
1226 913 245 945 
1227 247 246 930 
1228 246 913 930 
1229 248 247 941 
1230 247 930 941 
1231 249 248 911 
1232 911 248 941 
1233 250 249 934 
1234 249 911 934 
1235 251 250 946 
1236 250 934 946 
1237 252 251 917 
1238 917 251 946 
1239 253 252 931 
1240 252 917 931 
1241 254 253 924 
1242 924 253 931 
1243 254 924 977 
1244 271 272 919 
1245 271 919 978 
1246 272 273 940 
1247 919 272 940 
1248 273 274 918 
1249 273 918 940 
1250 274 275 948 
1251 918 274 948 
1252 275 276 916 
1253 275 916 948 
1254 276 277 937 
1255 916 276 937 
1256 277 278 908 
1257 277 908 937 
1258 278 279 938 
1259 908 278 938 
1260 279 280 933 
1261 279 933 938 
1262 280 281 922 
1263 280 922 933 
1264 281 282 942 
1265 922 281 942 
1266 282 283 923 
1267 282 923 942 
1268 283 284 935 
1269 923 283 935 
1270 284 285 949 
1271 935 284 949 
1272 285 286 921 
1273 285 921 949 
1274 286 287 943 
1275 921 286 943 
1276 287 288 927 
1277 287 927 943 
1278 288 289 944 
1279 927 288 944 
1280 289 290 914 
1281 289 914 944 
1282 290 291 928 
1283 914 290 928 
1284 291 292 910 
1285 291 910 928 
1286 292 293 974 
1287 910 292 974 
1288 974 293 976 
1289 936 907 961 
1290 907 947 954 
1291 907 954 961 
1292 937 908 953 
1293 908 938 939 
1294 908 939 953 
1295 929 909 965 
1296 909 932 955 
1297 909 955 965 
1298 928 910 968 
1299 910 960 968 
1300 960 910 974 
1301 934 911 956 
1302 911 941 963 
1303 956 911 963 
1304 947 912 970 
1305 912 962 970 
1306 962 912 975 
1307 930 913 966 
1308 913 945 967 
1309 966 913 967 
1310 914 928 958 
1311 944 914 971 
1312 914 958 971 
1313 932 915 969 
1314 915 951 952 
1315 915 952 969 
1316 916 937 957 
1317 948 916 961 
1318 916 957 961 
1319 931 917 968 
1320 917 946 958 
1321 917 958 968 
1322 940 918 970 
1323 918 948 954 
1324 918 954 970 
1325 919 940 962 
1326 919 962 973 
1327 919 973 978 
1328 920 936 957 
1329 950 920 953 
1330 953 920 957 
1331 921 943 964 
1332 949 921 966 
1333 921 964 966 
1334 933 922 969 
1335 922 942 955 
1336 922 955 969 
1337 923 935 959 
1338 942 923 965 
1339 923 959 965 
1340 924 931 960 
1341 924 960 972 
1342 924 972 977 
1343 962 925 973 
1344 925 962 975 
1345 925 975 979 
1346 960 926 972 
1347 926 960 974 
1348 926 974 976 
1349 943 927 963 
1350 927 944 956 
1351 927 956 963 
1352 958 928 968 
1353 945 929 959 
1354 959 929 965 
1355 941 930 964 
1356 964 930 966 
1357 960 931 968 
1358 955 932 969 
1359 938 933 952 
1360 952 933 969 
1361 946 934 971 
1362 934 956 971 
1363 935 949 967 
1364 959 935 967 
1365 957 936 961 
1366 937 953 957 
1367 939 938 952 
1368 950 939 951 
1369 939 950 953 
1370 951 939 952 
1371 962 940 970 
1372 963 941 964 
1373 955 942 965 
1374 943 963 964 
1375 956 944 971 
1376 945 959 967 
1377 958 946 971 
1378 954 947 970 
1379 954 948 961 
1380 949 966 967 
2 9 2 226
1381 271 13 231 
1382 217 18 1073 
1383 18 293 1073 
1384 218 217 993 
1385 993 217 1073 
1386 219 218 1040 
1387 218 993 1040 
1388 220 219 987 
1389 987 219 1040 
1390 221 220 1058 
1391 220 987 1058 
1392 222 221 984 
1393 984 221 1058 
1394 223 222 1049 
1395 222 984 1049 
1396 224 223 1047 
1397 1047 223 1049 
1398 225 224 980 
1399 980 224 1047 
1400 226 225 1043 
1401 225 980 1043 
1402 227 226 996 
1403 996 226 1043 
1404 228 227 985 
1405 985 227 996 
1406 229 228 1042 
1407 228 985 1042 
1408 230 229 989 
1409 989 229 1042 
1410 231 230 995 
1411 230 989 995 
1412 271 231 995 
1413 272 271 995 
1414 273 272 994 
1415 994 272 995 
1416 274 273 1056 
1417 273 994 1056 
1418 275 274 988 
1419 988 274 1056 
1420 276 275 1062 
1421 275 988 1062 
1422 277 276 1063 
1423 276 1062 1063 
1424 278 277 983 
1425 983 277 1063 
1426 279 278 1057 
1427 278 983 1057 
1428 280 279 992 
1429 992 279 1057 
1430 281 280 1067 
1431 280 992 1067 
1432 282 281 982 
1433 982 281 1067 
1434 283 282 1055 
1435 282 982 1055 
1436 284 283 990 
1437 990 283 1055 
1438 285 284 1071 
1439 284 990 1071 
1440 286 285 981 
1441 981 285 1071 
1442 287 286 1065 
1443 286 981 1065 
1444 288 287 1038 
1445 1038 287 1065 
1446 289 288 986 
1447 986 288 1038 
1448 290 289 1064 
1449 289 986 1064 
1450 291 290 991 
1451 991 290 1064 
1452 292 291 1054 
1453 291 991 1054 
1454 293 292 1066 
1455 292 1054 1066 
1456 293 1066 1073 
1457 980 1033 1044 
1458 1033 980 1047 
1459 1043 980 1044 
1460 981 1020 1031 
1461 1020 981 1048 
1462 981 1031 1065 
1463 1048 981 1071 
1464 982 1030 1061 
1465 1030 982 1067 
1466 1055 982 1061 
1467 983 1029 1057 
1468 1029 983 1072 
1469 983 1063 1072 
1470 984 1021 1053 
1471 1021 984 1058 
1472 1049 984 1053 
1473 985 996 997 
1474 985 997 1014 
1475 985 1014 1042 
1476 986 1038 1070 
1477 986 1051 1064 
1478 1051 986 1070 
1479 987 1040 1069 
1480 1058 987 1060 
1481 1060 987 1069 
1482 988 1046 1050 
1483 1046 988 1056 
1484 988 1050 1062 
1485 995 989 1059 
1486 989 1042 1045 
1487 989 1045 1059 
1488 1048 990 1052 
1489 990 1048 1071 
1490 1052 990 1055 
1491 1051 991 1064 
1492 991 1051 1068 
1493 1054 991 1068 
1494 1028 992 1029 
1495 992 1028 1030 
1496 1029 992 1057 
1497 992 1030 1067 
1498 1040 993 1041 
1499 1041 993 1066 
1500 1066 993 1073 
1501 994 995 1059 
1502 994 1046 1056 
1503 1046 994 1059 
1504 997 996 998 
1505 998 996 1043 
1506 997 998 999 
1507 997 999 1022 
1508 1014 997 1022 
1509 999 998 1000 
1510 1000 998 1044 
1511 998 1043 1044 
1512 999 1000 1001 
1513 999 1001 1003 
1514 999 1003 1022 
1515 1001 1000 1002 
1516 1002 1000 1032 
1517 1032 1000 1044 
1518 1001 1002 1004 
1519 1003 1001 1027 
1520 1001 1004 1027 
1521 1004 1002 1005 
1522 1005 1002 1006 
1523 1006 1002 1032 
1524 1022 1003 1023 
1525 1023 1003 1024 
1526 1024 1003 1027 
1527 1004 1005 1039 
1528 1027 1004 1028 
1529 1028 1004 1039 
1530 1005 1006 1007 
1531 1005 1007 1015 
1532 1005 1015 1039 
1533 1007 1006 1008 
1534 1008 1006 1011 
1535 1011 1006 1032 
1536 1007 1008 1009 
1537 1007 1009 1035 
1538 1015 1007 1035 
1539 1009 1008 1010 
1540 1010 1008 1036 
1541 1008 1011 1036 
1542 1009 1010 1012 
1543 1009 1012 1020 
1544 1009 1020 1035 
1545 1012 1010 1013 
1546 1013 1010 1016 
1547 1016 1010 1036 
1548 1011 1032 1033 
1549 1011 1033 1034 
1550 1011 1034 1036 
1551 1012 1013 1037 
1552 1020 1012 1031 
1553 1031 1012 1037 
1554 1013 1016 1017 
1555 1013 1017 1018 
1556 1013 1018 1037 
1557 1014 1022 1026 
1558 1014 1026 1045 
1559 1042 1014 1045 
1560 1015 1035 1052 
1561 1039 1015 1061 
1562 1015 1052 1061 
1563 1017 1016 1021 
1564 1021 1016 1053 
1565 1016 1036 1053 
1566 1018 1017 1019 
1567 1019 1017 1060 
1568 1017 1021 1060 
1569 1018 1019 1051 
1570 1037 1018 1070 
1571 1018 1051 1070 
1572 1051 1019 1068 
1573 1019 1060 1069 
1574 1068 1019 1069 
1575 1035 1020 1048 
1576 1021 1058 1060 
1577 1022 1023 1026 
1578 1023 1024 1025 
1579 1023 1025 1050 
1580 1026 1023 1050 
1581 1025 1024 1072 
1582 1024 1027 1029 
1583 1024 1029 1072 
1584 1050 1025 1062 
1585 1062 1025 1063 
1586 1063 1025 1072 
1587 1045 1026 1046 
1588 1046 1026 1050 
1589 1027 1028 1029 
1590 1030 1028 1039 
1591 1030 1039 1061 
1592 1031 1037 1038 
1593 1031 1038 1065 
1594 1033 1032 1044 
1595 1034 1033 1047 
1596 1036 1034 1053 
1597 1034 1047 1049 
1598 1034 1049 1053 
1599 1035 1048 1052 
1600 1038 1037 1070 
1601 1040 1041 1069 
1602 1054 1041 1066 
1603 1041 1054 1068 
1604 1041 1068 1069 
1605 1045 1046 1059 
1606 1052 1055 1061 
2 10 2 44
1607 21 1074 19 
1608 19 1074 294 
1609 20 1081 22 
1610 303 1081 20 
1611 313 1074 21 
1612 22 1081 304 
1613 294 1080 295 
1614 1074 1080 294 
1615 295 1084 296 
1616 1080 1084 295 
1617 296 1075 297 
1618 296 1084 1075 
1619 297 1076 298 
1620 1075 1076 297 
1621 298 1078 299 
1622 1076 1078 298 
1623 299 1079 300 
1624 1078 1079 299 
1625 300 1077 301 
1626 300 1079 1077 
1627 301 1082 302 
1628 1077 1082 301 
1629 302 1083 303 
1630 1082 1083 302 
1631 303 1083 1081 
1632 304 1083 305 
1633 1081 1083 304 
1634 305 1082 306 
1635 305 1083 1082 
1636 306 1077 307 
1637 306 1082 1077 
1638 307 1079 308 
1639 1077 1079 307 
1640 308 1078 309 
1641 308 1079 1078 
1642 309 1076 310 
1643 309 1078 1076 
1644 310 1075 311 
1645 310 1076 1075 
1646 311 1084 312 
1647 1075 1084 311 
1648 312 1080 313 
1649 312 1084 1080 
1650 313 1080 1074 
2 11 2 16
1651 22 1088 20 
1652 20 1088 314 
1653 319 1088 22 
1654 23 1086 24 
1655 316 1086 23 
1656 24 1086 317 
1657 314 1085 315 
1658 314 1088 1085 
1659 315 1087 316 
1660 1085 1087 315 
1661 316 1087 1086 
1662 317 1087 318 
1663 1086 1087 317 
1664 318 1085 319 
1665 318 1087 1085 
1666 1085 1088 319 
2 12 2 44
1667 24 1090 23 
1668 23 1090 320 
1669 339 1090 24 
1670 25 1089 26 
1671 329 1089 25 
1672 26 1089 330 
1673 320 1098 321 
1674 1090 1098 320 
1675 321 1099 322 
1676 1098 1099 321 
1677 322 1092 323 
1678 322 1099 1092 
1679 323 1091 324 
1680 323 1092 1091 
1681 324 1095 325 
1682 1091 1095 324 
1683 325 1096 326 
1684 1095 1096 325 
1685 326 1093 327 
1686 326 1096 1093 
1687 327 1097 328 
1688 1093 1097 327 
1689 328 1094 329 
1690 328 1097 1094 
1691 329 1094 1089 
1692 330 1094 331 
1693 1089 1094 330 
1694 331 1097 332 
1695 1094 1097 331 
1696 332 1093 333 
1697 332 1097 1093 
1698 333 1096 334 
1699 1093 1096 333 
1700 334 1095 335 
1701 334 1096 1095 
1702 335 1091 336 
1703 335 1095 1091 
1704 336 1092 337 
1705 1091 1092 336 
1706 337 1099 338 
1707 1092 1099 337 
1708 338 1098 339 
1709 338 1099 1098 
1710 339 1098 1090 
2 13 2 16
1711 19 1100 21 
1712 342 1100 19 
1713 21 1100 343 
1714 26 1101 25 
1715 25 1101 340 
1716 345 1101 26 
1717 340 1103 341 
1718 1101 1103 340 
1719 341 1102 342 
1720 341 1103 1102 
1721 342 1102 1100 
1722 343 1102 344 
1723 1100 1102 343 
1724 344 1103 345 
1725 1102 1103 344 
1726 345 1103 1101 
2 14 2 96
1727 21 1134 313 
1728 343 1134 21 
1729 304 1136 22 
1730 22 1136 319 
1731 317 1135 24 
1732 24 1135 339 
1733 330 1137 26 
1734 26 1137 345 
1735 305 1107 304 
1736 1107 1136 304 
1737 306 1119 305 
1738 305 1119 1107 
1739 307 1113 306 
1740 1113 1119 306 
1741 308 1115 307 
1742 307 1115 1113 
1743 309 1104 308 
1744 1104 1115 308 
1745 310 1120 309 
1746 309 1120 1104 
1747 311 1106 310 
1748 1106 1120 310 
1749 312 1117 311 
1750 311 1117 1106 
1751 313 1108 312 
1752 1108 1117 312 
1753 313 1134 1108 
1754 318 1111 317 
1755 1111 1135 317 
1756 319 1130 318 
1757 318 1130 1111 
1758 319 1136 1130 
1759 331 1133 330 
1760 1133 1137 330 
1761 332 1110 331 
1762 1110 1133 331 
1763 333 1114 332 
1764 332 1114 1110 
1765 334 1109 333 
1766 1109 1114 333 
1767 335 1121 334 
1768 334 1121 1109 
1769 336 1122 335 
1770 335 1122 1121 
1771 337 1105 336 
1772 1105 1122 336 
1773 338 1118 337 
1774 337 1118 1105 
1775 339 1132 338 
1776 338 1132 1118 
1777 339 1135 1132 
1778 344 1131 343 
1779 1131 1134 343 
1780 345 1112 344 
1781 1112 1131 344 
1782 345 1137 1112 
1783 1104 1116 1115 
1784 1104 1123 1116 
1785 1120 1123 1104 
1786 1118 1129 1105 
1787 1105 1124 1122 
1788 1105 1129 1124 
1789 1117 1128 1106 
1790 1106 1126 1120 
1791 1106 1128 1126 
1792 1119 1125 1107 
1793 1125 1130 1107 
1794 1130 1136 1107 
1795 1108 1127 1117 
1796 1108 1131 1127 
1797 1108 1134 1131 
1798 1109 1126 1114 
1799 1121 1123 1109 
1800 1123 1126 1109 
1801 1114 1128 1110 
1802 1110 1128 1127 
1803 1127 1133 1110 
1804 1111 1130 1125 
1805 1125 1132 1111 
1806 1132 1135 1111 
1807 1127 1131 1112 
1808 1112 1133 1127 
1809 1112 1137 1133 
1810 1115 1124 1113 
1811 1113 1129 1119 
1812 1124 1129 1113 
1813 1126 1128 1114 
1814 1116 1124 1115 
1815 1121 1122 1116 
1816 1116 1123 1121 
1817 1122 1124 1116 
1818 1127 1128 1117 
1819 1125 1129 1118 
1820 1118 1132 1125 
1821 1119 1129 1125 
1822 1120 1126 1123 
2 15 2 16
1823 29 1141 27 
1824 27 1141 346 
1825 28 1140 30 
1826 348 1140 28 
1827 351 1141 29 
1828 30 1140 349 
1829 346 1139 347 
1830 346 1141 1139 
1831 347 1138 348 
1832 347 1139 1138 
1833 1138 1140 348 
1834 349 1138 350 
1835 349 1140 1138 
1836 350 1139 351 
1837 1138 1139 350 
1838 1139 1141 351 
2 16 2 44
1839 30 1142 28 
1840 28 1142 352 
1841 371 1142 30 
1842 31 1144 32 
1843 361 1144 31 
1844 32 1144 362 
1845 352 1149 353 
1846 1142 1149 352 
1847 353 1152 354 
1848 1149 1152 353 
1849 354 1146 355 
1850 354 1152 1146 
1851 355 1145 356 
1852 355 1146 1145 
1853 356 1143 357 
1854 356 1145 1143 
1855 357 1147 358 
1856 1143 1147 357 
1857 358 1150 359 
1858 1147 1150 358 
1859 359 1151 360 
1860 1150 1151 359 
1861 360 1148 361 
1862 360 1151 1148 
1863 361 1148 1144 
1864 362 1148 363 
1865 1144 1148 362 
1866 363 1151 364 
1867 1148 1151 363 
1868 364 1150 365 
1869 364 1151 1150 
1870 365 1147 366 
1871 365 1150 1147 
1872 366 1143 367 
1873 366 1147 1143 
1874 367 1145 368 
1875 1143 1145 367 
1876 368 1146 369 
1877 1145 1146 368 
1878 369 1152 370 
1879 1146 1152 369 
1880 370 1149 371 
1881 370 1152 1149 
1882 371 1149 1142 
2 17 2 16
1883 32 1154 31 
1884 31 1154 372 
1885 377 1154 32 
1886 33 1156 34 
1887 374 1156 33 
1888 34 1156 375 
1889 372 1153 373 
1890 372 1154 1153 
1891 373 1155 374 
1892 1153 1155 373 
1893 1155 1156 374 
1894 375 1155 376 
1895 375 1156 1155 
1896 376 1153 377 
1897 376 1155 1153 
1898 1153 1154 377 
2 18 2 44
1899 27 1158 29 
1900 387 1158 27 
1901 29 1158 388 
1902 34 1159 33 
1903 33 1159 378 
1904 397 1159 34 
1905 378 1163 379 
1906 1159 1163 378 
1907 379 1166 380 
1908 1163 1166 379 
1909 380 1161 381 
1910 380 1166 1161 
1911 381 1160 382 
1912 381 1161 1160 
1913 382 1157 383 
1914 382 1160 1157 
1915 383 1162 384 
1916 1157 1162 383 
1917 384 1164 385 
1918 1162 1164 384 
1919 385 1167 386 
1920 1164 1167 385 
1921 386 1165 387 
1922 386 1167 1165 
1923 387 1165 1158 
1924 388 1165 389 
1925 1158 1165 388 
1926 389 1167 390 
1927 1165 1167 389 
1928 390 1164 391 
1929 390 1167 1164 
1930 391 1162 392 
1931 391 1164 1162 
1932 392 1157 393 
1933 392 1162 1157 
1934 393 1160 394 
1935 1157 1160 393 
1936 394 1161 395 
1937 1160 1161 394 
1938 395 1166 396 
1939 1161 1166 395 
1940 396 1163 397 
1941 396 1166 1163 
1942 397 1163 1159 
2 19 2 96
1943 29 1199 351 
1944 388 1199 29 
1945 349 1201 30 
1946 30 1201 371 
1947 362 1200 32 
1948 32 1200 377 
1949 375 1198 34 
1950 34 1198 397 
1951 350 1194 349 
1952 1194 1201 349 
1953 351 1176 350 
1954 1176 1194 350 
1955 351 1199 1176 
1956 363 1197 362 
1957 1197 1200 362 
1958 364 1174 363 
1959 1174 1197 363 
1960 365 1178 364 
1961 364 1178 1174 
1962 366 1182 365 
1963 365 1182 1178 
1964 367 1168 366 
1965 1168 1182 366 
1966 368 1184 367 
1967 367 1184 1168 
1968 369 1170 368 
1969 1170 1184 368 
1970 370 1181 369 
1971 369 1181 1170 
1972 371 1172 370 
1973 1172 1181 370 
1974 371 1201 1172 
1975 376 1195 375 
1976 1195 1198 375 
1977 377 1177 376 
1978 1177 1195 376 
1979 377 1200 1177 
1980 389 1196 388 
1981 1196 1199 388 
1982 390 1175 389 
1983 1175 1196 389 
1984 391 1180 390 
1985 390 1180 1175 
1986 392 1173 391 
1987 1173 1180 391 
1988 393 1185 392 
1989 392 1185 1173 
1990 394 1186 393 
1991 393 1186 1185 
1992 395 1169 394 
1993 1169 1186 394 
1994 396 1179 395 
1995 395 1179 1169 
1996 397 1171 396 
1997 1171 1179 396 
1998 397 1198 1171 
1999 1168 1183 1182 
2000 1168 1187 1183 
2001 1184 1187 1168 
2002 1179 1191 1169 
2003 1169 1188 1186 
2004 1169 1191 1188 
2005 1181 1190 1170 
2006 1170 1189 1184 
2007 1170 1190 1189 
2008 1171 1192 1179 
2009 1171 1195 1192 
2010 1171 1198 1195 
2011 1172 1193 1181 
2012 1172 1194 1193 
2013 1172 1201 1194 
2014 1173 1189 1180 
2015 1185 1187 1173 
2016 1187 1189 1173 
2017 1178 1191 1174 
2018 1191 1192 1174 
2019 1192 1197 1174 
2020 1180 1190 1175 
2021 1190 1193 1175 
2022 1193 1196 1175 
2023 1193 1194 1176 
2024 1176 1196 1193 
2025 1176 1199 1196 
2026 1192 1195 1177 
2027 1177 1197 1192 
2028 1177 1200 1197 
2029 1182 1188 1178 
2030 1188 1191 1178 
2031 1179 1192 1191 
2032 1189 1190 1180 
2033 1181 1193 1190 
2034 1183 1188 1182 
2035 1185 1186 1183 
2036 1183 1187 1185 
2037 1186 1188 1183 
2038 1184 1189 1187 
2 20 2 556
2039 10 1414 186 
2040 419 1414 10 
2041 165 1415 11 
2042 11 1415 408 
2043 409 36 27 
2044 27 36 441 
2045 346 409 27 
2046 27 1397 387 
2047 441 1397 27 
2048 28 412 348 
2049 352 1403 28 
2050 413 412 28 
2051 28 1313 413 
2052 28 1403 1313 
2053 31 1206 361 
2054 372 1321 31 
2055 31 1207 1206 
2056 31 1321 1207 
2057 33 1292 374 
2058 378 431 33 
2059 431 430 33 
2060 430 1401 33 
2061 33 1401 1292 
2062 398 1416 35 
2063 35 1416 420 
2064 166 1257 165 
2065 1257 1415 165 
2066 167 1362 166 
2067 166 1362 1257 
2068 168 1231 167 
2069 1231 1362 167 
2070 169 1364 168 
2071 168 1364 1231 
2072 170 1202 169 
2073 1202 1364 169 
2074 171 1317 170 
2075 170 1317 1202 
2076 172 1379 171 
2077 171 1379 1317 
2078 173 1205 172 
2079 1205 1379 172 
2080 174 1315 173 
2081 173 1315 1205 
2082 175 1395 174 
2083 174 1395 1315 
2084 176 1238 175 
2085 1238 1395 175 
2086 177 1332 176 
2087 176 1332 1238 
2088 178 1210 177 
2089 1210 1332 177 
2090 179 1334 178 
2091 178 1334 1210 
2092 180 1230 179 
2093 1230 1334 179 
2094 181 1366 180 
2095 180 1366 1230 
2096 182 1214 181 
2097 1214 1366 181 
2098 183 1365 182 
2099 182 1365 1214 
2100 184 1232 183 
2101 1232 1365 183 
2102 185 1367 184 
2103 184 1367 1232 
2104 186 1256 185 
2105 1256 1367 185 
2106 186 1414 1256 
2107 347 410 346 
2108 346 410 409 
2109 348 411 347 
2110 347 411 410 
2111 348 412 411 
2112 353 1240 352 
2113 1240 1403 352 
2114 354 1393 353 
2115 353 1393 1240 
2116 355 1208 354 
2117 1208 1393 354 
2118 356 1391 355 
2119 355 1391 1208 
2120 357 1386 356 
2121 1386 1391 356 
2122 358 1209 357 
2123 1209 1386 357 
2124 359 1381 358 
2125 358 1381 1209 
2126 360 1246 359 
2127 1246 1381 359 
2128 361 1388 360 
2129 360 1388 1246 
2130 1206 1388 361 
2131 373 1241 372 
2132 1241 1321 372 
2133 374 1387 373 
2134 373 1387 1241 
2135 1292 1387 374 
2136 379 432 378 
2137 432 431 378 
2138 380 433 379 
2139 433 432 379 
2140 381 434 380 
2141 380 434 433 
2142 382 435 381 
2143 381 435 434 
2144 383 436 382 
2145 382 436 435 
2146 384 437 383 
2147 383 437 436 
2148 385 438 384 
2149 384 438 437 
2150 386 1399 385 
2151 385 1399 438 
2152 387 1398 386 
2153 386 1398 439 
2154 439 1399 386 
2155 387 1397 440 
2156 440 1398 387 
2157 399 1382 398 
2158 1382 1416 398 
2159 400 1371 399 
2160 1371 1382 399 
2161 401 1233 400 
2162 1233 1371 400 
2163 402 1372 401 
2164 401 1372 1233 
2165 403 1203 402 
2166 1203 1372 402 
2167 404 1376 403 
2168 403 1376 1203 
2169 405 1373 404 
2170 1373 1376 404 
2171 406 1211 405 
2172 1211 1373 405 
2173 407 1374 406 
2174 406 1374 1211 
2175 408 1383 407 
2176 407 1383 1374 
2177 408 1415 1383 
2178 413 1313 414 
2179 414 1255 415 
2180 414 1313 1255 
2181 415 1375 416 
2182 1255 1375 415 
2183 416 1212 417 
2184 416 1375 1212 
2185 417 1377 418 
2186 1212 1377 417 
2187 418 1384 419 
2188 1377 1384 418 
2189 1384 1414 419 
2190 420 1258 421 
2191 420 1416 1258 
2192 421 1363 422 
2193 1258 1363 421 
2194 422 1213 423 
2195 422 1363 1213 
2196 423 1413 424 
2197 1213 1413 423 
2198 424 1408 425 
2199 424 1413 1408 
2200 425 1204 426 
2201 425 1408 1204 
2202 426 1361 427 
2203 1204 1361 426 
2204 427 1235 428 
2205 427 1361 1235 
2206 428 1360 429 
2207 1235 1360 428 
2208 429 1401 430 
2209 1360 1401 429 
2210 438 1399 439 
2211 439 1398 440 
2212 440 1397 441 
2213 1202 1316 1310 
2214 1310 1364 1202 
2215 1202 1317 1316 
2216 1370 1372 1203 
2217 1203 1412 1370 
2218 1376 1412 1203 
2219 1204 1389 1302 
2220 1302 1409 1204 
2221 1204 1409 1361 
2222 1204 1408 1389 
2223 1303 1307 1205 
2224 1205 1315 1303 
2225 1307 1379 1205 
2226 1207 1215 1206 
2227 1215 1318 1206 
2228 1318 1388 1206 
2229 1207 1216 1215 
2230 1207 1217 1216 
2231 1207 1321 1217 
2232 1208 1392 1356 
2233 1356 1393 1208 
2234 1391 1392 1208 
2235 1209 1385 1342 
2236 1342 1386 1209 
2237 1381 1385 1209 
2238 1301 1333 1210 
2239 1210 1334 1301 
2240 1210 1333 1332 
2241 1211 1417 1373 
2242 1374 1390 1211 
2243 1390 1417 1211 
2244 1212 1375 1354 
2245 1354 1404 1212 
2246 1212 1404 1377 
2247 1363 1419 1213 
2248 1213 1418 1413 
2249 1213 1419 1418 
2250 1365 1426 1214 
2251 1214 1427 1366 
2252 1426 1427 1214 
2253 1216 1227 1215 
2254 1227 1228 1215 
2255 1228 1318 1215 
2256 1217 1218 1216 
2257 1218 1322 1216 
2258 1216 1322 1227 
2259 1217 1219 1218 
2260 1217 1289 1219 
2261 1217 1321 1289 
2262 1219 1220 1218 
2263 1220 1239 1218 
2264 1239 1322 1218 
2265 1219 1221 1220 
2266 1219 1324 1221 
2267 1289 1324 1219 
2268 1221 1222 1220 
2269 1222 1368 1220 
2270 1220 1368 1239 
2271 1221 1223 1222 
2272 1221 1244 1223 
2273 1221 1324 1244 
2274 1223 1224 1222 
2275 1224 1234 1222 
2276 1234 1368 1222 
2277 1223 1225 1224 
2278 1223 1337 1225 
2279 1244 1337 1223 
2280 1225 1226 1224 
2281 1226 1339 1224 
2282 1224 1339 1234 
2283 1225 1229 1226 
2284 1225 1242 1229 
2285 1225 1337 1242 
2286 1229 1236 1226 
2287 1236 1237 1226 
2288 1237 1339 1226 
2289 1227 1248 1228 
2290 1227 1259 1248 
2291 1227 1322 1259 
2292 1248 1249 1228 
2293 1249 1267 1228 
2294 1267 1318 1228 
2295 1229 1345 1236 
2296 1242 1243 1229 
2297 1243 1345 1229 
2298 1230 1338 1334 
2299 1230 1429 1338 
2300 1366 1429 1230 
2301 1231 1425 1362 
2302 1364 1428 1231 
2303 1231 1428 1425 
2304 1232 1424 1365 
2305 1367 1421 1232 
2306 1421 1424 1232 
2307 1233 1378 1371 
2308 1372 1407 1233 
2309 1233 1407 1378 
2310 1234 1357 1320 
2311 1320 1368 1234 
2312 1339 1357 1234 
2313 1235 1402 1360 
2314 1361 1405 1235 
2315 1235 1405 1402 
2316 1236 1245 1237 
2317 1236 1349 1245 
2318 1345 1349 1236 
2319 1245 1247 1237 
2320 1247 1263 1237 
2321 1263 1339 1237 
2322 1238 1331 1314 
2323 1314 1395 1238 
2324 1238 1332 1331 
2325 1239 1323 1322 
2326 1239 1369 1323 
2327 1368 1369 1239 
2328 1240 1394 1359 
2329 1359 1403 1240 
2330 1393 1394 1240 
2331 1241 1396 1321 
2332 1241 1387 1328 
2333 1328 1396 1241 
2334 1242 1250 1243 
2335 1242 1262 1250 
2336 1242 1337 1262 
2337 1250 1251 1243 
2338 1251 1252 1243 
2339 1252 1345 1243 
2340 1324 1326 1244 
2341 1326 1336 1244 
2342 1336 1337 1244 
2343 1245 1253 1247 
2344 1245 1254 1253 
2345 1245 1349 1254 
2346 1246 1380 1358 
2347 1358 1381 1246 
2348 1246 1388 1380 
2349 1253 1350 1247 
2350 1247 1264 1263 
2351 1247 1350 1264 
2352 1248 1330 1249 
2353 1259 1260 1248 
2354 1260 1330 1248 
2355 1249 1268 1267 
2356 1249 1269 1268 
2357 1249 1330 1269 
2358 1250 1346 1251 
2359 1262 1285 1250 
2360 1285 1346 1250 
2361 1251 1266 1252 
2362 1251 1305 1266 
2363 1251 1346 1305 
2364 1266 1290 1252 
2365 1290 1291 1252 
2366 1291 1345 1252 
2367 1254 1297 1253 
2368 1297 1298 1253 
2369 1298 1350 1253 
2370 1254 1299 1297 
2371 1254 1340 1299 
2372 1254 1349 1340 
2373 1313 1359 1255 
2374 1359 1406 1255 
2375 1255 1406 1375 
2376 1256 1384 1312 
2377 1312 1420 1256 
2378 1256 1420 1367 
2379 1256 1414 1384 
2380 1362 1422 1257 
2381 1257 1410 1383 
2382 1383 1415 1257 
2383 1257 1422 1410 
2384 1258 1423 1363 
2385 1382 1400 1258 
2386 1258 1416 1382 
2387 1400 1423 1258 
2388 1259 1261 1260 
2389 1259 1323 1261 
2390 1322 1323 1259 
2391 1261 1287 1260 
2392 1287 1314 1260 
2393 1314 1330 1260 
2394 1261 1303 1287 
2395 1261 1304 1303 
2396 1261 1323 1304 
2397 1262 1302 1285 
2398 1262 1336 1302 
2399 1262 1337 1336 
2400 1264 1265 1263 
2401 1265 1357 1263 
2402 1263 1357 1339 
2403 1264 1310 1265 
2404 1264 1311 1310 
2405 1264 1350 1311 
2406 1310 1316 1265 
2407 1316 1319 1265 
2408 1319 1357 1265 
2409 1266 1378 1290 
2410 1305 1306 1266 
2411 1306 1378 1266 
2412 1268 1335 1267 
2413 1267 1380 1318 
2414 1335 1380 1267 
2415 1269 1270 1268 
2416 1270 1271 1268 
2417 1271 1335 1268 
2418 1269 1333 1270 
2419 1330 1331 1269 
2420 1331 1333 1269 
2421 1270 1272 1271 
2422 1270 1301 1272 
2423 1270 1333 1301 
2424 1272 1273 1271 
2425 1273 1286 1271 
2426 1286 1335 1271 
2427 1272 1274 1273 
2428 1272 1338 1274 
2429 1301 1338 1272 
2430 1274 1275 1273 
2431 1275 1341 1273 
2432 1273 1341 1286 
2433 1274 1276 1275 
2434 1274 1300 1276 
2435 1274 1338 1300 
2436 1276 1277 1275 
2437 1277 1284 1275 
2438 1284 1341 1275 
2439 1276 1278 1277 
2440 1276 1348 1278 
2441 1300 1348 1276 
2442 1278 1279 1277 
2443 1279 1344 1277 
2444 1277 1344 1284 
2445 1278 1280 1279 
2446 1278 1296 1280 
2447 1278 1348 1296 
2448 1280 1281 1279 
2449 1281 1355 1279 
2450 1279 1355 1344 
2451 1280 1282 1281 
2452 1280 1353 1282 
2453 1296 1353 1280 
2454 1282 1283 1281 
2455 1283 1288 1281 
2456 1288 1355 1281 
2457 1282 1293 1283 
2458 1282 1294 1293 
2459 1282 1353 1294 
2460 1283 1295 1288 
2461 1293 1354 1283 
2462 1283 1354 1295 
2463 1284 1342 1341 
2464 1284 1343 1342 
2465 1284 1344 1343 
2466 1302 1389 1285 
2467 1285 1347 1346 
2468 1285 1389 1347 
2469 1286 1358 1335 
2470 1341 1385 1286 
2471 1286 1385 1358 
2472 1303 1315 1287 
2473 1287 1395 1314 
2474 1315 1395 1287 
2475 1295 1394 1288 
2476 1288 1356 1355 
2477 1288 1394 1356 
2478 1321 1396 1289 
2479 1289 1325 1324 
2480 1289 1396 1325 
2481 1290 1370 1291 
2482 1290 1407 1370 
2483 1378 1407 1290 
2484 1340 1349 1291 
2485 1291 1370 1340 
2486 1291 1349 1345 
2487 1292 1401 1360 
2488 1360 1411 1292 
2489 1292 1411 1387 
2490 1294 1312 1293 
2491 1312 1404 1293 
2492 1293 1404 1354 
2493 1294 1420 1312 
2494 1353 1421 1294 
2495 1294 1421 1420 
2496 1354 1406 1295 
2497 1359 1394 1295 
2498 1295 1406 1359 
2499 1348 1426 1296 
2500 1296 1424 1353 
2501 1296 1426 1424 
2502 1297 1390 1298 
2503 1299 1417 1297 
2504 1297 1417 1390 
2505 1298 1351 1350 
2506 1298 1352 1351 
2507 1298 1390 1352 
2508 1340 1412 1299 
2509 1299 1376 1373 
2510 1373 1417 1299 
2511 1299 1412 1376 
2512 1338 1429 1300 
2513 1300 1427 1348 
2514 1300 1429 1427 
2515 1334 1338 1301 
2516 1302 1336 1329 
2517 1329 1409 1302 
2518 1304 1307 1303 
2519 1304 1308 1307 
2520 1304 1369 1308 
2521 1323 1369 1304 
2522 1305 1419 1306 
2523 1346 1418 1305 
2524 1418 1419 1305 
2525 1306 1400 1378 
2526 1306 1423 1400 
2527 1419 1423 1306 
2528 1308 1309 1307 
2529 1309 1379 1307 
2530 1308 1319 1309 
2531 1308 1320 1319 
2532 1308 1369 1320 
2533 1316 1317 1309 
2534 1309 1319 1316 
2535 1317 1379 1309 
2536 1311 1428 1310 
2537 1310 1428 1364 
2538 1350 1351 1311 
2539 1351 1428 1311 
2540 1312 1384 1377 
2541 1377 1404 1312 
2542 1313 1403 1359 
2543 1314 1331 1330 
2544 1380 1388 1318 
2545 1320 1357 1319 
2546 1320 1369 1368 
2547 1325 1326 1324 
2548 1325 1327 1326 
2549 1325 1328 1327 
2550 1325 1396 1328 
2551 1327 1329 1326 
2552 1329 1336 1326 
2553 1328 1402 1327 
2554 1327 1405 1329 
2555 1402 1405 1327 
2556 1387 1411 1328 
2557 1328 1411 1402 
2558 1405 1409 1329 
2559 1332 1333 1331 
2560 1358 1380 1335 
2561 1370 1412 1340 
2562 1342 1385 1341 
2563 1343 1386 1342 
2564 1344 1392 1343 
2565 1343 1391 1386 
2566 1343 1392 1391 
2567 1355 1392 1344 
2568 1347 1418 1346 
2569 1389 1408 1347 
2570 1408 1413 1347 
2571 1413 1418 1347 
2572 1348 1427 1426 
2573 1352 1425 1351 
2574 1425 1428 1351 
2575 1390 1410 1352 
2576 1410 1422 1352 
2577 1422 1425 1352 
2578 1353 1424 1421 
2579 1375 1406 1354 
2580 1356 1392 1355 
2581 1356 1394 1393 
2582 1358 1385 1381 
2583 1402 1411 1360 
2584 1361 1409 1405 
2585 1362 1425 1422 
2586 1363 1423 1419 
2587 1424 1426 1365 
2588 1427 1429 1366 
2589 1420 1421 1367 
2590 1370 1407 1372 
2591 1378 1400 1371 
2592 1371 1400 1382 
2593 1383 1410 1374 
2594 1374 1410 1390 
2 21 2 436
2595 19 441 36 
2596 36 459 19 
2597 294 1578 19 
2598 459 342 19 
2599 19 1578 441 
2600 431 303 20 
2601 314 1547 20 
2602 20 430 431 
2603 20 1588 430 
2604 1547 1588 20 
2605 23 1434 316 
2606 320 1487 23 
2607 23 1436 1434 
2608 23 1597 1436 
2609 1487 1597 23 
2610 25 1474 329 
2611 25 340 456 
2612 25 456 455 
2613 455 1581 25 
2614 25 1581 1474 
2615 420 1595 35 
2616 35 1595 450 
2617 442 1594 37 
2618 37 1594 460 
2619 38 1596 451 
2620 481 1596 38 
2621 295 1582 294 
2622 440 1578 294 
2623 294 1582 440 
2624 296 1583 295 
2625 439 1582 295 
2626 295 1583 439 
2627 297 438 296 
2628 438 1583 296 
2629 298 437 297 
2630 437 438 297 
2631 436 298 299 
2632 436 437 298 
2633 435 299 300 
2634 436 299 435 
2635 434 300 301 
2636 435 300 434 
2637 433 301 302 
2638 434 301 433 
2639 432 302 303 
2640 433 302 432 
2641 432 303 431 
2642 315 1452 314 
2643 1452 1547 314 
2644 316 1564 315 
2645 315 1564 1452 
2646 1434 1564 316 
2647 321 1542 320 
2648 320 1542 1487 
2649 322 1441 321 
2650 1441 1542 321 
2651 323 1541 322 
2652 322 1541 1441 
2653 324 1440 323 
2654 1440 1541 323 
2655 325 1543 324 
2656 324 1543 1440 
2657 326 1439 325 
2658 1439 1543 325 
2659 327 1544 326 
2660 326 1544 1439 
2661 328 1438 327 
2662 1438 1544 327 
2663 329 1539 328 
2664 328 1539 1438 
2665 1474 1539 329 
2666 340 341 457 
2667 456 340 457 
2668 341 342 458 
2669 457 341 458 
2670 458 342 459 
2671 421 1485 420 
2672 1485 1595 420 
2673 422 1535 421 
2674 421 1535 1485 
2675 423 1435 422 
2676 1435 1535 422 
2677 424 1558 423 
2678 423 1558 1435 
2679 425 1580 424 
2680 424 1580 1558 
2681 426 1431 425 
2682 1431 1580 425 
2683 427 1534 426 
2684 426 1534 1431 
2685 428 1471 427 
2686 1471 1534 427 
2687 429 1523 428 
2688 428 1523 1471 
2689 430 1588 429 
2690 429 1588 1523 
2691 439 1583 438 
2692 440 1582 439 
2693 441 1578 440 
2694 443 1483 442 
2695 1483 1594 442 
2696 444 1555 443 
2697 443 1555 1483 
2698 445 1443 444 
2699 1443 1555 444 
2700 446 1554 445 
2701 445 1554 1443 
2702 447 1432 446 
2703 1432 1554 446 
2704 448 1556 447 
2705 447 1556 1432 
2706 449 1457 448 
2707 1457 1556 448 
2708 450 1562 449 
2709 449 1562 1457 
2710 450 1595 1562 
2711 451 1561 452 
2712 451 1596 1561 
2713 452 1446 453 
2714 452 1561 1446 
2715 453 1553 454 
2716 1446 1553 453 
2717 454 1581 455 
2718 1553 1581 454 
2719 460 1570 461 
2720 460 1594 1570 
2721 461 1442 462 
2722 461 1570 1442 
2723 462 1593 463 
2724 1442 1593 462 
2725 463 1430 464 
2726 463 1593 1430 
2727 464 1573 465 
2728 1430 1573 464 
2729 465 1568 466 
2730 465 1573 1568 
2731 466 1433 467 
2732 466 1568 1433 
2733 467 1577 468 
2734 1433 1577 467 
2735 468 1445 469 
2736 468 1577 1445 
2737 469 1591 470 
2738 1445 1591 469 
2739 470 1444 471 
2740 470 1591 1444 
2741 471 1584 472 
2742 1444 1584 471 
2743 472 1592 473 
2744 472 1584 1501 
2745 1501 1592 472 
2746 473 1449 474 
2747 473 1592 1449 
2748 474 1536 475 
2749 1449 1536 474 
2750 475 1448 476 
2751 475 1536 1448 
2752 476 1524 477 
2753 1448 1524 476 
2754 477 1447 478 
2755 477 1524 1447 
2756 478 1545 479 
2757 1447 1545 478 
2758 479 1470 480 
2759 479 1545 1470 
2760 480 1537 481 
2761 1470 1537 480 
2762 1537 1596 481 
2763 1513 1514 1430 
2764 1430 1515 1513 
2765 1514 1573 1430 
2766 1430 1593 1515 
2767 1534 1575 1431 
2768 1575 1598 1431 
2769 1431 1598 1580 
2770 1521 1552 1432 
2771 1432 1556 1521 
2772 1552 1554 1432 
2773 1433 1503 1500 
2774 1500 1577 1433 
2775 1433 1504 1503 
2776 1433 1568 1504 
2777 1436 1437 1434 
2778 1437 1494 1434 
2779 1494 1564 1434 
2780 1435 1558 1493 
2781 1493 1587 1435 
2782 1435 1587 1535 
2783 1436 1450 1437 
2784 1436 1465 1450 
2785 1436 1597 1465 
2786 1450 1451 1437 
2787 1451 1453 1437 
2788 1453 1494 1437 
2789 1539 1550 1438 
2790 1438 1563 1544 
2791 1550 1563 1438 
2792 1439 1566 1543 
2793 1544 1565 1439 
2794 1565 1566 1439 
2795 1440 1569 1541 
2796 1543 1567 1440 
2797 1567 1569 1440 
2798 1497 1542 1441 
2799 1441 1576 1497 
2800 1541 1576 1441 
2801 1442 1570 1559 
2802 1559 1599 1442 
2803 1442 1599 1593 
2804 1506 1507 1443 
2805 1443 1554 1506 
2806 1507 1555 1443 
2807 1488 1495 1444 
2808 1444 1499 1488 
2809 1495 1584 1444 
2810 1444 1591 1499 
2811 1490 1499 1445 
2812 1445 1500 1490 
2813 1499 1591 1445 
2814 1445 1577 1500 
2815 1446 1561 1538 
2816 1538 1586 1446 
2817 1446 1586 1553 
2818 1524 1530 1447 
2819 1530 1531 1447 
2820 1531 1545 1447 
2821 1448 1525 1524 
2822 1448 1526 1525 
2823 1448 1536 1526 
2824 1449 1546 1536 
2825 1449 1548 1546 
2826 1449 1592 1548 
2827 1450 1505 1451 
2828 1465 1475 1450 
2829 1475 1505 1450 
2830 1451 1454 1453 
2831 1451 1455 1454 
2832 1451 1505 1455 
2833 1452 1571 1547 
2834 1564 1571 1452 
2835 1454 1472 1453 
2836 1472 1484 1453 
2837 1484 1494 1453 
2838 1455 1456 1454 
2839 1456 1510 1454 
2840 1454 1510 1472 
2841 1455 1458 1456 
2842 1455 1473 1458 
2843 1455 1505 1473 
2844 1458 1459 1456 
2845 1459 1460 1456 
2846 1460 1510 1456 
2847 1457 1557 1556 
2848 1457 1585 1557 
2849 1562 1585 1457 
2850 1458 1466 1459 
2851 1458 1551 1466 
2852 1473 1551 1458 
2853 1459 1461 1460 
2854 1459 1511 1461 
2855 1466 1511 1459 
2856 1461 1462 1460 
2857 1462 1476 1460 
2858 1476 1510 1460 
2859 1461 1463 1462 
2860 1461 1464 1463 
2861 1461 1511 1464 
2862 1463 1516 1462 
2863 1462 1477 1476 
2864 1462 1516 1477 
2865 1464 1467 1463 
2866 1467 1469 1463 
2867 1469 1516 1463 
2868 1464 1468 1467 
2869 1464 1478 1468 
2870 1464 1511 1478 
2871 1465 1479 1475 
2872 1465 1480 1479 
2873 1465 1597 1480 
2874 1466 1512 1511 
2875 1466 1560 1512 
2876 1551 1560 1466 
2877 1468 1481 1467 
2878 1467 1520 1469 
2879 1481 1520 1467 
2880 1478 1522 1468 
2881 1468 1482 1481 
2882 1468 1522 1482 
2883 1469 1517 1516 
2884 1469 1518 1517 
2885 1469 1520 1518 
2886 1470 1538 1537 
2887 1470 1549 1538 
2888 1545 1549 1470 
2889 1486 1534 1471 
2890 1471 1579 1486 
2891 1523 1579 1471 
2892 1472 1486 1484 
2893 1472 1509 1486 
2894 1472 1510 1509 
2895 1502 1503 1473 
2896 1473 1505 1502 
2897 1503 1551 1473 
2898 1474 1540 1539 
2899 1474 1553 1540 
2900 1474 1581 1553 
2901 1479 1490 1475 
2902 1490 1502 1475 
2903 1502 1505 1475 
2904 1477 1491 1476 
2905 1491 1509 1476 
2906 1509 1510 1476 
2907 1477 1492 1491 
2908 1477 1493 1492 
2909 1477 1516 1493 
2910 1511 1512 1478 
2911 1512 1513 1478 
2912 1513 1522 1478 
2913 1480 1488 1479 
2914 1488 1499 1479 
2915 1479 1499 1490 
2916 1487 1574 1480 
2917 1480 1597 1487 
2918 1480 1489 1488 
2919 1480 1574 1489 
2920 1482 1506 1481 
2921 1506 1552 1481 
2922 1481 1552 1520 
2923 1482 1507 1506 
2924 1482 1508 1507 
2925 1482 1522 1508 
2926 1555 1559 1483 
2927 1559 1570 1483 
2928 1570 1594 1483 
2929 1486 1579 1484 
2930 1484 1571 1494 
2931 1484 1579 1571 
2932 1535 1585 1485 
2933 1485 1585 1562 
2934 1562 1595 1485 
2935 1509 1575 1486 
2936 1486 1575 1534 
2937 1542 1574 1487 
2938 1489 1495 1488 
2939 1489 1496 1495 
2940 1489 1497 1496 
2941 1489 1574 1497 
2942 1500 1502 1490 
2943 1492 1598 1491 
2944 1491 1575 1509 
2945 1491 1598 1575 
2946 1493 1558 1492 
2947 1558 1580 1492 
2948 1580 1598 1492 
2949 1516 1517 1493 
2950 1517 1587 1493 
2951 1494 1571 1564 
2952 1496 1501 1495 
2953 1501 1584 1495 
2954 1497 1498 1496 
2955 1498 1548 1496 
2956 1496 1548 1501 
2957 1497 1576 1498 
2958 1497 1574 1542 
2959 1498 1589 1548 
2960 1576 1589 1498 
2961 1500 1503 1502 
2962 1548 1592 1501 
2963 1504 1551 1503 
2964 1504 1560 1551 
2965 1504 1590 1560 
2966 1568 1590 1504 
2967 1506 1554 1552 
2968 1508 1559 1507 
2969 1507 1559 1555 
2970 1522 1599 1508 
2971 1508 1599 1559 
2972 1512 1514 1513 
2973 1512 1560 1514 
2974 1515 1522 1513 
2975 1560 1590 1514 
2976 1514 1590 1573 
2977 1515 1599 1522 
2978 1593 1599 1515 
2979 1518 1519 1517 
2980 1519 1587 1517 
2981 1518 1557 1519 
2982 1520 1521 1518 
2983 1521 1557 1518 
2984 1519 1585 1535 
2985 1535 1587 1519 
2986 1557 1585 1519 
2987 1520 1552 1521 
2988 1556 1557 1521 
2989 1547 1571 1523 
2990 1523 1588 1547 
2991 1571 1579 1523 
2992 1525 1530 1524 
2993 1526 1527 1525 
2994 1527 1528 1525 
2995 1528 1530 1525 
2996 1526 1529 1527 
2997 1526 1546 1529 
2998 1536 1546 1526 
2999 1527 1566 1528 
3000 1529 1567 1527 
3001 1527 1567 1566 
3002 1528 1532 1530 
3003 1528 1565 1532 
3004 1528 1566 1565 
3005 1546 1589 1529 
3006 1529 1569 1567 
3007 1529 1589 1569 
3008 1530 1532 1531 
3009 1532 1533 1531 
3010 1533 1549 1531 
3011 1531 1549 1545 
3012 1532 1563 1533 
3013 1532 1565 1563 
3014 1533 1572 1549 
3015 1533 1563 1550 
3016 1550 1572 1533 
3017 1538 1561 1537 
3018 1561 1596 1537 
3019 1549 1572 1538 
3020 1572 1586 1538 
3021 1540 1550 1539 
3022 1540 1572 1550 
3023 1553 1586 1540 
3024 1540 1586 1572 
3025 1569 1576 1541 
3026 1566 1567 1543 
3027 1563 1565 1544 
3028 1548 1589 1546 
3029 1573 1590 1568 
3030 1569 1589 1576 
2 22 2 280
3031 125 1684 7 
3032 7 1684 155 
3033 8 1683 154 
3034 196 1683 8 
3035 155 1697 9 
3036 9 1697 493 
3037 12 1696 196 
3038 482 1696 12 
3039 460 1689 37 
3040 37 1689 492 
3041 38 1688 481 
3042 503 1688 38 
3043 126 1658 125 
3044 1658 1684 125 
3045 127 1681 126 
3046 1620 1658 126 
3047 126 1681 1620 
3048 128 1617 127 
3049 1617 1681 127 
3050 129 1639 128 
3051 128 1639 1617 
3052 130 1613 129 
3053 1613 1639 129 
3054 131 1644 130 
3055 130 1644 1613 
3056 132 1601 131 
3057 1601 1644 131 
3058 133 1622 132 
3059 132 1622 1601 
3060 134 1608 133 
3061 1608 1622 133 
3062 135 1642 134 
3063 134 1642 1608 
3064 136 1648 135 
3065 135 1648 1642 
3066 137 1640 136 
3067 1640 1648 136 
3068 138 1662 137 
3069 137 1662 1640 
3070 139 1670 138 
3071 138 1670 1662 
3072 140 1672 139 
3073 139 1672 1670 
3074 141 1671 140 
3075 1671 1672 140 
3076 142 1663 141 
3077 1663 1671 141 
3078 143 1641 142 
3079 1641 1663 142 
3080 144 1649 143 
3081 143 1649 1641 
3082 145 1643 144 
3083 1643 1649 144 
3084 146 1609 145 
3085 1609 1643 145 
3086 147 1630 146 
3087 146 1630 1609 
3088 148 1600 147 
3089 1600 1630 147 
3090 149 1650 148 
3091 148 1650 1600 
3092 150 1612 149 
3093 1612 1650 149 
3094 151 1638 150 
3095 150 1638 1612 
3096 152 1616 151 
3097 1616 1638 151 
3098 153 1682 152 
3099 152 1682 1616 
3100 154 1655 153 
3101 153 1655 1621 
3102 1621 1682 153 
3103 154 1683 1655 
3104 1684 1697 155 
3105 196 1696 1683 
3106 461 1619 460 
3107 1619 1689 460 
3108 462 1661 461 
3109 461 1661 1619 
3110 463 1607 462 
3111 1607 1661 462 
3112 464 1669 463 
3113 463 1669 1607 
3114 465 1673 464 
3115 464 1673 1669 
3116 466 1615 465 
3117 1615 1673 465 
3118 467 1680 466 
3119 466 1680 1615 
3120 468 1641 467 
3121 1641 1680 467 
3122 469 1663 468 
3123 468 1663 1641 
3124 470 1671 469 
3125 469 1671 1663 
3126 471 1672 470 
3127 470 1672 1671 
3128 472 1670 471 
3129 1670 1672 471 
3130 473 1662 472 
3131 1662 1670 472 
3132 474 1640 473 
3133 1640 1662 473 
3134 475 1679 474 
3135 474 1679 1640 
3136 476 1614 475 
3137 1614 1679 475 
3138 477 1677 476 
3139 476 1677 1614 
3140 478 1654 477 
3141 1654 1677 477 
3142 479 1606 478 
3143 1606 1654 478 
3144 480 1675 479 
3145 479 1675 1606 
3146 481 1618 480 
3147 1618 1675 480 
3148 481 1688 1618 
3149 483 1655 482 
3150 1655 1696 482 
3151 484 1621 483 
3152 1621 1655 483 
3153 485 1665 484 
3154 484 1665 1621 
3155 486 1656 485 
3156 1656 1665 485 
3157 487 1610 486 
3158 1610 1656 486 
3159 488 1676 487 
3160 487 1676 1610 
3161 489 1604 488 
3162 1604 1676 488 
3163 490 1657 489 
3164 489 1657 1604 
3165 491 1603 490 
3166 1603 1657 490 
3167 492 1667 491 
3168 491 1667 1603 
3169 492 1689 1667 
3170 493 1658 494 
3171 493 1697 1658 
3172 494 1620 495 
3173 494 1658 1620 
3174 495 1666 496 
3175 1620 1666 495 
3176 496 1659 497 
3177 496 1666 1659 
3178 497 1611 498 
3179 497 1659 1611 
3180 498 1678 499 
3181 1611 1678 498 
3182 499 1605 500 
3183 499 1678 1605 
3184 500 1660 501 
3185 1605 1660 500 
3186 501 1602 502 
3187 501 1660 1602 
3188 502 1668 503 
3189 1602 1668 502 
3190 1668 1688 503 
3191 1600 1631 1630 
3192 1600 1632 1631 
3193 1600 1650 1632 
3194 1622 1623 1601 
3195 1623 1624 1601 
3196 1624 1644 1601 
3197 1660 1664 1602 
3198 1664 1692 1602 
3199 1602 1692 1668 
3200 1603 1674 1657 
3201 1667 1687 1603 
3202 1603 1687 1674 
3203 1604 1657 1636 
3204 1636 1694 1604 
3205 1604 1694 1676 
3206 1605 1678 1645 
3207 1645 1691 1605 
3208 1605 1691 1660 
3209 1606 1647 1646 
3210 1646 1686 1606 
3211 1606 1675 1647 
3212 1606 1686 1654 
3213 1652 1661 1607 
3214 1607 1685 1652 
3215 1669 1685 1607 
3216 1608 1628 1622 
3217 1608 1629 1628 
3218 1608 1642 1629 
3219 1630 1634 1609 
3220 1634 1635 1609 
3221 1635 1693 1609 
3222 1609 1693 1643 
3223 1610 1676 1651 
3224 1651 1695 1610 
3225 1610 1695 1656 
3226 1645 1678 1611 
3227 1611 1690 1645 
3228 1659 1690 1611 
3229 1637 1650 1612 
3230 1612 1651 1637 
3231 1638 1695 1612 
3232 1612 1695 1651 
3233 1613 1690 1639 
3234 1644 1699 1613 
3235 1645 1690 1613 
3236 1613 1699 1645 
3237 1642 1648 1614 
3238 1614 1698 1642 
3239 1648 1679 1614 
3240 1677 1698 1614 
3241 1615 1649 1643 
3242 1643 1693 1615 
3243 1615 1680 1649 
3244 1615 1693 1673 
3245 1616 1656 1638 
3246 1616 1665 1656 
3247 1616 1682 1665 
3248 1639 1659 1617 
3249 1659 1666 1617 
3250 1666 1681 1617 
3251 1647 1675 1618 
3252 1618 1692 1647 
3253 1618 1688 1668 
3254 1668 1692 1618 
3255 1619 1661 1653 
3256 1653 1687 1619 
3257 1619 1687 1667 
3258 1667 1689 1619 
3259 1620 1681 1666 
3260 1665 1682 1621 
3261 1622 1628 1623 
3262 1623 1625 1624 
3263 1623 1646 1625 
3264 1628 1646 1623 
3265 1625 1626 1624 
3266 1626 1627 1624 
3267 1627 1644 1624 
3268 1625 1664 1626 
3269 1646 1647 1625 
3270 1647 1664 1625 
3271 1626 1691 1627 
3272 1626 1664 1660 
3273 1660 1691 1626 
3274 1627 1699 1644 
3275 1627 1691 1645 
3276 1645 1699 1627 
3277 1629 1686 1628 
3278 1628 1686 1646 
3279 1642 1698 1629 
3280 1629 1677 1654 
3281 1654 1686 1629 
3282 1629 1698 1677 
3283 1631 1634 1630 
3284 1632 1633 1631 
3285 1633 1652 1631 
3286 1631 1652 1634 
3287 1632 1636 1633 
3288 1632 1637 1636 
3289 1632 1650 1637 
3290 1636 1674 1633 
3291 1633 1653 1652 
3292 1633 1674 1653 
3293 1634 1685 1635 
3294 1652 1685 1634 
3295 1669 1673 1635 
3296 1635 1685 1669 
3297 1673 1693 1635 
3298 1637 1694 1636 
3299 1657 1674 1636 
3300 1651 1694 1637 
3301 1656 1695 1638 
3302 1639 1690 1659 
3303 1640 1679 1648 
3304 1649 1680 1641 
3305 1647 1692 1664 
3306 1676 1694 1651 
3307 1653 1661 1652 
3308 1674 1687 1653 
3309 1683 1696 1655 
3310 1658 1697 1684 
2 23 2 266
3311 11 1810 195 
3312 408 1810 11 
3313 187 1808 12 
3314 12 1808 482 
3315 35 1811 398 
3316 450 1811 35 
3317 37 1809 442 
3318 492 1809 37 
3319 188 1714 187 
3320 1714 1808 187 
3321 189 1781 188 
3322 188 1781 1714 
3323 190 1707 189 
3324 1707 1781 189 
3325 191 1778 190 
3326 190 1778 1707 
3327 192 1703 191 
3328 1703 1778 191 
3329 193 1779 192 
3330 192 1779 1703 
3331 194 1709 193 
3332 1709 1779 193 
3333 195 1784 194 
3334 194 1784 1709 
3335 195 1810 1784 
3336 398 1716 399 
3337 398 1811 1716 
3338 399 1795 400 
3339 1716 1795 399 
3340 400 1706 401 
3341 400 1795 1706 
3342 401 1790 402 
3343 1706 1790 401 
3344 402 1700 403 
3345 402 1790 1700 
3346 403 1782 404 
3347 1700 1782 403 
3348 404 1775 405 
3349 404 1782 1775 
3350 405 1705 406 
3351 405 1775 1705 
3352 406 1717 407 
3353 1705 1717 406 
3354 407 1715 408 
3355 407 1717 1715 
3356 1715 1810 408 
3357 442 1713 443 
3358 442 1809 1713 
3359 443 1780 444 
3360 1713 1780 443 
3361 444 1708 445 
3362 444 1780 1708 
3363 445 1806 446 
3364 1708 1806 445 
3365 446 1704 447 
3366 446 1806 1704 
3367 447 1805 448 
3368 1704 1805 447 
3369 448 1710 449 
3370 448 1805 1710 
3371 449 1785 450 
3372 1710 1785 449 
3373 1785 1811 450 
3374 482 1787 483 
3375 482 1808 1787 
3376 483 1711 484 
3377 483 1787 1711 
3378 484 1776 485 
3379 1711 1776 484 
3380 485 1701 486 
3381 485 1776 1701 
3382 486 1796 487 
3383 1701 1796 486 
3384 487 1783 488 
3385 487 1796 1783 
3386 488 1702 489 
3387 488 1783 1702 
3388 489 1777 490 
3389 1702 1777 489 
3390 490 1712 491 
3391 490 1777 1712 
3392 491 1788 492 
3393 1712 1788 491 
3394 1788 1809 492 
3395 1763 1786 1700 
3396 1700 1790 1763 
3397 1700 1786 1782 
3398 1776 1802 1701 
3399 1701 1797 1796 
3400 1701 1802 1797 
3401 1702 1791 1777 
3402 1783 1792 1702 
3403 1702 1792 1791 
3404 1703 1779 1751 
3405 1751 1799 1703 
3406 1703 1799 1778 
3407 1704 1771 1749 
3408 1749 1805 1704 
3409 1704 1773 1771 
3410 1704 1806 1773 
3411 1705 1718 1717 
3412 1705 1719 1718 
3413 1705 1775 1719 
3414 1748 1794 1706 
3415 1706 1795 1748 
3416 1706 1794 1790 
3417 1707 1778 1761 
3418 1761 1798 1707 
3419 1707 1798 1781 
3420 1708 1774 1773 
3421 1773 1806 1708 
3422 1708 1807 1774 
3423 1780 1807 1708 
3424 1709 1784 1772 
3425 1772 1800 1709 
3426 1709 1800 1779 
3427 1710 1749 1747 
3428 1747 1801 1710 
3429 1710 1805 1749 
3430 1710 1801 1785 
3431 1711 1803 1776 
3432 1787 1804 1711 
3433 1711 1804 1803 
3434 1777 1793 1712 
3435 1712 1789 1788 
3436 1712 1793 1789 
3437 1713 1789 1780 
3438 1788 1789 1713 
3439 1713 1809 1788 
3440 1781 1804 1714 
3441 1714 1804 1787 
3442 1787 1808 1714 
3443 1717 1772 1715 
3444 1772 1784 1715 
3445 1784 1810 1715 
3446 1748 1795 1716 
3447 1716 1801 1748 
3448 1785 1801 1716 
3449 1716 1811 1785 
3450 1718 1772 1717 
3451 1719 1720 1718 
3452 1720 1750 1718 
3453 1750 1772 1718 
3454 1719 1721 1720 
3455 1719 1753 1721 
3456 1719 1775 1753 
3457 1721 1722 1720 
3458 1722 1737 1720 
3459 1737 1750 1720 
3460 1721 1723 1722 
3461 1721 1739 1723 
3462 1721 1753 1739 
3463 1723 1724 1722 
3464 1724 1754 1722 
3465 1722 1754 1737 
3466 1723 1725 1724 
3467 1723 1768 1725 
3468 1739 1768 1723 
3469 1725 1726 1724 
3470 1726 1730 1724 
3471 1730 1754 1724 
3472 1725 1727 1726 
3473 1725 1728 1727 
3474 1725 1768 1728 
3475 1727 1732 1726 
3476 1726 1764 1730 
3477 1732 1764 1726 
3478 1728 1729 1727 
3479 1729 1769 1727 
3480 1727 1769 1732 
3481 1728 1731 1729 
3482 1728 1733 1731 
3483 1728 1768 1733 
3484 1731 1735 1729 
3485 1735 1736 1729 
3486 1736 1769 1729 
3487 1730 1755 1754 
3488 1730 1756 1755 
3489 1730 1764 1756 
3490 1733 1734 1731 
3491 1734 1770 1731 
3492 1731 1770 1735 
3493 1732 1765 1764 
3494 1732 1766 1765 
3495 1732 1769 1766 
3496 1733 1743 1734 
3497 1733 1762 1743 
3498 1733 1768 1762 
3499 1743 1744 1734 
3500 1744 1745 1734 
3501 1745 1770 1734 
3502 1735 1738 1736 
3503 1735 1746 1738 
3504 1735 1770 1746 
3505 1738 1740 1736 
3506 1740 1741 1736 
3507 1741 1769 1736 
3508 1737 1751 1750 
3509 1737 1752 1751 
3510 1737 1754 1752 
3511 1738 1742 1740 
3512 1738 1774 1742 
3513 1746 1774 1738 
3514 1753 1786 1739 
3515 1762 1768 1739 
3516 1739 1786 1762 
3517 1740 1791 1741 
3518 1742 1793 1740 
3519 1740 1793 1791 
3520 1766 1769 1741 
3521 1741 1792 1766 
3522 1791 1792 1741 
3523 1774 1807 1742 
3524 1789 1793 1742 
3525 1742 1807 1789 
3526 1743 1794 1744 
3527 1762 1763 1743 
3528 1763 1794 1743 
3529 1744 1747 1745 
3530 1744 1748 1747 
3531 1744 1794 1748 
3532 1747 1749 1745 
3533 1749 1771 1745 
3534 1745 1771 1770 
3535 1770 1771 1746 
3536 1771 1773 1746 
3537 1773 1774 1746 
3538 1748 1801 1747 
3539 1751 1800 1750 
3540 1750 1800 1772 
3541 1752 1799 1751 
3542 1779 1800 1751 
3543 1754 1755 1752 
3544 1755 1761 1752 
3545 1761 1799 1752 
3546 1775 1782 1753 
3547 1782 1786 1753 
3548 1756 1757 1755 
3549 1757 1761 1755 
3550 1756 1758 1757 
3551 1756 1759 1758 
3552 1756 1764 1759 
3553 1758 1760 1757 
3554 1760 1798 1757 
3555 1757 1798 1761 
3556 1759 1802 1758 
3557 1758 1803 1760 
3558 1802 1803 1758 
3559 1764 1765 1759 
3560 1765 1797 1759 
3561 1797 1802 1759 
3562 1781 1798 1760 
3563 1760 1804 1781 
3564 1803 1804 1760 
3565 1778 1799 1761 
3566 1762 1786 1763 
3567 1790 1794 1763 
3568 1766 1767 1765 
3569 1767 1797 1765 
3570 1766 1792 1767 
3571 1767 1792 1783 
3572 1783 1796 1767 
3573 1796 1797 1767 
3574 1776 1803 1802 
3575 1791 1793 1777 
3576 1789 1807 1780 
2 24 2 266
3577 9 1920 164 
3578 493 1920 9 
3579 156 1923 10 
3580 10 1923 419 
3581 409 1922 36 
3582 36 1922 459 
3583 451 1921 38 
3584 38 1921 503 
3585 157 1897 156 
3586 1897 1923 156 
3587 158 1822 157 
3588 1822 1897 157 
3589 159 1890 158 
3590 158 1890 1822 
3591 160 1815 159 
3592 1815 1890 159 
3593 161 1892 160 
3594 160 1892 1815 
3595 162 1820 161 
3596 1820 1892 161 
3597 163 1893 162 
3598 162 1893 1820 
3599 164 1825 163 
3600 1825 1893 163 
3601 164 1920 1825 
3602 410 1827 409 
3603 1827 1922 409 
3604 411 1907 410 
3605 410 1907 1827 
3606 412 1818 411 
3607 1818 1907 411 
3608 413 1902 412 
3609 412 1902 1818 
3610 414 1812 413 
3611 1812 1902 413 
3612 415 1894 414 
3613 414 1894 1812 
3614 416 1887 415 
3615 1887 1894 415 
3616 417 1817 416 
3617 1817 1887 416 
3618 418 1829 417 
3619 417 1829 1817 
3620 419 1828 418 
3621 1828 1829 418 
3622 419 1923 1828 
3623 452 1826 451 
3624 1826 1921 451 
3625 453 1891 452 
3626 452 1891 1826 
3627 454 1819 453 
3628 1819 1891 453 
3629 455 1918 454 
3630 454 1918 1819 
3631 456 1816 455 
3632 1816 1918 455 
3633 457 1916 456 
3634 456 1916 1816 
3635 458 1821 457 
3636 1821 1916 457 
3637 459 1896 458 
3638 458 1896 1821 
3639 459 1922 1896 
3640 494 1899 493 
3641 1899 1920 493 
3642 495 1823 494 
3643 1823 1899 494 
3644 496 1888 495 
3645 495 1888 1823 
3646 497 1814 496 
3647 1814 1888 496 
3648 498 1908 497 
3649 497 1908 1814 
3650 499 1895 498 
3651 1895 1908 498 
3652 500 1813 499 
3653 1813 1895 499 
3654 501 1889 500 
3655 500 1889 1813 
3656 502 1824 501 
3657 1824 1889 501 
3658 503 1900 502 
3659 502 1900 1824 
3660 503 1921 1900 
3661 1812 1898 1875 
3662 1875 1902 1812 
3663 1894 1898 1812 
3664 1889 1903 1813 
3665 1813 1904 1895 
3666 1903 1904 1813 
3667 1814 1914 1888 
3668 1908 1909 1814 
3669 1909 1914 1814 
3670 1863 1890 1815 
3671 1815 1911 1863 
3672 1892 1911 1815 
3673 1861 1881 1816 
3674 1816 1916 1861 
3675 1881 1885 1816 
3676 1885 1918 1816 
3677 1829 1830 1817 
3678 1830 1831 1817 
3679 1831 1887 1817 
3680 1818 1906 1860 
3681 1860 1907 1818 
3682 1902 1906 1818 
3683 1885 1886 1819 
3684 1819 1918 1885 
3685 1886 1919 1819 
3686 1819 1919 1891 
3687 1873 1892 1820 
3688 1820 1910 1873 
3689 1893 1910 1820 
3690 1859 1861 1821 
3691 1821 1913 1859 
3692 1861 1916 1821 
3693 1896 1913 1821 
3694 1884 1897 1822 
3695 1822 1912 1884 
3696 1890 1912 1822 
3697 1888 1915 1823 
3698 1823 1917 1899 
3699 1915 1917 1823 
3700 1824 1905 1889 
3701 1900 1901 1824 
3702 1901 1905 1824 
3703 1825 1917 1893 
3704 1899 1917 1825 
3705 1825 1920 1899 
3706 1891 1901 1826 
3707 1826 1901 1900 
3708 1900 1921 1826 
3709 1827 1907 1860 
3710 1860 1913 1827 
3711 1827 1913 1896 
3712 1896 1922 1827 
3713 1828 1884 1829 
3714 1828 1897 1884 
3715 1828 1923 1897 
3716 1829 1884 1830 
3717 1830 1832 1831 
3718 1830 1862 1832 
3719 1830 1884 1862 
3720 1832 1833 1831 
3721 1833 1865 1831 
3722 1865 1887 1831 
3723 1832 1834 1833 
3724 1832 1849 1834 
3725 1832 1862 1849 
3726 1834 1835 1833 
3727 1835 1851 1833 
3728 1851 1865 1833 
3729 1834 1836 1835 
3730 1834 1866 1836 
3731 1849 1866 1834 
3732 1836 1837 1835 
3733 1837 1876 1835 
3734 1835 1876 1851 
3735 1836 1838 1837 
3736 1836 1842 1838 
3737 1836 1866 1842 
3738 1838 1839 1837 
3739 1839 1840 1837 
3740 1840 1876 1837 
3741 1838 1844 1839 
3742 1842 1880 1838 
3743 1838 1880 1844 
3744 1839 1841 1840 
3745 1839 1877 1841 
3746 1844 1877 1839 
3747 1841 1843 1840 
3748 1843 1845 1840 
3749 1845 1876 1840 
3750 1841 1847 1843 
3751 1841 1848 1847 
3752 1841 1877 1848 
3753 1866 1867 1842 
3754 1867 1868 1842 
3755 1868 1880 1842 
3756 1843 1846 1845 
3757 1843 1879 1846 
3758 1847 1879 1843 
3759 1844 1878 1877 
3760 1844 1882 1878 
3761 1880 1882 1844 
3762 1846 1855 1845 
3763 1855 1874 1845 
3764 1874 1876 1845 
3765 1846 1856 1855 
3766 1846 1857 1856 
3767 1846 1879 1857 
3768 1848 1850 1847 
3769 1850 1858 1847 
3770 1858 1879 1847 
3771 1848 1852 1850 
3772 1848 1853 1852 
3773 1848 1877 1853 
3774 1862 1863 1849 
3775 1863 1864 1849 
3776 1864 1866 1849 
3777 1852 1854 1850 
3778 1854 1886 1850 
3779 1850 1886 1858 
3780 1851 1898 1865 
3781 1851 1876 1874 
3782 1874 1898 1851 
3783 1853 1903 1852 
3784 1852 1905 1854 
3785 1903 1905 1852 
3786 1877 1878 1853 
3787 1878 1904 1853 
3788 1853 1904 1903 
3789 1854 1919 1886 
3790 1854 1905 1901 
3791 1901 1919 1854 
3792 1856 1906 1855 
3793 1855 1875 1874 
3794 1855 1906 1875 
3795 1857 1859 1856 
3796 1859 1860 1856 
3797 1860 1906 1856 
3798 1857 1861 1859 
3799 1857 1881 1861 
3800 1879 1881 1857 
3801 1858 1881 1879 
3802 1858 1885 1881 
3803 1858 1886 1885 
3804 1859 1913 1860 
3805 1862 1912 1863 
3806 1884 1912 1862 
3807 1863 1911 1864 
3808 1863 1912 1890 
3809 1864 1867 1866 
3810 1864 1873 1867 
3811 1864 1911 1873 
3812 1865 1894 1887 
3813 1865 1898 1894 
3814 1867 1869 1868 
3815 1867 1873 1869 
3816 1869 1870 1868 
3817 1870 1871 1868 
3818 1871 1880 1868 
3819 1869 1872 1870 
3820 1869 1910 1872 
3821 1873 1910 1869 
3822 1870 1914 1871 
3823 1872 1915 1870 
3824 1870 1915 1914 
3825 1871 1882 1880 
3826 1871 1909 1882 
3827 1871 1914 1909 
3828 1872 1910 1893 
3829 1893 1917 1872 
3830 1872 1917 1915 
3831 1873 1911 1892 
3832 1875 1898 1874 
3833 1875 1906 1902 
3834 1882 1883 1878 
3835 1883 1904 1878 
3836 1882 1909 1883 
3837 1895 1904 1883 
3838 1883 1908 1895 
3839 1883 1909 1908 
3840 1914 1915 1888 
3841 1889 1905 1903 
3842 1891 1919 1901 
3 1 4 10520
3843 357 2338 248 2352 
3844 118 2150 2023 2301 
3845 1817 2208 1212 2283 
3846 357 248 1209 2352 
3847 2184 2303 2059 2685 
3848 2059 2184 2001 2303 
3849 1928 2110 2001 2220 
3850 1928 2220 2001 2549 
3851 123 2121 2038 2271 
3852 2013 1934 2041 2125 
3853 1863 2100 2040 2563 
3854 356 2034 2014 2187 
3855 2073 2219 2184 2249 
3856 1948 2322 2080 2356 
3857 2068 2227 2203 2469 
3858 820 2201 978 2370 
3859 1983 2166 725 2234 
3860 118 119 2150 2301 
3861 1979 2169 2027 2437 
3862 1054 2069 2017 2269 
3863 1933 2158 2071 2572 
3864 247 1209 248 2352 
3865 1907 2124 347 2128 
3866 1948 2080 2073 2356 
3867 1842 2117 2009 2181 
3868 1876 2106 2052 2229 
3869 2078 2190 2013 2317 
3870 2001 2059 1932 2184 
3871 1444 109 110 687 
3872 1933 2106 2052 2179 
3873 1876 2052 1835 2229 
3874 1984 2269 2234 2625 
3875 1924 2004 2195 2259 
3876 1984 2105 612 2424 
3877 1954 2027 2224 2263 
3878 1324 240 2180 2205 
3879 2081 1940 2147 2465 
3880 2081 2147 1940 2445 
3881 1924 2112 2004 2259 
3882 1964 2223 2160 2391 
3883 2010 2050 1976 2289 
3884 1966 2199 2099 2361 
3885 2119 2147 1940 2465 
3886 1933 2106 2179 2572 
3887 1664 2013 2190 2317 
3888 1819 2275 2041 2702 
3889 939 2111 2110 2632 
3890 1988 2183 1306 2440 
3891 1942 2303 2184 2685 
3892 1966 2006 2199 2361 
3893 1928 2001 2110 2603 
3894 2052 2106 1971 2179 
3895 1664 2190 2078 2317 
3896 2088 2104 72 2314 
3897 2112 2152 2004 2259 
3898 357 1209 248 2338 
3899 1930 2160 2223 2391 
3900 1819 1553 2041 2275 
3901 1932 2059 2001 2384 
3902 1974 2194 2061 2258 
3903 2089 2138 1766 2325 
3904 725 1983 2234 2244 
3905 276 277 1063 2007 
3906 321 2075 1118 2108 
3907 1255 2045 1894 2283 
3908 118 673 119 2301 
3909 2062 2391 2152 2429 
3910 1188 2398 1183 2410 
3911 1859 2376 2128 2567 
3912 2152 2195 2004 2259 
3913 1932 2073 2184 2249 
3914 1719 2297 2144 2363 
3915 939 2110 2111 2674 
3916 1997 2162 1940 2210 
3917 1972 2071 2158 2572 
3918 1963 2339 2157 2517 
3919 1954 2263 2224 2608 
3920 1469 2256 2197 2654 
3921 2203 2227 379 2469 
3922 1313 1894 1255 2045 
3923 1842 2181 2009 2598 
3924 2157 1963 2517 2592 
3925 2221 2228 1952 2480 
3926 1971 2179 2106 2572 
3927 2034 2126 2020 2366 
3928 639 2411 2160 2460 
3929 355 2187 2185 2338 
3930 2147 2326 1940 2445 
3931 1761 2228 2221 2480 
3932 123 122 2121 2271 
3933 1940 2541 2364 2590 
3934 928 291 2019 2286 
3935 1863 2040 2100 2334 
3936 290 928 291 2019 
3937 285 2003 284 2570 
3938 1552 2367 1520 2457 
3939 1612 2064 2371 2545 
3940 1932 2073 2001 2184 
3941 63 2160 2101 2460 
3942 2292 2367 1979 2512 
3943 1680 2046 1649 2492 
3944 708 807 742 2032 
3945 1940 2147 2119 2326 
3946 1983 2302 1996 2372 
3947 790 2028 694 2228 
3948 2164 2198 620 2337 
3949 2144 2353 1953 2515 
3950 2009 1946 2052 2520 
3951 2017 2069 1054 2613 
3952 1940 2162 1997 2364 
3953 1808 803 1683 2251 
3954 1224 238 237 2153 
3955 1552 2292 2367 2457 
3956 277 1063 2007 2350 
3957 1876 1837 2052 2585 
3958 1940 1997 2210 2248 
3959 1070 2092 1018 2241 
3960 276 277 2007 2174 
3961 2015 2239 2264 2672 
3962 1719 2144 2113 2363 
3963 612 2424 2105 2626 
3964 1182 2257 1986 2410 
3965 1350 234 2202 2328 
3966 2070 2128 1937 2262 
3967 2037 2103 1052 2177 
3968 2112 2274 2213 2456 
3969 1988 2440 1306 2489 
3970 2234 2269 713 2625 
3971 2001 2220 2184 2549 
3972 1008 2191 48 2288 
3973 1945 1980 2218 2555 
3974 1931 2089 2322 2477 
3975 639 2160 63 2460 
3976 2027 2169 1979 2432 
3977 1929 2034 2366 2421 
3978 1947 2335 2123 2432 
3979 2015 2264 2239 2423 
3980 2013 2041 1934 2129 
3981 1932 2084 2184 2564 
3982 1992 2155 2509 2589 
3983 2126 2366 2034 2421 
3984 612 2105 1984 2206 
3985 789 724 725 2166 
3986 2008 2197 2256 2654 
3987 2070 1937 2136 2262 
3988 1925 2073 2080 2356 
3989 1612 2064 2138 2371 
3990 1945 2218 1980 2240 
3991 1838 2230 2009 2310 
3992 2010 2451 2289 2686 
3993 2001 2184 2073 2219 
3994 1399 385 1583 2136 
3995 708 742 989 2032 
3996 2020 2326 2147 2445 
3997 1876 2052 2106 2585 
3998 2073 2080 1948 2192 
3999 939 2110 2510 2632 
4000 2008 1928 2142 2197 
4001 1182 1188 1183 2410 
4002 1894 1313 1812 2045 
4003 2092 2127 1070 2462 
4004 1945 2203 2068 2227 
4005 1735 2169 2316 2432 
4006 2007 2149 597 2186 
4007 122 2121 2271 2536 
4008 1418 1413 2133 2222 
4009 1954 2322 2089 2477 
4010 236 1237 2204 2328 
4011 2110 2001 2220 2303 
4012 1064 2199 2092 2462 
4013 2006 1966 2198 2361 
4014 1925 2080 2322 2356 
4015 1940 2326 2541 2590 
4016 2125 2332 1987 2638 
4017 2332 2418 1987 2638 
4018 1396 242 241 2307 
4019 1054 2269 2017 2498 
4020 383 2014 2097 2448 
4021 1940 2326 2119 2541 
4022 1943 2079 2094 2157 
4023 2326 2119 2541 2590 
4024 1930 2152 2062 2391 
4025 348 2124 2235 2358 
4026 1552 2367 2292 2512 
4027 2095 2376 1859 2567 
4028 1350 1247 234 2328 
4029 123 2038 81 2271 
4030 1306 1988 2222 2284 
4031 1831 2208 1817 2283 
4032 2071 2472 2036 2529 
4033 1895 2299 1813 2653 
4034 2007 2174 277 2350 
4035 1983 2117 2302 2372 
4036 597 2007 596 2149 
4037 1481 1520 1552 2367 
4038 2185 2187 355 2389 
4039 2010 2086 2451 2686 
4040 1932 2184 2030 2564 
4041 1237 1236 2204 2328 
4042 1493 2133 2008 2260 
4043 1925 2188 2027 2437 
4044 1937 2058 2262 2567 
4045 2123 2335 1947 2574 
4046 1987 2391 2062 2429 
4047 1182 358 2257 2410 
4048 1037 1070 1018 2241 
4049 2027 2188 1925 2335 
4050 383 2097 2014 2313 
4051 2015 1465 2312 2468 
4052 356 2034 2187 2338 
4053 820 978 720 2370 
4054 939 2111 2303 2674 
4055 123 81 122 2271 
4056 82 124 690 691 
4057 689 95 54 692 
4058 1766 2138 2089 2477 
4059 2020 1940 2326 2445 
4060 48 2191 1008 2377 
4061 1324 2180 1325 2205 
4062 532 2082 2271 2369 
4063 1702 2138 1676 2530 
4064 1465 1597 2015 2294 
4065 1008 2288 48 2692 
4066 2062 2152 1930 2362 
4067 2009 2117 1842 2310 
4068 293 713 2269 2625 
4069 1646 2266 2190 2332 
4070 1734 2169 2130 2628 
4071 2018 2247 2186 2369 
4072 1979 2123 2335 2432 
4073 2094 2157 2079 2312 
4074 2063 2189 554 2293 
4075 347 2124 2070 2128 
4076 2032 2122 1059 2479 
4077 1212 2208 1354 2283 
4078 748 2201 813 2228 
4079 599 2369 2186 2427 
4080 1945 2203 2108 2218 
4081 2061 2194 1974 2453 
4082 2003 2182 284 2570 
4083 1979 2335 2123 2574 
4084 1982 2186 2369 2427 
4085 724 725 2166 2234 
4086 2018 2369 2186 2392 
4087 2089 2279 1931 2322 
4088 2092 2199 1064 2613 
4089 725 2166 1983 2265 
4090 1981 1962 2136 2438 
4091 2009 1946 2520 2543 
4092 1931 2143 2089 2295 
4093 1895 1904 1813 2299 
4094 2008 1928 2197 2260 
4095 1948 2023 2322 2356 
4096 1306 2222 1988 2489 
4097 1996 1983 2166 2302 
4098 1418 1213 1413 2222 
4099 1837 2230 2052 2585 
4100 1962 1981 2343 2438 
4101 2009 2520 2052 2641 
4102 1766 2325 2138 2475 
4103 1999 1965 2192 2519 
4104 2010 2204 1236 2328 
4105 2050 1953 2353 2515 
4106 291 2135 2019 2286 
4107 1433 2046 1680 2492 
4108 1961 2273 2024 2523 
4109 348 2124 1818 2235 
4110 2068 2203 374 2469 
4111 1597 2015 2294 2672 
4112 1982 2186 1948 2454 
4113 68 2055 2214 2226 
4114 1531 2332 2125 2638 
4115 1946 2117 1983 2135 
4116 1848 2129 2021 2176 
4117 1838 1836 2230 2310 
4118 2133 2260 1493 2446 
4119 68 2226 2214 2397 
4120 1612 2371 1695 2545 
4121 2065 2142 2008 2256 
4122 1982 2186 2247 2369 
4123 1937 2058 2136 2262 
4124 1925 2322 2224 2356 
4125 1947 2263 2335 2432 
4126 2013 2078 1934 2190 
4127 1928 2549 2001 2603 
4128 2010 2289 1976 2404 
4129 654 599 2186 2427 
4130 280 2157 2339 2517 
4131 2152 2259 2112 2495 
4132 598 2186 2369 2392 
4133 2275 2346 1474 2535 
4134 2010 1976 2327 2404 
4135 386 1399 1583 2136 
4136 2005 2362 2004 2429 
4137 2099 2198 1966 2361 
4138 2184 2219 1967 2249 
4139 1686 2365 2332 2650 
4140 1843 2431 2035 2585 
4141 1982 2454 1948 2476 
4142 2010 2289 1926 2686 
4143 1949 2079 2157 2312 
4144 1860 2124 1907 2128 
4145 2094 2312 1465 2468 
4146 790 694 746 2228 
4147 1935 2008 2142 2256 
4148 725 2234 724 2244 
4149 1975 2264 2239 2672 
4150 2202 2353 1953 2518 
4151 1734 2047 2169 2628 
4152 628 554 2189 2293 
4153 2080 2192 2073 2519 
4154 285 284 2287 2570 
4155 813 2201 774 2228 
4156 1846 2035 1843 2431 
4157 2009 2543 2520 2641 
4158 1947 2123 2263 2432 
4159 1843 1845 2431 2585 
4160 692 95 2268 2285 
4161 989 708 2032 2479 
4162 2204 2328 2010 2463 
4163 2038 2121 123 2251 
4164 1531 2418 2332 2638 
4165 383 2313 2014 2448 
4166 1770 2169 2047 2316 
4167 1979 2027 2188 2437 
4168 1702 1783 1676 2138 
4169 920 1989 237 2510 
4170 2065 1520 2367 2457 
4171 2005 2004 2213 2429 
4172 813 2228 774 2370 
4173 1059 2122 1045 2479 
4174 2013 1934 2125 2190 
4175 2076 2127 1020 2191 
4176 936 1989 920 2359 
4177 989 2032 1059 2479 
4178 1987 2152 2391 2429 
4179 2018 2589 2122 2695 
4180 2027 1925 2224 2335 
4181 1846 1843 1845 2431 
4182 1895 2277 2299 2653 
4183 115 2088 2305 2483 
4184 1306 2183 1988 2284 
4185 1734 1745 2130 2169 
4186 281 2157 2002 2556 
4187 1979 2188 2169 2437 
4188 1925 2027 2279 2437 
4189 1516 1469 2197 2654 
4190 564 2007 597 2186 
4191 642 2103 2063 2293 
4192 807 2032 708 2479 
4193 1946 1983 2117 2334 
4194 109 1444 1672 687 
4195 1936 2302 2117 2372 
4196 1863 1862 2100 2563 
4197 1770 2047 1731 2316 
4198 2143 2089 2295 2677 
4199 1986 2410 2034 2655 
4200 1756 2347 2295 2633 
4201 1989 2153 237 2510 
4202 1061 1052 2103 2177 
4203 2015 2312 2094 2468 
4204 1979 2367 2292 2457 
4205 2010 1926 2387 2686 
4206 1124 2541 2162 2582 
4207 2239 2264 1975 2423 
4208 2010 2387 2086 2686 
4209 1954 2116 2263 2608 
4210 1948 1982 2150 2186 
4211 1819 1885 1918 2275 
4212 1999 2192 2080 2519 
4213 1756 2633 2295 2677 
4214 1952 2221 2028 2228 
4215 2027 2224 1925 2279 
4216 68 619 2226 2397 
4217 966 2147 2020 2209 
4218 597 564 596 2007 
4219 1719 2113 1721 2363 
4220 1906 2235 2124 2431 
4221 1539 1474 2346 2535 
4222 998 2443 2394 2507 
4223 966 964 2209 2661 
4224 1932 2245 2084 2564 
4225 2427 2476 2064 2551 
4226 1279 2529 1355 2651 
4227 939 2510 950 2632 
4228 1987 2152 2125 2638 
4229 2144 1953 2353 2518 
4230 1070 2127 1037 2462 
4231 356 2014 2034 2410 
4232 1963 2157 2094 2592 
4233 2124 2128 1860 2376 
4234 2027 2316 2169 2432 
4235 1063 2007 2350 2474 
4236 2394 2443 998 2697 
4237 1932 2030 2245 2564 
4238 2008 2142 2065 2197 
4239 2034 2410 2014 2655 
4240 1887 1817 1212 2283 
4241 1678 2277 1895 2653 
4242 1976 2050 2010 2353 
4243 119 2064 2150 2301 
4244 2063 2103 642 2449 
4245 753 2285 1996 2660 
4246 1895 2277 1904 2299 
4247 2027 2169 2316 2437 
4248 648 532 2271 2369 
4249 1672 1444 110 687 
4250 920 936 237 1989 
4251 1905 2317 2357 2689 
4252 1842 1838 2009 2310 
4253 1954 2279 2089 2322 
4254 2182 2287 284 2570 
4255 1992 2082 2330 2369 
4256 1982 2330 2082 2369 
4257 1400 1306 2440 2489 
4258 240 1289 241 2205 
4259 50 1002 2511 2581 
4260 1843 2306 2035 2349 
4261 1693 2305 1991 2412 
4262 2191 2471 2076 2643 
4263 117 672 118 2701 
4264 1962 1981 2136 2373 
4265 966 2209 2020 2661 
4266 1766 2089 1765 2477 
4267 1493 2008 2133 2654 
4268 1972 2019 2565 2641 
4269 970 2196 2134 2333 
4270 1925 2080 2073 2519 
4271 1516 2197 2008 2654 
4272 2002 2157 281 2435 
4273 2052 2520 2179 2641 
4274 2385 2531 2529 2651 
4275 2042 2216 2084 2249 
4276 1002 50 2441 2581 
4277 358 2352 2257 2410 
4278 2134 2145 970 2333 
4279 1962 2343 1981 2373 
4280 1945 2156 1980 2555 
4281 2029 1973 2152 2259 
4282 1394 2036 2118 2276 
4283 954 2145 2086 2428 
4284 2022 2295 2347 2633 
4285 2015 1465 2294 2312 
4286 1051 2092 1064 2613 
4287 648 2271 1992 2369 
4288 2010 2050 2289 2451 
4289 2529 2531 1355 2651 
4290 1940 2162 2075 2227 
4291 692 95 54 2268 
4292 2041 2275 1474 2535 
4293 1859 1860 2128 2376 
4294 2110 2303 2111 2674 
4295 1926 2289 2010 2404 
4296 1943 2079 2157 2159 
4297 1693 1991 2305 2540 
4298 1628 1987 2332 2365 
4299 1843 1879 2306 2349 
4300 647 536 2261 2296 
4301 1046 2122 2032 2589 
4302 612 2206 1984 2268 
4303 2004 2213 2112 2274 
4304 1375 1887 1212 2283 
4305 725 2265 1983 2671 
4306 1948 2150 1982 2476 
4307 1489 2413 2294 2494 
4308 289 2099 2199 2361 
4309 1492 1493 2260 2446 
4310 1940 2162 2364 2541 
4311 1957 2203 2068 2240 
4312 1971 2306 2112 2617 
4313 1719 1753 2297 2363 
4314 2186 2247 2018 2392 
4315 2096 2130 1745 2169 
4316 1628 1987 2266 2332 
4317 2070 2136 1937 2490 
4318 1565 2109 2039 2225 
4319 1988 1935 2096 2256 
4320 947 2134 2050 2145 
4321 1931 2279 2089 2561 
4322 716 1683 803 2251 
4323 1982 2247 2018 2369 
4324 748 2201 2228 2578 
4325 2042 2085 1522 2216 
4326 620 2164 2337 2411 
4327 2058 2315 1937 2438 
4328 1988 2096 1935 2130 
4329 50 1002 2441 2511 
4330 1054 2069 1041 2613 
4331 1394 2036 1356 2118 
4332 1863 2100 1849 2334 
4333 244 2240 2068 2280 
4334 2021 1934 2112 2176 
4335 280 2339 2163 2517 
4336 2224 2322 2023 2356 
4337 978 2370 2201 2516 
4338 1949 2157 2079 2159 
4339 1734 2047 1770 2169 
4340 1945 2068 1998 2227 
4341 1905 2357 1852 2689 
4342 2051 2315 2058 2438 
4343 557 2282 2016 2636 
4344 1812 2045 1313 2235 
4345 1945 2218 2108 2555 
4346 1439 2390 1565 2478 
4347 961 954 2086 2428 
4348 114 2088 2046 2540 
4349 1765 2089 2295 2477 
4350 279 2270 2163 2339 
4351 936 237 1989 2463 
4352 1934 2213 2004 2429 
4353 290 2019 291 2566 
4354 2026 1939 2289 2363 
4355 302 379 2203 2227 
4356 1730 2633 1756 2677 
4357 2151 2221 1952 2480 
4358 504 707 2168 2211 
4359 1940 2210 2162 2217 
4360 1927 2213 2274 2456 
4361 1455 2030 2233 2267 
4362 1863 2040 2272 2563 
4363 1012 1020 2127 2191 
4364 2176 2306 2035 2617 
4365 1934 2029 2125 2152 
4366 1894 1812 1898 2045 
4367 1927 2274 2213 2565 
4368 2033 2197 1461 2308 
4369 2112 2306 2176 2617 
4370 1988 1935 2256 2368 
4371 1931 2022 2143 2295 
4372 2094 2157 1963 2339 
4373 2009 2052 1946 2310 
4374 1963 2163 2139 2685 
4375 1987 1628 2266 2365 
4376 2295 2633 2022 2677 
4377 1940 2227 2075 2514 
4378 2027 2263 1954 2325 
4379 1752 2480 2221 2633 
4380 1770 1735 2169 2316 
4381 554 2063 642 2449 
4382 1734 1731 1770 2047 
4383 2136 2309 2058 2438 
4384 1059 2032 1046 2122 
4385 1940 2217 2162 2227 
4386 1946 2135 1983 2148 
4387 1756 2295 1764 2677 
4388 2099 2199 1966 2566 
4389 96 1996 2268 2285 
4390 374 2203 2395 2642 
4391 1935 2142 2065 2256 
4392 1992 2521 2155 2589 
4393 1597 2533 2015 2672 
4394 2070 2345 2136 2490 
4395 2289 2363 1939 2515 
4396 1939 2196 2151 2354 
4397 948 2333 2145 2428 
4398 1934 2152 2112 2495 
4399 2160 2411 1969 2460 
4400 1939 2026 2250 2363 
4401 2104 2314 2088 2400 
4402 2427 2064 2545 2551 
4403 557 2016 2415 2636 
4404 374 2203 2068 2395 
4405 648 2271 2178 2436 
4406 2041 2125 1934 2495 
4407 1963 2094 2015 2592 
4408 1930 2223 2160 2485 
4409 1455 2233 2030 2311 
4410 1983 1946 2148 2334 
4411 2020 2126 2034 2506 
4412 327 2346 2386 2478 
4413 1702 2116 2475 2530 
4414 1954 2263 2116 2325 
4415 2185 2187 1950 2338 
4416 2001 2073 1932 2539 
4417 1933 2572 2071 2588 
4418 1925 2279 2224 2322 
4419 2190 2266 1987 2332 
4420 2082 2330 1982 2551 
4421 1965 2073 2192 2519 
4422 113 1649 2046 2492 
4423 1992 2330 2082 2551 
4424 2130 2169 2047 2628 
4425 1354 2283 2208 2573 
4426 1770 2169 1735 2432 
4427 347 2128 2070 2568 
4428 1819 1885 2275 2702 
4429 2019 2135 291 2566 
4430 2021 2129 1934 2176 
4431 2221 2480 2151 2633 
4432 60 2198 59 2337 
4433 1765 1766 1732 2089 
4434 2110 2220 2111 2303 
4435 1039 2063 1030 2103 
4436 774 2228 2201 2370 
4437 249 853 1342 248 
4438 1986 2171 1998 2217 
4439 1998 2171 1940 2217 
4440 1934 2004 2112 2152 
4441 1046 2122 2589 2695 
4442 1961 2215 2273 2523 
4443 59 2198 2072 2337 
4444 276 2174 2007 2454 
4445 1943 2314 2104 2400 
4446 1059 1046 2032 2589 
4447 237 2153 1989 2204 
4448 1052 2103 2037 2471 
4449 1730 1756 1764 2677 
4450 1950 2185 2071 2588 
4451 1906 1818 2124 2235 
4452 1039 2063 2103 2293 
4453 232 734 1231 2383 
4454 1835 1876 1837 2052 
4455 1356 2118 2036 2389 
4456 1461 2033 1462 2197 
4457 1991 2088 2400 2544 
4458 1848 2176 2021 2306 
4459 651 2178 648 2271 
4460 1680 1649 2046 2500 
4461 1184 2324 356 2410 
4462 1971 2035 2306 2617 
4463 1800 2054 2452 2562 
4464 1435 2133 1413 2222 
4465 82 691 780 2038 
4466 2203 2218 315 2554 
4467 2064 2427 2150 2476 
4468 1934 2078 2013 2129 
4469 1604 1777 1702 2116 
4470 694 2028 1707 2228 
4471 2052 2230 1836 2310 
4472 1506 2367 1552 2512 
4473 2257 2352 1986 2410 
4474 2019 2099 1972 2565 
4475 2112 2213 2021 2456 
4476 2194 2453 2061 2616 
4477 1428 1425 1351 2383 
4478 2126 2506 2020 2661 
4479 2002 2159 1949 2226 
4480 1939 2250 2113 2363 
4481 1680 2046 1433 2500 
4482 1664 1625 2078 2190 
4483 1956 2376 2035 2698 
4484 2038 2121 1944 2271 
4485 1998 2227 2068 2469 
4486 1324 2180 239 2409 
4487 1473 1455 2030 2311 
4488 1973 2029 2152 2602 
4489 2068 2203 1945 2240 
4490 592 2191 2076 2643 
4491 2036 2185 2071 2529 
4492 941 2034 248 2126 
4493 1311 1350 234 2202 
4494 118 2023 2150 2319 
4495 1970 2216 2042 2249 
4496 2208 2283 1831 2579 
4497 1999 2143 1939 2686 
4498 321 1118 1132 2108 
4499 280 2157 2270 2339 
4500 2294 2413 2055 2494 
4501 289 2199 2099 2566 
4502 2099 2565 2019 2641 
4503 1950 2389 2185 2588 
4504 1765 2089 1732 2295 
4505 928 2019 290 2459 
4506 2050 1953 2202 2353 
4507 1702 1676 1604 2530 
4508 245 360 2524 2682 
4509 2289 2451 2145 2686 
4510 1973 2195 2152 2259 
4511 2120 2387 2010 2404 
4512 1257 783 706 2383 
4513 2125 2152 1987 2429 
4514 1926 2010 2387 2404 
4515 2129 2357 2317 2689 
4516 2002 2157 2159 2270 
4517 2000 2232 2404 2493 
4518 554 642 2063 2293 
4519 940 2196 970 2333 
4520 725 1983 2244 2671 
4521 1886 2129 2041 2689 
4522 60 621 59 2198 
4523 1745 2130 2096 2575 
4524 1957 2240 2068 2395 
4525 28 2235 352 2358 
4526 1454 2233 2139 2267 
4527 1030 2103 2063 2600 
4528 1040 993 709 2069 
4529 1936 1993 2193 2597 
4530 1362 783 1257 2383 
4531 1945 1980 2156 2406 
4532 928 2286 2019 2459 
4533 2013 2125 2041 2652 
4534 2214 2294 2055 2494 
4535 280 2270 279 2339 
4536 2021 2129 1848 2357 
4537 2116 1954 2325 2475 
4538 1038 2462 2127 2595 
4539 782 2173 1256 2200 
4540 74 115 2305 2483 
4541 913 2445 2280 2524 
4542 327 2346 2051 2386 
4543 2152 2362 2062 2429 
4544 1031 1020 2076 2127 
4545 1761 2221 1752 2480 
4546 2051 2386 2346 2478 
4547 998 999 2443 2507 
4548 1298 2353 2202 2518 
4549 2394 2443 52 2507 
4550 280 279 2163 2339 
4551 1951 2198 2099 2361 
4552 1008 1009 2191 2288 
4553 2041 2346 2275 2535 
4554 1842 2009 1838 2598 
4555 2022 2143 2295 2677 
4556 1474 2041 1553 2275 
4557 2159 2226 527 2397 
4558 911 2126 248 2338 
4559 2150 2186 618 2319 
4560 1992 2155 2178 2509 
4561 1936 2090 1996 2206 
4562 604 2320 562 2505 
4563 713 816 732 2234 
4564 1934 2152 2125 2429 
4565 240 239 1324 2180 
4566 1998 2068 1945 2280 
4567 748 2228 813 2578 
4568 2008 2197 2065 2256 
4569 2113 1939 2363 2515 
4570 1996 2090 1936 2302 
4571 629 2186 2149 2319 
4572 2072 2198 59 2580 
4573 248 2338 2034 2352 
4574 813 748 774 2201 
4575 970 2134 947 2145 
4576 2023 2301 2150 2322 
4577 2024 2273 2053 2523 
4578 249 248 1342 2338 
4579 1852 2357 2129 2689 
4580 2099 2198 1951 2680 
4581 2108 2218 2203 2554 
4582 2171 2445 2280 2514 
4583 2004 2362 2005 2416 
4584 724 2234 723 2244 
4585 1999 2298 1965 2519 
4586 2027 1947 2224 2263 
4587 1905 1903 1852 2357 
4588 2128 2262 2070 2568 
4589 1125 2108 2075 2378 
4590 2351 2524 360 2682 
4591 1939 2354 2151 2631 
4592 2127 2462 2012 2595 
4593 1990 2276 2229 2647 
4594 1945 2240 1980 2406 
4595 1118 2075 1125 2108 
4596 2051 2058 2315 2542 
4597 738 2141 706 2383 
4598 2070 2262 2136 2345 
4599 612 641 2206 2268 
4600 236 2328 2204 2463 
4601 1965 1999 2192 2428 
4602 1993 1936 2193 2508 
4603 1932 2400 2088 2544 
4604 1977 2098 2021 2213 
4605 2000 2404 2254 2493 
4606 1702 1604 2116 2530 
4607 1998 1940 2171 2514 
4608 1988 2130 1935 2368 
4609 1976 2010 2327 2353 
4610 741 2069 993 2269 
4611 1522 2085 2042 2574 
4612 998 997 999 2507 
4613 1992 2178 2155 2271 
4614 2126 2154 963 2461 
4615 2142 2197 1928 2549 
4616 250 2472 2071 2529 
4617 348 2070 2124 2358 
4618 1565 2039 1566 2225 
4619 2028 2221 1761 2228 
4620 274 2242 2333 2428 
4621 2115 2363 2254 2404 
4622 2116 2325 2263 2475 
4623 1396 241 242 1321 
4624 96 2268 95 2285 
4625 527 2159 594 2226 
4626 936 1989 2359 2463 
4627 1966 2198 2099 2680 
4628 568 598 2369 2392 
4629 2280 2524 2351 2682 
4630 245 913 2280 2524 
4631 911 2126 2338 2402 
4632 1041 2069 1054 2269 
4633 2151 2196 1939 2393 
4634 2026 2143 2298 2686 
4635 2132 2239 1975 2423 
4636 2419 2449 548 2643 
4637 248 2126 2034 2338 
4638 115 2305 2088 2540 
4639 568 2369 2018 2392 
4640 940 970 918 2333 
4641 1937 2136 2058 2438 
4642 378 2203 379 2469 
4643 1646 1628 2266 2332 
4644 1942 2139 2163 2685 
4645 1859 2128 1913 2567 
4646 2196 2354 1939 2631 
4647 1868 2117 1842 2181 
4648 912 2050 947 2134 
4649 2125 2152 2029 2638 
4650 629 618 2186 2319 
4651 1458 1473 1455 2030 
4652 2224 2263 1947 2608 
4653 1031 2127 2076 2595 
4654 2155 2354 2028 2370 
4655 1937 2262 2128 2567 
4656 993 741 709 2069 
4657 1848 1847 2176 2306 
4658 249 2185 1343 2529 
4659 2002 2157 2270 2556 
4660 615 2189 2044 2320 
4661 1933 2179 2158 2572 
4662 1947 2027 2224 2335 
4663 2155 2178 2038 2271 
4664 321 2075 2108 2156 
4665 719 1996 753 2285 
4666 647 2261 2122 2296 
4667 1863 2272 1912 2563 
4668 1956 2035 2172 2698 
4669 2049 2305 2088 2483 
4670 1934 2004 2152 2429 
4671 1886 2041 2399 2689 
4672 2223 2225 2039 2391 
4673 2058 2095 1937 2315 
4674 52 2443 2394 2697 
4675 594 2226 2159 2656 
4676 111 2492 2079 2526 
4677 2058 2438 2309 2630 
4678 2101 2160 63 2525 
4679 1103 340 341 2058 
4680 283 2132 284 2537 
4681 620 2198 2164 2705 
4682 1843 2035 2306 2585 
4683 2213 2274 2004 2565 
4684 648 2178 603 2436 
4685 1949 2002 2157 2159 
4686 1931 2322 2279 2561 
4687 920 2359 1989 2510 
4688 948 2145 954 2428 
4689 604 2074 2320 2505 
4690 274 2333 948 2428 
4691 2027 2325 2279 2553 
4692 2002 2270 2159 2415 
4693 989 1059 1045 2479 
4694 354 2060 2187 2417 
4695 2069 2424 581 2425 
4696 1848 1850 2129 2176 
4697 783 738 706 2383 
4698 1960 2279 2437 2519 
4699 284 2132 2502 2537 
4700 2002 2270 2415 2556 
4701 1895 1813 1605 2653 
4702 1556 2096 1805 2292 
4703 1478 2042 2216 2381 
4704 378 374 2203 2469 
4705 2071 2185 250 2529 
4706 2029 2259 2152 2495 
4707 100 2193 58 2253 
4708 1960 2027 2279 2553 
4709 648 651 603 2178 
4710 1678 1895 1605 2653 
4711 285 284 2003 2455 
4712 692 2268 719 2285 
4713 1257 2383 706 2583 
4714 2035 2376 2172 2698 
4715 1221 1324 239 2409 
4716 374 2395 2439 2642 
4717 725 724 723 2244 
4718 1926 2404 2232 2493 
4719 347 348 1138 2070 
4720 1998 2171 1986 2524 
4721 612 2268 1984 2466 
4722 1551 2245 2046 2311 
4723 356 2324 2014 2410 
4724 1992 2521 2330 2551 
4725 2302 2405 1872 2660 
4726 1278 252 1279 2651 
4727 1963 2139 2233 2685 
4728 1972 2071 2572 2586 
4729 562 615 2044 2320 
4730 283 284 2132 2502 
4731 1612 2138 2064 2301 
4732 1983 1996 2234 2372 
4733 1992 2082 2521 2551 
4734 2026 2289 2143 2686 
4735 961 2086 954 2451 
4736 1696 1808 803 1683 
4737 1522 2304 2085 2574 
4738 953 2110 939 2674 
4739 100 2072 2193 2253 
4740 1965 2192 2073 2348 
4741 1952 2201 2054 2578 
4742 1952 2228 2201 2578 
4743 1996 2206 96 2268 
4744 280 2157 2517 2592 
4745 984 2426 1021 2430 
4746 283 935 284 2502 
4747 2001 1932 2384 2539 
4748 1510 1454 2139 2267 
4749 1964 2225 2223 2391 
4750 1702 2116 1777 2475 
4751 2044 562 2320 2505 
4752 1976 2353 2144 2515 
4753 1490 2214 2079 2526 
4754 1719 1721 1753 2363 
4755 1394 1288 2036 2276 
4756 2183 2232 2130 2368 
4757 1103 1112 340 2058 
4758 1213 1435 1413 2222 
4759 245 2524 2280 2682 
4760 2015 2423 2239 2533 
4761 1805 2096 1749 2292 
4762 1343 249 1342 2338 
4763 2335 2367 2065 2458 
4764 1963 2139 2163 2215 
4765 1396 241 2205 2307 
4766 1356 2389 2036 2529 
4767 576 2278 2241 2430 
4768 1934 2112 2004 2213 
4769 2096 2169 1771 2292 
4770 1937 2128 2124 2376 
4771 2138 2301 1651 2530 
4772 2005 2213 2004 2416 
4773 2091 2141 738 2383 
4774 2140 2252 2067 2390 
4775 1424 1421 254 2611 
4776 753 2166 1996 2234 
4777 595 2044 615 2189 
4778 639 2411 2460 2646 
4779 1805 1556 1710 2096 
4780 1664 2013 1647 2190 
4781 1954 2138 2089 2325 
4782 2095 2315 2058 2542 
4783 2197 2260 1928 2549 
4784 2086 2145 954 2451 
4785 2179 2565 2274 2641 
4786 1375 1212 1354 2283 
4787 2188 2335 2065 2458 
4788 1493 2008 1516 2260 
4789 2274 2565 1927 2641 
4790 2123 2367 1506 2512 
4791 1971 2112 2021 2456 
4792 2155 2178 711 2623 
4793 2280 2445 2171 2524 
4794 2070 2124 1937 2128 
4795 1971 2021 2112 2306 
4796 353 2060 2118 2389 
4797 1913 1859 1860 2128 
4798 772 1058 2175 2430 
4799 1068 1041 2069 2613 
4800 1974 2120 2000 2232 
4801 717 780 691 2038 
4802 2065 2197 1469 2256 
4803 740 2141 2091 2562 
4804 706 2383 2141 2583 
4805 1876 1851 2106 2229 
4806 2103 2449 2419 2643 
4807 958 2043 968 2286 
4808 1929 2031 2421 2467 
4809 1055 2037 1052 2177 
4810 1722 2113 2250 2363 
4811 285 2246 2003 2570 
4812 1993 2181 1936 2508 
4813 1915 1872 2302 2405 
4814 1306 2222 1419 2284 
4815 1933 2052 2106 2229 
4816 1264 234 1350 1247 
4817 2163 2215 2139 2571 
4818 1396 241 1289 2205 
4819 2028 2038 1944 2623 
4820 1695 2371 1638 2545 
4821 2144 2297 1976 2363 
4822 283 2132 935 2502 
4823 1746 2292 2169 2432 
4824 2084 2184 1967 2249 
4825 732 2269 1984 2466 
4826 1943 2094 2079 2664 
4827 1998 1986 2257 2524 
4828 357 1386 1209 2338 
4829 2045 2235 1812 2662 
4830 1927 2456 2274 2641 
4831 2048 2077 1941 2594 
4832 1488 2294 2214 2494 
4833 2143 2289 1939 2686 
4834 539 2076 592 2191 
4835 1753 1739 1786 2363 
4836 1478 2042 1522 2216 
4837 958 2158 2043 2286 
4838 928 2158 2286 2459 
4839 2036 2071 2185 2588 
4840 1974 2120 2232 2387 
4841 1031 1012 1020 2127 
4842 1556 1710 2096 2644 
4843 2136 2345 1981 2490 
4844 348 28 352 2358 
4845 1952 2028 2354 2370 
4846 1940 1998 2217 2514 
4847 1955 2275 2041 2346 
4848 2053 2273 2215 2523 
4849 1950 2187 2185 2389 
4850 1940 2217 2227 2514 
4851 2024 2205 1402 2341 
4852 240 239 830 1324 
4853 2066 2223 1941 2596 
4854 1971 2106 2052 2585 
4855 2065 2335 2188 2367 
4856 2038 2155 1944 2623 
4857 1396 1321 242 2307 
4858 356 2187 2014 2324 
4859 243 2068 244 2240 
4860 2042 2249 2084 2381 
4861 1068 1054 1041 2613 
4862 1490 2079 2214 2312 
4863 2332 2365 1987 2650 
4864 353 2118 2060 2358 
4865 2126 2020 2366 2661 
4866 1941 2077 2048 2223 
4867 1946 2243 2043 2286 
4868 1931 2477 2064 2545 
4869 348 2235 28 2358 
4870 965 2406 2423 2447 
4871 1946 2043 2243 2667 
4872 1931 2545 2064 2551 
4873 302 2227 2203 2378 
4874 291 2017 2199 2238 
4875 1377 1829 2200 2208 
4876 1986 1940 2171 2217 
4877 1955 2176 2035 2617 
4878 1898 2045 1812 2662 
4879 1940 1986 2171 2248 
4880 2035 2315 2172 2376 
4881 2028 1944 2155 2623 
4882 1986 1940 2217 2248 
4883 1996 2302 1936 2372 
4884 2000 2120 1974 2629 
4885 321 2075 2156 2465 
4886 1983 2135 2117 2372 
4887 1996 2166 1983 2234 
4888 2130 2183 2000 2232 
4889 630 2149 2282 2483 
4890 1946 2243 2286 2667 
4891 2008 2142 1928 2453 
4892 2113 2151 1722 2250 
4893 1942 2163 2139 2571 
4894 1939 2145 1999 2686 
4895 2112 2176 1934 2495 
4896 2150 2301 2064 2322 
4897 1510 2267 2139 2622 
4898 1702 2475 2138 2530 
4899 1313 1255 1359 2045 
4900 1909 2420 2181 2538 
4901 1960 2437 2057 2519 
4902 1394 1288 1356 2036 
4903 1424 1232 254 1421 
4904 1999 2333 2242 2428 
4905 2027 2335 2263 2432 
4906 961 954 907 2451 
4907 1506 2367 2123 2574 
4908 1540 2041 1474 2535 
4909 1936 2193 2236 2597 
4910 2126 2338 1950 2421 
4911 236 1237 1226 2204 
4912 1807 1789 2123 2550 
4913 1221 830 239 1324 
4914 1103 341 1112 2058 
4915 2291 2366 2126 2421 
4916 1944 2121 2038 2388 
4917 966 921 2147 2209 
4918 1558 1413 1435 2133 
4919 2126 1950 2338 2402 
4920 611 612 2105 2626 
4921 1998 2351 2280 2524 
4922 347 1138 1194 2070 
4923 2117 2135 1936 2372 
4924 1972 2099 2019 2459 
4925 1559 2123 2102 2304 
4926 1244 1324 1221 2409 
4927 1952 2196 2151 2393 
4928 522 59 2198 2580 
4929 2068 2203 1957 2395 
4930 1902 348 1818 2235 
4931 1982 2242 2454 2476 
4932 2092 2241 576 2278 
4933 1925 2080 2279 2322 
4934 2135 2238 291 2566 
4935 1386 248 1209 2338 
4936 1987 2109 2152 2638 
4937 941 2034 2126 2506 
4938 1749 2096 1745 2169 
4939 1510 2139 2107 2622 
4940 1749 1771 2096 2169 
4941 1124 1129 2541 2582 
4942 1935 2142 2008 2696 
4943 1428 233 232 2383 
4944 632 2104 2159 2314 
4945 519 2189 2320 2443 
4946 927 963 2154 2461 
4947 1124 1129 1105 2541 
4948 1951 2198 2164 2337 
4949 2005 1601 2337 2635 
4950 2058 2503 2262 2567 
4951 2171 2514 2280 2524 
4952 1739 1762 1786 2254 
4953 291 2199 2017 2613 
4954 1876 1835 1851 2229 
4955 596 2149 2007 2282 
4956 1351 2202 233 2383 
4957 340 1112 329 2058 
4958 1015 2103 1052 2471 
4959 2005 2266 1601 2635 
4960 1926 2232 2120 2387 
4961 1494 2273 2170 2408 
4962 2020 2147 966 2445 
4963 1692 2013 1664 2317 
4964 315 2218 2203 2642 
4965 1343 1342 1386 2338 
4966 1807 2123 1742 2550 
4967 1473 2030 1458 2311 
4968 2048 2077 286 2587 
4969 2172 2376 2315 2698 
4970 2019 2286 2158 2459 
4971 615 595 562 2044 
4972 1516 2008 1493 2654 
4973 740 738 2091 2141 
4974 2140 2386 2252 2390 
4975 96 54 95 2268 
4976 374 2068 373 2395 
4977 966 964 921 2209 
4978 1949 2157 2002 2435 
4979 2094 2233 1505 2311 
4980 2054 2480 1952 2578 
4981 2028 2155 1944 2354 
4982 1931 2064 2476 2551 
4983 2094 2311 1505 2664 
4984 237 2204 1989 2463 
4985 1981 2187 2060 2417 
4986 1966 2238 2199 2626 
4987 1978 2174 2007 2350 
4988 101 60 59 2337 
4989 2035 2176 1955 2349 
4990 2034 2248 1986 2655 
4991 2029 2259 2051 2478 
4992 1021 2430 2426 2690 
4993 1887 1831 1817 2283 
4994 2178 2621 815 2623 
4995 1412 2297 2115 2327 
4996 1428 1351 233 2383 
4997 2145 2333 1999 2428 
4998 2089 2138 1954 2477 
4999 2136 2262 2058 2503 
5000 1014 2122 2261 2296 
5001 2010 1245 2327 2328 
5002 2015 2094 1963 2468 
5003 356 355 2187 2324 
5004 2274 2456 2179 2641 
5005 1492 2446 2260 2560 
5006 286 2077 2048 2594 
5007 1978 2149 2007 2174 
5008 1952 2480 2228 2578 
5009 1865 2045 1898 2229 
5010 2098 2213 1977 2433 
5011 1932 2184 2084 2249 
5012 2124 2235 1956 2431 
5013 48 2377 1008 2577 
5014 2210 2217 1940 2248 
5015 274 2056 2242 2330 
5016 940 2134 970 2196 
5017 1999 1965 2298 2659 
5018 2010 2327 2120 2404 
5019 1749 2096 1771 2292 
5020 610 527 594 2226 
5021 1980 2423 2406 2447 
5022 519 2441 2189 2443 
5023 1934 2129 2021 2601 
5024 557 2016 2282 2422 
5025 1972 2158 2179 2572 
5026 247 248 2034 2352 
5027 554 2189 2063 2422 
5028 1281 1355 2531 2651 
5029 1666 2090 1888 2420 
5030 1666 1888 2090 2405 
5031 254 1421 2173 2611 
5032 1253 2328 2202 2353 
5033 2199 2238 2017 2626 
5034 321 322 2075 2465 
5035 1926 2387 2120 2404 
5036 2321 2496 2003 2497 
5037 2192 1948 2454 2476 
5038 101 59 2072 2337 
5039 2160 2223 1964 2610 
5040 2160 2485 2223 2610 
5041 1954 2064 2322 2477 
5042 2219 2249 2073 2458 
5043 2002 2226 1949 2435 
5044 2079 2492 1445 2526 
5045 2002 2415 2159 2656 
5046 1647 2013 1692 2329 
5047 1194 348 352 2070 
5048 1629 2365 1686 2650 
5049 2097 2014 2313 2655 
5050 1936 2206 1996 2372 
5051 1224 237 1339 1226 
5052 1759 1797 1765 2295 
5053 1062 2247 2074 2695 
5054 250 2185 2071 2402 
5055 1906 1902 1818 2235 
5056 1255 1359 2045 2283 
5057 2219 2458 2073 2699 
5058 998 2443 999 2697 
5059 1947 2263 2027 2335 
5060 2024 2053 1957 2612 
5061 1992 2271 2082 2369 
5062 1972 2179 2019 2641 
5063 1465 1450 2094 2468 
5064 1342 248 1386 2338 
5065 1138 348 1194 2070 
5066 753 752 2285 2660 
5067 2291 2421 2031 2467 
5068 1746 2169 1770 2432 
5069 2084 2216 2042 2381 
5070 1469 2197 2065 2679 
5071 1886 2399 1919 2689 
5072 280 2157 281 2556 
5073 1996 2166 753 2660 
5074 1944 2155 2038 2271 
5075 1934 2021 2112 2213 
5076 1236 2204 2010 2619 
5077 1836 2052 1837 2230 
5078 742 995 989 2032 
5079 648 1992 2271 2436 
5080 1628 2332 1686 2365 
5081 1971 2274 2112 2456 
5082 519 2189 615 2320 
5083 2054 2091 1953 2141 
5084 1864 1911 1863 2334 
5085 2102 2123 1789 2550 
5086 630 2483 2282 2636 
5087 284 2182 2003 2484 
5088 1377 2200 1312 2208 
5089 1952 2354 2155 2370 
5090 541 2092 2127 2241 
5091 1749 1805 1710 2096 
5092 1997 2248 1940 2326 
5093 2104 2400 2088 2528 
5094 853 1342 1284 249 
5095 2113 2144 1976 2363 
5096 1996 2206 1984 2372 
5097 2086 2145 2451 2686 
5098 1766 1765 1767 2477 
5099 1135 316 320 2108 
5100 1021 1058 984 2430 
5101 1062 2074 2247 2474 
5102 1245 1349 2010 2327 
5103 1749 1745 1771 2169 
5104 2021 2213 2098 2456 
5105 2366 2421 2291 2467 
5106 1236 1245 2010 2328 
5107 315 2203 314 2642 
5108 1945 2108 2156 2555 
5109 2048 1941 2223 2596 
5110 506 2168 512 2426 
5111 1904 2299 2277 2649 
5112 958 917 968 2043 
5113 1194 352 1172 2070 
5114 1765 2371 1767 2477 
5115 1436 1465 2015 2468 
5116 1552 1521 2292 2457 
5117 2066 2167 1938 2287 
5118 806 2161 2040 2671 
5119 2041 2129 1886 2702 
5120 1419 2222 1306 2489 
5121 250 2071 934 2402 
5122 1931 2322 2064 2477 
5123 2049 2073 2539 2544 
5124 1509 2146 2107 2401 
5125 2192 2454 2242 2476 
5126 2360 2545 1931 2551 
5127 2104 2415 2016 2636 
5128 1681 2090 1666 2420 
5129 806 2040 2161 2272 
5130 1657 1777 1604 2116 
5131 284 2003 2455 2484 
5132 2343 2438 1981 2490 
5133 1948 2073 2049 2356 
5134 1124 2364 2162 2541 
5135 1725 2026 1723 2250 
5136 1992 2271 2155 2521 
5137 1943 2400 2104 2528 
5138 1952 2221 2151 2354 
5139 2035 2376 1956 2431 
5140 1942 2139 2233 2267 
5141 1551 1504 2046 2245 
5142 610 2226 594 2656 
5143 124 1683 716 2251 
5144 325 2140 2067 2390 
5145 1746 1770 1735 2432 
5146 2520 2543 2019 2641 
5147 2122 2296 1045 2479 
5148 1306 1400 1423 2489 
5149 291 991 2199 2613 
5150 2108 315 2218 2554 
5151 1973 2478 2029 2602 
5152 1281 1279 1355 2651 
5153 2036 2185 2389 2588 
5154 254 1421 1232 2173 
5155 1378 1306 2183 2440 
5156 1972 2565 2179 2641 
5157 1941 2223 2066 2342 
5158 2327 2328 1245 2353 
5159 1927 2565 2099 2641 
5160 2043 2158 958 2472 
5161 598 2186 599 2369 
5162 1391 355 2185 2338 
5163 1965 1999 2428 2659 
5164 1886 1854 2129 2689 
5165 2152 2195 1973 2602 
5166 612 572 641 2268 
5167 2057 2298 1960 2519 
5168 1958 2126 2291 2366 
5169 302 378 303 2203 
5170 782 1256 705 2200 
5171 1990 2283 2208 2579 
5172 729 985 996 2507 
5173 1493 2133 2222 2654 
5174 2101 2160 1969 2460 
5175 2260 2446 1994 2560 
5176 1925 2437 2279 2519 
5177 1962 2309 2438 2630 
5178 2151 2196 1952 2354 
5179 2049 2249 2073 2544 
5180 246 247 358 829 
5181 1924 2195 2004 2318 
5182 1865 2045 2229 2283 
5183 1939 1999 2145 2333 
5184 1489 2294 1488 2494 
5185 358 357 2352 2410 
5186 2017 2105 1984 2424 
5187 694 1707 746 2228 
5188 274 2242 2056 2333 
5189 1710 2575 2096 2644 
5190 1898 1894 2045 2283 
5191 754 1996 719 2268 
5192 348 352 2070 2358 
5193 1012 2127 1013 2377 
5194 1031 1038 2127 2595 
5195 327 1438 2346 2478 
5196 533 72 2088 2104 
5197 1552 1520 1521 2457 
5198 2176 2306 1879 2349 
5199 1971 2052 2230 2585 
5200 2070 1981 2345 2490 
5201 1971 2112 2274 2617 
5202 709 1040 2069 2175 
5203 359 358 1381 246 
5204 1009 1008 2191 2377 
5205 1964 2160 2025 2391 
5206 276 2007 2247 2454 
5207 1297 2353 1298 2518 
5208 711 2178 2155 2509 
5209 1253 1350 2202 2328 
5210 55 96 2206 2268 
5211 1871 2090 2181 2420 
5212 2006 2199 289 2462 
5213 1984 2206 1996 2268 
5214 378 302 379 2203 
5215 2000 1974 2183 2629 
5216 1766 1767 2138 2477 
5217 2324 2345 1981 2448 
5218 753 1996 754 2234 
5219 248 2034 941 2506 
5220 1915 2302 2090 2405 
5221 998 2394 997 2507 
5222 1750 1800 2054 2452 
5223 1933 2071 2158 2472 
5224 2038 2621 2178 2623 
5225 2034 2338 357 2352 
5226 1223 238 2153 2409 
5227 815 711 2178 2623 
5228 2166 2302 1983 2546 
5229 2051 2346 2029 2478 
5230 1863 1862 1849 2100 
5231 2194 2258 1974 2387 
5232 1989 2258 2194 2387 
5233 1417 2144 2297 2353 
5234 912 2050 2134 2442 
5235 2049 2073 1948 2539 
5236 1069 2069 1040 2175 
5237 1520 2256 1521 2457 
5238 1928 2453 2194 2616 
5239 1998 1945 2227 2514 
5240 356 2187 355 2338 
5241 1503 2311 2046 2492 
5242 1039 1028 2063 2293 
5243 2068 2240 243 2395 
5244 1791 1702 1777 2475 
5245 1939 2143 1999 2631 
5246 1777 2116 1657 2550 
5247 1506 2123 1507 2574 
5248 1946 2336 2043 2667 
5249 2051 2259 1973 2478 
5250 1981 2438 2136 2490 
5251 559 2282 557 2636 
5252 2060 2087 1956 2118 
5253 1278 1280 252 2651 
5254 954 2145 948 2333 
5255 1984 2105 2017 2498 
5256 2130 2183 1988 2440 
5257 2249 2539 2073 2544 
5258 1755 1752 2221 2633 
5259 2073 1948 2174 2192 
5260 1647 1664 1692 2013 
5261 2073 2219 1965 2348 
5262 1040 1041 993 2069 
5263 989 1045 2296 2479 
5264 734 232 2091 2383 
5265 729 996 2394 2507 
5266 1936 2193 2105 2236 
5267 2008 1928 2260 2453 
5268 1948 2049 2319 2356 
5269 1693 1609 2305 2412 
5270 2264 2294 2015 2672 
5271 1521 2256 2096 2457 
5272 70 2159 2079 2314 
5273 715 512 2168 2426 
5274 1693 2305 1609 2540 
5275 2159 2226 2002 2656 
5276 1971 2274 2340 2617 
5277 1998 2280 1945 2514 
5278 1950 2087 2389 2588 
5279 719 2268 1996 2285 
5280 927 2461 2154 2527 
5281 1948 2186 2150 2319 
5282 1996 1984 2234 2372 
5283 2004 2112 1924 2274 
5284 754 753 719 1996 
5285 2111 2163 952 2303 
5286 1014 2296 2261 2507 
5287 292 2135 910 2148 
5288 383 2210 2097 2313 
5289 1797 2011 2347 2501 
5290 1944 2038 2028 2388 
5291 1955 2346 2041 2495 
5292 246 358 1381 829 
5293 1651 2138 1612 2301 
5294 1625 2078 2190 2668 
5295 1984 2268 2234 2466 
5296 1948 2149 2049 2539 
5297 735 2173 782 2557 
5298 2336 2609 2043 2667 
5299 45 2426 984 2430 
5300 358 247 246 2352 
5301 1474 1553 1581 2275 
5302 1297 2144 2353 2518 
5303 1974 2000 2183 2232 
5304 536 2261 2296 2507 
5305 2043 931 2243 2385 
5306 1000 2441 1002 2511 
5307 2088 2314 2046 2400 
5308 1993 2181 2420 2538 
5309 917 2043 958 2472 
5310 1813 2299 1605 2653 
5311 1950 2338 2187 2421 
5312 1612 120 2064 2545 
5313 247 1381 358 829 
5314 762 695 979 2091 
5315 1015 2288 2103 2471 
5316 2153 2204 1229 2258 
5317 1360 2024 1402 2341 
5318 1984 2424 612 2466 
5319 1666 2090 1681 2405 
5320 2054 2141 1953 2452 
5321 1933 2071 2472 2588 
5322 2116 1947 2263 2608 
5323 2030 1458 2311 2564 
5324 961 948 954 2428 
5325 1974 2232 2194 2387 
5326 2005 2337 1601 2522 
5327 938 952 2163 2303 
5328 1008 2581 2288 2692 
5329 1898 2229 2045 2662 
5330 2024 1957 2307 2612 
5331 1555 1780 2102 2123 
5332 296 2344 2136 2373 
5333 1808 1787 1714 2251 
5334 2083 2237 287 2461 
5335 2093 2243 931 2385 
5336 285 2048 2246 2570 
5337 96 1996 2285 2405 
5338 2061 2153 1242 2258 
5339 372 242 2307 2395 
5340 1797 2347 1759 2501 
5341 2050 1976 2289 2515 
5342 1299 2297 1412 2327 
5343 1928 2033 2260 2559 
5344 2105 1936 2236 2238 
5345 2003 2246 285 2455 
5346 2013 2329 1647 2450 
5347 2279 2325 2089 2553 
5348 2001 2384 2073 2539 
5349 1848 2306 2021 2481 
5350 980 2168 743 2211 
5351 1968 2167 2066 2287 
5352 1350 1311 234 1264 
5353 1444 2214 110 2494 
5354 1516 1517 1469 2654 
5355 2017 2424 2069 2425 
5356 2023 2356 2049 2403 
5357 238 1221 239 2409 
5358 554 595 2189 2422 
5359 1932 2539 2249 2544 
5360 1278 1279 1280 2651 
5361 1970 2165 2023 2224 
5362 1957 2395 2203 2642 
5363 2162 2210 300 2217 
5364 1551 2046 1503 2311 
5365 1360 1523 2024 2341 
5366 539 542 592 2076 
5367 296 2309 2136 2344 
5368 1944 2155 2271 2521 
5369 1124 1105 2364 2541 
5370 1996 2234 1984 2268 
5371 346 1907 347 2128 
5372 778 716 803 2251 
5373 1957 2053 2024 2408 
5374 1871 2181 1909 2420 
5375 289 2361 2006 2462 
5376 632 2159 605 2314 
5377 1617 1681 1666 2420 
5378 2107 2139 1942 2622 
5379 2139 2267 1942 2622 
5380 1947 2123 2102 2550 
5381 2008 2197 1516 2260 
5382 952 2163 2111 2215 
5383 1906 1875 2235 2431 
5384 1948 2319 2023 2356 
5385 595 2044 2189 2422 
5386 1961 2024 2205 2523 
5387 1928 2220 2033 2559 
5388 504 2168 509 2211 
5389 930 2020 966 2445 
5390 1962 2309 2136 2438 
5391 1768 2026 2254 2363 
5392 1041 993 2069 2269 
5393 1376 1782 1203 2115 
5394 2031 2187 2060 2490 
5395 2125 2190 1934 2429 
5396 1993 1936 2181 2597 
5397 1707 2028 694 2473 
5398 1934 2176 2129 2495 
5399 1985 2111 2110 2220 
5400 2069 2278 1068 2613 
5401 348 2070 347 2124 
5402 1013 2127 2241 2377 
5403 2117 1983 2302 2546 
5404 101 1601 2337 2522 
5405 1970 2224 2023 2356 
5406 1932 2073 2249 2539 
5407 912 234 2050 2442 
5408 1898 2045 1865 2283 
5409 281 2556 2002 2600 
5410 2050 2202 234 2328 
5411 2049 2319 2023 2403 
5412 1650 673 118 2301 
5413 1948 2023 2150 2322 
5414 2023 2319 2049 2356 
5415 238 1223 1221 2409 
5416 1231 1362 1425 2383 
5417 1223 1222 238 1221 
5418 1772 1800 2452 2562 
5419 291 2199 290 2238 
5420 1742 2123 2263 2550 
5421 630 653 596 2149 
5422 2084 2308 2184 2564 
5423 1028 2189 2063 2293 
5424 816 2234 2268 2466 
5425 1996 96 2206 2405 
5426 2012 2470 2355 2705 
5427 1059 994 1046 2589 
5428 1906 2124 2376 2431 
5429 1939 2145 2134 2333 
5430 1979 2188 2027 2335 
5431 1242 2153 1229 2258 
5432 1871 1909 2181 2538 
5433 1948 2174 2149 2539 
5434 72 2104 632 2314 
5435 1187 2324 2014 2448 
5436 1925 2073 2458 2699 
5437 2311 2492 1503 2664 
5438 581 646 2069 2278 
5439 807 742 2032 2509 
5440 1707 1798 2028 2473 
5441 1564 1494 2170 2408 
5442 1692 2013 2317 2329 
5443 1933 2336 2229 2647 
5444 604 2261 2074 2618 
5445 273 2056 274 2330 
5446 2133 2453 2260 2559 
5447 1056 2589 2018 2695 
5448 1942 2267 2233 2685 
5449 1951 2005 2362 2416 
5450 1556 1457 1710 2644 
5451 273 2196 2056 2521 
5452 1722 2250 1723 2363 
5453 2006 2164 1951 2198 
5454 1966 2105 2236 2238 
5455 1439 1566 1565 2039 
5456 1461 2308 2197 2679 
5457 374 373 2068 2684 
5458 1951 2164 2006 2361 
5459 322 1099 321 2075 
5460 2073 2249 2049 2356 
5461 1236 2010 1245 2619 
5462 118 2319 117 2403 
5463 374 2068 2469 2684 
5464 1324 1244 2180 2409 
5465 2213 2433 2098 2456 
5466 1951 2006 2198 2361 
5467 2103 2419 2037 2643 
5468 2014 2421 2034 2655 
5469 1362 1257 1422 2383 
5470 2208 2283 1990 2573 
5471 285 1071 284 2455 
5472 820 774 2201 2370 
5473 1056 988 2018 2330 
5474 1966 2105 2193 2236 
5475 1030 1061 2103 2600 
5476 1359 2276 2045 2283 
5477 2030 2311 2245 2564 
5478 1667 1788 1603 2102 
5479 1951 2083 2099 2565 
5480 1934 2021 2213 2601 
5481 581 2278 2069 2425 
5482 2067 2252 2140 2548 
5483 1436 1465 1597 2015 
5484 70 2079 2159 2397 
5485 236 1237 1339 1226 
5486 1490 1499 2214 2526 
5487 1009 1010 1008 2377 
5488 1935 2232 2047 2437 
5489 1531 2125 1533 2638 
5490 696 977 2173 2658 
5491 341 1112 2058 2503 
5492 1383 1717 1374 2141 
5493 1603 1657 1674 2550 
5494 808 2069 741 2269 
5495 1711 1621 2121 2251 
5496 1967 2184 2084 2308 
5497 754 2234 1996 2268 
5498 694 2028 790 2473 
5499 2059 2163 2270 2339 
5500 1482 2042 2367 2574 
5501 1934 2190 2078 2429 
5502 1936 2181 2090 2508 
5503 2102 2123 1947 2304 
5504 2001 2549 2219 2603 
5505 358 246 359 2524 
5506 118 2023 2319 2403 
5507 1306 1419 1305 2284 
5508 1960 2026 2143 2493 
5509 1933 2229 2106 2576 
5510 1951 2005 2337 2362 
5511 1871 2090 1870 2181 
5512 592 2076 2496 2643 
5513 2262 2345 2070 2568 
5514 929 2240 2280 2406 
5515 1960 2298 2279 2519 
5516 1663 2492 111 2526 
5517 2004 2362 2152 2429 
5518 554 628 642 2293 
5519 1241 372 242 2307 
5520 1440 2066 2300 2486 
5521 109 1444 110 2494 
5522 1018 2241 2092 2278 
5523 1112 1133 329 2058 
5524 1461 1460 2033 2308 
5525 1902 28 348 2235 
5526 2053 2170 2273 2408 
5527 1929 2421 2366 2467 
5528 315 314 2203 2554 
5529 2151 2354 2221 2633 
5530 276 2007 1062 2247 
5531 2048 286 2246 2587 
5532 977 696 763 2161 
5533 2097 2313 2210 2655 
5534 913 945 2280 2445 
5535 2060 2187 2031 2627 
5536 2011 2501 2371 2545 
5537 2145 2289 2050 2451 
5538 719 692 781 2268 
5539 2007 2186 564 2392 
5540 272 2509 2155 2589 
5541 1612 1695 1638 2545 
5542 291 991 290 2199 
5543 321 322 2465 2487 
5544 1245 2010 1349 2619 
5545 1029 2044 2189 2320 
5546 1180 385 2345 2448 
5547 321 1099 1118 2075 
5548 724 789 753 2166 
5549 1676 1783 1610 2138 
5550 2138 2325 1954 2475 
5551 931 2043 917 2385 
5552 1978 2016 2636 2675 
5553 2314 2492 2311 2664 
5554 2075 1945 2108 2156 
5555 614 63 2101 2460 
5556 1559 1507 2123 2304 
5557 1226 237 236 2204 
5558 1957 2439 2395 2642 
5559 918 954 948 2333 
5560 2175 2278 580 2430 
5561 630 2149 596 2282 
5562 354 2187 2324 2417 
5563 2026 2298 2143 2493 
5564 2157 281 2435 2592 
5565 117 2049 116 2403 
5566 325 2067 2140 2599 
5567 596 2007 564 2505 
5568 289 2199 2006 2361 
5569 2009 2052 2230 2641 
5570 2038 2178 2155 2623 
5571 1254 2327 1245 2353 
5572 1941 2209 2077 2255 
5573 1482 1506 1507 2574 
5574 1791 1777 2116 2475 
5575 2018 1992 2436 2589 
5576 1978 2636 2528 2675 
5577 2042 2367 2065 2679 
5578 1942 2107 2033 2220 
5579 1926 2194 2232 2387 
5580 2154 2461 2083 2527 
5581 1472 2107 1510 2139 
5582 2042 2065 2367 2458 
5583 1367 1256 782 2173 
5584 2179 2230 2052 2641 
5585 1939 1999 2333 2631 
5586 1014 2122 1026 2261 
5587 274 2056 273 2333 
5588 102 2337 1601 2635 
5589 1948 2150 2023 2319 
5590 1746 1773 2292 2432 
5591 1984 2017 2424 2498 
5592 651 2178 2271 2621 
5593 358 2352 246 2524 
5594 2292 2432 1773 2512 
5595 1951 2099 2416 2565 
5596 557 2415 626 2636 
5597 117 75 116 2049 
5598 1863 2265 1911 2688 
5599 1993 2090 2181 2508 
5600 121 2501 2536 2545 
5601 1969 2077 2048 2587 
5602 2036 2529 2385 2531 
5603 1118 1125 1132 2108 
5604 288 2461 927 2527 
5605 1339 237 236 1226 
5606 696 977 254 2173 
5607 2103 1005 2293 2581 
5608 2113 2144 1953 2515 
5609 2001 2174 2073 2384 
5610 929 2280 945 2406 
5611 1960 2143 2298 2493 
5612 2033 2107 1942 2622 
5613 1924 2195 2467 2491 
5614 2081 2280 945 2445 
5615 1968 2081 2147 2465 
5616 1967 2142 2065 2458 
5617 1313 2235 2045 2687 
5618 1748 2290 2130 2440 
5619 2077 2209 1941 2594 
5620 612 535 2105 2206 
5621 562 604 615 2320 
5622 1935 2047 2130 2169 
5623 596 2282 2007 2505 
5624 1149 353 1172 2070 
5625 1564 2170 2218 2408 
5626 1948 2192 2080 2476 
5627 1461 1460 1462 2033 
5628 1926 2289 2493 2686 
5629 1986 2217 1998 2257 
5630 2118 2358 353 2687 
5631 2018 1992 2369 2436 
5632 48 2577 1008 2692 
5633 1968 2147 2119 2465 
5634 1757 2028 1798 2388 
5635 1553 1819 2041 2399 
5636 1771 2169 1746 2292 
5637 968 917 931 2043 
5638 1969 2460 2411 2646 
5639 234 947 912 2050 
5640 2085 2681 1593 2706 
5641 2167 1975 2487 2672 
5642 1999 2080 2298 2519 
5643 1939 2134 2196 2333 
5644 2239 2487 1975 2672 
5645 1958 2077 2209 2255 
5646 1549 2125 2332 2450 
5647 2014 1981 2343 2448 
5648 1935 2057 2232 2437 
5649 288 2083 2461 2527 
5650 1342 1343 1284 249 
5651 292 2135 2148 2625 
5652 353 2118 1393 2389 
5653 358 1209 1381 247 
5654 118 2301 2023 2701 
5655 929 2240 244 2280 
5656 1990 2229 2336 2647 
5657 2311 2314 2046 2492 
5658 321 2465 2156 2487 
5659 2024 2523 2053 2612 
5660 621 522 59 2198 
5661 968 2043 931 2243 
5662 936 961 2086 2359 
5663 353 1172 2070 2417 
5664 1520 2065 2256 2457 
5665 249 1343 250 2529 
5666 340 1112 1137 329 
5667 1886 1919 1854 2689 
5668 1601 2005 2382 2668 
5669 2014 2187 2034 2421 
5670 719 753 752 2285 
5671 1792 1783 1702 2138 
5672 2014 2373 2097 2448 
5673 1933 2106 2572 2576 
5674 2020 1941 2147 2326 
5675 1343 1284 249 250 
5676 1981 2345 2324 2417 
5677 65 2331 2101 2525 
5678 1954 2224 2027 2279 
5679 696 2161 977 2658 
5680 1657 2116 1674 2550 
5681 2355 2470 2006 2705 
5682 2014 2313 1187 2448 
5683 1725 2026 2250 2281 
5684 728 980 1047 2168 
5685 2034 1986 2248 2352 
5686 2441 2511 1000 2697 
5687 2310 2334 1849 2683 
5688 2024 2307 2523 2612 
5689 1211 1705 1373 2144 
5690 936 2086 961 2463 
5691 1540 1553 1474 2041 
5692 1998 2514 2171 2524 
5693 1859 1821 2095 2567 
5694 1650 119 673 2301 
5695 624 2082 532 2369 
5696 1019 2278 1060 2430 
5697 1619 1570 2102 2681 
5698 2236 2433 2193 2680 
5699 2572 2586 2071 2588 
5700 597 2149 629 2186 
5701 2072 2193 2433 2680 
5702 1934 2078 2129 2601 
5703 2066 2300 2119 2596 
5704 2040 2265 1863 2688 
5705 2009 2230 2052 2310 
5706 1979 2367 2123 2512 
5707 2113 2144 1719 2452 
5708 2021 2098 1977 2357 
5709 1145 356 1184 2324 
5710 299 2210 2162 2620 
5711 1768 2254 1739 2363 
5712 760 2069 606 2175 
5713 2073 2192 2174 2348 
5714 2223 2485 2077 2610 
5715 1803 1711 2121 2251 
5716 1924 2259 2195 2491 
5717 2100 1849 2334 2683 
5718 1744 2130 1748 2290 
5719 1850 1886 2129 2702 
5720 778 2251 1714 2473 
5721 1913 2128 1896 2567 
5722 1930 2223 2077 2255 
5723 1736 2263 2027 2325 
5724 1149 1172 352 2070 
5725 1383 1715 1717 2141 
5726 2203 2227 1945 2378 
5727 2041 2495 2346 2535 
5728 1603 1674 1687 2550 
5729 2109 2152 2029 2602 
5730 2037 2177 1055 2484 
5731 1601 2382 2005 2522 
5732 1417 2297 1299 2353 
5733 1603 1687 2102 2550 
5734 1647 2190 2013 2450 
5735 2011 1944 2347 2536 
5736 2105 2424 2017 2626 
5737 82 2038 780 2621 
5738 1931 2089 2143 2561 
5739 2315 2376 1937 2698 
5740 639 2460 613 2646 
5741 612 657 572 2466 
5742 1129 2075 2541 2582 
5743 68 2214 110 2397 
5744 1549 2125 1531 2332 
5745 1638 2501 121 2545 
5746 346 1827 1907 2128 
5747 381 2217 2210 2398 
5748 936 2359 2086 2463 
5749 119 2150 2064 2427 
5750 2075 1945 2156 2465 
5751 1976 2297 2115 2363 
5752 1880 2181 1842 2598 
5753 1969 2160 2101 2610 
5754 2142 2188 2065 2458 
5755 1055 1052 1061 2177 
5756 359 245 360 2524 
5757 1932 2084 2245 2544 
5758 1295 2283 1406 2573 
5759 639 613 2411 2646 
5760 2196 2516 962 2604 
5761 1513 2216 2085 2706 
5762 1750 2452 2054 2691 
5763 1935 2047 2169 2437 
5764 1462 2260 2033 2560 
5765 1520 2065 1469 2256 
5766 1490 2079 1445 2526 
5767 1327 1402 2205 2341 
5768 2118 2276 1933 2576 
5769 1065 2470 1038 2595 
5770 60 620 621 2198 
5771 2023 2403 118 2701 
5772 1017 2278 1019 2430 
5773 68 2214 2055 2494 
5774 1462 2197 2033 2260 
5775 1715 2141 1383 2583 
5776 2125 2495 2041 2535 
5777 2143 2281 2089 2677 
5778 734 1362 1231 2383 
5779 1933 2276 2118 2588 
5780 1725 1768 1723 2026 
5781 1981 2373 2343 2448 
5782 2073 2174 2001 2348 
5783 1960 2279 2089 2553 
5784 1256 2173 1420 2200 
5785 1007 2288 1008 2581 
5786 2060 2417 2070 2490 
5787 1612 1638 120 2545 
5788 1871 1914 2090 2420 
5789 513 504 511 2168 
5790 1975 2487 2239 2537 
5791 705 735 782 2557 
5792 1493 2133 1435 2222 
5793 1935 2008 2368 2696 
5794 1774 1742 1807 2123 
5795 1062 2247 2007 2474 
5796 2121 2251 2038 2388 
5797 251 2529 1279 2651 
5798 1555 2102 1559 2123 
5799 2130 2290 2183 2440 
5800 1118 2075 322 2541 
5801 594 2159 2415 2656 
5802 1638 2371 2501 2545 
5803 2119 2147 1941 2326 
5804 1924 2172 2315 2491 
5805 2151 2354 2022 2631 
5806 2239 2015 2533 2672 
5807 2040 806 2671 2688 
5808 2040 2272 806 2688 
5809 1222 238 1224 1223 
5810 947 2145 2050 2451 
5811 1735 2027 1736 2432 
5812 2110 2111 1985 2632 
5813 512 506 511 2168 
5814 1005 2103 1015 2581 
5815 956 927 963 2154 
5816 1376 1203 1412 2115 
5817 2036 2389 2185 2529 
5818 2210 2313 382 2398 
5819 1327 2341 2205 2513 
5820 1943 2400 2059 2685 
5821 1877 2481 2357 2649 
5822 1950 2154 2126 2291 
5823 302 2203 303 2378 
5824 2233 2311 2094 2339 
5825 1761 1755 1752 2221 
5826 117 75 2049 2319 
5827 2073 2384 2174 2539 
5828 729 773 985 2507 
5829 1939 2143 2026 2289 
5830 1017 1019 1060 2430 
5831 1601 2266 2005 2668 
5832 1870 2090 1915 2302 
5833 1017 2241 2278 2430 
5834 2042 2367 2335 2458 
5835 1687 2374 2102 2550 
5836 2034 2352 2248 2506 
5837 1061 1039 1030 2103 
5838 1406 2283 1354 2573 
5839 1971 2052 2179 2230 
5840 2014 2343 2373 2448 
5841 1521 2096 2292 2457 
5842 2048 2246 2570 2610 
5843 1870 2181 2090 2302 
5844 748 2201 2578 2700 
5845 2095 2567 1821 2670 
5846 1324 830 240 1219 
5847 1935 2169 2188 2437 
5848 2085 2165 1652 2434 
5849 1950 2389 2087 2627 
5850 2034 2187 2338 2421 
5851 539 2076 2191 2615 
5852 1967 2219 2184 2549 
5853 1956 2087 2060 2172 
5854 2001 2219 2073 2348 
5855 1991 2400 2088 2540 
5856 1053 1021 2426 2690 
5857 1420 2200 2173 2444 
5858 68 69 619 2397 
5859 1513 2085 1515 2706 
5860 1023 2074 2261 2695 
5861 2167 2487 1975 2537 
5862 2121 2347 1944 2536 
5863 2033 2184 1942 2220 
5864 1930 2255 2077 2593 
5865 254 1232 1365 862 
5866 285 2287 2048 2570 
5867 2088 2305 2049 2544 
5868 988 2247 2018 2330 
5869 285 2048 286 2246 
5870 1996 2405 2302 2660 
5871 2277 2420 1909 2538 
5872 284 2502 2287 2537 
5873 1376 1782 2115 2297 
5874 620 2337 61 2411 
5875 2038 2251 717 2473 
5876 1039 2103 1005 2293 
5877 1965 2219 2073 2519 
5878 1482 2367 1506 2574 
5879 931 252 2093 2385 
5880 1008 1007 1009 2288 
5881 356 2034 357 2410 
5882 1198 374 378 2469 
5883 1607 1593 2681 2706 
5884 612 641 535 2206 
5885 60 620 2198 2337 
5886 1012 2191 2127 2377 
5887 2141 2452 2054 2562 
5888 1735 1736 2027 2316 
5889 328 2058 1133 2630 
5890 1440 2300 323 2486 
5891 1056 274 988 2330 
5892 113 114 72 2314 
5893 1952 2155 2354 2516 
5894 1720 2113 1719 2452 
5895 1504 1503 1551 2046 
5896 2061 2258 1242 2634 
5897 323 2300 2119 2486 
5898 597 596 653 2149 
5899 1342 1209 1386 248 
5900 1512 2084 2216 2669 
5901 2024 2273 1961 2401 
5902 1926 2493 2298 2686 
5903 1943 2030 2400 2685 
5904 2090 2420 97 2508 
5905 111 112 2079 2492 
5906 962 2196 940 2516 
5907 1717 1374 2141 2704 
5908 912 947 970 2134 
5909 1767 2371 2138 2477 
5910 2428 2659 1999 2686 
5911 2109 2029 2478 2602 
5912 1924 2195 2291 2467 
5913 1313 2045 1359 2687 
5914 117 2319 2049 2403 
5915 1983 2148 2040 2334 
5916 2005 1951 2337 2416 
5917 2059 2303 2001 2384 
5918 2179 2456 2230 2641 
5919 1057 2016 2350 2675 
5920 605 2159 70 2314 
5921 602 2496 2321 2497 
5922 1135 1111 316 2108 
5923 2134 2196 962 2604 
5924 1971 2230 2179 2456 
5925 1222 846 238 1221 
5926 2097 2373 384 2448 
5927 1963 2053 2170 2273 
5928 2075 2227 2162 2582 
5929 250 946 2071 2472 
5930 1969 2077 2485 2610 
5931 2169 2292 1979 2432 
5932 2020 2034 2248 2506 
5933 2068 2240 1945 2280 
5934 1576 2066 2375 2504 
5935 1777 1657 1712 2550 
5936 1943 2159 2157 2270 
5937 1465 1480 1597 2294 
5938 285 286 2048 2594 
5939 1343 2185 249 2338 
5940 2202 2328 2050 2353 
5941 2051 2259 2029 2346 
5942 68 110 69 2397 
5943 1008 2377 1036 2577 
5944 2053 2231 955 2517 
5945 2276 2588 1933 2647 
5946 316 2218 1434 2533 
5947 97 2420 1617 2508 
5948 1735 1736 1738 2432 
5949 698 2161 794 2244 
5950 2248 2352 2171 2506 
5951 1851 2229 1898 2662 
5952 2134 1939 2196 2393 
5953 2136 2344 1962 2373 
5954 2165 2403 1631 2434 
5955 1725 1768 2026 2414 
5956 1783 1610 2138 2371 
5957 2032 2479 807 2694 
5958 383 2097 384 2448 
5959 1967 2249 2219 2458 
5960 790 2028 2228 2370 
5961 1750 2054 1800 2691 
5962 1956 2124 2376 2698 
5963 1324 1221 830 1219 
5964 1133 2058 1127 2630 
5965 71 605 70 2314 
5966 2016 1057 2350 2584 
5967 328 1094 1133 2058 
5968 1971 2340 2035 2617 
5969 1712 1657 1603 2550 
5970 234 2202 2050 2442 
5971 1038 1037 2127 2462 
5972 1575 2146 2547 2560 
5973 1838 2009 2230 2598 
5974 1518 2096 2256 2644 
5975 348 1201 1194 352 
5976 1762 2254 2628 2640 
5977 2177 282 2484 2605 
5978 2016 2556 1057 2584 
5979 1871 2181 1882 2538 
5980 1842 1836 1838 2310 
5981 2014 2343 2097 2373 
5982 1937 2124 2070 2698 
5983 1041 1054 1066 2269 
5984 626 2415 2104 2636 
5985 279 2059 2163 2270 
5986 1598 2547 1492 2560 
5987 2330 2521 2056 2551 
5988 2029 1934 2125 2495 
5989 2025 1987 2365 2650 
5990 1935 2130 2047 2232 
5991 1637 1651 2301 2530 
5992 1941 2300 2223 2342 
5993 2014 2343 2421 2655 
5994 2018 2589 2436 2607 
5995 1955 2112 2176 2617 
5996 2006 1966 2199 2323 
5997 1208 2185 2389 2529 
5998 1991 2046 2400 2540 
5999 1051 1018 2092 2278 
6000 354 2187 2060 2389 
6001 2073 2174 1948 2539 
6002 2217 2257 1986 2398 
6003 1674 2374 1687 2550 
6004 1941 2077 2223 2255 
6005 857 242 241 1321 
6006 1971 2179 2274 2456 
6007 1952 2196 2393 2604 
6008 1932 2245 2030 2400 
6009 568 2018 565 2392 
6010 1190 2345 2324 2448 
6011 592 2076 542 2496 
6012 1841 2306 1848 2481 
6013 2263 2325 1740 2475 
6014 910 2148 2135 2286 
6015 359 360 2351 2524 
6016 557 2282 558 2422 
6017 2009 2310 1946 2543 
6018 1684 804 1697 2285 
6019 2019 2135 1946 2286 
6020 1942 2111 2220 2303 
6021 274 2242 2247 2330 
6022 648 590 532 2369 
6023 1237 1263 236 1339 
6024 628 554 595 2189 
6025 1863 2272 2040 2688 
6026 772 2175 45 2430 
6027 769 760 606 2175 
6028 2240 2406 965 2447 
6029 1693 2500 1991 2540 
6030 2053 2218 2170 2408 
6031 1465 2094 1475 2312 
6032 1295 2276 2283 2573 
6033 2103 2288 1015 2581 
6034 1963 2273 2170 2673 
6035 1029 1024 2044 2320 
6036 1553 2041 1586 2399 
6037 1792 2138 1702 2475 
6038 2328 2451 2010 2463 
6039 1019 2241 1018 2278 
6040 2006 2198 1966 2323 
6041 2048 1969 2246 2610 
6042 2385 2529 251 2651 
6043 1539 1540 1474 2535 
6044 1068 2069 1041 2278 
6045 1965 2194 2219 2699 
6046 2164 1951 2411 2485 
6047 2340 2572 2106 2576 
6048 772 726 45 2175 
6049 2030 2311 2233 2339 
6050 591 2615 2012 2646 
6051 1575 2146 1509 2401 
6052 299 300 2162 2210 
6053 2048 2077 1969 2610 
6054 1229 2153 1225 2204 
6055 73 72 114 2088 
6056 2354 2516 2155 2521 
6057 239 238 846 1221 
6058 1970 2249 2042 2552 
6059 2357 2481 2098 2649 
6060 1105 1118 322 2541 
6061 1054 291 2017 2613 
6062 108 2494 2131 2499 
6063 1929 2252 2031 2467 
6064 1951 2337 2164 2411 
6065 989 995 1059 2032 
6066 2049 2356 2249 2544 
6067 1173 1187 2313 2448 
6068 2092 2278 577 2425 
6069 1060 2278 2175 2430 
6070 1693 1635 1609 2412 
6071 1861 1859 1821 2095 
6072 1061 2177 2103 2600 
6073 712 293 713 2269 
6074 113 2046 114 2314 
6075 249 911 2338 2402 
6076 1576 1569 2066 2504 
6077 1029 2189 1024 2320 
6078 1944 2271 2121 2536 
6079 1508 2304 1522 2574 
6080 2066 1968 2287 2596 
6081 1941 2039 2223 2300 
6082 1982 2242 2247 2454 
6083 1626 2299 2078 2382 
6084 1776 2121 1665 2501 
6085 654 599 598 2186 
6086 1149 352 353 2070 
6087 2035 2306 2176 2349 
6088 1998 2257 2217 2398 
6089 1462 2560 2033 2622 
6090 2280 2445 2081 2514 
6091 2089 2281 1732 2677 
6092 2136 2309 1962 2344 
6093 385 2373 2345 2448 
6094 2126 2154 1950 2402 
6095 1242 2153 2061 2703 
6096 2008 2256 1935 2368 
6097 1942 2233 2139 2685 
6098 2053 1963 2215 2273 
6099 2039 2223 2300 2342 
6100 2022 2250 2151 2631 
6101 1994 2133 2260 2559 
6102 1925 2057 2437 2519 
6103 1203 1782 1700 2115 
6104 1346 2634 2133 2648 
6105 1972 2274 2179 2565 
6106 941 248 911 2126 
6107 2034 2338 2126 2421 
6108 1924 2004 2274 2318 
6109 2279 2519 2298 2561 
6110 806 794 2161 2671 
6111 322 1118 1099 2075 
6112 1277 1284 1344 250 
6113 1037 1013 2127 2241 
6114 1440 1541 2066 2486 
6115 2200 2208 1829 2563 
6116 59 522 58 2580 
6117 1943 2104 2159 2270 
6118 789 2166 725 2265 
6119 1396 1289 1325 2205 
6120 808 709 741 2069 
6121 1284 1343 1344 250 
6122 1933 2045 2229 2576 
6123 504 513 509 2168 
6124 1861 2095 1821 2670 
6125 1946 2310 2117 2543 
6126 2119 2300 2066 2486 
6127 2026 1723 2250 2363 
6128 1757 2221 2028 2388 
6129 1924 2491 2315 2617 
6130 123 2121 1621 2251 
6131 969 2053 955 2517 
6132 2066 2167 1576 2375 
6133 1475 1465 1450 2094 
6134 519 2320 561 2443 
6135 1694 1676 2138 2530 
6136 59 101 2072 2522 
6137 1621 1776 1711 2121 
6138 1976 2144 2113 2515 
6139 2165 2224 1970 2552 
6140 1925 2458 2356 2552 
6141 1956 2376 2124 2431 
6142 2151 2250 1939 2631 
6143 2049 2539 2088 2544 
6144 720 2155 711 2370 
6145 1971 2106 2340 2572 
6146 1482 1522 2042 2574 
6147 1981 2324 2187 2417 
6148 1411 1402 1360 2024 
6149 274 2247 988 2330 
6150 2060 2358 2070 2417 
6151 1586 1553 1540 2041 
6152 1467 1469 1520 2065 
6153 1879 2176 1847 2306 
6154 1781 1714 2251 2473 
6155 1933 2472 2158 2647 
6156 1411 1328 1402 2024 
6157 1798 2388 2028 2473 
6158 2355 2646 2012 2705 
6159 2040 2563 2100 2667 
6160 1999 2659 2298 2686 
6161 1565 1528 2109 2225 
6162 2162 2227 2217 2582 
6163 1667 1603 1687 2102 
6164 2279 2298 1960 2561 
6165 1772 2452 2141 2562 
6166 1056 1046 2589 2695 
6167 1836 1835 1837 2052 
6168 1925 2356 2224 2552 
6169 2013 2129 2078 2689 
6170 597 629 618 2186 
6171 2297 2327 1299 2353 
6172 2117 2181 1868 2302 
6173 2210 1986 2313 2398 
6174 2093 2531 1990 2647 
6175 938 279 278 2303 
6176 2119 2300 1941 2596 
6177 1991 2046 2245 2400 
6178 2020 2209 1941 2366 
6179 374 2395 373 2439 
6180 1053 1021 984 2426 
6181 761 807 2479 2694 
6182 325 2067 2300 2390 
6183 541 2127 2092 2355 
6184 1978 2282 2149 2483 
6185 2011 2347 2121 2536 
6186 281 2002 2435 2600 
6187 1941 2326 2020 2366 
6188 1172 1194 1201 352 
6189 275 2242 274 2428 
6190 1759 2347 1802 2501 
6191 1440 2300 2066 2342 
6192 1986 2352 2034 2410 
6193 548 2419 549 2449 
6194 1952 2028 2221 2354 
6195 1829 1384 1377 2200 
6196 288 287 2083 2237 
6197 2088 2539 1932 2544 
6198 1925 2073 2249 2458 
6199 2184 2220 2033 2549 
6200 1198 1195 374 2469 
6201 820 720 774 2370 
6202 1365 1232 254 1424 
6203 1722 2151 1754 2250 
6204 571 2369 2436 2607 
6205 539 2191 2127 2615 
6206 2074 2261 604 2320 
6207 1939 2289 2145 2686 
6208 1863 1912 1862 2563 
6209 1949 2015 2294 2312 
6210 1289 1324 240 1219 
6211 1208 2389 1356 2529 
6212 723 2244 2234 2625 
6213 1383 1374 1410 2141 
6214 2170 2218 2053 2447 
6215 1761 1799 2228 2480 
6216 2053 2218 1957 2447 
6217 1969 2048 2246 2587 
6218 81 80 122 2271 
6219 50 2511 2441 2697 
6220 2087 2118 2060 2389 
6221 2178 2271 1992 2436 
6222 1998 2227 2469 2666 
6223 2148 2161 926 2244 
6224 2164 2006 2470 2705 
6225 1994 2220 2559 2560 
6226 2027 1979 2335 2432 
6227 1054 991 291 2613 
6228 2011 2536 2501 2545 
6229 1719 1720 1721 2113 
6230 1440 2066 1569 2342 
6231 1744 1734 1745 2130 
6232 582 581 2424 2425 
6233 1851 1865 1898 2229 
6234 1990 2609 2093 2647 
6235 1821 1913 1896 2567 
6236 1998 2280 2514 2524 
6237 2251 2388 1760 2473 
6238 577 2092 576 2278 
6239 569 2646 2355 2705 
6240 2139 2215 1963 2273 
6241 2470 2587 2164 2646 
6242 1938 2114 2101 2331 
6243 1757 1761 1798 2028 
6244 1965 2057 2194 2699 
6245 2167 2287 1968 2537 
6246 2013 2078 2317 2689 
6247 1906 2376 1856 2431 
6248 57 2193 2105 2508 
6249 1528 2109 2225 2418 
6250 1236 1237 1245 2328 
6251 962 2134 940 2196 
6252 1924 2315 2172 2617 
6253 1869 2302 2166 2546 
6254 1493 1558 1435 2133 
6255 2196 2516 2354 2521 
6256 1440 1541 1569 2066 
6257 2040 2272 2563 2667 
6258 1963 2015 2231 2592 
6259 1941 2067 2326 2366 
6260 2060 2031 2490 2627 
6261 254 2173 977 2658 
6262 1349 2010 2327 2619 
6263 1626 2299 2382 2653 
6264 1017 2241 1019 2278 
6265 1478 1522 1513 2216 
6266 2093 2609 2043 2647 
6267 1723 2026 1768 2363 
6268 272 2155 2521 2589 
6269 1490 2214 1499 2312 
6270 740 706 738 2141 
6271 1209 247 358 2352 
6272 1920 1697 804 2285 
6273 1750 1772 1800 2452 
6274 1241 372 2307 2395 
6275 1392 2185 1208 2529 
6276 1959 2563 2272 2667 
6277 2118 2576 1933 2588 
6278 1413 2133 1558 2446 
6279 2129 2317 2078 2689 
6280 326 2386 2140 2390 
6281 1240 2118 353 2687 
6282 2078 2429 2005 2601 
6283 1187 1189 2324 2448 
6284 2087 2389 2060 2627 
6285 2046 2245 1504 2500 
6286 1628 1646 1686 2332 
6287 1749 2096 1710 2575 
6288 989 2296 708 2479 
6289 2030 1943 2339 2685 
6290 507 2211 2168 2511 
6291 938 2163 279 2303 
6292 1914 1870 1871 2090 
6293 1436 2015 1597 2533 
6294 1340 1299 1412 2327 
6295 1944 2011 2360 2536 
6296 1966 2199 2323 2626 
6297 1041 2069 1069 2278 
6298 2412 2500 1590 2669 
6299 1948 2149 2186 2319 
6300 1618 2329 1537 2450 
6301 2158 2472 2043 2647 
6302 73 533 72 2088 
6303 2044 2282 558 2505 
6304 1525 2225 2025 2418 
6305 1859 1913 1821 2567 
6306 1839 2230 2481 2598 
6307 2171 2445 913 2524 
6308 1652 2165 2085 2681 
6309 1968 2156 2132 2502 
6310 106 2331 65 2525 
6311 2024 1961 2341 2401 
6312 1253 2202 1298 2353 
6313 116 2049 75 2483 
6314 759 2200 1822 2272 
6315 2156 2406 2132 2502 
6316 968 2043 2243 2286 
6317 1247 1237 1263 2328 
6318 2005 2429 2213 2601 
6319 252 1279 251 1278 
6320 1848 2021 2357 2481 
6321 1722 2151 2113 2691 
6322 1969 2164 2587 2646 
6323 1037 1031 1038 2127 
6324 740 2562 2091 2700 
6325 1763 1786 1762 2640 
6326 301 2162 2217 2582 
6327 1312 2208 2200 2444 
6328 2018 2436 2369 2607 
6329 2237 2461 2083 2593 
6330 296 1583 385 2136 
6331 542 2076 539 2615 
6332 2062 2411 1951 2485 
6333 2188 2335 1979 2367 
6334 1924 2340 2274 2617 
6335 1027 1024 2189 2320 
6336 1510 1456 1454 2267 
6337 1945 2465 2075 2514 
6338 275 274 948 2428 
6339 519 615 561 2320 
6340 1732 2281 2089 2553 
6341 2163 2215 952 2517 
6342 381 2210 382 2398 
6343 1941 2020 2147 2209 
6344 920 2110 2359 2510 
6345 588 581 2069 2424 
6346 1543 2300 2039 2390 
6347 1941 2066 2300 2342 
6348 1019 1017 1018 2241 
6349 1039 1015 1005 2103 
6350 1937 2095 2058 2567 
6351 625 2479 2032 2694 
6352 1296 253 252 1280 
6353 1523 1579 2024 2341 
6354 1909 2277 1908 2420 
6355 1924 2291 2195 2318 
6356 1402 2024 1328 2205 
6357 1208 2185 355 2389 
6358 2280 2351 2068 2682 
6359 1311 234 233 2202 
6360 2360 2521 2082 2551 
6361 1775 1373 1705 2144 
6362 2088 2483 73 2636 
6363 2012 2355 591 2646 
6364 1056 2018 988 2695 
6365 1389 2446 2547 2648 
6366 965 2406 923 2423 
6367 2064 2477 2371 2545 
6368 1925 2249 2073 2356 
6369 1839 2481 1844 2598 
6370 614 639 63 2460 
6371 544 2321 602 2496 
6372 1908 2277 1611 2420 
6373 1805 1704 1432 2292 
6374 2061 2453 2133 2559 
6375 1295 1406 1354 2573 
6376 1052 2037 1055 2484 
6377 2141 2452 1772 2704 
6378 1041 1040 1069 2069 
6379 1973 2386 2051 2478 
6380 2005 2062 2362 2429 
6381 2041 1934 2129 2495 
6382 1943 2311 2030 2339 
6383 1506 1481 1552 2367 
6384 1944 2011 2347 2360 
6385 2039 2255 2067 2300 
6386 2045 1933 2276 2576 
6387 1848 2357 1877 2481 
6388 1065 2587 2470 2595 
6389 1693 2412 1991 2500 
6390 2282 2483 1978 2636 
6391 1941 2067 2255 2300 
6392 1094 329 1133 2058 
6393 2070 2358 2060 2490 
6394 1778 746 1707 2228 
6395 2088 2540 2305 2544 
6396 2116 1636 2374 2608 
6397 1433 1503 2046 2492 
6398 694 790 750 2473 
6399 626 559 557 2636 
6400 1980 2406 2240 2447 
6401 1880 1868 1842 2181 
6402 806 745 794 2671 
6403 1513 1522 2085 2216 
6404 279 2016 1057 2675 
6405 1943 2094 2311 2339 
6406 1328 2024 1411 2439 
6407 1935 2130 2096 2169 
6408 1972 2158 2019 2179 
6409 745 2671 806 2688 
6410 707 504 508 2211 
6411 1838 1836 1837 2230 
6412 1604 1657 2116 2530 
6413 1725 2026 2281 2414 
6414 2089 2281 2143 2561 
6415 2103 2177 2037 2419 
6416 2022 2295 1931 2360 
6417 2009 2117 2310 2543 
6418 374 1195 1155 2684 
6419 2090 2302 1996 2405 
6420 1949 2226 2159 2397 
6421 2107 2220 1994 2560 
6422 1680 1649 1641 2492 
6423 1482 2042 1468 2367 
6424 983 2044 2350 2584 
6425 1445 2492 1663 2526 
6426 2015 2264 1949 2294 
6427 1469 2065 1467 2679 
6428 1958 2366 2291 2467 
6429 2066 2342 2223 2532 
6430 1819 1886 2041 2399 
6431 279 1057 2016 2556 
6432 347 2070 1194 2568 
6433 724 2166 753 2234 
6434 2069 2175 1069 2278 
6435 290 2459 2019 2566 
6436 955 2231 2053 2447 
6437 1576 2167 2066 2486 
6438 1599 1593 2085 2681 
6439 1241 242 1321 2307 
6440 2025 2160 1964 2558 
6441 1507 1555 1559 2123 
6442 1748 2440 2130 2575 
6443 1560 2500 2245 2669 
6444 1964 2025 2225 2391 
6445 1932 2528 2059 2539 
6446 241 1396 1289 1321 
6447 234 1247 235 2328 
6448 1949 2214 2055 2226 
6449 2033 1928 2260 2549 
6450 1956 2172 2035 2340 
6451 771 2269 732 2466 
6452 1190 2324 2345 2417 
6453 1946 2135 2019 2543 
6454 103 682 104 2365 
6455 2043 2609 2243 2667 
6456 232 695 734 2091 
6457 1612 2064 119 2301 
6458 2031 2438 2343 2490 
6459 1848 1847 1850 2176 
6460 54 96 55 2268 
6461 1805 1432 1556 2292 
6462 1860 1907 1827 2128 
6463 236 2451 2328 2463 
6464 70 2079 112 2314 
6465 568 565 2018 2618 
6466 1682 1621 123 2121 
6467 1250 2061 1242 2634 
6468 2062 2337 2005 2362 
6469 2106 2229 2045 2576 
6470 2125 2190 1987 2332 
6471 2101 2114 1938 2532 
6472 1012 1037 1013 2127 
6473 1781 778 1714 2473 
6474 101 2337 2072 2522 
6475 1543 1566 2039 2342 
6476 1951 2099 2083 2361 
6477 2246 2460 2003 2570 
6478 374 373 1387 2439 
6479 249 911 248 2338 
6480 1934 2213 2429 2601 
6481 1523 2024 2408 2439 
6482 1930 2160 2391 2485 
6483 108 1501 2494 2499 
6484 1023 2261 1026 2695 
6485 818 692 54 781 
6486 691 82 780 817 
6487 2091 2141 2054 2562 
6488 711 731 2178 2509 
6489 2077 2461 2237 2593 
6490 31 242 372 243 
6491 1411 2024 1360 2439 
6492 357 2034 356 2338 
6493 1932 2059 2384 2539 
6494 1694 1604 1676 2530 
6495 1749 1745 2096 2575 
6496 651 2271 623 2621 
6497 1611 2277 1690 2420 
6498 1736 1740 2263 2325 
6499 1976 2363 2115 2404 
6500 738 734 2091 2383 
6501 1965 2219 2194 2603 
6502 1732 1727 2281 2553 
6503 2059 2339 1943 2685 
6504 1819 2041 1886 2702 
6505 1936 2135 2117 2543 
6506 2098 2357 2021 2481 
6507 2068 2280 1998 2351 
6508 933 2163 952 2517 
6509 1344 250 1343 2529 
6510 2171 2248 1986 2352 
6511 752 2166 693 2660 
6512 1906 1855 1875 2431 
6513 2049 2319 75 2483 
6514 346 2128 347 2568 
6515 361 243 31 2682 
6516 569 543 2615 2646 
6517 1735 2316 2027 2432 
6518 1360 1402 1235 2341 
6519 1356 1392 1208 2529 
6520 2003 2496 2379 2497 
6521 934 250 946 2071 
6522 1978 2016 2282 2636 
6523 562 2044 595 2422 
6524 2081 2156 1945 2465 
6525 2116 2263 1740 2475 
6526 340 2058 329 2542 
6527 233 1351 1311 2202 
6528 1961 2205 2024 2341 
6529 1376 2115 1412 2297 
6530 1127 2058 2309 2630 
6531 920 2110 953 2359 
6532 2062 2391 2160 2485 
6533 2210 2217 1986 2398 
6534 1055 2177 282 2484 
6535 1989 2359 2110 2510 
6536 341 1131 1112 2503 
6537 1781 2251 1760 2473 
6538 1941 2255 2039 2300 
6539 1054 2017 291 2498 
6540 1982 2247 2186 2454 
6541 1518 2096 1521 2256 
6542 249 250 2185 2529 
6543 1586 2041 1540 2652 
6544 114 2046 1649 2540 
6545 1681 2090 97 2405 
6546 372 1241 242 1321 
6547 2019 2641 2236 2680 
6548 569 2615 591 2646 
6549 110 2214 1444 2526 
6550 2235 2431 1875 2662 
6551 2008 2284 2222 2368 
6552 1871 1882 1909 2538 
6553 1982 2247 2242 2330 
6554 2104 2159 2270 2415 
6555 1690 2420 2277 2606 
6556 2248 2326 1997 2548 
6557 2107 2139 1472 2401 
6558 2139 2273 1963 2673 
6559 1518 1557 2096 2644 
6560 617 2105 57 2193 
6561 2051 2438 2058 2630 
6562 2138 2371 2064 2477 
6563 54 652 818 2268 
6564 1936 2105 2206 2372 
6565 569 2355 586 2705 
6566 288 2083 287 2461 
6567 1445 2079 1490 2492 
6568 969 932 955 2053 
6569 568 2018 567 2618 
6570 2177 2435 282 2605 
6571 2007 2149 1978 2282 
6572 606 760 525 2069 
6573 2012 2587 2470 2646 
6574 328 329 1094 2058 
6575 2187 2421 2031 2627 
6576 2052 2229 1933 2336 
6577 1940 2445 2171 2514 
6578 949 2287 2147 2594 
6579 1597 2294 1480 2672 
6580 696 2173 2557 2658 
6581 1133 1137 1112 329 
6582 1045 2122 1014 2296 
6583 1958 2154 2126 2461 
6584 1052 990 2037 2484 
6585 1841 1847 1848 2306 
6586 1927 2433 2213 2456 
6587 1362 734 783 2383 
6588 76 2150 618 2319 
6589 117 118 2403 2701 
6590 2061 2559 2133 2648 
6591 1972 2019 2158 2459 
6592 1980 2218 2170 2447 
6593 2249 2381 2042 2458 
6594 1461 2197 1463 2679 
6595 2147 2287 949 2502 
6596 1938 2287 2167 2537 
6597 1707 1781 1798 2473 
6598 1979 2123 2367 2574 
6599 1360 1235 1523 2341 
6600 1033 2168 980 2211 
6601 325 2300 1543 2390 
6602 1850 2129 2176 2702 
6603 698 926 2161 2244 
6604 1367 1420 1256 2173 
6605 1941 2255 2067 2366 
6606 1984 2206 2105 2372 
6607 1970 2042 2216 2552 
6608 1956 2118 2087 2576 
6609 2071 2185 1950 2402 
6610 386 385 1399 2136 
6611 325 2300 2067 2590 
6612 2065 2188 1979 2367 
6613 2001 2303 2110 2674 
6614 2014 2343 2187 2421 
6615 716 124 717 691 
6616 2045 2276 1359 2687 
6617 1633 2165 2374 2608 
6618 1463 1461 1462 2197 
6619 1250 1242 2061 2703 
6620 298 2097 2210 2396 
6621 1708 1780 1443 2123 
6622 1990 2531 2093 2573 
6623 325 326 2140 2390 
6624 711 2370 2155 2623 
6625 2249 2458 2042 2552 
6626 1935 2130 2232 2368 
6627 316 1086 1135 1090 
6628 2040 2148 1983 2244 
6629 2082 2369 624 2427 
6630 2356 2458 2249 2552 
6631 533 2104 2088 2636 
6632 1794 1744 1748 2290 
6633 1619 1442 1570 2681 
6634 1945 2081 2465 2514 
6635 383 1173 2313 2448 
6636 1987 2365 2062 2391 
6637 2089 1960 2281 2561 
6638 696 2557 2161 2658 
6639 571 568 2369 2607 
6640 1925 2249 2356 2458 
6641 2040 2161 2148 2244 
6642 1870 1915 1872 2302 
6643 2015 2170 1963 2231 
6644 1931 2143 2022 2631 
6645 2060 2187 1981 2490 
6646 589 2103 550 2288 
6647 2056 2330 273 2521 
6648 2118 2389 2087 2588 
6649 2085 2165 1947 2374 
6650 1946 2286 2148 2667 
6651 386 1583 295 2136 
6652 2148 2286 2243 2667 
6653 1866 1849 2310 2334 
6654 2060 2118 1956 2358 
6655 623 651 648 2271 
6656 243 244 929 2240 
6657 2150 2186 1982 2427 
6658 359 2351 2257 2524 
6659 1560 1590 2500 2669 
6660 2014 2324 1981 2448 
6661 2164 2237 1951 2485 
6662 752 753 693 2166 
6663 1031 2076 1020 2595 
6664 2046 2500 1649 2540 
6665 1056 2330 2018 2589 
6666 2277 2649 2299 2653 
6667 98 1617 2420 2508 
6668 1761 2028 1757 2221 
6669 64 65 2101 2525 
6670 981 285 2246 2455 
6671 2221 2347 1756 2633 
6672 1280 253 252 2651 
6673 1946 2117 2135 2543 
6674 2082 2360 1944 2521 
6675 529 2101 65 2331 
6676 557 559 558 2282 
6677 967 2081 945 2445 
6678 2269 2466 771 2639 
6679 2345 2373 1981 2448 
6680 1041 1066 993 2269 
6681 1707 2028 1761 2228 
6682 1598 1492 1491 2560 
6683 2008 2368 2222 2654 
6684 2039 2225 2109 2391 
6685 2242 2330 2056 2551 
6686 1973 2067 2255 2467 
6687 360 245 854 2682 
6688 1970 2356 2249 2552 
6689 1949 2157 2435 2592 
6690 2185 2338 1950 2402 
6691 1704 1805 1749 2292 
6692 1665 2121 1682 2501 
6693 1975 2294 2264 2672 
6694 1952 2516 2196 2604 
6695 1156 374 1159 1198 
6696 2074 2392 2247 2474 
6697 983 2044 1072 2474 
6698 565 2392 2018 2618 
6699 340 2058 2542 2567 
6700 1558 2133 1493 2446 
6701 1958 2255 2209 2366 
6702 2015 1436 2468 2533 
6703 1991 2245 2084 2544 
6704 2033 2220 2107 2560 
6705 1551 1473 1458 2311 
6706 743 980 728 2168 
6707 288 2361 289 2462 
6708 2201 2228 1952 2370 
6709 1960 2143 2026 2281 
6710 253 1296 1353 1280 
6711 1776 1803 1711 2121 
6712 582 2424 2017 2425 
6713 2039 2391 2109 2602 
6714 2049 2356 1970 2403 
6715 2033 2260 2197 2549 
6716 762 979 925 2091 
6717 535 57 2105 2508 
6718 707 743 2168 2211 
6719 1974 2232 2183 2368 
6720 2007 2282 1978 2350 
6721 301 2217 2227 2582 
6722 2193 2433 2236 2597 
6723 2386 2438 1962 2491 
6724 2020 2171 1940 2445 
6725 381 300 2210 2217 
6726 2066 1941 2300 2596 
6727 1961 2401 2273 2571 
6728 2109 2478 2039 2602 
6729 246 1381 359 829 
6730 1987 2062 2266 2429 
6731 1909 1883 2277 2538 
6732 647 627 2122 2261 
6733 630 653 2149 2483 
6734 2007 2174 2149 2454 
6735 1970 2224 2356 2552 
6736 1984 2498 2269 2625 
6737 560 558 2282 2505 
6738 233 1311 1351 1428 
6739 1929 2248 2034 2655 
6740 1713 1483 1780 2102 
6741 967 945 913 2445 
6742 1629 1628 1686 2365 
6743 2049 2305 116 2403 
6744 273 2521 2330 2589 
6745 2067 2548 2140 2599 
6746 2018 2369 568 2607 
6747 2019 2520 1946 2543 
6748 1988 2207 2440 2489 
6749 124 716 717 2251 
6750 1571 2024 1579 2273 
6751 1968 2147 2081 2502 
6752 1929 2326 2248 2548 
6753 379 2469 2227 2666 
6754 2072 1951 2198 2680 
6755 1393 2118 1356 2389 
6756 1854 1850 1886 2129 
6757 2083 2154 1958 2461 
6758 58 2193 99 2253 
6759 1929 2248 2326 2366 
6760 723 713 293 2625 
6761 1029 2189 2044 2584 
6762 1062 1025 2074 2474 
6763 2034 2421 1929 2655 
6764 2054 2578 2201 2700 
6765 1934 2029 2152 2495 
6766 2034 2352 357 2410 
6767 694 749 1781 2473 
6768 2081 2406 2156 2502 
6769 2066 2287 1938 2532 
6770 1851 2106 2229 2662 
6771 2020 2326 2248 2366 
6772 1929 2421 2343 2655 
6773 2015 2231 2423 2533 
6774 1051 2092 1070 2462 
6775 508 785 707 2211 
6776 1980 2423 2231 2533 
6777 321 2108 320 2156 
6778 1951 2062 2337 2411 
6779 2214 2226 1949 2397 
6780 2195 2259 1973 2491 
6781 2190 2332 2125 2450 
6782 1877 2098 2481 2649 
6783 569 543 591 2615 
6784 235 234 1264 1247 
6785 1927 2213 2416 2565 
6786 1325 2205 2180 2513 
6787 2161 2244 2040 2671 
6788 1961 2273 2215 2571 
6789 945 2081 967 2406 
6790 1952 2370 2155 2516 
6791 723 2234 713 2625 
6792 599 654 523 2427 
6793 2177 2419 2103 2449 
6794 1492 2547 2446 2560 
6795 1052 2037 990 2455 
6796 2027 1954 2279 2325 
6797 1621 1665 1776 2121 
6798 706 2141 740 2583 
6799 2022 2347 2221 2633 
6800 612 572 2268 2466 
6801 604 627 2261 2618 
6802 1817 1377 1212 2208 
6803 320 1132 1135 2108 
6804 776 759 1822 2272 
6805 739 740 2091 2700 
6806 963 2126 2461 2661 
6807 733 254 1232 2173 
6808 2233 2339 1963 2685 
6809 978 271 2370 2516 
6810 952 938 939 2303 
6811 2084 2249 2216 2544 
6812 1973 2252 2067 2467 
6813 2252 2386 1962 2491 
6814 355 1208 1391 2185 
6815 1109 2140 326 2380 
6816 1664 1647 1625 2190 
6817 924 2161 2243 2658 
6818 1521 2096 1556 2292 
6819 1030 1039 1028 2063 
6820 64 2101 63 2525 
6821 2065 2142 1967 2197 
6822 1953 2091 2054 2604 
6823 2471 2496 2076 2643 
6824 2039 2478 2390 2602 
6825 322 2486 2465 2487 
6826 2105 2238 1966 2626 
6827 1284 840 853 249 
6828 1897 1822 759 2200 
6829 316 2218 2533 2555 
6830 322 2075 2465 2541 
6831 315 1452 2408 2642 
6832 2080 2192 1999 2242 
6833 1818 1907 1860 2124 
6834 2056 2521 2360 2551 
6835 1736 2316 1729 2553 
6836 2026 2143 1939 2250 
6837 353 1240 1393 2118 
6838 2019 2286 1946 2520 
6839 2203 2378 1945 2554 
6840 2105 2193 1936 2508 
6841 952 939 2111 2303 
6842 752 753 2166 2660 
6843 2205 2341 1961 2513 
6844 1781 1804 1760 2251 
6845 1513 1522 1515 2085 
6846 1586 2399 2041 2652 
6847 1888 2090 1914 2420 
6848 2116 2374 1674 2550 
6849 2010 2050 2328 2353 
6850 242 31 372 1321 
6851 534 2055 2226 2591 
6852 647 536 627 2261 
6853 2081 2156 1968 2502 
6854 1986 2217 2210 2248 
6855 2007 2247 2392 2474 
6856 552 548 549 2449 
6857 2273 2401 2139 2571 
6858 598 568 565 2392 
6859 1977 2357 2098 2649 
6860 2382 2601 2005 2678 
6861 1290 2290 2183 2569 
6862 2077 2223 1930 2485 
6863 1797 2371 2011 2501 
6864 2426 2430 46 2690 
6865 1600 672 117 2701 
6866 64 106 65 2525 
6867 1187 1189 1184 2324 
6868 2221 2347 2022 2360 
6869 995 2032 742 2509 
6870 2062 2365 2160 2391 
6871 1109 326 1114 2380 
6872 1958 2126 2154 2291 
6873 538 2127 2191 2377 
6874 1970 2216 2249 2544 
6875 1944 2221 2028 2354 
6876 695 232 979 2091 
6877 1944 2347 2221 2360 
6878 2511 2581 1002 2692 
6879 1328 2205 2024 2307 
6880 1979 2432 2292 2512 
6881 2072 2193 2253 2433 
6882 2078 2005 2382 2601 
6883 738 783 734 2383 
6884 1972 2158 2071 2676 
6885 1987 2190 2125 2429 
6886 1707 694 1781 2473 
6887 1957 2218 2053 2408 
6888 1242 1225 1229 2153 
6889 1543 2039 2300 2342 
6890 1967 2197 2033 2308 
6891 1486 2341 2146 2401 
6892 2114 1546 2624 2657 
6893 1504 2245 1560 2500 
6894 1484 2273 1579 2401 
6895 1528 1565 2109 2418 
6896 620 521 2164 2411 
6897 1576 2066 1541 2486 
6898 1866 2310 1849 2683 
6899 1434 2218 2170 2533 
6900 1647 2329 1618 2450 
6901 1924 2031 2172 2491 
6902 2023 2165 1970 2403 
6903 1687 2102 2374 2681 
6904 930 2020 2506 2661 
6905 54 781 692 2268 
6906 794 2244 2161 2671 
6907 1525 2025 2225 2624 
6908 1932 2400 2059 2528 
6909 1068 1041 1069 2278 
6910 2110 1985 2510 2632 
6911 1325 2180 1326 2513 
6912 2460 2497 2003 2570 
6913 2015 1963 2170 2468 
6914 2130 2440 1988 2575 
6915 681 117 116 2403 
6916 97 2090 2206 2405 
6917 103 2365 2160 2411 
6918 2009 2230 2098 2456 
6919 1633 2374 1636 2608 
6920 1576 1569 1541 2066 
6921 1289 857 241 1321 
6922 552 642 2103 2449 
6923 2119 2486 2066 2596 
6924 354 2060 353 2389 
6925 2105 2372 2238 2498 
6926 2109 2029 2152 2638 
6927 2027 1960 2316 2553 
6928 271 2155 720 2370 
6929 1978 2282 2016 2350 
6930 2105 1984 2372 2498 
6931 1110 1133 1127 2630 
6932 1769 2089 1766 2325 
6933 1944 2221 2022 2360 
6934 1312 2200 1420 2444 
6935 1528 2225 1525 2418 
6936 354 355 2187 2389 
6937 2114 2624 2212 2657 
6938 956 963 911 2402 
6939 541 576 2092 2241 
6940 1935 2188 2169 2457 
6941 2021 2176 2112 2306 
6942 2082 2545 2360 2551 
6943 1438 2346 2029 2535 
6944 2142 2219 2194 2699 
6945 545 2037 548 2643 
6946 1979 2169 2188 2457 
6947 945 2280 2081 2406 
6948 1266 2183 1306 2284 
6949 1936 2238 2105 2372 
6950 2008 2260 2133 2453 
6951 1517 1516 1493 2654 
6952 2010 2328 2327 2353 
6953 301 2162 300 2217 
6954 1187 2313 2014 2410 
6955 118 2150 76 2319 
6956 2079 2159 1943 2314 
6957 2041 2129 2013 2689 
6958 2293 2441 50 2581 
6959 2139 2273 1472 2401 
6960 1981 2187 2014 2343 
6961 2014 2187 1981 2324 
6962 55 641 572 2268 
6963 1389 2547 1302 2648 
6964 1072 2044 1024 2474 
6965 297 2344 2097 2396 
6966 2033 1942 2267 2622 
6967 2036 2276 1288 2531 
6968 2222 2368 1988 2654 
6969 2145 2428 1999 2686 
6970 1418 2222 2133 2284 
6971 2021 1977 2213 2601 
6972 2196 2134 2393 2604 
6973 1868 2181 1870 2302 
6974 55 2206 641 2268 
6975 292 2148 974 2625 
6976 729 2394 53 2507 
6977 1160 2313 1186 2398 
6978 281 1067 2556 2600 
6979 2172 2438 2315 2491 
6980 283 284 2182 2537 
6981 1632 2165 2608 2701 
6982 1633 1632 2165 2608 
6983 2075 2108 1945 2378 
6984 2489 2644 1519 2654 
6985 2041 2129 2176 2495 
6986 2085 2216 2042 2552 
6987 291 2017 2238 2498 
6988 2047 2316 2169 2437 
6989 1929 2067 2252 2366 
6990 1652 2165 1631 2434 
6991 1947 2263 2123 2550 
6992 2085 2434 1685 2706 
6993 1417 1299 1297 2353 
6994 1505 2233 2094 2468 
6995 1740 1791 2116 2475 
6996 2086 2428 2145 2686 
6997 2446 2547 1994 2560 
6998 2137 2182 2003 2570 
6999 712 713 732 2269 
7000 2086 2359 961 2428 
7001 2036 2389 2118 2588 
7002 1956 2235 2124 2358 
7003 1994 2260 2133 2446 
7004 1336 2407 2180 2409 
7005 1939 2151 2113 2250 
7006 2027 1960 2279 2437 
7007 2236 2641 1927 2680 
7008 1995 2482 2591 2665 
7009 2040 2244 1983 2671 
7010 1052 2037 2455 2471 
7011 1940 2171 2020 2248 
7012 1629 2365 2025 2558 
7013 372 243 242 2395 
7014 1994 2220 2107 2534 
7015 1734 1770 1745 2169 
7016 1914 2090 1888 2405 
7017 2231 2517 1963 2592 
7018 1958 2209 2077 2461 
7019 981 2455 2246 2595 
7020 2076 2246 2003 2455 
7021 1906 1856 1855 2431 
7022 1980 2239 2423 2533 
7023 1211 1705 2144 2704 
7024 1935 2142 2057 2188 
7025 528 75 2319 2483 
7026 1988 2183 2130 2368 
7027 1896 2128 342 2567 
7028 1492 1493 1477 2260 
7029 2015 1949 2264 2592 
7030 2043 2243 2093 2385 
7031 930 2020 2445 2506 
7032 2067 2252 2366 2467 
7033 2193 1993 2433 2597 
7034 1952 2054 2201 2604 
7035 532 2271 2082 2536 
7036 558 2282 2044 2422 
7037 1518 1557 1521 2096 
7038 510 714 2211 2394 
7039 749 778 1781 2473 
7040 963 2126 911 2402 
7041 1340 1412 2115 2327 
7042 1004 2189 1028 2293 
7043 2064 2138 1954 2301 
7044 1731 2047 1733 2414 
7045 1015 1061 1052 2103 
7046 1288 1355 1356 2036 
7047 2004 2416 2213 2565 
7048 1647 1692 1618 2329 
7049 2168 2511 1033 2692 
7050 2089 2279 1954 2325 
7051 2168 1033 2577 2692 
7052 1042 787 989 2296 
7053 2223 2255 1930 2602 
7054 2055 2294 1975 2413 
7055 2209 2255 1941 2366 
7056 1460 2033 2308 2622 
7057 1710 2207 2575 2644 
7058 956 2402 971 2676 
7059 720 978 271 2370 
7060 1733 1731 1734 2047 
7061 2103 2037 2471 2643 
7062 1374 1410 2141 2704 
7063 1950 2421 2187 2627 
7064 292 293 2269 2625 
7065 1512 2084 1511 2381 
7066 1460 2308 2267 2622 
7067 945 967 959 2406 
7068 1621 1682 1665 2121 
7069 1962 2140 2097 2344 
7070 321 2156 320 2239 
7071 1626 2382 1627 2653 
7072 1328 2307 2024 2439 
7073 1637 1651 1612 2301 
7074 2051 2438 2386 2491 
7075 1931 2022 2360 2631 
7076 1992 2509 2436 2589 
7077 2038 2028 2388 2473 
7078 1970 2305 2216 2544 
7079 1026 1014 1045 2122 
7080 1846 2349 2035 2376 
7081 300 2162 301 2582 
7082 1417 1297 2144 2353 
7083 2267 2308 2033 2622 
7084 1994 2559 2260 2560 
7085 2216 2305 1991 2544 
7086 1453 2273 2139 2673 
7087 1992 2082 2271 2521 
7088 243 2395 2240 2612 
7089 1848 2129 1852 2357 
7090 808 2069 2269 2639 
7091 57 617 535 2105 
7092 96 664 97 2405 
7093 1952 2393 2054 2604 
7094 1279 252 251 2651 
7095 2009 2456 2098 2641 
7096 1828 1384 1829 2200 
7097 1954 2023 2224 2322 
7098 567 2018 2607 2618 
7099 1928 2194 2603 2616 
7100 988 2018 2247 2695 
7101 2162 2541 2075 2582 
7102 113 1641 1649 2492 
7103 1909 1883 1908 2277 
7104 762 925 2201 2700 
7105 728 2168 1049 2426 
7106 2192 2242 2080 2476 
7107 1797 1759 1802 2501 
7108 2005 2337 2072 2416 
7109 809 1414 1923 2200 
7110 558 562 2044 2505 
7111 31 243 372 2682 
7112 2136 2058 2309 2503 
7113 570 2175 580 2430 
7114 2047 2232 2130 2628 
7115 116 74 115 2305 
7116 762 2091 925 2700 
7117 2407 2547 1994 2648 
7118 2061 2133 2453 2634 
7119 1930 2195 2255 2593 
7120 340 2567 2542 2670 
7121 983 2350 2044 2474 
7122 292 2269 2498 2625 
7123 1925 2519 2073 2699 
7124 1646 2190 1647 2450 
7125 1734 2130 1744 2628 
7126 568 567 2018 2607 
7127 969 2053 2517 2523 
7128 532 2082 79 2536 
7129 2415 2656 2002 2663 
7130 62 2160 639 2411 
7131 1326 1325 1324 2180 
7132 1989 2603 2359 2659 
7133 2065 2142 1935 2188 
7134 521 2164 2411 2646 
7135 2262 2503 2464 2567 
7136 1550 2535 2029 2638 
7137 2030 2267 2184 2685 
7138 2003 2246 2076 2321 
7139 1439 1543 2039 2390 
7140 274 2242 275 2247 
7141 1950 2154 2291 2586 
7142 1835 2052 1836 2683 
7143 278 2303 2059 2384 
7144 1943 2314 2311 2664 
7145 1930 2255 2195 2602 
7146 1373 2144 1775 2297 
7147 1950 2060 2187 2389 
7148 321 1132 1098 2108 
7149 1550 2029 1438 2638 
7150 1051 1070 986 2462 
7151 2117 2302 1867 2546 
7152 1744 1748 2130 2575 
7153 541 2127 538 2241 
7154 1941 2326 2067 2590 
7155 1378 1400 1306 2440 
7156 2216 2305 1970 2434 
7157 960 2161 2148 2243 
7158 2073 2519 2219 2699 
7159 781 54 818 2268 
7160 1940 2075 2162 2541 
7161 591 2355 2012 2615 
7162 1290 1407 2290 2569 
7163 1050 1062 2074 2695 
7164 1867 2117 1868 2302 
7165 1941 2119 2326 2590 
7166 1664 1625 1626 2078 
7167 932 2053 969 2523 
7168 2248 2548 1997 2655 
7169 2060 353 2358 2417 
7170 1241 1321 1396 2307 
7171 2197 2308 1967 2679 
7172 2180 2407 1336 2513 
7173 1941 2067 2300 2590 
7174 1989 2194 2603 2659 
7175 761 703 807 2694 
7176 1400 2440 2207 2489 
7177 1346 1250 2634 2648 
7178 1941 2300 2119 2590 
7179 1991 2305 2216 2434 
7180 1174 2257 359 2351 
7181 726 772 786 2175 
7182 73 2088 115 2483 
7183 1945 2280 2240 2406 
7184 569 591 2355 2646 
7185 1566 2225 2039 2342 
7186 1962 2252 2031 2343 
7187 1993 2181 2090 2420 
7188 2007 2392 564 2505 
7189 1925 2437 2057 2699 
7190 954 970 947 2145 
7191 1500 1503 2492 2664 
7192 2163 1963 2339 2685 
7193 2488 2534 2111 2632 
7194 1948 2080 2322 2476 
7195 300 299 2162 2620 
7196 2180 2534 2488 2632 
7197 1740 2116 1793 2263 
7198 1962 2252 2140 2386 
7199 2050 2289 2145 2515 
7200 1438 2029 1550 2535 
7201 1967 2381 2249 2458 
7202 2194 2232 2057 2659 
7203 1973 2255 2067 2390 
7204 2069 2017 2425 2613 
7205 1971 2021 2306 2456 
7206 2436 2589 2032 2607 
7207 1549 1533 1531 2125 
7208 2041 2535 1540 2652 
7209 1930 2391 2062 2485 
7210 1925 2188 2437 2699 
7211 1976 2327 2297 2353 
7212 2098 1844 2481 2598 
7213 1394 2276 2118 2687 
7214 751 815 2621 2623 
7215 2055 2591 2482 2665 
7216 934 2071 971 2402 
7217 1910 1873 1869 2166 
7218 298 2097 383 2210 
7219 2011 2371 2477 2545 
7220 1010 1036 1008 2377 
7221 320 2156 2108 2555 
7222 1838 2230 1839 2598 
7223 588 2424 2069 2639 
7224 288 2237 2083 2361 
7225 1377 1384 1312 2200 
7226 103 2365 2411 2635 
7227 1949 2159 2079 2397 
7228 1994 2133 2559 2648 
7229 2097 2140 1962 2548 
7230 1926 2057 2232 2659 
7231 739 740 738 2091 
7232 1393 1394 1356 2118 
7233 1809 1689 1594 2102 
7234 2016 1978 2350 2675 
7235 985 773 2296 2507 
7236 247 2034 248 2506 
7237 545 547 548 2037 
7238 1461 1464 2308 2679 
7239 2059 2528 2384 2539 
7240 1947 2085 2374 2681 
7241 528 2319 2149 2483 
7242 2041 2013 2399 2689 
7243 1924 2172 2087 2340 
7244 1472 2139 1453 2273 
7245 1934 2429 2078 2601 
7246 1000 2443 2441 2697 
7247 2089 1732 2295 2677 
7248 1997 2210 2097 2396 
7249 2117 2181 1936 2543 
7250 1944 2271 2082 2521 
7251 2071 971 2402 2676 
7252 1127 2309 1110 2630 
7253 1629 2025 2365 2650 
7254 1832 2100 2563 2579 
7255 1515 2085 1593 2706 
7256 2009 2181 2117 2543 
7257 1186 2313 1183 2398 
7258 1263 1237 235 2328 
7259 1906 2124 1856 2376 
7260 2077 287 2237 2461 
7261 1915 2090 1914 2405 
7262 2101 1938 2331 2497 
7263 1987 2152 2109 2391 
7264 1462 1516 2197 2260 
7265 1963 2170 2053 2231 
7266 722 813 774 2370 
7267 244 245 2280 2682 
7268 556 2656 2415 2663 
7269 2083 2004 2362 2593 
7270 910 2135 291 2286 
7271 1970 2165 2085 2434 
7272 2252 1962 2438 2491 
7273 2025 1525 2614 2624 
7274 568 567 565 2618 
7275 1464 2381 2308 2679 
7276 1626 1664 2078 2317 
7277 1482 1508 1522 2574 
7278 1355 2036 1288 2531 
7279 2087 2586 2572 2588 
7280 353 2060 354 2417 
7281 1676 1610 1651 2138 
7282 2234 2244 1983 2625 
7283 1245 1254 1349 2327 
7284 2018 2247 1982 2330 
7285 1926 2232 2194 2659 
7286 1087 315 316 2108 
7287 582 2425 2017 2626 
7288 765 771 732 2466 
7289 283 2423 2132 2605 
7290 1987 2266 2062 2365 
7291 2215 2273 2139 2571 
7292 1983 2148 2135 2625 
7293 820 697 978 2201 
7294 1938 2497 2101 2570 
7295 926 2148 960 2161 
7296 558 2044 562 2422 
7297 2095 1937 2315 2376 
7298 1942 2184 2267 2685 
7299 557 2415 2016 2663 
7300 1052 1055 990 2484 
7301 292 291 910 2135 
7302 1744 2130 1745 2575 
7303 1032 2511 1002 2692 
7304 2102 2374 1947 2550 
7305 557 2016 2422 2663 
7306 1211 1373 1417 2144 
7307 360 359 848 245 
7308 1433 2046 1504 2500 
7309 1626 2078 2299 2317 
7310 1947 2102 2304 2374 
7311 1842 2117 1867 2310 
7312 2098 2481 2230 2598 
7313 2088 1991 2540 2544 
7314 1489 1488 1495 2494 
7315 1190 1180 2345 2448 
7316 2212 2624 1546 2657 
7317 2057 2437 2188 2699 
7318 2162 2210 1997 2620 
7319 1761 1752 1799 2480 
7320 2133 2222 2008 2284 
7321 1626 1691 2299 2653 
7322 97 2206 96 2405 
7323 1834 1866 1849 2683 
7324 1390 2144 1297 2518 
7325 1532 2418 1531 2638 
7326 2017 2269 2069 2424 
7327 1710 1457 2207 2644 
7328 2067 1929 2326 2366 
7329 1477 1492 2260 2560 
7330 2233 2267 2030 2685 
7331 2222 2284 1988 2368 
7332 1525 2418 2025 2650 
7333 711 721 2370 2623 
7334 2315 2491 2259 2617 
7335 1115 300 1113 2162 
7336 2051 1962 2386 2438 
7337 1522 1599 2085 2304 
7338 1995 2177 2484 2605 
7339 63 2525 2160 2558 
7340 1953 2134 2050 2442 
7341 1793 1740 1791 2116 
7342 1468 1482 1522 2042 
7343 1848 1850 1852 2129 
7344 296 1106 2309 2344 
7345 1969 2411 2164 2646 
7346 1859 2095 1857 2376 
7347 299 2396 2210 2620 
7348 807 2509 2032 2694 
7349 1768 2254 2026 2414 
7350 1284 840 249 250 
7351 380 2227 2217 2666 
7352 2178 2436 1992 2509 
7353 296 295 1583 2136 
7354 2017 2424 582 2626 
7355 316 2108 315 2555 
7356 1523 2408 1547 2439 
7357 2110 2220 1928 2616 
7358 374 1155 373 2684 
7359 2133 2634 2061 2648 
7360 771 2466 765 2639 
7361 2156 2239 321 2487 
7362 316 315 2218 2555 
7363 2063 2189 1028 2584 
7364 2003 2182 2137 2379 
7365 1645 2253 2277 2653 
7366 2067 1997 2548 2599 
7367 1869 1867 2302 2546 
7368 646 606 525 2069 
7369 2130 2232 2000 2628 
7370 2035 2431 2340 2585 
7371 323 2119 2300 2590 
7372 2108 2203 1945 2554 
7373 956 2154 2402 2676 
7374 2194 2219 2142 2603 
7375 2070 2417 1981 2490 
7376 2024 2273 1571 2408 
7377 2230 2456 2009 2641 
7378 2098 1927 2597 2641 
7379 2132 2239 2487 2537 
7380 1069 2175 1060 2278 
7381 2165 2374 2085 2681 
7382 1471 1523 1235 2341 
7383 1507 2304 1508 2574 
7384 2160 2365 2062 2411 
7385 1867 2334 2117 2546 
7386 1843 1879 1847 2306 
7387 761 2479 524 2694 
7388 1884 2200 1829 2563 
7389 1943 2159 2104 2314 
7390 916 2359 2348 2428 
7391 2029 2346 1438 2478 
7392 1087 316 1111 2108 
7393 547 2037 545 2496 
7394 2170 2273 1494 2673 
7395 1726 1732 2281 2677 
7396 772 1058 786 2175 
7397 1726 1732 1727 2281 
7398 1945 2156 2081 2406 
7399 2160 2365 2025 2391 
7400 1953 2050 2134 2515 
7401 118 119 77 2150 
7402 273 272 2196 2521 
7403 2379 2496 546 2497 
7404 1971 2035 2340 2585 
7405 622 73 2483 2636 
7406 1505 1451 2233 2468 
7407 82 573 81 2038 
7408 726 643 45 2175 
7409 235 1237 236 2328 
7410 73 533 2088 2636 
7411 974 2148 926 2244 
7412 545 2496 2037 2643 
7413 2252 2343 1962 2548 
7414 2039 2255 2223 2602 
7415 1490 2492 2079 2664 
7416 507 2511 2168 2692 
7417 916 961 2359 2428 
7418 2240 2395 1957 2612 
7419 552 554 642 2449 
7420 1543 1566 1439 2039 
7421 1523 1360 2024 2439 
7422 2029 2478 1438 2638 
7423 539 2127 540 2615 
7424 2247 2392 2074 2695 
7425 507 2168 2577 2692 
7426 123 82 2038 2251 
7427 731 815 711 2178 
7428 2195 1973 2467 2491 
7429 2142 2453 2008 2696 
7430 1025 2320 2074 2474 
7431 2064 1954 2138 2477 
7432 2041 2125 2535 2652 
7433 2044 2320 1024 2474 
7434 762 739 695 2700 
7435 2097 1962 2343 2548 
7436 2069 2425 2278 2613 
7437 1023 1026 1050 2695 
7438 509 507 516 2511 
7439 1951 2237 2083 2362 
7440 2096 2130 1988 2575 
7441 953 2110 920 2510 
7442 1509 1510 2107 2622 
7443 958 928 2158 2286 
7444 1915 1914 1888 2405 
7445 1029 1027 1024 2189 
7446 1867 1842 1868 2117 
7447 538 2241 2127 2377 
7448 1958 2195 2291 2318 
7449 1253 1247 1350 2328 
7450 2094 2312 2079 2664 
7451 2099 2019 2566 2680 
7452 1724 1722 1754 2250 
7453 1929 2067 2326 2548 
7454 1931 2360 2295 2477 
7455 292 910 974 2148 
7456 698 926 763 2161 
7457 2024 2307 2205 2523 
7458 1534 2146 1486 2341 
7459 1935 2188 2057 2437 
7460 2046 2314 113 2492 
7461 717 2251 778 2473 
7462 2284 2453 2133 2634 
7463 282 2423 283 2605 
7464 1634 1631 2403 2434 
7465 1942 2111 2163 2571 
7466 1401 1360 1547 2439 
7467 2072 2193 1966 2580 
7468 1928 2194 2142 2603 
7469 1296 252 851 1280 
7470 528 629 2149 2319 
7471 581 580 646 2278 
7472 1988 2644 2489 2654 
7473 2062 2411 2365 2635 
7474 1924 2172 2031 2627 
7475 2127 2355 2012 2462 
7476 1995 2482 2137 2591 
7477 2003 2460 2321 2497 
7478 1462 2033 1460 2622 
7479 122 2271 80 2536 
7480 1995 2605 2482 2665 
7481 1510 1472 1509 2107 
7482 1443 1780 1555 2123 
7483 1394 1359 2276 2687 
7484 1065 287 2470 2587 
7485 1783 2138 1767 2371 
7486 1037 1018 1013 2241 
7487 108 107 684 2499 
7488 1340 2115 1412 2569 
7489 249 2338 2185 2402 
7490 2217 2227 1998 2666 
7491 2022 2221 1944 2354 
7492 790 2228 722 2370 
7493 2072 1966 2198 2580 
7494 1954 2224 2279 2322 
7495 2276 1990 2531 2647 
7496 2060 1981 2417 2490 
7497 1996 2206 2090 2405 
7498 2075 1945 2227 2378 
7499 1769 1732 1766 2089 
7500 1958 2291 2195 2467 
7501 1291 2327 2120 2619 
7502 1995 2435 2177 2605 
7503 2143 2281 1960 2561 
7504 1980 2170 2231 2447 
7505 1869 2166 1873 2546 
7506 1997 2067 2590 2599 
7507 1145 355 356 2324 
7508 632 605 71 2314 
7509 936 957 961 2359 
7510 1236 1245 1349 2619 
7511 2055 2214 1949 2294 
7512 71 70 112 2314 
7513 909 243 2240 2612 
7514 2082 2427 2545 2551 
7515 1356 2036 1355 2529 
7516 2008 2222 2133 2654 
7517 949 285 2287 2594 
7518 374 2469 1195 2684 
7519 538 2127 539 2191 
7520 1933 2158 2179 2520 
7521 925 2091 2604 2700 
7522 2029 1973 2259 2478 
7523 550 2103 642 2293 
7524 2287 2532 2066 2596 
7525 1050 1062 1025 2074 
7526 2105 2193 617 2580 
7527 1976 2363 2289 2515 
7528 981 1071 285 2455 
7529 730 772 45 984 
7530 341 2503 2058 2567 
7531 1940 2248 2020 2326 
7532 1418 2133 1346 2284 
7533 1942 2184 2033 2267 
7534 2131 2494 1501 2499 
7535 1263 235 1264 1247 
7536 1593 1515 1599 2085 
7537 850 238 1224 1222 
7538 2148 2244 974 2625 
7539 2141 2562 740 2583 
7540 1361 1534 2146 2547 
7541 328 1133 1110 2630 
7542 64 65 529 2101 
7543 509 2168 507 2211 
7544 2056 2196 273 2333 
7545 2164 2198 2006 2705 
7546 548 2037 2419 2643 
7547 1326 2180 1336 2513 
7548 1781 1714 1804 2251 
7549 1135 320 316 1090 
7550 1967 2033 2197 2549 
7551 932 955 2053 2612 
7552 1284 1277 840 250 
7553 2139 2233 1454 2673 
7554 1932 2088 2528 2539 
7555 1945 2081 2280 2406 
7556 1470 1675 1618 2450 
7557 1087 315 2108 2554 
7558 2114 1546 2504 2624 
7559 2016 2270 2104 2675 
7560 1175 1180 385 2345 
7561 1263 236 235 1237 
7562 104 2160 103 2365 
7563 1242 2258 1243 2634 
7564 2035 1971 2306 2585 
7565 2001 2219 2348 2603 
7566 925 2604 2201 2700 
7567 2098 2456 1927 2641 
7568 1632 2530 2301 2608 
7569 509 2211 507 2511 
7570 1345 2258 2619 2629 
7571 1962 2343 2031 2438 
7572 1112 1127 2058 2503 
7573 2419 2591 575 2656 
7574 279 2556 2016 2675 
7575 2000 2183 2130 2290 
7576 1633 1636 1632 2608 
7577 1058 987 786 2175 
7578 1938 2182 2137 2570 
7579 233 2383 2202 2442 
7580 1102 1131 341 2503 
7581 2001 2348 2174 2384 
7582 525 2069 760 2639 
7583 1868 1871 1870 2181 
7584 2076 2191 1020 2471 
7585 76 77 618 2150 
7586 1989 2603 2194 2616 
7587 100 58 99 2253 
7588 533 632 72 2104 
7589 1051 1018 1070 2092 
7590 2048 2223 2077 2610 
7591 762 695 2091 2700 
7592 328 327 1438 2346 
7593 1846 2376 2035 2431 
7594 1958 2154 2083 2318 
7595 2066 1938 2167 2375 
7596 606 2069 646 2175 
7597 1416 1811 1595 2207 
7598 1626 2382 2078 2668 
7599 1948 2322 2150 2476 
7600 2246 2321 2003 2460 
7601 2108 1945 2378 2554 
7602 647 2296 2122 2479 
7603 1023 1050 2074 2695 
7604 2262 2464 2128 2567 
7605 2226 575 2591 2656 
7606 1652 2374 2165 2681 
7607 1958 2366 2209 2661 
7608 325 2590 2067 2599 
7609 1838 1839 1844 2598 
7610 778 717 716 2251 
7611 1424 254 253 2611 
7612 1995 2182 2482 2605 
7613 1751 1800 2054 2691 
7614 1830 2563 2208 2579 
7615 116 75 74 2483 
7616 111 2079 2397 2526 
7617 934 971 956 2402 
7618 1863 1912 2272 2688 
7619 1771 1746 1773 2292 
7620 1985 2180 2407 2409 
7621 2218 2240 1957 2447 
7622 1047 980 1033 2168 
7623 1349 2327 1291 2619 
7624 1009 2191 2288 2471 
7625 1019 1069 1060 2278 
7626 1049 728 1047 2168 
7627 2260 2453 1928 2559 
7628 1377 1817 1829 2208 
7629 1835 2229 2052 2683 
7630 1051 2278 2092 2613 
7631 53 773 729 2507 
7632 1681 97 664 2405 
7633 1129 2378 2075 2582 
7634 2132 1975 2239 2537 
7635 919 2516 2201 2604 
7636 1798 1761 1707 2028 
7637 1526 1546 2212 2624 
7638 1803 2251 2121 2388 
7639 1483 1555 1780 2102 
7640 1936 2181 2117 2302 
7641 1718 1772 2452 2704 
7642 1236 1226 1237 2204 
7643 547 2379 2037 2496 
7644 1547 2439 2408 2642 
7645 2220 2559 1928 2616 
7646 1209 1381 247 847 
7647 1924 2274 2340 2572 
7648 2016 2282 2044 2350 
7649 1824 1602 2317 2329 
7650 2064 2322 1931 2476 
7651 1958 2077 2255 2593 
7652 1782 1786 2115 2297 
7653 2203 2218 1957 2642 
7654 1929 2031 2343 2421 
7655 1302 2547 2407 2648 
7656 720 711 721 2370 
7657 2270 2528 2104 2675 
7658 1011 2577 1033 2692 
7659 1942 2163 2111 2303 
7660 2009 2098 2597 2641 
7661 1016 2241 2430 2690 
7662 1564 1494 1434 2170 
7663 2120 2327 2115 2404 
7664 1988 2256 2096 2644 
7665 2210 2396 1997 2620 
7666 283 2132 2537 2605 
7667 1809 1594 1713 2102 
7668 2105 2238 2017 2498 
7669 1125 2075 1129 2378 
7670 2208 2579 2100 2609 
7671 1570 1594 1689 2102 
7672 1731 2316 2047 2414 
7673 535 2105 2206 2508 
7674 63 639 62 2160 
7675 611 612 535 2105 
7676 2040 1983 2265 2671 
7677 1132 1111 1135 2108 
7678 1193 2070 1172 2417 
7679 1898 1865 1894 2283 
7680 1499 2214 1479 2312 
7681 1878 2098 1877 2649 
7682 1470 1618 1537 2450 
7683 1882 2538 2181 2598 
7684 1602 1900 1668 2329 
7685 316 1086 1087 1135 
7686 2215 2517 2053 2523 
7687 1462 1476 2560 2622 
7688 1043 2211 756 2394 
7689 1941 2223 2039 2255 
7690 1487 2533 1597 2672 
7691 1928 2142 2219 2603 
7692 1955 2041 2275 2702 
7693 1051 1019 1018 2278 
7694 1264 1311 234 852 
7695 1980 2231 2170 2533 
7696 2163 2339 1963 2517 
7697 1935 2057 2142 2696 
7698 2101 2331 2114 2525 
7699 2049 2149 1948 2319 
7700 2023 1954 2301 2322 
7701 1947 2165 2085 2552 
7702 2085 2165 1970 2552 
7703 547 548 2037 2419 
7704 1001 1003 1027 2441 
7705 723 293 2244 2625 
7706 2123 2304 1507 2574 
7707 676 116 115 2305 
7708 108 1501 1670 2494 
7709 1953 2393 2054 2452 
7710 2030 2184 2267 2564 
7711 2109 2391 2152 2602 
7712 1788 1667 1689 2102 
7713 352 353 2070 2358 
7714 1382 1811 1416 2207 
7715 1778 1707 1761 2228 
7716 711 2155 271 2509 
7717 1896 1827 1922 2464 
7718 1948 2186 2149 2454 
7719 1994 2547 2446 2648 
7720 1340 2327 2115 2569 
7721 1949 2435 2264 2592 
7722 2208 2563 2100 2579 
7723 982 281 2435 2600 
7724 1279 251 1344 2529 
7725 2116 2530 1636 2608 
7726 1942 2139 2107 2571 
7727 2028 2370 790 2623 
7728 1933 2179 2052 2520 
7729 584 2104 626 2415 
7730 1944 2360 2082 2536 
7731 2246 2455 2076 2595 
7732 2077 2237 287 2587 
7733 2214 2294 1479 2312 
7734 2016 2350 2044 2584 
7735 2187 2343 2031 2421 
7736 762 973 697 2201 
7737 1932 2088 2400 2528 
7738 1766 2138 1792 2475 
7739 933 280 2163 2517 
7740 1989 2204 2153 2258 
7741 2210 2248 1997 2655 
7742 1156 1155 374 1198 
7743 1783 1796 1610 2371 
7744 1930 2152 2391 2602 
7745 286 2209 2077 2594 
7746 2060 2172 2087 2627 
7747 1600 148 147 672 
7748 1958 2461 2126 2661 
7749 1953 2141 2091 2383 
7750 1026 2261 2122 2695 
7751 983 1029 1072 2044 
7752 2470 2587 2012 2595 
7753 2026 2363 2289 2404 
7754 1858 2176 1879 2349 
7755 1634 2403 2305 2434 
7756 1958 2209 2461 2661 
7757 1616 152 151 678 
7758 1346 2284 2133 2634 
7759 77 76 118 2150 
7760 2031 2421 2291 2627 
7761 2194 2387 1926 2659 
7762 806 2272 2161 2557 
7763 2045 2276 2118 2576 
7764 1546 1548 2114 2375 
7765 541 2127 2355 2615 
7766 2005 2429 2078 2668 
7767 275 2247 2242 2454 
7768 1498 2375 2167 2413 
7769 1793 2263 2116 2550 
7770 1965 2348 2219 2603 
7771 246 2171 913 2524 
7772 761 524 703 2694 
7773 2032 2436 2509 2589 
7774 1973 2255 2390 2602 
7775 1738 1736 1740 2263 
7776 720 271 711 2155 
7777 2052 2310 1836 2683 
7778 1754 2250 2151 2633 
7779 245 359 848 2524 
7780 2086 2659 2428 2686 
7781 383 1173 1185 2313 
7782 2236 2566 2019 2680 
7783 1819 1919 1886 2399 
7784 1482 1507 1508 2574 
7785 1924 2467 2291 2491 
7786 2053 1963 2231 2517 
7787 1832 2563 1830 2579 
7788 1821 1896 342 2567 
7789 1735 1729 1736 2316 
7790 1924 2259 2491 2617 
7791 1185 1173 1187 2313 
7792 1361 2146 1409 2547 
7793 529 2101 2331 2497 
7794 508 510 714 2211 
7795 298 2210 299 2396 
7796 1936 2090 2181 2302 
7797 82 81 123 2038 
7798 1451 1454 2233 2673 
7799 2061 2648 1250 2703 
7800 45 730 984 2426 
7801 737 2200 759 2272 
7802 524 608 703 2694 
7803 602 546 2496 2497 
7804 240 849 1289 1219 
7805 133 132 1622 667 
7806 1629 1608 2365 2558 
7807 1950 2402 2154 2586 
7808 755 1892 2166 2265 
7809 1924 2274 2572 2586 
7810 1931 2295 2089 2477 
7811 1724 1725 1723 2250 
7812 1893 752 693 2660 
7813 1933 2052 2336 2520 
7814 106 2114 2331 2525 
7815 2048 2532 2287 2596 
7816 359 246 848 2524 
7817 1336 2407 2409 2703 
7818 2043 2385 2093 2647 
7819 1970 2216 2085 2552 
7820 2464 2503 342 2567 
7821 1861 1857 1859 2095 
7822 111 112 70 2079 
7823 1345 2120 1291 2629 
7824 1036 2577 2377 2690 
7825 1203 2115 1700 2640 
7826 1950 2187 2060 2627 
7827 1523 1471 1579 2341 
7828 993 1073 741 2269 
7829 1025 1023 2074 2320 
7830 1690 2277 2253 2606 
7831 738 734 695 2091 
7832 2021 2357 1977 2601 
7833 1537 2329 1538 2450 
7834 1016 2377 2241 2690 
7835 1692 2317 1602 2329 
7836 1072 1029 1024 2044 
7837 1733 2047 1734 2628 
7838 2039 2390 2255 2602 
7839 680 127 128 1617 
7840 381 300 382 2210 
7841 1994 2220 2534 2559 
7842 1993 2420 2277 2538 
7843 1468 2042 1478 2381 
7844 1944 2022 2354 2360 
7845 1976 2289 2363 2404 
7846 1385 1342 1341 853 
7847 2170 2468 1436 2533 
7848 1497 2413 2167 2672 
7849 1504 1560 1590 2500 
7850 2127 2191 2076 2615 
7851 709 808 760 2069 
7852 1722 1721 2113 2363 
7853 1995 2182 2137 2482 
7854 1967 2458 2219 2699 
7855 1970 2356 2049 2544 
7856 2097 1962 2344 2373 
7857 1994 2146 2107 2560 
7858 1182 358 1178 2257 
7859 2182 2379 2003 2484 
7860 2101 2497 2460 2570 
7861 1872 2405 1917 2660 
7862 1939 2113 2151 2393 
7863 245 913 945 2280 
7864 2087 1924 2586 2627 
7865 1953 2050 2202 2442 
7866 361 360 854 2682 
7867 967 2406 2081 2502 
7868 2002 2226 2435 2656 
7869 1345 2619 2120 2629 
7870 123 124 82 2251 
7871 1518 2644 2256 2654 
7872 952 2215 2111 2488 
7873 1924 2340 2087 2572 
7874 245 848 246 2524 
7875 969 2517 2215 2523 
7876 2358 2490 2070 2698 
7877 919 962 2516 2604 
7878 1982 2369 2082 2427 
7879 2254 2363 2026 2404 
7880 2097 2210 1997 2655 
7881 1976 2297 2144 2353 
7882 1878 1844 1877 2098 
7883 1659 1611 1690 2420 
7884 751 2621 2038 2623 
7885 1928 2033 2220 2549 
7886 560 2282 596 2505 
7887 2031 2438 2172 2491 
7888 1929 2031 2252 2343 
7889 1866 1842 1867 2310 
7890 358 2257 2352 2524 
7891 2023 1954 2224 2608 
7892 2115 2327 2120 2569 
7893 382 2313 1160 2398 
7894 2120 2404 2115 2569 
7895 299 382 300 2210 
7896 1988 2368 2256 2654 
7897 1722 2113 1720 2691 
7898 532 80 2271 2536 
7899 1434 1564 2170 2218 
7900 2252 1929 2366 2467 
7901 1433 1503 1504 2046 
7902 280 281 1067 2556 
7903 1000 1002 1032 2511 
7904 2291 2586 1924 2627 
7905 237 841 1224 1339 
7906 1263 844 236 1339 
7907 251 2036 2472 2529 
7908 1824 1900 1602 2329 
7909 2059 2270 1943 2339 
7910 1066 2269 1054 2498 
7911 1962 2031 2252 2438 
7912 2223 2225 1964 2342 
7913 1347 1418 1413 2133 
7914 2079 2492 2314 2664 
7915 1944 2354 2155 2521 
7916 316 1434 23 2533 
7917 1943 2311 2094 2664 
7918 2066 2167 1968 2486 
7919 1626 2078 1625 2668 
7920 924 2161 960 2243 
7921 1076 1120 2344 2396 
7922 2282 2350 2007 2474 
7923 2151 2022 2354 2633 
7924 982 2435 2177 2600 
7925 1858 2176 2349 2702 
7926 2044 2350 2282 2474 
7927 989 787 708 2296 
7928 329 2346 2275 2542 
7929 1955 2259 2346 2495 
7930 2183 2290 1378 2440 
7931 297 2097 298 2396 
7932 2039 2225 2223 2342 
7933 2029 2346 2259 2495 
7934 521 2411 613 2646 
7935 2067 2252 1973 2390 
7936 1924 2572 2087 2586 
7937 1355 2529 2036 2531 
7938 2056 2333 2242 2693 
7939 2024 2053 2273 2408 
7940 577 2278 580 2425 
7941 657 612 609 2466 
7942 1949 2055 2294 2665 
7943 98 2508 2420 2606 
7944 1961 2488 2180 2534 
7945 705 1414 809 2200 
7946 1511 2084 1466 2564 
7947 292 2498 2135 2625 
7948 1990 2283 2276 2573 
7949 1992 2018 2330 2589 
7950 1548 2114 2375 2499 
7951 1876 1851 1874 2106 
7952 1992 2330 2018 2369 
7953 2018 2330 1982 2369 
7954 2136 2345 385 2373 
7955 64 614 63 2101 
7956 300 2162 1115 2620 
7957 1877 2357 1853 2649 
7958 919 962 940 2516 
7959 2111 2215 2163 2571 
7960 1002 2441 2293 2581 
7961 2095 2275 1955 2542 
7962 1619 2102 1687 2681 
7963 1501 108 1662 2499 
7964 604 566 627 2618 
7965 2120 2327 1291 2569 
7966 1970 2403 2165 2434 
7967 1961 2111 2488 2534 
7968 2097 1997 2548 2655 
7969 916 961 957 2359 
7970 1953 2054 2393 2604 
7971 1610 1651 2138 2371 
7972 1299 2327 1254 2353 
7973 2190 2078 2429 2668 
7974 272 2516 2196 2521 
7975 1941 2147 2119 2596 
7976 68 534 67 2055 
7977 1985 2220 2110 2616 
7978 2035 1955 2315 2349 
7979 1928 2061 2453 2616 
7980 1772 1717 2141 2704 
7981 960 2243 2148 2286 
7982 2276 2531 1990 2573 
7983 1889 2299 1903 2317 
7984 2149 2186 2007 2454 
7985 1977 2601 2382 2678 
7986 847 1209 1342 248 
7987 1968 2119 2147 2596 
7988 1951 2416 2099 2680 
7989 1255 1406 1359 2283 
7990 1994 2547 2146 2560 
7991 983 2350 1057 2584 
7992 1001 2441 1000 2443 
7993 1561 2329 1826 2399 
7994 1361 2146 1534 2341 
7995 2101 2525 2114 2532 
7996 45 46 2426 2430 
7997 580 2278 581 2425 
7998 1526 2212 1546 2657 
7999 1724 1723 1722 2250 
8000 82 573 2038 2621 
8001 556 593 2656 2663 
8002 1956 2087 2172 2340 
8003 1725 2281 2250 2677 
8004 997 2394 996 2507 
8005 1821 2567 341 2670 
8006 1428 232 1364 1231 
8007 303 2378 2203 2554 
8008 2080 2242 1999 2693 
8009 1565 1566 1528 2225 
8010 1861 1857 2095 2349 
8011 2093 2385 2531 2647 
8012 1001 1003 2441 2443 
8013 328 329 2058 2542 
8014 1725 2250 1724 2677 
8015 1106 1117 296 2309 
8016 1101 1137 1089 340 
8017 510 2211 505 2394 
8018 990 2455 2037 2484 
8019 2036 2118 2276 2588 
8020 1060 2175 1058 2430 
8021 1297 1390 1417 2144 
8022 2077 2209 286 2461 
8023 2277 2420 1993 2606 
8024 1955 2035 2315 2617 
8025 2137 2182 1995 2379 
8026 1636 2530 1632 2608 
8027 728 1049 757 2426 
8028 1851 1874 2106 2662 
8029 1347 2133 1413 2446 
8030 2023 2301 1954 2608 
8031 285 2048 2287 2594 
8032 1436 1450 1465 2468 
8033 2091 2562 2054 2700 
8034 2137 2331 1938 2497 
8035 809 1923 1897 2200 
8036 1102 341 342 2503 
8037 2000 2404 2120 2569 
8038 2103 2471 2288 2643 
8039 999 2443 1000 2697 
8040 2047 2254 1733 2414 
8041 2309 2380 1110 2630 
8042 2236 2238 1936 2543 
8043 1023 2261 2074 2320 
8044 1990 2579 2208 2609 
8045 542 2076 2321 2496 
8046 1957 2053 2447 2612 
8047 2188 2458 2142 2699 
8048 1001 1000 999 2443 
8049 2035 2349 2315 2376 
8050 2184 2219 2001 2549 
8051 916 2348 2192 2428 
8052 1807 1742 1789 2550 
8053 237 2153 238 2510 
8054 1689 1809 1788 2102 
8055 1708 1807 1780 2123 
8056 955 2447 2053 2612 
8057 2072 2337 1951 2416 
8058 1991 2500 2412 2669 
8059 931 2093 253 2243 
8060 1626 1627 1691 2653 
8061 1530 2418 1525 2650 
8062 1969 2164 2237 2587 
8063 1711 1787 1655 2251 
8064 1777 1793 2116 2550 
8065 50 2511 49 2581 
8066 2195 2362 2004 2593 
8067 1953 2202 2383 2442 
8068 975 2091 232 2442 
8069 1896 2128 1827 2464 
8070 1033 2168 2211 2511 
8071 1749 1747 1745 2575 
8072 2081 2445 1940 2514 
8073 1212 1404 1354 2208 
8074 952 915 969 2215 
8075 1966 2193 2072 2680 
8076 2065 2367 1467 2679 
8077 2340 2431 2106 2585 
8078 2115 2297 1976 2327 
8079 341 1916 1821 2670 
8080 2137 2379 601 2497 
8081 1388 361 360 854 
8082 2108 2218 315 2555 
8083 2222 2489 1519 2654 
8084 1409 2146 1302 2547 
8085 2067 2366 2255 2467 
8086 698 794 775 2244 
8087 2072 2198 1951 2337 
8088 1247 1263 235 2328 
8089 1340 1412 1370 2569 
8090 1951 2072 2416 2680 
8091 602 2321 2460 2497 
8092 789 755 2166 2265 
8093 1223 2153 1337 2409 
8094 1191 2257 2351 2666 
8095 31 361 843 243 
8096 966 2147 949 2502 
8097 982 282 2177 2435 
8098 966 2445 2147 2502 
8099 2026 1960 2281 2414 
8100 1151 1174 359 2351 
8101 2090 2206 1936 2508 
8102 1938 2137 2497 2570 
8103 1733 2254 2047 2628 
8104 1950 2291 2421 2627 
8105 854 360 848 245 
8106 934 946 971 2071 
8107 1931 2631 2360 2693 
8108 1124 1115 1113 2162 
8109 1679 1448 1536 2212 
8110 1802 2347 2121 2501 
8111 1985 2409 2407 2703 
8112 2172 2315 1937 2698 
8113 320 2239 2156 2555 
8114 2124 1937 2376 2698 
8115 2120 1974 2258 2387 
8116 2133 2284 2008 2453 
8117 1118 1129 1125 2075 
8118 2118 1956 2358 2687 
8119 291 2135 292 2498 
8120 2160 2525 2101 2610 
8121 325 324 2300 2590 
8122 1965 2194 2057 2659 
8123 1955 2275 2095 2349 
8124 1685 2085 1652 2434 
8125 550 589 642 2103 
8126 2080 1999 2298 2561 
8127 1392 1343 2185 2529 
8128 1509 2107 1472 2401 
8129 106 2114 107 2331 
8130 2029 2495 2125 2535 
8131 1982 2330 2242 2551 
8132 1951 2362 2062 2485 
8133 2017 2238 2105 2626 
8134 597 653 629 2149 
8135 2039 2300 2067 2390 
8136 284 2287 2182 2537 
8137 2057 1965 2519 2699 
8138 913 246 930 2171 
8139 1987 2025 2418 2650 
8140 1343 1391 2185 2338 
8141 1608 134 133 682 
8142 541 540 2127 2615 
8143 1358 1246 1381 860 
8144 542 2321 2076 2615 
8145 977 763 972 2161 
8146 1682 2121 122 2501 
8147 957 936 920 2359 
8148 605 70 2159 2397 
8149 1820 755 1892 2166 
8150 2105 1936 2206 2508 
8151 341 2058 340 2567 
8152 284 949 2287 2502 
8153 1991 2245 2046 2500 
8154 1511 2308 2084 2564 
8155 627 2122 2261 2618 
8156 1645 1699 1613 2653 
8157 1168 1184 356 2410 
8158 1305 1266 1306 2284 
8159 2142 2194 2057 2699 
8160 922 280 2517 2592 
8161 1048 981 2076 2455 
8162 1943 2079 2314 2664 
8163 1439 1565 1544 2478 
8164 1967 2084 2249 2381 
8165 341 340 1916 2670 
8166 2149 2174 1978 2539 
8167 1305 1418 1346 2284 
8168 295 2136 296 2309 
8169 1989 2258 2153 2616 
8170 1943 2157 2094 2339 
8171 361 31 372 2682 
8172 2024 2307 1957 2439 
8173 1962 2097 2343 2373 
8174 1752 2151 2480 2633 
8175 612 2424 609 2466 
8176 1820 693 755 2166 
8177 1684 125 7 671 
8178 605 2159 527 2397 
8179 1488 2214 1444 2494 
8180 952 915 2215 2488 
8181 693 2166 1820 2660 
8182 2214 2312 2079 2397 
8183 953 2359 2110 2674 
8184 2092 2355 2127 2462 
8185 2025 2212 1964 2624 
8186 1223 1225 1337 2153 
8187 1960 2089 2279 2561 
8188 1518 1519 2644 2654 
8189 1613 2253 1690 2277 
8190 968 2243 960 2286 
8191 315 2408 2218 2642 
8192 916 276 2192 2348 
8193 628 2293 2189 2441 
8194 1465 1480 2294 2312 
8195 1924 2291 2031 2491 
8196 940 273 2196 2333 
8197 1457 1785 1710 2207 
8198 243 2395 372 2682 
8199 941 2506 2126 2661 
8200 1405 1409 2146 2513 
8201 1969 2246 2460 2646 
8202 531 637 764 2621 
8203 1953 2383 2091 2442 
8204 1401 2439 1547 2642 
8205 2200 2208 1959 2444 
8206 1373 1417 2144 2297 
8207 547 2037 2379 2419 
8208 1683 8 154 663 
8209 327 2386 2051 2630 
8210 938 952 933 2163 
8211 1747 1744 1745 2575 
8212 983 1029 2044 2584 
8213 354 2187 355 2324 
8214 2062 2005 2266 2429 
8215 922 2517 2231 2592 
8216 693 1820 1893 2660 
8217 1955 2051 2315 2542 
8218 2095 1861 2349 2670 
8219 2164 2470 2237 2587 
8220 1970 2305 2049 2403 
8221 2097 2344 2140 2396 
8222 1993 2420 2090 2508 
8223 1342 853 847 248 
8224 284 949 285 2287 
8225 1958 2126 2366 2661 
8226 561 604 2261 2320 
8227 1466 1511 1512 2084 
8228 1786 1700 1782 2115 
8229 2100 2563 2208 2609 
8230 913 2171 930 2445 
8231 2100 1946 2336 2683 
8232 2044 2320 2074 2505 
8233 1943 2046 2311 2314 
8234 2041 2176 2129 2702 
8235 1512 1511 1478 2381 
8236 847 247 1209 248 
8237 531 764 2178 2621 
8238 1983 2117 2334 2546 
8239 242 31 842 243 
8240 2321 2615 543 2646 
8241 1201 348 1140 1142 
8242 2245 2500 1991 2669 
8243 937 2348 916 2359 
8244 1889 1903 1905 2317 
8245 1924 2031 2291 2627 
8246 1991 2412 2305 2434 
8247 935 2132 923 2406 
8248 358 359 2257 2524 
8249 1962 2140 2380 2386 
8250 630 528 653 2483 
8251 960 926 974 2148 
8252 2140 2344 1126 2396 
8253 2036 2588 2276 2647 
8254 2038 2271 2178 2621 
8255 1793 1791 1777 2116 
8256 967 2445 966 2502 
8257 554 2422 2063 2663 
8258 1405 1409 1361 2146 
8259 588 582 581 2424 
8260 106 107 2114 2499 
8261 2054 2562 1800 2578 
8262 2153 2258 2061 2616 
8263 1009 2288 1035 2471 
8264 2086 1989 2359 2659 
8265 1443 1507 1506 2123 
8266 604 563 2074 2505 
8267 2000 2254 2115 2640 
8268 1486 2146 1575 2401 
8269 1949 2312 2214 2397 
8270 707 743 728 2168 
8271 104 62 103 2160 
8272 1416 1595 1485 2207 
8273 2093 2531 1282 2573 
8274 1278 851 252 1280 
8275 2305 2540 1991 2544 
8276 849 241 240 1289 
8277 1848 1853 1877 2357 
8278 1950 2291 2126 2421 
8279 558 562 595 2422 
8280 1490 1499 1479 2312 
8281 1999 2298 2143 2686 
8282 283 2537 2182 2605 
8283 1770 1746 1771 2169 
8284 1600 118 672 2701 
8285 1980 2156 2132 2239 
8286 1937 2070 2490 2698 
8287 1377 1312 1404 2208 
8288 104 63 62 2160 
8289 2023 1970 2356 2403 
8290 278 2059 279 2675 
8291 1484 1472 2273 2401 
8292 1880 1882 1871 2181 
8293 1867 1868 1869 2302 
8294 504 509 508 2211 
8295 2170 2231 2015 2533 
8296 1882 2181 1880 2598 
8297 1924 2172 2340 2617 
8298 2135 1936 2238 2543 
8299 763 696 736 2161 
8300 2044 2282 2016 2422 
8301 586 569 591 2355 
8302 77 523 618 2150 
8303 111 2079 70 2397 
8304 1975 2294 2055 2665 
8305 1193 1194 1172 2070 
8306 1112 1127 1133 2058 
8307 1443 2123 1506 2512 
8308 1003 2261 2320 2443 
8309 1004 2189 2293 2441 
8310 2083 2362 2237 2593 
8311 558 560 562 2505 
8312 928 914 2158 2459 
8313 342 2128 1896 2464 
8314 2135 2498 2372 2625 
8315 1939 2113 2393 2515 
8316 2315 2349 2095 2376 
8317 1493 2222 1587 2654 
8318 1760 2251 1803 2388 
8319 2449 2656 593 2663 
8320 676 115 1609 2305 
8321 385 1180 1164 2448 
8322 1194 2070 1193 2568 
8323 1159 374 378 1198 
8324 1698 2025 1629 2614 
8325 1740 2325 1741 2475 
8326 2060 1956 2172 2698 
8327 1538 2450 2329 2652 
8328 958 968 928 2286 
8329 1958 2318 2083 2593 
8330 2120 2000 2569 2629 
8331 969 952 2215 2517 
8332 315 314 1452 2642 
8333 1599 1442 1593 2681 
8334 1224 841 1234 1339 
8335 1522 1478 1468 2042 
8336 1924 2087 2172 2627 
8337 2135 2148 1946 2286 
8338 2095 2349 1857 2376 
8339 1940 2465 2075 2541 
8340 1632 2608 2301 2701 
8341 2047 2254 2000 2628 
8342 1302 2146 1409 2407 
8343 2181 1936 2543 2597 
8344 1511 2308 1464 2381 
8345 290 2238 2199 2566 
8346 1992 2330 2521 2589 
8347 528 75 629 2319 
8348 1891 1561 1826 2399 
8349 2193 1993 2253 2433 
8350 976 698 819 2244 
8351 2074 2618 2261 2695 
8352 1967 2308 2033 2549 
8353 297 383 298 2097 
8354 929 945 959 2406 
8355 2105 2580 617 2626 
8356 1770 1731 1735 2316 
8357 2027 2316 1960 2437 
8358 1409 2146 1329 2407 
8359 1401 1292 1360 2439 
8360 322 2465 2486 2541 
8361 2149 2483 2049 2539 
8362 1865 2283 2229 2579 
8363 1945 2075 2227 2514 
8364 915 969 2215 2523 
8365 1948 2174 2192 2454 
8366 2261 2618 2122 2695 
8367 1052 2455 1048 2471 
8368 1741 2325 1766 2475 
8369 635 2198 587 2705 
8370 994 1056 1046 2589 
8371 766 1365 1232 862 
8372 1252 1345 1291 2629 
8373 809 1897 759 2200 
8374 1943 2030 2311 2400 
8375 2045 1956 2235 2662 
8376 1956 2045 2235 2687 
8377 971 2071 946 2472 
8378 1484 1472 1453 2273 
8379 1440 323 1541 2486 
8380 1960 2414 2026 2493 
8381 1594 1483 1713 2102 
8382 1432 1521 1556 2292 
8383 1948 2149 2174 2454 
8384 923 2406 2132 2423 
8385 1505 2094 1450 2468 
8386 1831 1830 2208 2579 
8387 1523 2024 1571 2408 
8388 847 1381 247 829 
8389 967 966 949 2502 
8390 1035 2288 1015 2471 
8391 2049 2483 2088 2539 
8392 2104 2270 2016 2415 
8393 141 140 1671 685 
8394 660 138 139 1670 
8395 300 1113 2162 2582 
8396 2016 2415 2270 2556 
8397 383 297 384 2097 
8398 2042 2085 2552 2574 
8399 1329 1336 2407 2513 
8400 1466 2084 2245 2564 
8401 621 620 587 2198 
8402 1828 1923 1414 2200 
8403 2063 2016 2556 2663 
8404 1926 2232 2057 2493 
8405 1924 2318 2274 2586 
8406 1466 2245 2084 2669 
8407 2140 2252 1962 2548 
8408 1461 1464 1511 2308 
8409 920 953 957 2359 
8410 2011 2295 2360 2477 
8411 2047 2000 2232 2628 
8412 605 527 70 2397 
8413 1016 1013 2241 2377 
8414 386 385 2136 2345 
8415 2384 2528 1978 2539 
8416 1951 2337 2062 2362 
8417 1039 1004 1028 2293 
8418 1722 1737 2151 2691 
8419 1003 2261 1023 2320 
8420 1266 2284 1251 2629 
8421 1933 2520 2336 2647 
8422 1613 1645 2253 2277 
8423 1008 1006 2581 2692 
8424 62 103 2160 2411 
8425 1016 2241 1017 2430 
8426 2444 2573 2208 2609 
8427 1546 2114 1548 2499 
8428 2048 1938 2287 2532 
8429 2025 1964 2225 2624 
8430 737 759 776 2272 
8431 1946 2100 2336 2667 
8432 1967 2197 2142 2549 
8433 1955 2259 2051 2346 
8434 323 2364 1105 2541 
8435 1423 1419 1306 2489 
8436 1956 2576 2045 2687 
8437 2132 2156 1968 2487 
8438 359 848 246 829 
8439 1949 2079 2312 2397 
8440 240 2180 2205 2488 
8441 1980 2239 2132 2423 
8442 2556 2584 2063 2600 
8443 1282 2444 2093 2573 
8444 620 587 2198 2705 
8445 1760 1804 1803 2251 
8446 1074 1134 1100 342 
8447 1967 2142 2458 2699 
8448 2214 2397 2079 2526 
8449 1955 2051 2259 2315 
8450 1719 1775 2144 2297 
8451 2213 2005 2601 2678 
8452 1232 254 766 862 
8453 2173 2200 1959 2444 
8454 940 918 273 2333 
8455 739 2091 695 2700 
8456 736 2161 696 2557 
8457 1282 2531 2093 2651 
8458 1144 372 1154 1200 
8459 1774 2432 2123 2512 
8460 1973 2259 2051 2491 
8461 1765 1797 1767 2371 
8462 2063 2103 2449 2600 
8463 2025 1964 2212 2558 
8464 1949 2226 2055 2665 
8465 2183 2569 2000 2629 
8466 532 79 80 2536 
8467 1683 124 1655 2251 
8468 1645 1613 2253 2653 
8469 1995 2379 2182 2484 
8470 98 2420 1617 2606 
8471 528 2149 653 2483 
8472 1849 1864 1863 2334 
8473 1569 2342 2066 2504 
8474 1982 2476 2427 2551 
8475 1723 1768 1739 2363 
8476 1960 2298 2057 2493 
8477 2053 2231 2170 2447 
8478 1980 2132 2156 2406 
8479 1626 1624 2382 2668 
8480 301 2217 380 2227 
8481 253 2243 2093 2658 
8482 1768 1762 1739 2254 
8483 1022 2261 1003 2443 
8484 1955 2346 2051 2542 
8485 1794 2628 2290 2640 
8486 1048 2455 2076 2471 
8487 658 113 112 2492 
8488 1980 2240 2218 2447 
8489 2142 1928 2453 2696 
8490 2134 2145 1939 2515 
8491 2050 2145 2134 2515 
8492 1291 2327 1340 2569 
8493 1908 1611 1659 2420 
8494 537 2191 48 2377 
8495 276 2174 2192 2348 
8496 1562 1785 1457 2207 
8497 1956 2045 2576 2662 
8498 2085 1947 2552 2574 
8499 1520 1518 1521 2256 
8500 2072 2005 2416 2678 
8501 541 2355 2092 2637 
8502 714 785 508 2211 
8503 1361 1431 1534 2547 
8504 1324 1244 1326 2180 
8505 2032 2436 625 2694 
8506 1951 2237 2164 2361 
8507 2006 2462 2361 2470 
8508 1933 2588 2472 2647 
8509 1944 2082 2271 2536 
8510 2059 2400 1943 2528 
8511 2018 2392 2247 2695 
8512 1757 2347 2221 2388 
8513 1466 2084 1512 2669 
8514 2093 1959 2444 2658 
8515 1943 2046 2314 2400 
8516 553 2449 593 2663 
8517 1801 1710 2207 2575 
8518 1006 1007 1008 2581 
8519 2080 1999 2561 2693 
8520 2064 2150 2322 2476 
8521 297 2097 2344 2373 
8522 996 985 997 2507 
8523 1997 2326 2067 2548 
8524 2064 2301 1954 2322 
8525 1687 2374 1653 2681 
8526 1929 2548 2248 2655 
8527 1250 1242 1243 2634 
8528 2048 2287 1938 2570 
8529 715 2168 728 2426 
8530 2184 2308 2267 2564 
8531 2067 2255 2039 2390 
8532 1856 2124 1860 2376 
8533 2032 2479 625 2607 
8534 1522 1508 1599 2304 
8535 1383 2141 1410 2583 
8536 342 294 1134 2503 
8537 1958 2255 2195 2593 
8538 2070 2345 1981 2417 
8539 973 919 2201 2604 
8540 1473 1505 2311 2664 
8541 2336 2520 2043 2647 
8542 602 546 544 2496 
8543 935 2132 2406 2502 
8544 1975 2055 2413 2482 
8545 254 733 696 2173 
8546 2329 2450 2013 2652 
8547 1253 1245 2328 2353 
8548 1955 2176 2112 2495 
8549 1391 356 355 2338 
8550 2085 2304 1599 2681 
8551 1606 1646 1647 2450 
8552 2065 2188 1935 2457 
8553 579 2323 2425 2626 
8554 2051 2386 1962 2630 
8555 253 931 252 2093 
8556 1361 1405 2146 2341 
8557 2323 2425 2199 2637 
8558 1187 1184 1168 2410 
8559 507 2168 515 2577 
8560 851 252 251 1278 
8561 862 1365 254 856 
8562 2000 2628 2254 2640 
8563 291 2238 2135 2498 
8564 1003 1022 1023 2261 
8565 1522 1599 1515 2085 
8566 2057 2437 1960 2493 
8567 2053 2215 1963 2517 
8568 1979 2188 2065 2457 
8569 1998 2351 2257 2666 
8570 2308 2381 1967 2679 
8571 1486 1534 1575 2146 
8572 1557 1556 2096 2644 
8573 1930 2152 2195 2362 
8574 644 2226 575 2591 
8575 1917 2405 2285 2660 
8576 1684 718 804 2285 
8577 105 64 63 2525 
8578 1354 2208 1404 2573 
8579 954 2145 947 2451 
8580 793 762 697 2201 
8581 1642 135 134 668 
8582 66 107 108 2131 
8583 1783 1767 1796 2371 
8584 577 576 580 2278 
8585 1135 1087 316 1111 
8586 1302 2146 2407 2547 
8587 2083 2461 1958 2593 
8588 1958 2195 2318 2593 
8589 1462 1477 2260 2560 
8590 1722 1721 1720 2113 
8591 2081 1968 2156 2465 
8592 276 2247 275 2454 
8593 944 927 2154 2527 
8594 33 2203 374 2642 
8595 2065 2197 1967 2679 
8596 1120 1126 2344 2396 
8597 1542 2487 2239 2672 
8598 656 2293 50 2581 
8599 1492 1558 1493 2446 
8600 2348 2359 1965 2428 
8601 104 682 1608 2365 
8602 849 240 830 1219 
8603 933 280 279 2163 
8604 1874 1845 2106 2431 
8605 736 806 2161 2557 
8606 1031 1037 1012 2127 
8607 1938 2114 2331 2375 
8608 526 2430 2241 2690 
8609 528 629 653 2149 
8610 1977 2078 2382 2601 
8611 568 598 599 2369 
8612 850 238 237 1224 
8613 959 2406 967 2502 
8614 2045 2229 2106 2662 
8615 1550 1539 2346 2535 
8616 2174 2350 1978 2384 
8617 1936 2135 2238 2372 
8618 2004 2195 2152 2362 
8619 140 139 1672 687 
8620 2077 2237 1969 2485 
8621 1935 2169 2096 2457 
8622 2084 2216 1991 2544 
8623 1985 2559 2220 2616 
8624 2085 2304 1947 2574 
8625 1827 1913 1860 2128 
8626 2109 1987 2418 2638 
8627 1658 1684 1697 2285 
8628 2066 1938 2375 2532 
8629 1978 2483 2149 2539 
8630 1864 1866 1867 2334 
8631 1939 2393 2134 2515 
8632 2035 2340 2172 2617 
8633 1532 2109 1565 2418 
8634 1872 1915 1917 2405 
8635 2212 2614 1525 2624 
8636 666 130 131 1644 
8637 965 2240 929 2406 
8638 1052 990 1048 2455 
8639 2134 2393 1953 2515 
8640 253 1296 1424 1353 
8641 1844 2098 1878 2538 
8642 1311 233 234 852 
8643 563 2074 2392 2618 
8644 1675 1647 1618 2450 
8645 1758 2347 1757 2388 
8646 780 717 751 2038 
8647 1443 1708 2123 2512 
8648 2001 2603 2348 2674 
8649 1329 1326 1336 2513 
8650 971 2071 2472 2676 
8651 1500 2492 1490 2664 
8652 1124 1115 2162 2620 
8653 975 925 2091 2604 
8654 1244 1336 2180 2409 
8655 1390 1297 1298 2518 
8656 2000 2115 2254 2404 
8657 380 379 2227 2666 
8658 1523 1401 1360 1547 
8659 1959 2208 2200 2563 
8660 1266 2183 2284 2629 
8661 789 725 755 2265 
8662 2303 2384 908 2674 
8663 1751 2054 1800 2578 
8664 1857 2349 1846 2376 
8665 1199 1158 1141 2568 
8666 1822 2200 1884 2272 
8667 554 2063 2449 2663 
8668 2174 2348 277 2384 
8669 2025 2614 2212 2624 
8670 277 2384 2348 2674 
8671 2167 2413 2375 2482 
8672 115 1609 2305 2540 
8673 620 521 631 2164 
8674 2114 107 2331 2499 
8675 1410 2518 2141 2704 
8676 1472 1510 1454 2139 
8677 1123 2140 1126 2396 
8678 1546 1589 1548 2375 
8679 73 2088 114 2540 
8680 722 2228 813 2370 
8681 1864 2334 1867 2546 
8682 2009 2181 2543 2597 
8683 1438 1550 2346 2535 
8684 521 639 613 2411 
8685 354 353 1393 2389 
8686 2092 2199 2425 2637 
8687 2033 2560 2107 2622 
8688 2256 2644 1988 2654 
8689 2034 247 2352 2506 
8690 1035 1015 1052 2471 
8691 239 846 830 1221 
8692 2164 2006 2361 2470 
8693 1717 1715 1772 2141 
8694 2072 2337 2005 2522 
8695 980 743 1043 2211 
8696 923 2132 283 2423 
8697 2230 1840 2481 2585 
8698 1188 1186 1183 2398 
8699 1563 1565 2109 2478 
8700 1973 2255 2195 2467 
8701 33 378 374 2203 
8702 2107 2146 1994 2534 
8703 1679 1614 1448 2212 
8704 1292 2439 1401 2642 
8705 1291 2120 1345 2619 
8706 2142 2194 1928 2696 
8707 2113 1953 2393 2515 
8708 982 281 282 2435 
8709 860 1246 1381 829 
8710 526 2241 2377 2690 
8711 1076 2344 297 2396 
8712 2070 2358 353 2417 
8713 635 2323 2198 2705 
8714 1059 1046 1045 2122 
8715 1658 1697 1920 2285 
8716 1571 1523 1579 2024 
8717 243 361 843 2682 
8718 232 734 767 1231 
8719 1769 1732 2089 2553 
8720 1973 2195 2255 2602 
8721 1954 2301 2138 2530 
8722 2361 2462 288 2470 
8723 1525 1526 2212 2624 
8724 2088 2483 1978 2539 
8725 1170 354 2324 2417 
8726 2086 2010 2451 2463 
8727 1182 1178 1188 2257 
8728 534 67 2055 2645 
8729 1498 2167 1497 2413 
8730 2065 1935 2256 2457 
8731 2542 2567 2095 2670 
8732 2078 1977 2299 2601 
8733 1662 1670 108 1501 
8734 1832 2100 1862 2563 
8735 645 2331 2137 2497 
8736 539 538 540 2127 
8737 1845 1876 1874 2106 
8738 1676 1651 1694 2138 
8739 988 2247 1062 2695 
8740 1416 1485 1258 2207 
8741 2015 2468 2170 2533 
8742 1975 2537 2132 2605 
8743 1924 2274 2112 2617 
8744 955 2231 922 2517 
8745 2099 2361 289 2527 
8746 2148 2334 1946 2667 
8747 2348 2603 2359 2674 
8748 1938 2532 2048 2570 
8749 1438 1550 1539 2346 
8750 2093 2444 2611 2658 
8751 1877 2098 1844 2481 
8752 53 2296 773 2507 
8753 1832 2100 2579 2683 
8754 1952 2054 2393 2480 
8755 2040 2334 2148 2667 
8756 234 235 947 2050 
8757 1312 1256 1420 2200 
8758 1989 2510 2110 2616 
8759 2079 2312 1490 2664 
8760 1543 1567 1566 2342 
8761 1065 287 1038 2470 
8762 77 2150 119 2427 
8763 2054 2452 2393 2691 
8764 1590 2412 1573 2500 
8765 856 1365 254 1424 
8766 929 244 945 2280 
8767 2059 1943 2270 2528 
8768 1774 1807 1708 2123 
8769 1530 1528 1525 2418 
8770 2556 2600 2063 2663 
8771 760 2069 808 2639 
8772 794 698 763 2161 
8773 560 596 564 2505 
8774 1525 2212 1526 2614 
8775 849 857 241 1289 
8776 2146 2341 1405 2513 
8777 2257 2351 1998 2524 
8778 2133 2446 1347 2648 
8779 2183 2290 2000 2569 
8780 2032 2509 995 2589 
8781 2002 2600 2556 2663 
8782 2321 2460 2246 2646 
8783 2199 2092 2425 2613 
8784 1915 1870 1914 2090 
8785 384 2097 297 2373 
8786 2019 2158 2286 2520 
8787 1944 2028 2221 2388 
8788 145 146 676 1609 
8789 1576 2375 1589 2504 
8790 2223 2342 1964 2532 
8791 767 863 232 1364 
8792 106 2499 2114 2657 
8793 326 2380 2140 2386 
8794 615 604 561 2320 
8795 1004 1027 2189 2441 
8796 1096 326 1109 2140 
8797 1938 2331 2131 2375 
8798 1532 1531 1533 2638 
8799 2037 2419 2177 2484 
8800 108 2131 107 2499 
8801 1535 1213 1363 2222 
8802 244 2068 243 2682 
8803 2012 2615 2321 2646 
8804 1999 2242 2192 2428 
8805 1806 1554 2292 2512 
8806 2038 2028 2473 2623 
8807 1020 1048 981 2076 
8808 1612 150 149 674 
8809 2035 1956 2340 2431 
8810 651 623 573 2621 
8811 1263 1357 844 1339 
8812 1831 2283 1865 2579 
8813 1523 1547 1360 2439 
8814 816 2234 754 2268 
8815 2010 2086 2387 2463 
8816 1636 2116 1657 2530 
8817 960 2148 910 2286 
8818 1477 1493 1516 2260 
8819 1459 2267 1460 2308 
8820 645 616 2137 2645 
8821 2424 2466 2269 2639 
8822 532 624 79 2082 
8823 2237 2361 288 2470 
8824 328 2542 2058 2630 
8825 275 2242 2192 2454 
8826 1967 2219 2142 2699 
8827 1856 2376 1846 2431 
8828 1991 2216 2084 2669 
8829 2360 2631 2056 2693 
8830 290 2199 289 2566 
8831 535 2206 56 2508 
8832 917 2385 2043 2472 
8833 794 775 2244 2671 
8834 2100 2563 1959 2667 
8835 272 2521 273 2589 
8836 1952 2201 2516 2604 
8837 2003 2497 2137 2570 
8838 2172 2315 2035 2617 
8839 681 116 1630 2403 
8840 1881 2349 1861 2670 
8841 2051 1962 2438 2630 
8842 278 908 2303 2384 
8843 232 767 1364 1231 
8844 2359 2603 1965 2659 
8845 735 696 2173 2557 
8846 600 2419 2379 2591 
8847 1545 2332 1606 2450 
8848 1931 2476 2080 2693 
8849 1722 1737 1754 2151 
8850 250 1344 251 2529 
8851 1630 2305 1634 2403 
8852 1931 2080 2561 2693 
8853 2071 2402 1950 2586 
8854 1931 2080 2322 2561 
8855 1191 2257 1174 2351 
8856 1976 2050 2353 2515 
8857 1991 2216 2412 2434 
8858 238 850 846 1222 
8859 717 751 2038 2473 
8860 2192 2242 275 2428 
8861 251 2472 250 2529 
8862 1743 2628 1794 2640 
8863 620 61 521 2411 
8864 2131 2331 2114 2375 
8865 1479 2214 1488 2294 
8866 346 2464 2128 2568 
8867 1953 2144 2113 2452 
8868 645 2137 601 2497 
8869 2482 2605 1975 2665 
8870 2025 2365 1987 2391 
8871 2086 2359 1989 2463 
8872 1511 2084 2308 2381 
8873 1724 2250 1754 2633 
8874 2038 2388 2251 2473 
8875 1624 1601 2382 2668 
8876 1576 1589 1569 2504 
8877 1900 1824 1901 2329 
8878 295 2136 2309 2503 
8879 1432 1806 1554 2292 
8880 557 584 626 2415 
8881 2088 2400 2046 2540 
8882 2141 2383 1953 2518 
8883 2177 2419 1995 2484 
8884 1087 2108 1111 2554 
8885 1858 1847 1879 2176 
8886 806 794 736 2161 
8887 1967 2184 2308 2549 
8888 1693 1609 1643 2540 
8889 766 254 1232 733 
8890 1930 2077 2485 2593 
8891 2100 2609 2336 2667 
8892 1092 1105 322 2541 
8893 2000 2115 2404 2569 
8894 662 100 99 2253 
8895 2279 2080 2519 2561 
8896 1985 2111 2220 2534 
8897 947 2050 235 2451 
8898 842 31 242 1321 
8899 1514 2412 1590 2669 
8900 631 2164 521 2646 
8901 2253 2277 1977 2433 
8902 2132 2487 1968 2537 
8903 1048 2076 1020 2471 
8904 75 528 74 2483 
8905 2098 2230 2009 2598 
8906 2025 2365 2160 2558 
8907 296 2136 385 2373 
8908 1751 2054 2480 2691 
8909 2093 2573 2444 2609 
8910 1634 1652 1631 2434 
8911 323 1105 1092 2541 
8912 1830 1817 1831 2208 
8913 136 135 1648 675 
8914 662 129 130 1613 
8915 2252 2438 2031 2491 
8916 614 2460 2101 2497 
8917 2059 2270 279 2675 
8918 66 107 2131 2331 
8919 234 235 2050 2328 
8920 1692 1602 1668 2329 
8921 1804 1787 1711 2251 
8922 1298 1253 1350 2202 
8923 2132 2239 2156 2487 
8924 1327 1402 1328 2205 
8925 2058 2542 2051 2630 
8926 1988 2489 2222 2654 
8927 1710 1785 1801 2207 
8928 61 2411 2337 2635 
8929 756 1043 743 2211 
8930 1940 2075 2465 2514 
8931 1029 1028 2189 2584 
8932 47 515 506 2577 
8933 1947 2116 2374 2608 
8934 965 2423 942 2447 
8935 1719 1775 1705 2144 
8936 2016 2556 2270 2675 
8937 670 143 144 1649 
8938 1613 1690 1645 2277 
8939 848 359 1381 829 
8940 1290 2569 2183 2629 
8941 272 2155 2516 2521 
8942 2078 2299 1977 2382 
8943 1496 2131 2375 2413 
8944 1025 1024 2320 2474 
8945 1950 2060 2389 2627 
8946 2096 2256 1935 2457 
8947 321 1098 320 2108 
8948 1144 1200 361 2684 
8949 2288 2581 48 2692 
8950 1096 2140 1109 2599 
8951 23 316 2533 2555 
8952 1981 2345 2136 2373 
8953 1937 2136 2438 2490 
8954 2004 2318 2083 2565 
8955 241 240 2205 2488 
8956 1469 1463 2197 2679 
8957 1989 2086 2387 2659 
8958 1959 2093 2243 2658 
8959 1756 2221 1757 2347 
8960 2012 2321 2246 2646 
8961 807 770 2509 2694 
8962 2121 2347 2011 2501 
8963 341 342 2503 2567 
8964 1827 346 1922 2464 
8965 2147 2209 921 2594 
8966 1947 2304 2085 2681 
8967 1006 1002 2581 2692 
8968 1465 1479 1480 2312 
8969 1876 2106 1845 2585 
8970 577 541 576 2092 
8971 1971 2230 2481 2585 
8972 1232 1367 733 2173 
8973 1513 1512 1478 2216 
8974 1336 1326 1244 2180 
8975 252 931 917 2385 
8976 357 1209 358 2352 
8977 79 2082 2427 2545 
8978 1927 2098 2433 2456 
8979 2141 2518 2452 2704 
8980 2063 2556 2016 2584 
8981 2177 2449 2103 2600 
8982 247 248 941 2506 
8983 1969 2164 2411 2485 
8984 1258 1382 1416 2207 
8985 2055 2413 2131 2494 
8986 277 2350 2174 2384 
8987 1250 1262 1242 2703 
8988 1935 2232 2057 2696 
8989 2167 2375 1938 2482 
8990 359 1174 1178 2257 
8991 1576 1441 2167 2486 
8992 538 2191 537 2377 
8993 2179 2520 2019 2641 
8994 1964 2212 2114 2624 
8995 1500 1502 1503 2664 
8996 2359 2603 2110 2674 
8997 2128 2464 2262 2568 
8998 1437 2170 1494 2673 
8999 1451 1505 1450 2468 
9000 1253 1254 1245 2353 
9001 323 2300 324 2590 
9002 2059 2303 2163 2685 
9003 1014 2261 1022 2507 
9004 1372 1370 1203 2640 
9005 1982 2150 2427 2476 
9006 1283 2531 2276 2573 
9007 112 2314 2079 2492 
9008 1014 1026 1022 2261 
9009 1951 2237 2362 2485 
9010 600 601 2137 2379 
9011 2098 2538 2433 2649 
9012 2250 2633 1724 2677 
9013 287 2237 288 2470 
9014 1496 2375 1498 2413 
9015 2080 2476 2242 2693 
9016 659 128 129 1639 
9017 645 2137 2331 2645 
9018 108 684 1662 2499 
9019 603 2178 531 2436 
9020 708 2296 768 2479 
9021 1328 1396 2205 2307 
9022 755 693 789 2166 
9023 1479 2294 1480 2312 
9024 1969 2237 2164 2485 
9025 95 692 718 2285 
9026 1201 348 1142 352 
9027 1246 359 1381 848 
9028 2196 2354 2056 2521 
9029 1559 1555 1483 2102 
9030 1440 1569 1567 2342 
9031 2269 2424 2017 2498 
9032 1965 2519 2298 2659 
9033 2082 2360 2011 2536 
9034 1372 1203 1700 2640 
9035 781 754 719 2268 
9036 2060 2490 2358 2698 
9037 646 588 581 2069 
9038 1148 2351 2682 2684 
9039 2080 1931 2322 2476 
9040 2103 2288 589 2643 
9041 1839 2230 1840 2481 
9042 1283 1282 2531 2573 
9043 1993 2277 2253 2433 
9044 989 1045 1042 2296 
9045 2118 2276 2045 2687 
9046 1713 1780 1789 2102 
9047 1353 1421 1424 2611 
9048 2157 1943 2270 2339 
9049 276 2192 2174 2454 
9050 1792 1766 1767 2138 
9051 2025 2614 1525 2650 
9052 1006 1032 1002 2692 
9053 1022 2443 999 2507 
9054 2067 2326 1997 2590 
9055 2151 2250 2022 2633 
9056 771 808 741 2269 
9057 1595 1811 1562 2207 
9058 1977 2357 2299 2601 
9059 1931 2143 2631 2693 
9060 1881 2275 2349 2670 
9061 1971 2481 2306 2585 
9062 1726 1725 1724 2677 
9063 937 2359 957 2674 
9064 1523 1588 1401 1547 
9065 705 1256 1414 2200 
9066 531 603 651 2178 
9067 1033 2211 1044 2511 
9068 1773 2432 1774 2512 
9069 1069 1040 987 2175 
9070 105 2525 63 2558 
9071 1313 1403 2235 2687 
9072 2275 2346 1955 2542 
9073 104 2160 2365 2558 
9074 1938 2167 2482 2537 
9075 1638 1616 121 2501 
9076 1007 1015 2288 2581 
9077 1859 1856 1860 2376 
9078 1927 2072 2416 2678 
9079 1658 126 125 665 
9080 1946 2286 2043 2520 
9081 2256 2368 2008 2654 
9082 1016 1013 1017 2241 
9083 1229 1225 1226 2204 
9084 851 253 252 1296 
9085 1927 2433 2072 2678 
9086 1563 1438 2478 2638 
9087 1803 1804 1711 2251 
9088 2329 2399 1538 2652 
9089 1538 2329 1561 2399 
9090 1434 2170 1436 2533 
9091 1959 2200 2173 2557 
9092 1528 1532 1565 2418 
9093 588 2069 646 2639 
9094 957 937 916 2359 
9095 1103 1137 1101 340 
9096 1955 2495 2041 2702 
9097 48 2191 634 2288 
9098 2306 2481 1840 2585 
9099 2093 2444 1282 2611 
9100 1953 2383 2202 2518 
9101 1233 1372 1790 2290 
9102 986 288 289 2462 
9103 276 277 2174 2348 
9104 1674 2116 1636 2374 
9105 1828 1829 1884 2200 
9106 957 2359 953 2674 
9107 1020 2076 981 2595 
9108 2284 2368 2008 2453 
9109 930 2445 2171 2506 
9110 1952 2228 2028 2370 
9111 1689 1619 1570 2102 
9112 1821 342 341 2567 
9113 741 1073 712 2269 
9114 320 1098 1132 2108 
9115 1372 1407 2569 2640 
9116 1951 2083 2237 2361 
9117 1998 2227 2217 2514 
9118 997 1022 999 2507 
9119 1655 154 153 686 
9120 1903 2357 2299 2649 
9121 1977 2098 2433 2649 
9122 1944 2354 2056 2360 
9123 2056 2354 2022 2360 
9124 1527 2225 1566 2342 
9125 1774 2123 1708 2512 
9126 142 141 1663 688 
9127 1939 2333 2196 2631 
9128 915 2215 2488 2523 
9129 1277 845 840 250 
9130 956 944 2154 2676 
9131 1532 1563 2109 2638 
9132 1448 1526 2212 2614 
9133 645 616 601 2137 
9134 1941 2048 2594 2596 
9135 2304 2374 2102 2681 
9136 1966 2072 2198 2680 
9137 2013 2190 2125 2450 
9138 1127 2309 2058 2503 
9139 1959 2161 2272 2557 
9140 1650 149 148 673 
9141 983 1063 2350 2474 
9142 975 2091 2442 2604 
9143 2071 2402 2154 2676 
9144 2005 2072 2522 2678 
9145 1073 293 712 2269 
9146 282 923 283 2423 
9147 340 1137 1089 329 
9148 1020 2191 1009 2471 
9149 1448 1525 1526 2614 
9150 1730 1724 2633 2677 
9151 1779 1800 2562 2578 
9152 1251 2629 2284 2634 
9153 2131 2375 2413 2482 
9154 684 137 138 1662 
9155 1885 1819 1886 2702 
9156 1488 1444 1495 2494 
9157 1845 2106 2431 2585 
9158 1049 2168 1034 2426 
9159 914 958 928 2158 
9160 2068 2351 1998 2469 
9161 323 2541 2119 2590 
9162 1988 2284 2183 2368 
9163 97 2206 2090 2508 
9164 2254 2404 2026 2493 
9165 1542 321 320 2239 
9166 1346 2133 1285 2648 
9167 2220 2534 2111 2571 
9168 2061 2634 1250 2648 
9169 1293 2444 1282 2573 
9170 2013 2041 2399 2652 
9171 1212 1377 1404 2208 
9172 2105 1966 2580 2626 
9173 1521 1557 1556 2096 
9174 1942 2220 2111 2571 
9175 1958 2291 2154 2318 
9176 1965 2428 2086 2659 
9177 927 956 944 2154 
9178 1311 1351 1350 2202 
9179 1361 1204 1431 2547 
9180 1641 1433 1680 2492 
9181 52 51 2443 2697 
9182 47 2377 48 2577 
9183 1148 2682 361 2684 
9184 1434 1437 1436 2170 
9185 790 746 722 2228 
9186 1439 325 1543 2390 
9187 681 146 147 1630 
9188 978 2201 919 2516 
9189 1571 1579 1484 2273 
9190 2057 2194 2142 2696 
9191 1297 1253 1298 2353 
9192 1124 2162 1113 2582 
9193 959 965 929 2406 
9194 1650 1612 119 2301 
9195 2132 2406 1980 2423 
9196 1122 1105 323 2364 
9197 2047 1960 2316 2437 
9198 1714 1787 1804 2251 
9199 633 704 765 2639 
9200 1960 2047 2316 2414 
9201 751 711 815 2623 
9202 1925 2057 2519 2699 
9203 74 73 115 2483 
9204 2000 2290 2130 2628 
9205 2199 2238 1966 2566 
9206 2033 2308 2184 2549 
9207 1437 1434 1494 2170 
9208 2164 2361 2237 2470 
9209 2057 2298 1926 2493 
9210 506 513 511 2168 
9211 546 601 2379 2497 
9212 1623 1646 1628 2266 
9213 1716 1811 1382 2207 
9214 982 2177 1061 2600 
9215 564 2186 598 2392 
9216 1134 1074 294 342 
9217 2415 2556 2016 2663 
9218 1946 2336 2052 2520 
9219 2208 2563 1959 2609 
9220 2259 2315 2051 2491 
9221 1352 2202 2383 2518 
9222 383 1162 1173 2448 
9223 1146 1170 354 2324 
9224 1329 2407 2146 2513 
9225 66 2131 108 2645 
9226 2003 2321 2076 2496 
9227 507 509 513 2168 
9228 277 908 2384 2674 
9229 2194 2453 1928 2696 
9230 1965 2359 2086 2428 
9231 1243 1242 1229 2258 
9232 243 2068 2395 2682 
9233 1571 2273 1494 2408 
9234 1548 1498 1496 2375 
9235 1828 1414 1384 2200 
9236 2120 2258 1974 2629 
9237 2074 2320 2044 2474 
9238 1878 2538 2098 2649 
9239 142 143 658 1641 
9240 2290 2569 1407 2640 
9241 808 2269 771 2639 
9242 279 2270 2556 2675 
9243 1964 2525 2160 2610 
9244 1917 1899 2285 2405 
9245 1856 1846 1855 2431 
9246 1009 1007 1035 2288 
9247 1782 1753 1786 2297 
9248 1436 2170 1437 2468 
9249 1285 2133 1347 2648 
9250 2056 1944 2360 2521 
9251 1007 1005 1015 2581 
9252 77 523 2150 2427 
9253 1758 1756 1757 2347 
9254 1971 2274 2179 2572 
9255 2210 2313 1986 2655 
9256 321 2239 1542 2487 
9257 1060 987 1058 2175 
9258 2121 1944 2347 2388 
9259 726 769 643 2175 
9260 2131 2413 2055 2482 
9261 1352 2202 1351 2383 
9262 623 80 81 2271 
9263 1576 2167 1498 2375 
9264 1044 1033 980 2211 
9265 1545 1549 2332 2450 
9266 1955 2315 2095 2542 
9267 589 550 520 2288 
9268 611 2105 617 2626 
9269 137 136 1640 679 
9270 59 2072 100 2522 
9271 1976 2113 2363 2515 
9272 589 552 2103 2643 
9273 2179 2274 1972 2572 
9274 748 793 774 2201 
9275 1533 2125 2535 2638 
9276 241 2488 2205 2523 
9277 1548 1496 2131 2375 
9278 1565 1532 1563 2109 
9279 1762 2254 1733 2628 
9280 805 2562 2054 2578 
9281 348 1138 1201 1140 
9282 1633 2165 1652 2374 
9283 2205 2307 241 2523 
9284 762 925 973 2201 
9285 1240 1394 2118 2687 
9286 762 2201 793 2700 
9287 287 2077 286 2461 
9288 1439 1544 2390 2478 
9289 122 2501 2121 2536 
9290 1943 2311 2046 2400 
9291 1971 2340 2274 2572 
9292 1650 2301 118 2701 
9293 971 2472 958 2676 
9294 1393 1240 1394 2118 
9295 683 144 145 1643 
9296 1974 2258 2061 2634 
9297 1193 2345 2070 2417 
9298 2011 2360 2082 2545 
9299 1693 1643 2500 2540 
9300 981 2076 2455 2595 
9301 646 2069 525 2639 
9302 627 574 2122 2618 
9303 1061 1015 1039 2103 
9304 276 1062 275 2247 
9305 1432 1704 1806 2292 
9306 1561 1891 1446 2399 
9307 1903 2299 1904 2649 
9308 315 1087 1085 2554 
9309 2094 1963 2233 2339 
9310 1970 2249 2356 2544 
9311 2002 2556 2415 2663 
9312 1946 2043 2336 2520 
9313 1049 1047 1034 2168 
9314 2258 2629 1243 2634 
9315 1956 2431 2235 2662 
9316 1678 1645 2277 2653 
9317 1493 1435 1587 2222 
9318 1922 346 27 2464 
9319 1893 2285 752 2660 
9320 1055 982 282 2177 
9321 281 2231 942 2423 
9322 340 341 2567 2670 
9323 935 923 959 2406 
9324 751 780 2038 2621 
9325 1927 2433 2236 2680 
9326 2277 2433 1993 2538 
9327 574 647 627 2122 
9328 1978 2528 2088 2539 
9329 320 2108 316 2555 
9330 2114 2212 1964 2525 
9331 756 2211 714 2394 
9332 1989 2153 2510 2616 
9333 121 2501 1616 2536 
9334 638 625 2436 2694 
9335 1151 359 360 2351 
9336 374 2439 1292 2642 
9337 1840 2306 1841 2481 
9338 2238 2372 2135 2498 
9339 2097 2396 2140 2548 
9340 1762 1733 1743 2628 
9341 2076 2321 2246 2595 
9342 932 2053 2523 2612 
9343 2095 2315 1955 2349 
9344 1884 1822 1897 2200 
9345 1970 2049 2305 2544 
9346 1826 2329 1901 2399 
9347 2019 2179 2158 2520 
9348 531 2178 651 2621 
9349 276 275 916 2192 
9350 1700 2115 1786 2640 
9351 592 634 2191 2643 
9352 1487 2239 2533 2672 
9353 1030 2063 992 2600 
9354 1626 2299 1660 2317 
9355 1629 1642 1608 2558 
9356 1802 1803 1776 2121 
9357 1102 342 1131 2503 
9358 1607 1593 1661 2681 
9359 1659 2420 1690 2606 
9360 1978 2528 2384 2675 
9361 1955 2176 2495 2702 
9362 2116 2263 1947 2550 
9363 280 2270 2157 2556 
9364 1028 1004 1027 2189 
9365 1960 2047 2414 2493 
9366 1563 2478 2109 2638 
9367 2060 2358 1956 2698 
9368 1975 2167 2413 2672 
9369 1497 2167 1441 2487 
9370 764 637 699 2621 
9371 1088 1136 1081 2554 
9372 841 237 236 1339 
9373 1926 2298 2057 2659 
9374 2192 2348 1965 2428 
9375 2084 2245 1991 2669 
9376 1410 2141 1422 2583 
9377 1957 2408 2024 2439 
9378 1619 1687 1653 2681 
9379 1533 2125 1572 2535 
9380 1066 292 293 2269 
9381 1955 2112 2259 2495 
9382 131 132 677 1601 
9383 2001 2110 2603 2674 
9384 2047 1960 2437 2493 
9385 784 728 715 2168 
9386 1499 1490 1445 2526 
9387 246 913 245 2524 
9388 807 770 742 2509 
9389 1352 1298 2202 2518 
9390 241 2523 2307 2612 
9391 1880 1842 1838 2598 
9392 1543 2300 1567 2342 
9393 2094 2233 1963 2468 
9394 1860 1856 1906 2124 
9395 527 2226 619 2397 
9396 1812 1313 1902 2235 
9397 1776 1802 2121 2501 
9398 281 2231 2423 2592 
9399 1942 2107 2220 2571 
9400 1486 1579 2341 2401 
9401 1983 2244 2148 2625 
9402 2057 2188 2142 2699 
9403 1295 1394 1359 2276 
9404 1321 1289 857 1217 
9405 106 2525 1648 2657 
9406 342 1134 1131 2503 
9407 2288 2471 2191 2643 
9408 2022 2347 2295 2360 
9409 2083 2318 1972 2565 
9410 1865 2229 1833 2579 
9411 1758 2121 2347 2388 
9412 1057 2350 278 2675 
9413 66 2331 2131 2645 
9414 1361 1409 1204 2547 
9415 2050 2328 235 2451 
9416 628 656 2293 2441 
9417 2285 2405 1996 2660 
9418 920 237 238 2510 
9419 529 614 2101 2497 
9420 1176 347 1194 2568 
9421 1096 325 2140 2599 
9422 1827 2128 346 2464 
9423 966 921 949 2147 
9424 2242 2551 2056 2693 
9425 1947 2374 2165 2608 
9426 1938 2287 2182 2570 
9427 1920 804 1825 2285 
9428 325 324 1543 2300 
9429 1505 1475 1450 2094 
9430 1785 1562 1811 2207 
9431 298 382 299 2210 
9432 1088 1081 314 2554 
9433 2407 2513 2180 2534 
9434 235 1264 852 1263 
9435 940 962 970 2134 
9436 748 793 2201 2700 
9437 1262 1250 2648 2703 
9438 2465 2486 1968 2487 
9439 563 2392 2074 2505 
9440 2093 2243 2043 2609 
9441 1002 1004 2293 2441 
9442 1817 1212 1377 417 
9443 522 621 635 2198 
9444 2116 1947 2374 2550 
9445 753 789 693 2166 
9446 661 150 151 1638 
9447 630 2282 559 2636 
9448 1283 2276 1295 2573 
9449 937 957 953 2674 
9450 575 2419 600 2591 
9451 625 2436 2032 2607 
9452 554 555 2422 2663 
9453 1584 1670 1501 2494 
9454 773 1042 985 2296 
9455 1940 2119 2465 2541 
9456 578 2355 541 2637 
9457 728 784 707 2168 
9458 1977 2433 2213 2678 
9459 235 2328 236 2451 
9460 854 245 244 2682 
9461 292 1066 1054 2498 
9462 2287 2502 2147 2596 
9463 1969 2237 2077 2587 
9464 1985 2111 2534 2632 
9465 382 298 383 2210 
9466 2208 2573 1990 2609 
9467 1772 2562 2141 2583 
9468 2086 1989 2387 2463 
9469 1875 1902 1906 2235 
9470 1313 1359 1403 2687 
9471 1989 2204 2258 2387 
9472 2386 2390 326 2478 
9473 2002 2656 2449 2663 
9474 1958 2195 2255 2467 
9475 620 2164 631 2705 
9476 1610 1695 1651 2371 
9477 1737 2480 2151 2691 
9478 2020 2248 2171 2506 
9479 1892 1873 2166 2265 
9480 2097 1997 2396 2548 
9481 282 283 2484 2605 
9482 1440 1567 2300 2342 
9483 282 281 2423 2592 
9484 2148 2161 2040 2667 
9485 1929 2252 2067 2548 
9486 916 2192 275 2428 
9487 1553 1446 1819 2399 
9488 53 727 773 2296 
9489 2143 2298 1999 2561 
9490 1855 1875 2431 2662 
9491 1102 1100 1134 342 
9492 531 2436 2178 2694 
9493 2085 2216 1970 2434 
9494 1966 2236 2193 2680 
9495 274 918 948 2333 
9496 647 2122 574 2479 
9497 561 2320 2261 2443 
9498 2141 1953 2452 2518 
9499 552 642 589 2103 
9500 1985 2534 2180 2632 
9501 2131 2331 107 2499 
9502 296 1075 1106 2344 
9503 1896 1913 1827 2128 
9504 979 232 975 2091 
9505 1527 1566 1567 2342 
9506 340 2542 329 2670 
9507 1790 2290 1372 2640 
9508 1295 2276 1283 2531 
9509 1968 2502 2287 2596 
9510 2127 2595 2012 2615 
9511 2076 2595 2127 2615 
9512 73 622 533 2636 
9513 294 342 2464 2503 
9514 1496 2131 2413 2494 
9515 1502 2311 1503 2664 
9516 1258 1423 1400 2489 
9517 701 1779 2562 2578 
9518 943 286 2209 2461 
9519 1346 1347 1285 2133 
9520 1020 1012 1009 2191 
9521 1773 1746 1774 2432 
9522 805 2578 2054 2700 
9523 1246 360 359 848 
9524 1967 2142 2219 2549 
9525 1575 2146 1534 2547 
9526 1971 2456 2306 2481 
9527 1050 1025 1023 2074 
9528 1648 2525 2212 2657 
9529 1758 1803 2121 2388 
9530 1154 372 1153 1200 
9531 2114 2375 1938 2532 
9532 1112 1131 1127 2503 
9533 1404 2208 1312 2444 
9534 281 2157 280 2592 
9535 1966 2193 2105 2580 
9536 241 2307 242 2612 
9537 1410 2383 2141 2518 
9538 297 2344 296 2373 
9539 1861 1881 1857 2349 
9540 282 2423 2264 2592 
9541 1884 2272 2200 2563 
9542 378 1171 1198 2469 
9543 2083 1972 2318 2527 
9544 1899 1658 2285 2405 
9545 508 505 510 2211 
9546 2055 67 2494 2645 
9547 353 1181 1172 2417 
9548 1927 2433 2098 2597 
9549 909 2240 2447 2612 
9550 1758 2121 1802 2347 
9551 2022 2354 2056 2631 
9552 1928 2219 2142 2549 
9553 1255 1887 1375 2283 
9554 1010 1012 1013 2377 
9555 1657 1636 1674 2116 
9556 594 2159 605 2415 
9557 19 1896 1922 2464 
9558 352 2358 2235 2687 
9559 79 2082 624 2427 
9560 579 2425 2323 2637 
9561 1932 2249 2084 2544 
9562 2120 2619 2258 2629 
9563 2155 2370 271 2516 
9564 47 506 2426 2577 
9565 1548 2375 2131 2499 
9566 1643 1649 2500 2540 
9567 1929 2343 2252 2548 
9568 2348 2384 2001 2674 
9569 959 935 2406 2502 
9570 1029 1028 1027 2189 
9571 1126 2344 2140 2380 
9572 1424 253 1353 2611 
9573 1995 2177 2435 2656 
9574 911 963 941 2126 
9575 287 286 2077 2587 
9576 361 1200 1197 2684 
9577 958 2472 2158 2676 
9578 60 61 620 2337 
9579 715 728 757 2426 
9580 1920 1899 1658 2285 
9581 1198 1155 374 1195 
9582 2010 2328 2050 2451 
9583 1584 1670 109 1672 
9584 1941 2209 2147 2594 
9585 1957 2447 2240 2612 
9586 2170 2218 1980 2533 
9587 541 538 576 2241 
9588 1463 1516 1469 2197 
9589 1028 992 1030 2063 
9590 724 713 723 2234 
9591 1120 1123 1126 2396 
9592 1224 1234 850 1222 
9593 1422 2141 1410 2383 
9594 1679 2212 1536 2657 
9595 531 651 637 2621 
9596 1611 1895 1678 2277 
9597 283 923 935 2132 
9598 965 959 923 2406 
9599 1462 1477 1516 2260 
9600 300 1077 1113 2582 
9601 992 2063 2584 2600 
9602 1148 1197 2351 2684 
9603 967 2081 2445 2502 
9604 2040 2100 2334 2667 
9605 2095 2349 2275 2670 
9606 522 2198 635 2580 
9607 2089 2325 1769 2553 
9608 2089 2281 1960 2553 
9609 1442 1599 2304 2681 
9610 244 2280 2068 2682 
9611 1229 2258 2204 2619 
9612 124 716 1683 663 
9613 2143 2250 2026 2281 
9614 324 1121 1122 2599 
9615 1829 2208 1830 2563 
9616 1220 830 1221 1219 
9617 1570 1483 1594 2102 
9618 295 2309 1117 2503 
9619 1722 1723 1721 2363 
9620 671 1684 95 718 
9621 2163 2303 1942 2685 
9622 1772 1718 1717 2704 
9623 1973 2051 2386 2491 
9624 992 2063 1028 2584 
9625 1959 2243 2093 2609 
9626 2018 2618 2392 2695 
9627 1789 1788 2102 2550 
9628 972 763 926 2161 
9629 1959 2444 2208 2609 
9630 1392 1344 1343 2529 
9631 542 2321 544 2496 
9632 526 46 2430 2690 
9633 969 933 952 2517 
9634 1535 1519 2222 2489 
9635 329 2542 2275 2670 
9636 2149 2319 2049 2483 
9637 1989 2387 2194 2659 
9638 1881 2349 2275 2702 
9639 2056 2360 2022 2631 
9640 1733 2254 1768 2414 
9641 1446 1891 1819 2399 
9642 676 1609 116 2305 
9643 323 2364 2541 2590 
9644 1964 2114 2504 2624 
9645 2072 2253 100 2522 
9646 95 718 1684 2285 
9647 1175 1190 1180 2345 
9648 992 2584 2556 2600 
9649 2132 1968 2502 2537 
9650 1065 1038 1031 2595 
9651 1960 2298 2143 2561 
9652 1837 1840 2230 2585 
9653 2287 2502 1968 2537 
9654 2337 2411 2062 2635 
9655 1994 2534 2407 2559 
9656 1728 2414 2281 2553 
9657 271 2155 272 2509 
9658 1258 1400 2207 2489 
9659 1144 372 1200 2684 
9660 1927 2072 2433 2680 
9661 773 787 1042 2296 
9662 1370 1372 1407 2569 
9663 1372 2290 1407 2640 
9664 2137 2482 2055 2591 
9665 2392 2618 2074 2695 
9666 1123 1109 2140 2599 
9667 1738 2263 1742 2432 
9668 2012 2355 2127 2615 
9669 582 2424 609 2626 
9670 2104 2270 1943 2528 
9671 1881 1858 2349 2702 
9672 2083 2361 2099 2527 
9673 1991 2500 2046 2540 
9674 1947 2165 2224 2608 
9675 1738 1742 1774 2432 
9676 1925 2279 2080 2519 
9677 2066 2375 2504 2532 
9678 2037 2496 2471 2643 
9679 372 2682 2395 2684 
9680 1544 2386 326 2478 
9681 851 1278 1296 1280 
9682 1938 2182 2287 2537 
9683 1728 2316 2414 2553 
9684 1551 1560 1504 2245 
9685 2204 2387 1989 2463 
9686 1928 2559 2061 2616 
9687 1084 1117 295 2309 
9688 1772 1784 2562 2583 
9689 1944 2056 2354 2521 
9690 949 2147 921 2594 
9691 1574 1497 1542 2672 
9692 282 283 1055 2484 
9693 1123 2396 1116 2599 
9694 2264 2435 281 2592 
9695 73 115 2088 2540 
9696 1967 2308 2084 2381 
9697 751 2038 2473 2623 
9698 1451 2233 2468 2673 
9699 324 1122 2364 2599 
9700 1255 1894 1887 2283 
9701 102 667 103 2635 
9702 1930 2195 2152 2602 
9703 2083 1972 2527 2565 
9704 1291 2120 2569 2629 
9705 993 1066 1073 2269 
9706 1254 1299 1340 2327 
9707 604 562 563 2505 
9708 1975 2264 2294 2665 
9709 1979 2065 2367 2457 
9710 2025 2391 1987 2418 
9711 300 1115 1079 2620 
9712 1751 2480 2054 2578 
9713 2037 2379 2419 2484 
9714 1442 1619 1661 2681 
9715 1850 2176 1858 2702 
9716 281 2264 282 2435 
9717 930 2171 246 2506 
9718 1025 1024 1023 2320 
9719 1085 1136 1088 2554 
9720 71 72 632 2314 
9721 628 2189 519 2441 
9722 740 2562 758 2583 
9723 2097 2343 2014 2655 
9724 2298 2519 2080 2561 
9725 2315 2438 2051 2491 
9726 1726 2281 1725 2677 
9727 1673 2412 1693 2500 
9728 1719 2144 1705 2704 
9729 1928 2219 2549 2603 
9730 2016 2063 2422 2663 
9731 61 2337 102 2635 
9732 1743 1794 1763 2640 
9733 122 1616 2501 2536 
9734 1441 2167 2486 2487 
9735 534 2055 2591 2645 
9736 520 2288 550 2581 
9737 1765 1764 1759 2295 
9738 1373 1211 405 1705 
9739 1719 2144 1718 2452 
9740 2033 2267 2184 2308 
9741 1933 2572 2087 2576 
9742 1585 1519 2489 2644 
9743 2057 2519 1965 2659 
9744 1183 2313 1187 2410 
9745 500 1605 1813 1889 
9746 2044 2422 2016 2584 
9747 1229 1345 2258 2619 
9748 1968 2147 2502 2596 
9749 361 1206 31 843 
9750 78 77 119 2427 
9751 251 2385 2036 2529 
9752 924 972 960 2161 
9753 1116 2599 2396 2620 
9754 559 560 558 2282 
9755 1995 2419 2379 2484 
9756 380 301 300 2217 
9757 541 2092 577 2637 
9758 1346 1285 1250 2648 
9759 518 506 512 2426 
9760 1660 2299 1889 2317 
9761 278 2384 2059 2675 
9762 1995 2419 2177 2656 
9763 1772 2141 1715 2583 
9764 1985 2407 2180 2534 
9765 2054 2562 805 2700 
9766 535 617 611 2105 
9767 942 2423 2231 2447 
9768 1891 1826 1901 2399 
9769 2221 2347 1944 2388 
9770 1543 1440 1567 2300 
9771 1497 1441 1542 2487 
9772 2237 2485 2077 2593 
9773 1126 1123 1109 2140 
9774 1372 2569 1370 2640 
9775 1788 1809 1713 2102 
9776 1906 1818 1860 2124 
9777 1998 2398 2217 2666 
9778 624 532 590 2369 
9779 2253 2277 1993 2606 
9780 48 2288 520 2581 
9781 939 951 952 2111 
9782 1950 2087 2586 2627 
9783 1233 2290 1706 2440 
9784 2114 2525 1964 2532 
9785 2123 2432 1979 2512 
9786 2055 2482 2137 2645 
9787 1381 1209 1385 847 
9788 65 106 107 2331 
9789 1613 1690 2253 2606 
9790 776 1890 702 2272 
9791 1616 1682 122 2501 
9792 1933 2087 2572 2588 
9793 1336 2409 1337 2703 
9794 2379 2455 2003 2484 
9795 1903 1853 2357 2649 
9796 649 617 2580 2626 
9797 1137 1103 1112 340 
9798 1971 2230 2456 2481 
9799 968 960 910 2286 
9800 2076 2455 2003 2496 
9801 380 300 381 2217 
9802 1670 1584 109 2494 
9803 2407 2534 1985 2559 
9804 234 235 1264 852 
9805 2148 2243 2161 2667 
9806 2002 2449 2600 2663 
9807 2294 2413 1489 2672 
9808 1444 1672 110 2526 
9809 1446 1538 1561 2399 
9810 1306 1266 1378 2183 
9811 2083 2527 2099 2565 
9812 1573 2412 1673 2500 
9813 656 50 2293 2441 
9814 2137 2591 2055 2645 
9815 973 962 919 2604 
9816 1642 1698 1614 2614 
9817 787 768 708 2296 
9818 1634 2305 1609 2434 
9819 1745 1770 1771 2169 
9820 1044 2211 1043 2697 
9821 2194 2232 1974 2696 
9822 1121 1116 1122 2599 
9823 1736 1741 1740 2325 
9824 2070 2345 1193 2568 
9825 951 952 2111 2488 
9826 715 518 512 2426 
9827 1329 2146 1409 2513 
9828 1532 2109 2418 2638 
9829 1404 2208 2444 2573 
9830 1468 1467 2367 2679 
9831 1737 1722 1720 2691 
9832 1501 1662 1592 2499 
9833 1643 114 1649 2540 
9834 759 705 809 2200 
9835 1977 2382 2299 2653 
9836 2005 2078 2382 2668 
9837 1661 1593 1442 2681 
9838 2101 1964 2525 2532 
9839 922 281 280 2592 
9840 1124 2162 2364 2620 
9841 980 1043 1044 2211 
9842 931 2243 253 2658 
9843 295 2262 2136 2503 
9844 939 2303 908 2674 
9845 1223 1244 1221 2409 
9846 33 374 1292 2642 
9847 1938 2482 2182 2537 
9848 2100 1959 2563 2609 
9849 692 719 718 2285 
9850 963 2461 943 2661 
9851 51 2441 2443 2697 
9852 1182 1168 357 2410 
9853 2211 2394 1043 2697 
9854 2055 2482 1975 2665 
9855 1962 2386 2380 2630 
9856 1535 2222 1363 2489 
9857 2106 1874 2431 2662 
9858 705 2200 737 2557 
9859 1213 1535 1435 2222 
9860 2030 2339 2233 2685 
9861 2010 2387 2204 2463 
9862 721 790 2370 2623 
9863 2355 2637 586 2705 
9864 2362 2485 2237 2593 
9865 251 2036 2385 2472 
9866 1176 1139 1138 347 
9867 1505 1475 2094 2664 
9868 1051 1068 2278 2613 
9869 1732 1764 2295 2677 
9870 534 619 644 2226 
9871 1196 2345 386 2568 
9872 747 746 1778 2228 
9873 1507 1443 1555 2123 
9874 2099 2459 289 2566 
9875 937 2348 2359 2674 
9876 1604 1636 1657 2530 
9877 1352 1298 1351 2202 
9878 282 2264 281 2592 
9879 292 2269 1066 2498 
9880 1608 104 2365 2558 
9881 909 2240 965 2447 
9882 925 973 2201 2604 
9883 805 748 2578 2700 
9884 55 572 54 2268 
9885 1116 2364 1122 2599 
9886 2290 2628 2000 2640 
9887 1999 2631 2143 2693 
9888 110 685 111 2526 
9889 1937 2315 2172 2438 
9890 1462 1516 1463 2197 
9891 2217 2398 380 2666 
9892 2171 2352 246 2506 
9893 104 668 105 2558 
9894 1385 1342 853 847 
9895 782 733 1367 2173 
9896 1961 2205 2180 2488 
9897 1125 1111 2108 2554 
9898 1337 2153 1242 2703 
9899 1961 2488 2215 2523 
9900 2186 2247 2007 2454 
9901 1525 2225 1527 2624 
9902 1927 2213 2433 2678 
9903 1002 2293 1005 2581 
9904 1871 1909 1914 2420 
9905 1728 2281 1727 2553 
9906 2156 2239 1980 2555 
9907 1648 2212 105 2558 
9908 1778 1703 747 2228 
9909 2119 2486 2465 2541 
9910 1544 326 2390 2478 
9911 386 2136 2262 2345 
9912 254 2611 2173 2658 
9913 323 2486 2119 2541 
9914 2180 2205 1961 2513 
9915 2041 2495 2176 2702 
9916 2181 2538 1993 2597 
9917 929 965 909 2240 
9918 2137 2182 1938 2482 
9919 594 527 605 2159 
9920 1956 2087 2340 2576 
9921 1949 2294 2214 2312 
9922 1453 2139 1454 2673 
9923 28 1902 1313 2235 
9924 738 695 739 2091 
9925 1711 1655 1621 2251 
9926 2016 2422 2063 2584 
9927 554 2449 553 2663 
9928 1475 2312 2094 2664 
9929 852 844 235 1263 
9930 1947 2374 2304 2681 
9931 1139 347 1176 2568 
9932 854 843 361 2682 
9933 1529 2504 1546 2624 
9934 598 564 597 2186 
9935 1680 1433 1568 2500 
9936 327 2386 1544 2478 
9937 1019 1051 1068 2278 
9938 1777 1712 1793 2550 
9939 527 610 619 2226 
9940 659 99 98 2606 
9941 1956 2118 2576 2687 
9942 638 608 625 2694 
9943 1084 296 1117 2309 
9944 1975 2482 2182 2605 
9945 666 101 100 2522 
9946 253 2093 2611 2658 
9947 2088 1978 2483 2636 
9948 1728 1729 2316 2553 
9949 531 638 2436 2694 
9950 2176 1955 2349 2702 
9951 1971 2340 2106 2585 
9952 1243 2629 1252 2634 
9953 1110 2309 1128 2380 
9954 571 2369 590 2436 
9955 1847 1858 1850 2176 
9956 2057 2232 2194 2696 
9957 1289 849 857 1217 
9958 382 2210 383 2313 
9959 2379 2419 1995 2591 
9960 1952 2354 2196 2516 
9961 2100 1946 2334 2667 
9962 1814 1666 1888 2420 
9963 6 124 663 716 
9964 1382 1371 1795 2440 
9965 951 2111 939 2632 
9966 582 579 2425 2626 
9967 1954 2475 2116 2530 
9968 1170 1181 354 2417 
9969 971 946 958 2472 
9970 1987 2266 2190 2429 
9971 326 1093 1114 2380 
9972 844 236 235 1263 
9973 1257 1410 1422 2583 
9974 361 1388 843 854 
9975 2139 2401 2107 2571 
9976 1956 2576 2106 2662 
9977 2306 2456 2021 2481 
9978 1084 295 296 2309 
9979 1749 1710 1747 2575 
9980 1954 2530 2116 2608 
9981 1949 2294 2264 2665 
9982 95 5 671 718 
9983 103 1608 682 2365 
9984 1987 2418 2332 2650 
9985 1509 1575 1491 2560 
9986 959 967 935 2502 
9987 1792 1767 1783 2138 
9988 105 2212 1648 2525 
9989 2114 2499 1546 2657 
9990 644 610 575 2226 
9991 1375 1354 1406 2283 
9992 820 774 697 2201 
9993 764 531 2178 2694 
9994 2275 2542 2095 2670 
9995 1725 1728 1768 2414 
9996 2189 2422 2044 2584 
9997 1754 2151 1752 2633 
9998 929 909 243 2240 
9999 1953 2113 2393 2452 
10000 2013 2399 2329 2652 
10001 282 2264 2423 2605 
10002 2115 2327 1976 2404 
10003 1391 1392 1343 2185 
10004 1725 2281 1728 2414 
10005 1955 2259 2112 2617 
10006 977 2161 972 2658 
10007 288 2361 2083 2527 
10008 1327 2205 1325 2513 
10009 1434 316 1564 2218 
10010 2081 1945 2280 2514 
10011 1233 1407 1372 2290 
10012 969 955 922 2517 
10013 583 2637 2323 2705 
10014 2114 2504 2375 2532 
10015 1694 2138 1651 2530 
10016 1419 1363 1213 2222 
10017 1490 2312 1475 2664 
10018 1576 1497 1498 2167 
10019 1963 2233 2139 2673 
10020 1927 2416 2213 2678 
10021 1928 2453 2061 2559 
10022 1500 1445 1490 2492 
10023 323 1440 324 2300 
10024 1243 1229 1345 2258 
10025 563 2392 565 2618 
10026 1005 1002 1004 2293 
10027 251 946 250 2472 
10028 47 2377 2577 2690 
10029 2420 2508 1993 2606 
10030 290 291 2238 2566 
10031 982 1055 1061 2177 
10032 1881 1858 1879 2349 
10033 2227 2378 302 2582 
10034 1552 2292 1554 2512 
10035 1150 359 1178 2257 
10036 805 701 2562 2578 
10037 1966 2238 2236 2566 
10038 1681 664 96 2405 
10039 1930 2062 2362 2485 
10040 978 697 973 2201 
10041 979 975 925 2091 
10042 1844 2098 2538 2598 
10043 696 733 735 2173 
10044 79 2427 78 2545 
10045 1974 2061 2453 2634 
10046 634 2288 2191 2643 
10047 328 2346 2542 2630 
10048 2235 2358 1956 2687 
10049 1642 2212 2558 2614 
10050 2131 1938 2375 2482 
10051 992 1057 2556 2584 
10052 2083 2318 2154 2527 
10053 2124 1956 2358 2698 
10054 2051 2542 2346 2630 
10055 843 1206 31 831 
10056 656 50 49 2581 
10057 1195 1198 1171 2469 
10058 1150 1178 358 2257 
10059 2261 2443 1022 2507 
10060 1875 1812 2235 2662 
10061 634 539 592 2191 
10062 1930 2362 2195 2593 
10063 1433 1500 1503 2492 
10064 545 592 2496 2643 
10065 941 2126 963 2661 
10066 638 603 531 2436 
10067 2074 2474 2044 2505 
10068 242 857 842 1321 
10069 535 56 57 2508 
10070 1047 728 224 980 
10071 381 382 1160 2398 
10072 1220 830 846 1221 
10073 1939 2250 2143 2631 
10074 2257 2398 1998 2666 
10075 1899 1823 1658 2405 
10076 1816 1581 1918 2275 
10077 844 841 236 1339 
10078 2355 2462 2006 2470 
10079 2110 2603 1989 2616 
10080 314 1085 1088 2554 
10081 600 2379 2137 2591 
10082 1887 415 1255 1375 
10083 1979 2367 2335 2574 
10084 1950 2586 2291 2627 
10085 1065 286 2587 2595 
10086 1632 1637 2301 2530 
10087 658 1641 113 2492 
10088 2077 1958 2461 2593 
10089 507 2577 48 2692 
10090 1528 1527 1525 2225 
10091 2063 2600 2449 2663 
10092 629 76 618 2319 
10093 1548 2131 1501 2499 
10094 1946 2117 2310 2334 
10095 1487 2239 320 2533 
10096 1251 2284 1346 2634 
10097 1462 1476 1477 2560 
10098 1473 1502 1505 2664 
10099 1996 2302 2166 2660 
10100 514 505 2211 2697 
10101 856 254 253 1424 
10102 1125 1111 1132 2108 
10103 1965 2086 2359 2659 
10104 233 1311 1310 852 
10105 2275 2349 1955 2702 
10106 579 585 2323 2626 
10107 2046 2311 2245 2400 
10108 595 615 628 2189 
10109 1076 297 298 2396 
10110 1989 2110 2359 2603 
10111 1514 2412 2216 2706 
10112 1988 2440 2207 2575 
10113 2108 2378 1125 2554 
10114 2173 2611 2444 2658 
10115 2156 2465 1968 2487 
10116 1866 1864 1849 2334 
10117 832 1284 1277 840 
10118 1978 2088 2528 2636 
10119 568 571 567 2607 
10120 1400 1382 1258 2207 
10121 2124 2358 2070 2698 
10122 1917 1823 1899 2405 
10123 2037 2455 2379 2484 
10124 1526 1536 2212 2657 
10125 2022 2143 2250 2631 
10126 1233 1706 1371 2440 
10127 2012 2462 2355 2470 
10128 1790 1706 1233 2290 
10129 2258 2387 2204 2619 
10130 1567 2342 1529 2624 
10131 417 1377 1817 1829 
10132 2023 2224 2165 2608 
10133 1342 1385 1209 847 
10134 1862 1832 1849 2100 
10135 2538 2597 2181 2598 
10136 1615 1680 1568 2500 
10137 1139 1176 1199 2568 
10138 614 64 529 2101 
10139 51 50 2441 2697 
10140 288 287 927 2461 
10141 1448 1536 475 1679 
10142 1222 1220 846 1221 
10143 1986 2248 2210 2655 
10144 1033 1034 2168 2577 
10145 2022 2250 2143 2677 
10146 972 926 960 2161 
10147 2317 2329 2013 2689 
10148 1619 1689 1667 2102 
10149 303 2203 314 2554 
10150 218 709 1040 993 
10151 1719 1718 2144 2704 
10152 2107 2534 2220 2571 
10153 2384 2528 2059 2675 
10154 1999 2143 2561 2693 
10155 1983 2265 2166 2546 
10156 1890 702 2272 2688 
10157 1233 1378 2290 2440 
10158 928 910 291 2286 
10159 1178 1182 1147 358 
10160 2167 1975 2482 2537 
10161 1110 1097 328 2630 
10162 538 539 537 2191 
10163 115 1643 1609 2540 
10164 519 628 615 2189 
10165 289 2459 2099 2527 
10166 2269 2424 1984 2466 
10167 2511 49 2581 2692 
10168 1968 2066 2486 2596 
10169 2253 2382 1977 2653 
10170 2054 2604 2091 2700 
10171 1587 2222 1519 2654 
10172 2166 2265 1873 2546 
10173 1903 1813 1904 2299 
10174 2113 2452 1720 2691 
10175 2063 2422 2189 2584 
10176 2200 2272 737 2557 
10177 1964 2532 2101 2610 
10178 2231 2423 1980 2447 
10179 841 844 1357 1339 
10180 1264 1310 1311 852 
10181 1567 2342 1569 2504 
10182 2146 2341 1961 2401 
10183 1038 1070 1037 2462 
10184 1264 1265 852 1263 
10185 1549 1531 1545 2332 
10186 928 290 914 2459 
10187 1382 2207 1400 2440 
10188 1977 2277 2253 2653 
10189 326 1544 327 2386 
10190 842 31 843 243 
10191 1641 1577 1433 2492 
10192 1557 1457 1556 2644 
10193 922 2231 281 2592 
10194 1780 1443 444 1708 
10195 233 975 232 2442 
10196 2219 2519 1965 2699 
10197 1837 1876 1840 2585 
10198 1901 2399 2329 2689 
10199 1148 361 1197 2684 
10200 1927 2416 2072 2680 
10201 2291 2467 2031 2491 
10202 1122 1124 1105 2364 
10203 1969 2411 2160 2485 
10204 1964 2504 2114 2532 
10205 1929 2097 2343 2548 
10206 2096 2575 1988 2644 
10207 1168 356 1143 2410 
10208 2207 2440 1801 2575 
10209 2323 2580 1966 2626 
10210 79 2536 2082 2545 
10211 633 765 530 2639 
10212 2154 2318 1972 2527 
10213 1940 2465 2081 2514 
10214 2173 2444 1959 2658 
10215 1382 1716 2207 2440 
10216 2005 2266 2429 2668 
10217 1246 860 839 829 
10218 1523 1571 1547 2408 
10219 618 654 597 2186 
10220 1305 1251 1266 2284 
10221 1894 415 1255 1887 
10222 1533 2535 1550 2638 
10223 1145 1146 355 1170 
10224 1973 2390 2478 2602 
10225 2274 1972 2572 2586 
10226 1607 463 1593 2706 
10227 976 926 698 2244 
10228 1938 2101 2532 2570 
10229 2171 2445 2020 2506 
10230 1631 2165 1632 2701 
10231 1961 2205 2488 2523 
10232 20 378 33 2203 
10233 278 277 908 2384 
10234 534 2226 644 2591 
10235 1953 2442 2091 2604 
10236 1520 1469 1518 2256 
10237 514 2211 2511 2697 
10238 769 786 709 2175 
10239 985 2296 1014 2507 
10240 1527 2225 2342 2624 
10241 2274 2318 1972 2586 
10242 1975 2413 2167 2482 
10243 2114 2331 2131 2499 
10244 2017 2199 2425 2613 
10245 1446 453 1819 1891 
10246 2267 2308 1459 2564 
10247 1959 2161 2243 2667 
10248 1952 2393 2151 2480 
10249 1470 1537 1538 2450 
10250 1731 1728 2316 2414 
10251 320 2533 2239 2555 
10252 1974 2183 2284 2368 
10253 2236 2543 1936 2597 
10254 779 1825 804 2285 
10255 1833 2229 1835 2683 
10256 2057 2298 2519 2659 
10257 1731 1733 1728 2414 
10258 1999 2333 2631 2693 
10259 1343 1386 1391 2338 
10260 1232 1421 1367 2173 
10261 1803 1802 1758 2121 
10262 2364 2599 1116 2620 
10263 303 378 20 2203 
10264 1956 2106 2431 2662 
10265 1196 1175 386 2345 
10266 1961 2341 2146 2513 
10267 1978 2384 2350 2675 
10268 2025 1629 2614 2650 
10269 2198 2323 635 2580 
10270 1445 1577 1663 2492 
10271 797 730 45 2426 
10272 1852 1850 1854 2129 
10273 1806 2292 1773 2512 
10274 322 2486 323 2541 
10275 1143 1182 1168 357 
10276 758 2562 1784 2583 
10277 1327 1325 1326 2513 
10278 2001 2384 2303 2674 
10279 242 2395 243 2612 
10280 2056 2551 2360 2693 
10281 1869 1873 1867 2546 
10282 2087 2572 2340 2576 
10283 1182 1143 1147 357 
10284 958 2158 914 2676 
10285 1927 2236 2433 2597 
10286 1893 752 162 693 
10287 2160 2525 1964 2558 
10288 354 1208 355 2389 
10289 1386 357 356 2338 
10290 2291 2318 1924 2586 
10291 1795 1371 1706 2440 
10292 981 285 286 2246 
10293 2071 2154 2402 2586 
10294 1553 453 1819 1446 
10295 1563 1544 1565 2478 
10296 1737 1752 2151 2480 
10297 749 1781 189 694 
10298 1700 1790 1372 2640 
10299 518 715 797 2426 
10300 2305 2403 1970 2434 
10301 1382 1795 1716 2440 
10302 1123 2140 2396 2599 
10303 1775 1373 405 1705 
10304 1675 1606 1647 2450 
10305 373 2395 2068 2684 
10306 2128 2464 342 2567 
10307 2145 2289 1939 2515 
10308 2071 2586 1972 2676 
10309 777 701 1779 2562 
10310 1096 325 326 2140 
10311 218 709 993 741 
10312 2106 2340 1956 2431 
10313 2131 2375 2114 2499 
10314 2279 2322 2080 2561 
10315 1938 2131 2331 2482 
10316 2006 2462 2355 2637 
10317 545 592 542 2496 
10318 356 1168 1143 1184 
10319 1929 2343 2097 2655 
10320 1955 2315 2259 2617 
10321 987 219 786 1040 
10322 1064 290 991 2199 
10323 2372 2498 1984 2625 
10324 596 559 630 2282 
10325 1741 1769 1766 2325 
10326 380 379 302 2227 
10327 1007 1015 1035 2288 
10328 1977 2382 2253 2678 
10329 1659 1690 1639 2606 
10330 1510 1456 2267 2622 
10331 1775 1376 1373 2297 
10332 1931 2360 2551 2693 
10333 1192 2351 2469 2666 
10334 2346 2495 2029 2535 
10335 1947 2224 2165 2552 
10336 1511 1459 2308 2564 
10337 643 45 2175 2430 
10338 514 2511 50 2697 
10339 1533 1572 1550 2535 
10340 1349 1340 1291 2327 
10341 785 743 707 2211 
10342 1920 1825 1899 2285 
10343 2099 2565 1927 2680 
10344 1141 1158 346 2568 
10345 2252 2386 1973 2390 
10346 1190 1170 2324 2417 
10347 1883 1904 1895 2277 
10348 1644 2382 1601 2522 
10349 631 521 613 2646 
10350 2099 2527 1972 2565 
10351 1004 1001 1027 2441 
10352 1903 1904 1853 2649 
10353 547 2379 600 2419 
10354 301 380 302 2227 
10355 2171 246 2352 2524 
10356 1119 2378 1129 2582 
10357 2112 2259 1924 2617 
10358 2395 2682 2068 2684 
10359 106 2114 2525 2657 
10360 1719 1705 1718 2704 
10361 1814 1908 1659 2420 
10362 1550 1438 1563 2638 
10363 1669 1635 2412 2434 
10364 1681 127 126 664 
10365 1150 1178 1147 358 
10366 1837 1840 1839 2230 
10367 1459 1456 1460 2267 
10368 526 2241 538 2377 
10369 1251 1305 1346 2284 
10370 2355 2462 2092 2637 
10371 2111 2534 1961 2571 
10372 998 996 997 2394 
10373 1789 1712 1788 2550 
10374 2332 2418 1531 2650 
10375 717 778 749 2473 
10376 1959 2093 2444 2609 
10377 1751 1750 1800 2691 
10378 1105 323 1092 1122 
10379 848 1381 1246 829 
10380 1451 1453 1454 2673 
10381 863 855 232 1364 
10382 71 113 72 2314 
10383 2107 2560 1509 2622 
10384 541 577 578 2637 
10385 1220 861 830 1219 
10386 669 152 153 1682 
10387 1211 2144 1417 2704 
10388 713 754 816 2234 
10389 1927 2565 2416 2680 
10390 1887 1817 416 1212 
10391 1165 1196 386 2568 
10392 1669 1685 1635 2434 
10393 2190 2429 2266 2668 
10394 1895 1611 1908 2277 
10395 624 2369 599 2427 
10396 995 2509 272 2589 
10397 1390 1417 2144 2704 
10398 242 2307 2395 2612 
10399 744 1892 755 2265 
10400 2003 2379 2137 2497 
10401 1364 855 232 1428 
10402 530 765 2466 2639 
10403 386 2136 295 2262 
10404 2242 2333 1999 2693 
10405 2163 2339 2059 2685 
10406 944 2527 2154 2676 
10407 1091 1092 323 1122 
10408 116 2305 1630 2403 
10409 1096 1114 1109 326 
10410 2037 2379 2455 2496 
10411 2003 2455 2379 2496 
10412 1875 1898 1812 2662 
10413 1968 2465 2119 2486 
10414 288 289 2361 2527 
10415 2229 2283 1990 2579 
10416 974 2244 293 2625 
10417 1741 1766 1792 2475 
10418 2104 2528 2088 2636 
10419 25 329 2275 2670 
10420 1361 1534 1471 2341 
10421 1035 1020 1009 2471 
10422 247 246 2352 2506 
10423 2107 1961 2401 2534 
10424 1600 117 2403 2701 
10425 1963 2215 2163 2517 
10426 1455 1451 1454 2233 
10427 2002 2177 2449 2656 
10428 284 2455 990 2484 
10429 643 2175 570 2430 
10430 652 636 700 2268 
10431 1212 416 1887 1375 
10432 1669 2434 2412 2706 
10433 1075 1076 310 1106 
10434 368 1146 1145 1170 
10435 753 754 724 2234 
10436 1466 2245 1551 2564 
10437 1822 1890 776 2272 
10438 1457 1585 1562 2207 
10439 1857 1879 1846 2349 
10440 253 2093 252 2651 
10441 1487 320 23 2533 
10442 2323 2637 2006 2705 
10443 1782 1376 1775 2297 
10444 1378 1266 1290 2183 
10445 1968 2486 2119 2596 
10446 2266 2365 1628 2635 
10447 1769 1727 1732 2553 
10448 1486 1484 1579 2401 
10449 1527 2342 1567 2624 
10450 1938 2331 2137 2482 
10451 1535 1519 1587 2222 
10452 1207 1321 857 1217 
10453 1185 1157 383 2313 
10454 1928 2603 2110 2616 
10455 99 2253 2193 2606 
10456 19 342 1896 2464 
10457 602 2321 551 2460 
10458 1831 1865 1833 2579 
10459 1998 2469 2351 2666 
10460 413 1902 1812 1313 
10461 2140 2548 1997 2599 
10462 2015 2264 2423 2592 
10463 1167 1175 385 2345 
10464 1148 2351 360 2682 
10465 1828 1897 1923 2200 
10466 1627 1626 1624 2382 
10467 1064 2199 991 2613 
10468 1749 1771 1704 2292 
10469 1402 1327 1405 2341 
10470 2407 2559 1985 2703 
10471 1076 310 1106 1120 
10472 1170 1145 368 1184 
10473 577 580 581 2425 
10474 968 931 960 2243 
10475 507 49 2511 2692 
10476 1518 1519 1557 2644 
10477 554 555 595 2422 
10478 1736 1769 2325 2553 
10479 631 2646 569 2705 
10480 1974 2368 2284 2453 
10481 2234 2372 1984 2625 
10482 1096 1093 1114 326 
10483 2043 2286 2158 2520 
10484 1145 356 1143 1184 
10485 1078 308 1115 1079 
10486 1995 2435 2226 2656 
10487 1213 1535 1363 422 
10488 540 538 541 2127 
10489 1182 1143 366 1147 
10490 1107 2378 1083 2554 
10491 1634 1609 1635 2434 
10492 529 2331 645 2497 
10493 2036 2472 2071 2588 
10494 2170 1437 2468 2673 
10495 1337 1225 1242 2153 
10496 1572 2125 1549 2652 
10497 1461 1459 1460 2308 
10498 1233 1371 1378 2440 
10499 1685 2434 1669 2706 
10500 1954 2138 2475 2530 
10501 1961 2180 2513 2534 
10502 1144 361 372 2684 
10503 1965 2359 2348 2603 
10504 1929 2097 2548 2655 
10505 308 1115 1104 1078 
10506 1861 1821 1916 2670 
10507 616 600 601 2137 
10508 2342 2504 1529 2624 
10509 2198 2323 2006 2705 
10510 399 1371 1795 1382 
10511 475 1448 1679 1614 
10512 593 2449 549 2656 
10513 510 505 517 2394 
10514 1143 1168 1182 366 
10515 1719 1753 1775 2297 
10516 1852 2129 1854 2689 
10517 1146 355 1170 2324 
10518 2015 2423 2231 2592 
10519 274 275 988 2247 
10520 589 548 552 2643 
10521 2245 2311 2030 2400 
10522 1806 1704 1773 2292 
10523 1754 1737 1752 2151 
10524 1585 2207 1457 2644 
10525 983 1072 1063 2474 
10526 1799 2228 2480 2578 
10527 1291 2569 1290 2629 
10528 241 915 240 2488 
10529 2140 2396 1997 2548 
10530 575 2226 610 2656 
10531 1956 2340 2106 2576 
10532 1501 2131 1496 2494 
10533 253 2611 2093 2651 
10534 1128 2309 1106 2344 
10535 2099 2416 2565 2680 
10536 1660 1889 1824 2317 
10537 1642 1614 2212 2614 
10538 1405 1329 1409 2513 
10539 1023 1022 1026 2261 
10540 744 1815 1892 2265 
10541 2172 2438 2031 2490 
10542 606 646 580 2175 
10543 1346 1418 1347 2133 
10544 2109 2391 2225 2418 
10545 1526 1546 1536 2657 
10546 1376 1775 1373 404 
10547 2120 2387 2258 2619 
10548 515 513 506 2168 
10549 1277 1275 1284 832 
10550 1631 2403 2165 2701 
10551 704 765 92 633 
10552 1290 2183 1266 2629 
10553 1961 2107 2401 2571 
10554 1630 1609 1634 2305 
10555 1869 2302 1872 2660 
10556 2213 2416 2005 2678 
10557 1925 2335 2188 2458 
10558 1529 2342 1567 2504 
10559 1994 2407 2146 2547 
10560 2174 2384 1978 2539 
10561 1107 303 1136 2554 
10562 277 983 1063 2350 
10563 2111 2488 2215 2571 
10564 1830 1832 1862 2563 
10565 2295 2347 2011 2360 
10566 33 20 2203 2642 
10567 2215 2488 1961 2571 
10568 2147 2445 2081 2502 
10569 1993 2193 2253 2606 
10570 1168 1143 357 2410 
10571 1472 1454 1453 2139 
10572 1820 1892 1873 2166 
10573 628 519 656 2441 
10574 1623 2266 1601 2668 
10575 2144 2452 1953 2518 
10576 428 1360 1235 1523 
10577 2221 2354 2022 2633 
10578 1644 1699 2382 2522 
10579 241 915 2488 2523 
10580 586 2355 578 2637 
10581 428 1235 1471 1523 
10582 1121 1091 324 1122 
10583 768 2296 607 2479 
10584 1533 1549 1572 2125 
10585 2204 2387 2010 2619 
10586 236 2204 237 2463 
10587 1049 984 757 2426 
10588 1678 1605 1645 2653 
10589 1121 325 1095 1096 
10590 1147 365 1178 1150 
10591 1355 1279 1344 2529 
10592 1091 1122 323 2364 
10593 1235 1361 1471 2341 
10594 944 288 927 2527 
10595 1694 1651 1637 2530 
10596 1190 2324 1189 2448 
10597 333 1093 1114 1096 
10598 1091 324 1095 1121 
10599 505 2394 2211 2697 
10600 2012 2587 2246 2595 
10601 1036 2377 1010 2690 
10602 956 971 944 2676 
10603 1820 1893 162 693 
10604 1959 2200 2272 2563 
10605 2087 1933 2576 2588 
10606 2144 2518 1390 2704 
10607 58 617 57 2193 
10608 1947 2304 2123 2574 
10609 1506 1482 1481 2367 
10610 2407 2648 2559 2703 
10611 1529 1567 1569 2504 
10612 1880 1871 1868 2181 
10613 1980 2533 2218 2555 
10614 2455 2471 2037 2496 
10615 2076 2471 2455 2496 
10616 694 1781 189 1707 
10617 2031 2467 2252 2491 
10618 1143 367 1145 1184 
10619 1076 1078 309 1120 
10620 735 705 737 2557 
10621 1870 1872 1869 2302 
10622 301 2227 302 2582 
10623 1068 1069 1019 2278 
10624 510 517 714 2394 
10625 1605 500 1660 1889 
10626 2161 1959 2243 2658 
10627 1113 1079 307 1077 
10628 1181 1193 1172 2417 
10629 1974 2453 2284 2634 
10630 1114 1109 333 1096 
10631 852 1265 844 1263 
10632 577 2092 2425 2637 
10633 662 1613 100 2253 
10634 1033 1011 1034 2577 
10635 1526 1529 1546 2624 
10636 2007 2247 2186 2392 
10637 1581 1816 25 2275 
10638 602 2460 614 2497 
10639 851 251 845 1278 
10640 1302 1409 1329 2407 
10641 912 2134 962 2442 
10642 1064 289 290 2199 
10643 1161 394 1186 1160 
10644 1092 1091 336 1122 
10645 955 942 2231 2447 
10646 1337 2409 2153 2703 
10647 2543 2597 2236 2641 
10648 1185 1157 392 1162 
10649 1095 334 1121 1096 
10650 1191 2398 2257 2666 
10651 1030 982 1061 2600 
10652 1680 1615 1649 2500 
10653 1962 2380 2309 2630 
10654 1983 2135 2372 2625 
10655 1835 1833 1851 2229 
10656 2120 2327 2010 2619 
10657 1591 1671 1672 2526 
10658 2099 2459 1972 2527 
10659 380 2217 381 2398 
10660 1414 1256 1384 2200 
10661 365 1178 1182 1147 
10662 1124 2364 1116 2620 
10663 239 2180 240 2632 
10664 1460 2267 1456 2622 
10665 63 2160 104 2558 
10666 56 535 641 2206 
10667 1376 1782 1775 404 
10668 743 714 756 2211 
10669 805 2562 740 2700 
10670 1765 1732 1764 2295 
10671 1473 2311 1502 2664 
10672 1162 392 1185 1173 
10673 1109 1121 334 1096 
10674 626 2104 533 2636 
10675 1001 1002 1000 2441 
10676 1105 1092 336 1122 
10677 727 640 768 2296 
10678 1459 1456 2267 2564 
10679 936 961 907 2463 
10680 530 2466 2424 2639 
10681 1021 1060 1058 2430 
10682 1192 1191 2351 2666 
10683 1982 2427 2082 2551 
10684 1937 2438 2172 2490 
10685 627 566 574 2618 
10686 287 2237 2470 2587 
10687 2107 2401 2146 2534 
10688 2146 2401 1961 2534 
10689 1884 1912 2272 2563 
10690 1079 1115 1113 307 
10691 1975 2413 2294 2672 
10692 2111 1961 2488 2571 
10693 367 1143 1168 1184 
10694 1078 1104 309 1120 
10695 1047 223 728 1049 
10696 1963 2468 2233 2673 
10697 583 586 2637 2705 
10698 2129 2357 2021 2601 
10699 551 2321 543 2646 
10700 1576 1541 1441 2486 
10701 2472 2588 2036 2647 
10702 1755 1761 1757 2221 
10703 2134 962 2442 2604 
10704 1418 1419 1213 2222 
10705 17 254 696 977 
10706 1572 1586 1540 2652 
10707 276 275 2192 2454 
10708 2299 2649 1977 2653 
10709 989 1042 229 787 
10710 2154 2318 2291 2586 
10711 1384 1256 1312 2200 
10712 2093 1990 2573 2609 
10713 1527 1567 1529 2624 
10714 649 611 617 2626 
10715 58 617 2193 2580 
10716 1258 2207 1485 2489 
10717 1091 324 1122 2364 
10718 97 55 96 2206 
10719 1720 1719 1718 2452 
10720 1762 1768 1733 2254 
10721 1200 372 1153 2684 
10722 1977 2213 2601 2678 
10723 1461 1463 1464 2679 
10724 2180 2488 240 2632 
10725 1514 2216 2412 2669 
10726 2009 2597 2543 2641 
10727 981 2246 286 2595 
10728 1093 327 1114 2380 
10729 23 2533 320 2555 
10730 1953 2393 2134 2604 
10731 2008 2453 2368 2696 
10732 1548 1496 1501 2131 
10733 1403 352 2235 2687 
10734 587 635 621 2198 
10735 394 1186 1169 1161 
10736 1552 1521 1432 2292 
10737 1884 1829 1830 2563 
10738 761 807 708 2479 
10739 1732 1726 1764 2677 
10740 662 99 1613 2253 
10741 1410 1352 2383 2518 
10742 1984 2424 2269 2498 
10743 1185 1186 393 1160 
10744 1121 335 1091 1122 
10745 1545 1447 478 2332 
10746 2093 2385 252 2651 
10747 1700 1786 1763 2640 
10748 1078 1104 2396 2620 
10749 600 2137 616 2591 
10750 393 1157 1185 1160 
10751 1091 1095 335 1121 
10752 1744 1747 1748 2575 
10753 1912 1822 1884 2272 
10754 1455 1505 1451 2233 
10755 1127 1128 1110 2309 
10756 2155 2370 2028 2623 
10757 611 582 609 2626 
10758 1095 325 1121 2599 
10759 1959 2272 2200 2557 
10760 1191 1188 2257 2398 
10761 1385 1381 847 829 
10762 1404 2444 1293 2573 
10763 1873 2265 1911 2546 
10764 1294 1420 2173 2444 
10765 1422 1410 1352 2383 
10766 574 2607 2122 2618 
10767 656 550 2293 2581 
10768 711 271 710 2509 
10769 2147 2594 2287 2596 
10770 1108 1134 294 2503 
10771 2246 2587 286 2595 
10772 647 607 2296 2479 
10773 537 634 48 2191 
10774 1138 1201 1194 348 
10775 931 924 2243 2658 
10776 1526 1536 1448 2212 
10777 303 20 314 2203 
10778 2452 2518 2144 2704 
10779 1953 2134 2442 2604 
10780 2006 2323 2199 2637 
10781 2160 1969 2485 2610 
10782 33 1292 1401 2642 
10783 1453 1494 2273 2673 
10784 386 2345 2262 2568 
10785 1607 1669 463 2706 
10786 2250 2281 2143 2677 
10787 491 1667 1788 1603 
10788 1718 2452 2144 2704 
10789 542 543 2321 2615 
10790 1363 2222 1419 2489 
10791 2121 2501 2011 2536 
10792 764 815 2178 2621 
10793 2056 2354 2196 2631 
10794 706 740 758 2583 
10795 600 546 601 2379 
10796 1572 1540 2535 2652 
10797 1642 2212 1648 2558 
10798 1327 1405 2341 2513 
10799 1727 1728 1725 2281 
10800 1572 2535 2125 2652 
10801 759 737 705 2200 
10802 549 2449 2419 2656 
10803 303 1083 2378 2554 
10804 855 1311 233 1428 
10805 2125 2450 1549 2652 
10806 293 976 18 819 
10807 1373 1299 1417 2297 
10808 1927 2236 2597 2641 
10809 1660 1824 1602 2317 
10810 1013 1018 1017 2241 
10811 1904 2277 1883 2649 
10812 916 937 276 2348 
10813 1855 2431 1874 2662 
10814 1438 327 1544 2478 
10815 1114 327 1110 2380 
10816 1974 2284 2183 2629 
10817 1801 2440 1748 2575 
10818 1282 2611 1353 2651 
10819 1568 1590 1573 2500 
10820 970 962 912 2134 
10821 2042 2335 2367 2574 
10822 531 637 84 764 
10823 922 942 281 2231 
10824 1185 1183 1186 2313 
10825 1736 1729 1769 2553 
10826 1458 1466 1551 2564 
10827 1042 985 228 773 
10828 1108 295 1117 2503 
10829 1671 470 1591 1672 
10830 925 962 973 2604 
10831 942 965 923 2423 
10832 1631 1652 1633 2165 
10833 943 2461 2209 2661 
10834 2212 2525 105 2558 
10835 1075 1117 296 1106 
10836 2146 2407 1994 2534 
10837 1095 1121 324 2599 
10838 233 232 855 1428 
10839 1468 1467 1481 2367 
10840 1964 2101 2525 2610 
10841 1222 1234 827 1368 
10842 1985 2534 2220 2559 
10843 279 938 933 2163 
10844 507 515 48 2577 
10845 648 603 590 2436 
10846 1382 1795 399 1716 
10847 2095 2542 2058 2567 
10848 1571 1484 1494 2273 
10849 1580 425 1408 2547 
10850 279 992 1057 2556 
10851 108 2131 2494 2645 
10852 282 281 942 2423 
10853 1191 1178 1174 2257 
10854 1042 1014 985 2296 
10855 1325 1328 1396 2205 
10856 300 1115 1113 1079 
10857 758 1709 1784 2562 
10858 1574 2413 1497 2672 
10859 1294 1282 2444 2611 
10860 2002 2449 2177 2600 
10861 725 2244 775 2671 
10862 631 2164 2646 2705 
10863 2004 2274 2318 2565 
10864 2082 2536 2011 2545 
10865 1104 1120 298 2396 
10866 2093 2611 1282 2651 
10867 855 1310 1311 1428 
10868 1473 1551 1503 2311 
10869 652 572 636 2268 
10870 1026 1045 1046 2122 
10871 1624 1601 1644 2382 
10872 1443 1780 444 1555 
10873 930 941 964 2661 
10874 2182 2537 1975 2605 
10875 384 2373 385 2448 
10876 1229 2204 1236 2619 
10877 1175 386 1167 1165 
10878 1104 1078 298 1120 
10879 1148 1151 360 1174 
10880 1530 1531 2418 2650 
10881 1968 2486 2167 2487 
10882 584 632 533 2104 
10883 1251 1252 2629 2634 
10884 1740 1741 1791 2475 
10885 1869 1868 1870 2302 
10886 1814 1909 1908 2420 
10887 769 606 643 2175 
10888 2098 2456 2230 2481 
10889 1666 1620 1888 2405 
10890 1470 1675 1545 479 
10891 975 962 925 2604 
10892 1486 1575 1509 2401 
10893 1614 1448 2212 2614 
10894 1310 1311 233 855 
10895 1251 1243 1252 2634 
10896 342 1134 1102 1131 
10897 1231 734 167 1362 
10898 563 565 566 2618 
10899 283 2182 284 2484 
10900 1568 1573 1673 2500 
10901 2393 2452 2113 2691 
10902 1392 1391 1208 2185 
10903 1622 1601 2266 2635 
10904 723 18 293 713 
10905 1728 1729 1731 2316 
10906 1889 501 1660 1824 
10907 2019 2459 2099 2566 
10908 1994 2446 2133 2648 
10909 1703 747 2228 2578 
10910 1080 295 1108 2503 
10911 299 1078 1115 1079 
10912 1084 1117 296 1075 
10913 532 80 623 2271 
10914 978 973 919 2201 
10915 1994 2559 2407 2648 
10916 964 943 921 2209 
10917 2048 2532 2223 2610 
10918 1964 2223 2532 2610 
10919 413 28 1902 1313 
10920 1974 2453 2194 2696 
10921 1169 381 1186 2398 
10922 1642 1648 105 2558 
10923 681 1630 117 2403 
10924 2178 2509 731 2694 
10925 2146 2513 2407 2534 
10926 930 2506 941 2661 
10927 819 698 775 2244 
10928 2107 1961 2534 2571 
10929 1076 1075 297 1106 
10930 1987 2391 2109 2418 
10931 1155 1153 373 2684 
10932 488 1676 1702 1783 
10933 1865 1851 1833 2229 
10934 1964 2342 2504 2532 
10935 921 943 286 2209 
10936 722 721 790 2370 
10937 1280 1282 1353 2651 
10938 921 2209 286 2594 
10939 2307 2395 1957 2439 
10940 743 224 728 980 
10941 2140 2344 1962 2380 
10942 238 2153 2409 2510 
10943 1098 1118 321 1099 
10944 403 1376 1782 1203 
10945 655 2443 2261 2507 
10946 1431 425 1580 2547 
10947 1687 1619 1667 2102 
10948 1514 2216 1513 2706 
10949 273 2330 1056 2589 
10950 1941 2594 2147 2596 
10951 1173 1189 1187 2448 
10952 520 48 634 2288 
10953 1570 1559 1483 2102 
10954 1257 1362 166 783 
10955 296 385 384 2373 
10956 695 232 14 979 
10957 1444 2214 1499 2526 
10958 1170 1146 354 1181 
10959 714 743 785 2211 
10960 1839 1877 1844 2481 
10961 593 553 549 2449 
10962 709 786 219 1040 
10963 1622 2266 1628 2635 
10964 1839 1840 1841 2481 
10965 773 228 1042 787 
10966 560 559 596 2282 
10967 1512 2216 1513 2669 
10968 1110 328 1097 1094 
10969 239 2510 2409 2632 
10970 233 2202 234 2442 
10971 1840 1843 1841 2306 
10972 1190 2345 1193 2417 
10973 1814 1888 1914 2420 
10974 1552 1432 1554 2292 
10975 2201 2370 1952 2516 
10976 710 995 742 2509 
10977 2002 2435 2177 2656 
10978 2098 2021 2456 2481 
10979 1079 1113 300 1077 
10980 978 13 820 720 
10981 1200 1153 1177 2684 
10982 1186 1161 1160 381 
10983 1039 1005 1004 2293 
10984 2122 2479 2032 2607 
10985 1537 1688 1596 2329 
10986 1178 1174 359 1150 
10987 1313 414 1255 1894 
10988 1128 2344 1126 2380 
10989 2196 2333 2056 2631 
10990 277 2348 937 2674 
10991 2532 2570 2101 2610 
10992 914 2459 289 2527 
10993 2329 2399 2013 2689 
10994 910 960 974 2148 
10995 2023 2608 2165 2701 
10996 1653 2374 1652 2681 
10997 1510 1460 1456 2622 
10998 298 1078 1104 2396 
10999 1161 1186 1169 381 
11000 2012 2595 2321 2615 
11001 2076 2321 2595 2615 
11002 1016 1010 1013 2377 
11003 2137 2482 2331 2645 
11004 1046 1026 2122 2695 
11005 1069 987 1060 2175 
11006 723 775 725 2244 
11007 1840 1843 2306 2585 
11008 2331 2482 2131 2645 
11009 1562 1485 1595 2207 
11010 1180 385 1164 1175 
11011 299 1079 1115 2620 
11012 944 914 289 2527 
11013 23 1434 1436 2533 
11014 1979 2292 2169 2457 
11015 2169 2292 2096 2457 
11016 700 2268 636 2466 
11017 1674 1636 1633 2374 
11018 1208 1393 1356 2389 
11019 1638 2371 1656 2501 
11020 2209 2366 2020 2661 
11021 1151 360 1174 2351 
11022 575 547 600 2419 
11023 1552 1554 1506 2512 
11024 1185 383 1162 1173 
11025 1076 298 1078 1120 
11026 757 728 223 1049 
11027 1622 1628 2365 2635 
11028 1362 734 167 783 
11029 743 225 980 1043 
11030 1169 395 1161 2666 
11031 1167 386 1175 2345 
11032 757 984 730 2426 
11033 1146 1152 354 1181 
11034 1430 1593 463 2706 
11035 1462 1460 1476 2622 
11036 725 814 2265 2671 
11037 2309 2344 1128 2380 
11038 1449 1546 2499 2657 
11039 1949 2435 2226 2665 
11040 1166 1161 395 2666 
11041 1801 2207 1716 2440 
11042 1157 1185 383 1162 
11043 161 755 1820 693 
11044 1654 478 1447 2332 
11045 1466 1560 2245 2669 
11046 1511 1466 1459 2564 
11047 1839 1838 1837 2230 
11048 2087 2576 2118 2588 
11049 726 786 769 2175 
11050 1742 2263 1793 2550 
11051 1073 1066 293 2269 
11052 542 543 544 2321 
11053 636 2268 572 2466 
11054 1167 389 1175 1165 
11055 331 1110 1097 1094 
11056 2098 2009 2597 2598 
11057 1148 363 1151 1174 
11058 112 113 2314 2492 
11059 1890 2272 1912 2688 
11060 694 750 749 2473 
11061 2194 1965 2603 2659 
11062 1078 2396 299 2620 
11063 1291 1345 1349 2619 
11064 1275 1341 1284 840 
11065 645 529 65 2331 
11066 536 647 640 2296 
11067 843 31 842 831 
11068 907 954 947 2451 
11069 636 572 657 2466 
11070 1740 1793 1742 2263 
11071 1277 845 832 840 
11072 694 190 746 1707 
11073 1118 1098 338 1099 
11074 1152 353 1181 1149 
11075 295 1117 1084 1080 
11076 1296 856 253 1424 
11077 2055 2131 2482 2645 
11078 99 2193 57 2606 
11079 857 842 1321 1207 
11080 964 943 2209 2661 
11081 1117 1084 311 1075 
11082 1146 369 1152 1181 
11083 540 542 539 2615 
11084 1295 1288 2276 2531 
11085 1640 679 106 2657 
11086 1431 1575 1534 2547 
11087 1179 2469 379 2666 
11088 1160 1157 1185 382 
11089 736 794 763 2161 
11090 861 838 830 1219 
11091 557 2422 555 2663 
11092 1168 1183 1187 2410 
11093 725 814 755 2265 
11094 1000 2511 1032 2697 
11095 1110 1114 1093 327 
11096 1068 991 1054 2613 
11097 1966 2323 2198 2580 
11098 1185 1187 1183 2313 
11099 1675 1606 1545 479 
11100 353 1152 1181 2417 
11101 1124 1122 1116 2364 
11102 1631 1633 1632 2165 
11103 445 1443 1554 1806 
11104 372 361 2682 2684 
11105 1622 1601 1623 2266 
11106 1409 1302 1204 2547 
11107 373 372 2395 2684 
11108 1568 1673 1615 2500 
11109 385 1167 1164 1175 
11110 1706 2290 1748 2440 
11111 25 340 329 2670 
11112 2151 2393 2113 2691 
11113 1092 1118 322 1105 
11114 1119 1125 1129 2378 
11115 1709 777 1779 2562 
11116 1824 501 1660 1602 
11117 777 1709 758 2562 
11118 1166 1179 379 2666 
11119 77 78 523 2427 
11120 652 54 572 2268 
11121 2459 2527 914 2676 
11122 427 1534 1471 1361 
11123 107 1662 684 2499 
11124 727 53 640 2296 
11125 1577 1680 1433 467 
11126 1553 1586 1446 2399 
11127 1370 1291 1340 2569 
11128 944 914 2527 2676 
11129 1050 988 1062 2695 
11130 1471 427 1361 1235 
11131 975 2442 962 2604 
11132 1877 1841 1848 2481 
11133 342 458 1896 1821 
11134 45 518 797 2426 
11135 116 1609 1630 2305 
11136 282 2435 2264 2605 
11137 908 938 278 2303 
11138 1993 2508 2193 2606 
11139 1830 1829 1817 2208 
11140 2165 2403 2023 2701 
11141 303 1081 1136 2554 
11142 1634 1631 1630 2403 
11143 1972 2586 2154 2676 
11144 1185 382 1157 2313 
11145 1106 1128 1117 2309 
11146 297 1106 1075 2344 
11147 2120 2010 2387 2619 
11148 752 163 779 1825 
11149 1282 1281 2531 2651 
11150 79 78 120 2545 
11151 426 1431 1534 1361 
11152 1487 1597 1480 2672 
11153 1889 1813 1903 2299 
11154 1176 1194 1193 2568 
11155 655 2261 536 2507 
11156 1479 1499 1488 2214 
11157 699 84 637 764 
11158 2125 2013 2450 2652 
11159 1625 2190 1646 2668 
11160 645 2331 66 2645 
11161 1659 1666 1814 2420 
11162 1075 311 1117 1106 
11163 369 1146 1170 1181 
11164 1966 2566 2236 2680 
11165 1857 1846 1856 2376 
11166 284 1071 990 2455 
11167 1957 2395 2307 2612 
11168 1433 1641 1680 1577 
11169 764 2178 731 2694 
11170 2025 2225 2391 2418 
11171 1654 1686 2332 2650 
11172 922 955 942 2231 
11173 1161 2398 1169 2666 
11174 1538 2399 1586 2652 
11175 2098 2433 2538 2597 
11176 354 1181 1152 2417 
11177 161 755 1892 1820 
11178 813 722 746 2228 
11179 1591 1672 1444 2526 
11180 1959 2609 2100 2667 
11181 1182 1183 1168 2410 
11182 2054 2201 2604 2700 
11183 1236 1229 1226 2204 
11184 1812 414 1313 1894 
11185 1151 359 1174 1150 
11186 99 58 57 2193 
11187 2106 2576 2045 2662 
11188 1966 2099 2566 2680 
11189 2246 2321 2012 2595 
11190 950 953 920 2510 
11191 2218 2408 1957 2642 
11192 1968 2487 2167 2537 
11193 163 752 1893 1825 
11194 798 714 517 2394 
11195 314 2203 20 2642 
11196 1930 2485 2362 2593 
11197 1117 2309 1127 2503 
11198 1785 1811 1716 2207 
11199 118 76 117 2319 
11200 1799 2480 1751 2578 
11201 953 939 908 2674 
11202 190 1778 746 1707 
11203 327 1093 1110 1097 
11204 1713 1789 1788 2102 
11205 278 2350 277 2384 
11206 1374 1717 1383 407 
11207 386 1175 1196 1165 
11208 2075 2378 2227 2582 
11209 2069 2424 2269 2639 
11210 1420 1421 1294 2173 
11211 607 768 640 2296 
11212 1161 381 1169 2398 
11213 1878 1877 1853 2649 
11214 295 1117 1080 1108 
11215 1172 1181 353 1149 
11216 1641 1663 1577 2492 
11217 1387 1328 1411 2439 
11218 574 2479 2122 2607 
11219 1855 1874 1875 2662 
11220 381 1160 1186 2398 
11221 704 771 765 2639 
11222 708 989 229 787 
11223 74 622 73 2483 
11224 418 1377 1829 1384 
11225 1466 1560 1551 2245 
11226 932 2523 241 2612 
11227 1985 2409 2153 2510 
11228 69 527 619 2397 
11229 1973 2386 2252 2491 
11230 1921 1826 1596 2329 
11231 1431 426 1204 1361 
11232 1806 445 1443 1708 
11233 951 240 2488 2632 
11234 655 52 2443 2507 
11235 1886 1850 1858 2702 
11236 391 1162 1164 2448 
11237 1387 2307 1328 2439 
11238 584 533 626 2104 
11239 1477 1491 1492 2560 
11240 2158 2459 914 2676 
11241 2177 2435 2002 2600 
11242 2048 2570 2532 2610 
11243 1513 2216 1514 2669 
11244 346 387 2464 2568 
11245 1002 1001 1004 2441 
11246 1823 1888 1620 2405 
11247 2109 2478 2029 2638 
11248 1782 403 1203 1700 
11249 391 1173 1162 2448 
11250 391 1164 1180 2448 
11251 324 2590 325 2599 
11252 1299 1376 1412 2297 
11253 1442 1599 1559 2304 
11254 1132 1118 321 1098 
11255 1490 1502 1500 2664 
11256 1831 1832 1830 2579 
11257 391 1180 1173 2448 
11258 48 2581 49 2692 
11259 2232 2368 1974 2696 
11260 278 279 1057 2675 
11261 1755 2221 1756 2633 
11262 1935 2368 2232 2696 
11263 1044 2511 2211 2697 
11264 755 744 160 1892 
11265 1853 1848 1852 2357 
11266 1076 298 1120 2396 
11267 1497 1576 1441 2167 
11268 238 2409 239 2510 
11269 1625 1647 1646 2190 
11270 861 1220 1218 1219 
11271 1119 302 1107 2378 
11272 1602 1692 1664 2317 
11273 1739 1753 1721 2363 
11274 443 1780 1713 1483 
11275 1181 370 1152 1149 
11276 312 1084 1117 1080 
11277 1883 1895 1908 2277 
11278 290 289 2459 2566 
11279 1099 1118 322 1092 
11280 1149 1172 1201 352 
11281 294 1080 1134 1108 
11282 932 241 242 2612 
11283 1045 1014 1042 2296 
11284 1480 2294 1489 2672 
11285 1082 305 1119 1083 
11286 739 805 740 2700 
11287 2137 2379 1995 2591 
11288 747 191 1778 746 
11289 1931 2561 2143 2693 
11290 422 1213 1535 1435 
11291 656 642 628 2293 
11292 1196 1193 2345 2568 
11293 631 569 586 2705 
11294 1166 396 1163 1179 
11295 1892 1911 1873 2265 
11296 1972 2318 2154 2586 
11297 1642 1614 1648 2212 
11298 1110 328 1094 1133 
11299 2006 2637 2355 2705 
11300 2026 2414 2254 2493 
11301 95 1684 1658 2285 
11302 860 1358 1246 839 
11303 1171 379 1179 2469 
11304 2436 2509 2178 2694 
11305 489 1604 1777 1702 
11306 1990 2336 2229 2579 
11307 1806 1443 1554 2512 
11308 1167 390 1164 1175 
11309 1093 1110 1097 332 
11310 696 254 17 733 
11311 1067 281 982 2600 
11312 1174 364 1151 1150 
11313 2071 2154 2586 2676 
11314 303 1107 1083 2554 
11315 2000 2569 2290 2640 
11316 1885 1881 2275 2702 
11317 1138 1194 1176 347 
11318 1011 1008 2577 2692 
11319 1033 1044 1032 2511 
11320 1293 1294 1282 2444 
11321 2032 2509 2436 2694 
11322 649 2580 2323 2626 
11323 695 14 232 734 
11324 2122 2607 2018 2618 
11325 273 272 940 2196 
11326 731 711 710 2509 
11327 293 974 976 2244 
11328 757 730 797 2426 
11329 47 537 48 2377 
11330 1207 857 826 1217 
11331 1869 1872 1910 2660 
11332 1874 1855 1845 2431 
11333 2018 2122 2618 2695 
11334 1993 2538 2433 2597 
11335 645 66 616 2645 
11336 1294 2444 2173 2611 
11337 656 49 550 2581 
11338 56 641 55 2206 
11339 1717 1715 1383 407 
11340 783 166 1257 706 
11341 2277 1977 2649 2653 
11342 303 314 1081 2554 
11343 1654 1629 1686 2650 
11344 616 2591 2137 2645 
11345 1873 1911 1864 2546 
11346 977 696 214 763 
11347 2182 2482 1975 2537 
11348 302 1083 1107 2378 
11349 1699 1644 1613 2522 
11350 1394 1295 1288 2276 
11351 1778 1761 1799 2228 
11352 1118 1099 337 1092 
11353 556 553 593 2663 
11354 48 520 49 2581 
11355 294 2464 2262 2503 
11356 918 274 273 2333 
11357 1701 2371 1797 2501 
11358 1626 1691 1660 2299 
11359 1180 1164 390 1175 
11360 983 1057 1029 2584 
11361 1677 477 1524 2650 
11362 695 199 762 979 
11363 1985 2153 2409 2703 
11364 1093 1114 1110 332 
11365 2172 2490 2031 2627 
11366 364 1174 1178 1150 
11367 569 551 543 2646 
11368 1283 1282 1281 2531 
11369 1668 1921 1688 2329 
11370 1158 1199 387 2568 
11371 1960 2281 2414 2553 
11372 625 2479 574 2607 
11373 1779 1751 1800 2578 
11374 379 1171 1163 2469 
11375 1974 2284 2629 2634 
11376 715 757 797 2426 
11377 1706 1794 1748 2290 
11378 288 2462 1038 2470 
11379 1657 1777 1712 490 
11380 1865 1831 1887 2283 
11381 1728 1733 1768 2414 
11382 702 806 2272 2688 
11383 1657 1712 1603 490 
11384 1561 452 1891 1826 
11385 514 51 505 2697 
11386 1033 1034 1047 2168 
11387 584 594 605 2415 
11388 943 963 927 2461 
11389 1637 1612 1650 2301 
11390 1192 2469 1179 2666 
11391 1881 1816 2275 2670 
11392 1564 1571 1494 2408 
11393 1453 1494 1484 2273 
11394 908 939 938 2303 
11395 2072 2433 2253 2678 
11396 1591 1445 469 2526 
11397 1985 2559 2616 2703 
11398 1586 1538 1446 2399 
11399 1964 2525 2212 2558 
11400 2066 2504 2342 2532 
11401 1730 1724 1754 2633 
11402 2055 2494 2131 2645 
11403 582 585 579 2626 
11404 1474 25 329 2275 
11405 633 765 92 530 
11406 279 2270 280 2556 
11407 782 735 733 2173 
11408 1585 2489 2207 2644 
11409 337 1118 1092 1105 
11410 1679 1648 1614 2212 
11411 764 699 815 2621 
11412 1297 1299 1254 2353 
11413 1188 1178 1191 2257 
11414 1556 1805 1710 448 
11415 1291 1290 1252 2629 
11416 1123 1116 1121 2599 
11417 741 712 771 2269 
11418 287 286 943 2461 
11419 1711 483 1655 1787 
11420 838 861 1218 1219 
11421 1794 2290 1790 2640 
11422 1266 1251 1252 2629 
11423 494 1658 1899 1823 
11424 1836 1842 1866 2310 
11425 1608 1642 104 2558 
11426 1327 1328 1325 2205 
11427 1846 1845 1855 2431 
11428 2382 2522 2253 2678 
11429 1960 2414 2316 2553 
11430 787 773 727 2296 
11431 723 293 18 819 
11432 1016 2430 1021 2690 
11433 103 2411 61 2635 
11434 623 648 532 2271 
11435 697 762 198 973 
11436 907 2451 236 2463 
11437 2426 2577 1053 2690 
11438 1034 2426 2168 2577 
11439 1907 347 348 411 
11440 951 2488 2111 2632 
11441 2029 2535 2125 2638 
11442 1905 1824 2317 2689 
11443 1608 1628 1629 2365 
11444 1499 1444 1488 2214 
11445 1104 1116 1123 2396 
11446 285 949 921 2594 
11447 1820 1873 1910 2166 
11448 1469 1467 1463 2679 
11449 1043 756 996 2394 
11450 1480 1479 1488 2294 
11451 779 804 718 2285 
11452 751 815 780 2621 
11453 996 729 227 985 
11454 1328 1241 1396 2307 
11455 112 113 71 2314 
11456 950 2510 239 2632 
11457 1823 1915 1888 2405 
11458 507 513 515 2168 
11459 1818 1907 348 411 
11460 1921 1668 1900 2329 
11461 1525 2614 1524 2650 
11462 771 712 732 2269 
11463 2419 2449 2177 2656 
11464 384 385 1164 2448 
11465 1502 1473 1503 2311 
11466 564 2392 563 2505 
11467 1577 1641 1680 467 
11468 1806 1708 1443 2512 
11469 571 568 590 2369 
11470 1615 1673 1693 2500 
11471 1244 1337 1336 2409 
11472 815 731 764 2178 
11473 1743 1744 1794 2628 
11474 529 602 614 2497 
11475 2110 2510 1985 2616 
11476 766 800 1365 862 
11477 712 293 18 713 
11478 1031 1020 981 2595 
11479 1196 1175 389 1165 
11480 1094 331 1110 1133 
11481 1893 1917 2285 2660 
11482 1772 1784 1709 2562 
11483 363 1148 1197 1174 
11484 1444 1591 470 1672 
11485 1997 2364 2162 2620 
11486 1408 425 1204 2547 
11487 955 965 942 2447 
11488 1123 1121 1109 2599 
11489 1430 463 1669 2706 
11490 469 1671 1591 2526 
11491 1961 2513 2146 2534 
11492 1688 1921 1596 2329 
11493 1648 2212 1679 2657 
11494 370 1181 1172 1149 
11495 1080 1117 312 1108 
11496 1825 1893 1917 2285 
11497 1964 2342 2225 2624 
11498 254 253 2611 2658 
11499 1132 1118 1098 338 
11500 1632 1636 1637 2530 
11501 278 2350 2384 2675 
11502 1053 2426 1034 2577 
11503 841 1357 1234 1339 
11504 1107 1119 305 1083 
11505 1816 1918 1885 2275 
11506 1278 1348 851 1296 
11507 536 2296 53 2507 
11508 654 598 597 2186 
11509 97 56 55 2206 
11510 292 974 293 2625 
11511 1820 2166 1910 2660 
11512 1408 1389 2446 2547 
11513 2158 2472 2071 2676 
11514 1897 1828 1884 2200 
11515 1025 1072 1024 2474 
11516 779 719 752 2285 
11517 1171 1163 396 1179 
11518 658 112 1641 2492 
11519 1982 2242 2476 2551 
11520 2061 2616 2559 2703 
11521 242 243 909 2612 
11522 1389 1204 1302 2547 
11523 1925 2458 2188 2699 
11524 544 551 602 2321 
11525 111 2397 69 2526 
11526 1892 744 160 1815 
11527 28 1403 352 2235 
11528 79 121 2536 2545 
11529 2060 2172 2490 2698 
11530 1032 2511 1044 2697 
11531 1534 1486 1471 2341 
11532 499 1678 1895 1605 
11533 1169 1179 395 2666 
11534 322 1441 2486 2487 
11535 302 1082 1119 1083 
11536 1613 100 2253 2522 
11537 1997 2396 2140 2599 
11538 384 297 296 2373 
11539 747 1778 191 1703 
11540 799 822 863 1364 
11541 1457 449 1710 1785 
11542 994 995 272 2589 
11543 816 2268 700 2466 
11544 185 782 1367 1256 
11545 1545 478 1606 2332 
11546 722 774 720 2370 
11547 1843 1847 1841 2306 
11548 327 2380 326 2386 
11549 625 571 2436 2607 
11550 379 1166 1163 1179 
11551 1116 2396 1104 2620 
11552 449 1457 1562 1785 
11553 799 811 822 1202 
11554 747 813 2228 2578 
11555 82 650 573 2621 
11556 1166 395 1179 2666 
11557 554 552 553 2449 
11558 782 185 705 1256 
11559 1294 2173 1421 2611 
11560 1579 1471 1486 2341 
11561 1611 1678 1645 2277 
11562 1643 1649 1615 2500 
11563 1662 1670 1501 472 
11564 951 239 240 2632 
11565 1476 1509 2560 2622 
11566 2060 2490 2172 2627 
11567 1351 1298 1350 2202 
11568 1580 1408 2446 2547 
11569 1365 856 1426 1424 
11570 1016 1010 2377 2690 
11571 950 951 939 2632 
11572 971 958 914 2676 
11573 1479 1475 1490 2312 
11574 761 768 607 2479 
11575 2277 2538 1883 2649 
11576 1604 1777 1657 489 
11577 2160 2411 2062 2485 
11578 861 1220 1239 1218 
11579 1413 1558 1408 2446 
11580 1355 1288 1281 2531 
11581 1962 2344 2309 2380 
11582 1656 1796 1701 2371 
11583 2023 2301 2608 2701 
11584 1972 2318 2274 2565 
11585 1385 1341 1286 836 
11586 1985 2180 2409 2632 
11587 1057 983 278 2350 
11588 193 777 701 1779 
11589 277 276 937 2348 
11590 323 324 2364 2590 
11591 1844 2538 1882 2598 
11592 1420 1367 1421 2173 
11593 1890 158 776 702 
11594 1799 1703 2228 2578 
11595 1603 1788 491 1712 
11596 1146 354 355 2324 
11597 341 458 342 1821 
11598 2255 2366 1958 2467 
11599 1372 401 1233 1790 
11600 1559 1508 1507 2304 
11601 1148 360 361 2682 
11602 2299 2357 1977 2649 
11603 53 2394 52 2507 
11604 457 341 1916 1821 
11605 583 586 578 2637 
11606 1997 2396 2599 2620 
11607 849 1289 1219 1217 
11608 225 743 756 1043 
11609 1570 1442 1619 461 
11610 1676 1702 1604 488 
11611 1431 1204 425 2547 
11612 1997 2599 2364 2620 
11613 1738 1740 1742 2263 
11614 514 50 51 2697 
11615 1449 1592 473 2499 
11616 1155 376 1153 1195 
11617 1102 344 1103 1131 
11618 1963 2170 2468 2673 
11619 1085 1087 318 1130 
11620 1666 1681 1620 2405 
11621 1447 2332 1531 2650 
11622 847 836 1385 829 
11623 2042 2458 2335 2552 
11624 1828 418 1829 1384 
11625 814 744 2265 2688 
11626 1245 1237 1247 2328 
11627 53 729 798 2394 
11628 627 561 604 2261 
11629 1255 1375 1406 2283 
11630 2118 2045 2576 2687 
11631 306 1077 1082 2582 
11632 1161 380 2398 2666 
11633 930 246 247 2506 
11634 1119 1107 302 1083 
11635 1171 379 1163 1179 
11636 1139 346 347 2568 
11637 1758 1760 1803 2388 
11638 1544 326 1439 2390 
11639 1727 1725 1726 2281 
11640 2229 2336 2052 2683 
11641 2154 2527 1972 2676 
11642 60 102 61 2337 
11643 380 1161 1166 2666 
11644 758 1709 194 1784 
11645 1688 1537 1618 2329 
11646 1897 1822 157 759 
11647 1701 1656 2371 2501 
11648 1016 1017 1021 2430 
11649 1390 2518 1410 2704 
11650 1485 2207 1585 2489 
11651 1544 1563 1438 2478 
11652 1468 2381 1464 2679 
11653 2022 2633 2250 2677 
11654 239 2409 2180 2632 
11655 1426 856 1296 1424 
11656 378 1163 1198 1171 
11657 327 2380 2386 2630 
11658 1447 1524 477 2650 
11659 1120 1126 1106 2344 
11660 2278 2425 2092 2613 
11661 303 1107 1136 1083 
11662 1461 1511 1459 2308 
11663 862 800 1365 821 
11664 1733 1734 1743 2628 
11665 708 768 761 2479 
11666 1954 2301 2530 2608 
11667 1825 1917 1899 2285 
11668 912 233 234 2442 
11669 978 820 197 697 
11670 328 2346 329 2542 
11671 977 972 924 2658 
11672 1561 452 1446 1891 
11673 1835 1836 1834 2683 
11674 306 1113 1077 2582 
11675 1974 2629 2258 2634 
11676 1881 1816 1885 2275 
11677 1158 387 346 2568 
11678 1600 2403 1631 2701 
11679 1027 1003 1024 2320 
11680 832 1277 1275 1276 
11681 469 1663 1671 2526 
11682 1108 1131 1134 2503 
11683 1234 827 850 1222 
11684 1388 1206 361 843 
11685 840 828 1341 853 
11686 1389 1302 1285 2648 
11687 1372 1203 402 1700 
11688 814 2265 2671 2688 
11689 819 976 216 698 
11690 1685 1652 1634 2434 
11691 700 816 781 2268 
11692 1658 1823 1620 2405 
11693 1668 1602 502 1900 
11694 756 226 1043 996 
11695 1596 1826 1561 2329 
11696 1489 1480 1488 2294 
11697 931 924 960 2243 
11698 300 1079 299 2620 
11699 1190 1181 1170 2417 
11700 1973 2390 2386 2478 
11701 561 2261 655 2443 
11702 1558 1580 1408 2446 
11703 1196 1193 1175 2345 
11704 1537 1561 1538 2329 
11705 1852 1903 1853 2357 
11706 1991 2412 2216 2669 
11707 1222 827 850 1368 
11708 1585 1519 1535 2489 
11709 1833 2579 2229 2683 
11710 950 238 239 2510 
11711 1972 2459 2158 2676 
11712 579 2323 583 2637 
11713 1337 1242 1262 2703 
11714 1856 1859 1857 2376 
11715 2115 2569 2000 2640 
11716 1964 2504 2342 2624 
11717 776 702 806 2272 
11718 1977 2253 2433 2678 
11719 1200 1148 361 1197 
11720 1165 1199 1196 387 
11721 1135 1132 320 1098 
11722 1514 1573 1590 2412 
11723 1995 2226 2435 2665 
11724 735 736 696 2557 
11725 1528 1566 1527 2225 
11726 1864 1867 1873 2546 
11727 284 935 949 2502 
11728 1613 2253 99 2606 
11729 378 1163 1171 2469 
11730 1730 1726 1724 2677 
11731 809 705 186 1414 
11732 733 1232 184 1367 
11733 2254 2414 2047 2493 
11734 1844 1878 1882 2538 
11735 1654 477 1677 2650 
11736 1638 1656 1616 2501 
11737 1530 1525 1524 2650 
11738 2287 2594 2048 2596 
11739 1001 999 1003 2443 
11740 551 2460 2321 2646 
11741 1043 2394 998 2697 
11742 1755 1757 1756 2221 
11743 272 940 2196 2516 
11744 1049 222 757 984 
11745 1282 1283 1293 2573 
11746 1795 1371 400 1706 
11747 744 1815 2265 2688 
11748 387 1398 1582 2262 
11749 1449 1546 1548 2499 
11750 1693 1643 1615 2500 
11751 1512 1513 1514 2669 
11752 574 567 2607 2618 
11753 1813 499 1895 1605 
11754 2055 2226 2591 2665 
11755 1875 1812 1902 2235 
11756 1479 1465 1475 2312 
11757 1912 1890 1822 2272 
11758 1437 1451 2468 2673 
11759 1626 1660 1664 2317 
11760 2262 2464 387 2568 
11761 1554 1432 446 1806 
11762 1746 1735 1738 2432 
11763 301 302 1082 2582 
11764 1196 387 1199 2568 
11765 1459 1458 1456 2564 
11766 1445 1663 469 2526 
11767 549 2419 575 2656 
11768 777 1709 194 758 
11769 1190 1189 1180 2448 
11770 1048 1071 981 2455 
11771 1653 1633 1652 2374 
11772 508 509 505 2211 
11773 1822 776 157 759 
11774 1000 1032 1044 2697 
11775 2019 2543 2236 2641 
11776 1241 373 372 2395 
11777 1919 2399 1901 2689 
11778 1796 1656 1610 2371 
11779 86 608 703 524 
11780 1750 1718 1772 2452 
11781 774 793 697 2201 
11782 1974 2368 2453 2696 
11783 1751 2480 1737 2691 
11784 1253 1245 1247 2328 
11785 78 79 624 2427 
11786 1107 1125 2378 2554 
11787 1995 2484 2182 2605 
11788 56 2206 97 2508 
11789 2098 2597 2538 2598 
11790 1801 1747 1710 2575 
11791 1606 478 1654 2332 
11792 1374 1390 1410 2704 
11793 1542 2239 1487 2672 
11794 1295 1283 1288 2531 
11795 1704 1771 1773 2292 
11796 423 1413 1213 1435 
11797 592 545 548 2643 
11798 1840 1845 1843 2585 
11799 1058 220 786 987 
11800 1574 1489 2413 2672 
11801 1947 2335 2224 2552 
11802 1819 1891 1919 2399 
11803 1354 1283 1295 2573 
11804 1390 1211 1417 2704 
11805 1220 846 837 1222 
11806 643 570 45 2430 
11807 1262 2648 2407 2703 
11808 1433 1504 1568 2500 
11809 1704 446 1432 1806 
11810 273 274 1056 2330 
11811 816 754 781 2268 
11812 1905 1901 1824 2689 
11813 909 2447 955 2612 
11814 1728 1727 1729 2553 
11815 630 559 626 2636 
11816 644 575 600 2591 
11817 1321 842 31 1207 
11818 1905 1852 1854 2689 
11819 1292 374 1387 2439 
11820 913 930 966 2445 
11821 972 2161 924 2658 
11822 1184 1189 1170 2324 
11823 976 974 926 2244 
11824 1918 1819 1553 454 
11825 1827 410 346 1907 
11826 2476 2551 2242 2693 
11827 1011 1008 1036 2577 
11828 747 813 746 2228 
11829 328 1539 329 2346 
11830 322 1541 323 2486 
11831 1080 1108 294 2503 
11832 760 606 90 769 
11833 519 51 2441 2443 
11834 951 915 952 2488 
11835 2229 2579 2336 2683 
11836 421 1363 1258 2489 
11837 1909 1882 1883 2538 
11838 1706 1233 401 1790 
11839 2212 2525 2114 2657 
11840 249 934 911 2402 
11841 865 173 204 795 
11842 647 607 640 2296 
11843 1568 1680 1615 466 
11844 530 2424 588 2639 
11845 854 244 843 2682 
11846 1164 1162 384 2448 
11847 1262 2407 1336 2703 
11848 2025 2558 2212 2614 
11849 1553 1581 1918 454 
11850 1262 1302 2407 2648 
11851 1907 410 346 347 
11852 46 47 506 2426 
11853 832 845 1277 1276 
11854 1783 487 1676 1610 
11855 514 505 509 2211 
11856 1548 1589 1498 2375 
11857 599 624 590 2369 
11858 1816 25 2275 2670 
11859 1659 1617 1666 2420 
11860 1784 1772 1715 2583 
11861 851 856 253 1296 
11862 53 536 640 2296 
11863 1124 1113 1129 2582 
11864 1328 1387 1241 2307 
11865 1778 1799 1703 2228 
11866 863 767 799 1364 
11867 287 288 1038 2470 
11868 1815 1911 2265 2688 
11869 1606 1686 1646 2332 
11870 1493 1587 1517 2654 
11871 2042 2552 2335 2574 
11872 1949 2264 2435 2665 
11873 1094 1137 1133 329 
11874 47 2577 2426 2690 
11875 1452 1547 1571 2408 
11876 244 245 945 2280 
11877 814 2671 745 2688 
11878 298 299 1078 2396 
11879 591 578 586 2355 
11880 1805 1432 1704 447 
11881 457 341 340 1916 
11882 1457 1556 1710 448 
11883 1547 2408 1452 2642 
11884 802 179 210 887 
11885 295 1582 1398 2262 
11886 1345 1229 1236 2619 
11887 27 19 1922 2464 
11888 1628 1622 1623 2266 
11889 1053 2577 1036 2690 
11890 985 729 227 773 
11891 585 649 2323 2626 
11892 557 556 2415 2663 
11893 1790 1794 1706 2290 
11894 1600 1650 118 2701 
11895 1605 2299 1691 2653 
11896 2336 2579 2100 2683 
11897 1735 1731 1729 2316 
11898 554 553 555 2663 
11899 1126 1128 1106 2344 
11900 2253 2522 2072 2678 
11901 1191 1174 1192 2351 
11902 1189 1190 1170 2324 
11903 1985 2510 2153 2616 
11904 1757 1798 1760 2388 
11905 2043 2472 2385 2647 
11906 303 1083 302 2378 
11907 1608 1622 1628 2365 
11908 1403 28 1313 2235 
11909 383 384 1162 2448 
11910 1779 1800 1709 2562 
11911 441 1397 440 1578 
11912 610 594 593 2656 
11913 1632 2301 1650 2701 
11914 1983 2372 2234 2625 
11915 1671 110 1672 2526 
11916 545 542 544 2496 
11917 1608 1622 2365 2635 
11918 1759 1758 1802 2347 
11919 713 724 754 2234 
11920 1495 1444 1584 2494 
11921 1044 1043 998 2697 
11922 999 1022 1003 2443 
11923 606 570 643 2175 
11924 1240 1359 1394 2687 
11925 1947 2335 2552 2574 
11926 315 1564 316 2218 
11927 1589 1576 1498 2375 
11928 2036 2531 2385 2647 
11929 1085 1130 1136 2554 
11930 1447 477 1654 2650 
11931 1530 1447 1531 2650 
11932 169 811 799 1202 
11933 1581 25 1474 2275 
11934 830 838 849 1219 
11935 708 230 989 742 
11936 1802 1701 1797 2501 
11937 421 1258 1485 2489 
11938 824 833 1357 1319 
11939 998 999 1000 2697 
11940 1501 1670 1584 472 
11941 1310 233 852 855 
11942 1200 1177 1197 2684 
11943 1411 1360 1292 2439 
11944 1065 286 287 2587 
11945 837 830 1220 861 
11946 108 2494 67 2645 
11947 1790 1372 402 1700 
11948 932 909 955 2612 
11949 1407 1233 1378 2290 
11950 2061 2559 2648 2703 
11951 1169 2398 1191 2666 
11952 243 843 244 2682 
11953 1398 439 440 1582 
11954 1341 1275 1273 258 
11955 1119 306 1082 2582 
11956 1341 1275 828 840 
11957 1167 385 386 2345 
11958 1791 1792 1702 2475 
11959 1114 1128 1126 2380 
11960 98 1617 1639 2606 
11961 737 2272 806 2557 
11962 1214 859 1427 1426 
11963 1995 2591 2226 2665 
11964 530 609 2424 2466 
11965 814 745 744 2688 
11966 1108 1117 1127 2503 
11967 1408 1413 424 1558 
11968 525 606 90 760 
11969 87 607 761 768 
11970 277 937 908 2674 
11971 1758 1757 1760 2388 
11972 2062 2365 2266 2635 
11973 1371 1233 400 1706 
11974 1408 1204 1389 2547 
11975 576 538 526 2241 
11976 1975 2605 2264 2665 
11977 1483 443 1780 1555 
11978 2036 2276 2531 2647 
11979 547 549 548 2419 
11980 1383 1410 1257 2583 
11981 555 557 558 2422 
11982 1607 1685 1669 2706 
11983 565 564 598 2392 
11984 579 585 583 2323 
11985 1687 1674 1653 2374 
11986 524 703 86 761 
11987 727 768 787 2296 
11988 2252 2467 1973 2491 
11989 1349 1254 1340 2327 
11990 1500 1433 1577 2492 
11991 306 1119 1113 2582 
11992 588 646 525 2639 
11993 1608 2365 103 2635 
11994 1665 1682 1616 2501 
11995 1985 2616 2153 2703 
11996 1496 1498 1497 2413 
11997 526 2377 47 2690 
11998 729 996 756 2394 
11999 1918 1816 455 1581 
12000 777 805 701 2562 
12001 2036 2385 2472 2647 
12002 1641 112 1663 2492 
12003 322 321 1441 2487 
12004 913 966 967 2445 
12005 1430 464 1573 2412 
12006 777 193 1709 1779 
12007 985 1014 997 2507 
12008 1574 1480 1489 2672 
12009 1627 2382 1699 2653 
12010 1629 1677 2614 2650 
12011 1036 1053 1034 2577 
12012 158 776 1822 1890 
12013 1016 1036 1010 2690 
12014 1190 1193 1181 2417 
12015 832 1275 1284 840 
12016 1430 1669 464 2412 
12017 1747 1801 1748 2575 
12018 1054 291 292 2498 
12019 1449 473 1640 2499 
12020 850 837 1222 1368 
12021 858 822 811 1202 
12022 272 2155 271 2516 
12023 1195 2469 1192 2684 
12024 1602 1824 502 1900 
12025 1795 1706 1748 2440 
12026 1365 862 821 856 
12027 1654 2332 1447 2650 
12028 1485 1562 1585 2207 
12029 866 209 178 796 
12030 1625 1646 1623 2668 
12031 665 126 96 1620 
12032 1505 1502 1475 2664 
12033 822 858 834 1202 
12034 1542 320 1487 2239 
12035 1067 992 2556 2600 
12036 1560 1514 1590 2669 
12037 964 963 943 2661 
12038 2054 2393 2480 2691 
12039 1438 1539 328 2346 
12040 1035 1052 1048 2471 
12041 833 1357 1320 1234 
12042 726 45 2 772 
12043 773 53 1 727 
12044 839 848 1246 829 
12045 301 1082 1077 2582 
12046 613 639 614 2460 
12047 1894 1865 1887 2283 
12048 1430 2412 1514 2706 
12049 564 565 563 2392 
12050 1380 1358 260 860 
12051 593 549 575 2656 
12052 1605 1660 1691 2299 
12053 1192 1179 1191 2666 
12054 770 731 2509 2694 
12055 702 745 806 2688 
12056 627 536 655 2261 
12057 822 855 863 1364 
12058 1621 153 123 686 
12059 917 958 946 2472 
12060 1915 1823 1917 2405 
12061 2061 2153 2616 2703 
12062 701 805 748 2578 
12063 1495 1501 1496 2494 
12064 630 622 2483 2636 
12065 1558 424 1408 1580 
12066 283 2182 2484 2605 
12067 1624 1626 1625 2668 
12068 192 1779 701 2578 
12069 633 525 704 2639 
12070 1223 1337 1244 2409 
12071 589 2288 634 2643 
12072 1959 2557 2173 2658 
12073 1202 1310 822 1364 
12074 1425 1352 1351 2383 
12075 710 271 995 2509 
12076 1796 486 1656 1701 
12077 1801 1785 1716 2207 
12078 608 531 85 2694 
12079 764 85 531 2694 
12080 91 704 633 525 
12081 2181 2597 2009 2598 
12082 2085 2216 2434 2706 
12083 1680 1568 1433 466 
12084 1662 473 1592 2499 
12085 1863 1890 1912 2688 
12086 928 968 910 2286 
12087 1889 1905 1824 2317 
12088 747 192 701 2578 
12089 1391 1386 356 2338 
12090 644 619 610 2226 
12091 915 932 969 2523 
12092 727 640 88 768 
12093 1414 705 186 1256 
12094 1192 2351 1197 2684 
12095 1673 1573 464 2412 
12096 283 284 990 2484 
12097 1532 1530 1531 2418 
12098 1125 1130 1111 2554 
12099 988 275 1062 2247 
12100 1959 2161 2557 2658 
12101 1908 1814 1659 497 
12102 1985 2409 2510 2632 
12103 1161 380 381 2398 
12104 1919 1891 1901 2399 
12105 931 253 924 2658 
12106 1796 1767 1797 2371 
12107 1191 1169 1188 2398 
12108 1262 1336 1337 2703 
12109 519 561 51 2443 
12110 271 711 13 720 
12111 1801 1716 1748 2440 
12112 570 526 46 2430 
12113 1673 464 1669 2412 
12114 1834 1833 1835 2683 
12115 603 571 590 2436 
12116 1363 1419 1423 2489 
12117 782 733 184 1367 
12118 1937 2490 2172 2698 
12119 455 1816 25 1581 
12120 842 857 826 1207 
12121 1371 1400 1378 2440 
12122 1734 1744 1743 2628 
12123 786 772 220 1058 
12124 822 834 1310 1202 
12125 2207 2489 1988 2644 
12126 1296 835 856 1426 
12127 386 2262 387 2568 
12128 507 48 49 2692 
12129 1750 1720 2452 2691 
12130 823 1276 1348 1278 
12131 750 790 721 2623 
12132 1805 1432 447 1556 
12133 1206 1388 1318 825 
12134 1235 1405 1361 2341 
12135 251 2385 917 2472 
12136 547 546 600 2379 
12137 99 57 98 2606 
12138 498 1611 1895 1678 
12139 984 221 772 1058 
12140 1380 1358 860 839 
12141 1730 1764 1726 2677 
12142 1642 105 668 2558 
12143 792 177 208 880 
12144 1709 1800 1772 2562 
12145 750 751 2473 2623 
12146 635 2323 649 2580 
12147 1502 1490 1475 2664 
12148 300 301 1077 2582 
12149 1265 1357 844 1263 
12150 1388 1246 1380 839 
12151 1251 1346 1250 2634 
12152 1755 1754 1752 2633 
12153 812 1214 182 800 
12154 1988 2575 2207 2644 
12155 948 961 916 2428 
12156 717 750 751 2473 
12157 837 1220 1222 1368 
12158 798 517 53 2394 
12159 1219 838 849 1217 
12160 1014 1022 997 2507 
12161 912 962 975 2442 
12162 1600 1630 1631 2403 
12163 2059 2528 2270 2675 
12164 825 1318 1206 831 
12165 1730 1755 1756 2633 
12166 1373 1376 1299 2297 
12167 1484 1486 1472 2401 
12168 1878 1883 2538 2649 
12169 761 607 524 2479 
12170 1281 1280 1279 2651 
12171 75 76 629 2319 
12172 948 916 275 2428 
12173 1589 1546 1529 2504 
12174 1851 1898 1874 2662 
12175 1550 1540 1539 2535 
12176 1737 1751 1752 2480 
12177 574 566 567 2618 
12178 2393 2151 2480 2691 
12179 1190 1175 1193 2345 
12180 1150 358 359 2257 
12181 1799 1751 1703 2578 
12182 1914 1909 1814 2420 
12183 1192 2469 2351 2684 
12184 1587 1435 1535 2222 
12185 1759 1756 1758 2347 
12186 524 574 625 2479 
12187 1592 1662 1501 472 
12188 769 643 89 726 
12189 1130 1107 1136 2554 
12190 624 599 523 2427 
12191 1769 1741 1736 2325 
12192 23 1597 1487 2533 
12193 1827 1922 346 409 
12194 1273 1286 1341 259 
12195 1445 1500 1577 2492 
12196 296 297 1075 2344 
12197 1449 2499 1640 2657 
12198 1486 1509 1472 2401 
12199 879 174 205 791 
12200 844 833 1357 824 
12201 1901 1826 1900 2329 
12202 1840 1876 1845 2585 
12203 730 757 222 984 
12204 1796 486 1610 1656 
12205 1632 1637 1650 2301 
12206 530 657 609 2466 
12207 1165 387 1196 2568 
12208 1797 1701 1796 2371 
12209 1107 1130 1125 2554 
12210 1543 324 1440 2300 
12211 925 762 199 979 
12212 1931 2551 2476 2693 
12213 487 1783 1796 1610 
12214 821 1214 1365 1426 
12215 800 812 1214 821 
12216 46 47 2426 2690 
12217 1607 1593 462 1661 
12218 1808 1696 482 1787 
12219 2239 2533 1980 2555 
12220 421 1535 1363 2489 
12221 700 636 93 2466 
12222 1549 2450 1538 2652 
12223 608 85 703 2694 
12224 1541 322 1441 2486 
12225 1608 103 1622 2635 
12226 1021 1017 1060 2430 
12227 814 744 755 2265 
12228 1275 1341 828 258 
12229 819 775 723 2244 
12230 801 1205 874 872 
12231 851 1348 835 1296 
12232 1235 1402 1405 2341 
12233 561 627 655 2261 
12234 1782 1775 1753 2297 
12235 1413 423 1558 1435 
12236 534 2591 616 2645 
12237 1879 1857 1881 2349 
12238 251 917 946 2472 
12239 420 1595 1485 1416 
12240 1310 855 1364 1428 
12241 1051 1064 991 2613 
12242 2005 2522 2382 2678 
12243 1773 1774 1708 2512 
12244 1542 1487 1574 2672 
12245 1723 1739 1721 2363 
12246 1117 1128 1127 2309 
12247 1450 1436 1437 2468 
12248 49 520 550 2581 
12249 1450 1437 1451 2468 
12250 936 236 237 2463 
12251 1239 265 861 1218 
12252 1156 375 1155 1198 
12253 1134 1100 1102 343 
12254 1138 1201 1140 349 
12255 1545 1470 1549 2450 
12256 1085 319 1088 1136 
12257 851 835 856 1296 
12258 1024 1003 1023 2320 
12259 973 762 198 925 
12260 529 645 601 2497 
12261 1670 1584 471 1672 
12262 550 642 656 2293 
12263 1382 1400 1371 2440 
12264 1642 668 104 2558 
12265 1388 843 854 825 
12266 1580 1598 1431 2547 
12267 700 93 765 2466 
12268 1600 117 1630 2403 
12269 828 1286 1341 836 
12270 232 14 863 767 
12271 23 1436 1597 2533 
12272 1532 1528 1530 2418 
12273 993 1073 217 741 
12274 704 525 760 2639 
12275 1677 1698 1629 2614 
12276 1661 1593 462 1442 
12277 1627 1644 1699 2382 
12278 1885 1858 1881 2702 
12279 1388 1206 843 825 
12280 49 516 507 2511 
12281 851 823 1348 1278 
12282 1763 1794 1790 2640 
12283 1959 2243 2609 2667 
12284 825 262 1318 831 
12285 742 230 989 995 
12286 609 588 530 2424 
12287 70 527 69 2397 
12288 2056 2631 2333 2693 
12289 711 751 721 2623 
12290 326 327 1093 2380 
12291 1218 838 1219 1217 
12292 1262 1302 1336 2407 
12293 1615 1568 465 1673 
12294 633 530 588 2639 
12295 1049 1053 984 2426 
12296 817 699 650 2621 
12297 1820 1910 1893 2660 
12298 934 956 911 2402 
12299 1188 1169 1186 2398 
12300 747 1703 192 2578 
12301 995 271 272 2509 
12302 601 546 602 2497 
12303 1701 485 1656 2501 
12304 864 175 206 788 
12305 849 826 857 1217 
12306 922 280 933 2517 
12307 833 841 1357 1234 
12308 1661 1619 1442 461 
12309 1892 1815 1911 2265 
12310 1290 1266 1252 2629 
12311 1302 1329 1336 2407 
12312 620 631 587 2705 
12313 531 608 638 2694 
12314 1690 1611 1645 2277 
12315 23 320 316 2555 
12316 832 828 1275 840 
12317 1685 1634 1635 2434 
12318 1815 1863 1911 2688 
12319 207 176 864 788 
12320 887 802 179 1334 
12321 634 589 520 2288 
12322 720 721 722 2370 
12323 354 1393 1208 2389 
12324 421 1485 1535 2489 
12325 764 703 85 2694 
12326 856 821 1365 1426 
12327 1356 1355 1392 2529 
12328 850 841 827 1234 
12329 2351 2469 2068 2684 
12330 521 62 639 2411 
12331 214 977 763 972 
12332 1525 1527 1526 2624 
12333 1430 1669 2412 2706 
12334 1415 408 1383 1810 
12335 1574 1489 1497 2413 
12336 1416 1485 420 1258 
12337 1665 1656 485 2501 
12338 855 822 1310 1364 
12339 1482 1468 1481 2367 
12340 821 859 1214 1426 
12341 560 564 563 2505 
12342 1814 1659 496 1666 
12343 1220 837 861 1239 
12344 346 1922 27 409 
12345 835 1427 859 1426 
12346 1517 1519 1518 2654 
12347 1296 1348 835 1426 
12348 2264 2605 2435 2665 
12349 1995 2435 2605 2665 
12350 1383 1415 1810 2583 
12351 1067 1030 992 2600 
12352 494 1620 1658 1823 
12353 526 47 46 2690 
12354 1711 483 1621 1655 
12355 907 235 236 2451 
12356 1268 1249 1267 898 
12357 1415 1257 165 2583 
12358 192 1703 1779 2578 
12359 1478 1511 1464 2381 
12360 1640 473 1662 2499 
12361 1644 1601 101 2522 
12362 1207 1215 263 831 
12363 1622 102 1601 2635 
12364 1524 2614 1677 2650 
12365 798 756 714 2394 
12366 845 832 823 1276 
12367 747 748 813 2578 
12368 776 806 737 2272 
12369 324 2364 2590 2599 
12370 1666 496 1814 1888 
12371 1171 1179 1192 2469 
12372 1583 1399 439 438 
12373 1285 1262 1250 2648 
12374 495 1620 1823 1888 
12375 257 832 1275 1276 
12376 254 977 924 2658 
12377 256 823 1276 1348 
12378 1613 1639 1690 2606 
12379 226 756 729 996 
12380 79 121 80 2536 
12381 1596 1537 481 1688 
12382 1926 2298 2659 2686 
12383 779 718 719 2285 
12384 526 538 537 2377 
12385 622 528 630 2483 
12386 1415 165 810 2583 
12387 859 821 835 1426 
12388 1509 1476 1510 2622 
12389 1613 1644 100 2522 
12390 1443 1506 1554 2512 
12391 1177 1153 376 1195 
12392 1112 1103 344 1131 
12393 1111 318 1087 1130 
12394 1668 1921 503 1688 
12395 1997 2590 2364 2599 
12396 1357 824 1319 1265 
12397 567 566 565 2618 
12398 1573 465 1568 1673 
12399 1788 1667 492 1689 
12400 795 865 173 1315 
12401 591 543 540 2615 
12402 702 159 744 2688 
12403 1413 1408 1347 2446 
12404 484 1621 1776 1711 
12405 98 57 56 2508 
12406 1476 1509 1491 2560 
12407 1629 1654 1677 2650 
12408 990 1055 283 2484 
12409 1659 1908 497 1611 
12410 710 711 13 271 
12411 714 517 510 798 
12412 846 850 837 1222 
12413 702 1890 159 2688 
12414 625 571 638 2436 
12415 1352 1390 1298 2518 
12416 1466 1512 1560 2669 
12417 822 799 1202 1364 
12418 1545 1531 1447 2332 
12419 221 772 730 984 
12420 544 546 545 2496 
12421 1016 1021 1053 2690 
12422 986 1038 288 2462 
12423 607 524 87 761 
12424 1293 1354 1404 2573 
12425 1253 1297 1254 2353 
12426 736 737 806 2557 
12427 577 2425 579 2637 
12428 582 579 581 2425 
12429 1624 1623 1601 2668 
12430 512 518 715 797 
12431 1430 1514 1513 2706 
12432 766 254 17 862 
12433 50 514 516 2511 
12434 1087 1086 317 1135 
12435 765 732 816 2466 
12436 1101 1137 1103 345 
12437 1141 1139 351 1199 
12438 377 1154 1153 1200 
12439 770 710 742 2509 
12440 792 207 176 880 
12441 2093 2531 2385 2651 
12442 1776 1701 1802 2501 
12443 649 635 585 2323 
12444 614 602 551 2460 
12445 1638 1695 1656 2371 
12446 1896 19 1922 459 
12447 860 260 1380 839 
12448 1123 1120 1104 2396 
12449 742 710 231 995 
12450 1921 1668 503 1900 
12451 1192 1174 1197 2351 
12452 1257 706 165 2583 
12453 647 574 607 2479 
12454 1561 1537 1596 2329 
12455 256 1276 1300 1348 
12456 1403 1240 352 2687 
12457 1404 1312 1293 2444 
12458 1660 1602 1664 2317 
12459 1043 996 998 2394 
12460 1895 1908 1611 498 
12461 606 580 570 2175 
12462 1437 1453 1451 2673 
12463 62 521 61 2411 
12464 810 165 706 2583 
12465 91 704 525 760 
12466 1119 1107 1125 2378 
12467 1214 16 859 812 
12468 1663 1445 468 1577 
12469 1142 1149 1201 352 
12470 1080 1074 294 1134 
12471 1595 450 1562 1811 
12472 1468 1464 1467 2679 
12473 777 758 740 2562 
12474 273 1056 994 2589 
12475 1921 451 1596 1826 
12476 1382 398 1416 1811 
12477 109 67 108 2494 
12478 1653 1661 1619 2681 
12479 824 1357 844 1265 
12480 2408 2439 1957 2642 
12481 1881 1861 1816 2670 
12482 1559 1599 1508 2304 
12483 206 175 879 791 
12484 1124 1116 1115 2620 
12485 1972 2527 2459 2676 
12486 909 965 955 2447 
12487 1742 1793 1789 2550 
12488 1713 1809 442 1594 
12489 251 252 2385 2651 
12490 2412 2434 2216 2706 
12491 1114 1110 1128 2380 
12492 1844 1882 1880 2598 
12493 1453 1437 1494 2673 
12494 1199 1165 1158 387 
12495 1144 1148 361 1200 
12496 1135 320 1090 1098 
12497 1310 834 822 855 
12498 320 23 316 1090 
12499 1108 1127 1131 2503 
12500 845 823 851 1278 
12501 631 613 569 2646 
12502 181 16 1214 812 
12503 549 553 552 2449 
12504 66 645 65 2331 
12505 290 289 914 2459 
12506 1035 1048 1020 2471 
12507 1215 263 1216 1207 
12508 1689 492 1788 1809 
12509 530 765 93 2466 
12510 1218 264 838 1216 
12511 1621 1776 1665 484 
12512 258 828 1275 832 
12513 555 558 595 2422 
12514 1620 495 1666 1888 
12515 271 13 978 720 
12516 1464 1468 1478 2381 
12517 770 764 731 2694 
12518 807 703 770 2694 
12519 666 1644 101 2522 
12520 1049 1034 1053 2426 
12521 1880 1838 1844 2598 
12522 1358 1380 1246 839 
12523 285 921 286 2594 
12524 1006 1002 1005 2581 
12525 1407 1290 1370 2569 
12526 698 976 216 926 
12527 772 45 2 730 
12528 729 53 1 773 
12529 1195 1171 1192 2469 
12530 741 1073 217 712 
12531 852 834 1310 855 
12532 1558 1492 1580 2446 
12533 1620 1681 96 2405 
12534 58 522 617 2580 
12535 1683 716 6 663 
12536 671 5 1684 718 
12537 1316 1310 1265 834 
12538 1564 1452 1571 2408 
12539 981 286 1065 2595 
12540 530 93 636 2466 
12541 543 551 544 2321 
12542 325 1439 326 2390 
12543 583 585 635 2323 
12544 1046 1056 988 2695 
12545 941 963 964 2661 
12546 159 1815 744 2688 
12547 1157 382 383 2313 
12548 1751 1737 1750 2691 
12549 1262 1285 1302 2648 
12550 1785 1562 450 1811 
12551 830 837 1220 846 
12552 62 61 103 2411 
12553 282 942 923 2423 
12554 838 1218 1216 1217 
12555 277 278 983 2350 
12556 1700 1763 1790 2640 
12557 1265 824 1316 834 
12558 643 45 2 726 
12559 583 587 586 2705 
12560 1618 1692 1668 2329 
12561 808 771 704 2639 
12562 978 919 271 2516 
12563 1613 99 1639 2606 
12564 1688 1618 1668 2329 
12565 1414 1923 1828 419 
12566 1748 1716 1795 2440 
12567 272 919 940 2516 
12568 1774 1746 1738 2432 
12569 205 174 865 795 
12570 578 591 541 2355 
12571 537 539 634 2191 
12572 613 2460 551 2646 
12573 406 1705 1211 2704 
12574 1592 1548 1501 2499 
12575 1276 257 256 1300 
12576 111 70 69 2397 
12577 1410 1390 1352 2518 
12578 1201 371 1149 1142 
12579 1080 313 1074 1134 
12580 397 1159 1163 1198 
12581 1081 1083 1136 304 
12582 178 866 796 1210 
12583 506 518 46 2426 
12584 1236 1349 1345 2619 
12585 798 729 756 2394 
12586 766 17 254 733 
12587 557 556 584 2415 
12588 1094 1089 1137 329 
12589 640 607 88 768 
12590 1165 386 387 2568 
12591 52 517 505 2394 
12592 14 232 734 767 
12593 1310 1264 1265 852 
12594 655 536 52 2507 
12595 1249 1268 885 898 
12596 1641 1663 468 1577 
12597 289 288 944 2527 
12598 107 1640 1662 2499 
12599 865 204 173 874 
12600 1294 1312 1420 2444 
12601 267 1320 1369 1368 
12602 1589 1529 1569 2504 
12603 625 567 571 2607 
12604 388 1199 1165 1158 
12605 1137 1089 1094 330 
12606 1144 362 1148 1200 
12607 1090 339 1135 1098 
12608 833 824 268 1319 
12609 832 257 823 1276 
12610 1143 356 357 2410 
12611 880 792 177 1332 
12612 1538 1549 1470 2450 
12613 704 760 808 2639 
12614 1536 1449 474 2657 
12615 1878 1904 1883 2649 
12616 1215 1207 1206 831 
12617 866 177 208 796 
12618 944 971 914 2676 
12619 867 1267 1249 898 
12620 102 60 101 2337 
12621 293 18 1073 712 
12622 387 386 1398 2262 
12623 295 294 1582 2262 
12624 1320 827 833 1234 
12625 1275 258 832 257 
12626 456 1916 340 2670 
12627 1652 1607 1661 2681 
12628 606 643 89 769 
12629 1006 1005 1007 2581 
12630 327 328 1097 2630 
12631 800 1214 1365 821 
12632 1923 1897 156 809 
12633 195 1810 810 1784 
12634 384 296 438 385 
12635 762 793 739 2700 
12636 1810 408 1383 1715 
12637 810 1784 1810 2583 
12638 1383 1810 1715 2583 
12639 866 208 177 880 
12640 56 97 98 2508 
12641 812 859 1214 821 
12642 828 1273 1341 259 
12643 560 563 562 2505 
12644 1618 481 1537 1688 
12645 75 117 76 2319 
12646 1214 1365 182 800 
12647 665 1658 126 1620 
12648 825 1206 843 831 
12649 197 978 697 973 
12650 879 205 174 865 
12651 1540 1550 1572 2535 
12652 1921 1900 1826 2329 
12653 23 1086 316 1090 
12654 1799 1752 1751 2480 
12655 1163 1159 378 1198 
12656 1136 303 1083 1081 
12657 534 616 67 2645 
12658 1568 1504 1590 2500 
12659 1673 1635 1693 2412 
12660 834 1310 1265 852 
12661 707 784 42 504 
12662 1380 1388 839 825 
12663 1594 442 1713 1483 
12664 1890 1815 159 2688 
12665 1750 1737 1720 2691 
12666 314 1088 20 1081 
12667 823 257 256 1276 
12668 1011 1006 1008 2692 
12669 153 1621 1655 686 
12670 518 512 44 797 
12671 788 864 175 1238 
12672 1250 1243 1251 2634 
12673 590 568 599 2369 
12674 1444 471 1584 1672 
12675 557 555 556 2663 
12676 941 930 247 2506 
12677 19 1397 1578 2464 
12678 801 874 203 872 
12679 949 935 967 2502 
12680 1557 1519 1585 2644 
12681 951 240 915 2488 
12682 1291 1370 1290 2569 
12683 810 758 1784 2583 
12684 1487 1480 1574 2672 
12685 1536 474 1679 2657 
12686 864 176 207 880 
12687 1363 1423 1258 2489 
12688 303 314 20 1081 
12689 1202 799 169 1364 
12690 1561 1596 451 1826 
12691 1689 1594 1570 460 
12692 1192 1197 1177 2684 
12693 759 156 1897 809 
12694 758 195 810 1784 
12695 121 79 120 2545 
12696 387 1578 1397 2464 
12697 887 209 178 866 
12698 263 826 1207 831 
12699 744 745 702 2688 
12700 431 33 20 378 
12701 1320 1357 833 1319 
12702 841 844 833 1357 
12703 1793 1712 1789 2550 
12704 510 517 39 798 
12705 1441 321 1542 2487 
12706 353 354 1152 2417 
12707 542 540 543 2615 
12708 1636 1604 1694 2530 
12709 20 303 431 378 
12710 1025 1062 1063 2474 
12711 257 1275 258 1274 
12712 784 511 42 504 
12713 748 805 793 2700 
12714 1449 1640 474 2657 
12715 206 175 864 879 
12716 791 879 174 1395 
12717 749 750 717 2473 
12718 456 1816 1916 2670 
12719 398 1382 1716 1811 
12720 801 172 1205 872 
12721 666 100 1644 2522 
12722 1878 1883 1882 2538 
12723 1353 1282 1294 2611 
12724 1422 1352 1425 2383 
12725 323 1092 322 2541 
12726 2040 2671 2265 2688 
12727 817 780 699 2621 
12728 268 1320 833 1319 
12729 111 1671 1663 2526 
12730 295 294 2262 2503 
12731 588 609 582 2424 
12732 1669 1635 1673 2412 
12733 459 1896 19 342 
12734 1051 991 1068 2613 
12735 1695 1610 1656 2371 
12736 176 792 880 1332 
12737 1485 1585 1535 2489 
12738 1585 1457 1557 2644 
12739 837 850 827 1368 
12740 1563 1533 1550 2638 
12741 837 1220 1368 1239 
12742 828 1341 1286 259 
12743 1532 1533 1563 2638 
12744 456 25 1816 2670 
12745 1448 1614 476 2614 
12746 833 267 1320 268 
12747 701 748 747 2578 
12748 268 267 1320 1308 
12749 950 920 238 2510 
12750 1591 1444 1499 2526 
12751 1388 1380 1318 825 
12752 1893 1872 1917 2660 
12753 432 303 302 378 
12754 1536 1546 1449 2657 
12755 176 864 788 1238 
12756 834 1265 824 852 
12757 1365 1232 183 766 
12758 1572 1549 1538 2652 
12759 1216 826 838 1217 
12760 1362 1422 1425 2383 
12761 518 45 46 2426 
12762 261 1318 1380 825 
12763 577 579 578 2637 
12764 828 1341 1273 258 
12765 378 302 432 379 
12766 1919 1901 1854 2689 
12767 767 734 167 1231 
12768 1369 266 267 1368 
12769 1430 1573 1514 2412 
12770 2068 2682 2351 2684 
12771 1048 990 1071 2455 
12772 1384 1414 1828 419 
12773 1177 1195 1192 2684 
12774 1831 1833 1832 2579 
12775 915 241 932 2523 
12776 640 1 53 727 
12777 798 53 1 729 
12778 1499 1445 1591 2526 
12779 1605 1691 1645 2653 
12780 1293 1312 1294 2444 
12781 797 2 45 730 
12782 1156 374 33 1159 
12783 63 104 105 2558 
12784 943 927 287 2461 
12785 1839 1841 1877 2481 
12786 593 575 610 2656 
12787 1180 1189 1173 2448 
12788 1606 1654 1686 2332 
12789 378 33 374 1159 
12790 1091 323 324 2364 
12791 849 838 826 1217 
12792 715 44 512 797 
12793 1644 1627 1624 2382 
12794 173 865 874 1315 
12795 1497 1489 1496 2413 
12796 263 826 1216 1207 
12797 594 584 556 2415 
12798 387 1582 294 2262 
12799 510 39 714 798 
12800 885 867 1249 898 
12801 1364 767 168 1231 
12802 992 1028 1029 2584 
12803 59 100 101 2522 
12804 302 380 433 379 
12805 268 824 269 1319 
12806 1374 406 1211 2704 
12807 456 340 25 2670 
12808 380 302 433 301 
12809 1286 1271 1335 259 
12810 1355 1344 1392 2529 
12811 264 826 838 1216 
12812 1319 824 269 1316 
12813 874 204 173 801 
12814 1729 1727 1769 2553 
12815 1718 1750 1720 2452 
12816 1011 1032 1006 2692 
12817 992 280 1067 2556 
12818 982 1030 1067 2600 
12819 1166 379 380 2666 
12820 1038 986 1070 2462 
12821 1655 482 1696 1787 
12822 1570 1619 1689 460 
12823 796 866 177 1210 
12824 936 907 236 2463 
12825 802 209 178 887 
12826 208 207 792 880 
12827 655 52 51 2443 
12828 1327 1326 1329 2513 
12829 837 265 861 1239 
12830 257 1275 1274 1276 
12831 1640 106 1648 2657 
12832 873 210 179 887 
12833 1884 1862 1912 2563 
12834 1524 1448 476 2614 
12835 27 346 387 2464 
12836 438 297 296 384 
12837 1335 1267 261 898 
12838 1176 1196 1199 2568 
12839 659 1639 99 2606 
12840 1265 844 824 852 
12841 1379 888 899 1309 
12842 434 380 301 300 
12843 1703 1751 1779 2578 
12844 1632 1650 1600 2701 
12845 865 204 205 795 
12846 1677 1524 476 2614 
12847 107 66 65 2331 
12848 1116 1104 1115 2620 
12849 1459 1466 1458 2564 
12850 294 342 19 2464 
12851 434 381 380 300 
12852 1501 1495 1584 2494 
12853 295 1398 386 2262 
12854 835 1348 1427 1426 
12855 372 31 361 1144 
12856 103 667 1622 2635 
12857 102 1622 667 2635 
12858 864 206 207 788 
12859 1286 828 259 836 
12860 1448 1524 1525 2614 
12861 185 186 705 1256 
12862 1547 1452 314 2642 
12863 907 947 235 2451 
12864 528 622 74 2483 
12865 811 822 200 799 
12866 270 858 15 811 
12867 406 405 1211 1705 
12868 1323 1369 903 1304 
12869 203 172 801 872 
12870 111 685 1671 2526 
12871 561 655 51 2443 
12872 879 205 206 791 
12873 821 856 835 1426 
12874 208 209 866 796 
12875 174 879 865 1315 
12876 1134 1080 313 1108 
12877 1172 1201 371 1149 
12878 1198 1163 397 1171 
12879 1792 1791 1741 2475 
12880 260 261 1380 839 
12881 1083 1107 1136 304 
12882 765 816 700 2466 
12883 1257 166 165 706 
12884 995 710 231 271 
12885 534 600 616 2591 
12886 435 382 381 300 
12887 1359 1240 1403 2687 
12888 630 626 622 2636 
12889 1320 267 827 1368 
12890 1280 1281 1282 2651 
12891 766 1232 184 733 
12892 382 435 299 300 
12893 740 805 777 2562 
12894 933 969 922 2517 
12895 992 279 280 2556 
12896 1176 1193 1196 2568 
12897 1884 1830 1862 2563 
12898 475 476 1448 1614 
12899 650 699 637 2621 
12900 880 177 866 1332 
12901 1319 268 1320 1308 
12902 841 833 827 1234 
12903 953 908 937 2674 
12904 874 203 204 801 
12905 870 899 1307 1308 
12906 1476 1491 1477 2560 
12907 567 625 574 2607 
12908 51 50 519 2441 
12909 210 209 802 887 
12910 1885 1886 1858 2702 
12911 131 101 666 1644 
12912 823 1348 835 851 
12913 1460 1510 1476 2622 
12914 585 611 649 2626 
12915 1773 1708 1806 2512 
12916 865 879 876 1315 
12917 146 116 676 1609 
12918 149 119 1612 674 
12919 574 524 607 2479 
12920 259 1273 1271 869 
12921 1283 1281 1288 2531 
12922 1259 868 894 1323 
12923 770 731 710 2509 
12924 298 382 436 299 
12925 1063 1072 1025 2474 
12926 613 614 551 2460 
12927 725 775 814 2671 
12928 1322 868 904 1259 
12929 191 190 1778 746 
12930 530 636 657 2466 
12931 340 1089 25 329 
12932 1234 1320 827 1368 
12933 1318 1267 1228 262 
12934 1046 1050 1026 2695 
12935 160 161 755 1892 
12936 382 298 436 383 
12937 638 571 603 2436 
12938 880 864 176 1238 
12939 406 1717 1705 2704 
12940 1679 474 1640 2657 
12941 575 549 547 2419 
12942 255 859 1427 1214 
12943 522 635 649 2580 
12944 378 379 1163 2469 
12945 406 1374 1717 2704 
12946 1179 1169 1191 2666 
12947 242 909 932 2612 
12948 1249 1248 890 889 
12949 259 828 1273 258 
12950 1464 1463 1467 2679 
12951 174 865 795 1315 
12952 1529 1526 1527 2624 
12953 73 114 115 2540 
12954 1218 1322 264 1216 
12955 709 219 218 1040 
12956 780 815 699 2621 
12957 458 341 457 1821 
12958 791 175 879 1395 
12959 1274 871 257 1300 
12960 1011 1036 1034 2577 
12961 1196 388 1199 1165 
12962 330 1094 1137 1133 
12963 1200 362 1148 1197 
12964 1132 1135 339 1098 
12965 579 583 578 2637 
12966 581 579 577 2425 
12967 876 1303 875 1315 
12968 64 105 106 2525 
12969 1267 1318 261 262 
12970 1368 266 837 1239 
12971 1316 1310 834 1202 
12972 259 260 1286 836 
12973 1273 259 258 869 
12974 187 778 803 1808 
12975 1408 1389 1347 2446 
12976 796 177 178 1210 
12977 476 1614 1677 2614 
12978 951 950 239 2632 
12979 297 383 437 298 
12980 263 1215 1227 1228 
12981 1335 1380 1358 260 
12982 924 253 254 2658 
12983 1227 890 263 1228 
12984 1239 266 265 1323 
12985 890 1248 1249 1228 
12986 267 266 827 1368 
12987 792 176 177 1332 
12988 52 53 517 2394 
12989 1553 1819 453 454 
12990 613 551 569 2646 
12991 383 297 437 384 
12992 260 1335 1271 259 
12993 1327 1329 1405 2513 
12994 178 802 887 1334 
12995 788 175 176 1238 
12996 656 519 50 2441 
12997 611 585 582 2626 
12998 894 1259 1323 1261 
12999 31 372 1154 1144 
13000 251 252 917 2385 
13001 1874 1898 1875 2662 
13002 810 1810 1415 2583 
13003 314 315 1085 2554 
13004 1653 1674 1633 2374 
13005 1216 264 263 1227 
13006 1142 348 28 352 
13007 866 178 887 1210 
13008 1415 1383 1257 2583 
13009 256 823 1348 835 
13010 1656 1665 1616 2501 
13011 794 745 775 2671 
13012 84 85 531 764 
13013 701 192 193 1779 
13014 159 158 1890 702 
13015 1101 1089 25 340 
13016 802 178 179 1334 
13017 1817 416 1212 417 
13018 110 1671 685 2526 
13019 651 573 637 2621 
13020 439 1399 1583 386 
13021 115 145 676 1609 
13022 992 1029 1057 2584 
13023 175 864 879 1395 
13024 1398 440 387 1582 
13025 1878 1853 1904 2649 
13026 1267 1380 1335 261 
13027 526 537 47 2377 
13028 1515 1593 1430 2706 
13029 122 80 121 2536 
13030 1447 1530 1524 2650 
13031 778 187 1714 1808 
13032 264 868 904 1322 
13033 1228 263 1215 262 
13034 1227 1322 904 1259 
13035 859 255 1427 835 
13036 1354 1293 1283 2573 
13037 1600 1631 1632 2701 
13038 1587 1519 1517 2654 
13039 1317 1379 171 906 
13040 822 200 858 811 
13041 1681 126 96 664 
13042 1272 897 258 1274 
13043 444 1443 445 1708 
13044 1863 1815 1890 2688 
13045 6 8 1683 663 
13046 1684 7 5 671 
13047 153 123 669 1682 
13048 257 897 871 1274 
13049 264 838 265 1218 
13050 1513 1515 1430 2706 
13051 906 1379 888 899 
13052 1560 1512 1514 2669 
13053 895 1261 1304 877 
13054 887 179 873 1334 
13055 904 264 1322 1227 
13056 899 870 268 1308 
13057 1016 1053 1036 2690 
13058 1387 1411 1292 2439 
13059 592 589 634 2643 
13060 1158 27 346 387 
13061 1338 871 897 1274 
13062 1374 1211 1390 2704 
13063 1267 1228 262 867 
13064 1322 265 868 1323 
13065 1267 1335 1268 898 
13066 826 1216 1207 1217 
13067 1207 826 842 831 
13068 737 736 735 2557 
13069 902 873 1338 1334 
13070 490 1657 1777 489 
13071 512 511 43 784 
13072 174 175 791 1395 
13073 1309 888 899 1307 
13074 1309 899 268 1308 
13075 19 294 1074 342 
13076 418 1377 417 1829 
13077 536 53 52 2507 
13078 1080 294 295 2503 
13079 270 15 170 811 
13080 606 89 90 769 
13081 1640 1449 474 473 
13082 501 1660 500 1889 
13083 795 173 174 1315 
13084 66 67 616 2645 
13085 1259 1322 868 1323 
13086 1239 1369 266 1323 
13087 607 87 88 768 
13088 414 415 1255 1894 
13089 650 637 573 2621 
13090 1535 421 1363 422 
13091 601 602 529 2497 
13092 624 523 78 2427 
13093 1598 1575 1431 2547 
13094 743 225 224 980 
13095 256 257 871 1300 
13096 1449 1548 1592 2499 
13097 1065 1031 981 2595 
13098 1260 1261 894 878 
13099 892 893 1260 1330 
13100 896 260 1271 259 
13101 120 150 1612 674 
13102 1471 427 1235 428 
13103 707 42 41 504 
13104 201 822 863 799 
13105 890 263 1228 262 
13106 1322 264 265 1218 
13107 1710 449 1457 448 
13108 1248 904 893 1259 
13109 837 827 266 1368 
13110 998 1000 1044 2697 
13111 715 512 43 784 
13112 1788 1667 491 492 
13113 1216 1322 264 1227 
13114 375 1155 1198 1195 
13115 343 1102 1134 1131 
13116 1194 1201 1138 349 
13117 666 100 130 1644 
13118 443 1713 442 1483 
13119 319 1085 1130 1136 
13120 764 770 703 2694 
13121 1272 1338 897 1274 
13122 1275 1273 258 1274 
13123 1677 1524 477 476 
13124 1307 899 1309 1308 
13125 272 273 994 2589 
13126 199 198 762 925 
13127 1316 1319 824 1265 
13128 1205 173 172 801 
13129 1781 189 188 749 
13130 1755 1730 1754 2633 
13131 975 233 912 2442 
13132 372 373 1153 2684 
13133 752 162 163 1893 
13134 834 270 1316 1202 
13135 1316 824 269 834 
13136 1808 803 12 1696 
13137 1920 1697 9 804 
13138 262 261 1267 867 
13139 1854 1901 1905 2689 
13140 401 400 1233 1706 
13141 1304 1369 903 1308 
13142 877 1304 895 901 
13143 387 1397 27 2464 
13144 19 1578 294 2464 
13145 262 263 1215 831 
13146 592 548 589 2643 
13147 260 1286 1335 259 
13148 147 117 1600 672 
13149 767 167 168 1231 
13150 1318 261 262 825 
13151 800 1365 183 766 
13152 1319 269 268 1309 
13153 1606 1545 479 478 
13154 265 838 861 1218 
13155 865 876 875 1315 
13156 1095 324 325 2599 
13157 889 1249 1330 1269 
13158 129 99 659 1639 
13159 1205 173 874 1315 
13160 896 1268 1335 898 
13161 46 45 570 2430 
13162 116 146 1630 1609 
13163 267 903 1369 1308 
13164 1135 317 1087 1111 
13165 1137 1112 1103 345 
13166 1176 351 1139 1199 
13167 756 226 225 1043 
13168 739 793 805 2700 
13169 1153 377 1200 1177 
13170 1380 1335 261 260 
13171 891 864 886 1238 
13172 1267 1318 1380 261 
13173 1625 1623 1624 2668 
13174 120 150 661 1638 
13175 1140 348 28 1142 
13176 1338 871 1274 1300 
13177 1215 1216 263 1227 
13178 49 50 516 2511 
13179 858 270 834 1202 
13180 876 1287 1303 1315 
13181 1286 1335 1358 260 
13182 765 93 92 530 
13183 404 1376 1782 403 
13184 1248 1227 904 1259 
13185 346 410 1827 409 
13186 452 1561 451 1826 
13187 1379 172 171 872 
13188 1353 1294 1421 2611 
13189 1205 874 173 801 
13190 27 19 36 1922 
13191 150 120 1612 1638 
13192 1676 488 487 1783 
13193 1663 112 142 688 
13194 107 137 684 1662 
13195 1572 1538 1586 2652 
13196 223 222 757 1049 
13197 1382 399 398 1716 
13198 880 886 864 1238 
13199 260 1271 1335 896 
13200 1809 1689 37 1594 
13201 1921 1596 38 1688 
13202 1323 903 895 1304 
13203 893 1248 1260 1330 
13204 1322 1239 265 1323 
13205 879 864 891 1395 
13206 897 900 1338 1272 
13207 1303 1304 1261 877 
13208 1119 1129 1113 2582 
13209 633 588 525 2639 
13210 1668 502 503 1900 
13211 799 767 168 1364 
13212 659 98 1639 2606 
13213 1652 1661 1653 2681 
13214 895 265 266 1323 
13215 491 1603 1712 490 
13216 893 1248 1259 1260 
13217 747 191 192 1703 
13218 699 83 817 650 
13219 10 1923 809 1414 
13220 1616 151 121 678 
13221 1907 410 347 411 
13222 1644 131 101 1601 
13223 415 1887 416 1375 
13224 449 1562 450 1785 
13225 1395 876 879 1315 
13226 1547 314 20 2642 
13227 227 226 729 996 
13228 888 1205 875 1307 
13229 411 348 1818 412 
13230 1916 1816 1861 2670 
13231 171 15 1317 270 
13232 256 1348 1427 835 
13233 260 1335 261 898 
13234 640 88 1 727 
13235 1141 27 346 1158 
13236 1608 104 134 682 
13237 888 875 901 1307 
13238 1639 129 99 1613 
13239 35 1595 1416 1811 
13240 258 869 897 1272 
13241 1272 258 1273 1274 
13242 1050 1046 988 2695 
13243 1701 486 1656 485 
13244 1248 890 1227 1228 
13245 1718 1705 1717 2704 
13246 1317 171 202 906 
13247 750 721 751 2623 
13248 496 1659 1814 497 
13249 405 1373 1775 404 
13250 1215 1318 1228 262 
13251 25 1816 455 456 
13252 879 174 1395 1315 
13253 1286 1273 1271 259 
13254 810 706 758 2583 
13255 556 555 553 2663 
13256 1100 19 1074 342 
13257 453 1446 452 1891 
13258 899 906 1379 1309 
13259 534 644 600 2591 
13260 47 48 515 2577 
13261 1316 269 270 834 
13262 1810 1415 11 810 
13263 716 196 803 1683 
13264 718 155 1684 804 
13265 264 904 263 1227 
13266 1248 893 889 1330 
13267 680 128 98 1617 
13268 879 891 876 1395 
13269 896 1268 885 1270 
13270 145 115 1643 1609 
13271 895 894 868 1323 
13272 658 143 113 1641 
13273 136 106 1640 679 
13274 869 258 1273 1272 
13275 1600 118 148 672 
13276 149 119 1650 1612 
13277 1249 889 885 1269 
13278 412 28 1902 413 
13279 1273 1271 869 1272 
13280 1332 880 176 1238 
13281 170 171 15 1317 
13282 1270 900 869 1272 
13283 426 425 1431 1204 
13284 1276 1274 257 1300 
13285 744 159 160 1815 
13286 228 229 1042 787 
13287 1619 1570 461 460 
13288 66 108 67 2645 
13289 895 894 1323 1261 
13290 839 261 1380 825 
13291 1331 884 892 1330 
13292 1330 884 889 1269 
13293 116 146 681 1630 
13294 698 216 215 926 
13295 886 880 1332 1238 
13296 1287 876 891 1395 
13297 889 1249 1248 1330 
13298 269 899 268 1309 
13299 884 883 1269 1333 
13300 1379 888 1309 1307 
13301 177 866 1332 1210 
13302 1369 1320 267 1308 
13303 1717 1374 406 407 
13304 993 217 218 741 
13305 826 264 263 1216 
13306 1627 1699 1645 2653 
13307 1622 103 133 667 
13308 1622 132 102 667 
13309 1893 1910 1872 2660 
13310 895 868 265 1323 
13311 886 1314 891 1238 
13312 1227 904 890 1248 
13313 224 223 728 1047 
13314 1205 1303 875 1307 
13315 1271 1268 1335 896 
13316 870 1304 903 1308 
13317 1303 901 875 1307 
13318 1395 864 891 1238 
13319 148 118 1600 1650 
13320 775 745 814 2671 
13321 894 893 1259 1260 
13322 402 1203 403 1700 
13323 175 864 1395 1238 
13324 1429 905 256 1427 
13325 649 617 522 2580 
13326 462 463 1593 1607 
13327 877 1303 1304 901 
13328 1537 480 481 1618 
13329 1896 459 458 342 
13330 1316 269 1319 1309 
13331 1608 134 104 1642 
13332 811 169 170 1202 
13333 878 1261 894 877 
13334 700 818 94 652 
13335 1366 181 255 1214 
13336 1608 103 133 1622 
13337 1261 894 1259 1260 
13338 148 118 1650 673 
13339 401 1372 402 1790 
13340 268 870 267 1308 
13341 985 227 228 773 
13342 662 130 100 1613 
13343 1614 1698 1677 2614 
13344 1228 1249 890 867 
13345 1640 1648 1679 2657 
13346 867 1249 890 889 
13347 1260 1287 1261 878 
13348 1230 180 211 1366 
13349 763 215 214 972 
13350 387 1578 440 1397 
13351 211 905 1230 1366 
13352 892 889 893 1330 
13353 626 533 622 2636 
13354 1397 441 19 1578 
13355 1444 470 471 1672 
13356 181 16 255 1214 
13357 1663 142 112 1641 
13358 137 107 1640 1662 
13359 525 90 91 760 
13360 426 1534 427 1361 
13361 1702 489 1604 488 
13362 1261 1323 895 1304 
13363 1398 295 439 1582 
13364 1307 1304 870 1308 
13365 893 1260 878 892 
13366 213 812 800 821 
13367 875 877 1303 876 
13368 5 155 1684 718 
13369 716 6 196 1683 
13370 1230 873 179 1334 
13371 1230 1338 873 1334 
13372 897 900 871 1338 
13373 893 890 1248 889 
13374 873 871 1338 1429 
13375 859 255 16 1214 
13376 1654 1447 478 477 
13377 1271 1268 896 1270 
13378 263 904 890 1227 
13379 1269 885 1268 1270 
13380 1232 184 183 766 
13381 873 871 902 1338 
13382 1338 1301 902 1334 
13383 869 1271 896 1270 
13384 400 1371 1795 399 
13385 1316 1317 269 1309 
13386 428 429 1360 1523 
13387 182 181 1214 812 
13388 608 85 86 703 
13389 883 900 869 1270 
13390 658 112 142 1641 
13391 465 1568 1615 466 
13392 894 893 904 1259 
13393 695 14 199 979 
13394 387 294 1578 2464 
13395 15 171 202 270 
13396 1485 421 420 1258 
13397 662 99 129 1613 
13398 294 387 2262 2464 
13399 1430 463 464 1669 
13400 117 147 1600 1630 
13401 1642 105 135 668 
13402 1427 1429 905 1366 
13403 1602 1824 501 502 
13404 1640 107 137 679 
13405 886 884 892 1331 
13406 1613 130 100 1644 
13407 220 219 786 987 
13408 1642 134 104 668 
13409 882 883 1333 1301 
13410 268 1319 1309 1308 
13411 1384 1828 418 419 
13412 1622 102 132 1601 
13413 1897 157 156 759 
13414 758 194 195 1784 
13415 1608 133 103 682 
13416 179 211 210 873 
13417 202 171 172 872 
13418 178 887 1210 1334 
13419 180 181 16 1366 
13420 696 214 17 977 
13421 875 874 1205 888 
13422 1671 111 141 685 
13423 108 138 660 1670 
13424 145 115 683 1643 
13425 872 1205 874 888 
13426 229 230 989 708 
13427 1715 408 1383 407 
13428 1642 135 105 1648 
13429 1301 900 1270 1272 
13430 1645 1691 1627 2653 
13431 1536 474 475 1679 
13432 883 884 881 1333 
13433 1301 902 900 1338 
13434 710 13 231 271 
13435 1648 135 105 675 
13436 1637 1636 1694 2530 
13437 1379 1205 172 872 
13438 903 267 870 1308 
13439 1577 468 1641 467 
13440 1429 1338 873 1230 
13441 1429 256 871 1300 
13442 1432 446 1704 447 
13443 144 114 670 1649 
13444 1555 443 1780 444 
13445 889 867 1249 885 
13446 873 179 211 1230 
13447 1317 202 171 270 
13448 1228 1267 1249 867 
13449 884 885 889 1269 
13450 106 136 1640 1648 
13451 880 866 881 1332 
13452 524 86 87 761 
13453 1362 167 166 783 
13454 891 1314 1395 1238 
13455 147 117 681 1630 
13456 803 12 187 1808 
13457 1920 9 164 804 
13458 16 211 180 1366 
13459 697 198 197 973 
13460 189 190 694 1707 
13461 699 637 83 650 
13462 1658 125 95 665 
13463 1655 124 154 686 
13464 1445 468 469 1663 
13465 872 1379 1205 888 
13466 1820 162 161 693 
13467 111 69 110 2526 
13468 878 1287 1261 877 
13469 1287 876 1395 1315 
13470 876 878 1287 891 
13471 893 890 904 1248 
13472 1338 900 1301 1272 
13473 221 220 772 1058 
13474 483 482 1655 1787 
13475 103 61 102 2635 
13476 493 1658 1899 494 
13477 1348 1300 256 1427 
13478 414 413 1812 1313 
13479 894 893 1260 878 
13480 1922 36 27 409 
13481 1649 113 143 1641 
13482 870 899 888 1307 
13483 1268 1249 885 1269 
13484 457 340 456 1916 
13485 422 423 1213 1435 
13486 812 213 859 821 
13487 1238 1332 886 1331 
13488 1922 19 36 459 
13489 884 889 892 1330 
13490 1784 1715 1810 2583 
13491 36 19 27 441 
13492 1678 1895 498 499 
13493 586 587 631 2705 
13494 880 881 886 1332 
13495 1314 1287 891 1395 
13496 901 1304 870 1307 
13497 1368 1369 266 1239 
13498 877 1287 1303 876 
13499 1330 1331 884 1269 
13500 231 230 742 995 
13501 677 101 131 1601 
13502 212 800 862 821 
13503 878 1260 1314 892 
13504 677 132 102 1601 
13505 467 1680 1433 466 
13506 1333 883 1270 1301 
13507 1332 866 881 1210 
13508 202 1317 906 270 
13509 1671 110 140 1672 
13510 139 109 1670 1672 
13511 309 308 1104 1078 
13512 366 1143 1168 367 
13513 1620 126 96 1681 
13514 123 153 1621 1682 
13515 1079 308 1115 307 
13516 365 1182 366 1147 
13517 895 894 1261 877 
13518 311 1075 310 1106 
13519 1146 368 369 1170 
13520 442 1809 37 1594 
13521 518 44 45 797 
13522 1616 122 152 678 
13523 1269 1331 884 1333 
13524 1260 1314 892 1330 
13525 451 1596 38 1921 
13526 222 221 730 984 
13527 211 16 255 1366 
13528 517 53 39 798 
13529 1300 1429 256 1427 
13530 1270 883 900 1301 
13531 485 1665 1776 484 
13532 883 896 885 1270 
13533 1322 265 1239 1218 
13534 1688 38 1921 503 
13535 1689 37 492 1809 
13536 1595 35 450 1811 
13537 119 149 1650 673 
13538 875 1303 1205 1315 
13539 1414 10 1923 419 
13540 255 16 181 1366 
13541 1427 255 256 835 
13542 265 837 266 1239 
13543 445 1554 446 1806 
13544 680 97 127 1617 
13545 1270 1269 883 1333 
13546 871 873 905 1429 
13547 643 2 89 726 
13548 364 1178 365 1150 
13549 367 368 1145 1184 
13550 310 1076 309 1120 
13551 1666 495 496 1888 
13552 897 257 258 1274 
13553 155 1697 1684 804 
13554 1696 803 196 1683 
13555 1317 906 269 1309 
13556 869 1271 1270 1272 
13557 306 1113 307 1077 
13558 1675 1470 480 479 
13559 1648 106 136 675 
13560 892 1314 891 886 
13561 1365 183 182 800 
13562 882 883 881 1333 
13563 1238 886 1314 1331 
13564 919 272 271 2516 
13565 1162 391 392 1173 
13566 333 1109 334 1096 
13567 1092 336 337 1105 
13568 144 114 1649 1643 
13569 390 391 1164 1180 
13570 1314 1287 878 891 
13571 766 212 800 862 
13572 1114 1093 333 332 
13573 156 10 1923 809 
13574 11 195 1810 810 
13575 267 827 833 1320 
13576 394 1169 395 1161 
13577 883 869 896 1270 
13578 883 882 900 1301 
13579 1332 881 886 1331 
13580 27 1397 19 2464 
13581 92 91 704 633 
13582 438 1583 1399 385 
13583 858 200 15 811 
13584 1621 484 483 1711 
13585 882 881 866 1210 
13586 430 33 20 431 
13587 495 1620 494 1823 
13588 128 98 1617 1639 
13589 891 878 1314 892 
13590 767 201 863 799 
13591 1335 260 896 898 
13592 902 882 887 1334 
13593 113 143 670 1649 
13594 487 1796 486 1610 
13595 1616 121 151 1638 
13596 157 158 776 1822 
13597 1605 1813 499 500 
13598 1709 194 193 777 
13599 1415 11 408 1810 
13600 255 905 211 1366 
13601 892 1314 886 1331 
13602 423 424 1413 1558 
13603 493 1697 9 1920 
13604 12 1808 1696 482 
13605 901 1303 1304 1307 
13606 1442 462 1661 461 
13607 1331 892 1314 1330 
13608 1670 108 138 1662 
13609 111 141 1663 1671 
13610 1304 903 895 901 
13611 888 1379 1205 1307 
13612 1269 883 885 1270 
13613 905 256 871 1429 
13614 394 393 1186 1160 
13615 336 1091 335 1122 
13616 392 1157 1185 393 
13617 1095 334 335 1121 
13618 866 887 882 1210 
13619 1271 896 259 869 
13620 859 16 213 812 
13621 902 871 900 1338 
13622 35 1595 420 1416 
13623 114 144 683 1643 
13624 1331 881 884 1333 
13625 882 902 1301 1334 
13626 636 700 94 652 
13627 1596 481 38 1688 
13628 1210 882 1333 1301 
13629 867 261 1267 898 
13630 1591 469 470 1671 
13631 270 170 1317 1202 
13632 1314 1287 1260 878 
13633 1287 1303 1261 877 
13634 881 1332 1210 1333 
13635 1611 1908 497 498 
13636 1317 15 170 270 
13637 870 888 901 1307 
13638 439 1583 295 386 
13639 1210 882 881 1333 
13640 1210 887 882 1334 
13641 294 387 440 1582 
13642 437 297 438 384 
13643 303 432 431 378 
13644 298 436 383 437 
13645 818 3 94 652 
13646 433 432 302 379 
13647 262 1228 890 867 
13648 382 435 436 299 
13649 301 433 380 434 
13650 434 435 381 300 
13651 1594 1689 37 460 
13652 871 1338 1429 1300 
13653 1573 464 465 1673 
13654 168 169 799 1364 
13655 179 180 211 1230 
13656 1316 270 1317 1202 
13657 1415 165 11 810 
13658 817 83 4 650 
13659 269 270 1317 1316 
13660 35 1416 398 1811 
13661 901 1304 903 870 
13662 1672 110 140 687 
13663 139 109 1672 687 
13664 782 184 185 1367 
13665 1556 447 1805 448 
13666 809 186 10 1414 
13667 1670 1584 472 471 
13668 41 40 785 508 
13669 884 886 881 1331 
13670 1 39 53 798 
13671 1167 389 390 1175 
13672 1110 1097 332 331 
13673 44 2 45 797 
13674 363 364 1151 1174 
13675 1697 155 9 804 
13676 196 12 803 1696 
13677 1332 881 1331 1333 
13678 884 883 885 1269 
13679 267 903 266 1369 
13680 344 1103 1112 345 
13681 1139 351 1176 350 
13682 317 318 1087 1111 
13683 377 1153 376 1177 
13684 1099 338 1118 337 
13685 202 172 203 872 
13686 139 109 660 1670 
13687 1671 140 110 685 
13688 211 905 873 1230 
13689 877 878 1287 876 
13690 1117 1084 312 311 
13691 1152 369 370 1181 
13692 1301 1210 882 1334 
13693 1119 306 305 1082 
13694 1166 395 396 1179 
13695 894 904 868 1259 
13696 822 201 200 799 
13697 18 217 1073 712 
13698 868 264 265 1322 
13699 714 40 39 510 
13700 43 44 512 715 
13701 155 7 5 1684 
13702 6 8 196 1683 
13703 42 43 511 784 
13704 906 1317 1379 1309 
13705 1156 34 375 1198 
13706 1100 1134 21 343 
13707 1140 1201 30 349 
13708 22 1088 319 1136 
13709 905 255 256 1427 
13710 1379 872 906 888 
13711 141 111 1663 688 
13712 684 138 108 1662 
13713 779 163 164 1825 
13714 188 187 1714 778 
13715 472 1592 1662 473 
13716 901 877 1303 875 
13717 976 216 18 819 
13718 1366 255 1427 1214 
13719 1155 375 376 1195 
13720 350 1194 1138 349 
13721 1102 343 344 1131 
13722 319 1085 318 1130 
13723 661 151 121 1638 
13724 1580 424 1408 425 
13725 905 255 1427 1366 
13726 317 1086 24 1135 
13727 377 32 1154 1200 
13728 1141 351 29 1199 
13729 26 1137 1101 345 
13730 899 269 906 1309 
13731 98 128 659 1639 
13732 820 197 13 978 
13733 32 31 1154 1144 
13734 1578 387 440 294 
13735 295 1398 439 386 
13736 1429 873 905 1230 
13737 23 24 1086 1090 
13738 873 902 887 1334 
13739 152 122 1616 1682 
13740 896 885 1268 898 
13741 1681 127 97 1617 
13742 1088 22 20 1081 
13743 33 34 1156 1159 
13744 1089 25 26 1101 
13745 312 313 1080 1108 
13746 370 1172 371 1149 
13747 396 397 1163 1171 
13748 1083 305 1107 304 
13749 1230 905 1429 1366 
13750 882 902 900 1301 
13751 83 84 637 699 
13752 1144 1154 32 1200 
13753 1199 29 1141 1158 
13754 1137 1089 26 1101 
13755 1135 1086 24 1090 
13756 21 1074 313 1134 
13757 1201 30 371 1142 
13758 1081 1136 22 304 
13759 1159 397 34 1198 
13760 1144 32 362 1200 
13761 26 1089 1137 330 
13762 1199 388 29 1158 
13763 339 1135 24 1090 
13764 22 1088 1136 1081 
13765 30 1201 1140 1142 
13766 21 1074 1134 1100 
13767 34 1156 1159 1198 
13768 124 154 1683 1655 
13769 1684 125 95 1658 
13770 363 1148 362 1197 
13771 388 1196 389 1165 
13772 331 1094 330 1133 
13773 1098 339 1132 338 
13774 900 897 869 1272 
13775 1140 28 30 1142 
13776 29 27 1141 1158 
13777 1074 21 19 1100 
13778 1317 906 270 269 
13779 441 19 27 1397 
13780 296 1583 438 385 
13781 700 94 93 636 
13782 154 124 1683 663 
13783 1684 95 125 671 
13784 800 212 213 821 
13785 33 1401 430 1588 
13786 430 20 33 1588 
13787 1581 455 1918 454 
13788 429 430 1401 1588 
13789 766 17 212 862 
13790 122 152 669 1682 
13791 1681 97 127 664 
13792 863 14 201 767 
13793 3 5 689 692 
13794 690 6 4 691 
13795 2153 1224 1223 1225 
13796 2153 1223 1224 238 
13797 2153 1224 2204 237 
13798 2153 2204 1224 1225 
13799 1226 2204 1224 237 
13800 1226 1224 2204 1225 
13801 111 112 1663 688 
13802 1663 112 111 2492 
13803 2590 1940 1997 2364 
13804 2590 1997 1940 2326 
13805 2410 2398 1182 1188 
13806 2410 1182 2398 1986 
13807 2257 1182 2398 1188 
13808 2257 2398 1182 1986 
13809 2398 2410 2313 1183 
13810 2313 2410 2398 1986 
13811 2205 1324 1289 1325 
13812 2205 1289 1324 240 
13813 2314 114 2088 2046 
13814 2314 2088 114 72 
13815 2127 1070 2241 2092 
13816 2127 2241 1070 1037 
13817 2297 1786 2363 1753 
13818 2297 2363 1786 2115 
13819 113 114 1649 670 
13820 113 1649 114 2046 
13821 1231 2383 1428 232 
13822 1428 2383 1231 1425 
13823 2510 939 953 2110 
13824 2510 953 939 950 
13825 732 2234 2269 713 
13826 2269 2234 732 1984 
13827 2390 1565 2039 1439 
13828 2387 2686 2659 2086 
13829 2659 2686 2387 1926 
13830 2349 1843 1846 2035 
13831 2349 1846 1843 1879 
13832 2661 966 930 2020 
13833 2661 930 966 964 
13834 2363 1786 2254 1739 
13835 2363 2254 1786 2115 
13836 2240 2203 2218 1957 
13837 2240 2218 2203 1945 
13838 2427 654 2150 2186 
13839 2427 2150 654 523 
13840 618 2150 654 2186 
13841 618 654 2150 523 
13842 2580 2193 59 2072 
13843 2580 59 2193 58 
13844 100 59 2193 2072 
13845 100 2193 59 58 
13846 2567 2376 1937 2095 
13847 2567 1937 2376 2128 
13848 2607 2589 2122 2018 
13849 2607 2122 2589 2032 
13850 2303 2184 2220 1942 
13851 2303 2220 2184 2001 
13852 2400 2544 2245 1991 
13853 2245 2544 2400 1932 
13854 2462 1064 289 986 
13855 2462 289 1064 2199 
13856 1789 2123 1780 1807 
13857 1780 2123 1789 2102 
13858 2265 1863 2334 2040 
13859 2265 2334 1863 1911 
13860 2410 2324 1187 1184 
13861 2410 1187 2324 2014 
13862 1063 2007 1062 276 
13863 1062 2007 1063 2474 
13864 2655 2410 2313 1986 
13865 2655 2313 2410 2014 
13866 119 120 1612 674 
13867 1612 120 119 2064 
13868 2401 2024 1579 2341 
13869 2401 1579 2024 2273 
13870 2477 2295 2371 2011 
13871 2477 2371 2295 1765 
13872 1797 2371 2295 2011 
13873 1797 2295 2371 1765 
13874 2466 2234 732 816 
13875 2466 732 2234 1984 
13876 1933 2276 2229 2045 
13877 2229 2276 1933 2647 
13878 2334 1911 2546 1864 
13879 2334 2546 1911 2265 
13880 122 123 1682 669 
13881 122 1682 123 2121 
13882 2493 2000 2047 2254 
13883 2493 2047 2000 2232 
13884 2643 2449 552 2103 
13885 2643 552 2449 548 
13886 2443 2189 1003 2441 
13887 2443 1003 2189 2320 
13888 1027 1003 2189 2441 
13889 1027 2189 1003 2320 
13890 2451 961 2463 907 
13891 2451 2463 961 2086 
13892 2175 760 709 769 
13893 2175 709 760 2069 
13894 2200 782 2557 705 
13895 2200 2557 782 2173 
13896 2254 1786 2640 1762 
13897 2254 2640 1786 2115 
13898 2564 1456 2030 1458 
13899 2564 2030 1456 2267 
13900 1455 2030 1456 1458 
13901 1455 1456 2030 2267 
13902 1756 2295 1759 1764 
13903 1756 1759 2295 2347 
13904 2311 1455 1505 1473 
13905 2311 1505 1455 2233 
13906 2267 1455 1454 2233 
13907 2267 1454 1455 1456 
13908 1967 2679 2458 2065 
13909 1967 2458 2679 2381 
13910 2042 2458 2679 2065 
13911 2042 2679 2458 2381 
13912 1949 2592 2312 2157 
13913 1949 2312 2592 2015 
13914 2094 2312 2592 2157 
13915 2094 2592 2312 2015 
13916 2404 2232 2120 1926 
13917 2404 2120 2232 2000 
13918 2686 2026 2493 2298 
13919 2686 2493 2026 2289 
13920 2347 1797 2295 2011 
13921 2347 2295 1797 1759 
13922 2159 632 2415 2104 
13923 2159 2415 632 605 
13924 584 2415 632 2104 
13925 584 632 2415 605 
13926 107 1640 2657 679 
13927 2657 1640 107 2499 
13928 2657 106 107 679 
13929 107 106 2657 2499 
13930 2483 116 2305 74 
13931 2483 2305 116 2049 
13932 110 2494 68 109 
13933 68 2494 110 2214 
13934 2681 1570 2304 1442 
13935 2681 2304 1570 2102 
13936 1559 2304 1570 1442 
13937 1559 1570 2304 2102 
13938 2559 2033 2560 2220 
13939 2559 2560 2033 2260 
13940 2226 68 534 619 
13941 2226 534 68 2055 
13942 2004 2565 2362 2416 
13943 2004 2362 2565 2083 
13944 1951 2362 2565 2416 
13945 1951 2565 2362 2083 
13946 2099 2641 2680 1927 
13947 2680 2641 2099 2019 
13948 2303 279 2059 2163 
13949 2303 2059 279 278 
13950 2229 2276 2283 2045 
13951 2283 2276 2229 1990 
13952 2420 97 1681 2090 
13953 2420 1681 97 1617 
13954 2610 2246 2101 1969 
13955 2610 2101 2246 2570 
13956 2460 2101 2246 1969 
13957 2460 2246 2101 2570 
13958 2621 623 2038 2271 
13959 2621 2038 623 573 
13960 81 2038 623 2271 
13961 81 623 2038 573 
13962 2146 1509 2560 1575 
13963 2146 2560 1509 2107 
13964 2367 1520 1467 1481 
13965 2367 1467 1520 2065 
13966 2541 1129 1118 2075 
13967 2541 1118 1129 1105 
13968 2595 2462 2470 1038 
13969 2595 2470 2462 2012 
13970 1422 2583 2383 1257 
13971 2383 2583 1422 2141 
13972 2369 648 2436 1992 
13973 2369 2436 648 590 
13974 2432 1736 2263 2027 
13975 2432 2263 1736 1738 
13976 2360 2477 2545 2011 
13977 2545 2477 2360 1931 
13978 2635 2005 2062 2337 
13979 2635 2062 2005 2266 
13980 2478 2039 1565 2109 
13981 2478 1565 2039 2390 
13982 2681 2706 1685 1607 
13983 1685 2706 2681 2085 
13984 1685 1652 2681 1607 
13985 2681 1652 1685 2085 
13986 2333 954 970 918 
13987 2333 970 954 2145 
13988 2494 68 67 2055 
13989 2494 67 68 109 
13990 2278 646 2175 580 
13991 2278 2175 646 2069 
13992 2290 1744 2628 1794 
13993 2290 2628 1744 2130 
13994 2679 2042 1468 2381 
13995 2679 1468 2042 2367 
13996 2236 2566 2543 2019 
13997 2236 2543 2566 2238 
13998 2135 2543 2566 2019 
13999 2135 2566 2543 2238 
14000 2552 1925 2335 2224 
14001 2552 2335 1925 2458 
14002 2402 250 249 934 
14003 2402 249 250 2185 
14004 1975 2423 2605 2132 
14005 2605 2423 1975 2264 
14006 2667 2272 2161 2040 
14007 2667 2161 2272 1959 
14008 2432 1742 2123 2263 
14009 2432 2123 1742 1774 
14010 2430 772 984 45 
14011 2430 984 772 1058 
14012 2493 2289 2404 2026 
14013 2493 2404 2289 1926 
14014 1474 2346 329 1539 
14015 329 2346 1474 2275 
14016 2589 1059 995 2032 
14017 2589 995 1059 994 
14018 2621 817 82 650 
14019 2621 82 817 780 
14020 2334 2683 1946 2100 
14021 1946 2683 2334 2310 
14022 2232 2437 2493 2047 
14023 2493 2437 2232 2057 
14024 2366 2248 2034 1929 
14025 2366 2034 2248 2020 
14026 580 2430 576 570 
14027 576 2430 580 2278 
14028 2317 1903 2357 2299 
14029 2317 2357 1903 1905 
14030 2547 1492 1580 1598 
14031 2547 1580 1492 2446 
14032 2560 1598 1575 1491 
14033 2560 1575 1598 2547 
14034 2402 963 2154 956 
14035 2402 2154 963 2126 
14036 2647 2609 2336 1990 
14037 2647 2336 2609 2043 
14038 2462 1051 1064 986 
14039 2462 1064 1051 2092 
14040 2473 790 2623 2028 
14041 2473 2623 790 750 
14042 95 96 2405 665 
14043 2405 96 95 2285 
14044 2405 1658 95 665 
14045 95 1658 2405 2285 
14046 2450 1646 2332 1606 
14047 2450 2332 1646 2190 
14048 2660 1869 2166 1910 
14049 2660 2166 1869 2302 
14050 2290 1290 1378 1407 
14051 2290 1378 1290 2183 
14052 1760 2473 1798 1781 
14053 1798 2473 1760 2388 
14054 1867 2310 2334 1866 
14055 2334 2310 1867 2117 
14056 2377 1009 1012 2191 
14057 2377 1012 1009 1010 
14058 784 504 2168 511 
14059 2168 504 784 707 
14060 2587 2646 2246 1969 
14061 2246 2646 2587 2012 
14062 2694 524 625 2479 
14063 2694 625 524 608 
14064 2284 1419 1418 2222 
14065 2284 1418 1419 1305 
14066 2439 373 2307 2395 
14067 2439 2307 373 1387 
14068 1241 2307 373 2395 
14069 1241 373 2307 1387 
14070 2618 604 563 2074 
14071 2618 563 604 566 
14072 2656 556 594 593 
14073 2656 594 556 2415 
14074 2581 2103 550 2293 
14075 2581 550 2103 2288 
14076 2591 2656 1995 2226 
14077 1995 2656 2591 2419 
14078 2104 2675 2636 2016 
14079 2636 2675 2104 2528 
14080 2408 315 1564 1452 
14081 2408 1564 315 2218 
14082 2524 1986 2352 2171 
14083 2524 2352 1986 2257 
14084 2380 1109 1126 1114 
14085 2380 1126 1109 2140 
14086 2640 2569 1203 2115 
14087 2640 1203 2569 1370 
14088 1412 1203 2569 2115 
14089 1412 2569 1203 1370 
14090 2553 2027 1736 2316 
14091 2553 1736 2027 2325 
14092 2685 2184 1932 2059 
14093 1932 2184 2685 2030 
14094 1932 2400 2685 2059 
14095 2685 2400 1932 2030 
14096 1553 1918 2275 1819 
14097 1553 2275 1918 1581 
14098 2251 82 717 124 
14099 2251 717 82 2038 
14100 691 717 82 124 
14101 691 82 717 2038 
14102 2382 2653 2522 1699 
14103 2382 2522 2653 2253 
14104 1613 2522 2653 1699 
14105 1613 2653 2522 2253 
14106 841 1224 850 237 
14107 850 1224 841 1234 
14108 2381 1512 2216 1478 
14109 2381 2216 1512 2084 
14110 508 707 41 504 
14111 508 41 707 785 
14112 2283 1295 1359 2276 
14113 2283 1359 1295 1406 
14114 2683 1866 1836 1834 
14115 2683 1836 1866 2310 
14116 2668 1646 2266 2190 
14117 2668 2266 1646 1623 
14118 2282 2474 2505 2044 
14119 2505 2474 2282 2007 
14120 2487 1497 2672 1542 
14121 2487 2672 1497 2167 
14122 2616 2258 2194 1989 
14123 2616 2194 2258 2061 
14124 2511 509 514 516 
14125 2511 514 509 2211 
14126 2550 1788 1603 1712 
14127 2550 1603 1788 2102 
14128 2223 2602 2391 2039 
14129 2391 2602 2223 1930 
14130 512 784 2168 511 
14131 2168 784 512 715 
14132 2629 1243 1345 2258 
14133 2629 1345 1243 1252 
14134 2375 1546 2504 2114 
14135 2375 2504 1546 1589 
14136 2615 541 591 2355 
14137 2615 591 541 540 
14138 609 2626 612 611 
14139 612 2626 609 2424 
14140 1849 2683 1832 1834 
14141 1832 2683 1849 2100 
14142 105 106 1648 675 
14143 1648 106 105 2525 
14144 2705 635 583 587 
14145 2705 583 635 2323 
14146 120 121 1638 661 
14147 120 1638 121 2545 
14148 1277 250 251 845 
14149 251 250 1277 1344 
14150 1277 1279 251 1344 
14151 1353 2651 253 1280 
14152 253 2651 1353 2611 
14153 2577 506 2168 515 
14154 2577 2168 506 2426 
14155 2494 1489 1496 1495 
14156 2494 1496 1489 2413 
14157 2343 2490 2187 2031 
14158 2187 2490 2343 1981 
14159 508 714 40 785 
14160 508 40 714 510 
14161 232 2442 2383 233 
14162 2383 2442 232 2091 
14163 109 1444 1584 1672 
14164 1584 1444 109 2494 
14165 2392 2474 2505 2007 
14166 2505 2474 2392 2074 
14167 818 2268 700 781 
14168 700 2268 818 652 
14169 2397 110 2526 2214 
14170 2397 2526 110 69 
14171 2313 1160 1185 382 
14172 2313 1185 1160 1186 
14173 1470 1618 480 1537 
14174 480 1618 1470 1675 
14175 2630 2346 327 328 
14176 2630 327 2346 2051 
14177 2647 2520 2158 1933 
14178 2647 2158 2520 2043 
14179 2626 2199 2425 2017 
14180 2626 2425 2199 2323 
14181 2654 1469 1518 1517 
14182 2654 1518 1469 2256 
14183 2265 2334 1983 2040 
14184 2265 1983 2334 2546 
14185 2689 1824 2329 1901 
14186 2689 2329 1824 2317 
14187 2470 2646 2705 2012 
14188 2705 2646 2470 2164 
14189 2318 2593 2004 2083 
14190 2004 2593 2318 2195 
14191 2640 1743 1762 1763 
14192 2640 1762 1743 2628 
14193 1040 786 2175 709 
14194 1040 2175 786 987 
14195 2433 2649 2277 1977 
14196 2277 2649 2433 2538 
14197 853 1284 1341 840 
14198 853 1341 1284 1342 
14199 1551 2564 2311 1458 
14200 2311 2564 1551 2245 
14201 353 2687 352 1240 
14202 352 2687 353 2358 
14203 293 819 2244 976 
14204 2244 819 293 723 
14205 20 1547 33 1588 
14206 20 33 1547 2642 
14207 1401 33 1547 1588 
14208 1401 1547 33 2642 
14209 2371 1651 1612 1695 
14210 2371 1612 1651 2138 
14211 2601 2129 2317 2078 
14212 2317 2129 2601 2357 
14213 2317 2299 2601 2078 
14214 2601 2299 2317 2357 
14215 2596 2532 2223 2048 
14216 2596 2223 2532 2066 
14217 2683 1946 2052 2310 
14218 2683 2052 1946 2336 
14219 1889 1605 2299 1660 
14220 1889 2299 1605 1813 
14221 1033 2692 1032 1011 
14222 1032 2692 1033 2511 
14223 1141 2568 1139 1199 
14224 1139 2568 1141 346 
14225 357 1182 358 1147 
14226 357 358 1182 2410 
14227 2614 1642 2025 2558 
14228 2614 2025 1642 1698 
14229 1629 2025 1642 2558 
14230 1629 1642 2025 1698 
14231 839 1388 848 825 
14232 839 848 1388 1246 
14233 854 848 1388 825 
14234 2637 2462 2199 2006 
14235 2637 2199 2462 2092 
14236 108 109 1670 660 
14237 108 1670 109 2494 
14238 114 115 1643 683 
14239 114 1643 115 2540 
14240 1347 2648 1389 1285 
14241 1389 2648 1347 2446 
14242 5 95 692 718 
14243 5 692 95 689 
14244 124 6 691 716 
14245 124 691 6 690 
14246 1781 778 188 1714 
14247 188 778 1781 749 
14248 2606 1659 1617 1639 
14249 2606 1617 1659 2420 
14250 1675 1545 2450 1470 
14251 2450 1545 1675 1606 
14252 2496 547 546 545 
14253 2496 546 547 2379 
14254 752 1825 2285 1893 
14255 2285 1825 752 779 
14256 2324 1145 1170 1184 
14257 2324 1170 1145 355 
14258 2545 78 2064 2427 
14259 2545 2064 78 120 
14260 119 2064 78 2427 
14261 119 78 2064 120 
14262 1385 829 860 1381 
14263 860 829 1385 836 
14264 860 1358 1385 1381 
14265 2344 1076 1106 1120 
14266 2344 1106 1076 297 
14267 763 926 215 972 
14268 215 926 763 698 
14269 1902 348 412 1818 
14270 412 348 1902 28 
14271 576 2430 526 570 
14272 526 2430 576 2241 
14273 2351 1148 1174 1197 
14274 2351 1174 1148 360 
14275 2588 2586 1950 2087 
14276 2588 1950 2586 2071 
14277 2599 1096 1121 1109 
14278 2599 1121 1096 325 
14279 2620 1078 1115 299 
14280 2620 1115 1078 1104 
14281 2609 2579 2336 1990 
14282 2609 2336 2579 2100 
14283 327 1110 2630 1097 
14284 2630 1110 327 2380 
14285 2683 1832 1833 2579 
14286 2683 1833 1832 1834 
14287 2606 57 2508 2193 
14288 2606 2508 57 98 
14289 1401 1523 429 1588 
14290 429 1523 1401 1360 
14291 1907 348 2124 1818 
14292 2124 348 1907 347 
14293 2697 52 505 2394 
14294 2697 505 52 51 
14295 1119 302 2582 1082 
14296 1119 2582 302 2378 
14297 831 31 1207 1206 
14298 831 1207 31 842 
14299 686 124 2251 1655 
14300 2251 124 686 123 
14301 2251 1621 686 1655 
14302 686 1621 2251 123 
14303 1620 665 2405 96 
14304 1620 2405 665 1658 
14305 1276 845 1278 823 
14306 1276 1278 845 1277 
14307 1130 1087 2554 1085 
14308 1130 2554 1087 1111 
14309 1138 1176 350 1139 
14310 1138 350 1176 1194 
14311 1131 1103 341 1112 
14312 1131 341 1103 1102 
14313 1195 1153 2684 1177 
14314 1195 2684 1153 1155 
14315 2251 1787 1683 1808 
14316 2251 1683 1787 1655 
14317 1696 1683 1787 1808 
14318 1696 1787 1683 1655 
14319 1658 1920 493 1899 
14320 493 1920 1658 1697 
14321 836 1341 847 1385 
14322 836 847 1341 828 
14323 853 847 1341 1385 
14324 853 1341 847 828 
14325 831 1318 1215 262 
14326 831 1215 1318 1206 
14327 485 2501 1776 1665 
14328 1776 2501 485 1701 
14329 811 270 1202 170 
14330 811 1202 270 858 
14331 778 1808 2251 803 
14332 2251 1808 778 1714 
14333 1825 804 164 779 
14334 1825 164 804 1920 
14335 903 1323 266 1369 
14336 266 1323 903 895 
14337 872 171 906 202 
14338 872 906 171 1379 
14339 874 1315 875 1205 
14340 875 1315 874 865 
14341 54 3 818 652 
14342 4 82 817 650 
14343 101 102 1601 677 
14344 101 1601 102 2337 
14345 97 98 1617 680 
14346 97 1617 98 2508 
14347 121 122 1616 678 
14348 1616 122 121 2536 
14349 2412 1609 2434 1635 
14350 2412 2434 1609 2305 
14351 251 1277 1278 1279 
14352 1278 1277 251 845 
14353 848 1388 360 854 
14354 848 360 1388 1246 
14355 860 260 1286 1358 
14356 1286 260 860 836 
14357 1286 1385 860 1358 
14358 860 1385 1286 836 
14359 54 3 692 818 
14360 692 3 54 689 
14361 4 82 691 817 
14362 691 82 4 690 
$EndElements
