$MeshFormat
2.2 0 8
$EndMeshFormat
$PhysicalNames
2
2 1 "exterior"
2 2 "interface"
$EndPhysicalNames
$Nodes
1064
1 1.6600000000000000e+02 -2.0119999999999999e+02 1.2999999999999799e+01
2 3.5527136788005003e-14 -2.0119999999999999e+02 1.2999999999999799e+01
3 1.6600000000000000e+02 -2.0119999999999999e+02 9.9999999999983902e-01
4 3.5527136788005003e-14 -2.0119999999999999e+02 9.9999999999983902e-01
5 1.6600000000000000e+02 1.6380000000000001e+02 1.2999999999999799e+01
6 1.6600000000000000e+02 1.6380000000000001e+02 9.9999999999983902e-01
7 3.5527136788005003e-14 1.6380000000000001e+02 1.2999999999999799e+01
8 3.5527136788005003e-14 1.6380000000000001e+02 9.9999999999983902e-01
9 0.0000000000000000e+00 -2.1319999999999999e+02 1.2999999999999700e+01
10 1.7800000000000000e+02 -2.1319999999999999e+02 1.3000000000000000e+01
11 1.7800000000000000e+02 7.8679999999999995e+02 1.3000000000000000e+01
12 0.0000000000000000e+00 7.8679999999999995e+02 1.2999999999999700e+01
13 0.0000000000000000e+00 7.8679999999999995e+02 -6.6500000000000000e+02
14 1.7800000000000099e+02 7.8679999999999995e+02 -6.6500000000000000e+02
15 0.0000000000000000e+00 -2.1319999999999999e+02 -5.6500000000000000e+02
16 1.7800000000000099e+02 -2.1319999999999999e+02 -5.6500000000000000e+02
17 0.0000000000000000e+00 -3.9994919243112399e+01 -6.6500000000000000e+02
18 1.7800000000000099e+02 -3.9994919243112399e+01 -6.6500000000000000e+02
19 1.2000000000000000e+02 -1.2500000000000000e+02 9.9999999999982403e-01
20 0.0000000000000000e+00 -1.2500000000000000e+02 9.9999999999982403e-01
21 0.0000000000000000e+00 1.2500000000000000e+02 9.9999999999982403e-01
22 1.2000000000000000e+02 1.2500000000000000e+02 9.9999999999982403e-01
23 1.4500000000000000e+02 9.9999999999999901e+01 9.9999999999982403e-01
24 1.4500000000000000e+02 -1.0000000000000000e+02 9.9999999999982403e-01
25 1.3209099236572129e+02 -2.0119999999999999e+02 1.2999999999999931e+01
26 9.9055130021245859e+01 -2.0119999999999999e+02 1.2999999999999870e+01
27 6.6036758640743685e+01 -2.0119999999999999e+02 1.2999999999999810e+01
28 3.3018387248433612e+01 -2.0119999999999999e+02 1.2999999999999750e+01
29 1.3207913832022720e+02 -2.0119999999999999e+02 9.9999999999983902e-01
30 9.9046041849525039e+01 -2.0119999999999999e+02 9.9999999999983902e-01
31 6.6030699884307637e+01 -2.0119999999999999e+02 9.9999999999983902e-01
32 3.3015358044721580e+01 -2.0119999999999999e+02 9.9999999999983902e-01
33 1.6600000000000000e+02 1.3668160617652569e+02 1.3000000000000011e+01
34 1.6600000000000000e+02 1.1261355141177650e+02 1.3000000000000011e+01
35 1.6600000000000000e+02 8.9690205417904565e+01 1.3000000000000011e+01
36 1.6600000000000000e+02 6.6822554349232576e+01 1.3000000000000011e+01
37 1.6600000000000000e+02 4.3954861091620977e+01 1.3000000000000000e+01
38 1.6600000000000000e+02 2.1087239394474029e+01 1.3000000000000000e+01
39 1.6600000000000000e+02 -1.7804017030809549e+00 1.3000000000000000e+01
40 1.6600000000000000e+02 -2.4648100469496029e+01 1.3000000000000000e+01
41 1.6600000000000000e+02 -4.7515727008759733e+01 1.3000000000000000e+01
42 1.6600000000000000e+02 -7.0383359899005868e+01 1.3000000000000000e+01
43 1.6600000000000000e+02 -9.3251060473896857e+01 1.3000000000000000e+01
44 1.6600000000000000e+02 -1.1623695784626661e+02 1.2999999999999989e+01
45 1.6600000000000000e+02 -1.4065776221054799e+02 1.2999999999999989e+01
46 1.6600000000000000e+02 -1.6841111577686380e+02 1.2999999999999989e+01
47 1.6600000000000000e+02 1.3798792621421239e+02 9.9999999999983902e-01
48 1.6600000000000000e+02 1.1519627317091960e+02 9.9999999999983902e-01
49 1.6600000000000000e+02 9.3748283007108967e+01 9.9999999999983902e-01
50 1.6600000000000000e+02 7.2414263744484686e+01 9.9999999999983902e-01
51 1.6600000000000000e+02 5.1080340135566331e+01 9.9999999999983902e-01
52 1.6600000000000000e+02 2.9746308299426200e+01 9.9999999999983902e-01
53 1.6600000000000000e+02 8.4123856163252526e+00 9.9999999999983902e-01
54 1.6600000000000000e+02 -1.2921635372605520e+01 9.9999999999983902e-01
55 1.6600000000000000e+02 -3.4255586652220671e+01 9.9999999999983902e-01
56 1.6600000000000000e+02 -5.5589573512908707e+01 9.9999999999983902e-01
57 1.6600000000000000e+02 -7.6923572240274794e+01 9.9999999999983902e-01
58 1.6600000000000000e+02 -9.8257512568911409e+01 9.9999999999983902e-01
59 1.6600000000000000e+02 -1.1984111257336980e+02 9.9999999999983902e-01
60 1.6600000000000000e+02 -1.4314058579126359e+02 9.9999999999983902e-01
61 1.6600000000000000e+02 -1.6978213968060660e+02 9.9999999999983902e-01
62 2.3473587385101229e+01 1.6380000000000001e+02 1.2999999999999680e+01
63 4.6947138986768053e+01 1.6380000000000001e+02 1.2999999999999719e+01
64 7.0420681565998876e+01 1.6380000000000001e+02 1.2999999999999771e+01
65 9.3894228627076359e+01 1.6380000000000001e+02 1.2999999999999810e+01
66 1.1736777840303840e+02 1.6380000000000001e+02 1.2999999999999851e+01
67 1.4101844557402890e+02 1.6380000000000001e+02 1.2999999999999890e+01
68 2.3461567531705128e+01 1.6380000000000001e+02 9.9999999999983902e-01
69 4.6923097273883897e+01 1.6380000000000001e+02 9.9999999999983902e-01
70 7.0384617709141651e+01 1.6380000000000001e+02 9.9999999999983902e-01
71 9.3846141328869123e+01 1.6380000000000001e+02 9.9999999999983902e-01
72 1.1730767022576950e+02 1.6380000000000001e+02 9.9999999999983902e-01
73 1.4095504716937009e+02 1.6380000000000001e+02 9.9999999999983902e-01
74 1.4128383053619109e+02 -2.1319999999999999e+02 1.2999999999999931e+01
75 1.0590345653879490e+02 -2.1319999999999999e+02 1.2999999999999870e+01
76 7.0602307996392128e+01 -2.1319999999999999e+02 1.2999999999999810e+01
77 3.5301163443209731e+01 -2.1319999999999999e+02 1.2999999999999741e+01
78 1.7800000000000000e+02 -1.7772405079470769e+02 1.3000000000000000e+01
79 1.7800000000000000e+02 -1.4750852291315351e+02 1.3000000000000000e+01
80 1.7800000000000000e+02 -1.2082365585061591e+02 1.3000000000000011e+01
81 1.7800000000000000e+02 -9.5801586820228550e+01 1.3000000000000011e+01
82 1.7800000000000000e+02 -7.0973240304394949e+01 1.3000000000000011e+01
83 1.7800000000000000e+02 -4.6144858193177193e+01 1.3000000000000011e+01
84 1.7800000000000000e+02 -2.1316514940189709e+01 1.3000000000000011e+01
85 1.7800000000000000e+02 3.5118200582424781e+00 1.3000000000000011e+01
86 1.7800000000000000e+02 2.8340192951989909e+01 1.3000000000000011e+01
87 1.7800000000000000e+02 5.3168555369386702e+01 1.3000000000000011e+01
88 1.7800000000000000e+02 7.7996888292533299e+01 1.3000000000000020e+01
89 1.7800000000000000e+02 1.0282573295032840e+02 1.3000000000000020e+01
90 1.7800000000000000e+02 1.2811950788275499e+02 1.3000000000000020e+01
91 1.7800000000000000e+02 1.5562138130749301e+02 1.3000000000000020e+01
92 1.7800000000000000e+02 1.8715249033187570e+02 1.3000000000000020e+01
93 1.7800000000000000e+02 2.2442741346231139e+02 1.3000000000000020e+01
94 1.7800000000000000e+02 2.6897966399882148e+02 1.3000000000000030e+01
95 1.7800000000000000e+02 3.1605423999892872e+02 1.3000000000000030e+01
96 1.7800000000000000e+02 3.6312881599903591e+02 1.3000000000000030e+01
97 1.7800000000000000e+02 4.1020339199914298e+02 1.3000000000000030e+01
98 1.7800000000000000e+02 4.5727796799925022e+02 1.3000000000000041e+01
99 1.7800000000000000e+02 5.0435254399935718e+02 1.3000000000000041e+01
100 1.7800000000000000e+02 5.5142711999946437e+02 1.3000000000000041e+01
101 1.7800000000000000e+02 5.9850169599957144e+02 1.3000000000000041e+01
102 1.7800000000000000e+02 6.4557627199967874e+02 1.3000000000000050e+01
103 1.7800000000000000e+02 6.9265084799978581e+02 1.3000000000000050e+01
104 1.7800000000000000e+02 7.3972542399989288e+02 1.3000000000000050e+01
105 1.3350000000000011e+02 7.8679999999999995e+02 1.2999999999999920e+01
106 8.9000000000000227e+01 7.8679999999999995e+02 1.2999999999999840e+01
107 4.4500000000000142e+01 7.8679999999999995e+02 1.2999999999999760e+01
108 0.0000000000000000e+00 1.9242489697684300e+02 1.2999999999999710e+01
109 0.0000000000000000e+00 2.2740108827220419e+02 1.2999999999999710e+01
110 0.0000000000000000e+00 2.7021581877915708e+02 1.2999999999999710e+01
111 0.0000000000000000e+00 3.1717801707196111e+02 1.2999999999999719e+01
112 0.0000000000000000e+00 3.6414021536476508e+02 1.2999999999999719e+01
113 0.0000000000000000e+00 4.1110241365756929e+02 1.2999999999999719e+01
114 0.0000000000000000e+00 4.5806461195037338e+02 1.2999999999999719e+01
115 0.0000000000000000e+00 5.0502681024317758e+02 1.2999999999999730e+01
116 0.0000000000000000e+00 5.5198900853598138e+02 1.2999999999999730e+01
117 0.0000000000000000e+00 5.9895120682878496e+02 1.2999999999999730e+01
118 0.0000000000000000e+00 6.4591340512158877e+02 1.2999999999999730e+01
119 0.0000000000000000e+00 6.9287560341439257e+02 1.2999999999999741e+01
120 0.0000000000000000e+00 7.3983780170719615e+02 1.2999999999999741e+01
121 0.0000000000000000e+00 7.8679999999999995e+02 -3.2200000000000301e+01
122 0.0000000000000000e+00 7.8679999999999995e+02 -7.7400000000000290e+01
123 0.0000000000000000e+00 7.8679999999999995e+02 -1.2260000000000031e+02
124 0.0000000000000000e+00 7.8679999999999995e+02 -1.6780000000000021e+02
125 0.0000000000000000e+00 7.8679999999999995e+02 -2.1300000000000020e+02
126 0.0000000000000000e+00 7.8679999999999995e+02 -2.5820000000000022e+02
127 0.0000000000000000e+00 7.8679999999999995e+02 -3.0340000000000009e+02
128 0.0000000000000000e+00 7.8679999999999995e+02 -3.4860000000000008e+02
129 0.0000000000000000e+00 7.8679999999999995e+02 -3.9380000000000013e+02
130 0.0000000000000000e+00 7.8679999999999995e+02 -4.3900000000000000e+02
131 0.0000000000000000e+00 7.8679999999999995e+02 -4.8419999999999999e+02
132 0.0000000000000000e+00 7.8679999999999995e+02 -5.2939999999999998e+02
133 0.0000000000000000e+00 7.8679999999999995e+02 -5.7459999999999991e+02
134 0.0000000000000000e+00 7.8679999999999995e+02 -6.1979999999999995e+02
135 1.7800000000000011e+02 7.8679999999999995e+02 -3.2200000000000003e+01
136 1.7800000000000020e+02 7.8679999999999995e+02 -7.7400000000000006e+01
137 1.7800000000000031e+02 7.8679999999999995e+02 -1.2259999999999999e+02
138 1.7800000000000031e+02 7.8679999999999995e+02 -1.6780000000000001e+02
139 1.7800000000000040e+02 7.8679999999999995e+02 -2.1300000000000000e+02
140 1.7800000000000051e+02 7.8679999999999995e+02 -2.5819999999999999e+02
141 1.7800000000000060e+02 7.8679999999999995e+02 -3.0339999999999998e+02
142 1.7800000000000071e+02 7.8679999999999995e+02 -3.4860000000000002e+02
143 1.7800000000000071e+02 7.8679999999999995e+02 -3.9380000000000013e+02
144 1.7800000000000080e+02 7.8679999999999995e+02 -4.3900000000000011e+02
145 1.7800000000000091e+02 7.8679999999999995e+02 -4.8419999999999999e+02
146 1.7800000000000099e+02 7.8679999999999995e+02 -5.2940000000000009e+02
147 1.7800000000000111e+02 7.8679999999999995e+02 -5.7460000000000002e+02
148 1.7800000000000111e+02 7.8679999999999995e+02 -6.1979999999999995e+02
149 1.3350000000000080e+02 7.8679999999999995e+02 -6.6500000000000011e+02
150 8.9000000000000597e+01 7.8679999999999995e+02 -6.6500000000000011e+02
151 4.4500000000000313e+01 7.8679999999999995e+02 -6.6500000000000023e+02
152 0.0000000000000000e+00 -2.1319999999999999e+02 -5.1858194194869725e+02
153 0.0000000000000000e+00 -2.1319999999999999e+02 -4.7216388389739450e+02
154 0.0000000000000000e+00 -2.1319999999999999e+02 -4.2574582584609180e+02
155 0.0000000000000000e+00 -2.1319999999999999e+02 -3.7932776779478911e+02
156 0.0000000000000000e+00 -2.1319999999999999e+02 -3.3290970974348619e+02
157 0.0000000000000000e+00 -2.1319999999999999e+02 -2.8649165169218338e+02
158 0.0000000000000000e+00 -2.1319999999999999e+02 -2.4007359364088049e+02
159 0.0000000000000000e+00 -2.1319999999999999e+02 -1.9365553558957771e+02
160 0.0000000000000000e+00 -2.1319999999999999e+02 -1.4723747753827510e+02
161 0.0000000000000000e+00 -2.1319999999999999e+02 -1.0105986836881530e+02
162 0.0000000000000000e+00 -2.1319999999999999e+02 -5.9486690969292852e+01
163 0.0000000000000000e+00 -2.1319999999999999e+02 -2.2331076870154671e+01
164 1.3350000000000080e+02 -2.1319999999999999e+02 -5.6500000000000011e+02
165 8.9000000000000597e+01 -2.1319999999999999e+02 -5.6500000000000011e+02
166 4.4500000000000313e+01 -2.1319999999999999e+02 -5.6500000000000023e+02
167 1.7800000000000071e+02 -2.1319999999999999e+02 -5.1926999777536628e+02
168 1.7800000000000071e+02 -2.1319999999999999e+02 -4.7353999555073239e+02
169 1.7800000000000060e+02 -2.1319999999999999e+02 -4.2780999332609872e+02
170 1.7800000000000051e+02 -2.1319999999999999e+02 -3.8207999110146511e+02
171 1.7800000000000040e+02 -2.1319999999999999e+02 -3.3634998887683122e+02
172 1.7800000000000031e+02 -2.1319999999999999e+02 -2.9061998665219733e+02
173 1.7800000000000031e+02 -2.1319999999999999e+02 -2.4488998442756341e+02
174 1.7800000000000020e+02 -2.1319999999999999e+02 -1.9915998220292951e+02
175 1.7800000000000011e+02 -2.1319999999999999e+02 -1.5342997997829590e+02
176 1.7800000000000000e+02 -2.1319999999999999e+02 -1.0769997775366240e+02
177 1.7799999999999989e+02 -2.1319999999999999e+02 -6.3999571094145153e+01
178 1.7799999999999989e+02 -2.1319999999999999e+02 -2.4589291706407611e+01
179 0.0000000000000000e+00 -7.4635935394490033e+01 -6.4500000000000011e+02
180 0.0000000000000000e+00 -1.0927695154586760e+02 -6.2500000000000011e+02
181 0.0000000000000000e+00 -1.4391796769724510e+02 -6.0500000000000011e+02
182 0.0000000000000000e+00 -1.7855898384862249e+02 -5.8500000000000023e+02
183 1.3350000000000080e+02 -3.9994919243112399e+01 -6.6500000000000011e+02
184 8.9000000000000597e+01 -3.9994919243112399e+01 -6.6500000000000011e+02
185 4.4500000000000313e+01 -3.9994919243112399e+01 -6.6500000000000023e+02
186 1.7800000000000099e+02 -1.7855898384862240e+02 -5.8500000000000000e+02
187 1.7800000000000111e+02 -1.4391796769724479e+02 -6.0500000000000011e+02
188 1.7800000000000111e+02 -1.0927695154586731e+02 -6.2500000000000011e+02
189 1.7800000000000111e+02 -7.4635935394489906e+01 -6.4500000000000000e+02
190 0.0000000000000000e+00 7.4086694893093818e+02 -6.6500000000000000e+02
191 0.0000000000000000e+00 6.9493389786187640e+02 -6.6500000000000000e+02
192 0.0000000000000000e+00 6.4900084679281463e+02 -6.6500000000000000e+02
193 0.0000000000000000e+00 6.0306779572375285e+02 -6.6500000000000000e+02
194 0.0000000000000000e+00 5.5713474465469119e+02 -6.6500000000000000e+02
195 0.0000000000000000e+00 5.1120169358562953e+02 -6.6500000000000000e+02
196 0.0000000000000000e+00 4.6526864251656781e+02 -6.6500000000000000e+02
197 0.0000000000000000e+00 4.1933559144750609e+02 -6.6500000000000000e+02
198 0.0000000000000000e+00 3.7340254037844431e+02 -6.6500000000000000e+02
199 0.0000000000000000e+00 3.2746948930938242e+02 -6.6500000000000000e+02
200 0.0000000000000000e+00 2.8153643824032048e+02 -6.6500000000000000e+02
201 0.0000000000000000e+00 2.3560338717125859e+02 -6.6500000000000000e+02
202 0.0000000000000000e+00 1.8967033610219670e+02 -6.6500000000000000e+02
203 0.0000000000000000e+00 1.4373728503313481e+02 -6.6500000000000000e+02
204 0.0000000000000000e+00 9.7804233964072864e+01 -6.6500000000000000e+02
205 0.0000000000000000e+00 5.1871182895010918e+01 -6.6500000000000000e+02
206 0.0000000000000000e+00 5.9381318259491991e+00 -6.6500000000000000e+02
207 1.7800000000000099e+02 7.4086694893093818e+02 -6.6500000000000000e+02
208 1.7800000000000099e+02 6.9493389786187640e+02 -6.6500000000000000e+02
209 1.7800000000000099e+02 6.4900084679281463e+02 -6.6500000000000000e+02
210 1.7800000000000099e+02 6.0306779572375285e+02 -6.6500000000000000e+02
211 1.7800000000000099e+02 5.5713474465469119e+02 -6.6500000000000000e+02
212 1.7800000000000099e+02 5.1120169358562953e+02 -6.6500000000000000e+02
213 1.7800000000000099e+02 4.6526864251656781e+02 -6.6500000000000000e+02
214 1.7800000000000099e+02 4.1933559144750620e+02 -6.6500000000000000e+02
215 1.7800000000000099e+02 3.7340254037844443e+02 -6.6500000000000000e+02
216 1.7800000000000099e+02 3.2746948930938248e+02 -6.6500000000000000e+02
217 1.7800000000000099e+02 2.8153643824032048e+02 -6.6500000000000000e+02
218 1.7800000000000099e+02 2.3560338717125850e+02 -6.6500000000000000e+02
219 1.7800000000000099e+02 1.8967033610219659e+02 -6.6500000000000000e+02
220 1.7800000000000099e+02 1.4373728503313481e+02 -6.6500000000000000e+02
221 1.7800000000000099e+02 9.7804233964072864e+01 -6.6500000000000000e+02
222 1.7800000000000099e+02 5.1871182895010861e+01 -6.6500000000000000e+02
223 1.7800000000000099e+02 5.9381318259491991e+00 -6.6500000000000000e+02
224 1.0285714285714280e+02 -1.2500000000000000e+02 9.9999999999983513e-01
225 8.5714285714285580e+01 -1.2500000000000000e+02 9.9999999999980582e-01
226 6.8571428571428385e+01 -1.2500000000000000e+02 9.9999999999977640e-01
227 5.1428571428571331e+01 -1.2500000000000000e+02 9.9999999999974709e-01
228 3.4285714285714249e+01 -1.2500000000000000e+02 9.9999999999971778e-01
229 1.7142857142857110e+01 -1.2500000000000000e+02 9.9999999999968836e-01
230 0.0000000000000000e+00 -1.7743575935905801e+02 9.9999999999987199e-01
231 0.0000000000000000e+00 -1.5714352573524499e+02 9.9999999999987199e-01
232 0.0000000000000000e+00 -1.3981455416394400e+02 9.9999999999987199e-01
233 0.0000000000000000e+00 1.4261822279332580e+02 9.9999999999987199e-01
234 1.7142857142857210e+01 1.2500000000000000e+02 9.9999999999970257e-01
235 3.4285714285714420e+01 1.2500000000000000e+02 9.9999999999973188e-01
236 5.1428571428571622e+01 1.2500000000000000e+02 9.9999999999976130e-01
237 6.8571428571428669e+01 1.2500000000000000e+02 9.9999999999979061e-01
238 8.5714285714285751e+01 1.2500000000000000e+02 9.9999999999982003e-01
239 1.0285714285714290e+02 1.2500000000000000e+02 9.9999999999984934e-01
240 1.3250000000000000e+02 1.2165063509461091e+02 9.9999999999973266e-01
241 1.4165063509461089e+02 1.1249999999999990e+02 9.9999999999974776e-01
242 1.4500000000000000e+02 8.3333333333333201e+01 9.9999999999991962e-01
243 1.4500000000000000e+02 6.6666666666666572e+01 9.9999999999991873e-01
244 1.4500000000000000e+02 4.9999999999999893e+01 9.9999999999991773e-01
245 1.4500000000000000e+02 3.3333333333333201e+01 9.9999999999991684e-01
246 1.4500000000000000e+02 1.6666666666666568e+01 9.9999999999991596e-01
247 1.4500000000000000e+02 -1.1368683772161600e-13 9.9999999999991496e-01
248 1.4500000000000000e+02 -1.6666666666666739e+01 9.9999999999991407e-01
249 1.4500000000000000e+02 -3.3333333333333428e+01 9.9999999999991318e-01
250 1.4500000000000000e+02 -5.0000000000000107e+01 9.9999999999991218e-01
251 1.4500000000000000e+02 -6.6666666666666742e+01 9.9999999999991129e-01
252 1.4500000000000000e+02 -8.3333333333333371e+01 9.9999999999991041e-01
253 1.4165063509461089e+02 -1.1250000000000000e+02 9.9999999999974643e-01
254 1.3250000000000000e+02 -1.2165063509461100e+02 9.9999999999973022e-01
255 1.6600000000000000e+02 1.5056738309768451e+02 6.9999999999999254e+00
256 1.5349337318584969e+02 1.6380000000000001e+02 6.9999999999998419e+00
257 1.1733788729201599e+01 1.6380000000000001e+02 6.9999999999997478e+00
258 3.5201347794364587e+01 1.6380000000000001e+02 6.9999999999997691e+00
259 5.8668883883948119e+01 1.6380000000000001e+02 6.9999999999997922e+00
260 8.2136417307771495e+01 1.6380000000000001e+02 6.9999999999998126e+00
261 1.0560395464618830e+02 1.6380000000000001e+02 6.9999999999998339e+00
262 1.2916223534305169e+02 1.6380000000000001e+02 6.9999999999998543e+00
263 1.3474082379031921e+02 -1.5501350333089150e+02 9.9999999999983902e-01
264 7.8591838381203331e+01 -1.5897935770904010e+02 9.9999999999983902e-01
265 4.1086649526916560e+01 -1.5666974078208290e+02 9.9999999999983902e-01
266 1.3304135527921039e+02 1.4681680863751060e+02 9.9999999999983902e-01
267 1.1350527182047850e+02 -1.5258819932515121e+02 9.9999999999983902e-01
268 2.5750068813813009e+01 -1.4813158234648540e+02 9.9999999999983902e-01
269 1.4815701847306090e+02 -1.3142042999482831e+02 9.9999999999983902e-01
270 1.1286647137160180e+02 1.4210359098225709e+02 9.9999999999983902e-01
271 1.4797993032236721e+02 1.2869246825637379e+02 9.9999999999983902e-01
272 5.9999999999999858e+01 1.4484292393311750e+02 9.9999999999983902e-01
273 6.0000000000000142e+01 -1.4506099936273921e+02 9.9999999999983902e-01
274 1.1525910605707510e+02 -1.7684367822132259e+02 9.9999999999983902e-01
275 2.5714285714285669e+01 1.4351862566308020e+02 9.9999999999983902e-01
276 2.4662019576915259e+01 -1.7258350382081210e+02 9.9999999999983902e-01
277 1.2672194758540500e+02 -1.3674706301626989e+02 9.9999999999983902e-01
278 7.8800364601573136e+01 1.4336343602151530e+02 9.9999999999983902e-01
279 9.5507776945070958e+01 -1.4261105832997171e+02 9.9999999999983902e-01
280 4.2857142857143018e+01 -1.4052394891786889e+02 9.9999999999983902e-01
281 4.3670333740491003e+01 1.4043230991923960e+02 9.9999999999983902e-01
282 1.5580788074122361e+02 -1.0959469272728080e+02 9.9999999999983902e-01
283 1.4317646241294000e+02 -1.7814944058921230e+02 9.9999999999983902e-01
284 5.5852413492073630e+01 -1.7404368677484439e+02 9.9999999999983902e-01
285 1.5387567590178659e+02 1.0806151465954910e+02 9.9999999999983902e-01
286 9.8867821553719295e+01 -1.6365850973255380e+02 9.9999999999983902e-01
287 1.5039294986540821e+02 1.4790106126035781e+02 9.9999999999983902e-01
288 9.4816881174694487e+01 1.3985340540075450e+02 9.9999999999983902e-01
289 7.7677065922397773e+01 -1.3933028308035020e+02 9.9999999999983902e-01
290 1.4419344405409220e+01 -1.8810481579496749e+02 9.9999999999983902e-01
291 8.6171513201307874e+01 -1.8026125312332491e+02 9.9999999999983902e-01
292 1.5488082869673079e+02 -9.1666666666666629e+01 9.9999999999983902e-01
293 1.2093172407980390e+01 1.5176402608263490e+02 9.9999999999983902e-01
294 1.5595649532701481e+02 4.1666666666666643e+01 9.9999999999983902e-01
295 1.5588622475791240e+02 -2.5000000000000011e+01 9.9999999999983902e-01
296 1.5317513714410291e+02 -1.5646136273593510e+02 9.9999999999983902e-01
297 1.1171842784161950e+02 -1.3638926413427859e+02 9.9999999999983902e-01
298 1.3229612587489560e+01 -1.3779755627962919e+02 9.9999999999983902e-01
299 1.1988958345971580e+01 1.3785774105064539e+02 9.9999999999983902e-01
300 1.5515427767943041e+02 -4.1666666666666693e+01 9.9999999999983902e-01
301 1.5509908252100971e+02 5.8333333333333300e+01 9.9999999999983902e-01
302 1.2927755139463591e+02 1.3285270059415049e+02 9.9999999999983902e-01
303 1.5439630656700990e+02 9.1610111375933514e+01 9.9999999999983902e-01
304 7.7742599444399204e+01 2.5009482398454890e+02 1.2999999999999851e+01
305 8.1698941283658698e+01 3.2605974500477140e+02 1.2999999999999860e+01
306 8.8338377231114606e+01 6.6877777960947674e+02 1.2999999999999890e+01
307 8.9082664977705491e+01 5.9434872740936066e+02 1.2999999999999890e+01
308 8.8576429249926662e+01 4.8522273731123403e+02 1.2999999999999879e+01
309 1.2919311198853359e+02 2.1260595037890309e+02 1.2999999999999940e+01
310 4.2863191935765940e+01 2.0991299262452350e+02 1.2999999999999780e+01
311 8.0500648550292027e+01 4.1027455471891977e+02 1.2999999999999860e+01
312 8.3422376739190625e+01 1.9910967762640510e+02 1.2999999999999851e+01
313 1.1423386167155680e+02 7.2672329323344161e+02 1.2999999999999940e+01
314 1.3171100426132190e+02 2.8907336579912749e+02 1.2999999999999940e+01
315 4.8676349626499672e+01 2.9219049365295240e+02 1.2999999999999799e+01
316 4.6432385209064023e+01 6.2029824916702751e+02 1.2999999999999810e+01
317 3.7697023321694758e+01 7.1904459201786972e+02 1.2999999999999799e+01
318 5.0914698710433733e+01 5.2750715899377383e+02 1.2999999999999810e+01
319 1.3166389126958180e+02 6.1999857528088523e+02 1.2999999999999959e+01
320 1.2967878534427709e+02 5.2550782134726501e+02 1.2999999999999950e+01
321 1.2763021144316789e+02 3.8794587064691171e+02 1.2999999999999940e+01
322 1.2560815840086370e+02 4.4035423844813619e+02 1.2999999999999940e+01
323 1.5350922278701441e+02 1.8497798666769731e+02 1.2999999999999980e+01
324 1.7200000000000000e+02 -5.8754296351334432e+01 1.3000000000000000e+01
325 3.6199870359827663e+01 2.4065305215553971e+02 1.2999999999999771e+01
326 1.7145244793363449e+02 -8.1817210186451405e+01 1.3000000000000000e+01
327 4.7415104841060980e+01 4.4331318946042660e+02 1.2999999999999799e+01
328 5.1625567468150621e+01 3.6789354064079731e+02 1.2999999999999810e+01
329 4.9691208801900160e+01 6.6907324050007674e+02 1.2999999999999821e+01
330 4.5942525091019412e+01 5.7194851706365080e+02 1.2999999999999810e+01
331 1.3260845720674629e+02 5.7139678191392045e+02 1.2999999999999959e+01
332 1.0563100351505740e+02 1.8834669555621531e+02 1.2999999999999890e+01
333 1.2666503392498110e+02 6.7581474478666109e+02 1.2999999999999959e+01
334 1.3106879775120191e+02 3.4314298852965112e+02 1.2999999999999950e+01
335 6.0366231189944799e+01 1.8915151653469721e+02 1.2999999999999810e+01
336 1.4676944816600351e+02 2.4670353873056649e+02 1.2999999999999970e+01
337 1.3997267459901349e+02 4.8254306182104852e+02 1.2999999999999970e+01
338 1.2919311198853359e+02 1.8453343643559020e+02 1.2999999999999931e+01
339 3.5210363185934654e+01 1.8444972515012901e+02 1.2999999999999771e+01
340 7.3532335020601764e+01 7.4847057157195468e+02 1.2999999999999870e+01
341 3.7512055856462297e+01 4.8606925679258882e+02 1.2999999999999790e+01
342 3.6682480015245737e+01 3.3144825942822450e+02 1.2999999999999780e+01
343 1.4771346537616810e+02 7.1618813599983878e+02 1.3000000000000000e+01
344 8.6430461304773416e+01 2.8431001055383189e+02 1.2999999999999860e+01
345 1.1377679939229530e+02 2.4454965829317379e+02 1.2999999999999909e+01
346 3.6153136204551572e+01 4.0095479204145619e+02 1.2999999999999780e+01
347 9.1991100835507325e+01 3.7173234586131440e+02 1.2999999999999879e+01
348 1.4385327705241929e+02 7.5275454010764679e+02 1.2999999999999989e+01
349 8.5525085260535860e+01 4.4479117998467899e+02 1.2999999999999870e+01
350 8.2746904327453592e+01 1.8084157794346351e+02 1.2999999999999851e+01
351 8.9467260096684768e+01 5.4598862400653411e+02 1.2999999999999879e+01
352 8.9145106560591117e+01 6.3258980735247587e+02 1.2999999999999890e+01
353 2.0105228606839631e+01 2.0675540309125199e+02 1.2999999999999741e+01
354 3.1819890860123511e+01 7.5425075330606842e+02 1.2999999999999790e+01
355 1.5538285800411239e+02 2.1114163523357260e+02 1.2999999999999980e+01
356 1.1125000000000010e+02 7.6166211562859689e+02 1.2999999999999931e+01
357 1.5757835835575071e+01 1.8224600504364491e+02 1.2999999999999730e+01
358 6.7141411619696242e+01 2.1924679687866859e+02 1.2999999999999829e+01
359 9.8504185206259152e+01 2.1731660751204240e+02 1.2999999999999879e+01
360 8.4573748604905489e+01 7.0303078452502200e+02 1.2999999999999879e+01
361 8.9786708935541824e+01 7.8679999999999995e+02 -5.5071177274130571e+02
362 9.5088864067977624e+01 7.8679999999999995e+02 -4.1843361600315768e+02
363 9.4450110324602392e+01 7.8679999999999995e+02 -2.8080000000000018e+02
364 8.8180191823871155e+01 7.8679999999999995e+02 -1.4334768265066310e+02
365 8.8193237138685575e+01 7.8679999999999995e+02 -6.9898646911707829e+01
366 6.6627115382880476e+01 7.8679999999999995e+02 -2.1242517913343579e+02
367 6.2572103743348208e+01 7.8679999999999995e+02 -4.8515624290083531e+02
368 6.2572103743348308e+01 7.8679999999999995e+02 -3.4955624290083529e+02
369 1.2143082552379320e+02 7.8679999999999995e+02 -6.0069196365301877e+02
370 5.6373760451162752e+01 7.8679999999999995e+02 -6.0134917303202212e+02
371 1.2652365109370579e+02 7.8679999999999995e+02 -4.5978534435344608e+02
372 1.1753080811566770e+02 7.8679999999999995e+02 -2.3243495665272300e+02
373 1.2587813871099490e+02 7.8679999999999995e+02 -3.2424380637760157e+02
374 1.2900998685762011e+02 7.8679999999999995e+02 -1.0450256048696851e+02
375 1.2341540034509450e+02 7.8679999999999995e+02 -3.7602579566621422e+01
376 1.2690383725184360e+02 7.8679999999999995e+02 -3.7912396085902759e+02
377 1.3178845748992819e+02 7.8679999999999995e+02 -1.7992345219081349e+02
378 1.2690383725184410e+02 7.8679999999999995e+02 -5.1472396085902790e+02
379 4.9188346589606773e+01 7.8679999999999995e+02 -1.0719371030118580e+02
380 4.5532356458026442e+01 7.8679999999999995e+02 -5.5855497203462426e+02
381 4.3382954894901083e+01 7.8679999999999995e+02 -4.1669051657187953e+02
382 4.3291704360133252e+01 7.8679999999999995e+02 -2.8080000000000013e+02
383 4.9752455174867691e+01 7.8679999999999995e+02 -1.7240894595004900e+02
384 1.3701985298723801e+02 7.8679999999999995e+02 -2.8080000000000013e+02
385 4.6288389346984083e+01 7.8679999999999995e+02 -3.3266113405769971e+01
386 1.3345527608615441e+02 7.8679999999999995e+02 -5.6495805369921561e+02
387 1.4031382851304829e+02 7.8679999999999995e+02 -4.1878548450506719e+02
388 1.3945118195633259e+02 7.8679999999999995e+02 -1.4167089558510270e+02
389 3.5162471910112487e+01 7.8679999999999995e+02 -5.0680000000000013e+02
390 3.5041828122735780e+01 7.8679999999999995e+02 -3.7000781855587093e+02
391 3.5162471910112323e+01 7.8679999999999995e+02 -2.3560000000000011e+02
392 3.5100918957369061e+01 7.8679999999999995e+02 -4.6242028976277260e+02
393 3.5105635354815632e+01 7.8679999999999995e+02 -3.2649586428536179e+02
394 8.7329402057471199e+01 7.8679999999999995e+02 -2.4365443123943241e+01
395 3.8510094494406047e+01 7.8679999999999995e+02 -6.9992764717166423e+01
396 8.8777494383164921e+01 7.8679999999999995e+02 -6.3083542868219411e+02
397 8.8642940602445904e+01 7.8679999999999995e+02 -1.0623565008763130e+02
398 1.4193829233672659e+02 7.8679999999999995e+02 -6.2975456538920218e+02
399 3.5884933372528110e+01 7.8679999999999995e+02 -6.2986410028570276e+02
400 7.7371029469880753e+01 7.8679999999999995e+02 -5.1748802717332831e+02
401 6.9133438188052793e+01 7.8679999999999995e+02 -2.4980015186251089e+02
402 7.7822865212952181e+01 7.8679999999999995e+02 -4.5524453734937788e+02
403 7.7876381100202948e+01 7.8679999999999995e+02 -3.8119889489915789e+02
404 7.7594398502384280e+01 7.8679999999999995e+02 -3.1921285467799589e+02
405 9.0112110790723690e+01 7.8679999999999995e+02 -1.8197828308486430e+02
406 3.3406152889493399e+01 7.8679999999999995e+02 -1.4057149578529831e+02
407 1.4285185630229589e+02 7.8679999999999995e+02 -6.6310311754837585e+01
408 1.5192143411339859e+02 7.8679999999999995e+02 -5.9720000000000039e+02
409 2.5658345400840741e+01 7.8679999999999995e+02 -5.9720000000000050e+02
410 8.8538421067060028e+01 7.8679999999999995e+02 -5.8633575419967440e+02
411 3.0308408493572070e+01 7.8679999999999995e+02 -2.0024682501669710e+02
412 1.4884887440653830e+02 7.8679999999999995e+02 -1.6394249754625051e+01
413 9.7104411973221943e+01 7.8679999999999995e+02 -4.8719436309205281e+02
414 9.7051750907085193e+01 7.8679999999999995e+02 -3.5144259838899592e+02
415 2.2250000000000139e+01 7.8679999999999995e+02 -9.6000000000002998e+00
416 8.8252882267593634e+01 -2.1319999999999999e+02 -7.4818526779665262e+01
417 8.9305616479292027e+01 -2.1319999999999999e+02 -1.6133196723374110e+02
418 9.5944060470013071e+01 -2.1319999999999999e+02 -4.4788708579844018e+02
419 9.4304096444295212e+01 -2.1319999999999999e+02 -3.1543737710953718e+02
420 9.7424888830215778e+01 -2.1319999999999999e+02 -2.3716639872974929e+02
421 1.0641096837616180e+02 -2.1319999999999999e+02 -3.8387772085574079e+02
422 5.0638439883095927e+01 -2.1319999999999999e+02 -3.7625467080329940e+01
423 1.1608344162078910e+02 -2.1319999999999999e+02 -4.2279461138837412e+01
424 6.2661932272192523e+01 -2.1319999999999999e+02 -5.0565346836773949e+02
425 4.8248748310227199e+01 -2.1319999999999999e+02 -1.2371996295074869e+02
426 1.2264620717585611e+02 -2.1319999999999999e+02 -1.1986415755597960e+02
427 1.3312043512346241e+02 -2.1319999999999999e+02 -4.9865010983678701e+02
428 5.3443819928204867e+01 -2.1319999999999999e+02 -3.9310917049615199e+02
429 5.1572424449551079e+01 -2.1319999999999999e+02 -2.6328262266653212e+02
430 5.7825049548060512e+01 -2.1319999999999999e+02 -2.0824166421710279e+02
431 5.0421801020165532e+01 -2.1319999999999999e+02 -3.4951385519442408e+02
432 8.5596521687947487e+01 -2.1319999999999999e+02 -1.7365170116933879e+01
433 1.3233037677913501e+02 -2.1319999999999999e+02 -2.7229516766399541e+02
434 1.2597676916483471e+02 -2.1319999999999999e+02 -1.9682935360104551e+02
435 4.2897353315691497e+01 -2.1319999999999999e+02 -7.7061556350342357e+01
436 1.3319508287347651e+02 -2.1319999999999999e+02 -8.0181850360765736e+01
437 1.2984014774136369e+02 -2.1319999999999999e+02 -4.2469125194085012e+02
438 1.3371395235131749e+02 -2.1319999999999999e+02 -3.5275805561187190e+02
439 5.2884319898166737e+01 -2.1319999999999999e+02 -4.5482552679008921e+02
440 3.9075882867515958e+01 -2.1319999999999999e+02 -1.6683732150588901e+02
441 4.5282709061418963e+01 -2.1319999999999999e+02 -3.0447444430544579e+02
442 1.0559796721414661e+02 -2.1319999999999999e+02 -5.2906942641665512e+02
443 1.3798157921247321e+02 -2.1319999999999999e+02 -1.5699962187362340e+02
444 1.4796712618799040e+02 -2.1319999999999999e+02 -1.7198253499428802e+01
445 2.9414418192617259e+01 -2.1319999999999999e+02 -1.6419414930509220e+01
446 1.4108841489110921e+02 -2.1319999999999999e+02 -2.3256212838111099e+02
447 1.3884903369254980e+02 -2.1319999999999999e+02 -4.6082638522235220e+02
448 2.9813262421200051e+01 -2.1319999999999999e+02 -4.9644228528639229e+02
449 8.8315349475512434e+01 -2.1319999999999999e+02 -2.7494970529617422e+02
450 1.5064913013645119e+02 -2.1319999999999999e+02 -4.5649685559916861e+01
451 9.2633081005600758e+01 -2.1319999999999999e+02 -2.0089234594540969e+02
452 8.8134883636176426e+01 -2.1319999999999999e+02 -1.1056146483296750e+02
453 8.7568618947287050e+01 -2.1319999999999999e+02 -3.5274693324529159e+02
454 3.3678273922493958e+01 -2.1319999999999999e+02 -5.3131992878368965e+02
455 1.4256587580375850e+02 -2.1319999999999999e+02 -3.9055294558886209e+02
456 8.8155172448161068e+01 -2.1319999999999999e+02 -4.1377639621124399e+02
457 1.4595578087287001e+02 -2.1319999999999999e+02 -5.3260421537675347e+02
458 2.4590042278280951e+01 -2.1319999999999999e+02 -4.2584841240125797e+01
459 5.4310570240652510e+01 -2.1319999999999999e+02 -9.0820104255546994e+00
460 1.4326968511494971e+02 -2.1319999999999999e+02 -3.1349211518288661e+02
461 7.7596785041280242e+01 -2.1319999999999999e+02 -4.7978523947024428e+01
462 1.1936687531434259e+02 -2.1319999999999999e+02 -1.0168576951040111e+01
463 6.6750000000000398e+01 -2.1319999999999999e+02 -5.4072977269281625e+02
464 9.4487222345188343e+01 -2.1319999999999999e+02 -4.8413861811712360e+02
465 3.3309116236105012e+01 -2.1319999999999999e+02 -2.3496157949855649e+02
466 8.9000000000000497e+01 -1.2659745962155620e+02 -6.1500000000000011e+02
467 1.3382449203498160e+02 -9.5418293743615948e+01 -6.3300129981273687e+02
468 4.4175507965019392e+01 -1.5777662549949639e+02 -5.9699870018726347e+02
469 4.4175507965019392e+01 -9.5418293743616161e+01 -6.3300129981273687e+02
470 1.3382449203498169e+02 -1.5777662549949630e+02 -5.9699870018726335e+02
471 1.4199841803157119e+02 -1.2659745962155610e+02 -6.1500000000000011e+02
472 3.5470203186007858e+01 -1.2659745962155630e+02 -6.1500000000000023e+02
473 8.9000000000000554e+01 -1.8165616346259779e+02 -5.8321184251614284e+02
474 8.9000000000000554e+01 -7.1538755780514606e+01 -6.4678815748385739e+02
475 3.2764462700777898e+01 -6.7445620702995711e+01 -6.4915133012269257e+02
476 1.4523553729922330e+02 -6.7445620702995626e+01 -6.4915133012269246e+02
477 3.2764462700777869e+01 -1.8574929854011691e+02 -5.8084866987730788e+02
478 1.4523553729922321e+02 -1.8574929854011680e+02 -5.8084866987730766e+02
479 9.3318712118362740e+01 4.3878809670704038e+02 -6.6500000000000023e+02
480 8.9339093652279630e+01 5.8396255651083334e+02 -6.6500000000000011e+02
481 8.8462376044019138e+01 9.3625094347056802e+01 -6.6500000000000023e+02
482 8.9000000000000526e+01 3.0450296377485142e+02 -6.6500000000000023e+02
483 8.8189781118757367e+01 6.7135900173846449e+02 -6.6500000000000011e+02
484 8.9321440136874941e+01 1.6975331872155971e+02 -6.6500000000000023e+02
485 1.0541811589838500e+02 5.0874474318263270e+02 -6.6500000000000011e+02
486 7.1684148168876860e+01 3.7148719334765639e+02 -6.6500000000000023e+02
487 1.0632568547820870e+02 2.3753773953505879e+02 -6.6500000000000011e+02
488 1.1424313756123141e+02 1.8603283899690499e+01 -6.6500000000000011e+02
489 1.1424149228178010e+02 7.2821259557808389e+02 -6.6500000000000011e+02
490 3.7674332678062001e+01 2.6299630989704610e+01 -6.6500000000000034e+02
491 5.3110536094831858e+01 4.9688623022922218e+02 -6.6500000000000023e+02
492 1.2479832431979760e+02 3.5914342625635419e+02 -6.6500000000000011e+02
493 5.3199723944776508e+01 2.4987094197586339e+02 -6.6500000000000023e+02
494 4.8149640611617372e+01 1.1889323793981340e+02 -6.6500000000000023e+02
495 1.2740039896693060e+02 6.2507825585963155e+02 -6.6500000000000011e+02
496 4.8223674110458347e+01 6.2359000816666412e+02 -6.6500000000000023e+02
497 1.3216162485438440e+02 1.1734437959634811e+02 -6.6500000000000011e+02
498 3.7671807435650997e+01 7.2051073943566314e+02 -6.6500000000000023e+02
499 1.2873576565566111e+02 4.0435349290080001e+02 -6.6500000000000011e+02
500 4.8183438367707403e+01 5.4401106509924330e+02 -6.6500000000000023e+02
501 4.9756272689128650e+01 2.0416646430790900e+02 -6.6500000000000023e+02
502 4.7501304794226293e+01 4.0980822755689218e+02 -6.6500000000000023e+02
503 1.3305144689688569e+02 4.7973193521402010e+02 -6.6500000000000011e+02
504 1.2969581242621291e+02 5.5387599981797382e+02 -6.6500000000000011e+02
505 4.8304187573788170e+01 3.3072823414609968e+02 -6.6500000000000023e+02
506 1.3129527766048110e+02 2.0167299627645400e+02 -6.6500000000000011e+02
507 1.2970060314018590e+02 2.7829625840347472e+02 -6.6500000000000011e+02
508 1.2602252418614870e+02 6.7849828544080560e+02 -6.6500000000000011e+02
509 4.2180740629090451e+01 7.3625091407157242e+01 -6.6500000000000023e+02
510 1.3203280863238840e+02 6.4103025121102178e+01 -6.6500000000000011e+02
511 4.9835560282114557e+01 6.7155653661352142e+02 -6.6500000000000023e+02
512 4.6037892239603622e+01 1.5936432142426790e+02 -6.6500000000000023e+02
513 3.9063058863503947e+01 5.8374396704324010e+02 -6.6500000000000023e+02
514 7.3490660095511842e+01 7.4934148094105615e+02 -6.6500000000000023e+02
515 7.3492772544286368e+01 -2.5273781782796050e+00 -6.6500000000000023e+02
516 1.3296305710862390e+02 1.5869060036178121e+02 -6.6500000000000011e+02
517 4.1815251494347478e+01 2.9365234281621991e+02 -6.6500000000000023e+02
518 4.4209524702858353e+01 4.5198702679484222e+02 -6.6500000000000023e+02
519 1.4090782303305940e+02 5.8863920963306464e+02 -6.6500000000000011e+02
520 1.3618679527580841e+02 3.1536141727209201e+02 -6.6500000000000011e+02
521 1.4758486181178469e+02 7.1790042339640729e+02 -6.6500000000000011e+02
522 1.4941396764770840e+02 2.6820304352220891e+01 -6.6500000000000011e+02
523 3.5584695663354978e+01 3.6500625482998981e+02 -6.6500000000000023e+02
524 1.4241530433664610e+02 5.1959797913408374e+02 -6.6500000000000011e+02
525 1.4242529343269629e+02 2.4402445641523170e+02 -6.6500000000000011e+02
526 1.4307819947888839e+02 4.3977110445831050e+02 -6.6500000000000011e+02
527 9.0594793287622835e+01 4.0311758653526459e+02 -6.6500000000000023e+02
528 8.8324709008184243e+01 5.4316951957828769e+02 -6.6500000000000023e+02
529 8.8310423884395590e+01 2.0367374185590069e+02 -6.6500000000000023e+02
530 1.4460489756950301e+02 -6.6631924062637609e+00 -6.6500000000000011e+02
531 1.4452560449295689e+02 7.5337893523940306e+02 -6.6500000000000011e+02
532 8.9134320378450582e+01 1.3160866566427131e+02 -6.6500000000000023e+02
533 8.9000000000000512e+01 6.3522884820067372e+02 -6.6500000000000011e+02
534 9.0309582677149024e+01 3.3995686789659550e+02 -6.6500000000000023e+02
535 8.7372161644412813e+01 4.7710587519396728e+02 -6.6500000000000023e+02
536 8.7687425546530349e+01 2.6905477634738259e+02 -6.6500000000000023e+02
537 3.2007681306597313e+01 -7.5751392863852516e+00 -6.6500000000000034e+02
538 3.2007661641215577e+01 7.5438023909512026e+02 -6.6500000000000023e+02
539 1.1125000000000070e+02 -1.5597928149799261e+01 -6.6500000000000011e+02
540 1.1125000000000070e+02 7.6241437838003287e+02 -6.6500000000000011e+02
541 8.1347694681512962e+01 4.5621457931071973e+01 -6.6500000000000023e+02
542 8.4673396118397790e+01 7.0548472820184566e+02 -6.6500000000000023e+02
543 1.7800000000000099e+02 1.1341801279144271e+02 -3.1827657464160637e+02
544 1.7800000000000099e+02 4.5550126718405983e+02 -3.3191037946967720e+02
545 1.7800000000000071e+02 -3.4252815991035850e+00 -1.8001378378488360e+02
546 1.7800000000000071e+02 1.7552651728364751e+02 -1.6688944879194690e+02
547 1.7800000000000119e+02 2.7825048774553659e+02 -4.4882576552166961e+02
548 1.7800000000000131e+02 6.7584851621983830e+00 -4.7010191188672559e+02
549 1.7800000000000119e+02 5.8963915690547014e+02 -4.6759759483065841e+02
550 1.7800000000000071e+02 5.8386564442783879e+02 -1.9754595947718411e+02
551 1.7800000000000071e+02 3.5015027384129792e+02 -1.7409636826135531e+02
552 1.7800000000000131e+02 4.3237351866441668e+02 -5.0408452650970992e+02
553 1.7800000000000060e+02 -1.0927621718986960e+02 -9.0438715522448973e+01
554 1.7800000000000060e+02 6.6342443784758672e+01 -9.0056650672944954e+01
555 1.7800000000000099e+02 -5.2827088052800093e+01 -3.1490026671971702e+02
556 1.7800000000000091e+02 2.6851782792681558e+02 -2.9826432845636492e+02
557 1.7800000000000131e+02 1.3973256627914310e+02 -5.1234508930656830e+02
558 1.7800000000000099e+02 6.4363911745456107e+02 -3.2600000000000000e+02
559 1.7800000000000060e+02 4.7975297606810312e+02 -1.2065687907662461e+02
560 1.7800000000000051e+02 -7.5745874267443583e+00 -6.5281055452826536e+01
561 1.7800000000000051e+02 1.3966646202967570e+02 -6.5085987096172573e+01
562 1.7800000000000139e+02 6.6881808545059687e+02 -5.5542185850691078e+02
563 1.7800000000000060e+02 6.6863526988624824e+02 -1.0086425416240390e+02
564 1.7800000000000131e+02 -1.0358047914117090e+02 -5.0154170540400128e+02
565 1.7800000000000060e+02 2.3659237594073869e+02 -8.7664184989347433e+01
566 1.7800000000000139e+02 3.3059716011053081e+02 -5.5238673274127382e+02
567 1.7800000000000080e+02 -1.1077173370040380e+02 -2.2092456292111061e+02
568 1.7800000000000111e+02 1.7670724720488840e+02 -4.0914391291534679e+02
569 1.7800000000000139e+02 5.2370189195246962e+02 -5.6168828234510988e+02
570 1.7800000000000111e+02 3.4043339313623977e+02 -3.6764234382931318e+02
571 1.7800000000000080e+02 4.9315942653746589e+02 -2.2510861685252510e+02
572 1.7800000000000111e+02 6.8429013930478095e+02 -4.2021852596989640e+02
573 1.7800000000000139e+02 -4.2870485041539146e+00 -5.7785733340923514e+02
574 1.7800000000000111e+02 5.4754109262496797e+02 -3.7044741987636547e+02
575 1.7800000000000080e+02 6.8846155100974534e+02 -2.3559999999999999e+02
576 1.7800000000000080e+02 8.3706778503682727e+01 -2.2234389268324239e+02
577 1.7800000000000139e+02 2.2631795044668701e+02 -5.7044896648484234e+02
578 1.7800000000000111e+02 3.9058525896583383e+01 -3.7195355097116578e+02
579 1.7800000000000119e+02 -1.2058789438193820e+02 -4.0809607194375178e+02
580 1.7800000000000091e+02 3.6770981587572498e+02 -2.8455152815727081e+02
581 1.7800000000000051e+02 5.7238595817641749e+02 -8.4829357674820272e+01
582 1.7800000000000080e+02 2.6180496706829803e+02 -2.0180049957108611e+02
583 1.7800000000000051e+02 3.9482519426080478e+02 -7.7224286361405319e+01
584 1.7800000000000051e+02 8.6702242707454474e+01 -3.8235376182316138e+01
585 1.7800000000000051e+02 -6.0755224912292313e+01 -3.9290157726957318e+01
586 1.7800000000000091e+02 1.8047563050026741e+02 -2.4891186294821830e+02
587 1.7800000000000119e+02 4.6695825928094280e+02 -4.1826267721192693e+02
588 1.7800000000000139e+02 7.7535073925464161e+01 -5.7659706505156305e+02
589 1.7800000000000051e+02 4.0754374160688307e+01 -3.5592260493814877e+01
590 1.7800000000000091e+02 5.6859351536569829e+02 -2.8787351975342727e+02
591 1.7800000000000051e+02 -1.0841766994525790e+02 -3.4115759653055989e+01
592 1.7800000000000091e+02 3.1287068433030949e+01 -2.8353687610814723e+02
593 1.7800000000000119e+02 9.1893760685001240e+01 -4.4302628628147397e+02
594 1.7800000000000139e+02 4.2874812083045009e+02 -5.8619930149065840e+02
595 1.7800000000000119e+02 3.6510921622653541e+02 -4.5475267257652263e+02
596 1.7800000000000099e+02 -1.3066875651897021e+02 -3.0787572386490172e+02
597 1.7800000000000051e+02 -1.6163615328653529e+02 -3.8506626264151009e+01
598 1.7800000000000111e+02 2.5050387290319489e+02 -3.7679872107533288e+02
599 1.7800000000000071e+02 -5.3062723256901961e+01 -1.2123378518745380e+02
600 1.7800000000000131e+02 5.1039524324433393e+02 -4.8491532602167081e+02
601 1.7800000000000071e+02 -1.4166408693866890e+02 -1.5725172249484319e+02
602 1.7800000000000111e+02 -3.9755675636022829e+01 -4.0471225407451948e+02
603 1.7800000000000139e+02 6.0422272006288608e+02 -5.8994390087635225e+02
604 1.7800000000000099e+02 1.8858772915888409e+02 -3.2790656427037823e+02
605 1.7800000000000060e+02 3.1330558998273023e+02 -1.0466324486408860e+02
606 1.7800000000000151e+02 1.5681357248194371e+02 -5.8686026483755381e+02
607 1.7800000000000071e+02 4.3048385127327140e+02 -1.7723245578229870e+02
608 1.7800000000000099e+02 7.1629615729193461e+02 -3.3445674841178283e+02
609 1.7800000000000071e+02 7.1618520560447382e+02 -1.6482840494243470e+02
610 1.7800000000000131e+02 7.1792445305514002e+02 -4.8968472779443857e+02
611 1.7800000000000131e+02 2.1606499824689561e+02 -4.9190864093960181e+02
612 1.7800000000000051e+02 1.9457323218173300e+02 -4.3764400619858861e+01
613 1.7800000000000091e+02 -3.4201183754502317e+01 -2.4508808009448941e+02
614 1.7800000000000111e+02 6.1462525077715827e+02 -3.9907411616509239e+02
615 1.7800000000000051e+02 7.2115824660236422e+02 -5.4800000000000068e+01
616 1.7800000000000071e+02 9.7610347790225944e+01 -1.4832595453755170e+02
617 1.7800000000000151e+02 7.1487684507663107e+02 -6.0038559620391607e+02
618 1.7800000000000139e+02 -8.8360462869185710e+01 -5.6365519420464943e+02
619 1.7800000000000131e+02 6.2419781030889737e+01 -5.0642122534595291e+02
620 1.7800000000000051e+02 5.0862812565508472e+02 -5.6597532663226048e+01
621 1.7800000000000051e+02 -8.8702706996043048e+00 -2.9843090512136602e+01
622 1.7800000000000060e+02 1.2616996984686070e+01 -1.1900434596332090e+02
623 1.7800000000000071e+02 5.2751178666600617e+02 -1.6778882971666130e+02
624 1.7800000000000051e+02 1.4146188226171111e+02 -3.2420198603081531e+01
625 1.7800000000000151e+02 3.7668150057556710e+02 -5.9717227035617611e+02
626 1.7800000000000091e+02 4.3831014642549110e+02 -2.6205382939412652e+02
627 1.7800000000000060e+02 -1.6241778122896770e+02 -9.5079031632054040e+01
628 1.7800000000000091e+02 6.2437312087627436e+02 -2.5025529830056300e+02
629 1.7800000000000051e+02 6.4116547917322214e+02 -5.9364137054254343e+01
630 1.7800000000000151e+02 2.8653665252092782e+02 -6.0018492756564797e+02
631 1.7800000000000111e+02 1.2216697405680250e+02 -3.7599694538502928e+02
632 1.7800000000000080e+02 3.0658242152696511e+02 -2.3755656674718219e+02
633 1.7800000000000051e+02 4.4421189091113979e+02 -5.0382602394934047e+01
634 1.7800000000000131e+02 2.7329028886999708e+02 -5.1526831588768482e+02
635 1.7800000000000051e+02 2.9251695199887507e+02 -4.5313888719556530e+01
636 1.7800000000000111e+02 4.1516768789267587e+02 -3.7953653599885212e+02
637 1.7800000000000131e+02 -1.4890596106686371e+02 -4.5613942393123432e+02
638 1.7800000000000060e+02 1.9009084477336910e+02 -9.6917558723595107e+01
639 1.7800000000000131e+02 6.4809213032488935e+02 -4.9351370057741690e+02
640 1.7800000000000139e+02 -1.2841025443779139e+02 -5.4058108423293891e+02
641 1.7800000000000071e+02 6.5349443608743195e+02 -1.6582893735218241e+02
642 1.7800000000000091e+02 4.9806096292243672e+02 -2.9032977744688031e+02
643 1.7800000000000131e+02 -4.2362093720449593e+01 -5.1316833705021918e+02
644 1.7800000000000131e+02 5.8688997399840082e+02 -5.2738751744738215e+02
645 1.7800000000000071e+02 2.3997996987632760e+02 -1.3624975166792251e+02
646 1.7800000000000071e+02 -6.8535221275721824e+01 -1.7632297072542639e+02
647 1.7800000000000151e+02 3.3337686669864688e+01 -6.1472387812505531e+02
648 1.7800000000000119e+02 5.4531062711441496e+02 -4.2961405631610381e+02
649 1.7800000000000091e+02 -1.5324545776117759e+02 -2.5766185735736872e+02
650 1.7800000000000151e+02 5.0497143404657419e+02 -6.0740269321126550e+02
651 1.7800000000000099e+02 3.2606449762364019e+02 -3.1860926288588729e+02
652 1.7800000000000111e+02 7.2094529766783501e+02 -3.9090582052692872e+02
653 1.7800000000000080e+02 3.3137740828788957e+01 -2.3175052648689751e+02
654 1.7800000000000099e+02 3.9181712215282050e+02 -3.2465658298620372e+02
655 1.7800000000000071e+02 4.9356574242713258e+01 -1.6519860401571759e+02
656 1.7800000000000151e+02 6.6337600818560054e+02 -6.0834117610569569e+02
657 1.7800000000000131e+02 3.6843289082660101e+02 -5.1444739946164896e+02
658 1.7800000000000119e+02 -5.7927425393825899e+01 -4.4977261079267481e+02
659 1.7800000000000139e+02 4.8401648376172727e+02 -5.4076367726313924e+02
660 1.7800000000000051e+02 6.5582721830959997e+01 -1.6053424046391061e+01
661 1.7800000000000051e+02 -8.3387413562311906e+01 -1.6060464133001229e+01
662 1.7800000000000060e+02 7.2016066543714169e+02 -1.0991548801047171e+02
663 1.7800000000000091e+02 -8.9315813754867463e+01 -2.8135859153800948e+02
664 1.7800000000000051e+02 2.3812204360348909e+02 -4.0001845490307183e+01
665 1.7800000000000051e+02 -1.3423835339862930e+02 -1.5305521045221271e+01
666 1.7800000000000139e+02 7.3196812554648682e+02 -5.3660380659302359e+02
667 1.7800000000000051e+02 3.1045705502993432e+01 -7.2102474426053277e+01
668 1.7800000000000111e+02 -1.6051524010804391e+02 -3.5934194209268429e+02
669 1.7800000000000091e+02 7.3080303265105101e+02 -2.7224409213093992e+02
670 1.7800000000000131e+02 1.4715544292082970e+02 -4.5848260580233028e+02
671 1.7800000000000151e+02 -3.3871001636207382e+01 -6.1439306356347493e+02
672 1.7800000000000080e+02 1.4098783958256129e+02 -2.0658707836569869e+02
673 1.7800000000000091e+02 1.1925667987052481e+02 -2.6461400143400863e+02
674 1.7800000000000111e+02 2.9787331328272739e+02 -4.0090211786906059e+02
675 1.7800000000000080e+02 3.9497902763176921e+02 -2.0179298206578309e+02
676 1.7800000000000080e+02 5.4662911012986115e+02 -2.2413797392249029e+02
677 1.7800000000000111e+02 4.9443873712511129e+02 -3.6503995525266703e+02
678 1.7800000000000060e+02 5.9850000783185408e+02 -1.2534429362359420e+02
679 1.7800000000000091e+02 2.3538396085569531e+02 -2.5049694006190791e+02
680 1.7800000000000060e+02 1.0745866130932789e+02 -8.3194833853844756e+01
681 1.7800000000000060e+02 1.4336396733659200e+02 -1.1658507736021321e+02
682 1.7800000000000071e+02 2.9907538646880499e+02 -1.5919461446917089e+02
683 1.7800000000000060e+02 4.2001222424946138e+02 -1.2467559480008541e+02
684 1.7800000000000119e+02 4.1971632088074642e+02 -4.4988803484420282e+02
685 1.7800000000000119e+02 2.2896076869855241e+02 -4.4428374323484411e+02
686 1.7800000000000099e+02 5.8746133975793475e+02 -3.3243102769377577e+02
687 1.7800000000000051e+02 3.4881573457600570e+02 -4.0473082471565483e+01
688 1.7800000000000099e+02 5.9964855536173623e+01 -3.2589053358209429e+02
689 1.7800000000000151e+02 2.1434281622352231e+02 -6.1707459506657324e+02
690 1.7800000000000151e+02 5.5359989925694981e+02 -6.0743019999900764e+02
691 1.7800000000000051e+02 -3.3905828443414009e+01 -2.1030300726422919e+01
692 1.7800000000000051e+02 1.1569878125617871e+02 -2.1682640815121601e+01
693 1.7800000000000119e+02 3.7564368908405697e+01 -4.2485793407241852e+02
694 1.7800000000000080e+02 2.0458205916213160e+02 -2.0631876702426609e+02
695 1.7800000000000099e+02 -1.8809643445021040e+00 -3.3082630296485991e+02
696 1.7800000000000131e+02 3.3123732703410082e+02 -4.8335320187933007e+02
697 1.7800000000000051e+02 -1.3756567556323591e+02 -6.6228314740278506e+01
698 1.7800000000000060e+02 -4.7386537103597561e+01 -7.5629887561749399e+01
699 1.7800000000000119e+02 7.2834511060266414e+02 -4.4065183082627442e+02
700 1.7800000000000111e+02 6.7469092455370492e+02 -3.6669469614752347e+02
701 1.7800000000000051e+02 -8.1333922077190948e+01 -6.6565775202799330e+01
702 1.7800000000000051e+02 1.5807731975954990e+01 -1.3647582130702800e+01
703 1.7800000000000111e+02 -1.0919416718118350e+02 -3.5638458659627310e+02
704 1.7800000000000151e+02 1.1941935835972760e+02 -6.1553060221600549e+02
705 1.7800000000000080e+02 7.3107537165258100e+02 -2.1523536565898431e+02
706 1.7800000000000080e+02 -1.5688219117770001e+02 -2.0361534685927339e+02
707 1.7800000000000091e+02 6.8689669626096111e+02 -2.8731004258838152e+02
708 1.7800000000000139e+02 9.5154223599402030e+00 -5.2177074105519250e+02
709 1.7800000000000040e+02 5.7468238841430036e+02 -2.2294066343287451e+01
710 1.7800000000000060e+02 5.2911203490476430e+02 -1.1186840328747660e+02
711 1.7800000000000051e+02 1.7138693581968431e+02 -1.4449958071634629e+01
712 1.7800000000000071e+02 -9.8866960759168535e+01 -1.3446647349420709e+02
713 1.7800000000000091e+02 7.1050363307099246e+01 -2.6178815295853877e+02
714 1.7800000000000131e+02 -1.6808816288758700e+02 -5.0212334651730202e+02
715 1.7800000000000139e+02 4.0205333656786922e+02 -5.5218160111203611e+02
716 1.7800000000000051e+02 1.1277359753389260e+02 -5.1065520778190262e+01
717 1.7800000000000051e+02 1.3617167745013210e+01 -4.3114796322615291e+01
718 1.7800000000000139e+02 1.8431806453637529e+02 -5.4234363811259141e+02
719 1.7800000000000051e+02 6.2398150733791603e+01 -6.1585805618981340e+01
720 1.7800000000000051e+02 6.7442452647336984e+02 -2.7376680399914221e+01
721 1.7800000000000051e+02 -3.1698489717130538e+01 -4.6214898396018548e+01
722 1.7800000000000099e+02 2.8687574613081352e+02 -3.4913041002373518e+02
723 1.7800000000000119e+02 6.3495408881608364e+02 -4.4674740726102402e+02
724 1.7800000000000119e+02 -1.7173581887454139e+02 -4.1383091626527681e+02
725 1.7800000000000060e+02 3.6430409366555529e+02 -1.2293041570512850e+02
726 1.7800000000000099e+02 5.3109017293321176e+02 -3.1912530785457858e+02
727 1.7800000000000151e+02 3.2880112398313582e+02 -6.1872637383105859e+02
728 1.7800000000000071e+02 4.8102566387236709e+02 -1.7301360679324861e+02
729 1.7800000000000051e+02 -1.0842543489663980e+02 -8.6947016596237745e+00
730 1.7800000000000131e+02 4.6547217331657328e+02 -4.6816751938232369e+02
731 1.7800000000000139e+02 1.2285936174302969e+02 -5.5917962202858473e+02
732 1.7800000000000051e+02 3.9804236285615872e+02 -2.8062627476971951e+01
733 1.7800000000000111e+02 1.6874500843578701e+02 -3.6303997429730731e+02
734 1.7800000000000091e+02 -2.1675451965114011e+01 -2.8591928199376542e+02
735 1.7800000000000091e+02 1.5909375504376840e+02 -2.9146341741451698e+02
736 1.7800000000000131e+02 1.0430001213832620e+02 -4.8661561875597698e+02
737 1.7800000000000080e+02 6.4880619845374463e+02 -2.0948083893717919e+02
738 1.7800000000000111e+02 3.8522563220421961e+02 -4.0444976607827812e+02
739 1.7800000000000111e+02 8.0762945990232964e+01 -3.9850328758122458e+02
740 1.7800000000000080e+02 3.1947099301950288e+02 -2.0073497682308400e+02
741 1.7800000000000139e+02 3.3202681115171117e+01 -5.6377540268933308e+02
742 1.7800000000000071e+02 -1.7389285743931049e+02 -1.3380004800822419e+02
743 1.7800000000000060e+02 2.6938410979909457e+02 -1.1856013018368770e+02
744 1.7800000000000099e+02 2.3453610078662521e+02 -3.3509418655379972e+02
745 1.7800000000000040e+02 4.1980090211032802e+01 -8.5340608574357475e+00
746 1.7800000000000060e+02 6.2024956261820114e+02 -9.2864072477341750e+01
747 1.7800000000000051e+02 -1.6121755033479079e+02 -1.0930613626840231e+01
748 1.7800000000000131e+02 5.4554575789912201e+02 -5.1702960740109927e+02
749 1.7800000000000151e+02 -7.5725851502187595e+01 -6.0098805386516858e+02
750 1.7800000000000040e+02 9.4046497908999413e+01 -8.3717999948007105e+00
751 1.7800000000000091e+02 6.1103773806286097e+02 -2.9179440471614782e+02
752 1.7800000000000060e+02 -1.7781432390528270e+01 -1.0074726102166180e+02
753 1.7800000000000111e+02 2.0762334922660790e+02 -3.6899238003437540e+02
754 1.7800000000000131e+02 -1.0229533458961340e+02 -4.6050043041361948e+02
755 1.7800000000000139e+02 -1.7521697970145519e+02 -5.4787324063494407e+02
756 1.7800000000000151e+02 4.0709469623187528e+02 -6.2605772108535712e+02
757 1.7800000000000040e+02 -5.4816208663712302e+01 -8.3905618787426874e+00
758 1.7800000000000151e+02 7.5993507162828053e+01 -6.2737030907852477e+02
759 1.7800000000000139e+02 6.2680707198060190e+02 -5.4077751738231075e+02
760 1.7800000000000119e+02 3.1848907186181913e+02 -4.4455938442682958e+02
761 1.7800000000000091e+02 2.1109916737867599e+02 -2.9202288328419769e+02
762 1.7800000000000040e+02 2.0269993638028379e+02 -1.4181847049094070e+01
763 1.7800000000000151e+02 6.2439678820011500e+02 -6.2593994137907225e+02
764 1.7800000000000051e+02 4.8095993141564782e+02 -2.9171700079308440e+01
765 1.7800000000000080e+02 4.4363565267639399e+02 -2.2057025180012431e+02
766 1.7800000000000111e+02 -3.2844106885346321e+01 -3.6160473438289370e+02
767 1.7800000000000099e+02 -1.7640286402820669e+02 -3.0326741406397730e+02
768 1.7800000000000060e+02 -7.5906921211832469e+01 -9.4651607498781516e+01
769 1.7800000000000131e+02 7.5536735379298170e+02 -5.0213498324716329e+02
770 1.7800000000000051e+02 1.6431286182748681e+02 -4.6363162410220298e+01
771 1.7800000000000060e+02 -1.3687116835350099e+02 -1.1695158190386989e+02
772 1.7800000000000151e+02 2.6188115182893341e+02 -6.2889793925980302e+02
773 1.7800000000000119e+02 -1.1917829854756009e+01 -4.3376855398140953e+02
774 1.7800000000000071e+02 3.9273868462354483e+02 -1.5897725176630109e+02
775 1.7800000000000151e+02 -1.1592266084783451e+02 -5.8508155793113565e+02
776 1.7800000000000139e+02 2.7789008682224488e+02 -5.5842704296175702e+02
777 1.7800000000000080e+02 3.5250735290849133e+02 -2.3233040176175811e+02
778 1.7800000000000071e+02 7.5023566522686190e+02 -1.4788359514266841e+02
779 1.7800000000000131e+02 1.8931460882420191e+02 -4.5987314222684643e+02
780 1.7800000000000111e+02 5.0879702391920199e+02 -4.0542165053245020e+02
781 1.7800000000000151e+02 4.5590519487591558e+02 -6.2386917689029042e+02
782 1.7800000000000151e+02 1.6909460019976351e+02 -6.2456115410796770e+02
783 1.7800000000000111e+02 -8.3187801357217268e+01 -3.9051886647583899e+02
784 1.7800000000000060e+02 9.2777622860934741e+01 -1.1338072030451140e+02
785 1.7800000000000131e+02 5.6257875412677720e+01 -4.6909915424500622e+02
786 1.7800000000000111e+02 5.7637175223069187e+02 -4.0089597923264000e+02
787 1.7800000000000051e+02 -1.8024358814045431e+02 -6.6060563678841334e+01
788 1.7800000000000119e+02 1.2810752121493090e+02 -4.2162400013434501e+02
789 1.7800000000000119e+02 6.8181485844334065e+02 -4.6554821111332421e+02
790 1.7800000000000051e+02 5.2755915921564031e+02 -2.3656923412019580e+01
791 1.7800000000000060e+02 4.4763104550546569e+02 -9.3685071735614258e+01
792 1.7800000000000071e+02 5.3388211988686827e+01 -1.2743698309995720e+02
793 1.7800000000000111e+02 6.2408424829376065e+02 -3.6336545399787838e+02
794 1.7800000000000119e+02 5.0523106902681809e+02 -4.4576749820770709e+02
795 1.7800000000000071e+02 5.6711273235668523e+02 -1.5863278001914659e+02
796 1.7800000000000119e+02 2.5908704553796298e+02 -4.1553125208143780e+02
797 1.7800000000000040e+02 7.4783833628956791e+02 -2.5664069615761601e+01
798 1.7800000000000051e+02 3.4275351289679418e+02 -7.8120983624348895e+01
799 1.7800000000000151e+02 7.4587176921934622e+02 -6.2551515644068638e+02
800 1.7800000000000111e+02 8.3766688014265128e+01 -3.5805269613932632e+02
801 1.7800000000000139e+02 9.6111598356341062e+01 -5.2961005509744700e+02
802 1.7800000000000071e+02 -1.1336712293741020e+02 -1.7945219132876619e+02
803 1.7800000000000051e+02 -1.8595740124407010e+02 -1.4562792966147470e+01
804 1.7800000000000080e+02 -3.7764397845135868e+01 -2.0963654244459039e+02
805 1.7800000000000080e+02 5.8335311066246220e+02 -2.4536624443696209e+02
806 1.7800000000000131e+02 5.4630044462279693e+02 -4.7274273468311873e+02
807 1.7800000000000099e+02 7.5743953292860283e+02 -3.1845014009045377e+02
808 1.7800000000000071e+02 6.8651441711254415e+02 -1.9197094247728120e+02
809 1.7800000000000040e+02 -1.1889212199289320e+01 -5.8025016256079311e+00
810 1.7800000000000139e+02 2.3879845075450481e+02 -5.2693046006398367e+02
811 1.7800000000000131e+02 2.5490931560482889e+02 -4.8318615599742492e+02
812 1.7800000000000099e+02 4.9047702427133220e+02 -3.2460711641739613e+02
813 1.7800000000000071e+02 -1.7976782711113580e+02 -1.6945141590871319e+02
814 1.7800000000000091e+02 4.1942967689019878e+02 -2.9820118719781470e+02
815 1.7800000000000051e+02 -8.6230651264252344e+01 -4.1109940801192472e+01
816 1.7800000000000139e+02 5.7317884639395652e+02 -5.6359646580495075e+02
817 1.7800000000000111e+02 4.4729348168598040e+02 -3.7543851963087712e+02
818 1.7800000000000091e+02 4.6225293427708777e+02 -2.9017435697719071e+02
819 1.7800000000000091e+02 5.2706577376664359e+02 -2.6362450244267472e+02
820 1.7800000000000139e+02 4.4535257474108738e+02 -5.4321705540631206e+02
821 1.7800000000000131e+02 3.9640798664957492e+02 -4.8079315834802111e+02
822 1.7800000000000111e+02 -2.3359742655918581e+00 -3.8805871260408088e+02
823 1.7800000000000071e+02 6.8161759267767002e+02 -1.4029827232214680e+02
824 1.7800000000000131e+02 6.8227946819584145e+02 -5.1700458897309602e+02
825 1.7800000000000091e+02 2.4316939456605269e-01 -2.5293249826547361e+02
826 1.7800000000000099e+02 -9.3527264258064349e+01 -3.1971769311376812e+02
827 1.7800000000000051e+02 2.6998421426498561e+02 -7.9240658849397505e+01
828 1.7800000000000131e+02 1.7531713616148909e+02 -4.9299062327758759e+02
829 1.7800000000000131e+02 6.1115617068068150e+02 -4.9787308913130852e+02
830 1.7800000000000111e+02 6.5137559940374103e+02 -3.9918092795651552e+02
831 1.7800000000000040e+02 1.3907740190150730e+02 -6.2432083017633886e+00
832 1.7800000000000091e+02 3.1574566159259371e+02 -2.7207016560131427e+02
833 1.7800000000000151e+02 6.9606869604712927e+02 -6.2724995416639877e+02
834 1.7800000000000151e+02 5.8848438957967892e+02 -6.3066280845088647e+02
835 1.7800000000000051e+02 -1.3138753954824679e+02 -4.0750094031906599e+01
836 1.7800000000000091e+02 -7.3599039535513725e+01 -2.3734654378753069e+02
837 1.7800000000000071e+02 -1.7489633436328571e+01 -1.3988538412495390e+02
838 1.7800000000000051e+02 7.4961846414321917e+02 -7.8765544827352045e+01
839 1.7800000000000051e+02 6.3717222691279197e+01 -3.8126412104786652e+01
840 1.7800000000000111e+02 3.4105221636837331e+02 -4.1212221532536353e+02
841 1.7800000000000139e+02 7.4981812526137901e+02 -5.7565538827380385e+02
842 1.7800000000000091e+02 2.7309205369392510e+02 -2.6110890559942231e+02
843 1.7800000000000139e+02 1.9318706314701279e+02 -5.8537198238575388e+02
844 1.7800000000000111e+02 7.5541704421771351e+02 -4.0861633342541489e+02
845 1.7800000000000040e+02 7.1515947627299613e+02 -1.6368150003135160e+01
846 1.7800000000000131e+02 4.7837523649618191e+02 -5.0468937266904379e+02
847 1.7800000000000139e+02 -7.6776307813883989e+01 -5.2738982345109491e+02
848 1.7800000000000139e+02 -4.4823552123691968e+01 -5.5714144263978039e+02
849 1.7800000000000139e+02 3.6356784417649129e+02 -5.6233579015957957e+02
850 1.7800000000000071e+02 1.3035963937457930e+02 -1.6517615153145599e+02
851 1.7800000000000040e+02 4.3374067999919657e+02 -1.5185941274989430e+01
852 1.7800000000000040e+02 6.2183662163313807e+02 -2.1369817879472748e+01
853 1.7800000000000099e+02 6.7856648879630620e+02 -3.2908390373050128e+02
854 1.7800000000000099e+02 1.5057481579979239e+02 -3.3157407937937779e+02
855 1.7800000000000111e+02 4.2790826334154667e+02 -4.0774448072376538e+02
856 1.7800000000000080e+02 7.5690769338450684e+02 -2.4530790842333951e+02
857 1.7800000000000151e+02 5.2411775599379450e+02 -6.3426618458280291e+02
858 1.7800000000000051e+02 6.8703487935629732e+02 -6.9283832686767937e+01
859 1.7800000000000071e+02 1.9832562737887159e+02 -1.3196802521592971e+02
860 1.7800000000000119e+02 5.9218017516876375e+02 -4.2878583076110368e+02
861 1.7800000000000151e+02 2.9809636928303041e+02 -6.3507027024557851e+02
862 1.7800000000000131e+02 -1.8302598856579851e+02 -4.5468873511812888e+02
863 1.7800000000000051e+02 5.4689803135617512e+02 -5.9881382969700887e+01
864 1.7800000000000091e+02 6.5905039838364473e+02 -2.5632909808874058e+02
865 1.7800000000000119e+02 7.5504738349015702e+02 -4.7113430837357532e+02
866 1.7800000000000051e+02 -1.9084742853421190e+02 -4.1543769141938533e+01
867 1.7800000000000139e+02 4.7768271100733688e+02 -5.7651196319199960e+02
868 1.7800000000000131e+02 -2.7678819628793239e+01 -4.8017111336392628e+02
869 1.7800000000000091e+02 3.9891733517902480e+02 -2.5136019488102900e+02
870 1.7800000000000051e+02 4.8387032472747040e+02 -8.3401915231515687e+01
871 1.7800000000000071e+02 9.2631767493620941e+01 -1.8469391862437169e+02
872 1.7800000000000159e+02 -3.0435886214730199e+00 -6.2916973796992420e+02
873 1.7800000000000080e+02 5.1992090611761625e+02 -2.0079588965169091e+02
874 1.7800000000000111e+02 5.8700226056387373e+02 -3.7103145472482589e+02
875 1.7800000000000060e+02 7.9916627217090186e+00 -8.9433267357227408e+01
876 1.7800000000000071e+02 2.6055243439919849e+02 -1.5904372182417441e+02
877 1.7800000000000139e+02 6.3136699430993843e+01 -5.4332808377292758e+02
878 1.7800000000000051e+02 1.6948536064892181e+02 -7.4798655434783200e+01
879 1.7800000000000139e+02 7.0341759231625315e+02 -5.6636904724189435e+02
880 1.7800000000000060e+02 5.6677768331743027e+02 -1.2016870865125939e+02
881 1.7800000000000051e+02 -1.0928157869714950e+02 -5.7355873885362833e+01
882 1.7800000000000119e+02 -8.0381459041459777e+01 -4.2364102199981062e+02
883 1.7800000000000071e+02 4.5206932884487088e+02 -1.4398546842127601e+02
884 1.7800000000000099e+02 3.5970076408528888e+02 -3.3246179954532880e+02
885 1.7800000000000091e+02 -1.1625699815920190e+02 -2.5779155640204391e+02
886 1.7800000000000071e+02 7.5421924849678339e+02 -1.8174947314881749e+02
887 1.7800000000000111e+02 7.5587182400624260e+02 -3.6734631457792619e+02
888 1.7800000000000071e+02 3.3170883598959711e+02 -1.4022116082493591e+02
889 1.7800000000000111e+02 3.8556421695309859e+02 -3.5930199603896727e+02
890 1.7800000000000131e+02 3.1624715616991349e+01 -4.9168326845725448e+02
891 1.7800000000000060e+02 6.3958366478545781e+02 -1.3166721782049501e+02
892 1.7800000000000151e+02 3.6401816114660448e+02 -6.3129267132139830e+02
893 1.7800000000000099e+02 4.1971970854080263e+02 -3.4476166326248358e+02
894 1.7800000000000091e+02 8.2344723735999821e+01 -2.9612019520123329e+02
895 1.7800000000000131e+02 5.0947568573359189e+02 -5.2195654843226578e+02
896 1.7800000000000091e+02 -1.8758772978104901e+02 -2.6775498553988041e+02
897 1.7800000000000131e+02 3.1181281806605892e+02 -5.1815236325775254e+02
898 1.7800000000000091e+02 4.7708081610091978e+02 -2.5864355581892028e+02
899 1.7800000000000051e+02 2.0690365491344349e+02 -7.1440059232512425e+01
900 1.7800000000000071e+02 5.5038007631279788e+02 -1.9021878484878681e+02
901 1.7800000000000051e+02 3.1827342634644799e+02 -2.1802865059209640e+01
902 1.7800000000000091e+02 -5.4323715412559523e+01 -2.7292255282670237e+02
903 1.7800000000000139e+02 6.3983479151116467e+02 -5.8239064166818753e+02
904 1.7800000000000091e+02 -1.8164119440887771e+02 -2.3414686157269520e+02
905 1.7800000000000080e+02 5.3769425467962833e+01 -2.0053183061256399e+02
906 1.7800000000000139e+02 3.2034110397138039e+02 -5.8400069254166738e+02
907 1.7800000000000071e+02 5.0614614733255519e+02 -1.4047681116814061e+02
908 1.7800000000000111e+02 2.2666013687026759e+02 -4.0197092109408737e+02
909 1.7800000000000131e+02 -6.8436743381289489e+01 -4.8875733674592271e+02
910 1.7800000000000040e+02 1.1559781928248600e+02 -7.2795817980704669e-01
911 1.7800000000000080e+02 -8.4019905950773364e+00 -2.2388428621526691e+02
912 1.7800000000000131e+02 2.9316896196919640e+02 -4.8302628033884048e+02
913 1.7800000000000051e+02 8.5653555639007493e+01 -6.5774088118604766e+01
914 1.7800000000000071e+02 1.8889373636130809e+01 -1.4630782019776660e+02
915 1.7800000000000151e+02 2.5339373156846310e+02 -5.9500669426772470e+02
916 1.7800000000000111e+02 -6.8556017228439032e+01 -3.5797306689383510e+02
917 1.7800000000000051e+02 5.9619749008492101e+02 -5.7718121384002018e+01
918 1.7800000000000080e+02 6.1224074716389941e+02 -2.1425560359884551e+02
919 1.7800000000000159e+02 4.8929144047732672e+02 -6.4044271639668170e+02
920 1.7800000000000131e+02 5.7434087366882125e+02 -4.9759006835935548e+02
921 1.7800000000000040e+02 -3.3688353447613792e+01 -6.4839043537483576e-01
922 1.7800000000000060e+02 3.6969518766203812e+01 -1.0170417133323561e+02
923 1.7800000000000091e+02 6.5059392663910137e+02 -2.9012879123738901e+02
924 1.7800000000000071e+02 2.2346192919474581e+02 -1.6704503568255430e+02
925 1.7800000000000139e+02 -1.4840536930658959e+02 -5.7270717655980377e+02
926 1.7800000000000071e+02 6.1480049015813029e+02 -1.7182223297551820e+02
927 1.7800000000000131e+02 -1.3411133160859069e+02 -4.9024513582223261e+02
928 1.7800000000000060e+02 -1.3583543514607851e+02 -9.1439271025636259e+01
929 1.7800000000000091e+02 7.6375005179283221e+02 -2.7952042812894661e+02
930 0.0000000000000000e+00 -1.0714285714285710e+02 9.9999999999969424e-01
931 0.0000000000000000e+00 -8.9285714285714221e+01 9.9999999999969524e-01
932 0.0000000000000000e+00 -7.1428571428571331e+01 9.9999999999969624e-01
933 0.0000000000000000e+00 -5.3571428571428562e+01 9.9999999999969724e-01
934 0.0000000000000000e+00 -3.5714285714285673e+01 9.9999999999969824e-01
935 0.0000000000000000e+00 -1.7857142857142779e+01 9.9999999999969924e-01
936 0.0000000000000000e+00 0.0000000000000000e+00 9.9999999999970024e-01
937 0.0000000000000000e+00 1.7857142857142890e+01 9.9999999999970124e-01
938 0.0000000000000000e+00 3.5714285714285722e+01 9.9999999999970213e-01
939 0.0000000000000000e+00 5.3571428571428612e+01 9.9999999999970313e-01
940 0.0000000000000000e+00 7.1428571428571445e+01 9.9999999999970413e-01
941 0.0000000000000000e+00 8.9285714285714334e+01 9.9999999999970512e-01
942 0.0000000000000000e+00 1.0714285714285720e+02 9.9999999999970612e-01
943 1.3079217915823349e+02 -7.3498049418615210e+00 9.9999999999988987e-01
944 1.2878957379872250e+02 4.0445118410527471e+01 9.9999999999988909e-01
945 7.7142857142856982e+01 -1.1015385022083819e+02 9.9999999999979228e-01
946 1.5464739353293529e+01 -2.6785714285714331e+01 9.9999999999969136e-01
947 1.5616606692084590e+01 2.6081373500806190e+01 9.9999999999969447e-01
948 5.7327587120653227e+01 1.0830510807273581e+02 9.9999999999977052e-01
949 1.3191541495534861e+02 -5.8250755443384378e+01 9.9999999999988898e-01
950 1.4419440490998980e+01 6.2915370951984642e+01 9.9999999999969447e-01
951 1.5464739353293480e+01 -6.2500000000000107e+01 9.9999999999968936e-01
952 9.4285714285714320e+01 1.1015385022083819e+02 9.9999999999983391e-01
953 1.3087819225525541e+02 -9.2393524834199411e+01 9.9999999999988531e-01
954 1.3052494864951569e+02 7.5299046240026655e+01 9.9999999999989397e-01
955 4.2195389466249082e+01 -1.0796709661036570e+02 9.9999999999973255e-01
956 1.2300149966333760e+02 1.1115599431888650e+02 9.9999999999988309e-01
957 1.3507194893826190e+01 9.8581846860509017e+01 9.9999999999969491e-01
958 1.1142857142857140e+02 -1.1197332840936870e+02 9.9999999999985090e-01
959 1.4934306327920019e+01 -9.6860637317351916e+01 9.9999999999968647e-01
960 1.2915063509461010e+02 -1.0915063509461200e+02 9.9999999999988143e-01
961 1.3203490382020991e+02 9.1464287572979629e+01 9.9999999999989753e-01
962 1.1632014758359909e+02 8.3883836420605462e+01 9.9999999999987010e-01
963 1.1463346220490649e+02 6.7013171862113950e+01 9.9999999999986633e-01
964 9.9809434141849508e+01 7.6766382633368039e+01 9.9999999999984146e-01
965 9.8406487225763684e+01 5.9054043550909682e+01 9.9999999999983813e-01
966 8.3495046317994181e+01 6.9129255294630184e+01 9.9999999999981315e-01
967 8.2186661023057127e+01 5.1212478966142157e+01 9.9999999999980993e-01
968 6.7276790475890166e+01 6.1309359302272469e+01 9.9999999999978495e-01
969 6.5983046006815073e+01 4.3361963942299212e+01 9.9999999999978173e-01
970 8.0884361590525984e+01 3.3271874045806499e+01 9.9999999999980671e-01
971 6.4690880442890034e+01 2.5411444056980262e+01 9.9999999999977851e-01
972 7.9596428929107603e+01 1.5318232219127481e+01 9.9999999999980349e-01
973 6.3401395024964202e+01 7.4582348986284606e+00 9.9999999999977529e-01
974 7.8307318239986515e+01 -2.6355317807224310e+00 9.9999999999980027e-01
975 6.2112185933820989e+01 -1.0495444499074891e+01 9.9999999999977207e-01
976 7.7015925790328779e+01 -2.0588904179988731e+01 9.9999999999979705e-01
977 6.0822531159303352e+01 -2.8449103250067079e+01 9.9999999999976885e-01
978 7.5726354964048028e+01 -3.8542484294847547e+01 9.9999999999979383e-01
979 5.9533249707553857e+01 -4.6402847705734530e+01 9.9999999999976574e-01
980 7.4437077564091467e+01 -5.6496220215638459e+01 9.9999999999979061e-01
981 5.8244040368619011e+01 -6.4356617873594359e+01 9.9999999999976252e-01
982 9.1919307705639795e+01 -3.0682189419836732e+01 9.9999999999982203e-01
983 4.7207993622641460e+01 -4.0202173775537631e-01 9.9999999999974709e-01
984 9.5791823776231169e+01 2.3180420359656068e+01 9.9999999999983158e-01
985 5.1077483058564631e+01 5.3457010593419113e+01 9.9999999999975675e-01
986 5.2366746790187158e+01 7.1411429537702361e+01 9.9999999999975997e-01
987 7.3147861087307263e+01 -7.4449986389424566e+01 9.9999999999978739e-01
988 8.9340885712625450e+01 -6.6589582523770332e+01 9.9999999999981559e-01
989 5.6668698828077680e+01 -8.1720928955373438e+01 9.9999999999975886e-01
990 4.4965316347354758e+01 -3.6333592527326232e+01 9.9999999999974132e-01
991 8.7876981997205547e+01 -8.3906549651830119e+01 9.9999999999981215e-01
992 1.0374154807236781e+02 -7.6593736602058812e+01 9.9999999999983968e-01
993 4.2575631847225679e+01 -7.2159872297743732e+01 9.9999999999973521e-01
994 1.0460272735532931e+02 -5.8127621812516743e+01 9.9999999999984224e-01
995 8.4631665224717011e+01 8.5917938420185465e+01 9.9999999999981604e-01
996 3.6685180624438694e+01 6.3515804373490028e+01 9.9999999999973266e-01
997 3.8133254623169613e+01 8.1458228617174427e+01 9.9999999999973610e-01
998 3.4882415254178241e+01 4.5599079610722129e+01 9.9999999999972855e-01
999 5.3654001105828243e+01 8.9366961822059920e+01 9.9999999999976319e-01
1000 4.0866682167521503e+01 9.9121716537619363e+01 9.9999999999974176e-01
1001 4.1464689532721607e+01 -8.9614604520412740e+01 9.9999999999973233e-01
1002 2.6099138643114031e+01 -8.0130556031498031e+01 9.9999999999970657e-01
1003 1.0265705380925880e+02 -9.5454420679809459e+01 9.9999999999983680e-01
1004 1.1338600818833950e+02 4.9187348186827187e+01 9.9999999999986322e-01
1005 9.7109000103918135e+01 4.1159463638879743e+01 9.9999999999983491e-01
1006 1.1211262255905270e+02 3.1335419383472068e+01 9.9999999999986000e-01
1007 1.1050011505666210e+02 1.3595431874674089e+01 9.9999999999985623e-01
1008 1.2883094507631819e+02 2.1351052255097780e+01 9.9999999999988809e-01
1009 9.4470658208000444e+01 5.3111606776396911e+00 9.9999999999982836e-01
1010 1.1184265222015610e+02 -5.3209092443862573e+00 9.9999999999985756e-01
1011 6.8385523881246584e+01 7.8825196808257260e+01 9.9999999999978784e-01
1012 4.9787316821090563e+01 3.5504441750078293e+01 9.9999999999975353e-01
1013 3.3593152774903743e+01 2.7645299483674759e+01 9.9999999999972533e-01
1014 4.8497447036262173e+01 1.7551459030590308e+01 9.9999999999975031e-01
1015 3.2303943531083000e+01 9.6913557319350048e+00 9.9999999999972222e-01
1016 3.0445465641594769e+01 -8.4251501164658293e+00 9.9999999999971800e-01
1017 4.4055945738984697e+01 -5.4298838817097817e+01 9.9999999999973876e-01
1018 2.8032136568963040e+01 -4.4588536738219091e+01 9.9999999999971190e-01
1019 9.0474910566019531e+01 -4.8535583763424711e+01 9.9999999999981859e-01
1020 1.0637758131507530e+02 -4.0113632523356053e+01 9.9999999999984623e-01
1021 1.0811231312476910e+02 -2.2821631575409469e+01 9.9999999999985012e-01
1022 1.2069770731583451e+02 -3.2700396382951453e+01 9.9999999999987121e-01
1023 7.0642786156553029e+01 -9.3684123586350665e+01 9.9999999999978206e-01
1024 4.6215722139864248e+01 -1.8411014473200339e+01 9.9999999999974443e-01
1025 9.3611362548146786e+01 -1.2789667587117259e+01 9.9999999999982592e-01
1026 1.7817926603116401e+01 4.3824511986937750e+01 9.9999999999969924e-01
1027 1.3717505488187760e+01 8.1116661962902526e+01 9.9999999999969436e-01
1028 9.4252366111066834e+01 -1.1104298310122270e+02 9.9999999999982159e-01
1029 6.0654975181966201e+01 -1.0975541179773100e+02 9.9999999999976408e-01
1030 7.6750365796538276e+01 1.1074906354703489e+02 9.9999999999980393e-01
1031 1.3110624025527599e+02 -7.5971800027138670e+01 9.9999999999988654e-01
1032 1.2955566547358069e+02 5.8101891894360513e+01 9.9999999999989142e-01
1033 1.5184983121451880e+01 7.4578845215490901e+00 9.9999999999969280e-01
1034 1.0139186556037080e+02 9.4635190568248731e+01 9.9999999999984523e-01
1035 2.5714285714285680e+01 -1.1101757835058891e+02 9.9999999999970424e-01
1036 2.6335549245075981e+01 1.1011427131737420e+02 9.9999999999971756e-01
1037 1.2219037623268029e+01 -9.1220245475547017e+00 9.9999999999968670e-01
1038 7.0451996778349866e+01 9.5636002704842667e+01 9.9999999999979228e-01
1039 3.3024676010214073e+01 -2.6908801628185302e+01 9.9999999999972133e-01
1040 1.1720719301456231e+02 -8.5371811672469903e+01 9.9999999999986222e-01
1041 1.1792323055110010e+01 -4.4631993061929514e+01 9.9999999999968403e-01
1042 1.2362260668217000e+02 6.1218206553711516e+00 9.9999999999987832e-01
1043 1.1022872190332581e+02 1.1069807894582480e+02 9.9999999999986122e-01
1044 3.1245518430316189e+01 -6.2735560776911832e+01 9.9999999999971634e-01
1045 1.1811886964944510e+02 -6.6985915601149145e+01 9.9999999999986489e-01
1046 1.1925963534902409e+02 -4.9640831405003951e+01 9.9999999999986777e-01
1047 4.2646730006342388e+01 1.1338254913557350e+02 9.9999999999974565e-01
1048 1.3291931130735281e+02 1.0475252795371171e+02 9.9999999999989975e-01
1049 5.4325307833113520e+01 -9.6548433094046686e+01 9.9999999999975397e-01
1050 1.3354018522860460e+02 -4.1620041847349967e+01 9.9999999999989264e-01
1051 1.1299636864865510e+01 -8.0041095812626963e+01 9.9999999999968125e-01
1052 1.3365259093242821e+02 -2.5040750890130539e+01 9.9999999999989375e-01
1053 8.5714285714285580e+01 -9.8676299297319247e+01 9.9999999999980760e-01
1054 1.1964659226025650e+02 9.8676461184711457e+01 9.9999999999987665e-01
1055 1.2154808080668320e+02 -1.9000679482950549e+01 9.9999999999987343e-01
1056 2.7032684923652720e+01 9.0918631088030452e+01 9.9999999999971767e-01
1057 1.1837425838905180e+02 -9.9266843518536234e+01 9.9999999999986344e-01
1058 1.2350322711330559e+01 -1.1244369019712160e+02 9.9999999999968125e-01
1059 2.9837838139832531e+01 -9.7284369005079725e+01 9.9999999999971201e-01
1060 1.2350322711330380e+01 1.1244369019712300e+02 9.9999999999969369e-01
1061 2.6033656193349501e+01 7.2528240511540616e+01 9.9999999999971489e-01
1062 8.5659109697743247e+01 1.0001073758223960e+02 9.9999999999981859e-01
1063 2.6213871009649250e+01 5.5244746075662079e+01 9.9999999999971423e-01
1064 1.3560122509330830e+02 7.9778718150093937e+00 9.9999999999989897e-01
$EndNodes
$Elements
2038
1 2 2 1 1 25 1 3
2 2 2 1 1 32 4 2
3 2 2 1 1 28 32 2
4 2 2 1 1 29 25 3
5 2 2 1 1 26 25 29
6 2 2 1 1 27 26 30
7 2 2 1 1 26 29 30
8 2 2 1 1 27 31 28
9 2 2 1 1 31 27 30
10 2 2 1 1 31 32 28
11 2 2 1 2 54 55 40
12 2 2 1 2 53 54 39
13 2 2 1 2 47 33 255
14 2 2 1 2 5 6 255
15 2 2 1 2 33 5 255
16 2 2 1 2 6 47 255
17 2 2 1 2 61 3 1
18 2 2 1 2 46 61 1
19 2 2 1 2 48 34 33
20 2 2 1 2 47 48 33
21 2 2 1 2 49 35 34
22 2 2 1 2 48 49 34
23 2 2 1 2 35 50 36
24 2 2 1 2 49 50 35
25 2 2 1 2 36 51 37
26 2 2 1 2 50 51 36
27 2 2 1 2 37 52 38
28 2 2 1 2 51 52 37
29 2 2 1 2 38 53 39
30 2 2 1 2 52 53 38
31 2 2 1 2 39 54 40
32 2 2 1 2 40 55 41
33 2 2 1 2 41 56 42
34 2 2 1 2 55 56 41
35 2 2 1 2 57 43 42
36 2 2 1 2 56 57 42
37 2 2 1 2 44 43 58
38 2 2 1 2 43 57 58
39 2 2 1 2 45 44 59
40 2 2 1 2 59 44 58
41 2 2 1 2 46 45 60
42 2 2 1 2 45 59 60
43 2 2 1 2 61 46 60
44 2 2 1 3 65 71 261
45 2 2 1 3 64 70 260
46 2 2 1 3 63 69 259
47 2 2 1 3 62 68 258
48 2 2 1 3 66 72 262
49 2 2 1 3 7 8 257
50 2 2 1 3 68 62 257
51 2 2 1 3 69 63 258
52 2 2 1 3 70 64 259
53 2 2 1 3 71 65 260
54 2 2 1 3 72 66 261
55 2 2 1 3 67 73 256
56 2 2 1 3 6 5 256
57 2 2 1 3 73 67 262
58 2 2 1 3 5 67 256
59 2 2 1 3 73 6 256
60 2 2 1 3 62 7 257
61 2 2 1 3 8 68 257
62 2 2 1 3 63 62 258
63 2 2 1 3 64 63 259
64 2 2 1 3 65 64 260
65 2 2 1 3 66 65 261
66 2 2 1 3 67 66 262
67 2 2 1 3 68 69 258
68 2 2 1 3 69 70 259
69 2 2 1 3 70 71 260
70 2 2 1 3 71 72 261
71 2 2 1 3 72 73 262
72 2 2 1 4 228 229 298
73 2 2 1 4 245 246 52
74 2 2 1 4 247 248 54
75 2 2 1 4 56 250 251
76 2 2 1 4 232 231 298
77 2 2 1 4 242 243 50
78 2 2 1 4 52 246 53
79 2 2 1 4 53 247 54
80 2 2 1 4 252 57 251
81 2 2 1 4 57 56 251
82 2 2 1 4 224 225 279
83 2 2 1 4 246 247 53
84 2 2 1 4 263 269 277
85 2 2 1 4 69 275 281
86 2 2 1 4 237 238 278
87 2 2 1 4 273 265 284
88 2 2 1 4 268 228 298
89 2 2 1 4 264 273 284
90 2 2 1 4 239 22 270
91 2 2 1 4 228 268 280
92 2 2 1 4 265 276 284
93 2 2 1 4 276 32 284
94 2 2 1 4 231 230 276
95 2 2 1 4 69 68 275
96 2 2 1 4 270 71 288
97 2 2 1 4 268 231 276
98 2 2 1 4 224 279 297
99 2 2 1 4 253 254 269
100 2 2 1 4 263 267 274
101 2 2 1 4 272 237 278
102 2 2 1 4 226 227 273
103 2 2 1 4 240 241 271
104 2 2 1 4 236 237 272
105 2 2 1 4 242 50 303
106 2 2 1 4 269 263 296
107 2 2 1 4 72 71 270
108 2 2 1 4 231 268 298
109 2 2 1 4 269 254 277
110 2 2 1 4 234 235 275
111 2 2 1 4 273 264 289
112 2 2 1 4 3 61 283
113 2 2 1 4 4 32 290
114 2 2 1 4 71 278 288
115 2 2 1 4 253 269 282
116 2 2 1 4 73 72 266
117 2 2 1 4 254 19 277
118 2 2 1 4 270 22 302
119 2 2 1 4 240 271 302
120 2 2 1 4 271 241 285
121 2 2 1 4 266 72 270
122 2 2 1 4 272 69 281
123 2 2 1 4 70 69 272
124 2 2 1 4 29 3 283
125 2 2 1 4 263 274 283
126 2 2 1 4 60 269 296
127 2 2 1 4 57 252 292
128 2 2 1 4 32 31 284
129 2 2 1 4 274 267 286
130 2 2 1 4 30 29 274
131 2 2 1 4 50 243 301
132 2 2 1 4 48 47 271
133 2 2 1 4 250 56 300
134 2 2 1 4 279 267 297
135 2 2 1 4 264 279 289
136 2 2 1 4 71 70 278
137 2 2 1 4 273 227 280
138 2 2 1 4 60 59 269
139 2 2 1 4 226 273 289
140 2 2 1 4 20 232 298
141 2 2 1 4 236 272 281
142 2 2 1 4 50 49 303
143 2 2 1 4 54 248 295
144 2 2 1 4 245 52 294
145 2 2 1 4 229 20 298
146 2 2 1 4 227 228 280
147 2 2 1 4 47 6 287
148 2 2 1 4 277 19 297
149 2 2 1 4 267 263 277
150 2 2 1 4 70 272 278
151 2 2 1 4 265 268 276
152 2 2 1 4 235 236 281
153 2 2 1 4 271 266 302
154 2 2 1 4 264 284 291
155 2 2 1 4 268 265 280
156 2 2 1 4 279 225 289
157 2 2 1 4 275 235 281
158 2 2 1 4 48 271 285
159 2 2 1 4 239 270 288
160 2 2 1 4 6 73 287
161 2 2 1 4 233 21 299
162 2 2 1 4 21 234 299
163 2 2 1 4 284 31 291
164 2 2 1 4 278 238 288
165 2 2 1 4 61 60 296
166 2 2 1 4 24 253 282
167 2 2 1 4 31 30 291
168 2 2 1 4 274 29 283
169 2 2 1 4 266 271 287
170 2 2 1 4 49 48 285
171 2 2 1 4 19 224 297
172 2 2 1 4 68 8 293
173 2 2 1 4 58 57 292
174 2 2 1 4 32 276 290
175 2 2 1 4 234 275 299
176 2 2 1 4 51 50 301
177 2 2 1 4 59 58 282
178 2 2 1 4 56 55 300
179 2 2 1 4 52 51 294
180 2 2 1 4 55 54 295
181 2 2 1 4 252 24 292
182 2 2 1 4 269 59 282
183 2 2 1 4 8 233 293
184 2 2 1 4 24 282 292
185 2 2 1 4 30 274 291
186 2 2 1 4 23 242 303
187 2 2 1 4 238 239 288
188 2 2 1 4 225 226 289
189 2 2 1 4 267 279 286
190 2 2 1 4 267 277 297
191 2 2 1 4 274 286 291
192 2 2 1 4 266 270 302
193 2 2 1 4 279 264 286
194 2 2 1 4 285 23 303
195 2 2 1 4 265 273 280
196 2 2 1 4 73 266 287
197 2 2 1 4 263 283 296
198 2 2 1 4 241 23 285
199 2 2 1 4 230 4 290
200 2 2 1 4 244 245 294
201 2 2 1 4 248 249 295
202 2 2 1 4 283 61 296
203 2 2 1 4 49 285 303
204 2 2 1 4 249 250 300
205 2 2 1 4 243 244 301
206 2 2 1 4 271 47 287
207 2 2 1 4 286 264 291
208 2 2 1 4 276 230 290
209 2 2 1 4 22 240 302
210 2 2 1 4 275 68 293
211 2 2 1 4 244 294 301
212 2 2 1 4 295 249 300
213 2 2 1 4 282 58 292
214 2 2 1 4 294 51 301
215 2 2 1 4 55 295 300
216 2 2 1 4 293 233 299
217 2 2 1 4 275 293 299
218 2 2 1 5 95 314 94
219 2 2 1 5 97 322 321
220 2 2 1 5 321 322 311
221 2 2 1 5 36 88 35
222 2 2 1 5 113 327 114
223 2 2 1 5 313 360 333
224 2 2 1 5 322 349 311
225 2 2 1 5 117 316 118
226 2 2 1 5 119 317 120
227 2 2 1 5 115 318 116
228 2 2 1 5 113 346 327
229 2 2 1 5 102 319 101
230 2 2 1 5 100 320 99
231 2 2 1 5 333 343 313
232 2 2 1 5 98 322 97
233 2 2 1 5 110 315 111
234 2 2 1 5 97 321 96
235 2 2 1 5 95 334 314
236 2 2 1 5 314 336 94
237 2 2 1 5 315 325 304
238 2 2 1 5 314 334 305
239 2 2 1 5 333 360 306
240 2 2 1 5 316 329 118
241 2 2 1 5 119 329 317
242 2 2 1 5 117 330 316
243 2 2 1 5 318 330 116
244 2 2 1 5 307 352 316
245 2 2 1 5 308 351 318
246 2 2 1 5 319 352 307
247 2 2 1 5 319 331 101
248 2 2 1 5 102 333 319
249 2 2 1 5 320 351 308
250 2 2 1 5 110 325 315
251 2 2 1 5 100 331 320
252 2 2 1 5 315 344 305
253 2 2 1 5 316 330 307
254 2 2 1 5 305 342 315
255 2 2 1 5 307 331 319
256 2 2 1 5 305 344 314
257 2 2 1 5 318 351 330
258 2 2 1 5 330 351 307
259 2 2 1 5 321 334 96
260 2 2 1 5 316 352 329
261 2 2 1 5 329 352 306
262 2 2 1 5 321 347 334
263 2 2 1 5 334 347 305
264 2 2 1 5 318 341 308
265 2 2 1 5 308 337 320
266 2 2 1 5 333 352 319
267 2 2 1 5 306 352 333
268 2 2 1 5 331 351 320
269 2 2 1 5 307 351 331
270 2 2 1 5 320 337 99
271 2 2 1 5 317 354 120
272 2 2 1 5 115 341 318
273 2 2 1 5 5 323 67
274 2 2 1 5 311 347 321
275 2 2 1 5 98 337 322
276 2 2 1 5 304 344 315
277 2 2 1 5 322 337 308
278 2 2 1 5 92 323 5
279 2 2 1 5 329 360 317
280 2 2 1 5 306 360 329
281 2 2 1 5 314 345 336
282 2 2 1 5 315 342 111
283 2 2 1 5 344 345 314
284 2 2 1 5 109 325 110
285 2 2 1 5 340 360 313
286 2 2 1 5 101 331 100
287 2 2 1 5 118 329 119
288 2 2 1 5 116 330 117
289 2 2 1 5 103 333 102
290 2 2 1 5 328 342 305
291 2 2 1 5 328 346 112
292 2 2 1 5 96 334 95
293 2 2 1 5 66 332 65
294 2 2 1 5 308 341 327
295 2 2 1 5 112 346 113
296 2 2 1 5 325 358 304
297 2 2 1 5 99 337 98
298 2 2 1 5 64 335 63
299 2 2 1 5 327 341 114
300 2 2 1 5 308 349 322
301 2 2 1 5 304 345 344
302 2 2 1 5 93 355 92
303 2 2 1 5 327 346 311
304 2 2 1 5 114 341 115
305 2 2 1 5 112 342 328
306 2 2 1 5 109 353 325
307 2 2 1 5 94 336 93
308 2 2 1 5 111 342 112
309 2 2 1 5 325 353 310
310 2 2 1 5 317 360 340
311 2 2 1 5 309 338 323
312 2 2 1 5 11 348 104
313 2 2 1 5 105 348 11
314 2 2 1 5 312 359 358
315 2 2 1 5 103 343 333
316 2 2 1 5 313 356 340
317 2 2 1 5 358 359 304
318 2 2 1 5 310 358 325
319 2 2 1 5 312 358 335
320 2 2 1 5 7 357 108
321 2 2 1 5 120 354 12
322 2 2 1 5 353 357 339
323 2 2 1 5 12 354 107
324 2 2 1 5 335 358 310
325 2 2 1 5 67 338 66
326 2 2 1 5 63 339 62
327 2 2 1 5 108 353 109
328 2 2 1 5 328 347 311
329 2 2 1 5 305 347 328
330 2 2 1 5 107 340 106
331 2 2 1 5 92 355 323
332 2 2 1 5 311 349 327
333 2 2 1 5 327 349 308
334 2 2 1 5 323 355 309
335 2 2 1 5 332 338 309
336 2 2 1 5 108 357 353
337 2 2 1 5 311 346 328
338 2 2 1 5 104 343 103
339 2 2 1 5 309 355 336
340 2 2 1 5 66 338 332
341 2 2 1 5 304 359 345
342 2 2 1 5 336 355 93
343 2 2 1 5 335 339 63
344 2 2 1 5 332 350 65
345 2 2 1 5 64 350 335
346 2 2 1 5 340 356 106
347 2 2 1 5 65 350 64
348 2 2 1 5 336 345 309
349 2 2 1 5 106 356 105
350 2 2 1 5 81 326 43
351 2 2 1 5 309 359 332
352 2 2 1 5 323 338 67
353 2 2 1 5 340 354 317
354 2 2 1 5 310 353 339
355 2 2 1 5 62 357 7
356 2 2 1 5 339 357 62
357 2 2 1 5 41 324 83
358 2 2 1 5 343 348 313
359 2 2 1 5 310 339 335
360 2 2 1 5 82 324 42
361 2 2 1 5 107 354 340
362 2 2 1 5 104 348 343
363 2 2 1 5 335 350 312
364 2 2 1 5 345 359 309
365 2 2 1 5 312 350 332
366 2 2 1 5 42 326 82
367 2 2 1 5 348 356 313
368 2 2 1 5 332 359 312
369 2 2 1 5 105 356 348
370 2 2 1 5 1 74 10
371 2 2 1 5 10 78 1
372 2 2 1 5 25 74 1
373 2 2 1 5 1 78 46
374 2 2 1 5 33 91 5
375 2 2 1 5 5 91 92
376 2 2 1 5 26 75 25
377 2 2 1 5 25 75 74
378 2 2 1 5 26 76 75
379 2 2 1 5 90 91 33
380 2 2 1 5 89 90 34
381 2 2 1 5 88 89 35
382 2 2 1 5 87 88 36
383 2 2 1 5 42 324 41
384 2 2 1 5 43 326 42
385 2 2 1 5 78 79 46
386 2 2 1 5 82 326 81
387 2 2 1 5 83 324 82
388 2 2 1 5 2 9 28
389 2 2 1 5 9 77 28
390 2 2 1 5 27 76 26
391 2 2 1 5 28 77 27
392 2 2 1 5 27 77 76
393 2 2 1 5 34 90 33
394 2 2 1 5 35 89 34
395 2 2 1 5 36 37 87
396 2 2 1 5 37 38 86
397 2 2 1 5 87 37 86
398 2 2 1 5 85 38 39
399 2 2 1 5 86 38 85
400 2 2 1 5 84 39 40
401 2 2 1 5 85 39 84
402 2 2 1 5 41 83 40
403 2 2 1 5 40 83 84
404 2 2 1 5 44 81 43
405 2 2 1 5 45 80 44
406 2 2 1 5 80 81 44
407 2 2 1 5 46 79 45
408 2 2 1 5 79 80 45
409 2 2 1 6 145 378 371
410 2 2 1 6 372 377 139
411 2 2 1 6 142 376 373
412 2 2 1 6 145 371 144
413 2 2 1 6 140 372 139
414 2 2 1 6 142 373 141
415 2 2 1 6 137 374 136
416 2 2 1 6 365 407 374
417 2 2 1 6 366 405 372
418 2 2 1 6 375 407 365
419 2 2 1 6 122 379 123
420 2 2 1 6 143 376 142
421 2 2 1 6 139 377 138
422 2 2 1 6 146 378 145
423 2 2 1 6 105 394 106
424 2 2 1 6 372 405 377
425 2 2 1 6 375 394 105
426 2 2 1 6 122 395 379
427 2 2 1 6 374 407 136
428 2 2 1 6 106 394 107
429 2 2 1 6 372 401 366
430 2 2 1 6 396 398 149
431 2 2 1 6 151 399 396
432 2 2 1 6 150 396 149
433 2 2 1 6 371 402 362
434 2 2 1 6 373 404 363
435 2 2 1 6 363 401 372
436 2 2 1 6 380 410 370
437 2 2 1 6 151 396 150
438 2 2 1 6 140 384 372
439 2 2 1 6 373 384 141
440 2 2 1 6 107 394 385
441 2 2 1 6 146 386 378
442 2 2 1 6 372 384 363
443 2 2 1 6 363 384 373
444 2 2 1 6 374 388 364
445 2 2 1 6 362 387 371
446 2 2 1 6 361 400 378
447 2 2 1 6 362 403 376
448 2 2 1 6 371 387 144
449 2 2 1 6 371 413 402
450 2 2 1 6 373 414 404
451 2 2 1 6 137 388 374
452 2 2 1 6 364 406 379
453 2 2 1 6 364 397 374
454 2 2 1 6 121 395 122
455 2 2 1 6 147 386 146
456 2 2 1 6 361 410 380
457 2 2 1 6 383 406 364
458 2 2 1 6 400 413 378
459 2 2 1 6 403 414 376
460 2 2 1 6 385 395 121
461 2 2 1 6 374 397 365
462 2 2 1 6 370 409 380
463 2 2 1 6 143 387 376
464 2 2 1 6 105 412 375
465 2 2 1 6 377 388 138
466 2 2 1 6 364 388 377
467 2 2 1 6 376 387 362
468 2 2 1 6 396 399 370
469 2 2 1 6 407 412 135
470 2 2 1 6 378 386 361
471 2 2 1 6 132 380 133
472 2 2 1 6 126 382 127
473 2 2 1 6 129 381 130
474 2 2 1 6 369 398 396
475 2 2 1 6 141 384 140
476 2 2 1 6 402 413 367
477 2 2 1 6 404 414 368
478 2 2 1 6 375 412 407
479 2 2 1 6 369 410 386
480 2 2 1 6 144 387 143
481 2 2 1 6 138 388 137
482 2 2 1 6 136 407 135
483 2 2 1 6 376 414 373
484 2 2 1 6 378 413 371
485 2 2 1 6 386 410 361
486 2 2 1 6 365 394 375
487 2 2 1 6 379 406 123
488 2 2 1 6 377 405 364
489 2 2 1 6 381 392 130
490 2 2 1 6 126 391 382
491 2 2 1 6 132 389 380
492 2 2 1 6 129 390 381
493 2 2 1 6 382 393 127
494 2 2 1 6 149 398 14
495 2 2 1 6 14 398 148
496 2 2 1 6 365 397 379
497 2 2 1 6 379 395 365
498 2 2 1 6 134 399 13
499 2 2 1 6 13 399 151
500 2 2 1 6 379 397 364
501 2 2 1 6 380 409 133
502 2 2 1 6 383 411 124
503 2 2 1 6 131 389 132
504 2 2 1 6 125 391 126
505 2 2 1 6 128 390 129
506 2 2 1 6 130 392 131
507 2 2 1 6 127 393 128
508 2 2 1 6 124 411 125
509 2 2 1 6 128 393 390
510 2 2 1 6 131 392 389
511 2 2 1 6 124 406 383
512 2 2 1 6 364 405 383
513 2 2 1 6 383 405 366
514 2 2 1 6 123 406 124
515 2 2 1 6 389 392 367
516 2 2 1 6 390 393 368
517 2 2 1 6 385 394 365
518 2 2 1 6 135 412 11
519 2 2 1 6 380 400 361
520 2 2 1 6 381 403 362
521 2 2 1 6 382 401 363
522 2 2 1 6 363 404 382
523 2 2 1 6 362 402 381
524 2 2 1 6 386 408 369
525 2 2 1 6 11 412 105
526 2 2 1 6 365 395 385
527 2 2 1 6 366 411 383
528 2 2 1 6 147 408 386
529 2 2 1 6 391 401 382
530 2 2 1 6 381 402 392
531 2 2 1 6 390 403 381
532 2 2 1 6 382 404 393
533 2 2 1 6 389 400 380
534 2 2 1 6 368 414 403
535 2 2 1 6 367 413 400
536 2 2 1 6 148 408 147
537 2 2 1 6 385 415 107
538 2 2 1 6 133 409 134
539 2 2 1 6 12 415 121
540 2 2 1 6 121 415 385
541 2 2 1 6 107 415 12
542 2 2 1 6 391 411 366
543 2 2 1 6 367 400 389
544 2 2 1 6 392 402 367
545 2 2 1 6 366 401 391
546 2 2 1 6 393 404 368
547 2 2 1 6 368 403 390
548 2 2 1 6 125 411 391
549 2 2 1 6 370 410 396
550 2 2 1 6 396 410 369
551 2 2 1 6 398 408 148
552 2 2 1 6 134 409 399
553 2 2 1 6 369 408 398
554 2 2 1 6 399 409 370
555 2 2 1 7 160 425 161
556 2 2 1 7 176 443 175
557 2 2 1 7 426 443 176
558 2 2 1 7 171 438 170
559 2 2 1 7 428 431 155
560 2 2 1 7 424 464 439
561 2 2 1 7 416 436 423
562 2 2 1 7 420 430 429
563 2 2 1 7 438 455 170
564 2 2 1 7 168 427 167
565 2 2 1 7 173 433 172
566 2 2 1 7 154 428 155
567 2 2 1 7 439 448 424
568 2 2 1 7 435 452 416
569 2 2 1 7 423 461 416
570 2 2 1 7 421 453 428
571 2 2 1 7 176 436 426
572 2 2 1 7 157 429 158
573 2 2 1 7 416 452 436
574 2 2 1 7 173 446 433
575 2 2 1 7 155 431 156
576 2 2 1 7 439 464 418
577 2 2 1 7 425 435 161
578 2 2 1 7 429 465 158
579 2 2 1 7 428 453 431
580 2 2 1 7 177 436 176
581 2 2 1 7 160 440 425
582 2 2 1 7 425 452 435
583 2 2 1 7 154 439 428
584 2 2 1 7 436 452 426
585 2 2 1 7 416 461 435
586 2 2 1 7 435 461 422
587 2 2 1 7 175 443 174
588 2 2 1 7 174 443 434
589 2 2 1 7 432 461 423
590 2 2 1 7 419 460 433
591 2 2 1 7 438 460 419
592 2 2 1 7 430 440 159
593 2 2 1 7 420 451 430
594 2 2 1 7 428 456 421
595 2 2 1 7 427 457 167
596 2 2 1 7 168 447 427
597 2 2 1 7 417 452 425
598 2 2 1 7 430 465 429
599 2 2 1 7 161 435 162
600 2 2 1 7 426 452 417
601 2 2 1 7 419 449 441
602 2 2 1 7 439 456 428
603 2 2 1 7 425 440 417
604 2 2 1 7 418 456 439
605 2 2 1 7 157 441 429
606 2 2 1 7 417 443 426
607 2 2 1 7 76 432 75
608 2 2 1 7 159 465 430
609 2 2 1 7 441 449 429
610 2 2 1 7 417 440 430
611 2 2 1 7 74 444 10
612 2 2 1 7 419 441 431
613 2 2 1 7 431 441 156
614 2 2 1 7 9 445 77
615 2 2 1 7 163 445 9
616 2 2 1 7 159 440 160
617 2 2 1 7 418 464 447
618 2 2 1 7 429 449 420
619 2 2 1 7 10 444 178
620 2 2 1 7 153 439 154
621 2 2 1 7 430 451 417
622 2 2 1 7 418 447 437
623 2 2 1 7 434 446 174
624 2 2 1 7 158 465 159
625 2 2 1 7 433 446 420
626 2 2 1 7 156 441 157
627 2 2 1 7 434 443 417
628 2 2 1 7 170 455 169
629 2 2 1 7 169 455 437
630 2 2 1 7 442 464 424
631 2 2 1 7 447 464 427
632 2 2 1 7 421 455 438
633 2 2 1 7 437 447 169
634 2 2 1 7 174 446 173
635 2 2 1 7 169 447 168
636 2 2 1 7 435 458 162
637 2 2 1 7 432 459 422
638 2 2 1 7 422 458 435
639 2 2 1 7 431 453 419
640 2 2 1 7 432 462 75
641 2 2 1 7 15 454 152
642 2 2 1 7 166 454 15
643 2 2 1 7 153 448 439
644 2 2 1 7 436 450 423
645 2 2 1 7 76 459 432
646 2 2 1 7 177 450 436
647 2 2 1 7 424 463 442
648 2 2 1 7 422 461 432
649 2 2 1 7 423 462 432
650 2 2 1 7 427 464 442
651 2 2 1 7 167 457 16
652 2 2 1 7 16 457 164
653 2 2 1 7 420 449 433
654 2 2 1 7 433 449 419
655 2 2 1 7 433 460 172
656 2 2 1 7 420 446 434
657 2 2 1 7 178 450 177
658 2 2 1 7 417 451 434
659 2 2 1 7 419 453 438
660 2 2 1 7 438 453 421
661 2 2 1 7 434 451 420
662 2 2 1 7 421 456 437
663 2 2 1 7 437 456 418
664 2 2 1 7 164 442 165
665 2 2 1 7 77 459 76
666 2 2 1 7 171 460 438
667 2 2 1 7 162 458 163
668 2 2 1 7 152 448 153
669 2 2 1 7 75 462 74
670 2 2 1 7 437 455 421
671 2 2 1 7 172 460 171
672 2 2 1 7 442 463 165
673 2 2 1 7 165 463 166
674 2 2 1 7 444 450 178
675 2 2 1 7 445 459 77
676 2 2 1 7 163 458 445
677 2 2 1 7 442 457 427
678 2 2 1 7 74 462 444
679 2 2 1 7 423 450 444
680 2 2 1 7 448 454 424
681 2 2 1 7 164 457 442
682 2 2 1 7 152 454 448
683 2 2 1 7 444 462 423
684 2 2 1 7 422 459 445
685 2 2 1 7 454 463 424
686 2 2 1 7 445 458 422
687 2 2 1 7 166 463 454
688 2 2 1 8 188 467 189
689 2 2 1 8 179 469 180
690 2 2 1 8 181 468 182
691 2 2 1 8 186 470 187
692 2 2 1 8 183 474 184
693 2 2 1 8 165 473 164
694 2 2 1 8 166 473 165
695 2 2 1 8 184 474 185
696 2 2 1 8 183 476 474
697 2 2 1 8 473 478 164
698 2 2 1 8 166 477 473
699 2 2 1 8 474 475 185
700 2 2 1 8 467 476 189
701 2 2 1 8 468 477 182
702 2 2 1 8 179 475 469
703 2 2 1 8 186 478 470
704 2 2 1 8 466 474 467
705 2 2 1 8 469 474 466
706 2 2 1 8 466 473 468
707 2 2 1 8 470 473 466
708 2 2 1 8 188 471 467
709 2 2 1 8 469 472 180
710 2 2 1 8 181 472 468
711 2 2 1 8 470 471 187
712 2 2 1 8 467 471 466
713 2 2 1 8 466 472 469
714 2 2 1 8 468 472 466
715 2 2 1 8 466 471 470
716 2 2 1 8 474 476 467
717 2 2 1 8 473 477 468
718 2 2 1 8 470 478 473
719 2 2 1 8 469 475 474
720 2 2 1 8 187 471 188
721 2 2 1 8 180 472 181
722 2 2 1 8 182 477 15
723 2 2 1 8 17 475 179
724 2 2 1 8 16 478 186
725 2 2 1 8 189 476 18
726 2 2 1 8 185 475 17
727 2 2 1 8 15 477 166
728 2 2 1 8 164 478 16
729 2 2 1 8 18 476 183
730 2 2 1 9 195 500 491
731 2 2 1 9 492 499 215
732 2 2 1 9 493 501 201
733 2 2 1 9 213 503 212
734 2 2 1 9 197 502 198
735 2 2 1 9 219 506 218
736 2 2 1 9 491 528 485
737 2 2 1 9 486 527 492
738 2 2 1 9 487 529 493
739 2 2 1 9 503 524 212
740 2 2 1 9 502 523 198
741 2 2 1 9 506 525 218
742 2 2 1 9 200 493 201
743 2 2 1 9 195 491 196
744 2 2 1 9 192 496 193
745 2 2 1 9 210 495 209
746 2 2 1 9 216 492 215
747 2 2 1 9 205 490 206
748 2 2 1 9 221 497 220
749 2 2 1 9 203 494 204
750 2 2 1 9 190 498 191
751 2 2 1 9 500 528 491
752 2 2 1 9 492 527 499
753 2 2 1 9 493 529 501
754 2 2 1 9 508 542 489
755 2 2 1 9 488 541 510
756 2 2 1 9 194 500 195
757 2 2 1 9 215 499 214
758 2 2 1 9 201 501 202
759 2 2 1 9 489 521 508
760 2 2 1 9 510 522 488
761 2 2 1 9 483 542 508
762 2 2 1 9 510 541 481
763 2 2 1 9 494 509 204
764 2 2 1 9 495 508 209
765 2 2 1 9 221 510 497
766 2 2 1 9 205 509 490
767 2 2 1 9 192 511 496
768 2 2 1 9 498 511 191
769 2 2 1 9 493 536 487
770 2 2 1 9 492 534 486
771 2 2 1 9 485 535 491
772 2 2 1 9 483 533 511
773 2 2 1 9 511 533 496
774 2 2 1 9 508 533 483
775 2 2 1 9 495 533 508
776 2 2 1 9 481 509 494
777 2 2 1 9 497 510 481
778 2 2 1 9 496 533 480
779 2 2 1 9 494 532 481
780 2 2 1 9 481 532 497
781 2 2 1 9 480 533 495
782 2 2 1 9 495 519 480
783 2 2 1 9 480 513 496
784 2 2 1 9 516 532 484
785 2 2 1 9 482 534 520
786 2 2 1 9 490 537 206
787 2 2 1 9 518 535 479
788 2 2 1 9 482 536 517
789 2 2 1 9 190 538 498
790 2 2 1 9 203 512 494
791 2 2 1 9 496 513 193
792 2 2 1 9 216 520 492
793 2 2 1 9 200 517 493
794 2 2 1 9 491 518 196
795 2 2 1 9 210 519 495
796 2 2 1 9 497 516 220
797 2 2 1 9 484 532 512
798 2 2 1 9 520 534 492
799 2 2 1 9 491 535 518
800 2 2 1 9 497 532 516
801 2 2 1 9 517 536 493
802 2 2 1 9 512 532 494
803 2 2 1 9 479 526 499
804 2 2 1 9 194 513 500
805 2 2 1 9 501 512 202
806 2 2 1 9 500 513 480
807 2 2 1 9 484 512 501
808 2 2 1 9 503 526 479
809 2 2 1 9 511 542 483
810 2 2 1 9 498 542 511
811 2 2 1 9 481 541 509
812 2 2 1 9 509 541 490
813 2 2 1 9 222 510 221
814 2 2 1 9 209 508 208
815 2 2 1 9 204 509 205
816 2 2 1 9 191 511 192
817 2 2 1 9 506 516 484
818 2 2 1 9 482 520 507
819 2 2 1 9 480 519 504
820 2 2 1 9 502 518 479
821 2 2 1 9 482 517 505
822 2 2 1 9 202 512 203
823 2 2 1 9 193 513 194
824 2 2 1 9 515 541 488
825 2 2 1 9 211 524 504
826 2 2 1 9 199 523 505
827 2 2 1 9 489 542 514
828 2 2 1 9 198 523 199
829 2 2 1 9 212 524 211
830 2 2 1 9 217 525 507
831 2 2 1 9 218 525 217
832 2 2 1 9 499 526 214
833 2 2 1 9 487 525 506
834 2 2 1 9 485 524 503
835 2 2 1 9 486 523 502
836 2 2 1 9 505 517 199
837 2 2 1 9 504 519 211
838 2 2 1 9 197 518 502
839 2 2 1 9 219 516 506
840 2 2 1 9 507 520 217
841 2 2 1 9 217 520 216
842 2 2 1 9 199 517 200
843 2 2 1 9 196 518 197
844 2 2 1 9 211 519 210
845 2 2 1 9 220 516 219
846 2 2 1 9 499 527 479
847 2 2 1 9 480 528 500
848 2 2 1 9 501 529 484
849 2 2 1 9 508 521 208
850 2 2 1 9 222 522 510
851 2 2 1 9 18 530 223
852 2 2 1 9 207 531 14
853 2 2 1 9 183 530 18
854 2 2 1 9 14 531 149
855 2 2 1 9 490 541 515
856 2 2 1 9 514 542 498
857 2 2 1 9 488 539 515
858 2 2 1 9 514 540 489
859 2 2 1 9 206 537 17
860 2 2 1 9 13 538 190
861 2 2 1 9 213 526 503
862 2 2 1 9 17 537 185
863 2 2 1 9 151 538 13
864 2 2 1 9 214 526 213
865 2 2 1 9 506 529 487
866 2 2 1 9 484 529 506
867 2 2 1 9 504 528 480
868 2 2 1 9 479 527 502
869 2 2 1 9 502 527 486
870 2 2 1 9 485 528 504
871 2 2 1 9 503 535 485
872 2 2 1 9 505 534 482
873 2 2 1 9 479 535 503
874 2 2 1 9 486 534 505
875 2 2 1 9 487 536 507
876 2 2 1 9 507 536 482
877 2 2 1 9 150 514 151
878 2 2 1 9 185 515 184
879 2 2 1 9 208 521 207
880 2 2 1 9 223 522 222
881 2 2 1 9 505 523 486
882 2 2 1 9 504 524 485
883 2 2 1 9 507 525 487
884 2 2 1 9 150 540 514
885 2 2 1 9 515 539 184
886 2 2 1 9 184 539 183
887 2 2 1 9 149 540 150
888 2 2 1 9 515 537 490
889 2 2 1 9 498 538 514
890 2 2 1 9 522 530 488
891 2 2 1 9 489 531 521
892 2 2 1 9 514 538 151
893 2 2 1 9 185 537 515
894 2 2 1 9 530 539 488
895 2 2 1 9 489 540 531
896 2 2 1 9 521 531 207
897 2 2 1 9 223 530 522
898 2 2 1 9 183 539 530
899 2 2 1 9 531 540 149
900 2 2 1 10 545 653 905
901 2 2 1 10 655 545 905
902 2 2 1 10 639 759 824
903 2 2 1 10 582 632 740
904 2 2 1 10 602 658 773
905 2 2 1 10 653 592 713
906 2 2 1 10 576 653 713
907 2 2 1 10 759 562 824
908 2 2 1 10 546 672 694
909 2 2 1 10 672 586 694
910 2 2 1 10 543 631 854
911 2 2 1 10 660 584 750
912 2 2 1 10 633 583 791
913 2 2 1 10 698 585 701
914 2 2 1 10 635 94 664
915 2 2 1 10 749 671 848
916 2 2 1 10 646 567 836
917 2 2 1 10 632 582 842
918 2 2 1 10 635 605 798
919 2 2 1 10 578 688 695
920 2 2 1 10 688 592 695
921 2 2 1 10 625 594 715
922 2 2 1 10 629 563 858
923 2 2 1 10 561 680 681
924 2 2 1 10 804 646 836
925 2 2 1 10 773 658 868
926 2 2 1 10 677 574 726
927 2 2 1 10 594 625 756
928 2 2 1 10 586 679 694
929 2 2 1 10 679 582 694
930 2 2 1 10 570 651 722
931 2 2 1 10 171 170 668
932 2 2 1 10 652 608 700
933 2 2 1 10 556 651 832
934 2 2 1 10 586 672 673
935 2 2 1 10 576 672 871
936 2 2 1 10 563 629 746
937 2 2 1 10 545 655 914
938 2 2 1 10 569 650 690
939 2 2 1 10 223 222 647
940 2 2 1 10 672 850 871
941 2 2 1 10 672 576 673
942 2 2 1 10 653 576 905
943 2 2 1 10 638 681 859
944 2 2 1 10 94 635 901
945 2 2 1 10 599 646 837
946 2 2 1 10 651 570 884
947 2 2 1 10 859 546 924
948 2 2 1 10 631 568 733
949 2 2 1 10 683 583 725
950 2 2 1 10 556 832 842
951 2 2 1 10 580 651 884
952 2 2 1 10 176 627 787
953 2 2 1 10 82 81 661
954 2 2 1 10 583 633 732
955 2 2 1 10 88 87 660
956 2 2 1 10 661 585 757
957 2 2 1 10 568 631 788
958 2 2 1 10 631 543 800
959 2 2 1 10 546 694 924
960 2 2 1 10 654 580 884
961 2 2 1 10 744 556 761
962 2 2 1 10 552 657 715
963 2 2 1 10 671 573 848
964 2 2 1 10 651 556 722
965 2 2 1 10 708 643 848
966 2 2 1 10 674 570 722
967 2 2 1 10 668 579 703
968 2 2 1 10 596 668 703
969 2 2 1 10 652 572 699
970 2 2 1 10 621 560 717
971 2 2 1 10 649 567 706
972 2 2 1 10 575 669 705
973 2 2 1 10 573 708 848
974 2 2 1 10 657 595 696
975 2 2 1 10 86 85 702
976 2 2 1 10 687 635 798
977 2 2 1 10 560 621 721
978 2 2 1 10 556 679 761
979 2 2 1 10 645 565 859
980 2 2 1 10 585 698 721
981 2 2 1 10 697 597 787
982 2 2 1 10 566 657 897
983 2 2 1 10 168 714 862
984 2 2 1 10 572 652 700
985 2 2 1 10 677 726 812
986 2 2 1 10 667 589 717
987 2 2 1 10 637 579 724
988 2 2 1 10 580 654 814
989 2 2 1 10 675 551 777
990 2 2 1 10 223 647 872
991 2 2 1 10 565 638 859
992 2 2 1 10 80 79 665
993 2 2 1 10 681 546 859
994 2 2 1 10 606 718 731
995 2 2 1 10 718 557 731
996 2 2 1 10 596 649 767
997 2 2 1 10 561 681 878
998 2 2 1 10 647 573 872
999 2 2 1 10 646 545 837
1000 2 2 1 10 643 708 868
1001 2 2 1 10 611 718 810
1002 2 2 1 10 171 668 767
1003 2 2 1 10 705 669 856
1004 2 2 1 10 620 710 863
1005 2 2 1 10 583 683 791
1006 2 2 1 10 567 649 885
1007 2 2 1 10 608 652 887
1008 2 2 1 10 94 93 664
1009 2 2 1 10 605 635 827
1010 2 2 1 10 708 548 868
1011 2 2 1 10 571 728 765
1012 2 2 1 10 631 733 854
1013 2 2 1 10 657 696 897
1014 2 2 1 10 710 620 870
1015 2 2 1 10 563 662 858
1016 2 2 1 10 656 209 833
1017 2 2 1 10 579 637 754
1018 2 2 1 10 168 167 714
1019 2 2 1 10 675 607 774
1020 2 2 1 10 551 675 774
1021 2 2 1 10 618 749 848
1022 2 2 1 10 582 679 842
1023 2 2 1 10 702 85 809
1024 2 2 1 10 668 170 724
1025 2 2 1 10 584 692 750
1026 2 2 1 10 589 667 719
1027 2 2 1 10 607 675 765
1028 2 2 1 10 645 859 924
1029 2 2 1 10 177 176 787
1030 2 2 1 10 722 556 744
1031 2 2 1 10 723 549 829
1032 2 2 1 10 682 582 740
1033 2 2 1 10 807 608 887
1034 2 2 1 10 718 611 828
1035 2 2 1 10 759 639 829
1036 2 2 1 10 595 684 738
1037 2 2 1 10 221 220 704
1038 2 2 1 10 638 565 899
1039 2 2 1 10 215 214 756
1040 2 2 1 10 669 575 707
1041 2 2 1 10 608 669 707
1042 2 2 1 10 640 618 847
1043 2 2 1 10 564 640 847
1044 2 2 1 10 683 725 774
1045 2 2 1 10 573 671 872
1046 2 2 1 10 662 563 823
1047 2 2 1 10 639 723 829
1048 2 2 1 10 691 621 809
1049 2 2 1 10 561 624 716
1050 2 2 1 10 649 596 885
1051 2 2 1 10 655 616 792
1052 2 2 1 10 646 599 712
1053 2 2 1 10 664 612 899
1054 2 2 1 10 698 560 721
1055 2 2 1 10 584 660 839
1056 2 2 1 10 146 666 841
1057 2 2 1 10 592 688 894
1058 2 2 1 10 551 740 777
1059 2 2 1 10 765 675 869
1060 2 2 1 10 691 809 921
1061 2 2 1 10 95 94 901
1062 2 2 1 10 189 18 671
1063 2 2 1 10 692 831 910
1064 2 2 1 10 819 571 898
1065 2 2 1 10 650 569 867
1066 2 2 1 10 704 220 782
1067 2 2 1 10 642 819 898
1068 2 2 1 10 560 667 717
1069 2 2 1 10 662 615 858
1070 2 2 1 10 209 208 833
1071 2 2 1 10 96 687 732
1072 2 2 1 10 651 580 832
1073 2 2 1 10 616 784 792
1074 2 2 1 10 596 663 885
1075 2 2 1 10 580 814 869
1076 2 2 1 10 215 756 892
1077 2 2 1 10 136 135 838
1078 2 2 1 10 135 797 838
1079 2 2 1 10 648 574 780
1080 2 2 1 10 713 592 894
1081 2 2 1 10 764 633 870
1082 2 2 1 10 569 659 867
1083 2 2 1 10 661 81 729
1084 2 2 1 10 585 691 757
1085 2 2 1 10 673 576 713
1086 2 2 1 10 565 645 743
1087 2 2 1 10 666 824 879
1088 2 2 1 10 662 137 838
1089 2 2 1 10 648 549 860
1090 2 2 1 10 147 146 841
1091 2 2 1 10 625 849 906
1092 2 2 1 10 219 218 689
1093 2 2 1 10 669 608 807
1094 2 2 1 10 726 590 819
1095 2 2 1 10 642 726 819
1096 2 2 1 10 80 665 729
1097 2 2 1 10 666 610 824
1098 2 2 1 10 656 617 879
1099 2 2 1 10 562 656 879
1100 2 2 1 10 706 567 802
1101 2 2 1 10 714 637 862
1102 2 2 1 10 727 625 906
1103 2 2 1 10 664 93 762
1104 2 2 1 10 767 649 896
1105 2 2 1 10 549 648 806
1106 2 2 1 10 592 653 825
1107 2 2 1 10 716 584 913
1108 2 2 1 10 704 606 731
1109 2 2 1 10 588 704 731
1110 2 2 1 10 739 593 788
1111 2 2 1 10 581 678 746
1112 2 2 1 10 640 564 927
1113 2 2 1 10 609 662 823
1114 2 2 1 10 700 558 793
1115 2 2 1 10 692 624 831
1116 2 2 1 10 653 545 911
1117 2 2 1 10 700 608 853
1118 2 2 1 10 660 87 745
1119 2 2 1 10 681 638 878
1120 2 2 1 10 693 578 822
1121 2 2 1 10 598 674 722
1122 2 2 1 10 207 799 833
1123 2 2 1 10 88 660 750
1124 2 2 1 10 574 648 786
1125 2 2 1 10 631 739 788
1126 2 2 1 10 585 661 815
1127 2 2 1 10 620 764 870
1128 2 2 1 10 720 629 858
1129 2 2 1 10 624 561 770
1130 2 2 1 10 728 607 765
1131 2 2 1 10 574 686 726
1132 2 2 1 10 686 590 726
1133 2 2 1 10 170 169 724
1134 2 2 1 10 82 661 757
1135 2 2 1 10 627 697 787
1136 2 2 1 10 573 647 741
1137 2 2 1 10 668 596 767
1138 2 2 1 10 647 222 758
1139 2 2 1 10 588 647 758
1140 2 2 1 10 208 207 833
1141 2 2 1 10 680 561 716
1142 2 2 1 10 550 676 805
1143 2 2 1 10 647 588 741
1144 2 2 1 10 598 722 744
1145 2 2 1 10 587 684 730
1146 2 2 1 10 673 543 735
1147 2 2 1 10 670 593 736
1148 2 2 1 10 557 670 736
1149 2 2 1 10 700 793 830
1150 2 2 1 10 720 102 852
1151 2 2 1 10 728 571 873
1152 2 2 1 10 824 562 879
1153 2 2 1 10 103 102 720
1154 2 2 1 10 664 565 827
1155 2 2 1 10 579 668 724
1156 2 2 1 10 578 695 822
1157 2 2 1 10 214 213 781
1158 2 2 1 10 799 148 841
1159 2 2 1 10 612 664 762
1160 2 2 1 10 545 646 804
1161 2 2 1 10 657 566 849
1162 2 2 1 10 148 147 841
1163 2 2 1 10 567 646 802
1164 2 2 1 10 610 699 789
1165 2 2 1 10 699 572 789
1166 2 2 1 10 738 684 855
1167 2 2 1 10 137 136 838
1168 2 2 1 10 586 673 735
1169 2 2 1 10 832 632 842
1170 2 2 1 10 616 655 871
1171 2 2 1 10 209 656 763
1172 2 2 1 10 684 552 730
1173 2 2 1 10 657 552 821
1174 2 2 1 10 669 807 929
1175 2 2 1 10 635 664 827
1176 2 2 1 10 617 656 833
1177 2 2 1 10 601 706 802
1178 2 2 1 10 543 673 894
1179 2 2 1 10 677 544 817
1180 2 2 1 10 97 96 732
1181 2 2 1 10 568 670 779
1182 2 2 1 10 547 685 811
1183 2 2 1 10 685 611 811
1184 2 2 1 10 714 640 927
1185 2 2 1 10 574 677 780
1186 2 2 1 10 624 692 716
1187 2 2 1 10 687 96 901
1188 2 2 1 10 682 605 743
1189 2 2 1 10 621 702 809
1190 2 2 1 10 693 548 785
1191 2 2 1 10 621 691 721
1192 2 2 1 10 692 584 716
1193 2 2 1 10 86 702 745
1194 2 2 1 10 688 578 800
1195 2 2 1 10 591 661 729
1196 2 2 1 10 595 657 821
1197 2 2 1 10 756 214 781
1198 2 2 1 10 589 660 745
1199 2 2 1 10 627 176 742
1200 2 2 1 10 665 591 729
1201 2 2 1 10 690 650 857
1202 2 2 1 10 670 568 788
1203 2 2 1 10 663 555 902
1204 2 2 1 10 695 592 734
1205 2 2 1 10 552 715 820
1206 2 2 1 10 676 571 819
1207 2 2 1 10 710 581 863
1208 2 2 1 10 101 100 709
1209 2 2 1 10 687 583 732
1210 2 2 1 10 658 602 882
1211 2 2 1 10 590 686 751
1212 2 2 1 10 659 569 895
1213 2 2 1 10 565 664 899
1214 2 2 1 10 710 623 795
1215 2 2 1 10 685 568 779
1216 2 2 1 10 754 564 909
1217 2 2 1 10 693 593 739
1218 2 2 1 10 680 716 913
1219 2 2 1 10 137 662 778
1220 2 2 1 10 773 693 822
1221 2 2 1 10 606 704 782
1222 2 2 1 10 681 680 784
1223 2 2 1 10 663 596 826
1224 2 2 1 10 702 621 717
1225 2 2 1 10 656 562 903
1226 2 2 1 10 604 744 761
1227 2 2 1 10 571 676 873
1228 2 2 1 10 543 688 800
1229 2 2 1 10 626 765 869
1230 2 2 1 10 551 682 740
1231 2 2 1 10 671 18 872
1232 2 2 1 10 672 546 850
1233 2 2 1 10 555 695 734
1234 2 2 1 10 776 566 897
1235 2 2 1 10 652 699 844
1236 2 2 1 10 559 710 870
1237 2 2 1 10 748 569 816
1238 2 2 1 10 644 748 816
1239 2 2 1 10 555 663 826
1240 2 2 1 10 718 577 810
1241 2 2 1 10 696 595 760
1242 2 2 1 10 670 557 828
1243 2 2 1 10 678 581 880
1244 2 2 1 10 674 547 760
1245 2 2 1 10 666 146 769
1246 2 2 1 10 676 550 900
1247 2 2 1 10 546 681 850
1248 2 2 1 10 682 551 888
1249 2 2 1 10 135 11 797
1250 2 2 1 10 615 662 838
1251 2 2 1 10 744 604 753
1252 2 2 1 10 578 693 739
1253 2 2 1 10 629 720 852
1254 2 2 1 10 566 776 906
1255 2 2 1 10 691 585 721
1256 2 2 1 10 665 79 747
1257 2 2 1 10 694 582 924
1258 2 2 1 10 658 754 909
1259 2 2 1 10 96 95 901
1260 2 2 1 10 686 558 751
1261 2 2 1 10 590 751 805
1262 2 2 1 10 582 682 876
1263 2 2 1 10 635 687 901
1264 2 2 1 10 695 766 822
1265 2 2 1 10 11 104 797
1266 2 2 1 10 593 670 788
1267 2 2 1 10 570 674 840
1268 2 2 1 10 92 91 711
1269 2 2 1 10 547 674 796
1270 2 2 1 10 674 598 796
1271 2 2 1 10 589 702 717
1272 2 2 1 10 782 689 843
1273 2 2 1 10 679 586 761
1274 2 2 1 10 688 543 894
1275 2 2 1 10 18 223 872
1276 2 2 1 10 552 820 846
1277 2 2 1 10 702 589 745
1278 2 2 1 10 14 148 799
1279 2 2 1 10 548 773 868
1280 2 2 1 10 641 808 823
1281 2 2 1 10 673 713 894
1282 2 2 1 10 207 14 799
1283 2 2 1 10 662 609 778
1284 2 2 1 10 219 689 782
1285 2 2 1 10 918 737 926
1286 2 2 1 10 698 701 768
1287 2 2 1 10 679 556 842
1288 2 2 1 10 99 764 790
1289 2 2 1 10 606 782 843
1290 2 2 1 10 618 640 775
1291 2 2 1 10 221 704 758
1292 2 2 1 10 710 795 880
1293 2 2 1 10 667 554 719
1294 2 2 1 10 684 587 855
1295 2 2 1 10 568 685 908
1296 2 2 1 10 648 794 806
1297 2 2 1 10 677 587 780
1298 2 2 1 10 759 644 816
1299 2 2 1 10 603 759 816
1300 2 2 1 10 610 666 769
1301 2 2 1 10 820 659 846
1302 2 2 1 10 665 597 835
1303 2 2 1 10 619 708 877
1304 2 2 1 10 560 698 752
1305 2 2 1 10 607 683 774
1306 2 2 1 10 597 665 747
1307 2 2 1 10 696 760 912
1308 2 2 1 10 684 595 821
1309 2 2 1 10 686 574 874
1310 2 2 1 10 701 585 815
1311 2 2 1 10 587 677 817
1312 2 2 1 10 751 628 805
1313 2 2 1 10 681 616 850
1314 2 2 1 10 544 677 812
1315 2 2 1 10 794 600 806
1316 2 2 1 10 611 685 779
1317 2 2 1 10 81 80 729
1318 2 2 1 10 704 588 758
1319 2 2 1 10 683 607 883
1320 2 2 1 10 605 682 888
1321 2 2 1 10 552 684 821
1322 2 2 1 10 712 553 771
1323 2 2 1 10 601 712 771
1324 2 2 1 10 588 731 801
1325 2 2 1 10 597 697 835
1326 2 2 1 10 737 641 926
1327 2 2 1 10 708 573 741
1328 2 2 1 10 850 616 871
1329 2 2 1 10 569 690 816
1330 2 2 1 10 690 603 816
1331 2 2 1 10 736 593 785
1332 2 2 1 10 619 736 785
1333 2 2 1 10 685 547 796
1334 2 2 1 10 712 601 802
1335 2 2 1 10 558 686 793
1336 2 2 1 10 211 690 857
1337 2 2 1 10 553 712 768
1338 2 2 1 10 695 555 766
1339 2 2 1 10 690 211 834
1340 2 2 1 10 760 547 912
1341 2 2 1 10 598 744 753
1342 2 2 1 10 705 609 808
1343 2 2 1 10 575 705 808
1344 2 2 1 10 83 757 921
1345 2 2 1 10 548 693 773
1346 2 2 1 10 578 739 800
1347 2 2 1 10 689 218 772
1348 2 2 1 10 817 544 893
1349 2 2 1 10 550 805 918
1350 2 2 1 10 604 733 753
1351 2 2 1 10 87 86 745
1352 2 2 1 10 583 687 798
1353 2 2 1 10 593 693 785
1354 2 2 1 10 89 88 750
1355 2 2 1 10 786 648 860
1356 2 2 1 10 603 690 834
1357 2 2 1 10 808 609 823
1358 2 2 1 10 189 671 749
1359 2 2 1 10 623 728 873
1360 2 2 1 10 715 657 849
1361 2 2 1 10 83 82 757
1362 2 2 1 10 805 676 819
1363 2 2 1 10 590 805 819
1364 2 2 1 10 89 750 910
1365 2 2 1 10 661 591 815
1366 2 2 1 10 785 548 890
1367 2 2 1 10 712 599 768
1368 2 2 1 10 711 91 831
1369 2 2 1 10 597 747 803
1370 2 2 1 10 557 718 828
1371 2 2 1 10 711 624 770
1372 2 2 1 10 79 78 747
1373 2 2 1 10 144 699 865
1374 2 2 1 10 101 709 852
1375 2 2 1 10 549 723 860
1376 2 2 1 10 612 711 770
1377 2 2 1 10 660 589 839
1378 2 2 1 10 222 221 758
1379 2 2 1 10 581 746 917
1380 2 2 1 10 174 706 813
1381 2 2 1 10 667 560 875
1382 2 2 1 10 764 620 790
1383 2 2 1 10 708 741 877
1384 2 2 1 10 78 10 803
1385 2 2 1 10 725 551 774
1386 2 2 1 10 699 144 844
1387 2 2 1 10 577 689 915
1388 2 2 1 10 564 754 927
1389 2 2 1 10 613 804 836
1390 2 2 1 10 602 766 916
1391 2 2 1 10 703 579 783
1392 2 2 1 10 783 602 916
1393 2 2 1 10 589 719 839
1394 2 2 1 10 777 580 869
1395 2 2 1 10 675 777 869
1396 2 2 1 10 595 738 840
1397 2 2 1 10 706 174 904
1398 2 2 1 10 852 709 917
1399 2 2 1 10 636 738 855
1400 2 2 1 10 93 92 762
1401 2 2 1 10 757 691 921
1402 2 2 1 10 588 801 877
1403 2 2 1 10 735 604 761
1404 2 2 1 10 586 735 761
1405 2 2 1 10 624 711 831
1406 2 2 1 10 591 665 835
1407 2 2 1 10 558 700 853
1408 2 2 1 10 689 577 843
1409 2 2 1 10 784 554 792
1410 2 2 1 10 572 700 830
1411 2 2 1 10 555 734 902
1412 2 2 1 10 139 705 856
1413 2 2 1 10 218 217 772
1414 2 2 1 10 554 680 913
1415 2 2 1 10 644 759 829
1416 2 2 1 10 719 584 839
1417 2 2 1 10 760 595 840
1418 2 2 1 10 572 723 789
1419 2 2 1 10 723 639 789
1420 2 2 1 10 705 139 886
1421 2 2 1 10 641 737 808
1422 2 2 1 10 699 610 865
1423 2 2 1 10 596 703 826
1424 2 2 1 10 167 16 755
1425 2 2 1 10 100 99 790
1426 2 2 1 10 608 707 853
1427 2 2 1 10 616 681 784
1428 2 2 1 10 793 614 830
1429 2 2 1 10 750 692 910
1430 2 2 1 10 733 568 753
1431 2 2 1 10 727 216 892
1432 2 2 1 10 709 100 790
1433 2 2 1 10 210 209 763
1434 2 2 1 10 609 705 886
1435 2 2 1 10 814 626 869
1436 2 2 1 10 797 615 838
1437 2 2 1 10 216 215 892
1438 2 2 1 10 756 625 892
1439 2 2 1 10 714 167 755
1440 2 2 1 10 711 612 762
1441 2 2 1 10 646 712 802
1442 2 2 1 10 707 575 864
1443 2 2 1 10 708 619 890
1444 2 2 1 10 548 708 890
1445 2 2 1 10 849 566 906
1446 2 2 1 10 731 557 801
1447 2 2 1 10 559 791 883
1448 2 2 1 10 791 683 883
1449 2 2 1 10 680 554 784
1450 2 2 1 10 726 642 812
1451 2 2 1 10 853 707 923
1452 2 2 1 10 649 706 904
1453 2 2 1 10 138 137 778
1454 2 2 1 10 715 594 820
1455 2 2 1 10 558 853 923
1456 2 2 1 10 732 633 851
1457 2 2 1 10 640 714 755
1458 2 2 1 10 710 559 907
1459 2 2 1 10 623 710 907
1460 2 2 1 10 799 617 833
1461 2 2 1 10 706 601 813
1462 2 2 1 10 634 776 897
1463 2 2 1 10 10 178 803
1464 2 2 1 10 697 553 881
1465 2 2 1 10 557 736 801
1466 2 2 1 10 737 628 864
1467 2 2 1 10 575 737 864
1468 2 2 1 10 175 174 813
1469 2 2 1 10 188 189 749
1470 2 2 1 10 176 175 742
1471 2 2 1 10 99 98 764
1472 2 2 1 10 734 592 825
1473 2 2 1 10 730 552 846
1474 2 2 1 10 614 723 830
1475 2 2 1 10 723 572 830
1476 2 2 1 10 599 698 768
1477 2 2 1 10 581 710 880
1478 2 2 1 10 587 730 794
1479 2 2 1 10 682 743 876
1480 2 2 1 10 633 791 870
1481 2 2 1 10 772 217 861
1482 2 2 1 10 174 173 904
1483 2 2 1 10 555 826 916
1484 2 2 1 10 629 852 917
1485 2 2 1 10 627 742 771
1486 2 2 1 10 820 594 867
1487 2 2 1 10 738 636 889
1488 2 2 1 10 570 738 889
1489 2 2 1 10 16 186 755
1490 2 2 1 10 597 803 866
1491 2 2 1 10 698 599 752
1492 2 2 1 10 776 634 810
1493 2 2 1 10 577 776 810
1494 2 2 1 10 612 770 878
1495 2 2 1 10 550 918 926
1496 2 2 1 10 212 211 857
1497 2 2 1 10 145 144 865
1498 2 2 1 10 753 568 908
1499 2 2 1 10 826 703 916
1500 2 2 1 10 172 171 767
1501 2 2 1 10 605 725 798
1502 2 2 1 10 725 583 798
1503 2 2 1 10 146 145 769
1504 2 2 1 10 211 210 834
1505 2 2 1 10 92 711 762
1506 2 2 1 10 776 630 906
1507 2 2 1 10 815 591 881
1508 2 2 1 10 617 799 841
1509 2 2 1 10 742 601 771
1510 2 2 1 10 178 177 866
1511 2 2 1 10 781 650 867
1512 2 2 1 10 594 781 867
1513 2 2 1 10 613 734 825
1514 2 2 1 10 612 878 899
1515 2 2 1 10 625 715 849
1516 2 2 1 10 659 820 867
1517 2 2 1 10 754 637 927
1518 2 2 1 10 553 701 881
1519 2 2 1 10 709 863 917
1520 2 2 1 10 220 219 782
1521 2 2 1 10 584 719 913
1522 2 2 1 10 140 139 856
1523 2 2 1 10 723 614 860
1524 2 2 1 10 863 581 917
1525 2 2 1 10 730 600 794
1526 2 2 1 10 697 627 928
1527 2 2 1 10 577 718 843
1528 2 2 1 10 740 632 777
1529 2 2 1 10 633 764 851
1530 2 2 1 10 600 748 806
1531 2 2 1 10 144 143 844
1532 2 2 1 10 554 667 922
1533 2 2 1 10 789 639 824
1534 2 2 1 10 610 789 824
1535 2 2 1 10 724 169 862
1536 2 2 1 10 637 714 927
1537 2 2 1 10 701 553 768
1538 2 2 1 10 718 606 843
1539 2 2 1 10 719 554 913
1540 2 2 1 10 216 727 861
1541 2 2 1 10 85 84 809
1542 2 2 1 10 103 720 845
1543 2 2 1 10 139 138 886
1544 2 2 1 10 891 678 926
1545 2 2 1 10 725 605 888
1546 2 2 1 10 628 751 923
1547 2 2 1 10 764 98 851
1548 2 2 1 10 779 670 828
1549 2 2 1 10 91 90 831
1550 2 2 1 10 735 543 854
1551 2 2 1 10 187 188 775
1552 2 2 1 10 104 103 845
1553 2 2 1 10 720 615 845
1554 2 2 1 10 97 732 851
1555 2 2 1 10 607 728 883
1556 2 2 1 10 777 632 832
1557 2 2 1 10 594 756 781
1558 2 2 1 10 615 720 858
1559 2 2 1 10 580 777 832
1560 2 2 1 10 733 604 854
1561 2 2 1 10 736 619 801
1562 2 2 1 10 743 645 876
1563 2 2 1 10 746 629 917
1564 2 2 1 10 637 724 862
1565 2 2 1 10 737 575 808
1566 2 2 1 10 217 216 861
1567 2 2 1 10 743 605 827
1568 2 2 1 10 812 642 818
1569 2 2 1 10 544 812 818
1570 2 2 1 10 636 817 893
1571 2 2 1 10 746 678 891
1572 2 2 1 10 763 603 834
1573 2 2 1 10 604 735 854
1574 2 2 1 10 142 141 807
1575 2 2 1 10 739 631 800
1576 2 2 1 10 559 728 907
1577 2 2 1 10 728 623 907
1578 2 2 1 10 603 763 903
1579 2 2 1 10 763 656 903
1580 2 2 1 10 809 84 921
1581 2 2 1 10 831 90 910
1582 2 2 1 10 551 725 888
1583 2 2 1 10 648 780 794
1584 2 2 1 10 600 730 846
1585 2 2 1 10 569 748 895
1586 2 2 1 10 630 772 861
1587 2 2 1 10 728 559 883
1588 2 2 1 10 172 767 896
1589 2 2 1 10 678 795 926
1590 2 2 1 10 795 550 926
1591 2 2 1 10 818 642 898
1592 2 2 1 10 611 810 811
1593 2 2 1 10 810 634 811
1594 2 2 1 10 727 630 861
1595 2 2 1 10 553 697 928
1596 2 2 1 10 562 759 903
1597 2 2 1 10 701 815 881
1598 2 2 1 10 864 628 923
1599 2 2 1 10 579 754 882
1600 2 2 1 10 689 772 915
1601 2 2 1 10 747 78 803
1602 2 2 1 10 625 727 892
1603 2 2 1 10 630 727 906
1604 2 2 1 10 601 742 813
1605 2 2 1 10 98 97 851
1606 2 2 1 10 102 101 852
1607 2 2 1 10 738 570 840
1608 2 2 1 10 188 749 775
1609 2 2 1 10 90 89 910
1610 2 2 1 10 778 609 886
1611 2 2 1 10 641 891 926
1612 2 2 1 10 565 743 827
1613 2 2 1 10 780 587 794
1614 2 2 1 10 84 83 921
1615 2 2 1 10 169 168 862
1616 2 2 1 10 602 783 882
1617 2 2 1 10 734 613 902
1618 2 2 1 10 591 835 881
1619 2 2 1 10 142 807 887
1620 2 2 1 10 628 737 918
1621 2 2 1 10 807 141 929
1622 2 2 1 10 143 142 887
1623 2 2 1 10 173 172 896
1624 2 2 1 10 610 769 865
1625 2 2 1 10 783 579 882
1626 2 2 1 10 663 836 885
1627 2 2 1 10 836 567 885
1628 2 2 1 10 213 212 919
1629 2 2 1 10 841 666 879
1630 2 2 1 10 617 841 879
1631 2 2 1 10 544 814 893
1632 2 2 1 10 814 654 893
1633 2 2 1 10 766 602 822
1634 2 2 1 10 141 140 929
1635 2 2 1 10 602 773 822
1636 2 2 1 10 742 175 813
1637 2 2 1 10 786 614 874
1638 2 2 1 10 741 588 877
1639 2 2 1 10 748 600 895
1640 2 2 1 10 210 763 834
1641 2 2 1 10 674 760 840
1642 2 2 1 10 622 752 837
1643 2 2 1 10 560 752 875
1644 2 2 1 10 614 793 874
1645 2 2 1 10 755 186 925
1646 2 2 1 10 752 599 837
1647 2 2 1 10 814 544 818
1648 2 2 1 10 626 814 818
1649 2 2 1 10 797 104 845
1650 2 2 1 10 806 748 920
1651 2 2 1 10 563 746 891
1652 2 2 1 10 775 640 925
1653 2 2 1 10 765 626 898
1654 2 2 1 10 571 765 898
1655 2 2 1 10 177 787 866
1656 2 2 1 10 611 779 828
1657 2 2 1 10 545 804 911
1658 2 2 1 10 754 658 882
1659 2 2 1 10 640 755 925
1660 2 2 1 10 748 644 920
1661 2 2 1 10 805 628 918
1662 2 2 1 10 749 618 775
1663 2 2 1 10 751 558 923
1664 2 2 1 10 598 753 908
1665 2 2 1 10 709 790 863
1666 2 2 1 10 187 775 925
1667 2 2 1 10 759 603 903
1668 2 2 1 10 186 187 925
1669 2 2 1 10 770 561 878
1670 2 2 1 10 771 553 928
1671 2 2 1 10 787 597 866
1672 2 2 1 10 630 776 915
1673 2 2 1 10 776 577 915
1674 2 2 1 10 792 622 914
1675 2 2 1 10 587 817 855
1676 2 2 1 10 817 636 855
1677 2 2 1 10 769 145 865
1678 2 2 1 10 835 697 881
1679 2 2 1 10 801 619 877
1680 2 2 1 10 614 786 860
1681 2 2 1 10 897 696 912
1682 2 2 1 10 634 897 912
1683 2 2 1 10 667 875 922
1684 2 2 1 10 878 638 899
1685 2 2 1 10 138 778 886
1686 2 2 1 10 766 555 916
1687 2 2 1 10 790 620 863
1688 2 2 1 10 752 622 875
1689 2 2 1 10 574 786 874
1690 2 2 1 10 795 678 880
1691 2 2 1 10 550 795 900
1692 2 2 1 10 619 785 890
1693 2 2 1 10 793 686 874
1694 2 2 1 10 627 771 928
1695 2 2 1 10 791 559 870
1696 2 2 1 10 875 622 922
1697 2 2 1 10 823 563 891
1698 2 2 1 10 641 823 891
1699 2 2 1 10 655 792 914
1700 2 2 1 10 615 797 845
1701 2 2 1 10 844 143 887
1702 2 2 1 10 772 630 915
1703 2 2 1 10 804 613 911
1704 2 2 1 10 847 618 848
1705 2 2 1 10 643 847 848
1706 2 2 1 10 703 783 916
1707 2 2 1 10 796 598 908
1708 2 2 1 10 685 796 908
1709 2 2 1 10 781 213 919
1710 2 2 1 10 792 554 922
1711 2 2 1 10 650 781 919
1712 2 2 1 10 795 623 900
1713 2 2 1 10 549 806 920
1714 2 2 1 10 643 868 909
1715 2 2 1 10 868 658 909
1716 2 2 1 10 613 825 911
1717 2 2 1 10 140 856 929
1718 2 2 1 10 600 846 895
1719 2 2 1 10 829 549 920
1720 2 2 1 10 644 829 920
1721 2 2 1 10 652 844 887
1722 2 2 1 10 626 818 898
1723 2 2 1 10 654 884 889
1724 2 2 1 10 884 570 889
1725 2 2 1 10 857 650 919
1726 2 2 1 10 889 636 893
1727 2 2 1 10 654 889 893
1728 2 2 1 10 212 857 919
1729 2 2 1 10 622 837 914
1730 2 2 1 10 547 811 912
1731 2 2 1 10 811 634 912
1732 2 2 1 10 803 178 866
1733 2 2 1 10 622 792 922
1734 2 2 1 10 856 669 929
1735 2 2 1 10 613 836 902
1736 2 2 1 10 836 663 902
1737 2 2 1 10 825 653 911
1738 2 2 1 10 846 659 895
1739 2 2 1 10 873 676 900
1740 2 2 1 10 623 873 900
1741 2 2 1 10 576 871 905
1742 2 2 1 10 847 643 909
1743 2 2 1 10 564 847 909
1744 2 2 1 10 707 864 923
1745 2 2 1 10 837 545 914
1746 2 2 1 10 871 655 905
1747 2 2 1 10 876 645 924
1748 2 2 1 10 582 876 924
1749 2 2 1 10 173 896 904
1750 2 2 1 10 896 649 904
1751 2 2 2 11 20 1058 930
1752 2 2 2 11 229 1058 20
1753 2 2 2 11 942 1060 21
1754 2 2 2 11 21 1060 234
1755 2 2 2 11 254 960 19
1756 2 2 2 11 19 958 224
1757 2 2 2 11 19 960 958
1758 2 2 2 11 24 960 253
1759 2 2 2 11 252 953 24
1760 2 2 2 11 953 960 24
1761 2 2 2 11 239 1043 22
1762 2 2 2 11 22 956 240
1763 2 2 2 11 22 1043 956
1764 2 2 2 11 241 1048 23
1765 2 2 2 11 23 961 242
1766 2 2 2 11 23 1048 961
1767 2 2 2 11 930 959 931
1768 2 2 2 11 930 1058 959
1769 2 2 2 11 931 1051 932
1770 2 2 2 11 959 1051 931
1771 2 2 2 11 932 951 933
1772 2 2 2 11 932 1051 951
1773 2 2 2 11 933 1041 934
1774 2 2 2 11 951 1041 933
1775 2 2 2 11 934 946 935
1776 2 2 2 11 934 1041 946
1777 2 2 2 11 935 1037 936
1778 2 2 2 11 946 1037 935
1779 2 2 2 11 936 1033 937
1780 2 2 2 11 936 1037 1033
1781 2 2 2 11 937 947 938
1782 2 2 2 11 937 1033 947
1783 2 2 2 11 938 1026 939
1784 2 2 2 11 947 1026 938
1785 2 2 2 11 939 950 940
1786 2 2 2 11 939 1026 950
1787 2 2 2 11 940 1027 941
1788 2 2 2 11 950 1027 940
1789 2 2 2 11 941 957 942
1790 2 2 2 11 941 1027 957
1791 2 2 2 11 957 1060 942
1792 2 2 2 11 253 960 254
1793 2 2 2 11 228 1035 229
1794 2 2 2 11 1035 1058 229
1795 2 2 2 11 227 955 228
1796 2 2 2 11 955 1035 228
1797 2 2 2 11 226 1029 227
1798 2 2 2 11 227 1029 955
1799 2 2 2 11 225 945 226
1800 2 2 2 11 945 1029 226
1801 2 2 2 11 224 1028 225
1802 2 2 2 11 225 1028 945
1803 2 2 2 11 958 1028 224
1804 2 2 2 11 238 952 239
1805 2 2 2 11 952 1043 239
1806 2 2 2 11 237 1030 238
1807 2 2 2 11 238 1030 952
1808 2 2 2 11 236 948 237
1809 2 2 2 11 948 1030 237
1810 2 2 2 11 235 1047 236
1811 2 2 2 11 236 1047 948
1812 2 2 2 11 234 1036 235
1813 2 2 2 11 1036 1047 235
1814 2 2 2 11 234 1060 1036
1815 2 2 2 11 240 1048 241
1816 2 2 2 11 956 1048 240
1817 2 2 2 11 251 1031 252
1818 2 2 2 11 252 1031 953
1819 2 2 2 11 250 949 251
1820 2 2 2 11 949 1031 251
1821 2 2 2 11 249 1050 250
1822 2 2 2 11 250 1050 949
1823 2 2 2 11 248 1052 249
1824 2 2 2 11 249 1052 1050
1825 2 2 2 11 247 943 248
1826 2 2 2 11 943 1052 248
1827 2 2 2 11 246 1064 247
1828 2 2 2 11 247 1064 943
1829 2 2 2 11 245 1008 246
1830 2 2 2 11 1008 1064 246
1831 2 2 2 11 244 944 245
1832 2 2 2 11 944 1008 245
1833 2 2 2 11 243 1032 244
1834 2 2 2 11 244 1032 944
1835 2 2 2 11 242 954 243
1836 2 2 2 11 954 1032 243
1837 2 2 2 11 242 961 954
1838 2 2 2 11 943 1042 1010
1839 2 2 2 11 1010 1055 943
1840 2 2 2 11 943 1064 1042
1841 2 2 2 11 943 1055 1052
1842 2 2 2 11 1004 1006 944
1843 2 2 2 11 944 1032 1004
1844 2 2 2 11 1006 1008 944
1845 2 2 2 11 1023 1029 945
1846 2 2 2 11 945 1053 1023
1847 2 2 2 11 1028 1053 945
1848 2 2 2 11 1016 1037 946
1849 2 2 2 11 946 1039 1016
1850 2 2 2 11 1018 1039 946
1851 2 2 2 11 946 1041 1018
1852 2 2 2 11 947 1015 1013
1853 2 2 2 11 1013 1026 947
1854 2 2 2 11 947 1033 1015
1855 2 2 2 11 948 1000 999
1856 2 2 2 11 999 1038 948
1857 2 2 2 11 948 1047 1000
1858 2 2 2 11 948 1038 1030
1859 2 2 2 11 949 1045 1031
1860 2 2 2 11 949 1046 1045
1861 2 2 2 11 949 1050 1046
1862 2 2 2 11 1026 1063 950
1863 2 2 2 11 950 1061 1027
1864 2 2 2 11 950 1063 1061
1865 2 2 2 11 1002 1044 951
1866 2 2 2 11 951 1051 1002
1867 2 2 2 11 1018 1041 951
1868 2 2 2 11 951 1044 1018
1869 2 2 2 11 1030 1062 952
1870 2 2 2 11 1034 1043 952
1871 2 2 2 11 952 1062 1034
1872 2 2 2 11 953 1057 960
1873 2 2 2 11 1031 1040 953
1874 2 2 2 11 1040 1057 953
1875 2 2 2 11 961 962 954
1876 2 2 2 11 962 963 954
1877 2 2 2 11 963 1032 954
1878 2 2 2 11 955 1049 1001
1879 2 2 2 11 1001 1059 955
1880 2 2 2 11 1029 1049 955
1881 2 2 2 11 955 1059 1035
1882 2 2 2 11 1043 1054 956
1883 2 2 2 11 956 1054 1048
1884 2 2 2 11 1027 1056 957
1885 2 2 2 11 957 1056 1036
1886 2 2 2 11 1036 1060 957
1887 2 2 2 11 960 1057 958
1888 2 2 2 11 1003 1028 958
1889 2 2 2 11 958 1057 1003
1890 2 2 2 11 1002 1051 959
1891 2 2 2 11 959 1059 1002
1892 2 2 2 11 959 1058 1035
1893 2 2 2 11 1035 1059 959
1894 2 2 2 11 961 1054 962
1895 2 2 2 11 1048 1054 961
1896 2 2 2 11 962 964 963
1897 2 2 2 11 962 1034 964
1898 2 2 2 11 962 1054 1034
1899 2 2 2 11 964 965 963
1900 2 2 2 11 965 1004 963
1901 2 2 2 11 1004 1032 963
1902 2 2 2 11 964 966 965
1903 2 2 2 11 964 995 966
1904 2 2 2 11 964 1034 995
1905 2 2 2 11 966 967 965
1906 2 2 2 11 967 1005 965
1907 2 2 2 11 965 1005 1004
1908 2 2 2 11 966 968 967
1909 2 2 2 11 966 1011 968
1910 2 2 2 11 995 1011 966
1911 2 2 2 11 968 969 967
1912 2 2 2 11 969 970 967
1913 2 2 2 11 970 1005 967
1914 2 2 2 11 968 985 969
1915 2 2 2 11 968 986 985
1916 2 2 2 11 968 1011 986
1917 2 2 2 11 969 971 970
1918 2 2 2 11 969 1012 971
1919 2 2 2 11 985 1012 969
1920 2 2 2 11 971 972 970
1921 2 2 2 11 972 984 970
1922 2 2 2 11 984 1005 970
1923 2 2 2 11 971 973 972
1924 2 2 2 11 971 1014 973
1925 2 2 2 11 1012 1014 971
1926 2 2 2 11 973 974 972
1927 2 2 2 11 974 1009 972
1928 2 2 2 11 972 1009 984
1929 2 2 2 11 973 975 974
1930 2 2 2 11 973 983 975
1931 2 2 2 11 973 1014 983
1932 2 2 2 11 975 976 974
1933 2 2 2 11 976 1025 974
1934 2 2 2 11 974 1025 1009
1935 2 2 2 11 975 977 976
1936 2 2 2 11 975 1024 977
1937 2 2 2 11 983 1024 975
1938 2 2 2 11 977 978 976
1939 2 2 2 11 978 982 976
1940 2 2 2 11 982 1025 976
1941 2 2 2 11 977 979 978
1942 2 2 2 11 977 990 979
1943 2 2 2 11 977 1024 990
1944 2 2 2 11 979 980 978
1945 2 2 2 11 980 1019 978
1946 2 2 2 11 978 1019 982
1947 2 2 2 11 979 981 980
1948 2 2 2 11 979 1017 981
1949 2 2 2 11 990 1017 979
1950 2 2 2 11 981 987 980
1951 2 2 2 11 987 988 980
1952 2 2 2 11 988 1019 980
1953 2 2 2 11 981 989 987
1954 2 2 2 11 981 993 989
1955 2 2 2 11 981 1017 993
1956 2 2 2 11 1019 1020 982
1957 2 2 2 11 1020 1021 982
1958 2 2 2 11 1021 1025 982
1959 2 2 2 11 1014 1015 983
1960 2 2 2 11 1015 1016 983
1961 2 2 2 11 1016 1024 983
1962 2 2 2 11 984 1006 1005
1963 2 2 2 11 984 1007 1006
1964 2 2 2 11 984 1009 1007
1965 2 2 2 11 986 996 985
1966 2 2 2 11 996 998 985
1967 2 2 2 11 998 1012 985
1968 2 2 2 11 986 997 996
1969 2 2 2 11 986 999 997
1970 2 2 2 11 986 1011 999
1971 2 2 2 11 987 991 988
1972 2 2 2 11 989 1023 987
1973 2 2 2 11 987 1023 991
1974 2 2 2 11 991 992 988
1975 2 2 2 11 992 994 988
1976 2 2 2 11 994 1019 988
1977 2 2 2 11 993 1001 989
1978 2 2 2 11 1001 1049 989
1979 2 2 2 11 989 1049 1023
1980 2 2 2 11 990 1018 1017
1981 2 2 2 11 990 1039 1018
1982 2 2 2 11 1024 1039 990
1983 2 2 2 11 991 1003 992
1984 2 2 2 11 991 1053 1003
1985 2 2 2 11 1023 1053 991
1986 2 2 2 11 992 1045 994
1987 2 2 2 11 1003 1040 992
1988 2 2 2 11 1040 1045 992
1989 2 2 2 11 993 1002 1001
1990 2 2 2 11 993 1044 1002
1991 2 2 2 11 1017 1044 993
1992 2 2 2 11 994 1020 1019
1993 2 2 2 11 994 1046 1020
1994 2 2 2 11 1045 1046 994
1995 2 2 2 11 995 1038 1011
1996 2 2 2 11 1034 1062 995
1997 2 2 2 11 995 1062 1038
1998 2 2 2 11 997 1061 996
1999 2 2 2 11 996 1063 998
2000 2 2 2 11 1061 1063 996
2001 2 2 2 11 999 1000 997
2002 2 2 2 11 1000 1056 997
2003 2 2 2 11 1056 1061 997
2004 2 2 2 11 998 1013 1012
2005 2 2 2 11 998 1026 1013
2006 2 2 2 11 998 1063 1026
2007 2 2 2 11 1011 1038 999
2008 2 2 2 11 1000 1047 1036
2009 2 2 2 11 1036 1056 1000
2010 2 2 2 11 1002 1059 1001
2011 2 2 2 11 1003 1053 1028
2012 2 2 2 11 1003 1057 1040
2013 2 2 2 11 1005 1006 1004
2014 2 2 2 11 1007 1008 1006
2015 2 2 2 11 1007 1042 1008
2016 2 2 2 11 1009 1010 1007
2017 2 2 2 11 1010 1042 1007
2018 2 2 2 11 1042 1064 1008
2019 2 2 2 11 1009 1025 1010
2020 2 2 2 11 1010 1025 1021
2021 2 2 2 11 1021 1055 1010
2022 2 2 2 11 1013 1014 1012
2023 2 2 2 11 1013 1015 1014
2024 2 2 2 11 1015 1033 1016
2025 2 2 2 11 1016 1039 1024
2026 2 2 2 11 1033 1037 1016
2027 2 2 2 11 1018 1044 1017
2028 2 2 2 11 1020 1022 1021
2029 2 2 2 11 1020 1046 1022
2030 2 2 2 11 1022 1055 1021
2031 2 2 2 11 1046 1050 1022
2032 2 2 2 11 1050 1052 1022
2033 2 2 2 11 1052 1055 1022
2034 2 2 2 11 1023 1049 1029
2035 2 2 2 11 1027 1061 1056
2036 2 2 2 11 1038 1062 1030
2037 2 2 2 11 1031 1045 1040
2038 2 2 2 11 1034 1054 1043
$EndElements
