$MeshFormat
2.2 0 8
$EndMeshFormat
$PhysicalNames
2
2 1 "exterior"
2 2 "interface"
$EndPhysicalNames
$Nodes
1071
1 166 -201.2 12.9999999999998
2 3.5527136788005e-14 -201.2 12.9999999999998
3 166 -201.2 0.999999999999839
4 3.5527136788005e-14 -201.2 0.999999999999839
5 166 163.8 12.9999999999998
6 166 163.8 0.999999999999839
7 3.5527136788005e-14 163.8 12.9999999999998
8 3.5527136788005e-14 163.8 0.999999999999839
9 0 -213.2 12.9999999999997
10 178 -213.2 13
11 178 786.8 13
12 0 786.8 12.9999999999997
13 0 786.8 -665
14 178.000000000001 786.8 -665
15 0 -213.2 -565
16 178.000000000001 -213.2 -565
17 0 -39.9949192431124 -665
18 178.000000000001 -39.9949192431124 -665
19 120 -125 0.9999999999998389
20 1.79177975373589e-15 -125 0.999999999999839
21 0 125 0.999999999999839
22 120 125 0.9999999999998389
23 145 99.9999999999999 0.9999999999998389
24 145 -100 0.9999999999998389
25 132.0909923657213 -201.2 12.99999999999993
26 99.05513002124586 -201.2 12.99999999999987
27 66.03675864074368 -201.2 12.99999999999981
28 33.01838724843361 -201.2 12.99999999999975
29 132.0791383202272 -201.2 0.999999999999839
30 99.04604184952504 -201.2 0.999999999999839
31 66.03069988430764 -201.2 0.999999999999839
32 33.01535804472158 -201.2 0.999999999999839
33 166 136.6816061765257 13.00000000000001
34 166 112.6135514117765 13.00000000000001
35 166 89.69020541790456 13.00000000000001
36 166 66.82255434923258 13.00000000000001
37 166 43.95486109162098 13
38 166 21.08723939447403 13
39 166 -1.780401703080955 13
40 166 -24.64810046949603 13
41 166 -47.51572700875973 13
42 166 -70.38335989900587 13
43 166 -93.25106047389686 13
44 166 -116.2369578462666 12.99999999999999
45 166 -140.657762210548 12.99999999999999
46 166 -168.4111157768638 12.99999999999999
47 166 137.9879262142124 0.999999999999839
48 166 115.1962731709196 0.999999999999839
49 166 93.74828300710897 0.999999999999839
50 166 72.41426374448469 0.999999999999839
51 166 51.08034013556633 0.999999999999839
52 166 29.7463082994262 0.999999999999839
53 166 8.412385616325253 0.999999999999839
54 166 -12.92163537260552 0.999999999999839
55 166 -34.25558665222067 0.999999999999839
56 166 -55.58957351290871 0.999999999999839
57 166 -76.92357224027479 0.999999999999839
58 166 -98.25751256891141 0.999999999999839
59 166 -119.8411125733698 0.999999999999839
60 166 -143.1405857912636 0.999999999999839
61 166 -169.7821396806066 0.999999999999839
62 23.47358738510123 163.8 12.99999999999968
63 46.94713898676805 163.8 12.99999999999972
64 70.42068156599888 163.8 12.99999999999977
65 93.89422862707636 163.8 12.99999999999981
66 117.3677784030384 163.8 12.99999999999985
67 141.0184455740289 163.8 12.99999999999989
68 23.46156753170513 163.8 0.999999999999839
69 46.9230972738839 163.8 0.999999999999839
70 70.38461770914165 163.8 0.999999999999839
71 93.84614132886912 163.8 0.999999999999839
72 117.3076702257695 163.8 0.999999999999839
73 140.9550471693701 163.8 0.999999999999839
74 141.2838305361911 -213.2 12.99999999999993
75 105.9034565387949 -213.2 12.99999999999987
76 70.60230799639213 -213.2 12.99999999999981
77 35.30116344320973 -213.2 12.99999999999974
78 178 -177.7240507947077 13
79 178 -147.5085229131535 13
80 178 -120.8236558506159 13.00000000000001
81 178 -95.80158682022855 13.00000000000001
82 178 -70.97324030439495 13.00000000000001
83 178 -46.14485819317719 13.00000000000001
84 178 -21.31651494018971 13.00000000000001
85 178 3.511820058242478 13.00000000000001
86 178 28.34019295198991 13.00000000000001
87 178 53.1685553693867 13.00000000000001
88 178 77.9968882925333 13.00000000000002
89 178 102.8257329503284 13.00000000000002
90 178 128.119507882755 13.00000000000002
91 178 155.621381307493 13.00000000000002
92 178 187.1524903318757 13.00000000000002
93 178 224.4274134623114 13.00000000000002
94 178 268.9796639988215 13.00000000000003
95 178 316.0542399989287 13.00000000000003
96 178 363.1288159990359 13.00000000000003
97 178 410.203391999143 13.00000000000003
98 178 457.2779679992502 13.00000000000004
99 178 504.3525439993572 13.00000000000004
100 178 551.4271199994644 13.00000000000004
101 178 598.5016959995714 13.00000000000004
102 178 645.5762719996787 13.00000000000005
103 178 692.6508479997858 13.00000000000005
104 178 739.7254239998929 13.00000000000005
105 133.5000000000001 786.8 12.99999999999992
106 89.00000000000023 786.8 12.99999999999984
107 44.50000000000014 786.8 12.99999999999976
108 0 192.424896976843 12.99999999999971
109 0 227.4010882722042 12.99999999999971
110 0 270.2158187791571 12.99999999999971
111 0 317.1780170719611 12.99999999999972
112 0 364.1402153647651 12.99999999999972
113 0 411.1024136575693 12.99999999999972
114 0 458.0646119503734 12.99999999999972
115 0 505.0268102431776 12.99999999999973
116 0 551.9890085359814 12.99999999999973
117 0 598.951206828785 12.99999999999973
118 0 645.9134051215888 12.99999999999973
119 0 692.8756034143926 12.99999999999974
120 0 739.8378017071961 12.99999999999974
121 0 786.8 -32.2000000000003
122 0 786.8 -77.40000000000029
123 0 786.8 -122.6000000000003
124 0 786.8 -167.8000000000002
125 0 786.8 -213.0000000000002
126 0 786.8 -258.2000000000002
127 0 786.8 -303.4000000000001
128 0 786.8 -348.6000000000001
129 0 786.8 -393.8000000000001
130 0 786.8 -439
131 0 786.8 -484.2
132 0 786.8 -529.4
133 0 786.8 -574.5999999999999
134 0 786.8 -619.8
135 178.0000000000001 786.8 -32.2
136 178.0000000000002 786.8 -77.40000000000001
137 178.0000000000003 786.8 -122.6
138 178.0000000000003 786.8 -167.8
139 178.0000000000004 786.8 -213
140 178.0000000000005 786.8 -258.2
141 178.0000000000006 786.8 -303.4
142 178.0000000000007 786.8 -348.6
143 178.0000000000007 786.8 -393.8000000000001
144 178.0000000000008 786.8 -439.0000000000001
145 178.0000000000009 786.8 -484.2
146 178.000000000001 786.8 -529.4000000000001
147 178.0000000000011 786.8 -574.6
148 178.0000000000011 786.8 -619.8
149 133.5000000000008 786.8 -665.0000000000001
150 89.0000000000006 786.8 -665.0000000000001
151 44.50000000000031 786.8 -665.0000000000002
152 0 -213.2 -518.5819419486972
153 0 -213.2 -472.1638838973945
154 0 -213.2 -425.7458258460918
155 0 -213.2 -379.3277677947891
156 0 -213.2 -332.9097097434862
157 0 -213.2 -286.4916516921834
158 0 -213.2 -240.0735936408805
159 0 -213.2 -193.6555355895777
160 0 -213.2 -147.2374775382751
161 0 -213.2 -101.0598683688153
162 0 -213.2 -59.48669096929285
163 0 -213.2 -22.33107687015467
164 133.5000000000008 -213.2 -565.0000000000001
165 89.0000000000006 -213.2 -565.0000000000001
166 44.50000000000031 -213.2 -565.0000000000002
167 178.0000000000007 -213.2 -519.2699977753663
168 178.0000000000007 -213.2 -473.5399955507324
169 178.0000000000006 -213.2 -427.8099933260987
170 178.0000000000005 -213.2 -382.0799911014651
171 178.0000000000004 -213.2 -336.3499888768312
172 178.0000000000003 -213.2 -290.6199866521973
173 178.0000000000003 -213.2 -244.8899844275634
174 178.0000000000002 -213.2 -199.1599822029295
175 178.0000000000001 -213.2 -153.4299799782959
176 178 -213.2 -107.6999777536624
177 177.9999999999999 -213.2 -63.99957109414515
178 177.9999999999999 -213.2 -24.58929170640761
179 0 -74.63593539449003 -645.0000000000001
180 0 -109.2769515458676 -625.0000000000001
181 0 -143.9179676972451 -605.0000000000001
182 0 -178.5589838486225 -585.0000000000002
183 133.5000000000008 -39.9949192431124 -665.0000000000001
184 89.0000000000006 -39.9949192431124 -665.0000000000001
185 44.50000000000031 -39.9949192431124 -665.0000000000002
186 178.000000000001 -178.5589838486224 -585
187 178.0000000000011 -143.9179676972448 -605.0000000000001
188 178.0000000000011 -109.2769515458673 -625.0000000000001
189 178.0000000000011 -74.63593539448991 -645
190 0 740.8669489309382 -665
191 0 694.9338978618764 -665
192 0 649.0008467928146 -665
193 0 603.0677957237529 -665
194 0 557.1347446546912 -665
195 0 511.2016935856295 -665
196 0 465.2686425165678 -665
197 0 419.3355914475061 -665
198 0 373.4025403784443 -665
199 0 327.4694893093824 -665
200 0 281.5364382403205 -665
201 0 235.6033871712586 -665
202 0 189.6703361021967 -665
203 0 143.7372850331348 -665
204 0 97.80423396407286 -665
205 0 51.87118289501092 -665
206 0 5.938131825949199 -665
207 178.000000000001 740.8669489309382 -665
208 178.000000000001 694.9338978618764 -665
209 178.000000000001 649.0008467928146 -665
210 178.000000000001 603.0677957237529 -665
211 178.000000000001 557.1347446546912 -665
212 178.000000000001 511.2016935856295 -665
213 178.000000000001 465.2686425165678 -665
214 178.000000000001 419.3355914475062 -665
215 178.000000000001 373.4025403784444 -665
216 178.000000000001 327.4694893093825 -665
217 178.000000000001 281.5364382403205 -665
218 178.000000000001 235.6033871712585 -665
219 178.000000000001 189.6703361021966 -665
220 178.000000000001 143.7372850331348 -665
221 178.000000000001 97.80423396407286 -665
222 178.000000000001 51.87118289501086 -665
223 178.000000000001 5.938131825949199 -665
224 102.8571428571429 -125 0.999999999999839
225 85.71428571428575 -125 0.999999999999839
226 68.57142857142867 -125 0.999999999999839
227 51.42857142857162 -125 0.999999999999839
228 34.28571428571442 -125 0.999999999999839
229 17.14285714285721 -125 0.999999999999839
230 0 -177.435759359058 0.999999999999872
231 0 -157.143525735245 0.999999999999872
232 0 -139.814554163944 0.999999999999872
233 0 142.6182227933258 0.999999999999872
234 17.14285714285711 124.9999999999999 0.999999999999839
235 34.28571428571425 124.9999999999999 0.999999999999839
236 51.42857142857132 125 0.999999999999839
237 68.57142857142838 125 0.999999999999839
238 85.71428571428558 125 0.999999999999839
239 102.8571428571428 125 0.999999999999839
240 132.5 121.6506350946109 0.999999999999839
241 141.650635094611 112.4999999999999 0.999999999999839
242 145 83.33333333333326 0.999999999999839
243 145 66.66666666666663 0.999999999999839
244 145 49.99999999999998 0.999999999999839
245 145 33.33333333333331 0.999999999999839
246 145 16.66666666666664 0.999999999999839
247 145 -3.552713678800501e-14 0.999999999999839
248 145 -16.66666666666669 0.999999999999839
249 145 -33.33333333333334 0.999999999999839
250 145 -50.00000000000003 0.999999999999839
251 145 -66.66666666666669 0.999999999999839
252 145 -83.33333333333334 0.999999999999839
253 141.650635094611 -112.5 0.999999999999839
254 132.5 -121.650635094611 0.999999999999839
255 0 -107.1428571428571 0.999999999999872
256 0 -89.28571428571422 0.999999999999872
257 0 -71.42857142857136 0.999999999999872
258 0 -53.57142857142853 0.999999999999872
259 0 -35.71428571428567 0.999999999999872
260 0 -17.8571428571428 0.999999999999872
261 0 2.842170943040401e-14 0.999999999999872
262 0 17.85714285714289 0.999999999999872
263 0 35.71428571428575 0.999999999999872
264 0 53.5714285714286 0.999999999999872
265 0 71.42857142857146 0.999999999999872
266 0 89.28571428571432 0.999999999999872
267 0 107.1428571428572 0.999999999999872
268 166 150.5673830976845 6.999999999999925
269 153.4933731858497 163.8 6.999999999999842
270 11.7337887292016 163.8 6.999999999999748
271 35.20134779436459 163.8 6.999999999999769
272 58.66888388394812 163.8 6.999999999999792
273 82.1364173077715 163.8 6.999999999999813
274 105.6039546461883 163.8 6.999999999999834
275 129.1622353430517 163.8 6.999999999999854
276 134.7408237903192 -155.0135033308915 0.999999999999839
277 78.59183838120333 -158.9793577090401 0.999999999999839
278 41.08664952691656 -156.6697407820829 0.999999999999839
279 133.0413552792104 146.8168086375106 0.999999999999839
280 113.5052718204785 -152.5881993251512 0.999999999999839
281 25.75006881381301 -148.1315823464854 0.999999999999839
282 148.1570184730609 -131.4204299948283 0.999999999999839
283 112.8664713716018 142.1035909822571 0.999999999999839
284 147.9799303223672 128.6924682563738 0.999999999999839
285 59.99999999999986 144.8429239331175 0.999999999999839
286 60.00000000000014 -145.0609993627392 0.999999999999839
287 115.2591060570751 -176.8436782213226 0.999999999999839
288 25.71428571428567 143.5186256630802 0.999999999999839
289 24.66201957691526 -172.5835038208121 0.999999999999839
290 126.721947585405 -136.7470630162699 0.999999999999839
291 78.80036460157314 143.3634360215153 0.999999999999839
292 95.50777694507096 -142.6110583299717 0.999999999999839
293 42.85714285714302 -140.5239489178689 0.999999999999839
294 43.670333740491 140.4323099192396 0.999999999999839
295 155.8078807412236 -109.5946927272808 0.999999999999839
296 143.17646241294 -178.1494405892123 0.999999999999839
297 55.85241349207363 -174.0436867748444 0.999999999999839
298 153.8756759017866 108.0615146595491 0.999999999999839
299 98.8678215537193 -163.6585097325538 0.999999999999839
300 150.3929498654082 147.9010612603578 0.999999999999839
301 94.81688117469449 139.8534054007545 0.999999999999839
302 77.67706592239777 -139.3302830803502 0.999999999999839
303 14.41934440540922 -188.1048157949675 0.999999999999839
304 86.17151320130787 -180.2612531233249 0.999999999999839
305 154.8808286967308 -91.66666666666663 0.999999999999839
306 12.09317240798039 151.7640260826349 0.999999999999839
307 155.9564953270148 41.66666666666664 0.999999999999839
308 155.8862247579124 -25.00000000000001 0.999999999999839
309 153.1751371441029 -156.4613627359351 0.999999999999839
310 111.7184278416195 -136.3892641342786 0.999999999999839
311 13.22961258748956 -137.7975562796292 0.999999999999839
312 11.98895834597158 137.8577410506454 0.999999999999839
313 155.1542776794304 -41.66666666666669 0.999999999999839
314 155.0990825210097 58.3333333333333 0.999999999999839
315 129.2775513946359 132.8527005941505 0.999999999999839
316 154.3963065670099 91.61011137593351 0.999999999999839
317 77.7425994443992 250.0948239845489 12.99999999999985
318 81.6989412836587 326.0597450047714 12.99999999999986
319 88.33837723111461 668.7777796094767 12.99999999999989
320 89.08266497770549 594.3487274093607 12.99999999999989
321 88.57642924992666 485.222737311234 12.99999999999988
322 129.1931119885336 212.6059503789031 12.99999999999994
323 42.86319193576594 209.9129926245235 12.99999999999978
324 80.50064855029203 410.2745547189198 12.99999999999986
325 83.42237673919063 199.1096776264051 12.99999999999985
326 114.2338616715568 726.7232932334416 12.99999999999994
327 131.7110042613219 289.0733657991275 12.99999999999994
328 48.67634962649967 292.1904936529524 12.9999999999998
329 46.43238520906402 620.2982491670275 12.99999999999981
330 37.69702332169476 719.0445920178697 12.9999999999998
331 50.91469871043373 527.5071589937738 12.99999999999981
332 131.6638912695818 619.9985752808852 12.99999999999996
333 129.6787853442771 525.507821347265 12.99999999999995
334 127.6302114431679 387.9458706469117 12.99999999999994
335 125.6081584008637 440.3542384481362 12.99999999999994
336 153.5092227870144 184.9779866676973 12.99999999999998
337 172 -58.75429635133443 13
338 36.19987035982766 240.6530521555397 12.99999999999977
339 171.4524479336345 -81.8172101864514 13
340 47.41510484106098 443.3131894604266 12.9999999999998
341 51.62556746815062 367.8935406407973 12.99999999999981
342 49.69120880190016 669.0732405000767 12.99999999999982
343 45.94252509101941 571.9485170636508 12.99999999999981
344 132.6084572067463 571.3967819139204 12.99999999999996
345 105.6310035150574 188.3466955562153 12.99999999999989
346 126.6650339249811 675.8147447866611 12.99999999999996
347 131.0687977512019 343.1429885296511 12.99999999999995
348 60.3662311899448 189.1515165346972 12.99999999999981
349 146.7694481660035 246.7035387305665 12.99999999999997
350 139.9726745990135 482.5430618210485 12.99999999999997
351 129.1931119885336 184.5334364355902 12.99999999999993
352 35.21036318593465 184.449725150129 12.99999999999977
353 73.53233502060176 748.4705715719547 12.99999999999987
354 37.5120558564623 486.0692567925888 12.99999999999979
355 36.68248001524574 331.4482594282245 12.99999999999978
356 147.7134653761681 716.1881359998388 13
357 86.43046130477342 284.3100105538319 12.99999999999986
358 113.7767993922953 244.5496582931738 12.99999999999991
359 36.15313620455157 400.9547920414562 12.99999999999978
360 91.99110083550732 371.7323458613144 12.99999999999988
361 143.8532770524193 752.7545401076468 12.99999999999999
362 85.52508526053586 444.791179984679 12.99999999999987
363 82.74690432745359 180.8415779434635 12.99999999999985
364 89.46726009668477 545.9886240065341 12.99999999999988
365 89.14510656059112 632.5898073524759 12.99999999999989
366 20.10522860683963 206.755403091252 12.99999999999974
367 31.81989086012351 754.2507533060684 12.99999999999979
368 155.3828580041124 211.1416352335726 12.99999999999998
369 111.2500000000001 761.6621156285969 12.99999999999993
370 15.75783583557507 182.2460050436449 12.99999999999973
371 67.14141161969624 219.2467968786686 12.99999999999983
372 98.50418520625915 217.3166075120424 12.99999999999988
373 84.57374860490549 703.030784525022 12.99999999999988
374 89.78670893554182 786.8 -550.7117727413057
375 95.08886406797762 786.8 -418.4336160031577
376 94.45011032460239 786.8 -280.8000000000002
377 88.18019182387116 786.8 -143.3476826506631
378 88.19323713868557 786.8 -69.89864691170783
379 66.62711538288048 786.8 -212.4251791334358
380 62.57210374334821 786.8 -485.1562429008353
381 62.57210374334831 786.8 -349.5562429008353
382 121.4308255237932 786.8 -600.6919636530188
383 56.37376045116275 786.8 -601.3491730320221
384 126.5236510937058 786.8 -459.7853443534461
385 117.5308081156677 786.8 -232.434956652723
386 125.8781387109949 786.8 -324.2438063776016
387 129.0099868576201 786.8 -104.5025604869685
388 123.4154003450945 786.8 -37.60257956662142
389 126.9038372518436 786.8 -379.1239608590276
390 131.7884574899282 786.8 -179.9234521908135
391 126.9038372518441 786.8 -514.7239608590279
392 49.18834658960677 786.8 -107.1937103011858
393 45.53235645802644 786.8 -558.5549720346243
394 43.38295489490108 786.8 -416.6905165718795
395 43.29170436013325 786.8 -280.8000000000001
396 49.75245517486769 786.8 -172.408945950049
397 137.019852987238 786.8 -280.8000000000001
398 46.28838934698408 786.8 -33.26611340576997
399 133.4552760861544 786.8 -564.9580536992156
400 140.3138285130483 786.8 -418.7854845050672
401 139.4511819563326 786.8 -141.6708955851027
402 35.16247191011249 786.8 -506.8000000000001
403 35.04182812273578 786.8 -370.0078185558709
404 35.16247191011232 786.8 -235.6000000000001
405 35.10091895736906 786.8 -462.4202897627726
406 35.10563535481563 786.8 -326.4958642853618
407 87.3294020574712 786.8 -24.36544312394324
408 38.51009449440605 786.8 -69.99276471716642
409 88.77749438316492 786.8 -630.8354286821941
410 88.6429406024459 786.8 -106.2356500876313
411 141.9382923367266 786.8 -629.7545653892022
412 35.88493337252811 786.8 -629.8641002857028
413 77.37102946988075 786.8 -517.4880271733283
414 69.13343818805279 786.8 -249.8001518625109
415 77.82286521295218 786.8 -455.2445373493779
416 77.87638110020295 786.8 -381.1988948991579
417 77.59439850238428 786.8 -319.2128546779959
418 90.11211079072369 786.8 -181.9782830848643
419 33.4061528894934 786.8 -140.5714957852983
420 142.8518563022959 786.8 -66.31031175483758
421 151.9214341133986 786.8 -597.2000000000004
422 25.65834540084074 786.8 -597.2000000000005
423 88.53842106706003 786.8 -586.3357541996744
424 30.30840849357207 786.8 -200.2468250166971
425 148.8488744065383 786.8 -16.39424975462505
426 97.10441197322194 786.8 -487.1943630920528
427 97.05175090708519 786.8 -351.4425983889959
428 22.25000000000014 786.8 -9.6000000000003
429 88.25288226759363 -213.2 -74.81852677966526
430 89.30561647929203 -213.2 -161.3319672337411
431 95.94406047001307 -213.2 -447.8870857984402
432 94.30409644429521 -213.2 -315.4373771095372
433 97.42488883021578 -213.2 -237.1663987297493
434 106.4109683761618 -213.2 -383.8777208557408
435 50.63843988309593 -213.2 -37.62546708032994
436 116.0834416207891 -213.2 -42.27946113883741
437 62.66193227219252 -213.2 -505.6534683677395
438 48.2487483102272 -213.2 -123.7199629507487
439 122.6462071758561 -213.2 -119.8641575559796
440 133.1204351234624 -213.2 -498.650109836787
441 53.44381992820487 -213.2 -393.109170496152
442 51.57242444955108 -213.2 -263.2826226665321
443 57.82504954806051 -213.2 -208.2416642171028
444 50.42180102016553 -213.2 -349.5138551944241
445 85.59652168794749 -213.2 -17.36517011693388
446 132.330376779135 -213.2 -272.2951676639954
447 125.9767691648347 -213.2 -196.8293536010455
448 42.8973533156915 -213.2 -77.06155635034236
449 133.1950828734765 -213.2 -80.18185036076574
450 129.8401477413637 -213.2 -424.6912519408501
451 133.7139523513175 -213.2 -352.7580556118719
452 52.88431989816674 -213.2 -454.8255267900892
453 39.07588286751596 -213.2 -166.837321505889
454 45.28270906141896 -213.2 -304.4744443054458
455 105.5979672141466 -213.2 -529.0694264166551
456 137.9815792124732 -213.2 -156.9996218736234
457 147.9671261879904 -213.2 -17.1982534994288
458 29.41441819261726 -213.2 -16.41941493050922
459 141.0884148911092 -213.2 -232.562128381111
460 138.8490336925498 -213.2 -460.8263852223522
461 29.81326242120005 -213.2 -496.4422852863923
462 88.31534947551243 -213.2 -274.9497052961742
463 150.6491301364512 -213.2 -45.64968555991686
464 92.63308100560076 -213.2 -200.8923459454097
465 88.13488363617643 -213.2 -110.5614648329675
466 87.56861894728705 -213.2 -352.7469332452916
467 33.67827392249396 -213.2 -531.3199287836896
468 142.5658758037585 -213.2 -390.5529455888621
469 88.15517244816107 -213.2 -413.776396211244
470 145.95578087287 -213.2 -532.6042153767535
471 24.59004227828095 -213.2 -42.5848412401258
472 54.31057024065251 -213.2 -9.082010425554699
473 143.2696851149497 -213.2 -313.4921151828866
474 77.59678504128024 -213.2 -47.97852394702443
475 119.3668753143426 -213.2 -10.16857695104011
476 66.7500000000004 -213.2 -540.7297726928163
477 94.48722234518834 -213.2 -484.1386181171236
478 33.30911623610501 -213.2 -234.9615794985565
479 89.0000000000005 -126.5974596215562 -615.0000000000001
480 133.8244920349816 -95.41829374361595 -633.0012998127369
481 44.17550796501939 -157.7766254994964 -596.9987001872635
482 44.17550796501939 -95.41829374361616 -633.0012998127369
483 133.8244920349817 -157.7766254994963 -596.9987001872634
484 141.9984180315712 -126.5974596215561 -615.0000000000001
485 35.47020318600786 -126.5974596215563 -615.0000000000002
486 89.00000000000055 -181.6561634625978 -583.2118425161428
487 89.00000000000055 -71.53875578051461 -646.7881574838574
488 32.7644627007779 -67.44562070299571 -649.1513301226926
489 145.2355372992233 -67.44562070299563 -649.1513301226925
490 32.76446270077787 -185.7492985401169 -580.8486698773079
491 145.2355372992232 -185.7492985401168 -580.8486698773077
492 93.31871211836274 438.7880967070404 -665.0000000000002
493 89.33909365227963 583.9625565108333 -665.0000000000001
494 88.46237604401914 93.6250943470568 -665.0000000000002
495 89.00000000000053 304.5029637748514 -665.0000000000002
496 88.18978111875737 671.3590017384645 -665.0000000000001
497 89.32144013687494 169.7533187215597 -665.0000000000002
498 105.418115898385 508.7447431826327 -665.0000000000001
499 71.68414816887686 371.4871933476564 -665.0000000000002
500 106.3256854782087 237.5377395350588 -665.0000000000001
501 114.2431375612314 18.6032838996905 -665.0000000000001
502 114.2414922817801 728.2125955780839 -665.0000000000001
503 37.674332678062 26.29963098970461 -665.0000000000003
504 53.11053609483186 496.8862302292222 -665.0000000000002
505 124.7983243197976 359.1434262563542 -665.0000000000001
506 53.19972394477651 249.8709419758634 -665.0000000000002
507 48.14964061161737 118.8932379398134 -665.0000000000002
508 127.4003989669306 625.0782558596316 -665.0000000000001
509 48.22367411045835 623.5900081666641 -665.0000000000002
510 132.1616248543844 117.3443795963481 -665.0000000000001
511 37.671807435651 720.5107394356631 -665.0000000000002
512 128.7357656556611 404.3534929008 -665.0000000000001
513 48.1834383677074 544.0110650992433 -665.0000000000002
514 49.75627268912865 204.166464307909 -665.0000000000002
515 47.50130479422629 409.8082275568922 -665.0000000000002
516 133.0514468968857 479.7319352140201 -665.0000000000001
517 129.6958124262129 553.8759998179738 -665.0000000000001
518 48.30418757378817 330.7282341460997 -665.0000000000002
519 131.2952776604811 201.672996276454 -665.0000000000001
520 129.7006031401859 278.2962584034747 -665.0000000000001
521 126.0225241861487 678.4982854408056 -665.0000000000001
522 42.18074062909045 73.62509140715724 -665.0000000000002
523 132.0328086323884 64.10302512110218 -665.0000000000001
524 49.83556028211456 671.5565366135214 -665.0000000000002
525 46.03789223960362 159.3643214242679 -665.0000000000002
526 39.06305886350395 583.7439670432401 -665.0000000000002
527 73.49066009551184 749.3414809410561 -665.0000000000002
528 73.49277254428637 -2.527378178279605 -665.0000000000002
529 132.9630571086239 158.6906003617812 -665.0000000000001
530 41.81525149434748 293.6523428162199 -665.0000000000002
531 44.20952470285835 451.9870267948422 -665.0000000000002
532 140.9078230330594 588.6392096330646 -665.0000000000001
533 136.1867952758084 315.361417272092 -665.0000000000001
534 147.5848618117847 717.9004233964073 -665.0000000000001
535 149.4139676477084 26.82030435222089 -665.0000000000001
536 35.58469566335498 365.0062548299898 -665.0000000000002
537 142.4153043366461 519.5979791340837 -665.0000000000001
538 142.4252934326963 244.0244564152317 -665.0000000000001
539 143.0781994788884 439.7711044583105 -665.0000000000001
540 90.59479328762284 403.1175865352646 -665.0000000000002
541 88.32470900818424 543.1695195782877 -665.0000000000002
542 88.31042388439559 203.6737418559007 -665.0000000000002
543 144.604897569503 -6.663192406263761 -665.0000000000001
544 144.5256044929569 753.3789352394031 -665.0000000000001
545 89.13432037845058 131.6086656642713 -665.0000000000002
546 89.00000000000051 635.2288482006737 -665.0000000000001
547 90.30958267714902 339.9568678965955 -665.0000000000002
548 87.37216164441281 477.1058751939673 -665.0000000000002
549 87.68742554653035 269.0547763473826 -665.0000000000002
550 32.00768130659731 -7.575139286385252 -665.0000000000003
551 32.00766164121558 754.3802390951203 -665.0000000000002
552 111.2500000000007 -15.59792814979926 -665.0000000000001
553 111.2500000000007 762.4143783800329 -665.0000000000001
554 81.34769468151296 45.62145793107197 -665.0000000000002
555 84.67339611839779 705.4847282018457 -665.0000000000002
556 178.000000000001 113.4180127914427 -318.2765746416064
557 178.000000000001 455.5012671840598 -331.9103794696772
558 178.0000000000007 -3.425281599103585 -180.0137837848836
559 178.0000000000007 175.5265172836475 -166.8894487919469
560 178.0000000000012 278.2504877455366 -448.8257655216696
561 178.0000000000013 6.758485162198383 -470.1019118867256
562 178.0000000000012 589.6391569054701 -467.5975948306584
563 178.0000000000007 583.8656444278388 -197.5459594771841
564 178.0000000000007 350.1502738412979 -174.0963682613553
565 178.0000000000013 432.3735186644167 -504.0845265097099
566 178.0000000000006 -109.2762171898696 -90.43871552244897
567 178.0000000000006 66.34244378475867 -90.05665067294495
568 178.000000000001 -52.82708805280009 -314.900266719717
569 178.0000000000009 268.5178279268156 -298.2643284563649
570 178.0000000000013 139.7325662791431 -512.3450893065683
571 178.000000000001 643.6391174545611 -326
572 178.0000000000006 479.7529760681031 -120.6568790766246
573 178.0000000000005 -7.574587426744358 -65.28105545282654
574 178.0000000000005 139.6664620296757 -65.08598709617257
575 178.0000000000014 668.8180854505969 -555.4218585069108
576 178.0000000000006 668.6352698862482 -100.8642541624039
577 178.0000000000013 -103.5804791411709 -501.5417054040013
578 178.0000000000006 236.5923759407387 -87.66418498934743
579 178.0000000000014 330.5971601105308 -552.3867327412738
580 178.0000000000008 -110.7717337004038 -220.9245629211106
581 178.0000000000011 176.7072472048884 -409.1439129153468
582 178.0000000000014 523.7018919524696 -561.6882823451099
583 178.0000000000011 340.4333931362398 -367.6423438293132
584 178.0000000000008 493.1594265374659 -225.1086168525251
585 178.0000000000011 684.290139304781 -420.2185259698964
586 178.0000000000014 -4.287048504153915 -577.8573334092351
587 178.0000000000011 547.541092624968 -370.4474198763655
588 178.0000000000008 688.4615510097453 -235.6
589 178.0000000000008 83.70677850368273 -222.3438926832424
590 178.0000000000014 226.317950446687 -570.4489664848423
591 178.0000000000011 39.05852589658338 -371.9535509711658
592 178.0000000000012 -120.5878943819382 -408.0960719437518
593 178.0000000000009 367.709815875725 -284.5515281572708
594 178.0000000000005 572.3859581764175 -84.82935767482027
595 178.0000000000008 261.804967068298 -201.8004995710861
596 178.0000000000005 394.8251942608048 -77.22428636140532
597 178.0000000000005 86.70224270745447 -38.23537618231614
598 178.0000000000005 -60.75522491229231 -39.29015772695732
599 178.0000000000009 180.4756305002674 -248.9118629482183
600 178.0000000000012 466.9582592809428 -418.2626772119269
601 178.0000000000014 77.53507392546416 -576.597065051563
602 178.0000000000005 40.75437416068831 -35.59226049381488
603 178.0000000000009 568.5935153656983 -287.8735197534273
604 178.0000000000005 -108.4176699452579 -34.11575965305599
605 178.0000000000009 31.28706843303095 -283.5368761081472
606 178.0000000000012 91.89376068500124 -443.026286281474
607 178.0000000000014 428.7481208304501 -586.1993014906584
608 178.0000000000012 365.1092162265354 -454.7526725765226
609 178.000000000001 -130.6687565189702 -307.8757238649017
610 178.0000000000005 -161.6361532865353 -38.50662626415101
611 178.0000000000011 250.5038729031949 -376.7987210753329
612 178.0000000000007 -53.06272325690196 -121.2337851874538
613 178.0000000000013 510.3952432443339 -484.9153260216708
614 178.0000000000007 -141.6640869386689 -157.2517224948432
615 178.0000000000011 -39.75567563602283 -404.7122540745195
616 178.0000000000014 604.2227200628861 -589.9439008763522
617 178.000000000001 188.5877291588841 -327.9065642703782
618 178.0000000000006 313.3055899827302 -104.6632448640886
619 178.0000000000015 156.8135724819437 -586.8602648375538
620 178.0000000000007 430.4838512732714 -177.2324557822987
621 178.000000000001 716.2961572919346 -334.4567484117828
622 178.0000000000007 716.1852056044738 -164.8284049424347
623 178.0000000000013 717.92445305514 -489.6847277944386
624 178.0000000000013 216.0649982468956 -491.9086409396018
625 178.0000000000005 194.573232181733 -43.76440061985886
626 178.0000000000009 -34.20118375450232 -245.0880800944894
627 178.0000000000011 614.6252507771583 -399.0741161650924
628 178.0000000000005 721.1582466023642 -54.80000000000007
629 178.0000000000007 97.61034779022594 -148.3259545375517
630 178.0000000000015 714.8768450766311 -600.3855962039161
631 178.0000000000014 -88.36046286918571 -563.6551942046494
632 178.0000000000013 62.41978103088974 -506.4212253459529
633 178.0000000000005 508.6281256550847 -56.59753266322605
634 178.0000000000005 -8.870270699604305 -29.8430905121366
635 178.0000000000006 12.61699698468607 -119.0043459633209
636 178.0000000000007 527.5117866660062 -167.7888297166613
637 178.0000000000005 141.4618822617111 -32.42019860308153
638 178.0000000000015 376.6815005755671 -597.1722703561761
639 178.0000000000009 438.3101464254911 -262.0538293941265
640 178.0000000000006 -162.4177812289677 -95.07903163205404
641 178.0000000000009 624.3731208762744 -250.255298300563
642 178.0000000000005 641.1654791732221 -59.36413705425434
643 178.0000000000015 286.5366525209278 -600.184927565648
644 178.0000000000011 122.1669740568025 -375.9969453850293
645 178.0000000000008 306.5824215269651 -237.5565667471822
646 178.0000000000005 444.2118909111398 -50.38260239493405
647 178.0000000000013 273.2902888699971 -515.2683158876848
648 178.0000000000005 292.5169519988751 -45.31388871955653
649 178.0000000000011 415.1676878926759 -379.5365359988521
650 178.0000000000013 -148.9059610668637 -456.1394239312343
651 178.0000000000006 190.0908447733691 -96.91755872359511
652 178.0000000000013 648.0921303248894 -493.5137005774169
653 178.0000000000014 -128.4102544377914 -540.5810842329389
654 178.0000000000007 653.4944360874319 -165.8289373521824
655 178.0000000000009 498.0609629224367 -290.3297774468803
656 178.0000000000013 -42.36209372044959 -513.1683370502192
657 178.0000000000013 586.8899739984008 -527.3875174473822
658 178.0000000000007 239.9799698763276 -136.2497516679225
659 178.0000000000007 -68.53522127572182 -176.3229707254264
660 178.0000000000015 33.33768666986469 -614.7238781250553
661 178.0000000000012 545.310627114415 -429.6140563161038
662 178.0000000000009 -153.2454577611776 -257.6618573573687
663 178.0000000000015 504.9714340465742 -607.4026932112655
664 178.000000000001 326.0644976236402 -318.6092628858873
665 178.0000000000011 720.945297667835 -390.9058205269287
666 178.0000000000008 33.13774082878896 -231.7505264868975
667 178.000000000001 391.8171221528205 -324.6565829862037
668 178.0000000000007 49.35657424271326 -165.1986040157176
669 178.0000000000015 663.3760081856005 -608.3411761056957
670 178.0000000000013 368.432890826601 -514.447399461649
671 178.0000000000012 -57.9274253938259 -449.7726107926748
672 178.0000000000014 484.0164837617273 -540.7636772631392
673 178.0000000000005 65.58272183096 -16.05342404639106
674 178.0000000000005 -83.38741356231191 -16.06046413300123
675 178.0000000000006 720.1606654371417 -109.9154880104717
676 178.0000000000009 -89.31581375486746 -281.3585915380095
677 178.0000000000005 238.1220436034891 -40.00184549030718
678 178.0000000000005 -134.2383533986293 -15.30552104522127
679 178.0000000000014 731.9681255464868 -536.6038065930236
680 178.0000000000005 31.04570550299343 -72.10247442605328
681 178.0000000000011 -160.5152401080439 -359.3419420926843
682 178.0000000000009 730.803032651051 -272.2440921309399
683 178.0000000000013 147.1554429208297 -458.4826058023303
684 178.0000000000015 -33.87100163620738 -614.3930635634749
685 178.0000000000008 140.9878395825613 -206.5870783656987
686 178.0000000000009 119.2566798705248 -264.6140014340086
687 178.0000000000011 297.8733132827274 -400.9021178690606
688 178.0000000000008 394.9790276317692 -201.7929820657831
689 178.0000000000008 546.6291101298611 -224.1379739224903
690 178.0000000000011 494.4387371251113 -365.039955252667
691 178.0000000000006 598.5000078318541 -125.3442936235942
692 178.0000000000009 235.3839608556953 -250.4969400619079
693 178.0000000000006 107.4586613093279 -83.19483385384476
694 178.0000000000006 143.363967336592 -116.5850773602132
695 178.0000000000007 299.075386468805 -159.1946144691709
696 178.0000000000006 420.0122242494614 -124.6755948000854
697 178.0000000000012 419.7163208807464 -449.8880348442028
698 178.0000000000012 228.9607686985524 -444.2837432348441
699 178.000000000001 587.4613397579348 -332.4310276937758
700 178.0000000000005 348.8157345760057 -40.47308247156548
701 178.000000000001 59.96485553617362 -325.8905335820943
702 178.0000000000015 214.3428162235223 -617.0745950665732
703 178.0000000000015 553.5998992569498 -607.4301999990076
704 178.0000000000005 -33.90582844341401 -21.03030072642292
705 178.0000000000005 115.6987812561787 -21.6826408151216
706 178.0000000000012 37.5643689084057 -424.8579340724185
707 178.0000000000008 204.5820591621316 -206.3187670242661
708 178.000000000001 -1.880964344502104 -330.8263029648599
709 178.0000000000013 331.2373270341008 -483.3532018793301
710 178.0000000000005 -137.5656755632359 -66.22831474027851
711 178.0000000000006 -47.38653710359756 -75.6298875617494
712 178.0000000000012 728.3451106026641 -440.6518308262744
713 178.0000000000011 674.6909245537049 -366.6946961475235
714 178.0000000000005 -81.33392207719095 -66.56577520279933
715 178.0000000000005 15.80773197595499 -13.6475821307028
716 178.0000000000011 -109.1941671811835 -356.3845865962731
717 178.0000000000015 119.4193583597276 -615.5306022160055
718 178.0000000000008 731.075371652581 -215.2353656589843
719 178.0000000000008 -156.8821911777 -203.6153468592734
720 178.0000000000009 686.8966962609611 -287.3100425883815
721 178.0000000000014 9.515422359940203 -521.7707410551925
722 178.0000000000004 574.6823884143004 -22.29406634328745
723 178.0000000000006 529.1120349047643 -111.8684032874766
724 178.0000000000005 171.3869358196843 -14.44995807163463
725 178.0000000000007 -98.86696075916853 -134.4664734942071
726 178.0000000000009 71.05036330709925 -261.7881529585388
727 178.0000000000013 -168.088162887587 -502.123346517302
728 178.0000000000014 402.0533365678692 -552.1816011120361
729 178.0000000000005 112.7735975338926 -51.06552077819026
730 178.0000000000005 13.61716774501321 -43.11479632261529
731 178.0000000000014 184.3180645363753 -542.3436381125914
732 178.0000000000005 62.3981507337916 -61.58580561898134
733 178.0000000000005 674.4245264733698 -27.37668039991422
734 178.0000000000005 -31.69848971713054 -46.21489839601855
735 178.000000000001 286.8757461308135 -349.1304100237352
736 178.0000000000012 634.9540888160836 -446.747407261024
737 178.0000000000012 -171.7358188745414 -413.8309162652768
738 178.0000000000006 364.3040936655553 -122.9304157051285
739 178.000000000001 531.0901729332118 -319.1253078545786
740 178.0000000000015 328.8011239831358 -618.7263738310586
741 178.0000000000007 481.0256638723671 -173.0136067932486
742 178.0000000000005 -108.4254348966398 -8.694701659623775
743 178.0000000000013 465.4721733165733 -468.1675193823237
744 178.0000000000014 122.8593617430297 -559.1796220285847
745 178.0000000000005 398.0423628561587 -28.06262747697195
746 178.0000000000011 168.745008435787 -363.0399742973073
747 178.0000000000009 -21.67545196511401 -285.9192819937654
748 178.0000000000009 159.0937550437684 -291.463417414517
749 178.0000000000013 104.3000121383262 -486.615618755977
750 178.0000000000008 648.8061984537446 -209.4808389371792
751 178.0000000000011 385.2256322042196 -404.4497660782781
752 178.0000000000011 80.76294599023296 -398.5032875812246
753 178.0000000000008 319.4709930195029 -200.734976823084
754 178.0000000000014 33.20268111517112 -563.7754026893331
755 178.0000000000007 -173.8928574393105 -133.8000480082242
756 178.0000000000006 269.3841097990946 -118.5601301836877
757 178.000000000001 234.5361007866252 -335.0941865537997
758 178.0000000000004 41.9800902110328 -8.534060857435747
759 178.0000000000006 620.2495626182011 -92.86407247734175
760 178.0000000000005 -161.2175503347908 -10.93061362684023
761 178.0000000000013 545.545757899122 -517.0296074010993
762 178.0000000000015 -75.7258515021876 -600.9880538651686
763 178.0000000000004 94.04649790899941 -8.37179999480071
764 178.0000000000009 611.037738062861 -291.7944047161478
765 178.0000000000006 -17.78143239052827 -100.7472610216618
766 178.0000000000011 207.6233492266079 -368.9923800343754
767 178.0000000000013 -102.2953345896134 -460.5004304136195
768 178.0000000000014 -175.2169797014552 -547.8732406349441
769 178.0000000000015 407.0946962318753 -626.0577210853571
770 178.0000000000004 -54.8162086637123 -8.390561878742687
771 178.0000000000015 75.99350716282805 -627.3703090785248
772 178.0000000000014 626.8070719806019 -540.7775173823107
773 178.0000000000012 318.4890718618191 -444.5593844268296
774 178.0000000000009 211.099167378676 -292.0228832841977
775 178.0000000000004 202.6999363802838 -14.18184704909407
776 178.0000000000015 624.396788200115 -625.9399413790723
777 178.0000000000005 480.9599314156478 -29.17170007930844
778 178.0000000000008 443.635652676394 -220.5702518001243
779 178.0000000000011 -32.84410688534632 -361.6047343828937
780 178.000000000001 -176.4028640282067 -303.2674140639773
781 178.0000000000006 -75.90692121183247 -94.65160749878152
782 178.0000000000013 755.3673537929817 -502.1349832471633
783 178.0000000000005 164.3128618274868 -46.3631624102203
784 178.0000000000006 -136.871168353501 -116.9515819038699
785 178.0000000000015 261.8811518289334 -628.897939259803
786 178.0000000000012 -11.91782985475601 -433.7685539814095
787 178.0000000000007 392.7386846235448 -158.9772517663011
788 178.0000000000015 -115.9226608478345 -585.0815579311356
789 178.0000000000014 277.8900868222449 -558.427042961757
790 178.0000000000008 352.5073529084913 -232.3304017617581
791 178.0000000000007 750.2356652268619 -147.8835951426684
792 178.0000000000013 189.3146088242019 -459.8731422268464
793 178.0000000000011 508.797023919202 -405.4216505324502
794 178.0000000000015 455.9051948759156 -623.8691768902904
795 178.0000000000015 169.0946001997635 -624.5611541079677
796 178.0000000000011 -83.18780135721727 -390.518866475839
797 178.0000000000006 92.77762286093474 -113.3807203045114
798 178.0000000000013 56.25787541267772 -469.0991542450062
799 178.0000000000011 576.3717522306919 -400.89597923264
800 178.0000000000005 -180.2435881404543 -66.06056367884133
801 178.0000000000012 128.1075212149309 -421.624000134345
802 178.0000000000012 681.8148584433407 -465.5482111133242
803 178.0000000000005 527.5591592156403 -23.65692341201958
804 178.0000000000006 447.6310455054657 -93.68507173561426
805 178.0000000000007 53.38821198868683 -127.4369830999572
806 178.0000000000011 624.0842482937607 -363.3654539978784
807 178.0000000000012 505.2310690268181 -445.7674982077071
808 178.0000000000007 567.1127323566852 -158.6327800191466
809 178.0000000000012 259.087045537963 -415.5312520814378
810 178.0000000000004 747.8383362895679 -25.6640696157616
811 178.0000000000005 342.7535128967942 -78.1209836243489
812 178.0000000000015 745.8717692193462 -625.5151564406864
813 178.0000000000011 83.76668801426513 -358.0526961393263
814 178.0000000000014 96.11159835634106 -529.610055097447
815 178.0000000000007 -113.3671229374102 -179.4521913287662
816 178.0000000000005 -185.9574012440701 -14.56279296614747
817 178.0000000000008 -37.76439784513587 -209.6365424445904
818 178.0000000000008 583.3531106624622 -245.3662444369621
819 178.0000000000013 546.3004446227969 -472.7427346831187
820 178.000000000001 757.4395329286028 -318.4501400904538
821 178.0000000000007 686.5144171125442 -191.9709424772812
822 178.0000000000004 -11.88921219928932 -5.802501625607931
823 178.0000000000014 238.7984507545048 -526.9304600639837
824 178.0000000000013 254.9093156048289 -483.1861559974249
825 178.000000000001 490.4770242713322 -324.6071164173961
826 178.0000000000007 -179.7678271111358 -169.4514159087132
827 178.0000000000009 419.4296768901988 -298.2011871978147
828 178.0000000000005 -86.23065126425234 -41.10994080119247
829 178.0000000000014 573.1788463939565 -563.5964658049508
830 178.0000000000011 447.2934816859804 -375.4385196308771
831 178.0000000000009 462.2529342770878 -290.1743569771907
832 178.0000000000009 527.0657737666436 -263.6245024426747
833 178.0000000000014 445.3525747410874 -543.2170554063121
834 178.0000000000013 396.4079866495749 -480.7931583480211
835 178.0000000000011 -2.335974265591858 -388.0587126040809
836 178.0000000000007 681.61759267767 -140.2982723221468
837 178.0000000000013 682.2794681958414 -517.004588973096
838 178.0000000000009 0.2431693945660527 -252.9324982654736
839 178.000000000001 -93.52726425806435 -319.7176931137681
840 178.0000000000005 269.9842142649856 -79.24065884939751
841 178.0000000000013 175.3171361614891 -492.9906232775876
842 178.0000000000013 611.1561706806815 -497.8730891313085
843 178.0000000000011 651.375599403741 -399.1809279565155
844 178.0000000000004 139.0774019015073 -6.243208301763389
845 178.0000000000009 315.7456615925937 -272.0701656013143
846 178.0000000000015 696.0686960471293 -627.2499541663988
847 178.0000000000015 588.4843895796789 -630.6628084508865
848 178.0000000000005 -131.3875395482468 -40.7500940319066
849 178.0000000000009 -73.59903953551373 -237.3465437875307
850 178.0000000000007 -17.48963343632857 -139.8853841249539
851 178.0000000000005 749.6184641432192 -78.76554482735204
852 178.0000000000005 63.7172226912792 -38.12641210478665
853 178.0000000000011 341.0522163683733 -412.1222153253635
854 178.0000000000014 749.818125261379 -575.6553882738039
855 178.0000000000009 273.0920536939251 -261.1089055994223
856 178.0000000000014 193.1870631470128 -585.3719823857539
857 178.0000000000011 755.4170442177135 -408.6163334254149
858 178.0000000000004 715.1594762729961 -16.36815000313516
859 178.0000000000013 478.3752364961819 -504.6893726690438
860 178.0000000000014 -76.77630781388399 -527.3898234510949
861 178.0000000000014 -44.82355212369197 -557.1414426397804
862 178.0000000000014 363.5678441764913 -562.3357901595796
863 178.0000000000007 130.3596393745793 -165.176151531456
864 178.0000000000004 433.7406799991966 -15.18594127498943
865 178.0000000000004 621.8366216331381 -21.36981787947275
866 178.000000000001 678.5664887963062 -329.0839037305013
867 178.000000000001 150.5748157997924 -331.5740793793778
868 178.0000000000011 427.9082633415467 -407.7444807237654
869 178.0000000000008 756.9076933845068 -245.3079084233395
870 178.0000000000015 524.1177559937945 -634.2661845828029
871 178.0000000000005 687.0348793562973 -69.28383268676794
872 178.0000000000007 198.3256273788716 -131.9680252159297
873 178.0000000000012 592.1801751687638 -428.7858307611037
874 178.0000000000015 298.0963692830304 -635.0702702455785
875 178.0000000000013 -183.0259885657985 -454.6887351181289
876 178.0000000000005 546.8980313561751 -59.88138296970089
877 178.0000000000009 659.0503983836447 -256.3290980887406
878 178.0000000000012 755.047383490157 -471.1343083735753
879 178.0000000000005 -190.8474285342119 -41.54376914193853
880 178.0000000000014 477.6827110073369 -576.5119631919996
881 178.0000000000013 -27.67881962879324 -480.1711133639263
882 178.0000000000009 398.9173351790248 -251.360194881029
883 178.0000000000005 483.8703247274704 -83.40191523151569
884 178.0000000000007 92.63176749362094 -184.6939186243717
885 178.0000000000016 -3.04358862147302 -629.1697379699242
886 178.0000000000008 519.9209061176163 -200.7958896516909
887 178.0000000000011 587.0022605638737 -371.0314547248259
888 178.0000000000006 7.991662721709019 -89.43326735722741
889 178.0000000000007 260.5524343991985 -159.0437218241744
890 178.0000000000014 63.13669943099384 -543.3280837729276
891 178.0000000000005 169.4853606489218 -74.7986554347832
892 178.0000000000014 703.4175923162531 -566.3690472418944
893 178.0000000000006 566.7776833174303 -120.1687086512594
894 178.0000000000005 -109.2815786971495 -57.35587388536283
895 178.0000000000012 -80.38145904145978 -423.6410219998106
896 178.0000000000007 452.0693288448709 -143.985468421276
897 178.000000000001 359.7007640852889 -332.4617995453288
898 178.0000000000009 -116.2569981592019 -257.7915564020439
899 178.0000000000007 754.2192484967834 -181.7494731488175
900 178.0000000000011 755.8718240062426 -367.3463145779262
901 178.0000000000007 331.7088359895971 -140.2211608249359
902 178.0000000000011 385.5642169530986 -359.3019960389673
903 178.0000000000013 31.62471561699135 -491.6832684572545
904 178.0000000000006 639.5836647854578 -131.667217820495
905 178.0000000000015 364.0181611466045 -631.2926713213983
906 178.000000000001 419.7197085408026 -344.7616632624836
907 178.0000000000009 82.34472373599982 -296.1201952012333
908 178.0000000000013 509.4756857335919 -521.9565484322658
909 178.0000000000009 -187.587729781049 -267.7549855398804
910 178.0000000000013 311.8128180660589 -518.1523632577525
911 178.0000000000009 477.0808161009198 -258.6435558189203
912 178.0000000000005 206.9036549134435 -71.44005923251243
913 178.0000000000007 550.3800763127979 -190.2187848487868
914 178.0000000000005 318.273426346448 -21.80286505920964
915 178.0000000000009 -54.32371541255952 -272.9225528267024
916 178.0000000000014 639.8347915111647 -582.3906416681875
917 178.0000000000009 -181.6411944088777 -234.1468615726952
918 178.0000000000008 53.76942546796283 -200.531830612564
919 178.0000000000014 320.3411039713804 -584.0006925416674
920 178.0000000000007 506.1461473325552 -140.4768111681406
921 178.0000000000011 226.6601368702676 -401.9709210940874
922 178.0000000000013 -68.43674338128949 -488.7573367459227
923 178.0000000000004 115.597819282486 -0.7279581798070467
924 178.0000000000008 -8.401990595077336 -223.8842862152669
925 178.0000000000013 293.1689619691964 -483.0262803388405
926 178.0000000000005 85.65355563900749 -65.77408811860477
927 178.0000000000007 18.88937363613081 -146.3078201977666
928 178.0000000000015 253.3937315684631 -595.0066942677247
929 178.0000000000011 -68.55601722843903 -357.9730668938351
930 178.0000000000005 596.197490084921 -57.71812138400202
931 178.0000000000008 612.2407471638994 -214.2556035988455
932 178.0000000000016 489.2914404773267 -640.4427163966817
933 178.0000000000013 574.3408736688212 -497.5900683593555
934 178.0000000000004 -33.68835344761379 -0.6483904353748358
935 178.0000000000006 36.96951876620381 -101.7041713332356
936 178.0000000000009 650.5939266391014 -290.128791237389
937 178.0000000000007 223.4619291947458 -167.0450356825543
938 178.0000000000014 -148.4053693065896 -572.7071765598038
939 178.0000000000007 614.8004901581303 -171.8222329755182
940 178.0000000000013 -134.1113316085907 -490.2451358222326
941 178.0000000000006 -135.8354351460785 -91.43927102563626
942 178.0000000000009 763.7500517928322 -279.5204281289466
943 72.5 -8.333333333333364 0.999999999999839
944 81.88949501519375 57.71249575640634 0.999999999999839
945 87.17295937154213 -66.06538710001864 0.999999999999839
946 43.34147487308033 -38.77087544244942 0.999999999999839
947 46.45169723625473 24.37091238168749 0.999999999999839
948 44.63453849975265 82.32516654207637 0.999999999999839
949 101.6144969346632 23.64040180033812 0.999999999999839
950 111.6666666666666 91.6666666666666 0.999999999999839
951 113.0394849092081 -92.69471374553223 0.999999999999839
952 43.79588240326271 -88.71158853441656 0.999999999999839
953 102.3633065793308 -31.00684301775713 0.999999999999839
954 40.30900264500035 -8.853544597954446 0.999999999999839
955 113.5595176722199 60.37224806975382 0.999999999999839
956 77.49872586887953 94.6432126987828 0.999999999999839
957 76.81794857176801 -94.70993499534327 0.999999999999839
958 117.026373436081 -59.73118141870103 0.999999999999839
959 28.63859975037801 54.01343587698936 0.999999999999839
960 117.791564636414 -2.267514394991441 0.999999999999839
961 74.25882904179088 -38.26579479349304 0.999999999999839
962 73.15713544619992 29.23279743613513 0.999999999999839
963 26.06371497440456 -64.28941063976239 0.999999999999839
964 25.71428571428568 101.2219283423528 0.999999999999839
965 60.33339575549419 -65.7391024002315 0.999999999999839
966 23.95736101984618 -101.3009334209477 0.999999999999839
967 24.11378975446775 12.72055528421059 0.999999999999839
968 28.07213672696017 -34.49819649087073 0.999999999999839
969 54.98800563841316 50.48706935523131 0.999999999999839
970 121.5607026571457 36.41260898770201 0.999999999999839
971 56.28338120288461 101.3518479604875 0.999999999999839
972 52.43694279591047 -24.50694469926956 0.999999999999839
973 52.97646978884831 6.11858607680772 0.999999999999839
974 93.80348449811422 74.88017490237753 0.999999999999839
975 93.32984460929463 2.780878349275991 0.999999999999839
976 122.9686160836888 103.004969476924 0.999999999999839
977 123.2431797321971 -103.2105788926972 0.999999999999839
978 59.85378257162034 -100.6235256077171 0.999999999999839
979 95.64295977011497 43.87110088004609 0.999999999999839
980 20.87136916522495 80.39776756493214 0.999999999999839
981 127.9274275498746 -25.33210501600032 0.999999999999839
982 94.28571428571418 105.2410134576065 0.999999999999839
983 59.18115120558048 74.82910439264103 0.999999999999839
984 126.0429359433442 75.04860062535926 0.999999999999839
985 21.62642950375819 35.71484017570781 0.999999999999839
986 124.0821381730728 15.62095642573813 0.999999999999839
987 94.34094613583451 -106.4762488544444 0.999999999999839
988 127.4954699711058 -75.19700008142469 0.999999999999839
989 86.80795031936272 -21.92238079119981 0.999999999999839
990 91.42397131772682 -47.11314784761581 0.999999999999839
991 92.69565826913767 -85.52597802006389 0.999999999999839
992 18.0136927084515 -82.24849782638151 0.999999999999839
993 76.44346768811603 10.43647861764713 0.999999999999839
994 12.40582839367997 -8.92116071466684 0.999999999999839
995 127.4659082693929 -44.00313713559516 0.999999999999839
996 60.08118846062832 -82.87146876477132 0.999999999999839
997 15.48985709555798 -46.89599043291983 0.999999999999839
998 127.8814862850506 53.51310164527256 0.999999999999839
999 73.72558927386535 110.9996860555302 0.999999999999839
1000 107.4286289221853 -73.67566139816557 0.999999999999839
1001 45.91795024050911 62.93559334433658 0.999999999999839
1002 41.32677828510604 -107.5787658062221 0.999999999999839
1003 15.71076620220029 62.70044367086399 0.999999999999839
1004 101.5411709108369 -12.01810201574632 0.999999999999839
1005 43.39751656725474 -69.5686313423339 0.999999999999839
1006 41.84545821449795 111.0370416334796 0.999999999999839
1007 111.4285714285714 112.2978771173728 0.999999999999839
1008 112.5009146163965 -111.570443546846 0.999999999999839
1009 131.5122356386081 -93.08899729462729 0.999999999999839
1010 132.3542053892921 91.66666666666659 0.999999999999839
1011 131.0410498575568 -8.596371554475473 0.999999999999839
1012 74.45854815035939 -56.47016187985335 0.999999999999839
1013 75.0525296080708 -111.2846878927082 0.999999999999839
1014 62.22373803114527 18.15826004429298 0.999999999999839
1015 132.0402181640934 -58.33333333333336 0.999999999999839
1016 76.23532686579904 -77.78922613910908 0.999999999999839
1017 99.5843299597181 59.42189964314969 0.999999999999839
1018 69.24359259308504 45.67742041623619 0.999999999999839
1019 108.3498121648093 74.62675248662521 0.999999999999839
1020 41.01480669899988 41.24568275824102 0.999999999999839
1021 38.07566610009852 -24.93942912628892 0.999999999999839
1022 102.1573368789902 -58.5231933314146 0.999999999999839
1023 60.60918614759444 -45.06961242298915 0.999999999999839
1024 37.61797312328014 8.196546410011802 0.999999999999839
1025 69.89087464200324 -24.42182658120211 0.999999999999839
1026 78.02205906595323 77.1167514310641 0.999999999999839
1027 87.12605103600796 23.98451143125357 0.999999999999839
1028 109.6615806449679 -45.9398201177183 0.999999999999839
1029 57.41202731781591 -8.608733732608052 0.999999999999839
1030 13.1951590912673 48.3428868018551 0.999999999999839
1031 14.32326135549798 110.5496690987219 0.999999999999839
1032 107.8183790284468 8.515688283585703 0.999999999999839
1033 96.07942869214152 89.4881144408406 0.999999999999839
1034 57.97131305427904 35.42133087384218 0.999999999999839
1035 11.56396625618342 -62.49999999999994 0.999999999999839
1036 62.99935418577948 87.60722767496601 0.999999999999839
1037 12.75254300475322 96.20118530720504 0.999999999999839
1038 34.44057177203739 -51.87328249875006 0.999999999999839
1039 13.5955667023142 22.87357994443231 0.999999999999839
1040 13.67373647764569 -111.1732129814601 0.999999999999839
1041 132.2673835076214 27.16230910259533 0.999999999999839
1042 31.15464477161301 68.47448139983969 0.999999999999839
1043 134.2168626430806 41.25475599067592 0.999999999999839
1044 12.2352856327017 7.882570788913746 0.999999999999839
1045 13.69776594595658 -26.99239343513106 0.999999999999839
1046 110.7156197029773 43.18853433521238 0.999999999999839
1047 64.70807387754245 60.64779709392558 0.999999999999839
1048 31.95247827178471 -78.14158032331679 0.999999999999839
1049 132.5829505334087 4.284747428587561 0.999999999999839
1050 38.34463368084164 95.68119792143199 0.999999999999839
1051 59.99999999999986 114.7620422163044 0.999999999999839
1052 10.71961114080071 -97.80380485959422 0.999999999999839
1053 31.37963364274432 25.19398569377628 0.999999999999839
1054 81.41184677212033 40.09566518401546 0.999999999999839
1055 26.41562604906403 -114.2082758289922 0.999999999999839
1056 115.6950887376676 -18.00679385002694 0.999999999999839
1057 26.6623153425706 114.5617278149108 0.999999999999839
1058 48.95422941505633 -55.06495505644031 0.999999999999839
1059 59.24661809295949 -113.8973958613295 0.999999999999839
1060 85.83646849453696 -8.061718715077527 0.999999999999839
1061 25.84360443330182 -0.4740101756632775 0.999999999999839
1062 26.40066737416625 -17.44645575676255 0.999999999999839
1063 117.2009820559101 -34.3854419611275 0.999999999999839
1064 115.7664953351561 25.42938467854285 0.999999999999839
1065 30.75822299390126 -90.22042561946223 0.999999999999839
1066 124.4384933462796 113.2103678807368 0.999999999999839
1067 133.1008816360385 -104.8189710812924 0.999999999999839
1068 127.1659351798738 -113.1251047692411 0.999999999999839
1069 133.1519916523119 107.0054398531563 0.999999999999839
1070 86.29805939646688 -34.62182095888546 0.999999999999839
1071 64.3111405651851 3.554251534561281 0.999999999999839
$EndNodes
$Elements
2052
1 2 2 1 1 25 1 3
2 2 2 1 1 32 4 2
3 2 2 1 1 28 32 2
4 2 2 1 1 29 25 3
5 2 2 1 1 26 25 29
6 2 2 1 1 27 26 30
7 2 2 1 1 26 29 30
8 2 2 1 1 27 31 28
9 2 2 1 1 31 27 30
10 2 2 1 1 31 32 28
11 2 2 1 2 54 55 40
12 2 2 1 2 53 54 39
13 2 2 1 2 47 33 268
14 2 2 1 2 5 6 268
15 2 2 1 2 33 5 268
16 2 2 1 2 6 47 268
17 2 2 1 2 61 3 1
18 2 2 1 2 46 61 1
19 2 2 1 2 48 34 33
20 2 2 1 2 47 48 33
21 2 2 1 2 49 35 34
22 2 2 1 2 48 49 34
23 2 2 1 2 35 50 36
24 2 2 1 2 49 50 35
25 2 2 1 2 36 51 37
26 2 2 1 2 50 51 36
27 2 2 1 2 37 52 38
28 2 2 1 2 51 52 37
29 2 2 1 2 38 53 39
30 2 2 1 2 52 53 38
31 2 2 1 2 39 54 40
32 2 2 1 2 40 55 41
33 2 2 1 2 41 56 42
34 2 2 1 2 55 56 41
35 2 2 1 2 57 43 42
36 2 2 1 2 56 57 42
37 2 2 1 2 44 43 58
38 2 2 1 2 43 57 58
39 2 2 1 2 45 44 59
40 2 2 1 2 59 44 58
41 2 2 1 2 46 45 60
42 2 2 1 2 45 59 60
43 2 2 1 2 61 46 60
44 2 2 1 3 65 71 274
45 2 2 1 3 64 70 273
46 2 2 1 3 63 69 272
47 2 2 1 3 62 68 271
48 2 2 1 3 66 72 275
49 2 2 1 3 7 8 270
50 2 2 1 3 68 62 270
51 2 2 1 3 69 63 271
52 2 2 1 3 70 64 272
53 2 2 1 3 71 65 273
54 2 2 1 3 72 66 274
55 2 2 1 3 67 73 269
56 2 2 1 3 6 5 269
57 2 2 1 3 73 67 275
58 2 2 1 3 5 67 269
59 2 2 1 3 73 6 269
60 2 2 1 3 62 7 270
61 2 2 1 3 8 68 270
62 2 2 1 3 63 62 271
63 2 2 1 3 64 63 272
64 2 2 1 3 65 64 273
65 2 2 1 3 66 65 274
66 2 2 1 3 67 66 275
67 2 2 1 3 68 69 271
68 2 2 1 3 69 70 272
69 2 2 1 3 70 71 273
70 2 2 1 3 71 72 274
71 2 2 1 3 72 73 275
72 2 2 1 4 228 229 311
73 2 2 1 4 245 246 52
74 2 2 1 4 247 248 54
75 2 2 1 4 56 250 251
76 2 2 1 4 232 231 311
77 2 2 1 4 242 243 50
78 2 2 1 4 52 246 53
79 2 2 1 4 53 247 54
80 2 2 1 4 252 57 251
81 2 2 1 4 57 56 251
82 2 2 1 4 224 225 292
83 2 2 1 4 246 247 53
84 2 2 1 4 276 282 290
85 2 2 1 4 69 288 294
86 2 2 1 4 237 238 291
87 2 2 1 4 286 278 297
88 2 2 1 4 281 228 311
89 2 2 1 4 277 286 297
90 2 2 1 4 239 22 283
91 2 2 1 4 228 281 293
92 2 2 1 4 278 289 297
93 2 2 1 4 289 32 297
94 2 2 1 4 231 230 289
95 2 2 1 4 69 68 288
96 2 2 1 4 283 71 301
97 2 2 1 4 281 231 289
98 2 2 1 4 224 292 310
99 2 2 1 4 253 254 282
100 2 2 1 4 276 280 287
101 2 2 1 4 285 237 291
102 2 2 1 4 226 227 286
103 2 2 1 4 240 241 284
104 2 2 1 4 236 237 285
105 2 2 1 4 242 50 316
106 2 2 1 4 282 276 309
107 2 2 1 4 72 71 283
108 2 2 1 4 231 281 311
109 2 2 1 4 282 254 290
110 2 2 1 4 234 235 288
111 2 2 1 4 286 277 302
112 2 2 1 4 3 61 296
113 2 2 1 4 4 32 303
114 2 2 1 4 71 291 301
115 2 2 1 4 253 282 295
116 2 2 1 4 73 72 279
117 2 2 1 4 254 19 290
118 2 2 1 4 283 22 315
119 2 2 1 4 240 284 315
120 2 2 1 4 284 241 298
121 2 2 1 4 279 72 283
122 2 2 1 4 285 69 294
123 2 2 1 4 70 69 285
124 2 2 1 4 29 3 296
125 2 2 1 4 276 287 296
126 2 2 1 4 60 282 309
127 2 2 1 4 57 252 305
128 2 2 1 4 32 31 297
129 2 2 1 4 287 280 299
130 2 2 1 4 30 29 287
131 2 2 1 4 50 243 314
132 2 2 1 4 48 47 284
133 2 2 1 4 250 56 313
134 2 2 1 4 292 280 310
135 2 2 1 4 277 292 302
136 2 2 1 4 71 70 291
137 2 2 1 4 286 227 293
138 2 2 1 4 60 59 282
139 2 2 1 4 226 286 302
140 2 2 1 4 20 232 311
141 2 2 1 4 236 285 294
142 2 2 1 4 50 49 316
143 2 2 1 4 54 248 308
144 2 2 1 4 245 52 307
145 2 2 1 4 229 20 311
146 2 2 1 4 227 228 293
147 2 2 1 4 47 6 300
148 2 2 1 4 290 19 310
149 2 2 1 4 280 276 290
150 2 2 1 4 70 285 291
151 2 2 1 4 278 281 289
152 2 2 1 4 235 236 294
153 2 2 1 4 284 279 315
154 2 2 1 4 277 297 304
155 2 2 1 4 281 278 293
156 2 2 1 4 292 225 302
157 2 2 1 4 288 235 294
158 2 2 1 4 48 284 298
159 2 2 1 4 239 283 301
160 2 2 1 4 6 73 300
161 2 2 1 4 233 21 312
162 2 2 1 4 21 234 312
163 2 2 1 4 297 31 304
164 2 2 1 4 291 238 301
165 2 2 1 4 61 60 309
166 2 2 1 4 24 253 295
167 2 2 1 4 31 30 304
168 2 2 1 4 287 29 296
169 2 2 1 4 279 284 300
170 2 2 1 4 49 48 298
171 2 2 1 4 19 224 310
172 2 2 1 4 68 8 306
173 2 2 1 4 58 57 305
174 2 2 1 4 32 289 303
175 2 2 1 4 234 288 312
176 2 2 1 4 51 50 314
177 2 2 1 4 59 58 295
178 2 2 1 4 56 55 313
179 2 2 1 4 52 51 307
180 2 2 1 4 55 54 308
181 2 2 1 4 252 24 305
182 2 2 1 4 282 59 295
183 2 2 1 4 8 233 306
184 2 2 1 4 24 295 305
185 2 2 1 4 30 287 304
186 2 2 1 4 23 242 316
187 2 2 1 4 238 239 301
188 2 2 1 4 225 226 302
189 2 2 1 4 280 292 299
190 2 2 1 4 280 290 310
191 2 2 1 4 287 299 304
192 2 2 1 4 279 283 315
193 2 2 1 4 292 277 299
194 2 2 1 4 298 23 316
195 2 2 1 4 278 286 293
196 2 2 1 4 73 279 300
197 2 2 1 4 276 296 309
198 2 2 1 4 241 23 298
199 2 2 1 4 230 4 303
200 2 2 1 4 244 245 307
201 2 2 1 4 248 249 308
202 2 2 1 4 296 61 309
203 2 2 1 4 49 298 316
204 2 2 1 4 249 250 313
205 2 2 1 4 243 244 314
206 2 2 1 4 284 47 300
207 2 2 1 4 299 277 304
208 2 2 1 4 289 230 303
209 2 2 1 4 22 240 315
210 2 2 1 4 288 68 306
211 2 2 1 4 244 307 314
212 2 2 1 4 308 249 313
213 2 2 1 4 295 58 305
214 2 2 1 4 307 51 314
215 2 2 1 4 55 308 313
216 2 2 1 4 306 233 312
217 2 2 1 4 288 306 312
218 2 2 1 5 95 327 94
219 2 2 1 5 97 335 334
220 2 2 1 5 334 335 324
221 2 2 1 5 36 88 35
222 2 2 1 5 113 340 114
223 2 2 1 5 326 373 346
224 2 2 1 5 335 362 324
225 2 2 1 5 117 329 118
226 2 2 1 5 119 330 120
227 2 2 1 5 115 331 116
228 2 2 1 5 113 359 340
229 2 2 1 5 102 332 101
230 2 2 1 5 100 333 99
231 2 2 1 5 346 356 326
232 2 2 1 5 98 335 97
233 2 2 1 5 110 328 111
234 2 2 1 5 97 334 96
235 2 2 1 5 95 347 327
236 2 2 1 5 327 349 94
237 2 2 1 5 328 338 317
238 2 2 1 5 327 347 318
239 2 2 1 5 346 373 319
240 2 2 1 5 329 342 118
241 2 2 1 5 119 342 330
242 2 2 1 5 117 343 329
243 2 2 1 5 331 343 116
244 2 2 1 5 320 365 329
245 2 2 1 5 321 364 331
246 2 2 1 5 332 365 320
247 2 2 1 5 332 344 101
248 2 2 1 5 102 346 332
249 2 2 1 5 333 364 321
250 2 2 1 5 110 338 328
251 2 2 1 5 100 344 333
252 2 2 1 5 328 357 318
253 2 2 1 5 329 343 320
254 2 2 1 5 318 355 328
255 2 2 1 5 320 344 332
256 2 2 1 5 318 357 327
257 2 2 1 5 331 364 343
258 2 2 1 5 343 364 320
259 2 2 1 5 334 347 96
260 2 2 1 5 329 365 342
261 2 2 1 5 342 365 319
262 2 2 1 5 334 360 347
263 2 2 1 5 347 360 318
264 2 2 1 5 331 354 321
265 2 2 1 5 321 350 333
266 2 2 1 5 346 365 332
267 2 2 1 5 319 365 346
268 2 2 1 5 344 364 333
269 2 2 1 5 320 364 344
270 2 2 1 5 333 350 99
271 2 2 1 5 330 367 120
272 2 2 1 5 115 354 331
273 2 2 1 5 5 336 67
274 2 2 1 5 324 360 334
275 2 2 1 5 98 350 335
276 2 2 1 5 317 357 328
277 2 2 1 5 335 350 321
278 2 2 1 5 92 336 5
279 2 2 1 5 342 373 330
280 2 2 1 5 319 373 342
281 2 2 1 5 327 358 349
282 2 2 1 5 328 355 111
283 2 2 1 5 357 358 327
284 2 2 1 5 109 338 110
285 2 2 1 5 353 373 326
286 2 2 1 5 101 344 100
287 2 2 1 5 118 342 119
288 2 2 1 5 116 343 117
289 2 2 1 5 103 346 102
290 2 2 1 5 341 355 318
291 2 2 1 5 341 359 112
292 2 2 1 5 96 347 95
293 2 2 1 5 66 345 65
294 2 2 1 5 321 354 340
295 2 2 1 5 112 359 113
296 2 2 1 5 338 371 317
297 2 2 1 5 99 350 98
298 2 2 1 5 64 348 63
299 2 2 1 5 340 354 114
300 2 2 1 5 321 362 335
301 2 2 1 5 317 358 357
302 2 2 1 5 93 368 92
303 2 2 1 5 340 359 324
304 2 2 1 5 114 354 115
305 2 2 1 5 112 355 341
306 2 2 1 5 109 366 338
307 2 2 1 5 94 349 93
308 2 2 1 5 111 355 112
309 2 2 1 5 338 366 323
310 2 2 1 5 330 373 353
311 2 2 1 5 322 351 336
312 2 2 1 5 11 361 104
313 2 2 1 5 105 361 11
314 2 2 1 5 325 372 371
315 2 2 1 5 103 356 346
316 2 2 1 5 326 369 353
317 2 2 1 5 371 372 317
318 2 2 1 5 323 371 338
319 2 2 1 5 325 371 348
320 2 2 1 5 7 370 108
321 2 2 1 5 120 367 12
322 2 2 1 5 366 370 352
323 2 2 1 5 12 367 107
324 2 2 1 5 348 371 323
325 2 2 1 5 67 351 66
326 2 2 1 5 63 352 62
327 2 2 1 5 108 366 109
328 2 2 1 5 341 360 324
329 2 2 1 5 318 360 341
330 2 2 1 5 107 353 106
331 2 2 1 5 92 368 336
332 2 2 1 5 324 362 340
333 2 2 1 5 340 362 321
334 2 2 1 5 336 368 322
335 2 2 1 5 345 351 322
336 2 2 1 5 108 370 366
337 2 2 1 5 324 359 341
338 2 2 1 5 104 356 103
339 2 2 1 5 322 368 349
340 2 2 1 5 66 351 345
341 2 2 1 5 317 372 358
342 2 2 1 5 349 368 93
343 2 2 1 5 348 352 63
344 2 2 1 5 345 363 65
345 2 2 1 5 64 363 348
346 2 2 1 5 353 369 106
347 2 2 1 5 65 363 64
348 2 2 1 5 349 358 322
349 2 2 1 5 106 369 105
350 2 2 1 5 81 339 43
351 2 2 1 5 322 372 345
352 2 2 1 5 336 351 67
353 2 2 1 5 353 367 330
354 2 2 1 5 323 366 352
355 2 2 1 5 62 370 7
356 2 2 1 5 352 370 62
357 2 2 1 5 41 337 83
358 2 2 1 5 356 361 326
359 2 2 1 5 323 352 348
360 2 2 1 5 82 337 42
361 2 2 1 5 107 367 353
362 2 2 1 5 104 361 356
363 2 2 1 5 348 363 325
364 2 2 1 5 358 372 322
365 2 2 1 5 325 363 345
366 2 2 1 5 42 339 82
367 2 2 1 5 361 369 326
368 2 2 1 5 345 372 325
369 2 2 1 5 105 369 361
370 2 2 1 5 1 74 10
371 2 2 1 5 10 78 1
372 2 2 1 5 25 74 1
373 2 2 1 5 1 78 46
374 2 2 1 5 33 91 5
375 2 2 1 5 5 91 92
376 2 2 1 5 26 75 25
377 2 2 1 5 25 75 74
378 2 2 1 5 26 76 75
379 2 2 1 5 90 91 33
380 2 2 1 5 89 90 34
381 2 2 1 5 88 89 35
382 2 2 1 5 87 88 36
383 2 2 1 5 42 337 41
384 2 2 1 5 43 339 42
385 2 2 1 5 78 79 46
386 2 2 1 5 82 339 81
387 2 2 1 5 83 337 82
388 2 2 1 5 2 9 28
389 2 2 1 5 9 77 28
390 2 2 1 5 27 76 26
391 2 2 1 5 28 77 27
392 2 2 1 5 27 77 76
393 2 2 1 5 34 90 33
394 2 2 1 5 35 89 34
395 2 2 1 5 36 37 87
396 2 2 1 5 37 38 86
397 2 2 1 5 87 37 86
398 2 2 1 5 85 38 39
399 2 2 1 5 86 38 85
400 2 2 1 5 84 39 40
401 2 2 1 5 85 39 84
402 2 2 1 5 41 83 40
403 2 2 1 5 40 83 84
404 2 2 1 5 44 81 43
405 2 2 1 5 45 80 44
406 2 2 1 5 80 81 44
407 2 2 1 5 46 79 45
408 2 2 1 5 79 80 45
409 2 2 1 6 145 391 384
410 2 2 1 6 385 390 139
411 2 2 1 6 142 389 386
412 2 2 1 6 145 384 144
413 2 2 1 6 140 385 139
414 2 2 1 6 142 386 141
415 2 2 1 6 137 387 136
416 2 2 1 6 378 420 387
417 2 2 1 6 379 418 385
418 2 2 1 6 388 420 378
419 2 2 1 6 122 392 123
420 2 2 1 6 143 389 142
421 2 2 1 6 139 390 138
422 2 2 1 6 146 391 145
423 2 2 1 6 105 407 106
424 2 2 1 6 385 418 390
425 2 2 1 6 388 407 105
426 2 2 1 6 122 408 392
427 2 2 1 6 387 420 136
428 2 2 1 6 106 407 107
429 2 2 1 6 385 414 379
430 2 2 1 6 409 411 149
431 2 2 1 6 151 412 409
432 2 2 1 6 150 409 149
433 2 2 1 6 384 415 375
434 2 2 1 6 386 417 376
435 2 2 1 6 376 414 385
436 2 2 1 6 393 423 383
437 2 2 1 6 151 409 150
438 2 2 1 6 140 397 385
439 2 2 1 6 386 397 141
440 2 2 1 6 107 407 398
441 2 2 1 6 146 399 391
442 2 2 1 6 385 397 376
443 2 2 1 6 376 397 386
444 2 2 1 6 387 401 377
445 2 2 1 6 375 400 384
446 2 2 1 6 374 413 391
447 2 2 1 6 375 416 389
448 2 2 1 6 384 400 144
449 2 2 1 6 384 426 415
450 2 2 1 6 386 427 417
451 2 2 1 6 137 401 387
452 2 2 1 6 377 419 392
453 2 2 1 6 377 410 387
454 2 2 1 6 121 408 122
455 2 2 1 6 147 399 146
456 2 2 1 6 374 423 393
457 2 2 1 6 396 419 377
458 2 2 1 6 413 426 391
459 2 2 1 6 416 427 389
460 2 2 1 6 398 408 121
461 2 2 1 6 387 410 378
462 2 2 1 6 383 422 393
463 2 2 1 6 143 400 389
464 2 2 1 6 105 425 388
465 2 2 1 6 390 401 138
466 2 2 1 6 377 401 390
467 2 2 1 6 389 400 375
468 2 2 1 6 409 412 383
469 2 2 1 6 420 425 135
470 2 2 1 6 391 399 374
471 2 2 1 6 132 393 133
472 2 2 1 6 126 395 127
473 2 2 1 6 129 394 130
474 2 2 1 6 382 411 409
475 2 2 1 6 141 397 140
476 2 2 1 6 415 426 380
477 2 2 1 6 417 427 381
478 2 2 1 6 388 425 420
479 2 2 1 6 382 423 399
480 2 2 1 6 144 400 143
481 2 2 1 6 138 401 137
482 2 2 1 6 136 420 135
483 2 2 1 6 389 427 386
484 2 2 1 6 391 426 384
485 2 2 1 6 399 423 374
486 2 2 1 6 378 407 388
487 2 2 1 6 392 419 123
488 2 2 1 6 390 418 377
489 2 2 1 6 394 405 130
490 2 2 1 6 126 404 395
491 2 2 1 6 132 402 393
492 2 2 1 6 129 403 394
493 2 2 1 6 395 406 127
494 2 2 1 6 149 411 14
495 2 2 1 6 14 411 148
496 2 2 1 6 378 410 392
497 2 2 1 6 392 408 378
498 2 2 1 6 134 412 13
499 2 2 1 6 13 412 151
500 2 2 1 6 392 410 377
501 2 2 1 6 393 422 133
502 2 2 1 6 396 424 124
503 2 2 1 6 131 402 132
504 2 2 1 6 125 404 126
505 2 2 1 6 128 403 129
506 2 2 1 6 130 405 131
507 2 2 1 6 127 406 128
508 2 2 1 6 124 424 125
509 2 2 1 6 128 406 403
510 2 2 1 6 131 405 402
511 2 2 1 6 124 419 396
512 2 2 1 6 377 418 396
513 2 2 1 6 396 418 379
514 2 2 1 6 123 419 124
515 2 2 1 6 402 405 380
516 2 2 1 6 403 406 381
517 2 2 1 6 398 407 378
518 2 2 1 6 135 425 11
519 2 2 1 6 393 413 374
520 2 2 1 6 394 416 375
521 2 2 1 6 395 414 376
522 2 2 1 6 376 417 395
523 2 2 1 6 375 415 394
524 2 2 1 6 399 421 382
525 2 2 1 6 11 425 105
526 2 2 1 6 378 408 398
527 2 2 1 6 379 424 396
528 2 2 1 6 147 421 399
529 2 2 1 6 404 414 395
530 2 2 1 6 394 415 405
531 2 2 1 6 403 416 394
532 2 2 1 6 395 417 406
533 2 2 1 6 402 413 393
534 2 2 1 6 381 427 416
535 2 2 1 6 380 426 413
536 2 2 1 6 148 421 147
537 2 2 1 6 398 428 107
538 2 2 1 6 133 422 134
539 2 2 1 6 12 428 121
540 2 2 1 6 121 428 398
541 2 2 1 6 107 428 12
542 2 2 1 6 404 424 379
543 2 2 1 6 380 413 402
544 2 2 1 6 405 415 380
545 2 2 1 6 379 414 404
546 2 2 1 6 406 417 381
547 2 2 1 6 381 416 403
548 2 2 1 6 125 424 404
549 2 2 1 6 383 423 409
550 2 2 1 6 409 423 382
551 2 2 1 6 411 421 148
552 2 2 1 6 134 422 412
553 2 2 1 6 382 421 411
554 2 2 1 6 412 422 383
555 2 2 1 7 160 438 161
556 2 2 1 7 176 456 175
557 2 2 1 7 439 456 176
558 2 2 1 7 171 451 170
559 2 2 1 7 441 444 155
560 2 2 1 7 437 477 452
561 2 2 1 7 429 449 436
562 2 2 1 7 433 443 442
563 2 2 1 7 451 468 170
564 2 2 1 7 168 440 167
565 2 2 1 7 173 446 172
566 2 2 1 7 154 441 155
567 2 2 1 7 452 461 437
568 2 2 1 7 448 465 429
569 2 2 1 7 436 474 429
570 2 2 1 7 434 466 441
571 2 2 1 7 176 449 439
572 2 2 1 7 157 442 158
573 2 2 1 7 429 465 449
574 2 2 1 7 173 459 446
575 2 2 1 7 155 444 156
576 2 2 1 7 452 477 431
577 2 2 1 7 438 448 161
578 2 2 1 7 442 478 158
579 2 2 1 7 441 466 444
580 2 2 1 7 177 449 176
581 2 2 1 7 160 453 438
582 2 2 1 7 438 465 448
583 2 2 1 7 154 452 441
584 2 2 1 7 449 465 439
585 2 2 1 7 429 474 448
586 2 2 1 7 448 474 435
587 2 2 1 7 175 456 174
588 2 2 1 7 174 456 447
589 2 2 1 7 445 474 436
590 2 2 1 7 432 473 446
591 2 2 1 7 451 473 432
592 2 2 1 7 443 453 159
593 2 2 1 7 433 464 443
594 2 2 1 7 441 469 434
595 2 2 1 7 440 470 167
596 2 2 1 7 168 460 440
597 2 2 1 7 430 465 438
598 2 2 1 7 443 478 442
599 2 2 1 7 161 448 162
600 2 2 1 7 439 465 430
601 2 2 1 7 432 462 454
602 2 2 1 7 452 469 441
603 2 2 1 7 438 453 430
604 2 2 1 7 431 469 452
605 2 2 1 7 157 454 442
606 2 2 1 7 430 456 439
607 2 2 1 7 76 445 75
608 2 2 1 7 159 478 443
609 2 2 1 7 454 462 442
610 2 2 1 7 430 453 443
611 2 2 1 7 74 457 10
612 2 2 1 7 432 454 444
613 2 2 1 7 444 454 156
614 2 2 1 7 9 458 77
615 2 2 1 7 163 458 9
616 2 2 1 7 159 453 160
617 2 2 1 7 431 477 460
618 2 2 1 7 442 462 433
619 2 2 1 7 10 457 178
620 2 2 1 7 153 452 154
621 2 2 1 7 443 464 430
622 2 2 1 7 431 460 450
623 2 2 1 7 447 459 174
624 2 2 1 7 158 478 159
625 2 2 1 7 446 459 433
626 2 2 1 7 156 454 157
627 2 2 1 7 447 456 430
628 2 2 1 7 170 468 169
629 2 2 1 7 169 468 450
630 2 2 1 7 455 477 437
631 2 2 1 7 460 477 440
632 2 2 1 7 434 468 451
633 2 2 1 7 450 460 169
634 2 2 1 7 174 459 173
635 2 2 1 7 169 460 168
636 2 2 1 7 448 471 162
637 2 2 1 7 445 472 435
638 2 2 1 7 435 471 448
639 2 2 1 7 444 466 432
640 2 2 1 7 445 475 75
641 2 2 1 7 15 467 152
642 2 2 1 7 166 467 15
643 2 2 1 7 153 461 452
644 2 2 1 7 449 463 436
645 2 2 1 7 76 472 445
646 2 2 1 7 177 463 449
647 2 2 1 7 437 476 455
648 2 2 1 7 435 474 445
649 2 2 1 7 436 475 445
650 2 2 1 7 440 477 455
651 2 2 1 7 167 470 16
652 2 2 1 7 16 470 164
653 2 2 1 7 433 462 446
654 2 2 1 7 446 462 432
655 2 2 1 7 446 473 172
656 2 2 1 7 433 459 447
657 2 2 1 7 178 463 177
658 2 2 1 7 430 464 447
659 2 2 1 7 432 466 451
660 2 2 1 7 451 466 434
661 2 2 1 7 447 464 433
662 2 2 1 7 434 469 450
663 2 2 1 7 450 469 431
664 2 2 1 7 164 455 165
665 2 2 1 7 77 472 76
666 2 2 1 7 171 473 451
667 2 2 1 7 162 471 163
668 2 2 1 7 152 461 153
669 2 2 1 7 75 475 74
670 2 2 1 7 450 468 434
671 2 2 1 7 172 473 171
672 2 2 1 7 455 476 165
673 2 2 1 7 165 476 166
674 2 2 1 7 457 463 178
675 2 2 1 7 458 472 77
676 2 2 1 7 163 471 458
677 2 2 1 7 455 470 440
678 2 2 1 7 74 475 457
679 2 2 1 7 436 463 457
680 2 2 1 7 461 467 437
681 2 2 1 7 164 470 455
682 2 2 1 7 152 467 461
683 2 2 1 7 457 475 436
684 2 2 1 7 435 472 458
685 2 2 1 7 467 476 437
686 2 2 1 7 458 471 435
687 2 2 1 7 166 476 467
688 2 2 1 8 188 480 189
689 2 2 1 8 179 482 180
690 2 2 1 8 181 481 182
691 2 2 1 8 186 483 187
692 2 2 1 8 183 487 184
693 2 2 1 8 165 486 164
694 2 2 1 8 166 486 165
695 2 2 1 8 184 487 185
696 2 2 1 8 183 489 487
697 2 2 1 8 486 491 164
698 2 2 1 8 166 490 486
699 2 2 1 8 487 488 185
700 2 2 1 8 480 489 189
701 2 2 1 8 481 490 182
702 2 2 1 8 179 488 482
703 2 2 1 8 186 491 483
704 2 2 1 8 479 487 480
705 2 2 1 8 482 487 479
706 2 2 1 8 479 486 481
707 2 2 1 8 483 486 479
708 2 2 1 8 188 484 480
709 2 2 1 8 482 485 180
710 2 2 1 8 181 485 481
711 2 2 1 8 483 484 187
712 2 2 1 8 480 484 479
713 2 2 1 8 479 485 482
714 2 2 1 8 481 485 479
715 2 2 1 8 479 484 483
716 2 2 1 8 487 489 480
717 2 2 1 8 486 490 481
718 2 2 1 8 483 491 486
719 2 2 1 8 482 488 487
720 2 2 1 8 187 484 188
721 2 2 1 8 180 485 181
722 2 2 1 8 182 490 15
723 2 2 1 8 17 488 179
724 2 2 1 8 16 491 186
725 2 2 1 8 189 489 18
726 2 2 1 8 185 488 17
727 2 2 1 8 15 490 166
728 2 2 1 8 164 491 16
729 2 2 1 8 18 489 183
730 2 2 1 9 195 513 504
731 2 2 1 9 505 512 215
732 2 2 1 9 506 514 201
733 2 2 1 9 213 516 212
734 2 2 1 9 197 515 198
735 2 2 1 9 219 519 218
736 2 2 1 9 504 541 498
737 2 2 1 9 499 540 505
738 2 2 1 9 500 542 506
739 2 2 1 9 516 537 212
740 2 2 1 9 515 536 198
741 2 2 1 9 519 538 218
742 2 2 1 9 200 506 201
743 2 2 1 9 195 504 196
744 2 2 1 9 192 509 193
745 2 2 1 9 210 508 209
746 2 2 1 9 216 505 215
747 2 2 1 9 205 503 206
748 2 2 1 9 221 510 220
749 2 2 1 9 203 507 204
750 2 2 1 9 190 511 191
751 2 2 1 9 513 541 504
752 2 2 1 9 505 540 512
753 2 2 1 9 506 542 514
754 2 2 1 9 521 555 502
755 2 2 1 9 501 554 523
756 2 2 1 9 194 513 195
757 2 2 1 9 215 512 214
758 2 2 1 9 201 514 202
759 2 2 1 9 502 534 521
760 2 2 1 9 523 535 501
761 2 2 1 9 496 555 521
762 2 2 1 9 523 554 494
763 2 2 1 9 507 522 204
764 2 2 1 9 508 521 209
765 2 2 1 9 221 523 510
766 2 2 1 9 205 522 503
767 2 2 1 9 192 524 509
768 2 2 1 9 511 524 191
769 2 2 1 9 506 549 500
770 2 2 1 9 505 547 499
771 2 2 1 9 498 548 504
772 2 2 1 9 496 546 524
773 2 2 1 9 524 546 509
774 2 2 1 9 521 546 496
775 2 2 1 9 508 546 521
776 2 2 1 9 494 522 507
777 2 2 1 9 510 523 494
778 2 2 1 9 509 546 493
779 2 2 1 9 507 545 494
780 2 2 1 9 494 545 510
781 2 2 1 9 493 546 508
782 2 2 1 9 508 532 493
783 2 2 1 9 493 526 509
784 2 2 1 9 529 545 497
785 2 2 1 9 495 547 533
786 2 2 1 9 503 550 206
787 2 2 1 9 531 548 492
788 2 2 1 9 495 549 530
789 2 2 1 9 190 551 511
790 2 2 1 9 203 525 507
791 2 2 1 9 509 526 193
792 2 2 1 9 216 533 505
793 2 2 1 9 200 530 506
794 2 2 1 9 504 531 196
795 2 2 1 9 210 532 508
796 2 2 1 9 510 529 220
797 2 2 1 9 497 545 525
798 2 2 1 9 533 547 505
799 2 2 1 9 504 548 531
800 2 2 1 9 510 545 529
801 2 2 1 9 530 549 506
802 2 2 1 9 525 545 507
803 2 2 1 9 492 539 512
804 2 2 1 9 194 526 513
805 2 2 1 9 514 525 202
806 2 2 1 9 513 526 493
807 2 2 1 9 497 525 514
808 2 2 1 9 516 539 492
809 2 2 1 9 524 555 496
810 2 2 1 9 511 555 524
811 2 2 1 9 494 554 522
812 2 2 1 9 522 554 503
813 2 2 1 9 222 523 221
814 2 2 1 9 209 521 208
815 2 2 1 9 204 522 205
816 2 2 1 9 191 524 192
817 2 2 1 9 519 529 497
818 2 2 1 9 495 533 520
819 2 2 1 9 493 532 517
820 2 2 1 9 515 531 492
821 2 2 1 9 495 530 518
822 2 2 1 9 202 525 203
823 2 2 1 9 193 526 194
824 2 2 1 9 528 554 501
825 2 2 1 9 211 537 517
826 2 2 1 9 199 536 518
827 2 2 1 9 502 555 527
828 2 2 1 9 198 536 199
829 2 2 1 9 212 537 211
830 2 2 1 9 217 538 520
831 2 2 1 9 218 538 217
832 2 2 1 9 512 539 214
833 2 2 1 9 500 538 519
834 2 2 1 9 498 537 516
835 2 2 1 9 499 536 515
836 2 2 1 9 518 530 199
837 2 2 1 9 517 532 211
838 2 2 1 9 197 531 515
839 2 2 1 9 219 529 519
840 2 2 1 9 520 533 217
841 2 2 1 9 217 533 216
842 2 2 1 9 199 530 200
843 2 2 1 9 196 531 197
844 2 2 1 9 211 532 210
845 2 2 1 9 220 529 219
846 2 2 1 9 512 540 492
847 2 2 1 9 493 541 513
848 2 2 1 9 514 542 497
849 2 2 1 9 521 534 208
850 2 2 1 9 222 535 523
851 2 2 1 9 18 543 223
852 2 2 1 9 207 544 14
853 2 2 1 9 183 543 18
854 2 2 1 9 14 544 149
855 2 2 1 9 503 554 528
856 2 2 1 9 527 555 511
857 2 2 1 9 501 552 528
858 2 2 1 9 527 553 502
859 2 2 1 9 206 550 17
860 2 2 1 9 13 551 190
861 2 2 1 9 213 539 516
862 2 2 1 9 17 550 185
863 2 2 1 9 151 551 13
864 2 2 1 9 214 539 213
865 2 2 1 9 519 542 500
866 2 2 1 9 497 542 519
867 2 2 1 9 517 541 493
868 2 2 1 9 492 540 515
869 2 2 1 9 515 540 499
870 2 2 1 9 498 541 517
871 2 2 1 9 516 548 498
872 2 2 1 9 518 547 495
873 2 2 1 9 492 548 516
874 2 2 1 9 499 547 518
875 2 2 1 9 500 549 520
876 2 2 1 9 520 549 495
877 2 2 1 9 150 527 151
878 2 2 1 9 185 528 184
879 2 2 1 9 208 534 207
880 2 2 1 9 223 535 222
881 2 2 1 9 518 536 499
882 2 2 1 9 517 537 498
883 2 2 1 9 520 538 500
884 2 2 1 9 150 553 527
885 2 2 1 9 528 552 184
886 2 2 1 9 184 552 183
887 2 2 1 9 149 553 150
888 2 2 1 9 528 550 503
889 2 2 1 9 511 551 527
890 2 2 1 9 535 543 501
891 2 2 1 9 502 544 534
892 2 2 1 9 527 551 151
893 2 2 1 9 185 550 528
894 2 2 1 9 543 552 501
895 2 2 1 9 502 553 544
896 2 2 1 9 534 544 207
897 2 2 1 9 223 543 535
898 2 2 1 9 183 552 543
899 2 2 1 9 544 553 149
900 2 2 1 10 558 666 918
901 2 2 1 10 668 558 918
902 2 2 1 10 652 772 837
903 2 2 1 10 595 645 753
904 2 2 1 10 615 671 786
905 2 2 1 10 666 605 726
906 2 2 1 10 589 666 726
907 2 2 1 10 772 575 837
908 2 2 1 10 559 685 707
909 2 2 1 10 685 599 707
910 2 2 1 10 556 644 867
911 2 2 1 10 673 597 763
912 2 2 1 10 646 596 804
913 2 2 1 10 711 598 714
914 2 2 1 10 648 94 677
915 2 2 1 10 762 684 861
916 2 2 1 10 659 580 849
917 2 2 1 10 645 595 855
918 2 2 1 10 648 618 811
919 2 2 1 10 591 701 708
920 2 2 1 10 701 605 708
921 2 2 1 10 638 607 728
922 2 2 1 10 642 576 871
923 2 2 1 10 574 693 694
924 2 2 1 10 817 659 849
925 2 2 1 10 786 671 881
926 2 2 1 10 690 587 739
927 2 2 1 10 607 638 769
928 2 2 1 10 599 692 707
929 2 2 1 10 692 595 707
930 2 2 1 10 583 664 735
931 2 2 1 10 171 170 681
932 2 2 1 10 665 621 713
933 2 2 1 10 569 664 845
934 2 2 1 10 599 685 686
935 2 2 1 10 589 685 884
936 2 2 1 10 576 642 759
937 2 2 1 10 558 668 927
938 2 2 1 10 582 663 703
939 2 2 1 10 223 222 660
940 2 2 1 10 685 863 884
941 2 2 1 10 685 589 686
942 2 2 1 10 666 589 918
943 2 2 1 10 651 694 872
944 2 2 1 10 94 648 914
945 2 2 1 10 612 659 850
946 2 2 1 10 664 583 897
947 2 2 1 10 872 559 937
948 2 2 1 10 644 581 746
949 2 2 1 10 696 596 738
950 2 2 1 10 569 845 855
951 2 2 1 10 593 664 897
952 2 2 1 10 176 640 800
953 2 2 1 10 82 81 674
954 2 2 1 10 596 646 745
955 2 2 1 10 88 87 673
956 2 2 1 10 674 598 770
957 2 2 1 10 581 644 801
958 2 2 1 10 644 556 813
959 2 2 1 10 559 707 937
960 2 2 1 10 667 593 897
961 2 2 1 10 757 569 774
962 2 2 1 10 565 670 728
963 2 2 1 10 684 586 861
964 2 2 1 10 664 569 735
965 2 2 1 10 721 656 861
966 2 2 1 10 687 583 735
967 2 2 1 10 681 592 716
968 2 2 1 10 609 681 716
969 2 2 1 10 665 585 712
970 2 2 1 10 634 573 730
971 2 2 1 10 662 580 719
972 2 2 1 10 588 682 718
973 2 2 1 10 586 721 861
974 2 2 1 10 670 608 709
975 2 2 1 10 86 85 715
976 2 2 1 10 700 648 811
977 2 2 1 10 573 634 734
978 2 2 1 10 569 692 774
979 2 2 1 10 658 578 872
980 2 2 1 10 598 711 734
981 2 2 1 10 710 610 800
982 2 2 1 10 579 670 910
983 2 2 1 10 168 727 875
984 2 2 1 10 585 665 713
985 2 2 1 10 690 739 825
986 2 2 1 10 680 602 730
987 2 2 1 10 650 592 737
988 2 2 1 10 593 667 827
989 2 2 1 10 688 564 790
990 2 2 1 10 223 660 885
991 2 2 1 10 578 651 872
992 2 2 1 10 80 79 678
993 2 2 1 10 694 559 872
994 2 2 1 10 619 731 744
995 2 2 1 10 731 570 744
996 2 2 1 10 609 662 780
997 2 2 1 10 574 694 891
998 2 2 1 10 660 586 885
999 2 2 1 10 659 558 850
1000 2 2 1 10 656 721 881
1001 2 2 1 10 624 731 823
1002 2 2 1 10 171 681 780
1003 2 2 1 10 718 682 869
1004 2 2 1 10 633 723 876
1005 2 2 1 10 596 696 804
1006 2 2 1 10 580 662 898
1007 2 2 1 10 621 665 900
1008 2 2 1 10 94 93 677
1009 2 2 1 10 618 648 840
1010 2 2 1 10 721 561 881
1011 2 2 1 10 584 741 778
1012 2 2 1 10 644 746 867
1013 2 2 1 10 670 709 910
1014 2 2 1 10 723 633 883
1015 2 2 1 10 576 675 871
1016 2 2 1 10 669 209 846
1017 2 2 1 10 592 650 767
1018 2 2 1 10 168 167 727
1019 2 2 1 10 688 620 787
1020 2 2 1 10 564 688 787
1021 2 2 1 10 631 762 861
1022 2 2 1 10 595 692 855
1023 2 2 1 10 715 85 822
1024 2 2 1 10 681 170 737
1025 2 2 1 10 597 705 763
1026 2 2 1 10 602 680 732
1027 2 2 1 10 620 688 778
1028 2 2 1 10 658 872 937
1029 2 2 1 10 177 176 800
1030 2 2 1 10 735 569 757
1031 2 2 1 10 736 562 842
1032 2 2 1 10 695 595 753
1033 2 2 1 10 820 621 900
1034 2 2 1 10 731 624 841
1035 2 2 1 10 772 652 842
1036 2 2 1 10 608 697 751
1037 2 2 1 10 221 220 717
1038 2 2 1 10 651 578 912
1039 2 2 1 10 215 214 769
1040 2 2 1 10 682 588 720
1041 2 2 1 10 621 682 720
1042 2 2 1 10 653 631 860
1043 2 2 1 10 577 653 860
1044 2 2 1 10 696 738 787
1045 2 2 1 10 586 684 885
1046 2 2 1 10 675 576 836
1047 2 2 1 10 652 736 842
1048 2 2 1 10 704 634 822
1049 2 2 1 10 574 637 729
1050 2 2 1 10 662 609 898
1051 2 2 1 10 668 629 805
1052 2 2 1 10 659 612 725
1053 2 2 1 10 677 625 912
1054 2 2 1 10 711 573 734
1055 2 2 1 10 597 673 852
1056 2 2 1 10 146 679 854
1057 2 2 1 10 605 701 907
1058 2 2 1 10 564 753 790
1059 2 2 1 10 778 688 882
1060 2 2 1 10 704 822 934
1061 2 2 1 10 95 94 914
1062 2 2 1 10 189 18 684
1063 2 2 1 10 705 844 923
1064 2 2 1 10 832 584 911
1065 2 2 1 10 663 582 880
1066 2 2 1 10 717 220 795
1067 2 2 1 10 655 832 911
1068 2 2 1 10 573 680 730
1069 2 2 1 10 675 628 871
1070 2 2 1 10 209 208 846
1071 2 2 1 10 96 700 745
1072 2 2 1 10 664 593 845
1073 2 2 1 10 629 797 805
1074 2 2 1 10 609 676 898
1075 2 2 1 10 593 827 882
1076 2 2 1 10 215 769 905
1077 2 2 1 10 136 135 851
1078 2 2 1 10 135 810 851
1079 2 2 1 10 661 587 793
1080 2 2 1 10 726 605 907
1081 2 2 1 10 777 646 883
1082 2 2 1 10 582 672 880
1083 2 2 1 10 674 81 742
1084 2 2 1 10 598 704 770
1085 2 2 1 10 686 589 726
1086 2 2 1 10 578 658 756
1087 2 2 1 10 679 837 892
1088 2 2 1 10 675 137 851
1089 2 2 1 10 661 562 873
1090 2 2 1 10 147 146 854
1091 2 2 1 10 638 862 919
1092 2 2 1 10 219 218 702
1093 2 2 1 10 682 621 820
1094 2 2 1 10 739 603 832
1095 2 2 1 10 655 739 832
1096 2 2 1 10 80 678 742
1097 2 2 1 10 679 623 837
1098 2 2 1 10 669 630 892
1099 2 2 1 10 575 669 892
1100 2 2 1 10 719 580 815
1101 2 2 1 10 727 650 875
1102 2 2 1 10 740 638 919
1103 2 2 1 10 677 93 775
1104 2 2 1 10 780 662 909
1105 2 2 1 10 562 661 819
1106 2 2 1 10 605 666 838
1107 2 2 1 10 729 597 926
1108 2 2 1 10 717 619 744
1109 2 2 1 10 601 717 744
1110 2 2 1 10 752 606 801
1111 2 2 1 10 594 691 759
1112 2 2 1 10 653 577 940
1113 2 2 1 10 622 675 836
1114 2 2 1 10 713 571 806
1115 2 2 1 10 705 637 844
1116 2 2 1 10 666 558 924
1117 2 2 1 10 713 621 866
1118 2 2 1 10 673 87 758
1119 2 2 1 10 694 651 891
1120 2 2 1 10 706 591 835
1121 2 2 1 10 611 687 735
1122 2 2 1 10 207 812 846
1123 2 2 1 10 88 673 763
1124 2 2 1 10 587 661 799
1125 2 2 1 10 644 752 801
1126 2 2 1 10 598 674 828
1127 2 2 1 10 633 777 883
1128 2 2 1 10 733 642 871
1129 2 2 1 10 637 574 783
1130 2 2 1 10 741 620 778
1131 2 2 1 10 587 699 739
1132 2 2 1 10 699 603 739
1133 2 2 1 10 170 169 737
1134 2 2 1 10 82 674 770
1135 2 2 1 10 640 710 800
1136 2 2 1 10 586 660 754
1137 2 2 1 10 681 609 780
1138 2 2 1 10 660 222 771
1139 2 2 1 10 601 660 771
1140 2 2 1 10 208 207 846
1141 2 2 1 10 693 574 729
1142 2 2 1 10 563 689 818
1143 2 2 1 10 660 601 754
1144 2 2 1 10 611 735 757
1145 2 2 1 10 600 697 743
1146 2 2 1 10 686 556 748
1147 2 2 1 10 683 606 749
1148 2 2 1 10 570 683 749
1149 2 2 1 10 713 806 843
1150 2 2 1 10 733 102 865
1151 2 2 1 10 741 584 886
1152 2 2 1 10 837 575 892
1153 2 2 1 10 103 102 733
1154 2 2 1 10 677 578 840
1155 2 2 1 10 592 681 737
1156 2 2 1 10 591 708 835
1157 2 2 1 10 214 213 794
1158 2 2 1 10 812 148 854
1159 2 2 1 10 625 677 775
1160 2 2 1 10 558 659 817
1161 2 2 1 10 670 579 862
1162 2 2 1 10 148 147 854
1163 2 2 1 10 580 659 815
1164 2 2 1 10 623 712 802
1165 2 2 1 10 712 585 802
1166 2 2 1 10 751 697 868
1167 2 2 1 10 137 136 851
1168 2 2 1 10 599 686 748
1169 2 2 1 10 845 645 855
1170 2 2 1 10 629 668 884
1171 2 2 1 10 209 669 776
1172 2 2 1 10 697 565 743
1173 2 2 1 10 670 565 834
1174 2 2 1 10 682 820 942
1175 2 2 1 10 648 677 840
1176 2 2 1 10 630 669 846
1177 2 2 1 10 614 719 815
1178 2 2 1 10 556 686 907
1179 2 2 1 10 690 557 830
1180 2 2 1 10 97 96 745
1181 2 2 1 10 581 683 792
1182 2 2 1 10 560 698 824
1183 2 2 1 10 698 624 824
1184 2 2 1 10 727 653 940
1185 2 2 1 10 587 690 793
1186 2 2 1 10 637 705 729
1187 2 2 1 10 700 96 914
1188 2 2 1 10 695 618 756
1189 2 2 1 10 634 715 822
1190 2 2 1 10 706 561 798
1191 2 2 1 10 634 704 734
1192 2 2 1 10 705 597 729
1193 2 2 1 10 86 715 758
1194 2 2 1 10 701 591 813
1195 2 2 1 10 604 674 742
1196 2 2 1 10 608 670 834
1197 2 2 1 10 769 214 794
1198 2 2 1 10 602 673 758
1199 2 2 1 10 640 176 755
1200 2 2 1 10 678 604 742
1201 2 2 1 10 703 663 870
1202 2 2 1 10 683 581 801
1203 2 2 1 10 676 568 915
1204 2 2 1 10 708 605 747
1205 2 2 1 10 565 728 833
1206 2 2 1 10 689 584 832
1207 2 2 1 10 723 594 876
1208 2 2 1 10 101 100 722
1209 2 2 1 10 700 596 745
1210 2 2 1 10 671 615 895
1211 2 2 1 10 603 699 764
1212 2 2 1 10 672 582 908
1213 2 2 1 10 578 677 912
1214 2 2 1 10 723 636 808
1215 2 2 1 10 698 581 792
1216 2 2 1 10 767 577 922
1217 2 2 1 10 706 606 752
1218 2 2 1 10 693 729 926
1219 2 2 1 10 137 675 791
1220 2 2 1 10 786 706 835
1221 2 2 1 10 619 717 795
1222 2 2 1 10 694 693 797
1223 2 2 1 10 676 609 839
1224 2 2 1 10 715 634 730
1225 2 2 1 10 669 575 916
1226 2 2 1 10 617 757 774
1227 2 2 1 10 584 689 886
1228 2 2 1 10 556 701 813
1229 2 2 1 10 639 778 882
1230 2 2 1 10 564 695 753
1231 2 2 1 10 684 18 885
1232 2 2 1 10 685 559 863
1233 2 2 1 10 568 708 747
1234 2 2 1 10 789 579 910
1235 2 2 1 10 665 712 857
1236 2 2 1 10 572 723 883
1237 2 2 1 10 761 582 829
1238 2 2 1 10 657 761 829
1239 2 2 1 10 568 676 839
1240 2 2 1 10 731 590 823
1241 2 2 1 10 709 608 773
1242 2 2 1 10 683 570 841
1243 2 2 1 10 691 594 893
1244 2 2 1 10 687 560 773
1245 2 2 1 10 679 146 782
1246 2 2 1 10 689 563 913
1247 2 2 1 10 559 694 863
1248 2 2 1 10 695 564 901
1249 2 2 1 10 135 11 810
1250 2 2 1 10 628 675 851
1251 2 2 1 10 757 617 766
1252 2 2 1 10 591 706 752
1253 2 2 1 10 642 733 865
1254 2 2 1 10 579 789 919
1255 2 2 1 10 704 598 734
1256 2 2 1 10 678 79 760
1257 2 2 1 10 707 595 937
1258 2 2 1 10 671 767 922
1259 2 2 1 10 96 95 914
1260 2 2 1 10 699 571 764
1261 2 2 1 10 603 764 818
1262 2 2 1 10 595 695 889
1263 2 2 1 10 648 700 914
1264 2 2 1 10 708 779 835
1265 2 2 1 10 11 104 810
1266 2 2 1 10 606 683 801
1267 2 2 1 10 583 687 853
1268 2 2 1 10 92 91 724
1269 2 2 1 10 560 687 809
1270 2 2 1 10 687 611 809
1271 2 2 1 10 602 715 730
1272 2 2 1 10 795 702 856
1273 2 2 1 10 692 599 774
1274 2 2 1 10 701 556 907
1275 2 2 1 10 18 223 885
1276 2 2 1 10 565 833 859
1277 2 2 1 10 715 602 758
1278 2 2 1 10 14 148 812
1279 2 2 1 10 561 786 881
1280 2 2 1 10 654 821 836
1281 2 2 1 10 686 726 907
1282 2 2 1 10 207 14 812
1283 2 2 1 10 675 622 791
1284 2 2 1 10 219 702 795
1285 2 2 1 10 931 750 939
1286 2 2 1 10 711 714 781
1287 2 2 1 10 692 569 855
1288 2 2 1 10 99 777 803
1289 2 2 1 10 619 795 856
1290 2 2 1 10 631 653 788
1291 2 2 1 10 221 717 771
1292 2 2 1 10 723 808 893
1293 2 2 1 10 680 567 732
1294 2 2 1 10 697 600 868
1295 2 2 1 10 581 698 921
1296 2 2 1 10 661 807 819
1297 2 2 1 10 690 600 793
1298 2 2 1 10 772 657 829
1299 2 2 1 10 616 772 829
1300 2 2 1 10 623 679 782
1301 2 2 1 10 833 672 859
1302 2 2 1 10 678 610 848
1303 2 2 1 10 632 721 890
1304 2 2 1 10 573 711 765
1305 2 2 1 10 620 696 787
1306 2 2 1 10 610 678 760
1307 2 2 1 10 709 773 925
1308 2 2 1 10 697 608 834
1309 2 2 1 10 699 587 887
1310 2 2 1 10 714 598 828
1311 2 2 1 10 600 690 830
1312 2 2 1 10 764 641 818
1313 2 2 1 10 694 629 863
1314 2 2 1 10 557 690 825
1315 2 2 1 10 807 613 819
1316 2 2 1 10 624 698 792
1317 2 2 1 10 81 80 742
1318 2 2 1 10 717 601 771
1319 2 2 1 10 696 620 896
1320 2 2 1 10 618 695 901
1321 2 2 1 10 565 697 834
1322 2 2 1 10 725 566 784
1323 2 2 1 10 614 725 784
1324 2 2 1 10 601 744 814
1325 2 2 1 10 610 710 848
1326 2 2 1 10 750 654 939
1327 2 2 1 10 721 586 754
1328 2 2 1 10 863 629 884
1329 2 2 1 10 582 703 829
1330 2 2 1 10 703 616 829
1331 2 2 1 10 749 606 798
1332 2 2 1 10 632 749 798
1333 2 2 1 10 698 560 809
1334 2 2 1 10 725 614 815
1335 2 2 1 10 571 699 806
1336 2 2 1 10 211 703 870
1337 2 2 1 10 566 725 781
1338 2 2 1 10 708 568 779
1339 2 2 1 10 703 211 847
1340 2 2 1 10 773 560 925
1341 2 2 1 10 611 757 766
1342 2 2 1 10 718 622 821
1343 2 2 1 10 588 718 821
1344 2 2 1 10 83 770 934
1345 2 2 1 10 561 706 786
1346 2 2 1 10 591 752 813
1347 2 2 1 10 702 218 785
1348 2 2 1 10 830 557 906
1349 2 2 1 10 563 818 931
1350 2 2 1 10 617 746 766
1351 2 2 1 10 87 86 758
1352 2 2 1 10 596 700 811
1353 2 2 1 10 606 706 798
1354 2 2 1 10 89 88 763
1355 2 2 1 10 799 661 873
1356 2 2 1 10 616 703 847
1357 2 2 1 10 821 622 836
1358 2 2 1 10 189 684 762
1359 2 2 1 10 636 741 886
1360 2 2 1 10 728 670 862
1361 2 2 1 10 83 82 770
1362 2 2 1 10 818 689 832
1363 2 2 1 10 603 818 832
1364 2 2 1 10 89 763 923
1365 2 2 1 10 674 604 828
1366 2 2 1 10 798 561 903
1367 2 2 1 10 725 612 781
1368 2 2 1 10 724 91 844
1369 2 2 1 10 610 760 816
1370 2 2 1 10 570 731 841
1371 2 2 1 10 724 637 783
1372 2 2 1 10 79 78 760
1373 2 2 1 10 144 712 878
1374 2 2 1 10 101 722 865
1375 2 2 1 10 562 736 873
1376 2 2 1 10 625 724 783
1377 2 2 1 10 673 602 852
1378 2 2 1 10 222 221 771
1379 2 2 1 10 594 759 930
1380 2 2 1 10 174 719 826
1381 2 2 1 10 680 573 888
1382 2 2 1 10 777 633 803
1383 2 2 1 10 721 754 890
1384 2 2 1 10 78 10 816
1385 2 2 1 10 738 564 787
1386 2 2 1 10 712 144 857
1387 2 2 1 10 590 702 928
1388 2 2 1 10 577 767 940
1389 2 2 1 10 626 817 849
1390 2 2 1 10 615 779 929
1391 2 2 1 10 716 592 796
1392 2 2 1 10 796 615 929
1393 2 2 1 10 602 732 852
1394 2 2 1 10 790 593 882
1395 2 2 1 10 688 790 882
1396 2 2 1 10 608 751 853
1397 2 2 1 10 719 174 917
1398 2 2 1 10 865 722 930
1399 2 2 1 10 649 751 868
1400 2 2 1 10 93 92 775
1401 2 2 1 10 770 704 934
1402 2 2 1 10 601 814 890
1403 2 2 1 10 748 617 774
1404 2 2 1 10 599 748 774
1405 2 2 1 10 637 724 844
1406 2 2 1 10 604 678 848
1407 2 2 1 10 571 713 866
1408 2 2 1 10 702 590 856
1409 2 2 1 10 797 567 805
1410 2 2 1 10 585 713 843
1411 2 2 1 10 568 747 915
1412 2 2 1 10 139 718 869
1413 2 2 1 10 218 217 785
1414 2 2 1 10 567 693 926
1415 2 2 1 10 657 772 842
1416 2 2 1 10 732 597 852
1417 2 2 1 10 773 608 853
1418 2 2 1 10 585 736 802
1419 2 2 1 10 736 652 802
1420 2 2 1 10 718 139 899
1421 2 2 1 10 654 750 821
1422 2 2 1 10 712 623 878
1423 2 2 1 10 609 716 839
1424 2 2 1 10 167 16 768
1425 2 2 1 10 100 99 803
1426 2 2 1 10 621 720 866
1427 2 2 1 10 629 694 797
1428 2 2 1 10 806 627 843
1429 2 2 1 10 763 705 923
1430 2 2 1 10 746 581 766
1431 2 2 1 10 740 216 905
1432 2 2 1 10 722 100 803
1433 2 2 1 10 210 209 776
1434 2 2 1 10 622 718 899
1435 2 2 1 10 827 639 882
1436 2 2 1 10 810 628 851
1437 2 2 1 10 216 215 905
1438 2 2 1 10 769 638 905
1439 2 2 1 10 727 167 768
1440 2 2 1 10 724 625 775
1441 2 2 1 10 659 725 815
1442 2 2 1 10 720 588 877
1443 2 2 1 10 721 632 903
1444 2 2 1 10 561 721 903
1445 2 2 1 10 862 579 919
1446 2 2 1 10 744 570 814
1447 2 2 1 10 572 804 896
1448 2 2 1 10 804 696 896
1449 2 2 1 10 693 567 797
1450 2 2 1 10 739 655 825
1451 2 2 1 10 866 720 936
1452 2 2 1 10 662 719 917
1453 2 2 1 10 138 137 791
1454 2 2 1 10 728 607 833
1455 2 2 1 10 571 866 936
1456 2 2 1 10 745 646 864
1457 2 2 1 10 653 727 768
1458 2 2 1 10 723 572 920
1459 2 2 1 10 636 723 920
1460 2 2 1 10 812 630 846
1461 2 2 1 10 719 614 826
1462 2 2 1 10 647 789 910
1463 2 2 1 10 10 178 816
1464 2 2 1 10 710 566 894
1465 2 2 1 10 570 749 814
1466 2 2 1 10 750 641 877
1467 2 2 1 10 588 750 877
1468 2 2 1 10 175 174 826
1469 2 2 1 10 188 189 762
1470 2 2 1 10 176 175 755
1471 2 2 1 10 99 98 777
1472 2 2 1 10 747 605 838
1473 2 2 1 10 743 565 859
1474 2 2 1 10 627 736 843
1475 2 2 1 10 736 585 843
1476 2 2 1 10 612 711 781
1477 2 2 1 10 594 723 893
1478 2 2 1 10 600 743 807
1479 2 2 1 10 695 756 889
1480 2 2 1 10 646 804 883
1481 2 2 1 10 785 217 874
1482 2 2 1 10 174 173 917
1483 2 2 1 10 568 839 929
1484 2 2 1 10 642 865 930
1485 2 2 1 10 640 755 784
1486 2 2 1 10 833 607 880
1487 2 2 1 10 751 649 902
1488 2 2 1 10 583 751 902
1489 2 2 1 10 16 186 768
1490 2 2 1 10 610 816 879
1491 2 2 1 10 711 612 765
1492 2 2 1 10 789 647 823
1493 2 2 1 10 590 789 823
1494 2 2 1 10 625 783 891
1495 2 2 1 10 563 931 939
1496 2 2 1 10 212 211 870
1497 2 2 1 10 145 144 878
1498 2 2 1 10 766 581 921
1499 2 2 1 10 839 716 929
1500 2 2 1 10 172 171 780
1501 2 2 1 10 618 738 811
1502 2 2 1 10 738 596 811
1503 2 2 1 10 146 145 782
1504 2 2 1 10 211 210 847
1505 2 2 1 10 92 724 775
1506 2 2 1 10 789 643 919
1507 2 2 1 10 828 604 894
1508 2 2 1 10 630 812 854
1509 2 2 1 10 755 614 784
1510 2 2 1 10 178 177 879
1511 2 2 1 10 794 663 880
1512 2 2 1 10 607 794 880
1513 2 2 1 10 626 747 838
1514 2 2 1 10 625 891 912
1515 2 2 1 10 638 728 862
1516 2 2 1 10 672 833 880
1517 2 2 1 10 767 650 940
1518 2 2 1 10 566 714 894
1519 2 2 1 10 722 876 930
1520 2 2 1 10 220 219 795
1521 2 2 1 10 597 732 926
1522 2 2 1 10 140 139 869
1523 2 2 1 10 736 627 873
1524 2 2 1 10 876 594 930
1525 2 2 1 10 743 613 807
1526 2 2 1 10 710 640 941
1527 2 2 1 10 590 731 856
1528 2 2 1 10 753 645 790
1529 2 2 1 10 646 777 864
1530 2 2 1 10 613 761 819
1531 2 2 1 10 144 143 857
1532 2 2 1 10 567 680 935
1533 2 2 1 10 802 652 837
1534 2 2 1 10 623 802 837
1535 2 2 1 10 737 169 875
1536 2 2 1 10 650 727 940
1537 2 2 1 10 714 566 781
1538 2 2 1 10 731 619 856
1539 2 2 1 10 732 567 926
1540 2 2 1 10 216 740 874
1541 2 2 1 10 85 84 822
1542 2 2 1 10 103 733 858
1543 2 2 1 10 139 138 899
1544 2 2 1 10 904 691 939
1545 2 2 1 10 738 618 901
1546 2 2 1 10 641 764 936
1547 2 2 1 10 777 98 864
1548 2 2 1 10 792 683 841
1549 2 2 1 10 91 90 844
1550 2 2 1 10 748 556 867
1551 2 2 1 10 187 188 788
1552 2 2 1 10 104 103 858
1553 2 2 1 10 733 628 858
1554 2 2 1 10 97 745 864
1555 2 2 1 10 620 741 896
1556 2 2 1 10 790 645 845
1557 2 2 1 10 607 769 794
1558 2 2 1 10 628 733 871
1559 2 2 1 10 593 790 845
1560 2 2 1 10 746 617 867
1561 2 2 1 10 749 632 814
1562 2 2 1 10 756 658 889
1563 2 2 1 10 759 642 930
1564 2 2 1 10 650 737 875
1565 2 2 1 10 750 588 821
1566 2 2 1 10 217 216 874
1567 2 2 1 10 756 618 840
1568 2 2 1 10 825 655 831
1569 2 2 1 10 557 825 831
1570 2 2 1 10 649 830 906
1571 2 2 1 10 759 691 904
1572 2 2 1 10 776 616 847
1573 2 2 1 10 617 748 867
1574 2 2 1 10 142 141 820
1575 2 2 1 10 752 644 813
1576 2 2 1 10 572 741 920
1577 2 2 1 10 741 636 920
1578 2 2 1 10 616 776 916
1579 2 2 1 10 776 669 916
1580 2 2 1 10 822 84 934
1581 2 2 1 10 844 90 923
1582 2 2 1 10 564 738 901
1583 2 2 1 10 661 793 807
1584 2 2 1 10 613 743 859
1585 2 2 1 10 582 761 908
1586 2 2 1 10 643 785 874
1587 2 2 1 10 741 572 896
1588 2 2 1 10 172 780 909
1589 2 2 1 10 691 808 939
1590 2 2 1 10 808 563 939
1591 2 2 1 10 831 655 911
1592 2 2 1 10 624 823 824
1593 2 2 1 10 823 647 824
1594 2 2 1 10 740 643 874
1595 2 2 1 10 566 710 941
1596 2 2 1 10 575 772 916
1597 2 2 1 10 714 828 894
1598 2 2 1 10 877 641 936
1599 2 2 1 10 592 767 895
1600 2 2 1 10 702 785 928
1601 2 2 1 10 760 78 816
1602 2 2 1 10 638 740 905
1603 2 2 1 10 643 740 919
1604 2 2 1 10 614 755 826
1605 2 2 1 10 98 97 864
1606 2 2 1 10 102 101 865
1607 2 2 1 10 751 583 853
1608 2 2 1 10 188 762 788
1609 2 2 1 10 90 89 923
1610 2 2 1 10 791 622 899
1611 2 2 1 10 654 904 939
1612 2 2 1 10 578 756 840
1613 2 2 1 10 793 600 807
1614 2 2 1 10 84 83 934
1615 2 2 1 10 169 168 875
1616 2 2 1 10 615 796 895
1617 2 2 1 10 747 626 915
1618 2 2 1 10 604 848 894
1619 2 2 1 10 142 820 900
1620 2 2 1 10 641 750 931
1621 2 2 1 10 820 141 942
1622 2 2 1 10 143 142 900
1623 2 2 1 10 173 172 909
1624 2 2 1 10 623 782 878
1625 2 2 1 10 796 592 895
1626 2 2 1 10 676 849 898
1627 2 2 1 10 849 580 898
1628 2 2 1 10 213 212 932
1629 2 2 1 10 854 679 892
1630 2 2 1 10 630 854 892
1631 2 2 1 10 557 827 906
1632 2 2 1 10 827 667 906
1633 2 2 1 10 779 615 835
1634 2 2 1 10 141 140 942
1635 2 2 1 10 615 786 835
1636 2 2 1 10 755 175 826
1637 2 2 1 10 799 627 887
1638 2 2 1 10 754 601 890
1639 2 2 1 10 761 613 908
1640 2 2 1 10 210 776 847
1641 2 2 1 10 687 773 853
1642 2 2 1 10 635 765 850
1643 2 2 1 10 573 765 888
1644 2 2 1 10 627 806 887
1645 2 2 1 10 768 186 938
1646 2 2 1 10 765 612 850
1647 2 2 1 10 827 557 831
1648 2 2 1 10 639 827 831
1649 2 2 1 10 810 104 858
1650 2 2 1 10 819 761 933
1651 2 2 1 10 576 759 904
1652 2 2 1 10 788 653 938
1653 2 2 1 10 778 639 911
1654 2 2 1 10 584 778 911
1655 2 2 1 10 177 800 879
1656 2 2 1 10 624 792 841
1657 2 2 1 10 558 817 924
1658 2 2 1 10 767 671 895
1659 2 2 1 10 653 768 938
1660 2 2 1 10 761 657 933
1661 2 2 1 10 818 641 931
1662 2 2 1 10 762 631 788
1663 2 2 1 10 764 571 936
1664 2 2 1 10 611 766 921
1665 2 2 1 10 722 803 876
1666 2 2 1 10 187 788 938
1667 2 2 1 10 772 616 916
1668 2 2 1 10 186 187 938
1669 2 2 1 10 783 574 891
1670 2 2 1 10 784 566 941
1671 2 2 1 10 800 610 879
1672 2 2 1 10 643 789 928
1673 2 2 1 10 789 590 928
1674 2 2 1 10 805 635 927
1675 2 2 1 10 600 830 868
1676 2 2 1 10 830 649 868
1677 2 2 1 10 782 145 878
1678 2 2 1 10 848 710 894
1679 2 2 1 10 814 632 890
1680 2 2 1 10 627 799 873
1681 2 2 1 10 910 709 925
1682 2 2 1 10 647 910 925
1683 2 2 1 10 680 888 935
1684 2 2 1 10 891 651 912
1685 2 2 1 10 138 791 899
1686 2 2 1 10 779 568 929
1687 2 2 1 10 803 633 876
1688 2 2 1 10 765 635 888
1689 2 2 1 10 587 799 887
1690 2 2 1 10 808 691 893
1691 2 2 1 10 563 808 913
1692 2 2 1 10 632 798 903
1693 2 2 1 10 806 699 887
1694 2 2 1 10 640 784 941
1695 2 2 1 10 804 572 883
1696 2 2 1 10 888 635 935
1697 2 2 1 10 836 576 904
1698 2 2 1 10 654 836 904
1699 2 2 1 10 668 805 927
1700 2 2 1 10 628 810 858
1701 2 2 1 10 857 143 900
1702 2 2 1 10 785 643 928
1703 2 2 1 10 817 626 924
1704 2 2 1 10 860 631 861
1705 2 2 1 10 656 860 861
1706 2 2 1 10 716 796 929
1707 2 2 1 10 809 611 921
1708 2 2 1 10 698 809 921
1709 2 2 1 10 794 213 932
1710 2 2 1 10 805 567 935
1711 2 2 1 10 663 794 932
1712 2 2 1 10 808 636 913
1713 2 2 1 10 562 819 933
1714 2 2 1 10 656 881 922
1715 2 2 1 10 881 671 922
1716 2 2 1 10 626 838 924
1717 2 2 1 10 140 869 942
1718 2 2 1 10 613 859 908
1719 2 2 1 10 842 562 933
1720 2 2 1 10 657 842 933
1721 2 2 1 10 665 857 900
1722 2 2 1 10 639 831 911
1723 2 2 1 10 667 897 902
1724 2 2 1 10 897 583 902
1725 2 2 1 10 870 663 932
1726 2 2 1 10 902 649 906
1727 2 2 1 10 667 902 906
1728 2 2 1 10 212 870 932
1729 2 2 1 10 635 850 927
1730 2 2 1 10 560 824 925
1731 2 2 1 10 824 647 925
1732 2 2 1 10 816 178 879
1733 2 2 1 10 635 805 935
1734 2 2 1 10 869 682 942
1735 2 2 1 10 626 849 915
1736 2 2 1 10 849 676 915
1737 2 2 1 10 838 666 924
1738 2 2 1 10 859 672 908
1739 2 2 1 10 886 689 913
1740 2 2 1 10 636 886 913
1741 2 2 1 10 589 884 918
1742 2 2 1 10 860 656 922
1743 2 2 1 10 577 860 922
1744 2 2 1 10 720 877 936
1745 2 2 1 10 850 558 927
1746 2 2 1 10 884 668 918
1747 2 2 1 10 889 658 937
1748 2 2 1 10 595 889 937
1749 2 2 1 10 173 909 917
1750 2 2 1 10 909 662 917
1751 2 2 2 11 968 946 1021
1752 2 2 2 11 970 998 1046
1753 2 2 2 11 952 996 1005
1754 2 2 2 11 996 965 1005
1755 2 2 2 11 998 955 1046
1756 2 2 2 11 1012 965 1016
1757 2 2 2 11 946 968 1038
1758 2 2 2 11 972 1023 1025
1759 2 2 2 11 971 956 999
1760 2 2 2 11 266 265 980
1761 2 2 2 11 972 946 1023
1762 2 2 2 11 978 952 1002
1763 2 2 2 11 949 979 1027
1764 2 2 2 11 945 1012 1016
1765 2 2 2 11 973 947 1024
1766 2 2 2 11 1023 961 1025
1767 2 2 2 11 956 971 1036
1768 2 2 2 11 964 980 1050
1769 2 2 2 11 980 948 1050
1770 2 2 2 11 225 224 987
1771 2 2 2 11 946 972 1021
1772 2 2 2 11 252 251 988
1773 2 2 2 11 239 238 982
1774 2 2 2 11 249 248 981
1775 2 2 2 11 954 972 1029
1776 2 2 2 11 243 242 984
1777 2 2 2 11 973 954 1029
1778 2 2 2 11 945 991 1000
1779 2 2 2 11 1027 979 1054
1780 2 2 2 11 979 949 1046
1781 2 2 2 11 957 978 1013
1782 2 2 2 11 957 987 991
1783 2 2 2 11 987 951 991
1784 2 2 2 11 954 973 1024
1785 2 2 2 11 266 980 1037
1786 2 2 2 11 972 954 1021
1787 2 2 2 11 971 948 1036
1788 2 2 2 11 982 950 1007
1789 2 2 2 11 998 970 1043
1790 2 2 2 11 983 948 1001
1791 2 2 2 11 249 981 995
1792 2 2 2 11 975 949 1027
1793 2 2 2 11 945 1000 1022
1794 2 2 2 11 974 944 1017
1795 2 2 2 11 947 973 1014
1796 2 2 2 11 944 974 1026
1797 2 2 2 11 950 984 1010
1798 2 2 2 11 952 978 996
1799 2 2 2 11 978 957 996
1800 2 2 2 11 949 975 1032
1801 2 2 2 11 948 971 1050
1802 2 2 2 11 1002 952 1065
1803 2 2 2 11 259 997 1045
1804 2 2 2 11 1046 949 1064
1805 2 2 2 11 225 987 1013
1806 2 2 2 11 956 1026 1033
1807 2 2 2 11 257 256 992
1808 2 2 2 11 948 983 1036
1809 2 2 2 11 959 985 1020
1810 2 2 2 11 988 251 1015
1811 2 2 2 11 951 987 1008
1812 2 2 2 11 980 265 1003
1813 2 2 2 11 1026 974 1033
1814 2 2 2 11 945 990 1012
1815 2 2 2 11 990 961 1012
1816 2 2 2 11 975 1004 1032
1817 2 2 2 11 1004 960 1032
1818 2 2 2 11 257 992 1035
1819 2 2 2 11 1024 947 1053
1820 2 2 2 11 980 964 1037
1821 2 2 2 11 944 979 1017
1822 2 2 2 11 982 238 999
1823 2 2 2 11 259 258 997
1824 2 2 2 11 250 249 995
1825 2 2 2 11 971 999 1051
1826 2 2 2 11 1013 978 1059
1827 2 2 2 11 969 1001 1020
1828 2 2 2 11 1001 959 1020
1829 2 2 2 11 988 951 1009
1830 2 2 2 11 979 944 1054
1831 2 2 2 11 239 982 1007
1832 2 2 2 11 948 980 1042
1833 2 2 2 11 997 968 1045
1834 2 2 2 11 243 984 998
1835 2 2 2 11 1002 227 1059
1836 2 2 2 11 956 982 999
1837 2 2 2 11 982 956 1033
1838 2 2 2 11 981 248 1011
1839 2 2 2 11 950 982 1033
1840 2 2 2 11 987 957 1013
1841 2 2 2 11 254 253 1068
1842 2 2 2 11 241 240 1069
1843 2 2 2 11 985 263 1039
1844 2 2 2 11 965 996 1016
1845 2 2 2 11 984 950 1019
1846 2 2 2 11 984 242 1010
1847 2 2 2 11 263 985 1030
1848 2 2 2 11 975 993 1060
1849 2 2 2 11 993 943 1060
1850 2 2 2 11 985 959 1030
1851 2 2 2 11 228 227 1002
1852 2 2 2 11 983 1001 1047
1853 2 2 2 11 1020 985 1053
1854 2 2 2 11 992 963 1035
1855 2 2 2 11 993 975 1027
1856 2 2 2 11 951 988 1000
1857 2 2 2 11 984 955 998
1858 2 2 2 11 988 958 1000
1859 2 2 2 11 944 1026 1047
1860 2 2 2 11 958 988 1015
1861 2 2 2 11 987 224 1008
1862 2 2 2 11 960 986 1032
1863 2 2 2 11 261 260 994
1864 2 2 2 11 1026 983 1047
1865 2 2 2 11 986 246 1041
1866 2 2 2 11 246 986 1049
1867 2 2 2 11 991 951 1000
1868 2 2 2 11 993 962 1014
1869 2 2 2 11 968 997 1038
1870 2 2 2 11 1019 950 1033
1871 2 2 2 11 978 1002 1059
1872 2 2 2 11 977 951 1008
1873 2 2 2 11 950 976 1007
1874 2 2 2 11 976 950 1010
1875 2 2 2 11 951 977 1009
1876 2 2 2 11 234 21 1031
1877 2 2 2 11 986 960 1049
1878 2 2 2 11 989 953 1004
1879 2 2 2 11 21 267 1031
1880 2 2 2 11 1038 1005 1058
1881 2 2 2 11 252 988 1009
1882 2 2 2 11 236 1006 1051
1883 2 2 2 11 236 235 1006
1884 2 2 2 11 955 984 1019
1885 2 2 2 11 974 1019 1033
1886 2 2 2 11 1031 267 1037
1887 2 2 2 11 958 995 1028
1888 2 2 2 11 267 266 1037
1889 2 2 2 11 965 1012 1023
1890 2 2 2 11 963 1005 1038
1891 2 2 2 11 993 1014 1071
1892 2 2 2 11 961 990 1070
1893 2 2 2 11 990 953 1070
1894 2 2 2 11 953 989 1070
1895 2 2 2 11 989 943 1025
1896 2 2 2 11 989 1025 1070
1897 2 2 2 11 1025 961 1070
1898 2 2 2 11 22 239 1007
1899 2 2 2 11 224 19 1008
1900 2 2 2 11 238 237 999
1901 2 2 2 11 991 945 1016
1902 2 2 2 11 957 991 1016
1903 2 2 2 11 1001 969 1047
1904 2 2 2 11 20 229 1040
1905 2 2 2 11 244 243 998
1906 2 2 2 11 255 20 1040
1907 2 2 2 11 990 945 1022
1908 2 2 2 11 24 252 1009
1909 2 2 2 11 242 23 1010
1910 2 2 2 11 966 1002 1065
1911 2 2 2 11 965 1023 1058
1912 2 2 2 11 955 1017 1046
1913 2 2 2 11 1017 979 1046
1914 2 2 2 11 943 989 1060
1915 2 2 2 11 261 994 1044
1916 2 2 2 11 994 260 1045
1917 2 2 2 11 947 1020 1053
1918 2 2 2 11 265 264 1003
1919 2 2 2 11 953 990 1028
1920 2 2 2 11 1006 971 1051
1921 2 2 2 11 1026 956 1036
1922 2 2 2 11 983 1026 1036
1923 2 2 2 11 992 256 1052
1924 2 2 2 11 1032 986 1064
1925 2 2 2 11 970 1046 1064
1926 2 2 2 11 1028 995 1063
1927 2 2 2 11 967 1024 1053
1928 2 2 2 11 966 992 1052
1929 2 2 2 11 263 262 1039
1930 2 2 2 11 1017 955 1019
1931 2 2 2 11 974 1017 1019
1932 2 2 2 11 264 263 1030
1933 2 2 2 11 996 957 1016
1934 2 2 2 11 250 995 1015
1935 2 2 2 11 253 1067 1068
1936 2 2 2 11 240 1066 1069
1937 2 2 2 11 248 247 1011
1938 2 2 2 11 1025 943 1029
1939 2 2 2 11 972 1025 1029
1940 2 2 2 11 1014 973 1071
1941 2 2 2 11 963 992 1048
1942 2 2 2 11 992 966 1065
1943 2 2 2 11 959 1003 1030
1944 2 2 2 11 962 993 1027
1945 2 2 2 11 226 225 1013
1946 2 2 2 11 946 1038 1058
1947 2 2 2 11 994 1045 1062
1948 2 2 2 11 1044 994 1061
1949 2 2 2 11 1001 948 1042
1950 2 2 2 11 971 1006 1050
1951 2 2 2 11 999 237 1051
1952 2 2 2 11 980 1003 1042
1953 2 2 2 11 1020 947 1034
1954 2 2 2 11 981 1011 1056
1955 2 2 2 11 247 246 1049
1956 2 2 2 11 943 993 1071
1957 2 2 2 11 995 958 1015
1958 2 2 2 11 246 245 1041
1959 2 2 2 11 251 250 1015
1960 2 2 2 11 1056 953 1063
1961 2 2 2 11 962 1027 1054
1962 2 2 2 11 244 998 1043
1963 2 2 2 11 960 1011 1049
1964 2 2 2 11 944 1018 1054
1965 2 2 2 11 969 1020 1034
1966 2 2 2 11 1003 959 1042
1967 2 2 2 11 997 258 1035
1968 2 2 2 11 1000 958 1022
1969 2 2 2 11 963 997 1035
1970 2 2 2 11 949 1032 1064
1971 2 2 2 11 1011 960 1056
1972 2 2 2 11 1004 975 1060
1973 2 2 2 11 997 963 1038
1974 2 2 2 11 1014 962 1034
1975 2 2 2 11 1004 953 1056
1976 2 2 2 11 964 1031 1037
1977 2 2 2 11 989 1004 1060
1978 2 2 2 11 226 1013 1059
1979 2 2 2 11 962 1018 1034
1980 2 2 2 11 258 257 1035
1981 2 2 2 11 995 981 1063
1982 2 2 2 11 981 1056 1063
1983 2 2 2 11 1012 961 1023
1984 2 2 2 11 1003 264 1030
1985 2 2 2 11 262 261 1044
1986 2 2 2 11 260 259 1045
1987 2 2 2 11 954 1061 1062
1988 2 2 2 11 1061 994 1062
1989 2 2 2 11 959 1001 1042
1990 2 2 2 11 985 1039 1053
1991 2 2 2 11 1039 967 1053
1992 2 2 2 11 256 255 1052
1993 2 2 2 11 235 234 1057
1994 2 2 2 11 229 228 1055
1995 2 2 2 11 245 244 1043
1996 2 2 2 11 1018 944 1047
1997 2 2 2 11 969 1018 1047
1998 2 2 2 11 228 1002 1055
1999 2 2 2 11 947 1014 1034
2000 2 2 2 11 237 236 1051
2001 2 2 2 11 952 1005 1048
2002 2 2 2 11 1005 963 1048
2003 2 2 2 11 1045 968 1062
2004 2 2 2 11 967 1044 1061
2005 2 2 2 11 1006 235 1057
2006 2 2 2 11 990 1022 1028
2007 2 2 2 11 1022 958 1028
2008 2 2 2 11 227 226 1059
2009 2 2 2 11 1002 966 1055
2010 2 2 2 11 1018 969 1034
2011 2 2 2 11 986 1041 1064
2012 2 2 2 11 1041 970 1064
2013 2 2 2 11 964 1006 1057
2014 2 2 2 11 960 1004 1056
2015 2 2 2 11 1006 964 1050
2016 2 2 2 11 1005 965 1058
2017 2 2 2 11 1011 247 1049
2018 2 2 2 11 1023 946 1058
2019 2 2 2 11 22 1007 1066
2020 2 2 2 11 1008 19 1068
2021 2 2 2 11 24 1009 1067
2022 2 2 2 11 1010 23 1069
2023 2 2 2 11 1018 962 1054
2024 2 2 2 11 1041 245 1043
2025 2 2 2 11 968 1021 1062
2026 2 2 2 11 1021 954 1062
2027 2 2 2 11 234 1031 1057
2028 2 2 2 11 953 1028 1063
2029 2 2 2 11 1039 262 1044
2030 2 2 2 11 967 1039 1044
2031 2 2 2 11 954 1024 1061
2032 2 2 2 11 1024 967 1061
2033 2 2 2 11 240 22 1066
2034 2 2 2 11 253 24 1067
2035 2 2 2 11 19 254 1068
2036 2 2 2 11 23 241 1069
2037 2 2 2 11 973 1029 1071
2038 2 2 2 11 1029 943 1071
2039 2 2 2 11 970 1041 1043
2040 2 2 2 11 1040 229 1055
2041 2 2 2 11 255 1040 1052
2042 2 2 2 11 1048 992 1065
2043 2 2 2 11 1040 966 1052
2044 2 2 2 11 1067 977 1068
2045 2 2 2 11 1066 976 1069
2046 2 2 2 11 1031 964 1057
2047 2 2 2 11 966 1040 1055
2048 2 2 2 11 1007 976 1066
2049 2 2 2 11 977 1008 1068
2050 2 2 2 11 952 1048 1065
2051 2 2 2 11 1009 977 1067
2052 2 2 2 11 976 1010 1069
$EndElements
