$MeshFormat
2.2 0 8
$EndMeshFormat
$PhysicalNames
3
2 1 "Exterior"
2 2 "RearChamberInterface"
2 3 "FrontChamberInterface"
$EndPhysicalNames
$Nodes
1718
1 0 -651.700000000001 2.09321723474286e-11
2 304.5 -651.700000000001 2.09321723474286e-11
3 304.5 262.700000000001 -7.93365373397137e-12
4 0 262.700000000001 -7.93365373397137e-12
5 0 262.699999999975 -812.799999999997
6 304.5 262.699999999975 -812.799999999997
7 0 -651.700000000028 -812.799999999979
8 304.5 -651.700000000028 -812.799999999979
9 0 91.7 1.63656856460673e-12
10 289 91.7000000000002 1.58174995015176e-12
11 289 -91.6999999999997 4.688153973052945e-12
12 0 -91.7 4.742972587507915e-12
13 0 244.7 -7.774739771767004e-13
14 289 244.7 -8.307646823587052e-13
15 289 109.7 1.300863524921595e-12
16 0 109.7 1.3541542301036e-12
17 43.5 -651.700000000001 2.09321723474286e-11
18 87 -651.700000000001 2.09321723474286e-11
19 130.5 -651.700000000001 2.09321723474286e-11
20 174 -651.700000000001 2.09321723474286e-11
21 217.5 -651.700000000001 2.09321723474286e-11
22 261 -651.700000000001 2.09321723474286e-11
23 304.5 242.8097971941201 -7.541621239718498e-12
24 304.5 223.6242484955141 -6.930912049932272e-12
25 304.5 204.4386966324192 -6.320202759414892e-12
26 304.5 185.2531471704268 -5.709493545328752e-12
27 304.5 166.0676010188354 -5.098784436618404e-12
28 304.5 146.8820579239294 -4.488075425207637e-12
29 304.5 127.696517195454 -3.877366489124448e-12
30 304.5 108.5090957850128 -3.266597687682304e-12
31 304.5 89.05715659950522 -2.647408828068635e-12
32 304.5 69.8706312460713 -2.036668549670451e-12
33 304.5 50.68422233382785 -1.425931977796704e-12
34 304.5 31.49772966158935 -8.151927396974807e-13
35 304.5 12.31123419860864 -2.044534127641064e-13
36 304.5 -6.875174418887582 4.062831497273276e-13
37 304.5 -26.06169779874904 1.017023365303286e-12
38 304.5 -45.24815914463932 1.627761606230679e-12
39 304.5 -64.43457578826633 2.238498424207734e-12
40 304.5 -83.62111543658693 2.849239157636881e-12
41 304.5 -103.0560468312556 3.467886629859107e-12
42 304.5 -125.1247073635373 4.170370254646773e-12
43 304.5 -151.862586471249 5.021483180474078e-12
44 304.5 -184.8125859293318 6.070338638747442e-12
45 304.5 -225.6614341446475 7.3706281112653e-12
46 304.5 -272.8345940457634 8.872231360431687e-12
47 304.5 -320.1927697900432 1.03797239838063e-11
48 304.5 -367.5509455343229 1.188721660718091e-11
49 304.5 -414.9091212786026 1.339470923055551e-11
50 304.5 -462.2672970228821 1.490220185393011e-11
51 304.5 -509.6254727671619 1.640969447730473e-11
52 304.5 -556.9836485114415 1.791718710067933e-11
53 304.5 -604.3418242557212 1.942467972405394e-11
54 19.00219599908981 262.700000000001 -7.93365373397137e-12
55 38.0024504718075 262.700000000001 -7.93365373397137e-12
56 57.00277119163916 262.700000000001 -7.93365373397137e-12
57 76.0029947325224 262.700000000001 -7.93365373397137e-12
58 95.00334435934327 262.700000000001 -7.93365373397137e-12
59 114.003539168479 262.700000000001 -7.93365373397137e-12
60 133.0039152755648 262.700000000001 -7.93365373397137e-12
61 152.0040838778797 262.700000000001 -7.93365373397137e-12
62 171.0044841395339 262.700000000001 -7.93365373397137e-12
63 190.0046289135693 262.700000000001 -7.93365373397137e-12
64 209.0050511580611 262.700000000001 -7.93365373397137e-12
65 228.0051742886803 262.700000000001 -7.93365373397137e-12
66 247.0056160964354 262.700000000001 -7.93365373397137e-12
67 266.0057202423402 262.700000000001 -7.93365373397137e-12
68 285.0061792865096 262.700000000001 -7.93365373397137e-12
69 0 262.6999999999765 -765.6827623610483
70 0 262.6999999999779 -718.5655247220997
71 0 262.6999999999795 -671.4482870831509
72 0 262.6999999999809 -624.3310494442023
73 0 262.6999999999824 -577.2138118052536
74 0 262.6999999999839 -530.0965741663049
75 0 262.6999999999854 -482.9793365273561
76 0 262.6999999999869 -435.8620988884074
77 0 262.6999999999884 -388.7448612494588
78 0 262.6999999999899 -341.6276236105104
79 0 262.6999999999914 -294.5103859715618
80 0 262.6999999999929 -247.3931483326134
81 0 262.6999999999944 -200.275910693665
82 0 262.6999999999958 -153.1586730547165
83 0 262.6999999999973 -108.9784830255228
84 0 262.6999999999984 -73.14588467802537
85 0 262.6999999999993 -44.13722773230268
86 0 262.7 -20.38302018027241
87 304.5 262.6999999999765 -765.9889909520548
88 304.5 262.6999999999779 -719.1779819041126
89 304.5 262.6999999999794 -672.3669728561704
90 304.5 262.6999999999809 -625.5559638082282
91 304.5 262.6999999999824 -578.7449547602859
92 304.5 262.6999999999838 -531.9339457123435
93 304.5 262.6999999999853 -485.1229366644012
94 304.5 262.6999999999868 -438.3119276164589
95 304.5 262.6999999999883 -391.5009185685168
96 304.5 262.6999999999898 -344.6899095205748
97 304.5 262.6999999999913 -297.8789004726327
98 304.5 262.6999999999928 -251.0678914246907
99 304.5 262.6999999999942 -204.2568823767486
100 304.5 262.6999999999957 -157.4458733288067
101 304.5 262.6999999999971 -112.7496540292956
102 304.5 262.6999999999983 -76.11254596752315
103 304.5 262.6999999999992 -46.28060673080006
104 304.5 262.7 -21.58280788362208
105 43.5 262.699999999975 -812.799999999997
106 87 262.699999999975 -812.799999999997
107 130.5 262.699999999975 -812.799999999997
108 174 262.699999999975 -812.799999999997
109 217.5 262.699999999975 -812.799999999997
110 261 262.699999999975 -812.799999999997
111 0 -605.9800000000279 -812.8000000004915
112 0 -560.2600000000277 -812.8000000004656
113 0 -514.5400000000276 -812.8000000004396
114 0 -468.8200000000274 -812.8000000004137
115 0 -423.1000000000273 -812.8000000003876
116 0 -377.3800000000271 -812.8000000003616
117 0 -331.6600000000269 -812.8000000003357
118 0 -285.9400000000268 -812.8000000003096
119 0 -240.2200000000265 -812.8000000002837
120 0 -194.5000000000262 -812.8000000002577
121 0 -148.780000000026 -812.8000000002316
122 0 -103.0600000000257 -812.8000000002057
123 0 -57.34000000002541 -812.8000000001797
124 0 -11.62000000002516 -812.8000000001538
125 0 34.0999999999751 -812.8000000001277
126 0 79.81999999997527 -812.8000000001017
127 0 125.5399999999754 -812.8000000000758
128 0 171.2599999999753 -812.8000000000497
129 0 216.9799999999751 -812.8000000000238
130 304.5 -605.9800000000279 -812.8000000004915
131 304.5 -560.2600000000277 -812.8000000004656
132 304.5 -514.5400000000276 -812.8000000004396
133 304.5 -468.8200000000274 -812.8000000004137
134 304.5 -423.1000000000273 -812.8000000003876
135 304.5 -377.3800000000271 -812.8000000003616
136 304.5 -331.6600000000269 -812.8000000003357
137 304.5 -285.9400000000268 -812.8000000003096
138 304.5 -240.2200000000265 -812.8000000002837
139 304.5 -194.5000000000262 -812.8000000002577
140 304.5 -148.780000000026 -812.8000000002316
141 304.5 -103.0600000000257 -812.8000000002057
142 304.5 -57.34000000002541 -812.8000000001797
143 304.5 -11.62000000002516 -812.8000000001538
144 304.5 34.0999999999751 -812.8000000001277
145 304.5 79.81999999997527 -812.8000000001017
146 304.5 125.5399999999754 -812.8000000000758
147 304.5 171.2599999999753 -812.8000000000497
148 304.5 216.9799999999751 -812.8000000000238
149 43.5 -651.700000000028 -812.799999999979
150 87 -651.700000000028 -812.799999999979
151 130.5 -651.700000000028 -812.799999999979
152 174 -651.700000000028 -812.799999999979
153 217.5 -651.700000000028 -812.799999999979
154 261 -651.700000000028 -812.799999999979
155 0 -651.7000000000035 -47.81176470586149
156 0 -651.7000000000049 -95.6235294117439
157 0 -651.7000000000064 -143.4352941176263
158 0 -651.7000000000079 -191.2470588235087
159 0 -651.7000000000095 -239.0588235293911
160 0 -651.700000000011 -286.8705882352735
161 0 -651.7000000000124 -334.6823529411558
162 0 -651.7000000000139 -382.4941176470382
163 0 -651.7000000000155 -430.3058823529207
164 0 -651.700000000017 -478.1176470588032
165 0 -651.7000000000185 -525.9294117646857
166 0 -651.7000000000201 -573.741176470568
167 0 -651.7000000000215 -621.5529411764501
168 0 -651.700000000023 -669.3647058823324
169 0 -651.7000000000245 -717.1764705882147
170 0 -651.7000000000261 -764.9882352940969
171 304.5 -651.7000000000035 -47.81176470586149
172 304.5 -651.7000000000049 -95.6235294117439
173 304.5 -651.7000000000064 -143.4352941176263
174 304.5 -651.7000000000079 -191.2470588235087
175 304.5 -651.7000000000095 -239.0588235293911
176 304.5 -651.700000000011 -286.8705882352735
177 304.5 -651.7000000000124 -334.6823529411558
178 304.5 -651.7000000000139 -382.4941176470382
179 304.5 -651.7000000000155 -430.3058823529207
180 304.5 -651.700000000017 -478.1176470588032
181 304.5 -651.7000000000185 -525.9294117646857
182 304.5 -651.7000000000201 -573.741176470568
183 304.5 -651.7000000000215 -621.5529411764501
184 304.5 -651.700000000023 -669.3647058823324
185 304.5 -651.7000000000245 -717.1764705882147
186 304.5 -651.7000000000261 -764.9882352940969
187 15.21052631578948 91.70000000000002 -2.73153510338156e-12
188 30.42105263157895 91.70000000000003 -2.731535103381561e-12
189 45.63157894736843 91.70000000000003 -2.731535103381561e-12
190 60.8421052631579 91.70000000000005 -2.731535103381561e-12
191 76.05263157894737 91.70000000000006 -2.731535103381561e-12
192 91.26315789473685 91.70000000000007 -2.731535103381562e-12
193 106.4736842105263 91.70000000000009 -2.731535103381562e-12
194 121.6842105263158 91.70000000000009 -2.731535103381563e-12
195 136.8947368421053 91.7000000000001 -2.731535103381563e-12
196 152.1052631578947 91.70000000000012 -2.731535103381564e-12
197 167.3157894736842 91.70000000000013 -2.731535103381564e-12
198 182.5263157894737 91.70000000000013 -2.731535103381564e-12
199 197.7368421052632 91.70000000000014 -2.731535103381564e-12
200 212.9473684210526 91.70000000000016 -2.731535103381565e-12
201 228.1578947368421 91.70000000000017 -2.731535103381565e-12
202 243.3684210526316 91.70000000000019 -2.731535103381566e-12
203 258.578947368421 91.70000000000019 -2.731535103381566e-12
204 273.7894736842105 91.7000000000002 -2.731535103381566e-12
205 289.0000000000001 76.41666666666687 -2.245040176191333e-12
206 289.0000000000001 61.13333333333355 -1.758545249001108e-12
207 289.0000000000001 45.85000000000022 -1.272050321810882e-12
208 289.0000000000001 30.56666666666689 -7.855553946206566e-13
209 289.0000000000001 15.28333333333359 -2.990604674304319e-13
210 289.0000000000001 2.273736754432321e-13 1.874344597597945e-13
211 289.0000000000001 -15.28333333333308 6.739293869500192e-13
212 289.0000000000002 -30.56666666666641 1.160424314140245e-12
213 289.0000000000002 -45.84999999999971 1.646919241330469e-12
214 289.0000000000002 -61.13333333333304 2.133414168520694e-12
215 289.0000000000002 -76.41666666666637 2.61990909571092e-12
216 273.7894736842105 -91.6999999999998 3.106404022901147e-12
217 258.578947368421 -91.69999999999982 3.106404022901147e-12
218 243.3684210526316 -91.69999999999983 3.106404022901148e-12
219 228.1578947368421 -91.69999999999985 3.106404022901148e-12
220 212.9473684210526 -91.69999999999985 3.106404022901148e-12
221 197.7368421052632 -91.69999999999986 3.106404022901149e-12
222 182.5263157894737 -91.69999999999987 3.106404022901149e-12
223 167.3157894736842 -91.69999999999989 3.10640402290115e-12
224 152.1052631578947 -91.6999999999999 3.10640402290115e-12
225 136.8947368421053 -91.6999999999999 3.10640402290115e-12
226 121.6842105263158 -91.69999999999992 3.10640402290115e-12
227 106.4736842105263 -91.69999999999993 3.106404022901151e-12
228 91.26315789473682 -91.69999999999995 3.106404022901151e-12
229 76.05263157894737 -91.69999999999996 3.106404022901152e-12
230 60.84210526315789 -91.69999999999996 3.106404022901152e-12
231 45.63157894736841 -91.69999999999997 3.106404022901152e-12
232 30.42105263157896 -91.69999999999999 3.106404022901153e-12
233 15.21052631578948 -91.7 3.106404022901153e-12
234 0 -109.1847830667301 3.662974901744293e-12
235 0 -130.7863047494671 4.350588689197371e-12
236 0 -157.5741120923356 5.203290917083169e-12
237 0 -190.8091609517945 6.261219990695778e-12
238 0 -232.0485229381785 7.573940191803995e-12
239 0 -278.649172208279 9.057319437627864e-12
240 0 -325.2805256822445 1.054167605135296e-11
241 0 -371.91187915621 1.202603266507805e-11
242 0 -418.5432326301752 1.351038927880314e-11
243 0 -465.1745861041404 1.499474589252822e-11
244 0 -511.8059395781056 1.64791025062533e-11
245 0 -558.4372930520707 1.796345911997838e-11
246 0 -605.0686465260358 1.944781573370347e-11
247 15.21052631578948 244.7 -7.60178966347565e-12
248 30.42105263157895 244.7 -7.60178966347565e-12
249 45.63157894736843 244.7 -7.601789663475652e-12
250 60.8421052631579 244.7 -7.601789663475652e-12
251 76.05263157894737 244.7 -7.601789663475652e-12
252 91.26315789473685 244.7 -7.601789663475652e-12
253 106.4736842105263 244.7000000000001 -7.601789663475653e-12
254 121.6842105263158 244.7000000000001 -7.601789663475653e-12
255 136.8947368421053 244.7000000000001 -7.601789663475653e-12
256 152.1052631578947 244.7000000000001 -7.601789663475653e-12
257 167.3157894736842 244.7000000000001 -7.601789663475653e-12
258 182.5263157894737 244.7000000000001 -7.601789663475655e-12
259 197.7368421052632 244.7000000000001 -7.601789663475655e-12
260 212.9473684210526 244.7000000000002 -7.601789663475655e-12
261 228.1578947368421 244.7000000000002 -7.601789663475655e-12
262 243.3684210526316 244.7000000000002 -7.601789663475657e-12
263 258.578947368421 244.7000000000002 -7.601789663475657e-12
264 273.7894736842105 244.7000000000002 -7.601789663475657e-12
265 289 229.7 -7.124313726211507e-12
266 289 214.7 -6.646837788947382e-12
267 289.0000000000001 199.7 -6.169361851683257e-12
268 289.0000000000001 184.7 -5.691885914419131e-12
269 289.0000000000001 169.7 -5.214409977155005e-12
270 289.0000000000001 154.7 -4.73693403989088e-12
271 289.0000000000001 139.7 -4.259458102626755e-12
272 289.0000000000001 124.7 -3.781982165362629e-12
273 273.7894736842105 109.7000000000001 -3.304506228098523e-12
274 258.578947368421 109.7000000000001 -3.304506228098523e-12
275 243.3684210526316 109.7000000000001 -3.304506228098522e-12
276 228.1578947368421 109.7000000000001 -3.304506228098522e-12
277 212.9473684210526 109.7000000000001 -3.304506228098522e-12
278 197.7368421052632 109.7 -3.304506228098521e-12
279 182.5263157894737 109.7 -3.304506228098521e-12
280 167.3157894736842 109.7 -3.30450622809852e-12
281 152.1052631578947 109.7 -3.30450622809852e-12
282 136.8947368421053 109.7 -3.30450622809852e-12
283 121.6842105263158 109.7 -3.304506228098519e-12
284 106.4736842105263 109.7 -3.304506228098519e-12
285 91.26315789473682 109.7 -3.304506228098519e-12
286 76.05263157894737 109.6999999999999 -3.304506228098518e-12
287 60.84210526315789 109.6999999999999 -3.304506228098518e-12
288 45.63157894736841 109.6999999999999 -3.304506228098517e-12
289 30.42105263157896 109.6999999999999 -3.304506228098517e-12
290 15.21052631578948 109.6999999999999 -3.304506228098517e-12
291 0 100.7 -3.018020665740015e-12
292 0 229.7 6.37870577961797e-12
293 0 214.7 6.37870577961797e-12
294 0 199.7 6.37870577961797e-12
295 0 184.7 6.37870577961797e-12
296 0 169.7 6.37870577961797e-12
297 0 154.7 6.37870577961797e-12
298 0 139.7 6.37870577961797e-12
299 0 124.7 6.37870577961797e-12
300 0 76.41666666666666 6.37870577961797e-12
301 0 61.13333333333333 6.37870577961797e-12
302 0 45.84999999999999 6.37870577961797e-12
303 0 30.56666666666666 6.37870577961797e-12
304 0 15.28333333333333 6.37870577961797e-12
305 0 0 6.37870577961797e-12
306 0 -15.28333333333336 6.37870577961797e-12
307 0 -30.56666666666666 6.37870577961797e-12
308 0 -45.84999999999997 6.37870577961797e-12
309 0 -61.13333333333333 6.37870577961797e-12
310 0 -76.41666666666669 6.37870577961797e-12
311 159.7105263157896 -236.7112032175973 7.722361367575872e-12
312 90.43067280515238 -180.6664481807925 5.938359904913426e-12
313 218.1554724313397 -176.3443487177022 5.800780005440906e-12
314 154.0389500049567 -499.6048944359049 1.609072214192834e-11
315 140.4939989912699 -154.9268666462073 5.119024517045929e-12
316 133.8593811236317 -368.1057940162609 1.190487839377775e-11
317 53.23684210526315 -139.1147151113069 4.615696392093332e-12
318 265.0415884018722 -126.3998922902557 4.21096159585142e-12
319 190.3559712258803 -138.355500442776 4.591529276397236e-12
320 98.86842105263159 -135.0111561716431 4.485073015371029e-12
321 209.9411238186902 -423.4778483598507 1.366746663017413e-11
322 214.832568848952 -309.9500079269295 1.005367916242205e-11
323 75.95886867244671 -255.3488475732285 8.315629814715904e-12
324 88.73399691426484 -562.8721688520795 1.810462888526232e-11
325 220.8620075389983 -565.5076626589539 1.818852121030172e-11
326 85.2171695609058 -441.8589093671574 1.425256758566565e-11
327 220.5526315789473 -124.491542622649 4.150215526106875e-12
328 159.7105263157896 -124.4915426226489 4.150215526106872e-12
329 236.4589306990914 -247.7049109554311 8.072310094651209e-12
330 129.2894736842106 -121.324798464704 4.049412583780841e-12
331 26.44313499145266 -119.9855439080988 4.00678179547082e-12
332 75.34040944692056 -325.8849140730886 1.056091477891226e-11
333 151.7173269933508 -581.5856145423556 1.870031021995604e-11
334 231.4561376236429 -495.8975028696061 1.597270945773343e-11
335 137.3715345547907 -298.8925976603425 9.70170267370521e-12
336 66.73912188123643 -118.1237539909952 3.947517803093625e-12
337 48.72110377825113 -212.9897257341586 6.96726572126289e-12
338 258.7868172614982 -175.6579185906484 5.778929747555482e-12
339 182.2951575034217 -181.4282455897423 5.962609233703007e-12
340 66.4655676034605 -502.6832602527572 1.61887118488379e-11
341 241.4118773910152 -370.3952156187087 1.197775464213918e-11
342 143.7638221684317 -445.5527545162557 1.437014906397726e-11
343 126.5382930765591 -203.1275155366794 6.653334517427075e-12
344 61.61507761125346 -395.3359827440191 1.277166238608877e-11
345 190.1689776604537 -116.8368016554051 3.906551884916947e-12
346 251.1535268006994 -111.3594705907699 3.732198965997443e-12
347 281.2710697827499 -115.4445776002165 3.862234985874758e-12
348 35.50045939396161 -173.9601838914058 5.724887916439037e-12
349 98.84184039536305 -111.1797056052196 3.726476735666582e-12
350 239.7665881987459 -153.0023130740176 5.057762648999513e-12
351 60.72308172333473 -603.5635215853615 1.939990500425358e-11
352 252.4127770072016 -600.155201942727 1.929141229652941e-11
353 187.4954720748818 -375.8348118866973 1.215090639723227e-11
354 198.901450939342 -217.9766033923897 7.126006660188585e-12
355 47.10087063005549 -113.3480761660715 3.795499720058496e-12
356 144.450737990548 -109.7654713050693 3.681459212468225e-12
357 259.589307894975 -294.3855666167725 9.558236082251401e-12
358 113.2145317876916 -606.6840582709622 1.94992370828352e-11
359 194.0162244748475 -607.528047231285 1.952610271082657e-11
360 264.582596194246 -440.6052448367024 1.421266127588606e-11
361 114.6082999987305 -164.2626057172827 5.416197234580267e-12
362 23.54190117118006 -138.5602152477553 4.598045702622525e-12
363 260.1361983954677 -533.6608821929178 1.717478312017737e-11
364 264.7235307334298 -216.20412558864 7.06958562681357e-12
365 193.0830346143068 -471.6176107662567 1.519983850848553e-11
366 193.6272481392801 -270.4629880703222 8.796739041368667e-12
367 205.1722451751744 -107.8588653135984 3.620768646950161e-12
368 175.1015980661582 -107.8681875762516 3.62106539069001e-12
369 104.4695725033862 -488.9669642677949 1.575209843009043e-11
370 180.0867342885888 -543.2619480646492 1.748040164856666e-11
371 86.85727118122378 -216.0937777158977 7.066073063216055e-12
372 45.23258862777529 -541.9962680548563 1.744011286530318e-11
373 45.26752841714772 -296.6667789382482 9.630851015004409e-12
374 167.9827231332469 -333.9286520593128 1.081696086785089e-11
375 37.70028379426019 -438.9735994440835 1.416072318167783e-11
376 233.9419690286425 -108.9443281341328 3.65532080545683e-12
377 265.9669212075906 -107.3207880962484 3.603640718705183e-12
378 114.078947368421 -106.3277476921941 3.572030525527386e-12
379 82.99307669142327 -106.4097979920557 3.574642328449334e-12
380 127.5791945103393 -539.2691061709404 1.735330258686359e-11
381 215.2678666761694 -143.8165453793171 4.765363779698336e-12
382 111.7102354109297 -402.4197612379815 1.299715130447385e-11
383 76.21457694014835 -138.8637681976693 4.607708317907157e-12
384 120.4654476559359 -257.8517815515854 8.395302531197649e-12
385 159.7105263157896 -105.0165258618971 3.53029206736857e-12
386 129.2894736842106 -104.9450700477886 3.528017505247609e-12
387 220.1544217881318 -104.938947214076 3.527822604863232e-12
388 31.45513605649744 -247.8553148895132 8.077097711944148e-12
389 283.5499638559413 -138.4839543350472 4.595618185904398e-12
390 167.4260563933077 -147.5185195643557 4.883204019280262e-12
391 40.42703314329877 -352.0712764838763 1.139447197462086e-11
392 16.73129522679355 -105.0061398542669 3.529961462786726e-12
393 263.9144410973949 -336.8705480561034 1.091060650441097e-11
394 94.06701789059093 -292.6087854199106 9.50167806443241e-12
395 196.7913552729157 -508.1138949486948 1.63615783415967e-11
396 122.3398920480346 -139.9797129613351 4.643230769371577e-12
397 114.5607806928182 -332.133462034516 1.075981686520709e-11
398 274.6397501187975 -250.7552370773809 8.169407249587159e-12
399 67.51631527726302 -162.4352618972252 5.358029721034552e-12
400 150.1001355622932 -181.4559094303985 5.963489821586051e-12
401 266.3799788716984 -401.687143907845 1.297383082804966e-11
402 270.267131588918 -484.9437822808545 1.56240335907572e-11
403 112.6837149097322 -122.7646241790191 4.095244725943482e-12
404 240.2060102295273 -129.93074700492 4.323354806799939e-12
405 156.8519448269996 -400.611637345083 1.293959559444376e-11
406 36.59412908875203 -103.9662462582534 3.496859851492626e-12
407 68.32382278458684 -102.9878607177378 3.465716147961733e-12
408 63.86918637626384 -188.471727551052 6.186815443774962e-12
409 31.58637096503612 -488.3612992184299 1.573281906428285e-11
410 89.13070006157236 -363.9215062811485 1.177168527990404e-11
411 152.689616651178 -619.8395440089209 1.991799894169497e-11
412 85.07973124829923 -123.1255338059876 4.106733103437109e-12
413 282.1986558151209 -165.8755541055693 5.467540170810654e-12
414 233.5181553496157 -205.6903561052456 6.734914164262722e-12
415 143.4582648437115 -134.674460081033 4.47435539660855e-12
416 281.3947368421053 100.7000000000003 -3.018020665740042e-12
417 176.5526259323179 -127.0141103722874 4.230513219478263e-12
418 235.7631578947368 100.7000000000001 -3.018020665740035e-12
419 220.5526315789473 100.7000000000001 -3.018020665740035e-12
420 205.3421052631579 100.7000000000001 -3.018020665740035e-12
421 250.9736842105263 100.7000000000002 -3.018020665740037e-12
422 38.02631578947369 100.7 -3.018020665740031e-12
423 68.44736842105263 100.7 -3.018020665740032e-12
424 53.23684210526316 100.7 -3.018020665740032e-12
425 190.1315789473684 100.7000000000001 -3.018020665740035e-12
426 174.921052631579 100.7 -3.018020665740034e-12
427 114.078947368421 100.7 -3.018020665740033e-12
428 144.4999999999999 100.7 -3.018020665740034e-12
429 129.2894736842105 100.7 -3.018020665740034e-12
430 83.65789473684214 100.7 -3.018020665740032e-12
431 98.86842105263156 100.7 -3.018020665740033e-12
432 24.36788399570355 100.6999999999999 -3.01802066574003e-12
433 159.7105263157895 100.7000000000001 -3.018020665740035e-12
434 266.1842105263158 100.7000000000002 -3.018020665740039e-12
435 204.2498663121432 -125.4502034549363 4.180731358067859e-12
436 90.8857222228867 -526.571107349032 1.694910332760563e-11
437 194.5177917301017 -158.6839779118757 5.238619865244641e-12
438 229.3140976338166 -458.7272368294687 1.478951561667533e-11
439 89.52765721478517 -156.2478480329225 5.161073638761284e-12
440 163.5091126794811 -204.1398954333615 6.68556032009612e-12
441 53.23684210526315 -102.0577176210836 3.43610808483742e-12
442 294.8668542844202 100.3088012637265 -3.005568133522783e-12
443 157.818350444116 -272.5297505315896 8.862527664255066e-12
444 271.4058473240194 -570.0628258241863 1.833351993041575e-11
445 262.4670209999455 -150.7915493963067 4.987390218393879e-12
446 190.1411957593047 -103.1927709090509 3.472238793671881e-12
447 296.7500000000001 117.6514032451167 -3.557613142566983e-12
448 213.6766355498075 -347.8635408502025 1.126053247359099e-11
449 226.1270138955747 -280.6258683923639 9.120241095173335e-12
450 235.7631578947368 253.7651744980842 -7.890349842804677e-12
451 159.7105263157896 253.7430340930002 -7.88964507542675e-12
452 296.7500000000001 22.41474096504965 -5.260655036281812e-13
453 83.65789473684214 253.7210407326479 -7.888944988736895e-12
454 25.28669665939038 -395.2275558931921 1.276821097194056e-11
455 7.950714113005957 253.7000000000006 -7.888275225834129e-12
456 68.44736842105262 253.6790961460489 -7.887609820016932e-12
457 144.4999999999999 253.657534642929 -7.886923480089529e-12
458 220.5526315789473 253.6361212538773 -7.886241854889033e-12
459 64.29644267704903 -471.0304808011114 1.518114914645862e-11
460 279.3881327733404 -193.6447299108328 6.351481053788686e-12
461 296.75 176.4301870473156 -5.428643468380335e-12
462 296.7500000000001 -54.16651706655955 1.911648360072381e-12
463 12.11202837167978 -120.4991535203594 4.02313087753762e-12
464 282.75 -628.0209121278608 2.017842603574122e-11
465 27.33532699332575 -621.6157865185428 1.997453981216765e-11
466 19.91618312383666 -211.4558462494491 6.918439684955429e-12
467 291.0422284064477 -104.9897310927761 3.529439143535247e-12
468 120.6729923604057 -572.495504840917 1.84109563099875e-11
469 174.3264850240772 -297.1527992496993 9.646321881920376e-12
470 38.43733033218187 -127.9701277412413 4.2609449054304e-12
471 24.04262322408097 -581.7529697890532 1.870563742684091e-11
472 186.055234749663 -574.9915768982044 1.84904105996563e-11
473 219.9880389693971 -529.5452754212765 1.70437762401307e-11
474 139.0060360206422 262.6999999999963 -139.8548469109575
475 218.5051127233707 262.699999999998 -86.04356190649617
476 153.4867121491932 262.6999999999795 -668.580458082934
477 151.2646623660442 262.6999999999861 -460.7128700739958
478 152.1091499046941 262.699999999991 -308.9269185342564
479 65.01187630771912 262.6999999999985 -69.05505142793243
480 163.4436553914656 262.6999999999985 -70.79162624291666
481 198.058980044125 262.6999999999829 -561.3051631790462
482 256.5056681693878 262.6999999999992 -47.05101948189849
483 204.8412768153963 262.6999999999937 -222.4312936534856
484 99.03869283512627 262.6999999999832 -553.407484999912
485 86.09378041942085 262.6999999999935 -227.2968779452644
486 209.3412733899744 262.6999999999885 -385.2108139967399
487 95.2587835473438 262.6999999999885 -385.4333734226002
488 223.564927754349 262.6999999999779 -720.4602264859609
489 88.89749160908735 262.6999999999779 -721.0501016928356
490 105.200386679541 262.6999999999994 -42.36142914137895
491 199.9125927561615 262.6999999999994 -39.91898318308245
492 61.23194601642466 262.6999999999966 -131.0685780401201
493 234.7003817870295 262.6999999999958 -155.6821251892999
494 71.84609184252861 262.6999999999807 -631.5461819406657
495 226.2472834098238 262.6999999999806 -634.7425064297563
496 229.5530881266138 262.6999999999856 -477.572588976348
497 74.55009722540976 262.6999999999861 -460.4958453028855
498 75.16304083744996 262.6999999999908 -311.1252481689724
499 231.1001707687454 262.6999999999913 -295.1066756905464
500 35.25735509214768 262.6999999999994 -41.26476751397956
501 111.2993478380907 262.6999999999976 -97.62268523421267
502 152.25 262.699999999977 -748.3361765000089
503 140.7367427346976 262.6999999999996 -32.72269680832369
504 263.3187973157323 262.6999999999978 -91.74662648331582
505 68.70716361875145 262.6999999999998 -29.18250795990411
506 143.4270981124145 262.6999999999818 -598.1204364519612
507 229.2185740938914 262.6999999999996 -34.4529264243663
508 274.1408545894275 262.6999999999997 -32.05525316375349
509 179.9361607293932 262.6999999999998 -30.37434916623306
510 146.3389268194431 262.6999999999844 -516.557453674376
511 175.4031163215322 262.6999999999973 -107.4539695929791
512 239.4921616978867 262.6999999999871 -428.9666627629061
513 37.09544896054374 262.6999999999978 -90.59009725891519
514 154.4548692528384 262.6999999999944 -199.219989628064
515 153.4200366223359 262.6999999999891 -367.3276121799351
516 56.12416496433576 262.6999999999946 -191.2975310121724
517 49.44457794853971 262.6999999999847 -505.2375991225084
518 252.8288587574632 262.6999999999831 -555.3394502363146
519 130.3457485724201 262.6999999999987 -61.51142344110417
520 249.1766930294561 262.6999999999897 -346.7645925198398
521 57.57181435800543 262.6999999999793 -677.1056010860624
522 48.94336117323247 262.6999999999921 -271.2875628896788
523 248.5397628437648 262.6999999999792 -679.6917402091715
524 165.3637436342523 262.6999999999926 -255.3775528600792
525 48.49894335600243 262.6999999999876 -413.2121066082348
526 252.4337398419059 262.6999999999766 -761.2225473873515
527 52.08326264256673 262.6999999999766 -761.2368335654284
528 53.89130715074062 262.6999999999822 -584.6576191246913
529 248.5780831033167 262.6999999999929 -247.504282698055
530 52.51262824977302 262.6999999999894 -356.7122349939472
531 123.4405893150912 262.7 -20.68431326331074
532 255.1268254497807 262.7 -19.77276104190435
533 110.4280558096757 262.6999999999764 -768.6539231820993
534 195.75 262.6999999999763 -769.5604608479434
535 197.0677653102819 262.6999999999902 -331.7292446540631
536 112.6863707222112 262.6999999999919 -276.7837455051636
537 22.74402898839975 262.7 -22.53731400080324
538 196.5449840068266 262.6999999999868 -439.1679270240967
539 85.41392378146703 262.7 -20.43707041353173
540 105.9932899440707 262.6999999999949 -181.9996620163195
541 105.7161509455101 262.6999999999852 -490.9939328070047
542 105.0839379229517 262.6999999999794 -673.8640093955298
543 271.9360548658905 262.6999999999967 -127.1144398118479
544 201.8808913604735 262.6999999999794 -673.2007456888854
545 128.5225392265144 262.6999999999876 -414.6635563388455
546 47.98516747518312 262.7000000000001 -19.63833986923112
547 280.7360842385864 262.6999999999987 -61.19657634916064
548 184.8380284471458 262.6999999999954 -167.8079432426251
549 196.3113504678512 262.7000000000002 -16.82455498427089
550 253.4316521844892 262.6999999999944 -200.6684058560879
551 190.9584302518648 262.6999999999985 -70.73302781674965
552 262.7614234982269 262.6999999999816 -602.150459284257
553 114.4573992480647 262.69999999999 -338.7734271068166
554 145.336799333012 262.6999999999978 -92.70989906630575
555 21.82519248241833 262.6999999999989 -58.58982815566708
556 230.9046787292747 262.6999999999988 -60.1145039100553
557 180.8783393598219 262.6999999999809 -625.3843462188039
558 263.3446688260411 262.6999999999846 -507.8099627816474
559 210.3178065302632 262.6999999999967 -125.4008685695895
560 263.8976461382004 262.6999999999885 -386.1312178153779
561 139.3137435779802 262.6999999999784 -705.0696986945146
562 94.8354672179324 262.6999999999985 -69.13767369925176
563 77.50309448067092 262.6999999999975 -99.16372687281262
564 81.97725235411927 262.6999999999993 -44.72847301911781
565 98.93234903351976 262.6999999999964 -136.0617682312389
566 188.21281763129 262.6999999999852 -492.05154292622
567 216.6596896595339 262.7000000000002 -17.55529092952929
568 36.01046892155704 262.6999999999804 -642.0118505070857
569 38.23226131139781 262.6999999999935 -227.5102061746788
570 41.91597722511499 262.6999999999779 -720.5254498914967
571 269.3096939503631 262.6999999999804 -642.9015285175167
572 35.32380605209109 262.6999999999907 -315.0526111269342
573 121.0320902557427 262.6999999999807 -633.6757170948238
574 97.84705603931054 262.6999999999817 -600.2814879224109
575 160.7454428064132 262.7000000000001 -19.35847950062202
576 33.56041481644621 262.6999999999862 -459.4207177078817
577 269.627611227071 262.6999999999862 -459.5730813875753
578 190.636196562074 262.6999999999915 -289.2739920071197
579 263.6777091018906 262.6999999999779 -721.8859763215452
580 219.3445167702636 262.6999999999819 -594.3615999669089
581 142.2397930589707 262.7000000000002 -14.80895190807132
582 269.5386658704857 262.6999999999908 -310.8029764062479
583 219.9313630533732 262.6999999999841 -523.0571868539425
584 104.6123566607843 262.7000000000002 -16.69656256364738
585 110.4366499258782 262.6999999999865 -449.8360317742257
586 180.0432590187967 262.7000000000003 -13.91934456824492
587 235.2031759176643 262.7000000000003 -14.35619567916319
588 35.09410456276035 262.6999999999833 -548.7672738536642
589 26.75186268161596 262.6999999999966 -128.4728650536126
590 178.1292358233261 262.6999999999782 -712.3125934805064
591 158.0845532204357 262.699999999983 -558.1681190905335
592 124.1321000067225 262.6999999999994 -40.39793890326382
593 169.7925288995727 262.6999999999878 -407.8609243498184
594 91.45340265622968 262.6999999999873 -424.7281826893584
595 178.8720213095741 262.6999999999991 -50.63467108183181
596 241.8181782248127 262.6999999999973 -109.3471034221125
597 211.1357876527488 262.6999999999924 -260.8421469359369
598 152.25 262.6999999999759 -784.2372973840229
599 44.02331626404492 262.6999999999988 -61.06621370229584
600 35.43191843111141 262.6999999999957 -158.5684938887883
601 289.2111117905764 262.7000000000002 -16.33913128875679
602 291.6136871030962 262.6999999999996 -33.68187944729391
603 276.5629191480382 262.699999999992 -274.4733959486618
604 66.69221284467255 262.7000000000003 -13.02714808361566
605 270.9396863397403 262.6999999999954 -167.7289567372605
606 57.27815070784308 262.6999999999992 -45.95759362279591
607 128.3385821153792 262.6999999999934 -230.7837254933986
608 219.4528348085152 262.6999999999948 -186.6474419853746
609 249.6312759648786 262.6999999999983 -74.25326049120713
610 182.7335100000847 262.699999999984 -529.818809647704
611 17.57249006400053 262.6999999999994 -39.66015794329246
612 278.7467905573706 262.6999999999935 -229.7270955533979
613 209.4309717905046 262.6999999999988 -60.77037365134777
614 287.4511252464938 262.6999999999977 -94.43109999840942
615 179.2246858997352 262.6999999999821 -588.4262593676079
616 273.8981382717269 262.7000000000003 -13.63342909888615
617 159.0132952573273 262.6999999999993 -44.23220770683872
618 21.75 262.6999999999757 -789.2413811805227
619 276.6269164465609 262.6999999999759 -783.7045063048502
620 9.501097999544873 262.7000000000004 -10.19151009013979
621 122.7223227491858 262.6999999999774 -735.7774750173646
622 276.3757487118849 262.6999999999874 -419.65440952369
623 32.34957358296526 262.6999999999813 -611.9521025643797
624 75.62435368628356 262.6999999999956 -161.1497214740756
625 152.7527893543736 104.4274583719446 -812.8000000000872
626 152.25 -500.3444094488469 -812.8000000004309
627 152.25 -308.8000000000268 -812.800000000322
628 151.2216842634371 -134.0536835068095 -812.8000000002228
629 121.9372650178084 -4.673784836512027 -812.8000000001492
630 101.5582295311552 -392.920487151306 -812.8000000003699
631 99.28791944687397 -216.6706870844608 -812.8000000002697
632 201.209427160735 -217.3600000000264 -812.8000000002701
633 203.9410747155203 -399.2091554413147 -812.8000000003735
634 207.3402291122785 -32.18523827373212 -812.8000000001648
635 84.32167830109583 171.9075448665733 -812.8000000000488
636 219.2158212434247 169.5111752724542 -812.8000000000502
637 81.0639687972479 -561.660521782175 -812.8000000004658
638 224.2505759637902 -563.5716791840219 -812.8000000004669
639 220.3780069257904 56.95999999997514 -812.8000000001142
640 79.92375022017605 -76.66145106811689 -812.8000000001902
641 78.19437076202081 63.13523513153268 -812.8000000001107
642 226.7291644612991 -309.2103922026772 -812.8000000003224
643 79.22444591877547 -308.7722420095506 -812.800000000322
644 227.2006279371665 -125.568009204999 -812.8000000002179
645 226.5507977666453 -475.7720542764434 -812.800000000417
646 70.06039501185022 -472.7035871231743 -812.8000000004153
647 72.01899467014769 -151.750503217484 -812.8000000002328
648 152.25 -587.3373777610548 -812.8000000004804
649 152.25 198.3373777610022 -812.8000000000338
650 160.0404153736053 46.87817171349377 -812.8000000001199
651 66.83598268480323 10.13027093828748 -812.8000000001408
652 233.7287604374166 120.2598928177933 -812.8000000000782
653 160.8416635908261 -62.53935593344931 -812.8000000001821
654 157.0491853706286 -440.8623249917998 -812.8000000003972
655 59.76094933326019 124.8762741682237 -812.8000000000756
656 61.35454603768724 -363.5597941471804 -812.8000000003532
657 151.2743647299706 -367.2554573943149 -812.8000000003553
658 159.2786179605006 -256.00953101662 -812.8000000002921
659 160.8974863404152 -179.7017904408149 -812.8000000002487
660 59.73946697022541 -255.5988695380427 -812.8000000002918
661 241.3834255029021 -263.9871011437735 -812.8000000002966
662 241.46200274888 -170.7426324242167 -812.8000000002436
663 250.8075249950861 8.402529146783536 -812.8000000001417
664 254.4712893260413 -352.9752722802869 -812.8000000003472
665 254.4901016458932 -80.14959206468666 -812.8000000001921
666 64.10316592873349 -418.663776016411 -812.8000000003846
667 60.04058623632759 215.5238601253546 -812.8000000000241
668 244.3022393949804 214.487137340979 -812.8000000000246
669 252.4509327533722 -600.0121473047458 -812.8000000004877
670 52.04906724662776 -600.0121473047457 -812.8000000004877
671 248.6686072263195 -520.4926222076062 -812.8000000004424
672 241.1785126189617 -440.5422447141408 -812.8000000003969
673 54.75312974692905 -520.5422747559842 -812.8000000004424
674 54.86060602413727 -199.6923616118709 -812.8000000002601
675 109.5347420707358 -607.5277400763189 -812.8000000004919
676 194.6674924502373 -607.7616426748181 -812.800000000492
677 110.7457138448281 218.8088082628426 -812.8000000000221
678 192.4032839057807 217.0535686259661 -812.8000000000231
679 108.4717543617473 -344.8747080418628 -812.8000000003426
680 173.3537180984285 -1.528823103538912 -812.8000000001474
681 111.911527843789 -267.495386276333 -812.8000000002986
682 41.21031001806893 -32.34202541771663 -812.8000000001649
683 201.1081109596373 -84.04629760307205 -812.8000000001944
684 198.3321744614406 -163.550887678762 -812.8000000002395
685 197.5917898269259 -273.0810632342424 -812.8000000003018
686 200.5750968999801 -349.6214640474381 -812.8000000003453
687 197.6090445593437 -522.1774604838923 -812.8000000004433
688 110.03974143519 -517.6791506655662 -812.8000000004408
689 110.6143484648845 130.9232695184033 -812.8000000000721
690 46.45583121166877 -117.9891821982834 -812.8000000002136
691 188.8952832368687 133.2041347511463 -812.8000000000708
692 266.1318395325616 156.836886490161 -812.8000000000574
693 98.356071265834 -121.680039771469 -812.8000000002157
694 266.0381295977668 58.87947197342567 -812.8000000001131
695 35.46778150643586 51.09133579794195 -812.8000000001175
696 44.69100427558268 164.1146932903523 -812.8000000000533
697 116.2884975902132 -474.5891760650914 -812.8000000004163
698 163.2475161765224 -543.8408936049508 -812.8000000004557
699 265.5458686557728 -33.35733199988601 -812.8000000001655
700 114.8444281199996 -172.3767491274084 -812.8000000002445
701 148.7298204258936 153.6690316279241 -812.8000000000592
702 116.6378245676748 -48.68176225321213 -812.8000000001742
703 110.1951287249762 38.75313254190678 -812.8000000001246
704 192.6829321336367 88.35735030258365 -812.8000000000964
705 269.0473502222692 -217.3600000000262 -812.8000000002701
706 118.6855009270684 80.05305772846668 -812.800000000101
707 201.3136206173799 -444.8732172316186 -812.8000000003995
708 269.3638897977712 -131.2081230588147 -812.8000000002212
709 269.2961691975691 -303.3300911460575 -812.800000000319
710 35.85344204578396 -309.0187008135545 -812.8000000003223
711 267.1143567232612 -481.198941077878 -812.80000000042
712 32.1919595468992 -484.9425010532728 -812.8000000004222
713 207.4523210148301 16.44408918116005 -812.8000000001372
714 264.1926935441042 -561.435071215139 -812.8000000004657
715 39.77031659457793 -562.1381733944563 -812.8000000004661
716 35.39497557824961 -165.1641545519686 -812.8000000002404
717 186.9545296627995 -476.8058932865202 -812.8000000004176
718 190.641060789279 -121.4964293125028 -812.8000000002156
719 266.3298526513673 -403.2186688910735 -812.8000000003758
720 108.5543756301178 -434.0258835031368 -812.8000000003933
721 194.2865127970513 -310.1782298710961 -812.8000000003228
722 113.3294054187192 -306.6802226744789 -812.8000000003209
723 84.64463396688473 -28.969773469713 -812.800000000163
724 29.59249695776564 -397.1972616939501 -812.8000000003723
725 123.2271936959392 -563.6091367780132 -812.800000000467
726 33.51797828998274 -77.47853173683359 -812.8000000001906
727 129.1333473526502 -89.7102767172106 -812.8000000001975
728 152.2344978405338 -622.6760925660026 -812.8000000005005
729 152.1796646059251 233.6018002990703 -812.8000000000137
730 34.47305255340586 94.03771463302758 -812.8000000000931
731 269.643379285269 103.9511187570461 -812.8000000000875
732 177.9341216382467 170.613104977141 -812.8000000000495
733 142.841714138045 -405.0507664206573 -812.8000000003768
734 85.25298706528963 -185.122575260306 -812.8000000002518
735 25.36009700824737 -355.7631513309478 -812.8000000003487
736 28.7028148418616 10.27191626369267 -812.8000000001407
737 29.33036910157795 -445.0813542420937 -812.8000000003996
738 139.2051623344265 -217.8237877504945 -812.8000000002704
739 31.30836461873728 -229.2302373518688 -812.8000000002769
740 166.9405781959624 -97.30525408763685 -812.8000000002019
741 87.63889161956958 100.4185702112815 -812.8000000000894
742 150.4392141345468 -27.65460140353707 -812.8000000001623
743 277.6570070521437 -444.1142649547431 -812.800000000399
744 24.42244950065918 -263.0800000000268 -812.8000000002961
745 27.54213524881735 232.7912079887756 -812.8000000000143
746 28.27584240954944 -622.6310292035406 -812.8000000005005
747 276.2241575904505 -622.6310292035406 -812.8000000005005
748 277.2398917577002 232.379716617733 -812.8000000000145
749 122.2689294136184 181.6963756431708 -812.8000000000433
750 279.83237081327 -262.842452743143 -812.800000000296
751 279.8399873192146 -171.8685899356249 -812.8000000002443
752 186.4049258299787 -564.9378107417476 -812.8000000004677
753 24.7328842380648 196.3116735717358 -812.800000000035
754 280.3848807251872 195.231190152461 -812.8000000000355
755 239.6619010071888 84.05980080646577 -812.8000000000987
756 147.2883600133657 -651.7000000000231 -668.5411105394187
757 152.6236826518604 -651.7000000000068 -149.5292648475546
758 149.2608815155565 -651.700000000012 -315.0722081098684
759 150.6958664135565 -651.7000000000179 -502.5712939455505
760 117.4342764809594 -651.7000000000147 -401.8167664195392
761 222.3175042398142 -651.7000000000148 -406.3999999999796
762 207.6046701723288 -651.7000000000204 -581.9758619441668
763 97.30282735412352 -651.7000000000093 -229.9428074539981
764 206.2287684322649 -651.7000000000091 -228.0444683988118
765 96.89532982767128 -651.7000000000204 -581.9758619441667
766 220.5630142518462 -651.7000000000249 -726.013180818383
767 85.79007053718679 -651.7000000000048 -88.31665133553867
768 82.21624297212725 -651.7000000000248 -725.1876727054001
769 222.2837570278725 -651.7000000000047 -87.61232729455833
770 225.7298497242844 -651.7000000000119 -313.9335011663475
771 226.2145167944304 -651.7000000000178 -499.0691933141127
772 76.81817434479572 -651.7000000000119 -313.010018156188
773 79.23951014454462 -651.7000000000178 -498.8174935168765
774 72.36283814988292 -651.7000000000073 -168.5003439748139
775 232.2825742437628 -651.7000000000071 -163.2404860664485
776 72.22613149241964 -651.7000000000224 -649.2463985519747
777 233.517713394084 -651.7000000000226 -653.0699262017765
778 152.25 -651.700000000004 -64.55681420218704
779 152.25 -651.7000000000256 -748.2431857977713
780 155.7276935113071 -651.7000000000163 -455.2787164277333
781 155.4169613189184 -651.7000000000132 -356.8864702102055
782 58.63315513950887 -651.7000000000164 -455.9185221654887
783 66.6874102168948 -651.7000000000135 -364.8613996580066
784 152.25 -651.7000000000197 -561.1619853375146
785 153.1678341189923 -651.7000000000086 -210.0738232971441
786 256.6534211558555 -651.7000000000163 -454.8507275830083
787 256.5841830029775 -651.7000000000132 -357.9782287713081
788 251.201983400262 -651.7000000000104 -266.5334346166279
789 50.74670018122741 -651.7000000000104 -266.0681931351443
790 251.8218638252268 -651.7000000000193 -545.9987234937922
791 52.81442573748396 -651.7000000000193 -545.9627663799013
792 52.09315263272565 -651.7000000000036 -51.51262616677435
793 252.4068473672744 -651.7000000000036 -51.51262616677435
794 252.4068473672744 -651.700000000026 -761.2873738331842
795 52.09315263272563 -651.700000000026 -761.287373833184
796 49.52007269824046 -651.7000000000211 -604.389944121693
797 49.52007269824046 -651.7000000000086 -208.4100558782658
798 254.9799273017595 -651.7000000000086 -208.4100558782657
799 254.0385648887789 -651.7000000000211 -606.337117801495
800 107.3024385061501 -651.7000000000165 -461.7100191052004
801 109.4314571909557 -651.700000000013 -348.5154713977046
802 139.3212961560894 -651.7000000000103 -264.4357218552835
803 164.8185403586587 -651.7000000000214 -615.9530874324652
804 108.75 -651.7000000000033 -43.27017859366905
805 194.8957635639297 -651.7000000000033 -44.22638933032525
806 109.6042364360703 -651.7000000000262 -768.5736106696335
807 195.75 -651.7000000000263 -769.5298214062898
808 258.2964628936603 -651.7000000000057 -117.0959696151967
809 46.51143493743194 -651.7000000000057 -119.5765462907882
810 46.20353710633944 -651.7000000000239 -695.7040303847619
811 260.4394426590479 -651.7000000000238 -691.6308093028034
812 190.3957863866895 -651.7000000000107 -277.9318329022918
813 201.9298155512764 -651.7000000000164 -457.3617125265382
814 201.8197776540194 -651.7000000000132 -355.4477196508137
815 115.7585441969392 -651.7000000000218 -628.0544486112462
816 193.7295033781274 -651.7000000000189 -534.8619474295751
817 110.7704966218725 -651.7000000000189 -534.861947429575
818 175.4485269551601 -651.7000000000243 -706.4659951460119
819 132.2658414675332 -651.7000000000054 -107.7143098627783
820 114.133915003282 -651.7000000000077 -181.0099746849991
821 191.4036610334497 -651.7000000000077 -180.2122374902185
822 106.3052826259682 -651.7000000000235 -681.0485344241587
823 200.6345654303311 -651.7000000000062 -131.9601617625627
824 268.4276430135615 -651.7000000000148 -406.4041366220305
825 35.09736573147723 -651.7000000000148 -408.3897497252404
826 98.31025600137319 -651.7000000000106 -274.4085881046789
827 191.4093331427092 -651.7000000000228 -659.2770948406953
828 268.5032032255048 -651.7000000000119 -311.9996211461426
829 268.7379603551025 -651.7000000000178 -500.7931406428805
830 35.94199172252263 -651.7000000000176 -493.1596009319363
831 35.60458501722116 -651.700000000012 -317.8505139085215
832 100.6146304578629 -651.7000000000063 -135.7745151660788
833 206.3603539540417 -651.7000000000216 -622.8394293197571
834 32.2884255432253 -651.7000000000223 -645.4588235293915
835 32.28842554322524 -651.7000000000072 -167.3411764705675
836 272.2115744567747 -651.7000000000072 -167.3411764705675
837 272.2115744567746 -651.7000000000223 -645.4588235293913
838 176.5879527551989 -651.700000000005 -96.30865338355375
839 127.9120472448005 -651.7000000000246 -716.4913466164049
840 114.6284130417541 -651.7000000000115 -303.0884015247447
841 152.25 -651.7000000000029 -28.61448327022105
842 152.25 -651.7000000000268 -784.1855167297377
843 188.5310911065957 -651.7000000000177 -495.5292334670887
844 132.4306035958172 -651.7000000000209 -596.7863458313482
845 172.278421273509 -651.7000000000097 -245.1214616133828
846 187.9180563525769 -651.700000000012 -317.8808620355549
847 112.002077921531 -651.7000000000178 -499.4901884993007
848 173.7798487570804 -651.7000000000148 -405.7799268136619
849 270.5154140917658 -651.7000000000251 -729.8574611398626
850 33.98458590823443 -651.7000000000046 -82.94253886009574
851 270.5154140917655 -651.7000000000046 -82.94253886009577
852 33.98458590823413 -651.7000000000251 -729.8574611398624
853 83.49826895128902 -651.7000000000082 -197.2254344854095
854 221.1101978463089 -651.7000000000081 -195.6965490457233
855 216.2756060805695 -651.7000000000237 -687.291401261934
856 83.60001955381763 -651.7000000000214 -615.91666330727
857 24.9648593135983 -651.7000000000163 -454.2117647058622
858 27.47787219311864 -651.7000000000133 -361.6556267759925
859 282.7500000000001 -651.7000000000269 -788.8941176470383
860 21.75 -651.7000000000028 -23.90588235292029
861 282.75 -651.7000000000028 -23.90588235292026
862 21.75 -651.7000000000269 -788.8941176470383
863 75.14531404978165 -651.7000000000152 -416.7704442257164
864 186.0028853017516 -651.7000000000253 -737.5630457921138
865 119.8184971106022 -651.7000000000044 -75.82120596055907
866 304.5 -114.0903770974078 -376.9112498482117
867 304.5 46.40349297827777 -229.9897324167358
868 304.5 -366.9579714924405 -522.3789587313902
869 304.5 -138.0470064129257 -171.4514027943228
870 304.5 -389.4938895227444 -262.3196894310979
871 304.5 23.10923895817888 -573.4018275836738
872 304.5 132.6378574993504 -123.3100919827434
873 304.5 -178.2531552980471 -611.4108872117968
874 304.5 -36.96198724415302 -115.8834540426573
875 304.5 68.31332939517162 -400.8448301175015
876 304.5 -486.785174961458 -641.3787587846568
877 304.5 -486.2416208122181 -403.7804725092175
878 304.5 -277.7211150856845 -385.8968791388783
879 304.5 -498.1744281128422 -153.4233909058578
880 304.5 -279.1635757634807 -144.8936508562723
881 304.5 60.27742678994619 -86.07938759171861
882 304.5 -326.254364909656 -666.0802710065045
883 304.5 -114.0903770973991 -85.16224278636548
884 304.5 192.442083332536 -72.66326654608537
885 304.5 122.890350723085 -673.0276305207958
886 304.5 -62.94817053252225 -676.8005401710866
887 304.5 -92.31343102989099 -507.850618796579
888 304.5 -518.9936027278911 -289.9749019323782
889 304.5 133.0480401345186 -521.7835462234378
890 304.5 -517.293040541655 -514.3407833944397
891 304.5 -234.9333360720094 -264.9761478437815
892 304.5 -240.1508311446078 -501.8681780005886
893 304.5 146.5286545143817 -285.5153108462583
894 304.5 118.7541439115601 -57.46346411053906
895 304.5 6.853631798467205 -60.96749696334405
896 304.5 -50.85482275320851 -57.12113920965288
897 304.5 -201.4255597422802 -78.97187141234343
898 304.5 -62.94429020701287 -273.3894032036797
899 304.5 -392.897206885429 -111.2526115138112
900 304.5 -219.6254397047265 -707.7555617692867
901 304.5 -383.4202965291516 -423.1918544717289
902 304.5 -29.93074515013686 -425.1514362206826
903 304.5 -398.0972329946775 -700.108538653042
904 304.5 36.66845361888747 -715.4328179065419
905 304.5 -552.8018974711064 -714.1366747513209
906 304.5 22.96724692558288 -315.0617361810301
907 304.5 172.0535420259665 -414.9064230924849
908 304.5 -390.4149720483973 -609.3789129209683
909 304.5 181.3774734228969 -205.4808933369576
910 304.5 -194.8668670842289 -423.5881499892134
911 304.5 166.3973224893244 -597.6126599736413
912 304.5 50.19460254024301 -485.8368564339793
913 304.5 79.46389392278721 -42.27490064277117
914 304.5 -563.6507463727304 -365.6890787123139
915 304.5 -264.5050405746267 -588.9472735412456
916 304.5 156.4418615898042 -40.97291376070706
917 304.5 -556.9886785751467 -81.08973967999606
918 304.5 -443.7548811125914 -485.0967290820325
919 304.5 -565.214605280355 -603.8539039724659
920 304.5 -151.3255353468357 -297.3423046721531
921 304.5 -92.47220837852657 -39.00744148931454
922 304.5 -131.9785362994021 -729.9111029200926
923 304.5 -85.43114253311457 -592.803683436457
924 304.5 -138.4936469173947 -43.20572541663176
925 304.5 -312.4196991864457 -303.0474570934904
926 304.5 -420.8395005329916 -343.4606820074287
927 304.5 -568.3836070660676 -447.8299482287513
928 304.5 -572.3636198624323 -204.8676221689548
929 304.5 37.27925363833211 -37.1771699303718
930 304.5 183.8005337191065 -734.097469913199
931 304.5 199.9578851973878 -133.7065550006017
932 304.5 -422.4934096603681 -186.2209540849067
933 304.5 -33.20075047528704 -200.8189221691027
934 304.5 28.98133532183979 -150.0763777976082
935 304.5 -307.6781027148643 -458.1373705991954
936 304.5 -466.5349446840627 -79.91474059902652
937 304.5 -320.3979187151511 -223.4558655691019
938 304.5 -318.9116566275669 -79.68322538854386
939 304.5 -451.0893166379254 -565.4167042676002
940 304.5 -218.4360129403032 -188.1934688283851
941 304.5 -167.3140650746586 -531.5960286886029
942 304.5 -213.3108772373844 -343.7938252235113
943 304.5 -308.9149725944457 -735.9890661360125
944 304.5 -473.7442458099767 -737.7992918866346
945 304.5 93.74851403228976 -592.3050175275562
946 304.5 213.0472271624031 -34.61055244519156
947 304.5 -40.28376246259674 -354.1427390022224
948 304.5 102.6799999999359 -743.1431147974056
949 304.5 -34.48000000006417 -744.6863677839726
950 304.5 7.000867268526036 -644.9482579605809
951 304.5 -20.31609191118704 -517.4528212657152
952 304.5 191.4581162383029 -344.9398918245353
953 304.5 103.5389328444064 -191.629386542544
954 304.5 -19.29507663015769 -32.1494110704254
955 304.5 -123.2497034282128 -447.2208800452752
956 304.5 -465.7166609333997 -247.1411291567574
957 304.5 194.8497382241777 -665.0668251958848
958 304.5 -92.61786738101144 -142.4546050629418
959 304.5 -135.4471978035962 -659.0896809512731
960 304.5 190.7900240585807 -476.8966850542771
961 304.5 -354.448824269784 -355.932413644996
962 304.5 -338.6855852084825 -589.4312622091645
963 304.5 -350.0961951777598 -164.9191376071973
964 304.5 -492.2309738079528 -331.227982410788
965 304.5 -588.6212666116628 -286.1103785222467
966 304.5 118.1753782933639 -31.83035954220043
967 304.5 97.92539733438267 -337.9094331132574
968 304.5 -586.6651943055837 -542.5719210103289
969 304.5 203.2000552654479 -274.6321026407103
970 304.5 -158.0575057929839 -126.1218963525062
971 304.5 -252.8539078858676 -656.0034235952062
972 304.5 118.2547294000671 -453.0101431789366
973 304.5 -298.7891353671389 -533.205076189142
974 304.5 -176.9764069299439 -233.8250195663476
975 304.5 76.62415684677373 -263.2767489172824
976 304.5 -505.4623827600443 -463.5324022443533
977 304.5 25.53654532328221 -389.3561017548836
978 304.5 -588.5975094490714 -147.1546971191574
979 304.5 -587.8520642187704 -667.1221068972018
980 304.5 202.7297642296716 -543.5897068423488
981 304.5 83.84227049270723 -139.370407545278
982 304.5 159.2816231574502 -88.82660888436038
983 304.5 -265.3844527929742 -60.82437157654499
984 304.5 -54.51709688389798 -31.01631089129046
985 304.5 182.5524715753937 -31.60854422397847
986 304.5 15.56193160449311 -32.64007077807338
987 304.5 84.66121071269399 -536.5104558285809
988 304.5 -8.069421114689106 -272.8329760939801
989 304.5 62.00504340110066 -652.5728782276301
990 304.5 -101.8402416152744 -242.3841877285289
991 304.5 223.4808107948994 -93.57894306928011
992 304.5 -185.1533655602682 -51.51690276317078
993 304.5 -352.4943721494165 -756.0656301181343
994 304.5 -511.2721356474561 -210.3628268086168
995 304.5 -42.54326799420801 -564.8579971050281
996 304.5 -254.3048221951004 -435.6478240490565
997 304.5 -584.8031880104645 -747.9711125078666
998 304.5 -258.2344185523893 -748.141618993275
999 304.5 -176.6633222180676 -754.0739915876372
1000 304.5 -100.9503501727885 -321.003675707078
1001 304.5 132.4014147348618 -366.4191457576975
1002 304.5 -391.7976090136778 -50.571403519603
1003 304.5 239.2316516646776 -62.62067625837108
1004 304.5 23.19994567166148 -106.0833910797045
1005 304.5 -509.8531191404252 -592.1988218373697
1006 304.5 -76.68272862505533 -101.4231568061775
1007 304.5 -207.7459642085813 -569.6636300544587
1008 304.5 -429.0002888264223 -662.8607694287372
1009 304.5 -188.1169145247076 -478.4721908228597
1010 304.5 -114.0903770973972 -24.12812967545437
1011 304.5 -443.1387316737906 -133.9226380127067
1012 304.5 -372.5376594042897 -664.6279533456616
1013 304.5 -81.51054861545364 -419.4677729892595
1014 304.5 -515.0599248190216 -57.21688968385939
1015 304.5 237.2826211217051 -25.05028714705861
1016 304.5 -79.27449612074001 -760.3198140614395
1017 304.5 -430.2241022309669 -429.0445863568229
1018 304.5 -389.1384715764463 -471.550299828067
1019 304.5 -257.2888241259648 -311.0729604039518
1020 304.5 -264.1318773948811 -218.4604805781302
1021 304.5 -598.93057913686 -405.4268335293474
1022 304.5 -185.9275696253546 -660.4052149997999
1023 304.5 60.0521835052979 -22.96252884894426
1024 304.5 124.2878493110166 -240.8906127779866
1025 304.5 -234.9720149755924 -139.8518241158325
1026 304.5 -158.1482747625365 -84.19470794002478
1027 304.5 -537.4000000000549 -764.9144732808477
1028 304.5 37.9112911163156 -434.4478685572545
1029 304.5 -430.7979223000245 -759.6479999118624
1030 304.5 -538.0451461857901 -664.4438283816605
1031 304.5 52.70610899632618 -762.5301370438663
1032 304.5 218.3368616124619 -175.3621603932704
1033 304.5 -44.45407676624987 -625.8724726367493
1034 304.5 -268.3440652302862 -701.2729069861725
1035 304.5 -600.9737218370324 -501.0596384866695
1036 304.5 -402.5866546444734 -560.1207438313122
1037 304.5 -320.0692622097566 -400.8595941592815
1038 304.5 -52.85245096670732 -474.0958948247481
1039 304.5 94.9755540543961 -101.9783445969093
1040 304.5 -599.1473144481945 -52.50555696637929
1041 304.5 -170.0437214112699 -374.5102727437059
1042 304.5 -599.9482344165384 -247.4087509614283
1043 304.5 -29.19338926035161 -82.37653573151385
1044 304.5 -375.6303533273588 -211.2799830499014
1045 304.5 -544.7425284450333 -405.1186141531484
1046 304.5 -450.4414257364832 -301.2159504922244
1047 304.5 -88.14830482938486 -194.7920452700446
1048 304.5 -119.5599652902555 -552.1102234426073
1049 304.5 147.2008262334987 -768.4884033966638
1050 304.5 131.443898235681 -570.3910705235041
1051 304.5 98.9775906282878 -20.7225449169074
1052 304.5 137.2892875596915 -19.67841793281053
1053 304.5 -361.7377444141457 -299.2496159402375
1054 304.5 33.81635577719013 -68.42905460709341
1055 304.5 -27.04687091817644 -307.1369053186282
1056 304.5 -512.2495697149161 -104.022186128512
1057 304.5 -13.17983248117059 -695.0807599170223
1058 304.5 -73.30806110945213 -19.8689225284981
1059 304.5 -445.0303139723524 -611.9864996964321
1060 304.5 213.524031365611 -388.2825140499577
1061 304.5 -36.65918789078432 -18.76737330859157
1062 304.5 81.97767077524819 -695.1465552573162
1063 304.5 -346.9967452382802 -709.1992572762163
1064 304.5 215.98843133637 -766.0386073960847
1065 304.5 -285.5927271338703 -264.130245819799
1066 304.5 -466.4082615471053 -689.5222658450796
1067 304.5 218.9891768166878 -233.6796047048251
1068 304.5 166.1658703285402 -162.3531531692559
1069 304.5 212.7464513837436 -593.0265019133336
1070 304.5 2.763778249534084 -468.0976050229114
1071 304.5 -205.2210191069965 -301.3518954413105
1072 304.5 -230.1802838418637 -388.9652477197304
1073 304.5 -609.1403049170245 -709.475570594682
1074 304.5 -476.9104088949721 -520.0518193699722
1075 304.5 213.1286822479507 -433.4841761858053
1076 304.5 -438.5882091507437 -41.33584455132285
1077 304.5 -137.2437808931622 -492.292348797278
1078 304.5 1.08563207326236 -774.6753844335697
1079 304.5 135.3595760028895 -627.3086903196349
1080 304.5 -225.1603498074834 -622.1838945642223
1081 304.5 -613.1348383329383 -595.5622175022294
1082 304.5 -543.5713974393497 -168.3225503410229
1083 304.5 218.3309993110776 -696.4759717121642
1084 304.5 41.09097599770809 -17.36652776416378
1085 304.5 -611.6166408473947 -356.045942792486
1086 304.5 -303.3661120852361 -619.1513797013013
1087 304.5 -280.2641724663852 -104.1495895553404
1088 304.5 -352.3706779942783 -118.8900477415664
1089 304.5 27.93854316874371 -528.8841557844152
1090 304.5 158.992419218711 -20.53538707740671
1091 304.5 -538.3379919736726 -330.9307379265504
1092 304.5 79.463893922788 -16.98996662493141
1093 304.5 -81.68240066818794 -66.32060013799031
1094 304.5 -339.9476275719917 -265.509169510398
1095 304.5 -343.1670931533724 -41.63976542501075
1096 304.5 -603.2760021198885 -102.4758112937478
1097 304.5 99.71696133269594 -488.0935851817137
1098 304.5 -36.46885197621697 -39.53510085922136
1099 304.5 58.03205425193369 -57.78134890407728
1100 304.5 -441.4301398392871 -384.6403767547123
1101 304.5 -15.71991364678684 -158.8784506169748
1102 304.5 -306.1615540056029 -348.7430122960421
1103 304.5 -346.2517387312123 -629.73395583672
1104 304.5 91.13852016751727 -67.87901763473036
1105 304.5 -226.0940336223808 -41.82616137951078
1106 304.5 -408.9232414315553 -513.8607819591455
1107 304.5 -140.2353307880793 -339.5912752073672
1108 304.5 -89.32989468016714 -714.8381568620789
1109 304.5 -255.8493916744364 -542.9488850071587
1110 304.5 134.627155360866 -715.7825753451577
1111 304.5 -466.5399915308714 -189.5122028505918
1112 304.5 51.53734631415409 -608.7843162833954
1113 304.5 -135.2327257730503 -776.2559451566588
1114 304.5 -132.5282109225174 -613.3629612390428
1115 304.5 -508.8280404611822 -699.6525689560069
1116 304.5 -547.5945717020766 -562.6305534813088
1117 304.5 -551.0350498112983 -253.5476873269984
1118 304.5 -347.5599819919503 -481.7104717777274
1119 304.5 -614.3331495856579 -183.2093782224275
1120 304.5 -304.0981132819441 -36.42947247801607
1121 304.5 -172.8270190273758 -708.1005916006682
1122 304.5 -551.1001455339516 -486.5360001306352
1123 304.5 -181.5663365362444 -163.5312863875445
1124 304.5 222.2459875361918 -313.9760085011065
1125 304.5 59.60075771682685 -186.5436259211565
1126 304.5 -78.1045699539043 -547.4355161059466
1127 304.5 -614.3375816079986 -452.5479899312984
1128 304.5 186.8141426798279 -101.8489413942285
1129 304.5 -394.4900832061038 -379.043502953191
1130 304.5 -96.7079008209878 -643.6071615438093
1131 304.5 217.7426230263798 -14.35249848484807
1132 304.5 -493.7801538746844 -775.0349984292361
1133 304.5 -164.1058151510048 -27.38633750602179
1134 304.5 -392.8135060671945 -154.6309022236806
1135 304.5 83.36491287759665 -225.4021502956824
1136 304.5 -407.0314781525901 -302.1698005651006
1137 304.5 -424.4799829851839 -227.6782117411237
1138 304.5 -137.8717954519083 -19.46383991302019
1139 304.5 -6.681386559768526 -600.9319460825118
1140 304.5 75.2323983070095 -451.481671262702
1141 304.5 34.44704411889799 -269.6777090207472
1142 304.5 124.8034042723849 -411.0002101322808
1143 304.5 -113.6262902428732 -55.2525841908888
1144 304.5 -525.0407722823214 -367.3493771424036
1145 304.5 -423.7278629671791 -81.51257191084778
1146 304.5 222.6369646444818 -510.6568333511671
1147 304.5 -557.7539870320204 -42.56356758920299
1148 304.5 52.6682608266257 -119.6946555216756
1149 304.5 -161.080272158812 -575.6287461273017
1150 304.5 -278.2123551520903 -491.9186182152432
1151 304.5 56.59572568540514 -360.2193632021982
1152 304.5 -63.48554578329927 -229.688871866016
1153 304.5 -111.677879931314 -279.056363759624
1154 304.5 -217.3600000000455 -778.8504606989284
1155 304.5 196.4490899436088 -15.89386214140899
1156 304.5 170.5275813002151 -250.2829208217023
1157 304.5 177.8629457853951 -13.60755868856097
1158 304.5 15.63858915878697 -192.6844622576666
1159 304.5 159.9072010877113 -451.4629738182648
1160 304.5 -55.41102924236961 -156.6380828215747
1161 304.5 -303.6391879838973 -179.0540986884865
1162 304.5 101.3019053847032 -44.03405736942972
1163 304.5 -478.4151696887744 -35.69349496683549
1164 304.5 -19.34198979164134 -56.58629616382672
1165 304.5 0.5306261373313248 -19.66327988495823
1166 304.5 134.9584700003453 -42.67619106873059
1167 304.5 -93.30956177064368 -16.60089873865212
1168 304.5 171.9167518799361 -57.30488071833281
1169 304.5 -308.8000000000454 -780.2960659602716
1170 304.5 -214.7849046495927 -229.1136835257528
1171 304.5 -141.201624419429 -410.3155332441021
1172 304.5 144.624751566128 -62.74078815964532
1173 304.5 -70.56691795865463 -42.66688285134927
1174 304.5 -259.098786280303 -175.3381822879664
1175 304.5 21.90448193009877 -14.58283885910436
1176 304.5 -359.8288487348649 -80.40741071770708
1177 304.5 -94.281706807551 -467.5163603074011
1178 304.5 -48.3669090941876 -389.4741218694023
1179 304.5 146.6561202582314 -331.3226672929986
1180 304.5 -207.2263732020771 -525.2926349247301
1181 304.5 -348.2089284825755 -440.2893057103654
1182 304.5 -466.843760564531 -452.0949611945024
1183 304.5 228.2957805322983 -648.6382691934533
1184 304.5 20.47847099692555 -48.92537335419593
1185 304.5 -122.4639187335644 -119.6025858206596
1186 304.5 3.750000548446081 -350.8594843746889
1187 304.5 102.1235648193377 -780.8194286695123
1188 304.5 -389.5298958537176 -778.8794629839631
1189 304.5 33.19160184145019 -677.1908752892314
1190 304.5 -255.1010785493841 -355.475301385815
1191 304.5 235.0376091159177 -134.904933316514
1192 304.5 -289.3131401223517 -423.0855803297884
1193 304.5 124.95335419869 -86.39406266670829
1194 304.5 -530.400248208934 -625.3573452857642
1195 304.5 -225.2534851555423 -465.439576724381
1196 304.5 -76.00781852830787 -361.948541021082
1197 304.5 161.7601504930621 -681.3610047159311
1198 304.5 -36.32577280951844 -781.056313255863
1199 304.5 -497.2216302990601 -555.3710049664061
1200 304.5 -484.090248703294 -280.4446103511547
1201 304.5 176.0145063094725 -515.5744095580892
1202 304.5 -549.6114156322722 -126.002201280281
1203 304.5 118.1295738923621 -14.4462644783851
1204 304.5 -436.0510218023072 -717.2858411240625
1205 304.5 -196.2122673228762 -118.3899506706791
1206 304.5 -18.19850424014291 -14.4237598024003
1207 304.5 180.1027525187951 -300.1114836545519
1208 304.5 -238.1201256305944 -94.50308424127587
1209 304.5 -298.622479498597 -570.2700441547538
1210 304.5 -364.3596645602942 -562.4540278720931
1211 304.5 -612.1305045953192 -634.5434631138596
1212 304.5 194.870853149213 -50.47490592404188
1213 304.5 -427.4326874660802 -268.1049562772608
1214 304.5 65.35660909797284 -307.632448278145
1215 304.5 -161.460989364769 -448.8528444116934
1216 304.5 -306.3446545073229 -696.4603161259017
1217 304.5 -480.0244185464029 -117.8207389115258
1218 304.5 -617.8230420658101 -312.3593791810808
1219 304.5 -4.907113072071951 -551.7152736946141
1220 304.5 98.46295979706619 -641.456655718691
1221 304.5 129.4358076151304 -161.6020142023938
1222 304.5 60.75713553662698 -572.2651198527474
1223 304.5 -176.1424486431469 -328.5520363106403
1224 304.5 228.558191915402 -355.0708179754843
1225 304.5 169.1044767991148 -377.0477470597779
1226 304.5 -57.22596237117949 -522.3385696196034
1227 304.5 105.1375200445407 -298.2895465991594
1228 304.5 234.6894048735953 -555.3394502363136
1229 304.5 -147.2538924771151 -255.5497500031634
1230 304.5 -222.3783082120712 -671.1304476638447
1231 304.5 -31.98667890448738 -241.30596759144
1232 304.5 -59.88640895985216 -323.7806146704658
1233 304.5 179.9531392533596 -635.0236504816032
1234 304.5 -332.0487761288027 -548.3744567332917
1235 304.5 6.196532727721603 -736.8169327724711
1236 304.5 -383.4627611870478 -335.1967854079373
1237 304.5 229.8913023488354 -469.2489907276685
1238 304.5 -621.5644659427936 -550.5616661193685
1239 304.5 169.9714578879382 -560.5808477146584
1240 304.5 241.9077178861 -43.07978027416942
1241 304.5 -28.39530312785419 -660.6755076713598
1242 304.5 97.76825840480748 -371.9743358155132
1243 304.5 -1.894300789513522 -87.9086726221343
1244 304.5 -506.2215395646679 -256.2942311151811
1245 304.5 -119.4386063679265 -693.7136308282472
1246 304.5 -54.83341616340803 -13.93052134567523
1247 304.5 -53.0096640802449 -713.4456963295283
1248 304.5 -313.1037221377763 -129.6166969058809
1249 304.5 -440.7399401738905 -529.8323598564236
1250 304.5 -515.4718482983262 -736.2052821583236
1251 304.5 -178.8648108819492 -200.7385645334757
1252 304.5 -614.8352790617855 -776.4907626995796
1253 304.5 169.1280441566859 -125.2314217214926
1254 304.5 182.2460395662232 -779.0886237131713
1255 304.5 140.2003883721885 -203.6174363009598
1256 304.5 214.3957317957966 -56.18728568662118
1257 304.5 -2.925932320002829 -126.7139120650085
1258 304.5 -140.9004321943248 -217.3677006992561
1259 304.5 -188.4158490970822 -263.6931335087515
1260 304.5 248.0390871002167 -12.36524790642642
1261 304.5 -158.0390334123788 -636.0671861004781
1262 304.5 -620.3232376178283 -217.6227938423879
1263 304.5 -351.9728536006467 -788.1682318126134
1264 304.5 -561.5281595891066 -639.8865319029047
1265 304.5 -137.0567164432351 -64.85418889409874
1266 304.5 -156.5915637668879 -54.23157250398953
1267 304.5 -455.1081233208612 -352.0634167796564
1268 304.5 237.058286740058 -274.4733959486611
1269 304.5 -360.1274789394743 -399.8633341879126
1270 304.5 -622.4357543978651 -743.2204303368879
1271 304.5 -216.4720227772718 -742.5902418037349
1272 304.5 -580.655693414472 -782.9952696978503
1273 304.5 -532.5670093330421 -441.1916482747119
1274 304.5 -171.6400000000406 -787.630762370346
1275 304.5 0.79793235256966 -41.82198803580405
1276 304.5 -263.0800000000411 -787.7129834034611
1277 304.5 -54.4006050801739 -83.75579224349013
1278 304.5 -202.2711785890472 -23.26243026825802
1279 304.5 -578.6717297968471 -324.8405873586204
1280 304.5 231.9274257226842 -734.896173323
1281 304.5 -478.4717288793472 -485.3690290262567
1282 304.5 -65.53238848156073 -128.5001661360205
1283 304.5 5.779589028462823 -232.2241358661853
1284 304.5 -457.7451984388217 -780.5468433046944
1285 304.5 -621.0589389738366 -274.960062567944
1286 304.5 -287.4895222925837 -660.3116690885579
1287 304.5 233.8996753875872 -10.35360670766954
1288 304.5 -337.4409138010417 -194.6772712286717
1289 304.5 -13.47802057746358 -387.013039390783
1290 304.5 -623.4805456171918 -28.40317452522521
1291 304.5 -321.8743871412145 -505.954158707665
1292 304.5 68.50805834759947 -729.0631562512825
1293 304.5 -554.231574677285 -297.3171867286977
1294 304.5 -627.3492182418494 -71.71764705880344
1295 304.5 7.017790527078716 -415.907347680575
1296 304.5 -560.2519255770736 -522.451011818566
1297 304.5 -398.8870806727689 -744.8732497609269
1298 304.5 -473.3632381674195 -592.9788854591354
1299 304.5 239.8399999999612 -789.3944954760248
1300 304.5 -422.2803143257871 -586.7257151790782
1301 304.5 -584.8931898349612 -574.7566267311703
1302 304.5 -267.2132931126569 -626.1761104743455
1303 304.5 -336.5658066419796 -327.0012107588574
1304 304.5 146.288577053841 -484.4702238357866
1305 67.40202148971046 177.2 6.37870577961797e-12
1306 221.3263026311606 174.3389121408114 6.37870577961797e-12
1307 144.5 177.2 6.37870577961797e-12
1308 185.2806122508924 200.7285597836213 6.37870577961797e-12
1309 183.4937593311537 155.2336036541564 6.37870577961797e-12
1310 105.0640651870305 199.9993969492195 6.37870577961797e-12
1311 105.8546688347345 155.8630000133378 6.37870577961797e-12
1312 248.3776697446128 203.4420339424505 6.37870577961797e-12
1313 40.62233025538721 150.9579660575497 6.37870577961797e-12
1314 43.68221077591718 202.9958165395058 6.37870577961797e-12
1315 248.9230377528414 153.2070269382497 6.37870577961797e-12
1316 144.5396280845591 214.7542792965424 6.37870577961797e-12
1317 144.5 143.0215553503642 6.37870577961797e-12
1318 215.3838622457273 210.7079352682088 6.37870577961797e-12
1319 74.49231278142912 207.987127890007 6.37870577961797e-12
1320 73.38075505116234 144.547473347327 6.37870577961797e-12
1321 213.4499990756851 145.385285537121 6.37870577961797e-12
1322 29.33746016938422 179.2496028830392 6.37870577961797e-12
1323 260.7059877587096 180.2913917068249 6.37870577961797e-12
1324 195.613719289847 177.2 6.37870577961797e-12
1325 93.11651367394569 176.8730083102092 6.37870577961797e-12
1326 170.8244626814339 177.2504396513336 6.37870577961797e-12
1327 118.9431403550766 177.9243891630993 6.37870577961797e-12
1328 167.3018626607637 219.2042431443175 6.37870577961797e-12
1329 121.6981373392364 219.2042431443176 6.37870577961797e-12
1330 167.4121197228222 135.5689748586209 6.37870577961797e-12
1331 121.5878802771778 135.5689748586209 6.37870577961797e-12
1332 264.8445218169434 221.9641762470309 6.37870577961797e-12
1333 24.15547818305663 132.4358237529692 6.37870577961797e-12
1334 24.1554781830566 221.9641762470308 6.37870577961797e-12
1335 264.8445218169435 132.4358237529692 6.37870577961797e-12
1336 194.4161281438263 222.4892788789014 6.37870577961797e-12
1337 95.56767466054569 222.1287548122851 6.37870577961797e-12
1338 95.05287150855476 133.2442021856721 6.37870577961797e-12
1339 193.9471284914453 133.2442021856722 6.37870577961797e-12
1340 235.7631578947368 131.0538958535327 6.37870577961797e-12
1341 235.8335642087189 223.7852081604742 6.37870577961797e-12
1342 53.23684210526319 223.3461041464675 6.37870577961797e-12
1343 53.16643579128112 130.6147918395259 6.37870577961797e-12
1344 127.8694116381577 157.6523108843872 6.37870577961797e-12
1345 161.1305883618424 157.652310884387 6.37870577961797e-12
1346 161.4552458634768 197.8422498194607 6.37870577961797e-12
1347 128.7145774352961 197.353714023607 6.37870577961797e-12
1348 20.97545251198898 159.9766764151077 6.37870577961797e-12
1349 21.04225968930356 193.9402852575082 6.37870577961797e-12
1350 267.996749301459 194.2944691220201 6.37870577961797e-12
1351 268.4045929329906 158.124482344277 6.37870577961797e-12
1352 241.0707503331917 189.224682034258 6.37870577961797e-12
1353 50.62493169393832 166.8285030383736 6.37870577961797e-12
1354 58.75152811121396 195.134869844396 6.37870577961797e-12
1355 232.5534375365824 160.3089327830428 6.37870577961797e-12
1356 80.48991937484209 162.9435789117908 6.37870577961797e-12
1357 201.9258265292159 195.1899459746557 6.37870577961797e-12
1358 89.37933678092818 192.7227681523612 6.37870577961797e-12
1359 208.6058489000683 162.2792394243357 6.37870577961797e-12
1360 57.41238908575674 152.3047085496149 6.37870577961797e-12
1361 232.3583579402802 202.1562586538694 6.37870577961797e-12
1362 144.5020631031112 229.4049195078637 6.37870577961797e-12
1363 144.5 125.2923677754098 6.37870577961797e-12
1364 68.18789170538977 126.5109363324487 6.37870577961797e-12
1365 220.9622100361917 228.0904409343161 6.37870577961797e-12
1366 68.06531910255036 227.165107559123 6.37870577961797e-12
1367 220.8024698795889 127.1064441192681 6.37870577961797e-12
1368 43.06848623620235 188.3015864656703 6.37870577961797e-12
1369 244.6314190297524 165.994188353575 6.37870577961797e-12
1370 250.4473243612157 123.5500907685238 6.37870577961797e-12
1371 250.2439647392447 231.2506429425265 6.37870577961797e-12
1372 38.55267563878428 230.8499092314763 6.37870577961797e-12
1373 38.75603526075527 123.1493570574736 6.37870577961797e-12
1374 144.6511814229166 197.1347506606677 6.37870577961797e-12
1375 144.5 158.1231078650197 6.37870577961797e-12
1376 198.0144122680722 148.3758744967851 6.37870577961797e-12
1377 90.59959483214726 148.7361778594225 6.37870577961797e-12
1378 13.57391443443385 177.2 6.37870577961797e-12
1379 274.106560709824 175.827058446138 6.37870577961797e-12
1380 218.0528257365007 192.0067816889986 6.37870577961797e-12
1381 109.9444715155569 229.6392204670726 6.37870577961797e-12
1382 178.5431028893497 124.7116781198128 6.37870577961797e-12
1383 110.4568971106504 124.7116781198128 6.37870577961797e-12
1384 179.7976729450405 229.4243012642318 6.37870577961797e-12
1385 160.8171733410523 231.5459882858001 6.37870577961797e-12
1386 160.3742369568451 122.809623381615 6.37870577961797e-12
1387 128.3072051034177 231.5818081529402 6.37870577961797e-12
1388 128.6257630431549 122.809623381615 6.37870577961797e-12
1389 275.619087365172 208.2378121907192 6.37870577961797e-12
1390 13.37807608517983 146.149039394702 6.37870577961797e-12
1391 13.09417284395522 207.5818813551989 6.37870577961797e-12
1392 275.9696632449441 146.4845140164847 6.37870577961797e-12
1393 106.0668978600493 170.6161138555298 6.37870577961797e-12
1394 183.4225743335374 169.823991799489 6.37870577961797e-12
1395 85.02548619822934 122.5266398199028 6.37870577961797e-12
1396 203.9729073992671 122.6258911177061 6.37870577961797e-12
1397 85.09085795642126 231.9148603283521 6.37870577961797e-12
1398 204.3170634733915 232.2551048217507 6.37870577961797e-12
1399 73.60072463254464 190.866766415161 6.37870577961797e-12
1400 183.0489892551449 185.1016440379128 6.37870577961797e-12
1401 105.4605286599807 184.9270408873109 6.37870577961797e-12
1402 34.88992051478456 163.0382408149385 6.37870577961797e-12
1403 254.4776995222417 191.5222789469225 6.37870577961797e-12
1404 183.1472866945122 214.7581462698963 6.37870577961797e-12
1405 181.8256683080271 140.7094061693706 6.37870577961797e-12
1406 107.5024419094637 214.2335528800343 6.37870577961797e-12
1407 106.9510959940022 141.1009211153832 6.37870577961797e-12
1408 131.7049130589637 184.3876290009009 6.37870577961797e-12
1409 157.5877227417095 184.6024285920466 6.37870577961797e-12
1410 58.37240475163267 211.1652396520178 6.37870577961797e-12
1411 229.6529582719715 143.9511706767998 6.37870577961797e-12
1412 209.1049046173585 180.2029758457603 6.37870577961797e-12
1413 66.22474957896705 162.5433878185923 6.37870577961797e-12
1414 193.8300628245357 162.5825418749533 6.37870577961797e-12
1415 94.67545081606067 162.652316504224 6.37870577961797e-12
1416 92.45676046740697 209.380975429926 6.37870577961797e-12
1417 199.7427731456533 210.1347900693343 6.37870577961797e-12
1418 275.8998588599525 231.6280009233611 6.37870577961797e-12
1419 13.10014114004744 122.7719990766389 6.37870577961797e-12
1420 13.10014114004738 231.628000923361 6.37870577961797e-12
1421 275.8998588599528 122.771999076639 6.37870577961797e-12
1422 130.8244742579305 144.2440280442019 6.37870577961797e-12
1423 158.1755257420695 144.2440280442019 6.37870577961797e-12
1424 53.37937415148846 180.6885902596659 6.37870577961797e-12
1425 236.1133959733402 175.7236944126705 6.37870577961797e-12
1426 157.2001055337133 170.0981282947062 6.37870577961797e-12
1427 131.9912700634995 170.355388260432 6.37870577961797e-12
1428 157.9368431564104 210.8221962257431 6.37870577961797e-12
1429 131.0631568435897 210.8221962257432 6.37870577961797e-12
1430 80.39415109993182 180.503620873119 6.37870577961797e-12
1431 118.4327061808975 149.5559714808229 6.37870577961797e-12
1432 170.8253702842507 149.1862143675985 6.37870577961797e-12
1433 261.0668402870605 145.3585834877252 6.37870577961797e-12
1434 29.41930293053559 206.5890950128538 6.37870577961797e-12
1435 28.25481032048688 146.3069147366862 6.37870577961797e-12
1436 260.7738448921684 208.0946598283147 6.37870577961797e-12
1437 171.3323545064422 205.9797390590724 6.37870577961797e-12
1438 118.5476766269487 205.8405984175469 6.37870577961797e-12
1439 43.41100935595949 139.4619409399807 6.37870577961797e-12
1440 41.51622217897196 216.9879060716221 6.37870577961797e-12
1441 245.7031909638537 214.9469935983743 6.37870577961797e-12
1442 247.833842002147 137.417785451095 6.37870577961797e-12
1443 97.65441938453952 119.9765040250775 6.37870577961797e-12
1444 97.66796924755741 234.616567121542 6.37870577961797e-12
1445 191.3452593349598 119.9963542846382 6.37870577961797e-12
1446 191.8672509176557 234.3901114815706 6.37870577961797e-12
1447 172.872276412598 192.5230391113951 6.37870577961797e-12
1448 117.6247622341755 190.9011535777213 6.37870577961797e-12
1449 60.28617312709326 139.5578743899914 6.37870577961797e-12
1450 228.422564889682 214.6653456432161 6.37870577961797e-12
1451 279.6646507357971 192.1999999999999 6.37870577961797e-12
1452 279.6646507357972 162.2 6.37870577961797e-12
1453 9.335349264202932 192.2 6.37870577961797e-12
1454 9.335349264202932 162.2 6.37870577961797e-12
1455 82.73473148504468 135.1857481043509 6.37870577961797e-12
1456 82.83881663410386 219.3446958013888 6.37870577961797e-12
1457 206.2652685149554 135.1857481043509 6.37870577961797e-12
1458 171.1494767543219 163.2074481086118 6.37870577961797e-12
1459 118.1804358346467 165.0105008029567 6.37870577961797e-12
1460 235.7236548163555 119.8793837240959 6.37870577961797e-12
1461 235.7449556571235 235.059546560502 6.37870577961797e-12
1462 53.26598470305007 119.3551310828483 6.37870577961797e-12
1463 53.25745789537862 234.5022665156743 6.37870577961797e-12
1464 264.3834450483677 234.4243002814803 6.37870577961797e-12
1465 264.3125802004555 120.1311766855185 6.37870577961797e-12
1466 24.61655495163227 119.9756997185197 6.37870577961797e-12
1467 24.68741979954461 234.2688233144816 6.37870577961797e-12
1468 219.9609028877117 156.3703065892228 6.37870577961797e-12
1469 33.02788901412762 194.6943974763564 6.37870577961797e-12
1470 257.779923623111 167.5279365819724 6.37870577961797e-12
1471 229.4793064227967 186.7613699087123 6.37870577961797e-12
1472 134.302001929508 133.8350820070282 6.37870577961797e-12
1473 154.697998070492 133.8350820070282 6.37870577961797e-12
1474 207.1749953351751 220.5167532572819 6.37870577961797e-12
1475 9.965064176312211 220.521225426561 6.37870577961797e-12
1476 10.0071494807022 133.689425831098 6.37870577961797e-12
1477 278.9927028438684 220.7098896408627 6.37870577961797e-12
1478 279.0109543994585 133.7068911904162 6.37870577961797e-12
1479 153.8803887058195 221.8424657983874 6.37870577961797e-12
1480 135.1196112941805 221.8424657983874 6.37870577961797e-12
1481 248.5764603892812 177.7557486850445 6.37870577961797e-12
1482 41.79096464174184 175.9764116519133 6.37870577961797e-12
1483 190.0118403601573 0.7808787639151651 6.37870577961797e-12
1484 92.85652562275442 -0.09434863792768085 6.37870577961797e-12
1485 140.9163122230316 32.73130092582815 6.37870577961797e-12
1486 142.4149310111224 -32.85261892400572 6.37870577961797e-12
1487 233.1090101708212 -35.58371418889549 6.37870577961797e-12
1488 231.1090813463741 36.63664458506071 6.37870577961797e-12
1489 52.89367272733497 38.46753632230595 6.37870577961797e-12
1490 52.69378163434374 -40.36869756942826 6.37870577961797e-12
1491 188.2801341410171 -46.01182430616994 6.37870577961797e-12
1492 188.280134141017 46.0118243061702 6.37870577961797e-12
1493 100.4721825161488 -49.06810068730332 6.37870577961797e-12
1494 98.0460606326766 48.0596310265461 6.37870577961797e-12
1495 39.48456772926261 1.007062770446017 6.37870577961797e-12
1496 249.7633252341584 -1.582168557910705 6.37870577961797e-12
1497 153.0022184412316 0.371905074736176 6.37870577961797e-12
1498 259.8757271513115 58.7077183550532 6.37870577961797e-12
1499 259.8757271513116 -58.70771835505289 6.37870577961797e-12
1500 157.2719302539641 -61.28399659516231 6.37870577961797e-12
1501 157.2719302539641 61.28399659516258 6.37870577961797e-12
1502 28.41530173865206 58.65150681971255 6.37870577961797e-12
1503 28.41530173865208 -58.65150681971255 6.37870577961797e-12
1504 123.1703932655447 -6.0482755019283 6.37870577961797e-12
1505 127.3228194828233 -60.75832225005021 6.37870577961797e-12
1506 127.5731353337536 60.55587230582307 6.37870577961797e-12
1507 215.254985429038 60.95104951865032 6.37870577961797e-12
1508 215.254985429038 -60.95104951865 6.37870577961797e-12
1509 220.122311768238 -9.062330834619354 6.37870577961797e-12
1510 71.05702786187588 61.26626692573722 6.37870577961797e-12
1511 71.69995824729831 -60.53736404296971 6.37870577961797e-12
1512 112.5303996067375 24.5671564739726 6.37870577961797e-12
1513 259.3034623518277 25.55637540304954 6.37870577961797e-12
1514 262.288128346386 -27.42690814467909 6.37870577961797e-12
1515 206.8521781289422 23.71597290251102 6.37870577961797e-12
1516 26.86476791789394 26.77589894266378 6.37870577961797e-12
1517 28.13119394857497 -25.56423382885714 6.37870577961797e-12
1518 79.68747421900169 25.89504529730435 6.37870577961797e-12
1519 79.67031037743612 -26.20291526828728 6.37870577961797e-12
1520 168.8463628396926 -23.23138731601937 6.37870577961797e-12
1521 168.3935768044105 25.07565625317696 6.37870577961797e-12
1522 66.04196559224043 4.082297070859456 6.37870577961797e-12
1523 209.2233440646136 -31.61931856630031 6.37870577961797e-12
1524 104.6947127506898 -23.19270119681787 6.37870577961797e-12
1525 189.8444455354258 -69.06947072803884 6.37870577961797e-12
1526 189.7869520282226 68.89954417944894 6.37870577961797e-12
1527 99.07489866353242 -69.32647826511436 6.37870577961797e-12
1528 99.07489866353249 69.32647826511455 6.37870577961797e-12
1529 235.7631578947369 70.42702896510238 6.37870577961797e-12
1530 235.7631578947368 -70.42702896510212 6.37870577961797e-12
1531 229.9917054857064 13.00481415370664 6.37870577961797e-12
1532 54.71050078844887 -67.61520666279276 6.37870577961797e-12
1533 54.60334572421181 67.73669047658738 6.37870577961797e-12
1534 56.07804062427878 -15.97053523274381 6.37870577961797e-12
1535 120.0252291174958 -37.58672762038928 6.37870577961797e-12
1536 137.5234827133649 11.78997863892609 6.37870577961797e-12
1537 266.8734229334323 -7.409747686720551 6.37870577961797e-12
1538 23.32388817678681 7.132369816228955 6.37870577961797e-12
1539 190.2696855043983 -21.25118260759227 6.37870577961797e-12
1540 120.9000856488992 37.23880186624539 6.37870577961797e-12
1541 52.36674627070222 16.3943982979946 6.37870577961797e-12
1542 145.0883657326349 -75.41276679698427 6.37870577961797e-12
1543 145.0883657326349 75.4127667969845 6.37870577961797e-12
1544 21.94930669729021 -41.7406868915182 6.37870577961797e-12
1545 19.83345348536193 44.82544093401926 6.37870577961797e-12
1546 238.0873571772976 -16.43353953811383 6.37870577961797e-12
1547 269.35432680187 44.245326422655 6.37870577961797e-12
1548 268.9007089234552 -44.54136905538627 6.37870577961797e-12
1549 268.5631450285406 70.98237684465535 6.37870577961797e-12
1550 268.5631450285406 -70.98237684465498 6.37870577961797e-12
1551 188.136205331234 19.9132844533436 6.37870577961797e-12
1552 215.2217662196805 42.05411055957624 6.37870577961797e-12
1553 157.6148023805333 41.64173480649473 6.37870577961797e-12
1554 157.9070565853615 -40.41526265217997 6.37870577961797e-12
1555 140.9163122230316 -13.48870251158695 6.37870577961797e-12
1556 20.12372900612255 71.19402777221299 6.37870577961797e-12
1557 20.12372900612252 -71.19402777221296 6.37870577961797e-12
1558 270.9094836120163 11.6379943868737 6.37870577961797e-12
1559 171.3579063088726 -5.035809276564624 6.37870577961797e-12
1560 69.41321094107862 -42.62318849956375 6.37870577961797e-12
1561 70.25119508370867 42.3050259255247 6.37870577961797e-12
1562 174.5160869923524 -75.95629593968583 6.37870577961797e-12
1563 174.5078736341805 75.93202071845892 6.37870577961797e-12
1564 143.2276961109505 -51.69766014926663 6.37870577961797e-12
1565 143.2233774636109 51.72885475849989 6.37870577961797e-12
1566 208.0330572859185 5.266487868519547 6.37870577961797e-12
1567 252.6715391720671 43.85835008797527 6.37870577961797e-12
1568 253.3174960277658 -43.93948919075677 6.37870577961797e-12
1569 95.70288755608823 17.70073196429469 6.37870577961797e-12
1570 113.5449222332149 -76.17418835132169 6.37870577961797e-12
1571 113.5806816404907 76.14526693071797 6.37870577961797e-12
1572 14.79667750851632 -8.476916794175324 6.37870577961797e-12
1573 108.3551087506258 6.293507106082324 6.37870577961797e-12
1574 229.5266923734646 -51.39741769061527 6.37870577961797e-12
1575 228.422241510093 51.37882134337199 6.37870577961797e-12
1576 152.6766563575624 17.104229454645 6.37870577961797e-12
1577 203.9330291890803 75.63471745090355 6.37870577961797e-12
1578 204.1305571677709 -76.21852681132818 6.37870577961797e-12
1579 126.6263492049503 -24.4444014697648 6.37870577961797e-12
1580 84.31627782243126 76.00058556958912 6.37870577961797e-12
1581 84.40812502034872 -75.8964565863365 6.37870577961797e-12
1582 251.9444177665767 75.8255075355921 6.37870577961797e-12
1583 251.9444177665766 -75.82550753559177 6.37870577961797e-12
1584 35.64600424443312 42.30699000537761 6.37870577961797e-12
1585 36.11940992072931 -42.02274145164164 6.37870577961797e-12
1586 77.49909779342178 -8.365082307374358 6.37870577961797e-12
1587 201.3805874140183 -10.9224921991875 6.37870577961797e-12
1588 245.0383730597424 14.90080122186114 6.37870577961797e-12
1589 204.7963630045374 -46.08375094312263 6.37870577961797e-12
1590 36.57221363170586 75.87112106278215 6.37870577961797e-12
1591 36.57709496662923 -75.86558699692048 6.37870577961797e-12
1592 176.2337437941336 -57.68097421683328 6.37870577961797e-12
1593 176.4018366822405 57.54837332427009 6.37870577961797e-12
1594 58.54044753358735 53.10491461274378 6.37870577961797e-12
1595 58.482889576395 -53.37870203766365 6.37870577961797e-12
1596 110.2421303475749 -60.42904881159501 6.37870577961797e-12
1597 110.5398602708793 58.80153056881107 6.37870577961797e-12
1598 176.0073157100818 10.08856211138975 6.37870577961797e-12
1599 66.68470505931457 78.4291149355971 6.37870577961797e-12
1600 66.82502716724406 -78.27002898896126 6.37870577961797e-12
1601 275.5179005239152 -22.92499999999974 6.37870577961797e-12
1602 222.5981145825427 -24.32458058613204 6.37870577961797e-12
1603 199.8807028770785 56.88841978935226 6.37870577961797e-12
1604 222.5989952786019 76.66489665913207 6.37870577961797e-12
1605 222.627213561272 -76.74829799633534 6.37870577961797e-12
1606 88.51884549990376 60.15435395903813 6.37870577961797e-12
1607 89.43091837666196 -59.56782034181958 6.37870577961797e-12
1608 43.10006647113072 -15.37910807565009 6.37870577961797e-12
1609 64.90312622550272 27.74478630056548 6.37870577961797e-12
1610 173.3915167923156 -40.55025276147821 6.37870577961797e-12
1611 173.7975818969025 40.51403195752498 6.37870577961797e-12
1612 101.5744069358663 32.25547096181075 6.37870577961797e-12
1613 80.23285825676457 10.59786486295648 6.37870577961797e-12
1614 12.10681377931806 21.13126686980969 6.37870577961797e-12
1615 154.0773726858239 -24.39070528125554 6.37870577961797e-12
1616 13.42006740794815 58.42091610613224 6.37870577961797e-12
1617 12.5619351944772 -55.07898402144433 6.37870577961797e-12
1618 91.43226607391452 -15.80632014188616 6.37870577961797e-12
1619 93.97500157305556 -33.00822525147052 6.37870577961797e-12
1620 219.0847516041696 -41.65997191561929 6.37870577961797e-12
1621 222.3418194682978 25.54639103162478 6.37870577961797e-12
1622 275.5605567552889 58.31013885922793 6.37870577961797e-12
1623 275.5065546269063 -58.34538202979081 6.37870577961797e-12
1624 234.5099057209184 -1.707682416966958 6.37870577961797e-12
1625 129.1471095962027 25.19647238452401 6.37870577961797e-12
1626 130.5615367969625 -76.46209875050332 6.37870577961797e-12
1627 130.6092160066635 76.42353685636498 6.37870577961797e-12
1628 64.75963341007743 -28.26776396369916 6.37870577961797e-12
1629 275.9297830333495 26.88979111277378 6.37870577961797e-12
1630 86.53313692447927 38.71893003480852 6.37870577961797e-12
1631 198.1488049051398 36.97911246004052 6.37870577961797e-12
1632 158.6419535846527 78.68352519501823 6.37870577961797e-12
1633 158.6425522259189 -78.68529452601128 6.37870577961797e-12
1634 12.93199976570651 -26.04614373913464 6.37870577961797e-12
1635 252.6149959992485 -15.28218815388973 6.37870577961797e-12
1636 40.89795555056975 27.59271909739643 6.37870577961797e-12
1637 36.58758512904309 15.78048978494595 6.37870577961797e-12
1638 105.0004804767655 -9.019251861218638 6.37870577961797e-12
1639 41.62987923470935 -30.06227018676989 6.37870577961797e-12
1640 246.488642956199 -30.69011885432657 6.37870577961797e-12
1641 124.3663977724649 10.03460809044933 6.37870577961797e-12
1642 199.7703272733383 -60.0676456691896 6.37870577961797e-12
1643 84.69611972177469 -44.9904888777061 6.37870577961797e-12
1644 195.5902880061713 -32.76027843924464 6.37870577961797e-12
1645 53.75731937003349 -2.804738097296682 6.37870577961797e-12
1646 131.7320402541738 -43.46820161318746 6.37870577961797e-12
1647 107.2135749462957 -36.73566443806885 6.37870577961797e-12
1648 183.9114753555464 33.46000831149804 6.37870577961797e-12
1649 43.89699627080543 55.74905341356369 6.37870577961797e-12
1650 43.89699627080545 -55.74905341356375 6.37870577961797e-12
1651 242.3308192306082 -58.51293279870696 6.37870577961797e-12
1652 242.5600809915754 58.90965826462481 6.37870577961797e-12
1653 159.6092170469362 -12.27516164025442 6.37870577961797e-12
1654 244.4708327132919 30.52141423458294 6.37870577961797e-12
1655 29.88414962340093 -7.837373073623487 6.37870577961797e-12
1656 135.4718927023135 -1.591190558880722 6.37870577961797e-12
1657 258.3776134382354 8.620650953430623 6.37870577961797e-12
1658 189.9104685401621 81.31315513750005 6.37870577961797e-12
1659 189.9373292385362 -81.39254402834084 6.37870577961797e-12
1660 115.102573003319 -17.67659308372899 6.37870577961797e-12
1661 218.048630977188 14.16667841754338 6.37870577961797e-12
1662 131.4040953433541 43.32170632508704 6.37870577961797e-12
1663 52.8667897251517 81.08738529499335 6.37870577961797e-12
1664 52.9172614265697 -81.03016452973489 6.37870577961797e-12
1665 276.9413475587513 -34.26198877334625 6.37870577961797e-12
1666 11.76100703651477 33.82985468263188 6.37870577961797e-12
1667 152.7856345009019 29.09997832264616 6.37870577961797e-12
1668 198.258320276563 12.41915599707233 6.37870577961797e-12
1669 98.91155194642762 -81.65912446990795 6.37870577961797e-12
1670 98.90582870248463 81.66679871099473 6.37870577961797e-12
1671 9.316903566306308 -38.20833333333331 6.37870577961797e-12
1672 235.920232928874 82.1211593446269 6.37870577961797e-12
1673 235.9217020189754 -82.12550135510155 6.37870577961797e-12
1674 280.5109639231699 37.26519955989814 6.37870577961797e-12
1675 181.0150953239138 -29.25998428724326 6.37870577961797e-12
1676 109.9228385328459 41.81980786651365 6.37870577961797e-12
1677 163.2342359593555 9.612937281648566 6.37870577961797e-12
1678 166.4456082810365 50.34659307483476 6.37870577961797e-12
1679 166.4456082810365 -50.34659307483452 6.37870577961797e-12
1680 183.8741815411174 -11.56066960546461 6.37870577961797e-12
1681 64.69854233279865 -8.249545740461576 6.37870577961797e-12
1682 68.97465062578455 16.31547295879897 6.37870577961797e-12
1683 278.2652252137067 80.94373012857936 6.37870577961797e-12
1684 278.2652252137069 -80.94373012857898 6.37870577961797e-12
1685 234.4721384937548 23.95679419207259 6.37870577961797e-12
1686 277.2641742049497 1.174249931054415 6.37870577961797e-12
1687 10.04547589292423 7.014010645039333 6.37870577961797e-12
1688 211.5175278445726 -19.33681125326043 6.37870577961797e-12
1689 114.7324878045501 -27.92721756175396 6.37870577961797e-12
1690 222.1411222475939 4.33359343763665 6.37870577961797e-12
1691 117.2680198001442 -49.01727758741826 6.37870577961797e-12
1692 188.5874064321396 57.33704039981037 6.37870577961797e-12
1693 188.0465493853812 -57.82317628323995 6.37870577961797e-12
1694 139.3184182842318 -63.57283098443525 6.37870577961797e-12
1695 139.3337075602257 63.56190755518035 6.37870577961797e-12
1696 10.18653686788505 81.48935634135539 6.37870577961797e-12
1697 10.18653686788505 -81.48935634135539 6.37870577961797e-12
1698 280.6302673088726 68.77500000000022 6.37870577961797e-12
1699 280.6302673088727 -68.77499999999972 6.37870577961797e-12
1700 266.2156614448696 82.55070167675315 6.37870577961797e-12
1701 266.2156614448696 -82.55070167675277 6.37870577961797e-12
1702 81.34611204365366 49.95817504438339 6.37870577961797e-12
1703 8.128305352969164 68.77499999999998 6.37870577961797e-12
1704 8.128305352969107 -68.77500000000001 6.37870577961797e-12
1705 22.59223391435005 82.73514268053086 6.37870577961797e-12
1706 22.59293124791051 -82.73435209969347 6.37870577961797e-12
1707 239.5148700156751 45.47487390962491 6.37870577961797e-12
1708 240.0395282285384 -44.94639746466672 6.37870577961797e-12
1709 227.0362531317284 63.77887425604723 6.37870577961797e-12
1710 227.0832860026715 -63.76353024410037 6.37870577961797e-12
1711 142.2634051205973 22.28093697518812 6.37870577961797e-12
1712 90.87447640885887 28.64254456455458 6.37870577961797e-12
1713 120.0348069911807 49.42708362161014 6.37870577961797e-12
1714 68.54112490760255 -17.41116850251323 6.37870577961797e-12
1715 52.57434572211717 -26.83088932468734 6.37870577961797e-12
1716 201.5962865667548 -23.17801661311703 6.37870577961797e-12
1717 99.80503247597952 -59.59786202645807 6.37870577961797e-12
1718 99.52225207560258 59.03989495085086 6.37870577961797e-12
$EndNodes
$Elements
3340
1 2 2 1 1 18 358 351
2 2 2 1 1 207 34 33
3 2 2 1 1 352 359 21
4 2 2 1 1 218 346 217
5 2 2 1 1 18 351 17
6 2 2 1 1 342 369 314
7 2 2 1 1 326 369 342
8 2 2 1 1 22 352 21
9 2 2 1 1 268 26 267
10 2 2 1 1 228 349 227
11 2 2 1 1 213 38 212
12 2 2 1 1 341 353 321
13 2 2 1 1 317 362 348
14 2 2 1 1 321 401 341
15 2 2 1 1 265 24 23
16 2 2 1 1 68 14 3
17 2 2 1 1 343 361 312
18 2 2 1 1 342 382 326
19 2 2 1 1 208 34 207
20 2 2 1 1 237 348 236
21 2 2 1 1 12 392 233
22 2 2 1 1 205 32 31
23 2 2 1 1 342 365 321
24 2 2 1 1 314 365 342
25 2 2 1 1 28 271 29
26 2 2 1 1 210 36 35
27 2 2 1 1 216 467 11
28 2 2 1 1 321 405 342
29 2 2 1 1 27 270 28
30 2 2 1 1 23 14 265
31 2 2 1 1 266 25 24
32 2 2 1 1 371 384 343
33 2 2 1 1 215 40 39
34 2 2 1 1 263 66 262
35 2 2 1 1 344 375 326
36 2 2 1 1 258 62 257
37 2 2 1 1 253 58 252
38 2 2 1 1 264 14 68
39 2 2 1 1 247 248 54
40 2 2 1 1 249 250 56
41 2 2 1 1 255 60 254
42 2 2 1 1 338 350 313
43 2 2 1 1 259 260 64
44 2 2 1 1 211 37 36
45 2 2 1 1 206 33 32
46 2 2 1 1 348 362 236
47 2 2 1 1 339 354 313
48 2 2 1 1 48 393 341
49 2 2 1 1 341 401 48
50 2 2 1 1 67 66 263
51 2 2 1 1 63 62 258
52 2 2 1 1 253 59 58
53 2 2 1 1 54 248 55
54 2 2 1 1 55 249 56
55 2 2 1 1 60 59 254
56 2 2 1 1 63 259 64
57 2 2 1 1 205 31 10
58 2 2 1 1 360 401 321
59 2 2 1 1 68 67 264
60 2 2 1 1 240 391 373
61 2 2 1 1 29 271 272
62 2 2 1 1 392 406 232
63 2 2 1 1 234 392 12
64 2 2 1 1 210 35 209
65 2 2 1 1 343 384 311
66 2 2 1 1 233 392 232
67 2 2 1 1 215 39 214
68 2 2 1 1 315 400 390
69 2 2 1 1 381 404 327
70 2 2 1 1 372 409 244
71 2 2 1 1 269 270 27
72 2 2 1 1 313 414 338
73 2 2 1 1 264 67 263
74 2 2 1 1 258 259 63
75 2 2 1 1 254 59 253
76 2 2 1 1 248 249 55
77 2 2 1 1 312 371 343
78 2 2 1 1 351 358 324
79 2 2 1 1 325 359 352
80 2 2 1 1 361 400 315
81 2 2 1 1 317 470 362
82 2 2 1 1 42 467 347
83 2 2 1 1 348 399 317
84 2 2 1 1 342 405 382
85 2 2 1 1 322 448 393
86 2 2 1 1 326 382 344
87 2 2 1 1 322 393 357
88 2 2 1 1 347 467 216
89 2 2 1 1 336 355 317
90 2 2 1 1 353 405 321
91 2 2 1 1 313 437 339
92 2 2 1 1 212 37 211
93 2 2 1 1 267 25 266
94 2 2 1 1 11 41 40
95 2 2 1 1 207 33 206
96 2 2 1 1 347 389 42
97 2 2 1 1 311 366 354
98 2 2 1 1 240 373 239
99 2 2 1 1 225 356 224
100 2 2 1 1 245 372 244
101 2 2 1 1 324 372 351
102 2 2 1 1 369 380 314
103 2 2 1 1 340 409 372
104 2 2 1 1 373 391 332
105 2 2 1 1 266 24 265
106 2 2 1 1 390 400 339
107 2 2 1 1 354 366 329
108 2 2 1 1 346 377 217
109 2 2 1 1 218 376 346
110 2 2 1 1 216 377 347
111 2 2 1 1 51 363 52
112 2 2 1 1 206 32 205
113 2 2 1 1 29 447 30
114 2 2 1 1 270 271 28
115 2 2 1 1 349 378 227
116 2 2 1 1 228 379 349
117 2 2 1 1 46 357 47
118 2 2 1 1 211 36 210
119 2 2 1 1 41 467 42
120 2 2 1 1 11 40 215
121 2 2 1 1 34 452 35
122 2 2 1 1 404 445 318
123 2 2 1 1 49 360 50
124 2 2 1 1 344 454 375
125 2 2 1 1 353 374 316
126 2 2 1 1 369 436 380
127 2 2 1 1 350 404 381
128 2 2 1 1 343 400 361
129 2 2 1 1 38 462 39
130 2 2 1 1 19 358 18
131 2 2 1 1 21 359 20
132 2 2 1 1 26 461 27
133 2 2 1 1 323 371 337
134 2 2 1 1 370 380 333
135 2 2 1 1 352 444 325
136 2 2 1 1 357 398 329
137 2 2 1 1 51 402 363
138 2 2 1 1 380 468 333
139 2 2 1 1 338 414 364
140 2 2 1 1 325 444 363
141 2 2 1 1 374 397 316
142 2 2 1 1 329 449 357
143 2 2 1 1 30 442 31
144 2 2 1 1 335 397 374
145 2 2 1 1 346 404 318
146 2 2 1 1 393 448 341
147 2 2 1 1 344 410 391
148 2 2 1 1 237 466 348
149 2 2 1 1 327 404 376
150 2 2 1 1 391 410 332
151 2 2 1 1 351 465 17
152 2 2 1 1 363 402 334
153 2 2 1 1 236 362 235
154 2 2 1 1 356 415 328
155 2 2 1 1 355 470 317
156 2 2 1 1 330 415 356
157 2 2 1 1 376 387 327
158 2 2 1 1 331 406 392
159 2 2 1 1 323 384 371
160 2 2 1 1 318 389 347
161 2 2 1 1 327 435 381
162 2 2 1 1 337 388 323
163 2 2 1 1 382 405 316
164 2 2 1 1 360 438 402
165 2 2 1 1 325 473 370
166 2 2 1 1 44 460 45
167 2 2 1 1 331 463 362
168 2 2 1 1 223 368 222
169 2 2 1 1 221 367 220
170 2 2 1 1 311 440 343
171 2 2 1 1 370 473 395
172 2 2 1 1 341 448 353
173 2 2 1 1 364 460 338
174 2 2 1 1 46 398 357
175 2 2 1 1 360 402 50
176 2 2 1 1 372 471 351
177 2 2 1 1 318 377 346
178 2 2 1 1 347 377 318
179 2 2 1 1 350 445 404
180 2 2 1 1 381 435 319
181 2 2 1 1 327 387 367
182 2 2 1 1 362 463 235
183 2 2 1 1 361 396 320
184 2 2 1 1 368 385 328
185 2 2 1 1 43 413 44
186 2 2 1 1 312 408 371
187 2 2 1 1 239 388 238
188 2 2 1 1 317 383 336
189 2 2 1 1 187 432 290
190 2 2 1 1 243 375 242
191 2 2 1 1 316 405 353
192 2 2 1 1 53 444 352
193 2 2 1 1 217 377 216
194 2 2 1 1 219 376 218
195 2 2 1 1 22 464 352
196 2 2 1 1 227 378 226
197 2 2 1 1 229 379 228
198 2 2 1 1 402 438 334
199 2 2 1 1 47 393 48
200 2 2 1 1 336 441 355
201 2 2 1 1 354 414 313
202 2 2 1 1 42 389 43
203 2 2 1 1 376 404 346
204 2 2 1 1 48 401 49
205 2 2 1 1 314 380 370
206 2 2 1 1 350 381 313
207 2 2 1 1 343 440 400
208 2 2 1 1 372 436 340
209 2 2 1 1 324 436 372
210 2 2 1 1 332 394 373
211 2 2 1 1 373 394 323
212 2 2 1 1 357 393 47
213 2 2 1 1 407 441 336
214 2 2 1 1 339 440 354
215 2 2 1 1 314 395 365
216 2 2 1 1 320 439 361
217 2 2 1 1 315 396 361
218 2 2 1 1 356 385 224
219 2 2 1 1 225 386 356
220 2 2 1 1 19 411 358
221 2 2 1 1 359 411 20
222 2 2 1 1 352 464 53
223 2 2 1 1 355 406 331
224 2 2 1 1 373 388 239
225 2 2 1 1 370 395 314
226 2 2 1 1 339 437 390
227 2 2 1 1 328 415 390
228 2 2 1 1 49 401 360
229 2 2 1 1 371 408 337
230 2 2 1 1 11 467 41
231 2 2 1 1 241 391 240
232 2 2 1 1 52 444 53
233 2 2 1 1 348 466 337
234 2 2 1 1 328 385 356
235 2 2 1 1 243 409 375
236 2 2 1 1 45 460 364
237 2 2 1 1 354 440 311
238 2 2 1 1 235 463 234
239 2 2 1 1 224 385 223
240 2 2 1 1 362 470 331
241 2 2 1 1 260 458 64
242 2 2 1 1 255 457 60
243 2 2 1 1 220 387 219
244 2 2 1 1 369 459 340
245 2 2 1 1 326 459 369
246 2 2 1 1 226 386 225
247 2 2 1 1 357 449 322
248 2 2 1 1 375 454 242
249 2 2 1 1 250 456 56
250 2 2 1 1 365 395 334
251 2 2 1 1 54 455 247
252 2 2 1 1 58 453 252
253 2 2 1 1 13 455 4
254 2 2 1 1 62 451 257
255 2 2 1 1 66 450 262
256 2 2 1 1 390 437 319
257 2 2 1 1 321 438 360
258 2 2 1 1 390 417 328
259 2 2 1 1 358 411 333
260 2 2 1 1 333 411 359
261 2 2 1 1 238 466 237
262 2 2 1 1 353 448 374
263 2 2 1 1 374 448 322
264 2 2 1 1 319 417 390
265 2 2 1 1 328 417 368
266 2 2 1 1 367 435 327
267 2 2 1 1 330 386 378
268 2 2 1 1 45 398 46
269 2 2 1 1 338 445 350
270 2 2 1 1 340 436 369
271 2 2 1 1 65 450 66
272 2 2 1 1 61 451 62
273 2 2 1 1 57 453 58
274 2 2 1 1 4 455 54
275 2 2 1 1 363 444 52
276 2 2 1 1 56 456 57
277 2 2 1 1 318 445 389
278 2 2 1 1 60 457 61
279 2 2 1 1 64 458 65
280 2 2 1 1 363 473 325
281 2 2 1 1 329 414 354
282 2 2 1 1 319 435 345
283 2 2 1 1 345 417 319
284 2 2 1 1 334 473 363
285 2 2 1 1 391 454 344
286 2 2 1 1 384 394 335
287 2 2 1 1 323 394 384
288 2 2 1 1 325 472 359
289 2 2 1 1 358 468 324
290 2 2 1 1 323 388 373
291 2 2 1 1 365 438 321
292 2 2 1 1 334 438 365
293 2 2 1 1 50 402 51
294 2 2 1 1 316 410 382
295 2 2 1 1 241 454 391
296 2 2 1 1 1 465 246
297 2 2 1 1 223 385 368
298 2 2 1 1 367 387 220
299 2 2 1 1 337 408 348
300 2 2 1 1 364 414 329
301 2 2 1 1 53 464 2
302 2 2 1 1 413 460 44
303 2 2 1 1 332 397 394
304 2 2 1 1 394 397 335
305 2 2 1 1 364 398 45
306 2 2 1 1 396 415 330
307 2 2 1 1 219 387 376
308 2 2 1 1 368 446 222
309 2 2 1 1 221 446 367
310 2 2 1 1 378 386 226
311 2 2 1 1 244 409 243
312 2 2 1 1 315 415 396
313 2 2 1 1 17 465 1
314 2 2 1 1 230 407 229
315 2 2 1 1 333 468 358
316 2 2 1 1 245 471 372
317 2 2 1 1 374 469 335
318 2 2 1 1 378 403 330
319 2 2 1 1 232 406 231
320 2 2 1 1 359 472 333
321 2 2 1 1 322 449 366
322 2 2 1 1 409 459 375
323 2 2 1 1 229 407 379
324 2 2 1 1 329 398 364
325 2 2 1 1 388 466 238
326 2 2 1 1 311 443 366
327 2 2 1 1 20 411 19
328 2 2 1 1 366 469 322
329 2 2 1 1 366 449 329
330 2 2 1 1 397 410 316
331 2 2 1 1 361 439 312
332 2 2 1 1 390 415 315
333 2 2 1 1 242 454 241
334 2 2 1 1 27 461 269
335 2 2 1 1 337 466 388
336 2 2 1 1 333 472 370
337 2 2 1 1 370 472 325
338 2 2 1 1 246 471 245
339 2 2 1 1 382 410 344
340 2 2 1 1 389 445 413
341 2 2 1 1 31 442 10
342 2 2 1 1 317 399 383
343 2 2 1 1 39 462 214
344 2 2 1 1 322 469 374
345 2 2 1 1 349 412 320
346 2 2 1 1 381 437 313
347 2 2 1 1 320 403 349
348 2 2 1 1 272 447 29
349 2 2 1 1 356 386 330
350 2 2 1 1 231 441 230
351 2 2 1 1 348 408 399
352 2 2 1 1 383 412 336
353 2 2 1 1 336 412 379
354 2 2 1 1 35 452 209
355 2 2 1 1 384 443 311
356 2 2 1 1 335 443 384
357 2 2 1 1 222 446 221
358 2 2 1 1 331 470 355
359 2 2 1 1 330 403 396
360 2 2 1 1 380 436 324
361 2 2 1 1 319 437 381
362 2 2 1 1 2 464 22
363 2 2 1 1 30 447 15
364 2 2 1 1 375 459 326
365 2 2 1 1 268 461 26
366 2 2 1 1 399 439 383
367 2 2 1 1 379 407 336
368 2 2 1 1 273 416 15
369 2 2 1 1 208 452 34
370 2 2 1 1 213 462 38
371 2 2 1 1 262 450 261
372 2 2 1 1 257 451 256
373 2 2 1 1 252 453 251
374 2 2 1 1 289 422 288
375 2 2 1 1 203 421 202
376 2 2 1 1 275 421 274
377 2 2 1 1 189 422 188
378 2 2 1 1 198 426 197
379 2 2 1 1 194 427 193
380 2 2 1 1 284 427 283
381 2 2 1 1 280 426 279
382 2 2 1 1 285 431 284
383 2 2 1 1 199 425 198
384 2 2 1 1 193 431 192
385 2 2 1 1 279 425 278
386 2 2 1 1 290 432 289
387 2 2 1 1 204 434 203
388 2 2 1 1 188 432 187
389 2 2 1 1 274 434 273
390 2 2 1 1 190 424 189
391 2 2 1 1 202 418 201
392 2 2 1 1 288 424 287
393 2 2 1 1 276 418 275
394 2 2 1 1 283 429 282
395 2 2 1 1 281 433 280
396 2 2 1 1 195 429 194
397 2 2 1 1 197 433 196
398 2 2 1 1 278 420 277
399 2 2 1 1 286 430 285
400 2 2 1 1 192 430 191
401 2 2 1 1 200 420 199
402 2 2 1 1 247 455 13
403 2 2 1 1 10 416 204
404 2 2 1 1 277 419 276
405 2 2 1 1 191 423 190
406 2 2 1 1 287 423 286
407 2 2 1 1 201 419 200
408 2 2 1 1 282 428 281
409 2 2 1 1 196 428 195
410 2 2 1 1 251 456 250
411 2 2 1 1 256 457 255
412 2 2 1 1 261 458 260
413 2 2 1 1 324 468 380
414 2 2 1 1 338 460 413
415 2 2 1 1 209 452 208
416 2 2 1 1 214 462 213
417 2 2 1 1 15 442 30
418 2 2 1 1 379 412 349
419 2 2 1 1 15 447 272
420 2 2 1 1 332 410 397
421 2 2 1 1 269 461 268
422 2 2 1 1 396 403 320
423 2 2 1 1 383 439 320
424 2 2 1 1 230 441 407
425 2 2 1 1 406 441 231
426 2 2 1 1 389 413 43
427 2 2 1 1 349 403 378
428 2 2 1 1 320 412 383
429 2 2 1 1 335 469 443
430 2 2 1 1 395 473 334
431 2 2 1 1 345 446 368
432 2 2 1 1 367 446 345
433 2 2 1 1 400 440 339
434 2 2 1 1 368 417 345
435 2 2 1 1 345 435 367
436 2 2 1 1 284 431 427
437 2 2 1 1 427 431 193
438 2 2 1 1 425 426 198
439 2 2 1 1 279 426 425
440 2 2 1 1 421 434 274
441 2 2 1 1 203 434 421
442 2 2 1 1 289 432 422
443 2 2 1 1 422 432 188
444 2 2 1 1 422 424 288
445 2 2 1 1 418 421 275
446 2 2 1 1 202 421 418
447 2 2 1 1 189 424 422
448 2 2 1 1 194 429 427
449 2 2 1 1 427 429 283
450 2 2 1 1 426 433 197
451 2 2 1 1 280 433 426
452 2 2 1 1 420 425 199
453 2 2 1 1 278 425 420
454 2 2 1 1 430 431 285
455 2 2 1 1 192 431 430
456 2 2 1 1 273 434 416
457 2 2 1 1 416 434 204
458 2 2 1 1 450 458 261
459 2 2 1 1 276 419 418
460 2 2 1 1 418 419 201
461 2 2 1 1 287 424 423
462 2 2 1 1 423 424 190
463 2 2 1 1 453 456 251
464 2 2 1 1 423 430 286
465 2 2 1 1 191 430 423
466 2 2 1 1 419 420 200
467 2 2 1 1 277 420 419
468 2 2 1 1 451 457 256
469 2 2 1 1 428 433 281
470 2 2 1 1 196 433 428
471 2 2 1 1 282 429 428
472 2 2 1 1 428 429 195
473 2 2 1 1 340 459 409
474 2 2 1 1 465 471 246
475 2 2 1 1 351 471 465
476 2 2 1 1 312 439 399
477 2 2 1 1 399 408 312
478 2 2 1 1 416 442 15
479 2 2 1 1 234 463 392
480 2 2 1 1 10 442 416
481 2 2 1 1 392 463 331
482 2 2 1 1 65 458 450
483 2 2 1 1 57 456 453
484 2 2 1 1 61 457 451
485 2 2 1 1 355 441 406
486 2 2 1 1 443 469 366
487 2 2 1 1 413 445 338
488 2 2 1 1 3 14 23
489 2 2 1 1 187 291 9
490 2 2 1 1 16 291 290
491 2 2 1 1 267 26 25
492 2 2 1 1 212 38 37
493 2 2 1 1 290 291 187
494 2 2 1 2 510 541 477
495 2 2 1 2 530 553 487
496 2 2 1 2 109 534 526
497 2 2 1 2 527 533 106
498 2 2 1 2 496 538 512
499 2 2 1 2 480 551 511
500 2 2 1 2 498 553 530
501 2 2 1 2 549 567 491
502 2 2 1 2 109 526 110
503 2 2 1 2 105 527 106
504 2 2 1 2 58 539 57
505 2 2 1 2 511 559 548
506 2 2 1 2 75 517 74
507 2 2 1 2 496 566 538
508 2 2 1 2 491 567 507
509 2 2 1 2 67 532 66
510 2 2 1 2 501 554 474
511 2 2 1 2 511 548 474
512 2 2 1 2 484 591 506
513 2 2 1 2 55 537 54
514 2 2 1 2 96 560 520
515 2 2 1 2 75 576 517
516 2 2 1 2 521 570 71
517 2 2 1 2 71 570 70
518 2 2 1 2 88 579 89
519 2 2 1 2 55 546 537
520 2 2 1 2 506 574 484
521 2 2 1 2 67 616 532
522 2 2 1 2 539 604 57
523 2 2 1 2 485 536 522
524 2 2 1 2 522 536 498
525 2 2 1 2 508 602 547
526 2 2 1 2 522 572 79
527 2 2 1 2 483 524 514
528 2 2 1 2 89 579 523
529 2 2 1 2 77 530 525
530 2 2 1 2 80 522 79
531 2 2 1 2 95 560 96
532 2 2 1 2 514 548 483
533 2 2 1 2 511 554 480
534 2 2 1 2 490 584 531
535 2 2 1 2 509 586 549
536 2 2 1 2 508 547 482
537 2 2 1 2 510 591 484
538 2 2 1 2 511 551 475
539 2 2 1 2 507 613 491
540 2 2 1 2 478 535 515
541 2 2 1 2 515 535 486
542 2 2 1 2 484 541 510
543 2 2 1 2 485 569 516
544 2 2 1 2 509 549 491
545 2 2 1 2 484 588 517
546 2 2 1 2 478 553 536
547 2 2 1 2 536 553 498
548 2 2 1 2 91 518 92
549 2 2 1 2 84 513 83
550 2 2 1 2 541 585 477
551 2 2 1 2 522 569 485
552 2 2 1 2 540 607 485
553 2 2 1 2 514 607 540
554 2 2 1 2 78 530 77
555 2 2 1 2 69 570 527
556 2 2 1 2 477 593 538
557 2 2 1 2 545 593 477
558 2 2 1 2 528 588 484
559 2 2 1 2 512 538 486
560 2 2 1 2 514 540 474
561 2 2 1 2 70 570 69
562 2 2 1 2 502 590 534
563 2 2 1 2 517 576 497
564 2 2 1 2 525 530 487
565 2 2 1 2 486 535 520
566 2 2 1 2 520 535 499
567 2 2 1 2 516 540 485
568 2 2 1 2 538 566 477
569 2 2 1 2 515 545 487
570 2 2 1 2 517 541 484
571 2 2 1 2 507 532 482
572 2 2 1 2 474 548 514
573 2 2 1 2 487 553 515
574 2 2 1 2 534 590 488
575 2 2 1 2 526 534 488
576 2 2 1 2 489 533 527
577 2 2 1 2 526 579 87
578 2 2 1 2 503 617 519
579 2 2 1 2 498 572 522
580 2 2 1 2 474 554 511
581 2 2 1 2 497 541 517
582 2 2 1 2 87 579 88
583 2 2 1 2 515 553 478
584 2 2 1 2 84 555 513
585 2 2 1 2 486 560 512
586 2 2 1 2 483 550 529
587 2 2 1 2 478 536 524
588 2 2 1 2 477 566 510
589 2 2 1 2 548 608 483
590 2 2 1 2 482 556 507
591 2 2 1 2 519 562 490
592 2 2 1 2 494 542 521
593 2 2 1 2 77 525 76
594 2 2 1 2 556 613 507
595 2 2 1 2 557 573 506
596 2 2 1 2 476 573 557
597 2 2 1 2 479 563 513
598 2 2 1 2 523 544 495
599 2 2 1 2 488 544 523
600 2 2 1 2 521 542 489
601 2 2 1 2 91 552 518
602 2 2 1 2 486 593 515
603 2 2 1 2 60 531 59
604 2 2 1 2 474 565 501
605 2 2 1 2 539 584 490
606 2 2 1 2 512 577 496
607 2 2 1 2 475 559 511
608 2 2 1 2 501 562 519
609 2 2 1 2 81 600 516
610 2 2 1 2 518 558 92
611 2 2 1 2 532 616 508
612 2 2 1 2 520 560 486
613 2 2 1 2 520 582 96
614 2 2 1 2 544 557 495
615 2 2 1 2 476 557 544
616 2 2 1 2 513 599 479
617 2 2 1 2 64 549 63
618 2 2 1 2 482 532 508
619 2 2 1 2 519 554 501
620 2 2 1 2 518 580 481
621 2 2 1 2 513 563 492
622 2 2 1 2 475 609 596
623 2 2 1 2 542 561 489
624 2 2 1 2 483 597 524
625 2 2 1 2 531 592 490
626 2 2 1 2 106 533 107
627 2 2 1 2 108 534 109
628 2 2 1 2 517 588 74
629 2 2 1 2 516 569 81
630 2 2 1 2 71 568 521
631 2 2 1 2 505 604 539
632 2 2 1 2 537 611 86
633 2 2 1 2 575 617 503
634 2 2 1 2 519 617 480
635 2 2 1 2 505 606 546
636 2 2 1 2 100 543 101
637 2 2 1 2 82 600 81
638 2 2 1 2 544 590 476
639 2 2 1 2 56 546 55
640 2 2 1 2 497 576 525
641 2 2 1 2 525 576 76
642 2 2 1 2 86 611 85
643 2 2 1 2 489 570 521
644 2 2 1 2 519 592 503
645 2 2 1 2 481 583 518
646 2 2 1 2 596 609 504
647 2 2 1 2 484 574 528
648 2 2 1 2 528 574 494
649 2 2 1 2 529 603 499
650 2 2 1 2 523 571 89
651 2 2 1 2 494 623 528
652 2 2 1 2 102 547 103
653 2 2 1 2 509 617 575
654 2 2 1 2 523 579 488
655 2 2 1 2 480 554 519
656 2 2 1 2 497 585 541
657 2 2 1 2 483 608 550
658 2 2 1 2 476 590 561
659 2 2 1 2 548 559 493
660 2 2 1 2 3 601 68
661 2 2 1 2 561 621 489
662 2 2 1 2 503 581 575
663 2 2 1 2 521 568 494
664 2 2 1 2 526 619 110
665 2 2 1 2 90 552 91
666 2 2 1 2 546 606 500
667 2 2 1 2 537 546 500
668 2 2 1 2 58 584 539
669 2 2 1 2 501 565 563
670 2 2 1 2 499 582 520
671 2 2 1 2 96 582 97
672 2 2 1 2 80 569 522
673 2 2 1 2 491 595 509
674 2 2 1 2 490 592 519
675 2 2 1 2 478 578 535
676 2 2 1 2 535 578 499
677 2 2 1 2 524 607 514
678 2 2 1 2 547 602 103
679 2 2 1 2 488 579 526
680 2 2 1 2 524 578 478
681 2 2 1 2 104 601 3
682 2 2 1 2 73 588 528
683 2 2 1 2 527 570 489
684 2 2 1 2 532 587 66
685 2 2 1 2 495 571 523
686 2 2 1 2 556 609 475
687 2 2 1 2 562 564 490
688 2 2 1 2 525 594 497
689 2 2 1 2 85 555 84
690 2 2 1 2 557 580 495
691 2 2 1 2 492 589 513
692 2 2 1 2 494 573 542
693 2 2 1 2 60 581 531
694 2 2 1 2 87 619 526
695 2 2 1 2 78 572 530
696 2 2 1 2 531 584 59
697 2 2 1 2 83 589 82
698 2 2 1 2 536 607 524
699 2 2 1 2 476 561 542
700 2 2 1 2 496 583 566
701 2 2 1 2 545 594 487
702 2 2 1 2 530 572 498
703 2 2 1 2 518 583 558
704 2 2 1 2 72 568 71
705 2 2 1 2 105 618 527
706 2 2 1 2 528 623 73
707 2 2 1 2 487 594 525
708 2 2 1 2 562 563 479
709 2 2 1 2 64 567 549
710 2 2 1 2 568 623 494
711 2 2 1 2 524 597 578
712 2 2 1 2 504 614 543
713 2 2 1 2 543 614 101
714 2 2 1 2 479 564 562
715 2 2 1 2 99 605 100
716 2 2 1 2 555 599 513
717 2 2 1 2 542 573 476
718 2 2 1 2 552 580 518
719 2 2 1 2 549 586 63
720 2 2 1 2 92 558 93
721 2 2 1 2 499 603 582
722 2 2 1 2 529 597 483
723 2 2 1 2 499 597 529
724 2 2 1 2 89 571 90
725 2 2 1 2 550 605 99
726 2 2 1 2 93 577 94
727 2 2 1 2 537 620 54
728 2 2 1 2 583 610 566
729 2 2 1 2 485 607 536
730 2 2 1 2 557 615 580
731 2 2 1 2 539 564 505
732 2 2 1 2 108 598 534
733 2 2 1 2 533 598 107
734 2 2 1 2 65 567 64
735 2 2 1 2 540 565 474
736 2 2 1 2 527 618 69
737 2 2 1 2 558 583 496
738 2 2 1 2 493 596 543
739 2 2 1 2 56 604 546
740 2 2 1 2 551 595 491
741 2 2 1 2 563 565 492
742 2 2 1 2 86 620 537
743 2 2 1 2 74 588 73
744 2 2 1 2 538 593 486
745 2 2 1 2 552 571 495
746 2 2 1 2 577 622 94
747 2 2 1 2 501 563 562
748 2 2 1 2 90 571 552
749 2 2 1 2 504 609 547
750 2 2 1 2 62 575 61
751 2 2 1 2 477 585 545
752 2 2 1 2 507 587 532
753 2 2 1 2 61 581 60
754 2 2 1 2 496 577 558
755 2 2 1 2 495 580 552
756 2 2 1 2 81 569 80
757 2 2 1 2 547 609 482
758 2 2 1 2 516 624 540
759 2 2 1 2 585 594 545
760 2 2 1 2 547 614 504
761 2 2 1 2 502 598 533
762 2 2 1 2 534 598 502
763 2 2 1 2 513 589 83
764 2 2 1 2 79 572 78
765 2 2 1 2 102 614 547
766 2 2 1 2 559 596 493
767 2 2 1 2 101 614 102
768 2 2 1 2 488 590 544
769 2 2 1 2 490 564 539
770 2 2 1 2 543 596 504
771 2 2 1 2 76 576 75
772 2 2 1 2 561 590 502
773 2 2 1 2 491 613 551
774 2 2 1 2 515 593 545
775 2 2 1 2 63 586 62
776 2 2 1 2 550 608 493
777 2 2 1 2 103 602 104
778 2 2 1 2 531 581 503
779 2 2 1 2 59 584 58
780 2 2 1 2 66 587 65
781 2 2 1 2 489 621 533
782 2 2 1 2 480 595 551
783 2 2 1 2 6 619 87
784 2 2 1 2 73 623 72
785 2 2 1 2 65 587 567
786 2 2 1 2 575 581 61
787 2 2 1 2 493 605 550
788 2 2 1 2 558 577 93
789 2 2 1 2 493 608 548
790 2 2 1 2 99 612 550
791 2 2 1 2 512 622 577
792 2 2 1 2 62 586 575
793 2 2 1 2 69 618 5
794 2 2 1 2 4 620 86
795 2 2 1 2 550 612 529
796 2 2 1 2 573 574 506
797 2 2 1 2 494 574 573
798 2 2 1 2 564 606 505
799 2 2 1 2 110 619 6
800 2 2 1 2 546 604 505
801 2 2 1 2 533 621 502
802 2 2 1 2 94 622 95
803 2 2 1 2 97 603 98
804 2 2 1 2 57 604 56
805 2 2 1 2 479 606 564
806 2 2 1 2 503 592 531
807 2 2 1 2 107 598 108
808 2 2 1 2 482 609 556
809 2 2 1 2 475 596 559
810 2 2 1 2 98 612 99
811 2 2 1 2 603 612 98
812 2 2 1 2 567 587 507
813 2 2 1 2 580 615 481
814 2 2 1 2 85 611 555
815 2 2 1 2 529 612 603
816 2 2 1 2 100 605 543
817 2 2 1 2 500 611 537
818 2 2 1 2 68 616 67
819 2 2 1 2 589 600 82
820 2 2 1 2 500 599 555
821 2 2 1 2 95 622 560
822 2 2 1 2 54 620 4
823 2 2 1 2 506 615 557
824 2 2 1 2 555 611 500
825 2 2 1 2 5 618 105
826 2 2 1 2 551 613 475
827 2 2 1 2 543 605 493
828 2 2 1 2 575 586 509
829 2 2 1 2 497 594 585
830 2 2 1 2 578 597 499
831 2 2 1 2 475 613 556
832 2 2 1 2 502 621 561
833 2 2 1 2 591 610 481
834 2 2 1 2 510 610 591
835 2 2 1 2 560 622 512
836 2 2 1 2 566 610 510
837 2 2 1 2 595 617 509
838 2 2 1 2 582 603 97
839 2 2 1 2 492 624 600
840 2 2 1 2 481 610 583
841 2 2 1 2 565 624 492
842 2 2 1 2 72 623 568
843 2 2 1 2 492 600 589
844 2 2 1 2 540 624 565
845 2 2 1 2 104 602 601
846 2 2 1 2 600 624 516
847 2 2 1 2 591 615 506
848 2 2 1 2 481 615 591
849 2 2 1 2 500 606 599
850 2 2 1 2 601 602 508
851 2 2 1 2 601 616 68
852 2 2 1 2 480 617 595
853 2 2 1 2 599 606 479
854 2 2 1 2 508 616 601
855 2 2 1 3 630 666 656
856 2 2 1 3 670 675 150
857 2 2 1 3 106 677 667
858 2 2 1 3 153 676 669
859 2 2 1 3 668 678 109
860 2 2 1 3 627 686 657
861 2 2 1 3 135 664 136
862 2 2 1 3 658 738 632
863 2 2 1 3 632 738 659
864 2 2 1 3 149 670 150
865 2 2 1 3 106 667 105
866 2 2 1 3 153 669 154
867 2 2 1 3 110 668 109
868 2 2 1 3 628 684 659
869 2 2 1 3 658 685 627
870 2 2 1 3 627 681 658
871 2 2 1 3 720 733 654
872 2 2 1 3 639 713 650
873 2 2 1 3 657 679 627
874 2 2 1 3 627 721 686
875 2 2 1 3 651 703 629
876 2 2 1 3 641 703 651
877 2 2 1 3 697 720 654
878 2 2 1 3 630 733 720
879 2 2 1 3 654 733 633
880 2 2 1 3 664 709 136
881 2 2 1 3 650 680 629
882 2 2 1 3 653 742 634
883 2 2 1 3 632 705 661
884 2 2 1 3 662 705 632
885 2 2 1 3 143 663 144
886 2 2 1 3 633 733 657
887 2 2 1 3 634 683 653
888 2 2 1 3 127 696 655
889 2 2 1 3 141 665 142
890 2 2 1 3 656 710 643
891 2 2 1 3 630 679 657
892 2 2 1 3 664 719 633
893 2 2 1 3 656 679 630
894 2 2 1 3 651 695 641
895 2 2 1 3 650 704 639
896 2 2 1 3 625 704 650
897 2 2 1 3 629 703 650
898 2 2 1 3 650 706 625
899 2 2 1 3 633 719 672
900 2 2 1 3 629 723 651
901 2 2 1 3 656 735 710
902 2 2 1 3 113 715 112
903 2 2 1 3 657 733 630
904 2 2 1 3 131 714 132
905 2 2 1 3 652 691 636
906 2 2 1 3 132 714 671
907 2 2 1 3 673 715 113
908 2 2 1 3 627 722 681
909 2 2 1 3 636 692 652
910 2 2 1 3 660 674 631
911 2 2 1 3 643 679 656
912 2 2 1 3 626 698 688
913 2 2 1 3 698 725 688
914 2 2 1 3 685 721 627
915 2 2 1 3 666 724 656
916 2 2 1 3 657 686 633
917 2 2 1 3 632 685 658
918 2 2 1 3 659 684 632
919 2 2 1 3 628 718 684
920 2 2 1 3 141 708 665
921 2 2 1 3 643 710 660
922 2 2 1 3 634 742 680
923 2 2 1 3 660 681 643
924 2 2 1 3 631 681 660
925 2 2 1 3 626 697 654
926 2 2 1 3 663 694 144
927 2 2 1 3 633 707 654
928 2 2 1 3 661 709 642
929 2 2 1 3 644 708 662
930 2 2 1 3 654 717 626
931 2 2 1 3 650 713 680
932 2 2 1 3 130 714 131
933 2 2 1 3 669 714 130
934 2 2 1 3 122 690 121
935 2 2 1 3 659 700 628
936 2 2 1 3 636 678 668
937 2 2 1 3 669 676 638
938 2 2 1 3 637 675 670
939 2 2 1 3 667 677 635
940 2 2 1 3 146 731 692
941 2 2 1 3 128 696 127
942 2 2 1 3 661 685 632
943 2 2 1 3 632 684 662
944 2 2 1 3 642 709 664
945 2 2 1 3 662 684 644
946 2 2 1 3 642 685 661
947 2 2 1 3 635 689 655
948 2 2 1 3 124 682 123
949 2 2 1 3 690 716 121
950 2 2 1 3 633 686 664
951 2 2 1 3 111 715 670
952 2 2 1 3 652 704 691
953 2 2 1 3 652 755 704
954 2 2 1 3 646 737 666
955 2 2 1 3 112 715 111
956 2 2 1 3 664 686 642
957 2 2 1 3 690 693 647
958 2 2 1 3 640 693 690
959 2 2 1 3 124 736 682
960 2 2 1 3 644 683 665
961 2 2 1 3 665 683 634
962 2 2 1 3 655 730 127
963 2 2 1 3 712 737 646
964 2 2 1 3 679 722 627
965 2 2 1 3 673 688 637
966 2 2 1 3 646 688 673
967 2 2 1 3 672 711 645
968 2 2 1 3 663 699 634
969 2 2 1 3 655 696 635
970 2 2 1 3 700 738 631
971 2 2 1 3 671 687 645
972 2 2 1 3 638 687 671
973 2 2 1 3 631 738 681
974 2 2 1 3 681 738 658
975 2 2 1 3 710 744 660
976 2 2 1 3 146 692 147
977 2 2 1 3 639 694 663
978 2 2 1 3 672 743 711
979 2 2 1 3 634 699 665
980 2 2 1 3 665 708 644
981 2 2 1 3 625 701 691
982 2 2 1 3 634 713 663
983 2 2 1 3 661 750 709
984 2 2 1 3 708 751 662
985 2 2 1 3 143 699 663
986 2 2 1 3 692 731 652
987 2 2 1 3 659 738 700
988 2 2 1 3 135 719 664
989 2 2 1 3 668 692 636
990 2 2 1 3 672 707 633
991 2 2 1 3 645 707 672
992 2 2 1 3 701 732 691
993 2 2 1 3 665 699 142
994 2 2 1 3 682 736 651
995 2 2 1 3 638 752 687
996 2 2 1 3 687 752 698
997 2 2 1 3 150 675 151
998 2 2 1 3 152 676 153
999 2 2 1 3 107 677 106
1000 2 2 1 3 109 678 108
1001 2 2 1 3 730 741 641
1002 2 2 1 3 663 713 639
1003 2 2 1 3 682 723 640
1004 2 2 1 3 688 697 626
1005 2 2 1 3 646 697 688
1006 2 2 1 3 671 711 132
1007 2 2 1 3 625 706 689
1008 2 2 1 3 631 734 700
1009 2 2 1 3 667 745 105
1010 2 2 1 3 149 746 670
1011 2 2 1 3 669 747 154
1012 2 2 1 3 110 748 668
1013 2 2 1 3 635 696 667
1014 2 2 1 3 113 712 673
1015 2 2 1 3 680 713 634
1016 2 2 1 3 637 725 675
1017 2 2 1 3 671 714 638
1018 2 2 1 3 628 700 693
1019 2 2 1 3 637 715 673
1020 2 2 1 3 695 730 641
1021 2 2 1 3 675 725 648
1022 2 2 1 3 651 736 695
1023 2 2 1 3 647 716 690
1024 2 2 1 3 640 723 702
1025 2 2 1 3 130 747 669
1026 2 2 1 3 670 746 111
1027 2 2 1 3 670 715 637
1028 2 2 1 3 635 749 689
1029 2 2 1 3 638 714 669
1030 2 2 1 3 630 720 666
1031 2 2 1 3 666 720 646
1032 2 2 1 3 120 716 674
1033 2 2 1 3 636 732 678
1034 2 2 1 3 689 749 701
1035 2 2 1 3 704 755 639
1036 2 2 1 3 674 739 120
1037 2 2 1 3 660 739 674
1038 2 2 1 3 678 732 649
1039 2 2 1 3 645 711 671
1040 2 2 1 3 144 694 145
1041 2 2 1 3 132 711 133
1042 2 2 1 3 673 712 646
1043 2 2 1 3 142 699 143
1044 2 2 1 3 655 741 730
1045 2 2 1 3 126 695 125
1046 2 2 1 3 687 698 626
1047 2 2 1 3 706 741 689
1048 2 2 1 3 640 726 682
1049 2 2 1 3 114 712 113
1050 2 2 1 3 134 743 719
1051 2 2 1 3 684 718 644
1052 2 2 1 3 689 701 625
1053 2 2 1 3 674 716 647
1054 2 2 1 3 152 728 676
1055 2 2 1 3 675 728 151
1056 2 2 1 3 678 729 108
1057 2 2 1 3 107 729 677
1058 2 2 1 3 642 721 685
1059 2 2 1 3 674 734 631
1060 2 2 1 3 647 734 674
1061 2 2 1 3 724 737 115
1062 2 2 1 3 643 722 679
1063 2 2 1 3 121 716 120
1064 2 2 1 3 693 700 647
1065 2 2 1 3 668 754 692
1066 2 2 1 3 691 704 625
1067 2 2 1 3 127 730 126
1068 2 2 1 3 690 726 640
1069 2 2 1 3 719 743 672
1070 2 2 1 3 688 725 637
1071 2 2 1 3 138 705 139
1072 2 2 1 3 120 739 119
1073 2 2 1 3 681 722 643
1074 2 2 1 3 707 717 654
1075 2 2 1 3 693 727 628
1076 2 2 1 3 680 742 629
1077 2 2 1 3 644 718 683
1078 2 2 1 3 682 726 123
1079 2 2 1 3 134 719 135
1080 2 2 1 3 116 724 115
1081 2 2 1 3 666 737 724
1082 2 2 1 3 686 721 642
1083 2 2 1 3 703 706 650
1084 2 2 1 3 676 728 648
1085 2 2 1 3 648 728 675
1086 2 2 1 3 649 729 678
1087 2 2 1 3 677 729 649
1088 2 2 1 3 683 740 653
1089 2 2 1 3 694 731 145
1090 2 2 1 3 651 723 682
1091 2 2 1 3 687 717 645
1092 2 2 1 3 140 708 141
1093 2 2 1 3 118 710 117
1094 2 2 1 3 136 709 137
1095 2 2 1 3 691 732 636
1096 2 2 1 3 640 727 693
1097 2 2 1 3 695 736 125
1098 2 2 1 3 626 717 687
1099 2 2 1 3 641 706 703
1100 2 2 1 3 123 726 122
1101 2 2 1 3 122 726 690
1102 2 2 1 3 677 749 635
1103 2 2 1 3 676 752 638
1104 2 2 1 3 727 740 628
1105 2 2 1 3 702 727 640
1106 2 2 1 3 5 745 129
1107 2 2 1 3 8 747 130
1108 2 2 1 3 111 746 7
1109 2 2 1 3 148 748 6
1110 2 2 1 3 138 750 705
1111 2 2 1 3 705 751 139
1112 2 2 1 3 649 749 677
1113 2 2 1 3 105 745 5
1114 2 2 1 3 7 746 149
1115 2 2 1 3 154 747 8
1116 2 2 1 3 6 748 110
1117 2 2 1 3 648 752 676
1118 2 2 1 3 702 723 629
1119 2 2 1 3 710 735 117
1120 2 2 1 3 118 744 710
1121 2 2 1 3 140 751 708
1122 2 2 1 3 709 750 137
1123 2 2 1 3 705 750 661
1124 2 2 1 3 662 751 705
1125 2 2 1 3 145 731 146
1126 2 2 1 3 692 754 147
1127 2 2 1 3 689 741 655
1128 2 2 1 3 151 728 152
1129 2 2 1 3 108 729 107
1130 2 2 1 3 646 720 697
1131 2 2 1 3 629 742 702
1132 2 2 1 3 702 742 653
1133 2 2 1 3 117 735 116
1134 2 2 1 3 125 736 124
1135 2 2 1 3 694 755 731
1136 2 2 1 3 696 753 667
1137 2 2 1 3 115 737 114
1138 2 2 1 3 645 717 707
1139 2 2 1 3 648 725 698
1140 2 2 1 3 126 730 695
1141 2 2 1 3 133 743 134
1142 2 2 1 3 119 744 118
1143 2 2 1 3 137 750 138
1144 2 2 1 3 139 751 140
1145 2 2 1 3 129 753 128
1146 2 2 1 3 147 754 148
1147 2 2 1 3 641 741 706
1148 2 2 1 3 653 727 702
1149 2 2 1 3 649 732 701
1150 2 2 1 3 128 753 696
1151 2 2 1 3 114 737 712
1152 2 2 1 3 700 734 647
1153 2 2 1 3 711 743 133
1154 2 2 1 3 639 755 694
1155 2 2 1 3 653 740 727
1156 2 2 1 3 698 752 648
1157 2 2 1 3 116 735 724
1158 2 2 1 3 701 749 649
1159 2 2 1 3 724 735 656
1160 2 2 1 3 718 740 683
1161 2 2 1 3 628 740 718
1162 2 2 1 3 731 755 652
1163 2 2 1 3 148 754 748
1164 2 2 1 3 745 753 129
1165 2 2 1 3 748 754 668
1166 2 2 1 3 667 753 745
1167 2 2 1 3 739 744 119
1168 2 2 1 3 660 744 739
1169 2 2 1 4 792 804 18
1170 2 2 1 4 21 805 793
1171 2 2 1 4 794 807 153
1172 2 2 1 4 150 806 795
1173 2 2 1 4 780 800 759
1174 2 2 1 4 758 801 781
1175 2 2 1 4 759 843 780
1176 2 2 1 4 17 792 18
1177 2 2 1 4 21 793 22
1178 2 2 1 4 150 795 149
1179 2 2 1 4 154 794 153
1180 2 2 1 4 179 786 180
1181 2 2 1 4 177 787 178
1182 2 2 1 4 809 832 767
1183 2 2 1 4 788 812 770
1184 2 2 1 4 764 812 788
1185 2 2 1 4 780 843 813
1186 2 2 1 4 781 846 758
1187 2 2 1 4 786 829 180
1188 2 2 1 4 177 828 787
1189 2 2 1 4 814 846 781
1190 2 2 1 4 760 848 781
1191 2 2 1 4 780 848 760
1192 2 2 1 4 760 800 780
1193 2 2 1 4 781 801 760
1194 2 2 1 4 774 832 809
1195 2 2 1 4 790 816 762
1196 2 2 1 4 771 816 790
1197 2 2 1 4 791 817 773
1198 2 2 1 4 765 817 791
1199 2 2 1 4 782 830 773
1200 2 2 1 4 772 831 783
1201 2 2 1 4 810 822 776
1202 2 2 1 4 769 823 808
1203 2 2 1 4 808 823 775
1204 2 2 1 4 768 822 810
1205 2 2 1 4 760 801 783
1206 2 2 1 4 786 824 761
1207 2 2 1 4 761 824 787
1208 2 2 1 4 756 827 803
1209 2 2 1 4 827 833 803
1210 2 2 1 4 175 798 788
1211 2 2 1 4 790 799 182
1212 2 2 1 4 789 797 159
1213 2 2 1 4 166 796 791
1214 2 2 1 4 761 848 813
1215 2 2 1 4 814 848 761
1216 2 2 1 4 813 848 780
1217 2 2 1 4 781 848 814
1218 2 2 1 4 800 847 759
1219 2 2 1 4 773 800 782
1220 2 2 1 4 783 801 772
1221 2 2 1 4 761 813 786
1222 2 2 1 4 787 814 761
1223 2 2 1 4 771 829 786
1224 2 2 1 4 787 828 770
1225 2 2 1 4 763 802 785
1226 2 2 1 4 784 803 762
1227 2 2 1 4 782 857 830
1228 2 2 1 4 831 858 783
1229 2 2 1 4 784 816 759
1230 2 2 1 4 759 817 784
1231 2 2 1 4 764 821 785
1232 2 2 1 4 785 820 763
1233 2 2 1 4 160 789 159
1234 2 2 1 4 175 788 176
1235 2 2 1 4 166 791 165
1236 2 2 1 4 181 790 182
1237 2 2 1 4 760 863 800
1238 2 2 1 4 182 799 183
1239 2 2 1 4 167 796 166
1240 2 2 1 4 174 798 175
1241 2 2 1 4 159 797 158
1242 2 2 1 4 763 797 789
1243 2 2 1 4 788 798 764
1244 2 2 1 4 762 799 790
1245 2 2 1 4 791 796 765
1246 2 2 1 4 770 814 787
1247 2 2 1 4 786 813 771
1248 2 2 1 4 795 806 768
1249 2 2 1 4 766 807 794
1250 2 2 1 4 767 804 792
1251 2 2 1 4 793 805 769
1252 2 2 1 4 800 863 782
1253 2 2 1 4 758 840 801
1254 2 2 1 4 762 816 784
1255 2 2 1 4 784 817 765
1256 2 2 1 4 785 845 764
1257 2 2 1 4 765 844 784
1258 2 2 1 4 756 839 818
1259 2 2 1 4 757 838 819
1260 2 2 1 4 757 820 785
1261 2 2 1 4 785 821 757
1262 2 2 1 4 758 812 802
1263 2 2 1 4 783 863 760
1264 2 2 1 4 822 839 756
1265 2 2 1 4 823 838 757
1266 2 2 1 4 802 840 758
1267 2 2 1 4 788 828 176
1268 2 2 1 4 160 831 789
1269 2 2 1 4 791 830 165
1270 2 2 1 4 181 829 790
1271 2 2 1 4 803 815 756
1272 2 2 1 4 179 824 786
1273 2 2 1 4 787 824 178
1274 2 2 1 4 172 808 173
1275 2 2 1 4 157 809 156
1276 2 2 1 4 184 811 185
1277 2 2 1 4 169 810 168
1278 2 2 1 4 826 840 802
1279 2 2 1 4 790 829 771
1280 2 2 1 4 773 830 791
1281 2 2 1 4 789 831 772
1282 2 2 1 4 770 828 788
1283 2 2 1 4 815 822 756
1284 2 2 1 4 776 822 815
1285 2 2 1 4 806 839 768
1286 2 2 1 4 805 838 769
1287 2 2 1 4 789 826 763
1288 2 2 1 4 772 826 789
1289 2 2 1 4 18 804 19
1290 2 2 1 4 20 805 21
1291 2 2 1 4 151 806 150
1292 2 2 1 4 153 807 152
1293 2 2 1 4 762 833 799
1294 2 2 1 4 799 833 777
1295 2 2 1 4 779 839 806
1296 2 2 1 4 778 838 805
1297 2 2 1 4 794 849 766
1298 2 2 1 4 792 850 767
1299 2 2 1 4 769 851 793
1300 2 2 1 4 768 852 795
1301 2 2 1 4 808 836 173
1302 2 2 1 4 157 835 809
1303 2 2 1 4 810 834 168
1304 2 2 1 4 184 837 811
1305 2 2 1 4 766 849 811
1306 2 2 1 4 810 852 768
1307 2 2 1 4 767 850 809
1308 2 2 1 4 808 851 769
1309 2 2 1 4 767 832 819
1310 2 2 1 4 809 835 774
1311 2 2 1 4 775 836 808
1312 2 2 1 4 776 834 810
1313 2 2 1 4 811 837 777
1314 2 2 1 4 821 823 757
1315 2 2 1 4 775 823 821
1316 2 2 1 4 812 845 802
1317 2 2 1 4 766 855 818
1318 2 2 1 4 795 852 170
1319 2 2 1 4 186 849 794
1320 2 2 1 4 155 850 792
1321 2 2 1 4 793 851 171
1322 2 2 1 4 763 826 802
1323 2 2 1 4 167 834 796
1324 2 2 1 4 174 836 798
1325 2 2 1 4 799 837 183
1326 2 2 1 4 797 835 158
1327 2 2 1 4 764 854 821
1328 2 2 1 4 820 853 763
1329 2 2 1 4 774 835 797
1330 2 2 1 4 798 836 775
1331 2 2 1 4 796 834 776
1332 2 2 1 4 777 837 799
1333 2 2 1 4 17 860 792
1334 2 2 1 4 793 861 22
1335 2 2 1 4 795 862 149
1336 2 2 1 4 154 859 794
1337 2 2 1 4 818 855 827
1338 2 2 1 4 759 847 817
1339 2 2 1 4 816 843 759
1340 2 2 1 4 803 833 762
1341 2 2 1 4 20 841 805
1342 2 2 1 4 804 841 19
1343 2 2 1 4 151 842 806
1344 2 2 1 4 807 842 152
1345 2 2 1 4 178 824 179
1346 2 2 1 4 796 856 765
1347 2 2 1 4 763 853 797
1348 2 2 1 4 798 854 764
1349 2 2 1 4 773 847 800
1350 2 2 1 4 801 840 772
1351 2 2 1 4 776 856 796
1352 2 2 1 4 797 853 774
1353 2 2 1 4 775 854 798
1354 2 2 1 4 163 825 162
1355 2 2 1 4 170 852 169
1356 2 2 1 4 171 851 172
1357 2 2 1 4 156 850 155
1358 2 2 1 4 185 849 186
1359 2 2 1 4 170 862 795
1360 2 2 1 4 792 860 155
1361 2 2 1 4 794 859 186
1362 2 2 1 4 171 861 793
1363 2 2 1 4 819 832 757
1364 2 2 1 4 757 832 820
1365 2 2 1 4 803 844 815
1366 2 2 1 4 802 845 785
1367 2 2 1 4 784 844 803
1368 2 2 1 4 818 839 779
1369 2 2 1 4 819 838 778
1370 2 2 1 4 764 845 812
1371 2 2 1 4 812 846 770
1372 2 2 1 4 806 842 779
1373 2 2 1 4 779 842 807
1374 2 2 1 4 778 841 804
1375 2 2 1 4 805 841 778
1376 2 2 1 4 818 827 756
1377 2 2 1 4 770 846 814
1378 2 2 1 4 777 855 811
1379 2 2 1 4 172 851 808
1380 2 2 1 4 809 850 156
1381 2 2 1 4 811 849 185
1382 2 2 1 4 169 852 810
1383 2 2 1 4 813 843 771
1384 2 2 1 4 811 855 766
1385 2 2 1 4 758 846 812
1386 2 2 1 4 165 830 164
1387 2 2 1 4 180 829 181
1388 2 2 1 4 176 828 177
1389 2 2 1 4 161 831 160
1390 2 2 1 4 163 857 825
1391 2 2 1 4 825 858 162
1392 2 2 1 4 777 833 827
1393 2 2 1 4 825 857 782
1394 2 2 1 4 783 858 825
1395 2 2 1 4 815 844 765
1396 2 2 1 4 771 843 816
1397 2 2 1 4 817 847 773
1398 2 2 1 4 820 832 774
1399 2 2 1 4 183 837 184
1400 2 2 1 4 168 834 167
1401 2 2 1 4 173 836 174
1402 2 2 1 4 158 835 157
1403 2 2 1 4 815 856 776
1404 2 2 1 4 766 864 807
1405 2 2 1 4 767 865 804
1406 2 2 1 4 765 856 815
1407 2 2 1 4 155 860 1
1408 2 2 1 4 2 861 171
1409 2 2 1 4 186 859 8
1410 2 2 1 4 7 862 170
1411 2 2 1 4 769 838 823
1412 2 2 1 4 768 839 822
1413 2 2 1 4 830 857 164
1414 2 2 1 4 161 858 831
1415 2 2 1 4 825 863 783
1416 2 2 1 4 807 864 779
1417 2 2 1 4 804 865 778
1418 2 2 1 4 774 853 820
1419 2 2 1 4 821 854 775
1420 2 2 1 4 19 841 20
1421 2 2 1 4 152 842 151
1422 2 2 1 4 164 857 163
1423 2 2 1 4 162 858 161
1424 2 2 1 4 772 840 826
1425 2 2 1 4 779 864 818
1426 2 2 1 4 818 864 766
1427 2 2 1 4 819 865 767
1428 2 2 1 4 778 865 819
1429 2 2 1 4 1 860 17
1430 2 2 1 4 22 861 2
1431 2 2 1 4 149 862 7
1432 2 2 1 4 8 859 154
1433 2 2 1 4 827 855 777
1434 2 2 1 4 782 863 825
1435 2 2 1 5 918 1018 1017
1436 2 2 1 5 1017 1018 901
1437 2 2 1 5 980 1239 1069
1438 2 2 1 5 958 1185 869
1439 2 2 1 5 184 1073 979
1440 2 2 1 5 956 1137 1111
1441 2 2 1 5 883 1185 1006
1442 2 2 1 5 962 1210 908
1443 2 2 1 5 873 1080 1022
1444 2 2 1 5 173 1119 978
1445 2 2 1 5 927 1045 1021
1446 2 2 1 5 1021 1045 914
1447 2 2 1 5 1022 1121 959
1448 2 2 1 5 869 1185 970
1449 2 2 1 5 1044 1094 937
1450 2 2 1 5 908 1103 962
1451 2 2 1 5 884 1168 982
1452 2 2 1 5 1069 1239 911
1453 2 2 1 5 977 1028 875
1454 2 2 1 5 964 1200 888
1455 2 2 1 5 877 1267 964
1456 2 2 1 5 945 1050 987
1457 2 2 1 5 987 1050 889
1458 2 2 1 5 1121 1245 959
1459 2 2 1 5 905 1030 979
1460 2 2 1 5 929 1099 1023
1461 2 2 1 5 1080 1230 1022
1462 2 2 1 5 978 1096 173
1463 2 2 1 5 901 1129 1017
1464 2 2 1 5 888 1091 964
1465 2 2 1 5 964 1144 877
1466 2 2 1 5 983 1105 46
1467 2 2 1 5 1023 1099 913
1468 2 2 1 5 46 1105 45
1469 2 2 1 5 870 1094 1044
1470 2 2 1 5 1130 1245 886
1471 2 2 1 5 95 1075 94
1472 2 2 1 5 181 1238 1035
1473 2 2 1 5 1008 1012 908
1474 2 2 1 5 1017 1129 1100
1475 2 2 1 5 881 1148 1039
1476 2 2 1 5 1060 1075 95
1477 2 2 1 5 923 1033 995
1478 2 2 1 5 994 1082 928
1479 2 2 1 5 879 1082 994
1480 2 2 1 5 142 1016 141
1481 2 2 1 5 903 1012 1008
1482 2 2 1 5 1041 1072 910
1483 2 2 1 5 942 1072 1041
1484 2 2 1 5 51 1147 1014
1485 2 2 1 5 1111 1137 932
1486 2 2 1 5 956 1111 994
1487 2 2 1 5 1001 1179 967
1488 2 2 1 5 1069 1233 1183
1489 2 2 1 5 942 1071 1019
1490 2 2 1 5 1019 1071 891
1491 2 2 1 5 877 1273 976
1492 2 2 1 5 1037 1102 961
1493 2 2 1 5 976 1122 890
1494 2 2 1 5 866 1171 1013
1495 2 2 1 5 1013 1171 955
1496 2 2 1 5 1150 1195 996
1497 2 2 1 5 997 1027 905
1498 2 2 1 5 867 1141 975
1499 2 2 1 5 975 1227 1024
1500 2 2 1 5 40 1058 39
1501 2 2 1 5 989 1112 950
1502 2 2 1 5 961 1269 1037
1503 2 2 1 5 1024 1227 893
1504 2 2 1 5 1084 1175 929
1505 2 2 1 5 998 1034 943
1506 2 2 1 5 900 1034 998
1507 2 2 1 5 181 1035 180
1508 2 2 1 5 52 1147 51
1509 2 2 1 5 935 1150 996
1510 2 2 1 5 1008 1204 903
1511 2 2 1 5 928 1117 994
1512 2 2 1 5 869 1047 958
1513 2 2 1 5 993 1169 943
1514 2 2 1 5 1179 1227 967
1515 2 2 1 5 890 1281 976
1516 2 2 1 5 1013 1196 866
1517 2 2 1 5 929 1175 986
1518 2 2 1 5 1069 1228 980
1519 2 2 1 5 912 1089 987
1520 2 2 1 5 979 1073 905
1521 2 2 1 5 1013 1038 902
1522 2 2 1 5 903 1063 1012
1523 2 2 1 5 946 1155 985
1524 2 2 1 5 937 1288 1044
1525 2 2 1 5 1030 1115 876
1526 2 2 1 5 1066 1204 1008
1527 2 2 1 5 49 1002 48
1528 2 2 1 5 1112 1139 950
1529 2 2 1 5 1178 1196 1013
1530 2 2 1 5 903 1297 1063
1531 2 2 1 5 993 1263 1169
1532 2 2 1 5 1026 1266 992
1533 2 2 1 5 142 1198 1016
1534 2 2 1 5 1040 1147 53
1535 2 2 1 5 988 1055 906
1536 2 2 1 5 1020 1174 1161
1537 2 2 1 5 1035 1238 968
1538 2 2 1 5 1183 1233 957
1539 2 2 1 5 975 1135 867
1540 2 2 1 5 943 1169 998
1541 2 2 1 5 959 1245 1130
1542 2 2 1 5 42 1010 41
1543 2 2 1 5 925 1102 1019
1544 2 2 1 5 1140 1142 875
1545 2 2 1 5 940 1123 1025
1546 2 2 1 5 1026 1185 883
1547 2 2 1 5 875 1151 977
1548 2 2 1 5 53 1147 52
1549 2 2 1 5 102 991 101
1550 2 2 1 5 1058 1246 39
1551 2 2 1 5 928 1082 978
1552 2 2 1 5 1048 1114 923
1553 2 2 1 5 1083 1197 930
1554 2 2 1 5 1020 1161 937
1555 2 2 1 5 906 1186 1151
1556 2 2 1 5 898 1055 988
1557 2 2 1 5 976 1182 877
1558 2 2 1 5 887 1077 1048
1559 2 2 1 5 1048 1077 941
1560 2 2 1 5 881 1054 1004
1561 2 2 1 5 1102 1190 1019
1562 2 2 1 5 972 1142 1140
1563 2 2 1 5 998 1271 900
1564 2 2 1 5 1063 1297 993
1565 2 2 1 5 878 1102 1037
1566 2 2 1 5 979 1211 184
1567 2 2 1 5 1050 1079 911
1568 2 2 1 5 945 1079 1050
1569 2 2 1 5 978 1119 928
1570 2 2 1 5 174 1119 173
1571 2 2 1 5 872 1039 981
1572 2 2 1 5 33 1023 32
1573 2 2 1 5 876 1115 1066
1574 2 2 1 5 891 1065 1019
1575 2 2 1 5 1019 1065 925
1576 2 2 1 5 985 1090 916
1577 2 2 1 5 889 1097 987
1578 2 2 1 5 987 1097 912
1579 2 2 1 5 1165 1175 35
1580 2 2 1 5 179 1021 178
1581 2 2 1 5 145 1031 144
1582 2 2 1 5 1123 1205 1025
1583 2 2 1 5 1006 1185 958
1584 2 2 1 5 1151 1186 977
1585 2 2 1 5 46 1120 983
1586 2 2 1 5 938 1087 983
1587 2 2 1 5 978 1202 1096
1588 2 2 1 5 879 1111 1011
1589 2 2 1 5 1011 1111 932
1590 2 2 1 5 185 1073 184
1591 2 2 1 5 102 1003 991
1592 2 2 1 5 1096 1202 917
1593 2 2 1 5 1048 1149 1114
1594 2 2 1 5 1011 1145 936
1595 2 2 1 5 1161 1248 963
1596 2 2 1 5 1169 1276 998
1597 2 2 1 5 1051 1092 913
1598 2 2 1 5 996 1072 878
1599 2 2 1 5 910 1072 996
1600 2 2 1 5 987 1222 945
1601 2 2 1 5 897 1205 1026
1602 2 2 1 5 1062 1110 885
1603 2 2 1 5 991 1256 884
1604 2 2 1 5 983 1120 938
1605 2 2 1 5 892 1195 1150
1606 2 2 1 5 1026 1205 970
1607 2 2 1 5 885 1220 1062
1608 2 2 1 5 950 1189 989
1609 2 2 1 5 1062 1220 989
1610 2 2 1 5 1168 1172 982
1611 2 2 1 5 948 1110 1062
1612 2 2 1 5 1014 1056 936
1613 2 2 1 5 869 1258 1047
1614 2 2 1 5 1012 1063 882
1615 2 2 1 5 103 1003 102
1616 2 2 1 5 1047 1258 990
1617 2 2 1 5 997 1272 1027
1618 2 2 1 5 957 1197 1083
1619 2 2 1 5 873 1149 1007
1620 2 2 1 5 1007 1149 941
1621 2 2 1 5 951 1089 1070
1622 2 2 1 5 1070 1089 912
1623 2 2 1 5 1045 1273 877
1624 2 2 1 5 999 1113 922
1625 2 2 1 5 951 1226 995
1626 2 2 1 5 995 1219 951
1627 2 2 1 5 967 1242 1001
1628 2 2 1 5 1010 1143 921
1629 2 2 1 5 943 1063 993
1630 2 2 1 5 905 1073 997
1631 2 2 1 5 937 1065 1020
1632 2 2 1 5 916 1090 1052
1633 2 2 1 5 898 1152 990
1634 2 2 1 5 899 1145 1011
1635 2 2 1 5 1043 1164 896
1636 2 2 1 5 937 1094 1065
1637 2 2 1 5 1025 1087 880
1638 2 2 1 5 1211 1264 919
1639 2 2 1 5 173 1096 172
1640 2 2 1 5 988 1231 898
1641 2 2 1 5 965 1117 1042
1642 2 2 1 5 963 1134 1044
1643 2 2 1 5 1044 1134 932
1644 2 2 1 5 1015 1240 104
1645 2 2 1 5 1142 1159 907
1646 2 2 1 5 1197 1233 1079
1647 2 2 1 5 885 1197 1079
1648 2 2 1 5 103 1240 1003
1649 2 2 1 5 1038 1070 902
1650 2 2 1 5 951 1070 1038
1651 2 2 1 5 906 1141 988
1652 2 2 1 5 982 1128 884
1653 2 2 1 5 908 1059 1008
1654 2 2 1 5 1105 1208 897
1655 2 2 1 5 904 1235 1031
1656 2 2 1 5 941 1077 1009
1657 2 2 1 5 995 1126 923
1658 2 2 1 5 896 1164 1098
1659 2 2 1 5 990 1153 898
1660 2 2 1 5 897 1026 992
1661 2 2 1 5 899 1134 1088
1662 2 2 1 5 1088 1134 963
1663 2 2 1 5 935 1291 1150
1664 2 2 1 5 1081 1211 919
1665 2 2 1 5 996 1195 910
1666 2 2 1 5 1131 1155 946
1667 2 2 1 5 49 1076 1002
1668 2 2 1 5 132 1027 131
1669 2 2 1 5 1008 1059 876
1670 2 2 1 5 1034 1230 971
1671 2 2 1 5 900 1230 1034
1672 2 2 1 5 1104 1193 894
1673 2 2 1 5 917 1056 1014
1674 2 2 1 5 104 1260 1015
1675 2 2 1 5 884 1128 991
1676 2 2 1 5 972 1159 1142
1677 2 2 1 5 936 1217 1011
1678 2 2 1 5 983 1208 1105
1679 2 2 1 5 1117 1244 994
1680 2 2 1 5 1002 1095 48
1681 2 2 1 5 994 1111 879
1682 2 2 1 5 893 1207 1156
1683 2 2 1 5 28 1090 27
1684 2 2 1 5 871 1139 1112
1685 2 2 1 5 1074 1281 890
1686 2 2 1 5 1031 1235 1078
1687 2 2 1 5 970 1123 869
1688 2 2 1 5 1039 1148 981
1689 2 2 1 5 36 1165 35
1690 2 2 1 5 924 1143 1010
1691 2 2 1 5 876 1066 1008
1692 2 2 1 5 1016 1198 949
1693 2 2 1 5 908 1210 1036
1694 2 2 1 5 932 1134 1011
1695 2 2 1 5 1011 1134 899
1696 2 2 1 5 145 1187 1031
1697 2 2 1 5 920 1107 1000
1698 2 2 1 5 1000 1107 866
1699 2 2 1 5 1012 1103 908
1700 2 2 1 5 994 1244 956
1701 2 2 1 5 985 1157 1090
1702 2 2 1 5 895 1243 1054
1703 2 2 1 5 915 1080 1007
1704 2 2 1 5 1007 1080 873
1705 2 2 1 5 1052 1090 28
1706 2 2 1 5 1031 1078 144
1707 2 2 1 5 996 1192 935
1708 2 2 1 5 1089 1222 987
1709 2 2 1 5 886 1245 1108
1710 2 2 1 5 1010 1167 41
1711 2 2 1 5 883 1265 1026
1712 2 2 1 5 1006 1093 883
1713 2 2 1 5 931 1068 1032
1714 2 2 1 5 981 1221 872
1715 2 2 1 5 1229 1259 920
1716 2 2 1 5 949 1247 1016
1717 2 2 1 5 907 1225 1142
1718 2 2 1 5 1005 1116 919
1719 2 2 1 5 1003 1256 991
1720 2 2 1 5 1151 1214 906
1721 2 2 1 5 100 1032 99
1722 2 2 1 5 913 1092 1023
1723 2 2 1 5 1046 1200 964
1724 2 2 1 5 878 1192 996
1725 2 2 1 5 1020 1065 891
1726 2 2 1 5 946 1240 1015
1727 2 2 1 5 922 1121 999
1728 2 2 1 5 1142 1225 1001
1729 2 2 1 5 1109 1150 973
1730 2 2 1 5 892 1150 1109
1731 2 2 1 5 916 1172 1168
1732 2 2 1 5 1065 1094 925
1733 2 2 1 5 1000 1232 898
1734 2 2 1 5 1118 1291 935
1735 2 2 1 5 898 1153 1000
1736 2 2 1 5 1112 1220 945
1737 2 2 1 5 866 1196 1000
1738 2 2 1 5 921 1167 1010
1739 2 2 1 5 910 1195 1009
1740 2 2 1 5 989 1220 1112
1741 2 2 1 5 1100 1267 877
1742 2 2 1 5 1028 1070 912
1743 2 2 1 5 874 1243 1043
1744 2 2 1 5 981 1125 953
1745 2 2 1 5 104 1240 103
1746 2 2 1 5 179 1127 1021
1747 2 2 1 5 867 1283 1141
1748 2 2 1 5 1016 1113 141
1749 2 2 1 5 971 1230 1080
1750 2 2 1 5 1049 1110 948
1751 2 2 1 5 1005 1194 876
1752 2 2 1 5 1018 1181 901
1753 2 2 1 5 1032 1068 909
1754 2 2 1 5 89 1183 1083
1755 2 2 1 5 981 1148 934
1756 2 2 1 5 882 1103 1012
1757 2 2 1 5 907 1159 1075
1758 2 2 1 5 1000 1153 920
1759 2 2 1 5 1075 1159 960
1760 2 2 1 5 921 1143 1093
1761 2 2 1 5 880 1248 1161
1762 2 2 1 5 1021 1085 178
1763 2 2 1 5 878 1190 1102
1764 2 2 1 5 976 1273 1122
1765 2 2 1 5 946 1256 1240
1766 2 2 1 5 965 1293 1117
1767 2 2 1 5 1156 1207 969
1768 2 2 1 5 960 1304 1201
1769 2 2 1 5 1007 1109 915
1770 2 2 1 5 1121 1271 999
1771 2 2 1 5 920 1259 1071
1772 2 2 1 5 934 1125 981
1773 2 2 1 5 953 1221 981
1774 2 2 1 5 911 1233 1069
1775 2 2 1 5 909 1156 1067
1776 2 2 1 5 910 1171 1041
1777 2 2 1 5 1028 1140 875
1778 2 2 1 5 892 1180 1009
1779 2 2 1 5 1009 1180 941
1780 2 2 1 5 1159 1304 960
1781 2 2 1 5 1013 1177 1038
1782 2 2 1 5 876 1298 1005
1783 2 2 1 5 894 1166 966
1784 2 2 1 5 31 1051 30
1785 2 2 1 5 963 1248 1088
1786 2 2 1 5 900 1271 1121
1787 2 2 1 5 29 1052 28
1788 2 2 1 5 1040 1096 917
1789 2 2 1 5 1050 1239 889
1790 2 2 1 5 934 1158 1125
1791 2 2 1 5 914 1085 1021
1792 2 2 1 5 909 1067 1032
1793 2 2 1 5 985 1212 946
1794 2 2 1 5 1018 1106 868
1795 2 2 1 5 1002 1145 899
1796 2 2 1 5 893 1227 1179
1797 2 2 1 5 966 1162 894
1798 2 2 1 5 992 1105 897
1799 2 2 1 5 899 1176 1002
1800 2 2 1 5 928 1262 1042
1801 2 2 1 5 958 1282 1006
1802 2 2 1 5 919 1194 1005
1803 2 2 1 5 1099 1104 913
1804 2 2 1 5 1032 1067 99
1805 2 2 1 5 889 1239 1201
1806 2 2 1 5 1052 1166 916
1807 2 2 1 5 44 1133 43
1808 2 2 1 5 1017 1100 877
1809 2 2 1 5 930 1110 1049
1810 2 2 1 5 89 1083 88
1811 2 2 1 5 877 1182 1017
1812 2 2 1 5 33 1084 1023
1813 2 2 1 5 955 1177 1013
1814 2 2 1 5 970 1185 1026
1815 2 2 1 5 913 1162 1051
1816 2 2 1 5 1023 1092 32
1817 2 2 1 5 1020 1170 940
1818 2 2 1 5 891 1170 1020
1819 2 2 1 5 144 1078 143
1820 2 2 1 5 147 1049 146
1821 2 2 1 5 918 1106 1018
1822 2 2 1 5 1161 1174 880
1823 2 2 1 5 1056 1202 879
1824 2 2 1 5 1014 1163 51
1825 2 2 1 5 1067 1156 969
1826 2 2 1 5 1016 1247 1108
1827 2 2 1 5 893 1156 1024
1828 2 2 1 5 1014 1147 917
1829 2 2 1 5 871 1222 1089
1830 2 2 1 5 1028 1295 1070
1831 2 2 1 5 1035 1127 180
1832 2 2 1 5 1033 1139 995
1833 2 2 1 5 1015 1131 946
1834 2 2 1 5 868 1118 1018
1835 2 2 1 5 1009 1215 910
1836 2 2 1 5 1070 1295 902
1837 2 2 1 5 1054 1243 1004
1838 2 2 1 5 1031 1187 948
1839 2 2 1 5 941 1180 1007
1840 2 2 1 5 1021 1127 927
1841 2 2 1 5 1016 1108 922
1842 2 2 1 5 1057 1247 949
1843 2 2 1 5 949 1235 1057
1844 2 2 1 5 977 1295 1028
1845 2 2 1 5 879 1202 1082
1846 2 2 1 5 1004 1148 881
1847 2 2 1 5 1009 1195 892
1848 2 2 1 5 877 1144 1045
1849 2 2 1 5 38 1061 37
1850 2 2 1 5 1024 1135 975
1851 2 2 1 5 894 1162 1104
1852 2 2 1 5 984 1246 1058
1853 2 2 1 5 868 1106 1036
1854 2 2 1 5 1077 1215 1009
1855 2 2 1 5 995 1226 1126
1856 2 2 1 5 900 1121 1022
1857 2 2 1 5 1022 1261 873
1858 2 2 1 5 959 1261 1022
1859 2 2 1 5 99 1067 98
1860 2 2 1 5 922 1113 1016
1861 2 2 1 5 1039 1104 881
1862 2 2 1 5 936 1163 1014
1863 2 2 1 5 1119 1262 928
1864 2 2 1 5 1104 1162 913
1865 2 2 1 5 1011 1217 879
1866 2 2 1 5 916 1168 985
1867 2 2 1 5 876 1194 1030
1868 2 2 1 5 1025 1174 940
1869 2 2 1 5 880 1174 1025
1870 2 2 1 5 1053 1094 870
1871 2 2 1 5 902 1178 1013
1872 2 2 1 5 1033 1130 886
1873 2 2 1 5 132 1132 1027
1874 2 2 1 5 990 1152 1047
1875 2 2 1 5 905 1115 1030
1876 2 2 1 5 989 1189 1062
1877 2 2 1 5 1062 1189 904
1878 2 2 1 5 1125 1158 867
1879 2 2 1 5 953 1135 1024
1880 2 2 1 5 986 1175 1165
1881 2 2 1 5 1025 1208 1087
1882 2 2 1 5 1083 1183 957
1883 2 2 1 5 923 1126 1048
1884 2 2 1 5 968 1296 1035
1885 2 2 1 5 986 1184 929
1886 2 2 1 5 872 1193 1039
1887 2 2 1 5 910 1215 1171
1888 2 2 1 5 1017 1182 918
1889 2 2 1 5 1019 1190 942
1890 2 2 1 5 1058 1167 921
1891 2 2 1 5 866 1107 1041
1892 2 2 1 5 1093 1143 883
1893 2 2 1 5 967 1214 1151
1894 2 2 1 5 1039 1193 1104
1895 2 2 1 5 1022 1230 900
1896 2 2 1 5 874 1277 1006
1897 2 2 1 5 100 1191 1032
1898 2 2 1 5 97 1124 96
1899 2 2 1 5 940 1174 1020
1900 2 2 1 5 1024 1255 953
1901 2 2 1 5 912 1140 1028
1902 2 2 1 5 907 1075 1060
1903 2 2 1 5 1035 1122 927
1904 2 2 1 5 91 1069 90
1905 2 2 1 5 1015 1287 1131
1906 2 2 1 5 1141 1283 988
1907 2 2 1 5 950 1139 1033
1908 2 2 1 5 923 1130 1033
1909 2 2 1 5 896 1277 1043
1910 2 2 1 5 991 1128 931
1911 2 2 1 5 1032 1191 931
1912 2 2 1 5 917 1147 1040
1913 2 2 1 5 1093 1173 921
1914 2 2 1 5 927 1127 1035
1915 2 2 1 5 1164 1243 895
1916 2 2 1 5 1042 1117 928
1917 2 2 1 5 932 1137 1044
1918 2 2 1 5 1044 1137 870
1919 2 2 1 5 925 1094 1053
1920 2 2 1 5 141 1113 140
1921 2 2 1 5 955 1215 1077
1922 2 2 1 5 874 1257 1243
1923 2 2 1 5 1054 1099 929
1924 2 2 1 5 999 1274 1113
1925 2 2 1 5 922 1245 1121
1926 2 2 1 5 1030 1264 979
1927 2 2 1 5 1036 1249 939
1928 2 2 1 5 50 1076 49
1929 2 2 1 5 1046 1267 926
1930 2 2 1 5 964 1267 1046
1931 2 2 1 5 178 1085 177
1932 2 2 1 5 95 1224 1060
1933 2 2 1 5 872 1253 982
1934 2 2 1 5 1036 1300 908
1935 2 2 1 5 1029 1284 134
1936 2 2 1 5 1156 1255 1024
1937 2 2 1 5 909 1255 1156
1938 2 2 1 5 180 1127 179
1939 2 2 1 5 896 1098 984
1940 2 2 1 5 134 1188 1029
1941 2 2 1 5 982 1193 872
1942 2 2 1 5 982 1253 1128
1943 2 2 1 5 979 1264 1211
1944 2 2 1 5 183 1081 182
1945 2 2 1 5 1041 1223 942
1946 2 2 1 5 42 1138 1010
1947 2 2 1 5 96 1224 95
1948 2 2 1 5 1139 1219 995
1949 2 2 1 5 871 1219 1139
1950 2 2 1 5 971 1286 1034
1951 2 2 1 5 887 1177 1077
1952 2 2 1 5 1077 1177 955
1953 2 2 1 5 1286 1302 1086
1954 2 2 1 5 898 1232 1055
1955 2 2 1 5 1122 1273 927
1956 2 2 1 5 948 1292 1031
1957 2 2 1 5 40 1167 1058
1958 2 2 1 5 881 1104 1099
1959 2 2 1 5 944 1284 1029
1960 2 2 1 5 34 1084 33
1961 2 2 1 5 175 1285 1042
1962 2 2 1 5 1027 1272 131
1963 2 2 1 5 991 1191 101
1964 2 2 1 5 1045 1144 914
1965 2 2 1 5 130 1272 1252
1966 2 2 1 5 1048 1126 887
1967 2 2 1 5 31 1092 1051
1968 2 2 1 5 1118 1181 1018
1969 2 2 1 5 882 1286 1086
1970 2 2 1 5 1055 1186 906
1971 2 2 1 5 1043 1277 874
1972 2 2 1 5 43 1138 42
1973 2 2 1 5 929 1184 1054
1974 2 2 1 5 1066 1115 944
1975 2 2 1 5 926 1136 1046
1976 2 2 1 5 948 1187 1049
1977 2 2 1 5 959 1130 1114
1978 2 2 1 5 1114 1130 923
1979 2 2 1 5 1240 1256 1003
1980 2 2 1 5 1086 1103 882
1981 2 2 1 5 1125 1135 953
1982 2 2 1 5 867 1135 1125
1983 2 2 1 5 1056 1217 936
1984 2 2 1 5 1063 1216 882
1985 2 2 1 5 886 1241 1033
1986 2 2 1 5 32 1092 31
1987 2 2 1 5 44 1278 1133
1988 2 2 1 5 48 1095 47
1989 2 2 1 5 1010 1138 924
1990 2 2 1 5 47 1120 46
1991 2 2 1 5 1007 1180 1109
1992 2 2 1 5 1033 1241 950
1993 2 2 1 5 1038 1226 951
1994 2 2 1 5 887 1226 1038
1995 2 2 1 5 939 1300 1036
1996 2 2 1 5 930 1197 1110
1997 2 2 1 5 1005 1199 1116
1998 2 2 1 5 984 1173 896
1999 2 2 1 5 1049 1187 146
2000 2 2 1 5 1037 1181 935
2001 2 2 1 5 53 1290 1040
2002 2 2 1 5 1037 1192 878
2003 2 2 1 5 29 1203 1052
2004 2 2 1 5 1109 1180 892
2005 2 2 1 5 1029 1204 944
2006 2 2 1 5 1091 1293 1279
2007 2 2 1 5 1059 1298 876
2008 2 2 1 5 1047 1160 958
2009 2 2 1 5 960 1201 1146
2010 2 2 1 5 1051 1203 30
2011 2 2 1 5 933 1160 1047
2012 2 2 1 5 915 1209 1086
2013 2 2 1 5 1086 1209 962
2014 2 2 1 5 870 1136 1053
2015 2 2 1 5 25 1131 24
2016 2 2 1 5 1038 1177 887
2017 2 2 1 5 1100 1129 926
2018 2 2 1 5 1057 1189 950
2019 2 2 1 5 904 1189 1057
2020 2 2 1 5 1041 1171 866
2021 2 2 1 5 974 1259 1229
2022 2 2 1 5 1034 1216 943
2023 2 2 1 5 935 1192 1037
2024 2 2 1 5 1031 1292 904
2025 2 2 1 5 1036 1210 868
2026 2 2 1 5 941 1149 1048
2027 2 2 1 5 1047 1152 933
2028 2 2 1 5 1205 1208 1025
2029 2 2 1 5 897 1208 1205
2030 2 2 1 5 947 1186 1055
2031 2 2 1 5 874 1160 1101
2032 2 2 1 5 962 1103 1086
2033 2 2 1 5 1146 1201 980
2034 2 2 1 5 1091 1279 914
2035 2 2 1 5 1027 1250 905
2036 2 2 1 5 51 1163 50
2037 2 2 1 5 1042 1262 175
2038 2 2 1 5 1035 1296 1122
2039 2 2 1 5 131 1272 130
2040 2 2 1 5 1043 1243 1164
2041 2 2 1 5 1023 1084 929
2042 2 2 1 5 947 1196 1178
2043 2 2 1 5 1061 1098 954
2044 2 2 1 5 1181 1269 901
2045 2 2 1 5 1037 1269 1181
2046 2 2 1 5 1064 1280 930
2047 2 2 1 5 1101 1158 934
2048 2 2 1 5 1068 1255 909
2049 2 2 1 5 1042 1285 965
2050 2 2 1 5 1069 1183 90
2051 2 2 1 5 1044 1288 963
2052 2 2 1 5 931 1191 991
2053 2 2 1 5 184 1211 183
2054 2 2 1 5 927 1273 1045
2055 2 2 1 5 38 1246 1061
2056 2 2 1 5 930 1280 1083
2057 2 2 1 5 1064 1254 148
2058 2 2 1 5 1049 1254 930
2059 2 2 1 5 933 1283 1158
2060 2 2 1 5 91 1228 1069
2061 2 2 1 5 1231 1283 933
2062 2 2 1 5 956 1200 1046
2063 2 2 1 5 148 1254 147
2064 2 2 1 5 898 1231 1152
2065 2 2 1 5 1081 1238 182
2066 2 2 1 5 896 1173 1093
2067 2 2 1 5 1046 1213 956
2068 2 2 1 5 1116 1199 890
2069 2 2 1 5 1150 1291 973
2070 2 2 1 5 176 1285 175
2071 2 2 1 5 1067 1268 98
2072 2 2 1 5 37 1206 36
2073 2 2 1 5 1081 1301 1238
2074 2 2 1 5 1221 1255 1068
2075 2 2 1 5 1090 1157 27
2076 2 2 1 5 1076 1145 1002
2077 2 2 1 5 938 1120 1095
2078 2 2 1 5 888 1244 1117
2079 2 2 1 5 1002 1176 1095
2080 2 2 1 5 23 1260 3
2081 2 2 1 5 1095 1120 47
2082 2 2 1 5 1040 1294 1096
2083 2 2 1 5 1114 1149 873
2084 2 2 1 5 3 1260 104
2085 2 2 1 5 26 1155 25
2086 2 2 1 5 1085 1218 177
2087 2 2 1 5 954 1206 1061
2088 2 2 1 5 1124 1224 96
2089 2 2 1 5 1109 1209 915
2090 2 2 1 5 973 1209 1109
2091 2 2 1 5 133 1132 132
2092 2 2 1 5 969 1268 1067
2093 2 2 1 5 914 1144 1091
2094 2 2 1 5 1097 1140 912
2095 2 2 1 5 972 1140 1097
2096 2 2 1 5 886 1247 1057
2097 2 2 1 5 930 1254 1064
2098 2 2 1 5 934 1148 1004
2099 2 2 1 5 1106 1249 1036
2100 2 2 1 5 1133 1138 43
2101 2 2 1 5 134 1284 133
2102 2 2 1 5 1076 1163 936
2103 2 2 1 5 34 1175 1084
2104 2 2 1 5 1093 1277 896
2105 2 2 1 5 984 1098 1061
2106 2 2 1 5 879 1217 1056
2107 2 2 1 5 45 1278 44
2108 2 2 1 5 936 1145 1076
2109 2 2 1 5 1082 1202 978
2110 2 2 1 5 8 1252 186
2111 2 2 1 5 93 1146 92
2112 2 2 1 5 1107 1223 1041
2113 2 2 1 5 1029 1297 1204
2114 2 2 1 5 25 1155 1131
2115 2 2 1 5 1057 1235 904
2116 2 2 1 5 1058 1173 984
2117 2 2 1 5 1054 1184 895
2118 2 2 1 5 1059 1300 939
2119 2 2 1 5 101 1191 100
2120 2 2 1 5 130 1252 8
2121 2 2 1 5 908 1300 1059
2122 2 2 1 5 921 1173 1058
2123 2 2 1 5 1132 1250 1027
2124 2 2 1 5 1001 1225 1179
2125 2 2 1 5 1179 1225 952
2126 2 2 1 5 1053 1303 925
2127 2 2 1 5 1004 1257 934
2128 2 2 1 5 27 1157 26
2129 2 2 1 5 911 1239 1050
2130 2 2 1 5 1204 1297 903
2131 2 2 1 5 1091 1144 964
2132 2 2 1 5 1088 1176 899
2133 2 2 1 5 135 1188 134
2134 2 2 1 5 41 1167 40
2135 2 2 1 5 1074 1199 939
2136 2 2 1 5 894 1172 1166
2137 2 2 1 5 1075 1237 94
2138 2 2 1 5 139 1154 138
2139 2 2 1 5 94 1237 93
2140 2 2 1 5 50 1163 1076
2141 2 2 1 5 35 1175 34
2142 2 2 1 5 917 1202 1056
2143 2 2 1 5 1252 1272 997
2144 2 2 1 5 952 1225 1060
2145 2 2 1 5 1060 1225 907
2146 2 2 1 5 1074 1249 918
2147 2 2 1 5 942 1190 1072
2148 2 2 1 5 147 1254 1049
2149 2 2 1 5 1095 1176 938
2150 2 2 1 5 1123 1251 869
2151 2 2 1 5 1055 1232 947
2152 2 2 1 5 1078 1198 143
2153 2 2 1 5 874 1282 1160
2154 2 2 1 5 957 1233 1197
2155 2 2 1 5 36 1206 1165
2156 2 2 1 5 904 1292 1062
2157 2 2 1 5 902 1295 1289
2158 2 2 1 5 938 1248 1087
2159 2 2 1 5 1071 1223 920
2160 2 2 1 5 902 1289 1178
2161 2 2 1 5 1061 1206 37
2162 2 2 1 5 1131 1287 24
2163 2 2 1 5 881 1099 1054
2164 2 2 1 5 1052 1203 966
2165 2 2 1 5 1088 1248 938
2166 2 2 1 5 1117 1293 888
2167 2 2 1 5 966 1203 1051
2168 2 2 1 5 1251 1258 869
2169 2 2 1 5 26 1157 1155
2170 2 2 1 5 1165 1275 986
2171 2 2 1 5 87 1280 1064
2172 2 2 1 5 950 1241 1057
2173 2 2 1 5 943 1216 1063
2174 2 2 1 5 137 1169 136
2175 2 2 1 5 1085 1279 1218
2176 2 2 1 5 1201 1304 889
2177 2 2 1 5 1057 1241 886
2178 2 2 1 5 1072 1190 878
2179 2 2 1 5 1006 1282 874
2180 2 2 1 5 88 1280 87
2181 2 2 1 5 945 1220 1079
2182 2 2 1 5 944 1204 1066
2183 2 2 1 5 1132 1284 944
2184 2 2 1 5 939 1298 1059
2185 2 2 1 5 938 1176 1088
2186 2 2 1 5 90 1183 89
2187 2 2 1 5 949 1198 1078
2188 2 2 1 5 1146 1228 92
2189 2 2 1 5 30 1203 29
2190 2 2 1 5 954 1275 1165
2191 2 2 1 5 1133 1278 992
2192 2 2 1 5 1060 1224 952
2193 2 2 1 5 1061 1246 984
2194 2 2 1 5 890 1199 1074
2195 2 2 1 5 1087 1208 983
2196 2 2 1 5 894 1193 1172
2197 2 2 1 5 945 1222 1112
2198 2 2 1 5 1062 1292 948
2199 2 2 1 5 933 1158 1101
2200 2 2 1 5 1080 1302 971
2201 2 2 1 5 915 1302 1080
2202 2 2 1 5 146 1187 145
2203 2 2 1 5 918 1249 1106
2204 2 2 1 5 966 1166 1052
2205 2 2 1 5 175 1262 174
2206 2 2 1 5 1199 1298 939
2207 2 2 1 5 1101 1160 933
2208 2 2 1 5 944 1250 1132
2209 2 2 1 5 980 1228 1146
2210 2 2 1 5 1051 1162 966
2211 2 2 1 5 942 1223 1071
2212 2 2 1 5 1236 1303 1053
2213 2 2 1 5 961 1303 1236
2214 2 2 1 5 1201 1239 980
2215 2 2 1 5 1171 1215 955
2216 2 2 1 5 143 1198 142
2217 2 2 1 5 185 1270 1073
2218 2 2 1 5 1068 1253 872
2219 2 2 1 5 1073 1270 997
2220 2 2 1 5 177 1218 176
2221 2 2 1 5 920 1223 1107
2222 2 2 1 5 171 1290 2
2223 2 2 1 5 872 1221 1068
2224 2 2 1 5 1079 1220 885
2225 2 2 1 5 1001 1242 1142
2226 2 2 1 5 1142 1242 875
2227 2 2 1 5 183 1211 1081
2228 2 2 1 5 148 1299 1064
2229 2 2 1 5 971 1302 1286
2230 2 2 1 5 924 1138 1133
2231 2 2 1 5 1113 1274 140
2232 2 2 1 5 2 1290 53
2233 2 2 1 5 139 1274 1154
2234 2 2 1 5 1154 1276 138
2235 2 2 1 5 1243 1257 1004
2236 2 2 1 5 935 1181 1118
2237 2 2 1 5 1071 1259 891
2238 2 2 1 5 931 1253 1068
2239 2 2 1 5 1097 1304 972
2240 2 2 1 5 889 1304 1097
2241 2 2 1 5 1279 1293 965
2242 2 2 1 5 1238 1301 968
2243 2 2 1 5 970 1205 1123
2244 2 2 1 5 939 1249 1074
2245 2 2 1 5 1079 1233 911
2246 2 2 1 5 182 1238 181
2247 2 2 1 5 905 1250 1115
2248 2 2 1 5 1064 1299 87
2249 2 2 1 5 951 1219 1089
2250 2 2 1 5 1089 1219 871
2251 2 2 1 5 92 1228 91
2252 2 2 1 5 39 1246 38
2253 2 2 1 5 1169 1263 136
2254 2 2 1 5 998 1276 1154
2255 2 2 1 5 137 1276 1169
2256 2 2 1 5 918 1281 1074
2257 2 2 1 5 960 1237 1075
2258 2 2 1 5 1005 1298 1199
2259 2 2 1 5 1098 1164 954
2260 2 2 1 5 1110 1197 885
2261 2 2 1 5 186 1270 185
2262 2 2 1 5 1129 1236 926
2263 2 2 1 5 961 1236 1129
2264 2 2 1 5 87 1299 6
2265 2 2 1 5 1078 1235 949
2266 2 2 1 5 172 1294 171
2267 2 2 1 5 1154 1274 999
2268 2 2 1 5 1115 1250 944
2269 2 2 1 5 1179 1207 893
2270 2 2 1 5 98 1268 97
2271 2 2 1 5 1087 1248 880
2272 2 2 1 5 97 1268 1124
2273 2 2 1 5 24 1287 23
2274 2 2 1 5 1166 1172 916
2275 2 2 1 5 174 1262 1119
2276 2 2 1 5 136 1263 135
2277 2 2 1 5 140 1274 139
2278 2 2 1 5 1083 1280 88
2279 2 2 1 5 919 1301 1081
2280 2 2 1 5 138 1276 137
2281 2 2 1 5 1096 1294 172
2282 2 2 1 5 1141 1214 975
2283 2 2 1 5 1124 1207 952
2284 2 2 1 5 969 1207 1124
2285 2 2 1 5 914 1279 1085
2286 2 2 1 5 1006 1277 1093
2287 2 2 1 5 1086 1302 915
2288 2 2 1 5 1101 1257 874
2289 2 2 1 5 6 1299 148
2290 2 2 1 5 1124 1268 969
2291 2 2 1 5 1214 1227 975
2292 2 2 1 5 1112 1222 871
2293 2 2 1 5 986 1275 1184
2294 2 2 1 5 1133 1266 924
2295 2 2 1 5 934 1257 1101
2296 2 2 1 5 956 1244 1200
2297 2 2 1 5 952 1224 1124
2298 2 2 1 5 1155 1157 985
2299 2 2 1 5 875 1242 1151
2300 2 2 1 5 1151 1242 967
2301 2 2 1 5 888 1293 1091
2302 2 2 1 5 1137 1213 870
2303 2 2 1 5 956 1213 1137
2304 2 2 1 5 1136 1236 1053
2305 2 2 1 5 990 1229 1153
2306 2 2 1 5 1153 1229 920
2307 2 2 1 5 1136 1213 1046
2308 2 2 1 5 1108 1245 922
2309 2 2 1 5 926 1236 1136
2310 2 2 1 5 1146 1237 960
2311 2 2 1 5 1108 1247 886
2312 2 2 1 5 926 1267 1100
2313 2 2 1 5 1172 1193 982
2314 2 2 1 5 870 1213 1136
2315 2 2 1 5 890 1296 1116
2316 2 2 1 5 1116 1296 968
2317 2 2 1 5 1126 1226 887
2318 2 2 1 5 1102 1303 961
2319 2 2 1 5 925 1303 1102
2320 2 2 1 5 1116 1301 919
2321 2 2 1 5 968 1301 1116
2322 2 2 1 5 1114 1261 959
2323 2 2 1 5 873 1261 1114
2324 2 2 1 5 906 1214 1141
2325 2 2 1 5 135 1263 1188
2326 2 2 1 5 1164 1275 954
2327 2 2 1 5 1170 1251 940
2328 2 2 1 5 974 1251 1170
2329 2 2 1 5 1129 1269 961
2330 2 2 1 5 901 1269 1129
2331 2 2 1 5 967 1227 1214
2332 2 2 1 5 93 1237 1146
2333 2 2 1 5 1218 1279 965
2334 2 2 1 5 992 1278 1105
2335 2 2 1 5 940 1251 1123
2336 2 2 1 5 1105 1278 45
2337 2 2 1 5 868 1291 1118
2338 2 2 1 5 1188 1263 993
2339 2 2 1 5 953 1255 1221
2340 2 2 1 5 1168 1212 985
2341 2 2 1 5 1165 1206 954
2342 2 2 1 5 974 1258 1251
2343 2 2 1 5 952 1207 1179
2344 2 2 1 5 1122 1296 890
2345 2 2 1 5 1152 1231 933
2346 2 2 1 5 1216 1286 882
2347 2 2 1 5 1034 1286 1216
2348 2 2 1 5 1143 1265 883
2349 2 2 1 5 924 1265 1143
2350 2 2 1 5 1160 1282 958
2351 2 2 1 5 1210 1234 868
2352 2 2 1 5 171 1294 1290
2353 2 2 1 5 1290 1294 1040
2354 2 2 1 5 947 1232 1196
2355 2 2 1 5 1196 1232 1000
2356 2 2 1 5 133 1284 1132
2357 2 2 1 5 999 1271 1154
2358 2 2 1 5 1184 1275 895
2359 2 2 1 5 1170 1259 974
2360 2 2 1 5 891 1259 1170
2361 2 2 1 5 1154 1271 998
2362 2 2 1 5 973 1234 1209
2363 2 2 1 5 1209 1234 962
2364 2 2 1 5 1158 1283 867
2365 2 2 1 5 963 1288 1161
2366 2 2 1 5 1229 1258 974
2367 2 2 1 5 990 1258 1229
2368 2 2 1 5 1161 1288 937
2369 2 2 1 5 965 1285 1218
2370 2 2 1 5 972 1304 1159
2371 2 2 1 5 992 1266 1133
2372 2 2 1 5 1200 1244 888
2373 2 2 1 5 962 1234 1210
2374 2 2 1 5 1289 1295 977
2375 2 2 1 5 1194 1264 1030
2376 2 2 1 5 919 1264 1194
2377 2 2 1 5 895 1275 1164
2378 2 2 1 5 1178 1289 947
2379 2 2 1 5 976 1281 1182
2380 2 2 1 5 1182 1281 918
2381 2 2 1 5 1234 1291 868
2382 2 2 1 5 1252 1270 186
2383 2 2 1 5 997 1270 1252
2384 2 2 1 5 23 1287 1260
2385 2 2 1 5 1128 1253 931
2386 2 2 1 5 947 1289 1186
2387 2 2 1 5 1186 1289 977
2388 2 2 1 5 1188 1297 1029
2389 2 2 1 5 924 1266 1265
2390 2 2 1 5 1212 1256 946
2391 2 2 1 5 884 1212 1168
2392 2 2 1 5 993 1297 1188
2393 2 2 1 5 1218 1285 176
2394 2 2 1 5 988 1283 1231
2395 2 2 1 5 884 1256 1212
2396 2 2 1 5 973 1291 1234
2397 2 2 1 5 1260 1287 1015
2398 2 2 1 5 1265 1266 1026
2399 2 2 2 6 1308 1400 1357
2400 2 2 2 6 1357 1400 1324
2401 2 2 2 6 1325 1401 1358
2402 2 2 2 6 1358 1401 1310
2403 2 2 2 6 1382 1386 280
2404 2 2 2 6 257 1385 1384
2405 2 2 2 6 1381 1387 254
2406 2 2 2 6 283 1388 1383
2407 2 2 2 6 1306 1468 1355
2408 2 2 2 6 1313 1360 1353
2409 2 2 2 6 1312 1361 1352
2410 2 2 2 6 1439 1449 1360
2411 2 2 2 6 1441 1450 1361
2412 2 2 2 6 1323 1379 1350
2413 2 2 2 6 1349 1378 1322
2414 2 2 2 6 1322 1378 1348
2415 2 2 2 6 1308 1417 1404
2416 2 2 2 6 1355 1411 1315
2417 2 2 2 6 1354 1410 1314
2418 2 2 2 6 1313 1439 1360
2419 2 2 2 6 1312 1441 1361
2420 2 2 2 6 1359 1468 1306
2421 2 2 2 6 1314 1368 1354
2422 2 2 2 6 1315 1369 1355
2423 2 2 2 6 1354 1399 1319
2424 2 2 2 6 1357 1417 1308
2425 2 2 2 6 1358 1416 1319
2426 2 2 2 6 1356 1413 1320
2427 2 2 2 6 1353 1413 1305
2428 2 2 2 6 1379 1470 1351
2429 2 2 2 6 1305 1424 1353
2430 2 2 2 6 1374 1429 1347
2431 2 2 2 6 1306 1412 1359
2432 2 2 2 6 1359 1412 1324
2433 2 2 2 6 1316 1429 1374
2434 2 2 2 6 257 1384 258
2435 2 2 2 6 279 1382 280
2436 2 2 2 6 253 1381 254
2437 2 2 2 6 283 1383 284
2438 2 2 2 6 1319 1399 1358
2439 2 2 2 6 1375 1422 1317
2440 2 2 2 6 1317 1423 1375
2441 2 2 2 6 1320 1413 1360
2442 2 2 2 6 1374 1428 1316
2443 2 2 2 6 1346 1428 1374
2444 2 2 2 6 1353 1402 1313
2445 2 2 2 6 1352 1403 1312
2446 2 2 2 6 1344 1422 1375
2447 2 2 2 6 1375 1423 1345
2448 2 2 2 6 1319 1410 1354
2449 2 2 2 6 1355 1425 1306
2450 2 2 2 6 1354 1424 1305
2451 2 2 2 6 1305 1399 1354
2452 2 2 2 6 1411 1442 1315
2453 2 2 2 6 1410 1440 1314
2454 2 2 2 6 1323 1470 1379
2455 2 2 2 6 1322 1469 1349
2456 2 2 2 6 1351 1470 1315
2457 2 2 2 6 1330 1386 1382
2458 2 2 2 6 1384 1385 1328
2459 2 2 2 6 1329 1387 1381
2460 2 2 2 6 1383 1388 1331
2461 2 2 2 6 1366 1410 1319
2462 2 2 2 6 1342 1410 1366
2463 2 2 2 6 1340 1411 1367
2464 2 2 2 6 1367 1411 1321
2465 2 2 2 6 1357 1380 1318
2466 2 2 2 6 260 1365 261
2467 2 2 2 6 286 1364 287
2468 2 2 2 6 276 1367 277
2469 2 2 2 6 250 1366 251
2470 2 2 2 6 1315 1433 1351
2471 2 2 2 6 1320 1377 1356
2472 2 2 2 6 1359 1376 1321
2473 2 2 2 6 1416 1456 1319
2474 2 2 2 6 1404 1417 1336
2475 2 2 2 6 1350 1403 1323
2476 2 2 2 6 1348 1402 1322
2477 2 2 2 6 1343 1449 1439
2478 2 2 2 6 1341 1450 1441
2479 2 2 2 6 1321 1468 1359
2480 2 2 2 6 1325 1430 1356
2481 2 2 2 6 1356 1430 1305
2482 2 2 2 6 1379 1451 1350
2483 2 2 2 6 1351 1452 1379
2484 2 2 2 6 1378 1454 1348
2485 2 2 2 6 1349 1453 1378
2486 2 2 2 6 1318 1380 1361
2487 2 2 2 6 1365 1461 261
2488 2 2 2 6 1364 1462 287
2489 2 2 2 6 276 1460 1367
2490 2 2 2 6 250 1463 1366
2491 2 2 2 6 1335 1442 1370
2492 2 2 2 6 1334 1440 1372
2493 2 2 2 6 1373 1439 1333
2494 2 2 2 6 1371 1441 1332
2495 2 2 2 6 281 1363 282
2496 2 2 2 6 255 1362 256
2497 2 2 2 6 1360 1413 1353
2498 2 2 2 6 1348 1435 1402
2499 2 2 2 6 1350 1436 1403
2500 2 2 2 6 1433 1442 1335
2501 2 2 2 6 1434 1440 1334
2502 2 2 2 6 1333 1439 1435
2503 2 2 2 6 1332 1441 1436
2504 2 2 2 6 1309 1405 1376
2505 2 2 2 6 1338 1407 1377
2506 2 2 2 6 1376 1405 1339
2507 2 2 2 6 1377 1407 1311
2508 2 2 2 6 1358 1430 1325
2509 2 2 2 6 1402 1435 1313
2510 2 2 2 6 1403 1436 1312
2511 2 2 2 6 1356 1415 1325
2512 2 2 2 6 1324 1414 1359
2513 2 2 2 6 1324 1412 1357
2514 2 2 2 6 1318 1417 1357
2515 2 2 2 6 1310 1416 1358
2516 2 2 2 6 1305 1413 1356
2517 2 2 2 6 1426 1458 1326
2518 2 2 2 6 14 1418 265
2519 2 2 2 6 16 1419 299
2520 2 2 2 6 292 1420 13
2521 2 2 2 6 272 1421 15
2522 2 2 2 6 264 1418 14
2523 2 2 2 6 290 1419 16
2524 2 2 2 6 13 1420 247
2525 2 2 2 6 15 1421 273
2526 2 2 2 6 1389 1451 267
2527 2 2 2 6 1390 1454 297
2528 2 2 2 6 294 1453 1391
2529 2 2 2 6 270 1452 1392
2530 2 2 2 6 274 1370 275
2531 2 2 2 6 248 1372 249
2532 2 2 2 6 288 1373 289
2533 2 2 2 6 262 1371 263
2534 2 2 2 6 1341 1461 1365
2535 2 2 2 6 1366 1463 1342
2536 2 2 2 6 1343 1462 1364
2537 2 2 2 6 1367 1460 1340
2538 2 2 2 6 266 1389 267
2539 2 2 2 6 298 1390 297
2540 2 2 2 6 294 1391 293
2541 2 2 2 6 270 1392 271
2542 2 2 2 6 1315 1470 1369
2543 2 2 2 6 1368 1469 1322
2544 2 2 2 6 1342 1440 1410
2545 2 2 2 6 1340 1442 1411
2546 2 2 2 6 286 1395 1364
2547 2 2 2 6 260 1398 1365
2548 2 2 2 6 1367 1396 277
2549 2 2 2 6 1366 1397 251
2550 2 2 2 6 281 1386 1363
2551 2 2 2 6 1362 1385 256
2552 2 2 2 6 1363 1388 282
2553 2 2 2 6 255 1387 1362
2554 2 2 2 6 1347 1408 1374
2555 2 2 2 6 1345 1458 1426
2556 2 2 2 6 1374 1408 1307
2557 2 2 2 6 1369 1425 1355
2558 2 2 2 6 1368 1424 1354
2559 2 2 2 6 1361 1471 1352
2560 2 2 2 6 296 1378 295
2561 2 2 2 6 268 1379 269
2562 2 2 2 6 1326 1447 1409
2563 2 2 2 6 1365 1450 1341
2564 2 2 2 6 1318 1450 1365
2565 2 2 2 6 1364 1449 1343
2566 2 2 2 6 1320 1449 1364
2567 2 2 2 6 1360 1449 1320
2568 2 2 2 6 1361 1450 1318
2569 2 2 2 6 1307 1409 1374
2570 2 2 2 6 1374 1409 1346
2571 2 2 2 6 1431 1459 1311
2572 2 2 2 6 1350 1451 1389
2573 2 2 2 6 1348 1454 1390
2574 2 2 2 6 1391 1453 1349
2575 2 2 2 6 1392 1452 1351
2576 2 2 2 6 285 1395 286
2577 2 2 2 6 259 1398 260
2578 2 2 2 6 251 1397 252
2579 2 2 2 6 277 1396 278
2580 2 2 2 6 1320 1455 1377
2581 2 2 2 6 1376 1457 1321
2582 2 2 2 6 1364 1455 1320
2583 2 2 2 6 1319 1456 1366
2584 2 2 2 6 1321 1457 1367
2585 2 2 2 6 1409 1447 1346
2586 2 2 2 6 1375 1427 1344
2587 2 2 2 6 1307 1427 1375
2588 2 2 2 6 1345 1426 1375
2589 2 2 2 6 1375 1426 1307
2590 2 2 2 6 1370 1460 275
2591 2 2 2 6 262 1461 1371
2592 2 2 2 6 288 1462 1373
2593 2 2 2 6 1372 1463 249
2594 2 2 2 6 1310 1448 1438
2595 2 2 2 6 256 1385 257
2596 2 2 2 6 280 1386 281
2597 2 2 2 6 282 1388 283
2598 2 2 2 6 254 1387 255
2599 2 2 2 6 1322 1482 1368
2600 2 2 2 6 1365 1474 1318
2601 2 2 2 6 1342 1463 1372
2602 2 2 2 6 1340 1460 1370
2603 2 2 2 6 1373 1462 1343
2604 2 2 2 6 1371 1461 1341
2605 2 2 2 6 1317 1472 1363
2606 2 2 2 6 1363 1473 1317
2607 2 2 2 6 1362 1480 1316
2608 2 2 2 6 1316 1479 1362
2609 2 2 2 6 1377 1455 1338
2610 2 2 2 6 1339 1457 1376
2611 2 2 2 6 1314 1469 1368
2612 2 2 2 6 1393 1401 1325
2613 2 2 2 6 1327 1401 1393
2614 2 2 2 6 1394 1400 1326
2615 2 2 2 6 1324 1400 1394
2616 2 2 2 6 1370 1465 1335
2617 2 2 2 6 1372 1467 1334
2618 2 2 2 6 1333 1466 1373
2619 2 2 2 6 1332 1464 1371
2620 2 2 2 6 1399 1430 1358
2621 2 2 2 6 1384 1404 1336
2622 2 2 2 6 1337 1406 1381
2623 2 2 2 6 1382 1405 1330
2624 2 2 2 6 1339 1405 1382
2625 2 2 2 6 1328 1404 1384
2626 2 2 2 6 1331 1407 1383
2627 2 2 2 6 1381 1406 1329
2628 2 2 2 6 1383 1407 1338
2629 2 2 2 6 1376 1414 1309
2630 2 2 2 6 1311 1415 1377
2631 2 2 2 6 1359 1414 1376
2632 2 2 2 6 1377 1415 1356
2633 2 2 2 6 1357 1412 1380
2634 2 2 2 6 1311 1459 1393
2635 2 2 2 6 1326 1458 1394
2636 2 2 2 6 1378 1453 295
2637 2 2 2 6 296 1454 1378
2638 2 2 2 6 1379 1452 269
2639 2 2 2 6 268 1451 1379
2640 2 2 2 6 1380 1412 1306
2641 2 2 2 6 1344 1459 1431
2642 2 2 2 6 274 1465 1370
2643 2 2 2 6 248 1467 1372
2644 2 2 2 6 1373 1466 289
2645 2 2 2 6 1371 1464 263
2646 2 2 2 6 1380 1471 1361
2647 2 2 2 6 252 1444 253
2648 2 2 2 6 258 1446 259
2649 2 2 2 6 284 1443 285
2650 2 2 2 6 278 1445 279
2651 2 2 2 6 279 1445 1382
2652 2 2 2 6 253 1444 1381
2653 2 2 2 6 1384 1446 258
2654 2 2 2 6 1383 1443 284
2655 2 2 2 6 1337 1456 1416
2656 2 2 2 6 1349 1469 1434
2657 2 2 2 6 1325 1415 1393
2658 2 2 2 6 1394 1414 1324
2659 2 2 2 6 1438 1448 1347
2660 2 2 2 6 1409 1426 1326
2661 2 2 2 6 1327 1427 1408
2662 2 2 2 6 1327 1459 1427
2663 2 2 2 6 1315 1442 1433
2664 2 2 2 6 1314 1440 1434
2665 2 2 2 6 1436 1441 1312
2666 2 2 2 6 1435 1439 1313
2667 2 2 2 6 263 1464 264
2668 2 2 2 6 289 1466 290
2669 2 2 2 6 247 1467 248
2670 2 2 2 6 273 1465 274
2671 2 2 2 6 1372 1440 1342
2672 2 2 2 6 1370 1442 1340
2673 2 2 2 6 1343 1439 1373
2674 2 2 2 6 1341 1441 1371
2675 2 2 2 6 1351 1433 1392
2676 2 2 2 6 1389 1436 1350
2677 2 2 2 6 1349 1434 1391
2678 2 2 2 6 1390 1435 1348
2679 2 2 2 6 1406 1416 1310
2680 2 2 2 6 1337 1416 1406
2681 2 2 2 6 1347 1448 1408
2682 2 2 2 6 1408 1448 1327
2683 2 2 2 6 1393 1415 1311
2684 2 2 2 6 1309 1414 1394
2685 2 2 2 6 1355 1468 1411
2686 2 2 2 6 1411 1468 1321
2687 2 2 2 6 1395 1455 1364
2688 2 2 2 6 1366 1456 1397
2689 2 2 2 6 1367 1457 1396
2690 2 2 2 6 1403 1481 1323
2691 2 2 2 6 1402 1482 1322
2692 2 2 2 6 1400 1447 1326
2693 2 2 2 6 1401 1448 1310
2694 2 2 2 6 265 1477 266
2695 2 2 2 6 293 1475 292
2696 2 2 2 6 299 1476 298
2697 2 2 2 6 271 1478 272
2698 2 2 2 6 1352 1481 1403
2699 2 2 2 6 1353 1482 1402
2700 2 2 2 6 1434 1469 1314
2701 2 2 2 6 1306 1471 1380
2702 2 2 2 6 1437 1447 1308
2703 2 2 2 6 1331 1431 1407
2704 2 2 2 6 1405 1432 1330
2705 2 2 2 6 1310 1438 1406
2706 2 2 2 6 1404 1437 1308
2707 2 2 2 6 1305 1430 1399
2708 2 2 2 6 1427 1459 1344
2709 2 2 2 6 1307 1426 1409
2710 2 2 2 6 1408 1427 1307
2711 2 2 2 6 287 1462 288
2712 2 2 2 6 249 1463 250
2713 2 2 2 6 261 1461 262
2714 2 2 2 6 275 1460 276
2715 2 2 2 6 1323 1481 1470
2716 2 2 2 6 1470 1481 1369
2717 2 2 2 6 1336 1446 1384
2718 2 2 2 6 1381 1444 1337
2719 2 2 2 6 1382 1445 1339
2720 2 2 2 6 1338 1443 1383
2721 2 2 2 6 267 1451 268
2722 2 2 2 6 295 1453 294
2723 2 2 2 6 297 1454 296
2724 2 2 2 6 269 1452 270
2725 2 2 2 6 1309 1432 1405
2726 2 2 2 6 1407 1431 1311
2727 2 2 2 6 1392 1433 1335
2728 2 2 2 6 1391 1434 1334
2729 2 2 2 6 1333 1435 1390
2730 2 2 2 6 1332 1436 1389
2731 2 2 2 6 1388 1472 1331
2732 2 2 2 6 1330 1473 1386
2733 2 2 2 6 1422 1431 1331
2734 2 2 2 6 1330 1432 1423
2735 2 2 2 6 1385 1479 1328
2736 2 2 2 6 1329 1480 1387
2737 2 2 2 6 1336 1474 1398
2738 2 2 2 6 1363 1472 1388
2739 2 2 2 6 1386 1473 1363
2740 2 2 2 6 1398 1474 1365
2741 2 2 2 6 285 1443 1395
2742 2 2 2 6 259 1446 1398
2743 2 2 2 6 1396 1445 278
2744 2 2 2 6 1397 1444 252
2745 2 2 2 6 264 1464 1418
2746 2 2 2 6 290 1466 1419
2747 2 2 2 6 1420 1467 247
2748 2 2 2 6 1421 1465 273
2749 2 2 2 6 1394 1458 1309
2750 2 2 2 6 1393 1459 1327
2751 2 2 2 6 1362 1479 1385
2752 2 2 2 6 1387 1480 1362
2753 2 2 2 6 1346 1447 1437
2754 2 2 2 6 1352 1471 1425
2755 2 2 2 6 1425 1471 1306
2756 2 2 2 6 1308 1447 1400
2757 2 2 2 6 1327 1448 1401
2758 2 2 2 6 1328 1437 1404
2759 2 2 2 6 1406 1438 1329
2760 2 2 2 6 1344 1431 1422
2761 2 2 2 6 1423 1432 1345
2762 2 2 2 6 1395 1443 1338
2763 2 2 2 6 1337 1444 1397
2764 2 2 2 6 1398 1446 1336
2765 2 2 2 6 1339 1445 1396
2766 2 2 2 6 266 1477 1389
2767 2 2 2 6 298 1476 1390
2768 2 2 2 6 1391 1475 293
2769 2 2 2 6 1392 1478 271
2770 2 2 2 6 1396 1457 1339
2771 2 2 2 6 1397 1456 1337
2772 2 2 2 6 1338 1455 1395
2773 2 2 2 6 1331 1472 1422
2774 2 2 2 6 1423 1473 1330
2775 2 2 2 6 1389 1477 1332
2776 2 2 2 6 1390 1476 1333
2777 2 2 2 6 1334 1475 1391
2778 2 2 2 6 1335 1478 1392
2779 2 2 2 6 1417 1474 1336
2780 2 2 2 6 1422 1472 1317
2781 2 2 2 6 1317 1473 1423
2782 2 2 2 6 1328 1479 1428
2783 2 2 2 6 1429 1480 1329
2784 2 2 2 6 1368 1482 1424
2785 2 2 2 6 1424 1482 1353
2786 2 2 2 6 1369 1481 1425
2787 2 2 2 6 1425 1481 1352
2788 2 2 2 6 1316 1480 1429
2789 2 2 2 6 1428 1479 1316
2790 2 2 2 6 1309 1458 1432
2791 2 2 2 6 1428 1437 1328
2792 2 2 2 6 1346 1437 1428
2793 2 2 2 6 1429 1438 1347
2794 2 2 2 6 1329 1438 1429
2795 2 2 2 6 1418 1477 265
2796 2 2 2 6 1419 1476 299
2797 2 2 2 6 292 1475 1420
2798 2 2 2 6 272 1478 1421
2799 2 2 2 6 1432 1458 1345
2800 2 2 2 6 1318 1474 1417
2801 2 2 2 6 1332 1477 1418
2802 2 2 2 6 1333 1476 1419
2803 2 2 2 6 1420 1475 1334
2804 2 2 2 6 1421 1478 1335
2805 2 2 2 6 1418 1464 1332
2806 2 2 2 6 1419 1466 1333
2807 2 2 2 6 1334 1467 1420
2808 2 2 2 6 1335 1465 1421
2809 2 2 3 7 1544 1585 1517
2810 2 2 3 7 1516 1584 1545
2811 2 2 3 7 1533 1594 1510
2812 2 2 3 7 1511 1595 1532
2813 2 2 3 7 1497 1576 1536
2814 2 2 3 7 1515 1631 1551
2815 2 2 3 7 1510 1599 1533
2816 2 2 3 7 1532 1600 1511
2817 2 2 3 7 1537 1657 1496
2818 2 2 3 7 224 1542 225
2819 2 2 3 7 195 1543 196
2820 2 2 3 7 1552 1575 1507
2821 2 2 3 7 1488 1575 1552
2822 2 2 3 7 1507 1603 1552
2823 2 2 3 7 1588 1624 1496
2824 2 2 3 7 1531 1624 1588
2825 2 2 3 7 1603 1631 1552
2826 2 2 3 7 1493 1691 1647
2827 2 2 3 7 1553 1565 1485
2828 2 2 3 7 1486 1564 1554
2829 2 2 3 7 1572 1687 305
2830 2 2 3 7 1590 1649 1533
2831 2 2 3 7 1532 1650 1591
2832 2 2 3 7 1536 1656 1497
2833 2 2 3 7 1548 1568 1499
2834 2 2 3 7 1514 1568 1548
2835 2 2 3 7 1498 1567 1547
2836 2 2 3 7 1547 1567 1513
2837 2 2 3 7 222 1562 223
2838 2 2 3 7 197 1563 198
2839 2 2 3 7 1502 1649 1590
2840 2 2 3 7 1591 1650 1503
2841 2 2 3 7 306 1572 305
2842 2 2 3 7 211 1686 1537
2843 2 2 3 7 1631 1648 1551
2844 2 2 3 7 1545 1616 302
2845 2 2 3 7 1495 1645 1541
2846 2 2 3 7 1541 1645 1522
2847 2 2 3 7 1617 1671 308
2848 2 2 3 7 1511 1643 1560
2849 2 2 3 7 1596 1691 1493
2850 2 2 3 7 1516 1614 1538
2851 2 2 3 7 1496 1635 1537
2852 2 2 3 7 1554 1564 1500
2853 2 2 3 7 1501 1565 1553
2854 2 2 3 7 1537 1601 211
2855 2 2 3 7 1495 1637 1538
2856 2 2 3 7 1538 1637 1516
2857 2 2 3 7 1675 1680 1520
2858 2 2 3 7 1548 1623 213
2859 2 2 3 7 207 1622 1547
2860 2 2 3 7 1607 1643 1511
2861 2 2 3 7 1540 1676 1512
2862 2 2 3 7 1543 1695 1501
2863 2 2 3 7 1500 1694 1542
2864 2 2 3 7 1535 1646 1579
2865 2 2 3 7 1579 1646 1486
2866 2 2 3 7 222 1659 1562
2867 2 2 3 7 1563 1658 198
2868 2 2 3 7 1558 1657 1537
2869 2 2 3 7 1537 1635 1514
2870 2 2 3 7 1513 1629 1547
2871 2 2 3 7 1544 1671 1617
2872 2 2 3 7 1520 1680 1559
2873 2 2 3 7 1547 1674 207
2874 2 2 3 7 1517 1634 1544
2875 2 2 3 7 1512 1625 1540
2876 2 2 3 7 1551 1598 1483
2877 2 2 3 7 1514 1601 1537
2878 2 2 3 7 1545 1584 1502
2879 2 2 3 7 1503 1585 1544
2880 2 2 3 7 193 1571 194
2881 2 2 3 7 226 1570 227
2882 2 2 3 7 1499 1583 1550
2883 2 2 3 7 1549 1582 1498
2884 2 2 3 7 1501 1695 1565
2885 2 2 3 7 1564 1694 1500
2886 2 2 3 7 1504 1579 1555
2887 2 2 3 7 1555 1579 1486
2888 2 2 3 7 1538 1655 1495
2889 2 2 3 7 1484 1573 1569
2890 2 2 3 7 1569 1573 1512
2891 2 2 3 7 1538 1687 1572
2892 2 2 3 7 210 1686 211
2893 2 2 3 7 1554 1615 1486
2894 2 2 3 7 1520 1615 1554
2895 2 2 3 7 1522 1682 1541
2896 2 2 3 7 1483 1598 1559
2897 2 2 3 7 1647 1691 1535
2898 2 2 3 7 1541 1609 1489
2899 2 2 3 7 1509 1602 1546
2900 2 2 3 7 1546 1602 1487
2901 2 2 3 7 1526 1603 1577
2902 2 2 3 7 1577 1603 1507
2903 2 2 3 7 1516 1636 1584
2904 2 2 3 7 1561 1594 1489
2905 2 2 3 7 1490 1595 1560
2906 2 2 3 7 1560 1595 1511
2907 2 2 3 7 1510 1594 1561
2908 2 2 3 7 1586 1613 1522
2909 2 2 3 7 1484 1613 1586
2910 2 2 3 7 1585 1639 1517
2911 2 2 3 7 1545 1666 1516
2912 2 2 3 7 1499 1623 1548
2913 2 2 3 7 1547 1622 1498
2914 2 2 3 7 1542 1633 1500
2915 2 2 3 7 1501 1632 1543
2916 2 2 3 7 1525 1592 1562
2917 2 2 3 7 1563 1593 1526
2918 2 2 3 7 302 1616 301
2919 2 2 3 7 309 1617 308
2920 2 2 3 7 1555 1653 1497
2921 2 2 3 7 1489 1636 1541
2922 2 2 3 7 1541 1637 1495
2923 2 2 3 7 1521 1598 1551
2924 2 2 3 7 193 1670 1571
2925 2 2 3 7 1570 1669 227
2926 2 2 3 7 1523 1620 1602
2927 2 2 3 7 1560 1643 1519
2928 2 2 3 7 1557 1591 1503
2929 2 2 3 7 1502 1590 1556
2930 2 2 3 7 1489 1609 1561
2931 2 2 3 7 1561 1609 1518
2932 2 2 3 7 1551 1648 1521
2933 2 2 3 7 1497 1656 1555
2934 2 2 3 7 1548 1665 1514
2935 2 2 3 7 1502 1616 1545
2936 2 2 3 7 1544 1617 1503
2937 2 2 3 7 1551 1668 1515
2938 2 2 3 7 1550 1623 1499
2939 2 2 3 7 1498 1622 1549
2940 2 2 3 7 1515 1621 1552
2941 2 2 3 7 1552 1621 1488
2942 2 2 3 7 228 1581 229
2943 2 2 3 7 191 1580 192
2944 2 2 3 7 1546 1624 1509
2945 2 2 3 7 1629 1674 1547
2946 2 2 3 7 302 1666 1545
2947 2 2 3 7 1542 1626 225
2948 2 2 3 7 195 1627 1543
2949 2 2 3 7 202 1582 203
2950 2 2 3 7 217 1583 218
2951 2 2 3 7 1581 1600 229
2952 2 2 3 7 191 1599 1580
2953 2 2 3 7 220 1578 221
2954 2 2 3 7 199 1577 200
2955 2 2 3 7 1489 1649 1584
2956 2 2 3 7 1585 1650 1490
2957 2 2 3 7 224 1633 1542
2958 2 2 3 7 1543 1632 196
2959 2 2 3 7 206 1622 207
2960 2 2 3 7 213 1623 214
2961 2 2 3 7 1573 1638 1504
2962 2 2 3 7 1625 1662 1540
2963 2 2 3 7 1496 1624 1546
2964 2 2 3 7 1483 1587 1566
2965 2 2 3 7 1566 1587 1509
2966 2 2 3 7 1594 1649 1489
2967 2 2 3 7 1490 1650 1595
2968 2 2 3 7 1559 1677 1497
2969 2 2 3 7 1562 1659 1525
2970 2 2 3 7 1526 1658 1563
2971 2 2 3 7 1487 1640 1546
2972 2 2 3 7 1512 1676 1612
2973 2 2 3 7 1602 1620 1487
2974 2 2 3 7 1546 1635 1496
2975 2 2 3 7 1491 1642 1589
2976 2 2 3 7 1492 1631 1603
2977 2 2 3 7 1562 1592 1500
2978 2 2 3 7 1501 1593 1563
2979 2 2 3 7 1491 1693 1642
2980 2 2 3 7 231 1591 232
2981 2 2 3 7 188 1590 189
2982 2 2 3 7 213 1665 1548
2983 2 2 3 7 1565 1662 1485
2984 2 2 3 7 209 1629 1558
2985 2 2 3 7 1485 1662 1625
2986 2 2 3 7 1568 1651 1499
2987 2 2 3 7 1498 1652 1567
2988 2 2 3 7 1521 1611 1553
2989 2 2 3 7 1554 1610 1520
2990 2 2 3 7 1553 1678 1501
2991 2 2 3 7 1500 1679 1554
2992 2 2 3 7 1539 1680 1675
2993 2 2 3 7 1634 1671 1544
2994 2 2 3 7 1574 1620 1508
2995 2 2 3 7 1558 1686 209
2996 2 2 3 7 1500 1633 1562
2997 2 2 3 7 1563 1632 1501
2998 2 2 3 7 1483 1668 1551
2999 2 2 3 7 229 1600 230
3000 2 2 3 7 190 1599 191
3001 2 2 3 7 1486 1615 1555
3002 2 2 3 7 1506 1662 1565
3003 2 2 3 7 1485 1667 1553
3004 2 2 3 7 1552 1631 1515
3005 2 2 3 7 1518 1613 1569
3006 2 2 3 7 1569 1613 1484
3007 2 2 3 7 1564 1646 1505
3008 2 2 3 7 1570 1596 1527
3009 2 2 3 7 1505 1596 1570
3010 2 2 3 7 1571 1597 1506
3011 2 2 3 7 1528 1597 1571
3012 2 2 3 7 1486 1646 1564
3013 2 2 3 7 1590 1663 189
3014 2 2 3 7 231 1664 1591
3015 2 2 3 7 1508 1620 1589
3016 2 2 3 7 1507 1604 1577
3017 2 2 3 7 1578 1605 1508
3018 2 2 3 7 1519 1643 1619
3019 2 2 3 7 1519 1628 1560
3020 2 2 3 7 1560 1628 1490
3021 2 2 3 7 1570 1626 1505
3022 2 2 3 7 1506 1627 1571
3023 2 2 3 7 1615 1653 1555
3024 2 2 3 7 1562 1633 223
3025 2 2 3 7 197 1632 1563
3026 2 2 3 7 1503 1617 1557
3027 2 2 3 7 1556 1616 1502
3028 2 2 3 7 1580 1606 1528
3029 2 2 3 7 1527 1607 1581
3030 2 2 3 7 1581 1607 1511
3031 2 2 3 7 1510 1606 1580
3032 2 2 3 7 1577 1604 200
3033 2 2 3 7 220 1605 1578
3034 2 2 3 7 1491 1610 1592
3035 2 2 3 7 1593 1611 1492
3036 2 2 3 7 1587 1680 1539
3037 2 2 3 7 1483 1680 1587
3038 2 2 3 7 1638 1660 1504
3039 2 2 3 7 1571 1670 1528
3040 2 2 3 7 1527 1669 1570
3041 2 2 3 7 1582 1652 1498
3042 2 2 3 7 1529 1652 1582
3043 2 2 3 7 1499 1651 1583
3044 2 2 3 7 1583 1651 1530
3045 2 2 3 7 1580 1670 192
3046 2 2 3 7 228 1669 1581
3047 2 2 3 7 1553 1667 1521
3048 2 2 3 7 1598 1677 1559
3049 2 2 3 7 202 1672 1582
3050 2 2 3 7 1583 1673 218
3051 2 2 3 7 1537 1686 1558
3052 2 2 3 7 1559 1680 1483
3053 2 2 3 7 306 1634 1572
3054 2 2 3 7 1608 1645 1495
3055 2 2 3 7 1534 1645 1608
3056 2 2 3 7 1555 1656 1504
3057 2 2 3 7 1513 1657 1558
3058 2 2 3 7 1512 1612 1569
3059 2 2 3 7 226 1626 1570
3060 2 2 3 7 1571 1627 194
3061 2 2 3 7 1578 1659 221
3062 2 2 3 7 199 1658 1577
3063 2 2 3 7 1518 1630 1561
3064 2 2 3 7 1511 1600 1581
3065 2 2 3 7 1580 1599 1510
3066 2 2 3 7 1517 1655 1572
3067 2 2 3 7 1516 1666 1614
3068 2 2 3 7 1559 1653 1520
3069 2 2 3 7 1558 1629 1513
3070 2 2 3 7 1519 1619 1618
3071 2 2 3 7 1514 1665 1601
3072 2 2 3 7 1568 1708 1651
3073 2 2 3 7 1652 1707 1567
3074 2 2 3 7 1618 1619 1524
3075 2 2 3 7 209 1686 210
3076 2 2 3 7 200 1604 201
3077 2 2 3 7 219 1605 220
3078 2 2 3 7 1589 1620 1523
3079 2 2 3 7 1506 1713 1662
3080 2 2 3 7 1504 1641 1573
3081 2 2 3 7 1644 1675 1491
3082 2 2 3 7 1497 1653 1559
3083 2 2 3 7 1504 1656 1641
3084 2 2 3 7 1541 1682 1609
3085 2 2 3 7 1521 1648 1611
3086 2 2 3 7 1566 1668 1483
3087 2 2 3 7 1569 1712 1518
3088 2 2 3 7 208 1629 209
3089 2 2 3 7 1505 1694 1564
3090 2 2 3 7 1565 1695 1506
3091 2 2 3 7 1519 1618 1586
3092 2 2 3 7 1561 1702 1510
3093 2 2 3 7 1491 1675 1610
3094 2 2 3 7 1572 1655 1538
3095 2 2 3 7 1567 1654 1513
3096 2 2 3 7 1487 1620 1574
3097 2 2 3 7 1586 1618 1484
3098 2 2 3 7 1533 1663 1590
3099 2 2 3 7 1591 1664 1532
3100 2 2 3 7 307 1634 306
3101 2 2 3 7 1626 1694 1505
3102 2 2 3 7 1506 1695 1627
3103 2 2 3 7 1528 1670 1580
3104 2 2 3 7 1581 1669 1527
3105 2 2 3 7 1487 1708 1640
3106 2 2 3 7 1640 1708 1568
3107 2 2 3 7 1582 1672 1529
3108 2 2 3 7 1530 1673 1583
3109 2 2 3 7 1525 1693 1592
3110 2 2 3 7 1593 1692 1526
3111 2 2 3 7 1514 1640 1568
3112 2 2 3 7 1523 1644 1589
3113 2 2 3 7 1589 1644 1491
3114 2 2 3 7 1614 1687 1538
3115 2 2 3 7 1525 1659 1578
3116 2 2 3 7 1577 1658 1526
3117 2 2 3 7 1484 1638 1573
3118 2 2 3 7 1494 1630 1612
3119 2 2 3 7 1509 1690 1566
3120 2 2 3 7 1576 1677 1521
3121 2 2 3 7 1608 1655 1517
3122 2 2 3 7 1566 1661 1515
3123 2 2 3 7 1606 1702 1494
3124 2 2 3 7 225 1626 226
3125 2 2 3 7 194 1627 195
3126 2 2 3 7 1584 1636 1489
3127 2 2 3 7 211 1601 212
3128 2 2 3 7 1515 1668 1566
3129 2 2 3 7 196 1632 197
3130 2 2 3 7 223 1633 224
3131 2 2 3 7 1508 1642 1578
3132 2 2 3 7 1578 1642 1525
3133 2 2 3 7 1583 1701 1550
3134 2 2 3 7 1549 1700 1582
3135 2 2 3 7 1588 1657 1513
3136 2 2 3 7 1521 1667 1576
3137 2 2 3 7 1641 1656 1536
3138 2 2 3 7 1572 1634 1517
3139 2 2 3 7 1494 1676 1597
3140 2 2 3 7 1573 1641 1512
3141 2 2 3 7 1494 1702 1630
3142 2 2 3 7 1646 1691 1505
3143 2 2 3 7 1557 1706 1591
3144 2 2 3 7 1590 1705 1556
3145 2 2 3 7 1490 1639 1585
3146 2 2 3 7 304 1614 303
3147 2 2 3 7 1582 1700 203
3148 2 2 3 7 217 1701 1583
3149 2 2 3 7 1533 1649 1594
3150 2 2 3 7 1595 1650 1532
3151 2 2 3 7 1513 1654 1588
3152 2 2 3 7 1576 1711 1536
3153 2 2 3 7 1593 1678 1611
3154 2 2 3 7 1610 1679 1592
3155 2 2 3 7 1508 1710 1574
3156 2 2 3 7 1575 1709 1507
3157 2 2 3 7 1574 1708 1487
3158 2 2 3 7 1488 1707 1575
3159 2 2 3 7 1521 1677 1598
3160 2 2 3 7 1605 1710 1508
3161 2 2 3 7 1507 1709 1604
3162 2 2 3 7 1497 1677 1576
3163 2 2 3 7 1676 1713 1597
3164 2 2 3 7 1627 1695 1543
3165 2 2 3 7 1542 1694 1626
3166 2 2 3 7 1589 1642 1508
3167 2 2 3 7 1579 1689 1535
3168 2 2 3 7 1504 1660 1579
3169 2 2 3 7 1584 1649 1502
3170 2 2 3 7 1503 1650 1585
3171 2 2 3 7 1636 1637 1541
3172 2 2 3 7 1516 1637 1636
3173 2 2 3 7 212 1665 213
3174 2 2 3 7 303 1666 302
3175 2 2 3 7 1618 1638 1484
3176 2 2 3 7 1591 1706 232
3177 2 2 3 7 188 1705 1590
3178 2 2 3 7 1529 1709 1652
3179 2 2 3 7 1652 1709 1575
3180 2 2 3 7 1574 1710 1651
3181 2 2 3 7 1651 1710 1530
3182 2 2 3 7 1608 1715 1534
3183 2 2 3 7 1586 1714 1519
3184 2 2 3 7 1522 1681 1586
3185 2 2 3 7 1588 1685 1531
3186 2 2 3 7 1625 1641 1536
3187 2 2 3 7 1512 1641 1625
3188 2 2 3 7 1496 1657 1588
3189 2 2 3 7 1520 1653 1615
3190 2 2 3 7 1517 1639 1608
3191 2 2 3 7 1587 1688 1509
3192 2 2 3 7 1630 1712 1612
3193 2 2 3 7 1539 1716 1587
3194 2 2 3 7 1493 1643 1607
3195 2 2 3 7 1524 1638 1618
3196 2 2 3 7 1492 1648 1631
3197 2 2 3 7 10 1683 205
3198 2 2 3 7 215 1684 11
3199 2 2 3 7 204 1683 10
3200 2 2 3 7 11 1684 216
3201 2 2 3 7 304 1687 1614
3202 2 2 3 7 1635 1640 1514
3203 2 2 3 7 1546 1640 1635
3204 2 2 3 7 1604 1672 201
3205 2 2 3 7 219 1673 1605
3206 2 2 3 7 190 1663 1599
3207 2 2 3 7 1600 1664 230
3208 2 2 3 7 1639 1715 1608
3209 2 2 3 7 1501 1678 1593
3210 2 2 3 7 1592 1679 1500
3211 2 2 3 7 1592 1693 1491
3212 2 2 3 7 1492 1692 1593
3213 2 2 3 7 1662 1713 1540
3214 2 2 3 7 1619 1643 1493
3215 2 2 3 7 1609 1682 1518
3216 2 2 3 7 1654 1707 1488
3217 2 2 3 7 1567 1707 1654
3218 2 2 3 7 300 1696 9
3219 2 2 3 7 12 1697 310
3220 2 2 3 7 9 1696 187
3221 2 2 3 7 233 1697 12
3222 2 2 3 7 1529 1672 1604
3223 2 2 3 7 1605 1673 1530
3224 2 2 3 7 1611 1648 1492
3225 2 2 3 7 1518 1682 1613
3226 2 2 3 7 1599 1663 1533
3227 2 2 3 7 1532 1664 1600
3228 2 2 3 7 1510 1702 1606
3229 2 2 3 7 1493 1717 1596
3230 2 2 3 7 1596 1717 1527
3231 2 2 3 7 1528 1718 1597
3232 2 2 3 7 1597 1718 1494
3233 2 2 3 7 1597 1713 1506
3234 2 2 3 7 1505 1691 1596
3235 2 2 3 7 1493 1647 1619
3236 2 2 3 7 1619 1647 1524
3237 2 2 3 7 1515 1661 1621
3238 2 2 3 7 1509 1688 1602
3239 2 2 3 7 1495 1655 1608
3240 2 2 3 7 1604 1709 1529
3241 2 2 3 7 1530 1710 1605
3242 2 2 3 7 1539 1675 1644
3243 2 2 3 7 198 1658 199
3244 2 2 3 7 221 1659 222
3245 2 2 3 7 1624 1690 1509
3246 2 2 3 7 230 1664 231
3247 2 2 3 7 189 1663 190
3248 2 2 3 7 1601 1665 212
3249 2 2 3 7 1611 1678 1553
3250 2 2 3 7 1554 1679 1610
3251 2 2 3 7 308 1671 307
3252 2 2 3 7 227 1669 228
3253 2 2 3 7 192 1670 193
3254 2 2 3 7 207 1674 208
3255 2 2 3 7 208 1674 1629
3256 2 2 3 7 1602 1688 1523
3257 2 2 3 7 201 1672 202
3258 2 2 3 7 218 1673 219
3259 2 2 3 7 1610 1675 1520
3260 2 2 3 7 1603 1692 1492
3261 2 2 3 7 1526 1692 1603
3262 2 2 3 7 1612 1676 1494
3263 2 2 3 7 1628 1714 1534
3264 2 2 3 7 1566 1690 1661
3265 2 2 3 7 1621 1661 1531
3266 2 2 3 7 305 1687 304
3267 2 2 3 7 1536 1711 1625
3268 2 2 3 7 1625 1711 1485
3269 2 2 3 7 1606 1718 1528
3270 2 2 3 7 1494 1718 1606
3271 2 2 3 7 1607 1717 1493
3272 2 2 3 7 1527 1717 1607
3273 2 2 3 7 1614 1666 303
3274 2 2 3 7 205 1698 206
3275 2 2 3 7 214 1699 215
3276 2 2 3 7 1613 1682 1522
3277 2 2 3 7 203 1700 204
3278 2 2 3 7 216 1701 217
3279 2 2 3 7 310 1704 309
3280 2 2 3 7 301 1703 300
3281 2 2 3 7 1535 1691 1646
3282 2 2 3 7 1616 1703 301
3283 2 2 3 7 309 1704 1617
3284 2 2 3 7 232 1706 233
3285 2 2 3 7 187 1705 188
3286 2 2 3 7 1524 1660 1638
3287 2 2 3 7 307 1671 1634
3288 2 2 3 7 1612 1712 1569
3289 2 2 3 7 1531 1685 1621
3290 2 2 3 7 1621 1685 1488
3291 2 2 3 7 1531 1690 1624
3292 2 2 3 7 1556 1703 1616
3293 2 2 3 7 1617 1704 1557
3294 2 2 3 7 206 1698 1622
3295 2 2 3 7 1623 1699 214
3296 2 2 3 7 1519 1714 1628
3297 2 2 3 7 1518 1712 1630
3298 2 2 3 7 1628 1715 1490
3299 2 2 3 7 1534 1715 1628
3300 2 2 3 7 1642 1693 1525
3301 2 2 3 7 1550 1699 1623
3302 2 2 3 7 1622 1698 1549
3303 2 2 3 7 1654 1685 1588
3304 2 2 3 7 1651 1708 1574
3305 2 2 3 7 1575 1707 1652
3306 2 2 3 7 1540 1713 1676
3307 2 2 3 7 1630 1702 1561
3308 2 2 3 7 1523 1716 1644
3309 2 2 3 7 1644 1716 1539
3310 2 2 3 7 1485 1711 1667
3311 2 2 3 7 1667 1711 1576
3312 2 2 3 7 1645 1681 1522
3313 2 2 3 7 1534 1681 1645
3314 2 2 3 7 1534 1714 1681
3315 2 2 3 7 1490 1715 1639
3316 2 2 3 7 1535 1689 1647
3317 2 2 3 7 1647 1689 1524
3318 2 2 3 7 1488 1685 1654
3319 2 2 3 7 1524 1689 1660
3320 2 2 3 7 1660 1689 1579
3321 2 2 3 7 1661 1690 1531
3322 2 2 3 7 300 1703 1696
3323 2 2 3 7 1697 1704 310
3324 2 2 3 7 1696 1705 187
3325 2 2 3 7 233 1706 1697
3326 2 2 3 7 215 1699 1684
3327 2 2 3 7 1683 1698 205
3328 2 2 3 7 1684 1701 216
3329 2 2 3 7 204 1700 1683
3330 2 2 3 7 1696 1703 1556
3331 2 2 3 7 1557 1704 1697
3332 2 2 3 7 1556 1705 1696
3333 2 2 3 7 1697 1706 1557
3334 2 2 3 7 1684 1699 1550
3335 2 2 3 7 1549 1698 1683
3336 2 2 3 7 1550 1701 1684
3337 2 2 3 7 1683 1700 1549
3338 2 2 3 7 1681 1714 1586
3339 2 2 3 7 1587 1716 1688
3340 2 2 3 7 1688 1716 1523
$EndElements
