$MeshFormat
2.2 0 8
$EndMeshFormat
$PhysicalNames
2
2 1 "EXTERIOR"
2 2 "INTERFACE"
$EndPhysicalNames
$Nodes
1366
1 533 0 381
2 533 287.5 381
3 0 287.5 381
4 533 0 -400
5 0 0 -400
6 0 287.5 -400
7 533 287.5 -400
8 0 269.5 381
9 497 269.5 381
10 497 8.56021446085686e-14 381
11 0 0 381
12 533 263.2192193865667 381
13 533 239.2902409878268 381
14 533 215.3612403594195 381
15 533 191.432265335134 381
16 533 167.5033611579249 381
17 533 143.5744322855409 380.9999999999999
18 533 119.6454443918129 380.9999999999999
19 533 95.71644544021026 380.9999999999999
20 533 71.7874835463904 380.9999999999999
21 533 47.85858903390522 380.9999999999999
22 533 23.92964214150135 380.9999999999999
23 19.61756688187746 287.5 381
24 39.22550080218726 287.5 381
25 58.83330568321291 287.5 381
26 78.44091669664591 287.5 381
27 98.04826917097999 287.5 381
28 117.6554552158957 287.5 381
29 137.2629049914737 287.5 381
30 156.8705908094645 287.5 381
31 176.4784480898105 287.5 381
32 196.0864117038941 287.5 381
33 215.6944164677374 287.5 381
34 235.3023972459412 287.5 381
35 254.9102887060225 287.5 381
36 274.518025882418 287.5 381
37 294.1255440269931 287.5 381
38 313.7327800970065 287.5 381
39 333.3400539747578 287.5 381
40 352.9476032205533 287.5 381
41 372.5553633742521 287.5 381
42 392.1632697530389 287.5 381
43 411.7712571153203 287.5 381
44 431.3792602914342 287.5 381
45 450.9872141246915 287.5 381
46 470.5950532902496 287.5 381
47 490.2027129543122 287.5 381
48 510.3009834710232 287.5 381
49 488.5833333333333 0 -400
50 444.1666666666665 0 -400
51 399.7499999999999 0 -400
52 355.3333333333333 0 -400
53 310.9166666666665 0 -400
54 266.4999999999996 0 -400
55 222.0833333333327 0 -400
56 177.6666666666659 0 -400
57 133.2499999999992 0 -400
58 88.83333333333283 0 -400
59 44.41666666666642 0 -400
60 0 239.5833333333333 -400
61 0 191.6666666666666 -400
62 0 143.7499999999997 -400.0000000000001
63 0 95.83333333333283 -400.0000000000001
64 0 47.91666666666643 -400.0000000000001
65 488.5833333333333 287.5 -400
66 444.1666666666665 287.5 -400
67 399.7499999999999 287.5 -400
68 355.3333333333333 287.5 -400
69 310.9166666666665 287.5 -400
70 266.4999999999996 287.5 -400
71 222.0833333333327 287.5 -400
72 177.6666666666659 287.5 -400
73 133.2499999999993 287.5 -400
74 88.8333333333328 287.5 -400
75 44.4166666666664 287.5 -400
76 533 239.5833333333333 -400
77 533 191.6666666666666 -400
78 533 143.7499999999997 -400.0000000000001
79 533 95.83333333333283 -400.0000000000001
80 533 47.91666666666643 -400.0000000000001
81 533 0 356.9054404988427
82 533 0 329.8489337554039
83 533 0 297.5951678342659
84 533 0 258.2328501946246
85 533 0 211.820490770165
86 533 0 164.7573760955371
87 533 0 117.6942614209092
88 533 0 70.63114674628127
89 533 0 23.56803207165308
90 533 0 -23.49508260297512
91 533 0 -70.55819727760334
92 533 0 -117.6213119522316
93 533 0 -164.6844266268599
94 533 0 -211.7475413014881
95 533 0 -258.8106559761164
96 533 0 -305.8737706507446
97 533 0 -352.9368853253724
98 533 287.5 355.8962073269729
99 533 287.5 327.9322969965968
100 533 287.5 294.8424549989186
101 533 287.5 254.6580529020792
102 533 287.5000000000001 208.1796862002619
103 533 287.5000000000001 161.3966334156265
104 533 287.5000000000001 114.6135806309912
105 533 287.5000000000001 67.83052784635584
106 533 287.5000000000001 21.04747506172015
107 533 287.5000000000001 -25.73557772291548
108 533 287.5000000000001 -72.51863050755122
109 533 287.5000000000001 -119.3016832921869
110 533 287.5000000000001 -166.0847360768227
111 533 287.5000000000001 -212.8677888614583
112 533 287.5000000000002 -259.650841646094
113 533 287.5000000000002 -306.4338944307297
114 533 287.5000000000002 -353.2169472153649
115 0 287.5 -352.053298419217
116 0 287.5 -304.106596838434
117 0 287.4999999999999 -256.1598952576509
118 0 287.4999999999999 -208.2131936768679
119 0 287.4999999999999 -160.266492096085
120 0 287.4999999999999 -112.3197905153021
121 0 287.4999999999999 -64.37308893451933
122 0 287.4999999999999 -16.42638735373646
123 0 287.4999999999999 31.52031422704675
124 0 287.4999999999999 79.46701580782997
125 0 287.4999999999999 127.4137173886131
126 0 287.4999999999999 175.3604189693964
127 0 287.4999999999999 223.3071205501795
128 0 287.4999999999998 268.8741323976569
129 0 287.4999999999998 305.9048557132307
130 0 287.4999999999998 335.7714901881137
131 0 287.4999999999998 360.142412531446
132 15.53125 269.5 381
133 31.0625 269.5 381
134 46.59375 269.5 381
135 62.125 269.5 381
136 77.65625 269.5 381
137 93.1875 269.5 381
138 108.71875 269.5 381
139 124.25 269.5 381
140 139.78125 269.5 381
141 155.3125 269.5 381
142 170.84375 269.5 381
143 186.375 269.5 381
144 201.90625 269.5 381
145 217.4375 269.5 381
146 232.96875 269.5 381
147 248.5 269.5 381
148 264.03125 269.5 381
149 279.5625 269.5 381
150 295.09375 269.5 381
151 310.625 269.5 381
152 326.15625 269.5 381
153 341.6875 269.5 381
154 357.21875 269.5 381
155 372.75 269.5 381
156 388.28125 269.5 381
157 403.8125 269.5 381
158 419.34375 269.5 381
159 434.875 269.5 381
160 450.40625 269.5 381
161 465.9375 269.5 381
162 481.46875 269.5 381
163 497 253.6470588235294 381
164 497 237.7941176470588 381
165 497 221.9411764705882 381
166 497 206.0882352941177 381
167 497 190.2352941176471 381
168 497 174.3823529411765 381
169 497 158.5294117647059 381
170 497 142.6764705882353 381
171 497 126.8235294117647 381
172 497 110.9705882352942 381
173 497 95.11764705882359 381
174 497 79.26470588235301 381
175 497 63.41176470588243 381
176 497 47.55882352941182 381
177 497 31.70588235294125 381
178 497 15.85294117647067 380.9999999999999
179 513.2263894620959 0 381
180 0 253.6470588235294 381
181 0 237.7941176470588 381
182 0 221.9411764705882 381
183 0 206.0882352941177 381
184 0 190.2352941176471 381
185 0 174.3823529411765 381
186 0 158.5294117647059 380.9999999999999
187 0 142.6764705882353 380.9999999999999
188 0 126.8235294117647 380.9999999999999
189 0 110.9705882352941 380.9999999999999
190 0 95.11764705882354 380.9999999999999
191 0 79.26470588235293 380.9999999999999
192 0 63.41176470588235 380.9999999999999
193 0 47.55882352941177 380.9999999999999
194 0 31.70588235294116 380.9999999999999
195 0 15.85294117647061 380.9999999999999
196 15.53125 0 381
197 31.0625 0 381
198 46.59375 0 381
199 62.125 0 381
200 77.65625 0 381
201 93.1875 0 381
202 108.71875 0 381
203 124.25 0 381
204 139.78125 0 381
205 155.3125 0 381
206 170.84375 0 381
207 186.375 0 381
208 201.90625 0 381
209 217.4375 0 381
210 232.96875 0 381
211 248.5 0 381
212 264.03125 0 381
213 279.5625 0 381
214 295.09375 0 381
215 310.625 0 381
216 326.15625 0 381
217 341.6875 0 381
218 357.21875 0 381
219 372.75 0 381
220 388.28125 0 381
221 403.8125 0 381
222 419.34375 0 381
223 434.875 0 381
224 450.40625 0 381
225 465.9375 0 381
226 481.46875 0 381
227 515.3605047272879 229.8676470588235 381
228 515.2834479777256 182.3088235294118 381
229 515.208912071888 134.7500000000001 380.9999999999999
230 515.1368232641422 87.1911764705882 380.9999999999999
231 515.0672503370437 39.63235294117666 380.9999999999999
232 511.9446860426819 261.6054378600832 381
233 513.9670759712693 56.93120817514739 380.9999999999999
234 513.9794080635121 104.5897267367098 380.9999999999999
235 513.9924517275581 152.2482596915581 380.9999999999999
236 513.3438335043124 17.00675560004646 380.9999999999999
237 514.0061749340819 199.9067607530138 381
238 514.5508651283283 247.5706202939814 381
239 511.2733359322739 214.6330119871926 381
240 511.2551799410567 166.9944418169554 381
241 511.23766402708 119.3558577551163 380.9999999999999
242 511.2207798470823 71.71726775607229 380.9999999999999
243 518.3638075692469 274.4579004223859 381
244 225.308582806014 278.7389730659596 381
245 147.3754010358818 278.7113233718653 381
246 302.859375 278.9437464395676 381
247 69.890625 278.8556265682529 381
248 442.640625 278.7600171771054 381
249 380.515625 278.585023153048 381
250 8.286838887994691 278.5 381
251 364.984375 278.4170814811788 381
252 458.171875 278.2587338959046 381
253 85.421875 278.1785790886817 381
254 505.1425557416021 8.21492419412931 380.9999999999999
255 287.328125 278.1083326052196 381
256 149.8796802314254 138.4956328218803 -400.0000000000001
257 371.8768808341637 141.6168570446969 -400.0000000000001
258 266.4999999999995 114.7628321256041 -400.0000000000001
259 289.2635798003675 202.1130000493563 -400
260 442.6271137198338 84.3644632178418 -400.0000000000001
261 83.30361375097939 92.91916244854983 -400.0000000000001
262 450.4948291446883 204.2606334102391 -400
263 90.42877713166787 203.1136972784338 -400
264 200.9136521030224 209.2114646023605 -400
265 326.964305950144 78.44872276228136 -400.0000000000001
266 189.6699773882777 73.42223571066583 -400.0000000000001
267 375.5460902833162 217.9062045072645 -400
268 149.6511397052446 218.822739040953 -400
269 395.0891103497744 60.15383132615023 -400.0000000000001
270 143.7452617077727 64.22186429015198 -400.0000000000001
271 219.369084353602 152.8214984115683 -400.0000000000001
272 61.58721256715351 143.75 -400.0000000000001
273 471.4127874328466 143.75 -400.0000000000001
274 317.1882458840267 147.7686959450112 -400.0000000000001
275 249.8140689174772 62.90982768211518 -400.0000000000001
276 244.2916666666661 239.3839286780909 -400
277 332.7194202538161 241.6343621260612 -400
278 476.080096138728 47.88348061546051 -400.0000000000001
279 58.09146352577677 47.82730737131428 -400.0000000000001
280 481.533735488986 236.420836548921 -400
281 56.96081523301942 239.6137797497302 -400
282 417.8320267770306 244.7700524678303 -400
283 420.3889672999986 158.4652687950932 -400.0000000000001
284 108.522772950243 131.6166125148594 -400.0000000000001
285 244.7379054956353 191.9126252902901 -400
286 343.2460922984508 189.4299312942778 -400
287 291.3834194773173 40.58217287088169 -400.0000000000001
288 112.4303997894327 249.4118124284196 -400
289 431.5425973750005 38.48035503189053 -400.0000000000001
290 112.4569450117597 47.08467059236563 -400.0000000000001
291 405.6106289446039 108.2199744540705 -400.0000000000001
292 126.9179516105941 172.8509011507461 -400
293 486.569767676999 101.6119591862221 -400.0000000000001
294 44.6895556123343 101.9312259334648 -400.0000000000001
295 490.402479808139 186.5258619217091 -400
296 46.44406121203657 185.884529508273 -400
297 160.8701788240704 99.67407631323664 -400.0000000000001
298 269.2805683696056 160.9804995719485 -400.0000000000001
299 194.0196180724122 250.9044266800258 -400
300 287.8258246612069 251.0263329553214 -400
301 340.3865544007043 113.262666109039 -400.0000000000001
302 204.6052436078274 32.25801959462919 -400.0000000000001
303 222.7954714494578 106.046201152747 -400.0000000000001
304 355.8643690778099 40.75108751774846 -400.0000000000001
305 377.5416666666666 255.5906935002298 -400
306 172.5592890986368 169.7528079768816 -400
307 307.2743930594665 106.1370687865258 -400.0000000000001
308 384.6677769226331 183.4582281792617 -400
309 125.9069422751129 96.06675075710109 -400.0000000000001
310 188.6242265879326 126.3146118337816 -400.0000000000001
311 153.9906415572028 259.1400421645999 -400
312 155.4583333333325 27.56240696212444 -400.0000000000001
313 369.9358388820377 88.89196285307042 -400.0000000000001
314 88.2068300501362 166.3658380254962 -400
315 441.226482560371 123.8274371369197 -400.0000000000001
316 246.1384855241838 26.68518720489897 -400.0000000000001
317 287.5145579327601 79.38935402982784 -400.0000000000001
318 411.3716280183359 206.9206920162595 -400
319 453.4904224229942 255.1132526294757 -400
320 22.97332299106986 261.0486314599679 -400
321 23.03218639656535 26.44830143887856 -400.0000000000001
322 510.3127323359814 260.8824015973685 -400
323 510.0288069220781 26.45122591014808 -400.0000000000001
324 508.6418938872138 215.6249999999999 -400
325 24.59694768255882 217.6903863347548 -400
326 24.56753317290389 69.82282563221844 -400.0000000000001
327 508.4060130720192 69.80928080548861 -400.0000000000001
328 533 130.442275107898 249.8282465197053
329 533 208.1375832943244 294.0532471438887
330 533 144.5563797108406 -236.472336335909
331 533 142.9379021825167 -51.13534199288267
332 533 143.6416724835346 106.0444150083967
333 533 65.60815635127392 313.7220507948348
334 533 133.2636960552747 312.2403553021335
335 533 187.1233677068671 -142.6932096845048
336 533 96.12995265009314 -141.7008272305204
337 533 193.1823092366944 185.5476861402899
338 533 193.933765406697 26.88450640210232
339 533 94.83692632108855 28.45063621734874
340 533 206.2685116363358 -311.9393390843583
341 533 87.80332572747241 -313.4160941009731
342 533 90.91197820008321 173.3162705892807
343 533 65.38225655534993 247.4583477205626
344 533 242.6649113255767 332.2204630892699
345 533 184.3614893044236 335.5656522343293
346 533 35.89411558770334 345.1872119212117
347 533 211.984741843422 -232.470039999094
348 533 212.6057471723162 -51.76141692599447
349 533 73.8233203103886 -49.8818195751337
350 533 72.53358311035865 -232.6691531134561
351 533 70.72170580598325 98.31714804122618
352 533 216.2822784182985 98.38537505079955
353 533 221.7684003375346 235.8618126805553
354 533 107.0502810403196 345.0542978861363
355 533 244.1961248036484 292.0714629301058
356 533 141.8760611008003 -338.5044039943656
357 533 99.73889830675597 282.8522909863478
358 533 138.8424037182364 -179.1263591625701
359 533 141.8124383271363 -107.9942494531712
360 533 72.45435052607141 346.8965503522409
361 533 225.9170884331111 -190.32984527234
362 533 226.1370840799277 -94.83292386089772
363 533 146.6889286862238 346.8492708541906
364 533 139.7739720050411 199.7124273443663
365 533 209.6501726403356 345.5411945323303
366 533 48.03969425401476 -93.30130655109633
367 533 47.68542767319425 -189.2507632628637
368 533 158.4231910883066 283.4521509511807
369 533 143.8525025876058 6.477440720212826
370 533 38.4028584844547 280.1032450030941
371 533 30.25463097503177 320.1345163359626
372 533 238.1172189672818 140.1965835487464
373 533 234.6929299662165 -347.0606947016443
374 533 52.84677456812639 -347.0560712389686
375 533 237.3220157883904 -6.032235025904811
376 533 50.21018074859563 -4.547024404798265
377 533 254.9211644519877 352.795208901751
378 533 46.37372220634902 -278.917643250222
379 533 241.3725643276056 -283.0423680384118
380 533 172.3125977467362 237.0507614891594
381 533 137.5087959186315 -287.6856330966029
382 533 48.46711155898862 140.9936506913348
383 533 50.01056877450014 54.07617858523281
384 533 240.3815228696401 51.72784050049484
385 533 152.6069738078401 55.92648118466496
386 533 185.356117183612 127.8130665191086
387 533 183.6465407777109 -199.3586250298577
388 533 47.76497081878455 201.9845060537681
389 533 185.2578797776068 -86.81244585527963
390 533 101.8798709213769 -82.54243289832698
391 533 181.9396884597499 -268.0646799570604
392 533 243.3991240903348 193.6392073417715
393 533 184.1826551465288 -16.74462836404479
394 533 92.62420661122215 -194.9530385702838
395 533 107.2716925562367 73.71082349636464
396 533 99.52724890096562 217.4623032412179
397 533 102.8849846618079 311.7705372516807
398 533 103.2565179902617 128.6725594731222
399 533 99.92755578634871 -357.2880552336612
400 533 185.2396801548484 -354.8193895597199
401 533 103.5228896368564 -17.20529197942557
402 533 231.8607927894296 359.7278763331417
403 533 181.5718279143857 360.4783104526326
404 533 38.37101491546048 -141.3117271247144
405 533 265.7125202719969 316.7242773521072
406 533 251.0567977034114 -142.6848928285901
407 533 99.36732365226825 -267.1262723730274
408 533 142.6431573057022 151.8446899592019
409 533 157.1799367636694 322.6220910922975
410 533 129.8822388637689 360.2434782030015
411 533 53.50646623426795 359.0072299915741
412 533 213.832727497925 322.1710468713649
413 533 29.67394559253728 235.0266704823947
414 533 253.9562040510441 94.55078151547764
415 533 20.89684759555092 360.0818297761331
416 533 91.30796970063105 359.6350370561695
417 533 129.0932605895895 285.9133607194472
418 533 33.19076797030621 95.71968480745346
419 533 180.5294549067162 90.18530353853771
420 533 255.1743649369711 -233.2394692117379
421 533 253.5812218704434 -55.32095128805872
422 533 34.41463906259983 -48.3566860823214
423 533 32.66678896324706 -234.564850597393
424 533 182.2685366548889 308.2618813673537
425 533 69.28017781533683 283.4789910081796
426 533 155.5388967217329 364.8737582809377
427 533 128.5373392440339 335.2512900016382
428 533 190.2854387049422 267.9022452988593
429 533 254.2077284297992 259.2324548364695
430 533 223.7190551140498 269.8242445779757
431 533 52.61778274987978 336.0649458089962
432 533 205.9752598077409 365.5494762636209
433 533 148.1015712402865 -142.6790839229872
434 533 109.1344522126313 365.4660586237338
435 533 34.3950636918531 -316.235347073673
436 533 109.1118898016261 -224.9119056741804
437 533 253.3260368543642 -316.647224177901
438 533 17.40911883165717 342.4315864575108
439 533 204.7602326402961 62.75717992971818
440 533 181.2460460697421 -51.6134582845504
441 533 105.5409957627847 -50.19122161144224
442 533 97.33933734399582 251.7361660369248
443 533 258.306600061848 227.4026730423977
444 533 270.419516507794 363.9309990123224
445 533 37.06549790089429 365.7209683155639
446 533 28.81854444639606 -371.52008517627
447 533 255.7330839991063 -373.3902304418265
448 533 274.6374209034287 341.914252161785
449 533 165.0682158780871 346.0778165828775
450 533 89.47601634684901 334.5064055676926
451 533 215.6249999999999 -375.5176777637234
452 533 71.8749999999996 -375.5294773143525
453 533 168.3471315283151 -311.7772383485718
454 533 263.4952273143505 -95.91015689986909
455 533 263.4954688247902 -189.4762624691404
456 533 251.2547301871968 368.2364744540204
457 533 180.5318376979308 -234.0914203304803
458 266.5808036983063 287.5 116.0916278821006
459 278.2058546176001 287.5000000000001 -140.152821780675
460 370.2259325431545 287.4999999999999 232.5988079721874
461 148.6621505481058 287.4999999999999 228.4436413377572
462 264.3393815678261 287.4999999999999 265.7165332273388
463 166.3858847616577 287.5 -18.00103621332598
464 368.8559792688451 287.5 -3.02568715830044
465 156.7114303593838 287.5000000000001 -248.8286166898976
466 380.6779109887995 287.5000000000001 -254.1855489740615
467 461.2071736741451 287.4999999999999 308.338973935159
468 69.12256479773913 287.4999999999999 310.0445275607515
469 343.5955395909711 287.4999999999999 299.6271695243226
470 206.2031112862529 287.4999999999999 301.9697112743555
471 128.6116474529558 287.5 105.6896645083411
472 407.0396918324543 287.5 -129.6001594798512
473 409.5091352964099 287.5 108.5944473859926
474 284.3217849547055 287.4999999999999 319.8218387187389
475 130.6227806398579 287.5 -121.7596966319144
476 127.4591801036847 287.4999999999999 322.2274221444758
477 402.7627355668886 287.4999999999999 322.8898968950721
478 265.457857115511 287.5000000000001 -283.6658819875773
479 272.6447746617214 287.5 15.50755451637186
480 90.80881355933388 287.5000000000001 -307.9572350171044
481 461.0342575865016 287.4999999999999 237.3098230503376
482 444.2751413224264 287.5000000000001 -311.1499576110125
483 246.0247666265791 287.4999999999999 343.8156898633408
484 364.0875251637573 287.4999999999999 342.4354096393863
485 165.6601984742045 287.4999999999999 343.5787087679196
486 449.705984919634 287.5 -56.02421824444296
487 82.44593403474983 287.5 21.83644407096929
488 223.5893938167241 287.4999999999999 192.6493631058947
489 301.8677762382933 287.4999999999999 195.9089971649472
490 204.5740459732319 287.5 -97.34662965189082
491 323.5364170358822 287.4999999999999 342.8488380268319
492 451.9184340785433 287.5000000000001 -211.8658943347699
493 74.22244451252462 287.4999999999999 239.0417553969786
494 334.3161095156392 287.5 70.13227076945373
495 450.0705608278541 287.5 34.93950158362876
496 302.7161744445359 287.5 -62.97742527862452
497 193.806242614425 287.5 60.37249300555948
498 186.9432344632227 287.5000000000001 -320.5544141351627
499 77.62418126791312 287.5000000000001 -213.9577070629211
500 341.0525777154622 287.5000000000001 -330.7272520057987
501 82.14208184276271 287.5 -56.56316198065873
502 229.3387649981539 287.5000000000001 -209.8974513996357
503 482.9221299457629 287.4999999999999 344.2249813241942
504 439.2429948855785 287.4999999999999 346.0471485338198
505 348.9094033865421 287.5000000000001 -177.7947269601542
506 73.81458589423835 287.4999999999999 160.9717775059851
507 39.45190387199398 287.4999999999999 340.1174358339383
508 86.6793887543119 287.4999999999999 342.3026800447661
509 205.8904140858157 287.4999999999999 344.5874918904937
510 458.2925742768628 287.4999999999999 161.0405907314124
511 166.8339952918337 287.4999999999999 295.8087288465522
512 422.5011989005712 287.4999999999999 270.5776329438021
513 193.5008887527962 287.4999999999999 240.3099372610254
514 168.396264931331 287.5000000000001 -178.4321208434542
515 326.0143221938021 287.4999999999999 238.5623784076781
516 155.4788931427669 287.4999999999999 167.0814854450144
517 298.0638460732678 287.5000000000001 -225.7162525874056
518 370.5320154625191 287.4999999999999 163.1866103218308
519 471.5113298160646 287.5000000000001 -142.6932096845048
520 104.5065862367062 287.4999999999999 277.4964894885644
521 378.6396858474748 287.5 -72.84998130681109
522 65.09353799004174 287.5 86.72533883696141
523 283.905127535357 287.4999999999999 346.9667295197419
524 242.2106316556507 287.5 -54.52177063260464
525 471.7102033280051 287.5 86.83328271090176
526 401.7632134986557 287.4999999999999 347.8398761549359
527 127.7423189098986 287.4999999999999 347.8545754836355
528 200.2634712505524 287.5 117.7031372810397
529 47.74583708226712 287.5 -135.1840475573156
530 248.1226985206312 287.5000000000001 -341.9929004570563
531 491.9341663519755 287.4999999999999 274.7502539504987
532 393.8407979076072 287.5000000000001 -334.0103132580581
533 504.9099470127211 287.4999999999999 307.7050385967761
534 134.9562011177961 287.5 -66.19872953922419
535 465.6460220774956 287.5000000000001 -258.1951404938219
536 331.3197488840543 287.5 -127.2543580991637
537 399.6889126184063 287.5 39.45549935816553
538 35.92010502006792 287.4999999999999 288.6568001009737
539 335.3184785859714 287.4999999999999 126.2660359484919
540 134.8503945471529 287.5000000000001 -333.5022651278978
541 59.35907152419375 287.5000000000001 -258.8604616096976
542 143.3792245668104 287.5 33.18104145419691
543 243.8444408089047 287.4999999999999 297.39346450888
544 210.1968044305198 287.5000000000001 -264.4808807506358
545 220.2777643246806 287.5000000000001 -152.8408235816313
546 382.9461332805854 287.4999999999999 283.5140078511088
547 505.5355965840325 287.4999999999999 353.8769081405413
548 342.9981355009201 287.4999999999999 357.6793501756577
549 460.7911337074705 287.4999999999999 358.2169025116207
550 326.6526221594274 287.5000000000001 -270.3896679405043
551 64.47893538240191 287.4999999999999 351.5618871829465
552 53.17779725267576 287.5000000000001 -347.3372855954468
553 317.5440460599588 287.5 17.94342343808291
554 280.4865164264862 287.5 64.09244580163165
555 186.3907117527645 287.4999999999999 358.5501948553562
556 225.4984068568393 287.4999999999999 358.8341841362699
557 209.1896531806659 287.5 8.158507691486374
558 482.4836441779224 287.5 -5.280613150485167
559 475.5405937773484 287.5000000000001 -351.4510830404817
560 491.1094072462748 287.5 -98.95033716129252
561 305.514429983823 287.4999999999999 281.987130763496
562 395.511034736565 287.5000000000001 -203.0029063143226
563 417.56050345495 287.4999999999999 184.2926772082256
564 54.49523000090181 287.5 -14.50648987493872
565 262.6704661653503 287.4999999999999 204.7363266721855
566 23.458056578075 287.4999999999999 357.7334066371474
567 107.794946350518 287.4999999999999 201.3051307223446
568 113.6496645148648 287.5 -17.44756418479358
569 425.3358102227742 287.5 -5.702114852081644
570 251.8673227371794 287.5 -98.61465259535622
571 265.2100752574181 287.4999999999999 360.3108351588578
572 303.9291620619998 287.4999999999999 361.2609075245686
573 382.7740189620355 287.4999999999999 360.1864963894978
574 146.6521236392114 287.4999999999999 360.4786130844704
575 42.97642738927959 287.4999999999999 199.333769759788
576 421.0238210794964 287.4999999999999 361.1469032870869
577 43.72166278462231 287.5 -88.34643972491074
578 137.5213640180043 287.5000000000001 -292.3306121511336
579 107.867721201276 287.4999999999999 361.4067488163245
580 292.2194790433956 287.5000000000001 -359.142325338818
581 102.1775906348118 287.4999999999999 311.3685175501382
582 432.3919106769328 287.4999999999999 313.5611479502952
583 424.665200945897 287.5000000000001 -266.1698102648702
584 108.7078854964279 287.5000000000001 -254.6590118669525
585 22.66238546024718 287.4999999999999 320.7912027400973
586 490.3916847707122 287.5000000000001 -183.5210740454495
587 316.8466856388269 287.4999999999999 318.293721901092
588 263.096643789571 287.4999999999999 165.6874278701775
589 168.7995559601647 287.5 -133.3872132028864
590 485.0497457824159 287.4999999999999 364.5173667003808
591 34.68688534558822 287.4999999999999 247.9960017007987
592 40.60722099938891 287.5000000000001 -184.2398428864765
593 45.08732484368457 287.5 50.3476833137789
594 130.2224522497387 287.5000000000001 -206.0194386709609
595 410.2307184411735 287.5 -87.12263428730327
596 422.5191443901192 287.5000000000001 -361.5410303778894
597 323.5364170358822 287.4999999999999 363.8268467008036
598 440.8272712149709 287.4999999999999 365.0192577011665
599 488.7688121155553 287.4999999999999 195.7713654866064
600 370.5697833560426 287.5000000000001 -297.9949626392277
601 363.5967228031852 287.5 104.3809209507781
602 194.959296279245 287.5 -48.16514457993861
603 69.87106639873048 287.4999999999999 278.1062496855693
604 205.7609888306419 287.5000000000001 -368.4185989564151
605 496.1941236485367 287.5 49.43203804846579
606 342.1086813448227 287.5000000000001 -219.4206737114726
607 45.54809371376342 287.5000000000001 -302.3658578003563
608 46.22133188371532 287.4999999999999 127.2494349930262
609 488.2354486335811 287.5000000000001 -301.2266711231064
610 105.7051866399061 287.5000000000001 -359.1732359831038
611 49.01413558463344 287.4999999999999 363.3924971068964
612 267.4281104607338 287.4999999999999 336.2698570253494
613 268.2998268534192 287.5000000000001 -187.0812104294783
614 457.5272387438052 287.4999999999999 278.4274672925729
615 110.3852399207966 287.4999999999999 337.0319888078681
616 101.9959565915319 287.5 68.80224853243131
617 374.4069457550987 287.4999999999999 312.6324438080482
618 87.45802088724275 287.5 -102.9823835696513
619 497.1355717127265 287.5 -50.44076291222525
620 168.8266049494559 287.5 95.4325337087412
621 187.5919047051316 287.4999999999999 326.5337368986068
622 500.6907319085113 287.4999999999999 234.7405387465887
623 327.9867410517303 287.5 -33.93097950038735
624 419.4369351415104 287.4999999999999 338.296994564242
625 205.8904140858157 287.4999999999999 364.1136009579205
626 237.121786313482 287.5 86.67118975115146
627 353.7460390084157 287.4999999999999 265.553811733224
628 223.0858826647579 287.4999999999999 325.7328557926425
629 86.09193857944797 287.4999999999999 364.2867735664718
630 177.339602484645 287.4999999999999 201.0265907032856
631 223.0472134584163 287.4999999999999 269.9885091314549
632 121.4827264837102 287.4999999999999 155.1099235872988
633 434.6299570642392 287.5000000000001 -163.6930428239789
634 493.8305910039281 287.4999999999999 131.9241968251472
635 348.9511141370509 287.4999999999999 199.8464360513461
636 189.290272251512 287.4999999999999 276.4838952139417
637 302.5078354453543 287.4999999999999 337.8384071381947
638 91.82369596687457 287.5000000000001 -162.4818992804602
639 185.6462548512186 287.5000000000001 -216.3812444438263
640 281.110938038441 287.5 -29.11489352545443
641 400.6518670229826 287.5 -44.30925998543017
642 134.6442323615551 287.4999999999999 298.3645692967978
643 431.4784084667572 287.5 76.97005747133196
644 256.9617640813284 287.5000000000001 -242.099131929091
645 294.9618591156824 287.5 -99.20799855718531
646 335.4127446851048 287.5000000000001 -372.5008811404803
647 342.6094136891905 287.4999999999999 326.7129966657785
648 385.9930812150592 287.4999999999999 336.777594783091
649 367.8261226456015 287.5000000000001 -144.172020755519
650 245.38918693856 287.4999999999999 364.9921418316937
651 363.0725292443037 287.4999999999999 364.4602512409083
652 167.4003564757797 287.4999999999999 364.5631048222553
653 144.837247430343 287.4999999999999 338.3780506880261
654 414.9284151332724 287.4999999999999 145.5109897553318
655 227.6801486324712 287.5000000000001 -302.6735193326081
656 307.430957913474 287.5000000000001 -173.3475230358786
657 293.688340903971 287.5000000000001 -313.3063588661918
658 417.6879745971102 287.4999999999999 228.0415909979586
659 35.51809475829913 287.5000000000001 -224.2862200987228
660 88.38667130920811 287.4999999999999 118.6501450415354
661 445.7151835916685 287.5 -111.6818704235516
662 239.0763528139192 287.5 37.84616783369014
663 277.7450066524314 287.4999999999999 292.0738404769261
664 113.7162382041162 287.4999999999999 241.4467172676751
665 36.74882854751374 287.5 -49.20761539361072
666 459.3523283737495 287.4999999999999 331.7842814694724
667 173.6768909766655 287.5000000000001 -282.0687813483887
668 494.7912281853502 287.5000000000001 -225.2201478763187
669 510.5062548694929 287.4999999999999 331.6298224700103
670 60.16343497747098 287.4999999999999 332.8141377426833
671 134.6472263892243 287.5000000000001 -163.7111036608685
672 154.5044597277922 287.4999999999999 320.8152027737297
673 361.8480812746638 287.5 41.22456887119911
674 407.0989780940299 287.4999999999999 298.269883959483
675 45.46407882550383 287.4999999999999 318.4848207956888
676 301.3237736734925 287.5 103.6134576349198
677 150.2156258775782 287.4999999999999 265.5353237914276
678 284.3375869528372 287.4999999999999 366.1076944406337
679 191.8998109729567 287.4999999999999 158.6935212023345
680 298.2002834037808 287.4999999999999 148.8054298766543
681 159.8185008535069 287.4999999999999 132.2399185346334
682 405.7171790628722 287.5000000000001 -296.2144454845906
683 421.999714123301 287.5000000000001 -234.0333902067136
684 377.5416666666666 287.5000000000001 -372.6348283577846
685 34.09905002490279 287.4999999999999 161.3299692873823
686 401.8991160817094 287.4999999999999 366.234655166304
687 156.1523609783516 287.5000000000001 -369.477536356349
688 448.0049677681885 287.4999999999999 121.2775228587428
689 240.4673966091128 287.4999999999999 235.8518392162086
690 178.1902512808898 287.5 20.9277514844792
691 330.9739335655231 287.4999999999999 166.8027018726541
692 127.4361047915511 287.4999999999999 366.3479874768861
693 339.2259726272457 287.5 -78.22696188857735
694 393.9695801059024 287.5000000000001 -164.6262635162818
695 517.0073131644552 287.4999999999999 367.3890958080147
696 287.1231934085197 287.4999999999999 235.8406639006681
697 450.5463404873198 287.4999999999999 198.6468385691898
698 203.7436030665702 287.5000000000001 -184.7207092846312
699 68.63711118992944 287.4999999999999 368.9422529873466
700 501.6192703912478 287.4999999999999 369.5566741297874
701 240.8789038855803 287.5 -13.05527472415663
702 506.7049683758561 287.5000000000001 -142.6932096845048
703 142.1006528861062 287.5 72.94258558088005
704 372.3803233796673 287.5 -106.5376859695376
705 290.3580356605784 287.5000000000001 -261.0156885305391
706 483.3930778963536 287.4999999999999 320.0736610664164
707 481.0268786171897 287.4999999999999 297.0452623881317
708 506.9003335574385 287.5 91.22205423867349
709 233.0982554445972 287.4999999999999 138.3742785920945
710 18.57869766223885 287.4999999999999 339.4361501255228
711 272.3770176423677 287.5 -69.3832478327694
712 31.14668866254266 287.5 95.65227078165717
713 245.6414795640815 287.5000000000001 -374.5036468160563
714 166.6154613298139 287.5 -95.16352932925544
715 257.0749986946854 287.4999999999999 319.1845910643129
716 142.3404661215999 287.4999999999999 194.8973228949837
717 29.4516342927819 287.5 13.08292133450951
718 28.41422292078934 287.5000000000001 -370.2776629375967
719 394.1798764581583 287.4999999999999 257.0333758805511
720 505.7859445694207 287.5000000000001 -370.0631936858178
721 9.808783440938726 287.4999999999999 370.5712062657229
722 380.3360271438924 287.4999999999999 130.2081110535703
723 363.0720491636557 287.5 -46.46857396790129
724 384.5040212915485 287.4999999999999 199.6657996514062
725 508.4856010277564 287.5000000000001 -331.5572349307244
726 86.26879000296614 287.4999999999999 294.7553177364755
727 383.4062283291769 287.5 73.45962746782017
728 147.4658248372263 135.3635127141037 380.9999999999999
729 287.328125 134.75 380.9999999999999
730 390.3438355631654 162.3236723631597 381
731 217.4375 183.9999556107954 381
732 216.13271075607 85.35593840073653 380.9999999999999
733 355.5928589714559 86.29637594704471 380.9999999999999
734 83.5850676298827 81.17289681043405 380.9999999999999
735 78.30541774072844 186.644022157778 381
736 325.6486372006017 191.2278762233117 381
737 426.443130112717 72.72227235825301 380.9999999999999
738 286.9686936807669 66.43100592775812 380.9999999999999
739 148.6053064934038 67.21223128939258 380.9999999999999
740 150.5819381971161 204.936260469239 381
741 434.8137803274162 207.5195565487798 381
742 268.8658690891587 211.3269315007976 381
743 437.8219899996033 128.9100907996873 380.9999999999999
744 57.34835200618244 134.7500000000001 380.9999999999999
745 379.4213250750531 217.5225634003019 381
746 341.8531384437494 137.6516719408259 380.9999999999999
747 200.3888669937335 133.9765264970189 380.9999999999999
748 50.70842672984872 49.78171326331358 380.9999999999999
749 48.3235699594278 219.6380521793558 381
750 385.01057935197 47.3087496424626 380.9999999999999
751 244.68555513402 47.00678325333041 380.9999999999999
752 392.6108053384359 115.3740032555085 380.9999999999999
753 191.0893602659676 223.1042820999041 381
754 190.8463246155295 46.29709809529231 380.9999999999999
755 329.9293995585437 46.67925116880301 380.9999999999999
756 101.4106081571045 125.1329309767971 380.9999999999999
757 109.5408927482421 46.68971497931963 380.9999999999999
758 109.0384486387103 222.9387731208622 381
759 241.9685453622075 123.5827076528703 380.9999999999999
760 258.7168339241264 168.3635892793652 381
761 314.7465243077132 101.5272197054064 380.9999999999999
762 452.5871072477843 169.573555081951 381
763 121.833256770552 171.1205515443389 381
764 178.2513916405733 169.9289626176323 381
765 176.7181929435529 101.1404018744606 380.9999999999999
766 41.24278173914007 93.08679194317347 380.9999999999999
767 43.52221704446436 174.4988191987274 381
768 455.664763738212 41.45173485153884 380.9999999999999
769 231.6994085960978 228.3268310411807 381
770 304.6842890465244 231.3823830636469 381
771 461.8227128854438 92.26000032824385 380.9999999999999
772 344.53261990124 230.7155494313465 381
773 298.9994687702678 174.0335393081766 381
774 256.555893858127 88.89721777775776 380.9999999999999
775 129.4144551145254 101.0086791366922 380.9999999999999
776 460.4827173651647 233.0868791236542 381
777 352.3193020616387 172.9314065853422 381
778 411.578125 234.526893252407 381
779 419.604692386037 38.18549394487161 380.9999999999999
780 277.266168387083 35.8056586987509 380.9999999999999
781 158.763027756357 235.2148921710875 381
782 158.7630277563574 34.28510782891257 380.9999999999999
783 393.0412940707286 80.86898374542608 380.9999999999999
784 416.8948269400708 176.0635504404668 381
785 78.02718532475524 31.54562904683485 380.9999999999999
786 78.02718532475518 237.9543709531652 381
787 84.0127491360937 152.4578357753398 380.9999999999999
788 228.7170024126965 151.7265233809269 380.9999999999999
789 461.9688540785588 202.5850669818472 381
790 284.0061419849474 104.0699697687164 380.9999999999999
791 357.3658118984155 31.73122684262998 380.9999999999999
792 421.0323756679962 103.9547041455886 380.9999999999999
793 217.8599954861501 31.15582068257839 380.9999999999999
794 112.1067388161176 73.12406404614839 380.9999999999999
795 466.4254420228551 140.4947996873792 380.9999999999999
796 373.5078510864845 140.0986442672472 380.9999999999999
797 259.5374365330599 239.7477202507129 381
798 407.7651449287162 140.1501495840825 380.9999999999999
799 28.80977327024021 146.3762478585074 380.9999999999999
800 327.2144916189805 159.9005887038444 380.9999999999999
801 305.8282555299991 28.78160701044629 380.9999999999999
802 79.13869687039409 116.1630135289151 380.9999999999999
803 246.1458714145064 197.9885927102383 381
804 407.4887275943107 201.87185300752 381
805 297.5902506899257 200.1974291735414 381
806 353.7756452570687 203.4069365461981 381
807 28.44699794424804 69.56675920301231 380.9999999999999
808 26.77664887970298 199.7348786288571 381
809 471.267272444957 63.19777263438135 380.9999999999999
810 25.91428168608127 243.9500980371308 381
811 26.51949928709354 28.87946195844938 380.9999999999999
812 329.2147042599257 75.4843190970418 380.9999999999999
813 131.4442476943433 26.16894312508822 380.9999999999999
814 131.4442476943427 243.3310568749119 381
815 117.2236284964432 197.9207561780978 381
816 355.9965509021608 114.4217853077066 380.9999999999999
817 148.840544550393 161.724358929797 381
818 27.07795196194735 118.8970588235294 380.9999999999999
819 313.4573237259239 129.3482920154981 380.9999999999999
820 370.0836872661376 241.7829459450848 381
821 191.7527560056539 193.5348500531135 381
822 193.1454571550078 75.29389952506671 380.9999999999999
823 378.7843732799221 188.1422596759366 381
824 217.1354093389901 117.8928610825411 380.9999999999999
825 171.3311022318602 127.3093306748538 380.9999999999999
826 209.161032344406 242.8779186758621 381
827 217.9720260017101 58.70685453970395 380.9999999999999
828 201.0615322816765 160.765362712711 380.9999999999999
829 360.5320781877871 58.43094682692484 380.9999999999999
830 57.89955449728211 73.46349775041486 380.9999999999999
831 57.89955449728222 196.0365022495851 381
832 260.0847376605833 142.2055640938846 380.9999999999999
833 120.7199347682171 142.4767394883101 380.9999999999999
834 435.862420817508 241.7640632647004 381
835 213.7229396404013 210.2739332098264 381
836 396.046875 24.30430628692056 380.9999999999999
837 55.19876790975093 245.5633107537737 381
838 55.19876790975087 23.93668924622619 380.9999999999999
839 86.11678576934349 212.0949485354178 381
840 86.11678576934395 57.40505146458236 380.9999999999999
841 471.9095902017936 115.5808092350294 380.9999999999999
842 431.6819698177103 153.5781090578793 380.9999999999999
843 102.1995319285695 100.4788229717439 380.9999999999999
844 471.1959336991054 24.01749061809522 380.9999999999999
845 275.9198777811749 186.8832856229101 381
846 284.0289813142267 244.8786184947304 381
847 252.6767905305701 23.46398300383413 380.9999999999999
848 325.4341807969984 244.3134959591395 381
849 153.2182554793665 110.1082413934828 380.9999999999999
850 181.3677739830119 245.7143489597084 381
851 181.2001841118067 24.09378283023989 380.9999999999999
852 333.4621349278199 23.45162573923812 380.9999999999999
853 263.1852060945465 63.47696689827748 380.9999999999999
854 102.3089712479848 22.86266901090403 380.9999999999999
855 102.3089712479845 246.6373309890963 381
856 59.86566617429838 160.8611506120417 380.9999999999999
857 439.2935817195233 22.45115581078664 380.9999999999999
858 171.6226504115013 209.0450344417239 381
859 171.7166573815242 61.37503120088812 380.9999999999999
860 376.7246674238347 96.63794628668629 380.9999999999999
861 407.0479638581181 56.55478693634635 380.9999999999999
862 306.0420944411204 52.51912172300629 380.9999999999999
863 333.2318019908138 116.5578830921595 380.9999999999999
864 131.8907668568372 217.9793992353622 381
865 131.0597238919389 51.78646390327606 380.9999999999999
866 169.5116053440263 149.1780827789427 380.9999999999999
867 265.4383192301597 118.6829168696007 380.9999999999999
868 304.7575719511875 149.8428165528726 380.9999999999999
869 392.3742125623019 246.9804663862853 381
870 237.8758211661602 100.5404258769562 380.9999999999999
871 280.6882512388291 157.4647363368245 380.9999999999999
872 239.6889286280145 72.6172926650587 380.9999999999999
873 305.4801922878391 80.71635952660495 380.9999999999999
874 324.6989560845436 218.3517299476206 381
875 99.25729126271165 171.0676944321521 381
876 474.7297333227086 178.0791619926934 381
877 198.9237856572527 97.0242529252935 380.9999999999999
878 446.6164630820836 61.95587351356582 380.9999999999999
879 158.9716800834914 87.07276332935209 380.9999999999999
880 22.30183304140422 164.7404159467569 381
881 237.777229117263 173.2727776387328 381
882 239.7067401333697 245.1723478362243 381
883 477.4210197181802 247.4177937377175 381
884 139.1535360405607 182.4358587971925 381
885 442.6726192974236 184.4377735455972 381
886 20.75765773108003 89.94950068086513 380.9999999999999
887 20.98974100623536 47.72075810136073 380.9999999999999
888 21.80991509184832 219.6368098430152 381
889 54.59459876555809 112.9548246279611 380.9999999999999
890 476.2620917718023 218.24345522133 381
891 127.3834139774447 117.2989486238541 380.9999999999999
892 160.6407981593314 186.1609754192352 381
893 77.83493440091348 133.2361160847708 380.9999999999999
894 63.68884244901813 94.022648760972 380.9999999999999
895 375.3631757430832 20.14284021508178 380.9999999999999
896 475.8570494692835 47.72252034839946 380.9999999999999
897 476.9396674322966 87.7578780845524 380.9999999999999
898 247.2385982623169 214.7580891087356 381
899 441.4180293733088 107.7580809837582 380.9999999999999
900 338.1236710376307 93.35499726773924 380.9999999999999
901 349.1002520379776 252.97475156199 381
902 369.6170982927384 158.5461497605038 380.9999999999999
903 402.2992954586152 180.9552925559002 381
904 301.2150234986481 112.9106486069249 380.9999999999999
905 437.5698564364772 85.41427352434036 380.9999999999999
906 302.3887003560361 249.3832820053001 381
907 378.4505926663241 74.46684512465259 380.9999999999999
908 275.715191690016 83.86064272100219 380.9999999999999
909 226.3834479891055 132.0591613154823 380.9999999999999
910 132.870242629821 79.93609825613689 380.9999999999999
911 284.0340564297772 225.6966154218243 381
912 202.1817162756759 20.75814769412108 380.9999999999999
913 476.7515984952512 157.922828804098 380.9999999999999
914 234.5392442205298 20.00294040318016 380.9999999999999
915 101.0141087883085 200.1080744196451 381
916 420.5945408195992 121.5199773012032 380.9999999999999
917 453.1334732364712 214.4246248381809 381
918 289.1547632105721 19.96514378727079 380.9999999999999
919 313.6780082350839 180.2969220615864 381
920 411.7286914048721 160.9141396137028 380.9999999999999
921 107.9210873949331 150.4510090271003 380.9999999999999
922 437.5496164203914 44.04466710564961 380.9999999999999
923 147.3051267518146 251.7631840734995 381
924 147.3051267518146 17.7368159265003 380.9999999999999
925 363.0271062872478 219.1284290278301 381
926 193.3093339922156 119.2883381727741 380.9999999999999
927 337.9015429130606 180.6689301621966 381
928 66.61193026174158 55.95222723221863 380.9999999999999
929 66.99706222458315 214.8519158235418 381
930 401.9953846751958 98.2358912154524 380.9999999999999
931 66.43776379282269 175.4269281070718 381
932 391.0620836698647 143.3537950946925 380.9999999999999
933 398.9782216771163 219.356929825778 381
934 428.7236871287284 224.0071077931687 381
935 185.7075963313786 150.0044064095122 380.9999999999999
936 344.0942447673561 155.9037656866338 380.9999999999999
937 456.9321130360632 256.3126737948341 381
938 343.6008658168687 60.22399536594568 380.9999999999999
939 413.942829075197 14.59234044514199 380.9999999999999
940 254.442451100844 104.8208904847352 380.9999999999999
941 247.0357331803994 153.6435521873019 380.9999999999999
942 412.0187689955097 253.7020009146112 381
943 411.4927062387815 82.34748476951074 380.9999999999999
944 290.5850298493286 49.67861623692056 380.9999999999999
945 231.7636611438927 207.3236241840129 381
946 325.4294866846731 142.7315557704224 380.9999999999999
947 373.9880561728814 120.0564736882718 380.9999999999999
948 13.93130527001995 136.1922658005713 380.9999999999999
949 456.3546962414867 125.5045565148007 380.9999999999999
950 269.6074333084995 18.47848241922861 380.9999999999999
951 456.0576456799409 15.53921995310321 380.9999999999999
952 174.3391145932462 78.61828181376043 380.9999999999999
953 15.05960733196957 182.4984637322943 381
954 70.79176131389414 16.63717531012281 380.9999999999999
955 70.79176131389448 252.862824689877 381
956 451.046823329601 141.6360633883669 380.9999999999999
957 39.57974089556035 131.8518964663446 380.9999999999999
958 261.4000854787544 46.73824986519384 380.9999999999999
959 421.5010887962665 193.2188541732305 381
960 116.5391681842284 14.80205481077462 380.9999999999999
961 116.5391681842282 254.6979451892256 381
962 147.0714673337482 49.08497343603372 380.9999999999999
963 146.1258235288021 220.4474566649656 381
964 201.7441270194689 60.42547895964583 380.9999999999999
965 165.876566050104 16.97964797173563 380.9999999999999
966 165.1693514234231 252.7882371725968 381
967 193.4333132415426 176.5084393822494 381
968 319.1666441307588 15.45018359992326 380.9999999999999
969 348.6176284891233 15.77624573422531 380.9999999999999
970 341.1066925855798 213.4057948871909 381
971 138.2030346928008 149.6937073800385 380.9999999999999
972 173.8727366982322 225.3044619798667 381
973 173.8906919092798 44.29614547774645 380.9999999999999
974 224.5842738241747 254.907670562682 381
975 48.27217802756661 148.9402767306876 380.9999999999999
976 391.3491084218829 62.77664187573518 380.9999999999999
977 102.9331689049552 61.82285070183306 380.9999999999999
978 299.1340174103105 95.1359415546691 380.9999999999999
979 40.0569334815105 15.44158639620036 380.9999999999999
980 39.2534353438221 254.4158712517359 381
981 453.3254635745089 78.00869942543454 380.9999999999999
982 212.4961175912898 146.3220940626469 380.9999999999999
983 218.6999266128893 166.136137896528 381
984 215.5217308888423 227.2127178185544 381
985 480.7783446764322 130.6438129644622 380.9999999999999
986 356.9471021767737 146.5896083237113 380.9999999999999
987 83.55502335448443 169.7829128202177 381
988 110.6034426771437 182.1548760391017 381
989 344.8394076068328 42.92196534089095 380.9999999999999
990 309.4998763098107 214.1547402121248 381
991 270.9420930375711 253.6623963962415 381
992 402.4562700728608 40.11952497816054 380.9999999999999
993 194.5144464117387 254.5190427453663 381
994 143.4009868541571 121.2351058549534 380.9999999999999
995 413.9628106962548 217.0370617787607 381
996 14.10852330435318 103.3702028321501 380.9999999999999
997 263.634231635482 195.6189335372861 381
998 207.6125536194374 44.55657870614797 380.9999999999999
999 15.45100176318147 254.0520372647665 381
1000 16.60650656669418 16.58795114911175 380.9999999999999
1001 384.0229183209219 232.3992571977898 381
1002 92.33362038895626 227.7001886696492 381
1003 88.76856630370514 41.8716051591677 380.9999999999999
1004 486.0563400207851 198.1660488181637 381
1005 388.7931427054813 203.6173201002353 381
1006 62.5029412880578 38.61631070323631 380.9999999999999
1007 62.21726631554645 231.058533367968 381
1008 94.72207029548878 140.1321471013131 380.9999999999999
1009 369.9768809346882 44.04245007900772 380.9999999999999
1010 320.5240312297609 59.8349405183578 380.9999999999999
1011 227.9785825608512 43.38938182133234 380.9999999999999
1012 115.1758390466327 90.93885988950746 380.9999999999999
1013 435.5899629681196 169.6846356858951 381
1014 361.9459628173751 187.9410735623793 381
1015 483.7036894514463 102.3800768045296 380.9999999999999
1016 174.6720840724053 192.814624556038 381
1017 44.08016576098544 204.9037441111973 381
1018 42.30489651782409 77.78884561493203 380.9999999999999
1019 370.9579259036914 203.2930970521469 381
1020 458.8227811641078 184.5562925109056 381
1021 243.4123288083629 138.6870868684398 380.9999999999999
1022 446.1828138427182 227.9644716126489 381
1023 479.1573047741206 231.402338367128 381
1024 92.82988830705449 112.4429926955495 380.9999999999999
1025 87.56765192933983 15.76541402078055 380.9999999999999
1026 87.56765192933972 253.7345859792196 381
1027 423.268320505717 54.92633283167402 380.9999999999999
1028 282.6922662264706 119.6491873243975 380.9999999999999
1029 12.36231220940283 152.4951157186196 380.9999999999999
1030 357.1379021568375 130.2933753788145 380.9999999999999
1031 423.3860107851754 137.9492073329731 380.9999999999999
1032 125.6042498228235 66.07692193763251 380.9999999999999
1033 269.5749218163542 95.30726088220894 380.9999999999999
1034 322.1518866365648 32.61015215739133 380.9999999999999
1035 98.13851734578373 85.8492672535337 380.9999999999999
1036 427.8768707292369 255.6961630402545 381
1037 379.7328167336045 255.0712040150863 381
1038 219.8569487267956 15.80084234215315 380.9999999999999
1039 270.4740785058048 225.5779183604907 381
1040 230.4284597432191 86.72371672099007 380.9999999999999
1041 446.656466836715 200.8281258221695 381
1042 71.37133771494609 200.8666373877846 381
1043 74.66539589852073 70.25235884099601 380.9999999999999
1044 273.1097797960664 170.9776628166007 381
1045 378.7911667375303 170.3653769487507 381
1046 483.2137815422601 74.13226155749166 380.9999999999999
1047 253.9114167824046 255.9292545159684 381
1048 69.05079400980077 145.2230235269207 380.9999999999999
1049 81.76068421254479 97.40520390612119 380.9999999999999
1050 42.73928695024119 62.67147913616085 380.9999999999999
1051 40.95309511819721 189.7900261780111 381
1052 115.5903537291532 107.5286226484031 380.9999999999999
1053 290.9788688350571 186.8387226550059 381
1054 207.0298849578893 196.3881223311339 381
1055 198.6484856635547 209.110041184072 381
1056 281.7881712544674 201.2926275912166 381
1057 398.8524468006158 128.3856312903744 380.9999999999999
1058 116.4155464214145 237.1456175817124 381
1059 116.4668162285102 32.36749344891871 380.9999999999999
1060 43.75972932712506 237.2113339599562 381
1061 44.34040779863767 33.84193030766897 380.9999999999999
1062 333.2254955374176 256.1432132806497 381
1063 289.6020989929717 79.18994027209908 380.9999999999999
1064 339.9023917469669 196.7203175547106 381
1065 14.06311049123678 74.39497941604975 380.9999999999999
1066 245.8417995609673 228.9874972627749 381
1067 311.4517963990824 164.4268173722025 381
1068 303.9736825742659 12.83938687952809 380.9999999999999
1069 456.0227480875616 108.4371429352194 380.9999999999999
1070 460.8830114964408 155.380270931166 380.9999999999999
1071 193.9147261957817 238.5607259130826 381
1072 311.6332262186985 196.3736432890468 381
1073 428.9341681257498 12.04564393829696 380.9999999999999
1074 364.2168842726763 254.5230513722916 381
1075 14.78632661324013 35.38043663392878 380.9999999999999
1076 14.1944130819295 230.5074564041697 381
1077 131.9382441459578 12.24509603409126 380.9999999999999
1078 131.9382441459578 257.2549039659088 381
1079 109.6718817440357 209.3023040373372 381
1080 442.5606465992691 255.6233928363973 381
1081 408.0375994302637 112.7199274200831 380.9999999999999
1082 42.08071788800089 111.9885845809829 380.9999999999999
1083 351.9165875676398 99.51439312672463 380.9999999999999
1084 14.79371243810965 207.1148293457112 381
1085 374.2607130784395 59.83869317930552 380.9999999999999
1086 35.86009508789402 161.8941232806282 381
1087 157.6695744273426 123.9148368916115 380.9999999999999
1088 209.0143104419907 73.13243479729721 380.9999999999999
1089 230.038138343895 192.3218638207829 381
1090 344.677805317703 76.82587856119815 380.9999999999999
1091 251.141634008726 180.8050945742203 381
1092 146.4527619293799 95.14417165868019 380.9999999999999
1093 154.4509735603667 149.2136720898095 380.9999999999999
1094 143.8412226342709 234.0720056553347 381
1095 143.4571396232535 33.33255653593051 380.9999999999999
1096 167.0671013568376 113.1318353422866 380.9999999999999
1097 292.0229545804945 34.37787411722869 380.9999999999999
1098 186.7542796754694 90.19121220938734 380.9999999999999
1099 135.2586718951242 201.0325434295547 381
1100 65.32355246216468 122.2549629988642 380.9999999999999
1101 275.3324676900055 55.06898675333906 380.9999999999999
1102 186.5587215283611 60.87892674634276 380.9999999999999
1103 132.6805748819449 132.3275329228867 380.9999999999999
1104 319.2587699722495 87.34720911891037 380.9999999999999
1105 163.5721689657917 162.6554162503017 381
1106 329.6872473475702 129.359961176953 380.9999999999999
1107 319.304059922918 115.1012695484359 380.9999999999999
1108 460.0530658007498 53.96476533484361 380.9999999999999
1109 240.493236340457 33.85617357102956 380.9999999999999
1110 384.0017664142807 32.67524295440225 380.9999999999999
1111 231.3647261688145 114.0745867437291 380.9999999999999
1112 271.7159701215141 131.3340016857891 380.9999999999999
1113 224.6237768711606 72.18871302515043 380.9999999999999
1114 482.809266566653 35.01157228047461 380.9999999999999
1115 301.177176416192 137.7846292475522 380.9999999999999
1116 185.5130801110472 134.5829331203898 380.9999999999999
1117 92.92427906076739 71.60441485292128 380.9999999999999
1118 205.6959796721757 122.0949600635151 380.9999999999999
1119 193.1396657092803 32.39023901553364 380.9999999999999
1120 482.6920574208459 144.7433008880488 380.9999999999999
1121 221.3874550178433 100.7299319377192 380.9999999999999
1122 13.53022979657192 120.8453994329166 380.9999999999999
1123 136.0688576388496 168.452707035729 381
1124 316.2221608329696 256.3310161700624 381
1125 108.5469160979006 137.7013971075272 380.9999999999999
1126 363.6219773780318 14.62313149369743 380.9999999999999
1127 209.5638932257599 258.1236057568657 381
1128 302.275520638784 65.87406247367056 380.9999999999999
1129 403.6664074387423 70.41683609515022 380.9999999999999
1130 265.4063762678498 155.7665259397046 380.9999999999999
1131 385.5215386491486 129.745400893807 380.9999999999999
1132 34.52827088801723 214.5111245864397 381
1133 256.2845062451852 128.9050125801726 380.9999999999999
1134 224.1346371573781 239.6994971869007 381
1135 483.7923897992063 12.78213614998356 380.9999999999999
1136 162.0811621767248 71.47997266018913 380.9999999999999
1137 424.2787808799937 88.31658813929528 380.9999999999999
1138 356.3733790218482 236.4330293773476 381
1139 330.5359026098401 232.2526266986636 381
1140 289.1458999513057 258.0788944802473 381
1141 234.307106995255 57.79719927268761 380.9999999999999
1142 161.8861064685141 198.7946889999677 381
1143 295.7319488897014 161.2535720689222 381
1144 387.1612838661935 13.75062307588786 380.9999999999999
1145 125.4755936564292 184.8248921861124 381
1146 294.0564843172227 215.7563873215823 381
1147 207.2803520383981 174.5741383868787 381
1148 397.7417636038723 234.2240561221132 381
1149 188.1401566592351 163.1772524320349 381
1150 76.40548178952076 45.07816472120794 380.9999999999999
1151 77.13838400463692 224.7319914699484 381
1152 36.02250679277063 46.70875972472135 380.9999999999999
1153 123.4046887697771 157.1274513542065 380.9999999999999
1154 422.5206595624038 242.925855414459 381
1155 252.8744281305289 75.45558101398962 380.9999999999999
1156 249.6047340520487 60.05614491230881 380.9999999999999
1157 439.5870693733439 72.79909819494014 380.9999999999999
1158 54.02848566210582 183.0679221916447 381
1159 445.4189088878065 155.889605451153 380.9999999999999
1160 191.8336113031907 13.87746197892778 380.9999999999999
1161 178.6093750000001 258.565275988488 381
1162 468.9299600708731 102.1809189244503 380.9999999999999
1163 30.74558275060548 178.8594544942125 381
1164 255.7190895163652 10.70430290891926 380.9999999999999
1165 29.26052299448065 99.84341588297025 380.9999999999999
1166 485.6958377994471 117.5647051878908 380.9999999999999
1167 423.2692434029846 162.4874924374393 381
1168 467.2159849722664 37.49533228527781 380.9999999999999
1169 93.29810902575502 184.8056750019187 381
1170 360.2450389079846 72.0065255270498 380.9999999999999
1171 484.6470473843516 168.8943871849842 381
1172 387.8804575749168 97.4832394006574 380.9999999999999
1173 484.8676206913001 59.20462855511332 380.9999999999999
1174 54.79254291349349 258.3684013390773 381
1175 54.95324254103105 11.20309019050984 380.9999999999999
1176 116.3442371672835 57.11192435750775 380.9999999999999
1177 441.9133291050428 10.00720394043736 380.9999999999999
1178 160.9814431965523 53.70950555013189 380.9999999999999
1179 160.4753805100872 215.6237991211418 381
1180 48.32916819571335 162.3125635631222 381
1181 162.0286934076861 99.440279723109 380.9999999999999
1182 432.0700647464556 113.1992351557778 380.9999999999999
1183 146.3564655934971 80.42314088753503 380.9999999999999
1184 162.345070905606 137.193368125549 380.9999999999999
1185 274.77129168802 70.59815467902695 380.9999999999999
1186 317.9532214980087 230.7305046402219 381
1187 343.7048517122412 30.74709206721798 380.9999999999999
1188 339.0516603827355 242.6029756580038 381
1189 451.2313995979065 243.05629466993 381
1190 343.8928427482309 123.0853558499099 380.9999999999999
1191 184.8029328342915 210.9413252265891 381
1192 381.6749236381189 152.723918662633 380.9999999999999
1193 13.43591638184421 58.83847340711691 380.9999999999999
1194 357.5113002644973 161.3215698748444 381
1195 369.4516048711643 86.1008643308092 380.9999999999999
1196 89.18723960619116 125.4214400774691 380.9999999999999
1197 53.67518574212852 86.15030013591027 380.9999999999999
1198 467.3388191598972 167.1582130744449 381
1199 416.6487276209429 150.8074787776013 380.9999999999999
1200 99.63496906587085 214.4288577565823 381
1201 396.2055934462021 258.5561500458923 381
1202 224.4471400563396 217.9039885407038 381
1203 328.1051757622699 103.626965762766 380.9999999999999
1204 451.2809041251747 30.59256190834338 380.9999999999999
1205 86.0211518078163 196.9038715005088 381
1206 370.5856831942417 229.4532449896708 381
1207 400.9603669962768 13.05145887898436 380.9999999999999
1208 151.9663980455277 175.0992726570972 381
1209 333.8688936273165 10.54377030209378 380.9999999999999
1210 212.4712863871599 131.5060244418153 380.9999999999999
1211 315.4658248061053 44.19613368698268 380.9999999999999
1212 101.3160246287299 10.36575830172569 380.9999999999999
1213 101.3160246287298 259.1342416982745 381
1214 485.9060399029248 183.0056858667662 381
1215 69.94672343633238 82.70355741113866 380.9999999999999
1216 349.1689689592221 188.3337328821654 381
1217 263.1238511461616 32.5169252248221 380.9999999999999
1218 31.59135095914928 228.3645648492566 381
1219 292.2717220066106 234.9411000703847 381
1220 179.2258222930202 10.99017855618064 380.9999999999999
1221 202.4143101908236 85.9974922930331 380.9999999999999
1222 366.4638676943487 101.7650875030929 380.9999999999999
1223 109.9563515506208 163.9460365082575 381
1224 272.3753646303775 239.486606202069 381
1225 203.4930402771238 220.4177341838652 381
1226 484.7248087101182 257.1842763315925 381
1227 467.2593190712795 76.97474143276358 380.9999999999999
1228 121.6366681176023 225.4432845042639 381
1229 121.2226997231957 45.46850781042792 380.9999999999999
1230 434.247603522181 31.96269618837258 380.9999999999999
1231 390.5343099248846 177.8163614070771 381
1232 402.8222070715149 153.0194314692877 380.9999999999999
1233 90.95694265201007 240.1860548840974 381
1234 91.82778386097652 29.3870153285805 380.9999999999999
1235 409.9669395355753 189.0192703672649 381
1236 177.1877725536556 157.9773622989142 380.9999999999999
1237 468.1851702208281 12.35049361026768 380.9999999999999
1238 320.5789388657754 205.3980565190448 381
1239 277.7101897044344 144.0798672855488 380.9999999999999
1240 190.2882279204898 105.5915284078151 380.9999999999999
1241 244.8807748534931 10.83424526318669 380.9999999999999
1242 54.6707740717269 60.66493995552671 380.9999999999999
1243 73.24459481669373 159.8791893080021 380.9999999999999
1244 380.8321498789932 108.2110013097845 380.9999999999999
1245 171.3788734333447 238.1761587156137 381
1246 171.4894165940932 31.29888401138004 380.9999999999999
1247 436.7908001294907 59.40808023355601 380.9999999999999
1248 302.0787031205719 41.37247563236576 380.9999999999999
1249 219.7689305216962 198.2160538918615 381
1250 341.8777716681244 108.426896734501 380.9999999999999
1251 315.7437466239944 73.53625670806858 380.9999999999999
1252 149.9145748010291 191.4099332953811 381
1253 337.4433781448708 168.1941737513764 381
1254 463.9222553575729 220.5449967836875 381
1255 409.4200427483584 25.79878778438183 380.9999999999999
1256 291.2322105333907 147.5292702486201 380.9999999999999
1257 28.32688981506789 57.10124591447442 380.9999999999999
1258 121.9500403614207 210.5713073126778 381
1259 487.5306035321805 214.014705882353 381
1260 66.30986429151631 107.2838288703255 380.9999999999999
1261 53.52842110118638 100.9110173187157 380.9999999999999
1262 182.2424621837333 181.9223810781719 381
1263 51.2286002172105 123.3673358342385 380.9999999999999
1264 137.0421980343471 62.81933776449432 380.9999999999999
1265 205.5283607361966 32.34437135704511 380.9999999999999
1266 433.7197647268034 99.22273576175598 380.9999999999999
1267 208.3871143058344 10.39293841471465 380.9999999999999
1268 30.29550534236176 81.7683564371203 380.9999999999999
1269 468.8670182856419 128.0559946004178 380.9999999999999
1270 264.5687548140747 77.90579147344093 380.9999999999999
1271 9.305607645110854 87.19117647058809 380.9999999999999
1272 198.2675955707062 146.0674666469802 380.9999999999999
1273 396.5223557794319 190.8036798410263 381
1274 257.5830789848231 222.9633065183128 381
1275 316.4457358815487 152.6797750591487 380.9999999999999
1276 102.4665444990972 234.6102405947846 381
1277 101.6304450411805 36.67551638737996 380.9999999999999
1278 369.8504210354915 30.13945647700086 380.9999999999999
1279 105.1819676214561 114.5686933555851 380.9999999999999
1280 381.1737583695674 86.3525078601657 380.9999999999999
1281 302.8737600676928 186.7040123021226 381
1282 401.5301317170358 168.4123850323969 381
1283 470.7907641494683 257.3321912866938 381
1284 415.0060534234743 65.83958983456822 380.9999999999999
1285 246.3094963063729 167.0064659056121 381
1286 183.1141875000536 233.3676653073676 381
1287 230.0403845664091 31.32328421391964 380.9999999999999
1288 366.2714530502711 175.1590631084302 381
1289 487.6296902656721 245.5035656129999 381
1290 11.12878095179894 196.3398026445993 381
1291 312.253458931905 142.4774137290988 380.9999999999999
1292 9.34279758734192 166.4749550486329 381
1293 252.636748670098 37.06906462562449 380.9999999999999
1294 285.7562867660287 173.7876089479483 381
1295 445.3967560536427 118.2365186073448 380.9999999999999
1296 257.4067851803964 207.7592982283587 381
1297 239.9342361479898 259.0018545829749 381
1298 55.87316691385161 207.9676578539418 381
1299 26.69710569437586 258.1570002000049 381
1300 27.41649327221916 11.41559217999605 380.9999999999999
1301 244.1605793221217 89.36279185974252 380.9999999999999
1302 96.57076216572204 157.9729392773968 380.9999999999999
1303 441.3370207859493 216.9335492351282 381
1304 413.0943117056833 47.44653467276311 380.9999999999999
1305 396.4659804262079 51.6899258581762 380.9999999999999
1306 173.6413450328134 138.180773603973 380.9999999999999
1307 271.2308200717551 108.5060450659317 380.9999999999999
1308 447.3193016766156 51.54651369052294 380.9999999999999
1309 447.3130958473506 95.18348882645876 380.9999999999999
1310 296.6170722417189 126.5813047435454 380.9999999999999
1311 473.6228175676271 192.1320250833744 381
1312 265.5704503223187 180.204618011388 381
1313 66.55874521598679 241.859759941196 381
1314 66.63016395911455 27.68395107660507 380.9999999999999
1315 206.2094087391157 109.304420348392 380.9999999999999
1316 424.2404862628411 24.1726863519753 380.9999999999999
1317 280.128985350058 215.1788689079322 381
1318 132.701828580004 39.38694236311753 380.9999999999999
1319 132.701828580002 230.1130576368827 381
1320 55.11472708378864 171.6550543819999 381
1321 252.3107048901537 117.3960521446745 380.9999999999999
1322 334.2448110107523 35.31135023343165 380.9999999999999
1323 235.2589134215075 162.4939296238408 381
1324 209.9680203064798 95.24056549247905 380.9999999999999
1325 334.6478403786898 149.0468955254317 380.9999999999999
1326 236.4140037903476 218.9974909265057 381
1327 115.9305384618887 125.2906950176234 380.9999999999999
1328 325.55630908528 174.119218045753 381
1329 238.7639823659557 184.5256200980043 381
1330 25.5513231775318 130.7520146078365 380.9999999999999
1331 331.4139985152225 206.8822929231203 381
1332 433.8467389670782 195.3400170947479 381
1333 430.1010473937918 183.7489661879875 381
1334 401.9836927215772 245.5979133442618 381
1335 487.3414503044909 24.25400265415112 380.9999999999999
1336 413.2120085737774 96.20372962009048 380.9999999999999
1337 202.5889368434781 185.0087116762243 381
1338 182.1132565879979 35.67522988603844 380.9999999999999
1339 243.5430933875606 111.7703041678504 380.9999999999999
1340 465.8211624839311 244.4303881797127 381
1341 140.6871180613877 107.7426223048338 380.9999999999999
1342 423.0452920811188 205.42252501493 381
1343 66.10722463760669 188.6902717138693 381
1344 355.9462987469475 47.40803900396497 380.9999999999999
1345 474.2531569166774 206.3998943298701 381
1346 227.184483904264 176.4381114212956 381
1347 10.56298709489988 217.4643919015118 381
1348 381.4173387254443 243.5737659931311 381
1349 168.5575505112271 178.0969387630794 381
1350 488.8491946833046 87.1911764705882 380.9999999999999
1351 350.61432486029 220.6372566336275 381
1352 171.1857568586316 90.93592406155039 380.9999999999999
1353 283.9265583974019 91.37192513132746 380.9999999999999
1354 437.1521033350552 142.7707786660595 380.9999999999999
1355 98.10226586925018 49.54079614306437 380.9999999999999
1356 411.194623285069 128.2673757603218 380.9999999999999
1357 204.241556669512 231.7810976902874 381
1358 9.422652952555154 25.37653723989035 380.9999999999999
1359 10.6292860623289 244.0282419566964 381
1360 313.3365105061075 242.4281363676741 381
1361 280.5401365283121 11.20156349096965 380.9999999999999
1362 7.765625 7.92647058823519 380.9999999999999
1363 7.758313753934203 261.6104261356384 381
1364 179.8143665153323 116.6005449165826 380.9999999999999
1365 302.8166134496205 261.2912525513066 381
1366 459.7043167947157 66.82037046819778 380.9999999999999
$EndNodes
$Elements
2624
1 2 2 1 1 141 142 30
2 2 2 1 1 232 238 12
3 2 2 1 1 145 33 144
4 2 2 1 1 1 236 179
5 2 2 1 1 147 34 146
6 2 2 1 1 139 140 29
7 2 2 1 1 30 142 31
8 2 2 1 1 144 33 32
9 2 2 1 1 176 233 175
10 2 2 1 1 152 38 151
11 2 2 1 1 173 234 172
12 2 2 1 1 9 243 48
13 2 2 1 1 147 35 34
14 2 2 1 1 134 135 25
15 2 2 1 1 28 139 29
16 2 2 1 1 170 235 169
17 2 2 1 1 159 44 158
18 2 2 1 1 232 243 9
19 2 2 1 1 167 237 166
20 2 2 1 1 157 42 156
21 2 2 1 1 152 39 38
22 2 2 1 1 178 236 177
23 2 2 1 1 132 133 23
24 2 2 1 1 24 134 25
25 2 2 1 1 154 40 153
26 2 2 1 1 158 44 43
27 2 2 1 1 177 236 231
28 2 2 1 1 157 43 42
29 2 2 1 1 23 133 24
30 2 2 1 1 153 40 39
31 2 2 1 1 162 47 46
32 2 2 1 1 28 27 138
33 2 2 1 1 148 36 35
34 2 2 1 1 143 32 31
35 2 2 1 1 162 46 161
36 2 2 1 1 12 238 13
37 2 2 1 1 27 137 138
38 2 2 1 1 9 48 47
39 2 2 1 1 231 233 176
40 2 2 1 1 149 36 148
41 2 2 1 1 230 234 173
42 2 2 1 1 229 235 170
43 2 2 1 1 31 142 143
44 2 2 1 1 144 32 143
45 2 2 1 1 228 237 167
46 2 2 1 1 148 35 147
47 2 2 1 1 138 139 28
48 2 2 1 1 9 47 162
49 2 2 1 1 153 39 152
50 2 2 1 1 133 134 24
51 2 2 1 1 158 43 157
52 2 2 1 1 165 227 164
53 2 2 1 1 168 228 167
54 2 2 1 1 22 236 1
55 2 2 1 1 171 229 170
56 2 2 1 1 174 230 173
57 2 2 1 1 177 231 176
58 2 2 1 1 230 242 20
59 2 2 1 1 229 241 18
60 2 2 1 1 163 232 9
61 2 2 1 1 228 240 16
62 2 2 1 1 227 239 14
63 2 2 1 1 14 239 237
64 2 2 1 1 231 236 22
65 2 2 1 1 16 240 235
66 2 2 1 1 18 241 234
67 2 2 1 1 21 231 22
68 2 2 1 1 20 242 233
69 2 2 1 1 19 230 20
70 2 2 1 1 17 229 18
71 2 2 1 1 15 228 16
72 2 2 1 1 13 227 14
73 2 2 1 1 227 238 164
74 2 2 1 1 165 239 227
75 2 2 1 1 168 240 228
76 2 2 1 1 171 241 229
77 2 2 1 1 174 242 230
78 2 2 1 1 13 238 227
79 2 2 1 1 14 237 15
80 2 2 1 1 16 235 17
81 2 2 1 1 18 234 19
82 2 2 1 1 20 233 21
83 2 2 1 1 233 242 175
84 2 2 1 1 33 244 34
85 2 2 1 1 29 245 30
86 2 2 1 1 164 238 163
87 2 2 1 1 234 241 172
88 2 2 1 1 163 238 232
89 2 2 1 1 37 246 38
90 2 2 1 1 25 247 26
91 2 2 1 1 235 240 169
92 2 2 1 1 44 248 45
93 2 2 1 1 41 249 42
94 2 2 1 1 237 239 166
95 2 2 1 1 3 250 23
96 2 2 1 1 149 255 36
97 2 2 1 1 40 251 41
98 2 2 1 1 27 253 137
99 2 2 1 1 45 252 46
100 2 2 1 1 26 253 27
101 2 2 1 1 36 255 37
102 2 2 1 1 21 233 231
103 2 2 1 1 46 252 161
104 2 2 1 1 19 234 230
105 2 2 1 1 17 235 229
106 2 2 1 1 154 251 40
107 2 2 1 1 15 237 228
108 2 2 1 1 2 243 12
109 2 2 1 1 23 250 132
110 2 2 1 1 42 249 156
111 2 2 1 1 159 248 44
112 2 2 1 1 8 250 3
113 2 2 1 1 135 247 25
114 2 2 1 1 38 246 151
115 2 2 1 1 48 243 2
116 2 2 1 1 140 245 29
117 2 2 1 1 34 244 146
118 2 2 1 1 145 244 33
119 2 2 1 1 30 245 141
120 2 2 1 1 178 254 236
121 2 2 1 1 236 254 179
122 2 2 1 1 166 239 165
123 2 2 1 1 169 240 168
124 2 2 1 1 172 241 171
125 2 2 1 1 175 242 174
126 2 2 1 1 179 254 10
127 2 2 1 1 146 244 145
128 2 2 1 1 141 245 140
129 2 2 1 1 151 246 150
130 2 2 1 1 136 247 135
131 2 2 1 1 160 248 159
132 2 2 1 1 10 254 178
133 2 2 1 1 156 249 155
134 2 2 1 1 132 250 8
135 2 2 1 1 155 251 154
136 2 2 1 1 161 252 160
137 2 2 1 1 137 253 136
138 2 2 1 1 150 255 149
139 2 2 1 1 12 243 232
140 2 2 1 1 136 253 247
141 2 2 1 1 246 255 150
142 2 2 1 1 160 252 248
143 2 2 1 1 249 251 155
144 2 2 1 1 247 253 26
145 2 2 1 1 37 255 246
146 2 2 1 1 248 252 45
147 2 2 1 1 41 251 249
148 2 2 1 2 274 286 257
149 2 2 1 2 50 278 49
150 2 2 1 2 74 281 75
151 2 2 1 2 59 279 58
152 2 2 1 2 62 296 272
153 2 2 1 2 273 295 78
154 2 2 1 2 272 294 62
155 2 2 1 2 78 293 273
156 2 2 1 2 268 299 264
157 2 2 1 2 266 312 270
158 2 2 1 2 51 304 269
159 2 2 1 2 287 304 53
160 2 2 1 2 286 308 257
161 2 2 1 2 302 312 266
162 2 2 1 2 74 288 281
163 2 2 1 2 268 311 299
164 2 2 1 2 50 289 278
165 2 2 1 2 279 290 58
166 2 2 1 2 269 289 51
167 2 2 1 2 271 298 258
168 2 2 1 2 53 304 52
169 2 2 1 2 275 303 258
170 2 2 1 2 266 303 275
171 2 2 1 2 68 277 69
172 2 2 1 2 275 302 266
173 2 2 1 2 52 304 51
174 2 2 1 2 271 306 264
175 2 2 1 2 272 284 261
176 2 2 1 2 273 283 262
177 2 2 1 2 264 285 271
178 2 2 1 2 264 306 268
179 2 2 1 2 290 312 57
180 2 2 1 2 73 311 288
181 2 2 1 2 78 295 77
182 2 2 1 2 61 296 62
183 2 2 1 2 79 293 78
184 2 2 1 2 62 294 63
185 2 2 1 2 258 303 271
186 2 2 1 2 261 294 272
187 2 2 1 2 262 295 273
188 2 2 1 2 68 305 277
189 2 2 1 2 259 286 274
190 2 2 1 2 70 276 71
191 2 2 1 2 268 292 263
192 2 2 1 2 275 316 302
193 2 2 1 2 269 291 260
194 2 2 1 2 263 288 268
195 2 2 1 2 54 316 287
196 2 2 1 2 260 289 269
197 2 2 1 2 270 297 266
198 2 2 1 2 274 298 259
199 2 2 1 2 258 298 274
200 2 2 1 2 259 285 276
201 2 2 1 2 274 307 258
202 2 2 1 2 257 301 274
203 2 2 1 2 51 289 50
204 2 2 1 2 58 290 57
205 2 2 1 2 73 288 74
206 2 2 1 2 54 287 53
207 2 2 1 2 271 310 306
208 2 2 1 2 276 300 259
209 2 2 1 2 267 308 286
210 2 2 1 2 270 312 290
211 2 2 1 2 285 298 271
212 2 2 1 2 290 309 270
213 2 2 1 2 261 309 290
214 2 2 1 2 258 317 275
215 2 2 1 2 288 311 268
216 2 2 1 2 283 291 257
217 2 2 1 2 284 292 256
218 2 2 1 2 66 282 67
219 2 2 1 2 287 316 275
220 2 2 1 2 306 310 256
221 2 2 1 2 276 285 264
222 2 2 1 2 277 305 267
223 2 2 1 2 265 304 287
224 2 2 1 2 260 293 278
225 2 2 1 2 280 295 262
226 2 2 1 2 279 294 261
227 2 2 1 2 263 296 281
228 2 2 1 2 262 319 280
229 2 2 1 2 256 309 284
230 2 2 1 2 277 286 259
231 2 2 1 2 282 319 262
232 2 2 1 2 267 286 277
233 2 2 1 2 276 299 71
234 2 2 1 2 297 309 256
235 2 2 1 2 277 300 69
236 2 2 1 2 281 288 263
237 2 2 1 2 268 306 292
238 2 2 1 2 283 318 262
239 2 2 1 2 278 289 260
240 2 2 1 2 261 290 279
241 2 2 1 2 291 313 257
242 2 2 1 2 70 300 276
243 2 2 1 2 259 300 277
244 2 2 1 2 283 315 291
245 2 2 1 2 308 318 283
246 2 2 1 2 284 314 292
247 2 2 1 2 267 305 282
248 2 2 1 2 257 313 301
249 2 2 1 2 264 299 276
250 2 2 1 2 282 318 267
251 2 2 1 2 280 319 65
252 2 2 1 2 297 310 266
253 2 2 1 2 282 305 67
254 2 2 1 2 69 300 70
255 2 2 1 2 266 310 303
256 2 2 1 2 296 314 272
257 2 2 1 2 263 314 296
258 2 2 1 2 260 315 293
259 2 2 1 2 293 315 273
260 2 2 1 2 281 320 75
261 2 2 1 2 65 322 280
262 2 2 1 2 278 323 49
263 2 2 1 2 59 321 279
264 2 2 1 2 259 298 285
265 2 2 1 2 65 319 66
266 2 2 1 2 71 299 72
267 2 2 1 2 265 313 304
268 2 2 1 2 279 326 294
269 2 2 1 2 296 325 281
270 2 2 1 2 280 324 295
271 2 2 1 2 293 327 278
272 2 2 1 2 56 302 55
273 2 2 1 2 66 319 282
274 2 2 1 2 304 313 269
275 2 2 1 2 287 317 265
276 2 2 1 2 257 308 283
277 2 2 1 2 67 305 68
278 2 2 1 2 262 318 282
279 2 2 1 2 292 306 256
280 2 2 1 2 284 309 261
281 2 2 1 2 6 320 60
282 2 2 1 2 76 322 7
283 2 2 1 2 64 321 5
284 2 2 1 2 4 323 80
285 2 2 1 2 301 307 274
286 2 2 1 2 265 317 307
287 2 2 1 2 291 315 260
288 2 2 1 2 292 314 263
289 2 2 1 2 299 311 72
290 2 2 1 2 273 315 283
291 2 2 1 2 272 314 284
292 2 2 1 2 322 324 280
293 2 2 1 2 281 325 320
294 2 2 1 2 278 327 323
295 2 2 1 2 321 326 279
296 2 2 1 2 56 312 302
297 2 2 1 2 302 316 55
298 2 2 1 2 76 324 322
299 2 2 1 2 320 325 60
300 2 2 1 2 323 327 80
301 2 2 1 2 64 326 321
302 2 2 1 2 60 325 61
303 2 2 1 2 77 324 76
304 2 2 1 2 63 326 64
305 2 2 1 2 80 327 79
306 2 2 1 2 270 309 297
307 2 2 1 2 265 307 301
308 2 2 1 2 72 311 73
309 2 2 1 2 57 312 56
310 2 2 1 2 55 316 54
311 2 2 1 2 269 313 291
312 2 2 1 2 7 322 65
313 2 2 1 2 49 323 4
314 2 2 1 2 5 321 59
315 2 2 1 2 75 320 6
316 2 2 1 2 256 310 297
317 2 2 1 2 275 317 287
318 2 2 1 2 303 310 271
319 2 2 1 2 307 317 258
320 2 2 1 2 301 313 265
321 2 2 1 2 79 327 293
322 2 2 1 2 294 326 63
323 2 2 1 2 61 325 296
324 2 2 1 2 295 324 77
325 2 2 1 2 267 318 308
326 2 2 1 3 369 385 339
327 2 2 1 3 344 412 355
328 2 2 1 3 356 399 78
329 2 2 1 3 78 400 356
330 2 2 1 3 382 388 86
331 2 2 1 3 364 408 337
332 2 2 1 3 385 395 339
333 2 2 1 3 361 406 335
334 2 2 1 3 335 406 362
335 2 2 1 3 337 380 364
336 2 2 1 3 344 448 377
337 2 2 1 3 353 380 337
338 2 2 1 3 337 408 386
339 2 2 1 3 92 366 91
340 2 2 1 3 94 367 93
341 2 2 1 3 360 416 20
342 2 2 1 3 20 411 360
343 2 2 1 3 383 395 351
344 2 2 1 3 339 395 383
345 2 2 1 3 372 414 104
346 2 2 1 3 347 391 379
347 2 2 1 3 103 372 104
348 2 2 1 3 14 432 402
349 2 2 1 3 379 391 340
350 2 2 1 3 358 436 330
351 2 2 1 3 106 384 375
352 2 2 1 3 364 380 328
353 2 2 1 3 356 381 341
354 2 2 1 3 358 387 335
355 2 2 1 3 330 387 358
356 2 2 1 3 331 390 359
357 2 2 1 3 394 436 358
358 2 2 1 3 94 423 367
359 2 2 1 3 366 422 91
360 2 2 1 3 359 389 331
361 2 2 1 3 335 389 359
362 2 2 1 3 345 412 365
363 2 2 1 3 84 370 83
364 2 2 1 3 362 421 348
365 2 2 1 3 347 420 361
366 2 2 1 3 335 387 361
367 2 2 1 3 78 399 79
368 2 2 1 3 336 394 358
369 2 2 1 3 77 400 78
370 2 2 1 3 362 389 335
371 2 2 1 3 359 390 336
372 2 2 1 3 342 408 364
373 2 2 1 3 355 412 329
374 2 2 1 3 337 392 353
375 2 2 1 3 365 403 345
376 2 2 1 3 368 409 334
377 2 2 1 3 86 388 85
378 2 2 1 3 365 432 403
379 2 2 1 3 355 429 100
380 2 2 1 3 335 433 358
381 2 2 1 3 376 383 89
382 2 2 1 3 362 454 421
383 2 2 1 3 420 455 361
384 2 2 1 3 336 390 366
385 2 2 1 3 358 433 336
386 2 2 1 3 331 441 390
387 2 2 1 3 367 394 336
388 2 2 1 3 105 384 106
389 2 2 1 3 342 388 382
390 2 2 1 3 14 402 13
391 2 2 1 3 336 433 359
392 2 2 1 3 376 401 339
393 2 2 1 3 349 401 376
394 2 2 1 3 397 417 334
395 2 2 1 3 361 387 347
396 2 2 1 3 351 398 382
397 2 2 1 3 382 398 342
398 2 2 1 3 341 399 356
399 2 2 1 3 355 405 344
400 2 2 1 3 359 433 335
401 2 2 1 3 405 448 344
402 2 2 1 3 348 389 362
403 2 2 1 3 397 427 354
404 2 2 1 3 352 414 372
405 2 2 1 3 375 393 348
406 2 2 1 3 338 393 375
407 2 2 1 3 333 371 370
408 2 2 1 3 367 423 350
409 2 2 1 3 349 422 366
410 2 2 1 3 106 375 107
411 2 2 1 3 375 384 338
412 2 2 1 3 100 429 101
413 2 2 1 3 89 383 88
414 2 2 1 3 337 386 372
415 2 2 1 3 372 386 352
416 2 2 1 3 338 385 369
417 2 2 1 3 366 404 336
418 2 2 1 3 336 404 367
419 2 2 1 3 332 398 395
420 2 2 1 3 402 432 365
421 2 2 1 3 398 408 342
422 2 2 1 3 103 392 372
423 2 2 1 3 345 424 412
424 2 2 1 3 90 376 89
425 2 2 1 3 339 383 376
426 2 2 1 3 395 398 351
427 2 2 1 3 328 396 364
428 2 2 1 3 410 426 17
429 2 2 1 3 331 393 369
430 2 2 1 3 369 401 331
431 2 2 1 3 370 371 83
432 2 2 1 3 364 396 342
433 2 2 1 3 330 457 387
434 2 2 1 3 87 382 86
435 2 2 1 3 100 405 355
436 2 2 1 3 96 378 95
437 2 2 1 3 112 379 113
438 2 2 1 3 378 407 350
439 2 2 1 3 328 380 368
440 2 2 1 3 1 415 22
441 2 2 1 3 366 390 349
442 2 2 1 3 81 415 1
443 2 2 1 3 341 407 378
444 2 2 1 3 102 392 103
445 2 2 1 3 344 402 365
446 2 2 1 3 373 437 340
447 2 2 1 3 83 371 82
448 2 2 1 3 350 394 367
449 2 2 1 3 334 427 397
450 2 2 1 3 333 425 397
451 2 2 1 3 341 435 374
452 2 2 1 3 20 416 19
453 2 2 1 3 334 417 368
454 2 2 1 3 330 407 381
455 2 2 1 3 388 396 343
456 2 2 1 3 369 393 338
457 2 2 1 3 340 437 379
458 2 2 1 3 378 435 341
459 2 2 1 3 389 440 331
460 2 2 1 3 21 411 20
461 2 2 1 3 339 401 369
462 2 2 1 3 357 417 397
463 2 2 1 3 18 410 17
464 2 2 1 3 375 421 107
465 2 2 1 3 342 396 388
466 2 2 1 3 333 431 371
467 2 2 1 3 92 404 366
468 2 2 1 3 367 404 93
469 2 2 1 3 340 400 373
470 2 2 1 3 374 399 341
471 2 2 1 3 84 413 370
472 2 2 1 3 381 391 330
473 2 2 1 3 371 431 346
474 2 2 1 3 87 418 382
475 2 2 1 3 372 392 337
476 2 2 1 3 90 422 376
477 2 2 1 3 333 450 360
478 2 2 1 3 424 428 329
479 2 2 1 3 348 421 375
480 2 2 1 3 332 395 385
481 2 2 1 3 99 405 100
482 2 2 1 3 376 422 349
483 2 2 1 3 368 424 409
484 2 2 1 3 360 431 333
485 2 2 1 3 374 435 97
486 2 2 1 3 114 437 373
487 2 2 1 3 365 412 344
488 2 2 1 3 382 418 351
489 2 2 1 3 350 423 378
490 2 2 1 3 378 423 95
491 2 2 1 3 363 426 410
492 2 2 1 3 112 420 379
493 2 2 1 3 379 420 347
494 2 2 1 3 368 428 424
495 2 2 1 3 363 427 409
496 2 2 1 3 338 439 385
497 2 2 1 3 397 425 357
498 2 2 1 3 373 447 114
499 2 2 1 3 370 425 333
500 2 2 1 3 386 419 352
501 2 2 1 3 332 419 386
502 2 2 1 3 97 446 374
503 2 2 1 3 330 436 407
504 2 2 1 3 16 403 15
505 2 2 1 3 377 402 344
506 2 2 1 3 380 428 368
507 2 2 1 3 381 407 341
508 2 2 1 3 371 438 82
509 2 2 1 3 346 438 371
510 2 2 1 3 328 417 357
511 2 2 1 3 386 408 332
512 2 2 1 3 383 418 88
513 2 2 1 3 97 435 96
514 2 2 1 3 329 430 355
515 2 2 1 3 113 437 114
516 2 2 1 3 351 418 383
517 2 2 1 3 370 413 343
518 2 2 1 3 354 450 397
519 2 2 1 3 93 404 92
520 2 2 1 3 385 439 419
521 2 2 1 3 353 428 380
522 2 2 1 3 356 453 381
523 2 2 1 3 105 414 384
524 2 2 1 3 96 435 378
525 2 2 1 3 379 437 113
526 2 2 1 3 401 441 331
527 2 2 1 3 368 417 328
528 2 2 1 3 381 453 391
529 2 2 1 3 384 414 352
530 2 2 1 3 109 406 110
531 2 2 1 3 409 427 334
532 2 2 1 3 331 440 393
533 2 2 1 3 101 443 102
534 2 2 1 3 425 442 357
535 2 2 1 3 16 426 403
536 2 2 1 3 340 453 400
537 2 2 1 3 400 453 356
538 2 2 1 3 385 419 332
539 2 2 1 3 332 408 398
540 2 2 1 3 85 413 84
541 2 2 1 3 99 448 405
542 2 2 1 3 403 432 15
543 2 2 1 3 397 450 333
544 2 2 1 3 391 453 340
545 2 2 1 3 352 439 384
546 2 2 1 3 412 424 329
547 2 2 1 3 384 439 338
548 2 2 1 3 387 457 347
549 2 2 1 3 82 438 81
550 2 2 1 3 353 430 428
551 2 2 1 3 357 442 328
552 2 2 1 3 2 444 98
553 2 2 1 3 12 444 2
554 2 2 1 3 104 414 105
555 2 2 1 3 388 413 85
556 2 2 1 3 348 440 389
557 2 2 1 3 343 413 388
558 2 2 1 3 98 448 99
559 2 2 1 3 406 455 110
560 2 2 1 3 109 454 406
561 2 2 1 3 88 418 87
562 2 2 1 3 343 425 370
563 2 2 1 3 17 426 16
564 2 2 1 3 91 422 90
565 2 2 1 3 95 423 94
566 2 2 1 3 343 442 425
567 2 2 1 3 111 420 112
568 2 2 1 3 107 421 108
569 2 2 1 3 361 455 406
570 2 2 1 3 406 454 362
571 2 2 1 3 7 447 76
572 2 2 1 3 392 443 353
573 2 2 1 3 19 434 18
574 2 2 1 3 402 456 13
575 2 2 1 3 80 446 4
576 2 2 1 3 114 447 7
577 2 2 1 3 4 446 97
578 2 2 1 3 409 449 363
579 2 2 1 3 22 445 21
580 2 2 1 3 15 432 14
581 2 2 1 3 390 441 349
582 2 2 1 3 400 451 373
583 2 2 1 3 111 455 420
584 2 2 1 3 421 454 108
585 2 2 1 3 411 431 360
586 2 2 1 3 374 452 399
587 2 2 1 3 347 457 391
588 2 2 1 3 346 431 411
589 2 2 1 3 76 451 77
590 2 2 1 3 79 452 80
591 2 2 1 3 345 449 409
592 2 2 1 3 13 456 12
593 2 2 1 3 377 456 402
594 2 2 1 3 350 436 394
595 2 2 1 3 108 454 109
596 2 2 1 3 110 455 111
597 2 2 1 3 393 440 348
598 2 2 1 3 349 441 401
599 2 2 1 3 391 457 330
600 2 2 1 3 429 443 101
601 2 2 1 3 102 443 392
602 2 2 1 3 360 450 416
603 2 2 1 3 416 450 354
604 2 2 1 3 409 424 345
605 2 2 1 3 328 442 396
606 2 2 1 3 18 434 410
607 2 2 1 3 396 442 343
608 2 2 1 3 399 452 79
609 2 2 1 3 77 451 400
610 2 2 1 3 81 438 415
611 2 2 1 3 426 449 403
612 2 2 1 3 416 434 19
613 2 2 1 3 407 436 350
614 2 2 1 3 355 430 429
615 2 2 1 3 21 445 411
616 2 2 1 3 410 434 354
617 2 2 1 3 410 427 363
618 2 2 1 3 354 427 410
619 2 2 1 3 411 445 346
620 2 2 1 3 415 445 22
621 2 2 1 3 80 452 446
622 2 2 1 3 446 452 374
623 2 2 1 3 444 448 98
624 2 2 1 3 447 451 76
625 2 2 1 3 373 451 447
626 2 2 1 3 354 434 416
627 2 2 1 3 419 439 352
628 2 2 1 3 377 448 444
629 2 2 1 3 346 445 415
630 2 2 1 3 403 449 345
631 2 2 1 3 428 430 329
632 2 2 1 3 12 456 444
633 2 2 1 3 429 430 353
634 2 2 1 3 444 456 377
635 2 2 1 3 415 438 346
636 2 2 1 3 363 449 426
637 2 2 1 3 353 443 429
638 2 2 1 4 513 677 636
639 2 2 1 4 75 552 74
640 2 2 1 4 120 529 119
641 2 2 1 4 115 607 552
642 2 2 1 4 116 607 115
643 2 2 1 4 66 559 65
644 2 2 1 4 463 568 542
645 2 2 1 4 542 568 487
646 2 2 1 4 541 584 480
647 2 2 1 4 467 614 582
648 2 2 1 4 541 607 117
649 2 2 1 4 515 627 460
650 2 2 1 4 479 554 553
651 2 2 1 4 553 554 494
652 2 2 1 4 495 569 537
653 2 2 1 4 537 569 464
654 2 2 1 4 103 634 599
655 2 2 1 4 470 628 543
656 2 2 1 4 501 568 534
657 2 2 1 4 534 568 463
658 2 2 1 4 511 621 470
659 2 2 1 4 545 570 459
660 2 2 1 4 490 570 545
661 2 2 1 4 24 566 23
662 2 2 1 4 532 684 500
663 2 2 1 4 500 684 646
664 2 2 1 4 480 584 578
665 2 2 1 4 461 677 513
666 2 2 1 4 506 575 567
667 2 2 1 4 524 570 490
668 2 2 1 4 567 575 493
669 2 2 1 4 112 609 535
670 2 2 1 4 36 571 35
671 2 2 1 4 504 666 582
672 2 2 1 4 463 602 534
673 2 2 1 4 512 674 582
674 2 2 1 4 540 578 498
675 2 2 1 4 525 605 495
676 2 2 1 4 528 626 497
677 2 2 1 4 475 618 534
678 2 2 1 4 534 618 501
679 2 2 1 4 42 573 41
680 2 2 1 4 564 568 501
681 2 2 1 4 487 568 564
682 2 2 1 4 552 610 74
683 2 2 1 4 66 596 559
684 2 2 1 4 517 656 606
685 2 2 1 4 30 574 29
686 2 2 1 4 557 602 463
687 2 2 1 4 582 614 512
688 2 2 1 4 498 687 540
689 2 2 1 4 117 607 116
690 2 2 1 4 101 531 100
691 2 2 1 4 604 687 498
692 2 2 1 4 490 602 524
693 2 2 1 4 606 656 505
694 2 2 1 4 495 643 525
695 2 2 1 4 558 569 495
696 2 2 1 4 486 569 558
697 2 2 1 4 531 533 100
698 2 2 1 4 557 701 602
699 2 2 1 4 460 635 515
700 2 2 1 4 586 633 519
701 2 2 1 4 468 670 508
702 2 2 1 4 522 616 593
703 2 2 1 4 593 616 487
704 2 2 1 4 492 633 586
705 2 2 1 4 599 634 510
706 2 2 1 4 120 577 529
707 2 2 1 4 469 627 561
708 2 2 1 4 36 678 571
709 2 2 1 4 610 687 73
710 2 2 1 4 100 533 99
711 2 2 1 4 42 686 573
712 2 2 1 4 529 592 119
713 2 2 1 4 545 613 502
714 2 2 1 4 574 692 29
715 2 2 1 4 483 628 556
716 2 2 1 4 129 538 128
717 2 2 1 4 459 613 545
718 2 2 1 4 555 621 485
719 2 2 1 4 535 683 492
720 2 2 1 4 533 669 99
721 2 2 1 4 24 611 566
722 2 2 1 4 40 548 39
723 2 2 1 4 508 581 468
724 2 2 1 4 46 549 45
725 2 2 1 4 509 621 555
726 2 2 1 4 556 628 509
727 2 2 1 4 518 722 539
728 2 2 1 4 497 620 528
729 2 2 1 4 545 589 490
730 2 2 1 4 514 589 545
731 2 2 1 4 539 691 518
732 2 2 1 4 107 558 106
733 2 2 1 4 109 560 108
734 2 2 1 4 513 630 461
735 2 2 1 4 536 656 459
736 2 2 1 4 505 656 536
737 2 2 1 4 476 642 581
738 2 2 1 4 113 609 112
739 2 2 1 4 98 669 547
740 2 2 1 4 67 684 596
741 2 2 1 4 484 647 548
742 2 2 1 4 540 687 610
743 2 2 1 4 553 640 479
744 2 2 1 4 530 604 498
745 2 2 1 4 25 699 611
746 2 2 1 4 560 661 486
747 2 2 1 4 488 630 513
748 2 2 1 4 478 657 530
749 2 2 1 4 534 714 475
750 2 2 1 4 34 556 33
751 2 2 1 4 32 555 31
752 2 2 1 4 548 647 491
753 2 2 1 4 618 638 529
754 2 2 1 4 475 638 618
755 2 2 1 4 482 583 535
756 2 2 1 4 556 650 483
757 2 2 1 4 129 585 538
758 2 2 1 4 558 605 106
759 2 2 1 4 542 703 497
760 2 2 1 4 562 606 505
761 2 2 1 4 466 606 562
762 2 2 1 4 539 722 601
763 2 2 1 4 515 635 489
764 2 2 1 4 578 667 498
765 2 2 1 4 542 690 463
766 2 2 1 4 499 584 541
767 2 2 1 4 582 666 467
768 2 2 1 4 109 702 560
769 2 2 1 4 480 578 540
770 2 2 1 4 492 668 535
771 2 2 1 4 537 643 495
772 2 2 1 4 486 661 595
773 2 2 1 4 623 640 553
774 2 2 1 4 498 655 530
775 2 2 1 4 530 655 478
776 2 2 1 4 500 600 532
777 2 2 1 4 513 689 488
778 2 2 1 4 502 698 545
779 2 2 1 4 512 614 481
780 2 2 1 4 543 631 470
781 2 2 1 4 74 610 73
782 2 2 1 4 564 717 487
783 2 2 1 4 511 672 621
784 2 2 1 4 487 717 593
785 2 2 1 4 482 596 532
786 2 2 1 4 602 714 534
787 2 2 1 4 547 669 503
788 2 2 1 4 487 616 542
789 2 2 1 4 528 709 626
790 2 2 1 4 532 682 482
791 2 2 1 4 583 683 535
792 2 2 1 4 67 596 66
793 2 2 1 4 481 614 531
794 2 2 1 4 550 600 500
795 2 2 1 4 466 600 550
796 2 2 1 4 25 611 24
797 2 2 1 4 535 668 112
798 2 2 1 4 477 674 617
799 2 2 1 4 539 601 494
800 2 2 1 4 509 628 621
801 2 2 1 4 536 649 505
802 2 2 1 4 538 675 468
803 2 2 1 4 459 645 536
804 2 2 1 4 544 639 502
805 2 2 1 4 465 639 544
806 2 2 1 4 544 644 478
807 2 2 1 4 535 609 482
808 2 2 1 4 494 727 673
809 2 2 1 4 474 587 561
810 2 2 1 4 464 673 537
811 2 2 1 4 541 659 499
812 2 2 1 4 70 580 69
813 2 2 1 4 545 698 514
814 2 2 1 4 480 607 541
815 2 2 1 4 470 636 511
816 2 2 1 4 502 644 544
817 2 2 1 4 581 642 520
818 2 2 1 4 117 659 541
819 2 2 1 4 124 593 123
820 2 2 1 4 551 699 629
821 2 2 1 4 503 590 547
822 2 2 1 4 551 629 508
823 2 2 1 4 489 696 515
824 2 2 1 4 508 670 551
825 2 2 1 4 494 676 539
826 2 2 1 4 669 706 503
827 2 2 1 4 673 727 537
828 2 2 1 4 99 669 98
829 2 2 1 4 103 599 102
830 2 2 1 4 596 684 532
831 2 2 1 4 497 690 542
832 2 2 1 4 540 610 480
833 2 2 1 4 567 716 632
834 2 2 1 4 578 584 465
835 2 2 1 4 495 605 558
836 2 2 1 4 617 647 484
837 2 2 1 4 497 703 620
838 2 2 1 4 124 712 593
839 2 2 1 4 560 702 519
840 2 2 1 4 562 633 492
841 2 2 1 4 499 638 594
842 2 2 1 4 489 588 565
843 2 2 1 4 594 639 465
844 2 2 1 4 514 639 594
845 2 2 1 4 616 660 471
846 2 2 1 4 500 657 550
847 2 2 1 4 561 696 462
848 2 2 1 4 478 655 544
849 2 2 1 4 628 715 543
850 2 2 1 4 70 713 580
851 2 2 1 4 602 701 524
852 2 2 1 4 529 638 592
853 2 2 1 4 469 617 546
854 2 2 1 4 642 677 520
855 2 2 1 4 566 710 131
856 2 2 1 4 485 652 555
857 2 2 1 4 638 671 594
858 2 2 1 4 590 700 547
859 2 2 1 4 544 655 498
860 2 2 1 4 522 660 616
861 2 2 1 4 498 667 544
862 2 2 1 4 632 716 516
863 2 2 1 4 623 723 693
864 2 2 1 4 561 627 515
865 2 2 1 4 567 632 506
866 2 2 1 4 38 572 37
867 2 2 1 4 46 590 549
868 2 2 1 4 561 587 469
869 2 2 1 4 548 597 39
870 2 2 1 4 548 651 484
871 2 2 1 4 544 667 465
872 2 2 1 4 549 598 45
873 2 2 1 4 623 693 496
874 2 2 1 4 517 606 550
875 2 2 1 4 550 606 466
876 2 2 1 4 475 714 589
877 2 2 1 4 481 658 512
878 2 2 1 4 462 631 543
879 2 2 1 4 563 654 518
880 2 2 1 4 520 677 664
881 2 2 1 4 44 576 43
882 2 2 1 4 523 637 474
883 2 2 1 4 493 603 520
884 2 2 1 4 583 682 466
885 2 2 1 4 462 663 561
886 2 2 1 4 561 663 474
887 2 2 1 4 483 650 571
888 2 2 1 4 127 575 126
889 2 2 1 4 592 638 499
890 2 2 1 4 657 705 550
891 2 2 1 4 131 710 130
892 2 2 1 4 28 579 27
893 2 2 1 4 531 622 481
894 2 2 1 4 468 603 538
895 2 2 1 4 611 699 551
896 2 2 1 4 613 644 502
897 2 2 1 4 517 644 613
898 2 2 1 4 626 709 458
899 2 2 1 4 556 625 33
900 2 2 1 4 32 625 555
901 2 2 1 4 466 682 600
902 2 2 1 4 527 692 574
903 2 2 1 4 573 686 526
904 2 2 1 4 571 678 523
905 2 2 1 4 121 577 120
906 2 2 1 4 538 603 591
907 2 2 1 4 576 598 504
908 2 2 1 4 34 650 556
909 2 2 1 4 40 651 548
910 2 2 1 4 572 597 491
911 2 2 1 4 505 694 562
912 2 2 1 4 558 619 486
913 2 2 1 4 75 718 552
914 2 2 1 4 547 695 98
915 2 2 1 4 486 619 560
916 2 2 1 4 472 661 633
917 2 2 1 4 480 610 552
918 2 2 1 4 573 651 41
919 2 2 1 4 526 624 477
920 2 2 1 4 550 705 517
921 2 2 1 4 552 607 480
922 2 2 1 4 559 596 482
923 2 2 1 4 458 680 676
924 2 2 1 4 30 652 574
925 2 2 1 4 530 657 580
926 2 2 1 4 479 662 554
927 2 2 1 4 482 609 559
928 2 2 1 4 557 690 497
929 2 2 1 4 515 696 561
930 2 2 1 4 476 672 642
931 2 2 1 4 587 637 491
932 2 2 1 4 617 674 546
933 2 2 1 4 474 612 523
934 2 2 1 4 469 647 617
935 2 2 1 4 525 708 605
936 2 2 1 4 464 623 553
937 2 2 1 4 127 591 575
938 2 2 1 4 554 626 458
939 2 2 1 4 491 647 587
940 2 2 1 4 488 709 679
941 2 2 1 4 476 615 527
942 2 2 1 4 565 588 488
943 2 2 1 4 538 591 128
944 2 2 1 4 546 627 469
945 2 2 1 4 520 726 581
946 2 2 1 4 601 727 494
947 2 2 1 4 107 619 558
948 2 2 1 4 555 652 31
949 2 2 1 4 586 668 492
950 2 2 1 4 560 619 108
951 2 2 1 4 633 661 519
952 2 2 1 4 564 665 122
953 2 2 1 4 554 676 494
954 2 2 1 4 621 672 485
955 2 2 1 4 553 673 464
956 2 2 1 4 663 715 474
957 2 2 1 4 571 650 35
958 2 2 1 4 474 637 587
959 2 2 1 4 580 713 530
960 2 2 1 4 497 662 557
961 2 2 1 4 584 594 465
962 2 2 1 4 499 594 584
963 2 2 1 4 507 611 551
964 2 2 1 4 552 718 115
965 2 2 1 4 559 720 65
966 2 2 1 4 621 628 470
967 2 2 1 4 562 683 466
968 2 2 1 4 128 591 127
969 2 2 1 4 130 585 129
970 2 2 1 4 477 648 526
971 2 2 1 4 562 694 633
972 2 2 1 4 676 680 539
973 2 2 1 4 508 629 579
974 2 2 1 4 111 586 110
975 2 2 1 4 613 656 517
976 2 2 1 4 588 709 488
977 2 2 1 4 119 592 118
978 2 2 1 4 47 590 46
979 2 2 1 4 582 624 504
980 2 2 1 4 489 680 588
981 2 2 1 4 527 653 476
982 2 2 1 4 575 591 493
983 2 2 1 4 484 651 573
984 2 2 1 4 486 641 569
985 2 2 1 4 104 634 103
986 2 2 1 4 501 665 564
987 2 2 1 4 458 676 554
988 2 2 1 4 494 673 553
989 2 2 1 4 478 705 657
990 2 2 1 4 593 712 522
991 2 2 1 4 569 641 464
992 2 2 1 4 574 652 485
993 2 2 1 4 463 690 557
994 2 2 1 4 504 624 576
995 2 2 1 4 38 597 572
996 2 2 1 4 488 689 565
997 2 2 1 4 518 724 563
998 2 2 1 4 490 714 602
999 2 2 1 4 101 622 531
1000 2 2 1 4 577 618 529
1001 2 2 1 4 566 721 23
1002 2 2 1 4 44 598 576
1003 2 2 1 4 520 664 493
1004 2 2 1 4 39 597 38
1005 2 2 1 4 491 637 572
1006 2 2 1 4 45 598 44
1007 2 2 1 4 519 661 560
1008 2 2 1 4 102 622 101
1009 2 2 1 4 41 651 40
1010 2 2 1 4 508 615 581
1011 2 2 1 4 510 654 563
1012 2 2 1 4 579 629 27
1013 2 2 1 4 477 624 582
1014 2 2 1 4 106 605 105
1015 2 2 1 4 589 671 475
1016 2 2 1 4 514 671 589
1017 2 2 1 4 565 696 489
1018 2 2 1 4 491 597 548
1019 2 2 1 4 499 659 592
1020 2 2 1 4 501 618 577
1021 2 2 1 4 31 652 30
1022 2 2 1 4 473 688 643
1023 2 2 1 4 579 615 508
1024 2 2 1 4 504 598 549
1025 2 2 1 4 591 603 493
1026 2 2 1 4 549 590 503
1027 2 2 1 4 519 702 586
1028 2 2 1 4 33 625 32
1029 2 2 1 4 483 715 628
1030 2 2 1 4 72 604 71
1031 2 2 1 4 27 629 26
1032 2 2 1 4 572 678 37
1033 2 2 1 4 462 689 631
1034 2 2 1 4 492 683 562
1035 2 2 1 4 122 665 121
1036 2 2 1 4 118 659 117
1037 2 2 1 4 585 675 538
1038 2 2 1 4 649 694 505
1039 2 2 1 4 662 701 557
1040 2 2 1 4 479 701 662
1041 2 2 1 4 563 697 510
1042 2 2 1 4 530 713 604
1043 2 2 1 4 576 686 43
1044 2 2 1 4 131 721 566
1045 2 2 1 4 523 612 571
1046 2 2 1 4 126 685 125
1047 2 2 1 4 654 722 518
1048 2 2 1 4 546 674 512
1049 2 2 1 4 122 717 564
1050 2 2 1 4 28 692 579
1051 2 2 1 4 466 683 583
1052 2 2 1 4 570 645 459
1053 2 2 1 4 577 665 501
1054 2 2 1 4 563 724 658
1055 2 2 1 4 595 641 486
1056 2 2 1 4 496 640 623
1057 2 2 1 4 636 677 511
1058 2 2 1 4 112 668 111
1059 2 2 1 4 658 724 460
1060 2 2 1 4 533 706 669
1061 2 2 1 4 537 727 643
1062 2 2 1 4 509 625 556
1063 2 2 1 4 555 625 509
1064 2 2 1 4 484 648 617
1065 2 2 1 4 108 619 107
1066 2 2 1 4 643 688 525
1067 2 2 1 4 581 615 476
1068 2 2 1 4 551 670 507
1069 2 2 1 4 526 648 573
1070 2 2 1 4 627 719 460
1071 2 2 1 4 2 695 48
1072 2 2 1 4 125 685 608
1073 2 2 1 4 588 680 458
1074 2 2 1 4 586 702 110
1075 2 2 1 4 543 663 462
1076 2 2 1 4 574 653 527
1077 2 2 1 4 531 707 533
1078 2 2 1 4 465 667 578
1079 2 2 1 4 580 646 69
1080 2 2 1 4 493 664 567
1081 2 2 1 4 567 664 461
1082 2 2 1 4 528 681 679
1083 2 2 1 4 599 622 102
1084 2 2 1 4 98 695 2
1085 2 2 1 4 543 715 663
1086 2 2 1 4 485 653 574
1087 2 2 1 4 573 648 484
1088 2 2 1 4 566 611 507
1089 2 2 1 4 571 612 483
1090 2 2 1 4 461 716 567
1091 2 2 1 4 47 700 590
1092 2 2 1 4 693 704 536
1093 2 2 1 4 642 672 511
1094 2 2 1 4 546 719 627
1095 2 2 1 4 605 708 105
1096 2 2 1 4 554 662 626
1097 2 2 1 4 121 665 577
1098 2 2 1 4 595 661 472
1099 2 2 1 4 521 641 595
1100 2 2 1 4 500 646 580
1101 2 2 1 4 35 650 34
1102 2 2 1 4 587 647 469
1103 2 2 1 4 616 703 542
1104 2 2 1 4 595 704 521
1105 2 2 1 4 472 704 595
1106 2 2 1 4 580 657 500
1107 2 2 1 4 527 615 579
1108 2 2 1 4 69 646 68
1109 2 2 1 4 524 711 570
1110 2 2 1 4 506 685 575
1111 2 2 1 4 462 696 689
1112 2 2 1 4 576 624 526
1113 2 2 1 4 125 712 124
1114 2 2 1 4 629 699 26
1115 2 2 1 4 115 718 6
1116 2 2 1 4 523 678 572
1117 2 2 1 4 693 723 521
1118 2 2 1 4 474 715 612
1119 2 2 1 4 572 637 523
1120 2 2 1 4 592 659 118
1121 2 2 1 4 503 666 549
1122 2 2 1 4 72 687 604
1123 2 2 1 4 526 686 576
1124 2 2 1 4 471 660 632
1125 2 2 1 4 626 662 497
1126 2 2 1 4 604 713 71
1127 2 2 1 4 579 692 527
1128 2 2 1 4 617 648 477
1129 2 2 1 4 679 709 528
1130 2 2 1 4 549 666 504
1131 2 2 1 4 653 672 476
1132 2 2 1 4 666 706 467
1133 2 2 1 4 658 697 563
1134 2 2 1 4 600 682 532
1135 2 2 1 4 664 677 461
1136 2 2 1 4 575 685 126
1137 2 2 1 4 620 681 528
1138 2 2 1 4 482 682 583
1139 2 2 1 4 467 707 614
1140 2 2 1 4 7 720 114
1141 2 2 1 4 507 675 585
1142 2 2 1 4 631 636 470
1143 2 2 1 4 512 719 546
1144 2 2 1 4 3 721 131
1145 2 2 1 4 123 717 122
1146 2 2 1 4 506 660 608
1147 2 2 1 4 6 718 75
1148 2 2 1 4 459 656 613
1149 2 2 1 4 111 668 586
1150 2 2 1 4 481 622 599
1151 2 2 1 4 37 678 36
1152 2 2 1 4 679 681 516
1153 2 2 1 4 582 674 477
1154 2 2 1 4 608 660 522
1155 2 2 1 4 608 712 125
1156 2 2 1 4 594 671 514
1157 2 2 1 4 630 679 516
1158 2 2 1 4 488 679 630
1159 2 2 1 4 496 693 645
1160 2 2 1 4 645 693 536
1161 2 2 1 4 689 696 565
1162 2 2 1 4 65 720 7
1163 2 2 1 4 43 686 42
1164 2 2 1 4 481 697 658
1165 2 2 1 4 521 704 693
1166 2 2 1 4 631 689 513
1167 2 2 1 4 634 688 510
1168 2 2 1 4 525 688 634
1169 2 2 1 4 29 692 28
1170 2 2 1 4 48 700 47
1171 2 2 1 4 643 727 473
1172 2 2 1 4 632 681 471
1173 2 2 1 4 516 681 632
1174 2 2 1 4 632 660 506
1175 2 2 1 4 536 704 649
1176 2 2 1 4 507 710 566
1177 2 2 1 4 646 684 68
1178 2 2 1 4 26 699 25
1179 2 2 1 4 641 723 464
1180 2 2 1 4 670 675 507
1181 2 2 1 4 110 702 109
1182 2 2 1 4 608 685 506
1183 2 2 1 4 105 708 104
1184 2 2 1 4 130 710 585
1185 2 2 1 4 458 709 588
1186 2 2 1 4 68 684 67
1187 2 2 1 4 73 687 72
1188 2 2 1 4 609 725 559
1189 2 2 1 4 114 725 113
1190 2 2 1 4 589 714 490
1191 2 2 1 4 485 672 653
1192 2 2 1 4 585 710 507
1193 2 2 1 4 640 701 479
1194 2 2 1 4 524 701 640
1195 2 2 1 4 104 708 634
1196 2 2 1 4 23 721 3
1197 2 2 1 4 593 717 123
1198 2 2 1 4 635 691 489
1199 2 2 1 4 518 691 635
1200 2 2 1 4 510 697 599
1201 2 2 1 4 503 706 666
1202 2 2 1 4 71 713 70
1203 2 2 1 4 468 726 603
1204 2 2 1 4 475 671 638
1205 2 2 1 4 634 708 525
1206 2 2 1 4 599 697 481
1207 2 2 1 4 654 688 473
1208 2 2 1 4 614 707 531
1209 2 2 1 4 640 711 524
1210 2 2 1 4 496 711 640
1211 2 2 1 4 601 722 473
1212 2 2 1 4 471 681 620
1213 2 2 1 4 473 727 601
1214 2 2 1 4 570 711 645
1215 2 2 1 4 471 703 616
1216 2 2 1 4 645 711 496
1217 2 2 1 4 511 677 642
1218 2 2 1 4 522 712 608
1219 2 2 1 4 113 725 609
1220 2 2 1 4 633 694 472
1221 2 2 1 4 620 703 471
1222 2 2 1 4 513 636 631
1223 2 2 1 4 521 723 641
1224 2 2 1 4 517 705 644
1225 2 2 1 4 644 705 478
1226 2 2 1 4 581 726 468
1227 2 2 1 4 630 716 461
1228 2 2 1 4 516 716 630
1229 2 2 1 4 473 722 654
1230 2 2 1 4 658 719 512
1231 2 2 1 4 639 698 502
1232 2 2 1 4 514 698 639
1233 2 2 1 4 472 694 649
1234 2 2 1 4 695 700 48
1235 2 2 1 4 464 723 623
1236 2 2 1 4 510 688 654
1237 2 2 1 4 460 724 635
1238 2 2 1 4 649 704 472
1239 2 2 1 4 635 724 518
1240 2 2 1 4 603 726 520
1241 2 2 1 4 489 691 680
1242 2 2 1 4 680 691 539
1243 2 2 1 4 612 715 483
1244 2 2 1 4 720 725 114
1245 2 2 1 4 559 725 720
1246 2 2 1 4 460 719 658
1247 2 2 1 4 468 675 670
1248 2 2 1 4 547 700 695
1249 2 2 1 4 533 707 706
1250 2 2 1 4 706 707 467
1251 2 2 2 5 907 976 783
1252 2 2 2 5 910 1092 775
1253 2 2 2 5 963 1099 740
1254 2 2 2 5 864 1099 963
1255 2 2 2 5 796 1030 947
1256 2 2 2 5 880 1029 799
1257 2 2 2 5 1168 1204 844
1258 2 2 2 5 1099 1145 884
1259 2 2 2 5 844 1204 951
1260 2 2 2 5 153 901 154
1261 2 2 2 5 952 1102 822
1262 2 2 2 5 859 1102 952
1263 2 2 2 5 898 945 803
1264 2 2 2 5 789 1254 917
1265 2 2 2 5 789 1345 1254
1266 2 2 2 5 788 982 909
1267 2 2 2 5 769 1066 882
1268 2 2 2 5 882 1066 797
1269 2 2 2 5 922 1230 1204
1270 2 2 2 5 884 1252 1099
1271 2 2 2 5 775 1341 891
1272 2 2 2 5 799 1086 880
1273 2 2 2 5 873 1104 978
1274 2 2 2 5 978 1104 761
1275 2 2 2 5 744 1048 975
1276 2 2 2 5 975 1048 856
1277 2 2 2 5 904 978 761
1278 2 2 2 5 790 978 904
1279 2 2 2 5 882 1134 769
1280 2 2 2 5 941 1021 832
1281 2 2 2 5 922 1204 768
1282 2 2 2 5 193 1075 887
1283 2 2 2 5 914 1038 210
1284 2 2 2 5 894 1215 1049
1285 2 2 2 5 862 1128 944
1286 2 2 2 5 944 1128 738
1287 2 2 2 5 1049 1260 894
1288 2 2 2 5 776 1254 1023
1289 2 2 2 5 794 1117 977
1290 2 2 2 5 903 1282 784
1291 2 2 2 5 933 1005 804
1292 2 2 2 5 745 1005 933
1293 2 2 2 5 1035 1117 794
1294 2 2 2 5 752 1172 930
1295 2 2 2 5 885 1013 762
1296 2 2 2 5 818 1082 957
1297 2 2 2 5 933 995 778
1298 2 2 2 5 762 1020 885
1299 2 2 2 5 778 995 934
1300 2 2 2 5 219 1144 895
1301 2 2 2 5 938 1010 755
1302 2 2 2 5 812 1010 938
1303 2 2 2 5 925 1019 745
1304 2 2 2 5 806 1019 925
1305 2 2 2 5 775 1012 910
1306 2 2 2 5 910 1012 794
1307 2 2 2 5 933 1001 745
1308 2 2 2 5 923 966 141
1309 2 2 2 5 205 965 924
1310 2 2 2 5 947 1030 816
1311 2 2 2 5 739 1178 1136
1312 2 2 2 5 902 986 796
1313 2 2 2 5 919 1328 736
1314 2 2 2 5 900 1104 812
1315 2 2 2 5 787 1048 893
1316 2 2 2 5 900 1090 733
1317 2 2 2 5 812 1090 900
1318 2 2 2 5 797 1047 882
1319 2 2 2 5 736 1328 927
1320 2 2 2 5 874 1186 990
1321 2 2 2 5 811 1152 887
1322 2 2 2 5 1021 1133 832
1323 2 2 2 5 833 1153 921
1324 2 2 2 5 222 939 221
1325 2 2 2 5 1082 1263 957
1326 2 2 2 5 752 1244 1172
1327 2 2 2 5 893 1008 787
1328 2 2 2 5 887 1193 193
1329 2 2 2 5 891 1052 775
1330 2 2 2 5 784 1282 920
1331 2 2 2 5 783 1280 907
1332 2 2 2 5 924 965 782
1333 2 2 2 5 781 966 923
1334 2 2 2 5 875 1169 987
1335 2 2 2 5 1142 1179 740
1336 2 2 2 5 783 943 930
1337 2 2 2 5 896 1114 176
1338 2 2 2 5 829 1170 938
1339 2 2 2 5 998 1011 827
1340 2 2 2 5 780 950 918
1341 2 2 2 5 808 1132 888
1342 2 2 2 5 821 1191 1016
1343 2 2 2 5 915 988 815
1344 2 2 2 5 910 1183 1092
1345 2 2 2 5 949 956 743
1346 2 2 2 5 795 956 949
1347 2 2 2 5 185 1292 953
1348 2 2 2 5 772 1139 970
1349 2 2 2 5 970 1139 874
1350 2 2 2 5 888 1084 808
1351 2 2 2 5 788 983 982
1352 2 2 2 5 982 983 828
1353 2 2 2 5 973 1102 859
1354 2 2 2 5 754 1102 973
1355 2 2 2 5 887 1075 811
1356 2 2 2 5 802 1196 893
1357 2 2 2 5 990 1186 770
1358 2 2 2 5 953 1163 808
1359 2 2 2 5 904 1107 819
1360 2 2 2 5 761 1107 904
1361 2 2 2 5 827 1088 964
1362 2 2 2 5 185 953 184
1363 2 2 2 5 160 937 161
1364 2 2 2 5 909 1111 759
1365 2 2 2 5 824 1111 909
1366 2 2 2 5 913 1120 169
1367 2 2 2 5 922 1027 779
1368 2 2 2 5 891 1341 994
1369 2 2 2 5 1155 1301 872
1370 2 2 2 5 938 1170 1090
1371 2 2 2 5 808 1163 1051
1372 2 2 2 5 987 1169 735
1373 2 2 2 5 843 1049 1035
1374 2 2 2 5 802 1260 1049
1375 2 2 2 5 893 1100 802
1376 2 2 2 5 744 1100 893
1377 2 2 2 5 893 1048 744
1378 2 2 2 5 896 1173 809
1379 2 2 2 5 140 923 141
1380 2 2 2 5 205 924 204
1381 2 2 2 5 909 1021 788
1382 2 2 2 5 1023 1254 890
1383 2 2 2 5 827 1113 1088
1384 2 2 2 5 912 1038 793
1385 2 2 2 5 809 1108 896
1386 2 2 2 5 904 1028 790
1387 2 2 2 5 938 1344 829
1388 2 2 2 5 1049 1215 734
1389 2 2 2 5 856 1243 931
1390 2 2 2 5 819 1310 904
1391 2 2 2 5 743 1031 916
1392 2 2 2 5 1143 1294 871
1393 2 2 2 5 989 1344 938
1394 2 2 2 5 793 1011 998
1395 2 2 2 5 170 985 171
1396 2 2 2 5 786 1026 955
1397 2 2 2 5 954 1025 785
1398 2 2 2 5 939 1207 221
1399 2 2 2 5 1065 1268 886
1400 2 2 2 5 1153 1223 921
1401 2 2 2 5 803 1296 898
1402 2 2 2 5 895 1126 219
1403 2 2 2 5 176 1173 896
1404 2 2 2 5 962 1178 739
1405 2 2 2 5 740 1179 963
1406 2 2 2 5 937 1283 161
1407 2 2 2 5 210 1038 209
1408 2 2 2 5 897 1162 771
1409 2 2 2 5 1016 1191 858
1410 2 2 2 5 934 1342 741
1411 2 2 2 5 1108 1168 896
1412 2 2 2 5 1204 1230 857
1413 2 2 2 5 1023 1340 776
1414 2 2 2 5 225 951 224
1415 2 2 2 5 981 1309 905
1416 2 2 2 5 909 1210 824
1417 2 2 2 5 1126 1278 791
1418 2 2 2 5 771 1227 897
1419 2 2 2 5 846 1224 911
1420 2 2 2 5 768 1308 922
1421 2 2 2 5 911 1219 846
1422 2 2 2 5 768 1168 1108
1423 2 2 2 5 1035 1049 734
1424 2 2 2 5 733 1083 900
1425 2 2 2 5 872 1301 1040
1426 2 2 2 5 1099 1252 740
1427 2 2 2 5 750 1110 992
1428 2 2 2 5 759 1021 909
1429 2 2 2 5 846 1219 906
1430 2 2 2 5 906 1219 770
1431 2 2 2 5 748 1006 928
1432 2 2 2 5 929 1007 749
1433 2 2 2 5 771 1309 981
1434 2 2 2 5 190 1271 996
1435 2 2 2 5 796 1192 902
1436 2 2 2 5 141 966 142
1437 2 2 2 5 206 965 205
1438 2 2 2 5 944 1101 780
1439 2 2 2 5 931 1243 987
1440 2 2 2 5 793 1265 912
1441 2 2 2 5 923 1094 781
1442 2 2 2 5 782 1095 924
1443 2 2 2 5 1020 1198 876
1444 2 2 2 5 995 1342 934
1445 2 2 2 5 843 1035 1012
1446 2 2 2 5 1012 1035 794
1447 2 2 2 5 747 1116 926
1448 2 2 2 5 931 987 735
1449 2 2 2 5 784 1235 903
1450 2 2 2 5 905 1137 737
1451 2 2 2 5 953 1292 880
1452 2 2 2 5 910 1264 739
1453 2 2 2 5 744 975 957
1454 2 2 2 5 957 975 799
1455 2 2 2 5 794 1032 910
1456 2 2 2 5 1023 1259 165
1457 2 2 2 5 840 1043 928
1458 2 2 2 5 929 1042 839
1459 2 2 2 5 153 1062 901
1460 2 2 2 5 170 1120 985
1461 2 2 2 5 901 1074 154
1462 2 2 2 5 906 1140 846
1463 2 2 2 5 997 1056 742
1464 2 2 2 5 845 1056 997
1465 2 2 2 5 780 1101 958
1466 2 2 2 5 739 1183 910
1467 2 2 2 5 188 948 187
1468 2 2 2 5 135 955 136
1469 2 2 2 5 200 954 199
1470 2 2 2 5 746 986 936
1471 2 2 2 5 881 1285 1091
1472 2 2 2 5 907 1085 976
1473 2 2 2 5 788 1021 941
1474 2 2 2 5 737 1157 905
1475 2 2 2 5 157 942 158
1476 2 2 2 5 804 995 933
1477 2 2 2 5 1027 1304 779
1478 2 2 2 5 145 974 146
1479 2 2 2 5 916 1081 792
1480 2 2 2 5 915 1200 839
1481 2 2 2 5 755 989 938
1482 2 2 2 5 815 1145 1099
1483 2 2 2 5 839 1205 915
1484 2 2 2 5 980 1060 837
1485 2 2 2 5 838 1061 979
1486 2 2 2 5 969 1126 791
1487 2 2 2 5 900 1203 1104
1488 2 2 2 5 837 1060 1007
1489 2 2 2 5 1007 1060 749
1490 2 2 2 5 1006 1061 838
1491 2 2 2 5 748 1061 1006
1492 2 2 2 5 1165 1268 766
1493 2 2 2 5 816 1222 947
1494 2 2 2 5 916 1182 743
1495 2 2 2 5 795 1120 913
1496 2 2 2 5 770 1219 1146
1497 2 2 2 5 1222 1244 947
1498 2 2 2 5 934 1022 834
1499 2 2 2 5 190 996 189
1500 2 2 2 5 964 998 827
1501 2 2 2 5 1193 1257 807
1502 2 2 2 5 814 1094 923
1503 2 2 2 5 924 1095 813
1504 2 2 2 5 203 960 202
1505 2 2 2 5 138 961 139
1506 2 2 2 5 786 1233 1026
1507 2 2 2 5 1025 1234 785
1508 2 2 2 5 917 1041 789
1509 2 2 2 5 913 1070 795
1510 2 2 2 5 213 1361 212
1511 2 2 2 5 1008 1302 787
1512 2 2 2 5 921 1302 1008
1513 2 2 2 5 148 991 149
1514 2 2 2 5 871 1294 1044
1515 2 2 2 5 992 1110 836
1516 2 2 2 5 974 1297 146
1517 2 2 2 5 936 1325 746
1518 2 2 2 5 1146 1219 911
1519 2 2 2 5 833 1327 1103
1520 2 2 2 5 886 1271 1065
1521 2 2 2 5 220 1144 219
1522 2 2 2 5 774 1270 1033
1523 2 2 2 5 933 1148 1001
1524 2 2 2 5 169 1171 913
1525 2 2 2 5 934 1154 778
1526 2 2 2 5 834 1154 934
1527 2 2 2 5 773 1067 919
1528 2 2 2 5 1022 1254 776
1529 2 2 2 5 917 1254 1022
1530 2 2 2 5 212 1361 950
1531 2 2 2 5 762 1198 1020
1532 2 2 2 5 770 1360 906
1533 2 2 2 5 815 1079 915
1534 2 2 2 5 1091 1329 881
1535 2 2 2 5 991 1140 149
1536 2 2 2 5 925 1351 806
1537 2 2 2 5 1010 1128 862
1538 2 2 2 5 979 1061 811
1539 2 2 2 5 810 1060 980
1540 2 2 2 5 982 1210 909
1541 2 2 2 5 1033 1270 908
1542 2 2 2 5 216 968 215
1543 2 2 2 5 918 1361 214
1544 2 2 2 5 210 1241 914
1545 2 2 2 5 974 1134 882
1546 2 2 2 5 918 1068 801
1547 2 2 2 5 792 1182 916
1548 2 2 2 5 1063 1185 738
1549 2 2 2 5 908 1185 1063
1550 2 2 2 5 169 1120 170
1551 2 2 2 5 970 1064 806
1552 2 2 2 5 1115 1310 819
1553 2 2 2 5 941 1130 760
1554 2 2 2 5 832 1130 941
1555 2 2 2 5 164 1023 165
1556 2 2 2 5 996 1271 886
1557 2 2 2 5 214 1068 918
1558 2 2 2 5 948 1029 187
1559 2 2 2 5 736 1072 919
1560 2 2 2 5 895 1278 1126
1561 2 2 2 5 940 1307 867
1562 2 2 2 5 200 1025 954
1563 2 2 2 5 955 1026 136
1564 2 2 2 5 208 1267 1160
1565 2 2 2 5 847 1109 914
1566 2 2 2 5 1031 1356 916
1567 2 2 2 5 928 1043 830
1568 2 2 2 5 10 1135 226
1569 2 2 2 5 774 1033 940
1570 2 2 2 5 890 1259 1023
1571 2 2 2 5 958 1156 751
1572 2 2 2 5 853 1156 958
1573 2 2 2 5 218 969 217
1574 2 2 2 5 1136 1178 859
1575 2 2 2 5 914 1241 847
1576 2 2 2 5 1016 1349 1262
1577 2 2 2 5 1045 1192 730
1578 2 2 2 5 902 1192 1045
1579 2 2 2 5 225 1237 951
1580 2 2 2 5 805 1072 990
1581 2 2 2 5 140 1078 923
1582 2 2 2 5 924 1077 204
1583 2 2 2 5 779 1230 922
1584 2 2 2 5 807 1268 1065
1585 2 2 2 5 1010 1251 1128
1586 2 2 2 5 986 1030 796
1587 2 2 2 5 738 1101 944
1588 2 2 2 5 143 993 144
1589 2 2 2 5 1085 1170 829
1590 2 2 2 5 907 1170 1085
1591 2 2 2 5 918 1097 780
1592 2 2 2 5 801 1097 918
1593 2 2 2 5 927 1064 736
1594 2 2 2 5 1052 1327 1279
1595 2 2 2 5 178 1135 10
1596 2 2 2 5 1123 1145 763
1597 2 2 2 5 1041 1303 741
1598 2 2 2 5 927 1253 777
1599 2 2 2 5 919 1281 773
1600 2 2 2 5 1116 1364 926
1601 2 2 2 5 830 1242 928
1602 2 2 2 5 1065 1193 807
1603 2 2 2 5 932 1057 798
1604 2 2 2 5 752 1081 1057
1605 2 2 2 5 932 1192 796
1606 2 2 2 5 923 1078 814
1607 2 2 2 5 813 1077 924
1608 2 2 2 5 754 998 964
1609 2 2 2 5 1103 1327 891
1610 2 2 2 5 917 1303 1041
1611 2 2 2 5 800 1325 936
1612 2 2 2 5 182 1076 181
1613 2 2 2 5 194 1075 193
1614 2 2 2 5 921 1125 833
1615 2 2 2 5 932 1232 730
1616 2 2 2 5 817 1123 971
1617 2 2 2 5 920 1167 784
1618 2 2 2 5 1195 1222 733
1619 2 2 2 5 994 1087 728
1620 2 2 2 5 849 1087 994
1621 2 2 2 5 930 1081 752
1622 2 2 2 5 1040 1121 732
1623 2 2 2 5 870 1121 1040
1624 2 2 2 5 822 1098 952
1625 2 2 2 5 886 1268 1165
1626 2 2 2 5 891 1327 1052
1627 2 2 2 5 799 1029 948
1628 2 2 2 5 892 1349 1016
1629 2 2 2 5 840 1117 1043
1630 2 2 2 5 858 1179 1142
1631 2 2 2 5 222 1073 939
1632 2 2 2 5 795 1070 956
1633 2 2 2 5 977 1176 794
1634 2 2 2 5 940 1301 774
1635 2 2 2 5 870 1301 940
1636 2 2 2 5 774 1301 1155
1637 2 2 2 5 926 1118 747
1638 2 2 2 5 745 1019 1005
1639 2 2 2 5 1005 1019 823
1640 2 2 2 5 758 1258 1228
1641 2 2 2 5 963 1319 864
1642 2 2 2 5 865 1318 962
1643 2 2 2 5 745 1206 925
1644 2 2 2 5 777 1253 936
1645 2 2 2 5 135 1174 955
1646 2 2 2 5 954 1175 199
1647 2 2 2 5 1009 1110 750
1648 2 2 2 5 866 1306 935
1649 2 2 2 5 754 1119 998
1650 2 2 2 5 798 1232 932
1651 2 2 2 5 884 1145 1123
1652 2 2 2 5 773 1294 1143
1653 2 2 2 5 143 1161 993
1654 2 2 2 5 777 1216 927
1655 2 2 2 5 931 1320 856
1656 2 2 2 5 1017 1051 831
1657 2 2 2 5 1018 1050 830
1658 2 2 2 5 960 1059 854
1659 2 2 2 5 855 1058 961
1660 2 2 2 5 1079 1258 758
1661 2 2 2 5 148 1047 991
1662 2 2 2 5 176 1114 177
1663 2 2 2 5 987 1302 875
1664 2 2 2 5 833 1103 971
1665 2 2 2 5 971 1103 728
1666 2 2 2 5 160 1080 937
1667 2 2 2 5 798 1356 1031
1668 2 2 2 5 928 1242 748
1669 2 2 2 5 737 1137 943
1670 2 2 2 5 733 1222 1083
1671 2 2 2 5 1063 1128 873
1672 2 2 2 5 749 1298 929
1673 2 2 2 5 1138 1351 925
1674 2 2 2 5 928 1150 840
1675 2 2 2 5 839 1151 929
1676 2 2 2 5 930 1172 783
1677 2 2 2 5 942 1036 158
1678 2 2 2 5 968 1034 801
1679 2 2 2 5 852 1034 968
1680 2 2 2 5 1081 1356 1057
1681 2 2 2 5 960 1212 202
1682 2 2 2 5 138 1213 961
1683 2 2 2 5 851 1160 1119
1684 2 2 2 5 1119 1160 912
1685 2 2 2 5 912 1267 1038
1686 2 2 2 5 735 1343 931
1687 2 2 2 5 1042 1298 831
1688 2 2 2 5 929 1298 1042
1689 2 2 2 5 882 1297 974
1690 2 2 2 5 936 1253 800
1691 2 2 2 5 738 1128 1063
1692 2 2 2 5 796 1131 932
1693 2 2 2 5 946 1325 800
1694 2 2 2 5 823 1019 1014
1695 2 2 2 5 1014 1019 806
1696 2 2 2 5 778 1148 933
1697 2 2 2 5 806 1351 970
1698 2 2 2 5 972 1191 753
1699 2 2 2 5 858 1191 972
1700 2 2 2 5 730 1192 932
1701 2 2 2 5 911 1224 1039
1702 2 2 2 5 902 1288 1194
1703 2 2 2 5 752 1131 947
1704 2 2 2 5 938 1090 812
1705 2 2 2 5 1113 1141 872
1706 2 2 2 5 133 980 134
1707 2 2 2 5 198 979 197
1708 2 2 2 5 182 1347 1076
1709 2 2 2 5 875 1223 988
1710 2 2 2 5 988 1223 763
1711 2 2 2 5 1081 1336 792
1712 2 2 2 5 1033 1307 940
1713 2 2 2 5 925 1206 1138
1714 2 2 2 5 1160 1267 912
1715 2 2 2 5 1024 1049 843
1716 2 2 2 5 897 1227 1046
1717 2 2 2 5 794 1176 1032
1718 2 2 2 5 900 1250 1203
1719 2 2 2 5 992 1305 750
1720 2 2 2 5 741 1303 934
1721 2 2 2 5 201 1025 200
1722 2 2 2 5 136 1026 137
1723 2 2 2 5 1098 1352 952
1724 2 2 2 5 1094 1319 963
1725 2 2 2 5 962 1318 1095
1726 2 2 2 5 147 1047 148
1727 2 2 2 5 825 1364 1116
1728 2 2 2 5 1034 1211 801
1729 2 2 2 5 975 1086 799
1730 2 2 2 5 935 1236 866
1731 2 2 2 5 846 1140 991
1732 2 2 2 5 759 1133 1021
1733 2 2 2 5 1123 1153 971
1734 2 2 2 5 946 1106 746
1735 2 2 2 5 819 1106 946
1736 2 2 2 5 1110 1144 836
1737 2 2 2 5 895 1144 1110
1738 2 2 2 5 1232 1282 730
1739 2 2 2 5 805 1146 1056
1740 2 2 2 5 216 1209 968
1741 2 2 2 5 824 1210 1118
1742 2 2 2 5 1050 1152 748
1743 2 2 2 5 879 1136 952
1744 2 2 2 5 827 1141 1113
1745 2 2 2 5 808 1290 953
1746 2 2 2 5 1074 1138 820
1747 2 2 2 5 1072 1238 990
1748 2 2 2 5 999 1359 810
1749 2 2 2 5 811 1358 1000
1750 2 2 2 5 828 1149 935
1751 2 2 2 5 876 1311 1020
1752 2 2 2 5 935 1272 828
1753 2 2 2 5 1024 1196 802
1754 2 2 2 5 936 1194 777
1755 2 2 2 5 930 1336 1081
1756 2 2 2 5 780 1217 950
1757 2 2 2 5 949 1069 841
1758 2 2 2 5 809 1173 1046
1759 2 2 2 5 883 1340 1023
1760 2 2 2 5 155 1037 156
1761 2 2 2 5 867 1321 940
1762 2 2 2 5 221 1207 220
1763 2 2 2 5 901 1138 1074
1764 2 2 2 5 943 1336 930
1765 2 2 2 5 1053 1056 845
1766 2 2 2 5 805 1056 1053
1767 2 2 2 5 1119 1265 998
1768 2 2 2 5 157 1201 942
1769 2 2 2 5 1011 1109 751
1770 2 2 2 5 770 1146 990
1771 2 2 2 5 1211 1248 801
1772 2 2 2 5 963 1179 781
1773 2 2 2 5 782 1178 962
1774 2 2 2 5 810 1359 1076
1775 2 2 2 5 1075 1358 811
1776 2 2 2 5 955 1174 837
1777 2 2 2 5 838 1175 954
1778 2 2 2 5 1240 1315 926
1779 2 2 2 5 760 1285 941
1780 2 2 2 5 162 1283 1226
1781 2 2 2 5 1037 1201 156
1782 2 2 2 5 1046 1227 809
1783 2 2 2 5 775 1052 1012
1784 2 2 2 5 823 1273 1005
1785 2 2 2 5 1182 1295 743
1786 2 2 2 5 208 1160 207
1787 2 2 2 5 945 1089 803
1788 2 2 2 5 166 1004 167
1789 2 2 2 5 915 1169 988
1790 2 2 2 5 950 1361 918
1791 2 2 2 5 1050 1257 1152
1792 2 2 2 5 914 1287 1038
1793 2 2 2 5 1038 1287 793
1794 2 2 2 5 1146 1317 1056
1795 2 2 2 5 746 1030 986
1796 2 2 2 5 950 1217 847
1797 2 2 2 5 898 1326 945
1798 2 2 2 5 746 1325 946
1799 2 2 2 5 781 1179 972
1800 2 2 2 5 973 1178 782
1801 2 2 2 5 780 1097 944
1802 2 2 2 5 1105 1208 817
1803 2 2 2 5 1104 1203 761
1804 2 2 2 5 801 1068 968
1805 2 2 2 5 905 1157 981
1806 2 2 2 5 1032 1264 910
1807 2 2 2 5 969 1209 217
1808 2 2 2 5 1009 1278 1110
1809 2 2 2 5 1105 1349 1208
1810 2 2 2 5 943 1284 737
1811 2 2 2 5 220 1207 1144
1812 2 2 2 5 879 1183 1136
1813 2 2 2 5 832 1239 1130
1814 2 2 2 5 1323 1346 983
1815 2 2 2 5 1006 1150 928
1816 2 2 2 5 929 1151 1007
1817 2 2 2 5 1043 1117 734
1818 2 2 2 5 854 1212 960
1819 2 2 2 5 961 1213 855
1820 2 2 2 5 959 1342 804
1821 2 2 2 5 940 1339 870
1822 2 2 2 5 970 1331 1064
1823 2 2 2 5 1061 1152 811
1824 2 2 2 5 781 1245 966
1825 2 2 2 5 965 1246 782
1826 2 2 2 5 941 1323 788
1827 2 2 2 5 172 1015 173
1828 2 2 2 5 813 1059 960
1829 2 2 2 5 961 1058 814
1830 2 2 2 5 783 1129 943
1831 2 2 2 5 772 1351 1138
1832 2 2 2 5 866 1105 1093
1833 2 2 2 5 1093 1105 817
1834 2 2 2 5 993 1161 850
1835 2 2 2 5 738 1185 1101
1836 2 2 2 5 1231 1273 823
1837 2 2 2 5 739 1264 962
1838 2 2 2 5 962 1264 865
1839 2 2 2 5 950 1164 212
1840 2 2 2 5 765 1352 1098
1841 2 2 2 5 787 1302 987
1842 2 2 2 5 976 1085 750
1843 2 2 2 5 978 1063 873
1844 2 2 2 5 959 1235 784
1845 2 2 2 5 226 1237 225
1846 2 2 2 5 214 1361 213
1847 2 2 2 5 996 1165 818
1848 2 2 2 5 968 1068 215
1849 2 2 2 5 1135 1237 226
1850 2 2 2 5 1194 1288 777
1851 2 2 2 5 822 1102 964
1852 2 2 2 5 964 1102 754
1853 2 2 2 5 806 1216 1014
1854 2 2 2 5 887 1257 1193
1855 2 2 2 5 1017 1132 808
1856 2 2 2 5 997 1296 803
1857 2 2 2 5 880 1292 1029
1858 2 2 2 5 1091 1285 760
1859 2 2 2 5 1060 1218 749
1860 2 2 2 5 968 1209 852
1861 2 2 2 5 991 1047 797
1862 2 2 2 5 920 1282 1232
1863 2 2 2 5 877 1315 1240
1864 2 2 2 5 985 1120 795
1865 2 2 2 5 1009 1085 829
1866 2 2 2 5 750 1085 1009
1867 2 2 2 5 188 1122 948
1868 2 2 2 5 203 1077 960
1869 2 2 2 5 961 1078 139
1870 2 2 2 5 161 1283 162
1871 2 2 2 5 944 1248 862
1872 2 2 2 5 964 1088 822
1873 2 2 2 5 788 1323 983
1874 2 2 2 5 946 1291 819
1875 2 2 2 5 1067 1328 919
1876 2 2 2 5 951 1177 224
1877 2 2 2 5 1116 1272 935
1878 2 2 2 5 747 1272 1116
1879 2 2 2 5 948 1330 799
1880 2 2 2 5 993 1071 826
1881 2 2 2 5 850 1071 993
1882 2 2 2 5 791 1187 969
1883 2 2 2 5 969 1187 852
1884 2 2 2 5 847 1164 950
1885 2 2 2 5 187 1029 186
1886 2 2 2 5 760 1130 1044
1887 2 2 2 5 1044 1130 871
1888 2 2 2 5 947 1131 796
1889 2 2 2 5 778 1154 942
1890 2 2 2 5 958 1101 853
1891 2 2 2 5 781 1094 963
1892 2 2 2 5 962 1095 782
1893 2 2 2 5 835 1249 945
1894 2 2 2 5 1051 1158 831
1895 2 2 2 5 837 1174 980
1896 2 2 2 5 979 1175 838
1897 2 2 2 5 1067 1143 868
1898 2 2 2 5 773 1143 1067
1899 2 2 2 5 1203 1250 863
1900 2 2 2 5 852 1209 969
1901 2 2 2 5 749 1218 1132
1902 2 2 2 5 766 1268 1018
1903 2 2 2 5 152 1062 153
1904 2 2 2 5 971 1093 817
1905 2 2 2 5 728 1093 971
1906 2 2 2 5 743 1295 949
1907 2 2 2 5 942 1334 778
1908 2 2 2 5 952 1352 879
1909 2 2 2 5 960 1077 813
1910 2 2 2 5 814 1078 961
1911 2 2 2 5 1050 1242 830
1912 2 2 2 5 1020 1041 885
1913 2 2 2 5 789 1041 1020
1914 2 2 2 5 1086 1163 880
1915 2 2 2 5 767 1163 1086
1916 2 2 2 5 1015 1162 897
1917 2 2 2 5 800 1328 1067
1918 2 2 2 5 1079 1200 915
1919 2 2 2 5 154 1074 155
1920 2 2 2 5 1138 1188 772
1921 2 2 2 5 952 1136 859
1922 2 2 2 5 804 1342 995
1923 2 2 2 5 901 1188 1138
1924 2 2 2 5 785 1150 1006
1925 2 2 2 5 1007 1151 786
1926 2 2 2 5 152 1124 1062
1927 2 2 2 5 857 1177 951
1928 2 2 2 5 800 1275 946
1929 2 2 2 5 841 1269 949
1930 2 2 2 5 945 1202 835
1931 2 2 2 5 799 1330 957
1932 2 2 2 5 902 1194 986
1933 2 2 2 5 1122 1330 948
1934 2 2 2 5 1064 1216 806
1935 2 2 2 5 818 1330 1122
1936 2 2 2 5 860 1244 1222
1937 2 2 2 5 784 1167 1013
1938 2 2 2 5 947 1244 752
1939 2 2 2 5 1030 1190 816
1940 2 2 2 5 223 1073 222
1941 2 2 2 5 1012 1052 843
1942 2 2 2 5 155 1074 1037
1943 2 2 2 5 729 1112 1028
1944 2 2 2 5 1028 1112 867
1945 2 2 2 5 813 1318 1059
1946 2 2 2 5 1058 1319 814
1947 2 2 2 5 981 1227 771
1948 2 2 2 5 1088 1113 732
1949 2 2 2 5 953 1290 184
1950 2 2 2 5 807 1050 1018
1951 2 2 2 5 808 1051 1017
1952 2 2 2 5 763 1145 988
1953 2 2 2 5 1039 1317 911
1954 2 2 2 5 742 1317 1039
1955 2 2 2 5 768 1204 1168
1956 2 2 2 5 1106 1107 863
1957 2 2 2 5 819 1107 1106
1958 2 2 2 5 949 1269 795
1959 2 2 2 5 158 1036 159
1960 2 2 2 5 802 1049 1024
1961 2 2 2 5 1013 1333 784
1962 2 2 2 5 889 1263 1082
1963 2 2 2 5 1111 1121 870
1964 2 2 2 5 824 1121 1111
1965 2 2 2 5 1059 1318 1229
1966 2 2 2 5 1228 1319 1058
1967 2 2 2 5 869 1201 1037
1968 2 2 2 5 1014 1288 823
1969 2 2 2 5 957 1330 818
1970 2 2 2 5 880 1163 953
1971 2 2 2 5 730 1282 1231
1972 2 2 2 5 881 1346 1323
1973 2 2 2 5 1057 1131 752
1974 2 2 2 5 1136 1183 739
1975 2 2 2 5 174 1046 175
1976 2 2 2 5 198 1175 979
1977 2 2 2 5 980 1174 134
1978 2 2 2 5 1053 1281 805
1979 2 2 2 5 818 1165 1082
1980 2 2 2 5 821 1262 967
1981 2 2 2 5 784 1333 959
1982 2 2 2 5 1084 1290 808
1983 2 2 2 5 764 1149 967
1984 2 2 2 5 967 1149 828
1985 2 2 2 5 966 1161 142
1986 2 2 2 5 1315 1324 1121
1987 2 2 2 5 1055 1191 821
1988 2 2 2 5 996 1122 189
1989 2 2 2 5 218 1126 969
1990 2 2 2 5 851 1246 965
1991 2 2 2 5 966 1245 850
1992 2 2 2 5 977 1117 840
1993 2 2 2 5 787 1243 1048
1994 2 2 2 5 835 1055 1054
1995 2 2 2 5 1054 1055 821
1996 2 2 2 5 162 1226 9
1997 2 2 2 5 906 1365 1140
1998 2 2 2 5 1274 1296 742
1999 2 2 2 5 824 1315 1121
2000 2 2 2 5 805 1281 1072
2001 2 2 2 5 785 1314 954
2002 2 2 2 5 955 1313 786
2003 2 2 2 5 803 1091 997
2004 2 2 2 5 1254 1345 890
2005 2 2 2 5 9 1226 163
2006 2 2 2 5 899 1309 1069
2007 2 2 2 5 976 1129 783
2008 2 2 2 5 1092 1181 849
2009 2 2 2 5 1042 1205 839
2010 2 2 2 5 888 1218 1076
2011 2 2 2 5 1076 1218 810
2012 2 2 2 5 951 1237 844
2013 2 2 2 5 811 1300 979
2014 2 2 2 5 980 1299 810
2015 2 2 2 5 951 1204 857
2016 2 2 2 5 1003 1150 785
2017 2 2 2 5 786 1151 1002
2018 2 2 2 5 1002 1151 839
2019 2 2 2 5 840 1150 1003
2020 2 2 2 5 1032 1176 865
2021 2 2 2 5 728 1103 994
2022 2 2 2 5 994 1103 891
2023 2 2 2 5 879 1181 1092
2024 2 2 2 5 1240 1364 765
2025 2 2 2 5 956 1354 743
2026 2 2 2 5 1070 1159 956
2027 2 2 2 5 1087 1096 825
2028 2 2 2 5 849 1096 1087
2029 2 2 2 5 1010 1211 755
2030 2 2 2 5 862 1211 1010
2031 2 2 2 5 823 1288 1045
2032 2 2 2 5 828 1147 967
2033 2 2 2 5 922 1308 1247
2034 2 2 2 5 1004 1214 167
2035 2 2 2 5 192 1065 191
2036 2 2 2 5 850 1161 966
2037 2 2 2 5 1020 1311 789
2038 2 2 2 5 765 1364 1096
2039 2 2 2 5 988 1169 875
2040 2 2 2 5 981 1157 878
2041 2 2 2 5 1040 1113 872
2042 2 2 2 5 751 1293 958
2043 2 2 2 5 957 1263 744
2044 2 2 2 5 166 1259 1004
2045 2 2 2 5 1039 1274 742
2046 2 2 2 5 741 1332 1041
2047 2 2 2 5 837 1313 955
2048 2 2 2 5 954 1314 838
2049 2 2 2 5 1013 1167 842
2050 2 2 2 5 861 1129 976
2051 2 2 2 5 810 1299 999
2052 2 2 2 5 1000 1300 811
2053 2 2 2 5 935 1306 1116
2054 2 2 2 5 958 1217 780
2055 2 2 2 5 1138 1206 820
2056 2 2 2 5 1011 1287 1109
2057 2 2 2 5 215 1068 214
2058 2 2 2 5 145 1127 974
2059 2 2 2 5 970 1351 772
2060 2 2 2 5 755 1322 989
2061 2 2 2 5 1080 1189 937
2062 2 2 2 5 1045 1288 902
2063 2 2 2 5 1201 1334 942
2064 2 2 2 5 974 1127 826
2065 2 2 2 5 885 1333 1013
2066 2 2 2 5 763 1223 1153
2067 2 2 2 5 997 1312 845
2068 2 2 2 5 804 1235 959
2069 2 2 2 5 971 1153 833
2070 2 2 2 5 999 1299 132
2071 2 2 2 5 196 1300 1000
2072 2 2 2 5 1036 1080 159
2073 2 2 2 5 1062 1124 848
2074 2 2 2 5 897 1350 1015
2075 2 2 2 5 1069 1309 771
2076 2 2 2 5 769 1134 984
2077 2 2 2 5 984 1134 826
2078 2 2 2 5 1083 1250 900
2079 2 2 2 5 1046 1350 897
2080 2 2 2 5 908 1353 1033
2081 2 2 2 5 1033 1353 790
2082 2 2 2 5 1015 1350 173
2083 2 2 2 5 1130 1239 871
2084 2 2 2 5 747 1210 982
2085 2 2 2 5 730 1231 1045
2086 2 2 2 5 842 1159 1013
2087 2 2 2 5 1013 1159 762
2088 2 2 2 5 826 1134 974
2089 2 2 2 5 1008 1125 921
2090 2 2 2 5 204 1077 203
2091 2 2 2 5 139 1078 140
2092 2 2 2 5 899 1295 1182
2093 2 2 2 5 1092 1183 879
2094 2 2 2 5 206 1220 965
2095 2 2 2 5 967 1337 821
2096 2 2 2 5 993 1127 144
2097 2 2 2 5 825 1184 1087
2098 2 2 2 5 1037 1074 820
2099 2 2 2 5 189 1122 188
2100 2 2 2 5 985 1166 171
2101 2 2 2 5 826 1127 993
2102 2 2 2 5 1112 1133 867
2103 2 2 2 5 832 1133 1112
2104 2 2 2 5 834 1189 1080
2105 2 2 2 5 1190 1250 816
2106 2 2 2 5 159 1080 160
2107 2 2 2 5 219 1126 218
2108 2 2 2 5 967 1262 764
2109 2 2 2 5 1001 1206 745
2110 2 2 2 5 859 1178 973
2111 2 2 2 5 972 1179 858
2112 2 2 2 5 168 1171 169
2113 2 2 2 5 834 1080 1036
2114 2 2 2 5 1262 1349 764
2115 2 2 2 5 818 1122 996
2116 2 2 2 5 965 1220 851
2117 2 2 2 5 830 1215 1197
2118 2 2 2 5 731 1147 983
2119 2 2 2 5 983 1147 828
2120 2 2 2 5 1059 1277 854
2121 2 2 2 5 855 1276 1058
2122 2 2 2 5 874 1331 970
2123 2 2 2 5 175 1173 176
2124 2 2 2 5 1090 1170 733
2125 2 2 2 5 790 1353 978
2126 2 2 2 5 756 1125 1008
2127 2 2 2 5 1029 1292 186
2128 2 2 2 5 193 1193 192
2129 2 2 2 5 856 1180 975
2130 2 2 2 5 893 1196 1008
2131 2 2 2 5 922 1247 1027
2132 2 2 2 5 132 1299 133
2133 2 2 2 5 197 1300 196
2134 2 2 2 5 757 1176 977
2135 2 2 2 5 1008 1196 756
2136 2 2 2 5 984 1225 835
2137 2 2 2 5 988 1145 815
2138 2 2 2 5 973 1338 754
2139 2 2 2 5 975 1180 1086
2140 2 2 2 5 990 1146 805
2141 2 2 2 5 1239 1256 871
2142 2 2 2 5 904 1310 1028
2143 2 2 2 5 977 1355 757
2144 2 2 2 5 828 1272 982
2145 2 2 2 5 1011 1141 827
2146 2 2 2 5 1171 1198 913
2147 2 2 2 5 876 1198 1171
2148 2 2 2 5 753 1286 972
2149 2 2 2 5 915 1205 1169
2150 2 2 2 5 1169 1205 735
2151 2 2 2 5 172 1166 1015
2152 2 2 2 5 972 1245 781
2153 2 2 2 5 782 1246 973
2154 2 2 2 5 791 1344 989
2155 2 2 2 5 1176 1229 865
2156 2 2 2 5 1015 1166 841
2157 2 2 2 5 878 1366 981
2158 2 2 2 5 1076 1347 888
2159 2 2 2 5 986 1194 936
2160 2 2 2 5 1051 1163 767
2161 2 2 2 5 1016 1262 821
2162 2 2 2 5 976 1305 861
2163 2 2 2 5 750 1305 976
2164 2 2 2 5 1279 1327 756
2165 2 2 2 5 907 1195 1170
2166 2 2 2 5 1170 1195 733
2167 2 2 2 5 1016 1142 892
2168 2 2 2 5 858 1142 1016
2169 2 2 2 5 841 1166 985
2170 2 2 2 5 840 1355 977
2171 2 2 2 5 749 1132 1017
2172 2 2 2 5 734 1117 1035
2173 2 2 2 5 211 1241 210
2174 2 2 2 5 1089 1346 1329
2175 2 2 2 5 1125 1327 833
2176 2 2 2 5 1001 1148 869
2177 2 2 2 5 174 1350 1046
2178 2 2 2 5 732 1113 1040
2179 2 2 2 5 1172 1244 860
2180 2 2 2 5 835 1202 984
2181 2 2 2 5 989 1187 791
2182 2 2 2 5 871 1256 1143
2183 2 2 2 5 1082 1261 889
2184 2 2 2 5 766 1261 1082
2185 2 2 2 5 751 1141 1011
2186 2 2 2 5 983 1346 731
2187 2 2 2 5 984 1202 769
2188 2 2 2 5 1247 1308 878
2189 2 2 2 5 797 1224 991
2190 2 2 2 5 991 1224 846
2191 2 2 2 5 1112 1239 832
2192 2 2 2 5 1022 1189 834
2193 2 2 2 5 886 1165 996
2194 2 2 2 5 763 1153 1123
2195 2 2 2 5 1124 1365 906
2196 2 2 2 5 842 1354 1159
2197 2 2 2 5 1159 1354 956
2198 2 2 2 5 1101 1185 853
2199 2 2 2 5 1009 1344 791
2200 2 2 2 5 1041 1332 885
2201 2 2 2 5 926 1315 1118
2202 2 2 2 5 732 1221 1088
2203 2 2 2 5 1065 1271 191
2204 2 2 2 5 731 1346 1089
2205 2 2 2 5 797 1274 1039
2206 2 2 2 5 842 1199 1031
2207 2 2 2 5 982 1272 747
2208 2 2 2 5 151 1124 152
2209 2 2 2 5 826 1357 984
2210 2 2 2 5 1259 1345 1004
2211 2 2 2 5 201 1212 1025
2212 2 2 2 5 1026 1213 137
2213 2 2 2 5 1091 1312 997
2214 2 2 2 5 1018 1197 766
2215 2 2 2 5 171 1166 172
2216 2 2 2 5 1129 1284 943
2217 2 2 2 5 795 1269 985
2218 2 2 2 5 144 1127 145
2219 2 2 2 5 992 1255 779
2220 2 2 2 5 1004 1311 1214
2221 2 2 2 5 992 1304 861
2222 2 2 2 5 779 1304 992
2223 2 2 2 5 1002 1200 758
2224 2 2 2 5 839 1200 1002
2225 2 2 2 5 942 1154 1036
2226 2 2 2 5 1231 1282 903
2227 2 2 2 5 987 1243 787
2228 2 2 2 5 990 1238 874
2229 2 2 2 5 1197 1215 894
2230 2 2 2 5 1207 1255 836
2231 2 2 2 5 939 1255 1207
2232 2 2 2 5 934 1303 1022
2233 2 2 2 5 736 1238 1072
2234 2 2 2 5 1017 1298 749
2235 2 2 2 5 841 1162 1015
2236 2 2 2 5 769 1326 1066
2237 2 2 2 5 1066 1326 898
2238 2 2 2 5 133 1299 980
2239 2 2 2 5 979 1300 197
2240 2 2 2 5 994 1341 849
2241 2 2 2 5 825 1306 1184
2242 2 2 2 5 985 1269 841
2243 2 2 2 5 1066 1274 797
2244 2 2 2 5 836 1255 992
2245 2 2 2 5 207 1220 206
2246 2 2 2 5 1226 1283 883
2247 2 2 2 5 932 1131 1057
2248 2 2 2 5 1123 1208 884
2249 2 2 2 5 817 1208 1123
2250 2 2 2 5 1025 1212 854
2251 2 2 2 5 855 1213 1026
2252 2 2 2 5 861 1305 992
2253 2 2 2 5 1069 1295 899
2254 2 2 2 5 1043 1215 830
2255 2 2 2 5 820 1206 1001
2256 2 2 2 5 860 1222 1195
2257 2 2 2 5 854 1234 1025
2258 2 2 2 5 1026 1233 855
2259 2 2 2 5 1199 1232 798
2260 2 2 2 5 1100 1260 802
2261 2 2 2 5 889 1260 1100
2262 2 2 2 5 1003 1355 840
2263 2 2 2 5 184 1290 183
2264 2 2 2 5 744 1263 1100
2265 2 2 2 5 1100 1263 889
2266 2 2 2 5 920 1232 1199
2267 2 2 2 5 916 1356 1081
2268 2 2 2 5 1128 1251 873
2269 2 2 2 5 149 1140 150
2270 2 2 2 5 762 1159 1070
2271 2 2 2 5 183 1347 182
2272 2 2 2 5 857 1316 1073
2273 2 2 2 5 906 1360 1124
2274 2 2 2 5 1042 1343 735
2275 2 2 2 5 776 1189 1022
2276 2 2 2 5 785 1234 1003
2277 2 2 2 5 1002 1233 786
2278 2 2 2 5 753 1357 1071
2279 2 2 2 5 830 1197 1018
2280 2 2 2 5 998 1265 793
2281 2 2 2 5 869 1334 1201
2282 2 2 2 5 1007 1313 837
2283 2 2 2 5 838 1314 1006
2284 2 2 2 5 742 1296 997
2285 2 2 2 5 1082 1165 766
2286 2 2 2 5 1001 1348 820
2287 2 2 2 5 869 1348 1001
2288 2 2 2 5 1014 1216 777
2289 2 2 2 5 1227 1366 809
2290 2 2 2 5 981 1366 1227
2291 2 2 2 5 758 1276 1002
2292 2 2 2 5 223 1177 1073
2293 2 2 2 5 1097 1248 944
2294 2 2 2 5 867 1307 1028
2295 2 2 2 5 1028 1307 790
2296 2 2 2 5 1064 1331 736
2297 2 2 2 5 1005 1273 804
2298 2 2 2 5 756 1196 1024
2299 2 2 2 5 132 1363 999
2300 2 2 2 5 1000 1362 196
2301 2 2 2 5 142 1161 143
2302 2 2 2 5 767 1158 1051
2303 2 2 2 5 1000 1358 195
2304 2 2 2 5 180 1359 999
2305 2 2 2 5 803 1329 1091
2306 2 2 2 5 1141 1156 872
2307 2 2 2 5 212 1164 211
2308 2 2 2 5 751 1156 1141
2309 2 2 2 5 164 1289 1023
2310 2 2 2 5 1139 1186 874
2311 2 2 2 5 1088 1221 822
2312 2 2 2 5 1006 1314 785
2313 2 2 2 5 786 1313 1007
2314 2 2 2 5 1036 1154 834
2315 2 2 2 5 812 1251 1010
2316 2 2 2 5 793 1287 1011
2317 2 2 2 5 746 1190 1030
2318 2 2 2 5 1028 1310 729
2319 2 2 2 5 1023 1289 883
2320 2 2 2 5 791 1278 1009
2321 2 2 2 5 848 1188 1062
2322 2 2 2 5 1048 1243 856
2323 2 2 2 5 989 1322 1187
2324 2 2 2 5 877 1240 1098
2325 2 2 2 5 1098 1240 765
2326 2 2 2 5 835 1225 1055
2327 2 2 2 5 945 1249 1089
2328 2 2 2 5 1027 1284 861
2329 2 2 2 5 737 1284 1027
2330 2 2 2 5 843 1279 1024
2331 2 2 2 5 1054 1337 731
2332 2 2 2 5 748 1152 1061
2333 2 2 2 5 199 1175 198
2334 2 2 2 5 134 1174 135
2335 2 2 2 5 195 1362 1000
2336 2 2 2 5 999 1363 180
2337 2 2 2 5 1277 1355 1003
2338 2 2 2 5 757 1355 1277
2339 2 2 2 5 829 1344 1009
2340 2 2 2 5 1073 1177 857
2341 2 2 2 5 822 1221 1098
2342 2 2 2 5 847 1241 1164
2343 2 2 2 5 1031 1199 798
2344 2 2 2 5 1255 1316 779
2345 2 2 2 5 224 1177 223
2346 2 2 2 5 978 1353 1063
2347 2 2 2 5 731 1249 1054
2348 2 2 2 5 777 1288 1014
2349 2 2 2 5 1046 1173 175
2350 2 2 2 5 949 1295 1069
2351 2 2 2 5 1018 1268 807
2352 2 2 2 5 183 1290 1084
2353 2 2 2 5 1069 1162 841
2354 2 2 2 5 735 1205 1042
2355 2 2 2 5 1084 1347 183
2356 2 2 2 5 927 1216 1064
2357 2 2 2 5 209 1267 208
2358 2 2 2 5 748 1242 1050
2359 2 2 2 5 771 1162 1069
2360 2 2 2 5 1044 1294 845
2361 2 2 2 5 831 1298 1017
2362 2 2 2 5 151 1365 1124
2363 2 2 2 5 773 1281 1053
2364 2 2 2 5 147 1297 1047
2365 2 2 2 5 743 1354 1031
2366 2 2 2 5 1106 1190 746
2367 2 2 2 5 863 1190 1106
2368 2 2 2 5 1027 1247 737
2369 2 2 2 5 898 1296 1274
2370 2 2 2 5 1038 1267 209
2371 2 2 2 5 755 1211 1034
2372 2 2 2 5 939 1316 1255
2373 2 2 2 5 845 1294 1053
2374 2 2 2 5 896 1168 1114
2375 2 2 2 5 1114 1168 844
2376 2 2 2 5 1311 1345 789
2377 2 2 2 5 1004 1345 1311
2378 2 2 2 5 1228 1258 864
2379 2 2 2 5 776 1340 1189
2380 2 2 2 5 1024 1279 756
2381 2 2 2 5 156 1201 157
2382 2 2 2 5 167 1214 168
2383 2 2 2 5 1089 1249 731
2384 2 2 2 5 732 1324 1221
2385 2 2 2 5 1186 1360 770
2386 2 2 2 5 1022 1303 917
2387 2 2 2 5 217 1209 216
2388 2 2 2 5 753 1191 1055
2389 2 2 2 5 1189 1340 937
2390 2 2 2 5 1047 1297 882
2391 2 2 2 5 202 1212 201
2392 2 2 2 5 137 1213 138
2393 2 2 2 5 1087 1184 728
2394 2 2 2 5 861 1304 1027
2395 2 2 2 5 1140 1365 150
2396 2 2 2 5 734 1215 1043
2397 2 2 2 5 1230 1316 857
2398 2 2 2 5 1039 1224 797
2399 2 2 2 5 1044 1312 760
2400 2 2 2 5 761 1203 1107
2401 2 2 2 5 1107 1203 863
2402 2 2 2 5 821 1337 1054
2403 2 2 2 5 728 1184 1093
2404 2 2 2 5 192 1193 1065
2405 2 2 2 5 757 1277 1059
2406 2 2 2 5 1058 1276 758
2407 2 2 2 5 1062 1188 901
2408 2 2 2 5 1070 1198 762
2409 2 2 2 5 913 1198 1070
2410 2 2 2 5 1086 1180 767
2411 2 2 2 5 865 1264 1032
2412 2 2 2 5 1142 1252 892
2413 2 2 2 5 740 1252 1142
2414 2 2 2 5 1167 1199 842
2415 2 2 2 5 195 1358 194
2416 2 2 2 5 181 1359 180
2417 2 2 2 5 1225 1357 753
2418 2 2 2 5 1158 1343 831
2419 2 2 2 5 931 1343 1158
2420 2 2 2 5 849 1181 1096
2421 2 2 2 5 1197 1261 766
2422 2 2 2 5 1052 1279 843
2423 2 2 2 5 1045 1231 823
2424 2 2 2 5 165 1259 166
2425 2 2 2 5 163 1289 164
2426 2 2 2 5 1096 1181 765
2427 2 2 2 5 852 1322 1034
2428 2 2 2 5 1139 1188 848
2429 2 2 2 5 191 1271 190
2430 2 2 2 5 807 1257 1050
2431 2 2 2 5 1093 1184 866
2432 2 2 2 5 844 1237 1135
2433 2 2 2 5 790 1307 1033
2434 2 2 2 5 810 1218 1060
2435 2 2 2 5 1055 1225 753
2436 2 2 2 5 1160 1220 207
2437 2 2 2 5 186 1292 185
2438 2 2 2 5 177 1335 178
2439 2 2 2 5 873 1251 1104
2440 2 2 2 5 1104 1251 812
2441 2 2 2 5 758 1200 1079
2442 2 2 2 5 1031 1354 842
2443 2 2 2 5 1034 1322 755
2444 2 2 2 5 758 1228 1058
2445 2 2 2 5 1059 1229 757
2446 2 2 2 5 11 1362 195
2447 2 2 2 5 180 1363 8
2448 2 2 2 5 1110 1278 895
2449 2 2 2 5 1067 1275 800
2450 2 2 2 5 1208 1349 892
2451 2 2 2 5 146 1297 147
2452 2 2 2 5 731 1337 1147
2453 2 2 2 5 1144 1207 836
2454 2 2 2 5 1040 1301 870
2455 2 2 2 5 1054 1249 835
2456 2 2 2 5 866 1236 1105
2457 2 2 2 5 1105 1236 764
2458 2 2 2 5 173 1350 174
2459 2 2 2 5 1071 1286 753
2460 2 2 2 5 849 1341 1092
2461 2 2 2 5 1083 1222 816
2462 2 2 2 5 757 1229 1176
2463 2 2 2 5 760 1312 1091
2464 2 2 2 5 845 1312 1044
2465 2 2 2 5 872 1156 1155
2466 2 2 2 5 1155 1156 853
2467 2 2 2 5 844 1335 1114
2468 2 2 2 5 1053 1294 773
2469 2 2 2 5 150 1365 151
2470 2 2 2 5 8 1363 132
2471 2 2 2 5 196 1362 11
2472 2 2 2 5 894 1261 1197
2473 2 2 2 5 831 1343 1042
2474 2 2 2 5 898 1274 1066
2475 2 2 2 5 1037 1348 869
2476 2 2 2 5 820 1348 1037
2477 2 2 2 5 847 1293 1109
2478 2 2 2 5 868 1275 1067
2479 2 2 2 5 903 1273 1231
2480 2 2 2 5 792 1266 1182
2481 2 2 2 5 1182 1266 899
2482 2 2 2 5 1098 1221 877
2483 2 2 2 5 772 1188 1139
2484 2 2 2 5 1124 1360 848
2485 2 2 2 5 853 1270 1155
2486 2 2 2 5 816 1250 1083
2487 2 2 2 5 848 1186 1139
2488 2 2 2 5 1214 1311 876
2489 2 2 2 5 815 1258 1079
2490 2 2 2 5 754 1338 1119
2491 2 2 2 5 850 1286 1071
2492 2 2 2 5 862 1248 1211
2493 2 2 2 5 1099 1258 815
2494 2 2 2 5 864 1258 1099
2495 2 2 2 5 1072 1281 919
2496 2 2 2 5 1118 1210 747
2497 2 2 2 5 1108 1308 768
2498 2 2 2 5 878 1308 1108
2499 2 2 2 5 1056 1317 742
2500 2 2 2 5 875 1302 1223
2501 2 2 2 5 1223 1302 921
2502 2 2 2 5 868 1256 1115
2503 2 2 2 5 1115 1256 729
2504 2 2 2 5 870 1339 1111
2505 2 2 2 5 1135 1335 844
2506 2 2 2 5 1329 1346 881
2507 2 2 2 5 801 1248 1097
2508 2 2 2 5 1185 1270 853
2509 2 2 2 5 1071 1357 826
2510 2 2 2 5 1057 1356 798
2511 2 2 2 5 890 1345 1259
2512 2 2 2 5 860 1280 1172
2513 2 2 2 5 863 1250 1190
2514 2 2 2 5 1063 1353 908
2515 2 2 2 5 729 1256 1239
2516 2 2 2 5 729 1239 1112
2517 2 2 2 5 912 1265 1119
2518 2 2 2 5 1132 1218 888
2519 2 2 2 5 1137 1266 792
2520 2 2 2 5 905 1266 1137
2521 2 2 2 5 168 1214 1171
2522 2 2 2 5 1195 1280 860
2523 2 2 2 5 1073 1316 939
2524 2 2 2 5 1171 1214 876
2525 2 2 2 5 1157 1247 878
2526 2 2 2 5 737 1247 1157
2527 2 2 2 5 1149 1236 935
2528 2 2 2 5 911 1317 1146
2529 2 2 2 5 194 1358 1075
2530 2 2 2 5 1076 1359 181
2531 2 2 2 5 851 1220 1160
2532 2 2 2 5 920 1199 1167
2533 2 2 2 5 1115 1291 868
2534 2 2 2 5 819 1291 1115
2535 2 2 2 5 856 1320 1180
2536 2 2 2 5 1089 1329 803
2537 2 2 2 5 1109 1293 751
2538 2 2 2 5 814 1319 1094
2539 2 2 2 5 1095 1318 813
2540 2 2 2 5 1109 1287 914
2541 2 2 2 5 877 1324 1315
2542 2 2 2 5 888 1347 1084
2543 2 2 2 5 1092 1341 775
2544 2 2 2 5 1208 1252 884
2545 2 2 2 5 892 1252 1208
2546 2 2 2 5 1116 1306 825
2547 2 2 2 5 764 1236 1149
2548 2 2 2 5 1238 1331 874
2549 2 2 2 5 1096 1364 825
2550 2 2 2 5 729 1310 1115
2551 2 2 2 5 1118 1315 824
2552 2 2 2 5 1217 1293 847
2553 2 2 2 5 1155 1270 774
2554 2 2 2 5 861 1284 1129
2555 2 2 2 5 1332 1342 959
2556 2 2 2 5 741 1342 1332
2557 2 2 2 5 926 1364 1240
2558 2 2 2 5 1143 1256 868
2559 2 2 2 5 1133 1321 867
2560 2 2 2 5 767 1320 1158
2561 2 2 2 5 1235 1273 903
2562 2 2 2 5 804 1273 1235
2563 2 2 2 5 1137 1336 943
2564 2 2 2 5 792 1336 1137
2565 2 2 2 5 1111 1339 759
2566 2 2 2 5 764 1349 1105
2567 2 2 2 5 1114 1335 177
2568 2 2 2 5 1152 1257 887
2569 2 2 2 5 1164 1241 211
2570 2 2 2 5 1002 1276 1233
2571 2 2 2 5 1233 1276 855
2572 2 2 2 5 1234 1277 1003
2573 2 2 2 5 854 1277 1234
2574 2 2 2 5 1119 1338 851
2575 2 2 2 5 1121 1324 732
2576 2 2 2 5 1180 1320 767
2577 2 2 2 5 809 1366 1108
2578 2 2 2 5 1253 1328 800
2579 2 2 2 5 927 1328 1253
2580 2 2 2 5 1108 1366 878
2581 2 2 2 5 756 1327 1125
2582 2 2 2 5 178 1335 1135
2583 2 2 2 5 1283 1340 883
2584 2 2 2 5 937 1340 1283
2585 2 2 2 5 759 1321 1133
2586 2 2 2 5 907 1280 1195
2587 2 2 2 5 778 1334 1148
2588 2 2 2 5 1172 1280 783
2589 2 2 2 5 1184 1306 866
2590 2 2 2 5 908 1270 1185
2591 2 2 2 5 1202 1326 769
2592 2 2 2 5 945 1326 1202
2593 2 2 2 5 1187 1322 852
2594 2 2 2 5 972 1286 1245
2595 2 2 2 5 1245 1286 850
2596 2 2 2 5 1158 1320 931
2597 2 2 2 5 1148 1334 869
2598 2 2 2 5 1147 1337 967
2599 2 2 2 5 1285 1323 941
2600 2 2 2 5 868 1291 1275
2601 2 2 2 5 1275 1291 946
2602 2 2 2 5 879 1352 1181
2603 2 2 2 5 1266 1309 899
2604 2 2 2 5 905 1309 1266
2605 2 2 2 5 1226 1289 163
2606 2 2 2 5 889 1261 1260
2607 2 2 2 5 1260 1261 894
2608 2 2 2 5 958 1293 1217
2609 2 2 2 5 1221 1324 877
2610 2 2 2 5 883 1289 1226
2611 2 2 2 5 779 1316 1230
2612 2 2 2 5 1229 1318 865
2613 2 2 2 5 864 1319 1228
2614 2 2 2 5 1181 1352 765
2615 2 2 2 5 848 1360 1186
2616 2 2 2 5 736 1331 1238
2617 2 2 2 5 851 1338 1246
2618 2 2 2 5 1246 1338 973
2619 2 2 2 5 1321 1339 940
2620 2 2 2 5 759 1339 1321
2621 2 2 2 5 984 1357 1225
2622 2 2 2 5 881 1323 1285
2623 2 2 2 5 1332 1333 885
2624 2 2 2 5 959 1333 1332
$EndElements
