$MeshFormat
4.1 0 8
$EndMeshFormat
$PhysicalNames
4
2 2 "termination"
2 3 "diaphragm"
2 4 "frontFEM_boundary"
3 1 "frontFEM"
$EndPhysicalNames
$Entities
26 40 15 1
1 36.5424175171793 0 -25.7729968565433 0 
2 33.616308622543 0 -27.0387090760837 0 
3 41.5 0 -25.0380671806812 0 
4 41.5 0 -24.7 0 
5 35.013006653664 0 -24.7 0 
6 32.5048016053725 0 -25.2906355021926 0 
7 30.284895987919 0 -24.7 0 
8 24.89 0 -24.7 0 
9 24.89 0 -24.9984976788624 0 
10 31.1369855750953 0 -26.7128363281387 0 
11 16.6653385663775 0 -9.734256950929399 0 
12 17.9719745135821 0 0 0 
13 0 0 0 0 
14 0 0 -1.16175423051979 0 
15 0 24.89 -24.9984976788624 0 
16 0 24.89 -24.7 0 
17 0 30.284895987919 -24.7 0 
18 0 32.5048016053725 -25.2906355021926 0 
19 0 35.013006653664 -24.7 0 
20 0 41.5 -24.7 0 
21 0 41.5 -25.0380671806812 0 
22 0 36.5424175171793 -25.7729968565433 0 
23 0 17.9719745135821 0 0 
24 0 16.6653385663775 -9.734256950929399 0 
25 0 31.1369855750953 -26.7128363281388 0 
26 0 33.616308622543 -27.0387090760837 0 
1 33.61630852254299 -1e-07 -27.03870917608366 36.5424176171793 1e-07 -25.7729967565433 0 2 1 -2 
2 36.54241741717931 -1e-07 -25.77299695654336 41.5000001 1e-07 -25.03806708068123 0 2 3 -1 
3 41.4999999 -1e-07 -25.0380672806812 41.5000001 1e-07 -24.6999999 0 2 4 -3 
4 35.013006553664 -1e-07 -24.7000001 41.5000001 1e-07 -24.6999999 0 2 5 -4 
5 32.50480150537251 -1e-07 -25.29063560219263 35.013006753664 1e-07 -24.69999989999999 0 2 6 -5 
6 30.28489588791901 -1e-07 -25.29063560219262 32.50480170537249 1e-07 -24.69999989999996 0 2 7 -6 
7 24.8899999 -1e-07 -24.7000001 30.284896087919 1e-07 -24.6999999 0 2 8 -7 
8 24.8899999 -1e-07 -24.9984977788624 24.8900001 1e-07 -24.6999999 0 2 9 -8 
9 24.8899999 -1e-07 -26.71283642813877 31.13698567509528 1e-07 -24.99849757886239 0 2 10 -9 
10 16.62859523800518 -0.002060920087421403 -36.09516002742162 31.13904649518272 0.002060920087424333 -9.732196030841976 0 2 11 -10 
11 16.6653384663775 -1e-07 -9.734257050929399 17.9719746135821 1e-07 1.000000002804313e-07 0 2 12 -11 
12 -9.99999993922529e-08 -1e-07 -1e-07 17.9719746135821 1e-07 1e-07 0 2 13 -12 
13 -1e-07 -1e-07 -1.16175433051979 1e-07 1e-07 9.999999994736442e-08 0 2 14 -13 
14 -8.059952065764264e-07 -8.059952390092606e-07 -40.50996394800992 33.61670493187822 8.059952386221801e-07 -1.089380827428947 0 2 2 -14 
15 -1.000000047213234e-07 -9.999999406318238e-08 -24.9984977788624 24.8900001 24.8900001 -24.9984975788624 0 2 15 -9 
16 -1e-07 24.8899999 -24.9984977788624 1e-07 24.8900001 -24.6999999 0 2 16 -15 
17 -1.000000047213234e-07 -9.999999406318238e-08 -24.7000001 24.8900001 24.8900001 -24.6999999 0 2 16 -8 
18 -1.000000047213234e-07 -9.999999228682555e-08 -24.7000001 30.284896087919 30.284896087919 -24.6999999 0 2 17 -7 
19 -1e-07 24.8899999 -24.7000001 1e-07 30.284896087919 -24.6999999 0 2 17 -16 
20 -1.000000047213234e-07 -9.999999051046871e-08 -25.2906356021926 32.5048017053725 32.5048017053725 -25.2906354021926 0 2 18 -6 
21 -1e-07 30.28489588791901 -25.29063560219262 1e-07 32.50480170537249 -24.69999989999996 0 2 18 -17 
22 -1e-07 32.50480150537251 -25.29063560219263 1e-07 35.013006753664 -24.69999989999999 0 2 19 -18 
23 -1.000000047213234e-07 -9.999999051046871e-08 -24.7000001 35.013006753664 35.013006753664 -24.6999999 0 2 19 -5 
24 -1.000000082740371e-07 -9.999999051046871e-08 -24.7000001 41.5000001 41.5000001 -24.6999999 0 2 20 -4 
25 -1e-07 35.013006553664 -24.7000001 1e-07 41.5000001 -24.6999999 0 2 20 -19 
26 -1.000000082740371e-07 -9.999999051046871e-08 -25.0380672806812 41.5000001 41.5000001 -25.0380670806812 0 2 21 -3 
27 -1e-07 41.4999999 -25.0380672806812 1e-07 41.5000001 -24.6999999 0 2 21 -20 
28 -1.000000082740371e-07 -9.999999051046871e-08 -25.7729969565433 36.5424176171793 36.5424176171793 -25.7729967565433 0 2 22 -1 
29 -1e-07 36.54241741717931 -25.77299695654336 1e-07 41.5000001 -25.03806708068123 0 2 22 -21 
30 -1e-07 -9.99999993922529e-08 -1e-07 1e-07 17.9719746135821 1e-07 0 2 23 -13 
31 -1e-07 16.6653384663775 -9.734257050929399 1e-07 17.9719746135821 1.000000002804313e-07 0 2 24 -23 
32 -1e-07 16.6451090507952 -36.10980489234084 1e-07 31.1369856750953 -9.7342568509294 0 2 24 -25 
33 -1e-07 24.8899999 -26.71283642813878 1e-07 31.13698567509531 -24.99849757886239 0 2 15 -25 
34 -1e-07 33.61630852254299 -27.03870917608366 1e-07 36.5424176171793 -25.7729967565433 0 2 26 -22 
35 -1e-07 -1.000000011686097e-07 -40.53103060470565 1e-07 33.6175594721492 -1.066125573711066 0 2 26 -14 
36 -1.000000047213234e-07 -9.999999051046871e-08 -27.0387091760837 33.616308722543 33.616308722543 -27.0387089760837 0 2 26 -2 
37 -1.000000064976803e-07 -9.999999228682555e-08 -26.7128364281388 31.1369856750953 31.1369856750953 -26.7128362281388 0 2 25 -10 
38 -1.000000029449666e-07 -9.999999583953922e-08 -1e-07 17.9719746135821 17.9719746135821 1e-07 0 2 23 -12 
39 -1.000000029449666e-07 -9.999999583953922e-08 -9.734257050929399 16.6653386663775 16.6653386663775 -9.7342568509294 0 2 24 -11 
40 -1.000000004234825e-07 -1.000000003124602e-07 -1.161754330519791 1.00000025445134e-07 1.000000255561563e-07 -1.161754130519789 0 2 14 -14 
1 -0.002060920087423312 -0.002060920087430161 -40.51202406210211 41.50206092008742 0.002060920087429774 0.002060920087423312 1 4 14 14 13 12 11 10 9 8 7 6 5 4 3 2 1 
2 -9.99999993922529e-08 -9.999999761589606e-08 -24.9984977788624 24.8900001 24.8900001 -24.6999999 1 4 4 -15 -16 17 -8 
3 -1.000000047213234e-07 -9.99999993922529e-08 -24.7000001 30.284896087919 30.284896087919 -24.6999999 1 3 4 7 -18 19 17 
4 -1.000000011686097e-07 -9.999999761589606e-08 -25.29063560219261 32.5048017053725 32.5048017053725 -24.69999989999997 1 3 4 6 -20 21 18 
5 -9.999999051046871e-08 -1.000000047213234e-07 -25.29063560219263 35.013006753664 35.013006753664 -24.6999999 1 3 4 -20 -22 23 -5 
6 -1.000000082740371e-07 -1.000000011686097e-07 -24.7000001 41.5000001 41.5000001 -24.6999999 1 3 4 4 -24 25 23 
7 -1.000000011686097e-07 -9.999999761589606e-08 -25.0380672806812 41.5000001 41.5000001 -24.6999999 1 4 4 3 -26 27 24 
8 -9.999999051046871e-08 -1.000000082740371e-07 -25.77299695654336 41.50000010000001 41.50000010000001 -25.03806708068122 1 4 4 2 -28 29 26 
9 -1e-07 -1.000000011686097e-07 -40.53103060470565 1e-07 41.5000001 1.000000011686097e-07 1 4 14 -35 34 29 27 25 22 21 19 16 33 -32 31 30 -13 
10 -9.999999051046871e-08 -1.000000082740371e-07 -27.03870917608367 36.5424176171793 36.5424176171793 -25.7729967565433 1 4 4 1 -36 34 28 
11 -9.99999993922529e-08 -9.999999761589606e-08 -26.71283642813878 31.13698567509531 31.13698567509531 -24.99849757886239 1 4 4 -37 -33 15 -9 
12 -1.000000029449666e-07 -9.99999993922529e-08 -1e-07 17.9719746135821 17.9719746135821 1e-07 1 2 3 12 -38 30 
13 -9.999999583953922e-08 -1.000000029449666e-07 -9.734257050929399 17.9719746135821 17.9719746135821 1.000000002804313e-07 1 4 4 11 -39 31 38 
14 -9.99999993922529e-08 -31.1369856750953 -36.4375143460999 31.1369856750953 31.1369856750953 -9.7342568509294 1 4 4 10 -37 -32 39 
15 -1.000000011686097e-07 -33.6175594721492 -41.2409734481788 33.6175594721492 33.6175594721492 -0.9804999497206843 1 4 4 14 40 -35 36 
1 -0.002060920087430418 -33.61962029223663 -41.24303426826622 41.50206092008743 41.50206092008743 0.002060920087423312 1 1 15 -1 -2 3 4 -5 6 7 8 -9 10 -11 12 13 14 15 
$EndEntities
$Nodes
72 1027 1 1027
0 1 0 1
1
36.5424175171793 0 -25.7729968565433
0 2 0 1
2
33.616308622543 0 -27.0387090760837
0 3 0 1
3
41.5 0 -25.0380671806812
0 4 0 1
4
41.5 0 -24.7
0 5 0 1
5
35.013006653664 0 -24.7
0 6 0 1
6
32.5048016053725 0 -25.2906355021926
0 7 0 1
7
30.284895987919 0 -24.7
0 8 0 1
8
24.89 0 -24.7
0 9 0 1
9
24.89 0 -24.9984976788624
0 10 0 1
10
31.1369855750953 0 -26.7128363281387
0 11 0 1
11
16.6653385663775 0 -9.734256950929399
0 12 0 1
12
17.9719745135821 0 0
0 13 0 1
13
0 0 0
0 14 0 1
14
0 0 -1.16175423051979
0 15 0 1
15
0 24.89 -24.9984976788624
0 16 0 1
16
0 24.89 -24.7
0 17 0 1
17
0 30.284895987919 -24.7
0 18 0 1
18
0 32.5048016053725 -25.2906355021926
0 19 0 1
19
0 35.013006653664 -24.7
0 20 0 1
20
0 41.5 -24.7
0 21 0 1
21
0 41.5 -25.0380671806812
0 22 0 1
22
0 36.5424175171793 -25.7729968565433
0 23 0 1
23
0 17.9719745135821 0
0 24 0 1
24
0 16.6653385663775 -9.734256950929399
0 25 0 1
25
0 31.1369855750953 -26.7128363281388
0 26 0 1
26
0 33.616308622543 -27.0387090760837
1 1 0 1
27
35.07936306986115 0 -26.40585296631348
1 2 0 1
28
39.02120875858966 0 -25.40553201861229
1 4 0 2
29
30
37.17533776910933 0 -24.7
39.33766888455467 0 -24.7
1 7 0 1
31
27.58744799395951 0 -24.7
1 9 0 2
32
33
29.05465705006352 0 -26.14139011171331
26.97232852503176 0 -25.56994389528785
1 10 0 14
34
35
36
37
38
39
40
41
42
43
44
45
46
47
16.66591373189537 1.02647151008864e-15 -12.53628980978109
16.70557651869915 1.034666443308514e-15 -15.33803238721244
16.79378594067377 1.045754610769539e-15 -18.13865102576747
16.94341194484711 1.057518255356647e-15 -20.93663263105527
17.17307101670614 1.067294296021498e-15 -23.72912913447065
17.51174589134813 1.071478347328856e-15 -26.51038569342323
18.00956559250431 1.108767286011823e-15 -29.26725692611564
18.76728277435875 1.16261373630334e-15 -31.96298707806439
20.01972285979794 1.235836553609881e-15 -34.45909214662269
22.26488463571961 1.370019646952308e-15 -36.01541698972494
24.95694585691322 1.523048636852021e-15 -35.44853954836739
27.22316946135638 1.641688774349473e-15 -33.8124047580048
29.16667540188788 1.786940422507932e-15 -31.79700051020222
30.69721322145042 1.877373523930735e-15 -29.46230855098512
1 11 0 3
48
49
50
17.64531552678095 0 -2.433564237732353
17.3186565399798 0 -4.867128475464702
16.99199755317865 0 -7.300692713197049
1 12 0 5
51
52
53
54
55
2.99532908559701 0 0
5.990658171194023 0 0
8.98598725679104 0 0
11.98131634238806 0 0
14.97664542798508 0 0
1 14 0 22
56
57
58
59
60
61
62
63
64
65
66
67
68
69
70
71
72
73
74
75
76
77
33.20024204971646 4.705306748089323e-15 -29.97715487444752
32.01831513118991 0 -32.70553485138403
30.34593579647062 0 -35.1672399951899
28.30595397000281 -5.874088309014063e-15 -37.33443543269276
25.9203277468023 0 -39.11096368502559
23.18324217984046 0 -40.26121315559544
20.2268154551565 0 -40.44757688273078
17.3990785329029 0 -39.55796710054008
14.95790251584704 0 -37.86389921635536
12.92293215496258 0 -35.69282367281154
11.2232213101337 0 -33.24807211594033
9.789130428165681 0 -30.63769148299276
8.569170234885039 0 -27.92020591683044
7.526917603006516 0 -25.12951238417117
6.636192678418283 0 -22.28669988167242
5.877595218889854 0 -19.40573683754138
5.236243571833517 -1.597532695818499e-15 -16.49637535843154
4.699822921146281 0 -13.56581258340409
4.255221835722031 0 -10.61987911917947
3.879253820333051 0 -7.664336246108941
3.502534318422521 0 -4.708947980473025
2.70977389026353 0 -1.857010284092889
1 15 0 13
78
79
80
81
82
83
84
85
86
87
88
89
90
2.786795810211328 24.73349690424281 -24.9984976788624
5.538546046172661 24.26595573420559 -24.9984976788624
8.220645852064104 23.49325609137527 -24.9984976788624
10.79936626663602 22.42511512209122 -24.9984976788624
13.24227838446672 21.074965318792 -24.9984976788624
15.51866116826386 19.45978559862928 -24.9984976788624
17.59988778373315 17.59988778373319 -24.9984976788624
19.45978559862925 15.5186611682639 -24.9984976788624
21.07496531879198 13.24227838446675 -24.9984976788624
22.4251151220912 10.79936626663605 -24.9984976788624
23.49325609137526 8.220645852064136 -24.9984976788624
24.26595573420558 5.538546046172693 -24.9984976788624
24.73349690424281 2.786795810211339 -24.9984976788624
1 17 0 13
91
92
93
94
95
96
97
98
99
100
101
102
103
2.786795810211328 24.73349690424281 -24.7
5.538546046172661 24.26595573420559 -24.7
8.220645852064104 23.49325609137527 -24.7
10.79936626663602 22.42511512209122 -24.7
13.24227838446672 21.074965318792 -24.7
15.51866116826386 19.45978559862928 -24.7
17.59988778373315 17.59988778373319 -24.7
19.45978559862925 15.5186611682639 -24.7
21.07496531879198 13.24227838446675 -24.7
22.4251151220912 10.79936626663605 -24.7
23.49325609137526 8.220645852064136 -24.7
24.26595573420558 5.538546046172693 -24.7
24.73349690424281 2.786795810211339 -24.7
1 18 0 15
104
105
106
107
108
109
110
111
112
113
114
115
116
117
118
2.968438899914014 30.13906593603308 -24.7
5.90829011050807 29.70298020349381 -24.7
8.791241257538047 28.98083853429423 -24.7
11.58952794547661 27.97959554747154 -24.7
14.27620114381979 26.70889376032394 -24.7
16.82538672098259 25.18097072569791 -24.7
19.21253462633037 23.41054117766458 -24.7
21.41465532058681 21.41465532058677 -24.7
23.41054117766461 19.21253462633034 -24.7
25.18097072569792 16.82538672098257 -24.7
26.70889376032396 14.27620114381975 -24.7
27.97959554747155 11.58952794547657 -24.7
28.98083853429423 8.791241257538033 -24.7
29.70298020349381 5.908290110508056 -24.7
30.13906593603308 2.968438899914001 -24.7
1 19 0 1
119
0 27.58744799395949 -24.7
1 20 0 17
120
121
122
123
124
125
126
127
128
129
130
131
132
133
134
135
136
2.832980126781503 32.38111102179614 -25.2906355021926
5.644399564198034 32.0109806310945 -25.2906355021926
8.412861712749379 31.39722734903167 -25.2906355021926
11.11729690384191 30.54452220867849 -25.2906355021926
13.7371227526888 29.45935481103051 -25.2906355021926
16.25240080268623 28.1499839352258 -25.2906355021926
18.6439882691073 26.626374684249 -25.2906355021926
20.89368372725255 24.90012264448046 -25.2906355021926
22.98436563628225 22.9843656362823 -25.2906355021926
24.90012264448041 20.8936837272526 -25.2906355021926
26.62637468424898 18.64398826910733 -25.2906355021926
28.14998393522578 16.25240080268626 -25.2906355021926
29.45935481103049 13.73712275268884 -25.2906355021926
30.54452220867849 11.11729690384193 -25.2906355021926
31.39722734903167 8.412861712749391 -25.2906355021926
32.0109806310945 5.644399564198048 -25.2906355021926
32.38111102179614 2.832980126781488 -25.2906355021926
1 23 0 18
137
138
139
140
141
142
143
144
145
146
147
148
149
150
151
152
153
154
2.891351172477991 34.8934194845809 -24.7
5.762951484656415 34.53547487895622 -24.7
8.595184994638737 33.94161796139743 -24.7
11.36870467570475 33.11590537681445 -24.7
14.06456457612081 32.06397757942154 -24.7
16.66434923920107 30.79302030271565 -24.7
19.15029949954979 29.31171547363038 -24.7
21.50543379616833 27.63018190617175 -24.7
23.71366417373606 25.75990617965807 -24.7
25.75990617965804 23.7136641737361 -24.7
27.63018190617172 21.50543379616836 -24.7
29.31171547363035 19.15029949954983 -24.7
30.79302030271563 16.66434923920111 -24.7
32.06397757942152 14.06456457612085 -24.7
33.11590537681444 11.36870467570479 -24.7
33.94161796139742 8.595184994638782 -24.7
34.53547487895621 5.76295148465646 -24.7
34.8934194845809 2.891351172478006 -24.7
1 24 0 21
155
156
157
158
159
160
161
162
163
164
165
166
167
168
169
170
171
172
173
174
175
2.960576102768151 41.39426275632552 -24.7
5.906065788341322 41.07758983805871 -24.7
8.821459516448536 40.55159493780312 -24.7
11.69190110891932 39.81895840500164 -24.7
14.50276345336258 38.88341358749011 -24.7
17.23972303957827 37.74972780721252 -24.7
19.88883294888236 36.42367806704111 -24.7
22.43659392440731 34.91202161249401 -24.7
24.87002316022089 33.22246149836096 -24.7
27.17672045872931 31.36360733570174 -24.7
29.34493141924171 29.34493141924173 -24.7
31.3636073357017 27.17672045872935 -24.7
33.22246149836093 24.87002316022093 -24.7
34.912021612494 22.43659392440733 -24.7
36.42367806704108 19.88883294888241 -24.7
37.74972780721249 17.23972303957832 -24.7
38.88341358749009 14.50276345336263 -24.7
39.81895840500163 11.69190110891937 -24.7
40.55159493780312 8.821459516448554 -24.7
41.0775898380587 5.906065788341376 -24.7
41.39426275632552 2.960576102768169 -24.7
1 25 0 2
176
177
0 39.33766888455467 -24.7
0 37.17533776910933 -24.7
1 26 0 21
178
179
180
181
182
183
184
185
186
187
188
189
190
191
192
193
194
195
196
197
198
2.960576102768151 41.39426275632552 -25.0380671806812
5.906065788341322 41.07758983805871 -25.0380671806812
8.821459516448536 40.55159493780312 -25.0380671806812
11.69190110891932 39.81895840500164 -25.0380671806812
14.50276345336258 38.88341358749011 -25.0380671806812
17.23972303957827 37.74972780721252 -25.0380671806812
19.88883294888236 36.42367806704111 -25.0380671806812
22.43659392440731 34.91202161249401 -25.0380671806812
24.87002316022089 33.22246149836096 -25.0380671806812
27.17672045872931 31.36360733570174 -25.0380671806812
29.34493141924171 29.34493141924173 -25.0380671806812
31.3636073357017 27.17672045872935 -25.0380671806812
33.22246149836093 24.87002316022093 -25.0380671806812
34.912021612494 22.43659392440733 -25.0380671806812
36.42367806704108 19.88883294888241 -25.0380671806812
37.74972780721249 17.23972303957832 -25.0380671806812
38.88341358749009 14.50276345336263 -25.0380671806812
39.81895840500163 11.69190110891937 -25.0380671806812
40.55159493780312 8.821459516448554 -25.0380671806812
41.0775898380587 5.906065788341376 -25.0380671806812
41.39426275632552 2.960576102768169 -25.0380671806812
1 28 0 19
199
200
201
202
203
204
205
206
207
208
209
210
211
212
213
214
215
216
217
2.867085034107259 36.42976943938914 -25.7729968565433
5.716493535576698 36.09251971887752 -25.7729968565433
8.530657953472343 35.5327476123183 -25.7729968565433
11.29222802835317 34.75390430089155 -25.7729968565433
13.98417776239237 33.76079161260387 -25.7729968565433
16.5899103903154 32.55953241742206 -25.7729968565433
19.09336070397714 31.15753287774361 -25.7729968565433
21.47909409971215 29.56343678694281 -25.7729968565433
23.73240173779885 27.78707227751019 -25.7729968565433
25.83939122734758 25.83939122734755 -25.7729968565433
27.78707227751024 23.73240173779878 -25.7729968565433
29.56343678694286 21.47909409971208 -25.7729968565433
31.15753287774364 19.0933607039771 -25.7729968565433
32.55953241742208 16.58991039031535 -25.7729968565433
33.7607916126039 13.98417776239229 -25.7729968565433
34.75390430089157 11.29222802835309 -25.7729968565433
35.53274761231832 8.530657953472263 -25.7729968565433
36.09251971887753 5.71649353557665 -25.7729968565433
36.42976943938914 2.867085034107242 -25.7729968565433
1 29 0 1
218
0 39.02120875858965 -25.40553201861229
1 30 0 5
219
220
221
222
223
0 14.97664542798509 0
0 11.98131634238808 0
0 8.985987256791059 0
0 5.99065817119404 0
0 2.995329085597019 0
1 31 0 3
224
225
226
0 16.99199755317865 -7.300692713197045
0 17.3186565399798 -4.867128475464697
0 17.64531552678095 -2.43356423773235
1 32 0 14
227
228
229
230
231
232
233
234
235
236
237
238
239
240
0 16.66616160102807 -12.5363133001875
0 16.70622157150529 -15.33806584255683
0 16.79462627368456 -18.13869783874298
0 16.94410450074753 -20.93670652328226
0 17.17336077648807 -23.72925664845225
0 17.51177305172521 -26.51056257538869
0 18.00994401100592 -29.26738933137595
0 18.76744554816595 -31.96320659322399
0 20.01986212507604 -34.45933141718144
0 22.26517239374303 -36.01546787630484
0 24.95723940664727 -35.4484478210036
0 27.22326864915766 -33.81203001664633
0 29.16691844948724 -31.79671103799155
0 30.69733713847283 -29.46201433620799
1 33 0 2
241
242
0 26.97232852503177 -25.56994389528786
0 29.05465705006354 -26.14139011171332
1 34 0 1
243
0 35.07936306986115 -26.40585296631348
1 35 0 22
244
245
246
247
248
249
250
251
252
253
254
255
256
257
258
259
260
261
262
263
264
265
0 33.20024195825133 -29.97715500216619
0 32.01831505063675 -32.70553502974376
0 30.34593563392045 -35.16724018262769
0 28.30595374221963 -37.33443563863037
0 25.92032752663327 -39.11096390754964
0 23.18324194799199 -40.26121321384079
0 20.2268152472484 -40.4475775698845
0 17.39907843467114 -39.55796725378491
0 14.95790204746274 -37.86389979313525
0 12.9229317443534 -35.69282406368193
0 11.22322087957773 -33.24807242921701
0 9.789129881488719 -30.63769178725495
0 8.569169881543957 -27.92020606664947
0 7.526917103165121 -25.12951253569994
0 6.636192065490373 -22.28670000873243
0 5.877594679343422 -19.40573688325376
0 5.236243223573353 -16.49637530459107
0 4.699822887814216 -13.56581242379738
0 4.25522137397755 -10.61987897588084
0 3.879253659161531 -7.664336005918939
0 3.502534273777932 -4.708947674330933
0 2.709774379191426 -1.857009710836637
1 36 0 17
266
267
268
269
270
271
272
273
274
275
276
277
278
279
280
281
282
2.929854346432232 33.48838841919317 -27.0387090760837
5.837410732193697 33.10560135913149 -27.0387090760837
8.700540897558199 32.47086068301819 -27.0387090760837
11.49745469316208 31.58899715066536 -27.0387090760837
14.20686591619802 30.466722276038 -27.0387090760837
16.80815431127148 29.11257724858012 -27.0387090760837
19.28152250299513 27.53686792960578 -27.0387090760837
21.60814666596939 25.75158641847167 -27.0387090760837
23.77031978545994 23.77031978545999 -27.0387090760837
25.75158641847165 21.60814666596943 -27.0387090760837
27.53686792960576 19.28152250299517 -27.0387090760837
29.1125772485801 16.80815431127152 -27.0387090760837
30.46672227603801 14.206865916198 -27.0387090760837
31.58899715066536 11.49745469316207 -27.0387090760837
32.47086068301818 8.700540897558213 -27.0387090760837
33.10560135913149 5.837410732193711 -27.0387090760837
33.48838841919317 2.929854346432246 -27.0387090760837
1 37 0 16
283
284
285
286
287
288
289
290
291
292
293
294
295
296
297
298
2.872958577646528 31.00416068392789 -26.7128363281388
5.721406085685272 30.60681922556436 -26.7128363281388
8.52104057431189 29.94835117722883 -26.7128363281388
11.24797654919279 29.03437435614038 -26.7128363281388
13.87894875408078 27.8726864902774 -26.7128363281388
16.39151066177847 26.47319869091182 -26.7128363281388
18.76422597999372 24.84785089450235 -26.7128363281388
20.97685153822742 23.01050999536643 -26.7128363281388
23.01050999536648 20.97685153822737 -26.7128363281388
24.84785089450238 18.76422597999369 -26.7128363281388
26.47319869091185 16.39151066177843 -26.7128363281388
27.87268649027741 13.87894875408076 -26.7128363281388
29.03437435614038 11.24797654919277 -26.7128363281388
29.94835117722882 8.521040574311902 -26.7128363281388
30.60681922556436 5.721406085685259 -26.7128363281388
31.00416068392789 2.872958577646541 -26.7128363281388
1 38 0 9
299
300
301
302
303
304
305
306
307
2.811436218748876 17.75070968453801 0
5.55364554717028 17.09236347183268 0
8.159105690727518 16.01314654414873 0
10.56366157365974 14.53963280396136 0
12.70810504986569 12.70810504986572 0
14.53963280396133 10.56366157365978 0
16.01314654414871 8.159105690727554 0
17.09236347183267 5.553645547170318 0
17.75070968453801 2.811436218748899 0
1 39 0 8
308
309
310
311
312
313
314
315
2.89390567225386 16.41215462674192 -9.734256950929399
5.699881485043232 15.66029567372374 -9.734256950929399
8.332669283188752 14.43260656115145 -9.734256950929399
10.7122731416987 12.76639000146987 -9.734256950929399
12.76639000146989 10.71227314169868 -9.734256950929399
14.43260656115146 8.332669283188745 -9.734256950929399
15.66029567372374 5.699881485043239 -9.734256950929399
16.41215462674192 2.893905672253882 -9.734256950929399
2 1 0 47
316
317
318
319
320
321
322
323
324
325
326
327
328
329
330
331
332
333
334
335
336
337
338
339
340
341
342
343
344
345
346
347
348
349
350
351
352
353
354
355
356
357
358
359
360
361
362
14.57532057501776 0 -8.158483796706825
14.2051982689727 0 -13.89874532781033
14.26743848102697 0 -19.68250393651568
6.242074985599629 0 -5.861446396972488
6.773577126043921 0 -11.91164510772038
10.21324525466214 0 -26.01867705417379
8.377277102561175 0 -16.99731405948904
15.40354009925616 0 -28.35722487073945
10.48457074835062 0 -2.371155893495249
14.34234554153078 0 -33.37463663294342
15.09786844800881 0 -3.601974382634268
16.97830139702601 0 -33.89811179399553
19.83329428571875 0 -37.59334192823589
4.877573808903913 0 -2.659502175238444
14.28287699826055 0 -10.97229693161433
12.00115885095976 0 -9.116734518871958
12.86679586315174 0 -5.85820973738223
11.73185861234156 0 -12.20278631800125
11.62812183696072 0 -15.42791613621354
9.336980299343205 0 -6.853840963353063
14.96800899360884 0 -25.39333261929346
14.63992180693005 0 -22.53176709482259
11.77937570083441 0 -21.39681339806119
9.060114584706701 0 -13.89960930565775
11.39794158527656 0 -18.46823529375377
14.16634377193498 0 -16.82568068454554
6.606290149247391 0 -8.788548756265913
8.903235446533895 0 -20.30217741235323
12.81877190648282 0 -27.07496821075158
12.93218277895989 0 -30.35666280992046
9.233059775133579 0 -10.18752715406687
7.825072402346761 0 -3.529608389892253
1.489379853674858 0 -0.7421058422651754
16.19569201770441 0 -31.23145625794099
15.37012779586735 0 -5.957297821077015
32.16268736720129 0 -28.29775220741377
9.574049638832726 0 -23.16421148320925
12.3322288835585 0 -24.26329497671864
12.93671160598641 0 -2.454302856188889
24.01565514029653 0 -37.65405964636212
17.40920516016363 0 -36.48456983999686
6.806332131252178 0 -14.69460519397544
15.32213735390601 0 -35.46280823122054
21.90477833934637 0 -38.39432172052983
10.64778742109571 0 -4.559954027581355
10.80968119596886 0 -28.48537121895059
26.19072381190874 0 -36.92236958287008
2 2 0 0
2 3 0 14
363
364
365
366
367
368
369
370
371
372
373
374
375
376
20.38227398182866 18.30953785930464 -24.7
18.31787822107441 20.40553141968916 -24.7
15.85002933551601 22.23725249767669 -24.7
22.23624348069328 15.84966749141595 -24.7
4.520986530193029 27.14512444218251 -24.7
27.1451244421825 4.520986530193039 -24.7
13.19008635412306 23.86566417369583 -24.7
23.86566417369582 13.19008635412309 -24.7
26.20237248017772 7.548773469304649 -24.7
7.548773469304604 26.20237248017773 -24.7
25.19242299501004 10.43504327357302 -24.7
10.43504327357298 25.19242299501006 -24.7
27.82687539494201 2.375074845047489 -24.7
2.375074845047497 27.82687539494201 -24.7
2 4 0 6
377
378
379
380
381
382
21.05974127404239 23.0714445783794 -24.95355032105455
1.422489048232087 31.20546077805125 -24.95355032105455
31.20546077805126 1.422489048232074 -24.95355032105455
23.07144457837937 21.05974127404238 -24.95355032105454
19.20202176485827 25.02456197381242 -25.03467417128311
31.27291727032881 4.117157665482783 -25.03467417128313
2 5 0 4
383
384
385
386
33.72938004859675 1.411569893178453 -24.99531775109631
1.395077016965135 33.730066233892 -24.99531775109631
33.6005285501136 4.198191120454441 -24.9710917671052
4.182011028489177 33.55006329536714 -24.98335575127116
2 6 0 41
387
388
389
390
391
392
393
394
395
396
397
398
399
400
401
402
403
404
405
406
407
408
409
410
411
412
413
414
415
416
417
418
419
420
421
422
423
424
425
426
427
1.986248361068937 38.28995361806621 -24.7
38.30988481291338 2.0019785007999 -24.7
32.08115999290555 19.09558968180839 -24.7
19.15383379861982 32.10530517005189 -24.7
13.51343556427882 34.71369886507599 -24.7
34.8371652169451 13.38408813116693 -24.7
28.38498055860873 24.09186863445931 -24.7
24.09186863445927 28.38498055860877 -24.7
7.779219000215865 36.49078877963876 -24.7
36.5424064178132 7.76339803776024 -24.7
16.43231109533888 33.44710424683701 -24.7
21.63446911162682 30.29103796091728 -24.7
10.58539020818001 35.67428910405255 -24.7
26.30070561697002 26.30070561697006 -24.7
34.09254764966119 16.32235347128735 -24.7
35.66705157254896 10.60902053514512 -24.7
30.2881635350665 21.62753528819693 -24.7
36.98173895647234 4.456251855895253 -24.7
4.442781853657959 36.95443381331453 -24.7
9.760612483963699 38.24170210953834 -24.7
28.88329310140443 26.65802730454104 -24.7
26.65118963918646 28.83804847519023 -24.7
37.37227497666438 12.52748920296293 -24.7
12.63790749213966 37.20582542447695 -24.7
38.26059690264785 9.766676468709257 -24.7
7.032653626170799 38.97937843831954 -24.7
38.82189391735529 6.827069305187372 -24.7
24.31014589429167 30.81855023461853 -24.7
30.82561193467908 24.31012986794581 -24.7
15.77334213413357 35.90289047570304 -24.7
36.58702584759465 14.79528345967163 -24.7
34.46602622789075 18.62443396914222 -24.7
32.81116557893216 21.43660436152728 -24.7
21.43660436152723 32.81116557893219 -24.7
1.731050245899608 36.3250459176203 -24.7
36.36596172850189 1.762187648576685 -24.7
3.961981344197441 39.51907548439364 -24.7
39.50070078723375 3.932583981028266 -24.7
18.82560494499544 34.43270794639558 -24.7
1.781761161606904 40.00819214866801 -24.7
40.00850344820547 1.779027716919273 -24.7
2 7 0 0
2 8 0 21
428
429
430
431
432
433
434
435
436
437
438
439
440
441
442
443
444
445
446
447
448
26.41909023369498 28.58001079857859 -25.42049948335505
28.58001079857826 26.41909023369456 -25.42049948335513
38.52704435935587 4.966610483937031 -25.43152724414789
4.966610483936677 38.52704435935622 -25.43152724414784
24.05893650275511 30.51861546322851 -25.42920374484403
30.51861546322833 24.05893650275484 -25.42920374484408
38.07162328537357 7.5729167176801 -25.43573194139167
7.572916717680108 38.07162328537333 -25.4357319413917
32.27556376029939 21.56584223143427 -25.43573194139177
21.56584223143448 32.27556376029955 -25.43573194139173
37.33184123869029 10.52866813573575 -25.44008407264063
10.52866813573585 37.33184123869031 -25.44008407264062
33.84249072969896 18.95270545841588 -25.44008407264064
18.95270545841581 33.84249072969873 -25.44008407264068
13.42015362235928 36.37691814890027 -25.4422601383327
36.3769181488997 13.42015362235899 -25.44226013833279
16.23288387081997 35.21184713269092 -25.44226013833268
35.21184713269014 16.23288387081952 -25.44226013833281
2.480843081336324 38.65199397244266 -25.44847540353874
38.6314193012603 2.500679097859294 -25.45132999965525
40.21870007497276 1.414403445630401 -25.22432585615882
2 9 0 49
449
450
451
452
453
454
455
456
457
458
459
460
461
462
463
464
465
466
467
468
469
470
471
472
473
474
475
476
477
478
479
480
481
482
483
484
485
486
487
488
489
490
491
492
493
494
495
496
497
0 14.57532057501776 -8.158483796706822
0 14.14212703847397 -13.78471245292834
0 14.393291110339 -19.64096549771605
0 6.242074967154528 -5.861446220886673
0 6.896018383210659 -11.7248684818103
0 10.41004503549332 -25.66458711168215
0 8.046876376935735 -17.42298879258342
0 14.75675004902546 -28.26497579022504
0 10.48457075441052 -2.371155889450641
0 14.23423277018194 -33.46362497559988
0 15.09786844800881 -3.601974382634264
0 16.96039806905177 -33.91307614747878
0 19.83348512104836 -37.59345213626067
0 5.098961615213934 -2.851955044827591
0 14.24871855624011 -10.88927354725782
0 11.97177786222624 -9.038875382088943
0 12.86259857904695 -5.847087003556085
0 11.69396413262085 -11.93836260830457
0 11.74713680762633 -14.87633051556957
0 9.332183333791903 -6.84112911677248
0 14.89832039001025 -25.33279093311169
0 14.59883630257058 -22.43559469710344
0 11.85821311460362 -21.2078137936483
0 11.18614453580182 -17.97152307996717
0 14.16159122290516 -16.62504920458016
0 6.606289821908924 -8.788548431212041
0 7.339834469263517 -14.59772881038122
0 8.835705025185195 -20.21059989094192
0 9.590784014616659 -23.04480166238827
0 11.36652878306718 -28.29696961262464
0 9.231704274884072 -9.980011264152367
0 7.825072461733635 -3.529608350255081
0 1.489379907107236 -0.7421057461194351
0 15.9690161811642 -31.26406064029518
0 15.36928833904639 -5.955073274311784
0 32.1627183235906 -28.29767868564916
0 12.88981309075087 -30.86256587253612
0 12.34905955755491 -24.00512700001639
0 12.93652950833419 -2.453820299534076
0 24.01600418283499 -37.6538371426698
0 17.40627608476651 -36.48712240547448
0 9.283869482804423 -13.00788178947491
0 12.75614076303022 -26.31289008953198
0 15.29634814316327 -35.48410947707406
0 21.90494377857335 -38.39430958779212
0 4.323655438232043 -1.154718312656208
0 10.64685106580372 -4.55747268260755
0 9.520772334486365 -15.57529059759526
0 26.19080272764315 -36.92235314803477
2 10 0 2
498
499
25.759561539635 23.81190254206645 -26.40585296631363
23.79828150616505 25.77214602512642 -26.40585296631361
2 11 0 32
500
501
502
503
504
505
506
507
508
509
510
511
512
513
514
515
516
517
518
519
520
521
522
523
524
525
526
527
528
529
530
531
2.389018000621268 27.89656678682112 -25.85160082367659
27.90850398189158 2.237844515561132 -25.85143761415281
23.79261649906749 13.14971433140027 -25.62820242334194
13.14971433140024 23.7926164990675 -25.62820242334194
18.11437878353633 20.26999921449679 -25.62820242334194
7.525668294262521 26.12217264306061 -25.62820242334194
26.1221726430606 7.525668294262553 -25.62820242334194
22.07456585774391 18.54596249521028 -26.08007275008997
25.35962665994118 10.29189402866569 -25.6786586229337
10.27856554430272 25.17673460712327 -25.63079277532325
15.99699182502006 22.20653056150639 -25.67865862293366
4.777739101577852 26.94822732771346 -25.67865862293363
26.9482273277134 4.777739101577874 -25.67865862293361
22.43394494938298 15.53732046632058 -25.65685043392645
20.52305018798339 20.52305018798334 -26.13297039449228
28.34388250365119 6.666420588205599 -26.15857948974443
6.666420588205602 28.34388250365119 -26.15857948974443
9.099022821978235 27.66548880313089 -26.16025057050019
27.64901232285854 9.26701492879215 -26.17048651753779
18.45727168363459 22.35056846184684 -26.12269361198385
19.88618853505065 17.76533011142053 -25.48583749874916
26.20850980784048 12.20661749393799 -26.10216412382483
15.38392640547828 24.44850972688308 -26.09507680130125
29.08038282497435 4.043098244230415 -26.22521100082976
4.048981095099576 29.02619363691095 -26.21070486810477
12.87311075547797 25.9201413217264 -26.11014851770028
24.27101209890873 16.6591841910806 -26.24665765387886
26.29753808027761 2.140781393293198 -25.40863653851906
2.19634859452398 26.34204930055985 -25.42206251693292
25.24964553468206 14.70195495888652 -26.18621836013689
30.03165266805619 1.436586451460807 -26.41892757362186
1.406430722061812 30.09352084926835 -26.43549602172915
2 12 0 27
532
533
534
535
536
537
538
539
540
541
542
543
544
545
546
547
548
549
550
551
552
553
554
555
556
557
558
7.512073789475281 2.580992448233994 0
10.04973374897964 11.76672639953938 0
2.465027569323656 7.633918904335172 0
13.24208916660805 7.960415014107832 0
5.865860699326507 14.2074297214034 0
13.25210702447569 2.893113228252206 0
2.820366628468949 13.1987682477194 0
10.44979800205153 2.642379713230037 0
8.960881144198744 5.184161123264076 0
5.97288284959591 4.903505602198921 0
7.356847360612027 7.719305624829817 0
2.77341049853545 4.660202974092158 0
2.594031080821428 10.48365179958957 0
11.91278135544206 5.254871440551204 0
10.47119205975691 7.68245079291896 0
4.572847911740585 2.389572350095154 0
4.851324791515901 9.232274931928275 0
7.204297343816942 11.15809005522455 0
14.50366203919047 5.834703388121358 0
4.667176108789946 11.65604295117304 0
11.81602302678344 10.12882433671298 0
8.368531811302068 13.53700510485548 0
3.410261818742923 15.44518331069572 0
15.51509752960438 3.418579676458558 0
2.192733076045839 2.192733076045844 0
9.290776714445737 9.672512952234735 0
4.645613471750599 6.864235313249779 0
2 13 0 29
559
560
561
562
563
564
565
566
567
568
569
570
571
572
573
574
575
576
577
578
579
580
581
582
583
584
585
586
587
16.30292425683789 6.752892333523586 -2.427287500053232
6.752892333523548 16.3029242568379 -2.427287500053227
13.46308419739346 11.41079161472813 -2.411687343470601
9.749674191010161 13.92578796030325 -7.24464343660841
2.359304527400787 16.99798080118038 -6.042136654938495
16.99581048219014 2.375950803808223 -6.041041164534374
13.92460449920403 9.7501130369315 -7.249990609084131
7.184004715496026 15.40614782935454 -7.249990609084115
8.910064419594237 14.86970007503302 -4.746445655493138
11.13009286039076 13.30455348893175 -4.662050290733903
12.01996910753508 12.01996910753505 -7.249990609084124
15.39685358685942 7.218752684061074 -7.203067130172956
14.99238589141222 8.724883536377856 -4.660951506267587
4.085678203659573 17.17188306651814 -2.389414881338616
5.296067620381332 16.47170741363482 -4.989866814306436
17.16017031794136 4.119792395534823 -2.415205140990128
16.45724799577586 5.335194095047369 -5.002821213140727
17.35358191383484 2.110446800190225 -3.654404329404879
16.3840652466045 4.390097051566505 -7.523928300513082
4.39008638440226 16.38402543620559 -7.52423534475342
2.058423138797912 17.36254530130919 -3.634313745697768
9.423227593279064 14.95698957099881 -2.19068654358175
15.07765374113464 9.239598095868342 -2.149170384779791
11.48565172828753 13.44797034258522 -2.136050695088549
13.24542136776765 11.11422818448148 -5.075627276528664
16.75959779858603 1.692509126725641 -8.396980440045432
1.69164075923899 16.75748595079387 -8.413283705911237
17.66559775204541 1.885734747579829 -1.534778614352474
1.742737380441816 17.69213529070488 -1.446864098553451
2 14 0 171
588
589
590
591
592
593
594
595
596
597
598
599
600
601
602
603
604
605
606
607
608
609
610
611
612
613
614
615
616
617
618
619
620
621
622
623
624
625
626
627
628
629
630
631
632
633
634
635
636
637
638
639
640
641
642
643
644
645
646
647
648
649
650
651
652
653
654
655
656
657
658
659
660
661
662
663
664
665
666
667
668
669
670
671
672
673
674
675
676
677
678
679
680
681
682
683
684
685
686
687
688
689
690
691
692
693
694
695
696
697
698
699
700
701
702
703
704
705
706
707
708
709
710
711
712
713
714
715
716
717
718
719
720
721
722
723
724
725
726
727
728
729
730
731
732
733
734
735
736
737
738
739
740
741
742
743
744
745
746
747
748
749
750
751
752
753
754
755
756
757
758
2.408127439246346 19.16898546698494 -33.28253538978046
19.18807033159451 2.381122607608405 -33.31411695588656
17.16293291072892 2.494884752053167 -25.26002886926402
2.419256539791806 17.15920895769704 -25.14221948535368
2.401529044886885 26.10126028449619 -34.64547983054857
11.78351257797561 11.78351257797559 -12.249250029994
21.78103523294125 21.78103523294121 -29.1853277507849
13.47588214662177 9.803677862230487 -12.29885335301786
9.528916275795032 13.67135008444776 -12.2696593356689
26.10102164489854 2.401510896041893 -34.64565845893833
14.79387054281859 26.88382122628814 -29.49030188453714
6.977487704715727 15.1333016361934 -12.24822962907119
25.41242643888686 17.40791699567698 -29.18532775064691
10.73210339197857 12.78999606835938 -14.85566856436023
16.70366824482788 2.391142040847303 -19.78167863521447
2.419675075278259 16.68671426368642 -19.54745996563535
2.368246282628903 16.5789780173038 -16.85131607855417
28.1090057695648 12.31509118026674 -29.48338038962936
10.10632887565658 29.01951523402651 -29.38413901704923
15.24443197697058 6.732337490346662 -12.32802355953266
4.952509024123132 16.04918827155768 -18.17033070720193
29.95920780992885 7.054005152536046 -29.25425299033337
30.51165323199554 4.244112407055751 -29.17848528109228
4.255635096323275 30.50764759149261 -29.18532775066792
5.061455309778014 16.18257653198937 -21.1084070342995
7.341916249149315 15.19185362890841 -19.7634710606704
7.302486306612331 15.46834779397862 -23.01223020252249
9.630750018297393 13.96427941852811 -21.21925879335649
9.495141669964205 14.32684709079566 -23.87158912812001
12.97716623058869 10.50250999603596 -14.77362172071983
14.50233995123887 8.27327642735267 -14.86017981992394
13.75817800552865 9.581100474673534 -17.389272270611
28.87491900276039 5.042306397620981 -31.62187869633232
16.51107383733266 2.415353138368445 -14.33184782194434
28.37538977880671 7.499879696050773 -31.57536082061952
26.88406567823855 6.530054979578162 -33.40082596313857
4.217479383508443 16.12173076051911 -12.22120887211617
15.24594154394793 6.982784525844416 -17.48213493702132
14.66087770019335 8.3844389327367 -20.04887545648879
12.94617338534925 10.84763579031847 -20.06650872930222
14.01086492225031 9.763093014683607 -22.68835873849887
15.50209720632501 7.162389648835797 -22.68581062381321
15.03623201470042 8.633434057415704 -25.22103782487376
13.32396608866478 11.09677477817765 -25.23091476822748
14.75947652618358 9.828361756890605 -27.8714257751568
26.6479571778012 9.383772420778884 -32.8142107803055
24.65651747870594 7.621397884064721 -34.93378835274258
23.96365811720307 10.5314950289967 -34.6720787161604
12.64086445416028 12.42578483000852 -27.83228064366856
11.2203483197599 13.2339371659451 -25.31652554657773
14.09008457692777 11.62615075741996 -30.33434906409316
22.26180468817388 8.574443813611001 -35.90222473127132
21.27707787357804 11.47203226883326 -35.798906491201
19.77367539299934 9.540873349568367 -35.9428811948505
16.1892722493384 7.348795184934444 -28.12791942761212
15.81526171872225 9.137104519274803 -30.32512825943412
23.10521112974959 13.38896357125077 -34.25875676543615
20.699943463918 14.53632606402246 -35.26023617617677
10.20100200649939 14.47118114149102 -27.71754267413093
22.15721265643095 16.18255394071917 -33.61636254441895
19.75158891405965 17.2764247401556 -34.62325136990047
11.99154625751917 13.80852323761457 -30.41422184669815
13.72596868793269 13.28684927126626 -32.81482243886057
18.19866591081997 2.413757967237849 -30.66845935243751
7.771392756612756 15.64384004869829 -26.20472046241978
8.397628340317908 16.01743241561998 -29.59948760670876
11.06406807870998 15.74701200452803 -33.12808241554515
13.21408356008673 15.67464261535077 -35.03159638198411
5.798494569559101 16.81518099314917 -28.16953761262743
18.11595982712991 5.228061064362225 -32.20192974569485
6.477130568487794 17.2518977745536 -30.91248937203909
19.76968205024506 4.880433680135178 -34.88409078693593
15.68201103352512 10.87808458936548 -32.77342373645475
15.99497565039111 12.98437787348579 -35.13097516918495
16.24251299489225 15.94152360752176 -36.06123306099113
21.05660173218867 18.81555519351497 -32.82827381741124
18.45024844208751 19.85759110262967 -33.91636739556476
7.397550096490367 15.02198564592004 -16.76953616091512
2.390090970810135 18.1663375147842 -30.54121091889185
24.80288133069493 14.96833221990968 -32.02799575374621
17.17792540683824 8.303799705345806 -32.7597746315705
19.94681934908442 21.57840219165378 -31.53137054131981
17.18902470317842 22.34175637963994 -32.87950019423548
15.72156093758666 20.71506711039335 -34.79591229728099
14.42750876899643 23.10693028012565 -33.79589798788706
18.11655199798452 23.6001475230935 -31.05852654279533
12.82616110919349 21.27159245925901 -35.50919947530025
11.55579115510724 23.75250692574014 -34.49081372031114
9.848140408798868 21.6855414152111 -35.91331372958485
8.622157706586238 24.25818898625436 -34.97605662009505
9.000899450252673 16.61639929657362 -32.31287944505134
6.816788794600066 22.24174449958322 -36.02922491193461
10.23848838963548 25.60299568159018 -33.48810144755152
7.642954136224301 26.81498358964797 -33.18904016907635
7.065747222756421 18.15857555922367 -33.6034455732939
10.93063631340052 19.30143201821385 -35.99941848390638
17.542963738335 10.26212158664487 -34.83997913728357
18.92946898436591 12.42609570956695 -36.05775018488033
17.43845395558975 4.81107894782367 -29.61936611247507
15.75184538999862 5.529703892498411 -14.75567840012557
5.341532043926864 16.45620287619063 -24.91172535602761
5.032896928738942 15.92668881445545 -15.18958328861757
20.9462645725238 2.340675675548594 -35.52006163430481
22.50712506900857 5.346796121941092 -36.04448850541105
11.81718547585863 12.32788283365665 -22.68844276922681
11.15359263437495 12.66085587211158 -19.76548494206577
16.29802615334149 5.919840448079803 -25.23178004633652
16.5142189849168 4.319274741218821 -22.6037614759103
15.91842452704472 5.638614578667128 -20.02322892575982
16.23338792118398 4.163146247961222 -17.19450349882521
11.83498976904772 11.8065025159957 -15.79553885741853
23.42567120184393 17.6199528338735 -31.62106554997115
22.43254555050131 19.97714449800046 -30.65460652621629
23.71950941091821 20.03400284711349 -28.12784593917407
26.84992867667343 14.75662034264647 -29.59956963606967
25.42873367398653 12.24526694518024 -32.84370263280117
15.9411417642612 24.52373321809711 -31.69765568520157
12.81465449316567 25.70843948510814 -32.30466396881909
12.20159590621152 27.66599050923542 -30.34727720266244
23.75523383746917 2.52138708055311 -35.89266119057016
16.10181577712478 4.292299607496517 -12.19227513935389
2.411607926490358 17.57116585502741 -27.89079043092917
17.58734055542778 2.331091392516592 -27.92011755361489
2.416923742354512 16.87501273265543 -22.33344353379747
27.23902394547501 11.52903338523241 -31.28734741152349
7.124611406790992 29.90876038074855 -29.34160460172861
5.421654989985349 28.96448544839678 -31.42876221674231
8.116687974180179 28.56011865195345 -31.13989120969331
28.83463735008847 9.787644368205125 -29.97844846753669
19.73398429541344 23.58074102339225 -29.33369543936597
17.46788790112221 25.30659757889172 -29.3307528051736
2.505188268122317 28.19585756842631 -32.75664116355208
2.41630057804342 29.91530221668045 -30.69243680563622
28.17939801470947 2.327302677881052 -32.78973204123707
29.89870549869456 2.289300431645977 -30.73111522142298
5.217741207941306 24.91802547404192 -35.16081072669311
4.289912710310439 22.31955252215833 -36.06071756600837
2.299386510637559 20.96367834219397 -35.52880798339415
13.90063616879131 18.32338223264489 -36.05526964607549
5.078836761181165 19.83715452512606 -35.00648950474586
4.686860237667499 18.29998478599905 -32.29472408130595
9.693359910400986 13.69195813437008 -17.66815041250726
2.219736578485239 16.53381236666151 -14.03206463537189
25.26883085912872 4.872304443759766 -34.98317799290206
4.663817711409387 27.11471291377941 -33.54599248259185
10.2675101258648 15.12008248443366 -30.36963603039649
16.92863935439343 18.21075377053291 -35.49678730625516
16.93690137623465 1.942982916232747 -22.34286007369634
2.380061922456962 23.74016079455971 -35.90131001831922
18.77599850579103 7.284201284080153 -34.61723930570641
20.72989166361017 6.839229303098919 -35.90278563750884
16.90718822274789 7.060144820729618 -30.53824331382035
16.63643404745475 1.89307182986167 -16.74190858573143
17.02521279594259 4.450100068801211 -27.06938819362876
2.034501149789103 30.87760623810097 -28.69946087996397
8.092538600953469 19.66068251205232 -35.63837349410573
27.1395243016903 4.232425693010859 -33.5883988723219
9.54626765451836 17.6252822098195 -34.49276744732597
30.87465066341366 2.007759687924473 -28.71913423791818
18.46668802422611 15.30629027406831 -35.86283684485626
16.5364301212609 2.045244900806795 -11.79211351760245
7.464822814741133 14.90795818115196 -13.26225420364784
8.980821861688653 14.08230683902984 -15.15733746087114
2.029807248065169 16.53827951484316 -11.77572938473597
12.47601631944088 28.38565159548706 -28.39926826828713
4.274389421703369 17.03293875828212 -26.83850224827287
4.442842110904003 17.55495317547458 -29.69791992179395
10.23082903604747 27.32820903499755 -31.78053281038053
11.6436423322156 17.0937555352253 -35.20643204244172
24.00219048236756 18.76079337477406 -29.95274869758876
26.53776857193597 13.22091368545815 -31.19584253372934
2 15 0 180
759
760
761
762
763
764
765
766
767
768
769
770
771
772
773
774
775
776
777
778
779
780
781
782
783
784
785
786
787
788
789
790
791
792
793
794
795
796
797
798
799
800
801
802
803
804
805
806
807
808
809
810
811
812
813
814
815
816
817
818
819
820
821
822
823
824
825
826
827
828
829
830
831
832
833
834
835
836
837
838
839
840
841
842
843
844
845
846
847
848
849
850
851
852
853
854
855
856
857
858
859
860
861
862
863
864
865
866
867
868
869
870
871
872
873
874
875
876
877
878
879
880
881
882
883
884
885
886
887
888
889
890
891
892
893
894
895
896
897
898
899
900
901
902
903
904
905
906
907
908
909
910
911
912
913
914
915
916
917
918
919
920
921
922
923
924
925
926
927
928
929
930
931
932
933
934
935
936
937
938
18.70818350502287 2.586371403762211 -40.16098323592615
2.401031449592575 21.84878707099775 -40.4704973713507
24.56234830213339 22.50724545631878 -29.56412867242294
17.9001028024836 28.09753319797892 -29.56412867214651
15.3831261318529 29.55071035623252 -29.56412867241432
29.44547996192337 15.61422967728265 -29.50741889264261
11.85132307665771 2.563638573082605 -34.62462188098534
24.54243375636326 2.554410666802214 -39.75033378186673
16.19490644010629 28.0504007775939 -32.00376138100384
2.76180233484732 13.71905667038464 -36.92946533854492
2.554846224508022 8.854471451988273 -29.42470671101919
2.494229386077828 27.12088475961785 -38.22352355312698
13.55392556262441 29.45085564476286 -31.94247946184693
14.21142479315349 27.62436929488137 -34.21185002791987
16.81791912372035 26.14422975949851 -34.18226883050006
14.7090551785299 25.49520573860837 -36.22144974254394
17.26014886827517 23.9190565430962 -36.154166868648
15.01257105327605 23.06286716589124 -38.00321444827583
17.52665005449046 21.43154735757492 -37.86832924206231
15.15393534839 20.40740282333097 -39.39192721610991
17.64853260867703 18.7509555810139 -39.20981045435747
15.11684739724635 17.53852913217876 -40.26839061879787
17.617377278625 15.88878115359143 -40.10813492772935
14.9608179869309 14.55168508997016 -40.50166617088605
2.537584538577762 6.637412479274477 -23.84726722268465
20.08639185000489 17.03970071059995 -38.8514125194982
20.07013107078258 14.19070368367474 -39.79106752297982
31.74885245628474 10.02071330631069 -29.64950405439043
19.70533329207445 22.19438673142828 -35.95223599536956
29.30871993631396 2.576525016810827 -36.2346238653537
7.200247138148081 32.54162116016352 -29.50980784618327
32.48912922227313 7.162333827092339 -29.73655202606031
31.28615676919318 8.38310044058451 -32.00376138112739
22.47516739410442 15.32056749603965 -38.25009121286757
22.45810695710914 12.44184025827736 -39.25271727468794
12.4460108206446 16.18713540436737 -40.46930595336139
12.33145831611705 13.24779562075653 -39.88010364538474
12.4225880580786 24.57671743229993 -37.98781913418456
24.700193753795 13.4412555024009 -37.49951834005459
24.50630769961691 16.15131849542857 -36.31112285814514
11.53078693291788 28.95394715618074 -34.06857374189475
14.86707398234485 11.67064490069523 -40.16536729532731
12.3626435314695 10.43884813640823 -38.8270882074688
2.836802392716201 31.13719011428283 -33.92133535832154
26.59108051031942 14.25042868332953 -35.38432844434369
26.52723523079608 11.89538942079799 -36.59957887633814
8.854471483229355 2.5548461038616 -29.42470670343783
9.828331344175295 14.89787804765693 -39.77247769165596
9.925959396612098 17.81481291720049 -40.46671088744583
26.25656911893677 16.86511601202263 -34.00913253690651
14.72127423317425 8.67288801574386 -39.3912212284343
31.41611357807528 2.750992504875281 -33.50980185628375
7.296535776335828 16.50494909347593 -39.85811562915679
3.442397342898911 32.91896880009634 -30.29930438388449
32.71153000493978 2.01664810755691 -31.16465528939955
12.50755474648483 7.69760620697169 -37.61688433041087
10.23537558100674 9.527595467184582 -36.91807022961657
24.13301541061788 18.76360598921798 -34.88402548340876
5.661751705791211 2.497723774510659 -20.64692643395523
14.75920416427329 5.585728685716701 -38.53848494072971
19.89546853409532 11.24588812661572 -40.33655293367381
22.30187603852735 9.501822664764576 -39.92736032933716
17.19002632821788 6.965047978468763 -40.05057295732635
7.40066300893733 19.43403875870163 -40.4981087951295
10.05958561470665 20.80595646873198 -40.27908282992721
7.528037988037064 22.40917691234089 -40.13433883834086
7.707959422983959 14.14302231987081 -38.77599755087264
30.4125536582101 11.24615471077311 -31.93186691823006
10.67290661040138 7.040267902960005 -35.51846912404675
8.374004693203695 8.818223057986723 -34.67483836395021
8.974122983166094 6.436962350562302 -32.95162755812014
6.560602879004607 8.087547997782165 -31.84425191996954
5.454984491072991 10.11008520458107 -33.67142119901092
2.509904289166819 4.973387579766675 -18.07969211409363
30.05197047133008 5.158406128295902 -34.98385934547632
28.04732486010877 5.141380747378161 -37.14278035911811
4.841899443157285 18.15453323672977 -40.13095071665531
11.26491731735349 30.42345772570352 -31.89760414975481
9.013946800108526 30.40837517639194 -33.2211723567685
9.482378997806842 28.30313904449314 -35.76039277833147
6.589083583413281 29.17299321285054 -35.69297452710434
7.150718236644503 26.98954964825004 -37.67215077154749
25.69206177136285 19.3503990322745 -32.44054627199807
23.55210613474258 21.14633943504012 -33.32517630098214
28.74468155352645 7.579172115414677 -35.89923455611734
26.60250976350469 7.668395220429269 -37.86828301711209
4.308889507515091 2.491554868582898 -15.15174598915033
7.504498080882652 6.073279944184408 -30.36165887996285
31.61540271434368 5.831228594934636 -32.46892391828604
2.470456962400841 3.741614671368256 -12.20390916285765
27.71676903848784 14.90732914518994 -33.61101313714342
6.075924156266907 30.89229238294987 -33.59126018765038
3.277136921599769 2.450585440445614 -9.386689503793484
4.899657252691919 15.71055263803744 -39.01237718119138
2.417166559457271 2.819546684420835 -6.297711309080974
7.676620844767443 11.80808893306228 -37.02342416250525
10.06144061970146 12.41914766417536 -38.68788922782955
12.68207934838055 5.001556893989035 -36.53628825865133
17.29690001412739 10.00385867290862 -40.41283799392152
13.7864651684919 2.566049476597319 -36.95991702902525
15.88175394943608 2.69513483169753 -38.77722176542167
2.449308950905779 10.34415376685534 -32.23614607946651
2.566459884990176 11.81887471224448 -34.58021705553207
10.32290033581739 2.531922314420366 -32.2338200434066
4.997010180919159 2.461657940271769 -18.07793998247784
2.412417027398512 5.79030525071179 -20.96907754349385
4.681131758482096 4.874448922401278 -22.70644595659517
4.936029930134278 5.91220697466456 -25.63382581905611
6.590059306115029 3.564217356310693 -25.02741473753651
6.973606026735647 4.706612929355994 -27.53343537148531
5.491236613128368 7.226245856042281 -29.11237593141687
2.749614807992899 7.594545472570466 -26.66414389011293
12.59082998210521 19.15605381983676 -40.3217747949188
18.70363181523753 26.4690531967334 -31.96207913573265
20.34297391670411 26.37866044510672 -29.57669385458992
21.00096864036179 24.71906243293585 -31.91064313540997
19.30087880936001 24.49000316235354 -34.0454468908867
12.70311022131536 30.78120748152346 -29.62401337253332
27.78029154879279 17.05733579817344 -31.56446712476393
28.28908661313859 17.84805432322854 -28.96456540844127
26.63167945603438 19.96370809981999 -29.68375858117759
4.891019384190149 12.23125157140506 -36.00100192162317
12.60371785655991 21.98690640276693 -39.43140707723686
2.470607008909132 29.31356721000027 -36.23918698584334
7.612294293324045 31.71571042540566 -31.52608550198659
12.12262147260187 26.95894585416378 -36.0856968023012
19.91856144227246 19.69329135560213 -37.59549894921893
22.13070207250068 17.98775920349829 -37.13883217327948
28.36420362292852 12.22948897414462 -34.45910538055412
27.07195068581336 2.527452267428813 -38.25805378499158
25.69692209289171 5.108839386757987 -38.94071770198197
22.95011598364813 5.006176740584675 -40.17891150223414
17.44538166944274 12.91849741246541 -40.49262420860534
24.9976373598737 10.43612006663557 -38.33349890832934
21.5240328128233 2.464407068516187 -40.49526707530951
2.434976600788598 24.57504358612139 -39.74143435338737
30.73351193153642 12.78587624519039 -29.67078286243311
29.31475257358927 13.99040390813777 -31.81466653877186
32.86185133922132 4.151278604006191 -30.22458661125533
19.63233591549769 8.262382140918259 -40.50817244990273
19.95839054777262 5.347866513384366 -40.49002499427814
9.950493102762193 26.01114668857836 -37.73243191457708
9.791593123929687 31.6623743498794 -30.16611394569215
22.5864973979324 24.51628422616963 -29.48584089882565
21.93658971325653 20.50152640121219 -35.55555732811541
4.908601908639076 25.90979835070773 -38.83182297020854
24.19427983357701 7.47923503050993 -39.4413789027396
2.327505851922536 2.32670142095313 -3.499645047580037
10.1568572261579 23.38238175167039 -39.35219778287825
29.49791727650963 9.527127959711857 -34.30673456437253
2.284878231297953 4.417823687633993 -15.1318060843227
4.983972647232017 20.8177854554912 -40.50616051571949
21.44867717626225 22.79780380194595 -33.86882279041252
7.966219271547446 2.180159250977339 -27.14112735962004
2.148534249576821 16.07835304861222 -38.8552327059793
24.75108269190119 21.3029260769193 -31.437226647053
2.141911941774132 18.76326798921216 -40.16068280849875
7.548201570745364 24.76500519510473 -39.128971569486
4.972600209653772 32.24834231630011 -31.49721137494278
4.764358026965071 28.18023892742713 -37.08136443048162
10.78115624870542 4.771375030981653 -34.13432754693694
4.451970055557751 9.010232359215534 -31.15549720184806
4.116722343674856 4.225097336401256 -19.49457846482719
23.03300888517585 23.03250143126955 -31.6207688129192
21.75090274507004 6.964316948493561 -40.33970960433533
4.843155425094809 23.60254169587343 -39.98221469911473
17.26507274154135 4.556076574362205 -39.77619367255151
4.514026149488966 29.88446360294181 -35.31807681255153
30.37345174100172 7.416200619664738 -33.92193725686145
9.338371297054046 4.538471974427909 -31.78681615763067
4.064181984710499 1.875951997401869 -12.15522729674251
33.33016068842785 2.0687002702804 -29.23047839628693
27.65408967398751 9.617341947347914 -36.38637227587454
2.152930493146588 32.43870483342379 -31.75593294489017
4.896842002268587 33.0971996457375 -28.91857778003705
6.483104495400471 2.142884985645559 -22.94211744605983
5.397125959546671 13.6089999143505 -37.57349059339503
1.97313903957733 33.37607429463272 -29.03908145653783
3.704360797982688 3.758972878682523 -16.70044526150615
1.5313506100101 3.763643781113302 -9.160215016981912
3 1 0 89
939
940
941
942
943
944
945
946
947
948
949
950
951
952
953
954
955
956
957
958
959
960
961
962
963
964
965
966
967
968
969
970
971
972
973
974
975
976
977
978
979
980
981
982
983
984
985
986
987
988
989
990
991
992
993
994
995
996
997
998
999
1000
1001
1002
1003
1004
1005
1006
1007
1008
1009
1010
1011
1012
1013
1014
1015
1016
1017
1018
1019
1020
1021
1022
1023
1024
1025
1026
1027
7.993023959426741 6.706943456346147 -7.361641222287997
6.087230441015574 8.640318298905498 -12.85012308528195
5.892877098447417 9.532444090128223 -18.46666926215922
9.823003594301014 5.44863602034363 -18.15799904099027
5.302334480881037 10.81748288734081 -5.244991863860195
10.10438388161673 5.135380483511954 -12.06402472335617
4.790528302075707 11.11452851529651 -23.1096205004216
8.945646845050968 7.934333752618373 -22.69679064681255
11.60122233142114 4.710097663030005 -25.16264622009777
11.63968794921988 4.747066869514165 -4.822334336934785
4.414320590042154 12.51312967589729 -27.43467003197335
5.053328072805312 5.710631436614931 -4.23351098280616
4.424572198670941 11.33525425490551 -9.638511013894577
9.888488942748042 8.681933237376516 -4.09885674418635
4.222569746887391 7.077778985865367 -9.337422353756999
13.02518485417147 4.508795032906502 -29.34467285849199
9.618679247243582 8.073685410537603 -14.9520916114829
10.6951668950148 8.034059259034978 -27.96943862514441
9.352881955092784 8.761826211039532 -10.52562364106753
4.262525883373691 11.72333310387483 -15.17976686257687
4.340379516781037 13.81418767931956 -31.28486483635455
8.056252930980092 11.43360235789962 -29.45341562900714
7.764981303078342 10.06361540662409 -25.74879917342707
12.28464149916759 4.076036492814676 -21.15532965014583
13.53752422255875 6.814642817344145 -32.38600631051555
3.581308440394004 12.58338371474971 -19.60012529880791
6.777671263955348 4.153838360723451 -10.14187220098317
10.30121719905189 3.649939566711122 -8.391401964726592
6.271488864009197 6.550121297246347 -16.07099150293342
8.2448466263135 3.87791888558348 -3.454374763419719
8.404979694544256 10.42993429353466 -7.308151625965923
12.13328890644685 3.948651235821466 -15.28024386139582
13.00204781264555 3.323473713993601 -10.70570649036295
8.257618745184917 3.413523030343256 -15.39173053493957
11.60818381354082 6.97728278422608 -7.70022360043882
7.348600556446209 14.88858593903494 -34.91753808121141
3.312767907091688 8.325330248779645 -15.32070454201461
6.917647606364752 6.451889367076685 -20.08179752434086
9.462632416642753 8.968072885068274 -19.19574405154787
7.636315018969606 10.87864288802459 -15.721249274526
7.214718408205661 3.34354726886853 -6.760804940002673
14.93020232923014 3.436418320557487 -32.27473283277122
3.50884572011223 8.656042780298113 -3.171031741990696
9.572041426851257 12.20269016540945 -33.28777236266365
11.11770709915292 9.141692948052366 -31.18603294572792
3.083361737564226 13.69521446940667 -24.5316240652306
12.66030486860564 9.769570107889033 -34.0866630630624
9.137681936234902 4.427302534974851 -22.67515568824883
15.69603664957051 5.644365778457972 -34.87900053809529
3.085807651095613 15.53447222003238 -34.06952867541751
3.376824621794877 9.071882080245306 -20.74811916737736
7.340018683220665 11.32966847765199 -11.29136870960081
13.39412761010147 2.997186283638654 -7.445980539260575
7.857692443506612 10.99957845883059 -21.49989075431388
11.70298872745811 8.093622996236263 -24.70638451270548
4.475503609853964 13.30336844466256 -3.014570578735022
3.305837815935733 13.14258813494547 -6.887060449026565
3.100505939723845 12.95082565353438 -12.27323165165932
3.02692688490355 9.114070509309265 -11.66510718512444
11.68632152684704 7.311626193174313 -20.97632314940633
3.068395442447396 7.464088014112912 -6.243410378140259
7.038023078082277 5.536757527478875 -13.07558682767649
13.98083675503493 2.79290487281968 -24.05692405858523
9.000676740509711 6.57562828456948 -25.63175101049435
6.705419425764083 8.416093754429417 -3.595574313489091
8.122625366306034 11.59680167420826 -3.339902593731586
9.593021958213926 16.96808650991957 -37.5026278586695
10.45441244844278 14.09332568513964 -36.4185940026718
5.679398887030252 7.985117699165503 -22.79704590660178
13.32097274097775 2.907886437078349 -18.21308663192361
16.70915946788478 2.753150761201665 -35.27207411825773
10.2666956016407 4.948955859253584 -27.96682927669127
7.364723678531245 14.00770177997685 -31.94394234236996
13.00416677681634 12.31009124994126 -36.23683343196254
11.96233671904513 6.909858022346057 -2.622717357327971
14.0780243120358 3.146317688154885 -3.215925792936911
15.23071782949292 8.519830050262904 -36.17614480012526
6.53785988185542 9.093887319560151 -9.346332851382373
13.64983140324422 6.611226908033087 -27.36623070741171
8.282363165045959 2.657268258776008 -12.39238305309082
6.462334089894281 12.98862336516898 -25.05403070581792
3.071191183823065 10.32266818703408 -17.61503119152571
6.200731204284807 17.32957743197954 -36.48276798965476
14.40644456577358 2.725060514225677 -27.16449695709061
5.30954112338722 2.599438198596629 -4.396817084813278
5.885855634652648 12.44767506711866 -17.63534290515825
8.127596692657734 2.785459690162732 -18.50201878864351
3.449514945287834 14.96994304502256 -28.7460368750581
2.941791049917987 10.85559764492763 -25.43756314715405
$EndNodes
$Elements
16 5035 1 5035
2 1 2 157
1 27 1 5 
2 1 29 5 
3 1 28 29 
4 10 2 6 
5 2 27 6 
6 2 10 351 
7 56 2 351 
8 30 3 4 
9 28 3 30 
10 27 5 6 
11 7 10 6 
12 10 7 32 
13 32 7 31 
14 8 9 33 
15 8 33 31 
16 10 47 351 
17 34 11 330 
18 11 50 316 
19 11 316 330 
20 12 55 48 
21 13 14 348 
22 51 13 348 
23 14 77 348 
24 28 30 29 
25 33 32 31 
26 35 34 317 
27 317 34 330 
28 36 35 341 
29 35 317 341 
30 37 36 318 
31 318 36 341 
32 38 37 337 
33 37 318 337 
34 39 38 336 
35 336 38 337 
36 40 39 323 
37 323 39 336 
38 41 40 349 
39 40 323 349 
40 42 41 327 
41 327 41 349 
42 43 42 328 
43 42 327 356 
44 328 42 356 
45 44 43 355 
46 43 328 359 
47 355 43 359 
48 45 44 362 
49 44 355 362 
50 45 58 46 
51 59 58 45 
52 59 45 362 
53 46 57 47 
54 58 57 46 
55 57 56 47 
56 47 56 351 
57 49 48 326 
58 48 55 326 
59 50 49 350 
60 49 326 350 
61 316 50 350 
62 52 51 329 
63 51 77 329 
64 77 51 348 
65 53 52 347 
66 52 329 347 
67 54 53 324 
68 324 53 347 
69 55 54 354 
70 54 324 354 
71 326 55 354 
72 60 59 362 
73 61 60 355 
74 355 60 362 
75 62 61 359 
76 61 355 359 
77 63 62 328 
78 328 62 359 
79 64 63 356 
80 63 328 356 
81 65 64 358 
82 64 356 358 
83 66 65 325 
84 325 65 358 
85 67 66 345 
86 66 325 345 
87 68 67 361 
88 67 345 361 
89 69 68 321 
90 321 68 361 
91 70 69 352 
92 69 321 352 
93 71 70 343 
94 343 70 352 
95 72 71 322 
96 322 71 343 
97 73 72 357 
98 72 322 357 
99 74 73 320 
100 320 73 357 
101 75 74 342 
102 74 320 342 
103 76 75 319 
104 319 75 342 
105 77 76 329 
106 76 319 329 
107 330 316 331 
108 331 316 332 
109 332 316 350 
110 317 330 333 
111 317 333 334 
112 317 334 341 
113 337 318 338 
114 338 318 340 
115 340 318 341 
116 329 319 347 
117 335 319 342 
118 319 335 347 
119 320 339 346 
120 339 320 357 
121 342 320 346 
122 321 344 353 
123 344 321 361 
124 352 321 353 
125 322 334 339 
126 334 322 340 
127 322 339 357 
128 340 322 343 
129 323 336 344 
130 323 344 345 
131 323 345 349 
132 324 347 360 
133 354 324 360 
134 325 327 349 
135 327 325 358 
136 345 325 349 
137 326 332 350 
138 332 326 354 
139 356 327 358 
140 330 331 333 
141 331 332 335 
142 333 331 346 
143 331 335 346 
144 335 332 360 
145 332 354 360 
146 334 333 339 
147 339 333 346 
148 334 340 341 
149 335 342 346 
150 347 335 360 
151 336 337 353 
152 344 336 353 
153 337 338 353 
154 338 340 343 
155 338 343 352 
156 338 352 353 
157 345 344 361 
2 2 2 28
158 103 9 8 
159 90 9 103 
160 16 15 78 
161 16 78 91 
162 78 79 92 
163 91 78 92 
164 79 80 92 
165 80 81 93 
166 92 80 93 
167 81 82 95 
168 93 81 94 
169 94 81 95 
170 82 83 95 
171 83 84 96 
172 95 83 96 
173 84 85 98 
174 96 84 97 
175 84 98 97 
176 85 86 99 
177 98 85 99 
178 86 87 100 
179 86 100 99 
180 87 88 101 
181 100 87 101 
182 88 89 101 
183 89 90 103 
184 101 89 102 
185 89 103 102 
2 3 2 60
186 7 375 31 
187 118 375 7 
188 31 375 8 
189 8 375 103 
190 91 376 16 
191 16 376 119 
192 17 376 104 
193 119 376 17 
194 92 367 91 
195 367 376 91 
196 93 372 92 
197 92 372 367 
198 94 374 93 
199 93 374 372 
200 95 369 94 
201 369 374 94 
202 96 365 95 
203 365 369 95 
204 97 364 96 
205 364 365 96 
206 98 363 97 
207 363 364 97 
208 99 366 98 
209 98 366 363 
210 100 370 99 
211 99 370 366 
212 101 373 100 
213 100 373 370 
214 102 371 101 
215 371 373 101 
216 103 368 102 
217 368 371 102 
218 103 375 368 
219 104 367 105 
220 104 376 367 
221 105 372 106 
222 367 372 105 
223 106 374 107 
224 372 374 106 
225 107 374 108 
226 108 369 109 
227 108 374 369 
228 109 365 110 
229 109 369 365 
230 110 364 111 
231 110 365 364 
232 111 363 112 
233 111 364 363 
234 112 366 113 
235 363 366 112 
236 113 370 114 
237 366 370 113 
238 114 373 115 
239 370 373 114 
240 115 373 116 
241 116 371 117 
242 116 373 371 
243 117 368 118 
244 117 371 368 
245 368 375 118 
2 4 2 46
246 6 379 7 
247 136 379 6 
248 7 379 118 
249 17 378 18 
250 104 378 17 
251 18 378 120 
252 104 105 121 
253 120 104 121 
254 120 378 104 
255 105 106 122 
256 121 105 122 
257 106 107 123 
258 122 106 123 
259 107 108 124 
260 123 107 124 
261 108 109 125 
262 124 108 125 
263 110 381 109 
264 125 109 126 
265 109 381 126 
266 111 377 110 
267 110 377 127 
268 127 381 110 
269 112 380 111 
270 128 377 111 
271 111 380 128 
272 112 113 130 
273 129 112 130 
274 129 380 112 
275 113 114 131 
276 130 113 131 
277 114 115 132 
278 131 114 132 
279 115 116 133 
280 132 115 133 
281 116 117 134 
282 133 116 134 
283 118 382 117 
284 134 117 135 
285 117 382 135 
286 118 379 136 
287 136 382 118 
288 126 381 127 
289 127 377 128 
290 128 380 129 
291 135 382 136 
2 5 2 45
292 6 5 383 
293 5 154 383 
294 136 6 383 
295 19 18 384 
296 18 120 384 
297 137 19 384 
298 120 121 386 
299 120 137 384 
300 137 120 386 
301 122 139 121 
302 139 138 121 
303 121 138 386 
304 123 140 122 
305 140 139 122 
306 124 141 123 
307 141 140 123 
308 125 142 124 
309 142 141 124 
310 126 143 125 
311 143 142 125 
312 127 144 126 
313 144 143 126 
314 128 145 127 
315 145 144 127 
316 129 146 128 
317 146 145 128 
318 130 147 129 
319 147 146 129 
320 131 148 130 
321 148 147 130 
322 132 149 131 
323 149 148 131 
324 133 150 132 
325 150 149 132 
326 134 151 133 
327 151 150 133 
328 135 152 134 
329 152 151 134 
330 135 136 385 
331 153 152 135 
332 153 135 385 
333 154 136 383 
334 136 154 385 
335 138 137 386 
336 154 153 385 
2 6 2 127
337 4 427 30 
338 175 427 4 
339 29 422 5 
340 5 422 154 
341 137 421 19 
342 19 421 177 
343 20 426 155 
344 176 426 20 
345 30 388 29 
346 388 422 29 
347 30 427 388 
348 138 405 137 
349 405 421 137 
350 139 395 138 
351 395 405 138 
352 140 399 139 
353 139 399 395 
354 141 391 140 
355 391 399 140 
356 142 397 141 
357 141 397 391 
358 143 390 142 
359 390 397 142 
360 144 398 143 
361 143 398 390 
362 145 394 144 
363 394 398 144 
364 146 400 145 
365 145 400 394 
366 147 393 146 
367 393 400 146 
368 148 403 147 
369 147 403 393 
370 149 389 148 
371 389 403 148 
372 150 401 149 
373 149 401 389 
374 151 392 150 
375 392 401 150 
376 152 402 151 
377 151 402 392 
378 153 396 152 
379 396 402 152 
380 154 404 153 
381 153 404 396 
382 154 422 404 
383 155 423 156 
384 155 426 423 
385 156 412 157 
386 156 423 412 
387 157 406 158 
388 157 412 406 
389 158 410 159 
390 406 410 158 
391 159 416 160 
392 410 416 159 
393 160 425 161 
394 416 425 160 
395 161 425 162 
396 162 420 163 
397 162 425 420 
398 163 414 164 
399 163 420 414 
400 164 408 165 
401 164 414 408 
402 165 407 166 
403 165 408 407 
404 166 415 167 
405 407 415 166 
406 167 419 168 
407 415 419 167 
408 168 418 169 
409 168 419 418 
410 169 418 170 
411 170 417 171 
412 401 417 170 
413 170 418 401 
414 171 409 172 
415 171 417 409 
416 172 411 173 
417 409 411 172 
418 173 413 174 
419 411 413 173 
420 174 424 175 
421 413 424 174 
422 424 427 175 
423 177 387 176 
424 387 426 176 
425 177 421 387 
426 387 421 405 
427 405 423 387 
428 423 426 387 
429 404 422 388 
430 388 424 404 
431 388 427 424 
432 401 418 389 
433 389 419 403 
434 418 419 389 
435 390 425 397 
436 398 420 390 
437 420 425 390 
438 397 416 391 
439 391 410 399 
440 391 416 410 
441 392 417 401 
442 402 409 392 
443 409 417 392 
444 393 407 400 
445 403 415 393 
446 393 415 407 
447 394 414 398 
448 400 408 394 
449 408 414 394 
450 399 406 395 
451 395 412 405 
452 406 412 395 
453 396 411 402 
454 404 413 396 
455 396 413 411 
456 397 425 416 
457 414 420 398 
458 399 410 406 
459 407 408 400 
460 402 411 409 
461 403 419 415 
462 404 424 413 
463 412 423 405 
2 7 2 44
464 175 4 3 
465 198 175 3 
466 20 155 21 
467 21 155 178 
468 155 156 179 
469 178 155 179 
470 156 157 179 
471 157 158 181 
472 179 157 180 
473 180 157 181 
474 158 159 181 
475 159 160 182 
476 181 159 182 
477 160 161 183 
478 182 160 183 
479 161 162 185 
480 183 161 184 
481 184 161 185 
482 162 163 186 
483 162 186 185 
484 163 164 186 
485 164 165 188 
486 186 164 187 
487 187 164 188 
488 165 166 189 
489 165 189 188 
490 166 167 189 
491 190 167 168 
492 189 167 190 
493 168 169 192 
494 190 168 191 
495 168 192 191 
496 192 169 170 
497 170 171 194 
498 192 170 193 
499 193 170 194 
500 171 172 194 
501 172 173 196 
502 194 172 195 
503 172 196 195 
504 196 173 174 
505 197 174 175 
506 196 174 197 
507 197 175 198 
2 8 2 86
508 1 447 28 
509 217 447 1 
510 28 448 3 
511 3 448 198 
512 178 446 21 
513 21 446 218 
514 22 446 199 
515 218 446 22 
516 447 448 28 
517 179 431 178 
518 431 446 178 
519 180 435 179 
520 179 435 431 
521 181 439 180 
522 180 439 435 
523 182 442 181 
524 181 442 439 
525 183 442 182 
526 184 444 183 
527 183 444 442 
528 185 441 184 
529 441 444 184 
530 186 437 185 
531 437 441 185 
532 187 432 186 
533 432 437 186 
534 188 428 187 
535 428 432 187 
536 189 429 188 
537 188 429 428 
538 190 433 189 
539 189 433 429 
540 191 436 190 
541 190 436 433 
542 192 440 191 
543 191 440 436 
544 193 445 192 
545 192 445 440 
546 194 443 193 
547 443 445 193 
548 195 443 194 
549 196 438 195 
550 438 443 195 
551 197 434 196 
552 434 438 196 
553 198 430 197 
554 430 434 197 
555 198 447 430 
556 198 448 447 
557 199 431 200 
558 199 446 431 
559 200 435 201 
560 431 435 200 
561 201 439 202 
562 435 439 201 
563 202 442 203 
564 439 442 202 
565 203 444 204 
566 442 444 203 
567 204 441 205 
568 204 444 441 
569 205 437 206 
570 205 441 437 
571 206 432 207 
572 206 437 432 
573 207 428 208 
574 207 432 428 
575 208 429 209 
576 428 429 208 
577 209 433 210 
578 429 433 209 
579 210 436 211 
580 433 436 210 
581 211 440 212 
582 436 440 211 
583 212 445 213 
584 440 445 212 
585 213 443 214 
586 213 445 443 
587 214 438 215 
588 214 443 438 
589 215 434 216 
590 215 438 434 
591 216 430 217 
592 216 434 430 
593 430 447 217 
2 9 2 161
594 14 13 481 
595 13 223 481 
596 265 14 481 
597 15 16 241 
598 16 119 241 
599 25 17 18 
600 17 25 242 
601 119 17 242 
602 19 243 18 
603 26 25 18 
604 243 26 18 
605 22 19 177 
606 243 19 22 
607 20 21 176 
608 21 218 176 
609 218 22 177 
610 219 23 226 
611 224 24 449 
612 24 227 463 
613 449 24 463 
614 25 26 484 
615 240 25 484 
616 26 244 484 
617 241 119 242 
618 176 218 177 
619 220 219 487 
620 219 226 459 
621 219 459 487 
622 221 220 457 
623 457 220 487 
624 222 221 480 
625 221 457 480 
626 223 222 494 
627 462 222 480 
628 222 462 494 
629 223 265 481 
630 265 223 494 
631 225 224 483 
632 224 449 483 
633 226 225 459 
634 459 225 483 
635 227 228 450 
636 227 450 463 
637 228 229 473 
638 450 228 473 
639 229 230 451 
640 229 451 473 
641 230 231 470 
642 451 230 470 
643 231 232 469 
644 231 469 470 
645 232 233 456 
646 232 456 469 
647 233 234 482 
648 456 233 482 
649 234 235 460 
650 234 460 482 
651 235 236 461 
652 460 235 489 
653 235 461 489 
654 236 237 488 
655 461 236 493 
656 236 488 493 
657 237 238 497 
658 488 237 497 
659 246 238 239 
660 246 247 238 
661 238 247 497 
662 245 239 240 
663 245 246 239 
664 244 245 240 
665 244 240 484 
666 247 248 497 
667 248 249 488 
668 248 488 497 
669 249 250 493 
670 488 249 493 
671 250 251 461 
672 250 461 493 
673 251 252 489 
674 461 251 489 
675 252 253 492 
676 489 252 492 
677 253 254 458 
678 253 458 492 
679 254 255 485 
680 458 254 485 
681 255 256 478 
682 255 478 485 
683 256 257 454 
684 256 454 478 
685 257 258 477 
686 454 257 477 
687 258 259 476 
688 258 476 477 
689 259 260 455 
690 259 455 476 
691 260 261 475 
692 455 260 475 
693 261 262 453 
694 261 453 475 
695 262 263 474 
696 453 262 474 
697 263 264 452 
698 263 452 474 
699 264 265 462 
700 452 264 462 
701 462 265 494 
702 449 463 464 
703 449 464 465 
704 449 465 483 
705 463 450 466 
706 466 450 467 
707 467 450 473 
708 451 470 471 
709 451 471 472 
710 451 472 473 
711 452 462 480 
712 452 468 474 
713 468 452 480 
714 453 474 479 
715 475 453 490 
716 453 479 490 
717 454 477 486 
718 478 454 491 
719 454 486 491 
720 455 472 476 
721 472 455 496 
722 455 475 496 
723 469 456 491 
724 478 456 485 
725 456 478 491 
726 456 482 485 
727 480 457 495 
728 457 487 495 
729 460 458 482 
730 458 460 492 
731 482 458 485 
732 465 459 483 
733 459 465 487 
734 460 489 492 
735 464 463 466 
736 465 464 468 
737 464 466 479 
738 468 464 479 
739 465 468 495 
740 487 465 495 
741 466 467 490 
742 479 466 490 
743 472 467 473 
744 467 472 496 
745 490 467 496 
746 474 468 479 
747 468 480 495 
748 470 469 486 
749 486 469 491 
750 471 470 486 
751 472 471 476 
752 476 471 477 
753 477 471 486 
754 475 490 496 
2 10 2 44
755 27 217 1 
756 27 2 282 
757 199 243 22 
758 266 26 243 
759 282 217 27 
760 199 200 266 
761 199 266 243 
762 201 267 200 
763 200 267 266 
764 202 268 201 
765 201 268 267 
766 203 269 202 
767 202 269 268 
768 204 270 203 
769 203 270 269 
770 205 271 204 
771 204 271 270 
772 205 206 272 
773 205 272 271 
774 206 207 273 
775 206 273 272 
776 208 499 207 
777 207 499 273 
778 209 498 208 
779 498 499 208 
780 209 210 275 
781 275 498 209 
782 276 210 211 
783 275 210 276 
784 277 211 212 
785 276 211 277 
786 278 212 213 
787 277 212 278 
788 279 213 214 
789 278 213 279 
790 280 214 215 
791 279 214 280 
792 281 215 216 
793 280 215 281 
794 216 217 282 
795 281 216 282 
796 273 499 274 
797 274 498 275 
798 274 499 498 
2 11 2 99
799 33 9 527 
800 9 90 527 
801 10 32 530 
802 298 10 530 
803 78 15 528 
804 15 241 528 
805 242 25 531 
806 25 283 531 
807 32 33 501 
808 32 501 530 
809 501 33 527 
810 79 78 511 
811 511 78 528 
812 80 79 505 
813 505 79 511 
814 81 80 509 
815 80 505 509 
816 82 81 503 
817 503 81 509 
818 83 82 510 
819 82 503 510 
820 84 83 504 
821 504 83 510 
822 85 84 520 
823 84 504 520 
824 86 85 513 
825 513 85 520 
826 87 86 502 
827 502 86 513 
828 88 87 508 
829 87 502 508 
830 89 88 506 
831 506 88 508 
832 90 89 512 
833 89 506 512 
834 90 512 527 
835 241 242 500 
836 241 500 528 
837 500 242 531 
838 283 284 524 
839 283 524 531 
840 284 285 516 
841 284 516 524 
842 285 286 517 
843 516 285 517 
844 286 287 525 
845 517 286 525 
846 287 288 525 
847 288 289 522 
848 288 522 525 
849 289 290 519 
850 289 519 522 
851 290 291 514 
852 290 514 519 
853 291 292 507 
854 291 507 514 
855 292 293 526 
856 507 292 526 
857 293 294 529 
858 526 293 529 
859 294 295 521 
860 294 521 529 
861 295 296 518 
862 295 518 521 
863 296 297 515 
864 296 515 518 
865 297 298 523 
866 515 297 523 
867 523 298 530 
868 511 500 524 
869 500 511 528 
870 524 500 531 
871 501 512 523 
872 512 501 527 
873 501 523 530 
874 508 502 521 
875 502 513 529 
876 521 502 529 
877 503 509 525 
878 510 503 522 
879 522 503 525 
880 504 510 519 
881 514 504 519 
882 504 514 520 
883 509 505 517 
884 505 511 516 
885 505 516 517 
886 506 508 518 
887 512 506 515 
888 515 506 518 
889 507 513 520 
890 513 507 526 
891 514 507 520 
892 518 508 521 
893 509 517 525 
894 519 510 522 
895 516 511 524 
896 512 515 523 
897 513 526 529 
2 12 2 74
898 55 12 307 
899 51 556 13 
900 13 556 223 
901 299 23 219 
902 52 547 51 
903 547 556 51 
904 53 532 52 
905 532 547 52 
906 54 539 53 
907 53 539 532 
908 55 537 54 
909 537 539 54 
910 307 555 55 
911 55 555 537 
912 220 538 219 
913 219 554 299 
914 538 554 219 
915 221 544 220 
916 220 544 538 
917 222 534 221 
918 534 544 221 
919 223 543 222 
920 222 543 534 
921 223 556 543 
922 299 554 300 
923 300 536 301 
924 300 554 536 
925 301 553 302 
926 536 553 301 
927 302 533 303 
928 302 553 533 
929 303 552 304 
930 533 552 303 
931 304 535 305 
932 304 552 535 
933 305 550 306 
934 535 550 305 
935 306 555 307 
936 550 555 306 
937 539 540 532 
938 540 541 532 
939 541 547 532 
940 533 553 549 
941 549 557 533 
942 533 557 552 
943 543 558 534 
944 534 548 544 
945 534 558 548 
946 535 546 545 
947 545 550 535 
948 535 552 546 
949 538 551 536 
950 536 554 538 
951 536 551 549 
952 549 553 536 
953 537 545 539 
954 537 550 545 
955 537 555 550 
956 544 551 538 
957 539 545 540 
958 540 542 541 
959 540 546 542 
960 545 546 540 
961 542 558 541 
962 543 547 541 
963 541 558 543 
964 546 557 542 
965 542 549 548 
966 548 558 542 
967 542 557 549 
968 543 556 547 
969 548 551 544 
970 552 557 546 
971 549 551 548 
2 13 2 83
972 11 584 50 
973 315 584 11 
974 48 586 12 
975 12 586 307 
976 23 587 226 
977 299 587 23 
978 224 585 24 
979 24 585 308 
980 49 576 48 
981 576 586 48 
982 50 564 49 
983 564 576 49 
984 50 584 564 
985 225 563 224 
986 563 585 224 
987 226 579 225 
988 225 579 563 
989 226 587 579 
990 300 572 299 
991 572 587 299 
992 301 560 300 
993 560 572 300 
994 302 580 301 
995 301 580 560 
996 303 582 302 
997 302 582 580 
998 304 561 303 
999 561 582 303 
1000 305 581 304 
1001 304 581 561 
1002 306 559 305 
1003 559 581 305 
1004 307 574 306 
1005 306 574 559 
1006 307 586 574 
1007 308 578 309 
1008 308 585 578 
1009 309 566 310 
1010 309 578 566 
1011 310 562 311 
1012 310 566 562 
1013 311 569 312 
1014 562 569 311 
1015 312 565 313 
1016 312 569 565 
1017 313 570 314 
1018 565 570 313 
1019 314 577 315 
1020 570 577 314 
1021 577 584 315 
1022 559 575 571 
1023 571 581 559 
1024 574 575 559 
1025 567 573 560 
1026 560 580 567 
1027 560 573 572 
1028 568 582 561 
1029 561 583 568 
1030 561 581 571 
1031 571 583 561 
1032 566 567 562 
1033 567 568 562 
1034 568 569 562 
1035 573 578 563 
1036 563 579 573 
1037 578 585 563 
1038 575 576 564 
1039 564 577 575 
1040 564 584 577 
1041 569 583 565 
1042 565 571 570 
1043 565 583 571 
1044 566 573 567 
1045 566 578 573 
1046 567 580 568 
1047 568 583 569 
1048 580 582 568 
1049 571 575 570 
1050 575 577 570 
1051 573 579 572 
1052 579 587 572 
1053 574 576 575 
1054 574 586 576 
2 14 2 396
1055 10 746 47 
1056 298 746 10 
1057 34 748 11 
1058 11 748 315 
1059 24 751 227 
1060 308 751 24 
1061 240 742 25 
1062 25 742 283 
1063 35 621 34 
1064 621 748 34 
1065 36 740 35 
1066 35 740 621 
1067 37 602 36 
1068 602 740 36 
1069 38 735 37 
1070 37 735 602 
1071 39 590 38 
1072 590 735 38 
1073 40 710 39 
1074 39 710 590 
1075 41 651 40 
1076 651 710 40 
1077 42 589 41 
1078 589 651 41 
1079 43 690 42 
1080 42 690 589 
1081 44 707 43 
1082 43 707 690 
1083 45 597 44 
1084 597 707 44 
1085 46 721 45 
1086 45 721 597 
1087 47 722 46 
1088 46 722 721 
1089 47 746 722 
1090 227 730 228 
1091 227 751 730 
1092 228 604 229 
1093 228 730 604 
1094 229 603 230 
1095 229 604 603 
1096 230 711 231 
1097 603 711 230 
1098 231 591 232 
1099 231 711 591 
1100 232 709 233 
1101 591 709 232 
1102 233 666 234 
1103 233 709 666 
1104 234 588 235 
1105 234 666 588 
1106 235 725 236 
1107 588 725 235 
1108 236 736 237 
1109 725 736 236 
1110 237 592 238 
1111 237 736 592 
1112 238 719 239 
1113 592 719 238 
1114 239 720 240 
1115 719 720 239 
1116 720 742 240 
1117 283 611 284 
1118 283 742 611 
1119 284 713 285 
1120 611 713 284 
1121 285 606 286 
1122 285 713 606 
1123 286 752 287 
1124 606 752 286 
1125 287 598 288 
1126 287 752 598 
1127 288 718 289 
1128 598 718 288 
1129 289 717 290 
1130 289 718 717 
1131 290 594 291 
1132 290 717 594 
1133 291 701 292 
1134 594 701 291 
1135 292 600 293 
1136 292 701 600 
1137 293 702 294 
1138 600 702 293 
1139 294 605 295 
1140 294 702 605 
1141 295 716 296 
1142 605 716 295 
1143 296 609 297 
1144 296 716 609 
1145 297 610 298 
1146 609 610 297 
1147 610 746 298 
1148 309 624 308 
1149 624 751 308 
1150 310 599 309 
1151 599 624 309 
1152 311 596 310 
1153 596 749 310 
1154 310 749 599 
1155 312 593 311 
1156 593 601 311 
1157 311 601 596 
1158 313 595 312 
1159 312 595 593 
1160 314 607 313 
1161 313 618 595 
1162 607 618 313 
1163 315 708 314 
1164 314 708 607 
1165 315 748 708 
1166 666 728 588 
1167 588 727 725 
1168 588 728 727 
1169 589 657 651 
1170 589 659 657 
1171 589 690 659 
1172 694 695 590 
1173 590 741 694 
1174 695 735 590 
1175 710 741 590 
1176 591 711 688 
1177 688 753 591 
1178 591 753 709 
1179 592 732 719 
1180 723 732 592 
1181 592 736 723 
1182 595 617 593 
1183 593 698 601 
1184 617 698 593 
1185 669 700 594 
1186 594 717 669 
1187 700 701 594 
1188 595 618 617 
1189 601 750 596 
1190 596 750 749 
1191 597 731 707 
1192 721 744 597 
1193 597 744 731 
1194 598 705 704 
1195 704 718 598 
1196 598 706 705 
1197 598 752 706 
1198 599 689 624 
1199 599 749 689 
1200 600 699 667 
1201 667 702 600 
1202 600 757 699 
1203 701 757 600 
1204 698 729 601 
1205 729 750 601 
1206 695 696 602 
1207 602 735 695 
1208 696 697 602 
1209 697 740 602 
1210 604 608 603 
1211 608 612 603 
1212 612 711 603 
1213 604 689 608 
1214 604 730 689 
1215 702 758 605 
1216 712 716 605 
1217 605 758 712 
1218 706 752 606 
1219 606 755 706 
1220 713 715 606 
1221 715 755 606 
1222 607 687 618 
1223 607 708 687 
1224 608 613 612 
1225 608 665 613 
1226 608 689 665 
1227 609 620 610 
1228 609 622 620 
1229 609 716 622 
1230 620 722 610 
1231 722 746 610 
1232 611 714 713 
1233 611 720 714 
1234 611 742 720 
1235 613 614 612 
1236 614 688 612 
1237 688 711 612 
1238 613 616 614 
1239 615 616 613 
1240 613 729 615 
1241 665 729 613 
1242 616 652 614 
1243 652 688 614 
1244 615 692 616 
1245 615 693 692 
1246 615 729 693 
1247 637 646 616 
1248 616 692 637 
1249 646 652 616 
1250 618 619 617 
1251 619 698 617 
1252 618 625 619 
1253 618 687 625 
1254 625 626 619 
1255 626 627 619 
1256 627 698 619 
1257 622 623 620 
1258 623 744 620 
1259 721 722 620 
1260 620 744 721 
1261 621 697 687 
1262 687 708 621 
1263 621 740 697 
1264 708 748 621 
1265 622 633 623 
1266 622 716 633 
1267 633 634 623 
1268 634 731 623 
1269 731 744 623 
1270 689 730 624 
1271 730 751 624 
1272 625 696 626 
1273 687 697 625 
1274 625 697 696 
1275 626 628 627 
1276 626 629 628 
1277 626 696 629 
1278 628 692 627 
1279 692 693 627 
1280 693 698 627 
1281 629 630 628 
1282 630 631 628 
1283 631 692 628 
1284 629 694 630 
1285 629 695 694 
1286 629 696 695 
1287 630 632 631 
1288 630 642 632 
1289 630 694 642 
1290 632 638 631 
1291 636 637 631 
1292 631 638 636 
1293 637 692 631 
1294 632 643 638 
1295 642 643 632 
1296 633 635 634 
1297 633 703 635 
1298 633 712 703 
1299 633 716 712 
1300 635 639 634 
1301 639 691 634 
1302 691 731 634 
1303 635 640 639 
1304 635 644 640 
1305 635 703 644 
1306 636 649 637 
1307 638 650 636 
1308 636 650 649 
1309 637 649 646 
1310 643 660 638 
1311 638 660 650 
1312 640 641 639 
1313 641 738 639 
1314 639 738 691 
1315 640 685 641 
1316 644 645 640 
1317 645 685 640 
1318 641 685 684 
1319 684 737 641 
1320 737 738 641 
1321 642 739 643 
1322 686 739 642 
1323 642 741 686 
1324 694 741 642 
1325 643 668 660 
1326 643 739 668 
1327 644 647 645 
1328 644 667 647 
1329 644 703 667 
1330 647 648 645 
1331 648 747 645 
1332 645 747 685 
1333 649 733 646 
1334 646 653 652 
1335 646 733 653 
1336 647 663 648 
1337 647 699 663 
1338 667 699 647 
1339 663 664 648 
1340 664 734 648 
1341 734 747 648 
1342 650 655 649 
1343 649 655 654 
1344 654 733 649 
1345 650 662 655 
1346 660 661 650 
1347 661 662 650 
1348 657 686 651 
1349 686 710 651 
1350 653 656 652 
1351 656 688 652 
1352 653 658 656 
1353 653 678 658 
1354 653 733 678 
1355 655 756 654 
1356 678 733 654 
1357 654 745 678 
1358 654 756 745 
1359 662 726 655 
1360 726 756 655 
1361 658 754 656 
1362 656 753 688 
1363 656 754 753 
1364 659 737 657 
1365 657 737 668 
1366 668 739 657 
1367 657 739 686 
1368 678 682 658 
1369 682 728 658 
1370 728 754 658 
1371 690 691 659 
1372 691 738 659 
1373 659 738 737 
1374 660 684 661 
1375 668 684 660 
1376 661 747 662 
1377 684 685 661 
1378 685 747 661 
1379 662 734 726 
1380 662 747 734 
1381 663 669 664 
1382 663 700 669 
1383 699 700 663 
1384 669 670 664 
1385 670 671 664 
1386 671 734 664 
1387 689 749 665 
1388 665 750 729 
1389 749 750 665 
1390 709 754 666 
1391 666 754 728 
1392 667 758 702 
1393 703 758 667 
1394 668 737 684 
1395 669 673 670 
1396 669 717 673 
1397 670 672 671 
1398 670 704 672 
1399 673 704 670 
1400 672 674 671 
1401 674 726 671 
1402 726 734 671 
1403 672 675 674 
1404 672 705 675 
1405 704 705 672 
1406 673 718 704 
1407 717 718 673 
1408 675 676 674 
1409 676 683 674 
1410 683 726 674 
1411 675 677 676 
1412 675 680 677 
1413 675 705 680 
1414 677 679 676 
1415 679 743 676 
1416 676 743 683 
1417 677 723 679 
1418 680 681 677 
1419 681 723 677 
1420 678 745 682 
1421 723 724 679 
1422 724 727 679 
1423 727 743 679 
1424 680 755 681 
1425 705 755 680 
1426 681 715 714 
1427 714 732 681 
1428 681 755 715 
1429 681 732 723 
1430 727 728 682 
1431 682 743 727 
1432 682 745 743 
1433 683 756 726 
1434 743 745 683 
1435 745 756 683 
1436 686 741 710 
1437 690 707 691 
1438 707 731 691 
1439 693 729 698 
1440 699 757 700 
1441 700 757 701 
1442 712 758 703 
1443 706 755 705 
1444 753 754 709 
1445 714 715 713 
1446 714 720 719 
1447 719 732 714 
1448 723 736 724 
1449 725 727 724 
1450 724 736 725 
2 15 2 422
1451 56 930 2 
1452 2 930 282 
1453 14 265 77 
1454 26 936 244 
1455 266 936 26 
1456 57 813 56 
1457 813 930 56 
1458 58 810 57 
1459 810 813 57 
1460 59 788 58 
1461 788 810 58 
1462 60 888 59 
1463 59 888 788 
1464 61 766 60 
1465 766 888 60 
1466 62 893 61 
1467 61 893 766 
1468 63 759 62 
1469 759 893 62 
1470 64 859 63 
1471 63 859 759 
1472 65 858 64 
1473 858 859 64 
1474 66 765 65 
1475 765 858 65 
1476 67 862 66 
1477 66 862 765 
1478 68 805 67 
1479 805 862 67 
1480 69 912 68 
1481 68 912 805 
1482 70 934 69 
1483 867 912 69 
1484 69 934 867 
1485 71 817 70 
1486 817 934 70 
1487 72 863 71 
1488 71 863 817 
1489 73 845 72 
1490 845 863 72 
1491 74 929 73 
1492 73 929 845 
1493 75 851 74 
1494 851 929 74 
1495 76 853 75 
1496 75 853 851 
1497 77 906 76 
1498 76 906 853 
1499 265 906 77 
1500 244 932 245 
1501 244 936 932 
1502 245 802 246 
1503 245 932 802 
1504 246 882 247 
1505 802 882 246 
1506 247 770 248 
1507 247 882 770 
1508 248 894 249 
1509 770 894 248 
1510 249 760 250 
1511 249 894 760 
1512 250 915 251 
1513 760 915 250 
1514 251 913 252 
1515 251 915 913 
1516 252 768 253 
1517 252 913 768 
1518 253 861 254 
1519 768 861 253 
1520 254 860 255 
1521 254 861 860 
1522 255 769 256 
1523 255 860 769 
1524 256 870 257 
1525 769 870 256 
1526 257 783 258 
1527 257 870 783 
1528 258 864 259 
1529 783 864 258 
1530 259 832 260 
1531 259 864 832 
1532 260 909 261 
1533 832 909 260 
1534 261 848 262 
1535 261 909 848 
1536 262 938 263 
1537 848 938 262 
1538 263 853 264 
1539 263 938 853 
1540 264 906 265 
1541 853 906 264 
1542 267 933 266 
1543 933 936 266 
1544 268 789 267 
1545 789 933 267 
1546 269 901 268 
1547 268 901 789 
1548 270 876 269 
1549 876 901 269 
1550 271 763 270 
1551 763 876 270 
1552 272 762 271 
1553 762 763 271 
1554 273 873 272 
1555 272 873 762 
1556 274 902 273 
1557 273 902 873 
1558 275 761 274 
1559 761 902 274 
1560 276 879 275 
1561 275 879 761 
1562 277 878 276 
1563 878 879 276 
1564 278 764 277 
1565 764 878 277 
1566 279 895 278 
1567 278 895 764 
1568 280 786 279 
1569 786 895 279 
1570 281 790 280 
1571 280 790 786 
1572 282 897 281 
1573 281 897 790 
1574 282 930 897 
1575 859 925 759 
1576 759 899 893 
1577 759 925 899 
1578 894 924 760 
1579 910 915 760 
1580 760 924 910 
1581 879 914 761 
1582 761 922 902 
1583 914 922 761 
1584 762 767 763 
1585 762 872 767 
1586 762 873 872 
1587 767 771 763 
1588 771 876 763 
1589 877 878 764 
1590 764 896 877 
1591 895 896 764 
1592 856 858 765 
1593 765 919 856 
1594 862 919 765 
1595 766 889 888 
1596 766 890 889 
1597 766 893 890 
1598 767 772 771 
1599 767 773 772 
1600 767 872 773 
1601 768 913 852 
1602 852 935 768 
1603 768 880 861 
1604 768 935 880 
1605 860 920 769 
1606 869 870 769 
1607 769 920 869 
1608 882 918 770 
1609 770 904 894 
1610 770 918 904 
1611 772 799 771 
1612 799 836 771 
1613 836 876 771 
1614 773 774 772 
1615 774 884 772 
1616 772 884 799 
1617 773 775 774 
1618 773 875 775 
1619 872 875 773 
1620 775 776 774 
1621 776 796 774 
1622 796 884 774 
1623 775 777 776 
1624 775 787 777 
1625 775 875 787 
1626 777 778 776 
1627 778 881 776 
1628 776 881 796 
1629 777 779 778 
1630 777 885 779 
1631 787 885 777 
1632 779 780 778 
1633 780 871 778 
1634 871 881 778 
1635 779 781 780 
1636 779 784 781 
1637 779 885 784 
1638 781 782 780 
1639 782 794 780 
1640 794 871 780 
1641 781 891 782 
1642 784 785 781 
1643 785 891 781 
1644 782 795 794 
1645 782 800 795 
1646 782 891 800 
1647 783 865 864 
1648 783 866 865 
1649 783 870 866 
1650 784 792 785 
1651 784 886 792 
1652 885 886 784 
1653 792 793 785 
1654 793 819 785 
1655 819 891 785 
1656 790 791 786 
1657 791 826 786 
1658 826 895 786 
1659 875 911 787 
1660 787 903 885 
1661 787 911 903 
1662 788 833 810 
1663 788 834 833 
1664 788 888 834 
1665 789 901 883 
1666 883 917 789 
1667 917 933 789 
1668 790 847 791 
1669 790 897 847 
1670 791 908 826 
1671 847 927 791 
1672 791 927 908 
1673 792 797 793 
1674 792 798 797 
1675 792 886 798 
1676 797 892 793 
1677 793 820 819 
1678 793 892 820 
1679 795 806 794 
1680 806 807 794 
1681 807 871 794 
1682 800 801 795 
1683 801 855 795 
1684 795 855 806 
1685 881 907 796 
1686 796 900 884 
1687 796 907 900 
1688 798 803 797 
1689 803 804 797 
1690 804 892 797 
1691 798 808 803 
1692 798 816 808 
1693 798 886 816 
1694 799 837 836 
1695 799 838 837 
1696 799 884 838 
1697 800 809 801 
1698 800 857 809 
1699 800 891 857 
1700 809 814 801 
1701 814 815 801 
1702 815 855 801 
1703 802 917 850 
1704 850 926 802 
1705 802 926 882 
1706 802 932 917 
1707 803 887 804 
1708 808 849 803 
1709 849 887 803 
1710 887 931 804 
1711 804 931 892 
1712 805 868 846 
1713 846 928 805 
1714 805 928 862 
1715 805 912 868 
1716 806 811 807 
1717 806 825 811 
1718 806 855 825 
1719 811 822 807 
1720 822 823 807 
1721 823 871 807 
1722 816 841 808 
1723 841 877 808 
1724 808 877 849 
1725 809 818 814 
1726 809 821 818 
1727 809 857 821 
1728 810 897 813 
1729 833 847 810 
1730 847 897 810 
1731 811 835 822 
1732 825 852 811 
1733 811 852 835 
1734 917 932 812 
1735 812 933 917 
1736 932 936 812 
1737 812 936 933 
1738 897 930 813 
1739 814 827 815 
1740 818 856 814 
1741 814 856 827 
1742 827 828 815 
1743 828 854 815 
1744 854 855 815 
1745 816 842 841 
1746 816 903 842 
1747 886 903 816 
1748 863 921 817 
1749 817 921 865 
1750 865 934 817 
1751 821 925 818 
1752 818 858 856 
1753 818 859 858 
1754 818 925 859 
1755 820 898 819 
1756 857 891 819 
1757 819 898 857 
1758 892 905 820 
1759 820 923 898 
1760 905 923 820 
1761 857 898 821 
1762 898 899 821 
1763 899 925 821 
1764 822 824 823 
1765 822 910 824 
1766 835 910 822 
1767 824 907 823 
1768 823 881 871 
1769 823 907 881 
1770 824 916 907 
1771 910 924 824 
1772 824 924 916 
1773 825 935 852 
1774 825 855 854 
1775 854 935 825 
1776 887 896 826 
1777 826 908 887 
1778 826 896 895 
1779 827 829 828 
1780 827 919 829 
1781 856 919 827 
1782 829 830 828 
1783 830 831 828 
1784 831 854 828 
1785 829 846 830 
1786 829 928 846 
1787 919 928 829 
1788 830 920 831 
1789 846 869 830 
1790 869 920 830 
1791 831 880 854 
1792 860 861 831 
1793 831 920 860 
1794 861 880 831 
1795 864 921 832 
1796 832 937 909 
1797 921 937 832 
1798 834 843 833 
1799 843 927 833 
1800 833 927 847 
1801 834 844 843 
1802 834 889 844 
1803 888 889 834 
1804 852 913 835 
1805 835 915 910 
1806 913 915 835 
1807 837 901 836 
1808 836 901 876 
1809 838 839 837 
1810 839 850 837 
1811 850 883 837 
1812 883 901 837 
1813 838 840 839 
1814 838 900 840 
1815 884 900 838 
1816 840 918 839 
1817 839 926 850 
1818 918 926 839 
1819 900 916 840 
1820 840 916 904 
1821 904 918 840 
1822 842 914 841 
1823 841 879 877 
1824 841 914 879 
1825 903 911 842 
1826 911 922 842 
1827 842 922 914 
1828 844 931 843 
1829 908 927 843 
1830 843 931 908 
1831 889 905 844 
1832 844 905 892 
1833 892 931 844 
1834 848 909 845 
1835 845 929 848 
1836 845 937 863 
1837 909 937 845 
1838 868 869 846 
1839 848 929 851 
1840 851 938 848 
1841 877 896 849 
1842 849 896 887 
1843 850 917 883 
1844 853 938 851 
1845 880 935 854 
1846 862 928 919 
1847 863 937 921 
1848 865 921 864 
1849 866 867 865 
1850 867 934 865 
1851 866 868 867 
1852 866 869 868 
1853 866 870 869 
1854 868 912 867 
1855 873 874 872 
1856 874 875 872 
1857 873 902 874 
1858 874 911 875 
1859 902 922 874 
1860 874 922 911 
1861 877 879 878 
1862 882 926 918 
1863 885 903 886 
1864 908 931 887 
1865 890 905 889 
1866 893 899 890 
1867 899 923 890 
1868 890 923 905 
1869 904 924 894 
1870 898 923 899 
1871 907 916 900 
1872 916 924 904 
3 1 4 3163
1873 566 943 951 969 
1874 489 727 988 1021 
1875 853 953 950 979 
1876 566 951 943 995 
1877 853 950 953 999 
1878 684 800 857 1015 
1879 685 857 684 800 
1880 738 925 659 737 
1881 625 942 998 1008 
1882 848 975 940 1000 
1883 848 940 975 997 
1884 738 821 925 737 
1885 659 737 925 987 
1886 943 995 951 999 
1887 479 953 951 999 
1888 821 925 737 987 
1889 928 956 954 983 
1890 595 955 944 957 
1891 950 953 939 979 
1892 659 925 759 1009 
1893 962 998 942 1008 
1894 743 679 822 1021 
1895 321 947 912 986 
1896 941 976 832 989 
1897 928 954 963 983 
1898 848 953 940 997 
1899 848 940 953 1000 
1900 353 986 962 1001 
1901 353 947 986 1001 
1902 625 998 962 1008 
1903 360 968 948 979 
1904 692 946 961 993 
1905 832 941 989 1020 
1906 324 948 539 1014 
1907 848 909 975 1000 
1908 453 909 475 975 
1909 952 968 540 1003 
1910 632 956 643 1017 
1911 832 975 941 1020 
1912 308 995 463 996 
1913 853 851 953 979 
1914 941 967 832 976 
1915 489 988 913 1021 
1916 851 965 953 979 
1917 857 685 891 800 
1918 324 539 948 968 
1919 962 986 947 1001 
1920 954 956 928 1010 
1921 925 659 987 1009 
1922 632 643 956 983 
1923 692 961 946 992 
1924 942 955 619 977 
1925 942 625 970 1008 
1926 661 800 684 1015 
1927 832 967 941 975 
1928 194 417 193 443 
1929 939 999 943 1016 
1930 684 661 685 800 
1931 958 964 604 1024 
1932 352 321 912 986 
1933 625 942 619 998 
1934 608 604 964 1024 
1935 967 975 909 1000 
1936 352 947 321 986 
1937 352 353 947 986 
1938 308 449 463 995 
1939 489 913 727 1021 
1940 321 344 361 1010 
1941 860 485 949 959 
1942 939 943 999 1003 
1943 869 961 949 1027 
1944 489 727 588 988 
1945 659 759 925 899 
1946 641 857 821 1015 
1947 473 604 958 964 
1948 913 489 727 725 
1949 551 1003 943 1004 
1950 540 968 952 1013 
1951 821 987 737 1015 
1952 951 995 468 999 
1953 495 981 943 994 
1954 495 994 943 995 
1955 457 981 495 994 
1956 321 947 344 1010 
1957 361 954 1010 1022 
1958 593 978 955 990 
1959 869 956 960 961 
1960 551 981 943 1003 
1961 582 952 533 1004 
1962 899 925 659 738 
1963 944 970 607 971 
1964 949 959 485 1026 
1965 943 994 551 1004 
1966 943 994 566 995 
1967 949 959 653 960 
1968 727 679 743 1021 
1969 569 952 969 973 
1970 656 959 949 1026 
1971 942 977 619 998 
1972 821 737 641 1015 
1973 910 822 679 1021 
1974 921 832 976 989 
1975 821 738 641 737 
1976 738 898 821 641 
1977 913 915 727 1021 
1978 759 690 659 1009 
1979 915 913 727 725 
1980 920 959 949 960 
1981 569 565 952 973 
1982 308 951 995 996 
1983 939 948 952 968 
1984 489 588 727 725 
1985 453 848 975 997 
1986 939 953 950 999 
1987 869 960 949 961 
1988 544 981 457 994 
1989 361 1010 344 1022 
1990 947 344 1010 1022 
1991 593 955 957 990 
1992 939 968 952 1003 
1993 782 891 661 800 
1994 848 909 453 975 
1995 727 915 835 1021 
1996 333 944 970 1018 
1997 951 943 999 1016 
1998 906 264 462 950 
1999 947 962 629 998 
2000 869 920 949 960 
2001 661 1012 800 1015 
2002 944 957 939 973 
2003 468 479 951 999 
2004 479 951 953 997 
2005 944 939 966 973 
2006 899 659 759 690 
2007 692 977 946 998 
2008 891 685 661 800 
2009 899 821 925 738 
2010 551 943 981 994 
2011 352 353 321 947 
2012 870 1007 961 1027 
2013 551 548 981 1003 
2014 566 951 310 969 
2015 641 684 857 1015 
2016 942 1008 970 1025 
2017 333 970 944 971 
2018 340 970 1008 1025 
2019 947 629 993 998 
2020 943 981 495 999 
2021 860 485 478 949 
2022 543 950 462 981 
2023 957 1000 965 1016 
2024 324 948 360 968 
2025 708 970 621 971 
2026 360 966 948 991 
2027 961 1007 945 1027 
2028 860 949 920 959 
2029 360 948 324 1014 
2030 569 969 312 973 
2031 473 964 958 1020 
2032 464 463 995 996 
2033 821 818 925 987 
2034 321 361 912 1010 
2035 661 782 800 1012 
2036 317 621 970 971 
2037 946 977 692 992 
2038 727 910 679 1021 
2039 453 975 475 997 
2040 473 730 450 958 
2041 857 800 809 1015 
2042 461 489 915 725 
2043 312 969 957 973 
2044 334 972 970 1025 
2045 552 557 533 952 
2046 656 653 949 959 
2047 943 468 995 999 
2048 921 832 967 976 
2049 539 545 948 968 
2050 542 952 540 1003 
2051 547 906 543 1023 
2052 944 939 957 965 
2053 323 710 980 1022 
2054 708 607 970 971 
2055 730 473 604 958 
2056 583 569 565 952 
2057 962 986 343 1025 
2058 730 450 958 996 
2059 906 950 543 1023 
2060 264 452 462 950 
2061 653 960 959 1011 
2062 539 948 545 1014 
2063 462 981 950 999 
2064 625 696 962 998 
2065 321 912 947 1010 
2066 455 832 989 1020 
2067 629 962 947 1001 
2068 546 540 952 1013 
2069 939 999 950 1003 
2070 309 951 566 995 
2071 794 756 726 1005 
2072 910 724 760 725 
2073 547 543 950 1023 
2074 794 806 795 1006 
2075 951 999 953 1016 
2076 495 943 468 995 
2077 948 968 545 1013 
2078 898 857 821 641 
2079 696 625 962 1008 
2080 684 641 857 685 
2081 794 1005 806 1006 
2082 962 1008 942 1025 
2083 953 965 939 979 
2084 464 995 951 996 
2085 906 853 264 950 
2086 949 960 652 1019 
2087 464 463 449 995 
2088 543 906 462 950 
2089 940 955 978 990 
2090 860 478 769 949 
2091 759 925 859 1009 
2092 939 943 969 1016 
2093 659 899 738 691 
2094 618 955 942 970 
2095 743 822 824 823 
2096 340 1008 962 1025 
2097 944 939 965 966 
2098 940 957 955 990 
2099 977 992 941 1024 
2100 957 965 939 1016 
2101 692 946 993 998 
2102 955 967 941 977 
2103 468 943 495 999 
2104 534 543 462 981 
2105 309 308 951 995 
2106 643 963 642 1017 
2107 869 870 961 1027 
2108 453 475 909 261 
2109 919 963 954 980 
2110 965 1000 953 1016 
2111 653 652 949 960 
2112 443 417 193 445 
2113 955 977 941 978 
2114 328 690 759 1009 
2115 735 337 962 1001 
2116 818 987 821 1015 
2117 478 949 485 1026 
2118 686 980 710 1022 
2119 941 967 955 978 
2120 940 990 958 996 
2121 541 968 950 1003 
2122 309 951 308 996 
2123 729 992 977 1024 
2124 658 959 988 1011 
2125 939 950 968 1003 
2126 471 964 945 984 
2127 939 953 999 1016 
2128 913 835 915 1021 
2129 899 759 893 690 
2130 659 899 691 690 
2131 955 970 944 972 
2132 642 963 954 1017 
2133 462 950 452 999 
2134 822 823 743 1005 
2135 676 743 824 823 
2136 625 618 942 970 
2137 317 970 333 971 
2138 944 965 957 1000 
2139 467 958 996 997 
2140 533 952 557 1004 
2141 558 950 543 981 
2142 923 898 738 820 
2143 343 962 338 986 
2144 921 864 832 989 
2145 551 549 1003 1004 
2146 853 452 264 950 
2147 540 545 968 1013 
2148 920 860 769 949 
2149 323 710 651 980 
2150 340 334 970 1025 
2151 471 470 964 984 
2152 943 939 969 1003 
2153 940 990 996 997 
2154 794 726 871 1005 
2155 940 953 1000 1016 
2156 939 948 968 979 
2157 547 950 541 1023 
2158 899 898 821 738 
2159 942 970 955 972 
2160 486 945 477 1027 
2161 457 495 487 994 
2162 951 996 990 997 
2163 941 978 977 1024 
2164 848 953 965 1000 
2165 956 961 869 1002 
2166 966 971 944 973 
2167 800 1012 801 1015 
2168 919 954 862 980 
2169 343 340 962 1025 
2170 685 641 857 819 
2171 567 566 943 994 
2172 542 546 540 952 
2173 614 945 984 1019 
2174 970 972 942 1025 
2175 455 975 832 1020 
2176 928 963 829 983 
2177 345 980 954 1022 
2178 940 975 967 1000 
2179 915 489 913 725 
2180 314 973 971 991 
2181 747 685 661 891 
2182 893 691 899 690 
2183 333 971 944 1018 
2184 729 977 978 1024 
2185 539 540 545 968 
2186 534 558 543 981 
2187 946 1002 986 1007 
2188 940 1000 957 1016 
2189 748 708 621 971 
2190 939 966 948 979 
2191 947 993 629 1017 
2192 619 942 618 955 
2193 455 832 864 989 
2194 853 452 950 999 
2195 477 989 783 1027 
2196 328 759 356 1009 
2197 958 940 996 997 
2198 541 547 543 950 
2199 869 956 846 960 
2200 942 967 955 977 
2201 471 945 486 984 
2202 353 962 338 1001 
2203 948 952 968 1013 
2204 310 969 951 990 
2205 853 953 938 999 
2206 724 493 760 725 
2207 867 352 912 986 
2208 467 996 490 997 
2209 471 477 486 945 
2210 910 724 727 679 
2211 323 980 345 1022 
2212 563 994 459 995 
2213 686 954 980 1022 
2214 551 549 548 1003 
2215 783 989 945 1027 
2216 730 604 689 958 
2217 321 353 344 947 
2218 748 621 317 971 
2219 942 986 962 1025 
2220 495 465 994 995 
2221 948 973 570 991 
2222 944 971 966 1018 
2223 890 691 899 893 
2224 853 851 938 953 
2225 487 544 457 994 
2226 641 738 898 820 
2227 958 990 749 996 
2228 835 822 910 1021 
2229 683 743 823 1005 
2230 824 822 743 679 
2231 708 607 687 970 
2232 921 976 864 989 
2233 563 459 483 995 
2234 625 618 619 942 
2235 738 899 898 923 
2236 343 338 352 986 
2237 830 982 960 983 
2238 735 337 602 962 
2239 565 569 312 973 
2240 760 915 910 725 
2241 939 952 948 973 
2242 571 952 973 1013 
2243 652 656 653 949 
2244 870 866 961 1007 
2245 567 994 943 1004 
2246 470 711 964 984 
2247 782 795 800 1012 
2248 919 963 980 987 
2249 571 952 565 973 
2250 724 760 493 736 
2251 958 978 749 990 
2252 920 769 869 949 
2253 928 954 919 963 
2254 941 975 967 978 
2255 692 993 628 998 
2256 618 944 955 970 
2257 945 964 612 984 
2258 949 961 960 1019 
2259 453 953 848 997 
2260 940 967 975 978 
2261 468 951 464 995 
2262 469 984 491 1026 
2263 960 961 646 1019 
2264 309 310 566 951 
2265 942 986 976 998 
2266 686 651 710 980 
2267 626 625 619 998 
2268 809 800 801 1015 
2269 618 944 595 955 
2270 477 945 471 989 
2271 954 963 739 980 
2272 342 966 965 979 
2273 942 976 967 977 
2274 198 424 430 447 
2275 343 340 338 962 
2276 595 593 955 957 
2277 344 947 353 1001 
2278 835 910 727 1021 
2279 641 898 857 819 
2280 739 954 642 963 
2281 743 824 679 676 
2282 736 493 724 725 
2283 683 871 726 1005 
2284 819 857 685 891 
2285 573 566 994 995 
2286 738 639 923 820 
2287 853 979 950 1023 
2288 333 970 339 1018 
2289 759 859 356 1009 
2290 323 651 349 980 
2291 318 602 337 962 
2292 614 992 945 1019 
2293 551 981 544 994 
2294 864 832 455 259 
2295 944 957 955 1000 
2296 955 957 940 1000 
2297 925 987 818 1009 
2298 482 666 959 988 
2299 636 960 956 961 
2300 856 963 987 1015 
2301 890 707 691 893 
2302 477 945 989 1027 
2303 471 945 964 989 
2304 912 1002 947 1010 
2305 450 467 473 958 
2306 940 978 958 990 
2307 740 341 970 1008 
2308 625 626 696 998 
2309 766 707 890 893 
2310 743 822 1005 1021 
2311 354 324 539 1014 
2312 314 570 973 991 
2313 345 954 361 1022 
2314 928 862 919 954 
2315 738 641 639 820 
2316 946 976 986 998 
2317 322 972 334 1025 
2318 967 976 941 977 
2319 582 568 952 1004 
2320 486 984 945 1027 
2321 986 1002 867 1007 
2322 467 473 958 1020 
2323 728 658 959 988 
2324 613 964 945 992 
2325 618 607 944 970 
2326 346 966 971 1018 
2327 947 993 986 998 
2328 948 973 952 1013 
2329 571 973 948 1013 
2330 571 583 565 952 
2331 944 955 972 1000 
2332 335 966 360 991 
2333 344 947 1001 1022 
2334 491 984 949 1026 
2335 490 496 467 975 
2336 195 409 194 443 
2337 846 956 928 983 
2338 438 409 195 443 
2339 735 962 695 1001 
2340 750 958 665 978 
2341 824 910 822 679 
2342 958 975 941 978 
2343 547 541 532 1023 
2344 967 976 942 1025 
2345 955 967 942 972 
2346 822 807 823 1005 
2347 313 595 944 957 
2348 614 945 612 984 
2349 629 947 694 1001 
2350 863 967 972 1025 
2351 575 1013 948 1014 
2352 939 969 952 973 
2353 643 739 642 963 
2354 986 993 946 998 
2355 313 944 971 973 
2356 591 984 469 1026 
2357 464 468 479 951 
2358 474 953 479 999 
2359 893 359 707 690 
2360 909 848 453 261 
2361 541 968 532 1023 
2362 476 455 864 989 
2363 558 541 950 1003 
2364 940 975 958 978 
2365 313 957 944 973 
2366 941 992 964 1024 
2367 666 482 959 1026 
2368 945 1007 783 1027 
2369 919 856 963 987 
2370 939 968 950 979 
2371 945 989 783 1007 
2372 691 899 738 923 
2373 686 954 739 980 
2374 747 785 891 781 
2375 599 951 309 996 
2376 345 862 954 980 
2377 469 709 591 1026 
2378 491 949 478 1026 
2379 694 947 629 1017 
2380 809 821 857 1015 
2381 470 603 451 964 
2382 780 794 782 662 
2383 676 683 743 823 
2384 354 360 324 1014 
2385 570 948 571 973 
2386 324 532 539 968 
2387 539 545 537 1014 
2388 935 988 974 1021 
2389 339 970 972 1018 
2390 867 912 947 986 
2391 937 863 967 972 
2392 707 766 359 893 
2393 871 683 726 881 
2394 730 958 689 996 
2395 942 976 986 1025 
2396 570 575 948 991 
2397 845 967 909 1000 
2398 655 782 795 794 
2399 666 728 754 959 
2400 750 749 958 978 
2401 259 455 864 476 
2402 685 747 785 891 
2403 893 707 691 690 
2404 943 951 969 1016 
2405 599 990 951 996 
2406 487 495 465 994 
2407 309 951 599 990 
2408 814 985 827 1015 
2409 728 959 666 988 
2410 332 360 948 991 
2411 613 945 614 992 
2412 469 491 456 1026 
2413 490 996 466 997 
2414 350 564 991 1014 
2415 947 986 962 998 
2416 795 782 655 1012 
2417 958 665 978 1024 
2418 726 778 871 881 
2419 974 988 682 1021 
2420 953 939 965 1016 
2421 467 466 490 996 
2422 971 973 966 991 
2423 948 1013 545 1014 
2424 912 352 69 321 
2425 467 958 450 996 
2426 341 317 621 970 
2427 740 341 621 970 
2428 652 960 646 1019 
2429 950 968 541 1023 
2430 830 869 846 960 
2431 313 944 607 971 
2432 948 966 939 973 
2433 438 196 411 434 
2434 474 938 453 953 
2435 553 536 560 1004 
2436 480 981 462 999 
2437 636 956 960 983 
2438 976 941 992 1007 
2439 811 1005 822 1021 
2440 569 952 568 969 
2441 805 361 954 1010 
2442 934 343 986 1025 
2443 946 992 961 1007 
2444 961 992 945 1007 
2445 780 871 794 726 
2446 346 971 333 1018 
2447 866 1002 961 1007 
2448 989 992 941 1007 
2449 683 726 756 1005 
2450 748 317 330 971 
2451 340 322 334 1025 
2452 894 493 760 736 
2453 951 990 969 1016 
2454 938 848 453 953 
2455 535 552 581 1013 
2456 925 818 859 1009 
2457 946 986 976 1007 
2458 928 956 846 1010 
2459 881 683 726 674 
2460 724 924 904 679 
2461 602 962 318 1008 
2462 961 1002 946 1007 
2463 944 972 970 1018 
2464 740 970 697 1008 
2465 344 345 361 1022 
2466 807 683 871 823 
2467 962 986 942 998 
2468 470 711 603 964 
2469 846 928 829 983 
2470 967 972 955 1000 
2471 538 544 487 994 
2472 482 959 458 988 
2473 566 310 562 969 
2474 937 967 832 975 
2475 575 559 1013 1014 
2476 466 996 951 997 
2477 976 977 942 998 
2478 952 969 939 1003 
2479 923 691 899 890 
2480 814 827 856 1015 
2481 794 780 726 662 
2482 435 180 406 439 
2483 735 602 695 962 
2484 912 867 947 1002 
2485 178 446 431 423 
2486 817 986 976 1025 
2487 557 952 1003 1004 
2488 708 687 621 970 
2489 865 986 867 1007 
2490 580 553 560 1004 
2491 939 957 969 973 
2492 338 318 337 962 
2493 912 361 805 1010 
2494 819 641 898 820 
2495 471 989 964 1020 
2496 976 986 865 1007 
2497 599 749 990 996 
2498 945 992 989 1007 
2499 543 494 462 906 
2500 568 969 952 1004 
2501 982 815 1006 1012 
2502 864 989 976 1007 
2503 323 349 345 980 
2504 629 695 962 1001 
2505 579 459 563 994 
2506 692 627 977 998 
2507 546 557 552 952 
2508 913 988 768 1021 
2509 738 639 691 923 
2510 465 459 994 995 
2511 692 616 961 992 
2512 726 778 881 674 
2513 941 977 976 992 
2514 862 325 765 980 
2515 942 972 967 1025 
2516 934 986 817 1025 
2517 794 655 756 1005 
2518 946 977 976 998 
2519 683 823 807 1005 
2520 871 683 807 1005 
2521 471 486 470 984 
2522 823 683 871 881 
2523 630 629 993 1017 
2524 617 595 593 955 
2525 632 643 642 1017 
2526 947 1017 1001 1022 
2527 346 965 342 966 
2528 845 937 909 967 
2529 360 332 948 1014 
2530 754 666 959 1026 
2531 552 952 561 1013 
2532 982 985 815 1012 
2533 485 861 458 959 
2534 640 641 819 820 
2535 482 485 458 959 
2536 955 967 940 978 
2537 961 1019 949 1027 
2538 916 904 924 679 
2539 869 961 866 1002 
2540 456 709 469 1026 
2541 848 953 851 965 
2542 909 967 937 975 
2543 69 867 352 912 
2544 473 472 964 1020 
2545 782 661 891 662 
2546 794 795 655 1006 
2547 676 824 907 823 
2548 466 951 464 997 
2549 945 1019 961 1027 
2550 320 929 74 965 
2551 489 492 913 988 
2552 352 867 934 986 
2553 929 1000 965 1018 
2554 853 938 263 999 
2555 893 759 328 690 
2556 749 978 596 990 
2557 572 554 579 994 
2558 536 994 560 1004 
2559 976 992 946 1007 
2560 491 478 456 1026 
2561 862 345 325 980 
2562 342 965 851 979 
2563 848 965 929 1000 
2564 749 750 596 978 
2565 547 532 329 1023 
2566 340 970 334 1008 
2567 831 982 974 1011 
2568 558 541 543 950 
2569 453 474 953 997 
2570 976 977 946 992 
2571 558 542 541 1003 
2572 823 676 683 881 
2573 739 963 657 980 
2574 482 485 959 1026 
2575 583 568 569 952 
2576 893 328 359 690 
2577 867 986 947 1002 
2578 332 335 360 991 
2579 608 604 603 964 
2580 355 707 766 359 
2581 935 768 988 1021 
2582 612 945 613 964 
2583 728 682 988 1021 
2584 546 952 552 1013 
2585 632 993 956 1017 
2586 711 612 964 984 
2587 571 948 575 1013 
2588 320 357 73 1018 
2589 668 963 985 1015 
2590 337 338 962 1001 
2591 697 970 625 1008 
2592 956 993 961 1002 
2593 961 993 946 1002 
2594 736 894 493 488 
2595 828 982 830 983 
2596 827 829 963 983 
2597 750 749 665 958 
2598 909 937 832 975 
2599 550 1013 559 1014 
2600 794 655 1005 1006 
2601 870 783 1007 1027 
2602 692 961 637 993 
2603 563 573 994 995 
2604 739 657 963 987 
2605 8 103 375 527 
2606 653 959 658 1011 
2607 726 780 778 779 
2608 557 952 542 1003 
2609 871 807 794 1005 
2610 591 753 984 1026 
2611 451 604 473 964 
2612 880 974 935 988 
2613 740 621 697 970 
2614 309 578 308 995 
2615 603 604 451 964 
2616 937 863 921 967 
2617 449 585 483 995 
2618 756 1005 655 1006 
2619 328 356 690 1009 
2620 661 662 782 1012 
2621 827 983 963 985 
2622 309 310 951 990 
2623 938 953 474 999 
2624 765 980 325 1009 
2625 929 845 1000 1018 
2626 845 909 848 1000 
2627 262 453 938 848 
2628 582 568 561 952 
2629 765 919 862 980 
2630 542 557 546 952 
2631 869 870 866 961 
2632 861 458 959 988 
2633 724 910 924 679 
2634 948 991 575 1014 
2635 465 483 459 995 
2636 423 431 178 179 
2637 853 263 452 999 
2638 692 977 693 992 
2639 333 334 339 970 
2640 947 1010 954 1022 
2641 880 974 831 982 
2642 479 464 951 997 
2643 846 956 869 1002 
2644 945 992 961 1019 
2645 343 352 934 986 
2646 832 260 909 975 
2647 354 539 537 1014 
2648 958 975 940 997 
2649 314 577 570 991 
2650 585 449 308 995 
2651 819 685 641 640 
2652 197 198 424 430 
2653 949 984 753 1026 
2654 698 977 955 978 
2655 464 951 466 996 
2656 685 785 819 891 
2657 558 950 981 1003 
2658 575 571 570 948 
2659 920 831 959 960 
2660 583 561 952 1013 
2661 924 724 904 736 
2662 320 74 342 965 
2663 880 854 974 982 
2664 858 325 358 1009 
2665 348 77 14 481 
2666 880 861 959 988 
2667 619 955 698 977 
2668 455 260 832 975 
2669 969 1003 952 1004 
2670 335 966 342 979 
2671 891 782 662 781 
2672 853 75 979 1023 
2673 332 991 948 1014 
2674 567 573 566 994 
2675 554 538 459 994 
2676 728 988 727 1021 
2677 739 963 668 987 
2678 578 309 566 995 
2679 570 577 575 991 
2680 333 317 334 970 
2681 340 338 962 1008 
2682 769 949 478 1027 
2683 629 962 696 998 
2684 965 966 346 1018 
2685 639 691 923 905 
2686 657 980 963 987 
2687 332 350 991 1014 
2688 943 1003 969 1004 
2689 74 929 851 965 
2690 851 853 75 979 
2691 583 952 571 1013 
2692 614 613 612 945 
2693 934 817 343 1025 
2694 656 658 653 959 
2695 904 894 924 736 
2696 733 982 960 1011 
2697 459 538 487 994 
2698 67 361 345 862 
2699 479 953 474 997 
2700 862 325 66 765 
2701 866 867 1002 1007 
2702 801 1012 985 1015 
2703 453 938 474 262 
2704 453 479 474 997 
2705 824 924 910 679 
2706 309 308 624 996 
2707 694 1001 1017 1022 
2708 768 913 492 988 
2709 689 958 749 996 
2710 467 472 473 1020 
2711 779 747 781 784 
2712 318 962 338 1008 
2713 760 724 910 924 
2714 468 474 479 999 
2715 257 477 783 1027 
2716 928 919 829 963 
2717 320 73 929 1018 
2718 865 976 817 986 
2719 958 941 975 1020 
2720 613 964 992 1024 
2721 972 1000 845 1018 
2722 314 313 971 973 
2723 916 907 677 676 
2724 753 656 949 1026 
2725 557 1003 549 1004 
2726 944 966 965 1018 
2727 316 315 330 971 
2728 476 455 989 1020 
2729 485 860 861 959 
2730 74 851 342 965 
2731 909 260 475 975 
2732 686 642 739 954 
2733 593 601 978 990 
2734 956 1002 846 1010 
2735 593 601 955 978 
2736 943 981 999 1003 
2737 480 534 462 981 
2738 880 959 831 1011 
2739 465 459 487 994 
2740 562 969 568 1004 
2741 668 963 660 985 
2742 16 91 528 376 
2743 794 756 655 726 
2744 315 971 316 991 
2745 462 452 480 999 
2746 694 1001 947 1017 
2747 563 483 585 995 
2748 453 475 490 997 
2749 545 1013 550 1014 
2750 852 913 768 1021 
2751 778 671 734 777 
2752 865 864 976 1007 
2753 723 724 904 679 
2754 325 66 345 862 
2755 961 992 616 1019 
2756 347 532 968 1023 
2757 880 831 974 1011 
2758 479 466 464 997 
2759 544 534 457 981 
2760 459 579 554 994 
2761 357 972 845 1018 
2762 653 646 652 960 
2763 478 485 456 1026 
2764 317 333 330 971 
2765 472 989 471 1020 
2766 478 949 491 1027 
2767 324 347 532 968 
2768 819 785 685 793 
2769 776 778 671 674 
2770 342 320 965 1018 
2771 460 489 588 988 
2772 693 977 729 992 
2773 949 984 491 1027 
2774 845 972 967 1000 
2775 475 975 490 997 
2776 912 868 1002 1010 
2777 472 471 964 1020 
2778 668 985 660 1015 
2779 342 851 75 979 
2780 625 697 687 970 
2781 954 741 1017 1022 
2782 795 655 1006 1012 
2783 921 832 937 967 
2784 641 737 684 1015 
2785 679 916 677 676 
2786 976 989 941 1007 
2787 339 970 334 972 
2788 734 779 778 777 
2789 958 1020 964 1024 
2790 778 726 779 734 
2791 668 987 963 1015 
2792 666 709 482 1026 
2793 455 475 260 975 
2794 889 905 634 844 
2795 784 885 734 648 
2796 831 960 830 982 
2797 900 676 796 675 
2798 552 561 581 1013 
2799 602 696 962 1008 
2800 314 313 607 971 
2801 707 888 889 731 
2802 751 308 463 996 
2803 661 747 891 662 
2804 676 907 900 796 
2805 666 482 460 988 
2806 831 959 960 1011 
2807 685 819 793 640 
2808 819 793 640 820 
2809 937 967 845 972 
2810 645 785 784 792 
2811 258 783 477 989 
2812 739 668 657 987 
2813 869 830 920 960 
2814 662 747 891 781 
2815 346 966 331 971 
2816 676 881 796 674 
2817 907 676 823 881 
2818 780 778 871 726 
2819 553 549 536 1004 
2820 666 460 588 988 
2821 860 255 478 485 
2822 571 575 559 1013 
2823 940 967 955 1000 
2824 634 889 844 731 
2825 845 848 929 1000 
2826 779 784 885 734 
2827 634 691 889 731 
2828 829 919 827 963 
2829 698 729 977 978 
2830 476 989 472 1020 
2831 916 723 904 679 
2832 754 728 658 959 
2833 966 973 948 991 
2834 471 470 451 964 
2835 331 966 335 991 
2836 630 694 629 1017 
2837 801 985 814 1015 
2838 589 327 980 1009 
2839 319 979 75 1023 
2840 852 835 913 1021 
2841 776 774 796 674 
2842 982 983 828 985 
2843 881 676 683 674 
2844 642 954 741 1017 
2845 765 325 858 1009 
2846 965 966 939 979 
2847 726 778 671 734 
2848 634 691 905 889 
2849 591 709 753 1026 
2850 561 568 583 952 
2851 765 858 856 987 
2852 831 960 982 1011 
2853 181 182 410 442 
2854 589 327 651 980 
2855 863 972 322 1025 
2856 778 726 671 674 
2857 695 602 696 962 
2858 495 468 465 995 
2859 907 676 881 796 
2860 334 317 341 970 
2861 629 696 626 998 
2862 929 965 320 1018 
2863 629 628 993 998 
2864 551 548 544 981 
2865 641 640 639 820 
2866 560 994 567 1004 
2867 579 587 459 554 
2868 639 923 820 905 
2869 621 687 697 970 
2870 656 688 753 949 
2871 851 848 938 953 
2872 478 769 255 860 
2873 686 741 954 1022 
2874 439 181 410 442 
2875 257 454 477 1027 
2876 564 575 991 1014 
2877 596 978 601 990 
2878 727 728 588 988 
2879 843 844 834 731 
2880 950 999 981 1003 
2881 784 779 747 734 
2882 691 923 905 890 
2883 935 852 768 1021 
2884 674 774 796 675 
2885 579 563 573 994 
2886 867 934 69 352 
2887 196 195 438 411 
2888 472 476 471 989 
2889 639 640 892 820 
2890 597 888 707 731 
2891 682 678 658 1011 
2892 558 981 548 1003 
2893 776 881 778 674 
2894 827 919 856 963 
2895 947 954 1017 1022 
2896 824 916 924 679 
2897 347 329 532 1023 
2898 741 642 686 954 
2899 776 671 778 777 
2900 682 974 678 1011 
2901 863 72 322 972 
2902 656 754 658 959 
2903 361 67 805 862 
2904 937 845 863 972 
2905 587 579 572 554 
2906 551 544 538 994 
2907 736 904 894 770 
2908 624 689 599 996 
2909 868 846 1002 1010 
2910 629 695 696 962 
2911 623 843 834 731 
2912 907 677 900 916 
2913 335 346 342 966 
2914 624 599 309 996 
2915 632 956 638 983 
2916 753 949 688 984 
2917 866 865 867 1007 
2918 728 727 682 1021 
2919 253 492 458 988 
2920 888 597 834 731 
2921 656 754 959 1026 
2922 570 571 565 973 
2923 906 547 329 1023 
2924 357 322 72 972 
2925 853 950 906 1023 
2926 792 793 797 640 
2927 342 965 346 1018 
2928 689 665 749 958 
2929 974 1005 825 1021 
2930 689 665 958 1024 
2931 865 817 934 986 
2932 254 458 485 861 
2933 623 634 843 731 
2934 584 316 350 991 
2935 346 331 333 971 
2936 785 747 645 784 
2937 581 559 535 1013 
2938 557 542 549 1003 
2939 612 603 711 964 
2940 868 846 869 1002 
2941 456 482 709 1026 
2942 709 469 591 232 
2943 640 793 892 820 
2944 181 406 180 439 
2945 256 478 454 1027 
2946 695 629 694 1001 
2947 834 889 888 731 
2948 960 982 649 983 
2949 358 858 65 325 
2950 688 949 652 1019 
2951 630 993 632 1017 
2952 648 645 784 886 
2953 349 651 327 980 
2954 324 532 53 539 
2955 581 561 571 1013 
2956 707 889 888 766 
2957 734 747 784 648 
2958 660 661 684 1015 
2959 258 864 783 989 
2960 632 638 643 983 
2961 974 982 654 1011 
2962 855 1006 815 1012 
2963 845 357 72 972 
2964 770 736 904 723 
2965 586 55 555 1014 
2966 314 971 315 991 
2967 585 308 578 995 
2968 676 900 677 675 
2969 692 628 627 998 
2970 859 63 759 356 
2971 889 691 707 731 
2972 947 993 956 1002 
2973 729 613 992 1024 
2974 956 993 947 1017 
2975 488 736 894 770 
2976 921 817 976 1025 
2977 569 568 562 969 
2978 668 643 660 963 
2979 769 478 256 1027 
2980 678 974 654 1011 
2981 855 795 806 1006 
2982 182 183 416 442 
2983 918 770 904 723 
2984 63 328 759 356 
2985 634 844 843 731 
2986 815 982 828 985 
2987 480 495 981 999 
2988 698 619 617 955 
2989 845 72 863 972 
2990 940 997 953 1016 
2991 822 835 811 1021 
2992 583 571 561 1013 
2993 787 875 670 911 
2994 794 655 782 662 
2995 907 900 677 676 
2996 912 868 867 1002 
2997 258 477 476 989 
2998 618 687 607 970 
2999 434 197 413 430 
3000 868 869 866 1002 
3001 313 312 595 957 
3002 309 599 310 990 
3003 807 822 811 1005 
3004 547 556 543 906 
3005 586 326 55 1014 
3006 848 851 929 965 
3007 747 785 781 784 
3008 482 456 485 1026 
3009 828 983 827 985 
3010 888 355 707 766 
3011 787 670 669 911 
3012 550 559 574 1014 
3013 595 312 593 957 
3014 435 431 412 179 
3015 644 804 803 703 
3016 770 918 592 723 
3017 947 1002 956 1010 
3018 732 918 882 926 
3019 577 564 575 991 
3020 825 1005 974 1006 
3021 618 595 617 955 
3022 584 350 564 991 
3023 656 652 688 949 
3024 805 954 928 1010 
3025 674 776 774 672 
3026 312 957 313 973 
3027 650 983 982 985 
3028 795 1006 855 1012 
3029 956 1010 954 1017 
3030 947 1010 956 1017 
3031 783 989 864 1007 
3032 688 984 949 1019 
3033 666 709 233 482 
3034 492 489 460 988 
3035 747 645 685 785 
3036 724 904 736 723 
3037 941 958 978 1024 
3038 457 534 480 981 
3039 939 969 957 1016 
3040 655 782 662 1012 
3041 360 354 332 1014 
3042 589 980 657 1009 
3043 599 689 749 996 
3044 886 645 784 792 
3045 745 1005 974 1021 
3046 773 774 672 772 
3047 675 674 774 672 
3048 654 982 974 1006 
3049 870 257 783 1027 
3050 334 970 341 1008 
3051 342 346 320 1018 
3052 730 689 624 996 
3053 347 968 979 1023 
3054 805 862 928 954 
3055 465 468 464 995 
3056 485 860 254 861 
3057 324 360 347 968 
3058 736 770 592 723 
3059 947 954 1010 1017 
3060 350 326 564 1014 
3061 969 990 957 1016 
3062 607 708 314 971 
3063 451 473 472 964 
3064 921 865 864 976 
3065 463 464 466 996 
3066 686 739 657 980 
3067 614 984 688 1019 
3068 331 335 332 991 
3069 787 669 664 911 
3070 825 935 974 1021 
3071 456 469 709 232 
3072 793 892 797 640 
3073 801 800 795 1012 
3074 880 935 768 988 
3075 950 979 968 1023 
3076 540 539 532 968 
3077 597 744 834 731 
3078 337 353 338 1001 
3079 903 816 663 886 
3080 265 494 543 906 
3081 219 459 587 554 
3082 584 315 316 991 
3083 674 796 676 675 
3084 953 997 951 1016 
3085 640 892 797 635 
3086 889 691 905 890 
3087 974 1005 745 1006 
3088 854 982 815 1006 
3089 675 900 680 884 
3090 980 987 657 1009 
3091 457 544 221 534 
3092 666 588 728 988 
3093 316 330 331 971 
3094 316 971 331 991 
3095 566 573 578 995 
3096 787 671 670 775 
3097 696 697 625 1008 
3098 892 634 639 905 
3099 550 535 559 1013 
3100 340 318 338 1008 
3101 463 450 751 996 
3102 577 314 315 991 
3103 886 798 645 792 
3104 880 831 854 982 
3105 858 818 987 1009 
3106 236 493 736 725 
3107 663 648 903 886 
3108 671 787 777 775 
3109 733 654 982 1011 
3110 234 666 460 588 
3111 861 831 880 959 
3112 784 747 645 648 
3113 235 588 489 725 
3114 686 710 741 1022 
3115 797 804 803 644 
3116 892 634 905 844 
3117 234 666 482 460 
3118 342 75 319 979 
3119 657 987 659 1009 
3120 558 548 542 1003 
3121 563 585 578 995 
3122 828 831 830 982 
3123 866 870 783 1007 
3124 885 664 787 777 
3125 548 549 542 1003 
3126 811 825 1005 1021 
3127 619 977 627 998 
3128 253 768 492 988 
3129 726 655 794 662 
3130 801 815 985 1012 
3131 751 624 308 996 
3132 730 751 450 996 
3133 831 860 920 959 
3134 573 572 579 994 
3135 663 664 911 903 
3136 692 627 693 977 
3137 916 677 723 679 
3138 537 545 550 1014 
3139 664 885 734 777 
3140 312 311 957 969 
3141 258 476 864 989 
3142 780 726 662 779 
3143 637 636 956 961 
3144 330 315 748 971 
3145 846 829 830 983 
3146 833 623 834 744 
3147 355 362 888 707 
3148 691 639 634 905 
3149 477 471 476 989 
3150 653 733 960 1011 
3151 556 481 13 223 
3152 331 971 966 991 
3153 580 560 567 1004 
3154 597 834 744 788 
3155 834 844 889 731 
3156 423 405 431 412 
3157 798 645 792 644 
3158 619 618 617 955 
3159 770 488 736 497 
3160 776 796 881 674 
3161 532 541 540 968 
3162 816 647 663 886 
3163 782 780 662 781 
3164 348 13 51 556 
3165 648 663 647 886 
3166 840 677 723 916 
3167 792 797 798 644 
3168 885 664 648 903 
3169 456 233 709 482 
3170 592 918 882 732 
3171 664 670 669 787 
3172 964 989 941 1020 
3173 589 651 657 980 
3174 809 818 821 1015 
3175 798 645 647 886 
3176 43 707 359 690 
3177 694 1017 741 1022 
3178 769 256 870 1027 
3179 555 574 586 1014 
3180 356 64 358 1009 
3181 327 325 980 1009 
3182 614 612 688 984 
3183 546 545 540 1013 
3184 875 669 670 911 
3185 784 885 648 886 
3186 858 859 818 1009 
3187 827 828 829 983 
3188 772 774 705 884 
3189 487 459 219 538 
3190 341 740 318 1008 
3191 555 550 574 1014 
3192 664 787 911 903 
3193 744 623 834 731 
3194 625 687 618 970 
3195 589 690 42 1009 
3196 774 675 705 884 
3197 814 801 815 985 
3198 347 532 53 324 
3199 554 219 459 538 
3200 250 915 760 493 
3201 804 887 703 633 
3202 787 664 671 777 
3203 332 326 350 1014 
3204 487 457 544 220 
3205 622 623 908 927 
3206 356 42 690 1009 
3207 644 635 804 703 
3208 944 1000 972 1018 
3209 840 723 904 916 
3210 958 941 1020 1024 
3211 921 863 817 1025 
3212 54 354 324 539 
3213 312 569 311 969 
3214 703 635 804 633 
3215 915 250 461 493 
3216 571 559 581 1013 
3217 462 222 494 543 
3218 834 843 623 833 
3219 646 961 637 1019 
3220 635 640 892 639 
3221 707 355 43 359 
3222 788 597 834 888 
3223 318 740 602 1008 
3224 337 735 38 1001 
3225 692 616 637 961 
3226 733 678 654 1011 
3227 734 885 779 777 
3228 671 776 672 775 
3229 248 488 894 770 
3230 654 974 745 1006 
3231 957 990 940 1016 
3232 470 469 711 984 
3233 337 38 336 1001 
3234 325 858 65 765 
3235 562 568 567 1004 
3236 603 612 608 964 
3237 729 613 615 992 
3238 256 454 870 1027 
3239 664 671 670 787 
3240 650 985 982 1012 
3241 711 469 591 984 
3242 554 572 536 994 
3243 615 693 729 992 
3244 567 560 573 994 
3245 858 358 64 1009 
3246 572 560 536 994 
3247 803 808 798 667 
3248 865 783 864 1007 
3249 318 341 36 740 
3250 704 767 773 772 
3251 900 680 677 675 
3252 614 616 992 1019 
3253 11 330 316 315 
3254 726 662 779 734 
3255 984 1019 945 1027 
3256 949 1019 984 1027 
3257 682 745 974 1021 
3258 920 830 831 960 
3259 444 416 183 442 
3260 900 838 680 884 
3261 818 856 987 1015 
3262 926 882 732 719 
3263 843 908 623 927 
3264 455 496 975 1020 
3265 586 576 326 1014 
3266 458 861 253 988 
3267 870 454 257 1027 
3268 918 882 770 592 
3269 796 900 675 884 
3270 602 318 36 740 
3271 739 643 668 963 
3272 321 68 912 361 
3273 636 960 649 983 
3274 461 489 251 915 
3275 535 581 552 304 
3276 597 888 362 707 
3277 911 669 664 663 
3278 649 960 733 982 
3279 449 24 308 463 
3280 222 462 534 543 
3281 475 496 490 975 
3282 745 743 1005 1021 
3283 804 797 635 644 
3284 829 828 830 983 
3285 650 982 1006 1012 
3286 552 533 303 582 
3287 644 803 798 667 
3288 903 648 885 886 
3289 672 776 774 775 
3290 308 585 24 449 
3291 347 979 319 1023 
3292 806 794 807 1005 
3293 693 698 729 977 
3294 345 349 325 980 
3295 780 662 781 779 
3296 584 11 316 315 
3297 323 336 39 1022 
3298 820 892 639 905 
3299 776 671 777 775 
3300 631 956 632 993 
3301 797 640 635 644 
3302 327 651 41 589 
3303 843 931 634 623 
3304 486 477 454 1027 
3305 737 987 668 1015 
3306 563 578 573 995 
3307 546 552 535 1013 
3308 327 358 325 1009 
3309 18 25 120 378 
3310 379 6 10 136 
3311 344 1001 336 1022 
3312 336 344 353 1001 
3313 323 39 710 1022 
3314 775 672 670 773 
3315 480 468 495 999 
3316 355 888 60 766 
3317 322 339 334 972 
3318 451 470 230 603 
3319 646 653 733 960 
3320 359 62 328 893 
3321 654 678 745 974 
3322 480 457 221 534 
3323 719 732 926 714 
3324 352 934 70 343 
3325 809 801 814 1015 
3326 556 265 494 543 
3327 774 705 672 772 
3328 544 538 487 220 
3329 911 842 663 903 
3330 734 671 664 777 
3331 539 54 354 537 
3332 671 776 674 672 
3333 470 231 711 469 
3334 532 52 547 329 
3335 486 491 984 1027 
3336 874 902 717 922 
3337 323 345 344 1022 
3338 756 745 1005 1006 
3339 576 586 574 1014 
3340 664 885 787 903 
3341 314 708 315 971 
3342 483 465 449 995 
3343 231 591 711 469 
3344 120 26 18 384 
3345 629 626 628 998 
3346 694 590 1001 1022 
3347 927 620 623 833 
3348 931 804 635 633 
3349 675 774 796 884 
3350 467 450 466 996 
3351 840 900 677 916 
3352 669 911 842 663 
3353 806 1005 825 1006 
3354 305 535 581 559 
3355 298 379 10 136 
3356 120 25 283 378 
3357 902 594 717 922 
3358 493 236 736 488 
3359 974 982 854 1006 
3360 965 1000 944 1018 
3361 957 969 311 990 
3362 668 660 684 1015 
3363 781 662 747 779 
3364 677 681 838 840 
3365 750 601 596 978 
3366 627 619 698 977 
3367 838 680 677 900 
3368 494 265 462 906 
3369 926 802 719 714 
3370 383 2 6 136 
3371 41 349 651 327 
3372 670 875 775 773 
3373 347 335 319 979 
3374 888 788 597 362 
3375 589 657 659 1009 
3376 496 472 467 1020 
3377 699 647 816 808 
3378 628 630 629 993 
3379 401 170 417 445 
3380 413 424 404 430 
3381 38 735 590 1001 
3382 197 413 196 434 
3383 887 804 931 633 
3384 61 355 766 359 
3385 454 478 491 1027 
3386 759 328 62 893 
3387 38 590 336 1001 
3388 677 838 900 840 
3389 894 249 493 488 
3390 549 553 533 1004 
3391 748 315 708 971 
3392 744 833 620 721 
3393 626 619 627 998 
3394 770 248 488 497 
3395 730 624 751 996 
3396 705 675 774 672 
3397 735 337 37 602 
3398 489 492 252 913 
3399 610 722 620 847 
3400 669 911 922 842 
3401 892 635 634 931 
3402 356 859 64 1009 
3403 874 717 669 922 
3404 705 680 799 884 
3405 549 533 557 1004 
3406 645 648 647 886 
3407 349 327 325 980 
3408 798 816 647 808 
3409 927 623 843 833 
3410 926 802 714 850 
3411 892 634 844 931 
3412 670 875 787 775 
3413 885 664 734 648 
3414 482 458 460 988 
3415 768 252 492 913 
3416 818 814 856 1015 
3417 647 798 808 667 
3418 841 699 808 877 
3419 931 843 633 623 
3420 594 669 717 922 
3421 826 712 887 908 
3422 936 812 933 742 
3423 451 472 471 964 
3424 705 771 799 706 
3425 867 865 934 986 
3426 842 922 669 700 
3427 590 39 336 1022 
3428 623 622 620 927 
3429 497 736 770 592 
3430 705 767 772 771 
3431 817 865 921 976 
3432 302 533 553 582 
3433 918 732 723 839 
3434 318 37 337 602 
3435 767 704 705 772 
3436 964 1020 941 1024 
3437 711 230 470 603 
3438 486 469 470 984 
3439 704 673 875 872 
3440 621 341 35 317 
3441 608 964 613 1024 
3442 744 833 721 788 
3443 489 461 235 725 
3444 590 710 39 1022 
3445 665 729 978 1024 
3446 730 228 473 450 
3447 750 665 729 978 
3448 737 659 657 987 
3449 673 872 873 874 
3450 455 496 475 975 
3451 362 888 60 355 
3452 825 852 935 1021 
3453 635 892 804 931 
3454 860 831 861 959 
3455 732 882 592 719 
3456 798 647 645 644 
3457 838 755 680 799 
3458 574 559 575 1014 
3459 681 677 723 840 
3460 798 647 644 667 
3461 913 251 489 915 
3462 854 815 855 1006 
3463 359 766 61 893 
3464 659 690 589 1009 
3465 235 588 460 489 
3466 760 249 493 894 
3467 934 817 70 343 
3468 663 648 664 903 
3469 732 592 918 723 
3470 473 604 228 730 
3471 804 797 892 635 
3472 815 828 827 985 
3473 699 663 842 816 
3474 834 833 744 788 
3475 634 635 892 639 
3476 775 774 672 773 
3477 636 638 956 983 
3478 715 714 850 681 
3479 76 75 853 1023 
3480 861 768 253 988 
3481 689 608 665 1024 
3482 476 472 455 1020 
3483 584 564 577 991 
3484 840 918 723 839 
3485 799 755 705 706 
3486 850 837 715 681 
3487 740 341 35 621 
3488 611 933 812 742 
3489 717 673 873 874 
3490 55 537 555 1014 
3491 457 480 495 981 
3492 602 697 696 1008 
3493 908 633 622 716 
3494 801 855 815 1012 
3495 908 826 712 633 
3496 799 772 705 884 
3497 850 714 732 681 
3498 745 678 682 974 
3499 858 64 859 1009 
3500 856 858 818 987 
3501 706 705 771 598 
3502 762 767 872 718 
3503 354 537 55 1014 
3504 694 741 590 1022 
3505 797 803 798 644 
3506 479 490 466 997 
3507 673 669 875 874 
3508 663 842 669 700 
3509 705 767 771 598 
3510 484 25 742 283 
3511 906 547 77 329 
3512 577 315 584 991 
3513 746 298 10 351 
3514 556 265 543 906 
3515 908 712 887 633 
3516 339 972 357 1018 
3517 536 300 572 554 
3518 335 331 346 966 
3519 737 668 684 1015 
3520 603 229 451 604 
3521 333 331 330 971 
3522 875 704 872 773 
3523 544 548 534 981 
3524 732 926 714 850 
3525 572 560 300 536 
3526 633 634 931 623 
3527 647 816 798 886 
3528 682 743 745 1021 
3529 550 535 305 559 
3530 310 311 969 990 
3531 723 681 840 839 
3532 340 334 341 1008 
3533 825 811 852 1021 
3534 863 322 71 1025 
3535 779 662 747 734 
3536 704 872 767 718 
3537 681 732 850 839 
3538 570 313 314 973 
3539 264 853 263 452 
3540 466 450 463 996 
3541 686 657 651 980 
3542 473 451 229 604 
3543 449 465 464 995 
3544 933 789 284 611 
3545 721 597 744 788 
3546 704 673 670 875 
3547 25 26 18 120 
3548 705 675 680 884 
3549 838 837 755 799 
3550 13 348 481 556 
3551 564 326 576 1014 
3552 52 532 347 329 
3553 833 620 623 744 
3554 354 55 326 1014 
3555 875 670 704 773 
3556 771 772 705 799 
3557 681 723 732 839 
3558 556 547 77 906 
3559 222 462 480 534 
3560 534 548 558 981 
3561 76 319 75 1023 
3562 646 616 652 1019 
3563 634 844 931 843 
3564 486 491 469 984 
3565 795 855 801 1012 
3566 843 908 633 623 
3567 42 328 356 690 
3568 260 455 832 259 
3569 6 2 10 136 
3570 669 670 673 875 
3571 700 914 757 841 
3572 593 957 311 990 
3573 591 753 688 984 
3574 872 673 873 718 
3575 672 704 670 773 
3576 722 610 897 847 
3577 732 926 850 839 
3578 481 77 14 265 
3579 754 709 666 1026 
3580 887 758 849 703 
3581 304 581 552 561 
3582 553 301 560 536 
3583 896 758 887 712 
3584 479 453 490 997 
3585 699 808 877 667 
3586 904 918 723 840 
3587 804 887 803 703 
3588 712 758 887 703 
3589 295 895 279 786 
3590 306 574 550 559 
3591 752 706 876 763 
3592 332 350 316 991 
3593 330 748 34 317 
3594 876 706 771 763 
3595 815 854 828 982 
3596 799 680 838 884 
3597 842 841 699 816 
3598 611 284 933 283 
3599 227 751 463 450 
3600 756 654 745 1006 
3601 627 698 693 977 
3602 537 550 555 1014 
3603 692 637 631 993 
3604 742 611 933 283 
3605 322 340 343 1025 
3606 642 741 694 1017 
3607 713 284 789 611 
3608 751 308 24 463 
3609 908 633 623 622 
3610 561 552 303 582 
3611 911 875 669 874 
3612 711 688 612 984 
3613 330 11 748 315 
3614 486 454 491 1027 
3615 681 755 680 838 
3616 895 295 716 786 
3617 877 896 758 849 
3618 863 72 71 322 
3619 828 854 831 982 
3620 582 580 568 1004 
3621 649 646 733 960 
3622 791 609 622 847 
3623 790 610 609 847 
3624 319 335 342 979 
3625 836 715 755 606 
3626 247 882 238 592 
3627 670 671 672 775 
3628 700 663 842 699 
3629 257 783 477 258 
3630 812 936 932 742 
3631 841 757 700 699 
3632 681 838 840 839 
3633 553 560 301 580 
3634 737 657 668 987 
3635 461 493 236 725 
3636 452 474 468 999 
3637 908 622 927 791 
3638 850 714 715 883 
3639 806 825 855 1006 
3640 721 45 597 788 
3641 460 458 492 988 
3642 633 826 712 716 
3643 302 553 580 582 
3644 339 346 333 1018 
3645 880 768 861 988 
3646 825 974 854 1006 
3647 816 663 842 903 
3648 931 635 634 633 
3649 692 615 616 992 
3650 610 609 297 790 
3651 343 817 71 1025 
3652 721 833 620 810 
3653 717 873 673 718 
3654 841 700 842 699 
3655 680 677 681 838 
3656 351 298 10 282 
3657 25 484 266 283 
3658 660 985 650 1012 
3659 699 647 808 667 
3660 705 680 755 799 
3661 842 914 700 841 
3662 259 864 258 476 
3663 633 908 826 716 
3664 914 757 701 700 
3665 650 649 982 983 
3666 667 644 803 703 
3667 882 238 592 719 
3668 902 594 274 290 
3669 600 757 841 699 
3670 841 699 816 808 
3671 590 336 1001 1022 
3672 849 896 758 887 
3673 608 612 613 964 
3674 620 622 609 847 
3675 936 244 932 742 
3676 802 720 714 917 
3677 715 836 901 606 
3678 850 715 837 883 
3679 362 44 597 707 
3680 615 692 693 992 
3681 810 620 722 847 
3682 620 609 610 847 
3683 791 622 927 847 
3684 602 740 697 1008 
3685 550 555 574 306 
3686 681 837 755 838 
3687 75 74 851 342 
3688 815 827 814 985 
3689 705 704 767 598 
3690 762 598 767 718 
3691 848 262 453 261 
3692 630 631 632 993 
3693 332 354 326 1014 
3694 339 322 357 972 
3695 575 564 576 1014 
3696 931 843 908 633 
3697 26 25 484 266 
3698 572 573 560 994 
3699 455 472 496 1020 
3700 849 758 877 667 
3701 246 238 882 719 
3702 757 879 914 701 
3703 310 311 562 969 
3704 695 694 590 1001 
3705 926 732 918 839 
3706 882 926 802 719 
3707 699 841 600 877 
3708 720 802 245 932 
3709 261 475 909 260 
3710 719 802 720 714 
3711 622 620 927 847 
3712 68 805 912 361 
3713 882 802 246 719 
3714 872 673 875 874 
3715 418 192 445 440 
3716 594 761 274 291 
3717 598 704 767 718 
3718 10 2 351 282 
3719 565 312 313 973 
3720 688 711 591 984 
3721 345 66 67 862 
3722 605 764 294 278 
3723 702 877 896 758 
3724 290 594 274 291 
3725 468 480 452 999 
3726 359 328 43 690 
3727 789 268 284 713 
3728 285 901 269 606 
3729 351 746 298 282 
3730 742 266 484 283 
3731 637 636 631 956 
3732 257 870 256 454 
3733 833 721 788 810 
3734 59 788 888 362 
3735 837 715 755 836 
3736 637 961 616 1019 
3737 402 438 409 411 
3738 745 743 683 1005 
3739 764 605 895 278 
3740 806 807 811 1005 
3741 298 610 297 281 
3742 238 497 247 592 
3743 663 699 647 816 
3744 550 545 535 1013 
3745 751 227 730 450 
3746 850 802 714 917 
3747 638 983 650 985 
3748 62 63 328 759 
3749 789 917 883 713 
3750 833 927 620 847 
3751 681 850 837 839 
3752 790 297 610 281 
3753 340 341 318 1008 
3754 692 631 628 993 
3755 713 789 917 611 
3756 538 536 551 994 
3757 312 311 593 957 
3758 669 911 874 922 
3759 835 852 811 1021 
3760 790 609 297 280 
3761 818 809 814 1015 
3762 449 585 224 483 
3763 859 64 63 356 
3764 902 717 594 290 
3765 244 936 484 742 
3766 803 849 667 703 
3767 586 48 55 326 
3768 812 932 720 742 
3769 767 872 704 773 
3770 337 336 353 1001 
3771 748 621 34 317 
3772 722 897 810 847 
3773 606 285 901 713 
3774 836 837 715 901 
3775 836 706 876 606 
3776 764 702 605 294 
3777 901 883 715 713 
3778 316 350 50 584 
3779 199 266 386 137 
3780 295 296 716 786 
3781 922 594 669 700 
3782 58 45 721 788 
3783 574 575 576 1014 
3784 331 332 316 991 
3785 720 917 932 812 
3786 239 246 802 719 
3787 71 70 817 343 
3788 698 955 601 978 
3789 296 295 279 786 
3790 763 706 771 598 
3791 660 650 661 1012 
3792 120 266 26 384 
3793 866 867 868 1002 
3794 44 362 355 707 
3795 806 811 825 1005 
3796 802 720 917 932 
3797 764 277 878 702 
3798 755 715 837 681 
3799 712 887 896 826 
3800 722 897 813 810 
3801 877 600 699 667 
3802 887 849 803 703 
3803 605 895 295 716 
3804 714 883 917 713 
3805 383 282 2 136 
3806 703 887 712 633 
3807 706 771 836 876 
3808 812 720 917 611 
3809 592 497 736 237 
3810 563 224 585 483 
3811 742 244 932 240 
3812 706 836 755 606 
3813 808 803 849 667 
3814 56 746 351 930 
3815 825 935 854 974 
3816 587 226 459 219 
3817 702 877 758 667 
3818 805 928 846 1010 
3819 385 282 217 154 
3820 266 484 936 742 
3821 343 71 322 1025 
3822 285 284 268 713 
3823 562 311 569 969 
3824 277 293 878 702 
3825 532 53 52 347 
3826 485 860 255 254 
3827 386 200 199 137 
3828 763 771 767 598 
3829 584 350 50 564 
3830 788 721 58 810 
3831 866 783 865 1007 
3832 721 46 58 810 
3833 883 714 715 713 
3834 790 897 610 847 
3835 722 721 620 810 
3836 906 76 853 1023 
3837 285 268 901 713 
3838 908 887 931 633 
3839 439 410 406 399 
3840 810 833 620 847 
3841 274 761 594 902 
3842 702 764 277 294 
3843 678 653 658 1011 
3844 339 357 320 1018 
3845 883 715 837 901 
3846 669 673 717 874 
3847 554 536 538 994 
3848 667 849 758 703 
3849 709 233 456 232 
3850 836 755 837 799 
3851 802 239 720 245 
3852 284 267 933 283 
3853 752 706 763 598 
3854 441 425 184 444 
3855 416 410 442 391 
3856 610 298 746 282 
3857 269 268 901 285 
3858 914 761 922 700 
3859 115 114 521 373 
3860 266 199 384 137 
3861 789 901 268 713 
3862 863 71 817 1025 
3863 383 217 282 154 
3864 221 222 480 534 
3865 649 733 654 982 
3866 720 239 802 719 
3867 722 47 57 813 
3868 761 594 922 700 
3869 713 917 714 611 
3870 695 590 735 1001 
3871 854 935 880 974 
3872 60 61 355 766 
3873 902 717 873 874 
3874 746 351 930 282 
3875 295 895 605 278 
3876 789 933 917 611 
3877 791 790 609 847 
3878 717 289 873 718 
3879 401 418 170 445 
3880 498 128 129 146 
3881 145 499 128 127 
3882 497 488 736 237 
3883 609 790 786 280 
3884 325 65 66 765 
3885 882 247 238 246 
3886 611 812 720 742 
3887 546 535 545 1013 
3888 838 681 837 839 
3889 873 762 872 718 
3890 702 277 293 294 
3891 868 805 846 1010 
3892 861 254 458 253 
3893 655 662 661 1012 
3894 743 682 727 1021 
3895 199 266 200 386 
3896 488 894 249 248 
3897 932 245 720 240 
3898 933 266 742 283 
3899 385 217 216 154 
3900 216 282 217 385 
3901 876 752 286 606 
3902 420 437 441 185 
3903 282 298 10 136 
3904 120 25 266 283 
3905 646 637 616 1019 
3906 802 246 239 245 
3907 630 632 642 1017 
3908 26 25 266 120 
3909 609 716 296 786 
3910 628 626 627 998 
3911 188 429 189 407 
3912 287 598 763 271 
3913 344 336 323 1022 
3914 346 339 320 1018 
3915 786 790 609 791 
3916 786 609 716 791 
3917 610 298 282 281 
3918 27 217 282 383 
3919 717 902 273 290 
3920 842 914 922 700 
3921 282 10 2 136 
3922 271 598 763 762 
3923 199 243 266 384 
3924 653 678 733 1011 
3925 302 303 533 582 
3926 56 746 930 813 
3927 76 906 329 1023 
3928 280 297 790 281 
3929 253 252 492 768 
3930 683 756 745 1005 
3931 933 789 267 284 
3932 294 295 605 278 
3933 742 484 244 240 
3934 630 642 694 1017 
3935 581 535 305 304 
3936 283 25 531 378 
3937 761 914 701 700 
3938 879 600 757 841 
3939 514 291 380 507 
3940 704 673 872 718 
3941 567 568 580 1004 
3942 287 763 752 270 
3943 712 896 605 826 
3944 606 901 715 713 
3945 269 901 876 606 
3946 494 223 556 543 
3947 609 622 716 791 
3948 598 763 752 287 
3949 762 873 272 718 
3950 858 65 64 358 
3951 239 238 246 719 
3952 762 288 598 718 
3953 307 12 55 586 
3954 932 720 742 240 
3955 47 56 746 351 
3956 323 39 40 710 
3957 291 594 761 701 
3958 45 58 59 788 
3959 786 296 609 280 
3960 269 286 285 606 
3961 855 825 854 1006 
3962 720 714 917 611 
3963 408 188 428 187 
3964 351 2 56 930 
3965 396 411 413 434 
3966 46 721 722 810 
3967 469 231 591 232 
3968 751 24 227 463 
3969 45 46 58 721 
3970 208 429 428 400 
3971 933 266 936 742 
3972 757 914 879 841 
3973 709 754 753 1026 
3974 313 570 565 973 
3975 250 760 249 493 
3976 665 613 729 1024 
3977 761 914 879 701 
3978 702 293 878 600 
3979 256 769 255 478 
3980 457 544 220 221 
3981 10 379 298 530 
3982 373 115 116 518 
3983 282 298 136 382 
3984 318 36 37 602 
3985 70 69 934 352 
3986 587 299 23 219 
3987 222 223 494 543 
3988 805 868 912 1010 
3989 35 34 621 317 
3990 267 121 386 120 
3991 324 53 54 539 
3992 245 932 244 240 
3993 902 873 717 273 
3994 91 528 376 367 
3995 516 372 105 367 
3996 767 763 598 762 
3997 895 605 764 896 
3998 388 28 1 447 
3999 359 61 62 893 
4000 610 897 790 281 
4001 327 356 358 1009 
4002 609 296 297 280 
4003 763 876 752 270 
4004 228 730 227 450 
4005 43 44 355 707 
4006 364 514 111 363 
4007 336 38 39 590 
4008 289 272 873 718 
4009 1 29 28 388 
4010 598 271 288 762 
4011 876 286 269 606 
4012 177 22 218 387 
4013 380 111 514 507 
4014 484 936 26 266 
4015 748 34 11 330 
4016 936 26 244 484 
4017 236 235 461 725 
4018 267 200 266 386 
4019 586 576 48 326 
4020 57 58 46 810 
4021 789 268 267 284 
4022 282 216 281 385 
4023 813 57 722 810 
4024 604 229 473 228 
4025 272 288 762 718 
4026 354 54 55 537 
4027 12 48 55 586 
4028 587 226 579 459 
4029 897 746 722 813 
4030 849 877 808 667 
4031 47 56 57 813 
4032 126 381 289 127 
4033 538 219 487 220 
4034 873 289 717 273 
4035 883 850 714 917 
4036 273 902 274 290 
4037 597 45 44 362 
4038 876 706 752 606 
4039 208 499 498 145 
4040 750 729 601 978 
4041 608 613 665 1024 
4042 605 702 764 896 
4043 614 688 652 1019 
4044 761 594 902 922 
4045 555 307 55 586 
4046 650 1006 655 1012 
4047 741 710 590 1022 
4048 368 375 103 527 
4049 327 41 42 589 
4050 660 638 650 985 
4051 666 233 234 482 
4052 461 251 250 915 
4053 702 600 877 667 
4054 209 210 147 275 
4055 206 144 273 207 
4056 701 594 761 700 
4057 56 47 746 813 
4058 519 111 514 377 
4059 588 460 234 235 
4060 550 305 306 559 
4061 127 272 126 144 
4062 366 363 112 507 
4063 524 104 284 283 
4064 357 72 73 845 
4065 270 287 763 271 
4066 370 366 529 513 
4067 239 720 245 240 
4068 135 282 385 136 
4069 275 274 761 291 
4070 722 57 46 810 
4071 896 605 702 758 
4072 301 300 560 536 
4073 128 380 291 129 
4074 271 143 125 126 
4075 428 429 188 408 
4076 930 351 2 282 
4077 264 462 265 906 
4078 841 879 600 877 
4079 274 290 291 128 
4080 587 299 219 554 
4081 878 764 702 877 
4082 698 601 729 978 
4083 114 521 373 370 
4084 877 764 702 896 
4085 758 896 605 712 
4086 746 47 722 813 
4087 271 287 598 288 
4088 757 600 879 701 
4089 290 519 514 377 
4090 46 47 57 722 
4091 329 347 319 1023 
4092 147 209 498 146 
4093 267 121 120 283 
4094 40 41 349 651 
4095 275 498 274 128 
4096 273 274 499 128 
4097 786 279 296 280 
4098 279 895 295 278 
4099 377 128 290 127 
4100 229 451 230 603 
4101 1 217 422 388 
4102 933 812 917 611 
4103 76 329 319 1023 
4104 896 895 605 826 
4105 289 717 273 290 
4106 429 188 408 407 
4107 236 736 488 237 
4108 212 401 389 149 
4109 189 190 415 433 
4110 876 901 836 606 
4111 552 303 304 561 
4112 200 267 138 386 
4113 144 145 499 207 
4114 146 208 498 145 
4115 187 432 414 186 
4116 386 266 267 120 
4117 226 587 23 219 
4118 328 42 43 690 
4119 501 375 32 530 
4120 275 498 128 129 
4121 216 153 404 396 
4122 716 826 895 786 
4123 610 282 897 281 
4124 499 273 128 127 
4125 655 650 661 662 
4126 722 610 746 897 
4127 592 238 497 237 
4128 600 878 702 877 
4129 320 73 74 929 
4130 224 563 225 483 
4131 350 49 50 564 
4132 405 138 200 395 
4133 230 231 711 470 
4134 786 716 826 791 
4135 124 271 142 125 
4136 912 69 68 321 
4137 108 107 525 374 
4138 429 433 189 407 
4139 112 111 380 507 
4140 135 282 136 382 
4141 141 124 123 270 
4142 133 150 278 132 
4143 596 311 310 990 
4144 277 132 149 131 
4145 446 218 22 387 
4146 153 281 216 385 
4147 394 207 432 428 
4148 605 712 826 716 
4149 393 433 209 429 
4150 294 764 277 278 
4151 366 112 526 507 
4152 379 7 118 530 
4153 421 199 22 387 
4154 35 36 341 740 
4155 51 77 547 329 
4156 17 104 531 378 
4157 291 275 274 128 
4158 901 789 883 713 
4159 337 37 38 735 
4160 556 265 223 494 
4161 386 138 200 137 
4162 547 52 51 329 
4163 129 275 147 130 
4164 701 879 275 292 
4165 363 514 111 507 
4166 373 116 371 518 
4167 395 435 412 406 
4168 701 600 879 292 
4169 372 105 106 516 
4170 753 754 656 1026 
4171 276 131 148 130 
4172 266 933 267 283 
4173 879 878 600 877 
4174 291 275 128 129 
4175 895 605 826 716 
4176 116 117 371 515 
4177 133 279 151 134 
4178 274 273 290 128 
4179 522 365 109 369 
4180 284 104 121 283 
4181 370 366 113 529 
4182 150 213 279 278 
4183 122 269 140 123 
4184 201 267 139 138 
4185 215 281 153 152 
4186 141 269 203 270 
4187 448 427 198 447 
4188 938 263 474 262 
4189 31 7 32 375 
4190 273 290 128 127 
4191 7 32 375 530 
4192 216 153 385 154 
4193 278 279 150 133 
4194 120 266 267 283 
4195 120 121 104 283 
4196 123 269 141 270 
4197 374 106 107 517 
4198 271 204 270 142 
4199 363 111 112 507 
4200 121 267 284 283 
4201 68 67 805 361 
4202 271 270 124 142 
4203 519 110 111 377 
4204 251 489 252 913 
4205 288 272 289 718 
4206 266 243 26 384 
4207 212 277 278 149 
4208 281 135 153 152 
4209 267 121 139 138 
4210 397 416 425 444 
4211 111 514 364 519 
4212 132 278 277 149 
4213 275 210 147 276 
4214 144 273 272 206 
4215 547 77 51 556 
4216 897 930 746 813 
4217 25 484 742 240 
4218 408 428 414 187 
4219 2 27 282 383 
4220 428 432 414 187 
4221 376 17 242 119 
4222 1 217 388 447 
4223 291 761 275 701 
4224 580 301 553 302 
4225 365 110 364 519 
4226 241 500 242 119 
4227 531 242 500 376 
4228 293 276 878 600 
4229 746 10 47 351 
4230 271 272 205 143 
4231 211 276 277 148 
4232 143 271 272 126 
4233 298 297 523 382 
4234 280 135 152 134 
4235 268 121 122 139 
4236 242 531 17 376 
4237 408 188 165 407 
4238 370 113 114 529 
4239 280 151 279 134 
4240 279 214 151 280 
4241 415 189 433 407 
4242 124 287 271 125 
4243 498 275 147 146 
4244 269 202 268 140 
4245 269 268 122 140 
4246 203 204 141 270 
4247 213 150 212 278 
4248 131 276 148 277 
4249 616 614 652 1019 
4250 428 207 208 400 
4251 429 208 209 400 
4252 293 276 600 292 
4253 118 368 117 523 
4254 78 92 367 91 
4255 130 129 275 292 
4256 412 405 435 395 
4257 276 879 600 292 
4258 132 277 294 131 
4259 369 108 525 374 
4260 212 150 401 149 
4261 436 419 415 403 
4262 366 112 113 526 
4263 135 280 297 134 
4264 437 398 414 420 
4265 524 105 104 367 
4266 267 201 200 138 
4267 281 216 215 153 
4268 28 30 3 448 
4269 879 276 275 292 
4270 127 273 272 144 
4271 151 213 214 279 
4272 205 204 271 142 
4273 129 147 275 146 
4274 141 124 270 142 
4275 375 32 31 501 
4276 272 143 126 144 
4277 142 271 143 125 
4278 203 202 269 140 
4279 82 365 510 503 
4280 271 288 762 272 
4281 272 205 143 206 
4282 276 211 210 148 
4283 32 33 31 501 
4284 212 211 277 149 
4285 393 429 400 407 
4286 151 150 213 279 
4287 291 111 514 380 
4288 316 50 11 584 
4289 150 278 132 149 
4290 585 224 24 449 
4291 122 121 268 284 
4292 149 148 277 131 
4293 284 105 104 524 
4294 145 146 208 400 
4295 879 275 761 701 
4296 415 190 436 433 
4297 140 269 203 141 
4298 29 1 422 388 
4299 122 269 123 285 
4300 437 414 432 186 
4301 701 129 291 292 
4302 289 272 126 127 
4303 417 409 392 443 
4304 401 392 150 213 
4305 151 150 279 133 
4306 95 83 365 96 
4307 147 209 275 498 
4308 141 140 269 123 
4309 281 215 280 152 
4310 267 268 201 139 
4311 372 516 511 367 
4312 628 631 630 993 
4313 284 268 122 285 
4314 135 281 280 152 
4315 268 267 121 139 
4316 380 291 111 128 
4317 282 135 385 281 
4318 290 514 111 377 
4319 172 194 409 171 
4320 146 209 208 400 
4321 145 208 207 400 
4322 188 164 408 165 
4323 499 273 144 207 
4324 504 83 365 510 
4325 506 371 89 512 
4326 270 124 287 271 
4327 202 139 268 140 
4328 280 214 151 152 
4329 177 421 22 387 
4330 394 207 428 400 
4331 209 393 429 400 
4332 112 129 130 292 
4333 199 446 22 387 
4334 290 111 514 291 
4335 83 95 365 82 
4336 288 271 125 126 
4337 289 873 272 273 
4338 505 79 372 511 
4339 77 76 906 329 
4340 217 216 404 430 
4341 394 428 408 400 
4342 128 290 111 377 
4343 147 276 148 130 
4344 270 204 141 142 
4345 365 83 82 510 
4346 292 112 291 507 
4347 299 587 572 554 
4348 408 428 429 400 
4349 207 394 145 400 
4350 400 429 408 407 
4351 393 209 146 400 
4352 431 199 200 405 
4353 372 106 374 517 
4354 286 123 124 270 
4355 364 110 111 519 
4356 60 59 888 362 
4357 291 290 111 128 
4358 276 147 275 130 
4359 278 150 212 149 
4360 397 203 141 391 
4361 277 132 294 278 
4362 85 99 366 98 
4363 152 151 280 134 
4364 139 122 268 140 
4365 287 752 286 270 
4366 133 278 295 132 
4367 281 280 297 135 
4368 289 519 109 522 
4369 510 109 519 522 
4370 519 365 109 510 
4371 248 770 247 497 
4372 100 86 99 370 
4373 366 85 520 513 
4374 526 112 292 507 
4375 218 177 387 176 
4376 29 30 28 388 
4377 521 295 115 518 
4378 276 293 131 130 
4379 508 521 115 518 
4380 185 161 425 162 
4381 118 7 375 530 
4382 276 879 878 600 
4383 513 520 366 507 
4384 269 122 268 285 
4385 81 95 369 94 
4386 109 108 522 369 
4387 214 280 215 152 
4388 139 268 201 202 
4389 104 17 531 376 
4390 371 88 508 506 
4391 105 516 284 285 
4392 418 192 193 445 
4393 88 101 89 371 
4394 121 267 268 284 
4395 514 504 520 363 
4396 372 80 79 505 
4397 372 509 80 505 
4398 280 296 297 134 
4399 89 88 371 506 
4400 380 291 112 507 
4401 418 419 168 440 
4402 189 165 407 166 
4403 188 164 187 408 
4404 279 133 296 134 
4405 164 408 414 187 
4406 655 654 756 1006 
4407 145 144 394 207 
4408 209 147 393 146 
4409 504 514 364 363 
4410 376 242 500 119 
4411 574 307 555 586 
4412 526 513 366 507 
4413 287 107 286 525 
4414 30 28 427 448 
4415 435 431 405 412 
4416 6 5 27 383 
4417 166 189 415 407 
4418 189 165 188 407 
4419 93 80 92 372 
4420 86 100 87 370 
4421 112 291 380 129 
4422 143 205 271 142 
4423 278 295 279 133 
4424 161 185 425 184 
4425 269 123 286 270 
4426 365 109 110 519 
4427 403 393 415 433 
4428 19 18 243 384 
4429 129 112 291 292 
4430 502 373 87 508 
4431 202 140 391 399 
4432 148 277 211 149 
4433 398 414 394 432 
4434 371 506 515 512 
4435 101 102 89 371 
4436 80 79 92 372 
4437 94 81 93 374 
4438 372 516 505 511 
4439 93 81 80 374 
4440 293 878 276 277 
4441 121 105 104 284 
4442 437 420 186 185 
4443 110 109 381 289 
4444 377 290 110 127 
4445 555 307 574 306 
4446 161 183 425 160 
4447 275 498 129 146 
4448 515 506 371 518 
4449 115 373 508 518 
4450 523 117 515 512 
4451 286 124 287 270 
4452 299 572 300 554 
4453 95 81 369 82 
4454 650 655 661 1012 
4455 509 81 503 374 
4456 276 293 277 131 
4457 393 433 429 407 
4458 286 123 269 285 
4459 243 18 26 384 
4460 82 95 365 369 
4461 420 441 425 185 
4462 160 182 416 159 
4463 183 184 425 444 
4464 275 276 130 292 
4465 524 104 531 500 
4466 375 368 118 523 
4467 515 117 297 296 
4468 294 277 293 131 
4469 27 2 6 383 
4470 425 420 185 162 
4471 286 124 107 287 
4472 404 216 396 413 
4473 115 295 521 294 
4474 280 279 296 134 
4475 284 122 105 285 
4476 278 294 295 132 
4477 78 511 528 367 
4478 501 523 118 530 
4479 373 88 87 508 
4480 376 524 104 367 
4481 87 101 373 100 
4482 183 161 425 184 
4483 405 200 435 395 
4484 143 205 390 398 
4485 144 272 143 206 
4486 276 210 147 148 
4487 204 390 397 142 
4488 392 402 151 214 
4489 276 293 130 292 
4490 271 288 272 126 
4491 113 112 130 292 
4492 520 363 366 507 
4493 168 192 440 191 
4494 294 115 295 132 
4495 503 82 365 369 
4496 101 87 373 88 
4497 432 206 398 437 
4498 288 271 287 125 
4499 210 403 436 433 
4500 428 414 394 408 
4501 205 441 390 437 
4502 184 425 441 185 
4503 396 438 402 411 
4504 289 381 110 127 
4505 186 162 420 163 
4506 208 498 209 146 
4507 145 208 499 207 
4508 509 80 81 374 
4509 370 87 86 502 
4510 215 402 152 396 
4511 272 289 273 127 
4512 390 205 143 142 
4513 290 273 289 127 
4514 216 153 154 404 
4515 174 196 413 173 
4516 427 28 388 448 
4517 170 192 418 169 
4518 137 138 200 405 
4519 701 275 129 292 
4520 503 81 82 369 
4521 501 118 375 530 
4522 529 502 370 513 
4523 199 421 405 387 
4524 432 414 394 428 
4525 417 171 194 170 
4526 117 297 296 134 
4527 500 104 531 376 
4528 384 120 266 137 
4529 136 383 282 154 
4530 15 16 528 241 
4531 108 107 124 287 
4532 90 103 9 527 
4533 389 419 418 440 
4534 133 295 279 296 
4535 167 166 189 415 
4536 217 422 388 404 
4537 155 21 426 20 
4538 168 190 419 167 
4539 414 164 187 186 
4540 433 393 415 407 
4541 398 394 144 206 
4542 403 147 393 210 
4543 194 172 409 195 
4544 481 556 265 223 
4545 162 186 420 185 
4546 173 172 196 411 
4547 211 389 403 148 
4548 112 113 526 292 
4549 348 51 77 556 
4550 109 110 519 289 
4551 374 80 93 372 
4552 294 114 115 132 
4553 110 519 290 377 
4554 129 291 275 701 
4555 438 402 214 215 
4556 424 198 427 447 
4557 528 91 78 367 
4558 175 424 174 197 
4559 402 409 438 214 
4560 81 94 369 374 
4561 508 371 506 518 
4562 373 101 88 371 
4563 523 297 117 382 
4564 33 9 8 527 
4565 502 86 370 513 
4566 202 439 201 399 
4567 290 289 110 127 
4568 576 49 48 326 
4569 388 404 424 447 
4570 526 113 293 292 
4571 524 531 104 283 
4572 217 216 154 404 
4573 137 200 199 405 
4574 523 117 118 382 
4575 439 406 395 399 
4576 502 370 521 529 
4577 105 106 516 285 
4578 414 164 186 163 
4579 432 398 414 437 
4580 403 415 436 433 
4581 123 124 107 286 
4582 363 520 514 507 
4583 392 213 443 214 
4584 120 386 266 137 
4585 437 390 398 420 
4586 133 295 115 132 
4587 371 508 373 518 
4588 368 117 523 512 
4589 385 136 282 154 
4590 435 431 200 405 
4591 448 28 388 447 
4592 422 217 154 404 
4593 179 155 423 156 
4594 181 157 406 158 
4595 150 392 151 213 
4596 139 201 395 399 
4597 297 117 135 134 
4598 527 512 368 501 
4599 225 579 226 459 
4600 515 297 117 523 
4601 107 509 374 517 
4602 298 118 523 530 
4603 87 100 373 370 
4604 521 114 115 294 
4605 440 389 436 211 
4606 137 199 421 405 
4607 396 216 215 434 
4608 30 28 388 427 
4609 369 503 81 374 
4610 108 287 288 525 
4611 157 179 412 156 
4612 512 523 368 501 
4613 288 272 126 289 
4614 392 401 417 445 
4615 444 397 416 391 
4616 123 107 106 286 
4617 174 196 197 413 
4618 435 200 201 395 
4619 105 121 122 284 
4620 522 510 365 503 
4621 374 509 80 372 
4622 295 115 116 133 
4623 411 396 438 434 
4624 182 160 416 183 
4625 152 153 215 396 
4626 398 144 143 206 
4627 406 395 435 439 
4628 148 211 389 149 
4629 78 16 528 15 
4630 436 419 403 389 
4631 508 373 88 371 
4632 210 403 147 148 
4633 207 206 394 432 
4634 159 181 410 158 
4635 433 210 393 209 
4636 130 293 113 292 
4637 284 516 105 524 
4638 206 398 394 432 
4639 393 403 210 433 
4640 159 181 182 410 
4641 289 109 288 522 
4642 189 190 167 415 
4643 370 373 87 502 
4644 131 293 113 130 
4645 141 204 397 142 
4646 216 396 413 434 
4647 194 171 417 409 
4648 295 116 115 518 
4649 138 139 201 395 
4650 125 109 288 126 
4651 267 121 138 386 
4652 521 373 502 508 
4653 21 155 426 178 
4654 153 135 281 385 
4655 444 441 397 204 
4656 514 504 364 519 
4657 298 523 118 382 
4658 500 528 511 367 
4659 515 371 116 518 
4660 116 117 515 296 
4661 509 525 107 374 
4662 203 140 141 391 
4663 509 372 517 505 
4664 424 175 198 197 
4665 203 442 202 391 
4666 443 392 417 445 
4667 106 123 286 285 
4668 391 410 442 399 
4669 404 216 413 430 
4670 287 124 108 125 
4671 206 394 144 207 
4672 210 147 393 209 
4673 106 105 122 285 
4674 397 444 203 391 
4675 390 397 425 441 
4676 294 114 293 529 
4677 118 379 298 136 
4678 104 120 283 378 
4679 293 114 294 131 
4680 103 8 9 527 
4681 110 519 289 290 
4682 132 294 114 131 
4683 387 405 446 423 
4684 16 78 528 91 
4685 398 205 390 437 
4686 14 13 348 481 
4687 370 114 521 529 
4688 214 402 151 152 
4689 178 155 423 179 
4690 522 108 288 525 
4691 193 170 418 445 
4692 293 113 114 131 
4693 192 170 418 193 
4694 396 215 438 434 
4695 528 500 241 376 
4696 430 404 217 447 
4697 298 379 118 530 
4698 425 390 441 420 
4699 516 517 372 505 
4700 288 287 108 125 
4701 500 241 376 119 
4702 395 201 435 439 
4703 178 426 446 423 
4704 443 438 409 214 
4705 445 212 401 440 
4706 140 202 139 399 
4707 527 375 33 501 
4708 25 18 17 378 
4709 6 10 7 379 
4710 172 195 196 411 
4711 500 511 524 367 
4712 375 31 33 501 
4713 397 444 204 203 
4714 406 180 157 181 
4715 283 531 104 378 
4716 365 522 503 369 
4717 123 106 122 285 
4718 108 107 287 525 
4719 442 202 391 399 
4720 109 126 381 289 
4721 193 417 194 170 
4722 403 436 389 211 
4723 116 295 133 296 
4724 126 109 288 289 
4725 116 117 296 134 
4726 294 521 114 529 
4727 373 521 115 508 
4728 204 441 390 205 
4729 108 109 288 125 
4730 379 10 7 530 
4731 441 390 397 204 
4732 521 373 370 502 
4733 375 368 523 501 
4734 153 216 215 396 
4735 443 213 392 445 
4736 293 114 113 529 
4737 438 402 215 396 
4738 401 213 212 445 
4739 138 201 200 395 
4740 442 203 444 391 
4741 368 375 527 501 
4742 434 413 216 430 
4743 510 365 109 522 
4744 372 374 509 517 
4745 437 441 390 420 
4746 404 388 217 447 
4747 286 107 106 517 
4748 518 295 116 296 
4749 503 525 509 374 
4750 442 444 416 391 
4751 436 403 210 211 
4752 206 205 398 437 
4753 213 392 151 214 
4754 531 25 17 378 
4755 440 212 389 211 
4756 296 133 116 134 
4757 199 431 446 405 
4758 402 214 215 152 
4759 439 395 201 399 
4760 205 390 204 142 
4761 203 204 397 141 
4762 376 500 524 367 
4763 525 503 522 369 
4764 140 203 202 391 
4765 176 21 20 426 
4766 202 201 139 399 
4767 517 372 106 516 
4768 436 419 389 440 
4769 213 150 401 212 
4770 388 424 427 447 
4771 518 116 515 296 
4772 136 298 118 382 
4773 523 118 375 501 
4774 409 417 194 443 
4775 1 5 29 422 
4776 106 286 517 285 
4777 524 104 500 376 
4778 401 392 213 445 
4779 528 500 376 367 
4780 421 22 19 177 
4781 398 143 205 206 
4782 448 388 427 447 
4783 403 210 211 148 
4784 405 446 199 387 
4785 32 7 10 530 
4786 109 108 288 522 
4787 525 503 369 374 
4788 441 397 425 444 
4789 135 117 297 382 
4790 211 212 389 149 
4791 529 113 293 526 
4792 430 424 404 447 
4793 426 387 446 423 
4794 525 522 108 369 
4795 531 17 25 242 
4796 401 418 445 440 
4797 106 517 516 285 
4798 405 431 446 423 
4799 170 193 417 445 
4800 198 175 424 427 
4801 426 178 155 423 
4802 446 21 426 178 
4803 1024 604 689 608 
4804 1024 689 604 958 
4805 643 983 1017 956 
4806 643 1017 983 963 
4807 954 1017 983 956 
4808 954 983 1017 963 
4809 979 360 347 335 
4810 979 347 360 968 
4811 910 725 727 724 
4812 1027 869 769 949 
4813 1027 769 869 870 
4814 727 915 910 835 
4815 910 915 727 725 
4816 966 360 979 335 
4817 966 979 360 948 
4818 846 960 983 830 
4819 983 960 846 956 
4820 997 467 975 490 
4821 997 975 467 958 
4822 540 1003 541 542 
4823 541 1003 540 968 
4824 997 990 1016 940 
4825 997 1016 990 951 
4826 682 988 658 728 
4827 986 338 353 962 
4828 986 353 338 352 
4829 552 582 952 533 
4830 952 582 552 561 
4831 1015 827 963 985 
4832 1015 963 827 856 
4833 1025 921 967 976 
4834 1025 967 921 863 
4835 988 1011 880 974 
4836 880 1011 988 959 
4837 992 989 964 945 
4838 992 964 989 941 
4839 1004 562 943 567 
4840 1004 943 562 969 
4841 566 943 562 567 
4842 566 562 943 969 
4843 975 467 1020 496 
4844 975 1020 467 958 
4845 1011 682 988 658 
4846 1011 988 682 974 
4847 987 765 919 856 
4848 987 919 765 980 
4849 993 986 1002 947 
4850 993 1002 986 946 
4851 1018 73 845 357 
4852 1018 845 73 929 
4853 361 862 954 345 
4854 954 862 361 805 
4855 999 263 474 938 
4856 999 474 263 452 
4857 551 1004 536 549 
4858 536 1004 551 994 
4859 916 676 824 907 
4860 824 676 916 679 
4861 707 890 889 766 
4862 889 890 707 691 
4863 375 8 33 31 
4864 33 8 375 527 
4865 924 736 760 724 
4866 760 736 924 894 
4867 1009 765 987 858 
4868 1009 987 765 980 
4869 481 77 556 348 
4870 376 16 241 528 
4871 376 241 16 119 
4872 644 792 640 645 
4873 644 640 792 797 
4874 640 792 685 645 
4875 640 685 792 793 
4876 785 685 792 645 
4877 785 792 685 793 
4878 983 643 985 638 
4879 983 985 643 963 
4880 660 985 643 638 
4881 660 643 985 963 
4882 1012 660 1015 661 
4883 1012 1015 660 985 
4884 323 651 40 349 
4885 40 651 323 710 
4886 915 493 725 760 
4887 725 493 915 461 
4888 993 637 956 961 
4889 993 956 637 631 
4890 582 553 1004 533 
4891 582 1004 553 580 
4892 1009 42 327 356 
4893 1009 327 42 589 
4894 772 704 672 773 
4895 772 672 704 705 
4896 137 19 199 384 
4897 137 199 19 421 
4898 243 199 19 384 
4899 716 908 791 622 
4900 716 791 908 826 
4901 706 799 836 771 
4902 706 836 799 755 
4903 247 592 770 882 
4904 770 592 247 497 
4905 362 788 45 59 
4906 362 45 788 597 
4907 5 154 217 383 
4908 217 154 5 422 
4909 217 27 5 383 
4910 265 77 556 481 
4911 265 556 77 906 
4912 564 326 49 576 
4913 49 326 564 350 
4914 459 563 225 579 
4915 459 225 563 483 
4916 746 897 282 930 
4917 282 897 746 610 
4918 525 517 107 286 
4919 107 517 525 509 
4920 286 876 270 752 
4921 270 876 286 269 
4922 96 84 364 97 
4923 175 427 3 4 
4924 30 427 3 448 
4925 30 3 427 4 
4926 498 145 128 146 
4927 128 499 498 274 
4928 498 499 128 145 
4929 363 364 84 97 
4930 84 98 363 97 
4931 78 79 367 92 
4932 78 367 79 511 
4933 372 367 79 92 
4934 372 79 367 511 
4935 89 103 368 102 
4936 368 371 89 102 
4937 89 371 368 512 
4938 168 192 418 440 
4939 168 418 192 169 
4940 3 198 427 175 
4941 427 198 3 448 
4942 186 414 420 437 
4943 186 420 414 163 
4944 190 415 419 167 
4945 419 415 190 436 
4946 282 135 298 382 
4947 282 298 135 281 
4948 297 298 135 382 
4949 297 135 298 281 
4950 85 86 366 99 
4951 85 366 86 513 
4952 370 366 86 99 
4953 370 86 366 513 
4954 499 127 144 273 
4955 144 127 499 145 
4956 440 168 436 419 
4957 440 436 168 191 
4958 190 436 168 419 
4959 190 168 436 191 
4960 85 366 363 98 
4961 363 366 85 520 
4962 363 84 85 98 
4963 85 84 363 520 
4964 416 182 410 159 
4965 410 182 416 442 
4966 363 504 84 364 
4967 363 84 504 520 
4968 366 526 529 513 
4969 529 526 366 113 
4970 425 183 416 160 
4971 416 183 425 444 
4972 516 367 524 511 
4973 524 367 516 105 
4974 512 117 371 368 
4975 512 371 117 515 
4976 365 504 519 364 
4977 519 504 365 510 
4978 214 409 392 402 
4979 214 392 409 443 
4980 196 411 413 173 
4981 196 413 411 434 
4982 406 180 412 157 
4983 406 412 180 435 
4984 179 412 180 157 
4985 179 180 412 435 
4986 197 413 424 174 
4987 424 413 197 430 
4988 409 195 411 438 
4989 411 195 409 172 
4990 593 698 955 601 
4991 593 955 698 617 
4992 179 412 423 431 
4993 423 412 179 156 
4994 410 181 406 158 
4995 410 406 181 439 
4996 442 399 439 202 
4997 439 399 442 410 
4998 401 440 389 418 
4999 389 440 401 212 
5000 616 613 992 615 
5001 616 992 613 614 
5002 650 636 983 638 
5003 650 983 636 649 
5004 649 655 982 654 
5005 649 982 655 650 
5006 1006 982 655 654 
5007 1006 655 982 650 
5008 310 749 990 599 
5009 990 749 310 596 
5010 387 446 176 426 
5011 387 176 446 218 
5012 21 176 446 426 
5013 21 446 176 218 
5014 601 311 990 593 
5015 601 990 311 596 
5016 649 637 960 636 
5017 649 960 637 646 
5018 961 960 637 636 
5019 961 637 960 646 
5020 618 313 944 607 
5021 618 944 313 595 
5022 638 631 956 632 
5023 638 956 631 636 
5024 83 84 364 96 
5025 364 84 83 504 
5026 364 365 83 96 
5027 83 365 364 504 
5028 199 19 22 243 
5029 199 22 19 421 
5030 5 217 1 27 
5031 1 217 5 422 
5032 89 90 368 103 
5033 89 368 90 512 
5034 527 368 90 103 
5035 527 90 368 512 
$EndElements
