$MeshFormat
4.1 0 8
$EndMeshFormat
$PhysicalNames
3
2 2 "diaphragm"
2 3 "rearFEM_boundary"
3 1 "rearFEM"
$EndPhysicalNames
$Entities
34 51 19 1
1 33.4164959044319 0 -21.8367624391132 0 
2 34.8800801686428 0 -22.3716836336137 0 
3 33.3180866644594 0 -18.2590931415866 0 
4 33.9490481664616 0 -17.7450193300832 0 
5 33.9490481664616 0 -11.0620541319189 0 
6 31.7904915682829 0 -11.1214285169162 0 
7 32.0800270710588 0 -21.6474957755915 0 
8 31.3487573648448 0 -22.4665819694652 0 
9 24.89 0 -22.4665819694652 0 
10 24.89 0 -24.7 0 
11 30.284895987919 0 -24.7 0 
12 32.5048016053725 0 -25.2906355021926 0 
13 35.013006653664 0 -24.7 0 
14 41.5 0 -24.7 0 
15 41.5 0 -21.6581397645275 0 
16 38.5684016018003 0 -21.6581397645275 0 
17 38.5852253667512 0 -22.2697679749514 0 
18 0 24.89 -24.7 0 
19 0 24.89 -22.4665819694652 0 
20 0 31.3487573648448 -22.4665819694652 0 
21 0 32.0800270710588 -21.6474957755915 0 
22 0 31.7904915682829 -11.1214285169162 0 
23 0 33.9490481664616 -11.0620541319189 0 
24 0 33.9490481664616 -17.7450193300832 0 
25 0 33.3180866644594 -18.2590931415866 0 
26 0 33.4164959044319 -21.8367624391132 0 
27 0 34.8800801686428 -22.3716836336137 0 
28 0 38.5852253667512 -22.2697679749514 0 
29 0 38.5684016018003 -21.6581397645275 0 
30 0 41.5 -21.6581397645275 0 
31 0 41.5 -24.7 0 
32 0 35.013006653664 -24.7 0 
33 0 32.5048016053725 -25.2906355021926 0 
34 0 30.284895987919 -24.7 0 
1 33.41649580443188 -1e-07 -22.37168373361378 34.88008026864277 1e-07 -21.83676233911324 0 2 1 -2 
2 33.31808656445946 -1e-07 -21.8367625391132 33.41649600443194 1e-07 -18.2590930415866 0 2 3 -1 
3 33.31808656445939 -1e-07 -18.25909324158659 33.9490482664616 1e-07 -17.7450192300832 0 2 4 -3 
4 33.9490480664616 -1e-07 -17.7450194300832 33.9490482664616 1e-07 -11.0620540319189 0 2 5 -4 
5 31.7904914682829 -1e-07 -11.12142861691625 33.9490482664616 1e-07 -11.06205403191895 0 2 6 -5 
6 31.79049146828282 -1e-07 -21.6474958755915 32.08002717105877 1e-07 -11.1214284169162 0 2 7 -6 
7 31.34875726484479 -1e-07 -22.4665820694652 32.08002717105876 1e-07 -21.64749567559146 0 2 8 -7 
8 24.8899999 -1e-07 -22.4665820694652 31.3487574648448 1e-07 -22.4665818694652 0 2 9 -8 
9 24.8899999 -1e-07 -24.7000001 24.8900001 1e-07 -22.4665818694652 0 2 10 -9 
10 24.8899999 -1e-07 -24.7000001 30.284896087919 1e-07 -24.6999999 0 2 11 -10 
11 30.28489588791901 -1e-07 -25.29063560219262 32.50480170537249 1e-07 -24.69999989999996 0 2 12 -11 
12 32.50480150537251 -1e-07 -25.29063560219263 35.013006753664 1e-07 -24.69999989999999 0 2 13 -12 
13 35.013006553664 -1e-07 -24.7000001 41.5000001 1e-07 -24.6999999 0 2 14 -13 
14 41.4999999 -1e-07 -24.7000001 41.5000001 1e-07 -21.6581396645275 0 2 15 -14 
15 38.5684015018003 -1e-07 -21.6581398645275 41.5000001 1e-07 -21.6581396645275 0 2 16 -15 
16 38.56840150180026 -1e-07 -22.2697680749514 38.58522546675113 1e-07 -21.6581396645275 0 2 17 -16 
17 34.8800800686428 -1e-07 -22.37168373361378 38.5852254667512 1e-07 -22.26976787495142 0 2 2 -17 
18 -1.000000047213234e-07 -9.999999406318238e-08 -24.7000001 24.8900001 24.8900001 -24.6999999 0 2 18 -10 
19 -1e-07 24.8899999 -24.7000001 1e-07 24.8900001 -22.4665818694652 0 2 19 -18 
20 -1.000000047213234e-07 -9.999999406318238e-08 -22.4665820694652 24.8900001 24.8900001 -22.4665818694652 0 2 19 -9 
21 -1.000000064976803e-07 -9.999999228682555e-08 -22.4665820694652 31.3487574648448 31.3487574648448 -22.4665818694652 0 2 20 -8 
22 -1e-07 24.8899999 -22.4665820694652 1e-07 31.3487574648448 -22.4665818694652 0 2 20 -19 
23 -1e-07 31.34875726484479 -22.4665820694652 1e-07 32.08002717105876 -21.64749567559146 0 2 21 -20 
24 -1.000000047213234e-07 -9.999999051046871e-08 -21.6474958755915 32.0800271710588 32.0800271710588 -21.6474956755915 0 2 21 -7 
25 -1e-07 31.79049146828282 -21.6474958755915 1e-07 32.08002717105877 -11.1214284169162 0 2 22 -21 
26 -1.000000064976803e-07 -9.999999228682555e-08 -11.1214286169162 31.7904916682829 31.7904916682829 -11.1214284169162 0 2 22 -6 
27 -1e-07 31.7904914682829 -11.12142861691625 1e-07 33.9490482664616 -11.06205403191895 0 2 23 -22 
28 -1.000000047213234e-07 -9.999999051046871e-08 -11.0620542319189 33.9490482664616 33.9490482664616 -11.0620540319189 0 2 23 -5 
29 -1.000000047213234e-07 -9.999999051046871e-08 -17.7450194300832 33.9490482664616 33.9490482664616 -17.7450192300832 0 2 24 -4 
30 -1e-07 33.9490480664616 -17.7450194300832 1e-07 33.9490482664616 -11.0620540319189 0 2 24 -23 
31 -1.000000047213234e-07 -9.999999051046871e-08 -18.2590932415866 33.3180867644594 33.3180867644594 -18.2590930415866 0 2 25 -3 
32 -1e-07 33.31808656445939 -18.25909324158659 1e-07 33.9490482664616 -17.7450192300832 0 2 25 -24 
33 -1.000000047213234e-07 -9.999999051046871e-08 -21.8367625391132 33.4164960044319 33.4164960044319 -21.8367623391132 0 2 26 -1 
34 -1e-07 33.31808656445946 -21.8367625391132 1e-07 33.41649600443194 -18.2590930415866 0 2 26 -25 
35 -1e-07 33.41649580443188 -22.37168373361378 1e-07 34.88008026864277 -21.83676233911324 0 2 27 -26 
36 -1e-07 34.8800800686428 -22.37168373361378 1e-07 38.5852254667512 -22.26976787495142 0 2 28 -27 
37 -1e-07 38.56840150180026 -22.2697680749514 1e-07 38.58522546675113 -21.6581396645275 0 2 29 -28 
38 -1e-07 38.5684015018003 -21.6581398645275 1e-07 41.5000001 -21.6581396645275 0 2 30 -29 
39 -1e-07 41.4999999 -24.7000001 1e-07 41.5000001 -21.6581396645275 0 2 31 -30 
40 -1e-07 35.013006553664 -24.7000001 1e-07 41.5000001 -24.6999999 0 2 32 -31 
41 -1e-07 32.50480150537251 -25.29063560219263 1e-07 35.013006753664 -24.69999989999999 0 2 33 -32 
42 -1e-07 30.28489588791901 -25.29063560219262 1e-07 32.50480170537249 -24.69999989999996 0 2 34 -33 
43 -1e-07 24.8899999 -24.7000001 1e-07 30.284896087919 -24.6999999 0 2 18 -34 
44 -1.000000047213234e-07 -9.999999051046871e-08 -22.3716837336137 34.8800802686428 34.8800802686428 -22.3716835336137 0 2 27 -2 
45 -1.000000082740371e-07 -9.999999051046871e-08 -22.2697680749514 38.5852254667512 38.5852254667512 -22.2697678749514 0 2 28 -17 
46 -1.000000082740371e-07 -9.999999051046871e-08 -21.6581398645275 38.5684017018003 38.5684017018003 -21.6581396645275 0 2 29 -16 
47 -1.000000082740371e-07 -9.999999051046871e-08 -21.6581398645275 41.5000001 41.5000001 -21.6581396645275 0 2 30 -15 
48 -1.000000082740371e-07 -9.999999051046871e-08 -24.7000001 41.5000001 41.5000001 -24.6999999 0 2 31 -14 
49 -1.000000047213234e-07 -9.999999051046871e-08 -24.7000001 35.013006753664 35.013006753664 -24.6999999 0 2 32 -13 
50 -1.000000047213234e-07 -9.999999051046871e-08 -25.2906356021926 32.5048017053725 32.5048017053725 -25.2906354021926 0 2 33 -12 
51 -1.000000047213234e-07 -9.999999228682555e-08 -24.7000001 30.284896087919 30.284896087919 -24.6999999 0 2 34 -11 
1 24.8899999 -1e-07 -25.29063560219263 41.5000001 1e-07 -11.0620540319189 1 3 17 17 16 15 14 13 12 11 10 9 8 7 6 5 4 3 2 1 
2 -9.99999993922529e-08 -9.999999761589606e-08 -24.7000001 24.8900001 24.8900001 -22.4665818694652 1 3 4 -18 -19 20 -9 
3 -1.000000064976803e-07 -9.99999993922529e-08 -22.4665820694652 31.3487574648448 31.3487574648448 -22.4665818694652 1 3 4 8 -21 22 20 
4 -9.999999406318238e-08 -1.000000047213234e-07 -22.4665820694652 32.08002717105876 32.08002717105876 -21.64749567559146 1 3 4 -21 -23 24 -7 
5 -1.000000011686097e-07 -9.999999761589606e-08 -21.6474958755915 32.08002717105877 32.08002717105877 -11.1214284169162 1 3 4 -24 -25 26 -6 
6 -9.999999051046871e-08 -1.000000047213234e-07 -11.12142861691625 33.9490482664616 33.9490482664616 -11.06205403191895 1 3 4 -26 -27 28 -5 
7 -1.000000011686097e-07 -9.999999761589606e-08 -17.7450194300832 33.9490482664616 33.9490482664616 -11.0620540319189 1 3 4 4 -29 30 28 
8 -9.999999051046871e-08 -1.000000047213234e-07 -18.2590932415866 33.9490482664616 33.9490482664616 -17.7450192300832 1 3 4 3 -31 32 29 
9 -1.000000011686097e-07 -9.999999761589606e-08 -21.8367625391132 33.41649600443194 33.41649600443194 -18.2590930415866 1 3 4 2 -33 34 31 
10 -1e-07 24.8899999 -25.29063560219263 1e-07 41.5000001 -11.0620540319189 1 3 17 43 42 41 40 39 38 37 36 35 34 32 30 27 25 23 22 19 
11 -1.000000011686097e-07 -9.999999761589606e-08 -22.37168373361378 34.88008026864277 34.88008026864277 -21.83676233911324 1 3 4 1 -44 35 33 
12 -9.999999051046871e-08 -1.000000082740371e-07 -22.37168373361379 38.5852254667512 38.5852254667512 -22.26976787495141 1 3 4 -44 -36 45 -17 
13 -1.000000011686097e-07 -9.999999761589606e-08 -22.2697680749514 38.58522546675113 38.58522546675113 -21.6581396645275 1 3 4 -45 -37 46 -16 
14 -1.000000082740371e-07 -1.000000011686097e-07 -21.6581398645275 41.5000001 41.5000001 -21.6581396645275 1 3 4 15 -47 38 46 
15 -1.000000011686097e-07 -9.999999761589606e-08 -24.7000001 41.5000001 41.5000001 -21.6581396645275 1 3 4 14 -48 39 47 
16 -1.000000082740371e-07 -1.000000011686097e-07 -24.7000001 41.5000001 41.5000001 -24.6999999 1 2 4 13 -49 40 48 
17 -9.999999051046871e-08 -1.000000047213234e-07 -25.29063560219263 35.013006753664 35.013006753664 -24.6999999 1 2 4 12 -50 41 49 
18 -1.000000011686097e-07 -9.999999761589606e-08 -25.29063560219261 32.5048017053725 32.5048017053725 -24.69999989999997 1 2 4 -50 -42 51 -11 
19 -1.000000047213234e-07 -9.99999993922529e-08 -24.7000001 30.284896087919 30.284896087919 -24.6999999 1 2 4 10 -18 43 51 
1 -1.000000082740371e-07 -1.000000082740371e-07 -25.29063560219263 41.5000001 41.5000001 -11.0620540319189 1 1 19 -1 -2 3 -4 -5 -6 7 8 9 -10 11 -12 -13 14 15 16 17 -18 19 
$EndEntities
$Nodes
87 638 1 638
0 1 0 1
1
33.4164959044319 0 -21.8367624391132
0 2 0 1
2
34.8800801686428 0 -22.3716836336137
0 3 0 1
3
33.3180866644594 0 -18.2590931415866
0 4 0 1
4
33.9490481664616 0 -17.7450193300832
0 5 0 1
5
33.9490481664616 0 -11.0620541319189
0 6 0 1
6
31.7904915682829 0 -11.1214285169162
0 7 0 1
7
32.0800270710588 0 -21.6474957755915
0 8 0 1
8
31.3487573648448 0 -22.4665819694652
0 9 0 1
9
24.89 0 -22.4665819694652
0 10 0 1
10
24.89 0 -24.7
0 11 0 1
11
30.284895987919 0 -24.7
0 12 0 1
12
32.5048016053725 0 -25.2906355021926
0 13 0 1
13
35.013006653664 0 -24.7
0 14 0 1
14
41.5 0 -24.7
0 15 0 1
15
41.5 0 -21.6581397645275
0 16 0 1
16
38.5684016018003 0 -21.6581397645275
0 17 0 1
17
38.5852253667512 0 -22.2697679749514
0 18 0 1
18
0 24.89 -24.7
0 19 0 1
19
0 24.89 -22.4665819694652
0 20 0 1
20
0 31.3487573648448 -22.4665819694652
0 21 0 1
21
0 32.0800270710588 -21.6474957755915
0 22 0 1
22
0 31.7904915682829 -11.1214285169162
0 23 0 1
23
0 33.9490481664616 -11.0620541319189
0 24 0 1
24
0 33.9490481664616 -17.7450193300832
0 25 0 1
25
0 33.3180866644594 -18.2590931415866
0 26 0 1
26
0 33.4164959044319 -21.8367624391132
0 27 0 1
27
0 34.8800801686428 -22.3716836336137
0 28 0 1
28
0 38.5852253667512 -22.2697679749514
0 29 0 1
29
0 38.5684016018003 -21.6581397645275
0 30 0 1
30
0 41.5 -21.6581397645275
0 31 0 1
31
0 41.5 -24.7
0 32 0 1
32
0 35.013006653664 -24.7
0 33 0 1
33
0 32.5048016053725 -25.2906355021926
0 34 0 1
34
0 30.284895987919 -24.7
1 2 0 1
35
33.3672912844457 0 -20.0479277903499
1 4 0 2
36
37
33.9490481664616 0 -13.28970919797366
33.9490481664616 0 -15.51736426402843
1 6 0 3
38
39
40
32.00764319536479 0 -19.01597896092268
31.9352593196708 0 -16.38446214625385
31.86287544397681 0 -13.75294533158503
1 8 0 2
41
42
27.04291912161494 0 -22.4665819694652
29.19583824322987 0 -22.4665819694652
1 10 0 1
43
27.58744799395949 0 -24.7
1 13 0 2
44
45
39.33766888455467 0 -24.7
37.17533776910933 0 -24.7
1 14 0 1
46
41.5 0 -23.17906988226375
1 17 0 1
47
36.732652767697 0 -22.3207258042826
1 18 0 13
48
49
50
51
52
53
54
55
56
57
58
59
60
2.786795810211328 24.73349690424281 -24.7
5.538546046172661 24.26595573420559 -24.7
8.220645852064104 23.49325609137527 -24.7
10.79936626663602 22.42511512209122 -24.7
13.24227838446672 21.074965318792 -24.7
15.51866116826386 19.45978559862928 -24.7
17.59988778373315 17.59988778373319 -24.7
19.45978559862925 15.5186611682639 -24.7
21.07496531879198 13.24227838446675 -24.7
22.4251151220912 10.79936626663605 -24.7
23.49325609137526 8.220645852064136 -24.7
24.26595573420558 5.538546046172693 -24.7
24.73349690424281 2.786795810211339 -24.7
1 20 0 13
61
62
63
64
65
66
67
68
69
70
71
72
73
2.786795810211328 24.73349690424281 -22.4665819694652
5.538546046172661 24.26595573420559 -22.4665819694652
8.220645852064104 23.49325609137527 -22.4665819694652
10.79936626663602 22.42511512209122 -22.4665819694652
13.24227838446672 21.074965318792 -22.4665819694652
15.51866116826386 19.45978559862928 -22.4665819694652
17.59988778373315 17.59988778373319 -22.4665819694652
19.45978559862925 15.5186611682639 -22.4665819694652
21.07496531879198 13.24227838446675 -22.4665819694652
22.4251151220912 10.79936626663605 -22.4665819694652
23.49325609137526 8.220645852064136 -22.4665819694652
24.26595573420558 5.538546046172693 -22.4665819694652
24.73349690424281 2.786795810211339 -22.4665819694652
1 21 0 16
74
75
76
77
78
79
80
81
82
83
84
85
86
87
88
89
2.892498413267322 31.21502909255664 -22.4665819694652
5.760319049938896 30.81498519816004 -22.4665819694652
8.578994675507655 30.1520387151105 -22.4665819694652
11.32447734337331 29.23184566905305 -22.4665819694652
13.97334356344357 28.06225682260572 -22.4665819694652
16.50299414309269 26.65325069542099 -22.4665819694652
18.8918469955048 25.01684843097442 -22.4665819694652
21.11952127042888 23.16701123640711 -22.4665819694652
23.16701123640712 21.11952127042887 -22.4665819694652
25.01684843097445 18.89184699550476 -22.4665819694652
26.653250695421 16.50299414309267 -22.4665819694652
28.06225682260573 13.97334356344356 -22.4665819694652
29.23184566905305 11.32447734337332 -22.4665819694652
30.1520387151105 8.578994675507667 -22.4665819694652
30.81498519816003 5.760319049938909 -22.4665819694652
31.21502909255664 2.892498413267335 -22.4665819694652
1 22 0 2
90
91
0 29.19583824322987 -22.4665819694652
0 27.04291912161494 -22.4665819694652
1 24 0 16
92
93
94
95
96
97
98
99
100
101
102
103
104
105
106
107
2.959971469384898 31.94317933112315 -21.6474957755915
5.894689505849583 31.53380364798215 -21.6474957755915
8.779116129859338 30.85539267062257 -21.6474957755915
11.58864243047827 29.91373436230228 -21.6474957755915
14.2992985199206 28.71686261968849 -21.6474957755915
16.88795803618164 27.27498873048408 -21.6474957755915
19.33253544900424 25.60041425432136 -21.6474957755915
21.61217448583597 23.70742607019257 -21.6474957755915
23.70742607019262 21.61217448583592 -21.6474957755915
25.60041425432138 19.3325354490042 -21.6474957755915
27.27498873048411 16.8879580361816 -21.6474957755915
28.7168626196885 14.29929851992058 -21.6474957755915
29.91373436230229 11.58864243047826 -21.6474957755915
30.85539267062257 8.779116129859323 -21.6474957755915
31.53380364798215 5.894689505849597 -21.6474957755915
31.94317933112314 2.95997146938494 -21.6474957755915
1 25 0 3
108
109
110
0 31.86287544397681 -13.75294533158503
0 31.9352593196708 -16.38446214625385
0 32.00764319536479 -19.01597896092268
1 26 0 16
111
112
113
114
115
116
117
118
119
120
121
122
123
124
125
126
2.933256503537383 31.65487893575841 -11.1214285169162
5.841487496823733 31.24919803734998 -11.1214285169162
8.699880978437635 30.57690999944378 -11.1214285169162
11.48405014303514 29.64375054653713 -11.1214285169162
14.17024144097433 28.45768106605948 -11.1214285169162
16.73553723522551 27.02882068462193 -11.1214285169162
19.15805132656998 25.36935993519696 -11.1214285169162
21.41711567893479 23.49345675178925 -11.1214285169162
23.49345675178924 21.4171156789348 -11.1214285169162
25.36935993519695 19.15805132656999 -11.1214285169162
27.02882068462193 16.73553723522552 -11.1214285169162
28.45768106605948 14.17024144097432 -11.1214285169162
29.64375054653713 11.48405014303515 -11.1214285169162
30.57690999944378 8.699880978437646 -11.1214285169162
31.24919803734998 5.841487496823746 -11.1214285169162
31.65487893575841 2.933256503537397 -11.1214285169162
1 28 0 17
127
128
129
130
131
132
133
134
135
136
137
138
139
140
141
142
143
2.958854508523974 33.81986178869034 -11.0620541319189
5.895190347632887 33.43328584171628 -11.0620541319189
8.78666022858306 32.79226240191681 -11.0620541319189
11.61125831966321 31.90167004472935 -11.0620541319189
14.34748772386126 30.76828671574646 -11.0620541319189
16.97452408323078 29.40073814645728 -11.0620541319189
19.47237406482904 27.80943220722249 -11.0620541319189
21.82202752205302 26.00647969709646 -11.0620541319189
24.0056021733337 24.00560217333375 -11.0620541319189
26.00647969709643 21.82202752205305 -11.0620541319189
27.80943220722246 19.47237406482908 -11.0620541319189
29.40073814645725 16.97452408323081 -11.0620541319189
30.76828671574646 14.34748772386127 -11.0620541319189
31.90167004472934 11.61125831966322 -11.0620541319189
32.7922624019168 8.786660228583072 -11.0620541319189
33.43328584171628 5.895190347632872 -11.0620541319189
33.81986178869034 2.958854508523959 -11.0620541319189
1 29 0 17
144
145
146
147
148
149
150
151
152
153
154
155
156
157
158
159
160
2.958854508523974 33.81986178869034 -17.7450193300832
5.895190347632887 33.43328584171628 -17.7450193300832
8.78666022858306 32.79226240191681 -17.7450193300832
11.61125831966321 31.90167004472935 -17.7450193300832
14.34748772386126 30.76828671574646 -17.7450193300832
16.97452408323078 29.40073814645728 -17.7450193300832
19.47237406482904 27.80943220722249 -17.7450193300832
21.82202752205302 26.00647969709646 -17.7450193300832
24.0056021733337 24.00560217333375 -17.7450193300832
26.00647969709643 21.82202752205305 -17.7450193300832
27.80943220722246 19.47237406482908 -17.7450193300832
29.40073814645725 16.97452408323081 -17.7450193300832
30.76828671574646 14.34748772386127 -17.7450193300832
31.90167004472934 11.61125831966322 -17.7450193300832
32.7922624019168 8.786660228583072 -17.7450193300832
33.43328584171628 5.895190347632872 -17.7450193300832
33.81986178869034 2.958854508523959 -17.7450193300832
1 30 0 2
161
162
0 33.9490481664616 -15.51736426402844
0 33.9490481664616 -13.28970919797367
1 31 0 17
163
164
165
166
167
168
169
170
171
172
173
174
175
176
177
178
179
2.903862590171794 33.19130128569574 -18.2590931415866
5.785625032632217 32.81191006269228 -18.2590931415866
8.623355375138425 32.18280039173873 -18.2590931415866
11.39545677631546 31.30876017729788 -18.2590931415866
14.08083187065982 30.19644139316152 -18.2590931415866
16.6590433322297 28.85430945691337 -18.2590931415866
19.11046941503593 27.29257880298971 -18.2590931415866
21.4164532863768 25.52313514466567 -18.2590931415866
23.55944501660031 23.55944501660032 -18.2590931415866
25.52313514466564 21.41645328637683 -18.2590931415866
27.29257880298971 19.11046941503595 -18.2590931415866
28.85430945691336 16.65904333222971 -18.2590931415866
30.19644139316152 14.0808318706598 -18.2590931415866
31.30876017729788 11.39545677631545 -18.2590931415866
32.18280039173874 8.623355375138411 -18.2590931415866
32.81191006269228 5.78562503263223 -18.2590931415866
33.19130128569574 2.903862590171809 -18.2590931415866
1 33 0 17
180
181
182
183
184
185
186
187
188
189
190
191
192
193
194
195
196
2.91243952057483 33.28933604879958 -21.8367624391132
5.802713617819028 32.90882424518523 -21.8367624391132
8.648825560657343 32.27785641817365 -21.8367624391132
11.4291147186754 31.40123461391719 -21.8367624391132
14.12242141259619 30.28563045366496 -21.8367624391132
16.70824795221593 28.93953435869669 -21.8367624391132
19.16691463620335 27.37319093309013 -21.8367624391132
21.47970952650979 25.59852099609817 -21.8367624391132
23.62903085751626 23.62903085751632 -21.8367624391132
25.59852099609813 21.47970952650982 -21.8367624391132
27.3731909330901 19.16691463620339 -21.8367624391132
28.93953435869667 16.70824795221596 -21.8367624391132
30.28563045366495 14.1224214125962 -21.8367624391132
31.40123461391719 11.42911471867542 -21.8367624391132
32.27785641817365 8.648825560657357 -21.8367624391132
32.90882424518523 5.802713617819042 -21.8367624391132
33.28933604879958 2.912439520574844 -21.8367624391132
1 34 0 1
197
0 33.3672912844457 -20.0479277903499
1 36 0 1
198
0 36.732652767697 -22.3207258042826
1 39 0 1
199
0 41.5 -23.17906988226375
1 40 0 2
200
201
0 37.17533776910933 -24.7
0 39.33766888455467 -24.7
1 43 0 1
202
0 27.58744799395951 -24.7
1 44 0 18
203
204
205
206
207
208
209
210
211
212
213
214
215
216
217
218
219
220
2.880374190349003 34.76094701089888 -22.3716836336137
5.741072504316891 34.40436133793396 -22.3716836336137
8.562553471709393 33.8127589914675 -22.3716836336137
11.32554351657512 32.99018121540274 -22.3716836336137
14.01116861527259 31.94224705003311 -22.3716836336137
16.60108322518965 30.67611494829936 -22.3716836336137
19.07759560340176 29.20043387629736 -22.3716836336137
21.42378865921518 27.52528423206983 -22.3716836336137
23.62363551505024 25.66210898626622 -22.3716836336137
25.66210898626621 23.62363551505025 -22.3716836336137
27.52528423206982 21.42378865921519 -22.3716836336137
29.20043387629735 19.07759560340177 -22.3716836336137
30.67611494829934 16.60108322518969 -22.3716836336137
31.94224705003311 14.0111686152726 -22.3716836336137
32.99018121540274 11.32554351657513 -22.3716836336137
33.81275899146749 8.562553471709407 -22.3716836336137
34.40436133793396 5.741072504316937 -22.3716836336137
34.76094701089888 2.880374190349018 -22.3716836336137
1 45 0 20
221
222
223
224
225
226
227
228
229
230
231
232
233
234
235
236
237
238
239
240
2.883477502710593 38.4773332508159 -22.2697679749514
5.750829429578992 38.15426027948738 -22.2697679749514
8.586020385524344 37.61781320787189 -22.2697679749514
11.3731948326608 36.87099206559702 -22.2697679749514
14.09676576089708 35.91797337942914 -22.2697679749514
16.74150185681966 34.76408681644154 -22.2697679749514
19.29261268337558 33.41578537835429 -22.2697679749514
21.73583139399621 31.88060931373096 -22.2697679749514
24.05749451859025 30.16714394985015 -22.2697679749514
26.24461837521107 28.28497168007269 -22.2697679749514
28.28497168007265 26.24461837521111 -22.2697679749514
30.16714394985012 24.05749451859029 -22.2697679749514
31.88060931373093 21.73583139399626 -22.2697679749514
33.41578537835426 19.29261268337562 -22.2697679749514
34.76408681644153 16.74150185681967 -22.2697679749514
35.91797337942914 14.09676576089709 -22.2697679749514
36.87099206559702 11.37319483266081 -22.2697679749514
37.61781320787188 8.58602038552436 -22.2697679749514
38.15426027948738 5.750829429579009 -22.2697679749514
38.4773332508159 2.883477502710609 -22.2697679749514
1 46 0 20
241
242
243
244
245
246
247
248
249
250
251
252
253
254
255
256
257
258
259
260
2.882220261181336 38.46055652852397 -21.6581397645275
5.748321977525095 38.13762442209077 -21.6581397645275
8.582276745634809 37.60141124983327 -21.6581397645275
11.36823594088842 36.85491573331901 -21.6581397645275
14.09061934937622 35.90231257828299 -21.6581397645275
16.73420229877669 34.74892912797988 -21.6581397645275
19.28420080090013 33.40121557051951 -21.6581397645275
21.72635422974719 31.86670886679857 -21.6581397645275
24.0470050727145 30.15399060075789 -21.6581397645275
26.2331753089448 28.27263898768421 -21.6581397645275
28.27263898768417 26.23317530894484 -21.6581397645275
30.15399060075784 24.04700507271457 -21.6581397645275
31.86670886679852 21.72635422974727 -21.6581397645275
33.40121557051949 19.28420080090017 -21.6581397645275
34.74892912797985 16.73420229877677 -21.6581397645275
35.90231257828297 14.09061934937626 -21.6581397645275
36.854915733319 11.36823594088846 -21.6581397645275
37.60141124983327 8.582276745634825 -21.6581397645275
38.13762442209076 5.748321977525146 -21.6581397645275
38.46055652852397 2.882220261181353 -21.6581397645275
1 47 0 21
261
262
263
264
265
266
267
268
269
270
271
272
273
274
275
276
277
278
279
280
281
2.960576102768151 41.39426275632552 -21.6581397645275
5.906065788341322 41.07758983805871 -21.6581397645275
8.821459516448536 40.55159493780312 -21.6581397645275
11.69190110891932 39.81895840500164 -21.6581397645275
14.50276345336258 38.88341358749011 -21.6581397645275
17.23972303957827 37.74972780721252 -21.6581397645275
19.88883294888236 36.42367806704111 -21.6581397645275
22.43659392440731 34.91202161249401 -21.6581397645275
24.87002316022089 33.22246149836096 -21.6581397645275
27.17672045872931 31.36360733570174 -21.6581397645275
29.34493141924171 29.34493141924173 -21.6581397645275
31.3636073357017 27.17672045872935 -21.6581397645275
33.22246149836093 24.87002316022093 -21.6581397645275
34.912021612494 22.43659392440733 -21.6581397645275
36.42367806704108 19.88883294888241 -21.6581397645275
37.74972780721249 17.23972303957832 -21.6581397645275
38.88341358749009 14.50276345336263 -21.6581397645275
39.81895840500163 11.69190110891937 -21.6581397645275
40.55159493780312 8.821459516448554 -21.6581397645275
41.0775898380587 5.906065788341376 -21.6581397645275
41.39426275632552 2.960576102768169 -21.6581397645275
1 48 0 21
282
283
284
285
286
287
288
289
290
291
292
293
294
295
296
297
298
299
300
301
302
2.960576102768151 41.39426275632552 -24.7
5.906065788341322 41.07758983805871 -24.7
8.821459516448536 40.55159493780312 -24.7
11.69190110891932 39.81895840500164 -24.7
14.50276345336258 38.88341358749011 -24.7
17.23972303957827 37.74972780721252 -24.7
19.88883294888236 36.42367806704111 -24.7
22.43659392440731 34.91202161249401 -24.7
24.87002316022089 33.22246149836096 -24.7
27.17672045872931 31.36360733570174 -24.7
29.34493141924171 29.34493141924173 -24.7
31.3636073357017 27.17672045872935 -24.7
33.22246149836093 24.87002316022093 -24.7
34.912021612494 22.43659392440733 -24.7
36.42367806704108 19.88883294888241 -24.7
37.74972780721249 17.23972303957832 -24.7
38.88341358749009 14.50276345336263 -24.7
39.81895840500163 11.69190110891937 -24.7
40.55159493780312 8.821459516448554 -24.7
41.0775898380587 5.906065788341376 -24.7
41.39426275632552 2.960576102768169 -24.7
1 49 0 18
303
304
305
306
307
308
309
310
311
312
313
314
315
316
317
318
319
320
2.891351172477991 34.8934194845809 -24.7
5.762951484656415 34.53547487895622 -24.7
8.595184994638737 33.94161796139743 -24.7
11.36870467570475 33.11590537681445 -24.7
14.06456457612081 32.06397757942154 -24.7
16.66434923920107 30.79302030271565 -24.7
19.15029949954979 29.31171547363038 -24.7
21.50543379616833 27.63018190617175 -24.7
23.71366417373606 25.75990617965807 -24.7
25.75990617965804 23.7136641737361 -24.7
27.63018190617172 21.50543379616836 -24.7
29.31171547363035 19.15029949954983 -24.7
30.79302030271563 16.66434923920111 -24.7
32.06397757942152 14.06456457612085 -24.7
33.11590537681444 11.36870467570479 -24.7
33.94161796139742 8.595184994638782 -24.7
34.53547487895621 5.76295148465646 -24.7
34.8934194845809 2.891351172478006 -24.7
1 50 0 17
321
322
323
324
325
326
327
328
329
330
331
332
333
334
335
336
337
2.832980126781503 32.38111102179614 -25.2906355021926
5.644399564198034 32.0109806310945 -25.2906355021926
8.412861712749379 31.39722734903167 -25.2906355021926
11.11729690384191 30.54452220867849 -25.2906355021926
13.7371227526888 29.45935481103051 -25.2906355021926
16.25240080268623 28.1499839352258 -25.2906355021926
18.6439882691073 26.626374684249 -25.2906355021926
20.89368372725255 24.90012264448046 -25.2906355021926
22.98436563628225 22.9843656362823 -25.2906355021926
24.90012264448041 20.8936837272526 -25.2906355021926
26.62637468424898 18.64398826910733 -25.2906355021926
28.14998393522578 16.25240080268626 -25.2906355021926
29.45935481103049 13.73712275268884 -25.2906355021926
30.54452220867849 11.11729690384193 -25.2906355021926
31.39722734903167 8.412861712749391 -25.2906355021926
32.0109806310945 5.644399564198048 -25.2906355021926
32.38111102179614 2.832980126781488 -25.2906355021926
1 51 0 15
338
339
340
341
342
343
344
345
346
347
348
349
350
351
352
2.968438899914014 30.13906593603308 -24.7
5.90829011050807 29.70298020349381 -24.7
8.791241257538047 28.98083853429423 -24.7
11.58952794547661 27.97959554747154 -24.7
14.27620114381979 26.70889376032394 -24.7
16.82538672098259 25.18097072569791 -24.7
19.21253462633037 23.41054117766458 -24.7
21.41465532058681 21.41465532058677 -24.7
23.41054117766461 19.21253462633034 -24.7
25.18097072569792 16.82538672098257 -24.7
26.70889376032396 14.27620114381975 -24.7
27.97959554747155 11.58952794547657 -24.7
28.98083853429423 8.791241257538033 -24.7
29.70298020349381 5.908290110508056 -24.7
30.13906593603308 2.968438899914001 -24.7
2 1 0 10
353
354
355
356
357
358
359
360
361
362
39.98997443964794 0 -22.57984382389033
33.34301523946878 0 -23.22307565252026
33.03181710248365 0 -17.38438356857495
38.37367124770896 0 -23.62900232748999
31.62226124845589 0 -23.91882773408517
35.62908200759253 0 -23.47380794360245
40.41883444227734 0 -23.93953494113189
30.27229780403733 0 -23.32391131286274
26.10259177889361 0 -23.5832909847326
32.88786583629573 0 -12.30653429459846
2 2 0 14
363
364
365
366
367
368
369
370
371
372
373
374
375
376
24.53832965091889 4.169229898054897 -23.58370808414117
24.85084342579346 1.395593431733705 -23.58287388532403
22.99536156420592 9.524990631567105 -23.58370808414117
4.169229898054892 24.53832965091889 -23.58370808414117
9.524990631567086 22.99536156420593 -23.58287388532403
16.58536632522537 18.559033483942 -23.58370808414117
18.55903348394198 16.58536632522539 -23.58370808414117
23.91723214321352 6.890435879364524 -23.58287388532403
21.78431097130887 12.03976310004944 -23.58370808414117
12.03976310004942 21.78431097130888 -23.58370808414117
6.890409806079748 23.91723965478207 -23.5832909847326
20.29931002839598 14.40312856191538 -23.58370808414117
1.395593431733705 24.85084342579346 -23.58287388532403
14.40312856191536 20.29931002839599 -23.58370808414117
2 3 0 31
377
378
379
380
381
382
383
384
385
386
387
388
389
390
391
392
393
394
395
396
397
398
399
400
401
402
403
404
405
406
407
1.86448265161181 28.1193786824224 -22.4665819694652
28.13172551365957 1.922604337239289 -22.4665819694652
23.7282384725228 12.974524102118 -22.4665819694652
13.08785814839459 23.68089513367853 -22.4665819694652
18.04767750153486 20.06792862938394 -22.4665819694652
7.467526404785133 26.03514623630003 -22.4665819694652
26.10528492143475 7.452707071519495 -22.4665819694652
22.19763422146757 18.55690248254922 -22.4665819694652
24.9582024600508 10.22649969411467 -22.4665819694652
15.68745897198956 21.91324778555982 -22.4665819694652
10.2501637079516 24.93819189280524 -22.4665819694652
26.71448756141823 4.278842904815903 -22.4665819694652
4.252382616520347 26.6678262922176 -22.4665819694652
22.30653004836975 16.0367651205883 -22.4665819694652
20.54063208591358 20.55736165143807 -22.4665819694652
28.48352580756231 6.581115520829066 -22.4665819694652
6.577137812343317 28.44945243646053 -22.4665819694652
9.465132816399922 27.49254405198215 -22.4665819694652
27.51367805247823 9.457076759383881 -22.4665819694652
18.28674944952883 22.54740821058661 -22.4665819694652
19.95650778804597 17.89271595896551 -22.4665819694652
3.791065556143698 29.25649491764242 -22.4665819694652
26.15117074165797 12.57866625095906 -22.4665819694652
12.25572257522739 26.3279641833135 -22.4665819694652
15.43335987180135 24.5620515297563 -22.4665819694652
29.27200849623235 3.805825503211835 -22.4665819694652
26.20650688893578 1.700676176042904 -22.4665819694652
1.651537502676053 26.15336199008547 -22.4665819694652
24.75120876803511 15.27419692447504 -22.4665819694652
29.83267174210465 1.724185650743692 -22.4665819694652
1.709609324204565 29.82709966013923 -22.4665819694652
2 4 0 0
2 5 0 52
408
409
410
411
412
413
414
415
416
417
418
419
420
421
422
423
424
425
426
427
428
429
430
431
432
433
434
435
436
437
438
439
440
441
442
443
444
445
446
447
448
449
450
451
452
453
454
455
456
457
458
459
22.53119841059544 22.52648160250259 -13.66990365916177
15.50812417533043 27.83144752221423 -13.66654402366079
10.12761448752991 30.20815958149954 -13.6723029197594
30.97763993832215 7.446862229758042 -13.65430405762238
27.8366420320155 15.49879824375622 -13.66654402366086
4.401714246905263 31.55485468175043 -13.66229677524793
31.70249151074776 4.422308705036049 -19.08160458813843
18.09231579872834 26.40590650444111 -19.08104068971537
24.62595599125691 20.4491338151118 -19.08160458813843
29.28288075481234 12.92724586833804 -19.07933804817844
12.92896784747612 29.28211869121951 -19.07927762950291
7.328580798327375 31.15921510170079 -19.08160458813841
2.786901296434631 31.84604854308249 -17.56599482695284
31.77663915510759 2.835155752881574 -15.20682826598171
26.28668182896303 18.0028921468145 -13.66790224120352
27.15247412068833 16.80437755491188 -16.26103513906256
28.60745449643722 14.18518723559421 -16.23942232523536
25.45764984075327 19.27521937891567 -16.25082351629536
24.51448333717938 20.35051055610398 -13.67326864286833
12.87453449831037 29.14361945200857 -13.67385065776193
14.23913395282415 28.58130543128158 -16.26103513906249
16.855009225222 27.12037340621019 -16.23942232523535
20.35783007557708 24.5083186971079 -13.67084819812747
21.51281998181613 23.59983501686386 -16.32347009806268
30.20992995186407 10.12195136969332 -13.66790224120354
30.71468209284175 8.732253994149609 -16.26103513906257
31.39734407419794 5.814875300556227 -16.23942232523536
7.295499909601378 31.0141329510833 -13.67189278122746
8.642991801340955 30.74204431550303 -16.33540082917411
18.00681374529671 26.28415978830756 -13.67282582639161
29.14751696152639 12.86553949867603 -13.67137358361255
20.45145737653092 24.62412521133565 -19.08436957608633
15.57861416441645 27.96241874229793 -19.07325612402906
27.96464358791763 15.57466212819827 -19.07400016669198
10.16986900757913 30.35080570320864 -19.07755003192879
5.784899328535049 31.40919804463172 -16.46528226154753
31.15928915820716 7.327479481714373 -19.07505926422899
26.40415720953135 18.09438985372119 -19.07120090682347
30.34926665641033 10.17420546068304 -19.07459754057835
22.63804312961466 22.63056435568694 -19.09219976356563
11.38792717727645 29.837495652993 -16.44151973588711
23.53772013115503 21.58708375100911 -16.47875520104195
19.34090324965638 25.41544341705933 -16.47240842404274
29.8005506597415 11.48376070683468 -16.4350012095806
2.735268747379743 31.78604418008443 -15.23041427143399
31.87833685888222 2.417055107499491 -17.64155607486114
4.605027649711265 31.6796061296997 -19.19457412483952
31.52679584712689 4.579856420604176 -13.5653009144294
31.77384519600495 2.102409640610217 -13.04219881712016
2.032491125619055 31.778346375633 -13.04045986490502
2.103394740310377 31.95815690995746 -19.73066890132376
31.96890888531608 1.960562929279798 -19.79132832741968
2 6 0 4
460
461
462
463
1.433749151512048 32.83848556959578 -11.0917413244176
32.83783837745241 1.448496403283951 -11.0917413244176
4.300216624810979 32.66338811351703 -11.08966542548993
32.72108495542339 4.314827489899723 -11.08803948550827
2 7 0 38
464
465
466
467
468
469
470
471
472
473
474
475
476
477
478
479
480
481
482
483
484
485
486
487
488
489
490
491
492
493
494
495
496
497
498
499
500
501
33.8750565403236 2.240182090502702 -14.39545240235915
2.240190466238773 33.87505598642905 -14.39545088894463
33.14432017043876 7.347918878714994 -15.18033849640866
30.11317349974068 15.67592591151302 -13.62673496559344
25.02986381940742 22.93564449913386 -13.62673496559344
7.347918878714994 33.14432017043876 -15.18033849640867
12.99173827786926 31.36483074923371 -13.62673496559344
18.24081028358725 28.63233681708336 -15.18033849640867
31.3648307492337 12.99173827786928 -15.18033849640866
28.63233681708333 18.24081028358729 -15.18033849640866
22.93564449913382 25.02986381940746 -15.18033849640866
20.66687107530102 26.93359076257036 -13.62673496559344
32.37778269812245 10.20867567130491 -13.62673496559344
26.93359076257034 20.66687107530106 -13.62673496559343
15.67592591151299 30.1131734997407 -13.62673496559343
10.20779224159299 32.37806122919042 -13.62726878774241
4.585421800957688 33.63795145837558 -15.27000023521711
33.63795145837555 4.585421800957898 -15.27000023521724
33.65860935317033 4.431239986663332 -12.90789048898805
4.431239986663345 33.65860935317033 -12.90789048898797
25.02986381940742 22.93564449913386 -15.95257413653153
30.11317349974068 15.67592591151302 -15.95257413653152
33.25637772198699 6.822844877414189 -12.89533843247857
18.24081028358725 28.63233681708336 -12.85449932547058
15.67592591151299 30.1131734997407 -15.95257413653153
28.63233681708333 18.24081028358729 -12.85449932547057
20.66687107530102 26.93359076257036 -15.95257413653153
6.822697397384231 33.25640797850026 -12.89533743611914
12.99173827786926 31.36483074923371 -15.95257413653152
32.37778269812245 10.20867567130491 -15.95257413653153
31.3648307492337 12.99173827786928 -12.85449932547056
26.58536022070392 21.11294610764076 -15.92550084855549
22.93564449913382 25.02986381940746 -12.85449932547057
10.74698372067335 32.20310873683334 -15.92573637383632
2.19609219021853 33.8779434219492 -16.17393695813355
1.480836682657334 33.91673619510029 -12.17541288355137
33.87793866866166 2.196165515421923 -16.17393189700139
33.91673619510029 1.480836682657324 -12.17541288355137
2 8 0 0
2 9 0 18
502
503
504
505
506
507
508
509
510
511
512
513
514
515
516
517
518
519
24.60094765622224 22.54261524483926 -20.0479277903499
29.59712072887091 15.40728584265229 -20.0467755002568
20.31270062947575 26.47202685126036 -20.0467755002568
22.54269450153906 24.60085788879358 -20.04746832739457
4.355305476393947 33.08182948188233 -20.0479277903499
32.57635325017444 7.222003640326893 -20.0479277903499
7.222003644320289 32.57635324928913 -20.04792779034989
26.47205199843813 20.31271992257643 -20.0479277903499
31.82295129952027 10.03373799983871 -20.0479277903499
33.08182948241623 4.355305472338607 -20.0479277903499
28.14161340059366 17.92832617579969 -20.04746832739457
17.92812531997884 28.14174135986382 -20.04746832739457
30.82739136601444 12.76899470674631 -20.04746832739457
15.40723263406759 29.5971798835044 -20.04778987399441
12.76910955840218 30.8273574726503 -20.04792779034989
10.03373800373975 31.82295129829027 -20.04792779034989
33.30702364578457 2.00457065732137 -20.0479277903499
2.00457065659209 33.30702364582846 -20.0479277903499
2 10 0 10
520
521
522
523
524
525
526
527
528
529
0 39.98997443964794 -22.57984382389034
0 33.3430152394688 -23.22307565252025
0 33.03181710248364 -17.38438356857495
0 38.37367124770894 -23.62900232748999
0 31.6222612484559 -23.91882773408516
0 35.62908200759253 -23.47380794360247
0 40.41883444227734 -23.93953494113187
0 30.27229780403733 -23.32391131286271
0 26.10259177889361 -23.5832909847326
0 32.88786583629571 -12.30653429459846
2 11 0 3
530
531
532
34.11911723039695 1.411175129013904 -22.1042230363635
1.414384518163263 34.11776878815112 -22.10377914978248
33.98689709828908 4.236462305238042 -22.14136696779236
2 12 0 19
533
534
535
536
537
538
539
540
541
542
543
544
545
546
547
548
549
550
551
25.85847851136739 25.85847851136513 -22.32521601722991
23.62590872431891 27.89505771960951 -22.32559368407546
27.89505771960964 23.62590872431905 -22.32559368407546
4.516947943419328 36.23708507013305 -22.32664340141123
1.871366693997778 36.62352291405703 -22.32241333044754
36.23708507013249 4.516947943419308 -22.32664340141125
36.6235229140571 1.871366693996755 -22.32241333044754
29.69311397632595 21.20047589016721 -22.32754315913223
21.20047589016749 29.69311397632637 -22.32754315913221
7.481648355904336 35.68161716563448 -22.32829295723648
35.68161716563456 7.481648355904402 -22.32829295723648
18.65091141823697 31.30026797019109 -22.32889279572229
31.30026797019196 18.65091141823751 -22.32889279572226
34.90534075011295 10.39177018403111 -22.32934267458804
10.39177018403127 34.90534075011357 -22.32934267458803
15.99048143273721 32.70905257480177 -22.32964259383259
32.70905257480151 15.9904814327371 -22.3296425938326
13.21666392287692 33.94835045837721 -22.32904098769589
33.9483504583772 13.21666392287753 -22.32904098769588
2 13 0 0
2 14 0 0
2 15 0 22
552
553
554
555
556
557
558
559
560
561
562
563
564
565
566
567
568
569
570
571
572
573
34.0889621676102 23.66838943264288 -23.17906988226375
13.10568288607872 39.3762755487304 -23.17906988226375
37.11034869926769 18.57611421742343 -23.17906988226375
7.368457644585386 40.84061497994308 -23.17906988226375
28.27884449324582 30.37362267044912 -23.17906988226375
21.17620637211934 35.69059096856498 -23.17906988226375
40.21089802399168 10.26321977276827 -23.17906988226375
18.57611421767771 37.1103486991404 -23.17906988226375
41.26221752356499 4.436147544661496 -23.17906988226375
41.45779219159065 1.871220617373983 -23.17906988226375
39.37627554881654 13.10568288581992 -23.17906988226375
26.03996380641085 32.31362382897983 -23.17906988226375
35.69059096871025 21.1762063718745 -23.17906988226375
30.37362267065336 28.27884449302645 -23.17906988226375
32.31362534242791 26.03996192833623 -23.17906988226375
4.43614754497345 41.26221752353145 -23.17906988226375
1.871220617373949 41.45779219159065 -23.17906988226375
23.6683914139034 34.08896079199634 -23.17906988226375
15.88136244321055 38.34100059919383 -23.17906988226375
10.26321977303954 40.21089802392245 -23.17906988226375
40.84061497999151 7.368457644316942 -23.17906988226375
38.34100059929003 15.8813624429783 -23.17906988226375
2 16 0 41
574
575
576
577
578
579
580
581
582
583
584
585
586
587
588
589
590
591
592
593
594
595
596
597
598
599
600
601
602
603
604
605
606
607
608
609
610
611
612
613
614
2.001978500799874 38.30988481291339 -24.7
38.30988481291338 2.001978500799893 -24.7
19.09105340052101 32.09343134597052 -24.7
32.0630762487426 19.12611540728812 -24.7
34.73427105609142 13.59560888629152 -24.7
13.47467175105635 34.70930826496551 -24.7
28.36871394046072 24.25036280354737 -24.7
24.00824089647347 28.48523599524341 -24.7
7.779219000215865 36.49078877963876 -24.7
36.5032246665226 7.813249506445352 -24.7
33.33990593324611 16.30964170513104 -24.7
21.58291401084148 30.37888225024781 -24.7
26.22337298643181 26.32850755870885 -24.7
16.33549794763985 33.43771146599708 -24.7
30.1725364237207 21.72685578792534 -24.7
10.57892957264294 35.67355733736748 -24.7
35.61380063677512 10.67824911237186 -24.7
36.97614156343083 4.463373494278844 -24.7
4.458511993388895 36.97436500816171 -24.7
38.10336093186998 9.82924429399549 -24.7
9.760612483963699 38.24170210953834 -24.7
28.94889990528169 26.67233072949328 -24.7
12.6277139980202 37.20836768859989 -24.7
7.032653626170799 38.97937843831954 -24.7
38.97937843831956 7.032653626170827 -24.7
24.08471486848298 30.97949634025251 -24.7
30.81135978653084 24.35815454404719 -24.7
26.63114675577349 28.86235156310692 -24.7
15.75740561817631 35.92326642723621 -24.7
35.92326642723621 15.75740561817635 -24.7
32.79193961565929 21.45263432436687 -24.7
37.17951184074407 12.67586207885288 -24.7
34.46182398526935 18.64980650370827 -24.7
18.64980650370822 34.46182398526938 -24.7
1.762510525361482 36.36490830731466 -24.7
36.36516210092454 1.763205025488624 -24.7
39.52601530855421 3.968034974256103 -24.7
3.967224724107754 39.52571921600937 -24.7
21.32371015173235 32.9465682590854 -24.7
1.785955865535156 40.01350713396059 -24.7
40.01356635246955 1.78611791556483 -24.7
2 17 0 4
615
616
617
618
33.72938004859675 1.411569893178483 -24.99531775109631
1.395077016965135 33.730066233892 -24.99531775109631
33.6005285501136 4.198191120454441 -24.9710917671052
4.182011028489177 33.55006329536714 -24.98335575127116
2 18 0 6
619
620
621
622
623
624
21.05974127404239 23.0714445783794 -24.95355032105455
1.422489048232087 31.20546077805125 -24.95355032105455
31.20546077805126 1.422489048232067 -24.95355032105455
23.07144457837937 21.05974127404238 -24.95355032105454
19.20202176485827 25.02456197381242 -25.03467417128311
31.27291727032881 4.117157665482783 -25.03467417128313
2 19 0 14
625
626
627
628
629
630
631
632
633
634
635
636
637
638
20.38227398182866 18.30953785930464 -24.7
18.31787822107441 20.40553141968916 -24.7
15.85002933551601 22.23725249767669 -24.7
22.23624348069328 15.84966749141594 -24.7
4.520986530193029 27.14512444218251 -24.7
27.1451244421825 4.520986530193042 -24.7
13.19008635412306 23.86566417369583 -24.7
23.86566417369583 13.19008635412308 -24.7
26.20237248017773 7.548773469304642 -24.7
7.548773469304604 26.20237248017773 -24.7
25.19242299501004 10.43504327357302 -24.7
10.43504327357298 25.19242299501006 -24.7
27.82687539494199 2.375074845047507 -24.7
2.375074845047497 27.82687539494201 -24.7
3 1 0 0
$EndNodes
$Elements
20 3052 1 3052
2 1 2 48
1 2 1 354 
2 35 7 1 
3 1 7 354 
4 47 2 358 
5 2 354 358 
6 3 4 355 
7 38 35 3 
8 38 3 355 
9 4 37 355 
10 5 6 362 
11 36 5 362 
12 6 40 362 
13 7 8 354 
14 35 38 7 
15 8 42 360 
16 354 8 357 
17 357 8 360 
18 9 10 361 
19 41 9 361 
20 10 43 361 
21 11 12 357 
22 43 11 360 
23 11 357 360 
24 12 13 354 
25 12 354 357 
26 13 45 358 
27 354 13 358 
28 44 14 359 
29 14 46 359 
30 15 16 353 
31 46 15 353 
32 16 17 353 
33 17 47 356 
34 353 17 356 
35 40 37 36 
36 40 36 362 
37 40 39 37 
38 37 39 355 
39 39 38 355 
40 42 41 43 
41 43 41 361 
42 42 43 360 
43 45 44 356 
44 356 44 359 
45 47 45 356 
46 45 47 358 
47 46 353 359 
48 353 356 359 
2 2 2 56
49 10 9 364 
50 9 73 364 
51 60 10 364 
52 19 18 375 
53 18 48 375 
54 61 19 375 
55 48 49 366 
56 61 48 366 
57 48 61 375 
58 49 50 373 
59 49 62 366 
60 62 49 373 
61 50 51 367 
62 63 50 367 
63 50 63 373 
64 51 52 372 
65 51 64 367 
66 64 51 372 
67 52 53 376 
68 52 65 372 
69 65 52 376 
70 53 54 368 
71 66 53 368 
72 53 66 376 
73 54 55 369 
74 54 67 368 
75 67 54 369 
76 55 56 374 
77 55 68 369 
78 68 55 374 
79 56 57 371 
80 69 56 371 
81 56 69 374 
82 57 58 365 
83 70 57 365 
84 57 70 371 
85 58 59 370 
86 58 71 365 
87 71 58 370 
88 59 60 363 
89 72 59 363 
90 59 72 370 
91 60 73 363 
92 73 60 364 
93 62 61 366 
94 63 62 373 
95 64 63 367 
96 65 64 372 
97 66 65 376 
98 67 66 368 
99 68 67 369 
100 69 68 374 
101 70 69 371 
102 71 70 365 
103 72 71 370 
104 73 72 363 
2 3 2 97
105 8 406 42 
106 89 406 8 
107 41 403 9 
108 9 403 73 
109 61 404 19 
110 19 404 91 
111 20 407 74 
112 90 407 20 
113 42 378 41 
114 378 403 41 
115 42 406 378 
116 62 389 61 
117 389 404 61 
118 63 382 62 
119 382 389 62 
120 64 387 63 
121 63 387 382 
122 65 380 64 
123 380 387 64 
124 66 386 65 
125 65 386 380 
126 67 381 66 
127 381 386 66 
128 68 397 67 
129 67 397 381 
130 69 390 68 
131 390 397 68 
132 70 379 69 
133 379 390 69 
134 71 385 70 
135 70 385 379 
136 72 383 71 
137 383 385 71 
138 73 388 72 
139 72 388 383 
140 73 403 388 
141 74 398 75 
142 74 407 398 
143 75 393 76 
144 75 398 393 
145 76 394 77 
146 393 394 76 
147 77 400 78 
148 394 400 77 
149 78 401 79 
150 400 401 78 
151 79 401 80 
152 80 396 81 
153 80 401 396 
154 81 391 82 
155 81 396 391 
156 82 384 83 
157 82 391 384 
158 83 405 84 
159 384 390 83 
160 390 405 83 
161 84 405 85 
162 85 399 86 
163 85 405 399 
164 86 395 87 
165 86 399 395 
166 87 392 88 
167 87 395 392 
168 88 402 89 
169 392 402 88 
170 402 406 89 
171 91 377 90 
172 377 407 90 
173 91 404 377 
174 389 398 377 
175 377 404 389 
176 398 407 377 
177 378 402 388 
178 388 403 378 
179 378 406 402 
180 385 399 379 
181 379 405 390 
182 399 405 379 
183 386 401 380 
184 380 400 387 
185 380 401 400 
186 381 396 386 
187 391 396 381 
188 381 397 391 
189 387 394 382 
190 382 393 389 
191 382 394 393 
192 383 395 385 
193 388 392 383 
194 392 395 383 
195 384 397 390 
196 391 397 384 
197 395 399 385 
198 396 401 386 
199 387 400 394 
200 388 402 392 
201 393 398 389 
2 4 2 34
202 8 7 89 
203 7 107 89 
204 74 21 20 
205 92 21 74 
206 75 92 74 
207 94 75 76 
208 93 92 75 
209 94 93 75 
210 94 76 77 
211 96 77 78 
212 95 94 77 
213 96 95 77 
214 78 79 97 
215 96 78 97 
216 97 79 80 
217 81 99 80 
218 97 80 98 
219 99 98 80 
220 82 99 81 
221 83 101 82 
222 100 99 82 
223 101 100 82 
224 102 83 84 
225 102 101 83 
226 85 102 84 
227 85 86 104 
228 103 102 85 
229 103 85 104 
230 87 105 86 
231 105 104 86 
232 88 105 87 
233 107 88 89 
234 88 106 105 
235 107 106 88 
2 5 2 144
236 40 6 456 
237 6 126 456 
238 7 38 459 
239 107 7 459 
240 21 92 458 
241 110 21 458 
242 22 108 457 
243 111 22 457 
244 38 39 453 
245 38 453 459 
246 39 40 421 
247 39 421 453 
248 421 40 456 
249 92 93 454 
250 92 454 458 
251 93 94 419 
252 93 419 454 
253 94 95 442 
254 419 94 442 
255 95 96 418 
256 95 418 442 
257 96 97 440 
258 418 96 440 
259 97 98 415 
260 97 415 440 
261 98 99 439 
262 415 98 439 
263 99 100 447 
264 439 99 447 
265 100 101 416 
266 100 416 447 
267 101 102 445 
268 416 101 445 
269 102 103 441 
270 102 441 445 
271 103 104 417 
272 103 417 441 
273 104 105 446 
274 417 104 446 
275 105 106 444 
276 105 444 446 
277 106 107 414 
278 106 414 444 
279 414 107 459 
280 108 109 452 
281 108 452 457 
282 109 110 420 
283 109 420 452 
284 420 110 458 
285 112 111 413 
286 413 111 457 
287 113 112 435 
288 112 413 435 
289 114 113 410 
290 410 113 435 
291 115 114 427 
292 114 410 427 
293 116 115 409 
294 409 115 427 
295 117 116 437 
296 116 409 437 
297 118 117 430 
298 430 117 437 
299 119 118 408 
300 408 118 430 
301 120 119 426 
302 119 408 426 
303 121 120 422 
304 422 120 426 
305 122 121 412 
306 412 121 422 
307 123 122 438 
308 122 412 438 
309 124 123 432 
310 432 123 438 
311 125 124 411 
312 411 124 432 
313 126 125 455 
314 125 411 455 
315 126 455 456 
316 426 408 449 
317 408 430 431 
318 408 431 449 
319 409 427 428 
320 409 428 429 
321 409 429 437 
322 427 410 448 
323 410 435 436 
324 410 436 448 
325 411 432 433 
326 411 433 434 
327 411 434 455 
328 412 422 423 
329 412 423 424 
330 412 424 438 
331 435 413 443 
332 443 413 452 
333 452 413 457 
334 414 434 444 
335 434 414 453 
336 453 414 459 
337 415 429 440 
338 429 415 450 
339 415 439 450 
340 425 416 445 
341 416 425 449 
342 447 416 449 
343 417 424 441 
344 424 417 451 
345 417 446 451 
346 428 418 440 
347 418 428 448 
348 442 418 448 
349 436 419 442 
350 419 436 443 
351 419 443 454 
352 420 443 452 
353 443 420 454 
354 454 420 458 
355 421 434 453 
356 434 421 455 
357 455 421 456 
358 423 422 425 
359 425 422 426 
360 424 423 441 
361 423 425 445 
362 441 423 445 
363 438 424 451 
364 425 426 449 
365 428 427 448 
366 429 428 440 
367 437 429 450 
368 431 430 450 
369 430 437 450 
370 431 439 447 
371 439 431 450 
372 431 447 449 
373 433 432 451 
374 432 438 451 
375 434 433 444 
376 444 433 446 
377 446 433 451 
378 436 435 443 
379 436 442 448 
2 6 2 43
380 6 5 461 
381 5 143 461 
382 126 6 461 
383 23 22 460 
384 22 111 460 
385 127 23 460 
386 111 112 462 
387 111 127 460 
388 127 111 462 
389 113 129 112 
390 129 128 112 
391 112 128 462 
392 114 130 113 
393 130 129 113 
394 115 131 114 
395 131 130 114 
396 116 132 115 
397 132 131 115 
398 117 133 116 
399 133 132 116 
400 118 134 117 
401 134 133 117 
402 119 135 118 
403 135 134 118 
404 120 136 119 
405 136 135 119 
406 121 137 120 
407 137 136 120 
408 122 138 121 
409 138 137 121 
410 123 139 122 
411 139 138 122 
412 124 140 123 
413 140 139 123 
414 125 141 124 
415 141 140 124 
416 125 126 463 
417 142 141 125 
418 142 125 463 
419 143 126 461 
420 126 143 463 
421 128 127 462 
422 143 142 463 
2 7 2 116
423 4 500 37 
424 160 500 4 
425 36 501 5 
426 5 501 143 
427 127 499 23 
428 23 499 162 
429 24 498 144 
430 161 498 24 
431 37 464 36 
432 464 501 36 
433 37 500 464 
434 128 483 127 
435 483 499 127 
436 129 491 128 
437 128 491 483 
438 130 479 129 
439 479 491 129 
440 131 470 130 
441 470 479 130 
442 132 478 131 
443 131 478 470 
444 133 487 132 
445 132 487 478 
446 134 475 133 
447 475 487 133 
448 135 496 134 
449 134 496 475 
450 136 468 135 
451 468 496 135 
452 137 477 136 
453 136 477 468 
454 138 489 137 
455 137 489 477 
456 139 467 138 
457 467 489 138 
458 140 494 139 
459 139 494 467 
460 141 476 140 
461 476 494 140 
462 142 486 141 
463 141 486 476 
464 143 482 142 
465 482 486 142 
466 143 501 482 
467 144 480 145 
468 144 498 480 
469 145 469 146 
470 145 480 469 
471 146 497 147 
472 469 497 146 
473 147 492 148 
474 147 497 492 
475 148 488 149 
476 148 492 488 
477 149 471 150 
478 149 488 471 
479 150 490 151 
480 471 490 150 
481 151 474 152 
482 151 490 474 
483 152 484 153 
484 474 484 152 
485 153 495 154 
486 484 495 153 
487 154 473 155 
488 154 495 473 
489 155 485 156 
490 473 485 155 
491 156 472 157 
492 156 485 472 
493 157 493 158 
494 472 493 157 
495 158 466 159 
496 158 493 466 
497 159 481 160 
498 466 481 159 
499 481 500 160 
500 162 465 161 
501 465 498 161 
502 162 499 465 
503 481 482 464 
504 464 500 481 
505 482 501 464 
506 465 483 480 
507 480 498 465 
508 465 499 483 
509 476 486 466 
510 466 493 476 
511 466 486 481 
512 472 485 467 
513 467 494 472 
514 467 485 473 
515 473 489 467 
516 468 484 474 
517 474 496 468 
518 477 495 468 
519 468 495 484 
520 469 491 479 
521 479 497 469 
522 480 491 469 
523 478 492 470 
524 470 497 479 
525 492 497 470 
526 471 487 475 
527 475 490 471 
528 478 487 471 
529 471 488 478 
530 476 493 472 
531 472 494 476 
532 477 489 473 
533 473 495 477 
534 474 490 475 
535 475 496 474 
536 488 492 478 
537 483 491 480 
538 481 486 482 
2 8 2 36
539 3 179 4 
540 4 179 160 
541 163 25 24 
542 163 24 144 
543 145 163 144 
544 165 145 146 
545 145 164 163 
546 165 164 145 
547 166 146 147 
548 166 165 146 
549 148 166 147 
550 148 149 167 
551 167 166 148 
552 169 149 150 
553 167 149 168 
554 169 168 149 
555 151 169 150 
556 152 170 151 
557 170 169 151 
558 152 153 171 
559 171 170 152 
560 154 173 153 
561 171 153 172 
562 173 172 153 
563 155 174 154 
564 174 173 154 
565 156 174 155 
566 157 175 156 
567 156 175 174 
568 158 177 157 
569 176 175 157 
570 177 176 157 
571 159 178 158 
572 178 177 158 
573 179 159 160 
574 179 178 159 
2 9 2 74
575 1 518 35 
576 196 518 1 
577 35 518 3 
578 3 518 179 
579 163 519 25 
580 25 519 197 
581 26 519 180 
582 197 519 26 
583 164 506 163 
584 506 519 163 
585 165 508 164 
586 164 508 506 
587 166 517 165 
588 165 517 508 
589 167 516 166 
590 516 517 166 
591 168 515 167 
592 515 516 167 
593 169 513 168 
594 513 515 168 
595 170 504 169 
596 504 513 169 
597 171 505 170 
598 170 505 504 
599 172 502 171 
600 502 505 171 
601 173 509 172 
602 172 509 502 
603 174 512 173 
604 173 512 509 
605 175 503 174 
606 503 512 174 
607 176 514 175 
608 175 514 503 
609 177 510 176 
610 510 514 176 
611 178 507 177 
612 507 510 177 
613 179 511 178 
614 178 511 507 
615 179 518 511 
616 180 506 181 
617 180 519 506 
618 181 508 182 
619 506 508 181 
620 182 517 183 
621 508 517 182 
622 183 516 184 
623 183 517 516 
624 184 515 185 
625 184 516 515 
626 185 513 186 
627 185 515 513 
628 186 504 187 
629 186 513 504 
630 187 505 188 
631 504 505 187 
632 188 502 189 
633 188 505 502 
634 189 509 190 
635 502 509 189 
636 190 512 191 
637 509 512 190 
638 191 503 192 
639 191 512 503 
640 192 514 193 
641 503 514 192 
642 193 510 194 
643 193 514 510 
644 194 507 195 
645 194 510 507 
646 195 511 196 
647 507 511 195 
648 511 518 196 
2 10 2 48
649 18 19 528 
650 202 18 528 
651 19 91 528 
652 20 21 521 
653 90 20 527 
654 20 521 524 
655 20 524 527 
656 26 21 197 
657 21 26 521 
658 21 110 197 
659 22 23 529 
660 108 22 529 
661 23 162 529 
662 24 25 522 
663 161 24 522 
664 110 25 197 
665 25 110 522 
666 26 27 521 
667 27 198 525 
668 521 27 525 
669 28 29 520 
670 198 28 523 
671 28 520 523 
672 29 30 520 
673 30 199 520 
674 199 31 526 
675 31 201 526 
676 32 33 521 
677 200 32 525 
678 32 521 525 
679 33 34 524 
680 521 33 524 
681 34 202 527 
682 524 34 527 
683 202 91 90 
684 202 90 527 
685 91 202 528 
686 161 109 108 
687 162 161 108 
688 162 108 529 
689 110 109 522 
690 109 161 522 
691 200 198 523 
692 198 200 525 
693 520 199 526 
694 201 200 523 
695 201 523 526 
696 523 520 526 
2 11 2 43
697 2 530 1 
698 1 530 196 
699 220 530 2 
700 26 531 27 
701 180 531 26 
702 27 531 203 
703 180 181 204 
704 203 180 204 
705 203 531 180 
706 181 182 205 
707 204 181 205 
708 182 183 206 
709 205 182 206 
710 183 184 207 
711 206 183 207 
712 184 185 208 
713 207 184 208 
714 185 186 209 
715 208 185 209 
716 186 187 210 
717 209 186 210 
718 187 188 211 
719 210 187 211 
720 188 189 212 
721 211 188 212 
722 189 190 213 
723 212 189 213 
724 190 191 214 
725 213 190 214 
726 191 192 215 
727 214 191 215 
728 192 193 216 
729 215 192 216 
730 193 194 217 
731 216 193 217 
732 194 195 218 
733 217 194 218 
734 196 532 195 
735 218 195 219 
736 195 532 219 
737 196 530 220 
738 220 532 196 
739 219 532 220 
2 12 2 80
740 2 47 539 
741 220 2 539 
742 47 17 539 
743 17 240 539 
744 198 27 537 
745 27 203 537 
746 28 198 537 
747 221 28 537 
748 203 204 536 
749 203 536 537 
750 204 205 542 
751 536 204 542 
752 205 206 547 
753 542 205 547 
754 206 207 550 
755 547 206 550 
756 207 208 548 
757 207 548 550 
758 208 209 544 
759 208 544 548 
760 209 210 541 
761 209 541 544 
762 210 211 534 
763 210 534 541 
764 211 212 533 
765 211 533 534 
766 212 213 535 
767 533 212 535 
768 213 214 540 
769 535 213 540 
770 214 215 545 
771 540 214 545 
772 215 216 549 
773 545 215 549 
774 216 217 551 
775 549 216 551 
776 217 218 546 
777 217 546 551 
778 218 219 543 
779 218 543 546 
780 219 220 538 
781 219 538 543 
782 538 220 539 
783 222 221 536 
784 536 221 537 
785 223 222 542 
786 222 536 542 
787 224 223 547 
788 223 542 547 
789 225 224 550 
790 224 547 550 
791 226 225 550 
792 227 226 548 
793 548 226 550 
794 228 227 544 
795 544 227 548 
796 229 228 541 
797 541 228 544 
798 230 229 534 
799 534 229 541 
800 231 230 533 
801 533 230 534 
802 232 231 535 
803 231 533 535 
804 233 232 540 
805 232 535 540 
806 234 233 545 
807 233 540 545 
808 235 234 549 
809 234 545 549 
810 236 235 551 
811 235 549 551 
812 237 236 551 
813 238 237 546 
814 546 237 551 
815 239 238 543 
816 543 238 546 
817 240 239 538 
818 538 239 543 
819 240 538 539 
2 13 2 42
820 260 17 16 
821 260 240 17 
822 28 241 29 
823 28 221 241 
824 221 222 241 
825 242 222 223 
826 241 222 242 
827 223 224 243 
828 242 223 243 
829 224 225 245 
830 243 224 244 
831 224 245 244 
832 225 226 245 
833 226 227 247 
834 245 226 246 
835 246 226 247 
836 227 228 248 
837 227 248 247 
838 228 229 249 
839 228 249 248 
840 249 229 230 
841 230 231 251 
842 249 230 250 
843 250 230 251 
844 231 232 251 
845 232 233 253 
846 251 232 252 
847 232 253 252 
848 233 234 253 
849 234 235 255 
850 253 234 254 
851 254 234 255 
852 235 236 255 
853 236 237 257 
854 255 236 256 
855 256 236 257 
856 257 237 238 
857 238 239 259 
858 257 238 258 
859 258 238 259 
860 239 240 260 
861 239 260 259 
2 14 2 43
862 15 281 16 
863 16 281 260 
864 261 30 29 
865 261 29 241 
866 241 242 262 
867 241 262 261 
868 242 243 263 
869 262 242 263 
870 243 244 264 
871 263 243 264 
872 265 244 245 
873 264 244 265 
874 246 266 245 
875 245 266 265 
876 247 267 246 
877 267 266 246 
878 248 268 247 
879 268 267 247 
880 249 269 248 
881 269 268 248 
882 250 270 249 
883 270 269 249 
884 251 271 250 
885 250 271 270 
886 252 272 251 
887 251 272 271 
888 253 273 252 
889 252 273 272 
890 254 274 253 
891 253 274 273 
892 255 275 254 
893 254 275 274 
894 256 276 255 
895 276 275 255 
896 257 277 256 
897 277 276 256 
898 258 278 257 
899 257 278 277 
900 259 279 258 
901 258 279 278 
902 260 280 259 
903 259 280 279 
904 260 281 280 
2 15 2 90
905 14 561 46 
906 302 561 14 
907 46 561 15 
908 15 561 281 
909 30 568 199 
910 261 568 30 
911 199 568 31 
912 31 568 282 
913 262 567 261 
914 567 568 261 
915 263 555 262 
916 555 567 262 
917 264 571 263 
918 263 571 555 
919 265 553 264 
920 553 571 264 
921 266 570 265 
922 265 570 553 
923 267 559 266 
924 559 570 266 
925 268 557 267 
926 557 559 267 
927 269 569 268 
928 268 569 557 
929 270 563 269 
930 563 569 269 
931 271 556 270 
932 556 563 270 
933 272 565 271 
934 271 565 556 
935 273 566 272 
936 272 566 565 
937 274 552 273 
938 552 566 273 
939 275 564 274 
940 274 564 552 
941 276 554 275 
942 554 564 275 
943 277 573 276 
944 276 573 554 
945 278 562 277 
946 562 573 277 
947 279 558 278 
948 558 562 278 
949 280 572 279 
950 279 572 558 
951 281 560 280 
952 560 572 280 
953 281 561 560 
954 282 567 283 
955 282 568 567 
956 283 555 284 
957 283 567 555 
958 284 571 285 
959 555 571 284 
960 285 553 286 
961 285 571 553 
962 286 570 287 
963 553 570 286 
964 287 559 288 
965 287 570 559 
966 288 557 289 
967 288 559 557 
968 289 569 290 
969 557 569 289 
970 290 563 291 
971 290 569 563 
972 291 556 292 
973 291 563 556 
974 292 565 293 
975 556 565 292 
976 293 566 294 
977 565 566 293 
978 294 552 295 
979 294 566 552 
980 295 564 296 
981 552 564 295 
982 296 554 297 
983 296 564 554 
984 297 573 298 
985 554 573 297 
986 298 562 299 
987 298 573 562 
988 299 558 300 
989 299 562 558 
990 300 572 301 
991 558 572 300 
992 301 560 302 
993 301 572 560 
994 560 561 302 
2 16 2 127
995 13 609 45 
996 320 609 13 
997 44 614 14 
998 14 614 302 
999 31 613 201 
1000 282 613 31 
1001 200 608 32 
1002 32 608 303 
1003 45 575 44 
1004 575 614 44 
1005 45 609 575 
1006 201 574 200 
1007 574 608 200 
1008 201 613 574 
1009 283 611 282 
1010 611 613 282 
1011 284 597 283 
1012 597 611 283 
1013 285 594 284 
1014 594 597 284 
1015 286 596 285 
1016 285 596 594 
1017 287 602 286 
1018 286 602 596 
1019 288 607 287 
1020 287 607 602 
1021 289 612 288 
1022 288 612 607 
1023 290 612 289 
1024 291 599 290 
1025 599 612 290 
1026 292 601 291 
1027 291 601 599 
1028 293 595 292 
1029 595 601 292 
1030 294 600 293 
1031 293 600 595 
1032 295 604 294 
1033 294 604 600 
1034 296 606 295 
1035 295 606 604 
1036 297 606 296 
1037 298 603 297 
1038 603 606 297 
1039 299 605 298 
1040 298 605 603 
1041 300 593 299 
1042 593 605 299 
1043 301 598 300 
1044 300 598 593 
1045 302 610 301 
1046 301 610 598 
1047 302 614 610 
1048 303 592 304 
1049 303 608 592 
1050 304 582 305 
1051 304 592 582 
1052 305 589 306 
1053 582 589 305 
1054 306 579 307 
1055 306 589 579 
1056 307 587 308 
1057 579 587 307 
1058 308 576 309 
1059 308 587 576 
1060 309 585 310 
1061 576 585 309 
1062 310 581 311 
1063 310 585 581 
1064 311 586 312 
1065 581 586 311 
1066 312 580 313 
1067 312 586 580 
1068 313 588 314 
1069 580 588 313 
1070 314 577 315 
1071 314 588 577 
1072 315 584 316 
1073 577 584 315 
1074 316 578 317 
1075 316 584 578 
1076 317 590 318 
1077 578 590 317 
1078 318 583 319 
1079 318 590 583 
1080 319 591 320 
1081 583 591 319 
1082 591 609 320 
1083 592 608 574 
1084 574 611 592 
1085 574 613 611 
1086 575 609 591 
1087 591 610 575 
1088 610 614 575 
1089 576 612 585 
1090 587 607 576 
1091 607 612 576 
1092 577 606 584 
1093 588 604 577 
1094 604 606 577 
1095 584 603 578 
1096 578 605 590 
1097 603 605 578 
1098 579 602 587 
1099 589 596 579 
1100 596 602 579 
1101 586 595 580 
1102 580 600 588 
1103 595 600 580 
1104 585 599 581 
1105 581 601 586 
1106 599 601 581 
1107 582 594 589 
1108 592 597 582 
1109 582 597 594 
1110 590 593 583 
1111 583 598 591 
1112 593 598 583 
1113 584 606 603 
1114 585 612 599 
1115 586 601 595 
1116 602 607 587 
1117 600 604 588 
1118 594 596 589 
1119 590 605 593 
1120 598 610 591 
1121 592 611 597 
2 17 2 45
1122 12 615 13 
1123 337 615 12 
1124 13 615 320 
1125 32 616 33 
1126 303 616 32 
1127 33 616 321 
1128 304 618 303 
1129 321 616 303 
1130 303 618 321 
1131 305 322 304 
1132 322 618 304 
1133 306 323 305 
1134 323 322 305 
1135 307 324 306 
1136 324 323 306 
1137 308 325 307 
1138 325 324 307 
1139 309 326 308 
1140 326 325 308 
1141 310 327 309 
1142 327 326 309 
1143 311 328 310 
1144 328 327 310 
1145 312 329 311 
1146 329 328 311 
1147 313 330 312 
1148 330 329 312 
1149 314 331 313 
1150 331 330 313 
1151 315 332 314 
1152 332 331 314 
1153 316 333 315 
1154 333 332 315 
1155 317 334 316 
1156 334 333 316 
1157 318 335 317 
1158 335 334 317 
1159 319 336 318 
1160 336 335 318 
1161 320 617 319 
1162 319 617 336 
1163 320 615 337 
1164 337 617 320 
1165 321 618 322 
1166 336 617 337 
2 18 2 46
1167 12 11 621 
1168 11 352 621 
1169 337 12 621 
1170 34 33 620 
1171 33 321 620 
1172 338 34 620 
1173 321 322 338 
1174 321 338 620 
1175 322 323 339 
1176 338 322 339 
1177 323 324 340 
1178 339 323 340 
1179 324 325 341 
1180 340 324 341 
1181 325 326 342 
1182 341 325 342 
1183 326 327 343 
1184 342 326 343 
1185 327 328 623 
1186 343 327 623 
1187 328 329 619 
1188 344 328 619 
1189 328 344 623 
1190 329 330 622 
1191 329 345 619 
1192 345 329 622 
1193 330 331 346 
1194 330 346 622 
1195 331 332 347 
1196 346 331 347 
1197 332 333 348 
1198 347 332 348 
1199 333 334 349 
1200 348 333 349 
1201 334 335 350 
1202 349 334 350 
1203 335 336 351 
1204 350 335 351 
1205 336 337 624 
1206 351 336 624 
1207 352 337 621 
1208 337 352 624 
1209 344 343 623 
1210 345 344 619 
1211 346 345 622 
1212 352 351 624 
2 19 2 60
1213 10 637 43 
1214 60 637 10 
1215 43 637 11 
1216 11 637 352 
1217 18 638 48 
1218 202 638 18 
1219 34 638 202 
1220 338 638 34 
1221 48 629 49 
1222 48 638 629 
1223 49 634 50 
1224 629 634 49 
1225 50 636 51 
1226 634 636 50 
1227 51 631 52 
1228 51 636 631 
1229 52 627 53 
1230 52 631 627 
1231 53 626 54 
1232 53 627 626 
1233 54 625 55 
1234 54 626 625 
1235 55 628 56 
1236 625 628 55 
1237 56 632 57 
1238 628 632 56 
1239 57 635 58 
1240 632 635 57 
1241 58 633 59 
1242 58 635 633 
1243 59 630 60 
1244 59 633 630 
1245 630 637 60 
1246 339 629 338 
1247 629 638 338 
1248 340 634 339 
1249 339 634 629 
1250 341 636 340 
1251 340 636 634 
1252 342 636 341 
1253 343 631 342 
1254 631 636 342 
1255 344 627 343 
1256 627 631 343 
1257 345 626 344 
1258 626 627 344 
1259 346 625 345 
1260 625 626 345 
1261 347 628 346 
1262 346 628 625 
1263 348 632 347 
1264 347 632 628 
1265 349 635 348 
1266 348 635 632 
1267 350 635 349 
1268 351 633 350 
1269 633 635 350 
1270 352 630 351 
1271 630 633 351 
1272 352 637 630 
3 1 4 1780
1273 195 532 624 617 
1274 524 74 620 521 
1275 616 620 74 521 
1276 624 532 89 617 
1277 1 196 530 7 
1278 180 26 531 21 
1279 619 329 328 81 
1280 217 193 87 194 
1281 206 76 183 182 
1282 195 532 89 624 
1283 616 74 620 321 
1284 89 621 337 615 
1285 330 329 622 82 
1286 613 523 221 520 
1287 240 353 356 614 
1288 183 324 76 206 
1289 217 193 334 87 
1290 194 87 217 335 
1291 195 194 218 335 
1292 532 196 89 617 
1293 530 196 220 615 
1294 618 74 75 181 
1295 230 231 292 556 
1296 231 565 292 556 
1297 520 221 613 568 
1298 240 561 353 614 
1299 329 81 188 211 
1300 194 195 88 335 
1301 182 323 75 181 
1302 81 329 311 211 
1303 325 77 184 207 
1304 210 80 623 187 
1305 81 328 187 211 
1306 521 20 74 531 
1307 531 180 616 203 
1308 530 8 89 354 
1309 311 328 81 211 
1310 87 334 217 335 
1311 329 311 328 81 
1312 618 74 181 180 
1313 195 219 532 617 
1314 524 20 74 521 
1315 354 8 89 357 
1316 624 336 195 617 
1317 86 192 216 333 
1318 188 82 329 212 
1319 312 329 82 212 
1320 183 184 77 207 
1321 565 292 595 231 
1322 292 601 231 230 
1323 337 196 89 615 
1324 359 356 353 614 
1325 523 613 526 520 
1326 530 7 8 354 
1327 521 21 20 531 
1328 77 325 307 207 
1329 329 330 312 82 
1330 74 620 407 524 
1331 89 406 621 357 
1332 230 271 231 556 
1333 72 59 388 363 
1334 221 523 28 520 
1335 240 353 17 356 
1336 271 565 231 556 
1337 79 327 326 309 
1338 216 193 192 86 
1339 292 601 230 556 
1340 321 616 74 180 
1341 366 62 49 389 
1342 70 57 385 365 
1343 292 601 595 231 
1344 595 231 232 566 
1345 195 89 88 624 
1346 86 216 316 333 
1347 89 624 617 337 
1348 370 58 71 383 
1349 337 320 196 615 
1350 215 191 332 85 
1351 215 192 85 333 
1352 563 601 230 229 
1353 323 322 75 181 
1354 335 195 88 336 
1355 618 75 74 322 
1356 314 331 332 84 
1357 77 184 183 95 
1358 523 574 613 221 
1359 356 575 240 614 
1360 368 53 66 381 
1361 322 618 75 181 
1362 51 64 387 367 
1363 334 317 217 335 
1364 376 52 65 386 
1365 321 618 74 322 
1366 230 601 563 556 
1367 303 616 321 180 
1368 77 325 324 307 
1369 219 195 318 319 
1370 332 315 215 85 
1371 372 51 64 380 
1372 620 527 407 524 
1373 563 270 230 556 
1374 382 50 63 373 
1375 406 360 621 357 
1376 232 231 272 566 
1377 617 320 196 337 
1378 270 563 230 229 
1379 219 195 218 318 
1380 182 76 183 94 
1381 105 87 193 194 
1382 372 65 52 380 
1383 85 315 215 333 
1384 181 204 618 180 
1385 638 18 375 528 
1386 361 637 10 364 
1387 320 220 196 615 
1388 403 378 41 361 
1389 617 196 89 337 
1390 333 316 86 334 
1391 75 76 323 182 
1392 194 88 87 335 
1393 231 595 272 566 
1394 374 69 56 628 
1395 527 407 90 377 
1396 204 304 305 181 
1397 321 618 303 180 
1398 219 195 319 617 
1399 192 193 104 86 
1400 336 318 195 319 
1401 322 305 304 181 
1402 403 637 361 364 
1403 565 595 272 231 
1404 189 330 312 313 
1405 205 204 305 181 
1406 303 618 204 203 
1407 303 618 304 204 
1408 217 316 193 216 
1409 206 183 307 207 
1410 375 638 528 404 
1411 371 56 69 379 
1412 630 388 59 363 
1413 385 58 71 365 
1414 293 565 595 566 
1415 615 621 12 357 
1416 206 305 182 205 
1417 272 595 565 566 
1418 303 616 180 203 
1419 368 67 54 381 
1420 89 7 8 530 
1421 21 74 20 531 
1422 387 63 50 367 
1423 332 315 85 333 
1424 629 366 49 389 
1425 184 208 308 207 
1426 212 189 312 213 
1427 359 353 561 614 
1428 520 613 526 568 
1429 74 618 321 180 
1430 191 314 214 215 
1431 204 618 304 181 
1432 601 291 563 556 
1433 72 59 370 383 
1434 76 77 324 183 
1435 610 561 240 614 
1436 611 613 221 568 
1437 374 55 68 628 
1438 180 204 618 203 
1439 181 75 182 93 
1440 68 55 369 397 
1441 387 64 51 380 
1442 187 310 210 211 
1443 88 106 195 194 
1444 327 309 186 310 
1445 354 358 13 615 
1446 233 600 232 552 
1447 53 368 626 381 
1448 404 377 528 91 
1449 228 569 229 599 
1450 380 65 52 386 
1451 209 186 309 210 
1452 213 314 214 190 
1453 281 15 16 353 
1454 520 30 29 261 
1455 382 62 49 373 
1456 209 308 185 208 
1457 521 616 32 525 
1458 336 195 88 624 
1459 542 582 304 536 
1460 319 543 538 591 
1461 617 624 336 337 
1462 229 563 601 599 
1463 369 54 67 397 
1464 359 44 356 614 
1465 201 613 526 523 
1466 308 326 78 325 
1467 213 189 312 313 
1468 72 59 383 388 
1469 553 570 225 286 
1470 193 86 334 87 
1471 595 232 600 566 
1472 43 41 378 361 
1473 536 542 582 222 
1474 309 308 326 185 
1475 269 228 569 229 
1476 13 320 615 358 
1477 371 70 57 379 
1478 303 32 616 525 
1479 389 62 49 382 
1480 236 562 298 573 
1481 81 82 329 188 
1482 561 353 281 240 
1483 618 322 304 181 
1484 313 331 314 190 
1485 314 213 313 190 
1486 210 186 309 310 
1487 195 336 319 617 
1488 618 303 180 203 
1489 83 330 313 331 
1490 376 66 53 386 
1491 560 239 572 301 
1492 283 567 222 555 
1493 500 39 37 464 
1494 541 229 534 581 
1495 229 541 585 581 
1496 381 53 66 386 
1497 379 70 57 385 
1498 387 50 63 382 
1499 537 523 200 198 
1500 539 47 45 356 
1501 308 209 185 309 
1502 601 586 231 230 
1503 407 20 74 524 
1504 397 54 67 381 
1505 377 202 528 91 
1506 305 306 206 182 
1507 406 89 8 357 
1508 569 269 229 599 
1509 386 376 52 627 
1510 582 592 304 536 
1511 369 55 625 397 
1512 301 560 239 610 
1513 567 611 283 222 
1514 626 368 54 381 
1515 319 583 543 591 
1516 586 230 534 533 
1517 273 232 600 552 
1518 534 230 586 581 
1519 345 329 619 81 
1520 305 323 306 182 
1521 586 534 311 533 
1522 377 528 202 404 
1523 558 572 238 300 
1524 571 555 284 223 
1525 608 303 536 537 
1526 536 582 592 222 
1527 58 370 633 383 
1528 581 534 541 310 
1529 600 232 273 566 
1530 312 533 535 580 
1531 566 273 600 552 
1532 381 626 53 386 
1533 403 43 378 361 
1534 397 625 54 381 
1535 541 544 228 585 
1536 544 576 228 585 
1537 42 378 406 637 
1538 219 543 538 319 
1539 560 561 240 610 
1540 568 221 611 567 
1541 320 220 358 609 
1542 535 533 231 580 
1543 577 233 540 545 
1544 570 602 225 286 
1545 236 298 603 573 
1546 586 534 581 311 
1547 563 291 601 599 
1548 40 37 39 464 
1549 581 541 585 310 
1550 596 553 225 286 
1551 180 74 181 92 
1552 562 298 605 236 
1553 233 540 588 577 
1554 562 237 299 558 
1555 224 553 285 571 
1556 397 68 55 628 
1557 311 533 211 212 
1558 560 240 239 610 
1559 567 221 611 222 
1560 601 586 595 231 
1561 533 586 231 580 
1562 535 212 312 213 
1563 608 523 200 537 
1564 609 539 45 356 
1565 558 237 299 593 
1566 540 577 545 314 
1567 533 534 311 211 
1568 312 533 212 535 
1569 533 312 586 580 
1570 220 539 358 609 
1571 345 619 344 81 
1572 523 574 221 537 
1573 240 539 575 356 
1574 369 625 54 397 
1575 59 383 388 630 
1576 545 584 577 234 
1577 579 225 226 602 
1578 191 84 332 85 
1579 594 224 285 571 
1580 159 179 434 178 
1581 12 354 615 357 
1582 541 309 544 585 
1583 232 540 535 588 
1584 534 210 310 211 
1585 577 540 588 314 
1586 52 380 386 627 
1587 580 232 535 588 
1588 293 595 600 566 
1589 49 629 389 382 
1590 579 589 547 224 
1591 222 241 567 221 
1592 60 73 388 363 
1593 308 544 576 587 
1594 536 303 204 203 
1595 637 60 10 364 
1596 375 48 18 638 
1597 345 622 329 82 
1598 608 592 574 537 
1599 225 550 579 226 
1600 533 311 312 212 
1601 540 213 535 313 
1602 210 541 534 310 
1603 204 304 303 536 
1604 238 558 300 593 
1605 576 544 309 585 
1606 235 584 578 549 
1607 604 600 233 552 
1608 371 632 56 379 
1609 204 542 304 536 
1610 337 621 12 615 
1611 575 609 539 591 
1612 231 595 232 580 
1613 598 572 239 301 
1614 616 620 33 321 
1615 571 284 594 223 
1616 597 283 222 555 
1617 74 338 321 322 
1618 57 635 385 365 
1619 360 42 406 637 
1620 239 598 301 610 
1621 229 269 563 599 
1622 39 500 421 464 
1623 54 53 368 626 
1624 597 283 611 222 
1625 391 625 345 384 
1626 625 626 54 381 
1627 313 535 540 588 
1628 50 382 634 373 
1629 598 238 572 300 
1630 545 549 584 234 
1631 555 597 284 223 
1632 372 631 51 380 
1633 221 574 592 537 
1634 541 209 309 210 
1635 314 540 213 214 
1636 312 535 213 313 
1637 311 534 310 211 
1638 407 527 638 377 
1639 539 240 575 591 
1640 561 610 302 614 
1641 625 54 55 369 
1642 613 611 282 568 
1643 229 601 230 581 
1644 579 226 587 602 
1645 269 569 563 599 
1646 82 345 622 346 
1647 52 631 372 380 
1648 407 527 20 524 
1649 498 161 452 465 
1650 326 78 79 185 
1651 313 580 535 588 
1652 226 550 579 587 
1653 564 233 604 234 
1654 465 161 452 108 
1655 360 406 8 357 
1656 600 294 566 552 
1657 573 236 562 277 
1658 603 605 298 236 
1659 203 536 303 537 
1660 574 523 608 537 
1661 578 551 236 235 
1662 237 578 590 551 
1663 603 578 236 235 
1664 539 609 575 356 
1665 366 48 61 389 
1666 596 225 602 286 
1667 619 328 344 81 
1668 545 577 584 315 
1669 638 202 18 528 
1670 637 10 43 361 
1671 338 74 75 322 
1672 69 374 390 628 
1673 314 545 214 215 
1674 237 605 578 236 
1675 545 540 314 214 
1676 544 209 309 541 
1677 578 590 605 237 
1678 86 85 192 333 
1679 564 274 233 234 
1680 557 268 227 228 
1681 592 608 536 537 
1682 578 603 584 235 
1683 525 608 200 198 
1684 300 598 238 593 
1685 358 47 45 609 
1686 623 327 310 328 
1687 367 387 51 636 
1688 530 1 7 354 
1689 121 138 122 412 
1690 521 26 21 531 
1691 78 77 184 325 
1692 115 409 132 116 
1693 609 538 539 591 
1694 316 578 584 549 
1695 539 240 17 356 
1696 221 28 523 537 
1697 421 40 39 464 
1698 329 345 82 81 
1699 546 590 238 583 
1700 544 308 548 587 
1701 542 547 582 223 
1702 547 589 582 223 
1703 630 59 60 363 
1704 366 49 48 629 
1705 309 541 210 310 
1706 313 540 213 314 
1707 597 594 284 223 
1708 390 374 68 628 
1709 82 391 345 384 
1710 208 209 308 544 
1711 397 55 625 628 
1712 551 237 578 236 
1713 381 397 625 391 
1714 137 120 422 121 
1715 463 143 482 142 
1716 386 626 53 627 
1717 303 32 525 608 
1718 13 320 358 609 
1719 344 391 626 345 
1720 225 224 553 596 
1721 238 543 546 583 
1722 572 239 238 598 
1723 545 584 549 315 
1724 555 222 597 223 
1725 126 456 455 463 
1726 562 605 237 236 
1727 233 604 274 564 
1728 344 391 345 81 
1729 71 72 370 383 
1730 89 402 88 624 
1731 450 490 430 431 
1732 599 601 229 581 
1733 225 226 602 570 
1734 306 579 589 547 
1735 605 299 237 593 
1736 235 236 603 573 
1737 608 303 592 536 
1738 53 376 386 627 
1739 554 603 573 276 
1740 628 384 390 346 
1741 456 6 362 461 
1742 111 457 22 460 
1743 227 612 557 228 
1744 633 370 59 383 
1745 550 226 548 587 
1746 353 281 15 561 
1747 568 30 520 261 
1748 638 375 48 404 
1749 461 456 6 126 
1750 558 238 237 593 
1751 82 622 330 346 
1752 299 605 237 562 
1753 523 200 574 608 
1754 637 403 60 364 
1755 281 16 260 353 
1756 261 29 520 241 
1757 575 609 45 356 
1758 609 320 538 591 
1759 224 225 579 596 
1760 578 551 235 549 
1761 431 490 430 474 
1762 388 383 392 630 
1763 393 389 629 382 
1764 482 455 456 463 
1765 593 238 590 583 
1766 559 570 602 266 
1767 122 138 467 412 
1768 225 579 550 224 
1769 66 67 368 381 
1770 594 224 571 223 
1771 118 430 117 134 
1772 546 237 590 551 
1773 221 592 536 537 
1774 579 547 550 224 
1775 501 456 36 362 
1776 285 596 224 594 
1777 543 219 318 319 
1778 112 128 483 462 
1779 60 388 630 363 
1780 64 65 372 380 
1781 579 589 224 596 
1782 224 553 596 285 
1783 240 539 538 591 
1784 388 73 60 403 
1785 620 34 338 407 
1786 625 345 384 346 
1787 634 382 49 373 
1788 636 387 51 380 
1789 352 406 11 621 
1790 161 452 109 498 
1791 408 119 135 118 
1792 109 452 161 108 
1793 482 455 463 125 
1794 420 522 109 498 
1795 71 70 385 365 
1796 383 59 633 630 
1797 111 112 413 462 
1798 142 482 463 125 
1799 569 228 612 599 
1800 90 638 527 377 
1801 133 116 437 117 
1802 90 202 638 377 
1803 381 625 626 391 
1804 49 629 382 634 
1805 5 501 461 143 
1806 110 522 109 420 
1807 123 122 139 438 
1808 83 331 190 84 
1809 207 208 308 548 
1810 543 219 218 318 
1811 550 307 579 587 
1812 388 73 72 363 
1813 396 391 626 344 
1814 189 82 330 83 
1815 460 23 127 499 
1816 238 590 237 593 
1817 325 341 77 324 
1818 378 42 43 637 
1819 387 50 382 634 
1820 456 455 482 464 
1821 145 420 164 443 
1822 529 22 457 460 
1823 396 391 344 81 
1824 136 426 120 119 
1825 63 62 382 373 
1826 477 422 425 473 
1827 563 569 290 599 
1828 422 477 120 137 
1829 389 48 61 404 
1830 251 230 271 231 
1831 582 597 592 222 
1832 537 200 608 198 
1833 545 314 315 215 
1834 209 309 308 544 
1835 552 274 604 564 
1836 114 131 115 427 
1837 539 45 47 609 
1838 374 56 55 628 
1839 583 598 239 591 
1840 127 483 128 462 
1841 472 432 451 493 
1842 228 229 541 585 
1843 376 53 52 627 
1844 456 40 36 362 
1845 608 525 537 198 
1846 529 457 162 499 
1847 358 539 47 609 
1848 112 483 413 462 
1849 450 490 471 437 
1850 380 52 631 627 
1851 339 75 76 323 
1852 351 87 88 335 
1853 2 220 539 358 
1854 203 27 537 525 
1855 557 612 268 228 
1856 385 635 58 365 
1857 127 111 483 462 
1858 586 231 230 533 
1859 600 604 294 552 
1860 360 11 406 621 
1861 48 366 629 389 
1862 346 384 390 347 
1863 231 272 251 232 
1864 422 489 137 121 
1865 316 216 549 215 
1866 34 620 527 407 
1867 443 145 420 480 
1868 221 592 611 222 
1869 600 232 595 580 
1870 57 632 371 379 
1871 488 429 471 409 
1872 387 64 63 367 
1873 485 438 424 472 
1874 229 585 599 581 
1875 46 353 561 359 
1876 526 520 568 199 
1877 455 126 463 125 
1878 162 108 457 529 
1879 549 545 315 215 
1880 548 208 308 544 
1881 230 534 229 581 
1882 610 560 561 302 
1883 568 611 282 567 
1884 367 50 387 636 
1885 178 434 453 179 
1886 591 239 240 610 
1887 573 297 603 554 
1888 139 123 438 494 
1889 386 381 626 396 
1890 130 114 113 410 
1891 233 274 604 552 
1892 312 586 311 533 
1893 427 470 448 410 
1894 573 235 236 276 
1895 467 139 122 438 
1896 542 304 305 204 
1897 227 576 587 607 
1898 588 600 232 233 
1899 130 470 114 410 
1900 375 61 48 404 
1901 432 123 124 140 
1902 366 61 62 389 
1903 547 582 305 542 
1904 625 384 628 346 
1905 230 249 270 229 
1906 163 145 420 164 
1907 111 413 483 462 
1908 594 582 589 223 
1909 376 65 66 386 
1910 456 421 455 464 
1911 475 117 430 134 
1912 601 586 230 581 
1913 602 287 570 559 
1914 280 560 239 572 
1915 567 222 555 262 
1916 374 68 69 390 
1917 465 162 161 108 
1918 535 312 580 313 
1919 578 316 551 549 
1920 228 229 585 599 
1921 139 138 467 122 
1922 305 542 204 205 
1923 485 467 438 472 
1924 360 43 42 637 
1925 527 202 638 90 
1926 424 467 438 485 
1927 138 121 489 412 
1928 86 333 334 349 
1929 590 237 546 238 
1930 589 547 582 305 
1931 131 114 470 427 
1932 453 178 179 414 
1933 589 224 594 223 
1934 345 82 384 346 
1935 137 477 120 136 
1936 527 638 34 407 
1937 429 488 428 409 
1938 475 133 117 134 
1939 296 564 606 554 
1940 592 303 304 536 
1941 409 487 132 116 
1942 391 625 626 345 
1943 310 581 534 311 
1944 360 406 11 637 
1945 490 150 450 471 
1946 403 73 60 364 
1947 543 546 583 318 
1948 578 317 590 551 
1949 119 468 408 135 
1950 307 550 548 587 
1951 320 319 538 591 
1952 119 136 468 135 
1953 542 305 547 205 
1954 546 543 218 318 
1955 68 397 390 628 
1956 305 206 547 205 
1957 218 217 546 318 
1958 607 559 267 557 
1959 586 595 231 580 
1960 412 424 423 485 
1961 492 428 488 427 
1962 572 238 279 558 
1963 223 571 555 263 
1964 437 475 133 117 
1965 237 562 278 558 
1966 224 553 571 264 
1967 583 546 590 318 
1968 40 36 37 464 
1969 477 426 120 136 
1970 121 422 489 412 
1971 338 75 74 398 
1972 57 635 379 385 
1973 557 612 289 569 
1974 260 281 353 240 
1975 232 535 231 580 
1976 528 638 202 404 
1977 426 136 468 119 
1978 403 60 388 637 
1979 411 124 125 141 
1980 163 522 420 498 
1981 597 611 592 222 
1982 522 163 144 498 
1983 333 86 85 349 
1984 116 437 487 133 
1985 607 226 227 559 
1986 471 150 450 429 
1987 56 57 632 371 
1988 450 471 429 437 
1989 51 52 631 372 
1990 216 217 316 551 
1991 206 307 550 207 
1992 628 390 69 379 
1993 433 444 446 177 
1994 115 409 478 132 
1995 17 260 353 240 
1996 241 28 520 221 
1997 588 604 233 577 
1998 598 239 591 610 
1999 438 122 467 412 
2000 423 473 412 485 
2001 600 588 604 233 
2002 77 78 341 325 
2003 442 165 419 436 
2004 164 165 145 443 
2005 43 403 637 361 
2006 466 433 411 476 
2007 588 232 540 233 
2008 576 227 544 228 
2009 554 234 235 275 
2010 226 227 559 267 
2011 92 75 181 93 
2012 421 500 160 481 
2013 88 107 195 106 
2014 224 571 223 264 
2015 547 306 579 550 
2016 83 384 346 347 
2017 435 436 479 410 
2018 249 228 269 229 
2019 636 340 394 341 
2020 475 437 450 430 
2021 222 542 582 223 
2022 589 547 224 223 
2023 543 238 239 583 
2024 384 83 390 347 
2025 389 638 48 404 
2026 433 466 493 476 
2027 114 470 130 131 
2028 549 235 584 234 
2029 408 468 426 449 
2030 113 479 130 410 
2031 465 457 483 499 
2032 392 402 388 630 
2033 606 577 584 234 
2034 559 227 607 267 
2035 496 408 135 118 
2036 431 449 152 484 
2037 546 590 317 551 
2038 522 110 25 420 
2039 611 613 574 221 
2040 240 575 610 614 
2041 494 123 432 140 
2042 476 432 124 140 
2043 118 496 430 134 
2044 168 440 429 428 
2045 382 629 393 634 
2046 43 41 42 378 
2047 235 603 554 276 
2048 474 431 152 484 
2049 633 392 383 630 
2050 67 68 369 397 
2051 230 251 271 250 
2052 440 415 168 429 
2053 438 432 451 472 
2054 541 309 585 310 
2055 340 76 77 324 
2056 427 114 470 410 
2057 613 201 574 523 
2058 44 575 356 614 
2059 227 548 226 587 
2060 564 606 554 275 
2061 221 536 592 222 
2062 228 612 268 569 
2063 308 307 207 548 
2064 315 316 549 215 
2065 603 235 573 276 
2066 557 268 612 569 
2067 629 398 389 393 
2068 559 602 226 266 
2069 382 394 387 634 
2070 146 145 165 443 
2071 582 597 222 223 
2072 175 417 424 441 
2073 108 465 162 457 
2074 465 457 413 483 
2075 240 538 239 591 
2076 522 25 163 420 
2077 598 239 238 583 
2078 432 433 451 493 
2079 439 431 447 170 
2080 439 415 504 98 
2081 447 100 502 416 
2082 580 600 232 588 
2083 327 343 79 326 
2084 482 456 464 501 
2085 450 490 437 475 
2086 561 281 560 240 
2087 267 227 607 557 
2088 167 418 440 428 
2089 487 409 437 116 
2090 467 139 438 494 
2091 432 438 123 494 
2092 570 226 602 266 
2093 167 418 428 448 
2094 469 436 479 435 
2095 234 235 606 554 
2096 371 69 70 379 
2097 173 423 425 445 
2098 107 88 195 89 
2099 181 74 75 92 
2100 492 448 470 410 
2101 144 24 522 498 
2102 355 4 160 500 
2103 443 469 413 435 
2104 634 49 50 373 
2105 635 57 58 365 
2106 370 59 58 633 
2107 51 50 367 636 
2108 481 453 421 434 
2109 537 28 523 198 
2110 17 47 539 356 
2111 602 579 225 596 
2112 171 447 431 170 
2113 120 426 477 422 
2114 176 493 433 177 
2115 403 9 73 364 
2116 272 252 251 232 
2117 249 230 270 250 
2118 545 577 233 234 
2119 477 422 489 137 
2120 351 88 402 624 
2121 437 490 471 475 
2122 402 89 352 624 
2123 113 129 479 435 
2124 603 578 605 236 
2125 36 40 456 464 
2126 178 453 434 414 
2127 424 423 174 441 
2128 576 612 228 585 
2129 146 165 436 443 
2130 467 438 412 424 
2131 349 86 399 395 
2132 375 19 61 404 
2133 449 468 426 484 
2134 493 472 432 476 
2135 550 207 307 548 
2136 316 216 551 549 
2137 492 478 427 488 
2138 172 425 449 416 
2139 473 425 477 495 
2140 425 173 445 416 
2141 468 408 474 484 
2142 464 456 36 501 
2143 40 421 456 464 
2144 138 489 467 412 
2145 377 90 202 91 
2146 427 131 115 478 
2147 131 115 478 132 
2148 490 475 430 474 
2149 408 496 430 118 
2150 441 423 174 445 
2151 505 439 99 447 
2152 607 602 226 559 
2153 178 158 434 159 
2154 158 178 434 177 
2155 540 313 588 314 
2156 438 432 472 494 
2157 93 508 419 94 
2158 479 113 435 410 
2159 113 112 491 435 
2160 113 491 129 435 
2161 554 606 234 275 
2162 626 386 396 627 
2163 350 334 86 87 
2164 353 15 46 561 
2165 568 520 30 199 
2166 408 468 449 484 
2167 433 451 176 446 
2168 620 338 74 407 
2169 125 486 411 141 
2170 456 6 40 362 
2171 611 574 592 221 
2172 432 411 433 476 
2173 406 378 402 352 
2174 606 564 604 234 
2175 437 475 117 430 
2176 386 380 401 627 
2177 476 124 411 141 
2178 633 351 392 630 
2179 51 631 636 380 
2180 604 295 552 564 
2181 352 89 406 621 
2182 457 465 162 499 
2183 421 160 453 481 
2184 457 108 22 529 
2185 434 444 178 414 
2186 427 428 488 478 
2187 450 490 475 430 
2188 591 240 575 610 
2189 473 467 412 485 
2190 473 422 425 423 
2191 350 349 635 395 
2192 393 629 339 634 
2193 338 34 638 407 
2194 352 11 406 637 
2195 232 253 273 252 
2196 348 349 399 635 
2197 106 107 511 414 
2198 408 426 468 119 
2199 175 157 451 176 
2200 390 628 346 347 
2201 173 425 172 416 
2202 635 349 399 395 
2203 382 393 394 634 
2204 457 111 127 460 
2205 111 483 457 127 
2206 466 411 434 455 
2207 446 176 433 177 
2208 217 546 317 551 
2209 306 547 206 550 
2210 417 176 451 446 
2211 417 503 103 441 
2212 347 332 331 84 
2213 443 469 480 413 
2214 433 451 493 176 
2215 450 169 415 429 
2216 164 454 419 443 
2217 472 451 156 157 
2218 451 156 424 472 
2219 109 522 161 498 
2220 606 564 234 275 
2221 433 158 434 177 
2222 165 164 419 443 
2223 425 473 423 154 
2224 544 309 308 576 
2225 509 445 416 101 
2226 112 491 129 113 
2227 99 98 439 187 
2228 206 547 306 305 
2229 317 546 217 318 
2230 431 151 490 474 
2231 517 95 442 94 
2232 402 392 351 630 
2233 426 449 484 495 
2234 606 295 564 296 
2235 426 477 422 425 
2236 559 607 288 557 
2237 411 466 486 455 
2238 418 516 95 442 
2239 385 633 395 383 
2240 88 105 194 87 
2241 75 76 182 94 
2242 436 165 419 443 
2243 106 105 444 507 
2244 411 432 124 476 
2245 629 398 393 339 
2246 443 146 145 469 
2247 417 424 451 175 
2248 75 339 322 323 
2249 335 88 351 336 
2250 437 475 487 133 
2251 108 452 465 457 
2252 100 99 447 188 
2253 415 97 186 98 
2254 420 443 480 452 
2255 416 100 189 101 
2256 159 158 434 466 
2257 235 603 606 554 
2258 396 386 401 627 
2259 355 39 37 500 
2260 448 492 497 410 
2261 95 516 418 96 
2262 587 226 227 607 
2263 425 473 154 495 
2264 127 483 457 499 
2265 429 149 168 428 
2266 506 92 93 454 
2267 512 102 441 445 
2268 391 626 381 396 
2269 415 513 97 440 
2270 355 4 3 179 
2271 24 163 522 25 
2272 115 409 427 478 
2273 496 475 430 134 
2274 468 496 408 135 
2275 385 635 399 395 
2276 431 430 408 474 
2277 172 447 449 171 
2278 442 166 165 436 
2279 612 290 569 599 
2280 612 228 585 599 
2281 93 75 182 94 
2282 324 340 76 323 
2283 87 350 334 335 
2284 612 289 288 557 
2285 478 492 427 470 
2286 449 447 172 416 
2287 470 130 479 410 
2288 129 479 130 113 
2289 105 88 194 106 
2290 141 476 124 140 
2291 58 635 385 633 
2292 339 338 75 322 
2293 471 488 409 478 
2294 149 150 471 429 
2295 490 450 151 431 
2296 149 168 169 429 
2297 460 127 457 499 
2298 157 175 451 156 
2299 396 626 627 344 
2300 436 442 166 448 
2301 126 461 456 143 
2302 476 472 432 494 
2303 412 422 473 423 
2304 74 338 620 321 
2305 621 352 89 337 
2306 634 387 50 636 
2307 11 43 360 637 
2308 638 34 202 527 
2309 436 146 443 469 
2310 154 155 423 174 
2311 442 419 517 94 
2312 486 466 481 455 
2313 470 497 492 410 
2314 391 397 625 384 
2315 228 249 269 248 
2316 217 317 316 551 
2317 307 206 550 306 
2318 418 96 515 440 
2319 163 24 522 144 
2320 355 160 4 179 
2321 491 479 129 435 
2322 507 444 106 414 
2323 442 418 166 448 
2324 434 158 433 466 
2325 411 486 476 141 
2326 577 545 314 315 
2327 449 426 425 495 
2328 136 477 426 468 
2329 341 400 636 342 
2330 235 606 584 234 
2331 457 413 483 111 
2332 451 424 438 472 
2333 602 607 287 559 
2334 234 253 274 233 
2335 268 248 227 228 
2336 424 156 451 175 
2337 168 415 169 429 
2338 150 149 169 429 
2339 362 501 456 461 
2340 444 433 434 177 
2341 172 153 425 173 
2342 409 429 471 437 
2343 149 429 488 428 
2344 392 395 633 383 
2345 104 446 105 510 
2346 482 456 501 143 
2347 304 305 582 542 
2348 420 454 164 443 
2349 437 471 409 487 
2350 318 583 543 319 
2351 431 152 151 474 
2352 104 514 417 446 
2353 101 445 102 190 
2354 174 423 154 173 
2355 412 422 489 473 
2356 432 476 494 140 
2357 461 501 456 143 
2358 427 409 428 478 
2359 184 516 95 96 
2360 445 512 102 190 
2361 577 604 233 234 
2362 452 465 457 413 
2363 398 338 75 339 
2364 177 157 176 493 
2365 85 84 332 348 
2366 1 196 7 518 
2367 440 168 167 428 
2368 627 401 396 343 
2369 186 513 97 415 
2370 612 607 227 557 
2371 447 431 449 171 
2372 154 423 425 173 
2373 466 434 481 455 
2374 393 75 76 339 
2375 400 394 77 341 
2376 519 197 21 458 
2377 276 235 236 255 
2378 146 436 497 469 
2379 343 396 627 344 
2380 351 87 392 88 
2381 457 529 460 499 
2382 105 446 444 510 
2383 469 436 497 479 
2384 83 82 330 346 
2385 82 345 391 81 
2386 434 444 177 178 
2387 487 478 409 132 
2388 507 106 511 414 
2389 227 576 612 228 
2390 402 351 352 630 
2391 485 155 156 174 
2392 352 351 402 624 
2393 256 276 236 255 
2394 492 448 428 427 
2395 93 508 454 419 
2396 153 154 425 173 
2397 452 420 109 498 
2398 173 174 423 445 
2399 480 465 413 483 
2400 491 413 469 435 
2401 412 489 467 473 
2402 629 338 398 339 
2403 452 480 420 498 
2404 155 423 473 154 
2405 431 439 450 170 
2406 504 439 98 187 
2407 439 169 415 450 
2408 153 425 449 172 
2409 60 388 637 630 
2410 150 169 450 429 
2411 634 340 394 636 
2412 297 606 603 554 
2413 496 430 475 474 
2414 174 175 424 441 
2415 486 466 411 476 
2416 472 467 438 494 
2417 380 636 387 400 
2418 613 282 31 568 
2419 14 561 302 614 
2420 436 166 165 497 
2421 400 636 394 341 
2422 355 160 453 500 
2423 493 451 157 176 
2424 13 12 354 615 
2425 596 589 224 594 
2426 469 480 413 491 
2427 355 453 39 500 
2428 430 496 408 474 
2429 408 496 468 474 
2430 236 257 277 256 
2431 484 468 426 495 
2432 94 77 76 183 
2433 179 518 3 459 
2434 616 32 33 521 
2435 151 152 431 170 
2436 171 431 152 170 
2437 177 157 493 158 
2438 497 147 166 146 
2439 635 632 57 379 
2440 451 176 417 175 
2441 424 412 467 485 
2442 604 295 564 606 
2443 518 7 35 459 
2444 38 35 7 459 
2445 470 131 427 478 
2446 401 380 400 342 
2447 516 517 183 95 
2448 107 518 7 196 
2449 83 390 347 405 
2450 629 638 48 389 
2451 436 448 497 410 
2452 237 590 605 593 
2453 180 26 21 519 
2454 7 518 107 459 
2455 500 160 453 421 
2456 243 224 223 264 
2457 417 503 514 192 
2458 94 77 183 95 
2459 156 485 424 472 
2460 429 471 149 488 
2461 453 39 38 355 
2462 326 79 78 342 
2463 448 492 470 427 
2464 475 471 437 487 
2465 478 409 471 487 
2466 497 166 165 146 
2467 489 137 121 138 
2468 487 132 116 133 
2469 394 387 634 636 
2470 248 227 247 268 
2471 253 234 274 254 
2472 346 330 83 331 
2473 359 14 44 614 
2474 418 167 166 448 
2475 613 526 31 201 
2476 340 394 393 634 
2477 417 103 503 192 
2478 403 378 43 637 
2479 95 516 517 442 
2480 422 477 489 473 
2481 593 598 238 583 
2482 482 486 481 455 
2483 200 574 201 523 
2484 86 399 85 349 
2485 45 44 575 356 
2486 502 447 172 171 
2487 506 93 508 454 
2488 189 509 416 101 
2489 419 508 517 94 
2490 296 606 297 554 
2491 110 458 163 420 
2492 80 396 401 343 
2493 377 202 638 404 
2494 612 290 289 569 
2495 388 378 403 637 
2496 449 153 172 171 
2497 632 347 628 405 
2498 450 439 169 170 
2499 266 265 570 245 
2500 631 401 380 627 
2501 493 432 433 476 
2502 447 502 100 188 
2503 452 443 480 413 
2504 469 443 436 435 
2505 483 413 480 491 
2506 95 517 183 94 
2507 379 635 399 385 
2508 110 163 25 420 
2509 458 197 21 110 
2510 470 479 497 410 
2511 638 389 377 404 
2512 340 77 394 341 
2513 105 86 193 87 
2514 83 347 331 84 
2515 92 519 21 458 
2516 118 135 496 134 
2517 584 316 549 315 
2518 308 307 548 587 
2519 151 169 450 150 
2520 378 388 402 637 
2521 234 255 275 254 
2522 582 594 597 223 
2523 514 104 193 510 
2524 341 340 77 324 
2525 519 21 180 92 
2526 465 452 480 413 
2527 400 380 631 342 
2528 455 486 411 125 
2529 350 635 633 395 
2530 450 150 490 151 
2531 288 607 612 557 
2532 76 394 393 340 
2533 497 165 436 146 
2534 632 348 399 635 
2535 479 491 469 435 
2536 505 447 171 170 
2537 448 428 167 492 
2538 172 447 502 416 
2539 267 226 227 247 
2540 466 158 433 493 
2541 485 423 473 155 
2542 189 502 100 416 
2543 351 350 633 392 
2544 37 4 355 500 
2545 161 522 24 498 
2546 491 483 413 112 
2547 389 398 638 377 
2548 151 169 170 450 
2549 339 340 393 634 
2550 510 444 105 507 
2551 394 76 77 340 
2552 157 472 451 493 
2553 85 332 333 348 
2554 153 449 152 171 
2555 104 514 446 510 
2556 455 482 486 125 
2557 186 504 415 98 
2558 567 262 261 241 
2559 77 184 95 96 
2560 164 163 454 420 
2561 447 505 439 170 
2562 413 491 112 435 
2563 512 503 441 191 
2564 513 515 185 440 
2565 483 491 128 112 
2566 448 166 436 497 
2567 142 486 482 125 
2568 255 234 275 235 
2569 139 123 494 140 
2570 242 223 263 243 
2571 259 258 279 238 
2572 31 526 613 568 
2573 561 14 359 614 
2574 1 7 35 518 
2575 197 21 26 519 
2576 631 401 627 343 
2577 99 505 447 188 
2578 380 401 631 342 
2579 300 558 299 593 
2580 3 35 38 518 
2581 484 449 152 153 
2582 105 193 104 510 
2583 624 89 352 337 
2584 148 167 428 492 
2585 453 160 355 179 
2586 433 411 434 466 
2587 635 385 633 395 
2588 479 436 497 410 
2589 508 93 182 94 
2590 507 106 105 194 
2591 637 402 352 630 
2592 547 589 306 305 
2593 401 78 79 342 
2594 317 590 546 318 
2595 638 629 338 398 
2596 409 488 428 478 
2597 181 506 93 508 
2598 349 334 86 350 
2599 511 106 507 195 
2600 400 631 636 342 
2601 105 510 507 194 
2602 182 517 508 94 
2603 505 99 439 187 
2604 395 633 350 392 
2605 636 394 387 400 
2606 17 260 16 353 
2607 241 28 29 520 
2608 152 449 431 171 
2609 247 267 226 246 
2610 181 506 92 93 
2611 500 453 39 421 
2612 86 105 193 104 
2613 224 245 265 244 
2614 511 107 106 195 
2615 445 509 512 190 
2616 441 102 512 191 
2617 97 513 185 440 
2618 513 186 504 415 
2619 491 129 128 112 
2620 125 142 486 141 
2621 578 316 317 551 
2622 477 426 468 495 
2623 244 224 243 264 
2624 509 445 101 190 
2625 505 439 504 187 
2626 450 151 431 170 
2627 343 80 396 344 
2628 342 78 326 325 
2629 245 226 266 246 
2630 154 425 495 153 
2631 502 189 509 416 
2632 447 505 502 188 
2633 448 167 166 492 
2634 81 99 82 188 
2635 352 406 378 637 
2636 565 595 292 293 
2637 339 76 340 323 
2638 87 351 350 335 
2639 631 636 380 400 
2640 306 307 579 550 
2641 178 507 511 414 
2642 518 38 3 459 
2643 421 481 434 455 
2644 495 425 449 153 
2645 82 101 189 100 
2646 393 398 75 339 
2647 99 100 82 188 
2648 226 587 602 607 
2649 78 401 400 342 
2650 14 46 561 359 
2651 31 526 568 199 
2652 148 166 492 147 
2653 340 393 76 339 
2654 395 350 87 392 
2655 285 284 594 571 
2656 172 509 173 416 
2657 88 392 351 402 
2658 350 351 87 392 
2659 84 83 347 405 
2660 601 292 291 556 
2661 577 606 604 234 
2662 85 84 348 405 
2663 355 3 453 179 
2664 287 607 288 559 
2665 196 195 107 511 
2666 164 506 508 454 
2667 493 158 433 177 
2668 606 584 603 235 
2669 349 85 333 348 
2670 632 399 405 379 
2671 400 77 78 341 
2672 637 388 402 630 
2673 80 401 79 343 
2674 166 148 492 167 
2675 86 349 350 395 
2676 504 169 439 170 
2677 638 629 398 389 
2678 192 104 103 85 
2679 605 299 298 562 
2680 93 182 181 508 
2681 106 507 195 194 
2682 361 9 403 364 
2683 347 332 84 348 
2684 326 343 79 342 
2685 519 25 197 110 
2686 344 343 80 623 
2687 426 477 425 495 
2688 165 508 517 419 
2689 453 38 3 355 
2690 169 415 504 439 
2691 297 603 298 573 
2692 100 502 189 188 
2693 453 3 38 459 
2694 444 507 178 414 
2695 632 348 347 405 
2696 35 38 518 459 
2697 186 504 98 187 
2698 191 102 84 85 
2699 399 632 635 379 
2700 87 86 350 395 
2701 83 384 82 346 
2702 506 180 181 92 
2703 570 287 602 286 
2704 97 80 79 186 
2705 286 596 553 285 
2706 506 92 454 458 
2707 145 443 469 480 
2708 445 173 509 416 
2709 604 295 294 552 
2710 342 341 78 325 
2711 459 511 107 414 
2712 631 401 343 342 
2713 191 503 103 192 
2714 187 99 80 81 
2715 103 102 191 85 
2716 516 183 184 95 
2717 344 80 396 81 
2718 97 80 186 98 
2719 291 563 290 599 
2720 3 453 179 459 
2721 507 510 444 177 
2722 419 517 165 442 
2723 446 514 176 510 
2724 415 513 168 169 
2725 227 576 607 612 
2726 80 98 99 187 
2727 352 378 402 637 
2728 187 505 99 188 
2729 101 189 509 190 
2730 399 348 632 405 
2731 415 168 513 440 
2732 349 399 85 348 
2733 434 481 159 466 
2734 19 375 528 404 
2735 510 105 193 194 
2736 517 182 183 94 
2737 190 512 102 191 
2738 513 185 186 97 
2739 537 525 27 198 
2740 47 2 539 358 
2741 348 399 85 405 
2742 454 508 164 419 
2743 97 78 185 79 
2744 610 301 560 302 
2745 283 282 611 567 
2746 96 185 184 515 
2747 166 517 516 442 
2748 514 193 104 192 
2749 506 164 163 454 
2750 510 446 444 177 
2751 417 514 176 446 
2752 301 598 572 300 
2753 403 41 9 361 
2754 283 597 284 555 
2755 85 192 104 86 
2756 347 346 83 331 
2757 600 294 293 566 
2758 512 174 173 445 
2759 509 172 502 416 
2760 184 77 78 96 
2761 88 351 336 624 
2762 390 628 347 405 
2763 168 515 513 440 
2764 174 512 441 445 
2765 508 165 164 419 
2766 481 421 500 464 
2767 428 488 148 492 
2768 516 418 166 442 
2769 168 167 515 440 
2770 514 503 417 175 
2771 167 418 516 515 
2772 505 504 439 170 
2773 147 448 166 492 
2774 502 505 447 171 
2775 176 514 417 175 
2776 498 452 480 465 
2777 167 418 515 440 
2778 504 513 415 169 
2779 503 417 175 441 
2780 176 446 510 177 
2781 78 97 185 96 
2782 449 484 495 153 
2783 83 102 84 190 
2784 173 509 512 445 
2785 512 503 174 441 
2786 528 19 404 91 
2787 407 338 74 398 
2788 518 511 107 459 
2789 174 503 175 441 
2790 402 89 406 352 
2791 179 511 518 459 
2792 166 167 418 516 
2793 166 165 517 442 
2794 179 178 511 414 
2795 343 401 79 342 
2796 166 448 147 497 
2797 78 400 341 342 
2798 458 519 197 110 
2799 444 507 177 178 
2800 348 84 347 405 
2801 83 102 190 101 
2802 101 82 189 83 
2803 459 179 511 414 
2804 608 200 32 525 
2805 45 13 358 609 
2806 454 163 506 458 
2807 92 506 519 458 
2808 6 5 362 461 
2809 529 23 22 460 
2810 163 519 506 458 
2811 620 33 34 524 
2812 11 12 621 357 
2813 458 454 163 420 
2814 107 511 518 196 
2815 527 620 34 524 
2816 621 360 11 357 
2817 506 519 180 92 
2818 406 8 42 360 
2819 20 527 407 90 
2820 501 36 5 362 
2821 162 23 529 499 
2822 10 9 361 364 
2823 18 19 375 528 
2824 362 5 501 461 
2825 459 453 179 414 
2826 460 529 23 499 
2827 27 26 521 531 
2828 492 147 448 497 
2829 530 2 1 354 
2830 357 615 89 354 
2831 357 89 615 621 
2832 521 620 33 616 
2833 521 33 620 524 
2834 538 320 219 319 
2835 538 219 320 220 
2836 532 320 219 220 
2837 530 89 615 354 
2838 530 615 89 196 
2839 74 531 616 521 
2840 616 531 74 180 
2841 220 2 320 358 
2842 320 2 615 358 
2843 615 2 354 358 
2844 615 354 2 530 
2845 27 203 303 525 
2846 616 27 303 525 
2847 521 27 616 525 
2848 521 616 27 531 
2849 187 81 344 328 
2850 344 81 187 80 
2851 344 623 187 328 
2852 187 623 344 80 
2853 211 328 310 311 
2854 211 310 328 187 
2855 312 189 82 330 
2856 312 82 189 212 
2857 310 186 623 210 
2858 310 623 186 327 
2859 80 623 186 210 
2860 212 329 311 312 
2861 211 329 212 188 
2862 211 212 329 311 
2863 309 185 79 209 
2864 79 185 309 326 
2865 191 314 84 214 
2866 191 84 314 332 
2867 308 184 78 208 
2868 78 184 308 325 
2869 316 333 215 315 
2870 183 307 77 324 
2871 77 307 183 207 
2872 193 316 86 216 
2873 193 86 316 334 
2874 182 306 76 323 
2875 182 76 306 206 
2876 324 76 306 323 
2877 324 306 76 206 
2878 318 335 217 317 
2879 195 196 89 532 
2880 195 89 196 107 
2881 181 305 323 322 
2882 195 318 335 218 
2883 195 335 318 336 
2884 313 190 83 331 
2885 83 190 313 213 
2886 189 313 83 330 
2887 83 313 189 213 
2888 310 187 623 328 
2889 623 187 310 210 
2890 305 182 181 323 
2891 305 181 182 205 
2892 218 335 217 318 
2893 217 335 218 194 
2894 309 186 79 327 
2895 309 79 186 209 
2896 185 308 78 208 
2897 185 78 308 326 
2898 215 332 314 315 
2899 215 314 332 191 
2900 206 324 307 183 
2901 206 307 324 306 
2902 217 334 316 317 
2903 316 334 217 193 
2904 203 616 27 303 
2905 203 27 616 531 
2906 615 220 2 320 
2907 615 2 220 530 
2908 314 190 84 214 
2909 84 190 314 331 
2910 333 216 215 192 
2911 333 215 216 316 
2912 325 207 308 307 
2913 308 207 325 184 
2914 591 543 239 583 
2915 591 239 543 538 
2916 320 532 196 220 
2917 320 196 532 617 
2918 617 219 320 319 
2919 617 320 219 532 
2920 544 587 227 576 
2921 227 587 544 548 
2922 453 160 434 481 
2923 453 434 160 179 
2924 159 434 160 481 
2925 159 160 434 179 
2926 383 58 385 633 
2927 383 385 58 71 
2928 191 192 85 215 
2929 85 192 191 103 
2930 184 185 78 208 
2931 184 78 185 96 
2932 463 456 143 126 
2933 463 143 456 482 
2934 431 484 408 449 
2935 408 484 431 474 
2936 379 56 628 632 
2937 379 628 56 69 
2938 196 7 89 530 
2939 196 89 7 107 
2940 280 239 260 259 
2941 262 222 241 567 
2942 262 241 222 242 
2943 464 455 481 421 
2944 464 481 455 482 
2945 21 180 74 531 
2946 21 74 180 92 
2947 231 271 272 565 
2948 231 272 271 251 
2949 570 245 226 266 
2950 226 245 570 225 
2951 230 271 270 250 
2952 270 271 230 556 
2953 270 229 269 563 
2954 269 229 270 249 
2955 236 276 277 573 
2956 277 276 236 256 
2957 272 232 273 252 
2958 273 232 272 566 
2959 537 303 525 608 
2960 537 525 303 203 
2961 220 609 538 539 
2962 538 609 220 320 
2963 223 264 263 243 
2964 263 264 223 571 
2965 228 269 268 248 
2966 228 268 269 569 
2967 163 110 519 458 
2968 519 110 163 25 
2969 397 628 384 390 
2970 384 628 397 625 
2971 191 441 103 503 
2972 191 103 441 102 
2973 185 440 96 97 
2974 96 440 185 515 
2975 265 224 264 553 
2976 265 264 224 244 
2977 520 241 568 261 
2978 520 568 241 221 
2979 567 568 241 261 
2980 567 241 568 221 
2981 239 240 280 260 
2982 239 280 240 560 
2983 281 280 240 260 
2984 281 240 280 560 
2985 234 274 275 564 
2986 275 274 234 254 
2987 227 268 267 247 
2988 227 267 268 557 
2989 224 245 553 265 
2990 224 553 245 225 
2991 570 553 245 265 
2992 570 245 553 225 
2993 232 233 273 253 
2994 232 273 233 552 
2995 274 273 233 253 
2996 274 233 273 552 
2997 192 417 104 514 
2998 192 104 417 103 
2999 485 174 423 155 
3000 423 174 485 424 
3001 628 379 405 390 
3002 405 379 628 632 
3003 262 222 263 242 
3004 262 263 222 555 
3005 223 263 222 242 
3006 223 222 263 555 
3007 238 239 279 259 
3008 238 279 239 572 
3009 280 279 239 259 
3010 280 239 279 572 
3011 275 235 276 255 
3012 275 276 235 554 
3013 267 226 266 559 
3014 266 226 267 246 
3015 96 516 515 184 
3016 96 515 516 418 
3017 428 167 149 168 
3018 638 407 398 338 
3019 638 398 407 377 
3020 238 279 278 258 
3021 278 279 238 558 
3022 278 257 238 258 
3023 148 428 149 488 
3024 148 149 428 167 
3025 191 190 84 102 
3026 191 84 190 214 
3027 185 186 79 209 
3028 79 186 185 97 
3029 424 156 174 485 
3030 424 174 156 175 
3031 278 237 277 562 
3032 278 277 237 257 
3033 236 277 237 562 
3034 236 237 277 257 
3035 186 187 80 210 
3036 80 187 186 98 
3037 189 188 82 100 
3038 189 82 188 212 
3039 189 190 83 213 
3040 83 190 189 101 
3041 188 187 81 99 
3042 81 187 188 211 
3043 498 163 480 420 
3044 498 480 163 144 
3045 145 480 163 420 
3046 145 163 480 144 
3047 343 623 79 80 
3048 343 79 623 327 
3049 186 79 623 80 
3050 186 623 79 327 
3051 278 237 238 257 
3052 278 238 237 558 
$EndElements
